"FSC-A","FSC-H","SSC-A","SSC-H","530_30-Blue-A","582_15-Yellow-A","Time"
236,261,257,285,585,669,0
135,118,33,51,561,618,0
259,172,598,301,647,750,0
25,51,101,140,547,625,0
29,46,169,159,571,639,0
275,231,209,171,573,654,0
404,267,177,189,593,690,1
217,191,308,161,609,691,1
0,25,76,67,533,554,1
71,105,39,141,512,543,1
40,56,82,133,550,615,1
268,159,184,164,603,678,1
31,31,56,67,539,563,1
33,46,22,43,541,589,1
15,49,52,123,498,540,1
638,261,700,281,651,740,2
103,125,209,202,554,616,2
73,89,239,132,574,649,2
28,57,16,96,537,595,2
102,140,118,178,544,584,2
241,192,146,99,589,643,2
209,153,373,161,616,704,2
63,67,233,227,590,679,2
140,186,71,122,551,613,2
143,120,94,126,589,654,2
10,49,41,51,527,556,2
142,149,81,134,554,623,3
193,179,279,232,588,672,3
402,328,420,288,625,711,3
632,455,657,449,666,766,3
0,30,35,93,496,509,3
38,50,113,126,544,583,3
116,142,34,88,548,571,3
159,134,331,238,596,672,3
184,93,416,132,617,717,3
694,302,751,300,667,784,3
856,561,735,468,681,789,3
414,369,339,195,611,692,3
10,33,158,113,558,638,4
6,36,77,101,519,535,4
31,42,102,67,548,604,4
497,163,571,227,654,737,4
156,202,28,128,510,531,4
71,99,47,93,540,578,4
0,23,33,98,506,576,4
39,58,59,97,541,603,4
37,72,103,186,533,581,5
606,417,551,349,646,731,5
36,62,30,89,538,601,5
428,390,379,274,615,693,5
50,60,49,63,554,625,5
69,87,72,96,551,607,5
320,288,373,335,603,673,5
28,65,82,166,518,524,5
173,159,251,259,599,691,6
50,75,95,165,548,596,6
181,154,139,186,580,642,6
116,136,86,167,556,625,6
464,420,292,294,609,699,6
338,348,156,219,576,640,6
10,47,46,106,514,595,6
109,98,204,159,573,654,6
285,193,317,189,610,697,6
139,156,165,178,628,696,6
98,135,132,159,559,619,6
122,145,143,149,577,641,6
282,313,247,310,556,629,6
32,74,13,84,524,560,7
49,86,60,143,530,590,7
119,131,61,119,544,587,7
41,79,43,138,517,515,7
12,48,26,111,520,526,7
683,516,295,176,625,714,7
5,28,40,54,521,602,7
18,49,82,127,524,559,7
104,139,72,130,559,630,7
663,525,486,265,642,738,7
0,24,21,72,517,551,7
12,32,42,116,498,560,7
29,57,105,100,538,573,7
56,67,162,118,559,629,8
232,235,339,392,580,664,8
0,23,78,111,530,578,8
35,57,142,153,546,610,8
141,155,219,162,574,653,8
108,143,75,141,539,582,8
84,124,21,107,543,593,8
212,236,138,212,588,670,8
0,32,67,123,506,518,8
537,524,265,326,608,697,8
57,57,83,78,549,618,8
168,195,207,248,569,651,8
646,337,798,275,691,786,8
71,109,53,121,536,568,8
50,62,158,119,552,628,8
41,71,145,192,556,602,8
65,78,176,97,570,655,8
152,120,235,129,565,625,8
7,35,74,60,540,599,8
48,83,88,108,548,618,8
84,112,90,125,539,602,9
112,142,206,266,566,652,9
16,55,43,123,509,592,9
137,116,404,205,610,692,9
257,214,204,177,569,651,9
320,353,416,384,599,681,9
0,23,42,90,489,584,9
59,48,254,145,595,690,9
127,141,218,203,550,605,9
19,57,72,123,529,627,9
325,298,259,317,584,672,9
114,154,16,108,509,487,10
273,255,356,373,630,738,10
33,67,100,175,540,639,10
306,303,234,277,578,667,10
177,163,53,85,500,521,10
107,108,65,125,511,528,10
87,129,174,213,563,665,10
68,94,208,248,546,640,10
235,178,354,232,574,638,10
1,37,49,52,505,567,10
176,103,127,116,574,651,10
176,222,85,185,531,580,10
44,83,79,126,538,632,10
8,36,66,101,492,550,10
87,132,143,176,543,603,10
370,302,642,553,656,767,10
75,110,107,117,554,634,10
45,91,19,101,494,516,10
31,59,29,115,485,540,10
281,283,214,250,568,631,10
188,93,246,241,603,677,10
14,46,18,98,491,515,10
13,42,111,168,513,592,10
55,91,75,122,499,552,10
46,84,64,111,497,534,10
12,26,46,67,513,570,10
18,53,104,135,501,517,11
29,65,95,180,483,492,11
382,373,195,222,591,678,11
80,112,56,138,534,586,11
151,185,340,361,576,656,11
54,63,50,57,506,591,11
232,286,57,124,516,519,11
10,43,124,130,546,627,11
74,92,195,223,547,623,11
100,99,177,172,554,630,11
203,227,112,202,547,638,11
0,34,30,115,505,548,11
632,651,267,359,584,676,11
5,45,23,103,459,378,11
422,268,393,271,614,707,11
191,241,134,251,519,580,11
21,52,87,140,496,544,11
31,67,51,127,505,525,11
515,518,507,532,623,729,11
204,212,140,154,572,645,11
7,42,116,113,532,586,11
0,28,52,68,477,464,11
14,47,15,46,504,581,11
128,170,56,121,532,585,11
82,93,92,137,533,577,11
57,104,27,130,501,487,11
44,85,144,213,514,533,11
235,263,274,319,563,624,11
271,176,294,136,600,685,11
193,169,125,164,566,635,11
449,437,278,273,591,685,11
661,676,365,398,600,684,11
182,221,152,161,554,635,11
9,44,104,166,512,527,11
61,103,53,91,499,372,11
0,21,45,114,475,511,11
308,317,269,294,571,657,11
7,27,47,71,495,526,11
263,216,178,168,577,644,12
188,194,268,311,570,667,12
0,31,13,49,496,547,12
220,213,29,109,565,630,12
140,193,76,143,523,585,12
381,383,239,250,581,669,12
110,126,178,150,560,620,12
5,43,69,120,490,530,12
506,318,755,398,678,792,12
19,30,139,116,549,627,12
477,261,545,354,646,743,12
78,85,412,391,587,687,12
4,30,75,115,528,587,12
85,118,157,215,549,610,12
127,170,123,199,535,589,12
290,233,199,212,587,677,12
154,136,181,182,576,658,12
0,20,40,97,491,512,12
44,58,42,68,528,605,12
20,53,36,78,516,544,12
32,70,77,154,519,552,12
147,183,198,279,530,601,12
274,229,577,467,617,722,12
129,183,38,93,531,587,12
287,185,213,213,582,666,12
29,68,27,107,490,493,12
185,138,309,190,587,671,12
91,98,73,82,529,589,13
943,749,573,399,668,781,13
0,30,17,75,502,528,13
138,159,128,196,541,602,13
391,372,548,493,628,739,13
381,306,165,259,586,659,13
4,37,21,48,504,506,13
34,65,110,153,515,520,13
288,162,367,195,605,684,13
109,138,160,186,547,640,13
166,182,87,170,562,631,13
4,21,106,81,536,602,13
219,264,164,179,600,667,13
44,75,20,97,509,550,13
14,48,34,89,513,559,13
99,105,76,78,544,612,13
104,143,166,224,544,633,13
41,85,15,111,509,567,13
170,209,71,155,533,579,13
151,107,226,157,582,673,13
213,117,205,120,583,669,13
172,125,192,96,580,660,13
158,89,309,176,593,669,13
269,158,185,182,592,664,13
116,143,119,175,543,619,13
15,39,44,97,518,585,13
125,157,75,159,539,598,13
5,39,21,64,500,527,13
12,44,19,81,505,555,13
0,38,13,101,464,478,13
25,46,193,199,534,600,13
239,272,110,207,562,643,13
750,593,577,534,660,773,13
58,98,109,195,539,582,13
160,96,140,121,553,624,13
403,306,365,241,604,697,13
94,138,94,163,539,627,13
158,119,135,181,583,661,13
55,80,172,172,542,635,13
476,401,330,311,634,724,13
254,139,369,195,604,690,13
240,82,767,281,648,753,14
665,373,659,402,657,763,14
5,36,73,116,511,537,14
25,47,97,95,522,559,14
65,100,94,145,535,594,14
35,71,42,122,521,555,14
343,307,250,230,582,667,14
6,33,57,91,508,530,14
393,357,563,526,619,724,14
441,268,346,289,598,687,14
382,357,353,353,614,712,14
74,65,75,119,550,614,14
131,124,194,88,570,620,14
132,107,147,107,581,647,14
10,45,16,55,518,585,14
923,721,724,627,685,805,14
266,281,139,174,562,630,15
105,92,116,78,550,585,15
53,87,161,164,530,578,15
136,87,126,110,590,691,15
139,137,255,240,567,645,15
275,156,453,236,616,705,15
0,26,47,88,507,589,15
0,29,45,106,493,546,15
28,59,57,75,523,570,15
29,35,39,78,536,597,15
4,37,51,66,557,658,15
18,45,17,59,510,521,15
161,77,267,169,599,672,15
293,168,300,144,612,682,15
16,31,205,118,550,622,15
2,24,73,54,521,592,15
603,486,528,375,638,737,15
65,85,141,126,557,644,15
122,167,35,120,532,563,15
87,86,47,102,561,643,15
521,450,582,435,640,745,15
10,40,41,62,542,604,15
0,30,22,99,509,536,15
207,194,258,204,596,691,15
545,464,299,264,605,694,15
0,35,43,89,509,574,15
492,271,486,293,662,766,15
15,42,124,93,535,597,15
61,71,120,158,584,679,15
23,41,92,74,534,584,15
177,147,262,188,584,669,16
545,214,761,212,677,784,16
234,223,312,281,583,683,16
500,448,395,386,633,735,16
27,51,74,93,530,618,16
263,249,287,263,594,678,16
16,35,56,111,527,573,16
352,163,721,254,651,750,16
74,80,132,112,563,636,16
0,20,48,100,506,584,16
737,192,918,260,680,784,16
162,82,203,189,603,693,16
385,257,382,242,612,708,16
70,111,47,81,542,600,16
268,170,345,170,603,695,16
285,184,201,110,594,667,16
32,59,133,184,546,596,16
613,374,606,322,656,758,16
47,74,140,163,567,654,16
648,522,519,272,624,721,16
103,94,181,130,579,666,17
98,87,106,99,575,650,17
165,199,129,94,566,660,17
29,55,135,113,546,612,17
504,512,327,367,615,706,17
79,104,58,111,556,642,17
394,313,432,411,620,720,17
322,297,450,443,625,727,17
184,184,124,199,581,667,17
161,180,186,182,545,600,17
31,61,64,101,536,595,17
282,195,527,187,634,730,17
345,183,591,186,639,729,17
217,138,420,230,612,698,17
542,233,639,242,656,751,17
241,218,315,218,607,699,17
7,27,134,82,530,590,17
0,24,46,99,501,539,17
79,85,94,109,552,597,17
114,78,147,93,567,627,17
334,235,298,230,615,707,17
37,69,139,164,541,632,18
26,66,82,131,525,588,18
221,256,200,228,589,678,18
85,90,200,219,581,661,18
707,402,915,522,667,775,18
203,212,518,332,596,696,18
164,165,373,256,594,674,18
379,327,418,334,627,725,18
74,84,197,189,570,652,18
8,28,142,106,550,631,18
25,62,28,108,505,567,18
225,241,179,149,565,648,18
447,226,627,394,656,761,18
167,159,259,241,569,670,18
130,138,217,210,594,679,18
130,97,394,208,610,712,18
55,89,102,157,529,603,18
346,200,269,135,598,684,18
431,209,326,189,616,700,18
236,269,109,208,567,637,18
672,628,523,425,630,737,18
608,346,477,252,629,717,18
49,84,128,157,512,561,18
350,218,350,227,613,700,18
100,138,199,198,554,629,18
154,118,238,121,581,668,18
359,329,361,286,614,709,18
23,52,199,136,544,627,18
0,26,61,151,486,539,18
157,139,144,158,562,651,19
319,196,337,274,584,671,19
21,52,193,100,543,615,19
210,187,383,260,604,715,19
34,74,200,114,550,627,19
489,279,319,228,596,678,19
57,67,105,100,521,568,19
292,120,576,224,638,742,19
499,307,607,250,646,753,19
76,114,169,214,567,640,19
225,197,308,207,594,682,19
157,177,108,129,576,652,19
48,54,334,148,579,666,19
44,73,44,93,536,585,19
299,276,313,275,600,702,19
6,35,38,74,521,593,19
3,36,30,96,535,587,19
25,62,63,123,515,567,19
436,297,485,348,625,717,19
224,204,556,421,618,717,19
0,31,53,93,508,556,19
154,121,242,109,604,688,19
396,219,752,302,636,746,19
345,235,287,219,581,658,19
208,223,234,220,577,672,19
240,206,159,160,578,653,19
64,61,149,116,552,615,19
95,122,63,85,558,626,19
21,54,72,135,523,568,19
89,85,159,182,562,639,19
281,211,465,223,636,739,19
483,320,669,425,647,744,20
72,97,63,127,508,550,20
246,240,532,375,639,751,20
13,50,22,110,496,482,20
9,35,40,63,506,556,20
235,216,261,209,588,672,20
290,288,240,225,579,674,20
39,58,183,145,549,637,20
55,82,21,69,508,559,20
113,78,125,125,559,607,20
130,155,192,188,573,641,20
36,71,99,152,537,621,20
217,242,263,255,582,667,20
11,30,213,127,538,615,21
73,91,101,99,561,646,21
145,197,99,169,538,636,21
108,126,200,159,568,658,21
151,170,311,312,564,655,21
334,272,526,358,632,733,21
13,50,57,120,531,620,21
341,172,579,188,674,762,21
484,269,307,217,623,706,21
476,282,512,243,610,711,21
0,20,26,82,484,542,21
28,65,34,100,536,592,21
467,413,628,544,639,740,21
44,73,61,76,542,609,21
56,97,83,133,536,610,21
225,223,285,247,595,688,21
227,212,247,175,594,683,21
90,126,106,136,559,658,21
156,131,304,210,597,694,21
22,63,106,124,518,546,21
39,72,171,233,539,592,22
75,113,235,242,566,639,22
270,278,101,151,576,654,22
0,30,96,170,508,562,22
183,216,73,139,563,643,22
49,75,94,130,541,622,22
311,334,195,243,559,626,22
35,72,117,167,532,588,22
525,494,518,530,610,717,22
51,58,140,99,565,661,22
87,118,56,112,546,612,22
23,56,106,117,533,593,22
144,183,84,157,517,555,22
37,54,152,132,563,628,22
604,497,531,367,633,737,22
22,63,61,130,506,557,22
63,77,41,57,545,605,23
27,54,86,76,549,605,23
53,59,66,96,540,601,23
338,290,392,250,592,681,23
76,98,155,154,559,628,23
12,34,187,139,539,629,23
86,115,108,178,534,598,23
123,149,178,209,551,631,23
207,197,196,210,566,654,23
5,31,70,126,496,595,23
14,48,28,91,487,537,23
103,84,75,85,572,634,23
143,123,331,352,599,692,23
49,67,113,97,550,625,23
0,33,23,94,515,540,23
74,118,26,123,514,563,23
0,29,66,60,525,598,23
841,701,662,612,669,786,23
662,544,458,373,645,750,23
0,25,74,132,507,535,23
33,61,16,72,525,585,24
38,81,22,102,504,535,24
219,219,347,331,593,698,24
75,99,156,191,558,638,24
447,358,470,327,614,719,24
10,36,120,163,532,590,24
510,445,444,381,618,716,24
548,423,648,517,652,760,24
99,76,213,118,581,664,24
43,41,58,41,563,631,24
36,74,78,138,533,600,24
22,59,23,87,512,529,24
639,458,516,342,646,747,24
3,20,97,86,528,603,24
557,371,687,479,661,769,24
95,112,56,135,558,631,24
643,517,779,569,675,782,24
162,113,257,164,586,665,24
195,227,122,116,561,618,24
121,120,255,253,574,646,24
110,134,87,142,533,595,24
57,56,74,87,539,586,24
107,112,149,168,561,635,24
31,55,87,52,523,573,24
242,144,407,179,619,710,24
195,86,135,131,578,661,24
124,165,39,140,526,571,24
0,22,66,139,497,556,24
46,78,110,99,541,651,24
308,274,370,293,613,710,24
23,45,151,105,553,618,25
46,53,62,67,543,608,25
122,171,94,158,555,615,25
0,29,89,142,503,545,25
614,459,652,409,657,763,25
21,35,89,82,530,599,25
269,294,231,274,574,670,25
5,44,64,149,484,497,25
100,148,164,178,532,582,25
282,271,263,208,586,679,25
24,59,155,174,558,613,25
0,29,19,48,519,595,25
58,88,201,217,570,654,25
318,347,361,326,603,697,25
21,60,117,193,511,564,25
86,131,135,180,556,639,25
49,90,189,173,550,607,25
58,94,140,164,549,626,25
123,90,120,70,592,678,25
164,155,307,246,575,664,25
95,67,269,129,602,684,25
192,221,110,174,572,644,25
159,190,80,130,564,633,25
491,408,475,438,646,751,25
92,78,305,219,570,663,26
54,82,133,153,533,571,26
278,196,497,221,632,734,26
155,201,195,241,552,614,26
198,145,279,115,597,670,26
561,462,591,478,644,757,26
13,46,38,97,527,585,26
15,46,34,71,507,563,26
93,114,82,126,537,574,26
299,193,338,205,609,696,26
221,251,306,250,569,650,26
11,52,17,97,499,534,26
17,38,17,32,543,606,26
31,32,213,137,561,647,26
20,27,107,105,530,591,26
46,68,124,91,531,625,26
85,121,190,221,537,597,26
34,67,94,127,534,609,26
271,241,546,464,632,746,26
461,415,239,243,608,700,26
7,42,43,104,523,569,27
44,57,179,148,553,627,27
115,115,106,162,604,672,27
0,21,55,73,519,591,27
139,87,243,131,581,661,27
10,38,43,74,527,605,27
64,47,182,123,572,644,27
672,488,696,492,664,762,27
226,225,393,226,623,738,27
15,27,128,103,536,569,27
15,54,98,148,537,633,27
44,78,97,103,535,609,27
133,154,243,202,571,674,27
0,22,126,84,537,604,27
6,20,39,56,505,577,27
14,28,41,79,536,633,27
7,34,137,83,557,631,27
256,183,202,152,616,701,27
114,107,55,74,559,630,27
184,208,193,213,585,690,27
59,77,131,147,549,639,27
104,147,105,169,566,648,27
7,34,34,59,520,551,27
156,97,220,138,588,658,27
47,88,43,129,533,602,27
2,26,86,150,528,619,27
269,150,556,179,633,731,28
24,67,34,116,504,553,28
164,176,141,192,550,625,28
89,115,123,200,537,599,28
59,65,145,94,560,622,28
69,68,67,79,550,596,28
63,88,98,109,538,564,28
869,663,734,516,657,764,28
174,157,143,154,570,642,28
51,49,79,58,536,590,28
37,73,66,166,500,558,28
41,47,95,112,535,596,28
39,49,39,74,534,584,28
166,174,154,153,581,648,28
4,24,78,96,523,560,28
57,92,25,107,532,591,29
302,233,180,216,600,683,29
47,49,129,73,545,635,29
190,125,95,88,575,651,29
162,95,162,103,571,647,29
313,185,95,66,612,682,29
159,102,336,214,577,655,29
81,106,202,203,583,678,29
80,63,57,80,571,650,29
264,269,410,391,601,690,29
27,59,44,106,522,544,29
5,41,75,95,525,590,29
375,189,430,225,634,723,29
695,280,591,168,683,792,29
184,162,256,211,601,690,29
27,51,129,118,538,622,29
58,92,299,265,579,672,29
57,83,105,125,554,615,29
31,67,70,124,526,583,29
162,201,63,135,540,598,29
240,163,356,232,613,702,29
110,156,29,124,534,603,29
259,182,220,188,593,664,29
30,56,172,119,556,628,29
205,238,81,172,564,637,29
53,94,58,133,516,570,29
15,30,78,119,550,631,29
19,53,70,126,523,594,29
156,96,139,100,581,652,29
154,120,290,176,591,659,29
169,138,91,74,586,638,29
0,25,79,144,520,607,29
470,194,512,230,635,724,29
494,288,368,287,641,740,29
103,51,346,184,606,689,30
46,65,69,109,547,621,30
387,101,534,148,647,733,30
6,37,16,87,528,579,30
333,213,589,236,640,744,30
138,129,107,131,572,638,30
76,103,16,100,533,567,30
219,169,257,190,589,670,30
104,117,87,132,554,632,30
10,35,52,76,532,598,30
106,102,248,290,568,646,30
87,68,115,128,542,594,30
69,87,80,69,558,628,30
213,186,250,174,609,693,30
318,304,309,301,626,728,31
6,44,14,82,513,518,31
67,102,114,128,544,611,31
5,25,138,106,532,604,31
475,395,539,394,638,734,31
157,199,42,97,531,598,31
9,34,135,156,543,618,31
13,33,58,52,529,589,31
144,163,248,212,587,679,31
20,28,19,46,527,575,31
144,153,187,223,580,652,31
39,52,30,78,510,543,31
19,50,93,154,514,551,31
791,593,832,418,670,785,31
155,167,183,237,583,658,31
207,213,280,229,581,665,31
40,54,138,103,546,600,31
6,32,14,83,507,560,31
9,42,31,68,521,540,31
38,43,175,109,570,652,31
70,86,150,116,559,618,32
13,34,104,108,518,565,32
33,73,20,46,499,546,32
105,109,119,65,578,656,32
9,37,75,98,520,604,32
29,56,137,169,564,651,32
401,355,431,267,601,698,32
389,265,116,188,605,681,32
283,229,186,186,598,667,32
9,34,52,104,524,585,32
313,267,394,278,614,708,32
171,98,322,259,610,697,32
2,24,16,41,512,531,33
101,105,134,141,556,624,33
232,181,128,181,580,644,33
1,23,32,81,507,551,33
2,37,54,123,516,550,33
87,68,259,202,585,673,33
37,68,54,95,539,599,33
161,187,105,157,564,644,33
26,29,209,115,568,633,33
408,273,425,230,613,700,33
205,142,489,180,617,713,33
147,151,195,181,564,651,33
260,137,578,213,621,711,33
249,123,487,155,635,726,33
122,119,120,160,570,644,33
65,81,52,61,546,583,33
20,46,85,78,547,642,33
189,225,148,217,576,653,33
293,257,290,259,600,699,33
611,580,407,396,618,722,33
193,221,147,185,568,645,33
13,51,73,76,521,587,34
36,59,54,103,545,638,34
42,59,40,71,535,598,34
30,57,82,106,526,562,34
144,187,31,136,528,574,34
183,205,199,279,566,637,34
14,39,88,148,545,608,34
325,120,274,113,619,698,34
178,172,407,297,588,671,34
769,699,427,425,635,742,34
45,81,33,121,525,577,34
67,64,193,149,569,632,34
89,115,86,146,546,606,34
365,287,310,244,618,699,34
50,44,220,129,567,635,34
495,454,446,444,630,735,35
89,117,78,153,536,606,35
531,219,615,237,666,768,35
204,183,118,125,569,635,35
40,68,53,59,549,602,35
98,92,178,164,572,640,35
104,121,109,137,554,603,35
258,239,267,243,588,671,35
537,394,493,224,647,753,35
44,64,279,239,582,674,35
605,217,838,316,674,781,35
128,138,21,58,567,616,35
269,291,264,322,576,653,35
0,20,110,103,524,594,35
660,324,639,345,662,766,35
283,181,437,169,615,704,36
69,68,74,84,566,626,36
588,339,452,220,638,718,36
550,332,649,401,667,775,36
877,322,897,323,681,784,36
27,58,81,155,549,617,36
548,461,492,494,643,747,36
117,115,44,54,552,610,36
521,431,314,284,608,699,36
49,64,80,86,553,629,36
16,50,40,59,544,604,36
131,160,140,192,558,632,36
319,175,491,204,640,730,36
127,134,148,171,561,622,36
206,170,148,152,578,648,37
146,172,177,217,564,645,37
202,218,346,349,584,674,37
0,26,46,75,525,609,37
7,44,26,82,510,530,37
116,105,89,68,582,660,37
111,135,185,236,558,643,37
4,25,138,128,547,639,37
23,49,154,168,547,616,37
185,194,187,219,567,630,37
552,311,706,428,676,784,37
632,570,495,473,636,736,37
515,514,287,337,598,690,37
140,107,229,142,586,649,38
94,136,14,112,523,565,38
75,108,34,105,531,568,38
552,290,681,301,655,753,38
144,137,147,150,562,625,38
7,30,67,91,539,559,38
72,83,89,79,545,603,38
51,77,117,169,551,600,38
326,229,425,256,620,712,38
112,92,241,169,582,670,38
155,86,298,163,609,692,38
0,32,88,75,518,542,38
60,91,159,212,538,596,39
157,145,185,162,578,651,39
77,94,55,93,544,613,39
26,31,47,88,546,613,39
430,313,376,260,633,730,39
194,142,282,157,602,689,39
388,212,343,199,632,719,39
57,77,175,151,565,640,39
120,142,17,72,553,619,39
804,598,635,471,648,743,39
93,116,84,162,552,638,39
494,201,603,250,650,751,39
58,84,28,79,545,608,39
321,238,536,410,643,750,39
97,109,130,176,572,664,39
359,279,405,266,628,723,40
3,32,42,91,513,526,40
314,263,332,238,604,670,40
18,40,126,151,534,568,40
148,129,85,74,587,653,40
50,55,143,80,562,632,40
59,81,102,159,558,620,40
266,237,256,271,589,670,40
347,177,389,279,630,710,40
54,55,93,143,541,598,41
62,81,81,117,526,536,41
36,45,56,97,522,554,41
225,199,247,299,597,680,41
168,73,275,140,606,682,41
176,143,125,122,562,608,41
17,41,68,93,534,595,41
334,225,530,379,626,705,41
318,341,180,242,587,658,41
243,186,260,182,589,664,41
47,60,89,113,551,624,41
43,72,61,97,516,518,41
99,101,175,111,572,640,41
12,20,19,40,512,578,41
413,274,338,207,626,714,41
9,24,37,114,514,564,41
0,29,14,55,515,526,42
104,101,136,146,575,640,42
10,42,39,115,519,577,42
97,108,135,195,561,620,42
843,325,867,332,677,781,42
81,109,23,91,534,577,42
31,50,35,71,538,581,42
17,27,92,98,559,627,42
43,63,62,107,535,596,42
30,31,131,120,562,593,42
758,592,712,567,689,806,43
309,168,555,237,650,741,43
732,394,745,394,663,764,43
103,121,98,167,552,611,43
91,97,145,116,563,628,43
115,107,251,130,575,647,43
74,89,100,142,570,646,43
55,53,107,99,553,612,43
70,67,89,85,556,585,43
67,98,139,192,548,633,43
237,233,241,261,598,676,44
127,143,117,170,561,608,44
223,124,164,169,587,657,44
391,183,225,129,624,708,44
165,191,97,169,562,632,44
29,33,81,87,562,627,44
100,130,113,139,535,598,44
72,81,200,174,562,623,45
552,266,697,321,667,768,45
150,79,112,85,575,616,45
104,119,176,180,556,622,45
357,261,368,221,602,695,45
699,470,688,494,662,770,45
115,88,147,146,567,636,45
15,20,141,100,559,630,45
18,37,61,107,522,575,46
131,118,189,157,583,649,46
386,277,519,354,635,725,46
56,51,129,86,571,645,46
165,186,120,213,538,571,46
80,62,244,94,583,642,46
89,161,127,352,531,671,46
150,106,127,131,556,608,46
41,72,64,138,532,587,47
164,132,167,135,583,646,47
419,340,437,404,639,725,47
172,157,55,110,563,613,47
279,265,327,293,603,682,47
656,221,623,196,678,777,47
27,42,62,94,540,583,47
311,201,406,230,630,731,47
561,468,511,489,642,743,47
8,24,22,49,525,540,48
105,129,148,224,544,592,48
77,70,256,132,582,658,48
21,38,30,65,533,577,48
430,218,640,350,659,759,48
110,101,266,200,587,663,48
275,203,253,204,584,643,48
440,396,326,307,635,730,48
39,50,83,102,545,607,48
93,96,90,137,544,589,48
32,53,98,143,531,560,48
25,46,83,123,533,583,48
104,99,51,88,561,621,48
786,184,825,286,700,791,49
270,154,255,124,605,676,49
143,155,88,148,563,637,49
38,46,65,44,553,626,49
56,79,183,139,551,632,49
22,38,22,47,514,561,49
373,315,310,265,617,691,49
141,143,187,222,567,647,49
503,333,762,557,664,769,49
116,131,91,119,563,636,49
320,177,362,195,607,685,49
115,105,168,209,587,672,49
247,140,260,145,602,682,49
899,385,611,317,655,757,49
100,76,307,139,603,681,49
111,57,214,166,603,684,49
132,141,223,220,570,638,50
387,236,630,274,642,742,50
71,68,127,108,564,637,50
459,377,335,247,605,693,50
185,145,105,129,564,631,50
283,137,379,194,634,716,50
127,73,305,204,593,660,50
51,41,35,63,553,619,50
37,53,33,81,513,531,50
582,527,559,530,643,745,50
859,617,816,547,681,789,50
211,151,362,252,616,710,50
134,123,215,219,605,678,50
230,253,130,227,571,642,51
785,370,525,309,660,764,51
170,115,207,157,569,642,51
214,190,122,177,591,673,51
62,99,46,148,516,512,51
1,29,36,109,529,579,51
444,258,637,269,641,737,51
39,74,63,136,529,572,51
646,506,721,519,680,788,51
21,30,51,63,533,598,51
32,25,61,47,555,622,51
305,256,264,284,587,655,51
313,259,508,406,628,727,51
158,154,395,262,611,719,51
378,234,299,185,612,692,51
162,137,178,148,586,654,52
476,313,631,386,650,748,52
334,237,316,169,629,716,52
169,190,18,102,544,599,52
53,80,50,93,544,620,52
528,433,458,410,635,733,52
35,53,19,59,521,535,52
34,56,159,172,562,643,52
86,111,54,113,564,621,52
128,96,152,120,584,652,52
83,63,322,182,589,672,52
85,99,118,144,548,598,52
15,24,164,66,547,624,52
63,79,99,132,551,612,52
141,169,15,122,545,590,52
738,354,818,406,681,792,52
107,98,175,152,570,638,53
52,64,21,106,547,612,53
51,62,66,121,538,597,53
72,75,59,52,566,638,53
79,75,168,116,600,693,53
720,674,559,540,663,775,53
497,253,802,441,684,792,53
249,271,154,238,563,656,53
0,22,65,100,510,581,53
16,42,193,111,566,628,53
56,57,34,70,558,603,54
4,35,36,111,515,574,54
41,79,12,77,524,565,54
313,175,656,227,640,731,54
178,204,192,224,576,643,54
37,68,69,116,550,603,54
159,109,221,126,590,662,54
67,68,192,91,578,644,54
70,83,135,168,556,639,54
36,43,119,96,558,637,54
157,144,275,218,584,661,54
561,269,517,247,635,729,54
23,40,116,95,553,632,54
860,483,751,391,669,767,54
14,37,32,100,523,571,54
613,251,622,284,671,765,54
20,40,47,113,540,581,54
624,349,676,356,648,753,54
296,147,271,170,626,705,54
701,427,785,289,683,784,55
286,204,185,180,620,706,55
722,524,459,422,659,762,55
464,264,418,245,638,734,55
58,49,61,71,566,618,55
165,159,225,212,584,662,55
284,110,483,237,649,743,55
65,91,95,128,551,606,55
601,243,593,258,649,760,55
222,161,319,135,634,725,55
109,124,137,214,573,649,55
49,45,184,127,573,633,55
80,103,40,96,544,601,55
163,201,97,196,537,595,55
62,59,63,140,532,576,55
196,220,202,226,585,661,55
84,127,23,102,526,564,55
294,259,437,247,619,703,55
61,85,162,153,552,605,56
305,230,465,348,615,709,56
269,206,343,277,607,687,56
43,66,61,95,525,561,56
139,161,19,71,547,596,56
3,36,57,109,523,570,56
98,113,94,145,558,628,56
338,310,276,185,587,666,56
17,39,27,52,540,591,56
24,38,184,96,567,646,56
71,94,310,240,583,665,56
409,288,355,224,627,710,56
14,31,15,54,519,571,56
683,409,356,277,632,723,56
468,319,453,397,608,704,56
27,35,82,87,559,650,56
115,128,191,209,580,659,56
334,221,304,212,622,697,56
5,31,48,118,512,531,57
60,80,127,190,555,630,57
305,296,138,152,598,685,57
363,294,294,264,616,714,57
92,104,141,194,543,597,57
101,103,229,162,569,651,58
255,225,274,264,593,673,58
305,243,445,234,611,702,58
23,53,17,67,531,576,58
85,93,197,154,575,662,58
0,31,32,51,515,544,58
16,21,61,57,543,613,58
95,96,186,192,564,625,58
24,37,41,60,543,630,58
154,128,68,111,572,635,58
62,50,63,81,551,609,58
50,73,47,96,527,581,58
14,36,24,75,519,568,59
168,184,200,199,564,620,59
249,206,214,191,600,670,59
610,513,528,475,649,757,59
410,319,543,509,641,746,59
145,94,138,100,572,630,59
284,235,188,169,600,690,59
17,52,15,71,523,547,59
148,152,181,181,575,654,59
71,93,49,111,532,566,60
246,147,149,129,607,681,60
12,23,35,63,551,597,60
340,187,487,296,637,730,60
581,315,623,304,635,736,60
83,114,91,137,556,628,60
5,22,106,72,536,591,60
45,75,81,127,548,580,60
45,63,56,130,543,591,60
22,34,21,42,556,609,60
0,29,89,132,543,588,60
39,47,30,70,548,605,60
445,158,507,177,646,737,60
572,402,781,515,678,780,60
0,23,17,95,468,480,60
16,35,99,108,551,610,60
6,29,42,76,526,572,60
234,121,369,150,626,703,60
234,101,396,128,641,730,60
63,87,155,232,549,614,61
54,57,236,179,570,621,61
42,53,165,150,554,630,61
110,133,235,243,577,657,61
48,49,176,152,562,647,61
50,49,158,92,550,623,61
531,190,529,245,657,747,61
77,112,107,195,547,596,61
168,155,32,70,552,616,61
52,85,21,44,545,595,62
718,431,900,421,691,798,62
624,261,636,281,667,763,62
71,78,121,118,548,600,62
34,44,225,161,566,645,62
125,117,228,166,569,647,63
26,30,42,82,552,611,63
1,31,98,141,531,597,63
75,62,142,65,570,651,63
104,104,197,154,562,628,63
827,377,838,351,684,787,63
240,130,242,126,588,656,63
461,277,720,408,652,746,63
0,26,13,75,505,545,63
165,194,30,101,551,602,64
73,67,117,97,567,642,64
7,21,89,103,536,613,64
215,233,241,262,579,655,64
131,136,67,107,547,596,64
236,178,113,135,585,664,64
64,77,101,92,555,622,64
213,184,147,143,568,628,64
452,313,492,218,643,733,64
625,433,766,548,667,776,64
233,190,457,343,611,704,64
79,73,167,110,579,667,64
162,144,133,221,576,641,65
10,30,21,62,539,589,65
18,24,59,86,527,574,65
62,44,65,66,553,617,65
2,26,129,93,540,588,65
103,95,50,62,558,602,65
105,72,135,92,576,633,65
24,37,65,111,522,596,65
204,101,379,237,602,693,65
607,468,656,501,674,783,65
7,28,38,103,530,595,66
250,197,351,204,605,693,66
73,52,69,102,560,607,66
13,31,42,85,519,551,66
129,137,169,232,557,612,66
319,178,248,145,615,687,66
61,63,15,74,553,607,66
109,135,27,71,538,580,66
646,442,759,430,656,765,66
428,281,370,270,627,712,66
209,164,199,145,573,638,66
281,280,229,294,597,678,67
93,91,135,99,585,667,67
67,57,211,150,575,654,67
18,34,14,66,514,523,67
77,97,25,82,538,596,67
605,383,594,327,645,731,67
50,58,26,93,535,551,67
77,74,148,134,544,572,67
3,26,21,75,541,609,67
64,95,34,96,527,574,67
49,57,167,124,555,636,68
715,307,687,392,679,773,68
169,150,176,229,567,618,68
0,27,74,110,515,572,68
94,81,97,150,552,586,68
65,77,58,87,553,596,68
697,361,812,414,670,777,68
527,341,448,364,636,716,68
29,26,17,50,519,532,68
246,249,286,232,594,685,68
125,71,247,132,588,663,68
306,263,229,283,585,656,68
180,182,302,270,595,678,68
306,310,126,193,577,644,69
244,225,111,194,583,651,69
306,302,146,188,566,624,69
128,148,116,187,544,576,69
53,65,89,80,542,613,69
48,81,116,198,535,579,69
47,66,61,83,535,564,69
17,31,61,99,532,577,69
488,326,396,299,617,712,69
306,165,289,164,624,704,69
119,135,222,201,578,662,69
147,106,178,137,605,682,69
148,78,151,99,591,663,70
14,21,25,53,526,561,70
49,64,35,96,520,567,70
88,77,135,130,567,615,70
0,28,57,96,504,521,70
103,78,169,99,589,655,70
154,182,115,205,548,615,70
357,293,434,391,614,709,70
64,70,97,96,560,598,70
223,149,136,143,606,664,71
459,279,355,240,620,701,71
47,76,61,121,540,587,71
226,161,336,231,618,701,71
544,321,597,223,664,763,71
164,80,146,90,589,667,71
37,63,58,102,538,573,71
195,180,259,156,587,664,71
242,159,129,108,598,670,71
7,29,19,48,533,592,71
14,44,123,93,533,586,71
166,168,156,175,589,676,71
336,160,487,282,631,719,71
61,55,15,74,542,587,71
369,301,354,351,601,683,71
37,66,66,133,570,646,72
306,261,313,310,604,697,72
306,221,258,212,606,695,72
52,57,191,221,561,613,72
7,20,98,92,526,576,72
105,116,115,170,561,635,72
236,105,346,130,611,686,72
309,186,400,266,612,696,72
133,161,39,94,551,600,72
141,67,246,148,596,663,72
446,320,657,319,643,745,72
123,146,118,186,559,609,73
366,313,369,294,607,691,73
268,262,310,341,600,689,73
104,116,98,117,558,618,73
439,386,385,366,611,701,73
572,312,484,221,642,729,73
456,426,251,248,606,693,73
47,65,33,86,540,600,73
98,71,131,79,553,616,73
435,243,317,168,622,710,73
79,75,170,190,580,649,73
97,98,264,240,570,646,73
455,339,543,408,619,711,73
863,321,598,305,661,760,74
129,145,217,213,578,656,74
31,57,29,82,519,538,74
26,27,84,80,532,589,74
55,47,121,148,556,617,74
68,76,35,105,545,602,74
47,74,62,86,522,580,74
18,46,38,114,522,563,75
375,224,218,115,619,683,75
60,77,75,104,538,579,75
90,90,27,53,568,642,75
55,30,227,82,571,644,75
235,197,274,178,599,687,75
76,76,135,139,559,625,75
212,160,154,188,557,606,75
185,202,101,160,566,625,76
293,188,209,181,599,661,76
383,259,205,203,581,659,76
93,79,178,165,592,676,76
191,193,38,147,564,611,76
38,52,56,47,524,533,76
153,155,228,255,567,630,76
7,38,37,103,510,554,76
383,241,480,310,637,724,76
0,22,14,75,516,586,76
43,51,25,74,544,592,76
478,454,250,303,588,654,76
70,94,158,164,560,620,76
589,454,513,385,647,750,76
52,85,21,88,514,513,76
299,258,271,211,591,675,77
1,23,22,52,503,570,77
10,35,37,54,533,578,77
15,28,83,73,545,614,77
199,178,43,88,567,621,77
925,350,937,325,695,800,77
22,47,40,69,534,579,77
532,376,571,423,650,750,77
791,406,826,428,676,782,77
230,186,285,220,616,723,78
244,264,179,252,565,636,78
17,35,121,91,533,579,78
6,23,44,52,526,565,78
514,450,435,340,634,740,78
14,53,35,105,520,582,78
81,96,272,261,575,657,78
129,134,86,125,575,651,78
250,204,362,305,618,710,78
71,82,127,107,568,635,78
14,35,128,125,533,588,78
27,44,48,84,542,593,78
347,312,392,373,615,715,78
201,196,135,198,581,660,78
23,54,28,100,516,526,79
265,193,405,248,618,718,79
2,34,31,93,506,540,79
40,42,20,78,538,593,79
5,30,27,68,502,549,79
50,29,15,48,546,607,79
228,92,333,215,610,682,79
106,106,83,100,548,610,79
56,66,79,140,533,582,80
193,117,239,178,610,676,80
338,137,334,145,623,705,80
299,325,112,193,578,653,80
787,410,867,425,677,780,80
136,120,52,74,583,658,80
39,57,85,97,541,611,81
95,95,89,91,562,620,81
86,127,68,177,528,569,81
31,67,33,83,523,573,81
17,55,26,61,526,594,81
368,199,312,203,616,698,81
39,38,20,45,540,566,81
179,128,310,259,598,676,81
144,164,185,231,549,595,81
275,141,416,159,607,685,81
208,164,166,141,583,659,81
349,157,408,228,661,728,81
147,144,142,222,569,652,81
318,109,544,215,656,740,82
89,74,134,102,564,607,82
840,579,860,413,685,786,82
150,143,328,216,608,701,82
38,48,66,121,553,623,82
246,214,250,228,585,667,82
243,123,386,205,617,707,82
24,28,47,45,535,606,82
442,330,350,212,602,684,82
875,516,652,347,675,784,82
185,194,200,264,571,638,82
0,25,21,61,499,540,82
15,26,37,83,527,612,82
196,153,233,201,598,675,82
43,76,57,102,538,582,82
288,181,395,198,641,738,82
97,64,118,117,577,659,82
192,146,178,160,589,667,82
92,47,235,117,598,657,83
76,62,69,84,582,652,83
226,217,333,353,595,679,83
68,102,101,137,551,601,84
23,55,43,106,536,575,84
37,45,49,70,548,578,84
30,58,57,111,536,570,84
94,62,330,184,597,666,84
89,65,103,65,573,643,84
1,26,43,63,536,580,84
144,143,55,120,569,653,84
210,206,79,141,570,634,84
176,165,84,118,576,645,84
770,523,663,409,666,767,84
34,72,26,59,524,559,84
40,47,120,82,552,610,84
282,299,199,300,582,662,85
155,168,241,233,575,663,85
35,49,179,152,567,639,85
144,169,104,142,586,660,85
79,69,198,135,552,619,85
331,134,479,175,642,734,85
59,57,103,108,569,663,85
49,61,29,59,540,609,85
185,142,323,160,609,689,85
51,53,141,135,566,618,85
378,166,294,144,632,710,85
677,474,688,506,651,754,85
696,564,409,383,631,714,85
318,293,335,366,602,678,85
152,97,210,128,581,662,86
280,238,251,256,599,684,86
111,79,127,89,577,652,86
339,215,329,191,615,690,86
98,94,216,139,590,682,86
400,310,399,324,622,719,86
123,138,127,149,572,643,86
92,84,216,129,584,665,87
103,104,43,105,556,606,87
210,206,282,252,580,656,87
385,343,143,160,591,681,87
348,140,442,154,636,733,87
319,276,190,217,604,683,87
76,61,80,85,552,609,87
15,37,123,170,546,602,87
411,237,215,135,636,738,87
113,105,129,195,560,631,87
48,56,78,81,536,576,87
53,68,66,154,547,594,87
675,295,780,396,679,786,87
740,508,627,426,648,751,88
271,126,585,241,635,727,88
154,148,92,121,566,629,88
500,390,432,334,624,716,88
279,237,443,374,613,713,88
4,29,16,64,529,577,88
108,141,46,144,550,604,88
127,135,54,123,546,590,89
459,214,521,229,665,760,89
635,356,434,340,644,729,89
109,135,172,225,560,636,89
289,274,229,267,590,680,89
88,69,29,77,554,579,90
189,121,359,220,604,693,90
69,66,53,72,543,610,90
135,160,119,208,549,598,90
47,57,47,72,545,592,90
22,46,21,68,544,592,90
903,648,703,558,699,815,90
201,87,230,141,600,666,90
157,151,191,184,581,650,90
18,50,190,128,545,609,90
0,21,78,104,531,576,91
46,75,111,177,553,618,91
9,36,35,76,530,586,91
17,36,111,143,533,600,91
176,208,218,284,574,658,91
108,123,98,130,556,625,91
130,154,154,123,571,659,91
242,261,93,194,568,627,91
8,35,74,54,537,588,91
119,155,57,164,532,567,91
19,23,42,52,533,593,91
34,56,110,122,549,621,91
183,188,196,189,579,647,91
46,55,198,194,549,605,91
60,78,44,91,534,584,91
164,83,186,118,580,653,92
157,88,366,259,591,678,92
38,49,72,65,551,589,92
222,150,189,147,596,669,92
268,177,260,196,595,682,92
320,255,289,197,592,668,92
1,21,20,49,512,539,92
133,108,219,138,582,664,92
48,51,18,92,545,602,92
42,56,99,124,551,610,92
164,106,188,121,601,675,92
66,71,103,106,545,601,92
62,91,89,78,547,599,92
303,142,424,224,625,710,92
138,171,86,127,540,596,93
158,147,167,151,573,657,93
59,61,185,94,570,643,93
41,54,98,99,556,624,93
30,55,32,60,528,599,93
35,29,56,55,559,640,93
159,91,261,215,594,670,93
321,182,119,122,600,674,93
142,125,157,82,580,661,93
83,68,166,173,572,640,93
94,99,142,108,559,611,93
529,301,843,566,670,774,93
61,82,150,209,549,578,94
313,211,671,565,576,645,94
147,144,245,203,577,641,94
135,115,86,62,558,615,94
152,97,147,114,599,655,94
182,132,387,226,610,692,94
93,107,57,113,541,601,94
524,218,663,308,660,760,94
210,217,354,267,600,681,94
11,33,84,82,512,519,94
0,22,22,95,521,578,94
145,158,53,93,549,625,95
71,88,128,102,561,609,95
47,50,222,110,581,672,95
177,208,157,139,566,637,95
840,485,724,321,677,778,95
4,28,76,132,528,588,95
5,25,20,46,519,568,95
26,60,99,76,562,636,95
2,24,41,53,517,560,95
0,26,54,99,523,568,95
10,31,110,88,543,589,95
8,21,17,34,518,578,95
839,416,852,361,692,791,95
707,360,617,291,669,776,95
139,134,139,159,577,652,95
520,296,375,204,638,732,95
62,78,41,73,534,594,95
99,118,26,110,533,559,95
195,198,184,223,567,647,95
143,177,40,138,546,591,95
2,30,38,84,524,550,96
74,66,72,95,541,557,96
70,78,125,77,558,626,96
78,71,183,164,570,639,96
360,189,316,191,639,734,96
122,93,235,192,568,635,96
358,270,382,249,610,687,96
22,49,39,96,547,607,96
12,34,99,95,537,591,96
408,336,462,407,619,722,97
93,86,102,142,572,645,97
123,140,199,206,567,630,97
177,176,201,169,614,724,97
236,229,300,239,599,683,97
317,189,392,186,624,710,97
31,66,67,159,530,578,97
624,216,792,216,686,784,97
134,59,153,94,604,662,97
379,121,754,386,669,770,97
238,195,334,326,607,697,97
206,207,171,213,575,635,97
329,196,240,141,605,678,98
27,42,44,61,532,564,98
153,140,114,103,564,622,98
549,453,316,312,609,696,98
98,122,64,124,554,618,98
121,133,137,126,568,635,98
507,428,374,331,605,695,98
351,298,358,306,614,714,98
44,57,67,113,548,633,98
165,160,38,91,547,589,99
0,25,54,89,511,533,99
73,107,93,73,547,590,99
307,294,170,212,583,669,99
9,35,40,66,526,585,99
261,255,246,297,576,653,99
180,167,315,275,594,670,99
51,48,63,63,544,606,99
101,62,194,121,585,652,99
78,89,109,54,553,602,99
587,251,732,224,666,760,99
60,67,129,145,558,629,99
425,342,533,364,639,741,100
21,44,53,89,540,589,100
51,53,42,59,533,604,100
120,135,76,114,549,612,100
286,165,285,153,602,678,100
584,411,553,258,663,769,100
110,102,166,120,558,630,100
479,195,637,360,656,761,100
382,282,532,361,625,717,101
73,92,119,106,553,613,101
23,50,97,154,527,592,101
143,86,147,121,578,638,101
550,317,848,501,686,793,101
200,96,312,158,603,687,101
75,90,60,71,551,617,101
516,385,460,315,641,740,101
438,332,576,401,646,746,101
85,107,103,89,556,620,101
11,48,29,118,524,571,101
53,90,50,111,550,648,101
57,87,106,122,550,609,101
155,195,69,155,566,620,101
219,158,120,154,594,659,101
57,47,96,94,554,605,101
62,78,143,122,563,635,101
30,29,44,96,529,579,101
68,74,96,113,544,612,101
138,100,117,81,579,637,101
174,145,221,156,586,652,101
111,117,173,181,561,621,102
458,312,512,357,641,734,102
257,186,189,160,595,658,102
24,28,119,114,538,580,102
325,151,386,178,619,708,102
198,151,62,89,570,624,102
62,57,180,116,559,606,102
60,71,78,104,543,598,102
76,112,86,182,527,559,102
226,154,243,163,604,685,102
459,344,573,341,643,744,103
122,101,205,124,578,640,103
67,84,99,182,533,575,103
234,130,432,325,606,694,103
105,106,131,139,555,614,104
226,192,249,257,587,648,104
142,131,130,156,558,607,104
67,60,81,67,551,616,104
35,62,130,169,539,595,104
42,32,56,58,565,629,104
51,65,35,100,534,586,104
117,107,250,246,583,659,104
308,286,313,289,581,660,104
272,132,374,197,618,710,105
0,25,25,48,504,520,105
449,318,440,256,616,708,105
58,96,14,102,510,528,105
404,198,472,145,626,717,105
33,52,130,71,542,585,105
63,89,120,154,548,604,105
160,169,226,281,574,657,105
272,138,348,212,616,703,105
7,23,74,77,520,555,105
452,224,574,284,653,754,105
496,240,645,325,672,768,105
388,314,417,290,618,707,105
211,222,181,201,580,655,106
158,131,192,134,582,659,106
466,177,703,311,645,738,106
61,89,109,143,522,552,106
64,82,92,115,545,587,106
698,522,693,501,664,774,106
153,73,51,80,598,663,106
214,185,256,154,604,679,106
29,57,39,123,526,568,106
76,60,127,88,558,607,106
36,48,100,93,538,554,106
466,319,431,291,640,729,106
248,218,333,250,598,662,106
20,21,48,56,524,588,106
11,27,63,74,530,581,106
72,98,95,199,543,608,106
202,141,252,166,593,673,107
116,123,142,119,571,639,107
47,81,50,110,528,569,107
114,129,271,242,581,669,107
270,240,412,339,604,698,107
101,121,249,154,581,660,107
269,301,221,292,580,662,107
131,167,112,160,548,605,107
5,39,55,129,511,557,107
624,343,533,238,667,756,107
16,23,34,77,561,620,107
3,38,16,94,500,474,107
14,51,79,133,521,522,107
35,50,80,81,545,622,107
61,94,122,165,548,604,107
41,67,32,71,525,577,107
816,451,746,314,673,780,107
106,124,242,221,567,648,107
156,148,133,104,571,631,107
537,426,380,305,625,721,107
266,209,501,389,621,719,107
150,138,109,133,548,611,108
124,108,124,119,575,630,108
40,62,58,128,537,595,108
345,179,324,122,638,725,108
141,115,170,111,569,631,108
598,310,559,314,655,756,108
82,86,114,91,551,588,108
123,113,146,178,576,634,108
477,244,610,243,654,751,108
184,113,229,131,626,680,108
173,155,173,161,566,606,108
41,48,142,112,551,611,108
366,232,249,154,608,682,108
498,339,389,266,612,700,108
45,75,29,102,513,533,108
648,200,592,238,663,762,109
50,83,83,116,547,587,109
856,363,775,291,683,787,109
167,93,218,174,595,677,109
931,360,822,463,688,802,109
56,73,27,110,539,579,109
65,70,83,110,550,599,110
213,226,221,276,559,627,110
27,23,104,78,534,587,110
138,145,131,182,556,602,110
7,37,77,108,524,573,110
323,201,517,351,629,718,110
25,50,65,132,547,606,110
158,173,120,166,556,609,110
57,65,54,85,530,541,110
109,104,291,231,584,670,110
240,219,158,154,584,646,110
657,567,576,446,644,739,110
40,65,100,158,519,578,110
69,57,64,104,564,614,110
41,54,45,98,539,580,111
21,24,72,93,532,602,111
48,52,233,166,557,632,111
44,63,84,111,546,587,111
83,109,64,68,545,614,111
24,53,45,105,519,540,111
50,72,16,78,524,576,111
441,353,538,434,632,735,111
89,97,187,165,567,656,111
83,60,193,135,572,633,111
55,69,131,75,553,604,111
21,47,26,51,531,573,111
63,53,271,129,590,669,111
771,264,914,309,677,783,111
49,74,60,140,547,599,111
136,113,262,199,594,691,111
291,185,312,236,598,679,111
202,213,91,90,560,621,112
38,51,194,171,563,612,112
585,299,739,288,658,753,112
387,222,484,305,616,687,112
269,259,307,253,595,687,112
375,338,331,279,606,694,112
67,89,56,115,574,669,112
86,97,64,87,535,565,112
9,37,51,94,533,582,112
62,87,150,148,556,620,112
80,94,113,148,556,610,112
173,166,194,236,582,665,112
975,475,936,384,679,787,113
34,56,28,84,536,587,113
74,88,193,156,573,642,113
68,78,122,134,549,628,113
70,87,109,123,549,600,113
0,26,14,85,498,534,113
139,131,277,261,602,692,113
90,60,120,79,584,667,113
120,136,73,120,546,612,113
73,55,202,99,574,658,113
235,183,188,186,586,662,113
127,169,21,107,541,571,113
283,270,171,168,588,655,113
126,53,212,94,607,678,113
9,32,110,109,540,574,114
120,88,314,195,588,672,114
47,47,284,203,554,627,114
14,28,122,73,560,633,114
42,31,83,83,560,617,114
265,218,193,140,606,688,114
117,139,170,213,543,585,114
259,266,217,227,572,642,114
33,68,27,90,528,567,114
162,128,157,179,589,649,114
264,166,288,245,597,667,114
375,179,464,215,639,714,114
115,94,192,133,540,628,115
161,137,105,127,582,651,115
652,570,587,498,645,751,115
359,176,496,202,631,722,115
71,52,63,94,573,631,115
190,162,126,95,581,658,115
11,24,29,69,517,546,115
111,102,93,71,566,624,115
288,172,561,258,625,719,115
13,26,110,66,529,598,115
89,90,134,152,560,636,115
195,132,519,254,625,716,115
32,52,82,130,550,628,115
59,51,208,96,612,674,116
96,132,39,95,537,585,116
35,62,221,137,564,637,116
484,383,384,295,621,711,116
97,88,232,124,585,668,116
14,27,35,68,519,570,116
449,317,502,352,633,733,116
12,39,24,99,507,510,116
294,265,144,189,602,680,117
109,83,161,126,558,620,117
132,110,133,167,555,615,117
177,187,58,132,559,622,117
395,207,499,207,659,755,117
548,474,292,259,661,786,117
67,56,143,81,555,627,117
13,31,177,164,530,582,117
508,341,559,303,631,720,117
172,173,265,268,565,648,118
643,597,384,417,619,715,118
56,76,54,135,528,580,118
259,142,206,128,596,668,118
811,351,792,440,664,773,118
97,76,155,122,551,614,118
200,186,125,153,563,639,118
11,38,29,99,503,538,118
276,175,523,280,640,733,118
32,58,70,124,513,566,118
160,79,206,157,596,669,118
48,63,59,84,542,590,118
430,362,417,364,626,722,118
0,20,44,42,516,564,118
471,282,352,196,624,702,119
468,168,584,187,667,761,119
43,47,68,108,550,616,119
18,40,53,81,524,573,119
111,89,118,102,565,620,119
218,233,210,167,585,671,119
130,158,131,168,567,642,119
261,291,193,239,583,665,119
60,87,210,243,553,618,119
24,57,57,136,536,591,119
110,88,76,79,567,617,119
176,179,204,257,573,657,119
95,121,86,167,531,595,119
0,31,46,95,526,583,119
33,54,44,77,533,585,119
106,133,181,190,560,632,119
442,330,413,376,628,742,119
0,28,56,69,521,556,119
779,436,884,582,667,779,120
470,280,340,302,625,713,120
116,68,220,139,594,655,120
41,39,110,67,551,620,120
0,21,104,143,526,600,120
397,224,389,267,631,732,120
183,123,167,166,588,650,120
165,125,178,104,582,651,120
268,260,395,265,596,683,120
49,67,28,68,542,607,120
188,182,335,297,597,687,120
0,22,26,54,535,587,120
603,519,447,344,628,717,120
133,127,215,226,555,636,120
447,286,556,392,641,732,121
205,145,232,172,591,668,121
81,89,110,146,537,600,121
0,30,28,121,507,515,121
184,176,385,360,592,688,121
15,51,61,110,514,550,121
455,337,619,340,628,721,121
17,25,137,124,541,602,121
276,253,280,265,583,679,121
154,102,220,145,579,642,122
24,55,35,99,522,576,122
579,556,390,414,609,664,122
20,39,149,87,539,618,122
322,210,126,104,580,635,122
977,630,678,456,675,776,122
48,65,75,97,553,629,122
21,39,88,78,538,617,122
93,91,198,163,554,621,122
497,293,643,319,653,747,122
149,145,113,94,567,622,123
51,75,44,65,550,605,123
630,180,801,230,678,772,123
53,65,115,165,528,582,123
138,172,18,92,529,573,123
139,111,254,145,596,679,123
33,57,63,75,518,571,123
546,496,438,405,621,718,123
55,45,144,128,559,627,123
576,571,343,347,597,695,123
232,216,277,270,594,682,123
80,67,39,68,548,580,123
58,81,45,77,527,538,123
44,71,78,148,562,644,123
244,109,377,164,624,709,123
108,87,303,212,584,662,123
356,149,552,172,644,748,123
42,66,60,108,528,561,123
5,34,105,149,526,576,123
44,70,62,75,549,605,124
9,38,74,142,518,598,124
124,143,25,73,566,646,124
18,22,35,47,518,567,124
6,25,57,84,536,577,124
91,104,119,169,563,642,124
99,115,127,174,551,614,124
251,105,332,202,622,701,124
55,55,149,148,542,604,124
110,102,149,168,566,613,124
60,90,19,54,537,567,124
475,361,254,213,611,687,124
98,49,62,55,564,619,124
8,21,44,61,507,549,124
20,44,83,113,539,598,124
253,110,473,217,617,696,125
15,47,40,106,513,567,125
0,23,61,53,518,560,125
28,61,40,121,525,573,125
131,139,206,164,566,645,125
300,334,227,260,570,637,125
94,125,160,188,535,582,125
3,36,35,122,513,559,125
0,29,46,50,525,583,125
313,293,340,300,600,695,125
107,90,125,155,561,623,125
779,554,759,565,680,799,125
196,236,110,172,543,597,125
6,41,58,115,529,589,125
86,72,72,92,593,686,125
91,117,285,257,551,635,125
159,133,265,140,580,657,126
125,163,61,150,559,634,126
257,166,298,210,603,693,126
12,36,61,94,529,594,126
180,142,238,226,599,682,126
114,107,55,91,566,636,126
86,103,15,61,548,594,126
187,198,221,231,584,662,126
110,63,176,121,581,660,126
198,127,84,96,598,680,126
14,28,82,70,525,582,126
67,65,183,173,569,642,126
17,36,20,83,520,550,126
172,98,144,95,584,640,127
36,32,164,76,551,619,127
116,124,110,131,548,605,127
24,34,99,115,537,586,127
181,174,174,182,563,641,127
191,199,74,110,573,650,127
165,184,98,171,554,637,127
34,62,26,63,514,542,127
7,22,83,122,527,578,127
274,174,310,199,602,685,128
416,283,476,225,604,699,128
132,122,98,119,558,606,128
77,84,131,94,550,617,128
22,31,52,111,518,526,128
428,222,456,188,627,718,128
8,32,21,70,524,564,128
105,111,227,169,581,660,128
12,41,15,88,504,536,128
94,71,166,112,553,598,129
120,105,111,114,578,646,129
41,61,23,39,518,582,129
89,93,223,191,573,654,129
137,155,71,137,541,576,129
287,242,475,441,609,708,129
16,31,100,75,537,595,129
150,166,127,196,552,623,129
239,103,154,78,604,684,129
36,34,17,44,537,592,129
611,309,503,181,655,755,129
33,59,23,91,523,570,129
412,330,519,379,633,731,129
24,62,33,95,524,587,129
271,268,304,234,591,670,129
194,132,270,137,599,679,129
0,21,70,106,507,572,129
158,128,123,128,577,651,129
73,78,131,157,560,616,129
185,174,306,238,589,672,129
130,96,183,107,586,666,129
263,294,140,234,568,643,129
47,76,186,131,558,626,130
69,68,216,156,580,670,130
154,80,147,122,602,691,130
204,188,150,179,573,642,130
558,313,671,298,660,757,130
176,195,187,255,585,666,130
298,183,382,221,625,710,130
62,83,34,85,531,586,130
606,358,507,331,636,738,130
197,200,211,255,574,644,130
112,136,120,159,552,616,130
19,33,38,82,519,543,130
10,44,15,93,507,536,130
500,308,614,345,644,744,130
193,177,77,112,554,587,130
66,80,222,180,564,640,131
720,440,591,381,661,753,131
127,114,272,161,575,667,131
335,267,238,208,601,673,131
647,359,430,282,641,728,131
369,323,349,310,596,685,131
90,112,44,64,538,610,131
187,121,118,146,557,601,131
16,40,44,67,536,602,131
5,32,118,118,525,577,131
10,24,78,95,538,602,131
80,99,126,132,545,599,131
49,78,131,140,543,596,131
0,27,29,49,529,601,131
265,131,363,173,612,706,131
214,143,257,246,601,680,131
75,89,87,128,559,624,132
39,54,60,102,539,625,132
66,88,138,113,561,635,132
342,223,468,357,620,717,132
446,392,362,327,630,733,132
135,76,219,102,588,657,132
257,278,245,224,588,661,132
138,106,339,263,603,686,132
105,111,43,81,558,604,132
0,22,58,112,507,542,132
92,64,167,83,574,634,132
222,211,209,226,595,671,132
527,422,438,336,621,706,132
358,139,532,198,660,755,132
52,85,16,93,514,530,132
62,63,25,103,550,600,133
417,303,580,399,638,732,133
417,312,404,163,629,712,133
1,24,13,53,522,591,133
22,54,53,102,523,591,133
143,139,192,171,574,646,133
208,153,248,136,584,652,133
104,131,76,163,550,615,133
144,92,193,162,586,661,133
126,155,54,142,561,629,133
55,87,30,100,535,581,133
171,156,381,348,583,658,133
31,61,68,116,533,599,133
446,395,339,297,611,705,133
14,37,74,138,516,573,133
152,144,229,213,576,655,133
382,184,576,178,649,741,133
350,261,485,279,618,718,134
33,65,104,95,541,600,134
3,27,37,94,494,558,134
353,372,232,308,572,655,134
41,68,97,157,536,575,134
13,39,134,140,531,610,134
143,166,203,176,551,624,134
188,157,293,241,575,648,134
189,208,154,179,552,608,134
64,84,97,117,543,595,134
673,434,748,550,658,769,134
297,243,194,262,591,663,134
76,104,38,101,527,575,134
43,63,131,163,544,603,134
50,72,24,68,515,537,134
229,229,182,178,566,629,135
2,31,34,94,488,532,135
228,108,103,76,596,656,135
0,27,122,158,516,567,135
449,232,505,258,621,708,135
122,113,170,204,573,643,135
445,287,590,291,632,734,136
41,53,125,90,557,623,136
144,164,175,148,565,630,136
20,49,66,93,517,552,136
95,98,153,82,554,623,136
102,154,44,138,518,545,136
43,47,36,48,549,605,136
749,594,678,478,646,753,136
24,59,29,59,517,546,136
51,78,119,118,537,594,136
83,102,96,61,554,625,136
99,114,58,103,542,597,136
3,31,41,90,500,529,136
36,44,36,82,520,569,136
130,116,81,101,563,636,136
118,106,211,151,576,672,137
858,608,849,507,687,787,137
182,179,209,185,569,645,137
58,71,104,167,566,653,137
424,208,374,195,622,712,137
31,49,80,83,520,578,137
45,82,13,96,501,542,137
155,169,152,210,561,635,137
798,361,737,270,666,759,137
76,70,47,79,538,588,137
166,161,71,67,547,598,137
580,362,430,235,647,735,137
326,180,378,257,618,701,137
120,74,224,134,579,653,137
210,177,271,293,592,665,137
43,68,120,180,517,565,137
64,79,140,144,551,630,137
171,108,234,179,590,676,137
29,65,68,155,526,584,137
135,169,86,187,536,589,137
46,74,44,78,532,557,137
0,20,36,64,505,564,137
39,50,67,81,527,586,138
16,43,42,64,513,563,138
61,85,207,255,547,618,138
191,219,158,198,561,629,138
491,288,615,296,626,731,138
15,47,14,46,516,521,138
75,72,107,85,561,617,138
100,132,139,158,555,630,138
142,77,337,128,614,700,138
62,79,54,101,522,562,138
76,103,116,128,549,610,139
103,104,300,141,589,667,139
111,86,125,98,557,614,139
29,56,165,144,557,619,139
117,144,123,122,565,631,139
112,124,287,143,589,674,139
205,210,178,174,576,652,139
97,119,78,129,545,606,139
67,104,35,117,518,540,139
47,46,278,143,544,600,139
19,35,38,90,515,578,139
61,85,40,89,527,568,139
151,184,124,181,557,644,139
37,51,117,140,532,584,139
120,132,152,167,563,633,139
0,21,34,71,513,565,139
85,116,81,137,549,616,140
39,79,80,171,513,558,140
159,139,314,227,590,661,140
175,219,81,172,551,607,140
150,135,169,166,581,661,140
280,170,373,332,623,707,140
133,168,27,96,555,622,140
398,190,472,163,647,742,140
25,31,68,80,538,592,140
476,213,301,201,616,699,140
259,169,527,292,614,702,140
39,69,36,94,525,563,140
164,103,115,101,570,614,140
313,209,330,279,606,700,140
14,35,40,50,524,577,140
810,660,684,617,662,769,140
93,99,229,122,565,624,141
216,125,254,136,604,687,141
15,42,22,105,516,554,141
53,47,63,57,540,593,141
118,145,119,181,547,591,141
169,78,159,73,596,663,141
13,37,22,38,520,546,141
47,43,306,92,577,670,141
15,36,30,85,534,599,141
183,175,432,293,588,687,142
44,73,90,81,554,628,142
75,89,236,170,562,627,142
168,139,249,232,591,681,142
233,252,255,279,577,652,142
324,205,197,159,582,662,142
67,91,173,202,556,612,142
54,77,149,107,550,606,142
11,33,50,78,520,586,142
74,97,141,126,549,615,142
184,132,208,173,590,667,142
53,83,21,93,525,562,142
250,113,422,300,616,700,142
273,303,112,191,557,623,142
955,830,646,594,669,778,143
18,29,49,36,538,614,143
16,45,82,113,523,530,143
0,28,38,86,514,550,143
567,312,590,212,665,760,143
151,125,229,154,586,676,143
141,97,131,88,570,613,143
152,86,260,118,591,674,143
90,128,53,119,529,582,143
273,177,475,280,635,730,143
653,501,527,385,657,764,144
340,185,324,177,605,690,144
135,152,111,170,556,638,144
63,106,46,82,531,585,144
286,254,440,399,621,719,144
375,205,567,342,642,745,144
47,73,69,84,546,614,144
496,226,516,229,629,726,144
102,145,120,216,536,575,144
130,128,170,130,568,648,144
77,96,170,164,558,626,144
12,39,123,111,537,607,144
279,194,124,123,595,663,144
139,144,51,137,543,602,144
77,75,156,126,559,624,144
72,95,173,131,556,619,145
109,140,140,185,549,606,145
24,51,31,71,526,552,145
83,60,162,113,559,625,145
282,195,334,262,603,698,145
22,35,22,38,533,576,145
266,182,294,233,594,678,145
80,80,76,80,556,619,145
182,165,376,372,595,683,145
367,247,388,258,609,694,145
77,68,184,180,566,635,145
255,185,335,293,615,702,145
551,470,414,404,619,725,145
215,190,229,191,591,656,145
688,525,480,343,638,733,145
414,345,528,442,633,729,145
104,137,102,158,543,604,146
435,345,194,210,595,671,146
250,209,264,236,583,649,146
390,365,255,276,601,693,146
254,151,644,246,647,738,146
200,189,89,66,578,657,146
32,57,335,379,527,587,146
439,313,395,323,643,741,146
57,63,173,206,553,628,146
63,100,45,112,536,565,146
113,142,259,265,553,599,146
328,318,137,146,567,641,146
168,87,210,119,594,653,146
242,182,235,155,574,652,146
510,256,529,326,653,755,147
406,266,281,177,613,702,147
17,34,74,137,517,569,147
371,212,567,299,652,745,147
795,538,889,664,720,835,147
501,240,577,117,661,749,147
37,49,90,77,535,600,147
116,130,395,389,579,656,147
126,95,184,167,602,682,147
50,55,60,74,543,595,147
30,63,20,107,527,568,147
40,79,21,90,526,586,147
122,141,174,179,559,628,147
72,107,83,160,538,587,148
132,84,251,111,600,679,148
554,289,593,219,646,741,148
298,339,148,238,555,626,148
103,103,271,174,623,697,148
398,324,641,499,646,762,148
78,88,247,204,577,653,148
21,53,33,89,538,599,148
276,305,124,165,564,626,148
184,156,403,288,603,695,148
141,142,248,248,586,676,148
7,34,104,69,549,607,148
440,281,749,383,656,766,148
13,42,121,152,538,599,148
517,227,343,217,626,715,148
45,49,219,173,565,661,148
523,328,467,292,644,741,148
209,228,145,178,579,664,148
48,79,73,136,538,586,149
41,58,111,119,545,609,149
166,128,164,89,574,633,149
327,232,500,300,622,723,149
219,177,344,224,581,666,149
671,481,876,553,672,783,149
308,257,211,146,587,676,149
181,190,118,135,557,611,149
139,111,235,122,590,658,149
2,21,134,79,526,607,150
652,368,781,411,679,782,150
86,119,45,134,526,556,150
304,315,258,263,579,667,150
5,29,32,69,520,553,150
395,311,291,220,631,727,150
5,32,30,110,489,511,150
443,426,411,405,608,698,150
325,317,335,351,599,682,151
144,91,261,161,586,661,151
38,42,31,87,529,566,151
501,418,534,409,615,706,151
94,90,40,92,527,549,151
182,107,291,168,610,701,151
32,49,53,100,532,595,151
88,104,103,128,558,632,151
54,72,60,89,532,581,151
714,315,585,192,665,756,151
8,29,43,112,517,561,151
199,144,222,167,603,676,151
650,570,331,346,604,697,151
388,240,572,408,623,722,152
752,563,632,572,677,782,152
5,36,135,163,535,598,152
3,21,196,198,530,612,152
69,106,74,146,508,551,152
281,187,389,240,609,694,152
58,87,215,162,565,640,152
13,47,89,160,528,579,152
50,73,122,115,548,621,152
123,98,196,143,579,647,152
190,233,152,229,566,641,152
541,302,536,216,647,744,152
141,86,269,196,585,657,152
36,57,133,66,548,606,152
107,108,230,86,570,660,152
381,308,477,270,616,709,152
104,74,176,128,561,622,152
18,36,94,129,540,593,152
47,70,121,124,550,621,153
21,41,72,110,539,557,153
129,141,280,313,574,664,153
265,206,352,279,600,679,153
297,257,183,105,606,693,153
241,213,331,217,613,704,153
202,207,330,290,583,642,153
212,148,398,227,610,688,153
229,191,130,117,572,639,153
149,135,153,165,593,681,153
100,123,221,221,570,646,153
164,120,353,286,601,690,153
646,492,698,474,653,761,153
46,88,27,129,502,510,154
39,32,299,199,603,698,154
220,168,237,187,590,672,154
119,111,101,111,574,650,154
888,604,660,226,669,775,154
296,179,445,195,638,729,154
174,186,289,295,593,677,154
11,37,60,95,527,553,154
51,78,170,119,543,604,154
390,344,524,439,649,762,154
846,545,664,291,662,768,154
623,508,640,402,637,737,154
26,47,32,104,516,574,154
342,284,376,241,617,719,154
192,164,213,171,565,625,155
485,210,629,219,650,749,155
14,39,16,84,494,534,155
271,233,351,263,614,704,155
202,100,316,198,607,675,155
42,67,131,125,539,578,155
257,142,225,186,604,660,155
62,38,29,78,553,601,155
26,31,92,73,534,596,155
307,251,394,283,616,697,156
5,20,104,88,521,571,156
668,406,451,288,640,744,156
38,48,70,112,530,596,156
87,91,113,123,571,658,156
236,256,179,196,583,664,156
186,100,333,170,621,721,156
97,94,284,182,578,657,156
20,29,56,101,538,640,156
265,120,266,115,617,703,156
7,28,173,125,521,581,156
83,96,100,79,545,591,156
111,87,256,165,588,671,156
119,78,192,138,595,683,156
34,56,87,123,542,599,156
285,297,162,196,582,665,156
123,59,320,129,596,683,156
119,130,152,130,555,634,156
180,213,94,132,547,601,156
64,103,92,164,525,567,157
17,40,36,76,520,524,157
321,324,287,334,597,677,157
106,136,17,60,534,577,157
289,267,297,256,610,703,157
510,342,460,298,635,731,157
228,111,384,153,625,707,157
107,74,18,60,537,567,157
14,23,88,80,533,597,157
100,92,105,118,568,633,158
193,213,244,279,574,658,158
356,278,451,248,648,725,158
229,185,211,140,587,668,158
191,136,461,175,610,693,158
47,74,140,149,549,612,158
124,140,253,150,551,615,158
107,128,97,119,539,578,158
106,87,259,201,576,655,158
254,260,143,175,581,665,158
0,29,16,43,525,548,158
71,98,43,91,538,601,158
21,54,76,145,528,583,158
307,267,260,243,603,698,159
37,70,61,88,531,577,159
51,62,32,81,544,621,159
150,162,43,93,563,630,159
210,142,246,189,604,693,159
602,513,559,438,633,732,159
159,160,119,163,557,602,159
21,21,81,69,525,588,159
143,157,92,157,539,582,159
52,67,80,139,522,558,160
0,21,24,62,512,584,160
0,26,104,98,518,568,160
70,110,44,130,515,554,160
206,220,235,294,577,670,160
361,344,400,316,600,693,160
464,260,457,271,641,738,160
46,88,52,135,527,587,160
3,26,61,77,519,604,160
0,21,44,78,524,574,160
179,209,211,194,549,622,160
183,139,409,270,618,714,160
0,30,22,104,484,506,160
29,68,104,102,527,593,160
246,203,205,185,580,652,160
609,294,570,168,665,761,160
132,101,155,113,560,618,160
16,51,28,94,513,530,160
501,204,787,242,660,761,160
100,101,216,163,555,615,160
104,77,186,100,574,622,160
17,26,68,92,529,598,160
25,53,24,86,530,578,160
161,124,252,216,596,677,160
59,72,80,80,542,593,160
21,48,115,103,521,584,160
396,331,367,308,616,703,160
10,25,39,111,513,546,160
653,473,473,261,635,731,161
73,53,41,80,551,605,161
149,113,384,212,599,689,161
322,303,275,252,590,668,161
331,186,528,198,641,724,162
32,35,27,49,517,555,162
79,94,171,175,550,617,162
113,112,153,159,562,619,162
30,36,186,132,548,630,162
33,38,198,138,566,642,162
225,262,89,153,570,641,162
78,83,96,126,546,593,162
97,128,75,138,539,601,162
45,45,230,126,583,656,162
190,210,202,286,584,670,162
246,238,409,291,607,693,162
26,35,67,75,537,589,162
179,171,282,235,584,660,163
267,147,285,188,605,689,163
62,70,53,78,523,562,163
132,175,22,123,521,547,164
150,90,127,74,591,650,164
45,55,212,239,560,617,164
116,135,91,140,565,629,164
90,118,124,154,551,606,164
42,83,51,68,537,601,164
450,294,302,192,618,706,164
21,44,54,55,550,610,164
93,98,164,114,570,654,164
224,244,273,189,594,674,164
20,49,166,103,543,584,164
36,69,118,89,545,607,164
8,26,226,222,543,632,164
259,260,297,312,583,671,164
95,115,109,80,557,632,164
39,62,28,96,524,567,164
0,21,70,68,534,554,165
451,210,497,182,657,748,165
0,30,61,100,498,463,165
26,56,186,95,543,596,165
4,28,44,86,513,582,165
123,128,182,158,557,626,165
375,150,482,247,634,723,165
29,42,158,124,565,635,165
4,30,46,120,507,536,165
31,39,97,59,540,612,165
115,95,16,73,557,608,165
17,43,24,92,525,593,165
200,117,139,145,593,667,166
85,90,44,97,529,576,166
195,124,291,233,601,686,166
225,217,459,370,617,718,166
36,49,83,75,540,617,166
124,125,229,183,556,622,166
167,128,168,130,582,655,166
1,30,20,90,523,564,166
10,29,117,63,539,589,166
74,97,37,91,543,605,166
1,24,68,89,536,566,166
282,168,204,144,601,671,166
121,166,57,160,519,529,166
180,115,281,149,615,693,166
297,197,361,153,612,706,166
139,101,162,104,576,641,166
351,334,399,333,617,710,166
295,257,201,285,596,681,167
88,119,107,189,535,580,167
265,264,145,221,591,687,167
17,45,92,161,511,546,167
269,249,220,240,591,665,167
836,343,693,324,666,759,167
64,61,30,70,541,578,168
438,265,554,384,649,751,168
370,157,367,159,637,716,168
72,63,116,87,561,619,168
46,55,95,73,540,604,168
53,41,187,92,547,600,168
163,154,161,215,565,652,168
61,75,110,123,544,613,168
287,173,123,93,583,652,168
15,44,118,130,521,553,168
76,113,26,120,514,545,168
106,116,36,87,560,618,168
364,244,365,206,624,704,168
188,216,187,256,549,616,168
52,81,35,115,534,591,168
182,187,252,217,585,669,168
252,268,290,331,579,635,169
116,126,156,145,554,618,169
164,193,142,231,542,601,169
45,61,78,78,548,620,169
440,318,433,197,650,740,169
93,60,402,142,587,672,169
270,242,303,284,578,654,169
67,98,46,71,535,572,169
219,137,265,163,586,655,169
92,118,61,109,543,599,169
90,91,155,156,573,637,169
102,116,41,87,540,581,170
910,675,612,336,656,741,170
209,84,319,158,611,677,170
285,181,398,192,617,712,170
85,60,71,63,564,619,170
3,22,13,67,510,531,170
15,46,42,90,529,575,170
13,42,105,145,510,568,170
160,112,195,125,582,652,170
120,131,196,232,564,626,170
102,88,66,112,555,613,170
43,51,186,157,546,602,170
329,297,528,422,615,715,170
56,80,176,122,571,643,170
49,59,15,46,533,588,170
92,126,140,177,538,592,170
225,220,313,298,618,714,170
3,34,109,94,543,611,170
743,387,778,508,684,795,170
20,50,123,134,542,603,170
36,65,84,117,550,615,171
9,37,182,138,548,620,171
152,137,284,234,593,674,171
364,269,382,182,628,715,171
106,74,149,97,573,641,171
186,196,177,180,577,654,171
94,43,124,116,593,655,171
334,263,461,320,629,730,171
752,339,873,339,692,793,171
63,67,15,55,528,583,171
2,27,16,65,507,511,171
77,95,77,119,560,623,171
280,139,367,191,618,693,171
312,285,152,193,597,668,171
664,304,826,322,680,773,172
52,56,108,86,540,598,172
40,37,141,96,531,570,172
202,191,236,201,591,675,172
129,137,158,203,575,648,172
0,25,27,93,506,529,172
0,20,29,79,515,566,172
0,27,70,113,526,586,172
46,80,160,148,551,618,172
153,105,53,56,567,627,172
144,115,284,231,596,674,172
92,117,122,154,567,638,173
5,40,36,120,489,466,173
249,207,279,219,580,653,173
215,143,882,571,665,778,173
67,70,354,244,612,725,173
85,58,286,153,593,672,173
646,261,748,237,705,793,173
52,74,188,133,557,634,173
291,279,210,245,579,658,173
176,84,259,135,612,681,173
24,34,104,161,543,595,173
12,33,33,69,525,567,173
90,79,53,92,557,630,173
288,271,367,345,602,680,173
248,189,230,203,593,674,173
17,28,127,102,527,571,174
66,70,92,47,542,604,174
104,111,196,163,565,624,174
244,258,189,259,556,610,174
32,37,75,81,535,558,174
345,264,177,174,593,674,174
106,95,74,109,542,573,174
18,48,61,111,495,530,174
60,91,89,152,525,531,174
114,144,18,110,543,618,174
10,21,150,95,547,600,174
597,297,561,343,641,738,174
27,36,170,117,564,627,174
319,240,439,353,644,744,175
217,171,216,227,594,672,175
93,125,89,176,548,610,175
9,34,72,97,527,580,175
67,95,41,131,536,595,175
58,65,122,104,548,628,175
204,117,424,282,609,696,175
445,357,409,423,624,725,175
315,221,345,258,631,716,175
287,208,346,102,594,677,175
51,77,82,148,536,577,176
8,36,21,47,527,581,176
183,143,284,275,596,685,176
47,73,97,169,535,591,176
353,235,241,198,610,683,176
33,54,115,146,536,578,176
103,94,119,98,586,673,176
46,85,80,146,530,590,176
25,57,140,150,551,621,176
78,109,194,161,553,626,176
155,183,25,107,536,580,176
154,189,177,249,552,609,177
78,78,118,103,547,603,177
191,178,156,114,582,655,177
278,288,216,270,579,659,177
4,20,48,86,511,523,177
767,529,669,454,648,758,177
116,66,216,115,580,638,177
42,66,16,43,529,575,177
293,273,257,242,587,671,177
19,33,165,100,540,600,178
131,119,179,204,593,679,178
626,472,493,388,631,730,178
364,234,432,282,642,734,178
61,96,104,183,538,583,178
4,37,21,64,506,536,178
559,226,840,243,664,771,178
448,279,470,361,642,736,178
142,154,110,139,558,636,178
116,75,111,93,583,658,178
125,115,114,105,567,638,178
263,217,308,222,603,689,179
133,109,111,99,559,608,179
52,68,71,132,538,593,179
90,77,195,163,568,623,179
215,196,214,205,569,634,179
822,407,839,316,679,787,179
0,24,68,126,507,525,179
134,89,154,99,593,671,179
190,184,186,208,574,649,179
258,105,167,88,597,657,179
411,322,360,229,613,711,179
366,216,346,206,627,714,179
262,241,100,138,566,632,179
43,55,18,98,521,553,179
451,251,491,278,632,707,179
888,403,814,533,680,777,179
96,64,167,140,572,649,179
179,94,89,124,590,650,180
399,201,573,238,639,729,180
39,43,95,102,547,611,180
46,55,30,81,523,565,180
69,94,102,168,525,565,180
207,154,208,190,576,639,180
2,28,19,65,489,502,180
127,140,71,125,542,592,180
977,371,769,191,700,789,180
248,139,148,168,596,675,180
570,298,593,198,651,744,180
567,441,451,339,627,715,180
170,130,449,261,604,691,180
439,214,422,245,631,718,180
52,62,93,108,547,632,181
111,109,111,121,574,639,181
0,26,75,110,512,573,181
843,476,931,468,686,785,181
55,75,141,130,561,618,181
871,234,914,187,695,797,181
78,81,306,189,577,647,181
0,29,46,109,505,516,181
321,157,393,189,613,700,181
99,127,138,151,572,646,181
442,314,425,219,640,733,181
317,287,382,371,608,705,181
301,197,463,295,634,734,181
175,136,272,152,594,673,181
111,122,187,180,562,642,181
215,199,216,204,572,654,181
387,315,242,262,593,672,181
45,62,108,184,533,584,181
19,45,84,120,532,573,181
0,21,19,38,523,583,181
126,151,143,175,544,607,181
2,29,104,116,513,575,181
26,59,78,123,526,604,181
279,215,408,338,630,722,181
177,94,193,154,594,675,181
509,222,633,272,652,751,181
308,236,380,328,597,681,181
21,41,55,120,525,565,181
365,155,519,139,648,735,182
13,26,59,85,518,538,182
86,102,120,108,554,612,182
66,78,143,147,557,616,182
49,57,201,198,556,639,182
34,63,70,71,546,618,182
65,101,96,131,541,614,182
52,49,162,89,564,639,182
6,29,271,206,569,671,182
109,147,191,153,561,630,182
149,168,118,132,562,625,182
115,112,289,232,586,665,183
209,259,31,135,528,568,183
4,36,51,114,517,553,183
131,162,161,183,559,622,183
6,29,53,85,531,591,183
0,23,93,115,523,582,183
87,60,55,81,559,600,183
11,44,115,117,521,584,183
150,153,357,282,587,680,183
580,520,387,417,629,732,183
13,39,82,120,527,548,183
519,233,685,296,658,762,183
717,437,506,348,634,722,183
465,394,390,385,610,708,184
737,634,526,502,643,747,184
93,89,297,296,571,646,184
434,231,438,265,626,716,184
482,284,329,270,631,717,184
510,160,576,137,669,759,184
253,202,315,194,639,705,184
291,144,299,142,614,696,184
22,38,16,54,550,613,184
328,305,512,502,584,673,185
187,186,279,212,581,661,185
151,169,202,195,557,619,185
2,22,48,80,517,545,185
34,56,44,66,526,554,185
33,62,23,93,543,593,185
1,30,92,126,541,595,185
359,179,534,231,632,725,185
236,189,236,234,587,659,185
17,22,19,53,523,575,185
71,88,116,156,562,639,185
50,53,109,124,552,598,186
74,52,111,80,561,616,186
135,145,233,180,574,651,186
2,23,30,70,513,526,186
61,86,176,217,557,636,186
83,73,283,105,579,657,186
78,92,178,117,573,649,186
312,271,470,396,609,712,186
293,212,393,284,583,663,187
22,38,97,58,546,609,187
340,166,459,226,634,722,187
307,307,246,257,585,655,187
120,79,62,99,558,612,187
142,110,276,181,587,655,187
660,281,570,219,659,755,187
294,123,312,94,618,700,187
5,35,66,110,524,591,187
210,148,334,229,594,671,187
134,80,262,126,591,680,187
115,133,226,262,568,639,187
154,130,166,180,629,685,188
121,151,80,151,561,620,188
190,194,93,161,578,651,188
105,132,29,111,530,589,188
141,141,77,130,556,639,188
787,447,793,362,676,776,188
46,44,167,175,561,642,188
536,444,559,417,638,746,188
5,33,30,50,528,577,188
55,71,179,120,560,607,188
85,93,100,113,555,640,188
231,230,352,383,593,672,189
297,281,310,272,592,684,189
26,49,45,48,537,576,189
80,100,33,99,531,577,189
132,139,230,182,574,645,189
452,327,425,233,613,704,189
114,111,113,92,557,613,189
117,155,22,87,525,550,189
181,190,250,288,570,637,189
412,316,492,289,623,715,189
165,111,265,167,597,673,189
19,50,98,121,531,583,189
206,202,193,252,564,632,189
27,54,82,116,535,579,190
519,443,418,334,605,697,190
165,132,266,234,579,659,190
74,82,59,68,530,562,190
22,36,48,112,516,530,190
134,137,165,157,567,635,191
83,76,103,90,557,623,191
262,184,272,182,594,684,191
5,37,56,118,482,479,191
117,137,235,231,567,643,191
403,369,307,265,613,711,191
98,91,172,113,562,626,191
165,205,84,186,520,537,191
161,192,79,152,554,621,191
37,42,99,94,547,602,191
21,44,75,88,529,608,191
175,143,118,114,553,608,192
200,85,280,173,611,680,192
505,365,482,383,642,739,192
314,175,371,183,624,703,192
7,34,112,177,524,572,192
25,39,93,141,530,586,192
95,85,243,143,589,666,193
7,39,64,129,539,597,193
77,103,177,123,559,627,193
310,326,365,288,589,666,193
334,176,225,154,604,681,193
217,241,198,223,563,624,193
48,71,38,68,520,540,193
328,332,337,295,610,711,193
74,101,156,192,521,551,193
36,52,63,87,530,611,194
402,351,279,272,616,709,194
482,243,486,379,620,716,194
197,115,148,105,583,642,194
744,488,526,388,652,750,194
521,253,418,213,640,734,194
71,87,69,97,521,564,194
162,94,124,97,581,646,195
100,123,65,138,595,624,195
19,29,73,89,517,538,195
366,174,621,209,647,751,195
63,60,148,116,564,627,195
296,303,300,280,581,661,195
192,162,286,284,592,670,195
0,21,14,50,498,541,195
201,147,383,176,608,694,195
220,131,210,211,572,634,195
937,739,785,599,676,788,195
287,273,246,200,593,673,195
120,137,73,108,545,600,195
35,76,39,136,509,534,195
207,231,237,267,566,642,195
329,162,324,157,618,700,195
69,66,299,137,586,671,195
154,143,245,163,596,677,195
6,24,51,77,532,604,195
28,52,62,111,521,580,195
10,32,68,102,520,564,196
7,32,45,88,499,511,196
130,86,198,154,580,663,196
43,50,144,177,548,610,196
14,39,116,155,523,559,196
188,143,158,143,577,649,197
792,452,820,464,693,807,197
5,21,38,60,514,537,197
264,241,329,225,596,674,197
133,107,219,103,591,642,197
120,152,96,186,537,581,197
274,294,191,232,590,679,197
33,68,80,127,546,618,197
72,89,55,91,537,591,197
97,131,55,137,537,585,197
13,37,97,126,521,566,197
67,62,94,79,553,612,197
204,137,280,183,601,686,197
183,182,146,165,559,620,197
73,91,168,152,564,633,197
116,91,322,185,587,663,197
92,95,60,80,563,614,197
345,212,339,243,616,704,197
105,84,135,103,556,614,197
171,137,204,195,576,643,197
234,226,287,266,571,645,197
127,138,76,116,552,628,197
33,51,33,99,522,567,198
138,156,66,124,536,584,198
626,206,573,192,661,742,198
137,111,245,164,581,653,198
98,49,268,143,585,653,198
131,155,144,182,572,652,198
86,75,108,56,566,638,198
83,83,36,76,519,524,198
468,191,622,198,645,731,198
126,141,94,86,535,575,198
26,56,59,128,522,576,198
52,59,69,76,555,611,198
12,39,89,84,542,581,198
4,33,86,141,519,562,199
116,141,119,185,540,594,199
31,53,43,111,536,590,199
90,116,130,130,553,614,199
27,55,31,52,513,552,199
164,105,164,206,582,655,199
151,145,255,163,566,639,199
22,45,66,100,529,609,199
126,140,111,175,565,624,199
146,91,184,153,577,647,199
55,81,189,110,555,618,199
6,39,82,87,534,587,199
25,45,64,74,542,624,199
126,132,202,198,554,637,199
85,94,185,159,555,635,199
2,25,80,78,545,611,199
68,54,188,127,570,638,199
308,224,372,287,616,702,200
28,57,191,208,556,648,200
274,297,109,97,571,640,200
337,213,713,268,640,733,200
159,124,255,164,587,670,200
113,154,17,100,544,575,200
37,69,72,128,531,575,200
225,204,360,225,597,687,200
139,90,371,227,586,667,200
57,59,152,127,540,605,200
6,25,71,132,511,575,200
714,576,691,508,656,765,200
62,69,68,93,539,580,200
226,126,429,251,607,683,200
101,108,126,170,556,617,201
23,43,19,71,519,546,201
183,167,245,257,592,680,201
65,94,130,167,550,623,201
519,420,309,241,615,711,201
34,61,171,117,538,600,201
67,105,24,84,524,534,201
48,67,86,78,544,587,201
748,286,759,303,647,749,201
446,340,441,330,628,736,201
15,21,84,70,532,605,201
26,42,76,65,528,594,202
143,128,111,147,577,630,202
602,358,778,501,664,764,202
755,310,507,228,653,752,202
257,254,285,332,588,660,202
23,41,21,49,512,539,202
181,142,145,101,568,628,202
5,24,79,107,516,588,203
289,263,309,281,594,671,203
291,303,204,280,562,629,203
90,69,245,150,586,665,203
96,85,102,119,555,612,203
84,83,141,180,560,633,203
35,47,82,85,534,565,203
44,72,50,75,516,570,203
97,107,180,139,565,644,203
16,48,114,141,524,572,203
15,26,81,79,542,612,203
880,299,684,191,701,794,203
250,163,309,170,598,691,204
101,92,176,100,577,660,204
185,145,149,128,573,671,204
22,52,26,102,531,553,204
399,251,293,261,602,685,204
375,221,377,247,622,716,204
179,108,248,189,609,680,204
159,130,257,164,596,687,204
119,70,210,129,571,631,204
88,92,20,81,536,569,204
120,99,32,67,571,635,204
420,333,420,332,602,693,204
291,320,145,257,543,595,204
19,31,28,82,504,514,204
4,21,59,114,509,597,205
171,157,272,269,586,666,205
0,25,52,79,514,567,205
54,66,82,88,543,598,205
508,161,761,182,690,784,205
72,69,34,104,533,580,205
233,223,218,209,594,672,205
30,57,55,113,523,554,205
81,108,139,167,552,606,205
317,208,355,190,594,681,205
50,55,40,60,546,604,205
321,327,354,360,597,690,205
47,50,95,123,548,609,205
94,95,67,81,561,644,205
367,297,224,293,599,676,205
643,438,498,314,662,772,205
14,45,47,80,512,544,205
4,25,38,102,512,525,205
29,55,92,91,551,622,205
17,54,14,69,525,531,206
0,24,24,46,507,571,206
359,166,632,275,653,756,206
666,384,864,701,708,829,206
221,99,309,119,625,705,206
109,101,45,73,565,634,206
123,129,23,69,535,587,206
15,25,36,60,528,607,206
182,184,204,199,571,643,206
24,36,23,61,518,568,206
518,427,381,369,625,712,207
166,100,425,243,611,703,207
172,94,105,107,583,647,207
254,189,174,137,582,646,207
68,93,160,209,537,587,207
331,331,387,392,602,699,207
319,178,382,215,638,734,207
59,82,148,198,548,611,207
15,41,79,148,510,540,207
328,296,411,341,619,720,207
4,32,40,100,502,560,207
403,217,283,178,639,725,207
27,53,52,100,517,532,207
67,91,177,158,571,659,207
161,115,380,176,613,693,207
42,36,167,89,563,621,207
104,136,124,215,525,577,207
53,47,208,118,568,620,207
266,277,107,156,574,655,207
386,289,254,238,601,670,207
90,87,102,70,559,624,208
43,33,115,85,539,596,208
63,68,51,105,522,536,208
165,86,224,108,590,638,208
22,25,55,69,537,554,208
69,37,266,119,566,637,209
246,234,405,339,591,684,209
33,60,57,105,526,553,209
35,52,113,99,538,587,209
226,215,329,242,593,673,209
703,639,522,457,652,768,209
292,264,451,369,637,754,209
196,174,162,225,576,646,209
2,27,78,149,516,590,209
54,91,142,112,541,601,209
0,22,128,135,555,632,209
75,93,117,128,543,587,210
36,52,157,136,528,575,210
29,37,132,129,536,580,210
499,163,510,196,670,761,210
108,105,93,136,543,600,210
42,44,55,74,540,582,210
96,77,160,164,568,632,210
398,188,344,166,624,710,210
15,27,53,76,522,551,210
79,107,110,158,547,592,210
68,96,67,154,506,544,211
285,203,465,251,623,721,211
310,218,235,174,597,694,211
413,385,440,402,624,726,211
236,221,359,211,592,676,211
131,156,79,124,575,646,211
85,111,169,144,569,664,211
79,75,353,123,590,676,211
159,131,209,88,585,665,212
53,80,81,109,539,576,212
9,33,78,139,533,596,212
28,47,115,134,543,615,212
527,438,219,230,592,673,212
80,85,156,122,557,622,212
291,197,677,477,646,752,212
23,51,24,73,532,569,212
339,219,285,262,607,694,212
113,69,209,116,582,662,212
249,262,210,261,573,649,212
50,63,59,84,529,580,212
16,23,108,100,526,597,212
15,25,80,76,538,590,212
12,20,49,61,508,589,213
112,116,157,100,556,628,213
13,42,15,83,499,515,213
51,70,17,83,518,555,213
2,28,44,95,509,527,213
174,141,88,131,563,615,213
313,149,232,127,608,677,213
395,237,303,262,613,695,213
43,61,95,123,549,604,213
43,70,193,206,560,629,213
89,115,82,116,541,595,213
518,333,316,244,621,712,213
426,201,469,254,632,729,213
91,102,165,167,541,610,214
34,52,72,63,533,594,214
167,127,169,161,594,670,214
37,32,223,142,544,595,214
0,27,18,89,493,507,214
77,57,135,93,574,649,214
204,134,59,100,561,618,214
186,92,153,92,575,625,214
242,176,264,159,598,667,214
20,40,159,130,537,599,214
470,337,395,298,614,708,215
229,198,201,221,581,651,215
348,366,194,271,567,624,215
294,184,354,272,610,694,215
34,51,37,99,521,563,215
32,31,46,44,538,591,215
11,38,32,94,505,537,215
254,273,223,245,577,660,215
111,137,203,207,573,647,215
232,267,203,292,561,632,215
32,64,20,106,503,503,216
43,62,132,122,547,628,216
49,73,14,94,526,578,216
124,136,25,75,553,632,216
160,179,228,254,584,670,216
111,89,251,213,580,655,216
414,178,593,221,642,733,216
18,42,132,131,538,598,216
253,142,280,103,604,682,216
162,86,121,83,572,642,217
280,304,257,311,567,641,217
375,244,296,209,614,707,217
185,123,386,257,592,677,217
182,173,361,221,593,684,217
18,36,94,124,523,562,217
72,109,35,115,514,555,217
145,160,191,232,544,600,217
51,58,38,83,518,582,217
0,29,64,125,507,542,217
404,387,322,374,623,729,217
265,242,311,304,588,680,217
96,61,125,134,566,630,217
7,34,102,143,532,594,217
30,46,48,79,521,591,217
33,44,156,167,551,636,217
45,74,138,161,532,557,217
0,24,47,75,487,461,218
32,45,244,103,559,639,218
721,505,630,446,656,768,218
0,25,54,57,540,575,218
36,50,24,51,529,579,218
613,529,474,364,622,730,218
161,131,85,87,568,644,218
220,259,71,140,548,598,218
4,34,22,86,501,565,218
327,305,246,275,606,694,218
385,270,460,268,626,726,218
13,35,33,88,514,558,218
166,156,227,219,586,669,219
1,25,32,77,511,555,219
5,33,53,108,502,511,219
827,647,486,439,626,727,219
573,355,678,310,650,761,219
122,153,133,174,544,616,220
54,64,180,150,571,650,220
116,141,140,170,566,620,220
55,69,298,162,572,644,220
1,25,24,57,512,557,220
1,24,114,92,531,583,220
31,37,109,125,533,578,220
194,159,94,84,562,622,220
157,173,169,220,558,621,220
42,56,20,98,517,562,220
525,306,504,327,646,730,220
83,85,92,128,537,587,220
375,213,268,139,619,705,221
333,259,378,283,635,728,221
256,221,372,369,598,686,221
319,276,169,187,578,651,221
23,26,52,55,521,559,221
51,66,86,102,536,583,221
99,120,51,143,565,649,221
116,82,61,65,555,605,221
629,379,641,358,636,737,221
152,103,101,108,578,638,221
50,74,100,112,528,555,221
282,306,107,193,564,638,221
19,43,24,80,531,605,221
0,29,44,92,502,547,222
15,47,130,149,522,554,222
61,80,97,127,548,627,222
134,153,192,150,565,645,222
0,24,83,120,510,562,222
141,132,124,137,563,628,222
38,52,171,143,556,608,222
451,400,275,250,582,657,222
65,97,22,96,498,506,222
208,163,366,337,591,681,222
494,251,550,275,633,732,223
264,185,166,190,580,659,223
41,52,30,59,540,610,223
5,36,49,125,490,527,223
26,49,163,163,539,593,223
228,107,531,243,630,713,223
154,126,175,170,583,663,223
645,309,664,377,659,765,223
40,47,37,51,531,581,223
56,70,19,65,527,592,223
332,288,326,254,619,711,223
199,96,339,233,608,673,223
322,344,195,282,570,662,223
0,24,22,42,518,554,223
93,102,43,88,553,616,223
13,38,13,69,500,538,223
5,38,67,86,518,541,224
476,349,518,366,635,725,224
665,566,573,496,642,755,224
87,122,33,98,523,562,224
53,89,74,144,529,602,224
84,92,44,72,541,586,224
228,263,88,196,543,608,224
16,39,69,113,509,522,224
6,37,25,92,500,539,224
487,289,326,186,643,736,224
0,22,62,87,516,564,224
49,69,50,113,550,598,224
251,170,400,294,610,704,225
12,22,143,77,524,592,225
153,154,163,158,559,634,225
784,716,465,500,626,725,225
55,87,34,116,522,549,225
549,426,369,246,617,718,225
145,118,293,192,586,665,225
47,74,33,82,529,586,225
114,134,219,253,556,624,225
106,129,61,91,554,621,225
227,167,152,111,590,663,225
178,195,100,158,549,619,225
39,68,48,115,527,590,225
111,138,51,103,546,609,225
274,166,260,147,598,682,225
21,43,39,64,482,476,225
68,92,25,65,513,594,225
161,135,209,198,577,663,225
54,53,191,142,572,652,225
25,59,54,124,503,551,225
47,71,90,139,532,578,225
39,56,145,191,549,631,225
27,63,193,138,539,613,225
131,92,92,64,555,628,225
295,225,172,187,578,650,225
123,106,254,197,582,670,225
18,41,29,76,514,568,225
304,225,551,276,613,719,226
10,44,69,111,511,560,226
131,164,139,167,559,632,226
72,67,219,167,551,606,226
4,35,62,106,516,549,226
188,214,218,284,598,720,226
0,27,85,80,496,555,226
264,200,446,363,613,714,226
190,213,195,189,567,668,226
49,82,60,112,518,583,226
242,235,175,161,560,637,226
25,40,97,63,529,580,226
231,241,197,248,575,666,226
127,78,190,158,546,613,226
3,27,23,55,503,561,226
376,337,414,378,595,696,226
19,42,51,99,489,493,226
100,112,100,94,540,608,226
28,46,131,148,546,628,226
216,174,93,85,555,616,226
11,40,22,65,524,576,226
321,303,284,313,607,699,226
488,357,295,265,607,707,226
118,140,87,125,551,617,226
551,309,541,214,651,749,226
279,299,108,184,545,605,227
454,411,352,379,598,696,227
18,30,114,100,545,610,227
17,39,45,83,498,528,227
503,267,524,208,628,723,227
501,442,336,317,599,681,227
69,71,93,90,547,621,227
210,190,142,185,546,604,227
515,374,600,396,640,746,227
846,475,798,464,658,758,227
183,217,65,157,547,599,227
64,69,86,86,515,550,227
36,56,192,191,554,640,227
0,25,41,66,491,475,227
54,73,129,197,520,575,227
434,253,746,375,631,727,227
165,139,117,95,568,642,227
184,154,136,169,559,624,227
128,135,259,240,565,649,227
192,228,133,229,556,619,228
417,291,612,380,642,752,228
212,214,395,266,588,680,228
32,69,131,147,526,615,228
0,25,14,26,494,517,228
429,266,477,287,631,717,228
71,93,178,174,537,630,228
85,121,107,197,516,561,228
26,46,71,103,533,602,228
25,60,18,91,506,544,228
66,63,55,94,542,608,228
291,296,203,232,564,640,228
166,149,317,201,583,680,228
166,172,327,241,588,694,228
266,182,459,302,605,713,228
154,191,52,117,543,624,228
148,95,407,212,612,709,228
15,36,132,104,508,555,228
87,111,182,122,565,645,228
17,41,90,67,524,590,228
89,108,66,91,541,608,228
80,103,257,201,554,616,228
5,33,91,96,520,603,228
128,88,21,38,557,627,229
47,46,108,120,537,567,229
608,363,591,371,646,750,229
79,103,163,174,537,601,229
785,545,635,357,634,741,229
91,107,307,334,561,648,229
487,395,548,380,628,726,229
767,651,680,614,664,779,229
359,201,417,213,621,710,229
635,322,690,322,657,764,229
251,210,171,150,571,643,229
52,76,78,134,508,576,229
61,88,38,110,544,613,229
98,118,82,122,527,585,229
177,139,129,174,586,656,229
28,63,63,156,511,578,229
62,74,182,133,542,595,229
0,20,51,51,517,599,229
403,359,445,413,612,714,229
189,187,180,166,584,689,230
156,152,395,330,603,705,230
307,338,107,164,565,651,230
315,292,451,279,597,696,230
35,60,81,106,540,621,230
16,43,131,160,538,610,230
213,227,375,335,585,674,230
28,65,59,115,509,546,230
62,101,65,129,532,582,230
141,149,182,144,566,636,230
20,48,23,63,499,545,230
93,107,256,247,593,700,230
212,141,429,184,595,676,230
109,76,238,146,580,661,230
231,229,228,188,580,678,230
211,163,231,226,592,673,230
64,50,116,154,562,632,230
108,99,167,111,557,611,230
50,81,111,126,532,600,230
350,370,176,236,554,620,231
96,76,125,107,540,592,231
100,81,164,129,573,656,231
263,251,150,189,590,675,231
125,82,89,98,581,652,231
74,81,55,72,528,582,231
207,218,296,264,573,668,231
75,71,192,98,570,652,231
221,178,356,178,602,700,232
126,153,162,202,550,631,232
48,71,148,134,556,636,232
73,95,59,112,517,521,232
247,197,478,359,625,728,232
42,59,121,112,538,595,232
284,183,244,149,565,646,232
49,54,67,82,532,579,232
180,120,98,107,573,621,232
381,306,259,281,605,693,232
8,38,28,85,499,528,233
68,75,28,68,547,626,233
389,245,378,236,623,715,233
157,91,236,145,587,665,233
84,77,74,99,530,589,233
52,86,69,131,526,562,233
85,85,362,261,584,669,233
59,90,126,194,530,598,233
683,439,754,456,642,738,233
39,49,212,178,544,613,233
64,72,144,125,546,601,234
907,640,783,637,687,793,234
53,83,72,105,521,558,234
3,34,25,102,494,532,234
27,61,35,126,514,567,234
36,65,133,140,537,601,234
377,235,485,265,636,722,234
391,356,408,351,603,701,234
0,24,20,80,515,577,234
277,225,424,315,585,679,234
1,34,50,100,507,524,234
210,208,345,223,602,709,234
29,50,77,85,522,590,234
25,48,92,70,543,601,234
22,29,98,84,537,611,234
17,28,108,113,531,600,234
190,178,366,298,585,676,234
24,50,165,159,538,601,234
648,567,595,347,640,745,235
251,245,322,357,584,687,235
592,354,657,361,638,738,235
23,48,20,84,510,540,235
674,356,351,223,622,712,235
62,91,41,88,525,576,235
313,218,399,187,620,713,235
76,115,13,105,517,560,235
117,92,207,121,581,645,236
16,48,167,195,530,582,236
37,68,144,169,550,633,236
353,192,571,272,632,732,236
266,169,219,135,600,701,236
524,370,360,219,600,693,236
15,40,55,85,516,574,236
77,97,195,87,545,636,236
23,57,23,68,515,562,236
157,174,289,310,572,660,236
162,173,160,171,557,639,236
13,44,44,86,522,565,237
524,443,541,470,648,745,237
192,155,270,256,570,638,237
266,266,226,305,594,689,237
37,48,84,106,527,585,237
30,37,89,128,528,580,237
49,67,40,72,529,568,237
21,42,107,95,535,575,237
210,221,101,146,562,634,237
30,43,13,67,532,579,237
28,51,36,88,509,517,237
491,379,248,258,605,692,237
252,193,295,150,593,669,238
84,102,80,143,530,564,238
89,112,88,132,530,579,238
104,144,127,148,539,558,238
199,227,150,236,546,607,238
424,383,479,303,607,709,238
1,24,33,81,508,553,238
53,43,77,112,534,587,238
187,147,262,204,601,703,238
30,50,53,57,517,567,238
44,65,48,65,546,612,239
215,177,317,164,582,662,239
0,27,17,70,493,541,239
77,100,152,178,547,628,239
290,132,437,222,618,710,239
271,196,249,224,595,674,239
150,164,114,173,556,635,239
99,98,404,246,583,678,239
41,35,80,55,540,602,239
101,108,165,137,555,619,239
382,337,550,504,638,748,239
191,119,315,219,577,648,239
10,37,130,116,525,588,239
780,496,710,453,666,776,240
235,272,139,242,542,591,240
445,319,533,367,637,744,240
182,218,280,327,569,662,240
433,269,529,296,647,752,240
152,168,318,291,579,668,240
76,92,352,253,577,658,240
53,88,183,143,552,645,240
364,212,657,304,637,733,240
96,69,149,156,569,641,240
19,39,61,70,528,590,240
169,138,157,133,581,659,240
15,41,15,56,508,536,240
32,66,29,86,537,593,240
60,56,53,61,532,600,241
316,268,91,160,618,671,241
364,328,212,194,594,660,241
63,94,32,102,512,536,241
213,162,305,195,593,663,241
158,133,69,141,536,615,241
10,25,191,136,548,613,241
208,203,354,347,588,675,241
74,54,151,84,566,634,242
62,71,127,103,533,594,242
280,211,277,154,598,671,242
930,577,831,479,662,765,242
674,289,855,308,684,779,242
65,81,59,87,536,594,242
166,111,100,104,585,657,242
242,162,269,121,610,713,242
352,181,529,250,620,713,242
178,145,297,150,591,683,242
32,40,68,80,531,592,242
470,252,484,314,634,728,243
110,108,110,173,511,530,243
83,90,163,101,550,619,243
121,141,49,105,553,599,243
752,479,881,470,666,772,243
67,81,85,134,544,614,243
141,143,74,122,542,606,243
150,155,325,297,580,668,243
232,112,224,101,608,677,243
252,215,401,313,606,700,243
482,398,236,251,605,687,243
173,104,96,104,599,664,244
196,194,81,104,549,583,244
101,112,265,254,557,644,244
174,166,250,279,556,631,244
105,117,124,160,547,617,244
532,401,651,602,652,758,244
227,224,287,203,579,652,244
422,331,500,301,618,710,244
168,107,374,235,596,677,244
88,121,166,215,546,624,244
71,105,79,113,537,579,244
577,342,697,354,658,765,244
30,59,30,68,518,572,244
101,94,14,62,538,592,245
11,40,25,73,517,553,245
56,41,107,89,559,624,245
90,96,100,124,546,599,245
357,326,246,229,592,676,245
91,66,77,80,575,638,245
248,173,322,209,610,704,245
411,209,475,210,618,707,245
153,112,381,183,591,675,245
16,24,36,51,506,512,245
14,44,61,126,508,563,246
173,136,345,214,597,677,246
460,278,432,263,620,720,246
39,68,48,66,524,599,246
14,22,65,81,521,593,246
167,206,50,84,566,652,246
169,200,184,196,567,622,246
6,29,90,124,515,538,246
94,130,62,103,542,603,246
10,33,46,93,525,592,246
214,140,193,154,589,658,247
189,99,168,94,587,645,247
161,113,153,128,561,623,247
5,27,27,64,508,507,247
15,21,99,78,533,573,247
150,176,73,154,546,608,247
199,154,131,100,582,654,247
73,51,130,111,558,611,247
10,38,15,83,487,491,247
31,33,52,69,520,561,247
129,152,47,92,540,592,247
268,230,461,244,619,719,247
22,20,18,69,524,543,247
107,76,160,133,567,628,248
34,46,20,55,501,520,248
42,66,14,81,509,547,248
30,40,41,63,507,543,248
151,159,34,132,548,613,248
220,225,277,288,567,640,248
33,31,159,99,531,590,248
111,106,61,126,546,603,248
17,30,148,107,521,588,248
200,212,137,189,556,630,248
233,239,187,244,561,629,248
67,90,97,105,546,623,248
250,252,173,237,571,644,248
29,45,87,83,528,585,248
624,320,530,240,639,742,248
464,326,397,256,609,688,248
850,620,774,487,681,788,248
54,49,146,131,571,648,249
443,156,360,127,603,674,249
98,87,243,187,550,611,249
364,357,63,84,576,653,249
39,35,145,114,545,610,249
329,155,446,249,619,710,249
506,412,633,482,657,760,249
47,77,58,96,519,573,249
329,166,341,182,605,682,249
499,279,672,280,628,723,250
299,230,319,221,592,680,250
40,64,20,100,512,560,250
418,417,155,232,573,648,250
529,180,525,201,650,741,250
431,329,577,499,650,766,250
188,182,207,242,603,711,250
126,113,216,121,579,654,250
30,55,13,78,507,541,250
521,410,438,309,625,722,250
712,239,569,253,665,759,250
138,121,204,152,573,666,250
85,109,18,46,528,569,250
70,74,124,157,542,601,250
3,35,66,153,479,501,251
222,222,304,242,578,657,251
383,331,230,221,579,647,251
292,136,433,180,620,704,251
47,71,58,108,544,604,251
128,103,211,150,569,640,251
213,142,185,128,585,667,251
690,317,599,309,653,749,251
22,25,116,84,533,604,251
88,101,80,138,534,576,251
1,32,28,100,496,533,252
98,120,33,77,517,552,252
46,46,18,59,536,562,252
117,128,168,188,543,594,252
521,307,520,266,624,732,252
374,144,377,216,642,731,252
133,97,166,90,579,654,252
43,41,92,72,541,609,252
66,85,119,169,559,612,252
456,289,428,301,622,726,252
30,54,114,131,530,577,252
20,33,110,89,529,599,252
65,97,95,146,541,599,252
489,412,566,397,636,736,252
332,302,425,430,604,720,253
99,64,187,131,575,654,253
715,441,643,342,640,738,253
108,109,147,102,545,620,253
64,98,99,161,538,598,253
144,138,124,189,612,667,253
41,65,80,148,540,613,253
4,23,66,118,508,576,253
72,77,103,157,538,581,253
29,51,109,115,523,533,253
44,73,55,93,524,569,253
267,220,389,283,615,701,254
200,211,137,195,599,702,254
19,49,63,138,505,528,254
1,26,78,67,515,561,254
336,312,194,261,598,688,254
21,40,29,63,503,524,254
257,189,253,243,601,666,254
13,31,126,136,531,590,254
508,183,442,171,640,730,254
583,388,642,455,644,742,254
349,190,466,225,620,712,254
56,89,166,147,521,571,254
122,107,91,130,540,601,254
93,131,63,142,517,527,254
68,67,135,122,554,625,255
126,164,29,117,531,582,255
148,143,60,98,563,622,255
62,87,107,109,535,572,255
339,277,318,216,609,680,255
29,48,233,223,531,617,255
696,492,559,465,639,724,255
219,127,263,152,608,677,255
88,94,143,173,547,611,255
134,114,217,121,569,630,255
492,209,370,183,629,709,255
900,443,834,509,680,781,255
542,393,445,317,618,683,255
766,531,658,422,649,750,255
148,148,66,111,550,611,255
265,138,425,189,619,702,256
112,106,168,151,554,618,256
202,105,356,202,593,668,256
48,44,84,129,560,627,256
152,80,240,111,593,671,256
202,134,108,162,569,656,256
73,101,86,166,529,591,256
11,26,124,100,541,627,256
28,61,17,97,486,501,256
108,127,132,141,563,640,256
6,26,17,53,525,584,256
75,89,73,113,541,595,257
50,34,114,75,545,617,257
383,118,315,115,629,719,257
44,83,37,49,525,577,257
159,79,321,136,606,675,257
168,187,18,121,525,577,257
28,55,147,198,518,588,257
12,21,30,65,507,553,257
217,229,187,241,564,634,258
54,86,22,51,517,512,258
78,112,42,130,527,555,258
358,158,460,214,632,724,258
470,400,283,287,593,675,258
55,70,120,83,524,542,258
30,50,19,54,517,569,258
326,316,193,265,580,650,258
32,65,29,88,509,515,258
827,287,779,307,673,771,258
30,56,106,106,528,583,258
114,131,158,165,564,634,259
10,38,36,108,509,586,259
361,195,317,150,612,701,259
139,148,203,222,567,661,259
42,59,214,148,553,630,259
53,83,32,111,501,525,259
13,28,75,103,480,476,259
298,208,271,252,582,664,259
188,134,487,247,603,701,259
89,64,216,147,572,635,259
0,29,49,58,504,558,259
45,54,40,98,515,538,260
447,236,471,215,631,720,260
244,259,110,195,561,644,260
123,142,32,94,554,639,260
55,73,131,187,557,633,260
749,530,539,351,638,737,260
155,136,243,136,569,633,260
89,110,157,148,545,599,260
306,173,421,221,629,727,260
13,24,89,76,527,583,260
183,144,175,143,565,628,260
103,109,112,120,544,611,260
16,40,41,93,512,548,260
626,595,443,417,609,697,260
238,233,256,249,580,663,260
252,253,286,315,569,644,260
207,179,136,148,564,644,260
467,462,291,349,592,675,260
27,55,57,51,514,578,260
46,83,24,85,507,505,260
62,101,72,168,498,481,260
78,87,66,110,536,568,260
23,56,16,98,507,528,260
61,63,59,85,544,585,261
263,143,447,188,612,704,261
133,102,219,186,585,659,261
82,93,28,92,540,593,261
0,21,89,69,526,599,261
29,43,37,78,535,554,261
2,32,22,55,503,521,261
100,132,95,166,545,605,261
709,549,632,495,634,734,261
15,34,82,103,524,574,261
58,43,115,68,557,620,261
700,369,726,344,661,760,261
72,106,48,132,523,580,261
41,41,40,93,542,574,261
147,172,239,254,568,641,261
30,52,52,56,538,604,261
22,59,74,139,513,551,262
317,247,284,191,609,683,262
22,44,75,124,519,528,262
7,35,59,104,520,566,262
202,201,211,254,558,637,262
53,77,43,76,493,501,262
181,181,224,202,574,631,262
299,141,416,189,623,704,262
440,367,402,300,620,710,262
5,35,64,78,535,585,262
80,99,103,135,546,607,262
30,60,100,180,525,587,263
627,583,409,400,616,708,263
28,58,74,120,518,555,263
24,56,39,117,530,594,263
21,30,114,69,545,618,263
133,139,187,169,566,637,263
157,185,156,233,554,624,263
7,36,39,114,522,582,263
80,93,111,163,532,590,263
39,39,25,34,517,584,263
231,159,304,214,581,667,263
365,193,365,242,608,697,263
222,178,360,256,581,664,263
19,39,82,108,525,585,264
317,136,262,146,594,661,264
143,85,233,140,592,665,264
47,60,69,78,518,524,264
326,91,329,104,645,724,264
109,124,81,130,539,570,264
299,274,321,331,589,669,264
22,54,59,142,498,514,264
55,39,88,60,536,581,264
18,23,68,45,521,549,264
90,120,135,226,538,591,264
3,27,178,201,539,612,265
161,170,334,346,584,668,265
621,431,779,435,655,760,265
140,159,21,71,540,602,265
44,72,84,139,540,614,265
144,105,311,182,591,681,265
5,20,87,100,532,579,265
308,115,369,167,623,703,265
128,124,358,232,582,664,265
265,250,199,228,570,644,265
0,22,16,80,484,517,265
175,174,210,163,565,652,265
0,23,29,65,496,558,265
19,22,26,56,510,541,265
190,178,112,121,562,631,266
320,287,249,193,574,647,266
269,115,562,304,630,716,266
73,105,69,136,531,585,266
97,110,151,170,531,557,266
77,81,99,79,558,611,266
37,73,27,107,510,537,266
232,181,145,129,563,633,266
436,232,610,261,643,737,266
32,61,62,143,517,533,266
443,254,650,510,653,760,266
375,179,605,276,642,739,267
126,122,128,129,556,621,267
39,47,68,87,540,609,267
75,91,100,135,542,598,267
337,324,416,347,595,683,267
175,197,182,252,546,600,267
41,66,109,128,535,583,267
160,187,179,230,569,646,267
14,23,18,46,507,536,267
490,277,580,294,627,730,267
659,388,630,395,649,745,268
67,86,81,76,549,593,268
95,101,275,289,555,624,268
318,324,317,329,572,658,268
343,199,359,139,614,697,268
239,258,276,282,571,660,268
51,47,63,49,559,607,269
3,29,101,125,515,566,269
38,57,54,103,538,600,269
274,253,329,335,590,673,269
38,66,39,89,487,526,269
135,150,202,169,553,613,269
43,48,84,65,536,611,269
64,95,61,116,527,631,269
138,89,195,176,573,641,269
236,201,371,265,603,697,269
18,55,18,65,510,560,269
16,27,189,149,550,637,269
76,113,38,135,530,584,269
346,225,472,202,623,715,269
433,249,383,236,616,700,269
37,56,82,126,543,623,270
173,131,283,245,588,663,270
193,142,267,183,578,650,270
94,120,40,96,509,546,270
144,68,325,188,594,679,270
427,349,441,410,615,711,270
47,45,38,100,520,558,270
69,49,92,129,559,601,270
204,130,257,133,586,655,270
476,306,485,297,617,708,270
132,89,59,73,553,594,270
440,287,321,288,631,717,270
39,35,77,49,524,563,270
140,154,175,181,549,622,270
86,96,203,157,546,615,270
153,141,75,112,573,642,271
172,85,235,132,584,657,271
150,172,96,143,539,601,271
442,289,484,344,633,724,271
56,70,101,74,550,630,271
35,64,77,150,515,564,271
65,90,17,90,510,540,271
74,75,109,121,541,593,271
534,219,528,266,641,729,271
65,90,87,167,537,572,271
96,113,135,171,556,624,272
6,32,35,47,531,578,272
33,23,140,69,542,598,272
66,88,21,62,528,544,272
14,47,58,129,512,543,272
46,63,102,98,557,627,272
185,150,281,174,594,655,272
182,107,282,113,593,695,272
203,168,380,205,611,702,272
259,174,531,298,626,719,273
510,376,517,328,625,728,273
134,90,158,133,576,654,273
10,39,65,106,517,539,273
59,72,79,126,530,586,273
106,149,40,139,499,534,273
47,43,17,57,537,588,273
27,37,57,66,518,550,274
28,39,82,77,532,598,274
112,125,135,169,537,597,274
164,123,144,127,567,636,274
179,90,161,103,610,688,274
313,254,261,222,601,678,274
8,28,104,131,521,572,274
0,21,15,36,505,563,274
408,301,400,327,633,732,274
32,46,54,94,518,571,275
10,24,126,94,531,598,275
52,54,18,71,531,582,275
6,39,47,118,498,519,275
10,30,142,93,531,623,275
26,55,116,174,509,554,276
144,151,213,166,550,624,276
373,378,157,226,578,658,276
33,45,141,136,551,611,276
222,185,342,313,573,648,276
660,390,328,245,625,712,276
201,159,173,128,589,677,276
0,21,26,54,500,592,276
351,210,476,208,614,687,277
34,47,134,109,542,586,277
50,60,111,82,550,597,277
27,21,76,48,532,582,277
115,142,104,189,538,581,277
160,131,255,150,586,643,277
265,146,290,209,610,700,277
234,109,371,141,610,694,277
406,318,426,288,612,695,277
247,131,200,171,577,649,277
793,349,766,335,680,755,278
404,403,153,237,583,664,278
11,31,45,62,516,556,278
137,100,118,92,560,607,278
309,268,244,200,577,652,278
241,157,323,172,573,643,278
121,111,289,213,594,672,278
514,174,692,268,677,765,278
210,243,91,161,536,585,278
392,391,273,328,596,678,278
142,154,277,174,565,641,278
524,526,299,318,603,690,278
490,468,311,351,599,680,278
55,87,69,153,497,482,278
285,153,379,182,624,715,278
331,337,301,326,579,661,278
124,79,218,193,565,628,278
339,125,315,183,624,719,279
213,223,75,167,546,606,279
350,345,189,225,550,598,279
128,122,88,75,555,623,279
577,278,531,248,646,743,279
159,104,215,139,591,671,279
436,376,330,331,601,702,279
197,177,182,176,570,647,279
365,261,281,237,603,684,279
42,63,90,121,516,581,279
116,155,101,169,517,563,279
60,53,172,106,546,633,279
9,37,51,117,502,526,279
149,148,92,138,559,620,279
87,70,165,110,564,618,279
520,373,363,257,606,693,280
82,61,183,150,562,615,280
71,87,107,127,540,599,280
157,100,151,104,593,671,280
70,86,107,126,535,590,280
57,68,139,127,540,592,280
107,131,173,207,562,621,280
279,157,342,205,608,695,280
30,49,42,64,518,561,280
882,463,875,361,692,792,281
166,59,450,137,631,715,281
78,103,147,165,546,603,281
365,233,573,202,665,749,281
140,136,50,79,552,603,281
56,84,41,94,522,546,281
22,47,95,115,538,606,281
58,73,178,133,560,630,281
83,111,125,157,562,637,281
142,162,184,199,558,629,281
58,80,181,136,547,618,281
498,385,590,463,643,750,281
6,34,90,119,535,599,281
1,24,125,80,532,613,281
612,261,557,215,652,750,281
204,186,323,208,574,658,281
590,428,617,456,644,743,282
283,234,287,236,573,651,282
130,93,115,107,560,610,282
76,52,177,107,558,616,282
26,25,116,72,536,585,282
331,348,166,241,566,643,282
105,59,115,56,586,652,282
66,62,88,103,541,592,282
44,65,36,93,517,506,282
701,469,590,301,650,745,282
40,55,65,77,529,584,283
317,189,260,121,599,678,283
735,461,689,509,674,791,283
25,35,80,86,516,596,283
2,20,33,65,492,533,283
313,299,275,304,588,678,283
452,334,347,285,609,698,283
97,102,127,163,535,578,283
131,142,166,174,559,614,283
607,225,744,239,666,759,284
569,251,874,339,676,774,284
432,226,363,235,609,679,284
23,51,44,86,527,575,284
0,23,18,84,491,499,284
105,141,111,209,521,531,284
119,151,27,125,520,551,284
515,393,564,261,631,722,284
261,149,341,154,599,651,284
59,66,69,80,539,601,284
163,199,186,230,546,610,284
609,209,913,272,680,777,284
14,42,47,102,502,515,285
333,112,273,188,630,718,285
178,152,40,59,550,587,285
46,59,24,95,532,600,285
284,204,284,164,593,666,285
351,131,253,116,608,677,285
21,30,106,83,543,603,285
25,62,30,99,503,535,285
339,314,306,224,597,693,285
16,40,48,111,505,556,285
5,26,50,65,507,556,285
48,64,68,56,538,593,285
38,44,65,80,535,601,285
99,120,105,134,546,599,285
353,230,574,378,636,743,285
725,273,778,306,666,764,286
183,146,275,179,564,648,286
310,265,256,279,599,690,286
307,283,428,451,610,709,286
69,82,109,155,544,617,286
498,227,367,203,622,705,286
9,29,76,81,521,594,286
192,122,125,136,563,628,286
130,157,70,165,553,617,286
264,220,395,356,605,679,286
11,25,47,74,514,587,286
210,236,135,210,577,652,286
122,94,101,132,549,605,286
245,262,225,299,577,655,287
77,65,243,167,575,649,287
93,103,169,170,547,590,287
38,60,72,80,519,587,287
367,233,544,370,634,731,287
0,26,52,89,519,563,287
166,155,324,217,596,681,287
92,130,64,147,515,568,287
353,127,627,232,648,742,287
13,41,78,141,520,588,287
41,63,169,169,571,654,287
8,32,39,64,510,553,287
299,153,283,172,600,677,288
0,21,67,113,488,497,288
38,43,73,97,534,582,288
294,117,394,139,621,704,288
153,156,110,168,548,611,288
442,215,426,248,617,701,288
20,21,60,68,509,557,288
235,183,316,221,586,665,288
489,311,465,290,627,720,288
294,278,193,208,593,657,288
511,357,656,424,677,786,288
32,33,79,82,522,552,288
54,58,88,78,546,605,288
344,311,265,250,590,691,288
278,267,343,345,588,677,288
7,21,37,51,504,543,289
162,116,165,117,579,661,289
13,33,65,128,518,558,289
194,184,175,188,562,615,289
601,319,418,267,650,752,289
72,64,17,129,541,583,289
30,48,107,130,528,595,289
315,286,279,254,581,657,289
31,51,61,71,521,567,289
263,225,123,106,580,658,289
234,140,138,104,593,680,289
17,39,27,71,511,516,290
145,164,182,212,555,628,290
64,60,145,102,564,640,290
74,100,35,93,523,541,290
377,202,331,128,623,712,290
590,398,501,300,639,735,291
52,64,33,73,531,574,291
44,73,86,149,526,585,291
65,97,69,143,541,588,291
149,122,21,68,548,628,291
197,148,263,152,599,673,291
409,216,430,260,616,701,291
125,72,157,111,584,665,291
68,83,12,36,555,612,291
29,54,54,132,523,588,291
218,139,462,264,611,703,291
185,146,146,104,576,642,291
47,55,136,125,545,616,291
943,527,803,468,660,768,291
19,52,50,110,520,586,291
107,138,127,180,539,605,291
113,97,217,182,573,661,291
655,515,743,426,660,758,291
60,96,50,127,534,589,292
20,48,74,98,532,591,292
62,78,148,99,541,591,292
69,81,96,141,528,572,292
17,26,63,96,507,543,292
654,478,394,299,621,714,292
92,83,143,151,554,629,292
91,106,144,201,542,611,292
936,514,776,392,676,778,292
281,201,331,194,584,652,292
81,99,22,78,523,582,292
77,87,208,211,574,647,292
70,90,140,184,553,624,293
54,56,85,120,538,565,293
770,449,455,247,622,709,293
170,123,73,107,584,654,293
145,158,207,264,567,641,293
172,183,90,141,560,616,293
912,569,825,442,683,795,293
65,83,112,104,541,604,293
57,88,51,105,536,587,293
2,27,135,132,529,598,293
153,129,123,172,574,661,293
46,47,84,89,541,566,293
0,24,80,71,516,580,293
173,202,47,128,529,583,293
159,122,364,208,603,687,294
213,238,53,149,544,607,294
48,66,222,163,531,579,294
276,257,131,143,564,630,294
51,77,86,128,533,567,294
31,53,21,76,494,548,294
653,221,635,306,669,761,294
25,31,46,84,522,578,294
77,78,22,68,527,574,294
570,267,478,215,635,724,294
167,143,472,358,613,701,295
104,77,150,105,576,642,295
141,151,36,111,546,596,296
367,124,332,116,642,730,296
335,260,212,171,585,662,296
137,100,162,85,558,622,296
143,68,384,134,620,703,296
402,213,368,253,620,698,296
32,43,82,127,536,583,296
425,263,446,234,613,705,296
192,143,273,167,591,673,296
284,151,225,131,589,665,296
107,80,90,98,563,611,297
121,78,189,112,559,617,297
65,70,62,83,545,618,297
131,146,203,220,570,649,297
175,126,212,182,596,673,297
69,76,99,66,542,600,297
569,450,592,450,638,745,297
163,184,191,246,565,643,297
394,378,348,357,602,693,297
233,150,134,124,570,638,297
473,300,733,582,661,776,297
871,665,620,472,666,776,297
60,73,224,215,547,619,297
65,101,44,124,525,591,297
13,43,67,127,505,554,297
450,468,354,374,595,678,297
111,95,216,134,570,633,297
422,237,457,261,622,713,298
0,25,20,53,490,542,298
54,47,126,86,543,600,298
89,111,35,61,544,589,298
140,124,349,252,603,697,298
10,37,42,81,508,569,298
13,32,13,61,515,568,298
98,118,92,149,545,619,298
88,97,77,105,557,623,298
19,37,111,125,537,605,298
68,78,78,68,542,581,298
93,57,136,90,559,629,298
65,71,31,62,523,566,299
569,244,342,177,633,721,299
7,25,46,85,503,535,299
28,34,64,66,522,569,299
36,59,52,102,526,562,299
28,50,36,88,520,579,299
67,97,144,187,550,627,299
19,23,18,42,510,530,299
195,79,255,177,588,667,299
192,106,182,182,571,634,299
20,46,197,137,527,572,299
39,62,73,99,541,587,300
14,36,22,54,502,558,300
172,152,98,173,557,626,300
175,199,60,125,549,628,300
94,61,127,94,568,643,300
16,27,130,111,522,583,300
304,260,376,241,598,679,300
124,115,77,106,543,594,300
0,22,66,138,499,500,300
74,91,26,52,538,579,300
49,62,123,151,530,573,300
255,203,173,184,557,618,300
942,511,795,334,670,767,300
305,184,310,166,617,696,300
473,455,344,348,604,692,300
161,175,40,89,557,642,300
95,95,45,67,548,605,301
253,267,201,231,577,659,301
8,20,73,101,522,603,301
9,26,31,83,520,591,301
188,130,118,166,559,618,301
9,20,66,72,510,581,301
224,251,133,226,524,569,301
80,88,91,115,564,643,301
4,30,45,81,508,547,301
37,54,68,74,534,582,302
33,32,121,83,549,608,302
330,129,382,182,632,719,302
728,282,764,305,667,766,302
18,39,53,137,508,555,302
171,180,192,230,555,611,302
185,94,407,142,617,702,302
276,270,246,239,584,672,302
756,567,437,286,630,724,302
371,181,363,129,641,742,303
172,143,134,115,570,642,303
30,29,26,47,503,524,303
507,472,385,377,601,694,303
261,173,312,242,594,681,303
92,94,86,124,550,616,303
36,70,19,97,502,514,303
226,143,326,191,593,686,303
103,128,87,153,526,562,303
0,20,68,56,505,549,303
35,63,130,134,522,599,304
704,466,719,414,659,764,304
366,145,487,182,639,728,304
174,160,127,109,572,643,304
62,81,84,98,538,616,304
178,180,223,145,579,655,304
0,22,33,54,502,495,304
483,253,528,234,634,731,304
9,43,13,104,486,481,304
5,36,75,90,542,587,304
158,197,162,218,538,591,304
270,296,153,236,564,646,304
24,52,29,81,509,534,304
249,270,189,196,551,624,304
54,56,38,95,528,541,304
239,255,114,158,555,624,305
74,77,267,254,570,657,305
110,127,82,145,540,592,305
48,41,93,85,544,585,305
387,189,345,199,620,713,305
530,254,491,332,639,734,305
717,269,660,296,676,770,305
20,34,49,83,517,561,305
529,223,593,272,648,738,305
69,94,90,94,519,566,305
704,574,625,546,660,776,305
12,34,90,74,521,566,306
579,552,477,443,625,731,306
14,41,66,108,521,584,306
214,172,180,164,580,659,306
529,282,746,366,655,771,306
320,214,355,254,612,711,306
15,21,61,55,517,575,306
31,59,93,104,539,606,306
43,78,39,117,518,556,306
0,24,14,39,500,558,306
49,74,39,83,533,578,306
33,37,81,105,562,640,306
84,96,139,155,556,615,306
218,160,78,94,590,664,306
203,116,333,179,612,699,306
65,92,36,115,518,557,306
60,80,96,158,528,570,306
55,42,50,84,541,586,306
132,91,309,190,590,675,306
14,32,46,115,525,577,306
175,125,134,78,579,653,306
279,212,292,309,615,703,307
16,27,39,45,526,593,307
99,86,19,56,565,624,307
453,238,325,186,627,713,307
152,148,173,157,568,652,307
84,70,200,179,578,641,307
231,146,435,246,609,701,307
157,96,268,162,595,684,307
17,29,64,101,511,554,307
82,98,172,126,572,655,308
157,121,228,96,591,674,308
237,150,133,123,587,650,308
45,51,161,125,547,628,308
188,114,132,112,580,654,308
17,27,74,66,528,599,308
97,106,181,191,552,612,308
395,176,191,119,607,689,308
42,38,58,85,529,574,308
193,192,127,115,560,635,308
108,102,236,222,577,664,309
348,260,227,204,607,688,309
97,71,191,170,568,634,309
469,253,289,142,622,699,309
126,135,217,255,549,616,309
758,497,829,431,673,777,309
76,99,13,99,502,507,309
21,41,81,89,521,562,309
127,83,87,67,582,652,309
53,47,91,95,555,611,309
56,82,104,119,547,605,309
454,288,549,400,655,756,310
23,57,26,84,502,546,310
112,74,175,104,569,644,310
0,22,26,76,493,533,310
372,226,556,366,635,737,310
12,33,15,61,525,570,310
106,121,137,187,547,628,310
193,209,331,251,590,674,310
75,71,256,180,567,667,310
383,197,327,187,599,694,310
263,241,172,180,571,630,310
40,66,107,104,525,571,310
616,393,579,344,646,754,310
100,126,87,115,555,631,310
44,59,73,83,548,611,310
667,309,533,257,658,760,310
377,390,197,249,577,662,310
565,407,470,329,625,730,310
218,148,216,184,587,667,310
38,49,95,119,505,551,311
48,48,131,102,544,612,311
603,489,360,291,625,729,311
921,517,768,416,684,791,311
309,256,429,372,619,716,311
237,125,279,226,605,687,311
18,23,118,153,532,597,311
766,268,660,178,672,770,311
545,295,635,214,640,735,311
114,112,115,139,571,651,311
74,83,101,112,534,586,312
192,193,114,174,581,651,312
32,36,40,76,540,599,312
418,302,298,197,608,687,312
153,153,73,78,553,620,312
5,22,35,53,500,532,312
217,169,359,233,607,694,312
526,387,542,361,636,729,312
287,202,279,216,592,677,312
441,198,354,306,635,715,313
816,376,690,293,678,780,313
169,194,121,210,523,560,313
0,23,56,92,519,548,313
245,230,210,191,584,667,313
292,251,352,298,607,695,313
53,68,52,101,534,603,313
33,46,53,113,522,557,313
55,75,107,152,543,586,313
339,178,384,175,614,695,313
342,220,376,243,604,685,313
45,73,61,127,522,556,313
424,346,420,372,616,715,313
34,63,23,95,498,560,313
132,126,166,153,557,626,314
80,98,67,104,533,595,314
397,355,294,293,605,689,314
28,64,33,114,507,563,314
102,130,43,89,558,634,314
242,181,331,259,597,695,314
598,358,476,326,633,725,314
191,160,93,70,580,648,314
171,131,354,207,601,685,314
412,360,552,534,618,727,314
116,116,259,239,584,677,314
10,43,18,92,515,556,314
32,62,49,85,527,564,314
264,168,342,112,603,683,315
159,166,239,259,561,635,315
27,34,63,105,518,564,315
103,126,138,182,560,614,315
180,139,115,138,572,646,315
104,118,177,250,558,637,315
152,140,218,191,572,659,315
253,107,376,133,629,726,315
185,139,191,185,586,675,315
54,72,153,90,554,628,315
475,399,491,400,633,740,316
132,158,70,143,558,630,316
115,122,245,246,581,668,316
5,37,20,104,502,538,316
366,165,368,215,632,724,316
71,99,76,99,531,594,316
491,361,350,284,607,698,316
111,85,208,129,572,644,316
54,47,71,88,539,594,316
239,232,155,190,573,645,316
369,361,285,310,579,676,316
0,24,21,81,498,511,316
587,167,803,198,669,770,316
42,56,149,117,543,605,316
323,253,539,432,632,735,317
51,44,26,42,527,569,317
11,31,95,138,517,563,317
336,317,232,236,565,631,317
99,74,74,72,549,593,317
227,179,184,156,571,645,317
18,21,44,59,522,590,317
153,63,227,86,593,665,317
116,74,84,103,563,604,317
220,195,180,173,571,647,317
899,635,646,464,662,767,317
39,50,36,91,505,556,317
508,223,548,244,645,730,317
111,130,176,224,547,621,318
438,301,496,321,636,727,318
22,38,59,117,522,556,318
162,134,204,131,567,638,318
444,304,469,308,634,730,318
729,627,648,480,657,760,318
16,42,41,126,502,541,318
56,67,81,104,528,569,318
88,52,195,102,568,646,318
259,274,175,269,573,644,318
445,247,502,242,642,734,318
60,78,68,137,530,599,318
39,63,160,215,533,585,318
170,159,335,252,589,660,319
189,177,28,71,564,642,319
282,174,138,139,586,656,319
262,198,385,267,584,672,319
19,50,50,74,517,533,319
56,82,255,173,557,633,319
276,205,392,240,608,686,319
87,97,149,160,549,623,319
758,686,720,669,650,762,320
423,362,337,292,603,700,320
88,104,128,77,546,606,320
30,53,143,160,533,587,320
22,22,121,104,527,579,320
20,44,87,108,524,616,320
86,80,179,137,581,663,321
31,27,178,85,545,607,321
98,99,193,124,554,591,321
480,291,679,368,641,743,321
276,246,214,238,583,656,321
171,175,138,195,548,614,321
84,78,121,107,560,621,321
29,41,45,96,509,569,321
170,155,315,263,581,681,322
462,173,683,267,637,721,322
117,111,232,156,567,645,322
136,138,175,188,580,668,322
3,36,47,70,503,569,322
153,131,142,136,567,635,322
218,189,299,265,575,666,322
373,154,336,169,609,701,322
19,28,94,88,512,574,323
58,63,73,99,536,578,323
182,123,72,93,596,662,323
22,33,121,92,533,592,323
211,202,282,248,588,668,323
307,162,273,168,609,686,323
13,22,94,89,524,547,323
578,449,601,427,650,763,324
139,82,171,103,577,656,324
842,328,848,229,691,791,324
96,69,55,85,533,594,324
320,252,324,172,614,700,324
319,248,471,409,627,738,324
138,133,186,205,570,647,324
400,231,606,299,642,741,325
77,97,190,125,555,609,325
454,207,443,128,636,714,325
129,74,177,98,584,658,326
393,284,293,226,589,677,326
113,59,215,129,584,663,326
2,26,56,122,507,557,326
19,26,72,82,537,600,326
3,36,41,79,517,565,326
79,103,58,95,534,594,326
200,202,201,163,577,652,326
7,35,76,65,544,609,326
60,45,188,103,573,662,326
529,427,529,383,634,724,326
87,90,265,252,566,661,326
107,76,78,108,560,631,327
50,85,42,49,515,562,327
158,142,69,126,562,615,327
333,318,317,235,596,694,327
19,34,15,35,517,550,327
210,165,340,227,589,675,327
71,63,116,55,555,608,327
30,61,18,100,506,534,327
504,468,280,304,605,703,327
339,156,172,132,610,694,328
603,370,731,339,662,764,328
3,33,14,64,511,536,328
875,580,950,543,681,789,328
645,380,711,383,645,745,328
294,256,457,401,619,708,328
124,157,44,139,530,576,328
198,202,207,179,564,633,328
153,116,194,142,552,611,328
73,79,122,121,543,596,328
95,92,333,222,581,660,328
58,68,111,145,553,622,328
332,275,351,254,612,702,328
33,69,53,138,519,594,328
102,138,67,134,528,570,328
176,216,65,139,544,595,328
127,79,228,144,581,643,328
43,56,87,93,530,561,328
0,21,30,86,503,556,328
73,103,173,217,536,607,328
417,335,507,352,623,736,328
762,362,634,338,642,749,328
231,101,543,213,627,718,328
38,60,45,83,525,578,328
305,183,296,220,607,704,328
56,83,190,204,550,613,328
178,98,107,115,570,621,328
44,73,42,120,484,488,328
14,26,95,66,528,571,329
837,647,690,580,675,786,329
228,247,157,218,545,614,329
217,199,248,253,564,627,329
195,221,100,197,529,589,329
75,67,119,119,540,617,329
553,357,563,330,654,756,329
800,355,845,295,670,768,330
625,437,695,472,635,750,330
102,96,185,191,559,629,330
254,247,245,267,580,672,330
214,189,162,130,562,642,330
287,190,450,303,613,697,330
133,147,226,280,546,617,330
0,21,57,76,505,546,330
179,199,79,145,539,620,330
124,111,88,119,554,624,330
102,122,98,136,555,628,330
27,25,91,69,521,617,330
106,125,98,79,556,628,331
64,84,80,144,525,575,331
86,80,88,131,538,602,331
117,146,32,108,526,597,331
127,144,179,232,539,584,331
401,347,564,467,624,718,331
45,70,33,101,512,527,331
79,103,17,85,535,585,331
34,52,186,124,551,625,331
14,38,111,91,524,604,332
24,64,79,119,505,547,332
56,81,155,103,543,643,332
186,101,343,139,604,692,332
103,132,219,221,532,614,332
0,27,238,147,558,678,333
39,67,126,117,525,602,333
13,46,35,51,513,563,333
29,59,47,96,486,508,333
0,29,69,130,466,432,333
3,40,41,92,487,537,333
444,342,490,293,625,740,333
311,303,255,264,548,618,333
5,36,70,58,507,580,333
99,116,219,110,572,676,333
245,284,179,220,555,641,333
147,175,180,133,569,654,333
84,127,70,132,529,599,333
126,181,19,84,491,501,333
72,114,124,119,508,576,333
18,57,28,93,456,436,333
3,41,37,120,449,401,333
45,81,116,167,505,577,333
1,31,147,117,500,554,333
95,116,290,240,567,655,333
250,196,265,180,566,646,333
44,85,75,115,515,556,333
29,67,128,154,528,595,333
93,137,105,192,506,533,333
84,119,47,114,489,519,333
0,27,44,116,434,421,333
183,215,225,250,551,634,333
48,91,37,96,487,530,333
37,63,97,143,499,569,333
231,177,300,195,577,671,333
135,166,137,127,533,599,333
32,54,119,108,527,564,333
14,57,33,106,521,427,333
237,183,235,230,588,677,333
221,131,233,162,564,647,333
199,200,222,258,552,649,333
166,201,164,241,529,598,333
224,261,178,272,532,616,333
1,38,20,105,428,488,333
595,446,614,461,632,751,333
133,183,68,172,483,513,333
66,91,114,157,485,546,333
155,193,66,166,501,578,333
15,50,90,116,484,528,333
151,182,18,96,481,522,334
198,182,153,169,532,597,334
184,202,18,110,502,593,334
190,243,26,136,443,365,334
138,132,206,262,515,576,334
71,109,45,134,474,505,334
196,134,306,294,565,654,334
40,81,75,166,478,523,334
282,284,103,182,557,653,334
269,213,106,124,594,704,334
18,43,89,93,493,517,334
40,56,133,154,534,624,334
182,126,146,160,554,658,334
199,151,287,188,551,638,334
64,59,96,75,513,555,334
158,186,67,145,499,559,334
115,167,50,134,489,519,334
53,87,35,82,481,524,334
39,80,103,171,487,567,334
0,30,38,117,442,409,334
2,39,42,126,454,494,335
161,201,133,237,516,588,335
400,447,25,133,505,569,335
91,115,334,385,559,654,335
508,376,607,439,629,749,335
102,80,137,164,536,624,335
615,632,279,251,558,653,335
72,112,21,95,455,439,335
19,59,30,125,449,452,335
22,58,38,125,477,497,335
119,113,101,97,504,554,335
68,91,74,133,474,509,335
857,640,478,341,617,720,335
15,25,45,88,483,563,335
12,48,82,170,443,438,335
399,374,258,289,578,681,335
45,50,22,82,487,536,335
5,40,28,108,454,458,335
30,61,91,175,519,611,335
314,256,361,283,574,663,335
1,34,32,87,499,561,335
56,95,82,157,471,470,335
407,406,442,471,591,690,335
97,145,13,118,468,455,336
30,65,23,105,502,541,336
72,99,135,173,510,571,336
463,459,270,319,560,652,336
119,89,116,145,539,609,336
62,97,110,151,497,526,336
246,197,281,263,575,660,336
50,69,74,108,488,549,336
335,284,208,247,557,635,336
19,48,67,134,489,524,336
82,90,240,194,558,674,336
533,503,469,411,606,711,336
129,117,173,145,559,650,336
42,69,25,118,520,586,336
132,121,274,219,562,653,336
210,169,133,138,555,635,336
120,161,73,162,505,570,336
179,140,237,229,552,641,336
40,45,75,96,502,561,336
77,89,88,173,527,613,336
214,257,82,188,517,579,336
80,73,27,58,519,573,336
145,96,163,140,556,638,336
54,85,108,170,488,523,336
0,21,21,94,473,513,336
129,156,136,220,533,628,336
685,684,542,590,594,703,337
41,69,111,128,499,540,337
6,35,64,66,480,557,337
39,77,22,44,509,576,337
104,116,180,182,535,614,337
191,115,190,183,581,673,337
23,44,44,63,504,579,337
72,101,54,108,531,619,337
44,54,113,160,516,597,337
232,259,185,280,518,600,337
150,170,13,67,523,598,337
793,491,726,441,636,754,337
146,170,112,169,523,594,337
135,142,115,162,537,630,337
86,121,56,110,529,600,337
954,640,496,377,644,749,337
241,266,186,215,554,645,337
84,95,298,284,556,637,337
211,220,388,422,564,650,337
132,132,83,120,540,602,337
529,424,490,453,623,723,337
418,453,167,271,539,628,337
289,188,450,244,613,730,337
450,209,725,439,640,749,337
182,209,97,186,534,617,337
325,315,407,456,595,702,337
130,151,147,180,542,623,337
234,249,116,154,554,637,337
75,105,75,108,511,597,337
223,254,226,300,535,630,337
256,192,163,191,567,644,337
65,73,48,104,516,591,337
180,162,307,297,572,657,338
0,27,14,84,474,474,338
0,24,33,83,456,470,338
52,92,14,113,453,406,338
771,528,515,464,635,761,338
314,189,373,234,612,714,338
167,182,171,213,540,630,338
137,106,228,137,573,653,338
307,227,181,121,591,681,338
39,55,116,126,513,588,338
5,29,26,87,472,527,338
177,219,72,161,499,555,338
18,41,14,61,500,566,338
138,129,156,138,550,627,338
82,102,107,90,541,618,338
305,332,105,184,550,642,338
448,238,446,288,619,729,338
113,107,276,271,574,678,338
6,41,101,171,477,559,338
69,103,45,78,517,572,338
3,20,62,64,495,537,338
232,214,296,284,569,671,338
209,142,286,194,576,670,338
68,115,41,139,485,548,338
323,370,146,225,566,653,338
55,40,64,62,543,625,339
147,167,257,230,536,637,339
50,94,16,63,523,612,339
51,74,185,164,525,606,339
58,84,159,162,545,645,339
2,30,102,109,518,583,339
74,92,147,139,555,647,339
32,68,177,245,508,592,339
56,98,60,149,497,568,339
31,51,63,114,513,584,339
258,285,277,245,562,672,339
0,20,73,89,497,594,339
49,58,37,108,503,609,339
31,55,148,114,516,594,339
0,35,22,96,471,558,339
17,50,86,75,504,570,339
36,72,31,125,503,554,339
118,121,258,178,577,688,339
179,232,124,154,529,589,339
0,24,111,60,520,605,339
53,93,103,141,504,576,339
83,90,143,122,549,625,339
438,222,573,302,630,735,339
401,235,538,314,610,720,339
31,66,82,151,503,591,339
8,37,62,72,499,530,339
18,53,33,109,495,545,339
197,188,270,230,579,684,339
483,246,209,164,610,711,339
0,21,96,81,501,549,339
62,42,203,110,559,632,339
54,71,37,82,513,581,339
105,96,156,197,553,628,339
125,94,38,62,550,608,339
155,174,139,204,529,597,339
87,116,197,157,527,610,339
117,146,66,82,511,556,339
184,115,153,96,574,650,339
134,129,103,103,538,621,339
317,295,404,378,573,658,339
227,195,244,139,565,656,340
5,37,30,90,472,474,340
253,239,361,386,578,670,340
107,49,141,84,563,653,340
167,201,59,148,518,583,340
129,112,169,179,548,627,340
97,119,26,112,534,614,340
95,122,35,71,516,584,340
23,24,113,93,527,608,340
18,30,108,117,504,588,340
0,22,12,72,468,484,340
95,138,35,110,509,580,340
141,169,226,222,550,647,340
315,144,560,228,625,726,340
9,37,74,89,527,600,340
42,77,16,87,507,596,340
155,168,201,197,543,628,340
6,37,60,81,505,599,340
53,93,32,127,515,606,340
0,22,66,88,484,563,340
54,89,75,96,530,607,340
23,59,67,147,509,587,340
13,43,115,93,507,592,340
26,25,218,136,545,636,340
66,70,66,89,532,616,340
173,114,237,166,558,651,341
58,89,65,103,523,597,341
183,216,177,133,549,617,341
165,90,221,138,566,649,341
108,67,282,169,584,680,341
352,323,439,349,591,688,341
58,82,66,112,531,602,341
2,33,38,81,490,531,341
30,65,75,76,505,586,341
13,21,172,76,518,601,341
127,60,118,81,562,623,342
5,29,64,96,485,537,342
50,84,58,125,518,547,342
51,83,22,106,494,579,342
0,23,24,83,475,525,342
158,184,115,198,550,635,342
39,50,48,71,529,613,342
377,380,183,229,578,679,342
80,80,109,62,543,616,342
49,65,54,47,522,583,342
424,360,381,329,605,716,342
249,281,185,267,545,624,342
109,94,44,94,530,598,342
7,38,30,89,492,556,342
211,116,142,115,579,676,342
57,58,84,76,522,623,342
65,86,24,67,523,607,342
0,23,43,62,484,559,343
89,91,95,103,525,576,343
111,147,173,224,535,632,343
15,53,123,145,506,559,343
145,125,212,200,548,608,343
30,25,146,116,523,611,343
21,57,25,85,474,544,343
14,31,63,74,517,581,343
191,200,119,177,554,623,343
103,70,183,181,559,640,343
50,82,255,173,559,664,343
107,77,204,160,556,638,343
36,59,66,84,518,558,343
61,80,38,102,527,585,343
89,116,175,226,520,607,343
258,271,136,161,562,663,343
3,32,22,97,486,583,343
351,317,467,279,609,713,343
0,30,19,77,491,552,343
64,58,50,98,525,603,343
125,87,251,112,588,690,343
86,120,140,223,527,598,343
19,21,38,39,512,600,343
0,22,42,105,494,564,343
33,60,30,74,493,532,343
372,255,328,234,605,703,343
21,49,25,98,512,567,343
27,38,17,52,494,569,344
19,43,41,70,512,579,344
79,78,28,108,530,600,344
38,49,17,54,509,578,344
129,115,182,156,563,651,344
159,154,350,330,577,671,344
726,408,700,485,643,753,344
353,180,296,248,611,709,344
125,143,103,140,538,618,344
35,35,61,71,523,585,344
208,95,470,211,599,697,344
52,74,112,110,532,579,344
34,37,103,104,503,570,344
173,204,203,249,539,633,344
50,55,81,85,516,590,344
12,42,111,178,509,587,344
94,77,346,189,555,664,344
168,193,272,202,557,652,344
206,115,186,137,587,687,344
291,172,540,190,622,733,344
27,51,24,70,496,596,344
456,422,102,127,563,657,344
298,274,380,315,596,706,344
55,81,101,133,524,600,344
48,77,104,100,534,599,344
9,37,25,79,506,588,345
61,94,221,221,555,643,345
126,83,302,146,575,674,345
512,343,488,336,617,730,345
165,168,116,181,571,665,345
69,88,53,74,523,606,345
87,130,91,180,495,526,345
1,33,56,110,472,495,345
181,223,123,190,534,611,345
7,31,38,64,505,590,345
26,56,81,142,486,522,345
173,137,300,194,582,679,345
0,20,36,60,510,545,345
26,54,77,114,514,603,345
20,50,55,107,493,573,345
366,222,370,234,588,686,345
370,307,453,322,614,706,345
216,190,173,192,580,669,345
7,40,46,120,485,516,345
71,60,207,215,552,635,345
7,24,81,74,509,541,345
243,208,98,151,541,613,345
144,122,233,147,568,643,345
0,25,44,106,476,524,345
268,168,355,217,592,685,345
244,79,495,173,632,730,345
119,143,133,178,545,618,345
54,69,19,80,494,557,346
163,143,307,269,574,659,346
29,56,83,151,500,566,346
74,54,257,160,575,670,346
161,174,143,221,555,649,346
67,93,99,127,517,580,346
601,224,680,220,661,769,346
127,140,125,164,533,605,346
44,65,63,102,504,556,346
24,41,124,107,539,606,346
45,55,104,91,527,605,347
225,232,302,283,577,681,347
47,53,119,142,535,636,347
296,101,423,151,622,717,347
102,112,224,180,546,629,347
157,147,151,93,533,581,347
0,22,36,74,494,547,347
228,185,344,163,591,685,347
16,47,61,72,507,575,347
0,25,25,75,490,534,347
32,37,130,89,523,609,347
213,167,184,108,567,667,347
7,28,59,87,511,574,347
311,151,336,258,611,710,347
43,64,65,81,517,598,347
56,84,60,109,526,590,347
115,97,222,198,573,664,348
85,95,24,68,532,613,348
96,48,147,92,556,626,348
55,80,86,147,515,582,348
415,345,504,377,621,724,348
179,162,123,147,550,634,348
35,32,130,109,530,561,348
434,278,538,214,624,725,348
60,66,47,71,521,592,348
418,330,549,498,625,740,348
123,100,125,113,540,607,348
388,268,390,260,594,677,348
78,89,176,205,544,625,348
555,358,868,593,658,771,348
169,153,297,246,576,669,348
197,207,157,212,562,631,349
23,48,67,103,505,583,349
149,183,16,83,545,619,349
281,270,256,292,570,672,349
45,62,37,87,512,573,349
5,23,67,71,503,560,349
153,86,478,174,604,706,349
5,34,60,108,510,584,349
116,146,89,164,542,640,349
10,31,117,68,513,585,349
632,455,667,468,654,769,349
110,141,101,174,539,630,349
16,48,46,103,507,563,349
99,117,101,125,521,593,349
36,32,146,81,543,628,349
238,243,116,208,554,644,349
74,50,109,90,538,614,349
349,203,497,283,622,727,349
294,312,235,301,556,640,349
34,54,63,84,526,598,349
1,27,26,90,484,495,349
151,141,159,223,567,655,349
537,400,410,319,624,723,350
339,315,268,307,589,697,350
330,285,170,170,576,661,350
19,23,20,51,503,566,350
63,78,45,130,514,590,350
59,83,21,109,503,544,350
193,118,332,190,586,682,350
78,110,64,148,521,613,350
16,45,15,55,508,558,350
21,58,33,108,489,546,350
195,119,115,95,568,653,350
24,49,83,75,511,566,350
396,374,322,345,588,692,350
119,146,187,230,539,620,350
371,175,362,166,600,702,350
30,58,92,150,512,552,350
197,224,75,116,543,642,351
75,117,63,122,531,595,351
361,374,310,303,568,657,351
94,119,171,215,542,620,351
102,132,19,102,537,617,351
98,83,106,115,553,624,351
136,154,86,85,547,622,351
234,240,179,175,562,656,351
5,22,197,81,537,616,351
15,33,60,64,514,612,351
22,38,135,99,539,612,351
296,129,447,164,613,710,351
12,30,15,54,505,563,351
221,216,171,191,577,668,351
17,49,61,121,488,529,351
103,113,213,192,536,616,351
186,181,173,168,543,628,351
695,317,802,296,679,790,351
66,100,118,188,523,605,351
494,365,509,423,611,717,352
159,160,80,164,541,631,352
589,360,525,304,646,755,352
165,167,189,219,552,632,352
32,44,70,100,510,551,352
424,285,626,327,645,750,352
240,149,231,202,565,648,352
497,302,422,293,614,709,352
12,41,56,137,512,549,353
160,165,378,400,571,673,353
166,145,330,306,577,670,353
18,37,69,97,523,612,353
163,166,255,271,569,661,353
10,24,117,93,498,571,353
17,25,71,80,519,604,353
184,156,354,271,586,683,353
25,51,24,86,516,568,353
45,57,44,63,526,594,353
428,417,427,444,604,704,353
38,41,51,59,524,608,353
73,89,120,135,553,640,353
363,279,231,206,592,701,353
219,205,211,261,581,679,353
115,94,148,154,553,631,354
52,75,95,165,513,586,354
27,36,48,63,527,577,354
91,111,40,89,501,522,354
40,56,51,73,510,567,354
123,128,46,102,544,609,354
71,58,76,89,532,602,354
91,68,194,144,564,648,354
31,21,99,91,517,594,354
14,40,71,124,501,558,354
203,158,159,147,573,648,354
103,75,316,202,589,688,354
137,136,157,151,542,608,354
129,121,161,190,554,626,354
77,113,15,109,512,572,354
394,361,312,316,580,678,354
77,99,206,203,548,615,354
434,398,359,324,597,706,354
206,127,259,140,590,678,355
6,35,106,143,517,586,355
1,21,33,64,494,558,355
84,100,154,156,555,641,355
66,50,212,132,562,645,355
262,175,284,204,608,701,355
32,52,167,194,540,635,355
357,250,753,431,656,768,355
135,145,298,271,568,653,355
743,406,486,306,661,766,355
49,64,16,70,524,594,355
18,43,16,67,485,540,355
127,150,81,160,515,592,355
330,319,419,453,589,689,355
152,123,267,194,581,678,355
250,244,272,307,571,672,355
672,546,583,469,631,738,355
38,67,48,137,509,567,355
224,227,229,269,570,666,356
308,337,80,175,531,589,356
534,468,261,245,572,674,356
279,193,310,235,584,666,356
155,114,181,132,552,635,356
25,53,23,111,498,543,356
253,192,338,230,581,663,356
8,25,38,90,500,533,356
25,28,33,59,522,593,356
7,22,56,103,505,580,356
9,25,20,65,515,577,356
86,70,67,77,548,616,356
97,72,257,182,590,672,356
279,132,373,158,607,687,356
187,183,135,184,543,614,356
252,208,247,217,572,654,356
91,93,79,154,522,592,356
248,199,143,143,560,656,356
27,40,56,92,504,575,356
8,31,17,73,489,559,356
723,340,642,335,653,754,356
139,131,217,127,566,647,357
88,83,218,160,551,630,357
72,88,107,141,541,625,357
20,45,20,100,507,576,357
106,132,110,160,538,614,357
106,111,272,287,548,637,357
15,30,167,119,525,612,357
167,195,195,201,549,635,357
203,135,347,155,595,690,357
105,125,104,146,541,605,357
471,234,593,203,635,745,357
283,241,381,253,582,676,357
147,155,201,170,579,664,357
86,110,120,123,531,606,357
526,300,442,306,647,753,357
175,204,214,277,545,621,357
30,46,75,95,508,576,357
23,51,72,140,518,582,357
33,35,136,74,544,620,357
174,183,87,138,558,655,357
73,52,165,89,558,631,358
26,46,96,152,514,567,358
163,158,147,149,560,642,358
173,131,135,91,567,642,358
47,57,33,91,515,559,358
165,125,175,120,567,649,359
79,75,217,165,559,618,359
217,124,273,195,587,670,359
105,113,201,225,557,648,359
265,135,334,160,604,685,359
407,238,467,251,624,728,359
55,63,89,97,535,609,359
466,382,570,484,635,745,359
164,120,247,223,572,636,359
20,40,70,78,515,579,359
722,492,504,397,654,754,360
36,44,17,25,520,577,360
129,128,202,229,550,618,360
392,217,384,193,595,688,360
120,111,126,125,542,631,360
444,334,515,327,598,683,360
165,160,162,198,576,658,360
22,46,71,109,496,537,360
532,456,193,228,606,696,360
91,102,71,96,518,544,360
23,44,75,115,513,577,360
291,293,143,217,557,640,360
159,94,268,150,583,684,360
0,21,65,105,490,534,361
74,69,120,105,536,616,361
29,56,26,94,519,587,361
186,148,108,105,561,651,361
66,94,21,86,507,572,361
30,50,37,89,519,569,361
70,69,82,103,535,586,361
66,91,105,183,525,590,361
89,83,259,200,566,661,361
43,54,127,130,531,606,361
32,57,62,111,524,609,361
120,105,61,101,536,610,361
408,191,749,418,643,753,361
138,120,158,125,536,603,361
77,54,94,110,561,644,361
65,62,121,69,557,641,362
261,148,314,249,597,688,362
172,193,37,127,537,616,362
7,25,97,119,525,592,362
242,114,341,199,594,688,362
331,187,291,142,614,703,362
58,79,117,150,541,606,362
186,112,453,325,606,704,362
90,64,62,73,527,576,362
30,33,66,90,526,602,362
51,51,57,83,519,571,363
361,318,311,342,575,666,363
17,36,154,187,539,622,363
288,257,170,193,594,682,363
566,401,621,328,627,734,363
16,23,76,87,518,597,363
14,25,18,66,521,603,363
46,42,88,91,536,625,363
26,50,100,165,522,597,363
256,201,354,232,604,701,363
19,27,78,91,523,596,363
52,74,163,121,553,614,363
14,40,41,85,498,577,363
44,70,158,141,540,616,363
52,53,58,106,532,614,363
22,49,51,68,509,560,363
35,32,151,82,535,590,363
75,83,161,73,546,601,363
190,134,23,129,535,606,363
2,29,27,90,449,445,363
42,50,89,96,524,602,364
214,173,282,221,586,676,364
236,221,223,253,562,635,364
107,116,29,80,530,584,364
32,45,16,92,509,565,364
78,94,34,111,514,548,364
82,61,62,64,550,629,364
1,21,86,105,513,564,364
497,287,629,258,625,724,365
37,38,53,74,520,586,365
87,83,197,180,542,625,365
123,110,198,220,549,620,365
352,299,250,153,593,681,365
91,82,206,115,555,640,365
98,116,140,192,527,604,365
191,99,334,163,581,666,365
93,77,85,94,544,618,365
934,523,689,439,661,772,365
426,198,575,278,628,719,366
553,223,426,296,641,737,366
129,125,257,211,552,632,366
27,48,33,87,506,545,366
11,32,14,48,501,553,366
249,252,122,210,550,628,366
16,24,43,59,504,553,366
44,69,47,105,489,493,367
173,183,189,142,547,612,367
7,27,105,107,542,628,367
55,72,196,169,546,633,367
161,188,216,254,572,660,367
18,33,42,89,520,588,367
311,311,240,207,579,678,367
10,27,100,64,514,580,367
0,20,33,84,496,545,367
0,28,34,102,481,483,367
337,232,430,294,617,714,367
505,252,619,202,625,727,367
170,197,149,115,554,647,367
36,66,64,98,515,585,367
37,71,180,152,531,621,367
19,53,73,112,509,565,367
425,380,605,420,611,719,367
104,126,24,85,546,627,367
247,157,307,182,624,727,367
72,105,73,133,516,560,368
22,41,251,187,556,633,368
49,52,95,78,526,599,368
2,29,61,89,516,572,368
16,36,110,143,516,555,368
30,36,76,119,527,585,368
61,83,99,165,505,547,369
234,184,227,217,549,626,369
160,109,154,134,549,630,369
186,211,52,131,518,561,369
160,102,30,72,560,617,369
70,77,151,157,552,617,369
570,281,688,326,641,742,369
43,47,105,144,536,597,369
19,40,16,82,516,570,369
121,94,356,173,603,702,369
127,114,220,192,534,626,369
778,438,854,386,659,770,369
136,167,151,184,551,623,369
62,74,72,76,532,603,369
101,58,111,79,560,638,369
75,92,169,188,526,598,369
210,181,343,278,581,680,369
115,133,140,196,557,664,370
56,79,123,131,537,626,370
269,151,429,193,587,684,370
214,210,512,369,615,716,370
185,162,376,318,586,684,370
74,84,13,65,520,600,370
310,256,456,419,604,706,370
71,97,18,104,516,572,370
12,35,194,131,529,603,370
34,56,52,81,513,556,370
99,117,50,113,518,570,370
774,478,864,604,678,792,370
81,65,52,103,537,589,370
19,41,53,85,499,519,370
137,115,91,104,529,575,370
404,166,260,121,601,690,370
570,169,522,150,653,751,370
42,61,39,106,507,557,370
100,110,158,178,535,609,371
17,23,115,81,511,554,371
61,88,96,155,517,569,371
49,39,90,68,541,592,371
0,27,42,90,491,510,371
29,52,94,135,502,589,371
176,156,328,269,580,682,371
33,34,132,91,536,619,371
193,161,85,102,547,632,371
337,256,261,195,577,665,371
32,49,107,107,534,602,371
50,63,79,72,532,598,371
108,137,84,170,523,605,372
29,48,90,102,548,620,372
269,179,321,191,600,697,372
88,63,95,83,548,618,372
57,76,103,184,512,577,372
432,281,355,201,599,683,372
35,63,47,112,491,517,372
25,27,18,96,517,560,372
99,114,35,112,521,583,372
0,21,40,105,500,542,372
438,255,370,192,610,701,372
164,134,240,169,563,639,372
262,229,112,156,558,612,373
97,68,77,62,544,609,373
101,74,176,161,558,646,373
3,25,59,73,506,550,373
49,79,118,166,526,601,373
93,125,30,93,524,598,373
2,21,55,104,485,550,373
45,46,267,189,547,629,373
145,84,260,207,583,672,373
169,110,351,104,592,678,373
19,55,92,58,524,599,373
49,37,177,107,552,634,373
125,70,239,154,565,654,373
21,23,125,77,551,651,373
0,24,58,100,506,563,373
121,97,371,186,597,703,373
26,52,38,84,504,558,373
199,198,287,338,554,643,373
1,20,115,70,504,524,373
6,33,48,102,497,537,374
600,438,702,468,644,748,374
422,155,481,221,619,719,374
458,428,194,222,594,689,374
185,101,247,144,583,663,374
11,22,19,39,479,526,374
218,106,166,141,592,676,374
58,49,79,91,535,629,374
384,291,352,189,587,681,374
380,342,433,416,586,689,374
218,134,557,301,612,698,374
271,274,213,299,563,653,374
210,191,251,232,553,638,374
194,172,113,129,557,622,374
54,82,38,103,498,559,374
208,177,213,162,569,657,374
24,52,35,96,507,548,374
146,140,181,163,557,621,374
103,110,52,73,535,593,374
22,41,75,70,517,589,374
53,47,106,123,528,584,374
103,109,136,132,551,627,374
443,402,448,312,607,707,374
71,55,169,120,558,649,375
961,450,948,318,676,781,375
72,81,76,124,513,587,375
109,60,107,97,551,613,375
633,534,584,468,651,764,375
45,56,94,121,512,560,375
226,156,245,177,585,676,375
148,142,160,154,543,613,375
90,60,116,82,537,613,375
99,111,155,208,552,624,375
20,20,77,99,497,573,375
15,24,44,70,518,565,375
169,177,134,202,546,631,375
225,171,380,191,592,686,375
39,56,25,65,512,572,375
613,422,501,363,637,738,375
208,175,300,257,573,658,375
149,157,170,193,567,659,375
171,188,243,287,554,631,375
43,59,60,79,515,570,375
29,55,59,78,517,566,375
262,152,416,235,600,704,376
84,71,164,126,537,614,376
31,59,42,64,510,584,376
26,50,57,99,504,541,376
32,54,111,116,528,598,376
44,58,61,112,520,605,376
191,200,73,100,551,635,376
303,160,318,282,606,693,376
51,45,81,93,540,609,376
62,67,29,41,519,587,376
3,32,19,104,473,495,376
366,223,336,249,591,677,376
152,172,209,259,545,627,376
320,225,296,221,578,663,376
912,580,801,358,662,772,376
66,93,46,97,510,549,376
96,90,82,63,538,599,376
57,54,93,85,539,607,376
27,20,43,52,500,574,376
56,58,116,81,542,607,377
60,30,63,84,550,605,377
35,36,88,58,517,571,377
58,63,48,85,521,587,377
93,79,95,64,535,607,377
14,28,26,60,499,538,377
113,138,119,195,525,578,377
3,28,75,122,509,570,377
261,284,252,332,546,633,377
106,141,68,134,517,583,377
18,22,110,88,497,574,377
41,60,64,71,528,588,378
40,62,127,123,523,598,378
6,30,88,117,512,561,378
319,216,355,228,602,697,378
127,125,31,98,573,676,378
45,72,46,85,500,558,378
148,86,150,135,590,676,378
42,39,16,87,531,587,378
34,60,28,99,504,563,378
30,52,13,73,496,538,378
97,115,98,148,530,617,378
82,69,90,111,533,574,378
355,291,370,320,595,683,378
262,124,232,103,584,662,379
116,61,115,96,554,614,379
24,51,96,90,518,593,379
226,221,281,266,565,651,379
98,121,32,112,520,571,379
45,70,67,140,510,576,379
390,231,290,221,602,690,379
11,42,24,95,538,631,379
610,279,524,243,646,741,379
3,32,38,104,499,572,379
272,224,434,222,596,697,379
670,581,398,423,629,742,379
0,28,18,67,494,544,379
19,39,105,81,517,581,379
21,46,43,75,514,554,379
24,42,14,85,523,568,379
106,129,21,83,536,610,379
112,107,249,178,560,645,379
82,78,235,161,550,633,380
271,235,337,270,586,679,380
94,107,57,83,528,599,380
42,72,46,103,504,539,380
339,128,528,267,642,745,380
0,23,19,71,469,526,380
63,96,130,160,521,568,380
74,91,62,132,538,613,380
248,225,269,280,576,671,380
67,82,90,172,524,579,380
68,98,17,114,499,551,380
334,175,207,164,590,679,380
33,50,28,105,497,523,380
262,230,194,180,557,623,381
399,145,513,186,624,713,381
2,22,21,58,480,498,381
29,27,70,57,522,567,381
185,206,109,193,544,611,381
643,519,576,427,633,740,381
492,225,439,281,618,707,381
222,195,225,217,578,660,381
47,50,51,94,525,596,381
41,55,57,110,530,592,381
6,20,71,112,463,456,381
62,56,108,76,537,598,381
295,168,279,215,607,675,381
68,67,125,124,546,617,381
249,234,288,290,575,663,381
44,42,106,135,538,607,381
148,151,397,429,586,680,381
81,60,89,90,552,632,381
22,39,39,53,519,561,381
140,142,114,129,537,618,381
176,128,240,246,574,661,381
588,356,615,352,649,763,382
59,34,107,92,555,642,382
212,232,210,273,551,636,382
6,33,39,108,485,525,382
158,119,58,64,562,648,382
158,82,248,100,588,675,382
24,39,31,56,499,528,382
846,586,910,627,696,818,382
83,43,132,92,549,630,383
43,65,21,74,512,552,383
192,135,145,119,557,616,383
100,92,56,76,520,561,383
201,206,87,156,536,599,383
724,259,753,240,656,759,383
408,181,442,269,637,726,383
110,112,27,121,514,555,383
194,119,194,137,576,651,383
919,539,832,353,679,790,383
154,82,275,97,595,680,383
140,86,74,107,559,636,383
563,434,407,298,627,723,383
45,59,47,91,515,577,383
136,147,187,241,548,629,383
40,50,135,118,534,603,383
90,110,74,130,528,626,383
799,279,887,313,680,788,383
72,86,43,92,519,555,383
182,128,283,96,606,688,384
39,73,64,142,507,567,384
174,192,92,170,544,614,384
25,58,107,172,501,563,384
64,79,283,167,554,631,384
49,45,133,122,548,623,384
171,139,164,132,572,652,384
189,187,283,294,577,680,384
330,212,431,189,592,682,384
90,37,104,53,548,622,384
342,318,402,372,577,670,384
173,187,120,170,554,642,384
352,319,277,214,580,672,385
79,48,146,87,544,605,385
205,132,125,144,575,656,385
29,35,36,83,508,559,385
77,45,93,128,557,631,385
318,314,230,300,567,657,385
232,116,109,157,576,646,385
43,35,127,67,541,618,385
0,23,24,73,492,546,385
207,157,171,99,583,685,385
20,36,56,67,521,591,385
118,117,52,73,551,618,385
62,75,102,100,517,584,385
1,20,94,64,504,579,385
298,266,315,314,588,686,385
235,222,454,353,594,700,386
29,44,44,86,518,572,386
114,140,177,188,537,619,386
90,62,168,106,541,621,386
28,54,129,151,534,608,386
85,88,97,119,532,585,386
3,34,21,89,469,459,386
40,49,34,99,528,587,386
363,298,491,321,610,705,386
101,78,278,147,558,645,386
36,41,109,99,513,563,386
60,71,97,170,507,584,386
103,54,20,74,553,601,386
43,72,84,150,517,566,386
174,170,268,276,568,653,386
207,211,184,233,556,644,387
152,134,271,243,560,644,387
49,37,87,106,535,607,387
352,306,263,296,585,688,387
131,99,91,80,562,629,387
111,124,82,136,526,589,387
22,36,69,130,512,590,387
29,50,96,136,506,562,387
121,81,115,117,536,595,387
255,161,413,297,602,704,387
405,347,392,373,611,714,387
117,127,260,207,576,666,388
782,585,501,335,621,727,388
15,33,38,58,507,553,388
143,92,193,187,549,617,388
478,422,277,342,611,718,388
119,119,204,185,561,641,388
740,272,801,404,653,755,388
652,405,423,287,630,720,388
330,203,299,199,592,675,388
153,178,24,125,500,513,388
67,56,163,169,537,592,389
142,153,106,141,547,603,389
66,77,20,88,504,539,389
157,110,267,245,576,654,389
71,75,24,95,505,541,389
286,165,536,286,618,712,389
17,30,19,42,493,549,389
321,263,272,205,600,689,389
116,105,156,149,559,638,389
35,38,72,79,515,552,389
301,141,287,161,610,695,389
152,164,145,165,550,647,389
17,32,73,67,508,573,389
146,149,123,97,545,622,389
132,82,139,92,569,655,390
53,68,102,77,549,631,390
54,67,132,115,526,582,390
3,33,40,102,484,529,390
177,165,488,254,594,685,390
25,34,216,111,573,654,390
21,33,27,84,504,575,390
146,153,143,173,532,601,390
271,235,287,227,569,650,390
216,144,94,111,572,646,390
60,83,83,94,526,616,390
399,280,531,344,621,727,390
30,43,118,129,527,583,390
73,94,101,160,534,607,390
165,158,222,211,570,653,390
75,76,81,88,531,607,390
190,219,156,235,549,615,390
40,69,31,104,509,548,391
137,145,111,121,557,642,391
195,206,88,133,541,611,391
64,54,27,65,534,586,391
38,46,119,67,529,612,391
176,151,65,100,548,630,391
129,99,182,135,569,664,391
133,97,166,114,565,646,391
171,128,133,141,533,601,391
570,319,692,482,655,761,391
255,158,171,125,579,654,391
103,114,98,124,555,620,391
382,189,566,236,626,721,391
127,141,103,113,543,628,391
24,44,40,109,525,589,391
290,193,430,331,612,729,391
9,38,38,72,503,582,391
381,374,311,273,598,694,391
8,23,76,64,521,578,392
130,143,114,188,531,601,392
221,179,406,190,598,689,392
279,97,274,135,610,688,392
383,321,341,300,592,677,392
20,40,50,89,518,556,392
222,141,259,143,589,671,392
19,35,47,65,508,566,392
136,151,176,231,552,621,392
56,35,77,61,547,594,392
362,199,364,225,599,679,392
315,148,261,179,604,682,392
136,98,321,209,567,659,392
37,43,81,58,515,556,392
48,67,35,69,511,554,393
108,109,58,90,535,592,393
168,110,390,242,577,656,393
19,21,52,56,504,543,393
415,181,307,141,616,707,393
18,45,40,89,493,539,393
406,244,541,285,629,733,393
35,27,191,93,532,610,393
25,36,29,59,520,577,393
208,132,297,122,584,662,393
48,63,80,134,521,591,393
173,122,353,214,602,697,393
13,22,17,40,497,513,393
199,127,247,112,604,693,393
195,205,183,221,548,616,394
144,153,84,111,538,618,394
372,242,265,213,587,678,394
557,437,237,238,588,680,394
18,36,53,88,505,529,394
115,64,87,78,554,612,394
354,169,679,484,651,748,394
45,58,124,117,524,588,394
138,85,119,109,544,615,394
26,52,22,98,510,549,395
43,32,104,57,545,610,395
129,150,122,199,516,581,395
37,54,24,92,504,535,395
134,128,64,130,523,586,395
120,133,168,212,531,616,395
124,93,47,63,537,567,395
399,239,315,162,617,702,396
95,102,93,144,553,618,396
129,107,104,184,550,629,396
129,100,247,225,562,652,396
150,114,150,107,546,634,396
26,20,95,54,512,584,396
68,70,47,70,526,585,396
41,56,59,73,504,550,396
171,132,181,162,568,655,396
350,298,354,299,595,683,396
26,34,99,83,524,587,396
260,247,306,328,585,680,396
283,183,316,186,584,665,396
32,52,101,147,509,558,396
159,93,139,93,580,648,396
158,91,282,142,571,640,397
199,191,183,214,550,627,397
100,119,38,88,527,596,397
465,358,245,204,605,702,397
89,57,58,52,546,592,397
51,52,47,64,522,569,397
102,87,144,158,543,625,397
177,126,266,166,568,644,397
21,39,89,87,505,580,397
388,276,195,175,638,750,397
75,68,303,191,555,626,397
103,103,97,120,563,637,397
49,38,83,65,539,619,397
329,216,396,250,590,682,397
68,76,216,242,553,628,397
240,242,39,125,550,637,397
59,68,42,72,510,550,397
475,292,241,249,620,710,397
17,35,123,117,525,572,398
135,120,285,216,557,631,398
71,82,154,190,547,623,398
331,187,392,209,596,679,398
819,421,560,399,658,771,398
84,94,181,178,536,597,398
191,116,310,201,591,683,398
25,49,122,163,513,575,398
28,48,117,112,515,539,398
281,138,383,181,586,676,398
99,109,68,110,513,582,398
58,61,116,117,521,601,399
86,64,29,43,535,611,399
133,85,140,76,565,636,399
510,401,500,416,626,727,399
208,161,246,191,575,660,399
19,26,46,64,505,577,399
214,74,243,113,614,709,399
83,84,82,112,512,547,399
543,184,560,178,655,757,399
98,125,34,81,519,588,399
102,100,132,143,559,641,399
620,311,528,359,633,700,399
91,93,121,87,541,618,399
29,47,30,88,508,583,399
41,38,20,55,508,581,399
24,24,25,81,505,569,399
193,81,132,144,590,669,399
738,249,846,304,669,772,399
369,291,324,312,588,681,399
115,107,78,80,541,601,400
94,56,100,93,534,587,400
107,66,102,68,546,601,400
44,56,15,79,500,557,400
70,95,55,125,506,559,400
233,143,320,187,593,684,400
465,458,288,370,571,658,400
262,215,246,212,567,662,400
243,152,276,196,592,677,400
151,122,236,147,570,666,400
497,266,312,271,617,707,400
13,42,44,101,502,563,400
343,200,352,225,611,712,401
417,357,372,438,599,694,401
210,210,179,227,554,625,401
41,41,55,77,502,547,401
331,132,248,146,589,670,401
344,181,375,160,610,699,401
24,25,49,57,495,550,401
130,80,238,146,552,626,401
109,93,109,96,520,576,402
193,176,191,155,559,644,402
290,183,425,265,599,695,402
55,86,23,102,502,553,402
278,172,292,183,591,686,402
289,239,299,174,599,709,402
37,71,14,54,496,538,402
72,67,67,91,531,599,402
221,197,239,228,568,664,402
70,109,91,125,517,571,402
126,125,121,88,555,658,402
36,52,96,73,512,567,402
19,47,42,81,505,550,402
210,157,379,222,586,678,402
11,28,22,71,473,510,402
41,60,70,78,518,583,402
81,115,13,97,513,571,402
83,59,118,104,532,615,403
93,71,38,38,541,603,403
13,25,52,74,512,578,403
142,71,120,69,575,654,403
160,120,195,128,578,665,403
8,25,46,75,488,553,403
199,208,118,172,563,648,403
125,141,104,169,510,550,404
46,80,22,107,473,469,404
265,287,259,311,559,643,404
32,60,49,132,489,546,404
57,66,244,188,550,638,404
37,39,21,43,527,601,404
126,134,159,153,522,619,404
42,54,51,59,519,567,404
21,30,121,133,522,608,404
145,143,187,156,563,654,404
129,62,321,160,569,655,404
70,90,94,130,541,638,404
186,183,206,198,567,649,404
150,121,83,119,567,641,404
80,112,46,121,505,555,404
51,73,215,204,533,622,404
300,278,362,307,586,689,404
55,63,124,144,537,624,404
131,158,160,158,560,641,404
207,152,313,179,585,676,404
95,70,252,120,566,653,405
699,232,626,243,662,769,405
63,72,116,104,517,576,405
443,175,571,263,642,745,405
205,108,167,133,589,669,405
260,216,291,233,564,651,405
534,324,576,326,616,719,405
16,25,66,96,496,576,406
77,69,45,63,535,598,406
486,327,388,294,624,722,406
2,25,93,164,505,550,406
25,47,63,89,527,605,406
27,46,60,97,517,582,406
86,107,108,111,550,641,406
71,103,63,97,525,615,406
13,28,90,82,517,587,406
509,364,352,296,602,703,406
169,149,167,132,567,642,406
48,79,82,125,533,612,407
14,35,88,55,513,570,407
218,134,339,162,597,688,407
109,105,206,194,545,620,407
280,175,155,146,546,645,407
175,184,101,156,522,591,407
776,415,581,397,667,777,407
30,40,37,101,513,569,407
74,61,147,111,541,622,407
132,119,173,134,535,614,407
61,81,26,69,501,541,408
69,73,180,186,553,646,408
87,129,19,90,477,472,408
92,99,153,91,533,592,408
48,76,101,111,533,607,408
367,304,347,256,588,683,408
453,315,361,274,591,688,408
606,376,500,274,629,727,408
27,46,193,122,550,646,408
131,169,26,92,530,592,408
60,69,207,130,544,633,408
370,371,280,295,575,677,408
52,60,232,198,550,634,408
279,261,246,246,569,642,408
22,41,39,75,511,570,408
79,67,191,199,569,649,408
73,92,65,84,528,593,408
21,46,47,69,496,529,408
98,84,72,103,516,567,408
85,98,130,137,547,623,408
70,86,160,191,550,616,408
29,62,19,103,485,507,409
49,54,84,95,536,615,409
392,331,358,263,594,699,409
295,192,372,219,580,664,409
193,137,284,191,565,641,409
188,185,128,113,555,627,409
146,105,281,176,575,661,409
13,41,50,72,501,538,409
382,366,269,227,583,667,409
67,90,26,54,519,584,410
87,94,57,72,522,579,410
75,92,82,110,520,596,410
51,66,20,65,507,548,410
74,85,86,93,534,617,410
223,238,253,273,547,620,410
266,180,371,294,592,684,410
377,257,272,213,582,685,410
31,32,51,58,520,580,410
50,78,47,133,474,474,410
92,81,164,125,550,619,410
152,96,270,190,575,663,410
816,585,719,577,649,757,410
179,117,190,144,559,647,410
53,77,35,103,507,567,410
134,132,194,203,546,619,410
262,174,165,122,590,665,410
11,35,112,94,506,536,411
93,105,64,122,535,611,411
77,51,58,49,533,599,411
32,21,53,71,525,594,411
42,39,19,48,515,561,411
29,30,55,78,517,577,411
354,210,328,281,602,705,411
333,329,253,261,571,655,411
91,111,30,107,509,577,411
429,176,532,242,635,731,412
134,105,25,53,545,617,412
482,341,571,348,633,740,412
403,296,557,504,627,737,412
169,121,314,152,566,662,412
216,136,330,227,604,695,412
96,109,198,192,539,619,412
5,25,22,66,494,560,412
41,66,49,103,549,659,412
325,145,539,231,616,723,412
397,286,369,258,612,706,412
70,93,108,158,536,607,412
325,183,640,342,635,741,412
23,52,26,83,496,568,412
155,141,230,252,570,664,412
158,165,49,99,519,576,413
143,124,153,199,560,643,413
78,95,30,113,513,572,413
187,171,240,308,563,660,413
114,106,22,52,514,574,413
380,316,547,402,612,720,413
372,350,229,283,577,674,413
49,86,15,101,468,476,414
79,70,195,161,542,619,414
21,32,30,48,501,551,414
551,276,509,237,636,733,414
206,197,364,399,563,657,414
22,48,62,138,507,549,414
264,128,484,201,612,718,414
31,54,64,91,526,577,414
10,39,37,100,497,556,414
25,39,27,90,493,527,414
918,564,787,513,671,776,414
7,34,29,90,516,604,414
282,183,360,205,614,720,414
26,58,17,99,498,554,414
90,107,59,78,547,634,414
228,150,451,302,594,697,414
216,230,206,239,569,662,414
65,95,161,170,520,613,414
126,79,231,159,566,660,414
7,26,46,53,498,582,414
71,80,112,96,540,606,414
28,51,72,81,509,523,415
173,204,188,263,574,668,415
395,145,406,200,628,730,415
380,206,718,352,632,744,415
89,122,29,107,520,600,415
170,178,138,126,560,646,415
627,520,458,350,622,722,415
175,185,210,245,569,656,415
48,64,20,66,495,529,415
262,216,260,221,581,669,415
425,257,353,218,608,692,416
271,148,400,185,593,686,416
422,301,660,434,638,749,416
85,85,57,103,509,565,416
219,145,187,173,583,668,416
264,94,257,126,610,707,416
318,213,277,223,605,697,416
14,36,52,93,505,567,416
122,141,181,207,553,640,416
131,132,335,363,563,658,416
132,145,235,198,566,658,416
9,38,13,32,504,546,416
217,153,339,197,589,683,417
89,82,225,185,557,637,417
0,22,29,72,472,515,417
38,43,23,56,521,591,417
18,47,74,110,509,562,417
25,25,70,43,519,594,417
27,33,222,190,545,635,417
370,257,250,209,598,702,417
17,40,41,80,487,492,417
14,21,88,78,500,556,417
630,251,577,333,655,757,417
75,51,92,78,515,539,417
382,279,415,286,594,689,417
137,108,70,58,556,647,417
471,235,312,219,610,701,418
23,26,91,76,508,591,418
62,72,124,145,528,588,418
107,90,27,68,529,580,418
283,200,302,222,571,655,418
219,156,227,247,616,736,418
112,120,200,237,542,616,418
172,115,401,240,583,675,418
281,168,361,164,604,693,418
227,143,136,113,573,661,418
127,122,266,128,568,648,418
42,56,68,104,527,604,419
398,185,351,194,612,707,419
667,287,603,246,661,768,419
160,147,257,269,590,699,419
53,71,46,87,527,596,419
82,90,230,215,546,637,419
20,28,59,63,522,620,419
282,129,355,207,601,689,419
98,101,166,140,546,645,419
444,320,564,418,641,747,419
384,129,382,109,629,718,419
44,61,60,87,513,570,419
8,30,55,113,497,552,419
87,97,27,92,511,561,420
515,437,563,491,635,750,420
715,490,575,432,638,745,420
243,230,375,277,591,688,420
145,60,221,101,596,672,420
41,55,49,106,512,574,420
27,38,40,83,501,570,420
299,200,411,284,583,681,420
432,359,576,463,627,739,420
112,147,45,139,498,556,420
37,61,116,170,530,607,420
755,612,716,532,646,751,420
12,22,13,81,501,564,421
198,204,226,215,559,638,421
56,75,70,136,514,584,421
467,393,459,365,603,707,421
56,79,36,102,506,543,421
63,70,61,98,519,570,421
81,95,116,134,534,606,421
443,202,626,334,640,740,421
754,633,650,600,648,769,421
250,241,230,250,566,647,421
93,83,21,66,520,577,421
114,126,54,108,520,589,421
9,32,14,54,469,462,421
520,212,495,293,637,738,422
106,115,63,113,541,610,422
140,98,193,120,570,659,422
92,85,244,222,554,651,422
52,55,19,89,523,589,422
175,167,87,108,544,593,422
43,56,73,78,528,598,422
261,193,368,317,599,696,422
89,80,208,124,536,622,422
885,600,674,480,664,778,422
690,510,906,591,666,779,422
10,24,109,104,499,563,422
355,222,318,169,606,702,423
174,191,108,163,547,626,423
40,61,79,151,517,580,423
375,292,394,272,613,705,423
504,433,376,295,596,702,423
318,127,336,154,600,697,423
560,212,563,198,635,735,423
225,241,144,161,551,617,423
167,188,133,175,550,621,423
13,26,64,58,498,540,423
600,189,897,233,660,761,423
55,60,55,64,526,602,423
241,184,185,151,574,648,423
93,73,73,63,547,602,423
103,85,227,186,558,643,423
23,28,78,92,509,549,423
205,197,258,306,565,664,423
116,112,224,150,553,648,424
366,272,417,310,611,707,424
254,211,357,264,586,674,424
377,206,494,239,612,715,424
154,73,160,82,579,655,424
22,45,26,87,502,545,424
84,86,215,194,542,628,424
12,32,40,94,468,507,424
242,178,133,94,557,627,424
435,174,462,184,640,752,424
75,49,120,95,536,600,424
69,63,15,79,512,551,424
10,23,26,71,478,507,425
914,572,739,407,649,753,425
643,514,727,517,639,745,425
58,63,39,64,514,561,425
80,64,74,120,530,602,425
80,100,16,59,525,567,425
58,57,42,57,520,587,425
9,23,64,69,507,570,425
366,215,277,157,594,691,425
114,95,147,153,548,629,425
20,33,137,113,518,581,425
400,248,487,363,607,712,425
29,39,46,75,517,571,426
123,137,93,161,528,612,426
312,181,235,167,585,683,426
180,76,236,82,593,657,426
214,176,144,139,568,646,426
16,34,52,72,501,555,426
29,24,78,93,522,634,426
16,32,27,55,475,496,426
483,353,408,246,609,713,426
57,74,36,57,511,549,426
100,72,74,126,540,605,427
45,36,49,84,520,587,427
729,420,868,443,665,775,427
130,119,73,122,539,597,427
23,23,38,56,494,569,427
515,410,453,412,628,731,427
232,188,675,464,624,731,427
201,168,172,131,568,647,427
62,42,155,85,560,646,427
175,163,262,272,576,674,427
64,54,90,89,558,636,427
5,23,53,90,481,540,427
9,34,46,113,501,550,427
19,40,65,61,504,553,427
36,45,38,90,506,566,427
407,360,306,251,593,701,427
598,261,612,288,682,779,427
133,145,204,214,552,628,428
384,310,192,230,574,688,428
68,84,39,126,509,554,428
82,85,132,166,541,615,429
159,116,176,140,568,652,429
67,92,21,91,515,559,429
293,269,222,193,575,660,429
354,222,399,201,609,707,429
42,53,19,75,506,572,429
45,66,55,120,501,546,429
93,106,82,137,528,607,429
64,56,197,175,547,630,429
150,153,269,292,561,650,429
243,195,133,147,561,631,429
92,70,65,68,521,575,430
358,210,632,303,626,728,430
63,77,104,121,515,569,430
170,112,251,188,572,662,430
895,441,913,340,676,784,430
377,350,270,301,582,667,430
15,37,85,100,526,590,430
81,114,63,152,515,587,431
64,58,152,72,535,609,431
265,169,264,133,615,703,431
141,62,368,155,591,680,431
225,182,364,215,581,669,431
629,388,492,295,632,732,431
206,152,286,161,591,682,431
28,44,42,83,521,564,431
67,49,185,113,545,630,431
114,126,197,152,535,617,431
275,220,279,216,586,687,431
29,30,188,116,521,578,431
473,309,521,265,625,730,431
149,159,92,85,536,614,431
150,178,122,170,533,615,431
21,35,69,84,513,580,431
112,113,393,190,560,643,431
168,181,159,205,551,623,431
56,48,118,95,526,604,431
119,143,107,191,530,598,431
31,26,126,77,535,615,431
6,29,78,106,514,586,431
107,87,111,90,553,628,431
330,333,408,387,591,690,431
3,22,69,61,504,573,431
433,358,539,505,619,730,431
163,178,45,117,524,586,431
74,35,64,75,546,615,431
736,518,698,486,654,762,432
93,69,47,81,536,594,432
158,65,120,93,582,672,432
14,30,58,118,496,541,432
251,207,314,304,585,680,432
20,25,23,57,500,566,432
235,99,246,155,598,681,432
47,59,214,231,544,617,432
91,116,50,124,495,539,432
129,123,156,120,554,647,432
343,272,364,268,591,685,432
135,162,39,138,536,606,432
97,108,83,143,528,591,432
48,43,79,50,538,614,432
72,88,76,150,532,591,433
80,62,74,85,530,610,433
174,117,200,151,572,650,433
33,53,119,98,527,627,433
45,57,100,154,515,580,433
43,74,91,157,505,576,433
117,143,176,207,539,617,433
29,32,106,79,534,587,433
14,38,15,42,503,550,433
268,267,227,198,575,661,433
43,53,147,147,544,625,433
87,105,65,83,523,607,433
71,98,28,98,502,550,433
67,66,37,48,528,594,433
123,151,182,165,544,612,433
409,365,329,224,600,693,433
36,42,42,66,515,561,433
22,38,92,105,513,563,433
248,207,199,229,579,663,433
13,22,15,59,493,567,434
244,187,136,130,555,614,434
591,292,299,194,610,701,434
104,89,16,70,516,556,434
142,149,83,132,537,622,434
545,467,497,458,616,709,435
341,294,308,319,583,677,435
333,288,301,154,584,670,435
279,293,177,234,562,648,435
27,28,115,141,548,631,435
51,62,165,108,525,589,435
510,303,836,370,649,758,435
866,792,555,523,628,739,435
27,55,21,89,504,564,435
85,120,48,142,503,531,435
784,507,665,442,663,773,435
147,94,219,92,572,666,435
22,27,136,75,508,574,435
26,44,73,109,505,563,435
51,31,193,83,554,652,435
344,348,255,306,591,688,435
271,215,231,203,586,677,435
318,257,238,241,593,683,435
78,96,90,113,522,589,435
221,242,101,198,549,621,435
33,41,133,100,522,581,435
98,106,97,138,515,575,435
95,64,199,129,559,651,435
32,32,79,58,507,566,435
44,34,143,121,533,613,435
329,195,204,200,587,657,436
23,49,29,78,500,552,436
68,61,19,74,541,609,436
71,67,246,251,566,662,436
12,41,25,84,498,560,436
87,80,75,84,525,585,436
61,86,202,251,543,623,436
294,152,313,101,607,695,436
230,188,313,207,601,699,437
4,21,151,97,510,586,437
301,268,434,433,603,708,437
250,239,426,242,587,685,437
224,111,305,136,595,694,437
10,34,85,78,520,587,437
227,194,260,190,573,651,437
0,21,63,87,498,531,437
31,59,28,71,514,580,437
190,215,89,136,535,606,437
66,92,136,109,537,613,437
385,328,302,262,598,703,437
18,46,144,162,535,622,437
1,28,17,64,490,515,437
106,140,65,150,512,584,437
49,70,29,69,520,586,438
66,82,35,88,512,577,438
76,51,133,63,563,629,438
876,776,647,593,648,759,438
29,51,31,83,511,604,438
61,47,125,99,548,612,438
157,102,189,134,563,644,438
84,96,80,110,516,557,438
66,66,131,118,540,617,438
261,226,310,251,570,662,438
43,60,18,67,524,580,438
149,80,130,96,569,642,438
459,215,315,159,617,714,438
526,338,624,383,651,762,438
386,292,134,129,565,648,438
426,254,369,181,622,719,438
138,92,169,137,570,678,438
58,81,85,145,515,575,438
394,171,260,167,620,713,438
41,25,67,45,517,571,438
134,127,205,145,547,637,438
214,240,72,163,537,612,439
31,45,171,130,555,637,439
207,131,325,153,581,668,439
54,65,80,109,530,615,439
70,87,24,37,527,603,439
18,49,19,108,488,541,439
78,105,111,185,526,598,439
139,89,346,228,572,665,439
14,39,115,70,524,607,439
371,277,488,396,615,708,439
324,349,204,217,561,635,439
217,220,143,133,569,656,439
665,350,510,311,632,738,439
139,155,219,235,570,656,439
52,63,125,139,519,574,439
466,209,577,340,643,743,439
36,34,50,72,522,593,439
118,63,143,100,577,664,439
28,34,47,87,521,580,439
104,130,35,124,509,571,439
232,172,282,222,576,665,439
262,123,380,219,598,692,441
139,144,55,131,533,606,441
43,57,71,122,516,592,441
22,30,35,50,506,545,441
62,74,68,100,536,608,441
155,136,139,172,539,616,441
35,41,107,97,528,603,441
159,164,203,231,547,630,441
358,177,371,197,608,705,441
398,308,465,272,615,722,441
187,171,257,200,571,654,441
421,274,728,442,644,752,441
25,45,13,61,511,573,441
39,58,63,95,513,572,441
194,187,201,151,565,651,441
31,52,52,111,520,591,441
78,80,73,60,535,583,441
110,73,164,134,566,650,442
24,29,16,43,496,542,442
230,137,245,191,589,686,442
25,35,12,42,516,563,442
82,74,145,89,535,587,442
677,354,775,394,650,763,443
36,53,131,177,527,610,443
48,60,162,193,536,613,443
141,80,362,185,600,691,443
174,133,282,222,589,684,443
246,179,284,117,574,659,443
149,84,257,110,579,667,443
77,72,99,109,550,614,443
72,70,110,120,531,595,443
51,54,74,56,526,593,443
358,240,526,390,621,732,443
187,171,215,255,554,626,443
176,95,126,141,572,651,443
421,139,481,167,625,713,444
117,111,168,172,545,614,444
65,60,138,124,547,625,444
269,215,369,249,591,679,444
57,59,65,107,518,572,444
531,293,479,351,632,730,444
55,66,147,131,529,584,444
641,555,226,237,619,721,444
760,257,728,233,658,760,444
73,74,162,176,531,594,444
137,151,170,207,554,632,445
83,53,116,104,551,611,445
112,80,132,101,592,640,445
468,318,215,184,589,683,445
174,99,206,149,559,615,445
80,48,103,71,536,615,445
124,143,30,68,529,593,445
297,299,235,292,573,658,445
84,89,27,87,529,580,445
305,162,299,153,595,682,445
554,295,644,361,657,755,445
563,272,611,361,633,740,446
157,90,137,85,571,638,446
18,28,51,38,515,582,446
125,98,48,107,540,604,446
27,23,18,46,518,578,447
13,26,22,46,465,482,447
377,170,424,213,618,712,447
293,160,103,106,581,656,447
15,34,29,49,505,538,447
107,134,45,134,565,676,447
150,116,234,200,581,662,447
287,181,313,210,593,690,447
107,121,174,192,570,675,447
34,53,89,114,507,553,447
121,99,154,72,551,625,447
71,61,64,53,529,598,447
30,44,139,47,534,612,448
405,316,350,282,596,690,448
62,64,132,89,539,622,448
164,147,181,174,553,636,448
18,20,86,98,521,591,448
12,40,56,87,520,597,448
178,168,267,275,548,626,448
263,164,206,142,583,675,448
336,110,389,204,608,701,448
972,569,672,362,631,731,448
346,299,270,320,582,677,448
27,51,32,74,493,511,448
284,119,391,207,608,695,449
14,30,47,109,484,546,449
418,414,281,331,573,664,449
16,32,35,45,495,534,449
289,171,389,222,599,713,449
153,141,190,202,564,642,449
335,207,219,147,603,697,449
73,105,130,160,529,578,449
475,380,444,325,615,722,449
170,171,383,282,576,664,449
396,330,306,276,583,669,449
102,70,204,121,557,634,449
147,137,196,177,540,608,449
80,79,152,109,545,642,449
105,114,38,59,529,604,449
889,290,914,278,695,802,449
12,31,74,104,488,540,449
66,67,43,50,521,606,449
68,70,127,126,535,611,449
171,84,456,241,603,699,449
411,383,471,436,599,710,449
47,40,154,121,546,629,449
470,391,478,440,617,720,449
215,220,142,182,540,613,450
973,453,627,295,661,763,450
55,61,29,84,504,579,450
42,62,21,80,501,556,450
377,191,494,250,617,719,450
303,258,284,226,592,687,450
982,753,849,632,672,791,450
191,195,209,275,558,648,450
577,132,786,170,688,783,450
858,588,886,631,683,806,450
40,44,83,61,521,599,450
105,119,56,91,534,608,450
148,88,137,82,571,634,450
67,77,67,81,511,539,450
114,83,193,138,536,609,451
634,261,573,316,650,754,451
61,54,110,115,537,599,451
220,137,152,102,575,653,451
291,192,279,157,568,653,451
93,109,26,80,502,545,451
7,25,40,93,492,515,451
56,53,123,133,542,622,451
64,79,110,153,534,610,451
107,92,70,45,528,598,452
276,145,398,177,595,683,452
415,181,452,176,655,749,452
141,123,162,171,561,653,452
130,94,109,71,548,609,452
191,174,109,84,563,640,452
151,140,301,280,572,653,452
174,127,339,194,584,692,452
23,38,25,59,503,552,452
190,176,217,238,560,649,453
32,34,19,54,502,533,453
157,146,226,289,550,639,453
75,68,78,111,513,572,453
108,99,123,78,535,613,453
201,83,342,122,590,680,453
511,396,338,245,597,691,453
519,304,638,304,625,728,453
151,148,203,254,560,650,453
133,84,118,68,561,632,453
65,66,71,83,532,606,454
16,29,38,61,517,563,454
170,74,230,117,597,686,454
81,91,80,129,526,588,454
342,305,287,320,584,681,454
13,22,21,41,515,596,454
306,285,408,418,585,694,454
138,108,99,122,535,615,454
219,198,236,224,575,657,454
352,318,141,191,568,635,454
140,154,108,177,533,607,454
7,21,21,72,499,583,454
247,198,277,266,579,660,454
92,98,153,103,532,621,454
23,22,81,99,508,562,455
174,150,120,134,542,633,455
50,42,92,72,526,592,455
392,345,459,384,601,691,455
201,89,290,123,636,717,455
137,122,216,251,573,653,455
9,32,78,121,492,530,455
45,38,42,41,504,549,455
32,35,27,55,516,552,455
48,70,50,110,500,544,455
316,261,252,248,590,686,455
15,36,47,84,505,553,455
51,70,78,94,526,601,456
102,85,88,104,549,633,456
140,147,129,191,529,605,456
24,21,33,41,487,525,456
351,252,301,252,593,685,456
87,62,75,73,548,623,456
12,28,38,78,512,573,456
531,434,552,384,620,716,456
257,95,367,146,602,692,456
92,78,162,113,538,611,456
33,56,48,108,489,539,457
45,40,64,99,524,587,457
161,131,177,194,543,620,457
44,53,88,119,518,568,457
160,161,333,334,571,663,457
88,72,73,98,537,601,457
177,134,236,224,592,706,457
264,158,410,182,592,677,457
210,218,174,209,573,662,457
23,27,29,65,467,503,457
196,124,297,154,588,670,457
48,61,30,85,506,538,457
401,354,431,370,596,695,457
104,88,132,133,532,585,457
462,337,493,305,618,725,457
441,250,531,415,630,728,457
147,136,310,185,572,659,458
6,22,48,86,497,551,458
866,633,676,563,679,788,458
92,92,76,77,532,596,458
159,106,280,182,565,655,458
90,105,77,135,519,581,458
129,106,71,112,534,599,458
58,76,166,197,529,595,458
73,100,55,140,527,581,458
290,200,255,151,597,674,459
147,68,418,198,593,681,459
9,31,59,88,494,547,459
503,371,459,315,622,729,459
59,75,14,68,492,535,459
847,560,804,630,678,798,459
334,287,250,263,598,700,459
43,47,114,131,530,594,459
91,79,307,189,552,637,459
61,57,60,73,531,612,459
49,82,58,129,507,572,459
160,178,289,251,558,631,459
82,100,176,220,558,643,459
146,113,258,173,569,652,459
3,21,77,88,506,527,459
30,43,18,61,511,578,459
0,21,21,66,485,552,459
9,35,41,59,494,563,459
15,29,111,143,512,590,459
3,25,23,56,510,586,459
387,318,300,262,620,732,460
485,244,594,208,633,728,460
148,103,271,161,571,656,460
60,72,137,139,544,631,460
304,207,491,326,612,722,460
133,144,213,266,563,653,460
71,71,94,135,529,601,460
105,50,162,91,562,647,460
71,72,80,129,534,605,460
59,43,35,54,525,589,460
173,127,328,168,584,680,460
41,55,37,112,496,555,460
131,62,80,94,565,642,461
326,190,162,100,601,688,461
45,58,91,96,513,568,461
556,326,279,196,599,695,461
160,97,205,160,546,623,461
57,53,91,108,543,623,461
492,353,499,277,631,735,461
318,319,263,282,563,654,461
31,57,95,167,526,593,461
205,107,169,129,578,666,461
212,121,194,114,567,650,461
648,279,735,252,659,768,461
255,103,361,144,606,686,461
70,74,137,165,573,671,461
357,240,330,156,604,711,461
59,66,207,171,539,615,461
87,43,61,52,562,639,461
43,78,36,124,475,526,461
141,88,99,67,568,647,462
165,190,50,123,524,585,462
169,177,231,175,574,661,462
121,93,180,145,571,665,462
39,64,54,86,506,556,462
183,127,262,114,579,662,462
111,77,159,67,571,658,462
178,77,272,153,587,685,462
14,28,31,80,502,583,462
405,127,411,187,632,723,462
111,127,44,119,516,567,462
16,29,19,46,510,578,462
89,86,111,143,537,618,462
151,105,55,65,542,605,462
388,174,467,292,609,698,463
811,672,536,442,624,726,463
87,86,23,53,514,564,463
62,69,49,118,523,591,463
134,104,103,109,529,605,463
3,30,16,48,480,521,464
144,105,106,63,568,625,464
521,331,517,313,620,709,464
16,42,13,70,496,568,464
44,36,116,123,526,600,464
50,76,46,81,510,568,464
98,112,135,167,538,623,464
38,35,181,124,535,618,464
94,103,118,192,529,579,464
110,38,182,72,576,650,464
125,97,118,87,539,605,464
154,147,187,186,544,613,465
176,66,166,116,571,650,465
20,25,67,48,510,569,465
48,42,50,88,533,602,465
785,643,471,478,624,733,465
532,439,537,518,635,749,465
127,134,215,251,545,620,465
347,300,513,455,612,717,465
200,147,263,210,564,648,465
541,401,841,510,648,750,465
203,197,262,190,581,688,465
71,54,230,132,564,661,465
82,47,171,117,574,674,465
10,25,37,72,502,577,465
128,160,108,177,526,604,465
472,487,244,307,564,656,465
399,360,346,315,603,694,465
33,30,39,51,518,580,465
128,159,69,155,540,626,466
169,86,450,215,602,695,466
171,130,593,372,618,716,466
446,256,720,333,635,739,466
237,242,205,237,569,668,466
1,28,38,94,507,577,466
320,183,277,202,583,680,466
197,145,241,233,572,646,466
524,303,733,385,650,755,466
34,57,49,126,512,593,466
57,47,182,125,547,635,466
87,94,56,125,531,614,466
40,26,112,71,527,588,466
284,202,233,201,577,668,466
35,48,22,38,516,580,466
550,283,596,357,630,732,467
138,128,123,106,547,623,467
679,559,494,343,619,718,467
63,49,21,42,532,583,467
274,255,174,184,576,662,467
65,72,72,98,538,614,467
741,330,845,398,669,767,467
10,23,13,63,474,443,467
76,53,82,61,548,623,467
66,71,68,72,513,565,467
357,336,364,319,592,702,467
112,139,128,208,519,584,467
26,31,61,69,509,588,467
546,325,694,414,636,747,467
168,116,47,75,545,604,467
865,371,719,324,662,770,467
100,129,118,211,518,580,467
107,128,108,113,541,626,467
53,50,331,145,559,659,468
57,56,95,113,530,594,468
532,246,448,267,639,735,468
39,43,26,66,536,592,468
52,71,39,72,536,637,468
52,64,74,96,509,565,468
152,141,192,173,553,643,468
59,74,53,76,561,667,468
19,23,86,59,503,577,468
366,302,286,219,588,683,468
222,154,496,362,646,770,468
965,264,871,243,684,789,468
733,358,903,410,683,793,468
457,400,389,306,574,663,468
205,211,93,155,541,612,468
411,299,426,256,618,709,468
57,59,88,88,528,582,468
53,73,18,71,516,597,468
309,211,487,180,601,693,469
235,126,285,162,599,689,469
127,131,65,140,507,540,469
145,81,247,174,587,680,469
139,119,79,127,542,597,469
484,341,635,422,615,722,470
92,115,74,158,521,580,470
48,42,157,89,546,629,470
205,195,343,307,577,670,470
15,21,35,66,479,539,470
193,150,351,207,578,677,470
260,277,172,234,542,627,470
348,145,493,176,628,721,470
642,384,602,303,655,766,470
39,36,48,51,525,590,470
144,173,51,140,521,552,470
32,30,72,80,521,600,470
47,55,46,88,511,543,470
108,75,81,117,562,635,470
146,113,149,95,547,640,470
397,218,226,130,605,692,470
254,266,118,168,545,618,471
38,45,41,97,514,585,471
227,207,257,163,569,663,471
63,81,77,116,516,567,471
173,152,242,202,563,665,471
347,211,454,386,620,720,471
284,221,450,429,608,719,471
465,441,306,300,610,717,471
90,99,132,128,528,621,471
267,287,246,319,568,661,471
13,31,66,76,509,574,472
352,354,419,377,602,702,472
72,91,45,74,520,585,472
277,241,175,170,572,657,472
180,125,202,136,576,658,472
210,203,313,298,580,666,472
375,335,358,332,597,692,472
106,78,124,99,549,625,472
271,199,194,157,571,660,472
175,137,124,109,565,646,472
108,113,155,182,529,596,472
185,120,340,175,589,678,472
210,209,270,275,545,629,472
30,30,20,48,518,571,472
256,133,332,234,574,653,473
217,148,251,165,577,663,473
45,41,87,74,563,665,473
83,58,152,108,546,618,473
102,119,35,94,528,588,473
365,290,403,356,606,701,473
306,141,278,164,600,686,473
51,51,78,113,517,564,473
444,249,489,269,636,735,473
160,79,211,68,586,656,473
19,26,104,92,499,563,473
28,34,26,41,515,586,474
279,129,437,233,608,706,474
13,22,24,82,478,516,474
504,269,371,290,620,725,474
134,110,203,185,549,612,474
53,70,48,109,520,599,474
24,46,26,105,492,548,474
711,564,569,459,633,749,474
96,92,57,123,533,608,474
11,26,50,78,497,542,474
574,282,461,243,618,708,474
46,57,13,72,550,644,474
39,37,18,73,510,573,474
29,48,35,71,505,531,474
293,127,241,125,601,689,474
38,53,115,120,516,568,475
445,317,567,418,620,724,475
337,333,227,241,582,676,475
755,375,785,325,652,759,475
343,211,215,188,594,668,475
23,43,30,81,502,596,475
507,378,591,458,637,743,475
186,170,182,193,573,657,475
165,151,103,115,542,617,475
87,78,94,117,537,591,475
6,22,20,69,475,516,475
36,43,38,80,516,552,475
119,50,250,140,579,655,475
463,231,587,258,627,734,475
186,165,108,152,539,599,476
100,124,39,112,502,537,476
376,235,366,187,593,686,476
56,79,49,122,491,525,476
531,340,438,289,618,714,476
13,27,58,94,522,590,476
51,36,109,84,533,614,476
218,211,294,330,567,650,476
110,73,183,171,563,642,477
122,44,234,111,588,658,477
53,37,92,75,543,629,477
62,86,18,81,500,559,477
179,98,344,179,588,676,477
124,77,124,101,547,609,477
296,269,258,210,574,656,477
299,228,364,295,595,690,477
447,320,313,217,595,691,477
275,260,211,229,580,666,477
409,247,516,357,628,736,478
236,116,420,247,619,713,478
274,184,259,158,580,658,478
71,43,54,70,532,596,478
21,34,51,65,497,562,478
63,70,61,85,507,557,478
579,202,482,167,649,746,478
535,384,541,364,621,713,478
42,61,102,176,505,563,478
12,32,24,71,481,504,478
63,42,252,204,563,638,479
874,309,911,310,686,780,479
36,28,131,73,520,588,479
23,20,102,87,493,562,479
41,45,127,111,523,570,479
714,325,707,328,653,762,479
201,137,358,290,597,682,479
415,264,426,244,602,701,479
39,63,22,102,510,577,479
157,155,115,131,534,599,479
73,93,45,123,517,579,479
235,132,160,135,570,646,480
353,298,408,397,607,708,480
46,56,28,79,510,550,480
106,126,76,140,518,558,480
131,149,68,138,516,566,480
196,206,198,245,544,607,480
454,266,367,196,633,724,480
179,191,111,172,549,628,480
208,94,206,136,577,661,480
450,385,281,258,606,715,480
244,152,184,154,569,655,480
13,30,83,82,503,577,480
59,33,123,76,536,617,480
158,157,249,266,559,641,480
95,98,236,192,546,609,480
60,63,127,144,528,587,480
243,204,304,318,585,685,480
561,327,608,280,628,722,480
500,414,338,290,587,680,480
442,411,328,291,589,675,481
892,481,719,437,663,771,481
40,27,41,66,519,572,481
122,123,181,174,531,598,481
223,120,279,149,596,676,481
307,165,530,226,617,719,482
137,103,191,131,556,643,482
125,105,241,161,549,619,482
338,317,188,227,571,664,482
156,173,79,163,514,586,482
91,101,111,142,536,600,482
154,176,79,145,544,641,482
51,72,131,148,540,629,482
115,88,125,117,541,620,482
332,142,383,157,617,720,482
233,207,184,202,551,628,482
5,21,21,81,477,551,482
292,237,276,237,629,753,482
58,73,29,95,514,564,482
32,54,21,55,505,558,482
13,29,137,134,514,588,482
583,402,416,274,617,721,482
208,123,186,173,569,641,482
70,68,119,136,528,628,483
145,91,171,101,563,649,483
723,388,652,322,645,745,483
274,225,255,178,585,669,483
31,41,29,82,540,613,483
77,56,68,85,533,590,483
399,236,396,235,608,700,483
62,58,78,65,534,599,483
40,40,34,50,518,588,483
645,394,678,349,643,744,483
223,143,355,171,603,706,484
188,163,395,269,584,685,484
37,47,17,38,520,583,484
164,154,148,153,546,610,484
51,58,229,186,557,644,484
189,188,301,251,588,692,484
41,62,235,162,557,634,484
323,171,332,182,600,693,484
96,118,61,118,526,587,484
67,79,241,199,550,629,484
98,117,89,104,539,630,484
93,119,56,133,509,555,484
18,25,55,53,512,561,484
26,57,52,53,515,583,484
18,35,31,36,508,564,484
48,71,64,92,531,606,484
184,189,109,164,539,623,484
161,80,322,175,573,662,484
55,59,45,71,509,574,484
616,430,535,345,637,738,484
627,377,590,364,638,744,484
118,130,232,279,542,623,484
82,68,103,59,528,600,484
89,90,146,134,540,609,484
570,195,446,196,639,731,484
766,623,540,534,645,759,485
135,123,256,296,553,632,485
181,168,120,154,559,647,485
377,308,417,421,617,724,485
16,37,28,91,488,576,485
233,145,284,171,593,694,485
33,51,87,115,524,596,485
729,641,656,617,634,744,485
99,108,95,162,549,622,485
126,56,111,73,563,630,485
36,36,39,80,502,566,485
296,161,329,199,586,665,485
626,468,527,399,650,757,485
156,94,278,280,579,666,485
148,151,169,216,537,612,485
208,150,140,153,549,619,486
141,94,171,105,557,644,486
102,99,83,97,530,607,486
36,31,19,51,517,571,486
12,22,24,55,497,548,486
76,77,99,141,531,601,486
105,82,157,88,550,625,486
98,107,51,130,528,565,486
233,179,233,169,572,656,486
149,151,55,133,541,616,486
77,73,78,69,526,599,486
105,122,76,126,511,556,486
391,287,565,445,624,731,486
407,145,389,180,628,719,486
148,114,215,184,546,618,486
50,61,130,173,517,585,486
60,79,78,150,514,574,486
88,89,97,90,533,606,487
115,116,60,79,530,576,487
216,209,339,373,584,679,487
130,117,57,82,528,587,487
11,27,70,94,505,571,487
99,93,80,157,517,572,487
368,271,292,191,588,686,487
407,331,375,325,608,705,487
54,35,76,111,524,594,487
147,43,214,106,592,678,487
201,133,124,106,563,646,488
50,43,48,78,519,577,488
128,122,41,115,535,619,488
245,212,234,208,574,672,488
314,145,660,245,621,728,488
96,72,100,122,561,650,488
88,109,130,176,529,619,488
369,232,436,266,614,711,488
7,22,76,72,513,573,488
12,42,76,66,523,592,488
4,21,58,72,502,531,488
575,341,612,405,638,744,488
79,105,146,129,544,620,488
253,182,499,327,616,722,488
435,449,242,310,566,648,488
175,180,148,202,542,619,488
15,36,40,101,506,579,488
37,28,82,73,526,594,488
269,210,261,238,579,662,488
163,89,161,119,582,664,488
397,318,397,281,594,684,489
57,76,106,169,512,553,489
95,102,246,303,555,642,489
23,41,18,37,508,587,489
495,348,460,265,614,717,489
52,50,63,82,526,585,489
106,53,196,136,565,637,489
27,38,53,67,512,566,489
22,20,62,72,506,575,489
36,54,44,95,512,588,489
378,305,467,418,602,692,490
23,35,22,54,516,578,490
612,366,627,320,641,745,490
107,133,58,109,537,603,490
43,49,98,92,517,558,490
118,131,75,98,537,616,490
270,148,316,178,595,689,490
236,239,276,307,565,655,490
71,86,92,125,536,612,490
28,51,99,133,515,580,490
122,142,161,133,547,644,490
10,25,64,47,503,556,490
125,154,30,119,531,617,490
128,134,23,83,516,592,490
157,110,263,166,569,658,491
140,117,223,126,557,641,491
91,93,263,201,552,641,491
437,404,426,430,613,724,491
45,52,32,43,501,549,491
16,41,64,85,515,579,491
556,416,590,490,620,731,491
250,229,267,239,560,640,491
536,302,649,262,644,744,491
52,73,20,79,486,523,491
282,127,431,181,617,725,491
55,66,58,86,507,540,491
509,289,523,325,633,731,491
247,178,288,170,576,658,491
448,321,252,203,581,667,491
259,220,255,255,567,654,491
293,135,354,168,605,707,491
12,25,112,119,504,563,492
81,88,245,234,560,644,492
240,259,111,85,553,634,492
380,249,461,330,606,705,492
45,38,142,114,521,607,492
79,113,17,101,496,522,492
29,43,183,96,541,619,492
13,35,56,78,508,550,492
389,264,346,188,611,708,492
34,49,118,86,544,625,492
410,370,355,306,582,681,492
27,58,27,84,479,479,492
6,28,46,93,502,545,492
289,260,159,94,562,640,492
453,272,472,300,607,708,492
45,69,32,85,503,564,492
111,65,102,113,544,611,493
24,26,18,39,504,545,493
481,277,428,327,608,703,493
70,82,63,125,516,577,493
351,226,362,231,612,707,493
33,36,91,101,504,542,493
90,93,118,171,519,600,493
31,39,75,63,504,555,494
24,22,15,40,490,536,494
26,33,16,57,498,548,494
150,179,45,99,511,567,494
14,23,41,48,503,573,494
25,35,71,68,528,601,494
39,46,177,199,535,624,494
80,79,189,135,536,613,494
214,186,157,146,561,637,494
534,241,638,284,620,727,494
10,38,64,120,495,574,494
12,33,57,89,505,571,494
209,176,230,253,574,659,494
201,110,336,140,597,692,494
215,162,261,222,588,681,494
112,140,78,136,526,596,494
14,25,121,80,521,589,494
37,68,22,55,496,524,494
4,23,158,132,516,592,495
29,34,55,86,507,572,495
122,121,206,165,580,678,495
282,302,125,196,553,633,495
3,21,89,95,500,555,495
213,219,186,147,558,653,495
376,145,601,294,620,716,495
377,247,455,221,611,709,495
146,148,147,158,538,625,495
630,508,539,391,638,742,495
273,154,462,306,614,727,495
100,90,169,146,539,597,495
287,166,452,340,600,702,495
225,199,381,255,580,673,495
66,79,117,141,523,615,496
27,29,70,127,495,550,496
59,63,82,94,537,603,496
11,28,37,74,508,579,496
366,280,233,239,604,694,496
192,157,150,170,551,636,496
417,372,376,305,603,701,496
12,25,40,91,505,564,496
272,273,184,248,576,672,496
5,33,79,102,490,551,496
55,74,47,64,509,549,496
668,548,534,412,643,745,496
71,66,129,133,530,600,496
267,173,235,202,584,667,496
128,103,175,123,545,615,496
358,232,237,155,580,681,497
98,88,156,167,561,650,497
67,69,36,79,513,577,497
283,163,268,181,580,663,497
34,42,43,60,523,562,497
101,83,193,148,545,616,497
49,26,32,40,516,571,497
229,113,235,130,571,653,497
39,46,145,79,537,611,497
441,239,366,180,617,708,497
56,62,87,131,524,592,497
443,220,480,235,627,718,497
90,85,84,137,533,602,497
774,378,760,374,676,783,498
439,199,478,206,622,705,498
39,46,36,76,497,551,498
100,62,111,79,540,614,498
260,208,150,140,565,641,498
251,231,256,256,578,678,498
51,56,114,103,537,595,498
142,118,299,296,549,619,498
555,161,678,238,662,758,498
24,42,25,87,489,543,498
230,201,239,239,571,662,498
443,243,528,380,623,726,498
38,45,42,51,512,568,498
150,94,182,138,557,636,498
213,191,159,131,573,650,498
102,102,88,63,537,586,498
87,60,114,84,533,599,498
43,54,101,76,511,576,498
235,93,371,134,612,699,498
48,40,23,46,493,548,499
8,30,40,99,485,540,499
155,140,156,129,543,607,499
106,99,31,99,522,588,499
297,302,222,287,553,637,499
566,229,584,201,643,730,499
79,83,30,56,528,583,499
928,548,842,399,658,761,499
316,173,577,308,642,736,499
291,147,243,190,574,656,499
124,91,54,48,544,586,499
772,454,695,448,639,756,499
187,193,239,254,538,618,499
87,93,21,64,500,533,499
175,115,208,165,572,658,499
8,24,15,58,477,533,499
250,169,197,159,560,628,500
102,98,129,170,532,595,500
35,28,81,84,496,573,500
187,186,317,273,562,650,500
84,72,156,148,544,624,500
70,63,74,66,518,546,500
264,149,331,147,596,690,500
78,48,68,82,532,595,500
96,100,40,105,494,537,500
215,205,79,104,551,616,501
158,132,44,69,553,632,501
50,59,20,64,511,572,501
607,278,444,299,636,735,501
64,87,79,151,487,526,501
145,140,275,237,572,660,501
333,296,437,334,598,696,501
273,229,254,258,570,664,501
259,182,523,311,611,704,501
120,73,193,85,561,635,501
103,102,67,83,525,589,501
39,43,33,57,500,539,501
136,112,132,98,559,634,501
104,104,234,231,542,626,501
153,122,42,53,553,642,501
24,34,32,57,519,565,501
196,148,138,174,558,627,501
292,145,551,244,650,750,502
67,80,124,172,537,620,502
309,118,360,228,606,691,502
543,231,479,286,607,696,502
642,222,544,199,658,756,502
222,212,211,189,555,634,502
650,370,630,366,628,734,502
323,135,701,335,642,747,502
133,122,34,102,536,594,502
359,128,658,250,657,774,502
801,330,742,327,654,763,502
93,79,77,88,551,620,502
133,125,204,162,556,642,503
603,374,451,275,623,720,503
17,41,58,68,503,551,503
100,95,73,111,523,599,503
428,290,608,535,618,725,503
44,39,79,83,530,593,503
122,103,156,128,554,632,503
102,59,141,85,562,625,503
509,250,537,355,631,736,503
421,156,569,215,634,720,503
123,113,187,154,543,644,503
206,106,175,117,581,662,503
93,93,30,77,526,604,504
27,40,56,81,508,559,504
895,582,673,434,642,748,504
6,23,19,69,478,507,504
25,26,15,44,493,515,504
73,80,97,118,526,602,504
141,125,241,252,558,648,504
50,65,26,88,497,552,504
167,106,114,154,565,644,505
15,33,22,61,493,539,505
35,42,29,82,500,538,505
281,268,215,239,579,665,505
108,93,117,140,542,620,505
311,305,194,251,558,632,505
84,77,119,110,540,609,505
144,144,99,146,537,597,506
298,198,338,197,599,690,506
30,26,33,82,513,556,506
379,179,446,162,614,704,506
437,328,202,209,586,666,506
84,80,57,81,519,576,506
41,53,25,68,505,563,506
155,164,58,113,505,575,506
48,30,39,65,527,578,506
22,30,24,49,500,544,506
13,22,58,79,502,548,506
54,48,149,97,533,595,506
54,26,118,68,535,608,506
8,20,52,92,495,549,506
289,119,418,220,625,714,507
168,120,96,109,571,640,507
280,232,336,341,584,680,507
24,45,107,144,496,558,507
47,53,86,105,509,575,507
207,176,262,224,584,677,507
34,51,45,106,510,579,507
655,395,252,213,611,707,507
44,33,176,113,540,603,507
901,722,600,489,638,744,507
40,40,61,53,530,603,507
268,222,117,153,549,624,508
386,144,443,139,652,724,508
131,142,92,151,534,614,508
631,398,619,305,631,730,508
221,211,133,185,570,661,508
467,312,358,218,600,689,508
187,150,142,139,548,627,508
244,157,365,254,593,679,509
526,363,616,453,645,755,509
50,58,55,88,517,583,509
158,149,215,203,545,644,509
289,131,467,195,617,706,509
600,355,564,318,623,716,509
65,57,113,97,532,605,509
157,118,57,120,523,601,509
188,184,206,261,554,648,509
46,38,15,51,514,585,509
80,83,79,124,530,597,509
369,224,431,215,595,695,510
184,92,336,178,601,687,510
27,37,81,81,534,579,510
52,36,69,89,503,541,510
362,179,351,216,595,677,510
857,608,853,713,694,813,510
207,158,144,120,552,628,510
98,42,201,109,557,628,510
174,140,31,61,540,619,510
19,44,34,89,478,528,511
483,440,172,176,578,671,511
98,65,101,74,526,598,511
332,170,266,184,592,692,511
28,37,134,91,505,591,511
24,23,115,99,501,575,511
81,80,58,81,530,618,511
99,93,151,150,550,642,511
170,133,305,278,579,685,511
311,298,205,230,586,687,511
170,72,293,174,584,678,511
163,90,163,103,562,631,511
91,55,222,119,550,644,511
43,30,107,112,518,582,511
95,85,106,134,549,631,511
337,254,455,374,593,686,512
378,167,251,127,598,675,512
197,108,333,171,580,672,512
325,120,255,171,614,682,512
80,75,24,60,510,564,512
23,39,40,82,502,557,512
46,67,19,58,516,572,512
19,39,16,39,513,572,512
17,43,99,160,513,582,512
444,339,415,216,603,715,512
95,97,100,175,548,634,512
436,282,572,228,624,727,513
14,22,87,74,498,546,513
90,99,228,204,567,656,513
114,82,313,161,572,660,513
2,27,31,80,501,579,513
86,88,202,169,555,632,513
102,91,155,130,607,676,513
39,55,155,128,532,597,513
28,47,63,94,512,586,513
47,45,98,97,533,612,513
72,78,188,144,549,639,513
228,179,103,121,561,642,513
209,142,191,178,572,660,513
70,36,117,58,534,603,513
557,532,401,379,597,706,513
121,128,41,88,518,572,513
140,124,200,140,539,592,514
630,302,432,254,613,715,514
192,119,161,105,564,651,514
183,140,205,230,551,609,514
31,29,102,90,494,538,514
55,49,201,129,557,652,514
127,72,195,124,564,641,515
55,63,105,95,517,582,515
128,129,107,127,527,602,515
143,89,88,123,575,660,515
105,66,140,95,548,630,515
397,367,436,423,596,694,515
23,38,111,87,519,582,515
440,268,498,334,608,716,515
403,286,418,203,594,700,515
136,162,120,135,529,616,515
160,66,318,169,593,698,515
158,167,245,155,551,634,515
178,181,243,282,574,671,515
274,247,298,294,574,669,515
542,490,567,516,628,732,515
155,125,233,139,558,648,515
10,38,84,107,503,576,515
33,38,54,93,521,574,515
114,137,22,63,535,600,515
149,93,178,128,553,642,515
576,318,686,299,640,741,515
374,347,346,330,612,714,515
33,51,24,59,477,503,515
536,310,537,383,605,707,515
76,84,153,182,525,607,515
624,292,510,236,647,736,515
101,65,219,199,552,642,515
470,360,684,486,630,740,515
242,149,169,121,563,637,516
198,107,142,117,570,665,516
260,177,186,143,570,633,516
356,164,363,202,610,691,516
351,178,255,139,608,697,516
266,179,495,413,590,685,516
18,32,118,92,513,573,516
632,186,851,182,676,779,516
439,427,326,365,571,657,516
94,86,110,105,539,610,516
8,28,51,83,496,564,516
17,33,66,101,485,524,517
211,177,283,160,583,673,517
162,173,220,225,548,636,517
7,32,96,134,506,576,517
36,60,107,127,526,595,517
188,78,288,136,582,683,517
375,255,436,303,616,717,517
322,224,346,214,603,690,517
298,104,315,146,616,708,517
50,46,103,123,536,604,517
387,311,400,320,601,704,517
298,231,128,110,586,678,517
13,26,21,78,480,527,517
37,35,60,57,508,591,517
67,48,66,57,540,626,517
26,42,89,125,522,597,517
116,67,164,119,547,622,517
666,562,386,348,586,684,518
316,281,257,307,577,674,518
745,286,633,292,654,758,518
897,591,880,597,707,828,518
219,185,344,213,579,655,518
24,37,82,105,511,601,518
58,79,94,111,518,563,518
825,500,945,602,671,786,518
37,44,110,126,507,573,518
124,109,160,179,542,620,518
6,20,69,66,499,536,518
337,275,389,283,601,694,518
452,329,456,356,597,696,519
24,39,104,91,507,561,519
452,284,488,185,620,721,519
51,60,160,144,555,645,519
168,111,277,267,584,672,519
411,392,268,245,583,669,519
23,39,20,42,503,551,519
32,63,43,99,530,630,519
39,23,106,75,512,596,519
303,149,287,121,597,675,520
28,30,66,50,517,581,520
31,36,32,67,508,580,520
113,74,61,67,556,625,520
480,350,586,497,619,727,520
95,57,111,108,511,575,520
47,40,17,63,502,554,520
54,61,20,95,498,545,520
151,100,188,153,568,670,520
227,128,179,118,567,654,520
700,335,912,581,677,787,520
148,118,94,87,545,627,521
85,79,97,72,518,579,521
11,32,100,110,504,579,521
523,244,595,229,628,733,521
34,62,68,112,517,589,521
52,72,123,169,525,603,521
33,32,146,90,590,666,521
65,71,38,51,522,584,521
56,81,83,132,519,588,521
107,119,203,154,545,621,521
44,66,100,106,516,592,521
132,151,82,144,540,620,521
29,24,150,85,539,611,521
641,249,911,332,657,760,521
62,61,69,75,523,601,521
13,24,137,126,506,558,521
215,97,347,180,578,665,521
34,25,54,60,520,580,521
147,160,16,78,516,540,522
417,266,396,244,596,688,522
71,59,26,88,521,559,522
208,106,282,149,588,679,522
208,131,154,122,552,615,522
52,46,25,79,509,582,522
383,275,693,482,609,705,522
57,60,137,133,538,624,523
18,31,35,46,506,591,523
408,151,533,118,635,733,523
42,62,14,41,499,540,523
19,28,38,72,492,561,523
0,22,29,59,498,538,523
31,43,47,69,520,600,523
31,40,46,52,515,585,523
67,84,96,107,521,601,523
441,171,598,199,648,739,523
73,82,139,130,527,586,523
242,218,386,310,572,678,523
39,56,31,69,493,547,523
25,26,126,72,519,602,523
93,113,94,95,520,585,523
299,196,192,154,577,678,523
88,105,117,108,518,583,523
79,64,81,79,535,584,523
227,197,216,188,554,649,523
71,49,203,157,549,626,524
508,325,417,221,617,718,524
797,662,841,704,675,803,524
303,235,262,247,589,679,524
489,387,347,328,599,700,524
51,78,56,109,494,535,524
164,94,116,97,559,637,524
380,295,361,270,579,676,524
428,379,316,265,579,691,524
560,406,745,524,650,769,524
230,116,270,221,581,676,524
32,48,52,88,507,584,524
43,52,119,104,524,609,524
31,47,58,61,493,529,524
30,49,218,142,538,610,525
185,108,240,118,572,668,525
108,118,151,176,540,615,525
327,287,351,301,581,672,525
100,112,274,243,560,663,525
484,348,534,351,618,717,525
476,189,704,204,656,754,525
67,88,59,112,525,592,525
75,62,179,107,556,629,525
114,137,24,112,497,531,525
12,25,77,93,506,558,526
568,375,724,515,657,774,526
495,466,385,399,606,716,526
31,45,89,98,530,587,526
107,121,46,84,518,576,526
23,43,54,63,501,526,526
31,41,96,92,515,585,526
121,83,140,99,551,627,526
64,81,88,131,521,594,527
438,220,328,165,606,703,527
153,101,150,86,556,649,527
323,214,213,203,589,674,527
710,584,383,307,609,702,527
14,21,47,68,493,535,527
122,126,122,148,542,623,527
27,33,52,67,495,529,527
92,87,83,87,551,659,527
17,22,19,49,511,580,527
253,165,274,164,572,662,528
187,202,25,111,531,610,528
44,55,19,62,511,581,528
71,48,140,97,529,571,528
655,525,691,597,648,765,528
2,20,17,52,478,526,528
237,246,199,266,522,588,528
181,179,235,261,537,612,528
172,123,113,144,546,616,528
314,147,656,250,629,736,528
898,419,882,532,690,799,528
102,57,112,49,540,601,528
104,113,63,123,528,599,528
197,197,124,195,527,588,528
303,268,225,182,571,666,528
146,134,300,279,559,661,528
63,67,141,183,534,618,528
95,88,32,68,502,540,528
890,434,807,324,661,768,528
286,266,280,281,562,648,528
124,55,31,48,547,594,528
41,32,61,64,511,570,528
47,59,23,86,491,544,528
751,504,590,380,647,753,529
160,128,151,133,551,632,529
23,40,41,94,498,565,529
1,21,56,85,491,552,529
91,78,161,133,539,624,530
341,345,163,197,568,671,530
124,124,125,169,541,606,530
204,164,230,224,560,649,530
19,27,49,128,484,544,530
261,269,110,178,535,607,530
42,21,154,68,524,601,530
27,39,42,103,499,540,530
841,545,733,421,670,782,530
111,93,312,299,566,661,531
45,56,111,84,527,578,531
44,43,131,114,528,599,531
177,141,98,122,557,637,531
30,34,85,59,513,578,531
258,181,244,190,593,677,531
285,190,304,223,577,667,531
163,164,191,227,536,599,531
13,32,55,80,496,533,532
165,151,265,227,562,660,532
156,106,234,178,567,656,532
123,118,123,138,540,622,532
194,96,286,141,592,677,532
152,113,139,158,552,610,532
146,120,194,185,555,649,532
259,206,381,323,590,682,532
149,116,167,133,566,645,532
153,84,291,146,576,652,533
591,524,380,324,589,687,533
293,189,273,182,591,672,533
10,31,28,55,475,530,533
192,196,164,231,521,597,533
627,290,479,204,629,724,533
184,181,243,290,553,633,533
65,55,88,96,533,602,533
60,71,28,49,498,539,533
350,280,442,397,603,706,533
130,81,145,111,555,618,533
31,27,31,40,496,544,533
34,52,39,80,514,582,533
196,149,111,161,561,621,533
60,60,63,55,520,567,533
271,250,197,232,564,649,533
177,181,116,168,551,638,534
202,219,127,174,536,614,534
23,35,85,97,491,524,534
263,131,252,150,569,649,534
114,124,23,57,515,562,534
344,301,630,462,601,701,534
31,26,59,59,505,564,534
36,45,69,86,490,574,535
123,91,97,125,544,618,535
700,330,568,263,635,732,535
417,236,417,200,606,700,535
185,102,135,99,581,655,535
161,107,247,160,558,639,535
254,256,215,219,559,650,535
43,53,81,65,517,578,536
125,133,153,175,545,624,536
190,132,26,36,550,612,536
152,132,102,142,554,623,536
91,57,93,74,541,608,536
61,57,90,69,522,576,536
141,132,197,187,559,652,536
30,50,55,104,500,547,536
8,27,30,74,473,537,536
73,42,143,91,549,611,536
445,253,397,129,626,709,536
49,46,118,129,539,610,536
40,24,99,52,517,582,536
61,76,91,100,529,588,536
489,476,244,297,570,670,537
27,33,83,93,515,583,537
300,216,302,174,587,670,537
730,572,623,411,628,733,537
154,172,29,117,532,601,537
323,218,303,178,608,699,537
449,343,377,286,599,696,537
309,235,216,153,586,669,537
117,117,166,121,533,583,537
336,292,213,253,583,682,537
182,172,204,224,528,590,537
98,93,274,233,547,633,538
135,136,102,136,545,627,538
47,38,48,70,526,572,538
468,344,445,400,620,738,538
466,367,229,226,565,652,538
93,115,66,144,516,540,538
129,91,86,72,540,615,538
110,80,176,149,531,601,538
210,147,180,232,566,651,538
235,173,322,284,594,689,538
207,194,191,236,574,670,538
483,106,657,181,642,726,538
140,90,94,118,546,613,538
190,149,190,135,568,665,538
121,101,233,156,552,641,538
253,170,168,125,568,643,538
482,441,460,472,598,701,539
221,168,443,352,611,718,539
203,124,363,234,590,673,539
76,59,241,186,543,618,539
231,201,108,138,549,640,539
61,35,151,54,534,603,539
72,70,106,108,517,584,539
380,192,285,137,596,713,539
128,83,256,185,574,644,539
129,122,70,115,531,587,539
31,22,90,80,520,585,539
639,518,669,535,620,727,539
333,101,261,125,630,697,540
15,23,27,49,469,520,540
41,56,123,138,506,548,540
137,136,141,157,540,615,540
268,117,464,258,614,715,540
219,233,31,133,518,575,540
124,104,329,186,576,663,540
920,445,857,356,683,788,540
19,23,88,52,506,572,540
164,100,115,78,565,633,540
22,29,55,81,504,556,540
256,209,267,204,580,677,541
51,53,130,102,537,607,541
53,48,166,160,523,599,541
43,36,38,51,512,550,541
821,599,635,496,659,768,541
23,22,105,53,509,570,541
112,102,144,147,550,632,541
18,42,50,100,484,554,541
501,301,289,244,619,705,541
600,161,803,201,635,740,541
266,126,362,179,581,685,541
503,358,446,284,617,715,541
161,125,138,129,550,630,542
270,229,183,177,555,628,542
372,242,385,315,619,721,542
150,152,114,175,543,635,542
479,335,552,284,611,723,542
210,98,216,89,577,664,542
160,187,88,128,522,565,542
190,187,222,222,551,630,542
33,34,62,92,538,610,542
253,166,120,119,588,686,542
293,246,126,162,555,625,543
134,136,56,91,525,601,543
702,163,851,181,678,776,543
174,133,150,124,565,636,543
102,82,173,158,542,629,543
50,57,23,59,493,544,543
183,127,244,202,567,642,543
40,55,79,66,496,516,543
431,327,638,495,629,750,543
59,63,103,155,519,577,543
795,590,689,417,658,766,544
777,480,894,459,674,782,544
284,187,256,207,573,660,544
385,293,491,392,625,732,544
390,269,355,257,606,716,544
25,35,49,72,485,512,544
111,88,150,102,546,630,544
170,110,289,191,572,668,544
32,29,20,64,516,588,544
238,183,343,216,588,683,544
25,49,74,124,496,544,544
349,214,334,143,593,680,544
144,160,142,165,531,604,544
60,70,81,133,512,577,544
57,69,54,93,479,529,544
177,140,114,133,547,634,544
48,47,45,71,530,596,544
63,75,51,109,492,555,545
205,162,99,160,563,641,545
191,177,189,227,548,624,545
435,211,473,270,623,718,545
42,26,43,48,512,561,545
61,52,25,73,517,568,545
230,217,110,153,544,633,545
103,76,161,147,552,617,545
425,395,258,308,585,679,545
135,67,286,132,573,656,545
13,22,83,64,499,548,545
57,85,81,150,517,597,545
30,49,101,85,511,569,545
335,293,172,137,590,679,546
78,100,31,91,495,560,546
48,29,65,80,524,603,546
75,68,204,189,551,629,546
110,100,203,201,557,666,546
255,127,285,132,595,685,546
270,154,256,191,588,676,546
138,107,197,167,564,635,546
402,320,515,355,615,719,547
267,206,229,190,555,619,547
897,542,757,447,665,776,547
63,92,82,147,492,539,547
22,50,156,196,516,600,547
714,591,523,451,622,735,547
466,295,638,288,630,746,547
54,64,122,97,538,631,547
37,51,80,106,493,516,547
96,118,114,177,537,624,547
56,86,57,102,528,601,547
47,53,89,57,526,601,547
38,50,26,58,510,563,547
17,22,137,99,529,607,547
247,219,262,246,568,665,548
259,215,251,184,603,701,548
29,61,13,71,516,561,548
102,109,157,152,534,624,548
133,56,304,113,587,666,548
65,79,123,137,529,615,548
112,93,50,92,558,626,548
103,133,166,240,532,598,548
64,62,305,155,568,653,548
117,137,146,168,540,627,548
84,96,382,361,575,688,548
341,266,309,177,605,707,548
574,438,789,602,674,800,548
22,42,93,139,492,564,548
85,107,78,108,516,587,548
145,114,122,101,550,614,548
76,89,70,142,514,592,548
220,100,437,146,589,688,548
114,119,33,45,528,599,549
309,94,329,127,608,697,549
218,81,229,96,600,681,549
78,62,39,78,519,575,549
42,40,85,62,495,522,549
395,258,249,202,589,672,549
211,212,247,266,559,647,549
318,191,254,151,607,692,549
326,284,303,303,587,683,549
148,113,193,139,567,644,549
549,488,395,348,600,698,549
99,104,223,271,538,607,549
330,331,239,244,575,678,549
255,245,238,247,575,668,549
111,112,86,137,543,610,549
37,23,24,47,486,556,549
4,30,31,98,481,553,549
184,196,118,169,538,608,549
549,440,670,520,631,744,549
47,55,126,113,506,584,549
79,84,86,65,542,624,549
351,291,380,296,616,728,550
267,236,355,325,600,706,550
62,87,53,65,524,575,550
17,34,90,128,513,592,550
269,233,155,148,553,637,550
34,55,20,88,488,520,550
111,88,172,140,563,652,550
79,52,172,134,538,629,550
46,65,31,82,511,557,550
729,335,836,328,666,772,550
123,133,157,229,533,602,550
576,368,527,324,638,744,550
79,35,89,92,536,597,550
120,73,152,107,555,628,551
181,116,101,88,567,653,551
425,170,503,275,625,726,551
115,133,105,159,507,552,551
29,33,95,84,520,582,551
472,360,671,439,629,746,551
107,113,211,186,549,633,551
95,85,46,40,519,588,551
464,259,680,192,651,756,551
41,35,69,67,509,597,551
80,93,53,98,506,575,551
777,534,920,518,681,792,551
128,78,229,133,568,651,551
221,122,332,152,593,680,551
130,90,399,198,592,686,551
426,125,614,157,658,761,551
291,291,290,331,569,664,551
41,47,255,134,543,632,551
622,210,485,156,640,740,552
108,103,214,157,554,637,552
17,29,29,54,509,568,552
118,85,120,87,560,635,552
272,277,376,321,574,669,552
41,48,173,104,550,637,552
72,96,78,101,532,609,552
293,189,315,172,598,694,552
15,42,82,116,507,556,552
134,115,320,274,586,681,552
21,32,19,54,480,532,553
17,37,50,102,505,545,553
228,184,92,158,532,608,553
217,87,306,116,581,658,553
12,41,13,90,485,533,553
3,24,74,112,498,552,553
105,119,21,64,519,578,553
29,55,28,87,505,553,553
80,70,226,117,557,642,553
43,48,62,67,507,569,553
254,182,358,209,591,677,553
122,110,154,150,532,601,553
33,43,180,126,536,618,554
262,176,349,173,600,690,554
304,316,268,300,573,667,554
134,137,119,108,549,630,554
51,81,26,109,517,572,554
332,247,262,233,578,666,554
18,32,37,78,498,553,554
217,168,173,147,546,623,554
55,61,92,123,531,620,554
132,131,231,212,550,615,554
105,71,57,64,540,630,554
115,116,87,127,527,587,554
212,214,96,173,548,621,555
393,254,762,494,634,736,555
117,92,240,194,569,653,555
88,105,60,99,515,571,555
78,72,33,52,513,581,555
215,129,300,176,556,628,555
36,48,106,141,517,587,555
173,141,409,252,593,695,555
59,65,21,44,523,574,555
555,313,591,349,630,733,555
214,97,192,143,568,656,555
280,224,270,232,560,650,555
38,36,81,76,522,609,555
14,29,15,61,502,577,555
313,229,382,290,595,686,556
189,168,218,258,545,612,556
32,44,17,56,468,531,556
217,215,119,166,531,605,556
168,123,151,129,540,617,556
50,29,65,48,537,601,556
126,115,121,157,534,591,556
7,21,85,82,514,576,557
500,193,471,208,640,740,557
70,67,108,91,530,603,557
173,160,145,182,548,628,557
559,291,690,360,648,762,557
48,41,53,53,510,539,557
122,66,146,130,559,642,557
177,113,221,117,566,643,557
549,364,764,529,636,740,557
5,23,16,64,473,519,558
43,44,66,81,514,595,558
374,187,446,136,646,735,558
42,38,128,108,519,598,558
403,196,605,305,629,735,558
75,73,17,63,495,525,558
171,148,316,281,560,654,559
131,159,16,111,505,534,559
18,25,34,64,504,580,559
153,166,122,109,525,609,559
112,90,75,124,539,615,559
13,21,28,45,481,525,559
51,56,109,90,529,585,559
214,136,395,250,582,670,559
57,57,126,155,517,577,559
326,245,360,260,589,678,559
245,259,111,204,533,625,559
16,20,142,66,511,566,559
122,105,166,139,543,623,559
37,31,114,72,507,588,559
14,35,34,106,481,522,559
39,38,63,72,522,588,559
26,43,45,81,506,546,560
212,222,134,211,544,629,560
136,89,283,154,575,677,560
30,40,13,68,517,587,560
14,24,23,60,471,479,560
212,111,111,89,579,689,560
100,83,135,126,539,609,560
395,206,543,239,613,696,561
680,415,630,313,622,730,561
25,24,34,59,503,566,561
152,105,183,152,577,673,561
125,109,117,130,544,627,561
98,112,77,109,517,580,561
22,42,111,167,508,567,561
340,289,189,223,595,699,561
108,109,153,161,565,663,562
436,304,355,295,589,668,562
225,143,246,207,575,666,562
57,52,18,86,511,585,562
4,22,53,114,482,554,562
656,266,680,262,635,733,562
439,203,405,253,621,717,562
43,47,129,141,524,613,562
153,69,182,101,559,630,562
40,41,55,72,496,537,563
161,178,125,151,526,609,563
88,112,97,152,535,579,563
87,91,71,112,522,580,563
33,28,85,86,526,598,563
92,77,87,75,516,595,563
118,137,109,159,529,603,563
393,284,335,222,595,680,563
54,40,71,90,539,623,563
125,138,207,289,515,578,563
281,167,308,159,576,663,564
235,158,176,159,566,648,564
280,167,289,178,605,711,564
911,547,718,398,665,775,564
71,75,86,110,507,565,564
187,151,76,113,554,642,564
50,70,54,109,487,527,564
104,110,111,150,527,603,564
288,166,549,241,615,716,564
125,121,94,103,536,601,565
127,131,140,140,534,599,565
390,230,392,223,606,696,565
59,75,15,87,495,575,565
32,30,157,144,507,586,565
21,22,81,90,504,560,565
9,23,60,77,486,492,565
49,57,130,134,533,601,565
107,102,67,79,541,588,565
89,50,83,80,550,634,565
49,52,92,92,512,555,565
145,78,244,85,584,670,565
68,37,155,94,555,633,565
99,97,21,64,513,581,565
516,220,581,272,621,727,565
33,27,111,75,506,584,566
49,59,116,138,499,552,566
177,109,217,185,545,618,566
108,89,29,57,530,619,566
668,235,579,265,647,754,566
58,58,200,164,538,619,566
599,543,403,401,626,734,566
859,436,656,356,654,757,566
104,90,76,78,528,603,566
36,33,46,47,518,570,566
351,331,260,269,573,674,566
136,95,152,143,537,617,566
174,99,303,155,568,646,567
237,203,196,171,575,664,567
134,114,18,41,534,607,567
521,415,353,295,602,689,567
266,186,106,117,545,599,568
163,117,299,149,558,640,568
336,173,358,246,613,712,568
164,92,353,174,586,674,568
170,187,102,131,524,628,568
80,58,196,97,542,631,568
15,32,100,133,505,557,568
0,23,31,97,480,549,568
107,104,188,114,543,616,568
95,94,179,142,528,603,568
98,103,135,104,546,629,568
52,68,18,50,519,611,568
100,56,230,100,577,660,569
47,33,121,81,530,608,569
732,280,788,263,656,767,569
182,95,447,242,593,694,569
142,123,98,91,549,632,569
52,35,20,30,518,557,569
258,219,383,334,581,677,569
262,186,377,293,586,676,569
186,136,186,148,575,666,570
477,236,575,217,624,729,570
220,167,307,205,575,678,570
365,273,420,345,598,700,570
145,119,233,170,569,638,570
22,34,33,81,497,551,570
11,33,112,79,504,579,570
61,53,115,100,502,547,570
237,156,314,161,589,685,570
79,54,182,117,543,625,570
92,124,151,171,512,597,570
70,92,163,146,516,596,570
48,70,118,152,530,612,570
7,36,18,98,460,472,570
0,25,46,61,519,585,570
350,284,586,405,646,768,570
7,21,39,54,488,546,570
21,44,86,111,512,568,571
137,139,210,191,542,629,571
570,263,749,346,644,751,571
214,228,52,140,539,602,571
76,50,146,74,554,636,571
554,373,624,349,616,720,572
173,145,328,199,592,689,572
282,230,295,335,579,671,572
596,394,464,337,603,702,572
369,206,454,200,617,721,572
18,45,32,88,488,569,572
61,76,130,139,523,597,572
31,43,143,107,537,629,572
454,217,692,168,639,747,572
545,284,485,260,612,717,572
347,261,459,303,611,709,572
64,98,30,107,480,548,572
52,63,78,66,534,620,572
69,54,108,70,520,575,573
44,61,59,100,515,586,573
146,144,162,136,552,620,573
241,240,169,251,542,633,573
29,32,54,85,517,595,573
660,449,532,324,635,749,573
308,169,329,182,591,682,573
146,129,137,171,545,618,574
172,125,108,110,537,610,574
12,21,66,77,489,526,574
86,65,36,78,517,584,574
36,48,30,65,501,563,574
88,85,107,85,512,585,574
341,187,326,138,587,681,574
16,21,40,66,523,600,574
270,154,333,114,594,688,574
96,100,172,160,531,629,574
192,191,258,206,563,661,574
29,56,18,83,484,517,574
27,30,170,132,537,630,574
0,28,23,103,464,522,574
361,159,578,293,615,717,574
9,35,16,75,476,508,574
186,208,99,161,547,650,575
112,125,68,113,521,602,575
49,62,106,97,508,598,575
90,81,204,197,541,622,575
86,90,56,98,506,586,575
123,88,70,52,533,604,575
89,93,64,157,526,590,575
344,234,202,153,581,678,575
172,109,96,114,542,612,575
56,62,33,53,501,553,575
761,671,237,163,603,704,575
461,197,446,177,611,720,575
27,53,65,92,494,586,575
154,140,162,178,542,628,575
157,138,140,180,529,613,575
17,31,87,72,478,557,576
70,96,104,145,540,630,576
75,68,149,108,545,631,576
89,95,137,155,515,583,576
326,142,679,279,630,735,576
217,92,296,135,593,687,576
60,89,48,118,528,617,576
457,317,630,311,632,731,576
8,26,26,43,484,519,576
446,272,582,408,600,699,576
91,50,149,93,548,618,576
668,602,260,254,585,684,576
24,48,62,106,489,555,577
159,92,413,132,568,649,577
51,57,37,33,501,567,577
838,393,773,278,654,760,577
274,206,294,226,570,665,577
85,58,190,114,559,643,577
213,95,297,229,610,698,577
151,175,81,150,520,580,577
205,196,119,97,534,605,577
178,111,68,108,537,606,577
102,112,107,149,503,581,577
27,30,46,69,495,535,577
301,251,423,329,581,676,577
54,64,46,107,499,556,578
60,88,86,160,493,546,578
219,112,272,215,585,675,578
231,146,344,183,580,671,578
204,145,159,123,532,610,578
34,48,22,74,497,540,578
450,245,572,253,631,729,578
81,80,159,126,523,596,578
41,59,145,189,513,583,578
738,523,506,347,615,720,578
54,45,52,78,511,585,578
865,515,706,464,654,764,579
125,76,107,61,550,621,579
22,35,65,94,486,558,579
194,187,119,162,534,605,579
90,72,65,68,532,617,579
84,63,81,100,509,577,579
91,88,172,152,554,632,579
9,35,16,71,476,539,579
288,228,343,250,574,660,579
106,90,128,115,553,633,579
107,108,90,119,517,584,579
63,84,21,59,502,558,579
92,113,104,193,525,584,579
533,281,843,433,657,769,580
42,47,49,52,499,574,580
3,29,26,74,473,484,580
162,135,163,109,543,612,580
9,20,47,87,460,503,580
19,28,62,71,502,573,580
140,130,264,211,565,649,580
820,660,757,612,662,777,580
49,66,101,151,509,583,580
323,194,502,281,599,701,580
37,42,28,81,482,533,580
266,277,218,297,547,636,580
412,396,396,387,579,677,580
406,409,165,179,555,627,580
335,122,283,118,598,685,580
47,64,47,106,512,596,580
63,50,39,57,514,583,580
82,96,96,144,499,536,580
130,141,215,263,547,635,580
64,68,147,125,517,580,580
221,188,320,240,580,677,580
229,131,312,203,578,669,581
65,86,40,80,504,570,581
128,91,212,181,548,637,581
187,107,365,132,589,676,581
94,86,119,86,522,593,582
81,53,130,109,520,616,582
235,248,196,138,541,617,582
191,120,297,134,584,662,582
52,80,81,116,496,534,582
61,83,28,94,494,580,582
96,86,106,100,545,627,582
32,32,37,93,523,592,582
863,507,785,430,648,756,583
49,68,89,116,514,587,583
438,389,386,339,575,674,583
79,68,156,133,521,580,583
210,216,146,182,540,626,583
316,179,276,166,601,687,583
97,94,129,135,537,600,583
87,66,278,184,562,646,583
259,239,269,296,554,650,583
76,96,164,216,517,595,583
188,178,45,100,525,588,583
21,26,107,51,515,591,584
23,40,26,65,501,542,584
12,21,30,53,461,530,584
153,72,230,124,559,645,584
58,78,15,84,508,537,584
143,89,192,133,571,645,584
70,51,227,154,546,612,584
118,125,205,255,545,630,584
96,56,67,73,532,597,584
373,322,181,194,574,678,584
37,61,39,110,486,521,584
39,48,110,66,525,582,584
555,256,435,184,620,713,584
427,370,324,333,590,698,584
63,64,50,82,527,619,584
312,253,495,434,627,735,585
313,114,360,94,615,694,585
485,427,218,274,587,681,585
120,94,196,153,528,590,585
403,163,575,312,620,712,585
35,51,91,129,510,568,585
554,212,502,241,639,741,585
15,22,68,71,505,567,585
366,247,404,262,604,703,585
21,24,38,83,477,521,585
55,38,52,69,533,605,585
407,231,561,318,604,715,585
57,80,55,127,504,562,586
773,510,748,542,648,765,586
4,24,20,39,500,587,586
190,120,137,103,569,642,586
88,108,34,115,499,566,586
133,152,63,124,519,592,586
52,67,135,176,518,583,586
624,453,866,684,670,789,586
275,157,586,334,633,749,586
115,114,38,110,519,582,586
379,228,443,304,606,696,586
86,103,16,80,484,528,586
232,95,237,114,585,665,586
476,214,693,426,643,750,586
157,92,263,204,553,618,586
8,20,27,53,487,530,587
286,236,260,224,577,663,587
128,115,261,258,560,653,587
110,126,107,168,539,609,587
56,57,145,114,528,613,587
23,28,106,84,518,595,587
48,69,159,209,510,561,587
182,68,385,117,609,700,587
40,64,74,120,482,496,587
284,173,225,157,604,710,587
116,124,164,174,516,596,587
5,21,45,57,472,508,587
567,430,436,336,625,723,587
254,185,275,215,564,645,587
23,40,118,119,515,580,587
38,55,21,64,491,558,588
43,52,106,126,509,565,588
83,57,73,93,531,592,588
146,141,151,137,546,633,588
181,128,149,141,573,664,588
451,292,578,331,626,733,588
20,36,14,51,481,530,588
84,75,102,125,536,618,588
7,28,53,102,481,523,588
111,114,205,219,554,642,588
112,125,210,222,536,618,588
342,177,345,222,593,684,588
180,143,352,307,578,669,588
598,264,624,301,633,743,588
314,275,372,352,584,690,589
51,53,49,97,519,583,589
165,92,225,109,565,656,589
49,49,39,42,507,576,589
392,178,278,161,590,677,589
24,37,35,58,500,559,589
228,161,290,181,584,668,589
22,46,14,73,478,503,589
300,261,338,348,587,681,589
112,122,67,120,515,596,589
456,278,499,176,613,705,590
59,47,115,104,512,579,590
214,206,237,238,570,664,590
154,142,31,73,521,560,590
95,94,186,195,538,615,590
36,36,74,62,484,569,590
556,376,490,254,639,739,590
221,117,181,175,578,672,590
108,99,129,158,534,613,590
145,149,191,202,537,642,590
900,298,864,303,662,771,590
471,284,699,334,628,721,590
327,272,412,327,591,694,591
18,29,72,50,497,541,591
115,81,124,109,550,624,591
37,39,45,82,505,574,591
352,205,400,204,596,695,591
290,163,380,227,596,694,591
301,241,406,305,610,711,591
278,201,352,213,588,683,591
52,28,170,69,542,634,591
289,260,339,321,575,681,591
36,33,31,66,512,586,591
262,163,317,203,587,683,591
36,49,56,89,512,585,591
97,115,93,142,538,617,591
122,92,107,109,529,585,591
143,82,195,187,550,623,591
215,129,221,131,587,678,591
324,185,400,255,583,676,591
93,102,103,143,536,611,591
154,108,288,147,563,670,591
249,218,134,167,559,637,592
64,90,63,135,487,534,592
33,50,103,88,516,571,592
248,139,230,193,582,670,592
105,89,120,146,552,638,592
28,38,69,92,510,604,592
668,401,922,568,669,784,592
39,52,46,65,489,517,593
54,51,199,110,538,624,593
129,113,76,90,528,584,593
43,65,72,115,494,551,593
369,218,418,204,595,685,593
54,77,70,124,511,567,593
610,523,391,358,610,714,593
465,299,321,187,597,697,593
34,52,14,81,487,546,593
134,97,181,96,557,634,593
35,30,96,63,534,610,593
51,57,29,78,477,548,593
9,21,38,46,469,530,593
456,389,243,278,594,697,594
363,134,216,143,588,669,594
785,358,826,326,655,763,594
827,468,905,624,681,795,594
332,316,322,232,577,664,594
23,44,64,75,492,525,594
41,65,48,94,510,590,594
73,80,50,118,506,558,594
9,37,32,108,455,462,594
118,71,162,79,561,644,594
214,103,422,186,602,698,594
23,38,62,82,493,545,594
225,120,292,188,573,663,594
748,293,827,266,680,803,595
217,125,316,176,591,683,595
159,114,117,113,554,641,595
26,50,37,113,475,526,595
511,425,403,246,615,703,595
115,78,174,89,560,615,595
485,346,336,253,596,693,595
126,129,237,240,564,652,595
220,186,384,304,592,684,595
19,38,76,108,505,565,595
172,159,159,130,561,636,595
734,686,558,476,619,726,595
236,240,178,205,535,616,595
675,447,718,446,652,756,595
146,75,179,104,562,653,596
296,216,423,249,599,685,596
8,22,43,66,493,578,596
83,36,180,121,561,647,596
69,77,87,111,525,598,596
318,168,437,298,617,713,596
117,83,207,124,571,650,596
99,103,255,212,553,637,596
12,38,35,83,489,533,596
10,22,44,41,493,561,596
241,180,202,177,558,649,596
46,69,135,148,504,554,597
19,32,126,147,497,583,597
61,81,27,71,501,530,597
136,105,102,86,551,640,597
35,47,187,132,518,607,597
121,109,195,172,553,623,597
3,25,27,98,467,505,597
236,220,228,208,543,618,597
66,84,203,195,538,611,597
200,204,195,237,536,633,597
124,126,73,103,530,580,597
56,48,68,59,511,570,597
275,237,385,324,594,689,597
70,85,76,96,507,564,597
91,54,211,168,554,641,597
52,46,104,88,532,602,597
68,89,98,136,522,611,597
91,50,121,97,541,626,597
55,82,30,87,497,559,597
379,194,433,297,604,709,597
56,56,108,99,523,590,598
101,88,248,169,557,643,598
105,112,151,141,531,598,598
132,84,206,125,561,630,598
12,24,35,65,481,545,598
47,37,50,85,543,604,598
121,120,117,158,531,603,598
842,249,904,327,662,765,598
84,56,72,88,510,559,598
78,99,51,121,491,570,598
33,60,107,188,515,578,598
6,28,79,90,502,581,598
23,55,50,90,487,558,598
515,372,753,453,629,738,599
19,33,154,146,530,606,599
19,39,81,93,497,566,599
150,144,255,103,561,661,599
717,468,800,571,637,756,599
321,166,391,147,586,675,599
394,207,711,379,636,755,599
32,56,130,140,500,559,599
18,41,123,72,516,590,599
191,128,234,135,555,659,599
96,97,222,163,547,636,599
88,65,355,114,567,670,599
76,102,38,93,483,550,599
32,41,168,142,541,627,599
813,599,649,580,667,791,599
45,78,207,131,518,615,599
318,286,247,213,570,661,599
22,21,84,64,517,608,599
65,79,186,142,540,632,599
369,280,287,276,590,700,599
81,95,84,74,516,598,599
85,71,212,162,559,650,599
73,104,73,106,501,576,600
35,65,66,129,503,537,600
464,214,637,273,633,747,600
212,199,197,177,556,646,600
436,294,516,322,621,730,600
193,132,289,142,561,661,600
40,65,149,114,563,630,600
5,27,77,59,511,591,600
49,55,39,64,503,539,600
34,32,45,52,509,564,600
29,47,52,96,472,520,600
0,22,98,104,490,554,600
8,21,125,113,527,610,600
10,31,99,139,487,556,601
65,92,58,118,504,522,601
2,24,23,70,461,521,601
39,55,46,77,513,586,601
27,26,141,169,511,590,601
318,291,416,334,595,701,601
48,43,62,59,510,585,601
287,234,429,237,591,705,601
116,100,200,187,551,634,601
173,105,161,109,571,653,601
15,35,16,78,478,509,601
640,476,713,463,649,765,601
333,225,339,118,603,714,601
133,158,105,120,541,626,601
198,218,197,252,549,645,601
40,52,229,162,536,617,601
42,37,37,54,519,584,601
127,58,433,182,581,691,601
228,221,274,196,561,659,601
390,301,614,392,619,732,601
117,95,168,112,541,613,601
8,20,35,57,488,578,601
184,103,223,121,558,657,601
409,257,608,321,627,747,601
28,32,37,57,506,543,602
168,82,163,125,558,625,602
371,180,245,219,573,654,602
192,158,190,198,557,645,602
634,507,517,400,623,738,602
44,62,163,157,500,523,602
108,116,64,113,525,621,602
252,158,212,155,569,659,602
57,59,23,44,518,620,602
79,80,107,135,538,626,602
300,194,281,167,563,661,602
420,256,759,262,645,754,602
61,72,112,79,531,629,602
63,86,124,113,530,605,603
168,156,359,228,583,680,603
66,99,70,148,483,548,603
10,32,20,56,504,580,603
95,69,172,77,552,643,603
510,216,929,315,683,800,603
61,71,117,127,536,608,603
163,119,173,182,539,631,604
76,63,143,82,533,623,604
117,98,108,142,548,603,604
114,104,172,155,548,639,604
85,79,50,49,512,570,604
74,60,86,124,531,603,604
279,261,196,201,559,619,604
271,284,172,230,559,636,604
51,46,239,137,541,637,604
48,73,26,71,510,563,604
19,36,120,119,507,552,604
0,22,53,126,455,513,604
243,124,409,259,606,705,604
411,377,418,401,609,726,605
116,119,154,132,550,649,605
1,28,22,58,481,497,605
7,26,90,86,517,632,605
32,44,96,82,516,596,605
256,178,273,155,614,729,605
84,88,86,100,528,598,605
161,128,225,176,557,645,605
69,89,89,121,508,568,605
98,114,142,105,533,615,605
41,68,156,176,525,608,605
774,437,789,293,643,751,605
56,65,174,146,533,604,605
58,68,80,115,510,563,605
52,86,31,56,493,550,605
151,170,105,109,552,638,605
67,61,161,104,514,588,605
273,148,325,183,580,684,605
27,23,63,72,487,545,605
144,139,160,136,527,599,605
453,409,248,257,572,671,605
45,67,119,139,514,580,606
157,86,69,69,541,602,606
0,20,51,120,462,490,606
64,68,130,135,535,606,606
63,84,162,182,532,611,606
99,72,218,128,547,638,606
54,73,52,103,492,551,606
107,78,64,69,560,632,606
520,185,658,185,662,755,606
51,61,76,103,504,569,606
288,263,395,312,588,691,606
452,284,307,180,602,690,606
339,268,223,203,557,638,606
35,31,114,81,510,588,606
75,89,101,123,515,581,606
74,84,60,116,519,585,606
29,49,68,94,489,524,607
145,66,198,82,583,680,607
37,60,29,90,502,550,607
129,134,104,154,534,604,607
69,81,13,73,506,561,607
208,195,277,257,575,660,607
99,65,230,150,552,630,607
139,71,104,79,557,640,607
156,148,116,177,535,595,607
24,24,35,71,495,559,607
394,233,586,317,630,734,607
98,59,156,78,545,642,607
69,75,23,81,515,580,607
229,234,106,171,543,621,607
1,20,32,47,474,542,607
234,249,93,104,540,616,608
76,75,102,99,530,600,608
194,121,404,171,585,685,608
575,280,458,187,611,701,608
283,213,126,149,547,618,608
69,90,39,91,487,529,608
207,87,316,118,579,667,608
98,85,49,122,520,586,608
204,104,186,107,561,632,608
190,120,149,103,555,626,608
114,117,20,64,498,540,608
157,91,90,79,558,644,608
74,98,176,237,515,576,609
4,25,40,85,498,548,609
330,256,413,272,614,719,609
434,270,390,251,597,698,609
154,161,106,143,542,625,609
268,209,195,160,560,653,609
111,77,204,125,564,658,609
81,64,16,62,564,619,609
140,98,154,138,560,654,609
397,218,457,235,613,705,609
416,136,351,136,611,704,609
71,78,103,109,516,618,609
329,221,148,122,595,689,609
483,343,260,127,603,693,609
30,47,48,62,465,513,609
36,46,75,80,505,591,609
503,338,561,386,614,720,609
12,34,48,93,477,529,610
893,514,877,381,654,769,610
141,87,223,197,557,646,610
153,143,150,132,542,623,610
207,139,326,236,582,671,610
31,31,59,104,494,539,610
72,67,129,103,528,607,610
83,109,53,66,510,575,611
116,132,167,186,535,630,611
125,156,106,163,524,597,611
71,79,152,140,516,573,611
56,77,36,84,515,604,611
24,52,35,63,505,566,611
131,121,155,139,548,648,611
44,65,81,137,511,569,611
89,72,188,124,541,591,612
252,127,226,159,586,668,612
0,20,18,73,462,500,612
279,225,255,223,578,673,612
41,64,26,80,489,557,612
258,113,332,143,592,675,612
220,116,147,94,575,660,612
211,122,303,217,584,658,612
50,50,28,43,502,553,612
107,72,110,74,512,595,612
288,128,391,163,598,685,612
167,128,325,284,576,674,612
131,156,110,184,509,565,613
91,111,42,104,505,545,613
123,93,192,207,525,591,613
52,67,95,151,502,557,613
135,125,199,132,556,628,613
63,81,38,96,487,517,613
42,43,77,104,497,565,613
24,30,57,81,493,570,613
626,481,498,418,612,714,614
187,108,200,143,552,634,614
302,230,334,175,584,670,614
157,99,223,93,587,672,614
72,77,175,127,541,607,614
958,554,810,444,647,755,614
99,73,117,98,539,598,614
454,240,497,243,605,698,614
56,75,50,125,492,575,614
217,172,258,168,571,653,614
298,186,446,380,614,719,614
274,148,391,158,603,696,614
254,208,265,168,585,671,615
504,174,718,289,645,748,615
74,50,123,87,521,588,615
112,111,111,136,529,587,615
378,249,160,106,583,665,615
735,481,904,488,660,768,615
647,577,465,449,626,740,615
911,828,546,499,634,746,615
38,34,49,68,513,583,615
38,46,59,108,511,569,615
35,40,49,57,507,592,616
19,29,99,98,516,602,616
366,180,390,254,606,704,616
111,92,270,167,574,658,616
299,248,279,267,578,672,616
59,49,178,95,531,599,616
74,88,53,127,506,590,616
159,152,43,95,530,614,616
28,44,69,86,505,576,616
98,71,113,65,529,582,616
63,71,67,65,497,554,616
72,78,77,120,514,567,617
248,143,290,170,617,736,617
488,333,360,248,595,692,617
105,107,251,224,555,658,617
98,102,207,192,535,602,617
16,22,13,60,494,534,617
30,79,43,68,496,606,617
88,68,153,128,536,608,617
32,33,76,73,498,563,617
29,25,65,73,504,547,617
5,22,70,96,489,566,617
24,27,28,44,503,555,617
168,151,175,154,534,598,617
519,469,451,395,606,710,617
117,80,163,216,546,620,617
69,96,37,109,495,553,617
71,61,38,68,529,592,617
22,21,52,61,491,566,618
100,96,149,140,523,606,618
353,328,332,312,574,679,618
43,68,67,121,484,534,618
87,99,142,146,533,609,618
96,47,57,40,536,598,618
135,133,89,71,534,583,618
41,43,137,137,519,590,618
298,198,332,172,577,686,618
367,231,515,260,599,705,618
105,122,84,116,509,574,618
800,469,665,347,647,755,618
38,55,61,95,488,542,618
35,33,80,57,533,608,618
122,78,118,106,548,628,618
11,34,37,90,478,514,619
451,147,593,181,623,719,619
154,145,201,238,553,638,619
368,252,343,264,605,688,619
218,133,366,229,599,689,619
331,188,823,477,639,736,619
412,242,248,181,593,685,619
90,90,230,202,529,602,619
69,66,85,77,523,565,619
30,53,81,124,497,538,619
6,24,20,86,464,515,619
241,234,173,187,562,660,619
54,66,69,77,510,560,619
379,318,545,454,611,718,619
201,147,547,336,605,715,620
192,146,212,123,561,652,620
86,47,168,115,546,633,620
447,426,267,292,563,656,620
9,24,30,74,528,608,620
81,69,62,75,521,611,620
108,105,19,78,510,566,620
501,317,303,172,576,666,620
73,89,63,92,510,558,620
99,71,203,116,542,605,620
40,40,46,66,515,585,621
496,292,793,450,649,766,621
108,59,203,99,551,644,621
175,179,142,217,544,621,621
113,91,57,87,525,581,621
381,365,360,311,569,665,621
173,210,55,92,525,602,621
24,29,19,36,500,560,621
65,62,218,138,558,652,622
35,57,161,166,525,609,622
15,37,68,83,507,570,622
35,65,89,164,490,554,622
63,80,70,119,518,593,622
137,158,99,165,532,616,622
27,56,60,132,503,578,622
95,92,51,109,542,628,622
164,180,184,225,545,634,622
563,495,411,316,606,709,622
98,103,156,159,533,608,622
321,186,257,198,573,673,622
110,107,120,135,540,619,622
258,203,197,201,563,656,622
64,80,63,88,505,570,622
79,74,24,59,497,543,622
125,141,78,130,506,580,622
59,38,103,127,531,611,622
214,232,232,259,539,609,622
140,123,168,202,538,622,623
51,46,113,97,530,618,623
212,219,192,230,538,618,623
105,106,195,164,563,660,623
40,46,151,113,509,587,623
60,73,30,49,517,591,623
97,128,72,123,519,602,623
45,60,126,84,520,610,623
23,50,28,95,493,564,623
405,365,368,363,583,685,623
38,63,136,188,511,573,623
291,274,296,237,578,683,623
14,22,45,45,505,590,623
684,541,835,635,662,781,623
42,68,65,100,491,544,623
141,145,130,170,525,616,623
142,164,122,173,530,615,623
10,36,102,58,507,579,623
117,88,246,164,564,654,623
122,126,120,143,541,624,623
66,93,29,106,506,571,623
193,206,80,119,523,597,623
218,247,185,185,528,632,623
175,173,188,192,526,627,624
119,138,97,115,544,632,624
196,168,284,214,578,672,624
52,64,199,145,504,587,624
709,642,627,513,640,761,624
46,56,59,68,511,596,624
637,423,681,401,638,748,624
26,29,70,74,512,580,624
23,23,82,98,521,614,624
16,24,96,87,493,547,624
39,67,51,107,501,561,624
50,37,191,112,537,631,624
50,73,24,87,502,560,624
36,55,124,140,526,606,624
60,59,73,100,511,562,624
60,90,32,105,486,545,624
474,360,468,423,605,707,624
68,46,138,99,521,568,624
624,210,864,284,675,784,624
233,166,265,201,580,677,624
57,47,28,66,501,551,625
1,24,43,117,458,480,625
184,181,122,207,533,604,625
174,116,36,96,553,617,625
40,23,94,51,518,597,625
547,173,664,250,666,778,625
117,120,64,136,527,608,625
177,147,195,181,556,642,625
57,65,182,154,526,588,625
399,303,351,219,595,696,625
20,41,33,80,492,545,625
124,130,177,205,525,605,625
137,162,148,197,533,612,625
69,77,16,59,511,605,625
32,40,235,194,543,635,625
12,34,154,202,489,558,625
54,64,74,64,507,570,625
44,76,24,86,495,543,626
43,65,155,176,530,616,626
11,33,66,93,479,559,626
239,116,291,192,588,686,626
104,79,68,68,506,548,626
71,63,82,101,510,589,626
26,39,87,140,488,528,626
210,167,370,296,574,673,626
90,101,114,157,517,596,627
0,21,39,90,460,500,627
36,30,173,106,539,612,627
122,138,150,190,557,645,627
293,283,357,317,584,693,627
539,474,607,532,616,723,627
185,159,212,176,556,634,627
14,34,71,129,500,568,627
112,75,62,83,526,588,627
18,44,59,83,515,592,627
24,46,48,108,472,506,628
12,24,16,59,466,491,628
46,51,97,120,532,597,628
311,187,387,208,612,712,628
63,65,179,108,539,629,628
341,156,393,174,615,717,628
257,113,365,217,586,676,628
124,130,66,125,532,599,628
133,160,15,106,500,559,628
182,123,215,121,558,649,628
101,105,193,215,525,593,628
22,29,91,118,496,559,628
182,109,294,178,577,672,628
341,150,302,125,597,698,628
41,60,112,110,498,529,628
281,192,198,187,564,648,629
66,57,98,85,527,601,629
232,174,300,232,557,664,629
71,64,251,212,542,625,629
120,97,67,137,540,629,629
175,102,168,92,569,665,629
242,250,190,244,540,634,629
62,55,18,77,523,596,629
48,39,85,70,519,591,629
34,43,83,78,503,576,629
44,49,131,122,513,584,630
185,167,206,176,548,642,630
225,212,241,294,563,664,630
20,37,54,105,484,550,630
27,42,31,71,498,563,630
207,220,157,228,524,597,630
338,250,310,265,591,688,630
73,99,22,81,487,554,630
138,127,198,216,529,609,630
155,105,287,198,555,630,630
136,160,43,120,526,595,630
76,62,70,88,506,581,630
258,163,475,230,603,705,630
25,28,128,103,517,597,631
286,128,286,162,595,682,631
125,129,223,174,560,642,631
810,417,803,412,671,777,631
105,111,60,97,529,591,631
140,140,33,42,511,568,631
579,175,678,190,654,762,631
153,160,258,287,537,611,631
215,172,206,185,562,650,631
65,74,66,78,504,556,632
128,72,109,102,565,658,632
50,51,69,94,506,579,632
19,31,75,84,493,559,632
56,52,32,68,522,609,632
19,31,66,86,488,543,632
506,269,749,429,632,737,632
43,52,93,129,505,559,632
125,106,125,126,529,619,632
773,256,949,344,671,773,633
539,417,540,421,610,715,633
237,197,368,267,577,678,633
490,278,427,213,607,689,633
67,73,159,159,534,621,633
97,100,21,74,499,554,633
95,48,303,125,563,640,633
843,350,831,307,663,773,633
18,34,17,50,478,527,633
433,165,522,295,620,725,633
89,105,81,166,516,578,633
25,28,54,83,502,565,633
24,44,40,71,483,472,633
99,77,85,85,532,602,633
46,67,37,100,489,564,633
33,35,97,128,510,558,633
89,84,118,112,543,634,633
20,29,20,42,502,547,633
79,80,136,73,532,620,634
46,55,82,113,505,574,634
31,37,83,93,483,555,634
103,100,17,79,507,592,634
21,26,35,47,491,535,634
222,181,241,230,568,657,634
100,89,177,142,541,618,634
206,160,310,168,555,629,635
308,258,388,371,594,700,635
126,93,152,116,541,619,635
15,33,23,57,475,534,635
218,226,260,288,563,656,635
501,202,589,227,634,751,635
457,274,485,221,629,732,635
60,86,16,106,474,488,635
248,140,418,235,580,669,635
42,43,122,152,522,588,635
23,49,39,105,462,523,635
13,26,48,83,483,545,635
77,92,62,83,531,623,635
308,261,276,283,562,662,635
36,28,21,38,502,569,635
482,359,636,429,613,724,636
9,29,87,99,493,558,636
189,165,133,121,546,647,636
120,127,189,198,532,606,636
134,101,252,164,553,650,636
87,104,101,170,527,604,636
64,67,65,75,516,593,636
184,98,176,143,556,630,636
97,83,129,117,533,604,636
293,161,395,224,607,707,636
105,81,203,142,558,647,636
305,231,322,210,606,710,636
475,339,612,429,665,767,636
50,44,23,49,515,580,636
45,39,140,101,513,588,636
88,81,205,210,538,623,637
167,150,140,163,552,637,637
31,40,27,66,495,568,637
448,272,425,181,615,716,637
154,114,402,245,590,697,637
267,186,364,317,569,671,637
186,105,247,149,563,643,637
27,25,132,63,511,592,637
152,102,197,121,554,644,637
263,217,210,135,552,645,637
29,44,48,117,491,566,638
100,51,109,61,555,639,638
133,134,263,252,562,667,638
462,336,517,382,629,745,638
34,58,60,96,503,582,638
70,67,169,157,520,581,638
22,42,125,158,520,609,638
191,171,462,366,596,700,638
18,38,29,86,476,527,638
32,51,39,59,498,554,638
99,94,83,139,527,600,638
55,45,186,147,525,608,638
347,225,318,196,586,678,638
78,70,103,110,518,563,639
956,574,946,633,691,813,639
27,34,54,50,505,571,639
112,83,211,212,565,659,639
79,95,76,121,527,582,639
277,272,168,178,557,649,639
333,242,243,245,547,628,639
164,156,350,332,561,661,639
2,24,28,73,479,518,639
159,55,403,169,608,697,640
96,81,97,83,538,611,640
393,326,305,198,573,675,640
52,52,105,86,502,575,640
63,87,13,85,505,560,640
577,347,461,271,601,698,640
59,86,42,116,495,556,640
163,179,145,214,537,615,640
119,110,34,56,520,587,640
34,37,84,107,515,585,640
168,137,247,182,573,678,641
125,69,140,89,547,632,641
336,230,496,349,595,693,641
98,94,88,132,518,587,641
25,25,117,116,492,585,641
44,42,66,100,520,606,641
14,30,44,74,466,512,641
984,558,822,392,668,786,641
328,259,275,208,565,660,641
44,35,160,84,536,594,641
219,185,254,142,553,639,641
62,46,108,71,519,581,642
91,98,84,117,507,594,642
734,331,712,293,664,780,642
318,314,182,209,545,638,642
574,571,307,364,570,666,642
75,98,43,95,496,544,642
35,45,61,89,486,560,642
643,432,806,427,638,749,643
125,139,73,62,525,606,643
368,227,351,186,588,682,643
415,368,465,434,592,693,643
32,29,45,69,488,553,643
11,29,110,131,493,558,643
553,521,446,448,599,702,643
148,135,199,217,532,611,643
30,47,25,62,481,516,643
129,66,270,125,577,671,643
137,139,79,146,523,605,643
13,28,39,57,487,571,643
25,40,36,75,488,547,643
146,90,211,187,555,634,643
446,157,733,211,648,753,643
437,376,504,393,617,723,643
5,24,50,68,478,543,643
7,20,41,44,470,528,644
33,41,19,51,490,563,644
25,32,59,89,496,543,644
40,41,100,128,497,569,644
607,514,557,447,622,738,644
54,70,59,57,507,566,644
210,151,198,147,550,631,644
816,493,802,544,660,769,644
161,155,116,164,525,594,644
317,138,315,176,606,699,644
80,59,148,123,536,609,644
82,59,29,53,526,589,644
49,65,30,73,473,540,644
14,29,65,73,498,545,644
1,25,26,74,468,533,644
178,166,328,291,571,661,644
266,162,201,169,563,631,645
41,57,43,61,507,591,645
60,66,161,145,507,598,645
26,40,151,139,531,608,645
282,200,276,209,584,677,645
17,36,60,107,482,547,645
133,129,200,236,541,615,645
287,239,231,202,571,665,645
44,67,41,86,511,580,645
257,251,176,193,552,632,645
255,122,306,155,580,670,645
91,93,111,80,538,628,645
23,27,13,48,476,509,645
12,25,37,45,476,509,645
20,43,59,109,485,557,645
53,71,108,168,520,618,646
662,501,684,421,639,749,646
41,32,89,64,505,584,646
48,53,268,173,550,636,646
145,99,160,106,557,637,646
187,141,196,204,564,642,646
20,20,17,44,498,567,646
26,33,28,43,503,571,646
107,109,82,141,509,592,646
627,328,627,416,658,760,646
42,60,58,105,510,583,646
88,76,120,121,515,596,646
43,62,158,139,517,562,646
68,57,51,81,523,577,646
52,62,105,111,516,602,647
64,44,34,72,524,596,647
857,479,783,368,646,759,647
447,408,432,462,600,705,647
416,384,248,265,580,678,647
25,35,92,72,508,578,647
123,72,170,90,557,646,647
58,50,268,150,538,630,647
57,80,45,117,471,512,647
14,36,14,75,469,520,647
12,33,42,84,480,544,647
234,165,284,218,578,670,647
96,80,250,135,551,643,647
33,53,57,117,488,560,648
119,87,309,156,559,655,648
399,346,256,289,573,672,648
92,88,58,95,523,604,648
166,116,312,240,561,642,648
22,33,22,76,491,541,648
443,280,451,302,614,718,648
295,203,273,161,575,679,648
8,29,71,77,484,510,649
648,375,736,306,644,754,649
118,137,79,139,496,572,649
0,20,39,94,415,461,649
283,173,150,140,560,627,649
697,287,724,255,631,736,649
9,33,60,90,486,552,649
30,31,47,46,501,580,649
72,82,144,196,517,585,649
33,31,91,77,499,564,649
123,123,251,269,536,617,650
128,106,171,116,566,672,650
246,279,152,243,518,592,650
104,116,193,189,549,634,650
225,197,365,267,576,681,650
41,32,109,97,500,577,650
35,39,116,98,499,557,650
30,55,42,87,501,582,650
121,139,171,162,540,621,650
14,23,136,99,504,582,650
212,212,304,265,549,650,650
343,175,426,156,598,698,650
126,152,129,141,526,602,650
352,234,405,254,596,704,651
129,145,31,98,518,579,651
430,277,450,353,609,704,651
108,124,13,73,506,559,651
143,130,129,129,540,635,651
120,115,121,119,519,627,651
134,143,146,211,514,595,651
167,141,259,250,560,645,651
12,26,25,47,477,528,651
166,191,41,115,526,604,651
18,27,13,57,471,517,651
33,52,124,143,515,595,651
209,173,276,150,566,661,651
377,226,433,312,612,722,651
220,223,108,143,538,635,652
89,121,76,137,510,554,652
18,30,17,41,491,565,652
8,30,56,101,485,559,652
40,42,69,104,501,557,652
22,44,63,69,499,568,652
35,55,98,100,512,580,652
15,27,60,72,474,536,652
27,58,64,93,521,602,652
29,50,77,132,516,585,652
534,278,434,190,621,717,652
26,41,81,109,510,610,652
88,80,163,163,543,627,652
99,60,137,88,553,642,652
215,188,382,303,611,731,652
58,91,59,136,509,599,652
81,83,264,251,560,652,652
14,26,87,102,523,608,652
79,74,149,171,528,608,652
31,45,29,64,504,595,652
298,291,377,395,570,683,652
66,72,149,85,525,594,652
157,148,268,255,541,629,652
705,583,660,546,652,775,652
51,61,242,157,559,652,652
56,73,189,155,526,625,652
15,46,41,69,480,545,652
65,90,88,128,507,593,652
4,22,103,68,504,589,653
29,48,62,60,516,614,653
82,84,217,152,557,655,653
31,41,54,60,509,586,653
109,128,140,169,528,608,653
205,197,163,184,544,638,653
55,53,309,197,551,628,653
126,135,275,322,533,614,653
215,195,368,304,565,659,653
159,103,220,127,560,649,653
151,97,197,147,549,617,653
63,87,17,49,494,531,653
27,48,57,64,492,549,653
36,28,78,49,505,590,653
176,90,97,67,551,645,653
495,301,386,261,585,678,653
82,88,70,128,512,587,653
329,191,462,268,594,695,654
111,129,18,101,488,578,654
115,100,23,69,518,588,654
672,320,940,352,664,783,654
128,133,119,135,527,600,654
8,24,31,77,462,543,654
92,107,214,196,534,614,654
339,152,479,203,616,714,654
330,133,479,224,613,715,654
398,204,499,201,602,700,654
238,205,466,416,590,701,654
324,295,434,389,587,679,654
19,36,37,76,501,586,654
0,23,26,95,461,470,654
151,163,146,94,551,629,654
95,128,207,257,520,620,654
862,600,830,486,672,799,655
615,306,459,267,626,733,655
151,87,259,210,568,668,655
184,92,245,143,570,661,655
33,35,121,104,527,599,655
23,39,84,116,497,569,655
569,429,692,618,627,736,655
291,117,260,151,573,660,655
618,383,601,500,631,739,655
542,198,583,264,642,743,655
42,40,27,83,508,547,655
56,48,87,104,524,576,655
41,51,71,91,494,552,655
483,294,612,414,606,721,656
118,77,140,125,535,592,656
107,77,138,109,541,624,656
313,272,325,220,581,682,656
16,24,158,91,512,595,656
67,97,118,132,519,616,656
332,290,346,347,580,684,656
17,40,18,82,468,502,656
917,732,762,571,665,785,656
52,80,178,196,535,629,656
348,261,352,210,593,689,656
7,29,46,44,486,541,656
47,55,37,57,503,551,656
168,137,255,139,559,642,656
33,42,32,67,499,574,656
486,415,744,636,631,755,656
311,187,324,178,610,699,656
54,63,111,102,494,521,656
3,26,41,85,443,448,657
113,114,46,79,502,553,657
179,145,163,154,553,638,657
31,21,25,37,485,540,657
25,38,65,87,489,501,657
74,65,88,86,519,576,657
113,89,55,66,531,601,657
227,161,292,251,575,672,657
72,96,51,123,470,497,657
437,390,453,418,600,702,657
560,255,466,257,617,708,657
197,171,179,178,539,616,658
422,214,373,139,599,691,658
311,158,437,213,595,695,658
92,97,29,53,508,560,658
83,85,72,91,515,592,658
307,150,125,96,593,682,658
349,211,291,196,584,677,658
243,161,211,156,560,653,658
275,160,145,156,579,670,658
172,148,166,172,560,651,659
494,462,490,493,594,706,659
358,306,387,373,576,672,659
96,61,281,145,557,653,659
38,54,24,64,505,539,659
11,22,18,39,504,577,659
13,34,17,76,447,457,659
158,143,209,200,543,618,659
198,191,197,226,534,616,659
183,167,305,277,577,680,659
113,120,13,72,500,580,659
77,49,80,90,510,568,659
31,51,114,129,507,589,659
69,71,83,147,514,589,659
127,141,123,188,544,633,659
31,35,42,71,497,579,659
363,124,295,115,629,724,660
158,80,128,97,556,622,660
887,398,822,429,672,790,660
66,82,97,154,502,586,660
96,69,198,122,559,640,660
66,45,56,54,504,578,660
39,35,61,71,501,540,660
105,119,148,153,517,588,660
220,211,206,200,556,654,660
39,53,48,97,488,551,660
122,101,127,108,541,619,660
140,170,46,144,484,535,660
636,183,832,176,669,771,661
346,153,346,159,604,707,661
336,267,396,261,601,706,661
57,56,63,70,528,613,661
30,42,72,75,495,570,661
118,106,147,163,550,631,661
56,79,137,199,504,540,661
109,62,55,50,537,614,661
260,180,354,202,571,662,661
250,194,147,139,556,641,662
152,83,284,126,572,662,662
27,21,26,41,482,534,662
196,97,309,139,597,692,662
186,173,183,180,547,630,662
191,176,254,281,561,658,662
40,60,77,131,503,559,662
240,134,132,145,558,647,662
51,71,18,81,508,563,662
314,157,486,274,616,720,663
93,74,171,181,534,630,663
325,267,332,282,588,693,663
28,41,22,48,476,512,663
901,636,676,446,658,769,663
201,166,344,297,581,681,663
832,593,633,490,643,754,663
153,157,139,189,523,572,663
35,29,49,39,508,584,663
45,71,64,142,478,497,663
408,308,322,242,592,699,663
93,101,94,111,529,621,664
371,332,264,273,584,694,664
505,439,646,601,598,707,664
229,234,144,199,533,619,664
62,67,96,96,506,551,664
327,110,333,104,614,701,664
70,68,309,219,539,631,664
228,152,295,205,580,666,664
320,178,308,208,568,668,664
31,50,19,85,468,499,664
168,114,317,142,591,683,664
148,110,155,90,540,610,664
727,503,599,464,626,731,664
5,28,61,114,466,542,664
318,282,103,154,580,678,664
273,260,172,212,546,620,665
120,133,48,108,506,595,665
293,275,250,260,565,651,665
58,28,158,78,535,612,665
45,47,85,94,500,567,666
271,194,250,136,561,650,666
55,47,147,179,521,596,666
30,42,36,71,489,521,666
0,20,19,84,449,507,666
107,102,116,133,528,601,666
29,48,45,92,476,500,666
122,108,233,215,546,633,666
106,78,231,121,528,601,666
163,96,152,151,566,652,666
83,72,153,115,529,598,667
586,295,604,377,641,742,667
305,185,441,300,592,697,667
363,184,527,297,607,703,667
237,161,279,193,555,647,667
244,198,288,241,602,707,667
175,190,151,234,531,602,667
31,41,29,68,486,497,667
137,152,56,128,512,570,667
157,170,47,124,533,599,668
52,45,81,90,516,574,668
141,105,183,116,550,629,668
464,311,368,235,610,711,668
92,61,88,73,539,606,668
222,115,527,248,597,697,668
25,25,141,98,508,580,668
234,245,65,127,536,617,668
691,549,542,409,613,729,668
500,446,317,312,575,668,668
18,37,52,85,487,550,668
18,23,80,73,489,536,668
56,47,107,58,542,614,668
225,212,190,245,554,648,668
103,117,20,83,495,554,668
59,58,20,71,507,561,669
141,115,124,183,537,607,669
164,149,232,183,557,645,669
402,360,179,163,572,666,669
139,142,235,227,546,641,669
12,28,15,43,471,497,669
67,80,180,223,530,620,669
128,131,58,114,535,601,669
32,43,71,95,513,588,669
88,81,41,71,522,581,669
56,57,62,58,518,587,669
458,422,373,379,608,709,669
21,25,93,82,508,569,669
318,181,190,119,588,682,670
185,181,208,242,552,634,670
160,145,63,115,527,592,670
100,49,144,90,553,628,670
68,72,57,47,502,532,670
40,54,70,86,511,589,670
75,53,170,130,546,621,670
20,27,69,87,491,562,670
103,96,81,141,517,582,670
38,43,75,86,505,539,670
69,43,139,62,564,644,670
17,20,46,48,487,540,670
226,188,206,175,567,663,670
174,146,250,151,566,663,670
59,80,27,95,501,560,670
101,90,159,167,541,620,670
64,85,28,102,479,505,671
238,220,153,181,561,657,671
174,116,207,195,553,648,671
757,400,496,280,630,735,671
295,258,283,233,583,689,671
531,401,424,343,604,714,671
801,399,829,385,657,761,671
34,28,17,47,498,551,671
65,82,99,165,511,580,671
67,83,48,121,506,572,671
248,157,332,177,585,679,671
90,104,123,187,500,573,671
89,102,87,147,506,556,671
379,260,481,272,598,687,671
121,93,70,93,540,606,671
432,324,465,413,606,713,671
691,157,631,168,665,761,672
165,132,248,203,583,673,672
1,24,17,85,454,430,672
365,209,468,308,605,711,672
172,121,277,176,560,650,672
50,38,98,80,517,579,672
283,147,434,219,608,703,672
205,99,286,80,601,704,672
147,105,190,135,560,643,672
31,49,61,128,480,541,673
173,132,266,268,582,662,673
19,39,107,159,480,528,673
184,191,132,175,536,617,673
169,151,124,175,536,621,673
825,449,853,499,674,783,673
113,91,131,184,538,600,673
20,36,63,68,500,526,673
39,46,30,91,506,556,673
318,122,383,128,613,707,673
52,75,53,133,494,553,673
75,58,49,81,514,577,673
133,125,114,135,536,604,674
769,374,710,293,655,767,674
25,30,30,70,492,533,674
42,40,110,117,528,610,674
21,24,101,98,511,591,674
50,43,89,64,523,596,674
674,325,912,386,676,786,674
52,63,70,128,504,569,674
54,65,126,143,519,596,674
93,86,34,59,519,573,674
63,45,77,55,526,602,674
145,148,155,184,553,635,674
184,96,278,130,577,658,675
148,144,112,162,529,587,675
197,154,154,133,552,626,675
51,50,94,121,521,613,675
127,111,30,89,551,628,675
484,451,446,438,595,695,675
33,50,33,92,480,520,676
265,204,239,205,549,602,676
3,20,21,51,475,520,676
157,117,73,71,531,614,676
171,115,83,50,558,629,676
76,85,27,65,500,574,676
244,158,191,125,582,672,676
262,197,311,193,576,657,676
73,60,80,105,532,602,676
166,147,171,180,546,642,677
192,190,175,199,538,610,677
71,79,124,177,534,629,677
282,172,403,217,592,685,677
489,184,754,256,643,747,677
211,75,203,108,586,680,677
42,47,46,90,510,576,678
579,158,518,192,633,735,678
125,114,143,170,536,624,678
175,128,212,148,558,648,678
61,67,22,91,483,517,678
53,52,69,79,497,519,678
51,44,63,88,491,536,678
576,464,454,413,606,716,678
170,159,247,284,534,618,678
92,53,178,109,544,630,678
120,96,138,126,554,631,678
33,62,21,102,471,497,679
294,197,365,259,598,709,679
106,132,153,189,529,588,679
7,26,17,59,474,541,679
72,70,83,79,496,549,679
74,73,115,116,524,596,679
170,90,265,167,611,694,679
28,24,33,74,483,509,680
42,53,56,102,518,587,680
229,184,76,88,537,623,680
72,58,95,82,536,611,680
373,372,168,212,561,643,680
377,267,410,284,592,696,680
16,29,63,71,493,550,680
776,323,698,337,662,783,680
63,73,29,75,506,573,680
96,101,190,184,537,623,680
176,169,244,204,560,653,680
35,46,79,74,517,597,680
47,81,64,120,503,566,680
11,32,53,49,507,583,680
0,25,30,96,484,531,680
4,32,36,88,468,489,681
112,83,119,87,537,626,681
59,83,69,76,515,592,681
155,114,195,229,559,652,681
63,95,67,79,515,568,681
8,33,89,116,501,577,681
297,137,625,239,627,733,681
40,69,41,119,483,531,681
704,350,794,328,652,761,681
66,94,28,66,514,580,681
59,77,57,108,523,599,681
217,97,380,157,589,689,681
80,66,258,218,555,655,681
59,54,119,81,524,602,681
74,73,116,110,538,637,681
44,65,68,92,498,555,681
250,196,256,208,566,649,682
253,137,445,344,578,681,682
337,167,243,126,587,672,682
53,47,136,100,512,585,682
32,52,40,108,494,535,682
124,90,244,199,556,663,682
296,179,406,230,602,696,682
112,106,103,148,513,607,683
109,132,167,169,538,629,683
634,480,736,399,638,748,683
157,164,127,163,539,615,683
215,136,174,83,573,673,683
22,29,209,124,537,610,683
37,42,33,46,544,644,683
24,36,108,93,511,578,683
767,345,793,265,659,770,683
331,268,693,511,626,736,683
24,30,35,65,504,574,683
35,48,31,51,493,543,683
51,58,26,50,505,565,683
19,22,30,56,471,502,684
135,115,181,94,516,603,684
697,322,750,371,666,779,684
277,110,210,150,613,707,684
134,85,299,241,573,676,684
100,58,50,54,529,580,684
636,340,349,261,615,712,684
17,26,23,78,466,499,684
48,35,84,106,509,587,684
174,153,191,206,538,636,684
353,267,432,356,604,712,684
252,102,261,124,603,701,685
206,165,254,221,562,653,685
136,166,101,187,513,586,685
35,45,133,103,521,565,685
33,31,191,116,512,590,685
172,162,162,200,533,625,685
351,210,435,288,589,693,685
62,52,270,155,537,611,685
136,167,58,131,501,546,685
65,61,202,140,550,631,685
196,127,127,145,549,615,685
30,25,105,88,532,628,685
18,38,13,67,494,535,685
305,275,380,217,598,710,685
147,146,344,292,557,656,685
316,310,282,336,577,669,685
438,413,280,297,600,707,685
98,122,104,125,529,621,685
114,77,128,107,555,638,685
538,390,546,320,625,737,685
75,86,173,229,537,629,685
15,24,66,66,475,524,686
344,280,282,275,613,724,686
126,123,166,165,552,636,686
348,260,302,162,595,695,686
58,61,128,124,501,546,686
133,156,137,200,505,587,686
9,25,17,57,482,553,686
103,106,97,115,537,620,686
25,27,60,62,512,589,686
68,54,192,150,533,628,686
120,130,132,168,541,632,686
108,137,16,109,493,525,686
96,71,163,135,524,597,686
22,45,68,120,501,581,687
16,37,17,63,467,478,687
26,29,38,39,511,611,687
299,256,303,253,575,652,687
20,27,49,29,469,495,687
15,23,40,69,475,496,687
180,161,120,89,543,637,687
18,37,37,87,488,536,687
136,118,324,275,584,688,687
71,79,84,116,523,595,687
123,127,134,152,542,634,687
732,414,761,374,645,756,687
232,216,170,212,562,636,687
293,178,316,234,595,690,687
161,119,171,142,548,636,688
150,64,182,79,574,660,688
372,145,344,116,622,716,688
144,151,217,200,530,614,688
26,42,19,77,487,526,688
500,193,405,233,617,707,688
20,37,52,113,472,540,688
88,92,80,89,512,585,688
11,27,57,64,481,503,688
70,95,38,117,489,541,688
248,95,209,119,582,667,689
672,261,607,226,653,742,689
78,64,170,111,532,609,689
111,93,101,78,537,632,689
110,122,77,142,525,604,689
92,93,90,129,512,594,689
250,144,334,244,582,686,689
85,78,31,58,521,588,689
22,33,32,85,500,564,689
209,180,170,169,557,652,689
642,235,572,238,646,750,689
216,193,336,330,555,656,689
3,23,83,97,493,560,690
154,98,214,180,556,634,690
745,300,881,290,660,771,690
380,264,373,231,576,680,690
3,27,31,83,469,522,690
271,224,334,276,597,707,690
384,205,508,216,600,696,690
74,84,113,141,522,583,690
530,176,559,236,633,733,690
189,116,127,96,568,666,690
170,193,50,134,506,572,691
500,330,435,263,607,705,691
18,29,73,112,476,549,691
43,53,27,83,501,548,691
21,43,17,77,464,498,691
53,68,112,135,520,603,691
168,120,264,209,561,653,691
32,54,36,82,473,524,691
27,46,32,89,489,574,691
46,36,142,102,532,610,691
97,87,201,214,539,630,691
221,237,172,245,534,621,691
54,58,100,133,515,611,691
34,52,35,56,479,542,691
85,94,198,205,528,617,692
173,145,100,117,539,610,692
651,184,685,210,655,756,692
189,183,159,172,540,621,692
309,231,366,253,587,692,692
333,162,452,197,611,715,692
170,84,105,73,579,656,693
33,31,28,56,502,588,693
172,149,366,282,573,676,693
604,460,569,255,612,720,693
210,90,389,227,598,689,693
4,24,22,72,471,498,693
24,32,82,98,503,567,693
45,34,98,78,530,604,693
617,370,698,466,635,751,693
41,51,22,66,511,570,693
25,24,82,47,493,573,694
129,142,81,117,527,593,694
268,132,283,162,592,691,694
8,23,77,91,481,524,694
371,366,194,251,555,637,694
30,41,60,85,512,589,694
198,165,175,107,552,643,694
75,61,130,97,543,615,694
127,79,93,124,531,609,694
12,26,48,65,481,553,694
264,155,345,205,586,676,694
69,69,96,125,510,583,694
119,105,128,166,538,605,694
213,120,142,111,546,623,695
239,235,261,308,557,639,695
37,60,23,92,485,516,695
36,23,59,60,485,537,695
813,344,940,383,672,781,695
55,45,156,140,538,609,695
128,118,198,195,540,611,695
165,166,176,194,545,627,695
197,140,414,213,577,670,695
59,67,28,105,491,542,695
236,150,253,186,563,640,695
93,103,137,128,519,583,695
32,32,58,95,492,563,696
128,69,115,50,557,634,696
94,105,92,122,502,563,696
102,102,195,161,524,573,696
685,368,930,471,663,766,696
933,705,682,584,646,761,696
245,146,253,198,574,659,696
740,520,684,437,631,738,696
131,116,73,93,529,585,696
73,64,62,122,506,563,696
275,128,352,203,582,666,697
798,400,898,401,662,779,697
84,82,116,67,528,595,697
224,185,100,157,555,628,697
46,42,70,56,501,543,697
118,83,248,103,571,656,697
252,173,268,239,549,644,697
141,154,160,194,529,607,697
99,105,222,176,532,609,697
411,213,701,253,622,737,697
137,142,190,192,544,622,697
200,180,238,126,556,646,697
251,254,187,267,560,655,697
330,313,453,421,606,715,697
39,37,163,112,514,619,697
110,129,151,201,502,599,697
34,43,71,89,492,553,697
496,182,473,160,624,718,697
76,105,48,128,517,610,697
43,64,22,62,488,557,697
43,64,78,115,506,566,697
306,177,200,140,569,666,697
50,69,99,142,501,581,698
60,66,67,127,510,576,698
302,145,291,205,589,686,698
435,299,441,261,608,702,698
56,60,72,83,500,557,698
42,47,14,49,477,504,698
79,75,96,127,514,582,698
201,179,254,253,554,638,698
40,50,57,80,504,571,698
87,52,147,115,543,627,698
32,29,23,41,489,561,698
434,231,336,183,605,709,698
182,173,151,214,539,627,698
26,44,34,110,490,533,698
281,258,313,309,570,665,698
61,67,152,214,511,580,698
110,79,136,93,550,627,699
48,59,188,163,541,637,699
146,169,184,189,532,633,699
242,139,350,221,581,689,699
42,52,107,134,506,591,699
55,49,73,74,519,580,699
273,224,228,190,577,675,699
69,88,78,76,502,569,699
11,25,83,70,493,558,699
559,444,685,549,640,756,699
67,88,51,112,500,578,699
15,25,138,92,507,584,699
462,383,481,361,613,722,699
44,74,51,131,490,550,700
37,37,71,47,500,573,700
87,65,123,115,544,623,700
51,43,78,90,510,596,700
76,85,131,98,528,617,700
211,218,77,134,529,607,700
109,125,95,150,519,601,700
99,100,106,133,530,596,700
7,25,44,103,463,522,700
650,347,613,304,631,737,700
112,90,98,105,529,621,701
258,222,196,186,534,616,701
84,82,60,100,519,577,701
129,42,78,55,547,618,701
48,56,27,100,483,501,701
705,179,863,256,676,774,701
117,101,65,125,524,609,701
279,241,207,198,550,642,701
71,48,223,134,533,621,701
963,714,787,512,661,780,701
245,131,326,236,576,680,701
27,31,24,40,488,557,701
77,83,106,106,529,611,701
168,138,203,192,554,644,701
47,56,102,137,521,606,701
278,96,479,185,618,721,702
135,111,122,116,545,649,702
290,288,220,292,543,626,702
16,36,13,74,472,511,702
123,133,162,171,533,629,703
111,123,179,197,546,635,703
11,20,110,118,501,593,703
35,56,43,69,486,554,703
322,169,544,210,631,728,703
649,324,573,217,634,742,703
48,76,50,127,481,543,703
266,184,295,187,583,677,703
121,53,242,92,608,689,703
278,224,433,326,597,708,703
203,198,187,234,557,654,703
12,31,45,52,487,526,703
286,195,415,269,600,705,703
59,53,171,168,532,610,704
268,218,222,226,555,630,704
34,53,91,146,519,596,704
75,49,137,128,539,615,704
450,238,347,268,598,688,704
321,302,326,305,605,713,704
373,347,289,312,577,677,704
63,41,96,79,522,597,704
294,143,235,162,601,690,704
351,257,277,205,595,693,704
50,56,31,32,520,595,705
550,316,756,472,637,748,705
86,52,233,137,544,619,705
402,255,434,296,584,681,705
130,96,115,124,540,614,705
359,278,651,519,624,734,705
25,47,56,118,484,545,705
114,93,56,47,525,595,705
53,58,85,146,509,591,706
192,198,72,124,524,595,706
773,200,848,322,658,762,706
69,54,249,139,542,608,706
106,95,175,157,535,618,706
424,228,390,190,615,708,706
229,175,344,236,572,667,706
389,228,572,309,623,725,706
512,148,749,371,647,753,706
143,131,136,154,546,628,706
747,539,570,388,627,741,706
10,27,102,144,476,533,706
34,56,19,61,499,545,706
327,183,328,256,593,676,706
63,73,101,94,513,577,706
22,22,89,57,524,601,706
19,32,82,120,522,584,706
66,56,65,108,507,575,706
70,73,83,128,511,572,707
47,61,56,101,501,561,707
475,202,424,240,610,703,707
292,278,231,278,543,629,707
227,236,209,225,538,625,707
58,51,162,108,559,656,707
17,38,111,128,500,566,707
0,22,27,62,469,533,707
285,214,456,227,591,695,707
29,26,114,65,510,579,707
17,43,13,72,475,535,707
48,51,24,70,483,493,707
9,27,126,136,493,563,707
75,99,58,123,519,593,707
216,206,209,252,560,658,707
280,144,385,159,601,708,708
159,109,352,274,586,690,708
111,65,123,66,556,618,708
52,48,153,115,522,609,708
20,40,54,90,477,516,708
145,140,175,209,544,622,708
80,47,185,65,533,612,708
92,69,50,60,513,572,708
598,184,675,222,651,754,708
258,123,359,184,601,683,709
13,21,22,44,447,457,709
443,240,527,271,625,729,709
301,220,343,233,588,687,709
132,116,57,108,538,606,709
481,248,561,295,623,734,709
50,78,128,193,502,578,709
496,448,464,451,601,713,709
172,110,209,159,557,658,709
34,42,30,46,492,532,709
311,231,491,289,594,699,709
59,84,224,244,527,615,709
4,26,103,115,493,544,709
20,27,36,55,484,530,709
102,95,116,148,529,615,709
323,323,262,316,579,695,709
347,311,422,424,608,717,709
92,46,195,100,570,663,709
16,29,52,79,493,580,709
397,202,364,131,622,730,709
222,111,364,260,592,693,710
58,82,119,78,519,604,710
32,40,138,79,522,601,710
107,101,247,142,540,620,710
504,207,573,300,638,745,710
82,93,164,161,528,611,710
364,280,459,349,592,709,710
43,66,29,68,499,535,710
395,187,726,330,624,731,710
68,62,233,188,541,621,710
255,104,432,153,612,707,710
1,21,25,87,451,489,710
312,236,236,164,554,648,711
310,189,320,200,589,688,711
273,208,279,325,568,664,711
203,115,413,189,579,681,711
217,224,84,146,525,616,711
111,120,88,161,519,585,711
63,64,251,221,552,656,712
286,175,460,234,586,692,712
53,69,131,125,504,589,712
15,36,180,121,513,590,712
109,93,135,124,521,579,712
49,53,80,107,518,608,712
44,43,77,65,512,572,712
28,48,73,93,502,527,712
33,61,54,78,500,576,712
132,134,225,231,552,631,712
272,228,217,187,564,669,712
755,632,704,569,645,763,712
91,84,44,108,521,591,712
100,115,58,140,510,572,712
31,20,109,85,505,570,713
255,158,245,217,574,660,713
291,286,262,259,571,672,713
36,25,23,41,483,535,713
116,91,154,116,540,605,713
323,225,336,222,620,709,713
217,226,334,386,557,650,713
84,85,104,122,520,600,713
16,34,99,137,514,586,714
232,208,424,337,598,715,714
10,20,38,75,476,551,714
197,202,161,207,541,627,714
103,91,109,133,505,565,714
326,308,418,390,582,675,714
238,207,282,225,559,663,714
206,159,321,177,575,680,714
120,86,420,179,576,677,714
75,63,153,132,545,636,714
513,450,510,449,613,728,714
18,33,57,108,498,572,714
123,60,239,100,570,671,714
366,324,317,289,565,670,714
136,96,261,175,559,659,714
51,78,53,131,488,519,714
37,38,67,76,502,592,714
202,105,220,181,563,656,714
85,86,28,40,504,563,714
46,60,17,67,494,538,715
83,82,56,70,500,581,715
86,113,50,95,511,591,715
66,69,65,97,522,593,715
347,329,409,414,567,658,715
479,274,553,278,628,738,715
16,34,73,106,506,580,715
420,217,449,191,605,714,715
97,123,166,225,517,591,715
60,53,91,66,526,602,716
161,135,390,281,593,702,716
179,180,86,85,547,635,716
16,34,32,66,497,573,716
118,156,36,111,509,561,716
29,45,226,189,512,597,716
128,146,119,163,529,632,716
197,182,251,141,548,624,716
29,51,95,97,515,559,716
202,162,344,257,576,668,716
21,40,67,60,512,580,716
66,59,165,144,512,601,716
721,267,934,330,668,774,716
33,44,117,102,486,555,717
164,155,189,168,553,634,717
75,81,95,129,512,580,717
2,24,87,152,451,481,717
100,65,133,115,554,629,717
382,227,805,483,635,746,717
123,98,70,106,536,626,717
67,58,113,70,522,601,717
210,105,227,155,581,672,717
671,284,571,247,637,745,717
48,47,43,67,490,553,717
142,103,219,138,552,646,717
50,34,33,53,499,577,717
330,311,349,345,572,663,718
89,96,172,209,529,588,718
115,57,173,150,545,611,718
178,169,183,188,537,615,718
119,124,93,130,531,616,718
369,167,577,304,636,742,718
201,196,145,132,532,607,718
911,630,795,491,667,784,718
460,362,421,235,592,686,718
5,22,25,84,453,481,718
63,81,91,138,506,571,718
50,57,107,82,516,584,718
45,42,50,34,514,582,718
221,210,111,178,515,588,718
215,192,79,164,535,614,718
503,256,510,280,628,726,719
101,49,102,51,543,604,719
97,63,110,108,533,611,719
296,255,210,221,568,659,719
19,28,14,62,470,506,719
349,176,304,196,565,660,719
139,102,205,145,540,635,719
95,92,53,104,501,565,719
30,32,23,75,497,536,719
78,68,30,38,514,583,719
401,290,400,275,593,702,720
425,205,620,248,616,726,720
195,200,213,229,557,654,720
28,43,44,93,471,517,720
418,252,314,208,606,718,720
42,49,99,154,520,603,720
488,249,396,203,624,723,720
309,174,374,253,593,692,720
825,311,933,324,664,778,720
30,49,33,60,490,538,720
184,144,182,145,542,618,720
63,83,28,84,495,555,720
2,24,55,93,476,536,720
5,21,50,59,488,561,720
434,407,246,238,584,681,720
31,37,98,80,525,606,720
34,28,168,88,524,605,720
292,123,497,248,607,714,721
27,32,49,79,502,579,721
113,69,52,95,523,597,721
106,71,124,114,541,619,721
52,69,53,126,492,545,721
136,136,150,162,540,619,721
7,27,47,70,459,491,721
43,32,15,70,517,593,721
167,175,229,288,539,624,721
333,151,376,174,605,700,721
14,33,22,53,459,479,721
286,172,364,207,575,678,721
346,238,391,233,592,695,721
40,47,81,114,510,571,721
104,123,234,272,531,615,721
22,23,80,43,505,611,721
87,112,203,204,515,597,722
286,303,134,196,527,620,722
734,621,573,439,629,745,722
5,25,32,67,475,547,722
6,30,33,82,477,518,722
34,54,143,180,501,564,722
114,123,125,130,516,596,722
61,86,199,175,541,614,722
9,37,76,62,507,581,722
128,138,239,229,544,638,722
142,120,312,236,564,666,722
119,106,128,102,536,627,722
123,138,164,224,500,567,722
46,59,64,127,499,572,722
81,87,99,111,514,596,722
69,60,23,60,502,554,722
275,239,292,302,574,674,722
31,52,36,86,471,508,722
34,56,82,125,490,540,722
109,104,135,175,521,615,722
123,100,175,152,546,637,723
66,59,67,58,519,597,723
53,63,47,90,513,583,723
56,63,47,85,500,554,723
278,254,208,180,557,638,723
87,94,51,83,506,583,723
103,103,88,127,513,583,723
28,37,16,52,480,541,723
391,203,457,221,608,717,723
30,32,19,45,494,534,723
67,82,125,137,527,603,723
124,110,97,93,541,635,724
298,174,286,199,573,661,724
334,243,445,365,587,689,724
83,77,91,119,509,573,724
248,179,293,182,563,654,724
18,37,54,82,497,534,724
313,270,345,271,586,681,724
165,131,177,195,545,633,724
104,101,106,164,509,568,724
523,315,444,271,606,705,725
30,34,42,53,501,571,725
20,21,84,61,496,581,725
197,204,124,194,525,598,725
108,48,99,61,546,618,725
64,44,99,59,500,570,725
48,33,22,47,500,566,725
327,284,179,194,547,628,726
135,87,62,88,530,600,726
548,266,772,404,653,763,726
27,30,134,115,497,581,726
28,41,30,66,497,574,726
29,31,100,80,500,572,726
95,69,31,92,525,594,726
12,34,46,100,502,594,726
75,50,120,77,530,609,726
151,137,138,130,543,608,726
96,104,79,121,517,590,726
70,62,117,134,516,580,726
522,171,590,157,643,744,727
145,74,60,75,531,597,727
40,20,37,35,481,569,727
152,63,282,115,562,648,727
94,78,132,126,523,612,727
484,317,369,246,605,702,727
128,113,175,201,537,619,727
192,128,162,173,586,683,727
40,32,110,68,517,588,727
75,57,82,85,487,533,727
56,63,40,58,511,561,727
349,293,345,305,571,679,727
177,179,104,120,552,656,727
3,20,31,39,477,537,727
92,62,114,81,527,593,727
567,476,694,559,626,754,727
380,382,273,227,559,649,728
87,98,109,159,528,609,728
34,55,67,89,508,603,728
155,136,135,152,538,623,728
42,69,47,102,489,539,728
544,502,489,516,600,700,728
197,195,141,169,531,608,728
251,147,419,191,581,693,728
226,122,193,118,561,646,728
84,86,64,124,510,566,729
69,46,203,163,538,621,729
128,51,137,117,555,628,729
278,150,240,182,598,688,729
159,76,22,70,546,611,730
573,497,412,349,594,700,730
137,115,141,95,530,618,730
26,44,17,52,487,538,730
108,88,99,77,537,618,730
922,205,908,177,686,784,731
228,185,151,117,550,634,731
186,168,331,267,561,651,731
33,42,30,57,473,517,731
299,125,304,190,600,682,731
251,97,296,121,595,675,731
33,30,52,112,494,530,731
640,459,667,461,631,744,731
83,88,131,142,531,617,732
0,21,47,106,465,494,732
583,366,631,363,643,760,732
20,42,22,87,503,574,732
31,59,59,128,477,558,732
13,38,21,56,489,550,732
233,175,404,318,595,700,732
62,73,172,145,526,611,732
182,105,291,142,586,676,732
267,172,416,199,598,688,732
20,24,71,69,501,568,732
315,306,263,294,572,688,732
32,43,114,75,513,582,732
743,470,664,400,641,753,732
34,59,18,99,489,559,732
131,127,49,88,532,618,732
72,82,38,110,486,525,733
25,34,16,66,474,512,733
181,168,131,138,590,712,733
293,147,234,140,594,679,733
67,81,28,50,498,574,733
163,170,91,100,522,615,733
92,88,15,54,523,601,733
161,125,113,123,541,635,733
36,52,80,133,482,522,733
70,50,60,68,531,617,733
76,57,181,180,546,641,733
14,31,15,75,460,496,733
217,174,179,131,544,618,733
247,142,289,171,563,655,733
98,77,136,91,541,604,734
97,126,96,156,508,564,734
34,46,134,118,500,581,734
190,106,276,149,582,673,734
41,36,135,75,518,598,734
103,103,65,66,530,612,734
56,70,124,146,526,610,734
25,35,31,81,477,534,734
14,32,31,58,496,567,734
218,114,254,190,584,688,734
253,270,229,299,546,642,734
326,127,363,178,615,719,734
325,328,345,294,559,661,734
17,33,62,70,498,545,734
45,64,65,111,505,574,734
64,54,33,49,508,586,734
189,127,306,168,586,681,735
23,29,31,60,478,511,735
226,108,417,210,585,689,735
369,160,417,168,584,680,735
120,52,37,77,551,636,735
36,39,68,57,501,575,735
74,69,130,177,534,627,735
186,92,223,93,560,647,735
46,41,14,57,490,569,735
367,227,494,256,602,693,735
374,162,416,184,610,707,735
322,133,245,159,602,688,736
137,84,126,108,550,624,736
31,20,111,52,509,585,736
359,284,326,354,597,711,736
24,48,82,130,481,545,736
253,128,160,117,562,644,736
301,155,243,174,581,664,736
2,21,34,86,483,557,736
292,140,578,266,628,729,736
52,49,62,111,522,584,736
81,93,27,92,495,583,736
13,21,36,49,488,573,736
49,64,31,75,476,530,736
43,46,153,133,527,628,736
494,247,407,303,618,715,736
121,128,143,164,543,628,737
511,189,498,158,623,725,737
462,324,372,182,621,716,737
134,66,159,93,563,633,737
733,186,843,188,678,790,738
201,192,245,225,539,628,738
341,208,294,228,581,680,738
213,148,273,162,554,659,738
169,172,153,149,527,601,738
44,58,94,109,511,572,738
190,149,236,223,553,649,738
248,143,451,281,605,716,738
371,231,571,400,613,725,738
24,21,31,45,465,531,738
0,20,35,82,452,526,738
70,87,98,156,518,618,738
283,203,264,134,596,697,738
263,165,314,245,571,658,738
32,39,134,107,527,618,738
35,48,62,69,511,585,738
5,25,21,52,472,496,738
79,90,167,174,525,614,738
18,33,93,151,492,571,738
186,179,179,183,549,634,738
39,32,85,75,508,604,738
161,132,156,80,563,637,738
52,79,99,166,494,558,738
26,27,83,103,538,621,738
311,261,363,313,604,705,739
290,149,478,226,618,708,739
529,158,536,185,626,732,739
70,73,95,82,508,572,739
263,171,216,117,570,662,739
61,55,54,55,515,581,739
751,264,668,212,654,764,739
223,146,365,204,573,667,740
38,30,30,55,478,585,740
161,125,189,194,560,650,740
133,135,109,144,536,629,740
456,392,612,526,596,707,740
166,165,27,109,515,601,740
133,102,162,145,509,558,740
55,35,48,54,509,598,740
52,68,86,112,505,563,740
564,426,416,271,624,735,740
33,34,166,130,513,595,740
118,116,132,126,529,635,740
159,154,78,122,550,648,740
278,248,214,250,556,643,740
22,21,123,95,497,567,740
548,275,677,291,643,758,741
97,107,93,150,499,570,741
213,207,233,211,548,645,741
231,181,244,176,562,652,741
119,54,195,158,557,626,741
204,212,225,288,532,617,741
303,125,268,159,594,693,741
676,265,558,253,643,749,741
48,35,48,85,537,611,741
209,191,168,164,540,634,741
11,26,73,93,480,556,741
132,132,100,126,522,603,741
134,124,185,173,540,632,741
380,208,570,301,615,721,741
146,113,141,153,530,608,742
231,116,424,208,584,674,742
190,152,192,180,543,630,742
88,83,17,95,511,583,742
219,233,95,170,525,594,742
147,155,132,173,536,631,742
257,121,652,274,606,695,742
622,396,562,293,615,726,742
47,46,120,117,522,608,742
353,308,534,475,592,695,742
576,403,794,528,663,782,742
543,477,300,295,589,691,742
71,73,64,87,510,592,743
33,33,197,166,507,564,743
93,63,87,75,528,610,743
57,38,120,122,531,612,743
86,78,13,61,502,580,743
659,226,483,249,632,726,743
477,221,448,164,612,715,743
149,122,133,128,546,621,743
81,83,66,99,499,566,743
356,249,483,380,606,709,743
61,69,38,95,507,573,744
138,144,160,205,540,617,744
312,204,383,322,597,696,744
157,159,201,182,533,627,744
935,625,862,546,685,803,744
38,40,154,89,508,600,744
140,105,214,139,561,644,744
233,115,383,309,593,697,744
111,129,128,166,544,631,744
350,145,491,195,616,722,744
7,22,55,61,491,568,744
305,280,214,176,582,675,744
374,312,477,285,601,709,744
134,109,91,86,544,639,745
94,77,191,147,536,625,745
336,205,334,127,569,667,745
403,276,628,479,645,760,746
305,246,322,188,573,674,746
36,41,90,111,521,600,746
43,63,95,153,490,556,746
12,32,24,39,482,540,746
477,293,545,326,612,722,746
180,97,274,147,585,681,746
467,368,571,405,629,752,746
26,46,114,158,516,602,746
140,93,216,131,561,652,746
164,148,84,98,527,615,746
136,148,177,188,527,613,746
265,212,199,221,552,644,747
323,307,326,307,556,661,747
332,168,381,184,603,699,747
98,92,140,112,518,606,747
137,134,104,99,540,615,747
127,103,113,109,539,632,747
170,104,178,133,566,652,747
703,327,690,327,654,761,747
85,87,54,95,488,531,747
18,25,94,48,493,565,747
69,49,148,57,542,601,747
27,23,26,41,493,563,748
96,98,128,164,499,542,748
14,24,34,66,467,539,748
451,167,447,166,608,709,748
82,70,55,77,514,577,748
250,205,285,218,562,655,748
143,134,125,117,530,614,748
47,62,30,66,497,547,748
122,110,176,210,547,640,748
20,31,41,76,477,570,748
541,455,287,251,599,692,748
8,32,21,64,470,512,748
18,29,34,65,482,541,748
91,55,69,103,514,575,748
121,100,145,156,540,634,749
980,689,851,639,664,785,749
362,307,370,242,587,699,749
13,34,32,97,450,449,749
56,83,29,94,498,566,749
279,125,375,193,593,688,749
124,61,130,87,554,637,749
20,33,42,80,461,521,749
25,45,33,84,486,542,749
62,71,27,87,497,571,749
116,122,20,71,520,591,749
396,285,320,252,577,667,749
745,428,895,526,685,811,749
71,52,147,116,547,627,749
149,105,275,132,577,678,750
104,101,45,68,515,594,750
443,338,421,345,599,707,750
82,90,71,97,515,580,750
169,175,126,95,536,611,750
34,53,52,90,490,569,750
70,98,110,153,498,578,750
358,238,418,257,603,704,750
7,28,52,100,480,565,750
125,124,294,185,564,666,750
146,100,305,182,589,690,750
29,56,28,69,487,555,750
53,67,280,200,547,653,750
18,46,63,66,501,558,751
1,26,22,63,474,539,751
542,329,668,338,639,754,751
148,157,177,228,541,632,751
110,75,215,184,555,656,751
385,355,153,182,547,634,751
25,33,43,48,470,541,751
202,131,220,203,562,647,751
180,94,105,98,554,634,751
101,95,142,134,509,568,752
90,83,146,144,523,585,752
415,383,353,327,585,701,752
648,298,591,212,627,737,752
105,73,104,113,525,579,752
66,55,20,67,496,542,752
292,234,289,240,546,641,752
114,112,147,204,525,598,752
120,125,88,151,517,587,752
174,185,153,215,514,594,753
51,45,147,116,503,582,753
132,109,314,214,568,659,753
55,53,98,81,509,576,753
71,55,192,79,539,617,753
93,65,262,119,551,632,753
8,35,16,64,448,464,753
311,272,353,276,567,664,753
177,82,446,198,597,693,753
258,254,168,210,550,638,753
21,35,27,58,482,532,753
115,101,27,61,520,581,753
54,50,55,73,507,569,753
230,224,179,101,547,716,754
58,25,172,55,535,619,754
160,300,38,128,502,651,754
335,107,248,122,588,675,754
33,41,38,61,477,538,754
141,102,125,160,550,627,754
96,91,120,148,508,589,754
27,39,24,66,500,558,754
24,32,110,115,489,575,754
162,103,270,206,572,657,754
264,173,250,167,572,675,754
101,122,198,208,541,645,754
7,30,28,63,500,571,754
86,111,129,135,513,591,754
35,46,44,83,504,592,754
754,494,734,485,679,788,754
195,160,163,144,557,662,755
179,157,206,169,544,624,755
436,234,517,217,632,743,755
287,232,172,204,540,629,755
189,163,288,209,551,647,755
694,313,931,396,652,771,755
31,50,203,102,528,616,755
77,99,172,190,523,618,755
42,41,118,71,497,580,755
26,35,17,63,495,583,755
190,113,298,169,569,672,755
622,544,583,567,635,751,755
24,28,54,73,495,582,755
71,63,96,139,522,590,755
359,227,445,238,595,690,755
547,290,515,377,615,714,756
308,199,314,264,586,681,756
237,140,378,237,592,701,756
191,187,118,148,531,599,756
9,31,14,60,483,542,756
27,52,74,99,490,554,756
454,446,256,302,564,663,756
194,217,141,194,533,618,756
1,22,42,55,486,544,756
130,106,208,162,537,640,756
165,147,245,177,555,653,756
186,194,155,195,534,621,756
464,340,717,524,629,734,756
274,241,445,359,593,707,756
275,259,281,265,562,665,756
147,109,191,190,569,654,756
544,298,694,327,623,734,757
423,153,512,192,624,731,757
207,161,340,182,603,714,757
260,275,187,183,559,659,757
69,55,170,112,538,620,757
93,114,77,113,514,576,757
69,72,107,83,513,597,757
138,132,96,102,520,596,757
237,153,257,123,579,680,757
754,258,792,371,669,778,757
657,336,580,259,628,734,757
215,203,235,228,563,645,757
34,26,14,41,473,536,757
45,44,87,98,501,590,758
78,48,48,53,493,563,758
385,136,316,142,598,672,758
252,97,311,176,573,672,758
273,222,320,287,566,663,758
416,325,444,382,598,703,758
122,56,123,86,539,614,758
307,199,242,160,555,643,759
122,136,49,119,468,514,759
247,263,78,112,523,627,759
220,218,129,149,530,607,759
131,80,399,295,566,673,759
87,85,218,133,537,620,759
139,109,212,161,548,639,759
45,72,62,119,485,519,759
94,101,92,126,516,577,759
145,116,260,258,559,665,759
121,102,199,187,569,667,760
857,757,638,598,619,736,760
33,32,117,132,515,596,760
88,76,100,85,532,593,760
52,71,126,164,518,612,760
216,139,279,204,578,663,760
26,33,75,53,500,584,760
75,77,149,185,512,598,760
19,39,70,93,500,576,761
22,23,158,82,517,597,761
26,45,52,101,478,542,761
147,162,194,198,540,635,761
254,158,123,114,541,623,761
779,523,868,596,695,818,761
35,21,108,79,499,586,761
160,113,248,236,570,666,761
45,53,71,67,516,586,761
176,177,101,173,520,572,762
179,158,128,183,537,623,762
21,20,17,64,459,467,762
481,232,467,205,625,720,762
216,193,144,156,554,646,762
536,166,275,103,615,714,762
28,32,25,49,482,546,762
815,595,662,373,627,740,762
20,23,20,37,492,550,763
13,32,85,127,465,551,763
679,485,649,575,661,777,763
191,190,221,206,587,688,763
23,24,31,50,487,553,763
38,60,34,78,497,567,763
20,45,84,135,507,581,763
237,240,263,302,552,655,763
351,333,360,343,573,683,763
236,107,555,199,606,702,763
21,34,55,61,501,581,763
32,41,91,79,510,573,763
138,141,180,168,554,641,763
128,125,280,239,540,631,763
44,41,87,61,530,617,763
259,241,138,143,561,639,763
50,57,75,95,498,583,763
305,117,392,119,589,688,763
152,88,79,79,534,600,763
95,78,230,173,541,632,763
2,21,13,30,470,527,763
406,236,308,234,570,672,764
478,394,407,317,604,701,764
45,64,113,164,508,567,764
186,161,119,168,524,588,764
100,86,154,143,520,575,764
183,188,210,269,529,630,764
191,116,351,179,565,660,764
154,145,220,194,550,637,764
49,56,58,97,481,527,764
353,206,464,247,605,707,764
127,104,87,90,538,618,764
198,109,289,142,569,665,764
27,32,85,74,495,575,765
19,23,69,65,498,564,765
35,47,99,78,504,588,765
804,471,686,449,656,776,765
321,156,432,191,599,698,765
89,98,91,121,507,594,765
226,225,217,215,543,637,765
308,239,342,289,578,679,765
61,44,138,63,520,581,765
30,23,46,49,483,497,765
185,130,177,126,550,620,765
60,74,65,107,497,554,766
612,396,538,341,632,734,766
271,271,245,283,540,630,766
157,145,190,201,540,639,766
306,161,104,96,548,629,766
92,93,72,115,500,589,766
30,26,115,104,488,557,766
47,54,69,129,499,548,766
150,117,147,139,532,605,766
26,38,25,66,488,536,766
598,300,567,307,612,721,766
123,130,100,112,511,588,766
173,123,238,164,555,646,767
200,212,124,197,536,639,767
500,430,518,441,616,731,767
85,90,143,92,521,611,767
60,59,99,68,514,604,767
195,208,92,155,525,585,767
321,293,289,239,579,681,767
85,82,115,80,529,620,767
14,38,65,109,493,571,767
31,34,99,83,491,550,767
82,69,73,67,503,555,767
33,28,99,61,516,576,768
141,166,40,116,493,560,768
38,34,93,120,494,570,768
508,409,379,379,578,671,768
92,76,69,47,533,605,768
129,84,178,96,558,651,768
150,132,192,190,533,618,768
230,153,125,85,549,633,768
69,64,72,77,499,569,768
63,43,113,87,521,596,768
209,171,244,258,576,674,768
139,130,90,112,517,588,768
26,34,91,92,500,566,768
214,124,305,186,568,664,768
47,38,106,89,510,574,768
91,89,128,85,513,597,768
699,234,650,180,667,769,769
321,346,186,249,535,635,769
0,26,18,65,443,462,769
125,92,226,166,556,643,769
141,160,147,172,510,603,769
479,334,599,340,604,720,769
79,98,126,167,519,599,769
499,440,646,522,605,720,769
243,158,318,208,581,684,769
9,30,15,69,499,559,769
349,189,524,239,597,696,769
18,42,114,95,502,568,769
246,179,544,405,597,696,769
397,174,434,183,610,707,769
96,87,26,63,502,562,770
34,48,28,61,471,505,770
74,77,27,59,495,525,770
255,253,102,138,516,576,770
131,120,119,118,539,619,770
750,346,552,237,658,762,770
51,47,70,86,507,568,770
85,42,111,67,547,641,770
338,299,332,314,571,661,770
61,70,156,115,515,605,771
1,21,48,82,465,527,771
86,86,81,119,484,519,771
304,129,165,119,564,651,771
666,296,532,197,629,731,771
223,114,400,219,585,684,771
162,145,148,131,534,591,771
118,109,56,100,517,588,771
19,27,37,83,491,566,771
19,29,118,59,511,573,771
282,236,283,251,553,637,771
62,66,39,99,486,550,771
143,120,343,239,556,653,771
83,80,117,119,526,596,771
385,193,628,357,630,741,771
554,343,739,489,627,735,772
253,230,192,240,537,630,772
166,65,378,148,576,661,772
112,61,195,106,560,639,772
168,161,177,145,537,609,772
9,20,34,55,485,578,772
210,151,489,358,577,673,772
468,427,421,388,580,684,772
37,31,70,79,506,592,772
194,170,135,170,519,606,772
15,34,20,55,484,549,772
14,38,52,88,466,500,772
102,76,115,76,550,648,772
196,163,176,115,569,649,773
17,25,115,115,494,571,773
326,193,319,205,590,685,773
262,267,209,288,550,657,773
138,132,265,222,556,650,773
29,51,29,64,504,586,773
7,24,15,64,467,547,773
361,310,448,387,589,703,773
61,74,207,140,534,613,773
148,123,303,192,565,666,773
167,177,119,123,552,654,773
410,188,552,225,614,720,773
126,136,216,241,556,665,773
20,35,20,62,447,501,773
323,290,424,298,596,700,773
428,347,306,230,584,684,773
207,172,100,114,529,610,774
126,118,144,133,528,616,774
734,466,887,535,669,789,774
5,26,64,103,497,572,774
110,108,304,218,563,652,774
40,50,50,52,511,598,774
191,153,339,161,569,660,774
155,132,284,243,566,661,774
204,112,377,243,595,712,774
59,75,18,83,485,533,774
33,33,45,41,492,559,775
249,206,280,265,591,691,775
1,26,33,88,479,519,775
228,210,194,195,529,616,775
267,282,184,180,555,651,775
36,46,186,137,523,609,775
179,175,250,183,550,644,775
44,67,112,137,511,596,775
77,53,132,88,529,594,775
80,103,91,122,512,602,775
92,113,38,87,518,570,775
14,44,21,68,464,555,775
20,31,27,64,497,566,775
577,299,476,307,613,718,775
266,184,345,251,575,672,776
198,202,181,251,530,634,776
118,91,173,126,536,612,776
191,168,286,263,565,651,776
51,47,50,74,493,556,776
179,174,191,228,542,624,776
84,69,124,96,542,625,776
58,71,26,75,496,547,776
31,34,72,77,504,584,777
33,35,132,100,514,581,777
613,287,698,285,636,733,777
11,26,38,82,465,542,777
99,78,105,90,529,621,777
126,106,67,42,540,614,777
36,29,45,47,500,559,777
56,71,19,59,493,570,777
514,352,718,336,637,752,777
135,134,226,134,555,650,777
18,37,32,58,481,559,777
247,249,273,322,562,662,777
98,100,160,145,534,618,778
77,72,95,144,523,592,778
126,121,345,242,545,632,778
12,24,76,76,466,516,778
113,103,266,260,558,658,778
265,154,292,173,577,670,778
61,29,144,169,537,617,779
159,168,180,177,550,657,779
78,95,204,177,537,625,779
76,79,325,165,541,623,779
150,170,262,304,549,639,779
115,144,133,170,515,565,779
348,221,193,142,555,646,779
106,88,220,120,551,651,779
6,22,44,45,490,575,779
25,44,34,62,476,562,779
289,226,375,227,577,669,779
92,100,238,182,530,615,779
9,37,112,88,481,524,779
17,46,107,91,489,553,779
54,55,58,91,499,569,779
46,68,92,113,513,610,779
78,64,217,131,554,626,779
38,52,141,97,518,588,779
10,33,94,96,478,538,779
25,42,105,110,489,545,780
85,64,137,83,528,614,780
75,80,80,131,507,564,780
42,63,20,97,456,505,780
62,83,85,163,493,565,780
439,302,154,174,573,661,780
299,123,515,204,594,690,781
127,84,156,84,551,624,781
45,58,102,121,504,555,781
0,21,17,35,461,523,781
124,97,101,117,529,598,781
426,285,558,354,611,719,781
123,126,208,120,541,630,781
294,276,363,390,583,689,781
49,46,144,103,530,615,781
40,41,80,74,532,615,781
240,76,363,156,600,695,781
29,40,83,118,526,604,781
50,68,98,113,498,568,781
48,45,46,95,487,570,781
628,336,521,298,604,708,781
226,131,360,191,581,686,781
39,54,31,54,492,547,781
18,40,42,103,466,498,782
97,99,123,88,523,599,782
114,96,94,111,521,613,782
719,285,880,404,669,772,782
22,37,24,89,469,545,782
207,94,144,104,561,637,783
427,238,595,329,606,715,783
477,408,371,407,589,685,783
85,60,113,55,533,617,783
85,93,157,173,538,634,783
123,150,150,176,531,599,783
265,161,379,201,572,685,783
438,393,468,339,616,730,783
255,165,394,210,599,702,783
41,51,179,169,527,624,783
34,44,95,99,510,583,783
388,275,520,380,607,728,783
0,20,44,69,483,586,784
60,76,127,163,506,580,784
161,103,403,309,575,680,784
41,42,49,65,500,584,784
257,110,441,163,603,706,784
213,107,293,189,570,667,784
197,153,255,190,560,662,784
49,35,76,48,482,567,785
27,42,67,86,491,570,785
119,138,55,134,503,583,785
66,49,121,96,550,657,785
52,63,26,61,504,567,785
146,121,275,193,548,645,785
67,80,53,70,492,560,785
81,101,68,129,492,553,785
38,50,39,95,503,551,785
72,69,145,119,519,607,785
205,227,137,178,541,631,785
365,267,393,282,602,707,785
44,31,171,68,541,616,785
63,68,182,116,536,635,785
219,249,89,179,532,617,785
165,179,145,101,542,638,785
13,33,88,102,513,592,785
119,121,137,162,544,649,785
26,50,225,183,526,620,785
1,26,72,99,475,535,785
49,46,100,61,512,588,785
69,80,85,129,492,536,786
510,456,385,362,581,695,786
185,102,221,138,554,651,786
111,125,52,119,509,571,786
317,193,323,209,601,708,786
856,380,663,338,646,752,787
90,86,62,93,498,551,787
98,93,46,98,525,607,787
310,226,393,292,593,704,787
23,30,25,54,465,472,787
155,133,166,163,545,635,787
14,30,117,109,492,526,787
25,54,33,111,465,529,787
419,239,373,176,613,713,787
207,196,263,262,546,640,787
74,86,135,132,514,602,787
44,69,63,121,496,570,787
323,182,525,231,604,700,787
387,183,449,213,609,703,787
103,112,165,159,531,618,787
72,76,57,95,490,559,787
71,93,113,148,495,564,787
87,116,27,102,462,497,787
171,151,167,184,544,632,787
57,57,234,194,537,634,788
195,193,154,134,551,648,788
63,39,104,81,514,579,788
289,151,188,168,572,653,788
368,259,601,481,606,718,788
25,32,52,95,497,564,788
215,103,178,90,577,668,788
63,41,14,28,512,592,788
46,69,19,89,463,456,788
380,313,145,198,580,673,788
121,98,46,83,528,602,788
50,42,29,93,479,512,788
101,62,188,146,521,575,789
278,163,280,234,560,646,789
747,405,749,359,633,748,789
134,136,48,88,486,520,789
90,55,97,66,523,582,789
212,210,171,225,543,638,789
73,86,62,50,535,632,789
278,195,186,132,563,656,789
223,236,300,345,544,642,790
107,103,217,149,557,644,790
195,179,273,237,563,658,790
129,108,226,179,548,614,790
151,92,200,151,561,641,790
365,303,459,392,597,703,790
20,25,13,53,487,547,790
320,296,268,223,588,687,790
365,220,387,196,596,692,790
17,23,139,143,520,617,790
56,64,96,115,506,584,790
530,438,381,397,607,714,790
274,114,385,150,588,680,790
785,732,525,502,608,720,790
183,160,260,272,563,657,790
459,389,529,429,592,694,790
15,24,16,55,465,480,790
325,252,223,234,566,654,790
237,139,271,146,563,650,790
369,226,618,442,620,730,790
238,204,208,209,561,659,790
57,74,51,73,493,533,790
868,713,765,633,643,762,790
78,94,153,155,514,575,791
690,378,818,501,648,761,791
73,87,96,145,500,580,791
99,97,17,76,502,581,791
46,70,68,116,513,610,791
22,24,98,77,517,619,791
49,50,230,108,522,603,791
83,100,85,103,519,617,791
206,102,359,123,564,669,791
28,46,19,81,466,474,791
15,30,71,127,479,564,791
96,54,305,198,562,663,791
32,47,70,64,501,575,791
20,43,83,71,494,559,791
31,38,106,91,517,601,791
63,85,77,115,498,567,791
211,181,358,303,574,688,791
530,249,669,203,634,749,791
85,93,140,154,514,578,791
6,22,59,61,468,509,791
160,167,113,156,519,604,791
228,186,412,357,593,705,792
87,108,121,186,510,597,792
240,195,314,262,583,695,792
70,83,165,176,524,620,792
448,427,217,255,592,704,792
581,272,902,365,650,761,792
77,99,133,154,531,600,792
234,216,188,144,536,613,792
480,335,418,323,610,705,792
199,107,268,192,558,645,792
46,59,109,117,503,567,792
137,131,86,163,495,570,792
121,70,217,163,550,638,793
16,31,44,103,470,532,793
245,231,187,199,536,612,793
261,176,189,208,578,657,793
380,227,435,278,600,713,793
264,210,216,154,567,653,793
90,94,74,138,506,553,793
226,216,207,233,549,636,793
32,42,97,63,513,583,793
74,72,209,141,511,588,793
710,428,741,323,649,758,793
541,289,794,346,641,761,794
352,278,688,525,625,745,794
959,354,734,248,657,769,794
135,104,207,151,543,629,794
29,23,16,34,490,541,794
134,128,80,133,525,599,794
135,63,197,139,563,634,794
760,259,720,248,655,754,794
637,364,447,235,617,716,794
88,80,96,127,530,615,795
145,147,106,182,522,587,795
403,336,377,392,569,663,795
15,33,26,67,477,496,795
100,106,112,163,514,591,795
332,136,353,126,611,721,795
436,266,296,144,577,679,795
13,25,114,126,487,538,795
16,23,28,92,474,545,795
165,101,123,106,548,633,795
91,63,31,72,538,615,795
58,68,105,117,530,631,795
307,144,253,177,584,676,795
72,87,178,187,521,608,795
225,171,271,94,580,676,796
912,711,841,747,664,789,796
304,293,146,198,552,622,796
163,111,155,162,537,630,796
22,39,63,81,480,572,796
565,508,458,467,625,752,796
59,77,76,131,496,583,796
278,176,198,149,548,627,796
239,255,96,165,531,617,796
110,89,281,233,567,651,796
893,566,874,662,690,816,796
135,106,196,174,528,602,796
788,599,526,418,648,764,797
518,281,453,260,611,705,797
442,136,696,231,640,753,797
50,39,19,38,499,553,797
99,101,123,137,517,589,797
113,103,136,96,538,613,797
297,220,326,231,580,684,797
108,119,147,179,513,580,797
39,44,47,58,524,603,797
31,57,26,55,474,515,797
102,114,134,184,520,589,797
493,381,462,419,598,712,797
142,106,326,236,570,672,797
289,115,554,309,615,719,797
44,51,54,66,519,599,798
6,26,13,47,497,574,798
98,81,343,183,555,653,798
30,48,113,123,505,579,798
36,38,97,103,546,642,798
56,76,69,134,472,527,798
209,102,416,155,629,723,798
19,20,35,58,480,542,799
144,132,150,125,528,591,799
14,28,139,141,482,553,799
277,196,89,115,568,644,799
379,206,552,361,603,699,799
226,148,204,113,562,667,799
83,63,71,71,511,585,799
94,70,89,100,515,580,799
58,41,64,45,500,534,799
424,187,575,291,621,725,799
410,247,597,305,621,733,800
48,37,134,66,505,570,800
298,242,394,334,578,684,800
29,44,51,87,498,559,800
184,180,207,216,548,635,800
377,295,276,289,578,677,800
20,21,50,78,484,546,800
18,28,30,59,458,485,800
320,242,574,376,598,701,800
151,124,297,198,567,663,800
173,187,30,101,497,551,800
571,253,876,415,672,793,800
22,34,49,100,491,574,800
87,87,95,155,496,555,800
158,79,127,90,553,625,800
275,240,294,263,565,653,800
594,395,781,532,642,752,801
149,91,223,130,543,632,801
197,188,269,300,553,647,801
336,197,340,182,581,681,801
131,95,126,114,536,619,801
309,188,449,292,604,708,801
157,160,206,240,536,626,801
167,155,321,241,560,659,801
244,170,373,203,586,684,801
934,713,648,521,641,747,801
3,25,25,91,470,532,802
150,111,162,151,555,642,802
428,294,495,301,621,736,802
38,69,39,78,484,521,802
68,86,122,137,503,557,802
208,113,260,152,573,675,802
119,136,237,271,535,615,802
17,30,81,93,510,574,802
315,326,154,204,560,656,802
246,165,480,229,618,724,802
52,71,117,101,502,588,802
15,23,15,60,461,549,802
25,35,147,122,519,597,802
18,21,27,52,454,454,802
32,45,114,112,516,611,802
275,173,281,108,569,662,802
261,146,215,172,587,676,802
14,20,63,78,476,534,802
119,92,144,104,540,618,802
227,220,46,126,518,595,802
73,88,25,86,498,579,802
284,107,349,152,599,678,802
56,35,123,67,516,579,803
70,82,61,79,512,594,803
120,136,186,234,530,618,803
126,71,143,101,522,601,803
191,102,102,65,548,614,803
192,155,146,154,548,622,803
106,70,232,184,539,615,803
345,337,214,283,541,640,803
18,31,24,79,457,505,803
278,257,142,170,557,654,803
11,33,42,91,453,531,803
120,47,437,147,596,697,803
609,276,637,303,623,727,803
294,217,193,204,549,645,803
346,189,337,202,575,657,803
11,25,32,64,479,525,803
52,55,99,81,513,615,804
350,339,556,511,588,702,804
75,86,174,115,524,605,804
749,408,692,373,641,753,804
257,198,272,238,563,657,804
5,22,56,67,476,514,804
11,36,17,83,455,503,804
17,33,113,154,506,595,804
3,27,81,102,479,529,804
20,37,81,79,494,570,804
82,66,61,74,530,613,804
372,139,288,142,610,707,804
181,157,192,190,569,661,804
25,41,190,123,509,563,804
314,252,290,236,553,646,804
561,298,803,351,650,768,804
427,285,443,358,584,693,804
207,178,326,303,583,675,804
341,310,421,391,596,698,804
156,79,161,94,563,646,804
56,31,54,67,485,556,804
170,90,107,83,544,618,805
288,197,199,122,554,660,805
277,129,289,173,593,703,805
58,41,143,123,513,602,805
417,234,589,403,620,718,805
762,385,741,360,646,756,805
556,263,491,213,622,726,805
293,195,313,147,584,664,805
466,194,468,288,619,713,805
254,214,94,113,540,623,805
109,114,59,115,500,573,805
12,26,36,79,471,475,806
34,46,41,72,492,565,806
94,114,115,158,501,576,806
47,51,165,126,521,591,806
156,150,162,193,528,616,806
62,85,92,162,488,536,806
272,205,393,375,572,681,806
185,108,128,129,558,650,806
281,200,365,216,566,665,806
604,216,584,260,641,747,806
86,82,153,176,527,613,806
223,199,251,244,535,626,806
16,34,37,110,479,530,806
90,96,54,109,496,541,806
235,97,284,136,587,667,806
18,30,25,59,456,463,807
52,22,172,71,520,612,807
186,156,195,233,537,622,807
217,111,68,87,556,631,807
16,30,27,72,479,525,807
75,71,142,109,524,621,807
43,47,23,102,496,546,807
95,81,164,112,521,618,807
41,64,68,132,500,567,808
57,74,266,229,542,636,808
72,85,41,89,496,544,808
268,266,348,297,554,652,808
146,70,345,204,592,688,808
19,34,77,65,504,573,808
203,195,275,239,555,651,808
291,246,362,313,581,678,808
103,112,129,159,522,628,808
329,308,235,269,572,677,808
75,77,109,118,523,584,808
621,248,664,310,638,746,808
83,76,162,97,529,609,808
138,100,81,115,529,610,809
903,329,815,222,667,770,809
864,617,673,525,637,747,809
180,137,110,93,535,615,809
245,212,174,204,534,616,809
140,151,61,139,530,616,809
137,141,161,175,537,611,809
496,391,370,299,584,704,809
182,96,58,60,561,635,809
31,21,68,53,471,565,809
26,22,14,29,447,427,809
22,32,15,59,487,545,809
122,98,92,99,518,581,809
321,210,280,204,584,690,810
320,144,555,226,602,719,810
233,220,305,337,534,622,810
544,379,665,490,634,752,810
58,68,56,88,499,568,810
778,469,762,325,645,755,810
19,45,18,88,467,508,810
89,82,122,149,502,581,810
308,258,305,222,559,637,810
103,95,95,106,519,598,811
225,217,171,220,537,616,811
69,55,35,96,488,534,811
573,262,522,267,615,721,811
422,316,430,329,596,690,811
141,134,99,126,534,622,811
128,121,37,90,508,582,811
97,45,151,97,523,578,811
599,382,539,265,617,724,812
25,35,53,70,499,568,812
323,206,172,164,575,683,812
319,177,585,270,613,723,812
584,371,725,242,647,757,812
222,193,191,174,548,650,812
51,58,90,117,523,620,812
70,76,166,144,535,626,812
13,21,20,68,459,520,812
77,96,22,84,481,544,812
340,210,431,243,603,705,812
127,80,190,101,561,653,812
759,622,616,545,639,760,812
783,668,502,415,616,731,812
613,331,604,260,635,741,812
374,147,652,255,615,718,812
382,133,523,235,621,724,813
608,233,401,146,620,711,813
13,22,13,48,473,516,813
133,84,240,174,541,624,813
23,30,15,64,470,511,813
670,173,686,163,665,768,813
20,39,53,79,481,551,814
45,69,16,98,476,561,814
7,35,15,88,439,441,814
52,74,78,153,489,568,814
183,154,292,167,558,651,814
134,161,147,196,527,614,814
437,386,636,444,602,713,814
96,73,109,99,508,593,814
35,45,156,128,508,599,814
209,132,133,104,561,658,814
367,140,581,223,634,737,814
21,39,84,122,481,555,814
33,32,105,109,505,579,814
44,66,64,102,500,585,814
27,37,139,124,523,610,814
76,97,172,206,506,585,814
98,91,142,146,526,623,814
60,63,176,104,518,609,814
21,21,197,134,529,620,814
50,62,57,101,493,551,814
297,293,300,342,557,657,814
22,39,19,46,465,551,814
80,57,101,41,521,598,815
32,26,57,63,501,576,815
239,197,335,254,575,673,815
451,210,644,323,628,737,815
148,101,127,124,511,574,815
140,132,107,168,522,576,815
51,52,30,52,505,565,815
205,134,125,109,547,621,816
405,260,510,424,611,717,816
110,58,143,106,534,611,816
160,177,87,154,509,570,816
50,57,97,153,504,559,816
12,30,32,85,487,540,816
16,32,49,70,496,544,816
18,40,56,129,464,526,816
34,36,77,90,518,602,816
326,304,383,376,582,700,816
54,47,121,80,516,584,816
45,42,89,78,506,556,817
45,44,124,127,507,596,817
719,277,781,301,660,770,817
180,161,193,180,543,621,817
226,182,368,305,582,686,817
22,44,65,85,486,526,817
132,81,169,110,537,612,817
623,429,367,209,587,677,817
645,402,746,386,641,750,817
327,255,485,267,599,710,817
29,37,53,96,496,558,817
575,375,470,317,631,736,817
177,80,144,124,565,657,817
86,88,179,202,545,649,818
20,27,44,46,474,566,818
38,56,97,127,517,583,818
19,34,24,82,474,539,818
290,220,331,206,585,695,818
105,81,117,118,526,591,818
124,97,199,199,537,617,818
45,69,70,130,478,552,818
131,82,301,249,566,662,818
489,151,810,232,657,762,818
185,137,145,121,553,631,819
21,28,25,43,485,553,819
315,206,259,181,561,661,819
153,75,104,101,555,636,819
72,91,71,137,490,544,819
435,193,292,165,585,686,819
538,272,511,248,611,719,820
31,46,28,42,462,520,820
104,120,229,241,524,613,820
28,32,47,85,505,604,820
84,107,114,133,522,611,820
41,63,33,78,487,565,820
230,145,108,96,537,626,820
42,69,91,159,493,562,820
42,65,66,79,494,579,820
40,65,67,129,486,532,820
38,67,14,79,473,532,820
371,387,226,303,543,625,820
29,46,66,136,488,581,820
64,91,116,135,493,542,820
101,112,130,186,519,601,820
340,256,274,217,580,690,820
24,24,188,122,526,624,820
104,94,223,230,540,631,820
97,102,163,144,525,605,820
128,130,294,228,543,641,821
31,25,178,129,504,610,821
19,40,44,83,481,553,821
377,176,482,270,621,720,821
22,32,76,84,502,551,821
48,25,78,83,522,614,822
34,36,58,66,505,550,822
281,160,198,159,564,662,822
70,68,300,214,544,650,822
248,250,147,195,534,620,822
319,284,345,198,577,685,822
68,80,141,109,518,601,822
179,167,278,237,549,653,822
112,121,146,157,517,603,822
9,29,92,107,463,522,822
86,105,72,132,504,591,822
71,82,30,98,500,581,822
141,81,401,161,585,693,822
214,193,364,325,564,664,822
585,307,551,192,646,755,822
400,260,307,122,577,682,822
45,52,77,101,504,595,822
205,172,211,206,559,653,823
251,194,378,298,572,662,823
201,160,146,131,536,624,823
212,149,371,192,575,658,823
50,54,190,144,507,582,823
83,79,49,84,505,560,823
217,133,140,113,540,620,823
40,45,52,80,482,539,823
40,40,78,90,509,590,823
305,257,390,292,589,693,823
89,93,15,72,494,559,824
392,206,293,160,585,671,824
14,23,76,97,490,587,824
122,92,269,144,543,632,824
218,103,265,123,594,678,824
59,87,19,99,475,555,824
257,157,305,247,580,680,824
110,122,115,145,516,607,824
40,52,37,84,474,526,824
258,219,272,214,553,655,824
87,73,148,92,534,611,824
43,64,17,84,482,524,824
3,22,27,81,461,521,824
315,170,385,135,604,695,824
477,357,341,296,573,687,824
25,40,43,110,488,547,825
244,187,472,357,586,696,825
94,108,132,136,520,617,825
119,134,118,154,506,592,825
354,265,419,263,576,676,825
35,46,67,91,481,559,825
166,188,27,122,482,521,825
87,47,25,52,518,597,825
189,207,57,149,499,572,825
163,169,18,65,514,592,825
501,242,394,225,588,679,825
129,69,257,163,570,651,825
71,47,129,72,522,617,826
98,69,336,150,568,672,826
322,90,464,122,613,714,826
42,50,73,64,486,553,826
113,122,140,149,501,555,826
483,249,556,224,608,724,826
25,43,44,95,454,487,826
134,140,212,212,535,626,826
223,201,237,198,554,647,826
15,36,33,82,468,572,826
99,114,76,131,509,600,826
234,241,251,225,570,678,826
28,39,137,79,521,606,826
30,46,26,79,481,544,826
757,410,780,394,639,752,827
250,216,195,196,560,666,827
25,31,75,77,507,554,827
78,94,102,101,508,593,827
2,25,16,58,461,522,827
362,327,511,494,591,703,827
57,77,14,52,486,573,827
273,186,313,177,575,667,827
38,49,24,74,478,537,827
23,20,14,39,450,494,827
25,29,16,73,480,556,827
65,45,64,72,498,539,827
80,77,73,81,514,598,827
220,140,351,227,578,674,827
73,73,64,105,494,556,827
371,229,427,243,600,696,827
79,70,114,122,504,567,827
163,122,200,176,549,637,828
735,346,751,302,642,753,828
241,183,210,192,542,613,828
87,80,131,124,522,620,828
5,26,62,76,469,550,828
515,424,438,373,606,725,828
31,40,18,69,480,534,829
362,194,318,139,583,684,829
178,118,139,147,535,615,829
35,28,115,96,511,571,829
88,76,49,49,526,604,829
226,145,217,155,567,659,829
296,223,364,229,589,678,829
239,212,147,128,545,632,830
157,149,179,141,525,622,830
233,163,343,229,584,699,830
709,282,756,351,642,760,830
22,37,27,63,470,509,830
11,23,43,64,490,574,830
93,108,53,118,507,579,830
63,85,59,118,490,562,830
245,221,208,194,560,647,830
293,141,303,177,587,703,831
134,87,194,88,533,617,831
85,57,129,103,528,625,831
161,192,54,133,502,566,831
4,25,60,84,462,546,831
760,551,835,419,646,768,831
72,91,155,173,511,597,831
589,375,579,299,637,745,831
288,154,446,193,583,686,831
14,20,42,67,485,581,831
239,129,276,165,560,640,831
82,75,60,68,502,581,831
132,141,80,144,487,549,831
141,63,119,69,548,613,831
253,127,395,272,607,716,831
85,68,21,104,503,574,831
461,385,344,351,588,696,831
168,139,138,154,546,624,831
381,200,576,220,621,728,832
33,37,52,71,453,493,832
12,21,15,50,451,489,832
146,153,48,106,519,610,832
376,265,484,247,600,701,832
98,73,102,68,519,576,832
65,69,58,106,490,568,832
16,34,40,64,471,528,832
250,133,231,131,582,683,832
33,50,96,81,508,599,832
0,21,15,75,449,465,832
105,109,179,113,522,607,832
209,154,291,206,571,670,832
30,45,72,70,494,560,832
95,88,270,179,531,618,832
545,297,493,217,627,741,832
54,82,99,110,496,570,832
267,206,646,473,604,718,832
82,109,94,97,488,575,832
559,482,449,289,597,698,832
53,66,133,103,512,606,832
286,290,224,272,540,631,832
135,61,430,192,588,689,833
172,190,98,149,506,591,833
782,529,446,299,618,738,833
316,267,245,195,549,649,833
276,234,572,441,605,712,833
123,139,286,319,519,599,833
70,74,261,260,513,602,833
560,321,391,236,620,715,833
392,249,452,288,598,706,833
146,137,315,275,533,623,833
58,55,82,118,516,605,834
74,78,90,122,499,555,834
67,87,26,86,485,550,834
431,371,427,426,589,703,834
379,331,429,390,577,687,834
19,32,16,63,453,484,834
252,95,238,129,563,645,834
27,44,36,88,469,523,834
344,340,98,145,544,634,834
21,32,192,105,501,568,834
253,163,179,160,579,673,834
83,102,86,125,507,595,834
54,67,113,113,495,571,834
14,20,43,42,459,547,835
125,73,204,135,542,607,835
8,27,47,97,455,492,835
387,253,553,296,604,704,835
33,37,33,37,505,587,835
501,329,418,333,596,708,835
67,79,102,145,486,552,835
178,153,90,137,522,612,835
88,107,53,115,477,512,835
47,68,98,149,469,505,835
462,231,382,145,595,698,835
27,47,84,136,493,553,835
36,22,178,121,516,581,835
634,402,632,441,647,763,835
61,46,109,70,495,564,835
136,158,54,129,498,550,835
57,63,79,119,479,564,836
26,37,22,70,463,531,836
160,152,105,129,509,587,836
49,43,107,57,510,587,836
98,60,93,104,517,582,836
749,552,705,556,655,771,836
237,204,359,303,598,716,836
36,34,38,71,505,565,836
278,260,224,240,555,653,836
297,186,444,200,574,674,836
561,243,779,468,682,820,836
153,137,232,193,566,684,836
21,31,134,123,500,578,836
152,138,437,231,576,689,837
222,185,261,295,567,669,837
158,156,182,182,534,640,837
30,45,135,99,506,575,837
98,99,156,86,554,655,837
72,100,82,153,511,584,837
30,58,14,58,467,550,837
33,59,79,116,489,574,837
9,24,127,113,495,562,837
152,135,303,207,562,660,837
50,69,95,116,495,586,837
28,33,90,82,510,615,837
188,188,126,122,538,628,837
321,256,512,332,595,713,837
271,205,303,198,547,639,837
106,119,113,126,508,594,837
241,203,230,209,562,654,837
23,35,54,76,478,489,837
65,89,97,169,493,562,837
144,129,94,110,549,649,837
51,45,282,185,516,630,837
274,167,323,177,555,650,838
214,200,111,154,538,624,838
28,28,31,66,458,490,838
201,209,147,204,525,620,838
244,192,243,215,546,627,838
235,98,199,115,578,667,838
237,118,185,124,545,631,838
23,23,24,55,456,534,838
19,28,37,56,479,533,838
7,20,85,70,465,570,838
123,102,95,124,506,593,838
9,32,38,69,466,486,838
172,173,166,182,544,638,838
82,43,146,59,533,618,838
476,305,487,206,614,726,838
195,195,242,203,559,657,838
21,49,13,40,467,527,838
88,115,15,99,488,566,838
43,56,81,78,500,559,838
516,197,627,333,623,738,838
202,121,281,158,593,704,839
291,174,394,290,584,694,839
42,33,105,88,511,599,839
336,184,459,164,608,710,839
10,30,13,64,457,457,839
25,37,158,118,501,625,839
253,231,398,383,566,671,839
518,327,495,274,597,701,839
161,86,191,120,547,612,839
99,114,58,105,508,603,839
32,44,27,61,448,515,839
210,111,334,200,567,672,839
67,86,104,176,503,578,839
324,121,359,208,591,695,839
104,90,189,124,520,601,839
748,374,771,454,652,764,839
173,197,154,234,519,603,840
131,129,104,162,499,566,840
124,91,171,74,538,638,840
22,27,22,35,463,544,840
434,390,260,234,574,664,840
48,55,43,96,495,577,840
82,98,152,211,518,609,840
183,143,197,117,539,621,840
702,578,523,307,621,733,840
58,67,120,103,503,579,840
60,86,18,75,477,525,840
6,29,50,115,450,483,840
306,210,540,200,596,708,840
147,131,83,104,518,576,840
69,86,29,110,469,534,840
73,83,50,101,510,565,840
62,48,161,114,525,625,840
103,106,195,221,531,624,840
195,162,76,61,555,653,840
395,171,518,198,591,701,840
49,46,82,106,500,560,840
216,215,188,215,534,627,841
196,202,163,180,534,625,841
30,49,74,119,497,595,841
193,194,191,224,517,617,841
67,60,110,124,524,624,841
89,78,103,110,516,595,841
17,44,71,98,470,534,841
10,26,31,83,480,564,841
20,35,67,58,522,610,841
7,26,54,67,478,544,841
37,65,78,111,479,540,841
77,93,76,124,485,569,841
61,44,79,68,509,572,841
57,51,156,117,501,557,841
80,84,197,201,554,657,841
58,70,77,102,499,562,841
19,33,16,40,461,512,841
136,149,189,216,534,622,841
22,40,25,44,468,531,841
29,34,36,72,471,539,841
141,148,74,116,517,598,841
70,44,61,83,504,574,841
74,79,121,159,528,619,842
144,126,68,83,516,577,842
69,62,41,91,491,552,842
217,155,230,234,565,641,842
499,371,481,359,597,706,842
58,72,64,123,493,567,842
8,31,38,66,473,548,842
193,210,103,149,525,616,842
9,32,144,212,471,561,842
183,190,93,99,517,588,842
308,161,504,297,623,732,843
5,29,59,68,472,554,843
18,39,32,55,485,547,843
149,139,103,81,532,632,843
21,46,33,95,481,556,843
36,44,59,56,494,565,843
41,65,31,62,503,586,843
200,189,260,250,541,640,843
242,234,179,196,520,603,843
178,148,85,81,540,608,843
403,341,370,294,560,675,843
94,94,145,132,546,621,843
602,543,482,481,615,733,843
101,65,290,201,570,678,843
252,200,229,163,580,703,843
272,114,396,146,595,689,843
4,25,19,70,443,474,843
503,389,557,479,619,737,843
59,81,74,143,503,583,843
43,49,76,93,499,580,843
26,40,21,59,467,531,843
217,176,350,293,560,644,843
58,57,111,142,498,564,844
151,130,70,67,525,618,844
761,405,726,340,648,759,844
148,90,180,115,551,640,844
132,90,147,123,543,615,844
262,224,246,170,555,662,844
81,53,149,86,524,590,844
119,130,192,228,502,591,844
287,279,380,339,579,683,844
96,101,134,117,513,602,844
95,76,146,71,537,629,844
40,64,67,112,484,520,844
7,34,23,95,476,526,845
168,153,231,173,547,634,845
80,92,101,78,500,569,845
379,271,522,384,597,716,845
69,92,133,151,511,580,845
22,49,74,116,494,598,845
84,90,195,145,524,592,845
308,143,450,186,596,698,845
59,67,133,119,508,612,845
277,291,104,181,531,615,845
132,111,102,70,516,589,845
45,28,77,48,496,554,846
598,320,681,304,621,732,846
300,256,201,201,554,645,846
41,26,140,73,512,602,846
95,99,155,187,524,613,846
73,69,140,109,530,621,846
342,308,122,99,567,651,846
323,309,160,219,531,607,846
255,162,294,232,574,685,846
783,356,856,359,664,783,846
83,48,169,111,535,630,846
172,145,260,102,562,651,847
367,309,539,393,599,711,847
210,178,301,278,573,688,847
330,328,440,442,575,682,847
163,127,151,154,557,644,847
73,102,61,113,501,576,847
63,61,83,65,511,570,847
13,28,58,79,455,502,847
183,135,392,325,578,684,847
196,69,312,130,584,675,847
110,106,224,124,544,656,847
67,48,88,75,527,605,847
16,38,45,123,458,492,847
813,475,738,404,630,742,847
19,31,19,50,464,507,847
35,30,67,61,474,513,848
25,35,52,55,491,552,848
32,39,132,149,492,560,848
183,106,188,145,563,635,848
131,97,115,75,533,599,848
96,79,252,183,544,632,848
569,202,605,161,636,742,848
62,51,113,120,514,595,848
89,62,206,116,555,656,848
12,21,77,57,470,530,848
17,22,40,54,469,536,848
381,152,524,210,592,707,848
77,90,38,93,498,542,848
55,63,73,97,497,581,848
320,174,391,293,570,672,848
363,182,544,297,604,716,848
67,85,68,109,452,488,848
499,141,632,225,657,758,848
9,38,27,100,453,507,848
72,62,78,102,500,559,848
67,86,78,130,505,590,848
57,52,36,49,515,595,848
136,99,156,108,543,630,848
29,32,115,111,511,598,848
51,81,76,112,510,585,848
494,209,890,390,672,801,848
286,266,271,197,560,665,849
77,59,177,155,536,610,849
591,436,560,368,610,717,849
724,405,738,414,632,747,849
3,29,58,105,470,541,849
340,214,599,316,624,741,849
29,50,100,73,499,587,849
669,482,628,388,650,772,849
86,79,349,178,559,655,849
26,53,16,88,449,493,849
450,445,361,385,555,664,849
124,51,215,77,581,678,849
141,91,37,60,541,625,849
39,60,27,43,476,520,849
114,113,139,112,507,586,849
296,247,340,262,576,689,849
52,76,75,142,487,569,849
345,204,284,188,571,691,849
64,45,183,132,539,615,849
51,53,78,107,490,560,849
36,58,131,150,499,591,849
259,214,219,207,558,652,849
171,151,208,176,526,614,849
30,31,17,52,458,488,850
26,45,30,87,476,527,850
58,81,32,105,470,536,850
265,151,246,135,572,663,850
196,163,199,174,556,648,850
73,71,33,76,495,562,850
28,32,96,112,471,530,850
625,368,613,336,619,731,850
26,31,84,71,496,551,850
254,196,268,235,598,704,850
275,176,349,155,578,674,851
206,166,307,263,567,681,851
23,33,39,62,488,564,851
308,293,275,225,574,674,851
6,20,100,59,493,570,851
272,248,452,392,589,704,851
14,33,42,83,498,575,851
32,61,54,80,495,577,851
180,174,294,217,546,649,851
110,95,88,124,522,608,851
50,57,156,147,518,602,851
91,41,106,56,535,617,851
284,251,324,368,549,645,851
43,47,68,113,477,547,852
32,40,28,73,492,553,852
144,75,188,130,543,641,852
61,63,66,86,476,540,852
50,52,171,155,522,615,852
34,35,45,50,502,573,852
493,265,459,274,607,713,852
453,267,536,370,616,726,853
83,73,245,172,528,619,853
380,181,470,173,620,727,853
17,42,88,118,484,566,853
200,81,495,216,603,697,853
75,57,142,92,533,615,853
33,45,46,64,513,619,853
114,129,39,111,509,585,853
169,63,404,135,608,707,853
12,22,39,59,468,546,853
29,50,25,64,463,504,854
21,41,22,89,469,523,854
123,123,83,180,509,572,854
123,112,156,153,524,599,854
182,181,206,192,528,600,854
54,65,125,177,508,593,854
31,38,44,49,482,553,854
10,24,26,45,465,539,854
60,87,152,206,515,578,854
36,52,49,55,487,554,854
34,42,84,51,507,608,855
54,45,51,72,502,577,855
23,24,156,82,504,576,855
312,272,272,201,579,673,855
40,65,131,117,521,604,855
649,575,608,399,626,734,855
46,66,192,218,536,624,855
130,87,302,245,571,669,855
56,70,146,110,526,626,855
76,79,185,98,539,625,855
43,47,94,84,515,593,855
149,97,261,110,569,670,855
519,295,656,305,633,744,855
149,171,138,186,507,568,855
82,109,30,109,490,579,855
40,55,115,85,518,591,855
189,173,274,259,543,624,855
323,266,226,192,606,725,855
160,128,194,149,530,615,855
69,92,118,173,475,514,855
75,93,142,171,500,588,856
50,28,24,39,487,566,856
202,164,314,234,566,665,856
49,74,15,102,444,473,856
54,58,57,61,501,576,856
262,163,341,213,580,674,856
21,34,90,118,467,501,856
68,84,19,81,489,561,856
86,97,92,148,491,540,856
574,520,185,214,571,667,856
186,91,221,160,580,673,856
176,97,107,99,545,639,857
38,64,17,93,455,468,857
63,74,19,78,486,548,857
215,178,366,283,563,662,857
24,48,16,87,484,527,857
213,236,183,246,534,639,857
57,38,47,45,501,568,857
187,129,259,226,565,663,857
520,157,803,228,650,763,857
329,177,385,221,587,694,857
6,28,47,94,480,538,857
143,137,206,184,544,654,857
76,65,42,65,504,587,857
173,162,256,241,552,644,857
91,101,62,119,511,583,857
82,80,104,112,530,620,857
57,47,100,125,498,545,858
95,52,140,102,524,592,858
54,28,84,46,522,608,858
223,186,174,149,542,637,858
94,49,69,51,526,605,858
499,221,545,170,628,725,858
370,360,219,284,553,646,858
46,45,81,51,500,570,858
220,191,115,141,528,607,858
607,257,809,256,639,747,858
135,66,130,76,555,635,858
57,63,29,64,493,561,859
102,87,78,94,520,597,859
25,37,17,60,472,548,859
161,159,100,127,490,562,859
43,40,30,59,481,554,859
524,148,449,139,626,731,859
66,44,93,90,523,610,859
45,56,68,78,490,577,859
54,64,27,67,489,521,859
183,72,317,192,578,672,859
932,478,838,487,666,791,859
524,439,376,269,597,704,859
10,27,95,62,496,587,859
8,32,16,75,461,509,859
4,25,33,67,463,532,859
533,369,886,664,668,794,859
9,20,42,85,471,554,859
58,85,107,180,504,568,859
168,154,88,102,520,610,859
295,192,434,240,590,693,859
88,100,213,248,535,623,859
320,241,189,177,557,652,860
4,27,45,106,466,517,860
167,150,236,274,533,611,860
11,23,22,48,474,557,860
70,63,64,61,505,575,860
217,123,359,162,554,650,860
174,146,48,100,535,630,860
107,136,76,148,468,530,861
330,240,521,349,607,718,861
106,122,84,143,506,581,861
110,132,86,137,504,570,861
43,66,111,176,489,569,861
277,275,255,299,558,667,861
75,95,83,114,497,571,861
132,148,149,126,529,607,861
752,336,930,399,649,765,861
65,36,133,94,527,614,861
133,136,178,151,540,636,861
223,202,153,184,549,632,861
262,250,343,220,593,691,861
26,46,88,109,505,580,861
72,58,118,93,537,617,861
167,157,213,168,577,673,861
153,179,129,145,525,612,861
22,29,96,83,477,585,861
149,139,157,206,549,649,862
86,87,188,192,508,602,862
366,240,157,132,576,681,862
28,43,65,105,478,499,862
193,170,201,247,543,634,862
43,37,54,84,474,539,862
81,97,54,131,501,566,862
64,77,17,84,486,564,862
122,126,20,79,512,592,862
144,134,44,98,490,567,863
123,121,143,175,516,588,863
193,98,73,78,536,617,863
149,147,131,188,508,573,863
178,153,144,133,526,616,863
80,75,19,45,497,554,863
34,30,73,101,484,563,863
298,155,279,148,565,662,863
111,64,90,66,524,581,863
280,115,288,155,568,673,863
36,23,139,100,505,578,863
175,116,182,171,558,642,863
205,132,259,183,574,668,863
66,58,102,61,509,584,863
134,92,94,69,526,607,864
130,103,98,93,515,587,864
786,389,750,333,634,741,864
69,93,39,123,458,461,864
140,114,95,120,521,559,864
54,58,20,81,459,484,864
125,132,196,229,534,621,865
380,165,208,154,592,680,865
101,68,27,47,508,559,865
151,128,37,79,522,592,865
110,96,233,230,536,633,865
642,530,467,380,605,720,865
73,88,120,147,515,617,865
458,175,410,155,632,735,865
86,61,216,129,546,639,865
21,35,65,102,496,567,865
74,98,131,149,506,596,865
35,59,84,89,505,581,865
530,458,633,521,644,769,865
387,356,342,332,580,695,865
32,54,83,69,509,600,865
283,266,194,191,553,632,865
83,81,155,154,524,601,865
74,97,80,111,511,595,865
109,94,209,124,536,629,865
53,72,110,159,504,587,865
227,183,249,260,557,659,865
154,136,345,235,572,660,865
407,176,557,217,626,740,865
214,127,191,159,542,633,866
109,85,136,123,533,616,866
30,53,41,68,480,517,866
123,146,19,96,468,544,866
292,207,496,244,586,681,866
815,646,604,436,645,763,866
304,198,543,401,590,694,866
109,60,249,128,571,663,866
126,141,78,119,510,608,866
211,180,147,206,535,641,866
146,136,121,147,525,624,866
637,224,681,277,638,749,866
163,141,245,201,540,640,866
70,76,74,100,522,593,866
779,273,883,350,673,783,866
74,69,143,138,518,603,866
4,26,47,98,478,528,867
55,63,62,93,522,614,867
316,207,389,260,600,705,867
150,77,330,207,582,672,867
50,49,154,123,508,587,867
339,163,649,240,622,727,867
132,83,253,175,565,667,867
39,27,60,55,504,599,867
254,250,114,185,534,623,868
125,121,57,117,529,621,868
527,334,567,388,605,713,868
39,40,108,63,513,601,868
32,28,31,55,480,533,869
309,269,177,171,559,646,869
231,206,80,101,539,609,869
103,68,268,114,550,632,869
246,208,233,249,563,661,869
298,190,395,315,587,691,869
327,326,154,149,534,621,869
549,357,537,339,600,706,869
65,85,51,112,492,553,869
299,171,384,258,575,682,869
132,143,71,72,495,554,869
8,25,50,104,477,541,869
118,69,218,162,555,652,869
51,52,42,52,499,568,869
148,136,221,125,556,658,869
36,49,66,80,485,550,869
63,79,109,141,494,569,869
170,159,128,140,536,624,869
15,21,47,43,495,573,869
97,82,81,101,525,606,869
230,122,432,168,588,698,869
149,125,229,271,545,617,870
251,259,164,178,524,619,870
375,157,475,198,616,730,870
46,41,51,79,486,518,870
84,87,105,159,506,596,870
48,32,42,64,477,532,871
59,80,71,141,479,540,871
248,210,313,270,576,688,871
51,66,22,67,489,577,871
215,210,241,218,548,654,871
10,36,30,73,465,525,871
231,101,369,121,599,697,871
128,72,372,228,572,659,871
163,154,230,204,541,635,871
104,119,173,207,519,617,871
245,251,385,324,569,671,871
87,117,28,114,493,562,871
47,69,79,112,508,597,871
28,37,30,66,487,569,871
80,106,41,96,503,568,871
36,49,99,116,512,575,871
746,668,622,566,639,757,872
132,140,117,121,520,599,872
239,257,255,263,535,625,872
78,81,197,151,528,607,872
269,146,375,159,589,684,872
291,254,470,412,583,695,872
52,61,30,63,487,563,872
163,155,156,152,551,662,872
118,146,52,113,494,576,872
821,325,868,428,661,777,872
65,83,77,120,489,544,872
32,42,69,87,478,527,872
118,103,72,98,518,596,872
44,62,60,112,496,572,872
24,21,67,64,491,565,872
388,226,482,243,601,711,873
41,57,27,64,485,550,873
150,138,166,142,536,622,873
15,31,26,72,443,471,873
35,35,148,124,498,584,873
11,28,14,26,484,515,873
72,100,56,130,479,551,873
28,26,79,85,502,593,874
147,155,90,115,532,620,874
212,117,403,228,595,710,874
29,55,124,152,498,572,874
318,169,431,179,611,707,874
78,62,127,103,517,603,874
507,366,489,335,608,723,874
1,25,26,60,483,562,874
268,256,150,149,534,633,874
463,240,837,237,643,752,874
116,124,159,190,513,611,874
77,84,148,191,501,593,874
678,423,838,647,657,785,874
471,183,420,194,623,724,874
47,61,13,84,438,468,874
5,21,73,97,466,511,874
301,249,379,332,589,698,874
136,108,116,96,533,614,874
39,40,95,111,511,573,874
549,237,793,321,642,762,874
127,125,196,236,515,582,874
82,55,61,72,513,583,875
91,70,148,128,525,605,875
24,34,35,77,483,563,875
19,21,93,67,490,573,875
122,76,265,173,542,614,875
70,58,308,257,557,663,875
14,28,127,135,492,561,875
8,28,52,101,478,565,875
297,99,489,160,611,708,875
122,138,102,157,523,597,875
69,75,189,172,530,614,875
668,239,706,251,641,757,875
36,58,118,148,509,581,875
293,160,421,272,596,700,875
162,131,233,151,546,648,876
191,193,74,129,527,599,876
401,144,447,195,619,717,876
755,203,922,299,680,778,876
69,60,61,73,502,558,876
124,115,85,99,525,607,876
95,63,146,92,514,596,876
265,183,145,138,554,648,877
243,133,264,161,567,649,877
396,205,353,197,596,702,877
608,430,501,312,635,757,877
62,65,220,192,527,607,877
109,125,89,54,505,583,877
21,39,100,102,484,555,877
398,196,385,271,588,696,877
181,147,167,122,544,654,877
362,212,435,242,594,700,877
252,247,206,252,567,676,877
7,34,44,107,456,492,877
664,406,338,279,601,714,877
29,35,32,57,487,557,877
69,65,187,149,513,604,878
132,108,223,175,536,603,878
104,119,308,302,552,653,878
160,98,240,201,555,649,878
67,99,42,89,488,532,878
385,103,588,187,639,744,878
138,114,256,152,545,646,878
194,135,258,129,570,666,878
112,81,220,159,541,633,878
603,322,482,293,618,730,878
10,32,70,60,479,544,878
128,91,213,101,557,652,878
6,23,22,75,469,571,878
161,148,167,165,530,621,878
78,79,165,180,518,612,878
33,30,97,116,497,592,878
49,56,63,100,483,555,878
41,52,17,69,471,537,878
325,273,357,267,580,681,879
52,40,130,71,501,590,879
494,228,378,258,603,702,879
179,98,99,81,530,591,879
80,47,122,77,536,605,879
73,86,14,81,461,492,879
179,176,147,140,531,606,879
127,136,228,214,534,632,879
10,31,60,122,463,554,879
113,95,246,179,543,629,879
131,104,330,213,568,679,879
26,36,27,58,486,558,879
62,71,207,154,523,611,880
24,49,55,56,496,570,880
84,95,114,139,521,590,880
99,73,237,135,552,643,880
38,66,63,99,476,484,880
41,47,89,87,517,620,880
59,62,22,47,501,534,880
163,140,290,232,556,667,880
94,80,45,59,513,608,880
470,376,458,366,607,711,880
171,107,209,120,554,645,880
130,145,58,142,498,574,880
95,66,119,64,531,614,880
174,172,143,199,513,583,880
505,402,311,225,597,692,880
85,62,19,53,482,514,880
225,170,255,174,560,642,880
191,190,128,200,508,573,881
258,219,132,161,524,608,881
236,82,344,167,582,680,881
152,140,171,149,540,639,881
304,210,221,183,565,663,881
66,68,39,85,498,573,881
562,477,543,489,620,738,881
104,109,155,137,536,631,881
221,151,291,203,586,692,881
97,87,50,44,516,584,881
55,71,96,100,504,574,882
95,112,56,123,511,563,882
138,131,252,214,558,679,882
28,33,67,66,501,591,882
65,63,38,48,498,554,882
528,468,446,388,597,713,882
46,67,40,103,482,547,882
60,80,37,118,476,536,882
19,35,33,85,482,556,882
157,126,248,219,544,635,882
81,102,23,96,498,547,883
219,216,124,162,518,593,883
16,25,32,57,431,513,883
23,32,86,109,499,565,883
42,36,25,35,484,537,883
64,74,245,192,527,600,883
69,72,32,60,496,544,883
75,97,67,131,500,597,883
50,70,14,59,478,517,884
20,49,44,114,454,526,884
247,217,277,278,569,672,884
0,20,44,57,468,561,884
199,180,318,243,566,663,884
10,26,53,63,461,532,884
0,21,33,80,461,517,884
0,23,25,81,477,541,884
126,156,52,124,497,597,884
41,59,85,114,488,572,884
68,76,92,97,557,659,884
109,102,352,198,563,660,884
179,180,134,201,516,610,884
16,26,83,68,481,545,884
233,156,424,248,626,727,884
471,301,461,321,607,710,884
149,117,100,128,512,573,885
101,66,57,87,512,577,885
249,221,171,147,554,655,885
155,127,72,88,525,602,885
883,608,879,635,664,790,885
209,173,253,228,559,672,885
269,163,273,193,583,672,885
138,141,95,111,504,575,886
163,90,197,130,539,629,886
184,116,336,222,575,678,886
9,27,40,74,446,492,886
348,147,314,230,596,688,886
119,108,79,130,518,592,886
600,255,626,384,631,749,887
258,152,225,137,553,642,887
572,511,464,442,626,752,887
207,112,178,128,542,627,887
211,146,304,239,565,652,887
317,246,284,309,573,680,887
143,134,156,109,532,616,888
340,271,623,439,617,726,888
357,296,415,381,594,703,888
47,71,49,84,476,521,888
38,38,158,98,500,567,888
14,28,70,81,496,567,888
51,79,83,147,495,578,888
874,403,647,263,644,756,888
67,52,208,136,545,642,888
152,99,112,90,548,637,888
125,134,272,227,545,640,888
113,123,125,179,501,558,889
92,74,42,40,509,581,889
39,25,29,46,476,544,889
86,97,57,109,479,550,889
65,55,66,92,489,528,889
272,224,141,150,535,622,889
155,130,187,149,547,631,889
13,25,33,54,461,505,889
376,222,199,143,570,665,889
39,41,98,80,499,581,889
4,27,38,63,461,467,889
287,175,249,153,573,665,889
32,37,14,74,490,578,889
2,21,14,41,470,543,890
105,133,20,91,499,565,890
183,117,201,174,546,640,890
227,176,430,329,584,698,890
55,30,223,78,542,639,890
242,166,410,245,600,690,890
662,287,794,292,670,783,890
611,302,737,381,630,752,890
28,50,145,107,518,573,890
8,23,73,66,484,559,890
256,175,439,320,583,691,890
824,359,823,280,668,781,890
56,81,50,70,503,569,890
80,58,45,53,505,565,890
59,80,56,104,486,535,890
467,267,533,320,612,708,890
112,120,100,153,496,582,890
93,74,131,126,523,632,890
161,151,86,152,513,592,891
149,82,115,73,536,626,891
32,45,44,83,472,528,891
153,101,77,73,529,593,891
48,43,25,75,482,523,891
35,33,65,54,475,527,891
187,136,207,175,557,648,891
51,65,72,126,483,527,891
22,37,49,92,489,566,892
518,265,379,238,610,717,892
204,138,227,161,559,655,892
8,27,56,60,470,510,892
424,221,709,289,635,749,892
291,285,255,223,560,652,892
155,77,210,143,567,671,892
450,201,446,209,589,679,892
312,246,350,315,594,702,892
115,106,134,92,503,589,892
87,60,143,117,518,607,892
45,45,69,87,504,593,892
15,26,63,96,476,539,892
563,286,527,230,644,737,893
199,138,133,163,536,625,893
96,71,133,88,510,604,893
63,81,139,198,505,586,894
232,192,241,272,585,683,894
55,59,119,81,511,588,894
142,172,91,146,509,580,894
31,42,22,60,492,559,894
46,59,122,74,518,598,894
73,88,156,196,503,579,894
515,177,780,219,644,759,894
117,124,284,279,557,660,894
804,659,945,643,676,798,894
119,76,204,125,560,661,894
45,49,91,99,515,601,894
55,46,164,130,524,618,894
411,306,312,206,579,665,894
51,68,97,118,500,567,894
60,75,76,75,488,529,894
254,261,226,260,518,588,894
126,132,91,142,530,625,894
227,247,112,192,516,586,895
25,40,42,38,493,581,895
362,315,357,344,586,700,895
167,98,191,141,552,635,895
125,114,97,93,526,618,895
468,160,471,160,615,719,895
73,53,112,135,528,602,895
67,95,132,144,522,609,895
34,42,70,90,482,560,895
17,41,67,109,488,556,895
124,122,262,186,549,636,895
238,142,323,196,545,633,895
359,270,796,626,664,768,896
89,98,132,132,514,586,896
97,128,40,129,466,529,896
90,113,107,175,526,620,896
31,50,46,114,477,548,896
280,146,345,210,582,684,896
237,151,131,98,539,621,896
121,103,101,105,524,593,896
40,46,17,45,486,530,896
8,32,38,91,469,494,896
368,265,380,327,597,704,896
91,104,95,97,516,624,896
223,196,189,116,550,660,896
109,68,38,66,529,605,897
97,122,79,163,507,576,897
48,60,59,113,496,568,897
183,179,127,179,532,626,897
26,43,15,67,492,553,897
71,47,164,120,518,587,897
330,179,306,145,593,677,897
303,140,278,148,590,683,897
46,40,31,78,481,558,897
18,26,20,80,467,533,897
147,139,235,166,536,635,897
409,231,484,264,611,726,898
256,194,244,202,566,669,898
41,64,82,105,496,579,898
152,110,362,271,593,717,898
40,44,164,116,509,584,898
26,33,119,88,491,578,898
480,216,579,199,630,738,898
5,21,81,89,486,526,898
265,193,166,133,531,624,898
212,222,156,184,531,626,898
28,54,26,98,468,517,898
225,236,337,359,543,647,898
349,313,496,482,602,720,898
135,113,154,165,546,629,898
307,236,316,173,568,661,898
509,337,651,465,622,733,899
140,101,142,99,516,592,899
73,46,82,102,494,552,899
75,53,155,157,521,618,899
158,150,136,169,498,581,899
162,134,132,143,539,632,899
17,21,71,73,461,549,900
22,28,61,81,477,528,900
286,237,135,152,538,633,900
16,33,31,89,496,571,900
271,230,359,252,574,693,900
19,45,101,153,481,568,900
442,382,383,276,583,687,900
794,718,532,535,618,734,900
196,164,375,285,586,704,900
151,108,162,157,551,651,900
354,295,366,343,560,668,900
175,178,204,192,563,648,900
244,240,157,177,531,629,900
67,58,152,172,498,576,900
133,157,77,119,519,612,900
59,67,157,143,519,608,901
39,30,149,201,498,555,901
332,283,348,288,575,690,901
160,147,343,289,560,660,901
422,419,171,244,550,649,901
332,175,277,143,581,685,901
82,75,158,150,521,611,901
168,129,272,162,554,644,901
201,152,415,351,571,674,901
46,42,59,83,482,563,901
249,222,169,102,548,655,901
83,89,77,119,508,597,901
114,113,97,125,526,608,902
48,52,189,148,521,614,902
25,36,105,135,495,584,902
20,37,60,63,472,532,902
54,58,22,69,481,525,902
28,53,43,123,477,552,902
14,33,80,128,492,574,902
252,220,330,217,549,665,902
237,185,167,165,526,617,902
196,106,416,155,580,681,902
0,23,45,76,466,530,902
342,186,491,251,600,709,902
400,338,431,356,604,722,902
158,161,202,207,566,664,902
18,22,22,54,461,482,902
53,34,108,80,510,572,902
112,109,180,175,521,604,902
52,33,142,144,540,633,903
272,219,166,153,541,624,903
41,45,50,55,485,529,903
597,305,491,279,626,732,903
32,42,69,102,490,571,903
31,35,32,46,485,538,903
116,128,42,124,513,605,903
724,369,615,307,644,754,903
607,372,774,477,646,764,903
214,108,256,182,573,663,903
236,182,224,182,549,622,903
86,65,102,91,517,602,903
364,271,561,351,612,718,903
28,40,70,95,503,578,903
259,189,169,115,564,655,903
78,61,52,62,536,616,904
124,137,135,168,529,611,904
105,81,124,75,516,600,904
841,627,680,533,647,762,904
160,156,162,184,525,608,904
163,149,220,179,525,609,904
693,290,643,248,617,724,905
64,84,53,106,499,582,905
73,43,68,69,515,602,905
325,237,483,313,574,676,905
81,59,118,102,506,598,905
46,50,41,97,491,563,905
642,496,607,525,643,762,905
198,182,331,317,551,653,905
29,38,19,58,451,484,905
118,75,113,83,530,617,905
23,31,17,48,473,548,905
366,188,403,151,591,679,905
158,84,203,120,545,643,906
102,58,154,128,554,634,906
33,44,32,58,463,503,906
123,80,187,127,533,609,906
90,102,81,131,498,579,906
383,300,288,247,566,660,906
262,240,202,219,541,620,906
278,255,375,277,558,655,906
291,196,295,153,570,660,906
153,107,218,139,532,614,906
101,100,120,131,526,605,906
116,96,278,187,562,662,906
22,23,115,98,485,548,906
230,138,232,133,562,657,906
50,44,94,75,518,609,906
19,33,92,130,466,545,907
96,60,43,80,524,596,907
37,27,114,92,502,587,907
135,116,264,255,542,642,907
65,60,62,94,499,560,907
156,142,106,162,526,630,907
169,155,95,129,542,631,907
777,308,782,376,652,764,907
508,401,539,418,601,715,907
58,71,116,132,496,576,907
342,265,511,435,599,699,907
33,41,15,53,479,538,907
63,38,53,38,507,572,908
771,281,830,258,650,757,908
349,294,393,325,590,694,908
271,179,214,130,552,621,908
675,352,447,207,613,713,908
34,37,36,64,477,535,908
63,72,153,180,516,595,908
37,40,61,87,488,535,908
40,46,34,61,481,559,908
438,201,340,235,604,703,909
111,85,113,159,518,592,909
29,51,47,121,466,500,909
175,104,163,172,552,634,909
104,97,132,149,531,617,909
393,363,287,286,578,678,909
131,84,97,109,527,607,909
532,442,339,300,570,680,909
127,130,79,107,506,569,909
540,256,636,240,611,724,909
43,41,27,58,486,544,909
181,121,73,98,519,576,909
63,49,36,61,482,528,910
83,79,204,131,535,624,910
156,80,181,90,553,654,910
316,215,363,217,577,675,910
596,411,581,334,629,745,910
12,33,24,52,490,571,910
201,196,243,183,556,636,910
312,267,233,241,560,667,910
18,36,75,110,487,568,910
2,26,40,57,483,554,910
401,207,496,194,627,727,911
215,91,284,116,575,663,911
289,261,225,197,554,661,911
348,220,420,195,594,702,911
353,298,276,247,573,672,911
208,218,165,224,530,604,911
29,33,93,64,494,572,911
31,33,151,124,489,554,911
50,59,63,63,497,548,911
221,109,219,131,564,648,911
811,387,897,336,655,774,911
302,103,371,214,600,697,911
86,97,107,156,518,593,911
61,48,84,125,505,574,911
215,109,280,187,556,648,911
253,193,182,187,549,642,911
591,236,834,277,643,751,911
416,220,270,162,598,679,912
41,42,44,70,486,534,912
303,249,357,295,577,694,912
36,52,15,44,469,551,912
113,95,122,104,529,617,912
9,30,26,71,478,534,912
35,63,34,72,486,580,912
46,76,22,57,494,582,912
90,98,120,129,516,608,912
1,21,62,67,472,556,912
55,62,113,129,489,571,912
221,93,505,133,607,700,912
170,93,224,124,567,652,912
72,74,84,117,492,576,912
68,63,28,51,516,594,912
455,377,328,344,582,694,912
101,106,132,126,506,598,913
66,90,27,68,477,518,913
48,64,24,80,471,533,913
66,85,79,141,483,553,913
125,149,144,212,504,584,913
48,61,29,83,494,557,913
75,63,179,147,527,610,913
645,173,947,279,658,769,913
58,69,63,107,482,539,914
30,27,69,81,490,522,914
569,245,711,353,624,742,914
705,281,691,266,650,759,914
131,131,77,93,515,600,914
11,31,31,85,419,410,914
135,93,234,145,544,638,914
328,259,364,312,584,694,914
252,122,371,160,568,664,914
21,35,44,96,465,543,914
175,187,84,126,516,593,914
64,62,55,81,508,565,914
126,126,150,134,532,617,915
590,523,430,373,607,713,915
23,31,134,99,485,563,915
265,140,240,87,581,687,915
343,305,370,374,566,673,915
82,65,172,141,524,615,916
4,27,64,96,466,535,916
40,49,43,87,492,536,916
28,41,69,81,469,524,916
73,80,76,69,507,584,916
62,69,36,70,477,552,916
285,205,285,169,571,661,916
876,328,801,217,657,762,916
20,40,45,100,445,447,916
411,232,409,239,594,687,916
310,311,135,165,526,596,916
395,396,249,322,530,613,916
276,224,450,320,583,682,916
60,64,63,86,504,586,916
46,53,111,103,496,542,916
18,28,86,84,491,564,916
35,42,109,135,492,580,916
138,158,94,156,479,555,916
609,334,424,246,631,756,916
31,37,86,83,486,553,916
23,23,70,75,485,557,916
585,209,894,216,654,765,917
196,153,177,128,555,648,917
444,312,255,211,574,670,917
273,178,322,236,561,652,917
38,63,40,104,447,429,917
89,74,96,60,503,572,917
41,37,129,92,509,596,917
62,58,69,85,501,573,917
80,69,92,79,517,596,917
256,242,187,204,548,635,917
97,90,117,138,526,619,917
283,132,333,141,579,671,917
362,131,329,222,595,695,917
82,79,111,103,522,613,918
624,364,786,459,666,780,918
521,271,688,395,633,735,918
37,54,55,104,492,554,918
299,257,410,395,584,689,918
632,259,552,255,634,738,918
34,36,59,63,491,577,918
282,245,282,243,567,682,918
59,62,17,70,486,559,918
83,85,52,86,497,575,918
77,83,209,148,529,608,919
23,23,118,69,508,601,919
87,91,132,109,526,627,919
41,53,37,87,483,549,919
47,28,28,39,501,582,920
577,477,412,390,620,731,920
478,323,417,326,600,698,920
116,117,71,140,500,550,920
414,313,483,387,609,712,920
92,62,114,69,517,592,920
88,93,154,182,517,610,920
161,114,217,167,549,618,920
484,280,610,344,642,754,920
70,61,33,90,490,565,920
13,22,40,64,483,531,921
85,66,14,33,482,560,921
147,134,128,148,522,615,921
292,290,164,193,523,616,921
376,251,350,214,576,688,921
55,77,22,97,474,525,921
110,74,124,82,532,604,921
123,109,187,195,557,651,922
76,71,125,123,522,606,922
103,86,130,165,516,581,922
513,270,738,344,635,738,922
54,43,76,46,513,587,922
533,333,453,325,606,716,922
285,196,511,352,592,703,922
698,375,762,361,648,773,922
31,37,90,67,481,565,923
57,66,114,126,509,597,923
174,187,57,119,534,630,923
503,430,569,494,607,725,923
112,117,93,114,516,601,923
634,453,698,417,615,725,923
502,255,690,267,642,752,923
76,66,75,105,516,602,924
66,49,37,54,468,510,924
162,149,271,242,556,657,924
923,420,808,476,661,783,924
11,28,63,87,462,554,924
19,27,37,45,483,546,924
55,55,171,134,532,623,924
50,61,142,108,512,605,924
356,227,464,206,586,694,924
84,84,333,247,556,650,924
252,226,179,178,555,650,924
34,51,33,75,465,471,924
24,33,82,99,484,567,925
8,22,41,60,469,559,925
156,151,167,164,543,645,925
97,124,23,73,515,602,925
123,111,151,152,531,634,925
10,30,92,103,481,566,925
67,50,192,114,542,627,925
166,182,113,176,514,595,925
6,21,61,44,476,544,925
846,502,843,461,661,777,925
320,202,309,171,567,671,925
28,42,58,48,472,557,925
115,113,242,199,534,633,925
60,44,36,60,489,572,925
33,47,119,130,498,592,925
278,214,442,346,592,705,925
469,413,471,410,582,690,925
69,73,140,157,502,578,925
75,37,57,59,507,608,926
501,194,605,270,624,724,926
80,72,21,56,496,554,926
170,157,150,188,517,591,926
60,62,90,110,488,574,926
146,66,154,110,523,620,926
150,86,109,181,520,609,926
444,374,537,484,600,708,926
440,254,525,247,620,723,926
219,199,216,282,558,671,927
396,194,415,175,611,720,927
49,60,87,99,506,595,927
250,231,231,270,565,664,927
53,73,120,185,479,558,927
400,288,309,213,588,701,927
71,81,62,61,493,564,927
426,258,648,267,616,725,927
17,23,34,48,465,521,927
18,28,97,100,478,548,927
77,97,26,105,467,514,927
32,39,33,54,474,545,927
75,88,101,141,500,572,928
799,628,611,469,634,754,928
122,58,189,133,542,640,928
44,49,31,56,496,576,928
182,153,173,157,529,617,928
34,41,80,96,510,563,928
77,97,37,108,459,512,928
382,299,428,255,582,680,928
240,140,264,178,570,681,928
310,234,361,259,575,677,929
108,76,161,108,542,629,929
126,135,157,142,528,606,929
13,27,118,106,496,592,929
70,81,67,96,491,552,929
99,102,61,108,504,589,929
20,39,29,74,467,536,929
124,66,146,86,541,636,930
60,60,58,62,493,534,930
172,153,112,146,530,625,930
71,50,40,59,509,596,930
348,119,398,138,612,709,930
347,210,271,275,594,691,930
511,406,549,485,610,735,930
81,76,26,41,490,551,930
153,121,229,157,566,674,930
301,272,324,338,564,674,930
200,163,162,149,518,604,930
42,30,40,56,484,570,930
185,106,330,149,568,684,930
1,21,17,51,452,486,931
73,42,427,177,565,669,931
26,40,33,66,475,555,931
254,135,524,218,601,714,931
186,115,219,120,565,667,931
34,42,173,99,491,579,931
19,38,74,71,488,586,931
190,152,253,126,547,669,931
62,56,174,154,517,606,931
412,215,435,148,609,717,931
75,77,153,137,513,608,931
14,34,62,86,490,583,931
187,187,110,175,523,615,931
132,59,47,48,543,621,932
377,347,251,256,553,648,932
132,74,190,134,525,610,932
151,104,140,113,525,611,932
77,78,71,100,469,495,932
235,226,128,166,538,633,932
14,36,61,103,463,485,932
6,26,91,128,477,572,932
386,205,485,245,584,695,933
388,261,480,151,615,728,933
470,152,566,161,622,728,933
685,582,594,470,612,726,933
551,537,305,347,569,674,933
19,27,16,32,478,556,933
40,65,18,75,468,482,933
260,121,217,166,595,694,933
272,144,307,194,570,665,933
199,200,120,178,528,617,933
37,47,35,86,463,541,934
114,124,129,167,505,577,934
77,68,50,79,492,552,934
670,277,674,245,653,766,934
488,284,462,225,600,702,934
861,711,660,621,662,783,934
122,82,157,102,517,602,934
131,151,56,133,476,529,934
92,50,80,59,518,595,934
7,25,16,64,474,543,934
703,315,663,266,629,743,935
40,57,33,65,466,533,935
429,290,390,206,588,694,935
275,198,402,285,578,670,935
32,35,186,87,511,605,935
274,251,354,346,570,676,935
220,215,376,313,559,672,935
531,336,674,325,635,748,935
96,72,105,97,499,575,935
22,39,92,130,482,552,935
8,25,71,81,466,514,935
17,47,39,93,472,536,935
51,61,75,76,511,579,935
5,27,20,74,443,506,935
134,48,122,99,567,659,935
103,53,110,128,534,612,936
82,57,72,67,513,601,936
193,152,177,141,524,589,936
133,112,104,91,506,561,936
263,131,383,241,600,702,936
98,97,71,106,487,547,936
657,486,545,356,620,733,936
188,95,135,108,537,614,936
54,43,149,123,512,596,936
181,173,65,127,528,598,936
634,463,630,528,633,750,936
146,153,61,116,505,570,936
20,27,79,74,479,540,936
188,134,162,76,547,635,937
15,28,145,143,488,572,937
135,117,104,104,538,622,937
59,79,15,76,477,563,937
36,50,26,57,464,543,937
64,87,97,146,491,564,937
16,27,96,68,503,557,937
110,83,263,139,557,657,937
5,30,42,71,466,568,937
561,427,745,529,627,742,937
99,76,205,98,541,616,937
425,196,549,282,625,731,937
65,76,49,82,502,566,937
140,96,200,204,552,651,937
88,105,65,136,492,540,937
183,157,190,153,551,644,937
91,73,120,115,502,579,937
595,343,708,369,649,759,937
279,156,404,285,595,696,937
337,95,427,208,616,720,938
46,39,85,61,491,536,938
15,32,14,63,453,489,938
184,192,33,92,504,583,938
533,304,441,209,600,707,938
369,254,452,271,597,699,938
8,24,36,83,455,492,938
66,64,21,70,479,519,938
30,45,25,77,473,516,938
50,53,43,94,504,528,938
41,55,70,111,481,539,938
326,223,275,203,575,678,938
19,31,14,52,466,524,938
31,31,49,76,475,543,938
214,135,263,194,551,640,938
63,53,174,147,527,623,939
84,83,73,88,482,559,939
10,26,106,92,487,552,939
70,44,143,61,528,617,939
332,176,544,240,605,708,939
55,64,15,56,484,526,939
822,415,559,385,640,750,939
335,249,317,215,565,660,939
795,494,867,656,660,781,940
104,123,109,163,488,563,940
854,362,634,314,634,744,940
22,31,14,42,468,477,940
294,150,262,129,544,642,940
111,85,137,120,509,550,940
964,405,656,246,647,759,940
195,149,89,70,529,587,941
213,235,170,206,539,625,941
311,236,332,228,575,683,941
345,314,483,345,586,692,941
13,27,101,83,485,545,941
109,119,170,104,526,618,941
55,76,44,61,516,598,941
89,115,24,80,493,564,941
86,97,149,201,509,605,941
24,52,60,81,476,547,941
310,295,283,338,548,660,941
28,39,152,102,511,623,941
436,300,393,275,593,703,941
180,154,147,164,545,638,941
374,389,213,264,551,645,941
17,38,102,159,510,589,941
591,392,386,321,598,709,941
315,136,767,287,632,743,941
29,55,99,70,512,600,941
25,28,101,63,472,559,941
66,85,150,158,496,586,941
70,91,224,183,524,614,941
87,87,205,95,526,620,941
855,368,816,371,650,772,942
214,237,113,151,515,591,942
23,37,101,139,498,564,942
165,135,244,191,538,629,942
403,128,358,123,604,699,942
44,32,57,83,481,564,942
53,41,97,112,495,584,942
60,49,46,69,490,546,942
360,252,482,356,596,702,942
124,78,220,170,572,673,942
53,36,53,53,492,562,942
147,118,174,158,534,610,943
305,250,349,301,553,656,943
557,268,458,224,610,722,943
254,202,257,221,568,678,943
94,111,90,142,507,581,943
115,51,224,92,564,657,943
222,109,357,201,589,696,943
38,41,132,117,507,580,943
70,73,121,126,508,579,943
28,25,114,118,496,577,943
72,90,150,178,510,595,943
99,113,104,156,500,579,943
96,103,64,105,492,544,943
74,59,112,82,510,598,943
265,174,316,189,561,665,943
230,127,247,104,559,650,944
113,65,169,131,525,592,944
118,104,83,122,520,619,944
942,588,764,431,636,754,945
224,104,314,192,590,678,945
35,52,15,80,457,521,945
41,50,13,56,483,554,945
10,26,65,91,472,508,945
59,49,142,76,515,598,945
284,201,431,334,599,712,945
45,60,120,118,496,578,945
88,66,129,109,530,632,945
2,25,88,128,450,551,945
40,52,51,98,478,529,945
314,232,452,330,596,701,946
588,362,533,349,634,743,946
171,124,322,236,560,656,946
252,190,340,216,585,686,946
186,172,220,149,533,609,946
412,311,247,220,582,679,946
533,230,838,380,642,748,946
40,42,98,98,484,560,947
163,144,133,159,508,611,947
371,139,679,260,628,734,947
257,147,314,235,575,682,947
421,377,434,376,581,693,947
27,60,31,46,479,537,947
24,53,83,133,488,583,947
175,197,249,225,543,630,947
479,220,484,287,595,705,947
1,20,73,104,485,570,947
105,81,231,113,543,635,947
27,57,44,107,475,528,947
134,116,491,284,578,704,947
92,52,174,92,546,637,947
13,25,106,84,493,575,947
443,284,423,225,602,709,947
10,33,106,123,492,566,947
76,71,162,167,523,618,948
7,31,27,83,448,502,948
83,96,99,101,505,567,948
30,45,76,94,495,583,948
38,61,155,173,503,565,948
186,105,360,130,596,686,949
56,67,96,137,496,580,949
69,92,61,130,458,533,949
53,57,25,41,487,543,949
301,244,437,304,573,673,949
131,106,273,222,548,639,949
89,114,155,228,471,540,949
281,252,332,303,526,626,949
121,144,117,177,509,586,949
34,51,100,81,478,563,949
166,76,240,126,560,676,949
149,113,238,136,539,644,949
367,218,382,192,585,687,949
24,34,114,70,488,525,950
183,178,112,91,531,623,950
13,32,32,83,437,496,950
531,319,512,215,598,707,950
228,86,364,129,596,683,950
3,21,34,76,435,482,950
262,245,198,242,538,624,950
155,105,252,157,556,652,950
375,280,342,272,564,660,951
58,58,19,48,483,550,951
110,122,144,204,513,585,951
11,34,33,79,452,518,951
191,200,169,183,534,644,951
16,44,26,81,467,506,951
466,366,738,502,644,766,951
159,168,236,192,513,606,951
36,45,32,88,479,535,951
187,114,255,171,558,656,952
81,75,41,76,496,583,952
335,211,247,252,546,646,952
34,28,203,81,525,627,953
414,265,482,233,610,723,953
24,50,65,106,499,569,953
715,278,776,394,642,763,953
87,112,122,133,506,594,953
87,98,90,91,506,601,953
452,438,422,459,578,687,953
95,131,149,184,490,557,953
387,204,498,298,606,718,953
75,80,273,143,536,633,953
15,21,25,59,480,578,953
58,82,30,82,489,572,953
13,24,27,32,489,561,954
46,62,215,228,513,600,954
167,162,164,130,551,642,954
295,266,352,340,553,664,954
62,66,56,80,493,570,954
228,150,81,110,499,569,954
580,299,687,329,617,724,954
39,45,70,81,482,554,954
739,497,723,516,648,765,954
99,108,87,139,513,595,954
305,234,275,194,558,653,955
83,113,28,110,459,494,955
235,96,495,199,589,692,955
39,38,212,86,518,607,955
306,298,381,353,582,675,955
240,258,62,126,506,579,955
53,64,125,116,505,598,955
52,56,223,156,525,607,955
426,255,603,327,604,722,955
239,221,263,140,569,674,956
708,464,744,511,642,764,956
0,24,43,36,457,528,956
20,28,158,121,503,604,956
30,45,84,68,498,564,956
43,52,51,86,490,576,956
98,111,118,123,507,592,956
102,85,317,156,558,655,956
67,87,78,91,490,553,956
729,474,790,487,633,747,956
425,207,667,415,626,739,956
24,35,33,76,478,492,956
129,96,225,135,541,633,957
153,85,128,105,565,663,957
71,61,178,142,509,610,957
42,65,134,136,505,595,957
174,177,226,178,545,645,957
11,21,55,61,466,550,957
149,160,175,186,516,606,957
17,22,64,46,491,582,958
40,53,25,67,465,543,958
15,31,99,67,467,546,958
146,171,135,171,494,569,958
55,70,41,83,507,580,958
41,58,118,130,516,610,958
429,168,792,333,635,752,958
178,206,117,149,526,619,958
115,56,267,117,562,666,958
163,106,239,170,568,669,958
310,323,156,214,529,606,958
317,217,611,324,617,728,958
60,69,58,98,479,554,958
40,54,56,76,474,541,958
258,150,428,169,580,680,958
255,144,245,200,567,686,958
110,67,226,166,529,620,958
176,94,331,149,577,670,958
37,43,100,91,474,516,958
17,20,181,141,497,581,958
297,160,545,245,600,707,958
550,159,475,157,617,713,958
221,206,184,179,538,632,959
111,126,57,102,486,575,959
33,46,66,75,505,617,959
388,170,382,207,606,717,959
122,137,205,256,510,609,959
32,32,189,131,512,622,959
44,41,170,82,521,620,959
123,119,210,138,550,644,959
530,250,805,365,641,761,959
207,210,74,50,518,608,959
47,79,59,104,471,532,959
53,60,180,135,522,608,959
95,96,106,127,497,569,959
406,373,403,339,593,720,959
28,43,87,105,495,580,959
45,66,91,113,486,591,959
3,30,38,102,448,531,960
27,27,151,88,513,594,960
537,396,562,358,623,739,960
23,40,147,153,508,598,960
1,23,17,58,464,525,960
56,82,93,162,494,577,960
164,158,84,138,508,580,960
262,183,159,148,554,650,960
9,28,65,66,458,539,960
34,40,61,91,480,538,960
91,57,188,154,513,594,960
441,316,586,372,616,723,961
275,154,258,174,564,671,961
138,105,196,159,542,629,961
87,82,181,117,510,616,961
430,224,488,214,597,696,961
38,57,73,102,472,520,961
100,74,227,107,539,631,961
9,35,21,41,434,462,961
22,44,111,106,510,609,961
268,106,350,154,569,684,961
106,91,119,149,513,581,961
157,149,80,114,507,587,962
3,22,23,49,455,532,962
28,24,74,48,481,582,962
156,128,73,104,537,636,962
30,36,83,72,485,553,962
556,461,524,417,615,735,962
66,83,28,106,492,560,962
53,62,68,111,447,484,962
77,64,24,66,486,542,962
369,147,261,115,584,670,962
369,173,475,259,603,706,963
79,87,62,76,485,567,963
14,28,32,83,454,551,963
77,75,34,85,470,493,963
148,138,123,169,507,578,963
13,29,24,43,465,546,963
166,104,235,147,533,631,963
62,58,96,105,487,580,963
53,45,198,111,509,595,963
118,84,330,199,575,676,963
20,44,31,95,451,512,963
51,76,80,131,481,556,963
295,178,337,202,574,683,963
135,157,194,225,517,639,964
20,38,55,74,457,514,964
296,163,383,254,565,667,964
24,36,88,55,499,578,964
25,42,45,91,473,485,964
122,125,297,242,543,637,964
37,46,60,86,508,601,964
104,105,298,188,535,637,964
90,123,97,166,485,548,964
151,144,352,251,564,680,964
167,185,214,137,546,644,964
402,239,418,208,597,701,964
253,242,133,121,525,626,964
180,124,300,243,562,663,964
24,20,57,65,483,572,964
208,121,319,243,563,674,964
16,29,24,66,444,537,964
186,202,102,143,496,585,964
560,455,442,378,604,719,964
14,28,21,75,454,525,964
366,170,410,241,601,700,964
55,73,29,50,500,588,964
149,85,129,103,536,611,965
258,158,223,127,544,629,965
36,25,134,98,503,592,965
116,84,194,132,540,634,965
64,59,188,125,524,609,965
184,171,211,203,544,644,965
31,57,113,124,489,576,965
261,261,317,276,547,664,965
47,77,56,105,478,560,965
161,180,316,317,550,657,966
14,28,41,57,475,561,966
21,33,74,59,501,603,966
200,166,150,117,542,634,966
81,95,93,121,491,570,966
26,30,21,36,463,499,966
223,181,234,146,550,633,966
116,125,174,178,513,608,966
4,22,57,50,460,535,966
15,40,43,60,448,531,966
112,82,120,72,516,596,966
143,165,95,151,504,579,966
29,53,19,80,449,504,966
216,123,311,182,566,655,966
36,58,95,76,469,519,966
38,57,23,63,479,547,966
100,61,139,110,526,601,966
12,35,14,71,432,475,966
120,145,180,199,483,553,966
478,254,568,233,613,722,966
85,82,188,124,514,574,966
29,24,94,81,497,573,967
486,179,728,295,638,745,967
820,570,608,452,625,738,967
2,23,41,86,432,463,967
175,165,267,221,558,662,967
79,84,62,98,491,555,967
271,178,389,289,570,679,967
299,259,204,173,562,662,967
11,23,101,86,474,553,967
11,24,18,72,441,460,967
180,94,303,166,560,651,967
27,37,112,127,479,556,967
15,32,66,65,486,577,967
478,211,541,256,594,694,967
221,205,116,134,517,597,968
46,48,100,112,490,564,968
152,105,100,72,517,595,968
30,27,131,71,512,583,968
668,231,670,275,630,738,968
134,98,122,109,526,602,968
233,232,101,156,521,605,969
32,31,101,88,499,567,969
51,71,72,112,478,534,969
399,253,427,229,579,678,969
244,251,129,199,525,608,969
191,176,123,132,518,592,969
202,189,250,228,531,624,969
35,54,158,189,510,567,969
121,107,179,149,515,594,969
327,138,465,220,581,682,969
342,272,536,452,590,703,969
63,55,35,50,509,606,969
374,343,306,283,560,649,969
39,46,42,77,472,537,969
180,114,238,121,543,645,969
223,112,454,207,572,670,969
60,77,21,81,469,558,969
218,137,228,134,537,638,969
66,72,108,94,493,576,970
42,51,64,87,466,552,970
289,164,258,121,583,677,970
22,42,69,98,459,538,970
42,55,198,168,510,598,970
14,30,37,85,471,544,970
23,24,59,62,463,546,970
26,38,92,68,496,600,970
35,51,61,99,466,545,970
116,83,275,175,538,627,971
291,170,325,149,562,670,971
25,26,48,50,473,537,971
227,178,120,149,527,626,971
293,174,666,249,614,721,971
136,72,248,130,538,595,971
59,41,84,93,497,580,971
42,40,91,85,497,590,971
53,79,25,83,458,513,971
32,45,84,70,484,578,971
22,45,82,97,465,454,971
341,250,308,185,559,657,971
51,46,87,78,521,608,971
500,200,849,352,655,774,971
158,152,127,136,526,619,971
148,128,144,138,520,600,971
80,98,46,97,482,551,971
21,29,72,62,451,496,972
640,298,769,422,637,753,972
179,113,222,154,567,658,972
194,101,289,160,576,681,972
52,58,187,98,524,634,972
100,118,53,107,503,582,972
67,81,105,124,497,594,972
259,184,310,268,569,680,972
216,90,128,71,584,665,972
221,144,181,140,545,640,972
162,85,247,148,566,667,972
469,208,715,260,633,738,972
78,77,133,124,556,670,973
44,49,80,103,469,519,973
36,39,118,161,485,570,973
310,252,267,207,550,651,973
746,624,604,489,613,733,973
139,122,207,163,498,574,973
42,42,129,136,489,565,973
45,36,122,84,489,558,973
107,90,108,98,529,605,973
40,28,79,50,497,581,973
233,158,193,149,533,613,974
4,23,20,45,451,514,974
148,111,214,111,524,594,974
522,336,434,308,602,712,974
106,89,121,91,513,584,974
133,149,154,180,495,592,974
118,125,168,158,530,622,974
37,41,58,66,496,578,974
119,138,145,198,498,596,974
71,85,140,205,512,603,974
128,100,41,70,514,593,974
165,141,214,177,553,650,974
58,48,101,111,502,612,974
877,257,727,195,652,759,974
64,64,189,165,506,589,974
222,151,181,201,548,644,974
68,39,151,92,514,605,974
157,167,41,115,468,540,974
7,22,146,97,475,567,975
159,154,277,267,551,646,975
384,208,502,259,586,697,975
685,479,427,325,592,710,975
543,239,803,331,639,751,975
12,34,134,156,483,572,975
410,170,406,133,601,709,975
54,82,76,95,470,548,975
15,37,17,56,472,566,975
30,53,101,110,474,556,976
88,115,71,107,483,528,976
177,178,218,239,551,662,976
7,27,40,73,461,551,976
35,50,142,88,519,609,976
239,215,478,356,585,703,976
261,237,319,272,557,660,976
137,141,131,140,517,609,976
25,33,127,102,537,648,976
9,34,114,175,498,591,976
12,33,122,90,465,541,976
464,367,547,418,604,712,976
144,139,184,127,520,623,976
733,322,744,311,637,760,976
36,36,28,61,465,534,976
106,113,198,102,565,651,976
246,206,232,164,545,651,976
35,56,18,56,479,572,976
10,28,16,46,437,480,976
440,209,575,246,629,727,976
521,161,613,176,623,735,976
551,329,596,359,601,721,977
441,228,375,194,552,640,977
82,103,14,96,466,507,977
501,255,534,247,618,724,977
67,89,118,168,515,585,977
213,194,190,178,538,641,977
138,138,176,175,524,613,977
56,45,94,78,496,575,977
21,27,113,100,468,545,978
182,186,159,179,498,577,978
108,101,204,193,538,622,978
49,41,205,120,521,632,978
10,28,56,137,461,489,978
19,43,40,78,474,592,978
114,103,169,107,504,582,978
396,240,462,234,601,710,978
109,102,108,91,521,589,978
102,73,78,87,516,614,978
73,62,53,90,507,590,978
732,591,679,478,626,746,978
43,67,54,78,476,544,978
12,25,69,58,488,567,978
85,90,84,71,503,574,978
23,47,34,79,455,513,978
82,86,116,118,503,570,979
526,289,592,349,597,696,979
268,199,225,254,543,642,979
80,37,128,62,521,587,979
188,109,207,140,537,618,979
268,256,119,200,526,614,979
397,381,209,243,537,632,979
7,26,26,70,461,535,979
70,58,65,113,493,562,979
27,26,28,32,474,530,979
254,98,293,124,572,670,979
76,75,47,64,485,545,979
53,45,115,89,508,585,980
68,65,198,112,514,603,980
106,108,194,159,519,616,980
83,102,56,89,485,572,980
27,26,114,93,505,597,980
8,23,37,48,456,507,980
302,200,595,379,597,716,980
60,75,66,92,476,553,980
41,64,72,110,456,523,980
174,138,299,154,560,663,980
15,20,78,81,484,554,980
242,189,438,320,595,704,980
11,27,121,122,472,539,980
852,404,660,311,618,735,980
2,23,50,99,439,526,980
80,79,166,195,517,607,980
125,118,102,72,521,611,980
62,59,119,105,492,580,980
97,98,62,98,492,557,980
207,174,224,188,542,638,980
319,207,195,156,563,661,980
44,59,43,85,473,540,981
241,149,347,266,575,679,981
200,145,216,126,545,645,981
95,63,139,87,517,613,981
18,28,14,58,452,500,981
95,96,40,80,516,604,981
229,225,285,276,538,639,981
66,84,246,150,519,590,981
218,116,246,103,565,678,981
182,164,112,170,567,643,981
50,66,212,194,510,596,982
19,30,94,113,455,514,982
57,84,53,113,472,520,982
3,22,67,68,467,568,982
306,181,180,208,570,676,982
524,389,666,421,636,751,982
52,63,180,93,511,598,982
34,65,27,56,479,551,982
130,146,204,203,505,601,982
48,80,41,116,473,538,982
116,75,180,125,525,620,982
5,30,24,67,467,513,982
160,190,205,222,513,609,982
151,120,51,69,501,566,982
127,104,235,160,526,624,982
45,59,101,109,500,585,982
273,262,205,266,540,653,982
17,33,21,94,440,528,982
19,46,31,76,478,531,983
64,83,136,110,494,569,983
230,139,305,196,562,670,983
1,21,21,34,414,421,983
219,93,245,109,576,664,983
80,107,123,174,484,548,983
243,182,249,190,554,650,983
122,103,131,122,533,605,983
448,244,281,156,572,663,983
13,23,71,54,486,575,983
124,67,221,132,555,654,983
66,84,53,144,469,584,983
231,216,146,163,532,613,983
196,168,177,154,508,596,984
185,154,252,198,546,643,984
331,303,284,336,567,672,984
38,27,23,60,484,568,984
21,29,176,112,475,569,984
163,152,404,315,555,657,984
46,70,76,130,495,575,984
102,82,222,170,541,641,984
85,101,110,61,505,578,984
78,83,194,123,514,589,984
20,36,164,124,505,589,984
154,134,295,244,556,674,984
87,106,111,119,502,565,984
274,302,133,171,531,616,984
111,143,93,151,458,510,984
59,74,126,91,498,578,985
39,58,54,99,477,559,985
37,50,34,63,475,513,985
103,49,164,108,547,645,985
40,46,25,61,465,509,985
27,46,42,81,452,486,985
55,45,48,71,499,561,985
63,68,51,73,457,495,985
17,28,23,60,449,474,985
315,207,270,200,547,642,985
30,50,64,112,474,539,985
142,153,89,108,519,608,985
175,131,367,189,569,679,986
82,106,113,151,489,559,986
58,51,117,104,489,565,986
126,128,146,128,532,635,986
64,72,144,83,510,613,986
3,29,23,89,420,474,986
102,106,121,134,495,584,986
91,101,73,108,512,603,986
31,53,98,90,496,573,986
197,118,296,142,568,674,986
30,45,53,53,477,562,986
33,44,125,92,516,598,986
223,123,542,188,595,697,986
184,102,353,241,550,642,986
70,73,52,68,508,593,987
15,26,47,80,484,562,987
31,47,34,82,450,472,987
202,155,313,176,547,650,987
84,95,49,81,481,536,987
39,42,170,125,507,606,987
11,28,16,73,438,491,987
100,120,50,80,497,572,987
176,182,114,131,508,603,987
265,185,329,220,571,676,987
130,73,199,101,543,631,987
53,58,89,73,460,545,987
413,216,658,350,600,724,988
173,194,254,190,534,634,988
68,95,106,164,493,569,988
26,46,32,30,489,553,988
55,75,116,171,514,615,988
41,69,54,122,475,524,988
26,33,131,133,514,600,988
355,216,422,178,582,689,988
187,179,259,214,528,626,988
485,294,857,324,638,753,988
240,223,321,315,577,690,988
200,200,359,258,560,656,988
133,104,230,120,532,634,988
0,23,14,41,422,505,988
43,72,22,81,455,516,988
338,313,396,352,574,667,988
223,235,311,325,579,693,988
572,306,577,247,616,727,988
81,85,204,179,554,634,988
500,443,386,335,581,682,988
91,106,158,176,495,559,988
33,38,89,96,498,559,988
41,55,175,131,502,545,988
119,138,77,118,502,597,989
26,26,95,127,462,549,989
100,100,138,151,506,603,989
114,91,104,112,511,584,989
53,69,165,183,512,599,989
61,67,163,90,515,585,989
86,92,72,86,490,566,989
89,84,89,144,505,596,989
384,370,437,395,571,669,989
314,287,256,190,547,643,989
560,224,522,172,632,738,989
9,25,33,94,447,479,989
101,83,193,96,524,617,990
14,29,30,80,473,527,990
116,111,172,197,514,595,990
22,30,31,89,438,449,990
165,123,146,156,533,624,990
67,50,29,52,487,517,990
5,28,24,48,458,510,990
298,171,361,218,577,679,990
424,200,384,246,595,699,990
141,146,44,80,488,560,990
302,280,210,240,525,613,990
218,197,140,162,513,579,990
163,164,81,121,498,574,990
130,132,141,142,520,604,990
417,296,527,376,579,700,991
212,169,228,217,552,645,991
88,70,99,122,511,570,991
114,59,93,55,524,615,991
816,286,935,268,671,783,991
16,22,50,74,480,551,991
30,49,20,65,443,456,991
106,78,67,89,488,554,991
661,283,586,289,635,747,991
58,69,69,103,482,556,991
20,24,157,85,504,570,991
4,22,73,81,461,538,991
160,177,63,144,514,596,991
612,186,616,223,640,751,991
77,87,61,85,493,546,991
23,29,50,87,460,529,991
4,21,16,53,463,507,991
40,43,90,52,504,577,991
249,166,235,187,550,655,992
131,92,60,43,519,588,992
270,275,141,206,530,610,992
946,591,679,428,664,780,992
163,171,151,192,522,616,993
104,96,169,163,504,588,993
95,49,45,48,523,598,993
2,21,48,86,456,502,993
11,28,133,130,494,582,993
105,89,138,97,532,621,993
636,489,456,306,613,731,993
34,41,126,100,501,592,993
15,22,58,99,460,495,993
93,79,170,160,529,609,993
43,40,114,91,502,584,993
103,72,55,66,529,618,993
33,31,34,53,459,534,993
20,35,102,102,469,500,993
424,405,344,320,550,639,993
113,112,137,124,511,604,993
151,117,148,136,526,625,994
105,124,55,66,487,557,994
134,123,139,130,526,624,994
381,316,563,467,588,702,995
168,101,188,122,525,612,995
30,45,143,167,476,575,995
8,29,27,58,452,488,995
498,347,404,241,595,697,995
372,243,287,212,575,676,995
30,32,66,89,478,522,995
68,64,36,96,492,545,995
167,119,190,111,529,615,995
194,196,131,196,531,595,996
47,37,110,137,493,573,996
239,113,188,123,545,629,996
39,64,66,93,486,546,996
17,43,41,100,430,497,996
176,128,87,70,539,637,996
313,215,316,197,576,677,996
22,35,90,116,481,551,996
164,190,111,169,504,593,997
335,187,299,172,559,662,997
721,292,670,233,634,753,997
464,221,419,201,608,717,997
87,76,22,48,464,542,997
65,60,96,95,500,587,997
919,259,782,181,668,770,997
425,180,361,127,603,707,997
613,267,617,238,628,737,997
325,259,489,363,589,698,998
49,37,78,77,498,574,998
38,54,66,104,478,540,998
25,25,144,96,495,580,998
157,115,170,109,528,627,998
134,149,62,101,503,592,998
90,110,56,86,509,571,998
17,28,192,141,512,617,998
40,47,122,123,511,620,998
41,66,53,119,486,564,998
263,152,581,259,602,710,998
41,53,104,84,518,615,998
55,55,150,92,505,584,999
450,327,445,252,603,717,999
131,85,221,179,555,658,999
97,87,154,164,514,615,999
150,94,304,183,544,639,999
160,172,117,192,495,568,999
633,207,835,275,643,755,999
17,24,47,76,448,509,999
727,249,838,222,649,764,999
23,27,36,66,476,569,1000
103,94,147,132,507,591,1000
11,22,44,49,438,493,1000
76,76,92,138,512,607,1000
4,25,67,112,451,528,1000
57,47,120,81,507,611,1000
44,62,37,84,467,541,1000
590,184,763,325,636,750,1000
75,92,93,75,520,605,1000
36,51,61,92,495,588,1000
288,175,482,210,581,696,1000
264,259,272,264,557,678,1000
15,32,100,84,469,555,1000
209,216,218,267,534,621,1000
191,116,446,278,614,738,1000
324,202,596,321,607,710,1000
84,113,75,145,461,512,1000
189,113,276,147,546,644,1000
9,20,42,83,442,539,1000
11,22,129,83,474,567,1001
137,152,105,133,514,588,1001
111,123,54,86,499,613,1001
451,221,442,257,574,671,1001
286,255,240,227,546,642,1001
38,39,53,85,483,557,1001
23,43,14,81,443,449,1001
218,130,187,179,529,606,1001
26,32,85,113,484,547,1001
245,185,270,191,567,670,1001
82,77,200,187,502,569,1001
232,187,361,254,548,646,1001
419,160,542,223,612,720,1002
36,40,40,59,466,537,1002
341,203,276,161,586,686,1002
284,229,249,165,557,664,1002
122,79,272,160,529,630,1002
118,69,226,110,531,630,1002
152,140,183,175,550,631,1002
282,260,273,243,535,645,1003
8,35,30,76,451,487,1003
95,95,138,99,508,602,1003
95,104,86,75,501,548,1003
83,57,76,88,515,594,1003
690,346,618,378,634,748,1003
36,47,145,129,493,570,1003
602,547,414,413,601,715,1003
346,228,515,333,595,704,1003
79,74,73,93,486,571,1004
76,69,64,104,502,567,1004
650,592,528,517,599,716,1004
26,44,37,55,480,570,1004
145,80,54,80,541,620,1004
158,117,113,112,550,652,1004
59,76,58,75,493,589,1004
30,59,44,110,457,527,1004
117,105,168,170,508,588,1004
162,127,151,125,544,649,1004
209,241,172,251,501,583,1004
212,210,199,182,519,603,1004
55,47,150,85,537,639,1005
57,34,150,76,509,600,1005
268,266,341,311,560,674,1005
116,118,24,92,497,547,1005
54,63,116,117,529,618,1005
693,304,620,299,620,735,1005
375,307,583,494,614,726,1005
192,181,305,225,559,658,1005
21,42,73,64,478,555,1005
160,145,152,187,524,617,1005
75,72,189,144,506,592,1005
404,316,325,231,577,676,1006
360,207,275,223,549,638,1006
362,200,331,168,583,688,1006
276,157,198,132,562,667,1006
597,278,542,244,614,714,1006
226,181,175,183,550,638,1006
15,32,106,146,482,586,1006
33,31,61,81,477,513,1006
75,88,19,86,464,532,1006
656,459,644,405,644,763,1006
136,122,292,166,550,645,1006
125,122,288,232,545,655,1006
25,40,68,84,493,583,1006
84,102,64,67,488,565,1006
59,70,156,126,523,622,1006
65,55,159,77,528,629,1006
34,44,94,104,498,605,1006
12,35,25,86,432,455,1006
5,21,24,68,447,539,1006
272,227,259,233,548,647,1007
47,70,70,87,486,560,1007
72,81,216,141,517,624,1007
90,115,211,221,511,585,1007
2,25,67,81,466,506,1007
158,94,325,198,568,675,1007
71,63,79,75,509,583,1007
139,110,40,65,486,564,1007
506,380,587,467,629,751,1007
314,262,300,265,555,663,1007
118,94,252,228,528,603,1007
15,29,45,65,452,467,1007
336,257,610,425,608,718,1007
104,72,129,131,509,584,1007
301,131,302,203,588,689,1007
348,142,360,160,581,661,1007
90,82,102,109,496,593,1007
118,74,97,81,532,609,1008
183,68,381,164,572,661,1008
137,100,189,102,526,612,1008
76,30,157,89,534,613,1008
26,28,100,76,481,560,1008
100,102,139,93,518,596,1009
70,63,110,124,501,605,1009
61,79,176,179,528,617,1009
55,51,169,126,512,600,1009
108,84,163,146,511,599,1009
226,100,245,91,574,673,1009
360,252,519,286,621,753,1009
286,176,239,147,585,700,1009
514,323,531,271,586,699,1009
304,260,394,313,570,674,1009
53,52,30,75,463,525,1010
154,124,107,105,532,621,1010
102,71,156,120,514,608,1010
43,53,67,112,491,567,1010
7,28,26,84,438,486,1010
12,39,123,162,469,542,1011
188,159,92,96,523,621,1011
12,36,67,112,489,542,1011
27,20,113,133,523,653,1011
254,266,247,306,546,657,1011
85,114,20,72,487,563,1011
56,62,132,123,489,578,1011
41,58,47,64,494,562,1011
18,25,96,72,446,492,1011
90,98,113,123,517,607,1011
12,32,27,41,457,523,1011
460,207,396,134,618,731,1011
501,421,466,395,614,729,1011
171,133,474,213,580,687,1011
393,195,406,179,598,713,1011
99,46,142,115,551,643,1011
452,231,465,200,596,698,1011
378,277,460,346,581,697,1011
556,526,504,372,602,710,1011
426,361,584,499,596,707,1011
337,333,316,300,574,679,1011
388,192,406,207,602,725,1011
197,179,172,198,555,655,1011
34,60,20,94,451,523,1011
139,134,106,111,517,615,1011
39,60,46,115,463,539,1011
618,540,373,373,600,717,1011
702,487,821,538,650,770,1011
29,37,53,60,466,536,1011
68,60,140,78,521,610,1011
12,26,14,53,439,428,1012
75,82,153,128,501,590,1012
283,135,269,154,550,658,1012
271,194,170,185,550,647,1012
62,43,174,114,504,579,1012
58,83,16,97,437,498,1012
50,59,58,54,478,553,1012
46,67,65,126,482,557,1012
62,82,95,153,473,552,1012
312,295,263,289,537,635,1012
166,115,146,93,515,623,1012
15,39,68,144,439,490,1012
289,172,307,216,539,637,1012
273,273,183,206,544,649,1012
64,56,269,182,528,632,1013
256,233,181,150,558,660,1013
56,53,138,85,497,575,1013
94,54,109,60,534,617,1013
84,89,170,165,491,571,1013
330,280,463,306,584,694,1013
492,376,349,307,591,707,1013
307,242,366,282,554,671,1013
65,62,26,73,533,638,1013
74,71,128,123,496,587,1013
154,166,125,179,495,589,1013
165,161,35,95,487,560,1013
115,113,53,123,507,590,1014
301,308,192,235,512,589,1014
54,58,26,74,467,546,1014
70,68,97,88,470,525,1014
84,41,121,78,536,618,1014
149,97,92,91,513,603,1014
374,216,233,209,544,635,1014
35,44,40,90,488,571,1014
25,29,81,68,453,511,1014
73,62,61,90,494,554,1014
23,35,41,66,461,513,1014
87,94,46,92,496,576,1014
158,168,109,185,515,595,1014
343,334,456,442,561,685,1014
6,25,85,81,463,504,1014
209,205,144,175,521,601,1014
76,68,136,121,518,621,1015
11,31,131,137,483,545,1015
312,136,399,146,570,669,1015
4,23,39,48,444,506,1015
156,112,188,155,555,664,1015
70,68,212,115,545,665,1015
73,79,106,106,507,627,1015
282,122,515,209,600,716,1015
20,30,56,105,468,563,1015
180,169,462,435,552,669,1015
1,20,68,95,461,549,1015
707,518,892,616,653,778,1015
571,272,453,159,610,717,1015
90,70,256,163,526,626,1015
116,132,54,94,482,570,1015
143,159,210,272,509,616,1015
200,100,384,209,577,681,1015
37,36,109,88,456,538,1015
276,226,127,87,546,616,1016
189,165,238,195,540,649,1016
14,36,13,76,449,498,1016
17,33,45,70,450,497,1016
80,81,15,95,444,529,1016
143,111,257,163,530,591,1016
36,33,95,96,486,549,1016
68,83,119,114,508,589,1016
92,106,127,164,510,612,1016
25,31,91,88,472,546,1016
68,73,155,155,503,606,1016
42,46,55,61,487,572,1016
382,164,463,156,601,705,1016
109,111,203,167,490,567,1016
80,90,120,148,532,668,1016
8,34,75,108,483,552,1017
38,38,120,113,490,566,1017
0,20,15,47,445,500,1017
45,55,141,87,508,593,1017
23,42,108,71,482,577,1017
15,35,45,105,453,549,1017
184,106,223,117,530,626,1017
118,118,116,150,519,615,1017
46,32,106,80,515,619,1017
353,212,474,253,601,705,1017
199,137,408,223,565,690,1017
2,23,16,48,442,473,1017
70,95,77,143,494,570,1017
6,23,31,32,465,554,1017
10,29,137,156,480,570,1017
42,51,30,66,478,550,1017
73,84,135,141,492,566,1017
98,110,183,131,511,625,1017
334,324,271,298,532,639,1017
644,445,738,500,625,748,1017
335,273,303,298,576,671,1017
32,42,72,60,466,546,1018
268,201,271,155,556,649,1018
97,71,172,154,526,625,1018
181,103,153,120,541,639,1018
35,47,19,59,454,504,1018
197,195,220,195,522,620,1018
33,43,15,28,485,549,1018
96,87,36,61,483,545,1018
129,122,255,252,511,616,1018
28,32,67,63,479,551,1018
109,93,181,116,560,631,1018
107,126,114,148,490,586,1018
129,73,138,102,524,603,1019
483,202,642,238,618,727,1019
139,102,137,87,533,635,1019
32,56,18,73,434,547,1019
20,47,31,72,435,497,1019
84,55,247,133,537,636,1019
61,92,13,77,479,557,1019
177,186,382,396,553,673,1019
40,61,40,77,466,549,1019
35,51,163,82,502,600,1019
113,95,224,156,530,623,1019
165,160,263,228,526,624,1019
80,62,117,52,509,594,1019
695,349,875,227,660,782,1019
246,123,416,298,572,667,1019
186,116,131,106,547,633,1020
272,235,206,147,576,687,1020
26,39,48,109,458,537,1020
194,159,377,303,546,648,1020
77,78,127,167,493,592,1020
242,142,336,143,592,693,1020
300,217,314,201,571,674,1020
199,136,253,162,546,646,1020
364,313,546,510,615,738,1020
119,135,61,145,470,515,1021
950,303,917,349,663,778,1021
80,92,99,99,491,553,1021
345,317,216,213,538,643,1021
35,45,164,115,488,573,1021
422,412,256,193,573,679,1021
351,300,243,314,557,656,1021
115,124,172,136,524,609,1021
143,136,311,203,552,657,1021
127,94,227,179,555,669,1021
25,37,66,61,496,589,1021
272,239,499,418,578,693,1021
25,37,139,153,481,595,1021
28,58,72,62,477,560,1021
38,36,141,85,509,597,1021
40,50,29,130,532,580,1021
23,40,32,63,462,526,1021
118,107,247,207,550,648,1021
192,90,255,194,584,680,1021
488,248,566,199,610,721,1021
19,29,108,83,475,568,1022
410,275,409,230,593,694,1022
545,264,663,266,620,738,1022
335,207,313,255,583,691,1022
33,39,153,133,493,594,1022
154,116,129,98,554,641,1022
836,609,691,475,615,737,1022
14,21,50,63,458,530,1022
122,112,270,232,516,573,1022
175,132,279,184,551,671,1022
18,36,61,89,460,549,1022
44,72,59,133,456,536,1022
183,134,176,71,551,639,1022
217,184,74,162,514,599,1022
181,147,360,297,558,676,1023
48,63,140,107,493,564,1023
113,126,265,243,535,635,1023
477,381,548,478,609,726,1023
632,442,586,454,623,735,1023
206,202,323,254,561,674,1023
0,22,75,101,480,575,1023
27,59,20,56,448,547,1023
478,261,524,285,605,713,1023
83,78,130,124,523,620,1023
166,173,238,206,535,648,1023
80,55,173,88,498,590,1023
48,73,41,79,469,536,1023
20,41,114,134,491,589,1023
441,338,514,444,593,700,1023
600,341,431,194,601,705,1023
15,23,29,92,452,559,1023
45,51,146,102,517,579,1023
30,39,194,125,506,579,1023
19,40,15,50,474,540,1023
46,47,116,100,496,597,1023
143,170,110,174,459,513,1023
316,225,339,277,549,656,1023
233,160,229,145,552,656,1023
430,307,475,296,604,712,1023
28,30,46,86,477,546,1023
93,62,91,76,504,589,1023
153,148,150,122,548,647,1023
251,216,455,372,585,697,1023
366,183,384,202,596,703,1023
159,160,94,103,511,583,1023
