"FSC-A","FSC-H","SSC-A","SSC-H","530_30-Blue-A","582_15-Yellow-A","Time"
65,36,180,124,529,628,0
23,21,33,28,394,476,0
39,30,79,71,465,565,0
23,23,34,40,408,493,0
45,33,97,82,488,579,0
64,32,149,84,507,597,0
30,21,43,28,434,531,0
42,28,104,78,485,571,0
74,32,313,159,568,663,0
37,23,94,66,492,589,0
104,41,276,96,582,672,0
59,36,125,67,508,587,0
56,39,139,105,514,614,0
52,29,149,85,515,612,0
32,24,90,72,460,563,0
90,52,232,150,557,653,0
26,21,41,36,417,512,0
77,40,263,175,576,672,0
91,41,184,74,536,637,0
112,57,323,197,597,694,0
70,46,198,146,548,646,0
98,51,346,193,587,686,1
69,38,182,109,525,610,1
120,45,421,201,618,717,1
51,34,75,48,466,560,1
120,57,414,248,624,716,1
47,31,107,78,498,591,1
371,95,841,276,690,786,1
136,40,721,335,714,822,1
115,58,329,211,604,694,1
382,130,996,338,796,896,1
104,60,353,238,603,703,1
24,21,65,52,412,512,1
185,67,649,244,661,758,1
202,77,671,342,703,796,1
98,41,306,115,593,690,1
304,83,786,286,714,817,1
25,20,43,41,400,505,1
174,84,602,244,638,733,1
309,88,891,379,786,886,1
28,24,51,51,409,499,1
33,26,71,61,428,522,1
33,31,54,44,418,519,1
43,30,133,112,505,591,1
53,28,175,112,524,609,1
26,26,43,44,391,475,1
44,29,62,45,448,540,1
23,20,35,35,415,490,1
33,26,48,38,407,507,1
40,24,59,37,433,528,1
32,22,66,54,445,541,1
18,22,21,31,331,427,2
29,23,40,35,418,515,2
33,21,70,53,460,554,2
152,59,454,243,635,730,2
28,22,58,44,412,508,2
33,26,53,45,441,530,2
50,37,112,87,482,586,2
24,21,33,27,365,461,2
33,23,98,78,453,547,2
61,39,96,65,480,573,2
31,25,64,56,440,537,2
37,28,77,60,447,548,2
34,21,113,80,483,581,2
29,26,38,34,402,505,2
59,30,191,89,532,624,2
26,21,67,59,436,536,3
42,28,103,81,491,589,3
125,54,266,118,575,675,3
36,25,125,87,507,601,3
39,24,149,97,488,585,3
52,30,115,74,497,590,3
36,25,67,49,442,554,3
64,30,102,56,485,578,3
61,41,182,135,529,629,3
21,22,28,29,365,461,3
43,29,88,69,478,576,3
69,39,169,116,525,622,3
37,28,54,59,443,546,3
26,21,77,69,463,555,3
28,25,39,37,392,487,3
42,26,88,63,462,552,3
72,50,134,82,512,601,3
62,39,211,150,552,653,3
41,21,181,111,534,625,3
37,29,98,90,479,575,3
112,68,298,200,579,687,3
95,47,336,216,588,688,3
42,24,75,42,424,513,3
251,91,719,268,739,840,3
32,21,59,42,432,543,3
25,22,44,42,410,513,3
29,25,48,46,395,512,4
23,20,28,29,397,487,4
38,30,90,69,461,554,4
38,26,56,46,432,528,4
36,31,37,32,415,520,4
26,20,63,55,446,542,4
47,25,63,38,452,545,4
40,28,54,48,458,556,4
64,41,95,66,486,589,4
33,20,75,53,451,556,4
32,22,97,77,468,578,4
51,21,102,54,470,581,4
48,39,103,88,469,561,4
25,21,45,36,407,484,4
36,28,60,53,431,545,4
46,29,94,56,469,570,4
38,25,78,54,450,539,4
27,24,43,38,400,496,4
50,32,143,85,519,619,4
31,24,38,31,401,511,4
59,35,127,79,514,620,4
26,23,53,46,405,517,5
41,24,62,34,457,546,5
34,27,61,45,442,533,5
51,32,105,75,484,586,5
78,28,204,87,547,645,5
26,20,51,42,387,490,5
33,22,95,72,458,555,5
45,33,95,80,488,579,5
25,23,28,29,387,472,5
55,42,47,42,443,540,5
28,26,76,80,442,543,5
26,20,56,40,411,519,5
28,22,61,52,430,521,5
51,35,111,74,494,583,5
50,33,113,96,517,608,5
40,34,61,60,443,551,5
57,37,162,127,519,621,5
38,29,119,90,492,581,5
32,25,66,61,442,538,5
50,34,119,91,495,596,5
59,35,203,126,529,626,5
26,21,54,41,422,521,6
69,46,199,131,529,615,6
29,22,46,42,435,522,6
50,28,119,71,483,580,6
23,21,48,49,436,536,6
88,40,459,252,625,724,6
61,38,114,71,484,576,6
25,21,43,39,416,518,6
53,31,117,67,489,584,6
35,34,49,59,431,526,6
133,64,424,239,620,718,6
19,20,19,22,343,458,6
39,29,54,42,427,534,6
27,24,53,58,401,491,6
149,40,798,291,695,787,6
67,39,208,146,553,646,6
40,21,156,93,534,629,6
37,25,92,79,456,556,6
85,60,212,166,548,645,6
131,54,526,225,640,733,6
25,20,22,19,355,493,6
37,37,65,67,435,532,6
52,28,96,53,477,574,6
42,32,54,46,452,546,6
31,31,40,43,402,510,6
87,45,225,123,551,651,6
50,31,102,75,465,576,6
28,20,43,38,416,501,6
33,25,89,74,463,560,6
23,21,25,26,364,461,6
27,22,64,54,436,541,7
60,41,160,115,508,610,7
21,21,36,33,351,439,7
51,41,126,86,488,582,7
39,21,83,48,466,542,7
39,22,77,47,450,546,7
73,32,157,76,530,623,7
23,21,15,16,368,470,7
38,21,211,116,531,630,7
35,30,81,77,440,522,7
40,30,103,69,471,576,7
39,33,54,55,436,539,7
33,26,57,45,419,507,7
40,26,127,97,493,598,7
31,21,91,71,464,554,7
17,20,33,39,346,435,7
56,45,110,100,493,588,7
32,21,76,52,453,552,7
24,22,45,49,397,504,7
22,22,54,52,384,486,7
43,26,94,55,470,559,7
34,26,69,55,449,556,7
20,21,23,24,371,489,7
39,32,54,42,418,506,7
21,20,33,39,384,488,7
30,20,62,46,442,532,7
78,53,175,120,535,636,7
18,21,16,26,321,409,7
68,42,108,71,486,588,7
40,25,94,71,462,552,7
110,62,331,212,589,693,7
29,20,44,27,415,517,8
46,25,93,60,480,596,8
22,24,20,31,365,471,8
34,27,83,66,472,560,8
33,23,39,25,397,489,8
35,29,55,47,453,545,8
144,60,550,267,652,752,8
32,25,69,58,442,523,8
53,37,140,113,517,626,8
119,60,510,323,648,742,8
110,59,400,262,640,737,8
76,50,296,182,597,695,8
50,28,109,64,496,585,8
76,54,189,142,522,616,8
28,21,47,34,410,508,8
42,24,83,39,461,562,8
40,26,70,52,425,549,8
27,29,25,34,313,477,8
73,46,257,189,562,668,8
102,52,403,219,631,727,8
44,26,304,178,565,681,8
71,33,188,92,540,646,8
127,62,249,129,567,678,8
88,59,271,196,577,679,8
279,78,797,293,699,794,8
158,81,428,200,615,713,8
464,101,990,261,743,837,8
221,44,929,336,692,790,8
122,60,370,170,600,695,8
32,20,172,126,493,589,8
39,24,67,48,424,547,8
81,56,124,85,513,618,8
128,54,371,171,600,700,8
32,23,105,87,463,566,8
133,78,404,272,625,718,8
36,24,66,40,420,527,8
120,58,263,113,561,662,8
41,30,53,34,403,523,8
55,32,107,61,497,588,9
65,35,213,127,536,635,9
40,22,63,38,402,528,9
65,48,123,84,496,596,9
22,21,15,19,351,446,9
31,22,76,53,427,531,9
28,20,29,28,387,488,9
51,34,131,87,486,587,10
21,20,51,47,379,470,10
36,20,52,25,419,478,10
30,22,70,55,443,541,10
48,41,68,61,455,560,10
28,30,43,48,404,460,10
26,23,55,53,436,532,10
23,22,45,44,400,503,10
28,24,53,51,415,524,10
29,21,47,32,448,547,10
25,20,31,30,410,484,10
25,21,44,27,409,453,10
46,22,119,83,501,590,10
71,42,177,138,554,652,10
28,20,44,36,402,502,11
26,25,51,50,432,521,11
53,32,86,40,465,551,11
48,27,72,45,468,561,11
46,31,165,122,518,612,11
31,26,32,27,422,522,11
43,28,128,103,519,614,11
23,22,35,39,365,484,11
31,21,62,53,432,544,11
29,21,80,63,447,548,11
73,49,162,127,527,625,11
61,37,136,105,518,617,12
24,22,31,27,367,458,12
46,30,110,79,493,590,12
28,21,79,57,455,523,12
31,23,53,44,424,541,12
26,21,32,27,392,489,12
25,25,47,47,398,510,12
38,30,63,50,437,536,12
60,37,124,74,497,598,12
31,21,62,47,432,533,12
59,41,149,88,516,616,12
50,31,104,61,487,579,12
72,35,199,125,548,641,12
66,22,154,60,509,612,12
34,23,41,28,404,493,12
24,25,33,38,388,459,12
65,45,127,98,505,598,12
48,31,130,98,503,595,12
38,28,95,84,476,565,12
26,22,53,48,427,528,12
38,27,91,67,479,578,12
37,24,115,85,489,589,12
29,25,57,57,447,548,12
86,44,333,191,599,693,12
66,39,155,109,520,621,12
95,49,221,144,552,652,12
44,39,55,47,435,533,13
43,28,87,66,479,583,13
43,24,93,54,459,560,13
33,24,114,92,481,581,13
31,20,85,54,480,579,13
39,32,78,62,459,558,13
72,34,155,92,526,625,13
48,29,156,106,528,625,13
44,35,109,79,486,589,13
56,36,88,63,468,574,13
30,22,87,72,445,556,13
42,30,73,58,453,553,13
25,20,36,30,397,486,13
44,26,122,80,488,586,13
37,30,56,45,438,537,13
32,27,97,87,454,552,13
34,27,48,34,419,514,13
31,26,43,39,388,495,13
48,28,163,105,512,608,13
20,20,39,40,386,479,13
39,24,132,100,508,609,13
48,27,111,59,488,585,13
47,25,94,52,468,568,13
69,46,153,98,520,618,13
80,60,143,109,529,630,13
54,37,124,84,509,612,13
37,31,76,68,461,552,13
83,30,154,58,512,611,13
26,22,41,39,400,503,13
63,31,239,148,553,640,13
62,40,118,78,510,600,13
71,36,318,205,584,683,13
39,24,95,79,476,577,13
32,29,80,73,418,521,13
89,49,188,95,539,636,13
24,21,48,45,406,511,13
63,40,136,80,508,603,14
50,33,117,85,492,590,14
45,28,162,114,523,618,14
62,41,191,125,541,637,14
55,36,122,91,502,594,14
26,23,75,72,451,534,14
85,45,336,192,610,710,14
46,30,145,107,507,605,14
36,26,66,50,444,543,14
30,23,63,51,437,544,14
142,32,389,105,604,702,14
335,112,737,295,707,805,14
23,20,49,42,413,518,14
198,74,670,326,707,802,14
81,51,244,178,558,657,14
29,22,63,53,421,522,14
84,43,377,219,590,691,14
86,41,262,169,585,683,14
110,55,327,179,592,692,14
63,39,126,83,512,607,14
630,136,965,299,767,866,14
30,21,63,44,445,539,14
43,27,179,113,529,625,14
68,31,112,47,488,591,14
23,24,45,48,412,524,14
83,48,225,140,568,663,14
41,26,102,77,488,587,14
51,29,174,126,510,607,14
165,54,677,293,691,787,14
49,40,115,97,473,582,14
84,51,197,142,530,627,14
71,39,127,75,501,593,14
49,32,147,108,518,620,14
21,20,49,49,376,490,14
46,36,113,84,488,589,14
77,56,190,130,526,621,14
86,37,274,151,587,683,14
113,59,356,236,593,685,14
316,119,724,287,712,809,14
28,23,62,57,448,544,14
28,24,45,42,422,503,14
135,65,414,226,622,720,14
117,50,684,333,680,784,14
27,22,61,59,449,544,14
206,70,693,288,676,778,14
31,24,56,52,438,531,14
47,24,112,67,495,585,14
34,22,80,61,445,533,14
28,22,38,36,406,513,14
40,25,113,89,472,571,15
46,23,84,52,466,568,15
61,39,144,99,510,605,15
57,36,123,94,517,619,15
32,24,114,83,469,568,15
33,28,98,76,455,568,15
47,23,88,47,468,566,15
44,32,68,55,429,528,15
33,24,62,45,427,541,15
33,20,131,87,496,592,15
26,22,102,80,457,557,15
37,25,91,63,473,578,15
29,23,58,50,425,526,15
38,25,129,97,493,591,15
80,36,147,71,527,627,15
31,23,78,62,476,572,15
102,46,328,141,606,705,15
55,34,195,152,550,648,15
54,38,157,116,511,608,15
468,114,895,334,728,822,15
39,33,59,55,428,513,15
138,39,604,190,676,775,15
237,75,751,367,719,815,15
47,37,105,90,479,570,15
115,55,430,196,614,712,15
654,165,994,304,760,866,15
31,21,61,38,455,531,15
40,30,99,87,476,577,15
68,35,162,85,527,628,15
36,25,58,35,424,526,15
54,27,249,155,550,646,15
237,82,639,224,661,754,15
94,34,382,156,591,690,15
71,49,162,123,536,632,16
52,30,120,76,517,611,16
23,21,27,23,369,459,16
26,23,41,41,380,496,16
22,20,35,33,393,471,16
53,35,159,121,526,620,16
21,22,15,22,322,411,17
31,25,90,80,460,555,17
33,24,60,53,441,545,17
57,43,132,103,499,596,17
29,22,48,37,431,533,17
102,41,203,105,544,645,17
29,22,80,64,456,548,17
46,30,91,66,474,567,17
23,23,40,45,391,499,18
23,22,39,39,404,515,18
69,40,225,140,559,655,18
54,35,144,91,503,598,18
31,23,62,44,437,526,18
28,21,63,53,432,534,18
33,28,55,49,433,528,18
22,21,31,28,371,470,18
32,26,55,47,436,533,18
32,28,67,50,439,537,18
22,21,15,17,381,474,19
23,20,48,41,396,503,19
24,21,26,22,355,471,19
32,23,39,38,421,536,19
37,22,165,114,524,619,19
35,32,73,64,421,532,19
26,21,43,38,406,516,19
50,32,110,79,491,598,19
42,26,146,101,507,608,19
25,21,52,45,401,502,19
26,22,35,26,383,482,19
25,22,52,53,393,501,19
40,26,106,81,477,580,19
24,20,38,36,383,516,19
30,20,70,53,473,567,19
44,24,96,52,460,560,20
26,21,38,37,396,494,20
32,25,72,54,438,552,20
26,22,74,66,424,525,20
22,20,26,27,359,451,20
63,43,129,94,504,603,21
31,22,62,47,458,539,21
65,41,124,86,523,618,21
30,22,51,36,429,506,21
38,29,97,81,471,568,21
46,29,89,60,483,586,21
29,21,82,59,452,531,21
84,40,313,178,577,675,21
34,24,71,54,454,555,21
21,21,47,44,369,465,21
57,40,150,91,520,618,22
35,23,107,70,470,561,22
23,22,38,40,373,484,22
32,24,55,44,418,508,22
30,26,44,40,377,482,22
41,22,112,76,498,596,22
29,21,65,51,432,526,22
38,22,69,45,430,536,22
29,20,54,39,421,513,22
23,22,15,20,362,451,22
48,39,111,98,485,579,22
67,32,268,167,558,658,22
57,28,175,113,530,639,22
66,46,106,76,502,594,22
30,22,85,68,476,570,22
29,20,49,25,413,504,23
36,23,86,63,455,551,23
45,35,84,66,440,548,23
121,60,401,242,615,713,23
21,23,35,41,350,449,23
63,38,165,120,511,619,23
30,26,59,55,428,515,23
38,25,77,41,435,538,23
48,33,125,99,481,584,23
86,49,218,128,569,665,23
63,44,159,127,511,609,23
135,53,694,349,707,806,23
122,59,406,174,612,712,23
59,38,165,115,521,622,23
121,55,407,228,617,713,23
29,26,41,43,402,508,23
40,26,134,99,499,595,23
31,20,94,70,441,543,23
43,29,50,40,433,523,23
78,48,165,110,533,628,23
63,32,193,113,539,637,24
148,67,411,181,606,708,24
35,25,82,55,467,561,24
36,28,47,44,426,512,24
30,22,71,50,432,532,24
152,70,436,233,628,726,24
162,76,388,172,606,702,24
163,80,504,222,634,739,24
31,20,58,48,420,513,24
345,115,801,366,744,844,24
39,21,95,44,462,529,24
33,21,74,54,467,561,24
48,33,116,82,515,610,24
28,26,37,39,409,509,24
33,20,84,63,436,538,24
42,27,87,57,473,563,24
40,22,75,35,438,536,24
62,38,139,96,530,623,24
37,22,62,33,435,505,24
54,22,151,63,511,610,24
28,21,75,48,424,494,24
41,28,80,67,468,562,25
19,20,26,26,308,423,25
30,21,59,49,436,533,25
28,23,38,34,400,483,25
39,29,67,52,469,565,25
48,32,91,68,472,567,25
35,27,74,64,473,569,25
30,24,51,36,412,516,25
30,24,49,37,418,515,25
48,38,114,105,493,592,25
39,23,76,56,454,561,25
27,20,63,40,420,526,26
24,20,45,40,405,503,26
65,31,205,97,545,648,26
28,23,44,26,393,457,26
51,21,441,208,595,696,26
33,26,52,42,418,523,26
51,38,117,89,472,572,26
35,26,78,65,458,550,26
31,25,53,42,432,517,26
30,21,54,42,445,544,26
70,34,202,103,552,647,26
30,20,56,36,421,519,26
36,26,93,64,453,553,26
20,22,18,27,384,464,26
26,20,56,40,410,510,26
70,47,133,92,500,598,26
46,23,218,110,527,627,26
60,38,143,82,522,624,26
28,25,35,35,388,492,26
149,51,407,186,617,710,26
28,26,61,56,425,522,26
72,39,224,147,560,658,26
153,66,555,242,657,753,26
24,22,44,43,409,508,26
133,57,481,202,626,734,26
43,30,71,50,447,549,26
131,73,325,170,598,696,26
184,94,667,353,706,808,26
38,30,70,48,437,535,26
148,67,654,324,693,790,26
154,51,689,349,672,776,26
66,36,169,103,543,633,26
27,21,45,35,414,509,26
42,25,108,83,485,588,27
33,21,76,52,443,544,27
105,52,237,135,552,650,27
112,43,265,101,570,670,27
39,27,68,50,426,520,27
26,20,62,60,436,532,27
24,23,59,60,408,502,27
29,21,52,42,428,521,27
30,23,74,53,447,545,27
49,41,118,107,501,596,27
24,23,35,32,389,480,27
32,25,70,63,449,546,27
59,48,120,97,484,580,27
36,22,106,70,483,581,27
32,26,68,56,454,554,27
38,26,96,64,463,558,27
54,33,158,119,515,608,27
21,20,46,49,404,485,27
56,40,115,85,491,583,27
46,36,117,96,501,595,27
32,27,42,40,424,514,27
25,22,36,33,391,484,27
50,35,95,77,469,568,27
27,24,40,41,417,507,27
33,23,101,79,467,565,28
135,52,380,148,613,711,28
110,55,386,213,618,716,28
38,26,77,57,469,559,28
51,24,488,228,630,735,28
172,79,609,294,653,750,28
83,52,211,104,550,641,28
40,28,112,83,471,558,28
153,53,483,156,627,723,28
41,24,215,141,520,623,28
230,82,777,355,739,836,28
29,21,69,53,430,512,28
26,24,40,38,391,487,28
41,29,63,47,439,536,28
29,20,35,28,405,499,28
27,21,60,48,431,538,28
48,26,194,134,543,638,28
45,32,76,58,472,557,28
25,25,39,40,391,489,28
50,40,116,102,487,588,28
99,36,250,121,560,656,28
49,28,143,97,514,606,28
28,26,38,41,416,514,28
24,24,24,30,382,482,28
171,64,621,328,676,780,28
142,73,521,367,639,735,28
157,56,298,128,585,689,28
19,20,17,22,323,431,28
59,43,122,92,504,602,28
125,61,308,162,662,692,28
45,25,59,31,436,553,28
81,34,506,265,626,720,29
131,74,368,203,598,702,29
63,33,243,133,534,634,29
105,55,358,206,595,693,29
354,129,725,296,713,811,29
196,76,552,232,656,752,29
210,93,451,203,629,726,29
35,28,93,67,461,558,29
22,21,35,31,387,476,29
29,24,55,45,409,503,29
30,20,71,55,465,557,29
45,29,127,91,485,581,29
82,43,242,150,556,651,29
39,26,69,49,446,545,29
41,20,93,54,454,542,29
399,142,697,273,717,810,29
44,32,82,62,454,555,29
26,20,60,42,427,506,29
32,20,82,58,467,568,29
57,33,115,80,496,595,29
28,20,56,39,418,482,29
84,42,317,202,588,681,29
22,21,24,27,362,453,29
37,26,60,32,429,514,29
77,39,171,72,531,629,29
357,102,816,260,688,800,29
23,21,55,45,408,493,29
20,20,33,35,374,475,30
34,30,57,55,417,515,30
34,22,93,63,487,579,30
19,22,19,25,344,447,30
27,23,39,28,420,523,30
34,23,50,29,423,504,30
43,27,68,39,465,549,30
63,41,185,128,538,630,30
22,20,41,39,401,491,30
27,20,39,30,411,502,30
31,23,90,79,447,555,30
35,25,57,44,431,537,30
25,21,45,41,381,480,30
34,25,78,61,457,554,30
34,24,68,54,439,522,31
37,29,69,57,444,544,31
43,24,136,93,486,589,31
36,26,92,81,477,593,31
44,31,153,104,513,612,31
32,27,74,70,428,516,31
33,25,54,41,415,504,31
44,33,75,53,467,581,31
33,26,60,48,439,547,31
24,21,74,61,423,504,31
42,29,93,73,469,578,31
26,22,61,49,432,515,31
30,26,64,59,464,554,31
82,39,250,131,569,663,31
31,28,58,52,417,511,32
26,21,53,44,433,529,32
22,20,28,27,382,459,32
81,44,237,138,540,637,32
59,32,103,50,486,581,32
29,23,47,40,422,512,32
76,28,159,71,516,617,32
32,24,65,49,428,533,32
19,20,24,32,337,457,32
39,20,87,57,476,571,32
27,22,53,48,422,513,32
23,22,29,28,363,465,32
51,39,93,84,491,585,32
36,28,128,107,487,590,32
27,21,53,32,413,510,32
53,41,124,102,495,593,32
35,24,57,41,427,528,32
49,39,109,82,478,571,32
40,26,83,59,448,550,32
38,26,92,76,475,579,32
25,23,25,22,347,479,32
36,21,160,106,508,601,33
35,21,89,53,451,558,33
54,28,126,84,503,616,33
27,23,57,51,421,540,33
31,23,70,59,440,538,33
31,22,78,59,452,538,33
26,23,57,52,408,492,33
21,20,42,38,382,486,33
27,22,40,33,398,489,33
57,37,106,65,479,581,33
62,47,142,118,517,610,33
65,42,178,127,533,632,33
42,32,53,48,450,551,33
41,28,51,41,428,532,33
29,28,52,48,399,496,34
29,21,47,39,404,501,34
29,25,52,45,418,524,34
39,24,79,50,444,515,34
39,24,104,82,463,561,34
31,25,55,42,446,542,34
87,47,304,192,583,681,34
66,51,123,87,491,593,34
32,20,54,40,418,511,34
33,27,47,39,412,530,34
106,52,408,242,615,714,34
51,30,110,68,484,578,34
104,60,267,160,570,669,34
67,45,205,144,535,637,34
25,24,29,27,380,467,34
43,33,73,57,439,535,34
25,20,42,34,384,479,34
35,22,55,31,401,510,34
31,20,84,58,458,546,34
36,22,136,58,510,614,34
28,23,72,67,422,514,34
61,31,119,65,481,578,34
22,20,25,25,372,462,34
22,20,32,25,354,453,34
18,21,23,33,271,423,34
43,28,95,69,467,577,34
44,27,94,74,477,568,35
110,51,250,124,573,668,35
33,24,51,40,458,552,35
73,43,101,71,489,587,35
79,38,246,145,572,669,35
26,23,33,26,394,482,35
54,27,137,81,496,587,35
30,27,52,52,421,517,35
25,21,37,33,382,484,35
44,29,141,107,492,586,35
35,29,67,53,451,553,35
64,36,191,116,543,637,35
158,60,319,104,597,694,35
31,23,104,84,460,565,35
33,20,101,74,481,578,35
36,26,68,46,445,537,35
73,46,226,157,554,651,35
53,34,126,98,510,604,35
42,33,90,74,456,561,35
73,42,190,134,538,641,35
38,28,95,73,481,582,35
49,29,129,97,512,608,35
36,27,74,52,430,537,35
27,23,71,55,431,526,35
44,22,207,103,556,650,35
44,37,82,76,479,572,35
81,53,198,114,544,642,35
121,63,254,153,573,670,35
37,26,109,79,472,572,35
52,27,161,110,503,606,35
152,68,338,146,601,698,35
148,71,595,306,663,760,35
120,40,427,205,608,700,35
23,20,56,57,414,521,35
256,69,821,344,744,841,35
47,28,58,35,447,563,35
72,36,257,149,580,673,35
424,170,755,335,721,833,35
22,20,22,24,315,456,35
36,26,100,85,469,568,36
33,23,95,70,470,570,36
32,21,63,34,443,528,36
63,39,198,140,540,641,36
153,56,450,171,617,714,36
119,57,371,213,604,700,36
124,57,434,209,626,723,36
26,27,46,48,373,487,36
72,41,173,101,522,618,36
47,33,91,66,482,591,36
49,28,102,62,486,591,36
43,29,166,123,512,614,36
47,32,139,101,505,599,36
46,24,95,73,471,580,36
27,21,60,51,435,535,36
86,57,247,192,555,658,36
33,30,51,45,424,517,36
28,23,62,55,420,523,37
68,41,90,58,473,585,37
42,28,115,79,484,579,37
46,31,127,86,503,605,37
46,26,125,90,508,607,37
36,22,96,74,467,565,37
132,48,388,132,605,701,37
36,23,92,63,473,572,37
34,22,81,62,432,538,37
90,41,354,193,607,707,37
83,43,284,183,574,668,37
118,52,451,242,625,724,37
22,20,29,25,340,451,37
48,27,92,63,486,586,37
46,32,96,71,494,588,37
118,50,395,178,610,708,37
32,22,40,30,421,503,37
38,25,62,41,449,542,37
28,22,28,21,404,492,37
34,24,54,43,456,552,37
57,42,136,104,497,593,37
27,21,47,30,406,495,38
35,21,75,54,452,566,38
26,21,68,57,432,529,38
28,27,42,38,397,492,38
20,20,37,40,391,496,38
21,22,34,40,348,453,38
45,29,120,100,507,623,38
33,29,48,42,420,508,38
142,63,322,156,607,705,38
24,21,44,45,409,509,38
79,46,280,176,561,653,38
44,31,83,60,461,557,38
24,24,42,41,396,501,38
63,35,208,127,549,641,38
37,23,46,35,429,522,39
37,27,72,63,446,555,39
39,25,74,59,452,544,39
38,21,76,54,462,558,39
45,32,129,88,489,594,39
25,23,53,46,409,498,39
26,23,46,44,410,510,39
28,20,62,41,444,560,39
41,35,70,64,451,557,39
64,39,271,192,571,671,39
76,27,163,62,518,615,39
31,24,47,28,390,506,39
45,21,70,48,456,570,39
22,20,48,44,374,485,39
40,27,68,49,447,546,39
73,49,243,179,556,650,40
232,67,548,158,646,743,40
52,32,154,107,512,603,40
31,20,50,22,391,513,40
28,24,47,47,409,519,40
76,37,189,112,529,629,40
44,31,149,122,513,608,40
26,23,78,68,427,534,40
39,33,95,84,471,573,40
39,24,68,47,434,536,40
25,20,52,42,424,540,40
34,27,38,25,421,521,40
42,27,106,77,474,569,41
29,21,33,22,387,461,41
36,25,88,64,446,550,41
26,20,53,47,400,508,41
55,34,123,81,507,608,41
53,33,171,130,519,619,41
80,40,170,77,536,632,41
26,21,74,69,432,530,41
66,41,270,191,571,667,41
100,41,314,135,595,694,41
22,21,31,30,375,438,41
28,23,46,36,391,495,41
58,46,114,91,492,589,41
41,22,101,59,492,582,41
169,78,480,207,635,731,41
36,26,76,53,433,528,41
57,35,93,63,486,580,41
28,24,68,55,455,549,42
45,31,61,48,420,513,42
37,35,45,46,400,509,42
50,33,91,65,462,558,42
27,23,64,60,406,527,42
35,31,80,59,441,539,42
28,21,65,51,441,542,42
32,20,72,46,422,522,42
35,27,47,34,428,530,42
34,27,76,67,463,561,42
52,31,125,90,496,591,42
29,25,40,33,403,497,42
70,42,149,103,514,610,42
38,28,80,57,460,574,42
37,21,105,73,489,572,42
33,27,77,58,462,560,42
27,24,63,59,428,506,42
46,25,114,84,513,607,42
53,34,170,121,517,610,42
37,30,74,63,454,533,42
26,21,23,23,357,433,43
38,26,86,74,473,573,43
84,35,210,115,556,653,43
32,21,58,43,445,525,43
26,20,64,51,420,528,43
33,21,66,44,455,548,43
56,33,155,98,496,591,43
79,36,132,51,511,609,43
97,51,195,97,543,636,43
53,39,81,56,463,561,43
40,30,83,69,453,544,43
56,37,140,103,496,594,43
79,52,152,92,513,607,43
85,52,192,137,553,652,43
22,20,20,22,368,461,43
44,28,108,88,477,582,43
31,20,68,51,464,552,43
30,20,95,72,475,584,43
31,24,55,49,400,505,43
37,28,63,52,433,541,43
36,26,97,77,463,544,43
31,22,61,57,448,553,43
62,37,207,137,553,650,43
32,24,84,71,431,536,43
168,55,519,169,636,737,43
46,27,101,70,488,599,43
75,37,223,126,552,656,43
28,26,41,39,408,492,43
29,25,65,55,430,519,43
158,80,581,328,670,767,43
69,42,187,127,526,630,43
42,25,106,72,479,573,43
35,21,70,48,487,576,43
40,23,132,91,503,597,43
39,26,113,80,480,584,43
145,72,596,328,663,762,43
47,29,135,81,509,611,43
39,27,137,96,510,602,43
173,80,508,271,641,742,43
273,77,868,290,737,836,44
40,29,84,65,467,565,44
22,21,15,16,307,415,44
51,36,134,98,505,603,44
27,21,39,36,418,520,44
23,21,36,36,405,495,44
31,24,40,31,371,498,44
45,36,110,82,464,568,44
34,22,55,39,441,529,44
44,34,95,69,464,562,44
41,28,117,79,490,581,44
26,23,36,38,404,500,44
34,25,71,55,438,548,44
60,35,184,128,547,640,44
63,45,112,83,504,604,44
25,21,61,52,413,508,44
38,26,80,54,473,565,44
41,23,67,37,435,538,44
62,44,139,114,506,614,44
30,20,73,58,454,550,44
60,43,130,99,508,600,44
80,39,210,122,547,648,44
48,30,94,59,466,565,44
114,62,397,221,607,708,44
50,29,175,117,517,617,45
81,44,251,147,565,662,45
19,20,26,31,362,448,45
43,24,80,43,448,549,45
32,24,73,60,437,545,45
52,34,93,54,478,566,45
41,27,102,71,495,588,45
33,31,66,66,431,515,45
43,27,123,88,500,600,45
32,21,59,43,424,524,45
48,32,102,79,488,587,45
29,23,76,64,439,542,45
26,22,40,37,396,503,45
46,33,110,85,500,600,45
23,24,54,53,394,493,45
51,26,130,66,493,586,45
30,21,38,16,381,491,45
36,27,91,74,471,565,45
24,22,35,31,364,482,45
29,21,43,31,383,487,45
33,26,58,47,442,547,45
34,23,112,86,480,578,45
37,29,56,50,450,538,45
43,27,192,132,512,609,45
78,48,226,152,555,649,45
61,43,117,76,506,600,45
94,39,362,139,598,697,45
53,37,72,52,438,535,45
19,20,13,23,335,440,45
55,28,136,67,493,589,46
21,20,28,27,388,474,46
62,25,143,55,517,614,46
40,25,81,53,460,557,46
90,62,163,127,524,621,46
79,49,182,97,536,637,46
105,53,300,174,572,667,46
52,35,140,104,517,620,46
44,22,89,46,467,567,46
45,25,85,46,470,569,46
102,56,240,139,562,663,46
45,28,89,57,459,564,46
27,20,62,56,442,546,46
60,36,115,71,487,590,46
33,25,64,55,445,548,46
40,24,114,84,493,582,46
45,35,113,93,490,583,46
28,23,65,57,422,529,46
40,32,56,49,433,549,46
30,20,61,46,444,538,46
72,51,165,116,518,613,46
30,22,86,68,461,557,46
43,34,60,41,428,531,46
97,43,327,197,585,684,46
51,37,72,52,448,543,46
37,29,59,46,425,526,46
42,32,68,50,450,549,46
27,21,53,44,422,510,46
59,31,280,153,581,677,46
23,21,63,60,421,511,46
27,23,85,75,432,541,46
52,31,146,105,508,601,46
51,34,114,75,489,592,46
45,27,154,110,520,619,46
48,38,102,91,462,565,46
40,27,58,38,436,543,46
51,30,106,56,483,581,46
57,36,166,118,513,615,46
60,36,182,129,536,628,46
74,40,168,98,507,608,46
169,75,280,125,588,686,46
43,28,145,113,506,604,46
31,23,65,59,440,512,46
59,39,150,110,499,590,47
35,27,71,48,449,542,47
75,48,172,109,528,625,47
198,83,626,314,684,780,47
60,42,177,138,527,627,47
37,26,64,54,453,556,47
50,30,81,58,464,556,47
71,42,137,74,519,616,47
98,33,393,153,593,693,47
30,21,73,57,440,529,47
27,22,60,45,433,535,47
110,54,293,151,589,685,47
86,59,160,114,533,627,47
37,28,65,42,431,490,47
41,26,159,110,501,599,47
28,21,114,87,472,570,47
66,35,167,104,537,633,47
334,111,811,389,753,851,47
91,44,419,231,607,705,47
190,73,725,404,727,821,47
89,44,230,149,556,653,47
484,121,861,317,747,848,47
359,107,772,213,690,787,47
397,103,732,204,668,775,47
131,56,517,292,659,758,47
35,25,47,40,413,541,47
29,25,47,42,410,486,47
25,23,37,33,395,479,47
72,36,199,127,539,641,47
44,28,112,83,476,577,47
29,24,51,48,432,518,47
37,23,50,31,418,504,47
38,24,109,84,488,574,48
37,27,76,67,457,562,48
47,30,129,93,503,594,48
63,36,203,142,544,646,48
38,27,105,75,489,584,49
37,28,90,68,470,562,49
31,21,35,21,419,500,49
43,26,50,22,422,505,49
42,25,118,85,485,583,49
26,23,27,19,394,467,49
26,24,65,66,415,511,49
22,23,28,29,361,459,49
35,28,77,69,449,546,49
41,34,38,33,437,519,49
47,38,89,68,469,566,50
51,35,86,62,485,585,50
21,20,55,54,423,510,50
23,21,19,18,371,453,50
37,28,56,46,430,537,50
27,22,69,61,424,532,50
37,27,80,55,437,526,51
21,20,22,31,383,475,51
41,29,78,63,449,553,51
215,82,647,220,666,763,51
29,27,35,33,387,481,51
26,23,37,37,397,487,51
31,23,49,40,404,499,51
31,22,58,43,426,531,51
36,23,68,45,459,548,51
32,26,46,35,422,511,51
35,26,78,61,448,553,51
26,22,42,32,411,495,51
25,22,63,51,421,526,51
147,49,430,221,623,717,51
61,31,83,43,478,574,51
28,20,100,65,495,592,52
28,21,63,49,438,521,52
38,25,93,63,473,573,52
33,30,52,49,421,530,52
188,66,644,240,664,759,52
37,24,93,68,456,567,52
464,101,857,321,715,821,52
32,22,96,65,456,531,52
24,22,27,27,397,486,52
46,35,93,81,471,584,52
26,22,42,39,415,511,52
29,21,29,23,367,453,52
24,25,25,33,392,477,52
23,21,47,46,392,510,52
29,22,38,32,429,523,52
24,21,33,27,388,460,52
49,32,116,80,480,588,53
27,26,35,37,385,523,53
45,23,111,46,489,586,53
43,29,103,76,469,560,53
38,27,101,82,479,582,53
57,31,185,134,538,637,53
29,20,77,57,454,555,53
33,22,61,43,445,535,53
25,21,45,39,384,480,53
27,21,36,32,407,500,53
67,52,135,109,487,580,53
19,20,37,40,379,474,53
29,21,42,29,413,509,53
31,26,44,35,417,470,54
26,24,44,39,411,510,54
36,27,84,70,472,563,54
39,30,93,85,473,569,54
49,20,111,64,481,587,54
29,23,95,75,462,552,54
40,26,52,33,452,538,54
36,22,51,34,412,516,54
39,27,92,70,454,553,54
50,28,119,68,487,587,54
24,24,39,41,382,487,54
59,40,179,134,523,616,54
39,28,54,40,410,497,54
90,44,223,121,552,646,54
67,46,128,100,509,607,54
39,22,108,63,481,581,54
25,22,32,32,383,497,54
70,39,263,189,578,677,54
42,27,62,40,448,535,54
25,21,54,50,385,484,54
54,30,277,147,583,678,55
85,40,228,109,550,646,55
148,67,308,109,593,693,55
59,37,151,80,505,610,55
251,56,661,193,658,758,55
25,24,26,31,345,440,55
28,26,53,57,415,514,55
62,40,118,66,493,588,55
195,79,612,289,659,757,55
259,97,675,340,712,807,55
41,21,78,52,457,553,55
25,22,26,27,373,472,55
53,22,115,70,483,578,55
31,28,48,48,409,525,55
35,20,94,71,478,572,55
33,25,60,44,441,532,55
168,58,473,153,634,726,55
41,32,80,65,455,557,55
26,23,54,44,433,529,55
37,29,92,74,456,548,55
30,23,36,29,371,459,55
22,21,13,18,325,436,55
43,24,76,34,449,545,55
44,23,96,66,474,583,55
23,22,36,32,353,434,55
35,27,72,62,444,548,55
31,23,37,31,389,496,55
43,32,99,84,488,577,56
47,32,143,105,496,591,56
32,24,86,66,469,549,56
26,23,31,29,384,487,56
43,26,251,170,558,655,56
41,31,117,95,486,583,56
46,28,86,55,468,545,56
44,31,112,87,491,588,56
35,29,70,57,468,556,56
29,22,33,26,388,475,56
51,37,100,75,480,576,56
55,39,136,108,513,608,56
46,33,98,74,484,576,56
22,20,30,29,408,489,56
21,20,40,39,390,475,56
29,20,70,54,453,542,56
44,27,126,86,494,588,56
44,34,78,64,464,562,56
17,20,19,28,326,425,56
30,20,51,40,427,535,56
25,24,35,39,387,487,56
71,54,164,122,544,643,56
27,20,74,57,441,535,56
34,21,96,66,475,572,56
25,20,70,59,447,535,56
37,20,111,74,487,586,57
105,36,456,170,623,721,57
66,33,184,87,573,674,57
26,25,49,50,422,513,57
31,21,83,71,468,553,57
56,35,164,130,529,626,57
105,57,225,124,563,656,57
64,27,291,157,556,658,57
21,21,23,25,295,440,57
78,43,116,67,500,598,57
48,28,75,47,452,557,57
25,20,48,30,422,486,57
33,22,123,98,492,591,57
37,28,58,44,436,543,57
34,23,82,64,449,546,57
48,34,120,89,500,597,57
61,40,122,91,516,614,57
48,33,192,121,513,611,57
23,21,72,69,438,537,57
40,31,96,73,471,555,57
28,22,52,41,416,527,57
30,20,59,46,457,562,57
29,20,42,28,404,517,57
47,30,80,53,451,534,57
103,62,274,139,580,677,57
77,38,235,110,550,650,57
40,21,81,41,429,521,57
26,21,40,30,405,500,57
34,23,149,97,514,614,57
38,31,90,80,436,538,57
62,34,201,139,542,642,57
43,32,137,112,496,594,57
53,30,128,76,501,606,58
29,23,75,64,448,547,58
42,31,103,84,479,575,58
91,53,171,126,543,643,58
45,27,145,90,506,599,58
62,37,136,90,500,593,58
80,47,319,211,579,675,58
89,59,173,125,548,649,58
99,55,178,112,551,645,58
278,80,776,331,707,801,58
31,23,41,30,392,509,58
27,21,53,45,424,535,58
24,20,30,26,379,482,58
33,21,59,36,427,524,58
449,101,971,308,737,835,58
30,25,44,39,426,513,58
31,28,53,52,406,510,58
192,107,552,239,647,745,58
47,33,126,89,498,595,58
27,22,82,67,437,541,58
42,30,129,93,470,579,58
45,26,148,98,505,595,58
56,39,139,105,503,603,58
31,21,67,51,430,535,58
33,27,103,87,454,557,58
28,22,64,54,434,522,58
24,24,33,35,410,493,58
21,20,19,20,351,454,58
27,24,60,64,438,537,58
74,40,196,129,537,628,58
24,21,56,47,402,502,59
41,29,71,48,452,548,59
33,22,70,47,467,555,59
57,42,133,99,509,603,59
33,28,91,82,465,568,59
128,54,359,142,593,691,59
46,32,76,55,462,553,60
45,32,85,65,479,573,60
31,27,54,54,428,542,60
43,26,156,113,514,614,60
27,24,34,27,403,504,60
25,23,39,39,400,480,60
36,25,56,38,432,532,61
41,31,92,73,464,566,61
27,24,51,51,434,525,61
35,26,74,51,436,535,61
30,23,84,64,447,548,61
38,26,68,55,443,553,61
54,44,106,73,474,580,61
26,20,51,42,386,511,61
87,50,194,124,533,637,61
37,29,97,79,461,565,62
65,46,148,116,511,615,62
26,21,33,26,383,476,62
61,30,139,83,508,613,62
30,31,28,33,359,448,62
40,30,82,64,479,569,62
30,22,68,57,441,544,62
79,35,236,124,570,669,62
42,30,81,64,454,548,62
109,56,337,219,601,700,62
38,20,102,65,476,565,62
191,78,538,217,630,731,62
29,20,78,65,447,541,62
83,44,384,249,598,694,62
35,23,84,57,463,543,62
32,21,50,33,412,516,63
60,36,174,100,527,620,63
72,44,213,134,541,640,63
28,22,52,42,400,507,63
41,31,93,71,468,552,63
107,53,236,118,550,648,63
192,69,391,122,614,716,63
120,57,408,247,619,712,63
122,50,296,145,576,672,63
30,23,52,45,416,525,63
35,25,91,73,460,561,64
112,53,364,206,600,701,64
29,24,60,53,421,525,64
46,33,65,42,436,539,64
25,22,35,36,390,495,64
77,39,196,118,551,648,64
104,41,221,77,554,647,64
26,25,29,37,376,468,64
24,23,42,43,393,484,64
45,29,62,41,436,530,64
33,24,63,53,442,538,64
61,32,132,78,503,599,64
50,31,147,114,505,605,64
76,44,240,161,552,652,64
35,25,59,50,448,526,64
38,25,105,80,474,570,65
29,22,52,39,391,500,65
23,20,49,50,430,531,65
42,24,60,39,440,536,65
22,20,29,29,381,496,65
31,22,62,43,433,518,65
41,29,94,71,478,569,65
50,35,100,78,478,596,65
50,29,108,76,499,601,65
35,25,59,46,435,542,65
42,33,89,77,462,566,65
47,34,88,69,481,578,65
42,31,82,69,483,579,66
51,38,69,62,475,575,66
49,35,96,81,490,581,66
65,42,86,48,469,563,66
37,26,84,56,447,542,66
38,28,103,80,466,568,66
26,23,54,53,429,523,66
26,21,58,50,439,530,66
31,25,46,30,416,490,66
43,27,103,72,479,576,66
69,48,164,111,533,634,66
31,20,48,30,408,488,66
38,23,80,56,456,557,66
64,43,189,134,545,639,66
26,22,29,27,380,488,66
150,55,503,225,639,738,66
66,45,221,162,544,639,66
49,35,158,120,513,612,66
84,47,192,112,542,636,66
108,41,287,137,583,678,66
29,25,32,32,408,500,66
312,76,789,326,708,805,66
42,30,65,43,437,535,66
36,26,53,46,421,516,66
29,26,45,39,406,493,66
39,25,62,46,461,560,66
56,39,116,70,497,591,66
36,26,61,48,440,535,66
35,28,57,50,421,518,66
33,22,52,36,408,509,66
126,73,358,237,602,699,66
28,21,48,45,397,509,67
73,51,137,101,513,610,67
30,26,58,52,413,493,67
62,24,222,101,541,642,67
207,79,662,306,686,785,67
190,64,526,199,652,749,67
27,27,32,36,415,493,67
98,58,209,114,560,654,67
20,20,41,42,394,479,67
46,30,142,102,516,612,67
25,20,40,34,410,505,67
40,24,93,51,475,567,67
27,22,54,51,428,514,67
83,36,166,77,534,630,68
28,23,68,55,409,495,68
48,30,120,88,486,575,68
64,40,128,96,497,589,68
30,27,48,44,403,509,68
75,43,202,101,542,638,68
47,24,106,66,482,566,68
34,28,67,51,441,539,68
31,21,60,47,421,521,68
35,28,84,70,480,570,68
32,28,64,52,423,531,68
31,23,56,43,434,531,68
26,22,56,50,415,520,69
28,20,39,32,403,506,69
32,25,45,31,403,516,69
53,30,108,66,491,587,69
35,22,55,41,431,535,69
42,30,87,73,454,556,69
37,28,102,90,476,575,69
36,25,76,55,472,558,69
41,28,62,34,433,535,69
32,24,64,51,448,535,69
73,34,226,145,553,645,69
24,21,32,28,377,469,69
38,22,110,75,491,579,70
30,22,92,79,460,566,70
73,44,186,108,530,632,70
67,39,211,133,552,648,70
62,36,130,80,527,627,70
59,28,151,69,521,619,70
50,32,147,95,498,598,70
29,21,63,52,435,530,70
38,28,53,31,417,522,70
30,27,49,43,400,518,70
31,21,57,45,435,522,70
82,41,231,137,555,652,70
28,22,58,50,425,515,70
24,22,41,42,370,489,70
43,34,86,79,485,583,70
23,20,48,44,410,505,70
30,22,66,51,426,521,70
30,23,64,45,437,532,70
68,25,171,52,530,627,70
36,25,87,61,441,549,70
54,20,164,59,513,583,70
32,31,53,55,421,528,70
92,55,212,137,565,658,70
71,46,184,118,526,624,70
97,44,436,246,614,709,70
147,71,447,255,635,734,70
31,24,75,69,463,562,70
152,67,512,212,636,731,70
51,30,131,90,499,602,70
23,20,47,40,417,493,70
79,30,475,241,618,714,70
79,44,249,160,559,652,70
99,57,267,175,579,678,70
76,49,255,179,551,653,70
30,24,83,71,445,533,71
44,29,99,72,486,585,71
58,38,154,101,493,595,71
121,57,442,242,632,730,71
43,30,76,55,483,580,71
89,50,203,116,553,648,71
33,23,46,37,403,502,71
60,25,431,136,591,669,71
103,53,363,237,610,709,71
38,21,71,35,454,536,71
136,69,563,350,646,741,71
48,34,126,94,501,589,71
23,21,75,69,407,498,71
61,36,119,65,503,602,71
79,50,118,78,501,592,71
49,39,90,78,463,564,71
236,97,643,401,705,802,71
213,84,680,288,668,766,71
34,21,136,87,495,586,71
38,31,106,93,482,575,71
159,59,656,330,689,785,71
132,65,258,129,586,680,71
86,41,253,129,578,677,71
67,31,276,112,553,652,71
162,57,745,358,705,803,71
81,41,172,93,532,625,71
79,51,128,92,514,613,71
37,26,60,47,437,536,71
26,20,60,51,441,549,71
37,26,80,55,448,538,71
142,62,461,248,629,722,71
24,21,59,52,411,471,71
42,30,79,60,463,553,71
50,28,116,68,489,586,71
18,20,13,18,308,390,71
27,20,55,40,406,496,71
21,22,32,33,381,459,71
27,22,64,53,429,531,71
27,27,35,35,402,492,72
31,26,46,34,413,515,72
34,22,32,24,395,493,72
24,20,50,34,419,499,72
34,26,89,76,471,562,72
25,21,49,42,441,523,72
34,24,68,54,438,530,72
36,27,109,84,479,576,72
53,28,104,58,480,580,72
26,21,34,27,386,487,72
23,21,36,32,369,476,72
50,25,190,123,542,632,72
26,23,39,41,407,494,72
63,41,171,114,520,617,72
29,23,62,56,444,543,72
21,21,28,34,352,474,72
38,28,63,49,460,559,72
45,29,107,72,482,584,72
36,27,70,60,437,522,73
45,33,105,86,457,561,73
61,24,96,46,472,574,73
33,21,130,98,488,589,73
26,22,53,42,410,511,73
43,30,141,99,495,591,73
129,55,300,120,591,685,73
26,21,43,36,410,499,73
65,51,91,71,495,599,73
33,22,68,45,454,553,73
31,21,44,34,431,530,73
39,31,86,72,466,562,73
46,35,69,55,459,551,73
27,21,43,31,400,507,73
27,21,66,50,425,522,73
33,31,25,25,395,489,74
23,23,35,40,360,466,74
54,33,168,113,519,621,74
57,32,116,72,498,594,74
79,51,154,100,528,619,74
31,29,74,67,454,554,74
38,26,76,55,453,555,74
56,37,185,138,530,622,74
45,29,110,68,483,578,74
25,22,47,46,412,502,74
34,25,124,95,476,576,74
33,21,36,28,408,545,74
29,23,91,70,461,554,74
30,21,90,75,457,550,74
49,40,85,64,454,556,74
41,24,117,76,502,594,75
19,20,38,39,353,462,75
80,45,227,149,548,645,75
50,29,109,70,486,582,75
35,23,58,42,420,518,75
29,25,30,30,374,494,75
89,48,206,108,549,646,75
52,36,112,84,492,593,75
29,20,70,54,447,553,75
23,20,34,32,392,484,75
51,34,164,126,520,622,75
23,21,48,41,400,500,75
33,21,42,27,435,525,75
42,35,60,54,452,544,75
30,20,66,49,449,547,75
30,21,80,58,444,547,75
23,23,35,38,370,473,75
46,23,154,95,525,615,75
30,26,46,46,407,519,75
51,35,131,100,514,615,75
40,33,75,62,452,556,75
44,28,115,89,476,574,76
52,33,93,55,468,567,76
48,33,95,70,478,584,76
60,27,115,69,508,604,76
36,28,81,76,442,540,76
69,40,123,62,498,602,76
49,30,149,115,506,603,76
25,20,52,42,413,507,76
110,44,470,219,616,717,76
52,42,61,50,465,560,76
66,33,188,122,546,640,76
40,25,96,74,496,592,76
74,41,294,186,572,671,76
29,27,56,47,399,506,76
51,25,113,53,490,595,76
139,81,421,248,615,710,76
57,33,201,129,543,640,76
115,70,311,196,592,690,76
55,33,166,112,534,633,76
57,39,158,111,518,620,76
35,25,113,93,480,587,76
36,24,88,61,459,554,76
21,22,35,38,368,469,76
75,43,203,142,556,651,76
73,37,206,127,548,645,76
163,77,376,152,610,708,76
87,38,414,190,609,703,76
30,25,45,45,402,507,76
69,33,242,136,554,648,76
100,55,259,151,575,674,76
36,21,74,51,439,555,76
61,37,152,107,503,593,76
53,33,151,106,503,600,76
66,37,265,187,568,666,76
166,62,445,199,614,713,76
50,34,99,66,475,572,76
145,55,570,198,645,741,76
51,44,73,72,462,560,76
101,54,380,241,598,697,76
66,28,369,150,631,731,76
76,46,258,176,553,646,76
67,29,348,174,581,681,76
184,87,605,245,669,765,76
106,58,335,176,580,674,76
37,29,82,70,448,538,76
79,43,266,136,545,643,76
246,87,697,334,696,793,76
21,20,48,48,386,491,76
54,41,114,87,482,579,77
27,24,64,60,459,550,77
30,23,69,56,422,531,77
28,22,34,21,382,478,77
27,22,47,40,397,495,77
28,26,35,31,385,468,77
31,21,61,51,460,551,77
33,33,48,45,389,496,77
30,20,93,72,467,566,78
32,24,45,39,395,499,78
43,31,106,84,484,574,78
73,48,211,170,543,641,78
26,20,61,52,435,532,78
21,20,49,46,384,475,78
36,21,79,60,449,560,78
33,26,46,39,435,537,78
21,22,31,40,360,452,78
33,23,72,46,464,569,78
31,21,76,59,454,548,78
30,28,51,51,431,524,78
34,27,97,81,465,567,78
120,45,638,249,677,772,78
43,33,64,53,445,544,78
25,23,36,35,386,501,78
40,27,89,67,469,568,79
26,24,47,45,421,507,79
22,20,41,42,414,503,79
54,38,105,84,482,581,79
29,24,38,37,382,492,79
30,24,42,31,438,527,79
21,21,34,40,380,488,79
56,36,132,87,513,605,79
34,28,78,67,459,547,79
32,23,71,51,450,553,79
87,46,218,129,566,655,79
19,20,13,20,305,417,79
76,52,162,100,528,621,79
60,35,163,113,535,629,79
23,20,37,34,398,498,79
34,23,80,61,432,540,79
40,32,79,70,463,569,80
27,21,76,67,444,539,80
108,40,258,117,578,670,80
36,22,113,69,464,557,80
64,34,143,85,505,603,80
124,57,335,130,597,695,80
28,21,64,49,438,538,80
120,54,400,202,612,715,80
108,37,270,88,572,668,80
60,33,229,141,566,662,80
41,26,76,53,448,549,80
44,28,78,56,461,546,80
76,45,268,146,555,654,80
152,58,509,237,646,740,80
243,93,613,245,667,766,80
30,25,88,64,471,571,80
147,57,428,179,613,712,80
65,29,133,50,494,597,80
212,103,487,249,634,729,80
91,53,241,141,560,657,80
117,56,251,110,561,663,80
32,22,48,35,422,518,80
30,25,76,65,458,548,80
64,35,145,83,498,596,80
24,20,45,36,380,456,81
25,23,36,37,392,485,81
33,22,60,49,410,538,81
34,26,93,69,455,547,81
31,24,93,72,455,560,81
31,26,26,17,346,458,81
32,24,86,71,467,568,81
32,26,56,48,428,528,81
32,23,63,38,425,522,81
61,38,124,85,501,603,81
24,22,39,40,391,494,81
43,31,57,43,445,548,82
46,27,96,77,486,593,82
42,22,95,50,469,583,82
40,20,70,33,428,529,82
35,26,100,80,465,565,82
49,29,144,92,514,610,82
26,20,52,45,400,503,82
27,21,42,31,395,483,82
57,41,102,66,482,584,82
43,28,93,61,456,551,83
34,20,62,48,454,570,83
31,20,71,44,438,530,83
54,34,97,69,505,603,83
35,27,73,60,451,546,83
62,42,160,123,522,619,83
39,27,66,47,453,547,83
31,20,62,42,420,511,83
52,29,165,104,527,620,83
28,24,49,46,426,522,83
31,21,50,27,402,494,83
26,20,37,29,405,495,84
35,27,50,40,435,519,84
36,28,50,40,424,526,84
24,24,21,26,350,459,84
36,26,57,41,447,544,84
75,38,169,83,517,614,84
40,26,87,59,464,568,84
33,23,89,67,463,563,84
36,24,77,51,442,547,84
27,25,32,27,365,463,84
42,26,134,93,491,583,84
56,35,102,68,481,579,84
41,33,49,40,414,533,84
57,34,162,97,541,643,84
27,21,81,61,432,532,84
33,20,82,52,456,546,85
45,33,73,52,453,551,85
52,33,84,57,469,580,85
21,20,20,19,357,463,85
31,21,66,53,435,532,85
22,21,60,61,403,503,85
41,33,85,79,463,561,85
59,40,91,54,476,572,85
55,36,146,104,523,623,85
24,23,39,37,389,516,85
32,26,71,62,457,558,85
29,24,72,58,426,524,85
33,20,58,31,423,515,85
26,23,29,31,352,461,85
43,20,80,54,429,539,85
25,21,50,41,409,499,85
24,22,30,28,346,455,85
22,20,23,23,347,463,85
26,20,37,32,376,488,85
35,25,100,78,489,587,85
35,26,63,53,430,531,85
26,20,75,64,448,545,86
24,20,43,36,400,509,86
42,31,76,51,458,560,86
57,50,92,87,474,575,86
31,20,62,36,414,526,86
32,26,64,54,432,531,86
61,31,183,114,539,639,86
21,20,20,19,360,447,86
27,21,53,45,386,489,86
56,42,87,65,464,567,86
39,29,92,72,483,582,86
40,25,89,58,478,582,86
55,28,74,45,458,559,86
27,23,40,32,399,499,86
42,23,64,37,456,555,86
22,21,25,28,368,457,86
26,21,52,38,411,482,86
27,25,45,42,376,493,86
45,28,97,68,471,566,86
26,21,60,58,437,533,86
49,31,99,66,477,578,87
110,44,367,164,596,691,87
28,22,45,35,414,512,87
31,26,48,40,414,512,87
34,23,91,70,455,557,87
22,21,34,35,367,483,87
28,20,49,34,400,490,87
60,34,120,79,514,609,87
68,34,237,141,548,643,87
101,46,343,181,601,698,87
33,28,60,56,440,520,87
36,26,63,50,448,539,87
38,28,103,86,488,592,87
45,26,80,46,457,550,87
28,21,58,48,428,536,87
102,56,332,222,586,680,88
22,20,27,23,379,461,88
20,21,23,29,339,454,88
43,28,116,81,486,588,88
19,20,31,34,340,461,88
34,26,41,36,436,541,88
38,29,82,64,467,561,88
40,29,71,53,456,552,88
70,36,205,131,553,653,88
35,27,73,53,441,534,88
23,23,33,33,370,442,88
47,29,138,86,490,592,88
33,21,126,94,489,580,88
84,26,190,67,539,635,88
26,21,35,32,393,479,88
66,49,139,110,504,603,88
42,28,82,64,444,542,88
34,23,84,65,423,523,88
71,38,298,185,569,668,88
32,23,87,62,463,553,88
22,20,30,27,379,475,88
42,30,88,74,479,573,88
102,51,357,222,596,689,88
52,38,122,90,492,592,88
47,30,85,57,453,551,88
100,55,311,213,585,686,89
76,38,164,85,528,622,89
26,24,36,41,385,484,89
119,61,387,200,617,714,89
44,28,116,81,479,571,89
94,39,190,87,546,643,89
32,22,76,60,457,552,89
203,83,643,319,697,796,89
77,38,239,129,554,651,89
206,70,589,221,647,748,89
50,30,167,117,530,634,89
267,78,820,302,725,832,89
36,24,96,67,452,534,89
29,25,27,26,389,499,89
34,28,64,57,421,520,89
48,29,95,65,476,562,89
29,24,48,44,400,505,90
47,36,78,64,465,561,90
84,50,196,132,551,646,90
28,23,41,33,409,511,90
27,24,27,23,380,451,90
66,48,127,102,494,589,90
30,26,60,52,432,531,90
33,25,53,40,419,510,90
23,22,16,21,348,457,90
60,40,176,134,540,641,90
26,20,33,21,407,503,90
33,25,70,55,442,539,90
28,30,30,39,379,468,90
72,47,150,114,516,614,90
44,31,77,48,473,572,90
24,20,49,42,427,531,90
22,20,42,28,363,448,91
68,38,209,144,552,648,91
33,24,81,67,432,546,91
137,66,460,227,639,735,91
25,21,35,31,395,497,91
186,70,648,284,693,787,91
45,37,94,69,478,569,91
38,25,105,79,471,575,91
58,35,113,68,517,613,91
31,25,80,72,454,554,91
60,39,86,63,498,592,91
72,37,233,144,556,657,91
69,39,191,128,544,641,91
105,54,504,204,642,748,91
75,45,168,103,534,630,91
61,26,160,74,520,617,91
40,27,76,58,447,550,92
39,29,92,68,467,563,92
32,28,46,46,410,495,92
86,37,156,63,534,622,92
31,22,53,33,416,510,92
28,20,108,81,468,567,92
34,29,51,44,404,480,92
56,36,148,108,525,621,92
31,26,69,62,436,537,92
19,21,14,21,336,412,92
34,26,80,65,449,545,92
27,25,49,50,429,527,92
91,40,219,106,551,649,92
26,20,32,31,395,479,92
159,50,562,173,645,741,92
98,61,300,180,578,672,92
134,69,523,299,639,735,92
38,25,66,43,427,535,92
27,23,29,24,337,463,92
217,61,752,214,682,778,92
65,29,148,50,520,620,92
23,20,26,27,382,522,93
35,29,71,56,426,524,93
43,31,89,69,474,576,93
32,28,75,66,457,547,93
52,44,73,63,450,548,93
26,20,53,45,442,535,93
38,30,65,49,446,539,93
153,64,602,328,666,763,93
59,39,121,69,486,582,93
76,28,345,120,617,713,93
29,21,70,44,429,521,93
36,29,66,52,470,555,93
23,25,29,34,372,463,93
76,40,170,96,542,638,93
43,25,80,51,471,576,93
24,23,26,32,359,473,93
24,22,45,45,418,498,93
29,23,60,54,437,520,93
26,20,45,38,401,519,94
56,36,179,122,520,614,94
25,22,42,39,411,490,94
33,25,76,64,468,567,94
28,22,42,35,421,530,94
37,28,66,53,438,526,94
33,21,62,46,442,538,94
42,37,97,89,460,553,94
156,83,508,264,652,745,94
50,39,62,48,432,539,94
253,86,609,215,655,749,94
31,24,83,60,456,542,94
26,20,40,28,392,500,94
29,26,30,33,389,506,94
36,25,51,42,412,533,94
24,20,48,43,421,507,95
28,23,64,54,433,536,95
56,23,98,43,488,579,95
25,22,37,36,351,467,95
34,26,55,45,428,538,95
45,32,91,55,464,566,95
33,22,52,42,431,529,95
22,22,27,29,351,465,95
132,61,395,223,630,727,95
51,33,140,107,517,619,95
58,35,204,120,544,644,95
128,46,327,126,594,691,95
30,24,76,71,448,551,95
26,21,64,48,424,513,95
81,54,219,146,539,639,95
41,30,66,53,454,548,95
24,24,22,26,396,493,95
20,20,34,33,398,502,95
40,34,40,31,422,514,95
26,25,32,33,365,478,95
74,36,315,171,585,680,95
56,33,171,108,528,626,96
26,21,34,29,409,492,96
27,24,82,66,438,537,96
42,24,151,101,505,600,96
111,63,240,116,563,659,96
48,35,92,62,466,566,96
25,20,43,36,418,515,96
29,23,59,52,428,543,96
38,26,106,67,479,578,96
57,39,73,58,484,577,96
66,41,145,105,522,618,96
23,20,52,43,406,502,96
71,43,185,123,555,647,96
43,27,97,69,470,564,96
35,29,48,42,427,523,96
25,22,45,38,411,507,96
57,28,242,148,553,650,96
42,25,115,73,479,572,96
32,25,66,50,434,526,96
97,51,240,150,561,658,96
35,26,85,74,465,560,96
108,43,614,377,682,779,96
62,43,101,75,486,582,96
59,36,140,103,528,628,96
34,29,55,50,413,507,96
126,71,306,163,576,685,96
175,76,570,296,667,763,96
32,20,43,27,394,513,97
65,38,139,85,511,611,97
34,26,35,30,418,509,97
28,24,60,57,416,508,97
62,45,129,90,513,610,97
80,47,247,167,572,672,97
31,25,69,65,440,538,97
39,28,100,81,487,582,97
22,20,31,32,367,457,97
31,26,58,52,442,531,97
35,23,90,70,471,567,97
50,29,127,82,479,574,97
50,27,150,114,499,594,97
45,27,91,48,466,555,97
27,23,57,55,426,522,97
38,26,95,77,470,570,97
40,28,74,55,465,560,97
173,75,628,306,672,767,97
68,35,183,104,542,640,97
56,35,139,100,509,610,97
118,52,473,197,620,713,97
34,28,71,61,446,539,97
31,23,96,80,458,562,98
46,28,97,63,479,578,98
90,48,288,170,570,665,98
21,21,35,39,370,477,98
27,22,47,38,416,513,98
38,21,71,37,439,518,98
56,39,99,75,487,588,98
26,21,40,36,411,496,98
33,28,55,53,406,520,98
31,25,77,62,409,514,98
37,23,76,54,451,564,98
25,24,47,43,424,503,98
23,20,28,28,375,479,98
45,20,106,39,479,561,98
27,20,39,25,401,500,98
59,39,181,143,528,628,99
46,27,70,31,467,561,99
72,40,158,106,527,630,99
45,35,63,56,463,566,99
32,26,50,43,429,527,99
72,38,128,72,515,613,99
64,41,138,90,521,619,99
25,22,50,44,406,513,99
81,46,181,122,552,646,99
28,23,53,53,414,520,99
27,23,32,32,355,448,99
60,44,142,111,510,610,99
33,29,48,48,416,522,99
28,26,67,66,402,513,99
48,25,143,94,517,611,99
114,59,388,255,608,705,99
38,35,47,42,418,522,99
145,48,323,141,587,682,99
116,39,289,99,572,655,99
86,63,165,127,539,632,99
79,43,139,62,514,615,99
36,29,36,32,403,512,99
63,48,161,95,517,614,100
21,20,39,38,398,489,100
23,21,30,31,382,497,100
40,27,132,107,499,601,100
38,27,110,79,481,576,100
21,23,15,21,325,435,100
34,21,67,45,444,549,100
170,58,419,143,621,720,100
22,20,28,27,303,443,100
24,22,29,25,382,485,100
34,27,70,55,445,520,100
28,23,44,37,425,523,100
33,25,40,32,423,509,100
43,30,114,82,489,594,100
28,22,54,46,403,514,100
30,22,90,73,459,564,100
28,20,36,25,424,524,101
56,41,94,76,485,585,101
20,20,19,22,307,441,101
29,26,39,39,409,503,101
40,27,56,34,431,516,101
24,21,48,47,412,520,101
26,22,35,30,395,500,101
37,25,54,39,437,531,101
30,20,59,43,437,530,101
26,23,45,38,419,515,101
29,22,55,44,446,539,102
38,25,93,75,467,571,102
30,24,68,48,436,532,102
22,20,43,38,396,507,102
48,31,100,73,485,585,102
26,22,45,41,424,515,102
39,22,124,80,497,590,102
37,25,83,68,485,574,102
75,53,154,113,527,623,102
34,26,49,40,431,524,102
31,28,44,46,415,523,102
25,21,36,35,396,507,102
23,22,54,52,401,500,102
25,21,38,36,420,519,102
25,21,34,35,403,509,102
59,30,233,116,545,649,102
24,21,42,38,406,499,102
45,30,130,94,504,601,102
22,20,27,22,387,463,102
47,31,144,107,514,610,102
37,29,58,49,434,525,102
34,22,77,60,472,568,102
31,23,44,38,420,522,102
34,26,68,55,420,515,102
26,21,43,36,389,513,102
48,27,147,96,517,610,102
38,24,88,68,475,566,103
38,28,62,43,433,539,103
22,21,17,21,361,436,103
34,26,77,64,453,542,103
32,24,67,54,456,553,103
133,67,357,220,605,704,103
31,29,33,29,403,484,103
19,20,40,40,365,465,103
55,30,185,108,535,632,103
192,83,617,319,678,775,103
22,22,27,30,313,412,103
22,21,44,42,406,511,103
26,22,47,35,399,474,103
164,57,618,230,652,749,103
29,23,54,40,400,504,103
74,46,89,60,496,593,103
52,35,86,64,456,554,103
43,36,90,81,463,559,103
35,26,82,61,454,551,104
33,23,99,76,469,558,104
42,27,103,73,480,583,104
22,21,24,25,332,467,104
34,21,55,33,434,535,104
39,31,105,92,487,591,104
27,26,39,43,395,502,104
20,20,25,29,326,445,104
19,21,23,25,329,444,104
25,21,50,38,430,527,104
35,21,125,89,473,567,104
25,22,42,36,397,503,104
66,37,170,90,519,621,104
31,20,43,30,412,513,104
59,38,140,105,520,613,104
24,25,41,44,377,476,104
46,30,119,83,501,587,104
25,21,33,27,390,496,104
27,20,35,30,378,481,104
30,24,47,38,416,504,104
32,25,63,54,433,533,104
34,23,66,45,430,530,104
104,47,212,95,536,633,104
30,23,41,37,392,489,104
65,36,132,79,504,598,104
132,63,292,166,586,682,104
45,30,96,71,480,582,104
20,20,36,36,359,471,104
30,20,92,64,465,569,104
85,43,326,171,579,677,104
26,20,90,65,450,550,104
119,56,363,189,606,707,104
147,54,635,292,658,752,104
36,27,63,51,412,495,105
30,23,37,30,387,494,105
37,28,82,66,451,561,105
210,73,676,311,692,790,105
30,24,60,55,440,541,105
313,109,783,296,717,812,105
36,20,80,59,442,546,105
57,34,119,82,500,604,105
67,35,118,69,503,601,105
46,33,110,88,487,581,105
31,27,56,48,424,535,105
72,47,154,100,510,611,105
37,29,93,83,461,561,105
40,29,82,66,476,576,105
34,25,62,42,445,523,105
29,24,55,51,409,481,105
31,24,71,56,452,555,105
52,22,170,85,530,623,105
45,35,120,98,488,580,105
93,58,237,170,563,657,105
43,25,91,58,487,587,105
70,42,189,144,545,647,105
39,26,80,54,444,537,105
23,23,27,30,384,477,105
115,57,248,118,564,661,105
29,20,83,72,452,563,105
206,77,615,223,659,753,105
36,27,58,38,435,528,105
80,38,249,150,561,656,105
28,22,37,33,397,556,106
35,27,63,56,432,526,106
93,43,484,229,639,738,106
137,58,530,273,650,745,106
27,26,47,50,389,507,106
279,92,771,368,733,832,106
62,39,168,122,520,613,106
29,23,45,35,384,486,106
450,109,905,295,756,853,106
26,21,56,48,417,513,106
27,20,57,43,436,516,106
44,25,95,58,461,562,106
35,27,53,40,419,523,106
47,30,99,74,453,556,106
60,42,110,90,493,596,106
29,20,46,32,419,502,106
24,20,51,45,394,506,106
32,21,87,65,469,560,106
31,24,73,61,435,534,106
31,24,63,54,430,526,106
61,31,147,89,515,602,107
51,28,116,75,513,606,107
41,29,68,48,474,573,107
43,28,121,87,487,593,107
52,35,108,92,504,601,107
30,26,42,40,392,486,107
30,22,74,63,460,562,107
56,40,93,70,497,589,107
39,24,91,65,473,574,107
33,27,74,58,425,538,107
30,23,58,57,422,521,107
25,20,55,45,431,530,107
33,22,78,61,453,557,107
31,25,45,41,438,532,107
43,37,81,70,452,548,107
24,21,39,32,405,487,107
45,22,84,38,466,542,108
24,24,39,44,363,478,108
37,30,72,57,451,551,108
50,31,118,81,512,608,108
73,38,209,122,554,653,108
22,21,45,48,375,483,108
22,20,39,39,395,494,108
37,25,106,83,460,560,108
42,27,56,27,430,530,108
41,27,83,56,458,554,108
27,20,58,48,438,528,108
128,50,294,139,585,686,108
34,21,134,106,496,594,108
25,24,41,38,372,474,109
26,21,42,37,397,501,109
29,25,37,33,402,482,109
40,31,60,49,451,542,109
38,29,76,64,470,570,109
41,26,87,59,460,552,109
44,32,132,104,495,591,109
26,22,54,44,392,498,109
49,29,109,70,489,591,109
36,25,72,45,429,534,109
28,23,49,39,416,517,109
58,49,89,74,461,555,110
44,30,100,70,486,582,110
40,24,63,42,442,524,110
48,33,106,83,475,569,110
37,25,109,80,486,581,110
45,30,99,84,486,584,110
40,29,131,113,502,604,110
25,24,36,35,379,479,110
30,24,56,48,428,514,110
62,37,201,127,539,630,110
64,39,118,70,502,600,110
54,25,143,87,515,612,110
43,34,98,75,477,562,110
51,33,169,118,520,609,110
43,28,86,61,463,550,110
52,35,80,64,466,564,110
38,24,110,74,482,576,110
30,20,64,38,438,528,110
31,27,76,68,449,538,110
22,22,22,26,376,482,110
110,56,367,194,602,702,110
59,34,140,101,524,617,111
25,20,35,23,374,479,111
28,22,23,24,385,489,111
43,34,57,44,451,547,111
55,36,109,73,501,596,111
33,27,58,56,444,533,111
18,20,16,27,310,420,111
46,33,93,77,480,575,111
52,36,77,47,473,575,111
40,26,98,70,492,582,111
30,20,66,47,446,541,111
173,56,676,295,689,784,111
28,23,43,40,405,487,111
40,29,76,58,470,561,111
100,60,263,187,568,662,111
102,53,251,141,557,655,111
57,29,130,69,511,610,111
29,22,70,48,440,529,111
45,34,117,93,496,585,111
107,63,230,135,550,645,111
41,28,79,45,468,554,111
52,29,112,51,482,579,111
32,22,54,39,415,510,111
38,26,86,59,468,570,111
37,23,87,53,453,551,112
55,31,138,88,497,595,112
32,23,58,50,472,568,112
112,68,241,150,571,665,112
61,46,126,95,499,590,112
34,24,71,56,436,543,112
30,23,61,49,424,531,112
93,55,205,122,555,650,112
66,36,102,57,489,587,112
54,27,127,58,519,597,112
48,33,87,55,456,552,112
47,32,83,60,493,591,112
42,40,54,60,423,524,112
27,22,55,47,413,503,112
79,46,211,123,548,649,112
35,23,76,62,454,561,112
57,36,147,99,506,599,112
58,33,104,66,477,566,112
33,28,57,49,422,515,112
27,24,32,28,393,491,112
31,20,106,81,481,582,112
21,21,48,49,393,502,112
76,38,210,127,549,650,112
91,43,357,126,586,662,112
40,27,92,67,462,563,112
46,23,71,31,456,554,112
67,39,205,141,542,641,112
65,44,144,109,515,607,112
33,21,66,37,429,526,112
48,26,134,94,519,614,112
74,39,181,98,540,627,112
35,27,102,81,477,570,113
47,33,124,94,493,591,113
56,31,296,160,579,678,113
33,27,75,63,452,550,113
25,21,29,25,388,462,113
97,43,369,197,609,701,113
45,29,112,74,487,590,113
124,74,372,240,606,707,113
24,21,46,44,389,495,113
70,41,215,142,548,647,113
67,35,199,110,553,648,113
44,35,85,67,463,549,113
118,43,287,115,577,674,113
26,22,65,60,459,556,113
114,48,476,237,640,738,113
21,20,40,37,392,498,113
21,20,47,47,388,495,113
108,56,306,145,584,682,113
40,23,115,67,460,536,113
43,30,121,99,492,588,113
148,74,358,154,605,700,113
29,20,89,65,454,555,113
46,22,574,183,659,737,113
42,22,165,94,493,594,113
101,46,328,162,590,686,113
51,28,146,95,514,612,113
71,40,145,93,517,610,113
24,23,36,41,384,494,113
102,50,222,94,562,657,113
64,46,155,128,524,617,113
59,38,190,142,527,627,113
195,85,554,227,652,748,113
120,61,377,235,616,713,113
139,68,413,228,616,712,113
48,29,156,111,516,605,113
28,25,35,32,368,470,113
42,23,96,61,493,591,113
160,64,471,173,626,717,113
34,21,154,94,511,606,113
177,91,597,341,672,771,113
58,40,134,92,493,597,114
25,22,31,27,367,462,114
35,23,110,88,459,557,114
72,46,156,94,521,618,114
52,30,134,96,508,602,114
122,68,324,205,584,682,114
27,20,48,31,396,490,114
21,20,36,37,391,490,114
28,24,30,28,430,530,114
39,24,110,76,493,589,114
43,32,125,95,506,604,114
30,22,51,43,435,510,115
46,32,155,115,524,618,115
35,24,77,55,465,555,115
34,21,80,47,478,575,115
31,20,105,82,474,568,115
26,21,35,30,379,493,115
65,38,143,77,513,609,115
23,22,31,33,414,504,115
44,28,67,49,454,560,115
59,37,94,56,479,567,115
27,21,50,39,414,517,115
133,66,452,248,626,724,115
164,62,499,192,629,726,115
46,37,76,63,445,547,116
80,39,222,104,545,641,116
39,29,79,61,449,553,116
31,24,39,36,422,500,116
23,20,34,30,400,500,116
47,34,108,86,479,569,116
27,29,23,34,370,490,116
36,28,70,58,448,534,116
34,23,100,66,460,558,116
32,25,65,58,436,520,116
139,57,475,272,623,717,116
76,43,208,128,548,642,116
24,20,38,34,411,497,117
77,39,217,119,550,649,117
36,21,147,110,485,589,117
48,31,113,87,486,587,117
30,25,60,53,425,527,117
29,21,50,36,436,521,117
23,22,32,31,360,475,117
64,34,163,102,538,634,117
26,23,66,59,438,520,117
22,21,39,41,389,480,118
26,24,53,48,408,512,118
44,36,124,107,486,585,118
41,27,97,73,482,584,118
33,23,44,29,413,517,118
39,30,75,58,467,563,118
30,23,40,35,390,496,118
43,25,119,61,504,605,118
43,32,79,52,466,566,118
29,23,50,47,404,521,118
27,22,51,42,396,492,118
30,24,66,53,442,545,118
58,41,142,106,515,612,118
27,22,55,50,411,519,118
82,43,238,143,563,658,118
75,45,214,136,535,630,118
79,40,218,115,544,639,118
25,21,46,44,421,515,119
120,56,504,293,638,735,119
156,74,519,286,644,738,119
101,56,200,102,546,644,119
29,24,45,34,393,509,119
143,64,597,336,669,766,119
64,34,168,78,522,624,119
28,22,37,30,383,508,119
28,24,42,40,400,503,119
60,44,139,97,498,598,119
62,31,210,134,529,625,119
497,113,996,265,760,856,119
24,23,43,38,397,491,119
29,24,54,39,394,494,119
72,41,121,64,497,594,119
49,36,122,98,494,591,119
30,21,82,63,460,543,119
28,21,73,59,455,554,119
33,21,84,61,445,548,119
47,26,104,62,481,590,120
24,21,67,63,428,527,120
35,26,70,52,439,537,120
31,26,65,56,434,530,120
39,36,48,47,435,534,120
35,30,63,57,423,530,120
48,33,122,89,483,577,120
44,33,89,67,458,551,120
34,25,79,58,461,557,120
30,25,61,52,416,512,120
30,23,59,48,438,540,120
45,26,91,59,458,562,120
46,31,93,58,483,587,120
36,27,75,60,455,550,120
21,20,38,33,367,468,120
25,20,55,54,396,513,120
43,27,117,85,500,596,121
44,25,120,76,489,580,121
42,34,94,82,469,568,121
66,43,199,148,533,633,121
64,36,199,128,543,641,121
187,70,503,257,640,736,121
270,88,745,295,705,801,121
58,42,103,55,491,585,121
44,29,104,71,502,600,121
49,29,130,81,490,583,121
24,22,59,51,420,506,121
26,20,64,44,426,519,121
47,30,134,102,498,590,121
37,27,45,28,397,502,121
55,36,150,112,515,614,121
76,42,301,210,572,672,121
23,20,76,72,412,520,121
50,32,85,58,479,569,121
30,21,74,62,437,538,121
32,21,77,54,460,563,121
51,32,107,81,480,579,122
27,26,43,47,400,491,122
39,30,78,65,467,558,122
36,32,63,60,443,538,122
31,24,43,35,423,517,122
32,22,81,60,435,542,122
53,32,218,137,542,636,122
28,22,77,62,463,557,122
25,21,57,53,443,535,122
22,25,19,26,314,427,122
41,29,91,70,472,576,122
27,22,38,35,396,503,122
31,21,51,33,433,522,122
31,23,66,56,432,534,122
35,26,45,28,418,511,123
29,20,34,30,374,487,123
38,28,52,34,446,554,123
24,22,23,18,334,488,123
32,26,44,36,403,508,123
37,25,107,82,487,589,123
51,24,147,84,525,627,123
36,24,70,46,454,555,123
48,30,115,85,492,588,123
28,21,32,20,368,475,123
58,43,143,116,495,602,123
49,28,94,47,471,552,123
34,29,70,62,447,541,123
38,24,84,58,468,563,123
31,24,56,45,416,519,123
35,22,78,52,455,537,123
57,34,157,114,534,637,124
27,23,36,35,400,505,124
42,29,99,78,468,562,124
83,44,245,135,554,653,124
39,31,79,72,454,547,124
46,33,108,86,493,588,124
30,21,91,73,454,555,124
29,27,41,41,390,509,124
46,38,63,59,439,532,124
62,38,160,113,524,623,124
23,22,19,20,340,453,124
36,27,96,74,459,560,124
30,27,32,31,379,467,124
68,33,223,112,546,645,124
34,24,70,67,456,564,125
22,20,34,32,364,475,125
43,32,104,74,476,565,125
42,32,79,62,463,560,125
39,30,63,50,448,547,125
44,22,101,57,484,600,125
34,21,47,30,420,540,125
73,38,177,111,536,622,125
42,23,74,49,438,550,125
45,26,79,47,452,545,125
30,21,57,43,450,545,125
31,22,55,43,422,517,125
53,28,86,45,469,565,125
101,45,207,93,540,636,125
36,25,69,49,452,557,125
48,38,95,84,472,571,125
26,23,56,56,423,525,125
60,35,174,114,523,621,125
70,35,174,109,535,634,125
24,20,29,27,341,458,125
141,61,549,258,652,751,125
39,32,99,84,465,564,125
25,22,67,62,419,521,125
69,32,135,73,503,604,125
34,31,32,33,403,504,125
31,25,47,32,416,513,125
28,26,41,44,389,497,125
26,21,53,51,414,537,125
27,20,55,41,440,542,125
32,20,80,54,462,564,126
51,29,98,65,470,569,126
39,31,65,57,451,548,126
67,48,117,95,499,594,126
25,21,31,30,371,476,126
66,44,145,105,522,622,126
49,31,78,59,492,593,126
20,20,24,29,357,466,126
50,37,81,59,464,551,126
36,30,65,54,452,544,126
45,33,108,88,473,572,126
53,38,100,76,475,574,126
27,21,56,52,422,540,126
23,20,52,46,406,504,126
28,24,70,64,450,546,126
33,24,70,52,453,545,126
50,37,85,65,472,573,126
63,40,154,104,508,598,126
41,31,136,110,493,602,126
29,24,63,56,456,549,126
32,27,66,57,447,554,126
47,27,109,57,487,567,127
43,31,77,65,463,563,127
31,26,55,46,427,531,127
22,21,50,52,398,483,127
60,38,181,121,537,638,127
50,35,98,69,483,585,127
29,23,84,71,446,550,127
23,23,20,25,349,440,127
39,25,93,65,476,577,127
44,33,82,59,459,548,127
38,26,104,85,463,575,127
33,28,45,39,399,515,127
33,25,92,77,461,563,127
26,22,67,55,431,517,127
47,30,97,77,484,581,127
63,36,161,113,533,633,127
34,26,83,72,464,566,127
126,57,405,227,613,709,127
33,26,59,47,434,540,127
26,23,32,26,400,489,127
62,49,126,100,495,586,127
60,27,236,120,584,684,127
94,52,245,134,561,660,127
85,49,254,184,583,678,127
62,40,153,96,511,609,127
22,21,33,33,370,478,127
78,41,150,84,527,627,127
38,26,89,64,469,581,127
33,20,97,58,457,558,127
33,28,48,34,414,506,128
77,39,257,150,549,646,128
86,53,165,116,542,640,128
44,32,72,61,452,557,128
27,23,57,50,412,522,128
25,20,61,53,408,526,128
41,27,60,48,445,539,128
29,27,41,45,422,526,128
52,24,89,37,470,575,128
34,28,95,87,447,558,128
36,26,58,44,454,548,128
113,69,241,157,575,674,128
45,26,148,96,513,609,128
39,25,36,22,441,536,128
27,23,41,39,402,500,128
21,20,41,43,385,496,128
46,35,80,66,457,553,128
58,38,154,113,510,611,128
59,36,130,78,510,611,128
23,21,50,45,417,506,128
94,45,366,170,591,690,128
27,25,26,27,350,455,128
26,22,45,41,387,489,128
56,37,159,121,521,623,128
126,56,370,174,612,710,128
33,21,69,54,446,544,128
140,64,490,281,646,745,128
64,32,273,173,572,673,128
79,38,407,180,611,712,128
138,59,619,351,676,773,128
67,32,179,89,530,629,128
54,40,169,142,512,612,128
28,22,46,34,402,503,128
165,59,502,177,656,751,128
28,20,97,81,465,563,128
27,20,42,30,393,494,128
270,92,731,354,719,816,128
308,110,774,281,703,799,128
30,24,58,48,420,525,129
34,24,68,48,453,553,129
24,24,32,40,387,506,129
185,77,497,260,630,726,129
24,21,31,26,383,473,129
30,25,55,45,425,519,129
34,28,91,84,453,571,129
57,32,152,90,512,612,129
34,28,57,47,430,534,129
30,21,65,48,412,514,129
96,33,655,313,652,752,129
39,23,124,72,508,608,129
46,23,142,84,495,582,129
53,31,162,102,527,619,129
33,26,67,59,427,531,129
18,20,15,23,293,425,129
72,46,151,91,516,617,129
28,20,41,32,424,524,129
53,37,103,73,481,572,129
59,37,215,158,541,633,129
29,21,66,55,437,535,129
30,28,33,30,390,495,129
127,41,375,149,609,707,129
171,63,509,212,652,747,129
36,24,63,37,446,535,129
109,68,252,140,567,667,129
144,68,597,343,681,779,129
47,28,97,59,468,578,129
30,23,62,54,439,539,129
36,28,42,32,413,499,129
94,53,351,210,600,694,129
26,21,38,39,384,482,129
120,48,282,120,564,663,130
48,28,128,60,488,561,130
201,82,721,328,693,791,130
78,35,288,154,575,675,130
49,36,107,89,497,596,130
187,74,659,335,694,792,130
258,100,467,220,644,744,130
98,54,332,197,592,692,130
134,60,449,229,653,750,130
23,20,38,33,380,474,130
45,25,108,60,483,588,130
20,20,43,39,374,477,130
37,20,60,35,436,538,130
35,30,67,56,438,533,130
27,20,71,54,427,518,131
28,22,52,45,439,528,131
36,23,102,65,449,553,131
21,21,22,28,356,459,131
30,22,51,42,429,518,131
32,20,40,27,434,541,131
35,25,100,83,479,572,131
28,23,23,21,402,499,131
42,31,94,75,465,561,131
21,22,18,22,371,480,132
33,30,72,64,445,535,132
25,21,59,55,420,513,132
27,24,54,43,407,502,132
50,28,117,66,496,604,132
30,24,57,48,413,523,132
103,58,236,129,567,661,132
60,42,136,97,492,591,132
40,31,70,52,449,548,132
25,23,48,45,410,520,133
27,22,47,38,436,539,133
36,30,75,55,451,555,133
30,25,48,39,419,509,133
40,27,75,60,459,567,133
54,27,94,53,479,578,133
48,31,95,64,477,575,133
29,25,34,33,403,498,133
26,21,27,22,351,457,133
74,46,172,118,537,632,133
36,24,61,41,440,527,133
72,41,144,78,517,611,133
36,22,76,48,450,547,133
47,31,124,93,502,604,133
84,55,246,179,559,658,133
30,23,54,45,426,530,133
35,20,98,67,468,567,133
53,31,145,78,500,594,133
37,25,76,61,478,578,134
93,54,160,110,529,624,134
46,28,99,63,479,573,134
41,31,102,78,476,571,134
96,46,335,182,596,695,134
34,28,61,51,434,533,134
43,30,119,89,490,584,134
22,21,34,28,356,464,134
31,22,84,65,457,556,134
33,23,58,47,413,530,134
24,20,34,29,393,491,134
24,20,75,65,454,538,134
29,25,54,44,406,499,134
22,22,14,19,353,435,135
20,21,30,36,350,458,135
30,24,50,46,404,511,135
39,32,44,34,439,525,135
46,29,96,72,466,572,135
33,29,44,45,400,513,135
32,26,33,32,413,504,135
29,22,53,42,411,523,135
46,31,111,78,495,589,135
27,25,47,45,379,507,135
23,20,50,47,392,506,136
41,26,58,29,427,519,136
36,24,78,54,460,549,136
32,21,70,44,406,509,136
60,34,145,105,504,610,136
37,26,62,39,438,527,136
71,42,212,145,552,653,136
27,20,36,25,382,479,136
35,30,51,47,448,539,136
65,36,192,123,549,648,136
30,25,74,61,437,529,136
25,21,51,44,412,500,136
53,40,151,125,507,605,136
46,32,117,91,502,596,136
27,24,32,25,391,473,136
124,50,466,188,634,730,136
124,53,464,219,630,730,136
350,94,821,297,735,830,136
21,20,35,35,392,483,136
38,28,100,68,463,555,136
50,37,132,103,503,604,136
25,20,59,51,432,526,136
26,25,24,26,375,481,137
25,21,65,51,426,523,137
32,24,58,40,432,518,137
32,21,99,83,483,573,137
23,20,39,33,381,494,137
59,38,112,66,496,587,137
30,23,48,36,403,491,137
69,39,282,179,577,676,137
55,39,146,119,495,595,137
25,21,42,40,381,483,137
22,22,37,40,390,474,138
21,21,27,32,380,460,138
33,21,87,53,457,545,138
38,33,49,48,423,515,138
76,32,343,147,600,699,138
21,21,29,30,324,445,138
33,24,71,51,419,534,138
22,22,21,25,355,456,138
36,29,61,44,428,517,138
30,25,46,40,418,518,138
22,23,28,35,358,462,139
46,35,84,77,474,579,139
25,20,51,44,425,520,139
38,27,62,47,449,547,139
27,25,53,49,420,527,139
62,38,121,77,510,612,139
36,26,49,41,460,563,139
28,21,68,55,460,565,140
40,27,104,73,480,573,140
93,54,215,149,558,653,140
34,20,64,43,463,552,140
37,30,85,79,462,564,140
30,20,42,36,415,517,140
89,54,195,127,544,644,140
29,21,61,50,441,539,140
37,28,68,58,476,565,140
54,33,96,63,473,576,140
59,42,116,101,488,578,141
33,20,85,41,434,537,141
42,28,67,48,450,556,141
49,21,92,44,492,589,141
30,21,70,50,449,543,141
29,21,65,55,437,538,141
46,26,133,97,515,613,141
34,22,73,51,443,543,141
79,35,258,130,563,657,141
53,29,153,88,521,618,141
90,48,154,72,534,628,141
24,20,50,39,418,521,141
35,25,76,55,444,541,142
67,40,182,119,538,639,142
23,21,28,32,407,501,142
63,34,221,142,555,654,142
56,35,124,77,493,594,142
82,42,196,107,554,645,142
30,20,65,51,418,541,142
125,53,465,208,638,733,142
61,40,145,105,508,601,142
24,21,49,48,391,493,142
85,50,155,103,532,629,142
63,43,109,78,493,586,142
36,29,93,79,460,556,142
34,21,69,49,436,533,142
75,35,186,94,539,639,142
30,22,61,47,433,531,142
139,72,399,181,613,709,142
28,21,80,60,438,541,142
48,28,106,62,483,577,142
41,24,95,42,467,559,142
26,23,61,56,431,532,142
23,20,28,22,351,466,142
41,26,62,37,446,552,142
40,27,97,83,481,572,143
32,24,58,39,450,543,143
106,59,215,122,541,641,143
25,23,36,36,388,485,143
30,23,81,72,454,557,143
28,22,48,38,418,517,143
34,25,102,84,466,566,143
42,32,97,79,464,565,143
24,20,45,36,417,519,143
27,21,68,55,438,535,143
47,22,89,48,468,566,143
84,47,210,130,566,662,143
35,28,49,43,395,505,143
92,41,298,160,584,678,143
71,48,174,131,516,611,143
131,54,590,242,657,756,143
27,21,78,61,430,531,143
25,24,37,38,394,457,143
34,22,61,44,435,548,143
28,20,54,30,427,526,144
59,35,106,70,475,565,144
42,30,51,38,420,515,144
43,27,87,63,496,587,144
38,29,76,54,448,521,144
138,57,399,169,621,720,144
48,33,81,58,469,580,144
35,25,99,82,463,564,144
39,31,42,34,424,524,144
23,21,77,74,407,503,144
40,31,82,71,448,556,144
44,30,125,96,488,591,144
61,36,192,123,533,629,144
29,27,42,45,417,513,144
30,22,51,38,417,502,144
36,27,59,46,438,528,144
39,25,137,99,498,591,144
84,35,265,140,590,688,145
36,21,117,77,481,580,145
35,25,108,79,455,560,145
40,28,78,54,450,551,145
48,30,110,81,470,570,145
53,30,92,50,491,581,145
27,25,53,53,409,505,145
31,24,59,48,421,512,145
53,28,134,96,498,593,145
48,34,110,85,488,590,145
81,45,251,166,570,664,146
57,35,167,115,524,614,146
24,20,52,48,459,550,146
24,23,31,30,371,462,146
179,81,483,230,638,732,146
21,21,49,51,390,484,146
68,36,148,87,535,652,146
108,61,223,131,558,651,146
155,65,589,255,657,754,146
28,23,42,40,434,532,146
39,27,81,54,473,577,146
42,21,112,51,484,570,146
27,21,64,50,424,515,146
27,20,51,37,418,518,146
25,21,37,34,415,525,146
158,68,392,188,615,713,146
40,28,116,100,497,598,146
31,26,45,32,403,511,146
45,33,99,75,471,574,146
44,22,97,64,473,573,146
24,21,38,39,384,492,146
21,20,22,26,365,465,146
59,32,134,94,511,606,146
30,23,60,50,448,545,147
94,48,241,111,559,654,147
73,45,186,133,535,634,147
40,28,57,38,425,523,147
29,26,72,70,430,537,147
42,22,124,64,467,569,147
25,21,45,37,403,494,147
54,29,127,72,512,602,147
81,57,153,109,531,629,147
26,21,51,42,406,512,147
23,20,60,53,410,492,147
27,21,48,38,404,489,147
134,55,485,227,647,742,147
199,67,569,221,640,740,147
175,74,530,282,652,745,147
144,63,411,168,609,706,147
30,22,75,55,445,532,147
29,23,53,49,420,541,147
223,82,612,206,654,751,147
91,44,232,132,561,658,147
24,23,47,44,398,484,147
23,21,32,30,363,464,147
227,77,740,382,731,826,147
77,50,233,168,554,652,147
31,26,31,30,407,498,147
36,26,64,48,438,532,147
24,24,37,34,392,468,147
202,85,602,295,658,755,147
76,31,230,101,562,667,147
110,51,477,288,628,728,147
108,52,525,307,647,742,148
236,60,473,149,629,725,148
23,21,34,33,394,495,148
39,20,86,44,446,549,148
26,22,38,28,376,469,148
29,25,38,33,402,510,148
37,33,57,46,412,502,148
54,49,88,87,463,565,148
43,29,90,57,458,537,148
41,24,93,69,476,573,148
29,21,47,37,396,505,148
47,41,78,67,456,560,148
62,30,236,125,559,659,148
27,23,45,39,399,473,148
27,23,49,38,410,472,148
25,23,40,41,375,479,148
35,31,46,40,423,495,149
32,25,54,49,440,525,149
30,23,60,55,420,512,149
28,20,47,37,419,533,149
32,25,106,83,485,585,149
28,24,37,33,404,505,149
37,31,71,61,450,543,149
36,27,81,59,445,540,149
24,20,63,55,412,515,149
35,22,68,51,435,525,149
31,22,70,50,443,541,149
48,21,70,29,445,540,150
19,20,32,35,382,477,150
25,20,44,40,393,498,150
37,25,83,63,457,557,150
53,34,130,77,492,582,150
30,23,48,38,417,508,150
30,25,61,55,434,530,150
32,22,110,84,491,576,150
24,23,24,30,351,474,150
23,23,45,42,413,506,150
36,28,64,59,450,551,150
38,24,111,70,484,586,150
25,20,74,64,422,527,150
20,20,24,27,360,437,150
29,20,52,36,416,513,150
31,25,53,44,431,528,150
67,30,206,104,533,632,150
42,31,70,54,453,546,151
56,36,137,104,509,608,151
50,31,81,51,471,567,151
36,29,60,48,432,509,151
23,20,43,41,408,518,151
42,31,107,83,473,563,151
29,23,59,51,413,517,151
25,24,30,33,389,485,151
28,20,41,30,401,483,151
39,24,140,110,495,584,151
47,31,90,66,469,547,151
38,26,128,104,496,594,151
53,34,156,115,527,622,151
36,21,112,72,477,577,151
24,21,60,53,417,514,151
146,56,667,252,663,760,151
26,22,53,49,410,514,151
31,23,74,62,434,535,151
30,23,31,25,379,486,151
61,41,142,104,510,609,152
35,23,77,56,451,540,152
142,63,300,128,582,677,152
30,22,40,30,419,512,152
45,28,73,41,450,540,152
58,30,214,137,542,643,152
29,23,32,27,385,472,152
68,56,97,87,485,578,152
51,37,99,77,485,584,152
45,29,100,77,491,577,152
59,41,173,124,524,623,152
27,21,68,51,465,545,152
32,20,67,45,431,508,152
23,22,26,24,387,461,152
37,22,110,78,484,587,152
67,36,180,99,535,636,152
27,20,69,54,442,544,152
47,27,95,48,465,551,153
29,21,66,42,419,525,153
38,25,84,68,474,577,153
38,32,63,60,440,532,153
58,41,124,87,504,598,153
27,20,39,27,406,514,153
61,31,176,103,522,623,153
66,42,142,104,519,619,153
50,29,103,55,485,580,153
36,22,89,68,466,555,153
60,36,189,122,534,636,153
59,36,128,95,521,617,153
23,21,28,29,383,472,153
44,31,128,99,492,581,153
31,22,60,51,427,540,153
38,31,62,56,447,546,153
26,24,42,41,401,500,153
37,25,97,62,472,562,153
115,52,315,162,586,683,153
20,20,23,26,348,457,153
32,23,65,49,421,522,153
33,25,108,82,467,562,153
86,48,180,116,535,632,153
32,21,34,26,414,498,154
44,27,105,73,506,597,154
37,20,118,83,474,575,154
46,27,143,100,516,610,154
59,34,147,99,490,589,154
66,49,116,90,510,604,154
44,26,160,110,515,622,154
155,72,481,242,642,738,154
87,57,269,181,555,657,154
97,66,166,110,528,624,154
91,35,456,197,593,689,154
24,21,42,32,369,481,154
40,33,83,71,470,565,154
74,47,154,88,513,648,154
25,20,33,25,370,471,154
34,25,48,38,428,532,154
32,24,70,55,435,529,154
78,28,579,252,620,719,154
34,29,57,52,432,531,154
39,34,31,31,408,516,154
27,21,57,48,426,540,154
26,26,36,37,356,483,154
40,28,86,66,475,562,154
57,31,192,129,539,640,154
110,66,254,183,592,691,154
26,24,44,44,405,507,154
192,65,723,260,694,790,154
87,47,303,166,571,675,154
42,26,97,68,479,572,154
30,24,58,41,428,535,154
38,27,77,58,449,555,154
40,25,96,67,480,568,154
66,39,232,158,555,656,154
208,62,719,333,715,813,154
155,82,414,200,615,708,154
152,78,412,182,614,711,154
62,43,142,111,527,620,154
45,31,131,103,495,597,154
64,40,174,123,545,643,154
47,29,127,98,489,593,154
204,64,648,226,660,760,154
119,65,388,244,609,710,154
304,85,807,381,727,824,154
198,80,572,229,649,746,154
54,33,127,82,507,604,155
83,42,291,158,572,668,155
102,52,309,189,613,713,155
23,20,23,26,363,467,155
96,48,232,144,569,665,155
32,25,60,52,435,529,155
40,29,110,85,475,575,155
31,20,38,27,419,509,155
51,25,166,99,512,607,155
127,68,330,191,591,684,155
24,22,47,44,428,522,155
23,23,22,23,356,457,155
25,21,40,37,411,537,156
34,29,53,47,442,531,156
63,26,146,66,512,611,156
33,21,70,44,448,535,156
19,20,36,40,389,482,156
95,49,233,144,553,652,156
27,22,47,35,421,520,156
39,26,83,52,468,545,156
53,32,115,70,495,585,156
53,40,104,90,480,579,156
35,21,69,53,440,535,156
83,39,394,247,591,684,156
29,23,66,61,424,527,156
24,24,25,30,343,441,156
56,32,139,80,512,611,156
36,29,49,46,412,510,156
25,22,52,48,416,513,156
39,31,83,67,455,542,156
35,25,82,64,462,556,156
52,32,111,71,498,600,156
90,46,225,139,554,649,156
33,24,76,56,451,544,156
43,37,73,61,442,535,156
223,56,885,216,722,821,156
34,20,82,58,460,544,156
34,25,79,60,468,566,156
44,24,65,37,457,559,157
49,32,48,29,420,527,157
28,23,60,49,433,530,157
54,36,122,78,491,585,157
23,20,51,42,398,497,157
31,23,62,45,434,527,157
23,22,48,50,381,482,157
19,21,17,21,370,440,157
37,25,88,71,479,580,157
30,22,67,52,427,547,157
107,38,470,189,619,720,157
20,20,39,42,371,485,157
37,29,93,85,480,581,157
30,20,68,46,439,541,157
34,26,89,75,461,568,157
40,20,92,65,464,576,157
27,24,61,57,421,515,158
116,55,391,214,623,724,158
186,93,344,147,602,699,158
66,35,132,68,495,604,158
72,35,169,93,524,623,158
24,21,21,24,379,488,158
53,27,84,36,480,583,158
39,29,71,59,465,557,158
80,43,242,143,559,658,158
58,35,122,66,492,591,158
72,43,211,153,552,645,158
25,22,26,25,390,475,158
92,56,174,93,540,634,158
128,46,427,203,620,717,158
48,30,99,72,492,586,158
261,62,843,228,708,804,158
45,33,62,50,462,554,158
57,30,135,77,520,602,158
23,22,24,22,373,460,158
49,33,77,48,466,547,159
45,32,119,102,479,579,159
30,21,79,60,468,567,159
32,20,71,41,453,546,159
30,23,67,52,444,536,159
30,20,85,56,482,575,159
86,57,125,58,530,629,159
58,39,75,54,491,588,159
45,30,98,70,479,569,159
42,32,74,66,471,566,159
33,23,103,77,480,569,159
44,29,87,56,465,564,159
64,42,172,127,531,633,159
179,60,503,223,637,730,159
28,24,51,49,409,515,159
84,56,202,150,555,653,159
82,39,259,133,582,680,159
82,39,297,163,592,691,159
181,52,481,171,634,731,159
67,41,159,101,504,605,159
56,28,164,107,532,635,159
149,66,582,325,669,762,159
75,31,248,120,553,641,160
73,36,306,152,579,680,160
29,21,86,58,452,544,160
31,23,109,85,483,576,160
48,29,69,44,444,546,160
33,31,33,37,393,509,160
40,23,73,40,458,544,160
41,30,57,45,446,533,160
40,26,114,89,482,578,160
63,51,72,64,495,592,160
45,32,89,61,469,567,160
32,22,64,50,440,526,160
24,20,35,35,386,485,160
35,24,112,78,488,590,161
24,23,35,42,407,494,161
27,22,58,58,432,520,161
20,20,28,29,343,446,161
35,27,67,51,438,539,161
38,33,58,49,454,545,161
22,20,44,34,391,488,161
45,26,121,78,496,590,161
61,43,137,106,513,611,161
53,32,156,100,511,608,161
45,26,123,95,502,600,161
35,32,44,47,419,524,161
23,21,23,20,371,460,161
27,21,41,31,403,507,161
72,45,159,112,522,625,162
26,21,44,37,421,505,162
30,23,47,37,422,518,162
29,20,56,49,424,518,162
32,21,64,41,425,522,162
22,22,25,29,335,478,162
89,42,282,158,567,667,162
43,31,95,72,495,593,162
52,30,145,109,513,610,162
31,23,63,54,431,525,162
30,25,48,45,420,547,162
30,23,50,46,458,557,162
34,24,48,35,399,490,163
32,22,59,44,445,529,163
25,22,48,47,417,521,163
21,20,32,35,389,495,163
38,23,117,83,486,576,163
26,23,48,46,386,493,163
35,25,96,74,472,565,163
37,22,79,47,465,561,163
41,30,86,68,461,561,163
46,23,76,40,471,557,163
61,36,143,100,506,596,163
24,21,28,27,383,475,163
37,25,82,62,454,545,163
30,25,50,48,423,534,163
52,41,103,87,475,567,163
43,33,68,55,456,558,163
28,20,49,42,425,513,163
25,24,33,37,388,487,164
22,20,24,26,372,462,164
34,23,64,50,436,547,164
41,33,83,73,456,555,164
47,31,106,75,487,579,164
32,24,63,39,449,548,164
31,21,89,60,466,558,164
23,20,46,45,411,504,164
55,28,119,68,492,588,164
30,22,62,43,435,532,164
68,41,190,126,548,648,164
75,48,164,117,536,633,165
37,22,72,43,456,559,165
97,53,226,128,565,665,165
73,30,281,116,561,661,165
25,22,30,29,371,475,165
32,24,77,61,456,567,165
76,38,138,58,540,641,165
44,29,94,73,496,596,165
49,34,92,69,476,570,165
92,49,241,155,564,658,165
58,28,208,123,544,637,165
274,111,556,196,660,759,165
66,42,142,87,521,621,165
36,28,82,68,463,560,165
23,21,32,31,384,497,165
216,67,701,315,681,781,165
25,20,40,26,398,487,165
100,45,231,129,567,657,165
274,67,846,275,719,819,165
155,55,531,210,653,754,165
27,22,42,34,395,490,165
46,35,101,85,475,575,165
32,22,120,98,481,582,165
43,29,127,94,495,593,165
86,51,196,139,546,645,165
319,84,802,234,687,783,165
28,24,46,42,383,479,166
29,20,46,32,422,519,166
29,26,34,35,382,488,166
40,27,97,71,484,579,166
66,42,139,101,518,619,166
35,26,107,81,472,570,166
26,26,30,34,355,445,166
27,20,49,32,427,514,166
24,24,35,37,375,474,166
48,29,100,77,488,607,167
72,38,203,119,550,648,167
164,82,380,177,616,713,167
34,24,40,29,402,519,167
42,25,76,47,466,563,167
90,55,199,122,551,644,167
44,22,81,35,450,554,167
49,32,87,66,462,555,167
29,25,51,45,414,516,167
38,23,58,34,412,550,167
28,22,56,50,430,534,168
49,23,98,55,479,568,168
34,20,60,39,425,527,168
25,25,38,39,394,502,168
26,25,43,46,399,507,168
54,32,154,100,497,596,168
32,22,81,55,459,566,168
29,23,75,58,436,533,168
29,20,38,34,375,470,168
30,22,75,59,424,524,168
41,28,82,68,461,560,168
22,20,55,53,414,524,168
35,32,63,66,450,549,168
50,32,71,38,462,557,168
50,36,125,106,505,596,168
25,20,41,35,404,510,168
28,23,49,42,407,508,169
30,20,65,48,438,533,169
60,32,178,122,531,629,169
110,56,288,128,581,681,169
24,23,38,38,398,499,169
47,30,132,98,501,603,169
55,37,140,112,493,589,170
51,42,79,70,479,578,170
38,24,97,77,480,573,170
34,22,101,70,466,551,170
32,22,94,80,456,549,170
31,23,58,48,453,547,170
31,23,83,62,459,551,170
24,20,49,39,418,521,170
21,20,33,33,376,459,170
41,31,85,65,462,558,170
86,54,224,151,565,658,170
34,25,73,46,427,527,170
25,22,66,51,429,522,170
26,22,51,36,414,510,170
29,21,72,48,417,522,170
44,28,126,95,505,603,170
24,20,28,26,379,481,170
53,32,109,73,490,591,170
30,23,96,80,456,558,170
38,27,60,41,449,558,170
23,22,19,18,368,455,171
24,20,53,47,417,501,171
28,24,50,39,400,478,171
67,39,209,148,556,649,171
36,24,49,32,442,545,171
123,56,389,155,605,705,171
26,25,51,51,394,497,171
33,29,57,46,422,529,171
34,21,113,72,469,568,171
25,20,48,40,412,506,171
40,26,156,115,517,614,171
34,29,71,73,428,524,171
74,47,184,125,524,619,171
35,27,89,72,468,560,171
79,47,203,135,542,640,171
67,47,139,107,519,621,171
86,59,223,154,552,646,171
41,30,85,66,465,557,171
41,23,277,183,556,650,171
109,66,249,150,569,665,171
166,84,350,152,623,723,171
25,20,68,57,418,506,171
27,20,62,50,445,531,171
183,50,562,163,645,738,171
33,26,60,48,428,533,171
30,22,55,43,419,506,171
32,24,93,64,471,567,171
40,20,83,40,460,545,171
34,20,174,128,516,615,171
32,24,45,37,390,462,171
29,23,43,37,433,537,171
75,32,254,136,571,671,172
47,30,75,55,462,571,172
23,20,48,41,431,517,172
41,20,163,98,508,597,172
23,20,60,51,415,525,172
31,26,48,42,401,505,172
29,20,79,58,479,582,172
39,29,73,59,454,546,172
37,20,127,83,497,585,172
88,44,230,138,571,668,172
79,51,228,171,550,648,172
24,23,19,25,364,450,172
104,45,237,87,562,660,172
24,20,41,39,415,521,172
21,20,21,23,349,461,172
59,30,153,82,533,629,173
30,25,55,44,411,506,173
21,21,14,19,288,472,173
19,20,33,36,369,465,173
24,21,49,46,424,523,173
32,24,69,54,427,541,173
26,20,44,36,401,488,173
47,29,75,48,462,560,173
37,26,81,60,448,530,173
22,20,35,34,394,476,173
38,30,63,51,459,562,173
31,25,60,51,414,510,173
42,35,66,56,445,545,173
69,29,160,64,537,640,174
20,21,28,34,373,483,174
36,28,76,62,456,551,174
28,21,65,53,411,502,174
42,26,88,47,474,575,174
38,22,88,60,483,565,174
46,26,100,74,482,579,174
81,36,219,78,544,644,174
52,36,152,125,515,610,174
67,43,194,141,539,638,174
35,22,82,63,463,562,174
32,26,71,59,449,547,174
44,33,104,82,485,579,174
35,21,79,58,443,542,174
24,21,45,45,402,512,174
55,32,134,88,512,608,174
37,30,52,46,434,528,174
34,22,87,54,463,562,174
36,26,75,62,469,563,174
38,26,79,57,461,561,174
33,24,66,50,440,544,174
24,20,40,34,391,482,174
85,51,202,150,543,642,175
31,22,51,40,430,522,175
59,36,169,119,523,621,175
25,20,59,47,426,524,175
56,32,171,105,526,625,175
45,24,90,54,455,560,175
26,22,34,33,364,484,175
73,41,186,131,525,637,175
183,88,502,281,637,736,175
40,28,121,95,506,604,175
24,21,54,45,420,497,175
88,46,213,123,563,659,175
65,36,210,120,547,645,175
211,76,605,214,666,764,175
127,54,492,280,630,725,175
135,70,339,181,599,694,175
33,21,82,52,458,556,175
67,43,267,183,566,663,175
24,21,28,25,395,466,175
129,56,571,244,635,735,175
199,78,685,244,674,769,175
39,24,131,94,487,578,175
85,45,344,214,594,688,175
117,54,684,356,688,784,175
26,20,81,69,443,538,175
27,25,26,31,362,469,175
54,37,118,93,483,572,176
36,28,74,62,446,548,176
30,23,64,53,419,519,176
44,39,96,93,460,563,176
31,21,29,21,369,462,176
30,20,63,47,437,542,176
34,24,56,45,436,529,176
25,21,53,52,407,508,176
30,20,69,48,463,562,176
26,20,37,26,374,474,176
37,20,96,67,481,573,176
34,26,37,31,413,511,176
38,24,81,62,444,565,176
48,31,70,43,464,551,177
23,20,29,25,371,487,177
30,24,46,41,407,503,177
61,46,120,87,495,596,177
31,27,63,49,450,549,177
57,41,137,113,505,596,177
19,21,27,30,337,430,177
27,20,56,42,437,520,177
25,23,45,42,402,507,177
47,33,89,67,459,561,178
25,24,25,31,367,455,178
33,20,52,24,415,481,178
32,27,55,41,428,535,178
27,26,44,44,379,496,178
36,25,60,45,439,542,178
80,43,258,154,556,656,178
22,24,22,30,382,467,178
25,21,54,50,422,524,178
23,23,18,16,342,439,178
47,35,102,91,492,589,178
37,28,72,51,438,531,178
22,22,34,36,371,473,178
27,21,64,52,433,512,178
38,31,62,57,436,530,178
26,20,48,42,422,509,178
31,22,81,63,458,541,178
46,34,53,44,429,530,178
28,21,65,50,441,540,178
19,20,21,27,343,463,178
33,24,43,23,412,503,179
25,20,34,25,364,452,179
31,21,71,53,445,543,179
24,21,50,47,410,518,179
23,21,39,43,394,476,179
36,24,94,53,462,560,179
33,28,99,83,457,561,179
41,23,107,73,483,580,179
35,25,79,63,450,555,179
38,34,58,54,435,519,179
66,39,200,139,550,647,179
71,34,249,147,562,659,179
41,36,74,63,454,541,179
47,29,147,102,519,618,179
31,23,50,38,404,512,179
22,20,38,33,390,488,179
27,22,52,47,426,518,179
22,20,26,21,373,443,179
84,44,173,113,534,632,179
50,31,161,115,514,605,179
57,27,181,97,525,613,179
50,30,165,96,507,601,179
27,24,36,38,397,499,180
229,89,589,221,657,751,180
108,41,279,134,580,672,180
35,28,74,63,455,540,180
62,33,104,56,494,588,180
39,29,81,62,463,569,180
29,21,65,39,427,538,180
19,21,20,24,325,417,180
51,23,126,72,504,597,180
35,30,51,43,411,503,180
25,21,47,35,413,522,180
33,29,79,70,450,543,180
30,23,86,69,450,546,180
20,20,32,30,373,460,180
36,23,96,65,466,565,180
21,22,41,44,377,471,181
70,41,183,105,541,634,181
52,35,93,73,489,587,181
21,22,18,23,379,455,181
42,20,87,42,470,552,181
31,25,69,60,439,549,181
37,29,75,66,450,558,181
40,26,88,69,473,577,181
19,21,29,37,320,452,181
30,21,51,40,435,537,181
42,36,67,62,459,545,181
22,20,48,49,413,530,181
26,22,55,48,403,509,181
27,22,44,35,415,510,181
71,50,151,116,515,613,181
89,29,720,267,658,762,181
37,24,88,68,468,562,181
48,30,146,92,507,607,182
109,45,199,92,560,654,182
37,26,95,78,451,560,182
64,38,126,65,506,606,182
40,31,81,66,469,566,182
29,25,39,35,404,507,182
33,20,86,54,481,565,182
28,25,49,42,423,525,182
48,29,154,113,513,607,182
90,42,212,100,531,626,182
30,21,62,55,436,528,182
28,20,93,70,474,568,182
31,22,78,59,427,523,182
51,26,167,100,530,631,182
230,79,539,184,644,740,182
48,36,139,117,493,592,182
34,26,43,36,432,512,182
51,39,101,71,469,567,182
91,44,271,144,572,674,182
38,30,83,67,462,563,183
24,20,35,28,401,510,183
35,29,46,35,432,521,183
40,31,88,75,464,555,183
21,21,28,26,379,467,183
32,27,44,38,423,526,183
26,25,20,20,314,428,183
41,25,121,83,497,600,183
31,20,136,97,487,576,183
72,37,221,116,559,652,183
123,56,412,217,624,719,183
22,20,40,34,399,482,183
33,22,72,47,444,531,183
36,29,83,68,452,546,184
50,24,96,56,469,570,184
65,33,206,98,536,636,184
23,20,42,43,429,516,184
39,22,102,53,474,569,184
32,25,49,41,417,503,184
30,20,66,49,447,542,184
32,28,42,40,390,502,184
63,40,106,63,467,560,184
52,33,168,107,510,610,184
40,25,109,70,490,589,185
35,26,55,40,418,521,185
25,22,30,29,388,484,185
36,21,87,58,461,567,185
41,26,73,41,451,543,185
33,25,52,43,429,541,185
25,20,53,45,427,515,185
22,21,30,31,379,481,185
33,25,56,47,426,535,185
29,23,53,41,420,524,185
28,20,58,41,440,549,185
52,43,73,68,471,572,185
30,25,43,35,393,500,185
62,34,125,66,512,604,185
26,21,50,44,415,515,186
99,50,187,77,535,632,186
24,23,31,26,350,459,186
39,27,63,49,453,546,186
24,22,46,47,401,502,186
43,31,145,111,488,579,186
97,65,242,184,561,656,186
39,29,47,39,438,550,186
104,47,282,126,574,674,186
25,24,31,34,385,490,186
33,31,43,43,413,509,187
34,25,76,62,443,549,187
80,35,285,153,581,684,187
50,32,110,70,497,594,187
51,32,161,108,495,595,187
152,55,433,206,635,728,187
39,29,62,50,438,539,187
116,51,516,225,618,714,187
54,37,123,100,501,595,187
41,26,66,37,460,541,187
48,28,111,81,477,585,187
26,21,56,44,386,500,187
37,31,62,55,447,537,187
60,35,142,88,500,603,187
69,41,200,145,532,633,187
38,26,82,64,463,563,187
45,26,71,45,449,554,188
39,27,70,57,448,541,188
29,26,61,61,410,518,188
27,22,34,27,393,478,188
69,41,189,132,542,639,188
25,20,59,47,409,499,188
40,30,82,65,460,560,188
108,56,255,127,566,663,188
30,20,40,28,400,501,188
41,28,122,92,484,583,188
47,30,65,44,455,579,188
110,65,302,183,588,679,188
41,28,91,54,454,549,188
30,22,38,29,385,491,188
128,62,350,201,605,706,188
45,33,107,80,480,580,188
143,57,446,208,622,721,188
63,32,181,103,538,631,188
40,23,87,53,486,585,188
87,47,241,172,551,651,188
106,53,268,140,569,666,188
44,25,168,126,511,613,188
56,37,123,92,502,597,188
244,80,555,150,654,749,188
32,26,64,55,402,500,189
32,26,66,55,431,525,189
49,31,123,90,499,605,189
25,21,75,51,448,541,189
57,38,199,149,545,642,189
61,35,153,108,522,621,189
30,21,102,73,465,554,189
111,61,280,145,583,682,189
49,24,170,93,523,600,189
36,29,56,44,416,507,189
55,30,95,58,460,560,189
100,57,221,119,547,647,189
37,26,112,87,484,578,189
228,79,719,261,690,786,189
41,35,79,69,471,564,189
95,47,317,191,581,679,189
29,23,49,42,428,526,189
38,27,53,37,440,531,189
29,24,35,32,408,497,189
41,29,87,68,458,561,189
24,21,58,56,421,516,189
48,29,77,41,450,542,190
47,25,115,84,482,589,190
30,21,52,35,438,529,190
22,22,33,32,406,505,190
29,21,77,62,450,548,190
96,50,323,201,581,676,190
42,31,114,95,478,569,190
38,32,55,47,421,519,190
38,26,66,51,449,549,190
29,22,78,66,479,573,190
36,22,72,56,456,545,190
47,28,77,38,463,561,190
30,20,79,50,442,535,190
22,20,55,50,421,516,190
24,20,49,44,432,520,190
41,20,69,43,442,550,190
23,25,21,27,345,457,191
63,37,134,95,507,603,191
60,43,129,103,494,600,191
80,47,217,145,557,657,191
56,40,79,47,444,544,191
71,39,319,197,578,678,191
129,63,409,246,614,710,191
44,35,78,65,457,558,191
21,20,45,45,396,489,191
30,24,27,26,387,487,191
37,29,91,70,444,545,191
41,35,64,61,446,549,191
35,21,179,120,519,616,191
101,60,421,268,610,704,191
30,24,58,47,421,521,191
36,20,45,30,436,525,192
43,23,80,46,459,547,192
32,22,54,42,433,542,192
78,46,171,111,535,630,192
21,22,27,29,366,462,192
32,26,51,43,441,526,192
49,35,133,85,504,594,192
167,58,504,192,636,736,192
27,20,34,26,400,496,192
24,22,31,24,365,448,193
33,24,95,77,471,563,193
21,20,22,24,342,449,193
36,22,41,26,402,516,193
29,20,60,43,425,520,193
29,21,67,56,429,526,193
40,24,88,58,462,561,193
78,47,216,153,547,642,193
26,20,65,50,411,508,193
28,25,44,42,393,487,193
67,43,214,166,549,645,193
27,20,82,61,451,546,193
29,21,75,57,445,534,193
34,23,59,47,422,535,193
41,35,76,67,454,551,193
83,41,270,155,588,682,193
134,60,455,251,631,724,193
41,23,40,22,400,498,193
27,24,36,27,411,488,193
52,33,69,47,450,547,194
34,26,70,55,429,523,194
103,38,297,125,581,678,194
62,30,276,170,545,647,194
45,34,99,73,472,564,194
71,37,98,55,498,601,194
41,28,84,65,468,562,194
30,22,59,44,424,518,194
46,21,92,47,477,570,194
111,67,263,169,635,669,194
37,34,43,43,437,530,194
43,28,154,121,509,603,194
27,22,56,45,400,497,195
240,85,726,292,701,796,195
41,28,75,57,480,580,195
299,92,751,249,705,801,195
31,28,43,40,388,495,195
46,33,129,103,489,581,195
24,21,54,48,412,496,195
27,23,53,46,436,529,195
44,34,99,79,457,554,195
20,20,18,18,333,447,195
62,35,161,112,540,640,195
36,24,75,53,453,550,195
28,20,46,34,381,487,195
23,21,37,34,392,477,195
30,21,80,62,461,542,195
21,22,28,31,399,489,195
39,26,74,55,453,546,195
31,26,46,41,417,521,195
36,26,62,44,420,519,196
55,31,107,67,497,594,196
27,23,23,22,388,485,196
88,48,280,179,590,687,196
40,28,81,62,451,546,196
40,26,111,81,485,580,196
23,22,48,48,374,479,196
92,55,268,174,583,679,196
60,33,219,107,533,625,196
27,20,95,70,462,557,196
59,35,132,95,501,609,196
51,33,111,73,484,576,197
45,30,71,56,447,556,197
40,25,148,88,483,563,197
71,41,153,98,523,620,197
84,48,187,123,553,648,197
29,23,61,54,454,551,197
58,38,106,57,486,581,197
44,26,134,102,502,598,197
37,27,72,57,460,555,197
42,26,84,54,479,567,197
27,22,59,51,428,516,197
55,30,118,77,503,599,197
102,52,285,150,579,668,197
28,21,59,43,424,484,197
31,26,46,42,424,508,197
27,21,50,38,429,500,197
64,44,82,63,498,587,197
21,21,32,38,360,467,197
45,35,88,75,476,583,197
30,23,62,50,426,531,198
43,30,88,60,467,560,198
79,47,146,94,538,632,198
30,26,56,54,426,524,198
51,35,151,108,514,608,198
50,32,97,63,461,552,198
23,21,21,26,354,457,198
50,31,74,46,459,553,198
55,45,109,96,494,586,198
34,20,106,76,502,598,198
29,21,61,41,441,531,198
41,25,97,72,452,547,198
44,25,136,95,501,606,198
74,47,189,122,547,639,199
36,28,57,47,444,535,199
21,20,30,28,373,472,199
31,25,72,57,447,540,199
61,29,184,88,548,644,199
33,27,58,47,428,531,199
104,49,368,207,600,691,199
76,47,555,249,620,714,199
41,23,68,38,429,527,199
35,20,208,140,509,610,199
28,20,50,42,443,540,199
24,20,34,31,395,488,199
45,30,140,98,507,602,199
26,20,43,37,398,469,199
26,21,36,32,396,483,199
31,24,84,77,461,553,199
25,20,43,38,393,497,200
28,22,72,63,429,518,200
72,43,206,131,545,642,200
69,41,222,150,554,648,200
52,37,96,76,490,577,200
31,21,65,42,435,536,200
38,26,81,55,447,552,200
60,29,185,109,532,629,200
66,43,117,74,491,584,200
105,70,330,244,586,684,200
30,24,55,47,432,522,200
46,33,84,70,463,568,200
50,39,50,42,448,551,200
87,49,259,172,573,675,200
33,21,82,55,450,559,200
40,32,75,63,454,550,200
34,25,77,66,458,563,200
46,24,119,85,506,604,201
54,31,97,61,493,585,201
29,26,42,41,413,517,201
39,30,84,70,460,557,201
45,36,73,62,458,556,201
36,25,103,81,480,567,201
48,31,89,49,491,585,201
61,38,93,50,481,586,201
92,58,200,133,548,642,201
33,23,102,78,478,578,201
45,32,83,58,480,561,201
35,22,120,94,498,593,201
41,24,92,61,475,572,201
42,27,77,54,466,562,201
65,31,90,47,478,581,201
60,44,152,122,504,609,201
83,47,286,192,590,682,201
28,22,46,42,412,507,201
70,48,219,157,545,643,201
58,33,166,122,531,630,201
83,50,172,112,531,623,202
33,24,92,70,457,565,202
83,48,148,90,536,629,202
60,36,194,132,534,631,202
116,57,294,173,570,670,202
40,31,92,64,446,546,202
53,34,147,109,524,621,202
26,22,49,47,383,492,202
125,60,328,169,597,696,202
46,23,185,96,534,633,202
85,50,237,149,558,654,202
275,68,842,239,679,777,202
61,33,165,108,537,625,202
30,23,74,56,446,535,202
106,54,388,226,615,709,202
32,25,58,42,431,505,202
93,38,186,81,544,638,202
177,79,554,246,650,748,202
95,57,290,190,578,672,202
49,31,114,81,479,583,202
32,20,94,60,474,567,202
362,102,843,249,715,819,202
76,52,171,126,533,629,202
140,56,331,117,594,689,202
140,76,369,204,600,695,202
114,53,377,161,609,704,202
24,24,24,27,356,457,202
46,26,78,41,457,549,202
33,23,54,36,421,532,202
30,26,67,55,428,528,203
32,25,73,54,446,531,203
38,20,61,29,414,511,203
35,23,119,79,495,591,203
95,46,351,216,604,699,203
22,20,33,31,414,498,203
46,22,62,28,439,533,203
30,27,56,57,414,524,203
26,23,23,20,368,470,203
56,34,151,98,520,613,204
25,23,38,37,377,498,204
41,30,75,60,453,542,204
25,22,61,54,427,521,204
45,34,121,102,485,578,204
57,39,116,85,501,598,204
31,21,58,38,412,506,204
49,25,193,118,521,616,204
23,22,26,28,344,460,204
40,30,108,83,490,576,204
42,28,76,58,452,542,204
24,23,38,37,395,491,204
51,27,155,103,508,600,204
25,21,38,28,386,476,205
28,24,63,62,424,525,205
31,28,41,36,388,493,205
31,25,40,33,426,519,205
64,43,151,101,519,612,205
25,20,51,42,404,493,205
71,46,148,116,520,619,205
52,35,126,93,493,590,205
66,39,236,156,565,664,205
175,79,347,150,601,706,205
20,20,20,24,371,458,205
61,42,153,124,516,612,205
39,30,66,53,444,546,206
31,24,58,44,431,532,206
33,26,61,50,430,536,206
54,39,127,91,514,618,206
30,26,46,39,422,512,206
31,22,85,50,451,545,206
31,23,50,39,409,520,206
58,33,182,122,535,628,206
34,30,50,50,413,510,206
40,27,39,21,423,526,206
51,30,138,106,519,619,206
71,32,155,96,518,610,206
25,20,51,37,422,495,206
48,34,95,74,480,578,206
28,21,43,40,431,535,206
56,38,165,121,522,616,206
50,32,106,75,470,566,206
46,26,82,54,463,567,207
79,30,399,191,589,685,207
84,53,205,126,549,643,207
27,22,57,48,391,506,207
36,23,76,46,442,543,207
28,22,45,30,425,525,207
27,23,33,33,391,497,207
82,41,239,124,562,658,207
32,30,37,36,381,486,207
24,22,19,16,306,448,207
38,23,57,34,441,528,207
46,30,114,77,498,595,207
70,34,152,65,525,613,208
22,23,33,37,359,474,208
27,22,38,28,398,518,208
42,24,147,94,507,597,208
25,23,53,49,393,479,208
26,21,43,33,394,499,208
30,24,71,63,428,524,208
25,21,58,42,430,519,208
52,32,148,107,522,618,208
62,36,177,114,527,628,208
38,24,71,44,443,535,209
33,30,69,68,413,501,209
49,37,94,74,495,590,209
137,45,348,104,590,683,209
36,29,63,46,423,513,209
25,21,40,37,424,515,209
51,32,124,85,497,592,209
81,42,239,158,560,660,209
23,20,28,20,361,394,209
32,21,95,65,464,558,209
41,29,101,76,499,594,210
22,21,14,17,340,420,210
24,20,33,31,382,491,210
57,36,107,77,484,591,210
50,26,105,53,472,568,210
106,53,364,199,609,707,210
84,47,263,170,568,665,210
37,25,76,55,450,549,210
23,22,28,27,374,463,210
84,47,122,59,512,609,210
46,35,72,54,456,549,210
31,21,74,58,459,558,210
111,55,345,182,592,689,210
205,94,534,298,640,733,210
78,36,162,74,529,621,210
40,29,65,48,453,554,210
104,38,648,308,669,767,210
62,38,201,125,544,641,210
40,28,86,59,464,566,210
216,76,601,220,658,752,210
96,52,343,189,592,686,210
66,37,170,100,525,619,210
27,25,42,43,416,516,210
75,45,248,166,560,651,210
31,24,52,42,429,529,211
37,22,82,54,458,547,211
159,91,509,312,645,746,211
36,21,46,25,422,515,211
29,23,57,46,440,534,211
25,23,58,56,417,524,211
114,60,566,316,659,754,211
22,20,65,57,412,516,211
23,20,22,18,346,463,211
23,21,50,47,383,483,211
31,30,58,58,427,519,211
25,23,37,32,401,497,211
31,26,65,60,428,549,211
23,21,33,28,359,477,211
34,30,66,56,451,543,212
32,20,75,50,450,549,212
23,22,30,34,329,441,212
41,25,88,67,461,560,212
29,23,56,37,402,503,212
46,28,194,129,526,623,212
71,41,212,142,543,644,212
137,71,395,182,601,700,212
32,20,69,43,431,542,212
179,83,342,150,598,694,212
39,24,92,62,497,598,212
39,20,106,46,476,581,212
26,23,34,31,421,503,212
55,36,154,116,520,613,212
26,23,60,55,400,506,212
28,22,67,56,444,546,212
41,31,45,33,420,523,212
21,21,35,36,396,487,212
20,20,47,47,399,482,212
24,20,45,45,427,504,213
33,23,68,53,449,549,213
25,22,36,34,397,504,213
57,38,175,126,533,631,213
45,34,129,99,501,595,213
42,25,79,39,462,560,213
30,25,57,49,413,511,213
35,21,86,47,454,550,213
46,36,100,85,487,594,213
22,22,26,29,405,482,213
51,44,62,48,458,557,213
38,25,110,82,474,576,214
32,28,51,45,416,528,214
41,29,129,98,500,592,214
32,25,84,70,461,575,214
38,25,78,54,453,558,214
37,25,80,57,467,565,214
22,21,32,31,375,482,214
47,23,126,73,482,579,214
31,24,75,64,435,515,214
30,20,40,32,406,485,214
53,36,57,43,452,562,214
38,33,54,44,438,527,214
34,26,58,43,436,534,214
29,20,54,29,395,494,214
30,26,40,34,377,465,214
120,68,404,256,619,717,215
73,41,202,125,521,619,215
39,30,54,45,441,536,215
32,24,38,24,390,466,215
25,22,40,33,393,488,215
48,30,123,84,502,604,215
23,20,78,59,431,533,215
30,24,55,45,421,538,215
41,22,124,83,513,614,215
30,21,72,58,457,555,215
81,48,200,131,554,651,215
30,25,46,46,432,536,215
25,23,29,32,391,500,215
78,28,266,86,560,660,215
28,21,62,50,419,523,215
27,20,41,33,394,480,215
47,26,156,100,502,604,215
43,26,143,88,506,595,215
35,24,82,59,443,544,215
33,27,66,59,420,528,215
56,41,139,107,506,599,216
40,23,124,81,497,591,216
27,21,23,21,396,490,216
46,31,91,61,478,581,216
42,36,63,56,431,532,216
34,24,54,31,428,524,216
32,21,81,56,451,554,216
39,27,58,44,452,538,216
119,41,252,93,566,659,216
34,22,83,68,473,562,216
42,28,95,67,463,564,216
77,50,214,156,543,644,216
58,39,162,120,523,619,216
44,29,102,74,488,592,216
99,62,257,175,566,668,216
30,22,84,74,444,542,216
86,47,260,180,575,670,216
74,44,180,101,537,635,216
33,23,52,34,417,512,216
73,33,492,248,638,731,216
26,21,57,47,438,537,216
56,35,146,97,530,628,216
25,25,29,30,360,439,216
54,43,123,101,505,599,216
44,31,84,66,461,564,216
77,47,193,135,546,643,216
76,43,204,115,552,652,216
34,26,86,68,439,530,216
94,55,190,107,540,636,216
89,48,250,132,556,650,216
28,22,58,51,430,529,217
156,58,644,281,679,774,217
101,52,430,220,596,690,217
59,31,186,106,521,611,217
30,23,63,54,434,524,217
173,87,510,305,652,746,217
30,21,100,75,472,568,217
102,51,399,242,614,706,217
69,44,177,133,535,632,217
27,25,59,54,439,524,217
61,33,121,67,505,609,217
41,32,116,91,479,569,217
181,66,612,267,665,759,217
66,40,151,92,525,619,217
36,29,78,68,450,546,217
49,36,93,67,481,577,217
109,57,388,240,607,704,217
32,25,74,64,448,550,217
37,20,89,62,456,565,217
26,21,28,19,379,495,217
38,32,66,58,446,542,217
39,31,83,67,450,551,217
40,29,103,73,479,567,217
39,27,63,44,444,542,217
43,25,160,114,516,616,218
63,40,177,123,532,630,218
42,32,106,86,468,571,218
29,24,53,44,410,522,218
60,31,150,92,517,614,218
27,21,109,88,460,556,218
30,29,24,31,401,504,218
28,22,45,39,417,520,218
37,24,107,77,474,568,218
52,33,183,132,527,623,218
22,24,23,34,371,454,218
58,34,161,116,525,623,218
25,21,43,39,400,498,219
51,31,154,111,521,620,219
31,24,84,70,443,536,219
58,24,122,62,500,577,219
24,20,33,23,387,497,219
63,32,193,99,535,627,219
35,30,83,78,447,548,219
128,73,312,192,585,680,219
29,27,56,53,422,516,219
36,28,69,59,466,566,219
31,24,80,68,465,567,219
46,34,115,94,489,586,219
55,30,196,112,531,638,219
109,48,319,162,593,689,220
34,26,98,68,462,560,220
22,23,24,25,366,471,220
27,23,31,26,382,497,220
46,29,113,58,481,580,220
194,79,620,270,669,769,220
44,30,101,72,467,565,220
31,23,88,71,457,554,220
31,24,56,45,441,520,220
27,25,36,38,391,485,220
25,21,44,35,413,515,220
63,39,143,108,516,611,220
32,26,47,43,428,527,220
37,33,39,42,434,527,220
29,22,102,81,461,550,220
155,84,294,146,601,700,220
36,33,57,51,421,523,220
22,21,26,33,360,485,220
44,34,81,66,451,546,221
63,48,143,119,510,614,221
130,64,226,96,544,647,221
37,29,77,65,454,561,221
19,20,17,23,331,451,221
45,28,65,37,445,540,221
70,42,134,84,538,635,221
96,58,243,149,561,660,221
40,29,101,79,481,578,221
204,96,611,273,665,763,221
28,29,35,40,375,504,221
63,38,199,126,549,647,221
73,44,195,126,544,638,221
261,95,617,204,674,770,221
47,34,143,113,499,601,221
23,21,41,34,364,469,221
104,42,395,196,607,708,221
232,89,620,261,658,754,221
123,60,329,177,591,692,221
194,75,431,187,619,718,221
50,28,95,54,537,582,221
124,67,353,202,606,699,221
119,65,275,150,578,672,221
90,43,466,215,621,713,221
49,33,124,95,492,596,221
95,46,279,139,565,662,221
217,98,525,234,650,746,221
190,74,412,166,610,701,221
57,44,120,91,502,597,221
326,127,685,292,699,799,221
168,66,348,106,614,713,221
61,35,184,119,520,620,221
30,24,44,33,401,496,221
269,80,943,422,759,854,221
27,23,78,74,432,533,222
32,21,66,50,436,514,222
60,36,149,97,507,593,222
32,20,46,31,419,529,222
35,20,69,45,457,539,222
58,33,219,128,555,653,222
30,23,53,33,417,530,222
318,78,900,264,711,809,222
37,27,80,68,458,563,222
75,42,210,150,559,658,222
135,52,487,170,626,719,222
126,50,242,105,570,663,222
82,47,235,149,553,646,222
56,40,128,97,521,614,222
44,34,86,71,484,578,222
65,42,197,136,533,630,223
42,27,156,113,504,599,223
25,21,46,43,404,511,223
46,36,123,102,484,581,223
59,45,140,111,512,605,223
26,20,53,48,422,532,223
23,23,39,42,356,463,223
32,23,56,46,437,527,223
78,45,155,83,530,626,223
41,28,62,31,436,504,223
37,29,76,56,469,556,223
181,68,638,324,677,771,223
57,31,95,47,487,552,223
43,31,136,113,517,608,223
50,30,143,104,495,597,223
43,24,120,78,487,590,223
39,23,134,95,499,601,223
42,25,66,41,423,530,223
32,24,98,81,467,571,223
33,25,52,39,408,508,223
73,46,152,106,521,614,223
24,20,38,28,417,506,224
82,40,181,80,533,635,224
19,20,22,29,365,442,224
33,25,71,59,436,536,224
31,24,46,39,418,535,224
47,31,142,105,498,600,224
41,32,76,60,450,548,224
76,43,248,164,568,666,224
30,25,52,44,425,510,224
49,33,113,84,494,585,224
28,21,66,48,440,537,224
29,22,48,35,427,512,224
49,33,108,74,497,596,224
32,23,48,34,412,499,224
131,60,515,294,633,727,224
319,94,847,406,757,855,224
195,84,490,182,638,735,224
37,30,87,76,452,556,224
32,25,66,54,460,550,224
27,22,67,58,440,539,224
32,21,66,48,420,514,224
43,30,96,74,493,589,224
33,26,69,57,436,527,224
62,29,399,205,581,683,224
35,30,48,45,437,528,224
30,24,44,36,419,519,224
29,23,79,66,458,547,225
28,24,66,60,443,529,225
22,20,24,24,322,453,225
24,22,33,26,374,449,225
35,23,87,67,460,566,225
58,41,125,88,505,597,225
78,51,127,69,516,612,225
38,29,112,92,476,575,225
82,51,238,154,560,657,225
31,23,105,86,479,581,225
43,26,108,82,484,579,225
77,34,396,213,585,682,225
34,26,58,49,423,533,226
95,39,164,83,528,618,226
83,45,271,189,578,678,226
46,24,77,46,461,556,226
64,39,189,136,528,622,226
38,31,72,59,452,547,226
27,23,67,58,432,533,226
170,61,440,150,615,713,226
142,56,547,267,648,745,226
32,24,79,63,456,554,226
29,28,45,47,381,463,226
295,79,711,199,671,769,226
280,85,804,272,721,817,226
226,86,575,245,660,756,226
67,49,128,103,503,609,226
36,22,95,70,449,544,227
30,21,98,82,465,558,227
46,30,96,59,476,570,227
25,20,36,30,381,478,227
30,24,35,33,410,508,227
36,28,57,44,422,518,227
86,49,233,163,564,656,227
24,22,47,41,400,499,227
31,23,60,43,436,527,228
48,37,119,104,485,589,228
31,23,69,57,450,551,228
33,22,48,31,424,512,228
45,33,83,62,479,573,228
38,30,78,59,439,529,228
25,21,43,39,390,519,228
31,25,76,65,448,539,228
46,32,72,47,460,548,228
30,22,68,53,430,510,228
30,22,51,39,459,545,228
22,20,50,50,426,517,228
46,26,68,40,439,540,228
33,27,54,54,423,530,228
27,20,51,46,412,513,228
48,33,121,94,479,580,228
45,36,94,85,468,564,228
20,20,23,25,373,460,229
35,23,77,62,472,566,229
52,36,80,48,460,557,229
69,50,78,54,482,578,229
35,29,66,59,450,543,229
32,30,27,29,396,481,229
38,28,83,63,468,563,229
27,23,49,44,414,511,229
32,20,92,66,466,570,229
63,41,152,113,508,610,229
31,20,56,33,413,515,229
37,30,86,70,461,562,229
31,26,44,38,432,522,229
40,22,64,39,438,521,229
32,21,80,54,456,553,230
27,20,34,27,405,496,230
31,26,47,40,429,523,230
31,22,54,43,433,528,230
66,42,162,112,530,628,230
64,41,110,73,489,578,230
46,30,114,83,503,600,230
28,21,72,63,441,543,230
96,43,286,127,589,681,230
27,22,43,41,438,530,230
29,21,74,61,433,524,230
38,22,80,50,460,564,231
71,36,145,91,506,603,231
55,46,108,88,468,562,231
26,20,62,51,424,523,231
34,27,70,60,459,554,231
51,28,78,43,457,555,231
32,20,89,69,473,587,231
24,20,56,46,414,511,231
69,36,263,169,561,660,231
24,23,67,68,403,517,231
30,22,66,56,437,541,231
28,20,77,57,414,514,231
32,21,77,59,451,552,231
32,25,40,26,372,483,232
28,24,40,38,394,482,232
30,27,55,52,418,522,232
92,42,174,73,532,629,232
29,22,65,57,409,514,232
60,38,127,78,496,593,232
40,31,96,78,465,557,232
75,31,460,218,605,709,232
23,22,28,28,367,473,233
31,21,23,12,360,479,233
29,22,65,50,418,512,233
26,24,44,44,395,478,233
26,20,59,50,425,533,233
26,20,76,60,437,549,233
50,32,134,94,510,608,233
26,21,50,44,430,520,233
34,25,49,35,410,524,233
120,57,342,165,590,691,233
32,26,49,42,417,508,233
76,46,157,84,524,617,233
56,38,157,108,511,616,233
35,34,59,62,417,510,233
31,21,76,60,456,547,233
196,66,435,124,622,721,234
243,71,688,201,663,760,234
30,22,64,52,432,543,234
32,25,69,59,450,545,234
19,20,24,29,357,441,234
35,21,74,41,447,546,234
25,22,29,28,420,506,234
24,22,34,34,380,477,234
40,22,124,86,503,602,234
39,22,100,70,481,586,234
35,25,79,59,459,560,235
59,25,120,48,491,588,235
26,21,46,34,396,457,235
42,31,122,91,489,589,235
27,21,58,46,436,534,235
55,34,138,86,501,608,235
48,28,130,91,508,600,235
19,20,24,31,356,459,235
32,22,40,28,414,518,235
27,23,67,55,430,524,235
38,24,82,57,466,559,235
33,27,50,45,417,517,235
89,42,518,326,624,724,235
76,39,327,202,575,676,236
61,29,287,134,537,634,236
32,25,82,68,448,558,236
37,30,53,39,428,516,236
93,48,356,241,590,686,236
60,39,116,86,502,605,236
76,46,198,124,542,636,236
37,24,67,52,447,560,236
33,25,80,66,452,553,236
22,21,29,30,394,478,236
50,38,119,94,482,577,236
93,52,271,184,575,667,236
39,23,94,61,468,558,236
41,33,66,53,446,531,236
41,27,95,57,456,560,236
62,45,124,87,493,586,236
273,119,616,267,657,753,236
32,27,52,46,430,530,236
35,23,204,133,447,501,236
28,23,46,43,391,510,237
28,22,54,41,400,519,237
104,47,278,94,573,670,237
51,25,85,52,465,579,237
177,77,441,169,627,723,237
330,91,918,333,697,794,237
51,35,150,120,497,601,237
50,37,60,46,472,573,237
23,21,41,37,408,499,237
46,34,64,46,470,559,237
25,20,38,37,404,507,237
34,25,69,49,435,532,237
29,21,71,59,446,532,237
26,24,28,26,360,465,237
53,31,134,86,491,589,237
71,50,205,166,544,642,238
39,24,57,45,444,549,238
29,20,87,67,455,548,238
36,24,93,56,480,578,238
36,32,52,45,415,515,238
79,51,137,92,525,622,238
48,28,65,36,459,557,238
37,33,49,39,491,527,238
26,22,36,34,394,507,238
55,29,128,83,509,606,238
25,20,42,39,430,523,238
32,21,65,50,456,551,238
28,20,47,37,420,501,238
28,22,49,38,413,507,238
67,43,155,102,520,620,238
27,20,55,47,428,520,238
27,25,45,44,409,500,238
144,72,468,264,637,732,239
22,21,45,45,375,487,239
46,30,98,70,476,575,239
28,21,49,43,392,495,239
43,27,110,79,476,574,239
31,20,89,74,467,566,239
88,52,228,157,558,653,239
33,29,53,43,406,515,239
46,27,147,98,493,600,239
23,20,57,40,417,515,239
38,23,83,56,457,550,239
52,36,90,60,474,572,239
27,22,50,49,422,525,240
34,24,61,49,445,538,240
103,45,233,115,575,669,240
38,20,116,83,489,584,240
72,50,147,92,506,609,240
37,24,86,60,447,543,240
117,63,311,183,585,683,240
31,22,92,76,478,572,240
31,25,44,38,404,501,240
61,41,161,109,514,614,240
53,31,157,102,522,613,240
52,27,165,96,526,616,240
25,22,55,49,423,517,241
32,26,54,48,425,512,241
24,20,50,42,422,508,241
40,24,98,66,451,547,241
89,38,437,202,599,702,241
34,24,79,60,439,547,241
25,23,49,48,383,489,241
39,25,73,49,445,560,241
44,30,94,68,463,561,241
34,25,41,29,443,530,241
37,28,66,55,443,547,241
65,29,260,161,562,660,241
54,33,106,64,487,583,241
26,20,56,42,432,533,242
37,28,62,50,440,525,242
31,22,62,46,414,518,242
39,30,83,70,467,564,242
31,26,86,77,462,554,242
39,32,87,80,481,577,242
58,40,137,105,518,612,242
34,23,98,76,455,552,242
41,30,69,51,450,537,242
24,20,66,56,434,522,242
31,26,70,61,420,534,242
86,59,169,111,526,622,242
36,23,79,59,446,548,242
34,31,58,53,416,521,242
28,20,51,40,420,505,242
104,58,164,89,550,645,242
38,29,92,81,450,542,242
151,70,605,290,658,753,242
42,30,161,132,489,590,242
58,28,199,121,540,640,242
92,47,301,143,583,682,242
31,28,64,56,425,528,242
27,21,47,37,390,489,242
58,38,195,142,532,632,242
34,21,69,46,443,534,242
33,27,67,60,448,549,243
53,29,119,66,491,587,243
37,27,61,50,444,538,243
41,33,97,78,457,561,243
32,23,49,29,434,520,243
22,20,15,22,329,453,243
22,21,22,22,380,459,243
32,24,47,42,424,524,243
38,33,68,61,417,518,243
30,23,86,63,467,560,243
30,23,66,56,444,542,243
30,20,57,43,442,538,243
78,50,206,149,554,654,243
31,24,84,70,461,549,243
41,30,74,54,457,545,243
30,26,58,57,435,531,243
24,20,48,39,383,486,243
71,38,150,63,510,613,243
45,30,70,49,474,556,243
45,27,122,77,503,603,243
34,26,66,56,440,536,243
49,31,76,47,457,560,244
53,34,125,87,503,595,244
44,32,103,79,474,579,244
90,41,301,152,580,678,244
37,38,32,38,386,495,244
40,30,86,66,459,551,244
24,20,47,34,391,492,244
52,26,99,61,478,560,244
110,54,196,129,558,654,244
51,36,119,77,481,581,244
37,24,93,72,460,558,244
53,42,114,94,487,585,244
25,22,42,41,407,517,244
27,23,59,52,420,520,244
116,58,284,169,594,693,244
39,27,85,57,473,571,244
29,24,32,29,417,510,244
128,58,289,127,577,674,244
28,24,60,60,433,540,244
36,23,118,89,481,576,244
36,23,74,60,467,572,244
31,21,60,40,422,525,244
27,23,73,60,438,530,244
28,24,62,59,435,528,244
29,21,95,76,469,568,244
52,39,100,85,484,585,244
40,26,79,59,456,555,245
30,26,49,42,416,504,245
34,26,56,44,440,538,245
26,21,103,80,460,548,245
34,28,57,50,442,550,245
78,42,199,104,553,643,245
47,33,122,88,478,576,245
27,25,28,32,390,488,245
27,23,72,59,430,530,245
55,34,141,91,514,615,245
46,32,57,43,460,551,245
53,26,86,54,469,623,245
40,30,112,93,477,580,245
32,24,94,75,457,560,245
123,52,367,164,607,705,245
42,31,96,72,470,564,245
33,25,38,25,412,475,245
69,37,180,76,553,651,245
65,38,231,158,537,639,245
38,24,113,79,494,591,245
36,24,124,97,488,590,245
27,20,51,39,395,509,245
48,38,139,110,503,601,245
24,21,43,39,421,519,245
39,28,87,61,474,564,245
41,29,97,69,475,567,245
75,39,167,87,531,631,245
69,25,154,55,508,607,245
44,27,121,80,485,581,245
30,22,74,58,434,540,245
72,48,168,95,531,629,245
49,40,92,79,472,564,245
37,20,341,171,593,691,245
40,29,112,88,476,563,245
22,22,17,24,345,472,245
194,77,536,179,648,744,245
73,34,281,144,579,673,246
32,26,49,43,411,505,246
24,20,53,42,425,525,246
58,35,180,119,527,627,246
27,20,48,39,400,488,246
46,32,89,60,486,585,246
44,32,93,61,488,584,246
46,26,135,90,494,589,246
208,101,532,237,642,737,246
95,64,277,207,580,678,246
59,33,143,82,521,616,246
95,57,139,77,519,615,246
43,25,167,111,526,621,246
26,20,48,40,431,512,246
53,39,123,100,503,601,246
52,31,106,60,498,592,246
248,83,751,214,683,780,246
85,36,233,117,560,657,246
73,40,294,139,562,667,246
68,44,220,137,547,646,246
66,28,213,145,536,640,246
46,32,136,110,496,588,246
118,48,471,222,628,725,246
28,21,60,43,431,529,246
35,23,104,71,509,606,246
60,37,103,62,493,584,246
37,29,67,58,457,552,246
26,20,43,22,400,469,246
99,53,305,208,575,674,246
132,60,454,237,626,722,246
49,34,148,121,515,612,246
37,34,71,69,426,518,246
28,22,63,55,434,537,246
287,87,982,288,776,872,246
26,23,32,31,375,474,246
54,31,118,66,492,581,246
51,28,166,101,524,619,246
467,133,883,334,741,835,246
119,58,337,188,595,692,247
31,29,40,39,417,516,247
24,22,55,52,403,515,247
258,72,896,337,730,830,247
98,52,420,273,615,713,247
35,25,79,56,461,557,247
74,52,165,120,528,627,247
250,98,663,351,687,783,247
66,37,175,109,528,621,247
40,23,107,68,487,587,247
111,65,231,128,559,657,247
73,36,665,301,682,778,247
38,31,69,61,460,555,247
65,47,162,123,527,622,247
27,21,63,47,417,510,247
39,24,76,46,464,549,247
34,31,57,53,413,505,247
57,31,79,44,463,548,247
40,27,108,83,471,566,248
48,32,108,77,485,580,248
43,26,94,66,465,560,248
52,41,123,108,496,587,248
27,25,45,41,391,469,248
26,22,41,36,423,519,248
39,33,60,52,424,523,248
76,46,257,184,573,675,248
25,21,69,59,444,538,248
35,28,62,57,435,538,248
32,27,49,46,433,542,248
58,40,209,161,535,636,248
49,24,169,107,526,623,248
26,22,47,41,411,498,248
38,23,68,45,458,551,248
32,23,74,53,451,520,248
20,20,31,35,372,469,248
22,21,31,31,385,474,248
36,27,83,69,466,572,249
43,36,90,64,472,567,249
25,21,245,211,0,0,249
26,20,62,47,430,512,249
63,37,122,76,512,610,249
28,20,88,68,441,534,249
127,58,429,226,628,720,249
23,22,25,29,406,512,249
31,26,29,24,388,502,249
32,24,69,45,412,491,249
70,45,116,70,518,616,249
26,22,64,57,428,516,249
27,25,38,41,437,533,249
23,20,34,33,408,493,249
34,29,26,26,407,513,250
40,22,62,33,439,540,250
48,27,61,38,452,545,250
122,71,404,233,618,713,250
101,59,249,129,565,663,250
37,23,83,59,469,565,250
29,20,41,20,411,496,250
103,49,244,142,583,680,251
40,27,117,79,486,573,251
94,47,282,171,568,668,251
34,21,69,37,424,516,251
28,22,45,38,413,524,251
44,27,124,92,496,598,251
28,21,55,38,433,519,251
23,20,40,35,410,514,251
94,55,252,153,562,663,252
64,28,224,114,548,639,252
36,24,67,40,431,521,252
53,36,95,68,477,577,252
160,74,495,238,632,728,252
24,22,42,40,388,484,252
25,22,47,41,423,512,252
38,23,89,60,460,567,252
124,66,304,133,595,694,252
41,33,49,39,427,526,253
30,27,39,39,411,502,253
23,22,20,20,331,447,253
36,25,88,75,465,561,253
26,21,73,63,453,539,253
37,32,59,49,421,524,253
37,22,53,34,425,537,253
27,20,48,36,417,505,253
50,33,108,67,480,581,254
28,26,39,38,410,510,254
43,28,136,100,503,605,254
78,47,217,131,571,672,254
25,21,37,33,395,473,254
28,23,41,32,413,502,254
30,30,39,43,400,499,254
29,24,52,40,406,488,254
32,26,42,37,402,502,254
61,42,123,94,494,591,254
176,64,541,177,650,750,254
27,21,75,64,433,537,255
33,23,76,53,433,537,255
33,26,48,38,412,513,255
31,24,54,45,438,528,255
61,30,83,37,448,551,255
25,23,65,62,412,516,255
26,22,50,41,402,510,255
45,34,111,88,493,587,255
32,26,69,61,452,547,255
25,22,48,43,436,523,255
25,21,28,24,392,482,255
28,24,30,26,356,466,255
34,22,64,44,461,552,255
25,22,31,34,380,498,255
37,22,58,35,430,543,256
24,20,56,47,392,506,256
28,22,55,43,429,527,256
31,22,78,63,461,559,256
69,37,216,137,567,665,256
39,29,83,70,453,553,256
24,21,52,53,396,507,256
36,28,89,67,461,561,256
37,22,93,55,476,566,256
35,30,58,46,423,524,257
35,23,92,70,464,560,257
134,40,534,162,627,723,257
34,22,103,75,468,567,257
60,43,142,105,515,613,257
30,21,46,33,388,480,257
27,22,46,34,428,529,257
34,30,49,45,413,515,257
26,21,67,60,447,543,257
39,29,95,76,470,563,257
29,26,56,47,421,523,257
60,41,141,100,512,607,257
25,23,54,49,400,511,257
47,35,84,57,476,582,257
32,23,73,60,463,564,257
38,22,95,61,463,589,257
68,28,163,73,532,628,257
38,28,85,54,457,550,257
24,23,59,60,415,507,257
38,26,68,52,460,555,258
71,40,149,93,545,643,258
35,27,71,54,454,543,258
32,26,54,48,438,526,258
106,57,229,113,559,654,258
163,60,385,134,623,718,258
45,33,75,60,475,571,258
43,22,257,158,544,639,258
25,21,63,51,433,525,258
67,41,152,84,527,625,258
117,64,358,216,603,704,258
148,58,316,126,577,674,258
24,20,55,46,418,530,258
32,25,75,62,459,551,258
25,22,65,56,411,507,258
137,65,461,255,634,734,258
31,20,62,47,446,547,258
97,54,228,135,550,643,258
68,44,161,117,516,606,258
47,31,72,49,474,550,258
130,67,388,216,607,704,258
78,38,204,96,554,650,258
88,41,239,135,569,658,258
33,22,71,54,442,555,258
97,43,307,166,594,690,258
24,20,81,69,440,524,258
29,22,48,35,421,518,258
29,27,54,51,433,526,258
100,49,254,124,574,670,259
141,59,627,252,676,775,259
87,42,375,187,614,711,259
55,35,142,100,530,625,259
25,20,37,33,380,497,259
56,33,143,102,508,608,259
20,20,22,22,367,457,259
20,20,25,29,394,484,259
39,20,73,44,432,543,259
25,22,59,53,415,512,259
39,26,94,68,468,564,259
40,30,101,85,504,591,259
56,29,117,61,503,595,259
29,23,50,45,422,522,259
23,20,38,31,385,479,259
40,23,81,43,478,570,259
35,29,77,69,461,550,259
45,29,102,69,489,583,260
26,22,51,49,415,523,260
23,20,47,44,432,520,260
55,40,80,65,485,587,260
82,50,226,126,549,644,260
47,31,142,92,508,600,260
40,35,90,82,463,558,260
30,21,67,55,447,536,260
36,25,81,64,483,582,260
40,30,80,60,472,561,260
37,28,74,61,451,560,260
42,30,90,68,462,558,260
50,39,86,71,468,574,260
41,25,99,78,487,588,261
37,31,68,61,457,543,261
26,24,31,28,365,489,261
26,20,52,40,424,519,261
44,21,103,47,473,558,261
42,22,139,77,498,592,261
118,64,300,183,585,682,261
76,52,186,135,542,642,261
28,20,89,53,455,555,261
29,24,64,58,440,535,261
34,25,96,77,450,555,261
27,23,34,33,416,507,261
31,24,57,48,444,551,261
147,61,347,123,591,688,261
35,29,33,31,409,512,261
63,40,131,87,506,605,261
32,27,46,37,409,496,261
52,41,100,83,496,589,261
29,21,58,46,428,540,261
48,30,144,111,508,600,261
40,26,43,24,419,513,261
42,28,97,78,485,591,261
30,24,34,32,395,486,262
29,22,49,37,414,519,262
57,31,100,57,476,582,262
40,25,110,78,493,592,262
33,22,62,42,405,510,262
98,45,179,79,534,632,262
70,39,165,106,533,626,262
192,52,415,158,620,719,262
55,26,174,92,509,609,262
58,25,553,256,629,734,262
20,20,28,32,362,478,262
61,36,194,116,516,623,262
41,34,77,73,458,555,262
48,29,100,59,465,555,262
41,27,85,64,482,581,262
90,53,202,129,553,647,262
189,77,653,414,716,812,262
84,49,228,160,562,661,262
73,45,204,139,559,656,262
38,25,100,61,478,570,262
76,29,617,240,657,754,262
347,97,867,258,734,829,262
36,24,56,32,442,535,262
493,121,977,271,731,825,262
38,28,70,52,436,532,262
68,40,125,71,496,591,262
26,21,56,45,409,511,262
31,29,54,55,437,532,262
24,22,42,38,387,493,262
71,37,245,141,559,655,262
42,27,161,127,524,625,263
38,27,79,64,461,558,263
51,36,107,82,462,567,263
37,23,116,69,500,596,263
29,25,39,37,408,504,263
30,22,64,48,435,532,263
27,24,47,44,375,477,263
51,30,156,101,527,624,263
27,20,43,28,427,516,263
38,24,92,67,468,553,263
45,34,93,74,478,570,263
50,37,117,93,486,578,263
22,20,37,37,398,485,263
41,28,92,60,467,560,263
22,20,36,34,402,501,264
29,20,50,32,413,511,264
33,23,68,51,455,546,264
22,20,39,41,387,477,264
37,23,67,38,426,530,264
53,26,112,55,491,580,264
30,25,25,25,418,510,264
39,26,72,48,424,526,264
27,22,47,43,403,509,264
46,26,143,99,508,602,264
57,35,72,43,467,568,264
30,20,49,36,418,505,264
28,22,64,51,443,547,264
29,28,37,42,384,494,264
50,29,178,112,531,628,265
25,21,63,52,426,532,265
29,26,41,38,392,507,265
41,28,104,82,484,571,265
25,23,33,29,391,474,265
33,24,64,45,429,532,265
29,20,54,39,412,509,265
49,37,110,82,490,574,265
34,22,138,87,475,575,265
27,20,48,42,424,529,265
62,44,122,92,510,605,265
30,25,66,53,432,531,265
23,20,47,41,396,504,265
28,21,62,48,421,533,265
26,21,36,30,388,480,265
45,30,126,86,488,587,266
28,20,64,48,447,550,266
222,54,482,141,630,726,266
41,29,90,76,479,574,266
31,27,65,47,428,515,266
23,20,31,28,382,487,266
23,20,62,53,443,526,266
43,26,155,101,505,600,266
22,20,23,20,396,474,266
188,69,575,255,652,752,266
33,25,70,59,436,541,266
247,100,588,223,663,757,266
18,20,15,18,343,405,266
25,20,48,32,381,493,266
27,24,44,41,413,508,266
41,28,113,85,465,559,266
29,20,63,48,417,523,266
26,20,75,61,430,534,266
57,39,67,39,452,555,267
63,49,88,68,457,555,267
38,28,57,44,418,515,267
29,26,62,61,426,514,267
44,23,91,53,480,581,267
43,28,108,83,481,575,267
33,22,110,84,466,566,267
27,23,40,38,397,493,267
24,21,45,33,379,462,267
62,39,152,110,528,622,267
25,20,55,42,414,502,267
39,30,103,80,473,564,267
25,20,25,24,387,488,267
28,21,29,24,385,482,267
37,30,120,104,476,563,267
31,20,98,73,468,559,268
35,23,46,29,418,504,268
25,21,40,36,413,496,268
32,25,90,81,452,541,268
66,41,144,101,531,631,268
48,34,95,69,474,572,268
39,24,123,84,487,590,268
23,21,55,52,403,500,268
27,22,55,52,430,527,268
29,23,40,35,422,514,268
66,34,132,71,521,620,268
27,22,55,46,432,523,268
88,49,274,137,572,671,268
31,24,83,61,465,565,268
51,37,130,100,511,606,269
64,40,157,114,526,623,269
37,21,84,52,456,561,269
31,24,79,66,446,534,269
31,26,34,29,402,498,269
55,38,121,81,479,575,269
24,20,35,34,349,456,269
58,30,153,77,524,617,269
23,22,20,21,367,462,269
63,36,227,140,544,639,269
59,42,66,53,494,587,269
23,22,34,34,394,478,269
21,21,27,30,346,453,269
62,36,168,111,538,641,269
38,25,83,68,495,587,269
144,52,463,194,628,722,269
30,21,42,31,410,488,269
38,25,92,64,486,581,269
166,65,437,176,617,717,269
75,46,208,147,547,645,269
108,58,307,191,605,699,269
124,53,403,214,608,705,269
33,25,47,47,423,527,269
81,39,224,118,546,647,269
56,37,132,83,500,600,269
32,21,43,29,398,502,269
75,46,194,119,544,643,269
70,42,148,98,519,622,269
92,49,339,221,586,685,269
96,46,346,198,594,692,269
73,37,297,137,590,688,269
36,24,61,47,436,537,270
26,24,47,47,412,508,270
59,40,161,122,512,610,270
218,86,646,367,702,796,270
34,29,77,69,446,546,270
112,63,319,196,591,689,270
157,51,989,431,839,934,270
42,31,94,74,475,570,270
30,25,76,63,425,513,270
77,49,199,123,539,634,270
293,108,715,361,725,827,270
23,21,35,32,387,472,270
45,29,112,84,490,587,270
40,29,87,63,484,578,270
312,99,874,309,743,844,270
79,37,179,104,526,622,270
102,56,286,188,576,670,270
29,22,49,44,405,510,270
30,20,63,49,452,541,270
29,28,50,50,400,496,270
234,81,712,351,733,826,270
46,33,117,95,483,582,270
32,21,72,55,450,551,270
35,24,70,50,444,534,270
34,23,63,45,424,526,270
33,26,87,72,455,542,270
32,25,56,46,416,521,270
25,22,42,42,399,482,270
65,44,142,101,518,618,270
76,32,141,57,521,617,270
70,50,153,129,510,606,270
38,30,60,48,428,544,270
42,30,101,80,495,595,270
53,35,138,109,509,611,270
54,40,89,64,481,578,271
60,38,97,65,479,563,271
36,28,52,36,436,517,271
51,28,256,158,537,630,271
60,42,123,84,514,604,271
30,21,64,50,462,557,271
30,23,58,49,422,499,271
36,23,82,53,455,555,271
33,25,94,66,474,564,271
34,22,60,46,434,549,271
51,30,110,76,499,591,271
26,25,21,24,385,472,271
39,27,157,118,504,597,271
38,21,88,57,474,571,271
24,21,33,35,379,484,271
38,29,86,61,489,585,272
37,26,97,66,487,579,272
71,39,190,112,542,643,272
26,20,35,26,376,487,272
27,25,39,38,383,491,272
82,45,224,138,560,657,272
22,21,45,43,395,499,272
48,32,123,90,506,608,272
62,27,187,89,565,659,272
29,20,78,62,444,544,272
94,39,166,74,532,629,272
43,31,95,61,478,583,272
28,20,59,46,434,519,272
28,23,41,37,385,485,272
36,31,52,46,421,534,272
37,27,92,61,470,564,272
24,22,31,30,384,486,272
33,30,65,61,442,536,272
21,20,52,49,423,505,272
55,36,102,73,489,591,272
48,26,115,77,500,597,272
27,20,29,24,370,464,272
25,20,42,35,428,519,272
68,47,128,100,514,616,272
36,25,62,48,462,561,273
26,23,44,39,409,492,273
104,50,300,158,585,678,273
40,31,77,52,442,542,273
62,31,195,120,544,645,273
67,39,129,80,527,618,273
30,22,63,48,435,531,273
32,20,62,45,445,534,273
25,22,29,27,389,476,273
39,34,41,37,427,497,273
31,25,52,44,415,513,273
27,22,46,42,425,518,273
29,22,49,36,400,518,273
37,32,74,55,436,536,273
34,26,80,68,445,551,273
23,20,34,29,381,462,273
35,26,59,40,427,515,273
83,61,174,142,540,635,273
162,82,341,171,605,698,274
24,22,33,31,364,474,274
38,25,73,43,450,518,274
25,20,45,38,407,506,274
27,26,65,64,435,530,274
39,34,53,44,420,530,274
191,73,667,329,701,796,274
168,59,640,266,670,764,274
25,23,59,53,402,507,274
43,36,102,94,464,562,274
179,65,469,139,618,714,274
26,21,59,47,422,512,274
25,21,45,43,420,524,274
37,21,69,30,441,526,274
350,111,723,187,672,769,274
22,22,30,33,366,449,274
32,21,76,53,463,561,274
128,60,401,216,631,726,274
22,21,28,29,361,469,274
47,33,126,93,502,603,274
50,30,127,90,507,599,274
127,61,418,232,622,720,274
49,27,91,63,475,572,274
85,51,294,199,585,683,274
74,41,143,89,502,595,274
140,61,473,262,636,730,274
123,55,396,170,601,700,274
47,31,132,91,508,609,274
50,25,118,61,477,571,274
53,37,133,103,512,614,274
92,54,211,157,556,654,274
28,25,55,49,436,527,274
35,24,71,49,459,549,274
29,20,47,34,413,511,274
32,23,57,41,408,505,275
39,31,55,47,429,524,275
71,33,206,90,546,637,275
26,22,43,38,412,511,275
43,28,123,76,512,614,275
30,22,74,56,436,538,275
54,38,76,52,482,580,275
51,35,79,63,472,566,275
28,20,76,59,436,541,275
24,20,28,28,376,489,275
26,23,77,72,446,542,275
37,27,61,48,460,544,275
30,26,60,53,433,530,275
29,26,31,32,391,497,275
55,38,109,69,489,585,275
33,23,77,54,475,569,276
38,26,104,75,485,576,276
23,20,44,42,398,494,276
25,22,18,17,360,485,276
20,20,34,39,420,509,276
60,32,147,101,515,620,276
32,27,48,50,432,532,276
27,22,77,66,440,531,277
110,48,316,177,589,689,277
29,20,61,39,424,499,277
40,30,77,54,469,562,277
51,34,138,114,525,618,277
53,38,90,79,506,602,277
26,23,70,62,411,509,277
55,40,100,75,503,597,277
25,21,41,36,405,492,277
45,20,96,57,475,574,277
31,28,34,31,397,505,278
24,21,29,31,366,481,278
29,23,37,32,412,515,278
59,30,128,73,508,598,278
33,27,66,61,460,547,278
63,31,111,56,490,592,278
25,23,35,40,354,485,278
25,25,21,27,372,474,278
27,20,72,55,444,543,278
70,33,130,54,518,617,278
57,37,48,27,456,548,278
31,20,78,58,457,547,279
33,25,80,68,449,545,279
32,24,51,38,429,506,279
102,42,325,132,594,692,279
36,29,48,43,424,521,279
17,20,13,22,350,424,279
84,29,272,98,584,680,279
268,81,554,147,652,749,279
48,30,86,63,465,556,279
32,20,92,60,475,566,279
42,30,61,52,441,528,279
21,20,37,39,389,469,279
41,27,69,53,418,525,279
19,20,33,35,354,454,279
38,30,89,74,469,567,279
25,20,27,25,390,477,279
36,29,72,68,454,551,279
39,25,57,33,437,529,280
33,20,51,32,424,510,280
26,22,82,75,442,546,280
40,30,75,60,464,558,280
45,36,106,95,468,566,280
26,25,33,36,390,481,280
27,25,42,35,415,511,280
50,34,121,86,487,581,281
33,26,94,71,458,555,281
49,31,97,66,481,577,281
39,30,50,41,415,515,281
52,36,104,80,498,596,281
23,20,71,61,411,513,281
40,29,102,79,474,572,281
24,23,30,29,369,487,281
69,42,144,85,515,614,282
32,23,55,35,426,524,282
63,38,140,100,515,612,282
38,31,58,51,424,521,282
26,23,48,43,412,519,282
23,21,34,31,367,463,282
58,39,81,55,470,571,282
62,41,146,118,524,621,282
43,28,67,47,444,570,282
26,20,58,48,414,513,282
28,22,76,61,430,527,282
57,33,148,99,527,627,282
49,30,85,55,453,554,282
27,20,67,52,412,513,282
29,26,33,33,404,494,282
41,30,92,71,470,563,283
31,23,77,63,466,555,283
61,42,167,129,507,605,283
29,23,42,39,424,524,283
52,28,108,52,473,575,283
24,21,46,42,410,497,283
54,21,226,119,561,655,283
36,25,84,59,451,557,283
20,20,31,33,392,484,284
29,21,46,39,411,523,284
28,25,24,23,383,482,284
32,29,62,58,407,517,284
26,20,39,33,415,497,284
51,30,111,79,475,575,284
25,21,53,43,410,499,284
23,21,35,31,359,467,284
33,24,43,38,435,541,284
39,29,78,57,460,564,284
57,32,145,98,512,601,284
44,35,71,50,439,539,284
33,24,96,80,472,562,284
37,30,61,59,442,544,284
65,38,180,127,536,636,284
21,20,39,42,361,482,284
47,30,92,61,475,571,284
28,23,49,45,414,533,285
29,25,46,41,417,503,285
24,20,32,27,384,482,285
28,20,46,35,415,519,285
33,26,55,44,449,543,285
27,22,61,56,433,532,285
32,23,72,42,436,517,285
47,34,93,72,469,562,285
27,20,61,52,407,508,285
25,21,71,54,433,538,286
28,25,55,54,427,526,286
38,22,62,39,420,509,286
30,22,56,45,424,509,286
48,30,104,78,500,591,286
28,21,42,32,401,490,286
56,31,195,132,528,622,286
24,20,36,29,383,471,287
24,20,64,54,425,515,287
24,20,41,34,390,496,287
27,21,39,24,387,475,287
118,60,281,160,570,666,287
38,25,71,48,476,576,287
31,21,79,60,452,549,287
47,32,127,89,503,603,287
21,21,35,38,402,490,287
32,27,63,54,425,535,287
59,37,141,100,501,605,287
65,23,181,81,530,628,287
31,26,47,41,408,517,288
38,30,75,65,460,556,288
28,20,77,62,431,517,288
39,28,76,55,462,549,288
56,41,80,58,480,573,288
44,25,117,86,499,595,288
38,24,79,57,441,548,288
26,23,30,30,407,492,288
58,27,229,128,555,652,288
35,23,88,69,449,565,288
63,38,133,77,509,604,288
34,26,56,47,440,531,289
90,47,281,185,580,677,289
88,45,265,164,571,669,289
45,33,121,93,491,589,289
24,21,48,46,428,521,289
29,22,45,37,418,517,289
39,28,58,47,443,545,289
30,25,54,49,407,514,289
38,25,125,105,473,577,289
81,43,124,59,496,594,289
26,20,46,33,396,494,289
34,22,105,80,469,562,289
50,33,94,62,464,563,289
68,37,181,118,533,628,289
84,50,123,72,503,598,289
44,37,54,48,432,528,289
32,27,50,51,418,508,289
53,30,134,88,516,611,290
23,22,42,44,419,509,290
32,29,49,43,419,505,290
21,21,32,27,375,474,290
33,27,91,75,447,543,290
32,24,93,76,451,550,290
40,25,62,39,446,538,290
48,31,125,85,498,591,290
53,37,120,102,512,609,290
28,21,62,45,445,533,290
44,29,100,69,473,552,291
48,26,179,127,511,608,291
26,20,56,43,396,484,291
40,25,88,68,462,560,291
40,34,62,54,446,537,291
24,22,67,65,435,529,291
134,64,464,238,623,723,291
56,37,111,63,491,585,291
25,20,56,47,423,526,291
28,24,44,40,420,518,292
44,30,115,75,485,576,292
33,24,72,61,438,543,292
59,41,160,125,517,617,292
32,27,45,41,415,509,292
62,29,382,191,592,683,292
30,22,89,72,465,564,292
30,22,41,27,397,469,292
29,20,71,49,455,543,292
53,36,119,92,495,593,292
51,31,105,74,502,596,292
76,42,180,94,538,638,292
29,23,69,59,450,555,292
29,20,81,61,428,531,292
38,28,122,92,489,582,292
53,34,132,94,504,604,292
43,29,124,92,484,582,292
26,21,49,46,392,510,292
33,25,75,60,461,559,292
30,23,90,71,460,554,292
28,23,47,34,412,514,292
55,34,133,100,526,624,292
57,39,158,128,521,619,293
58,30,130,56,500,597,293
41,26,112,73,486,585,293
74,38,295,154,576,669,293
44,31,103,71,485,578,293
35,20,102,76,482,578,293
117,38,310,117,582,680,293
34,23,74,47,469,562,293
43,32,106,85,492,595,293
112,40,587,258,667,762,293
32,26,40,30,421,491,293
35,31,58,49,429,519,293
59,43,154,121,515,604,293
25,21,36,31,365,462,293
85,42,174,90,532,629,293
43,25,156,93,515,607,293
29,20,72,51,446,539,293
33,23,81,62,477,568,293
36,28,82,69,460,561,293
37,24,97,71,471,569,293
41,29,85,65,466,557,294
20,20,20,22,339,453,294
19,20,26,30,338,436,294
46,35,113,89,485,578,294
55,31,103,71,479,580,294
21,22,17,18,321,443,294
28,23,42,33,409,487,294
154,60,671,350,700,798,294
54,32,127,82,506,616,294
27,23,44,35,413,500,294
59,36,108,64,494,592,294
83,36,368,204,605,702,294
70,36,202,103,548,642,294
34,21,50,27,418,508,294
65,37,212,108,562,656,294
60,38,222,156,553,653,294
96,61,232,137,553,647,294
103,42,361,203,603,703,294
72,41,154,103,525,609,294
21,20,40,35,392,500,294
33,24,73,64,427,532,294
42,28,98,77,472,573,294
42,25,86,63,456,553,294
32,28,29,25,396,496,294
35,22,52,29,409,496,295
117,48,423,150,612,710,295
40,31,88,74,454,553,295
25,22,56,48,414,510,295
28,23,70,59,426,510,295
54,36,141,99,508,602,295
32,25,98,83,443,555,295
31,25,46,35,399,506,295
40,31,90,76,474,571,295
24,20,52,46,412,518,295
107,52,205,90,564,658,295
54,33,137,84,518,614,295
42,25,83,51,483,575,295
25,24,61,59,386,489,295
64,51,127,107,510,608,295
35,23,121,96,478,585,295
33,22,108,81,481,574,295
49,35,106,73,484,579,295
53,36,114,73,483,575,296
44,29,110,81,498,589,296
37,21,110,68,489,584,296
38,26,111,88,490,591,296
101,54,281,175,583,683,296
54,28,116,64,484,587,296
52,30,137,94,520,615,296
127,61,406,236,620,715,296
257,69,756,353,714,812,296
26,21,23,21,403,480,296
79,56,112,82,491,586,296
257,114,581,260,663,758,296
82,48,201,140,554,651,296
135,67,371,180,610,705,296
43,31,84,60,461,551,296
40,28,113,86,483,578,296
155,67,529,222,647,745,296
44,30,136,100,494,590,296
49,33,102,66,475,577,296
82,36,362,194,593,688,297
78,48,298,206,574,667,297
39,30,93,77,474,567,297
32,29,74,67,434,526,297
61,34,216,141,531,631,297
25,24,28,31,369,455,297
37,24,89,56,469,569,297
35,27,51,48,432,526,297
41,34,61,55,454,550,297
32,25,71,60,432,540,297
28,23,29,24,370,476,297
36,25,98,71,454,561,297
37,26,90,76,466,561,297
35,25,56,51,420,532,297
36,24,80,67,464,559,298
39,31,79,69,465,559,298
81,49,244,166,561,654,298
170,82,565,282,653,750,298
30,23,95,76,470,565,298
50,34,133,97,496,603,298
38,20,71,34,465,547,298
28,26,40,38,393,504,298
82,49,215,146,550,646,298
32,26,72,59,461,557,298
24,21,41,41,370,481,298
22,22,31,32,342,450,299
29,24,24,20,367,481,299
36,29,75,64,462,555,299
30,20,62,47,438,534,299
29,23,66,50,438,541,299
38,25,108,80,484,582,299
45,25,186,125,520,614,299
42,27,132,94,505,609,299
36,26,78,60,466,560,299
37,25,130,97,505,600,299
33,22,72,49,455,559,299
21,20,23,28,361,471,299
40,35,55,50,426,518,299
22,21,16,17,348,449,299
40,28,93,68,481,580,300
23,24,58,59,411,500,300
33,24,43,30,419,514,300
21,20,38,39,411,499,300
91,52,209,142,557,653,300
24,22,46,48,420,506,300
63,44,134,106,506,608,300
21,21,49,45,381,484,300
44,26,131,97,496,605,300
27,20,38,31,385,474,300
25,20,63,51,415,513,300
42,37,77,64,461,557,300
34,26,68,58,450,543,300
69,31,186,107,521,618,301
133,56,555,285,651,748,301
24,22,28,26,387,470,301
34,28,65,57,432,528,301
27,27,38,40,387,479,301
25,20,72,62,450,547,301
30,24,67,60,445,532,301
25,20,42,27,405,510,301
32,27,64,57,435,528,302
21,20,28,31,396,480,302
25,21,43,36,405,504,302
36,28,73,60,468,561,302
58,38,119,85,505,602,302
45,28,57,44,452,549,302
102,37,183,56,535,624,302
21,20,19,19,306,403,302
36,31,83,69,454,551,302
22,20,35,34,396,484,302
150,67,483,211,642,736,302
39,23,141,99,494,597,302
25,20,50,42,414,513,302
40,25,62,42,436,544,302
24,20,38,30,388,474,303
31,27,51,44,429,510,303
66,37,116,75,512,606,303
43,31,61,41,448,550,303
20,21,32,35,392,476,303
26,20,53,46,416,517,303
27,24,46,41,398,485,303
27,23,69,61,418,511,303
41,27,76,60,478,575,303
31,27,53,53,414,531,303
28,23,50,45,417,512,304
86,51,273,159,580,679,304
28,21,88,65,441,540,304
62,39,166,117,514,605,304
40,27,78,45,453,537,304
35,23,62,41,454,540,304
26,23,31,31,375,492,304
46,25,83,42,473,572,304
25,20,27,26,345,455,304
52,30,82,54,468,567,304
30,20,86,56,443,556,304
53,29,183,106,532,631,304
25,21,68,52,405,515,304
64,30,101,46,486,589,305
22,20,42,36,403,496,305
26,24,37,36,391,471,305
26,20,76,60,430,537,305
30,22,74,54,435,534,305
22,21,39,42,375,488,305
52,30,183,120,535,627,305
30,23,78,63,439,546,305
73,43,246,146,560,656,305
26,22,38,32,372,473,305
34,22,91,73,468,572,305
45,25,98,67,470,562,305
39,27,67,51,449,552,305
27,22,64,61,437,529,305
38,21,79,50,438,543,305
45,31,59,45,429,525,305
26,21,33,33,382,486,306
63,47,157,129,519,616,306
72,35,156,80,527,612,306
35,30,52,39,394,494,306
48,26,89,44,492,596,306
45,21,194,118,532,624,306
102,51,227,117,556,652,306
32,24,28,25,388,475,306
29,21,67,49,424,531,306
30,24,74,66,432,538,306
74,39,319,186,579,672,306
74,42,108,79,492,596,306
45,24,111,59,502,598,306
93,52,283,169,576,670,306
74,40,124,69,505,606,306
236,80,650,269,665,762,306
42,27,84,61,457,544,306
63,47,106,81,505,600,306
111,55,322,182,598,695,306
43,28,97,75,480,580,306
229,75,861,413,764,860,306
26,23,56,54,429,531,306
193,72,452,110,626,717,307
34,29,46,39,431,525,307
60,39,137,95,524,623,307
49,36,116,92,496,592,307
27,21,52,39,403,492,307
31,26,76,62,435,529,307
35,21,131,87,500,593,307
66,42,186,130,537,629,307
23,20,39,39,383,486,307
23,20,59,54,410,499,307
28,21,46,36,422,513,307
42,28,76,55,455,557,307
36,25,96,73,472,565,307
29,23,63,45,440,528,307
41,24,104,63,469,562,307
35,25,60,40,430,527,307
47,25,107,53,481,571,307
22,20,32,34,367,468,307
23,21,55,48,396,507,307
54,36,114,74,499,600,307
21,21,29,30,361,461,308
23,20,55,51,410,507,308
60,34,161,92,521,614,308
29,29,33,35,367,468,308
41,26,103,72,498,601,308
30,26,47,40,412,522,308
27,21,50,36,428,513,308
47,33,99,75,491,590,308
54,46,79,73,471,564,308
123,62,361,205,602,702,308
25,23,55,52,417,501,308
32,28,56,55,442,544,308
76,45,186,112,538,633,308
48,34,122,93,504,605,308
36,27,81,72,473,576,308
35,30,76,66,451,537,308
25,20,50,38,409,511,308
178,61,558,229,648,746,308
36,26,48,38,432,534,308
32,26,50,46,413,521,308
91,56,149,105,517,613,308
53,28,124,69,507,604,309
319,114,830,368,760,856,309
150,85,357,188,611,709,309
31,25,70,53,442,546,309
25,21,20,24,350,457,309
67,51,90,63,485,584,309
32,22,146,99,493,595,309
45,28,80,59,472,551,309
36,20,138,81,505,606,309
21,20,47,41,398,491,309
33,27,64,58,436,532,309
30,22,63,53,421,530,309
29,26,48,42,420,505,309
33,24,72,53,463,551,309
60,39,210,150,547,643,309
65,35,165,100,539,631,309
25,20,51,45,406,511,310
101,48,200,111,549,645,310
44,27,82,63,485,572,310
32,21,70,46,426,517,310
29,23,46,30,411,497,310
41,28,94,74,485,585,310
32,22,65,44,442,548,310
29,24,59,55,432,535,310
29,21,57,44,426,519,310
33,27,63,48,441,542,310
26,22,64,59,419,521,310
87,44,182,92,546,616,310
37,23,84,60,472,560,310
32,26,50,42,422,513,310
30,21,54,39,406,520,310
106,56,211,115,567,661,311
33,29,55,53,438,525,311
50,40,72,54,451,547,311
24,21,48,42,403,501,311
32,29,49,51,432,521,311
48,33,137,99,511,605,311
30,21,69,54,451,541,311
63,43,135,101,512,615,311
83,48,177,103,534,627,311
45,22,241,140,543,637,311
31,21,66,43,447,539,311
24,24,30,30,388,464,311
67,45,163,102,519,620,311
37,30,57,50,457,553,312
42,32,123,97,484,579,312
62,38,199,131,536,636,312
27,21,37,31,395,503,312
29,21,46,27,398,501,312
18,20,21,25,316,414,312
38,26,84,61,463,569,312
41,29,92,77,472,564,312
29,23,66,47,443,523,312
40,23,103,43,475,576,312
26,23,38,36,414,504,312
128,55,312,138,590,687,312
27,20,35,31,398,507,312
96,62,238,145,566,656,312
33,25,78,66,441,549,313
45,33,80,68,455,560,313
51,24,118,62,484,594,313
26,23,48,45,413,510,313
45,31,137,87,506,603,313
71,46,125,81,507,599,313
37,21,130,73,503,598,313
85,39,215,100,563,659,313
30,23,70,58,417,520,313
104,58,298,203,589,681,313
42,20,67,41,456,539,313
85,47,300,212,591,688,313
192,79,580,327,672,767,313
21,22,19,23,344,445,313
56,30,132,72,508,595,313
49,33,93,62,472,572,313
31,22,65,46,426,520,313
136,64,534,313,642,737,313
77,37,265,177,569,665,313
38,29,75,64,443,544,313
119,53,385,210,610,706,313
40,30,70,47,441,531,313
78,43,284,191,553,653,314
116,72,240,147,561,657,314
54,38,143,107,509,612,314
45,27,118,75,490,580,314
112,51,431,213,613,711,314
23,22,22,23,338,452,314
100,42,279,126,580,680,314
59,31,164,95,532,630,314
57,39,135,106,494,594,314
82,50,209,150,545,639,314
70,36,233,128,563,658,315
39,28,88,71,454,558,315
30,21,74,55,433,531,315
32,24,50,35,394,496,315
76,49,168,107,531,625,315
32,22,89,71,472,573,316
55,38,135,97,502,605,316
35,23,78,45,432,486,316
30,20,45,24,396,519,316
25,25,44,41,375,484,316
33,31,43,45,397,499,316
32,25,75,60,455,557,316
24,21,45,44,428,519,316
30,22,80,64,462,570,316
34,22,69,50,423,512,316
26,24,36,39,376,470,316
39,25,94,59,481,570,316
26,21,53,42,404,506,316
29,23,46,33,404,504,316
31,28,64,62,434,537,317
32,27,55,39,429,522,317
34,21,88,61,442,530,317
21,21,14,14,342,452,317
44,21,89,52,467,565,317
29,24,43,36,429,512,317
25,21,50,40,393,487,317
32,25,55,47,417,520,317
28,20,45,24,400,469,317
122,49,584,186,652,753,317
67,49,127,97,498,596,318
48,29,128,91,498,601,318
42,31,114,86,478,577,318
56,32,159,113,524,621,318
26,21,71,62,442,543,318
54,32,208,134,538,640,318
32,23,46,27,407,515,318
44,25,153,100,511,605,318
39,30,61,52,436,541,319
36,27,61,46,450,543,319
21,20,44,44,352,475,319
36,29,54,45,437,533,319
29,23,56,48,397,511,319
39,30,63,42,432,523,319
30,22,35,27,384,494,319
48,37,78,67,445,550,319
52,40,132,109,511,608,319
30,22,61,46,442,538,319
47,31,132,100,506,596,319
44,30,100,71,476,572,320
35,21,103,69,466,560,320
35,23,93,74,474,581,320
37,28,72,55,449,542,320
25,21,60,50,422,515,320
42,32,80,61,460,558,320
45,31,50,33,442,539,320
82,50,208,148,557,654,320
37,26,89,63,475,573,320
26,23,31,30,401,487,320
23,23,20,26,386,465,320
32,26,59,50,427,519,320
26,25,30,29,395,480,320
39,24,69,45,462,551,320
50,36,100,71,488,587,320
25,23,24,23,348,471,320
25,23,43,41,391,494,320
30,27,67,63,432,531,320
29,22,90,69,455,545,320
46,24,91,57,471,525,320
30,24,88,70,471,577,320
58,33,114,66,501,598,320
29,21,86,70,464,552,320
39,26,93,72,461,547,321
32,21,101,68,461,558,321
34,21,158,106,516,609,321
41,31,105,79,467,571,321
89,44,231,117,543,640,321
37,27,102,76,464,564,321
70,32,149,78,515,610,321
40,29,90,65,456,547,321
28,26,40,41,412,509,321
53,34,175,122,528,619,321
37,23,82,64,466,564,321
22,22,20,25,364,453,321
61,38,135,69,503,600,321
48,31,154,101,497,595,321
24,20,44,37,390,504,321
74,45,165,101,530,630,321
35,21,109,78,490,582,321
40,27,109,83,493,591,321
62,31,126,71,495,598,322
44,27,119,83,500,598,322
41,34,108,90,480,574,322
32,21,44,31,408,509,322
32,26,47,42,440,527,322
94,44,196,88,565,646,322
45,39,91,86,450,546,322
23,20,46,46,390,485,322
34,25,82,61,444,531,322
77,39,197,113,535,627,322
65,46,163,117,524,619,322
46,21,88,58,470,566,322
38,20,117,76,480,579,322
24,20,52,37,414,512,322
32,21,98,70,477,572,322
43,20,108,58,476,552,322
55,28,69,29,459,557,322
31,22,70,56,452,553,322
35,21,117,66,454,553,322
60,28,158,102,532,628,322
55,35,211,128,549,637,323
28,25,45,43,420,516,323
179,64,626,247,658,751,323
52,32,151,101,512,612,323
41,26,134,87,503,596,323
61,42,134,102,509,606,323
54,30,96,56,484,582,323
46,26,105,73,482,575,323
21,20,30,31,354,466,323
44,28,93,62,479,575,323
28,20,60,42,398,502,323
52,40,127,104,481,583,323
23,21,22,21,335,458,323
25,23,31,30,399,503,323
58,39,138,108,520,614,323
33,24,66,49,428,520,324
36,29,97,83,443,547,324
19,20,27,25,329,437,324
81,50,183,122,535,636,324
27,21,36,34,404,492,324
278,82,640,197,663,770,324
30,24,78,65,443,534,324
30,26,66,66,416,513,324
43,36,72,60,435,537,325
30,23,49,39,419,489,325
81,52,123,86,502,600,325
26,20,50,38,387,484,325
26,27,22,28,384,480,325
28,23,62,50,424,516,325
34,26,70,49,448,541,325
37,23,125,95,474,566,325
38,29,67,57,455,549,325
41,26,65,42,454,553,325
43,27,127,83,497,585,325
44,20,163,105,520,617,325
21,20,40,42,387,483,325
29,24,53,42,403,498,325
57,25,102,39,492,589,325
59,38,99,56,493,584,325
87,51,242,145,565,667,325
65,41,152,92,498,591,325
31,24,100,82,464,555,325
55,32,189,131,532,632,325
35,25,61,36,458,542,325
56,43,79,59,470,568,325
76,29,166,78,519,611,325
28,20,83,61,462,556,326
95,57,190,115,540,632,326
24,25,24,32,350,444,326
76,52,209,153,556,649,326
30,21,88,72,451,548,326
31,29,36,29,387,479,327
27,21,29,23,413,495,327
27,23,39,31,417,492,327
37,30,110,94,469,558,327
60,36,189,143,526,620,327
26,24,38,37,380,479,327
23,21,49,46,384,488,327
59,44,101,78,478,581,328
29,22,56,42,431,530,328
32,24,58,49,449,544,328
31,25,73,62,436,524,328
30,23,42,32,424,508,328
30,29,52,50,420,502,328
61,40,153,98,517,610,328
41,21,156,97,510,608,328
36,33,55,42,439,524,328
55,45,97,77,470,568,328
38,29,68,52,449,539,328
36,25,73,58,444,545,328
49,34,107,79,465,560,328
29,22,60,40,398,492,328
47,31,114,83,482,586,328
40,28,94,73,459,557,328
35,26,71,57,459,545,329
29,23,46,30,414,512,329
60,31,119,57,494,588,329
40,33,90,76,451,561,329
27,21,72,64,425,524,329
27,20,67,55,444,545,329
73,42,185,123,528,626,329
32,27,44,40,411,514,329
40,29,93,69,490,582,329
29,20,66,51,455,549,329
49,41,110,103,478,575,329
59,33,168,109,534,629,329
27,22,34,32,373,479,329
132,52,542,239,646,741,329
221,67,742,249,680,772,329
35,21,61,38,428,535,329
33,21,94,62,467,557,329
36,25,104,80,477,577,329
27,24,53,46,419,525,329
34,28,70,64,449,544,330
55,29,98,45,478,576,330
96,45,562,291,642,743,330
33,26,51,39,420,522,330
212,63,791,278,722,824,330
77,54,156,121,538,631,330
25,22,49,48,423,517,330
22,20,29,25,376,469,330
90,52,228,129,555,654,330
24,20,31,30,369,480,330
243,97,621,231,678,775,330
42,34,62,54,423,526,330
38,28,86,66,462,558,330
24,22,33,34,413,508,330
48,31,112,78,492,583,331
27,21,63,55,437,532,331
25,24,32,36,378,474,331
38,24,93,66,466,561,331
31,30,34,39,369,473,331
41,21,68,34,452,554,331
28,22,51,38,424,519,331
45,30,112,78,493,590,331
21,22,23,24,337,447,331
74,39,143,62,512,609,331
22,21,21,23,368,465,331
31,20,98,56,467,568,332
27,21,42,35,409,498,332
32,31,41,38,420,518,332
32,24,101,93,468,561,332
42,33,84,70,456,552,332
54,38,109,90,503,604,332
44,36,89,83,444,545,332
65,35,101,52,488,576,332
43,31,93,79,486,585,332
85,48,248,188,555,656,332
25,22,56,49,430,518,332
47,25,133,95,496,596,332
43,25,107,74,495,592,332
33,26,75,59,474,559,332
74,39,136,75,511,603,332
57,32,160,99,509,603,332
32,25,60,50,452,545,332
47,25,84,41,460,557,332
22,21,20,24,372,449,332
38,28,79,67,448,542,333
172,69,412,142,607,706,333
48,34,104,84,483,588,333
66,32,152,76,527,625,333
36,26,53,39,427,535,333
75,39,275,151,566,665,333
77,39,270,136,578,674,333
100,52,217,117,559,649,333
23,20,44,38,387,488,333
48,30,138,98,523,618,333
108,47,427,248,618,717,333
57,22,164,80,520,612,333
29,20,78,57,442,546,333
34,24,70,39,432,524,333
83,34,277,142,568,664,333
225,95,646,309,690,788,333
50,34,103,75,474,571,333
31,23,65,51,441,535,333
30,22,34,21,417,499,333
52,39,115,94,489,583,334
40,29,90,71,467,549,334
26,20,36,27,417,515,334
59,39,85,62,479,572,334
48,30,77,47,466,558,334
26,20,53,42,424,538,334
37,28,61,44,455,545,334
33,29,59,54,433,516,334
20,22,29,36,347,462,334
76,32,229,121,558,656,334
44,28,101,71,473,564,334
39,31,81,70,458,557,335
28,21,68,57,442,542,335
26,23,44,38,422,519,335
37,30,74,62,435,526,335
41,32,76,63,460,556,335
24,23,22,26,370,467,335
33,21,59,39,431,559,335
41,29,75,56,458,548,335
24,22,33,30,390,461,335
42,36,54,42,446,539,335
30,22,34,26,392,481,336
161,49,348,129,605,703,336
39,30,68,60,455,547,336
61,40,126,94,495,591,336
86,39,203,81,541,637,336
35,24,79,61,438,539,336
45,37,85,71,461,564,336
36,25,52,37,422,529,336
34,23,56,42,433,542,336
37,24,96,50,476,573,336
27,22,40,33,407,508,336
77,41,233,154,560,651,337
41,29,97,62,473,560,337
25,22,35,34,377,479,337
28,20,51,42,418,522,337
43,35,74,58,450,544,337
37,25,127,90,482,585,337
94,45,212,100,552,650,337
49,32,105,79,478,573,337
60,37,173,124,535,628,337
32,20,54,40,404,494,337
42,29,83,56,457,558,337
69,34,195,79,545,642,337
33,26,38,32,398,496,337
43,22,135,60,492,588,337
27,22,54,46,426,507,337
40,30,52,42,439,548,337
73,57,157,109,522,615,337
57,33,112,60,504,601,337
42,31,85,59,458,561,337
48,30,102,66,497,588,337
128,56,417,168,617,714,337
44,33,129,101,479,574,337
38,26,71,49,438,523,337
37,27,59,46,444,539,337
48,29,128,81,496,591,337
23,22,46,49,414,516,338
152,64,440,187,621,719,338
25,21,54,47,421,514,338
32,25,92,80,477,567,338
41,28,109,89,486,592,338
37,29,62,52,441,540,338
186,75,620,288,671,769,338
41,29,105,82,491,586,338
77,28,167,72,527,622,338
21,20,46,43,396,491,338
206,83,656,333,707,802,338
42,28,120,89,494,589,338
44,29,105,71,479,575,338
239,78,518,156,638,733,338
35,23,110,86,489,592,338
528,134,924,256,728,825,338
28,20,58,50,466,560,338
40,26,90,71,467,554,338
96,59,160,99,530,631,338
39,20,143,94,501,601,338
24,22,41,36,396,494,338
35,28,44,32,429,520,338
30,23,37,27,406,513,339
20,20,26,29,344,463,339
64,33,233,137,555,654,339
33,20,74,49,459,557,339
47,30,109,71,471,572,339
29,23,42,34,410,518,339
39,31,144,105,516,609,339
42,36,81,70,455,547,339
178,74,525,196,642,740,339
33,20,62,45,434,535,339
42,21,72,46,459,545,339
38,30,69,58,443,543,339
35,21,104,73,450,549,339
25,23,31,31,398,497,340
27,22,46,41,403,510,340
41,29,92,72,470,566,340
47,25,175,114,526,619,340
69,41,155,88,512,606,340
62,35,222,152,543,643,340
23,25,21,29,355,426,340
32,20,97,64,474,567,340
26,24,48,40,411,505,340
44,30,139,104,486,587,340
42,24,79,58,458,556,340
125,71,252,130,579,678,340
71,48,183,134,527,619,340
35,25,109,81,468,569,340
40,25,119,86,500,590,340
32,24,46,36,396,499,340
32,22,70,56,438,538,341
81,49,181,103,525,624,341
35,26,66,49,446,542,341
181,85,410,160,613,711,341
93,54,243,163,567,664,341
29,24,92,79,468,567,341
67,28,297,148,604,702,341
138,63,581,288,655,754,341
222,96,557,237,657,763,341
37,22,78,50,452,547,341
127,61,533,252,640,743,341
35,26,67,63,442,545,341
30,25,48,43,430,524,341
94,32,269,104,583,682,341
57,38,144,102,509,601,341
48,32,96,67,482,578,342
118,58,274,145,571,665,342
36,26,64,39,446,538,342
43,29,44,34,408,520,342
23,22,26,29,385,479,342
43,20,87,46,457,577,342
38,28,119,89,477,577,342
49,27,150,84,504,599,342
20,20,31,29,344,459,342
26,23,51,44,380,499,342
56,32,121,65,485,584,342
35,23,70,53,447,546,343
28,23,49,49,429,528,343
31,21,90,63,458,549,343
32,25,63,51,431,523,343
39,30,74,65,452,550,343
48,32,88,67,469,573,343
38,27,55,42,423,535,343
38,30,108,88,474,570,343
41,32,62,48,443,551,343
22,20,44,41,381,479,343
40,27,75,56,450,549,343
34,25,81,59,441,542,343
27,21,37,26,398,509,344
98,48,290,161,579,675,344
24,20,47,37,397,502,344
29,24,53,40,422,511,344
37,29,67,54,449,538,344
63,39,137,92,519,620,344
46,32,129,105,497,600,344
26,23,42,36,415,496,344
44,31,75,59,457,551,344
42,25,76,52,455,547,344
28,20,34,30,394,491,344
42,29,72,51,464,566,344
24,21,50,44,402,510,344
33,25,50,35,415,499,344
58,39,137,113,507,612,344
61,23,139,49,516,611,344
59,37,183,127,519,614,344
41,36,64,64,450,546,345
31,24,87,67,443,542,345
27,24,44,39,417,518,345
26,20,86,67,447,549,345
65,38,93,57,458,564,345
37,20,93,60,472,563,345
31,21,55,37,449,501,345
65,34,230,151,544,639,345
33,24,41,32,420,521,345
24,22,52,44,387,496,345
38,34,77,68,430,542,345
31,24,70,55,435,532,345
30,20,109,74,454,549,345
65,44,138,101,520,615,346
110,60,330,228,585,682,346
61,41,148,109,516,614,346
24,20,47,35,409,489,346
28,20,72,64,466,563,346
31,21,63,51,444,532,346
161,55,690,331,701,795,346
45,24,176,97,513,612,346
27,20,82,66,464,552,346
47,31,206,145,540,640,346
99,66,194,118,537,629,346
137,58,626,307,660,759,346
23,21,21,21,363,457,346
37,28,108,84,473,566,346
27,20,58,45,440,536,346
87,50,249,156,570,662,347
39,26,121,94,491,595,347
28,20,60,49,431,521,347
52,29,170,124,526,623,347
43,30,109,81,485,585,347
161,48,517,221,635,731,347
141,67,453,214,637,734,347
81,46,326,230,595,694,347
29,26,43,40,408,510,347
26,23,31,26,395,464,347
42,25,118,81,505,576,347
38,29,103,80,543,573,347
347,107,842,248,723,818,347
32,23,43,29,418,498,347
319,83,926,388,800,896,347
71,42,237,156,561,660,347
24,24,32,36,351,456,347
25,21,49,41,407,509,347
488,144,887,294,823,852,347
33,28,41,33,412,501,347
117,55,354,180,601,698,347
101,55,510,328,636,735,347
215,68,820,348,731,827,347
40,26,84,55,459,552,347
67,30,168,79,528,623,348
49,31,155,107,518,613,348
31,22,32,26,381,494,348
30,24,48,40,432,521,348
28,27,57,52,405,496,348
30,21,58,43,445,542,348
29,22,58,50,456,549,348
25,23,53,47,401,507,348
31,21,78,62,441,549,348
35,32,45,42,420,506,349
32,21,56,43,449,540,349
34,26,47,46,443,524,349
37,30,87,64,455,556,349
29,28,34,37,389,489,349
29,21,79,59,468,564,349
24,23,35,33,376,476,349
21,20,31,29,399,475,349
22,20,27,27,372,454,349
26,22,51,46,409,499,349
25,22,57,52,432,536,349
43,34,73,55,449,541,349
55,39,142,112,517,617,349
48,29,121,76,493,581,349
54,36,136,102,509,601,349
28,22,77,66,452,549,349
34,22,70,51,451,547,350
22,22,32,36,361,495,350
37,28,84,66,456,548,350
57,32,148,97,507,606,350
315,100,796,240,690,788,350
125,66,376,224,610,704,350
84,46,306,215,584,678,350
202,84,633,249,666,762,350
35,24,55,40,435,540,350
28,20,51,43,405,492,350
40,20,163,94,522,622,350
167,60,486,177,634,725,350
29,26,54,50,408,510,350
57,34,169,84,537,634,350
34,24,82,55,467,555,350
39,23,88,62,482,588,350
46,31,71,51,443,555,350
153,66,563,285,651,746,350
74,49,212,164,548,646,350
28,20,75,55,462,562,350
57,37,69,46,461,558,350
56,41,119,100,493,594,350
59,32,208,120,537,629,351
35,25,139,99,478,581,351
23,20,51,43,413,510,351
75,38,250,132,553,649,351
43,30,90,60,452,555,351
70,42,188,142,537,635,351
25,21,44,36,387,502,351
34,27,63,57,437,535,351
36,32,83,77,450,545,351
47,26,89,48,464,556,352
39,25,73,54,458,559,352
34,32,39,34,401,493,352
42,27,88,63,470,560,352
20,20,18,22,375,452,352
30,23,52,48,427,516,352
35,24,65,54,449,545,352
39,25,49,35,447,542,352
36,31,65,63,430,525,352
54,33,167,109,533,629,352
64,47,157,126,515,615,352
29,23,90,80,463,571,352
38,31,60,51,435,527,352
45,30,86,61,475,568,352
60,27,154,70,505,606,353
44,26,96,55,471,572,353
27,24,27,19,375,476,353
36,24,75,55,454,555,353
38,22,72,47,433,536,353
29,22,80,68,451,549,353
44,32,76,57,438,538,353
47,30,88,64,471,569,353
42,25,119,82,495,590,353
34,23,90,60,461,579,353
59,41,106,80,492,594,353
28,22,72,66,424,523,353
39,26,61,44,442,529,353
22,20,31,31,379,496,354
33,22,85,59,450,543,354
28,22,44,32,403,506,354
69,43,205,147,557,657,354
68,48,153,117,521,623,354
47,29,99,65,482,579,354
104,58,259,165,567,664,354
34,27,74,58,423,524,354
53,30,164,93,523,617,354
25,21,21,19,370,477,354
26,21,52,42,406,495,354
44,27,89,57,460,556,354
40,28,86,63,463,549,354
28,22,59,49,445,544,354
86,49,203,123,553,651,354
132,54,317,167,601,696,354
166,74,446,195,627,726,354
46,24,99,57,478,567,354
97,60,246,165,548,644,354
125,65,370,216,601,703,354
30,23,75,68,450,547,355
82,43,233,155,559,654,355
51,33,138,106,508,600,355
63,43,152,104,520,622,355
31,22,54,40,434,523,355
49,23,113,49,499,558,355
53,35,83,56,449,546,355
55,28,123,69,508,599,355
20,20,35,35,374,472,355
34,20,108,73,459,562,355
40,21,119,68,489,590,355
51,30,123,84,486,584,355
52,27,133,64,491,591,355
32,21,100,62,463,567,355
34,28,77,68,450,553,356
38,29,79,66,454,554,356
26,20,71,53,398,513,356
51,33,93,63,468,562,356
36,20,84,54,456,553,356
30,20,45,28,427,513,356
22,21,25,32,372,492,356
35,30,31,31,407,496,356
45,30,118,92,484,581,356
26,22,42,40,372,485,356
55,35,128,92,509,605,356
46,23,212,128,537,641,356
44,26,99,71,485,589,356
32,22,71,48,467,565,356
35,28,69,56,451,539,356
100,42,415,182,606,703,356
51,37,96,74,484,578,357
32,21,91,67,464,550,357
26,22,57,53,437,547,357
50,32,97,70,478,584,357
53,38,90,76,458,561,357
29,22,47,34,448,527,357
86,54,243,162,573,673,357
54,31,126,84,508,610,357
87,48,198,112,539,629,357
111,54,351,198,605,701,357
170,63,532,250,639,735,357
40,33,43,32,399,515,357
35,27,56,51,450,538,357
284,93,744,324,722,801,357
156,71,438,201,616,710,357
35,28,76,69,458,562,357
19,20,44,43,383,471,357
275,88,670,209,665,763,357
42,35,58,54,409,525,358
21,20,37,41,398,477,358
44,29,100,59,495,592,358
40,27,65,44,433,521,358
28,22,48,35,412,519,358
35,27,61,55,444,549,358
31,22,61,48,453,548,358
37,28,66,53,444,538,358
27,23,61,45,427,517,358
29,20,63,51,436,546,358
43,27,76,43,464,565,358
23,20,21,22,367,485,358
31,22,49,36,429,509,358
90,39,186,78,548,647,359
35,25,68,45,426,528,359
52,37,161,121,522,623,359
25,21,55,43,429,521,359
40,32,73,60,464,568,359
38,25,110,76,495,591,359
27,26,42,41,380,474,359
40,20,82,55,460,559,359
22,21,34,35,346,444,360
158,60,390,145,608,707,360
51,34,102,68,488,587,360
54,32,163,106,524,624,360
49,29,155,86,499,601,360
43,23,81,43,460,553,360
26,20,76,66,439,531,360
31,24,84,67,456,551,360
42,24,115,65,481,584,360
36,27,85,67,463,563,360
44,29,106,78,488,574,360
37,21,85,49,460,563,360
50,36,127,101,486,585,360
35,31,55,48,433,535,361
43,25,117,76,502,591,361
29,21,52,40,414,511,361
85,48,239,159,571,667,361
31,24,112,88,459,549,361
43,24,116,77,503,602,361
35,27,62,51,440,549,361
44,27,132,91,498,591,361
30,20,68,51,424,515,361
67,38,185,101,537,628,361
78,40,303,190,583,679,361
34,23,65,48,444,543,361
44,29,93,72,468,573,361
73,47,187,141,550,651,361
33,24,65,46,445,547,361
61,33,197,131,540,636,361
21,20,26,23,363,484,362
27,21,67,57,431,514,362
29,23,54,47,456,554,362
26,20,45,33,411,501,362
53,36,148,96,501,591,362
27,23,54,45,423,528,362
38,30,97,82,463,562,362
36,21,93,61,458,561,362
28,24,71,65,436,530,362
34,24,77,64,444,540,362
50,30,96,61,470,572,362
37,24,71,48,441,537,362
72,46,181,108,531,633,363
26,20,31,25,398,486,363
23,22,14,15,374,471,363
29,26,38,40,394,494,363
49,33,115,76,480,577,363
32,20,55,34,434,524,363
68,41,188,128,533,631,363
24,20,49,47,422,513,363
48,29,164,119,515,614,364
25,21,32,27,367,475,364
45,29,130,81,474,568,364
28,21,41,31,377,482,364
27,25,33,36,379,474,364
38,25,68,36,436,543,364
49,35,138,102,482,579,364
21,20,23,24,346,468,364
48,33,85,60,468,571,364
95,54,287,188,574,672,364
24,23,41,42,394,494,364
39,24,93,65,489,583,364
92,58,190,116,538,634,364
30,26,24,26,415,499,364
34,28,74,57,429,533,364
23,20,44,37,367,475,364
24,21,41,36,406,498,364
67,46,189,141,531,619,364
35,30,51,49,431,532,364
29,24,44,39,407,502,364
29,21,58,49,431,522,364
29,22,63,57,445,549,364
29,24,48,38,440,532,364
27,20,52,33,405,509,364
34,27,81,69,470,557,364
31,24,49,45,424,537,364
88,52,245,152,561,654,364
63,46,148,108,513,612,365
171,60,650,320,690,787,365
61,30,209,120,536,637,365
73,38,198,114,540,623,365
27,22,44,40,409,510,365
63,33,175,115,532,630,365
44,32,109,87,481,576,365
151,57,636,237,659,755,365
40,28,143,98,498,589,365
32,20,106,58,474,569,365
107,39,583,224,668,762,365
54,38,72,47,461,553,365
284,94,794,347,745,839,365
44,26,92,65,477,577,365
50,29,184,100,522,621,365
36,29,53,42,423,523,365
94,52,236,146,542,639,365
33,22,81,50,457,543,365
44,36,91,77,442,549,365
41,26,83,58,456,549,366
27,20,84,71,474,570,366
60,29,152,74,511,604,366
34,21,80,59,472,568,366
31,23,51,40,427,511,366
27,20,40,29,410,501,366
66,34,234,137,552,646,366
62,36,196,132,551,649,366
50,31,102,75,489,587,366
111,54,311,167,586,683,366
25,23,37,34,389,485,366
75,48,158,103,526,617,366
32,32,24,26,338,453,366
42,34,76,61,448,538,366
61,35,167,108,535,629,366
54,20,220,119,536,639,366
31,22,87,64,464,565,366
29,25,39,29,380,485,366
26,21,25,23,360,469,366
91,45,211,127,548,642,366
108,46,339,151,596,694,366
38,30,117,87,470,562,366
47,32,108,79,480,574,366
35,32,51,48,419,506,366
38,27,60,47,420,521,366
29,23,43,41,417,528,366
24,21,72,62,420,505,366
32,24,63,56,439,540,367
51,30,109,75,479,573,367
54,39,126,88,503,594,367
30,27,35,26,418,502,367
61,35,200,124,542,638,367
89,53,240,162,559,657,367
28,21,47,29,424,494,367
28,24,43,42,425,537,367
29,23,52,50,438,546,367
83,41,293,118,582,676,368
37,27,81,72,455,557,368
27,23,80,74,436,540,368
174,60,583,212,652,746,368
38,29,64,56,463,566,368
24,22,28,28,394,471,368
37,20,78,50,472,574,368
27,24,55,51,421,520,368
26,22,29,26,385,483,368
82,50,179,124,519,619,368
46,36,90,68,479,580,369
41,22,115,52,484,586,369
30,23,55,44,418,503,369
42,30,110,85,485,576,369
23,21,26,28,407,487,369
31,20,50,37,425,526,369
30,26,37,36,389,502,369
24,22,49,47,426,505,369
39,30,50,45,441,534,369
51,34,117,75,489,577,369
42,33,90,80,460,566,369
29,23,100,86,468,564,369
22,20,24,20,356,441,369
94,40,238,118,557,652,369
103,62,257,167,568,662,369
58,30,170,114,537,638,369
117,54,263,136,581,679,370
28,21,43,34,423,510,370
45,31,142,95,503,598,370
34,27,74,61,458,552,370
56,40,99,75,485,584,370
25,21,30,32,412,510,370
32,24,65,57,439,578,370
42,29,79,51,454,534,370
35,30,30,28,390,499,370
38,34,53,55,432,545,370
101,39,353,158,608,706,370
26,21,51,42,407,516,370
25,21,50,45,386,512,371
46,33,78,59,473,571,371
38,27,86,65,469,568,371
40,30,98,75,469,568,371
45,29,130,91,498,599,371
55,30,143,97,519,620,371
28,24,59,54,414,504,371
89,48,173,88,527,629,371
29,21,50,37,431,526,371
41,21,76,41,442,557,371
39,23,79,54,440,546,371
75,44,149,97,527,624,371
27,23,42,38,401,512,371
44,29,109,87,489,590,371
72,43,176,110,533,625,371
30,22,53,43,430,519,371
176,74,629,331,680,777,371
29,21,53,41,429,525,371
37,24,132,106,487,582,372
70,42,283,138,569,669,372
34,26,75,57,439,533,372
20,22,16,23,303,440,372
47,27,84,51,465,566,372
92,57,161,80,532,629,372
84,51,157,101,531,629,372
30,21,85,67,461,559,372
34,22,112,64,467,560,372
43,26,73,39,456,529,373
36,27,58,46,430,523,373
62,37,144,108,536,634,373
37,29,49,41,432,524,373
25,22,36,30,391,472,373
29,21,90,71,470,568,373
23,20,38,40,405,506,373
22,20,32,34,401,493,373
125,54,375,204,610,707,373
88,40,236,111,559,658,373
23,23,29,32,371,464,373
41,23,49,28,432,518,373
63,52,80,67,472,565,373
45,27,142,109,498,598,373
31,24,62,57,442,535,373
35,27,79,72,463,568,373
25,20,37,29,377,464,373
34,24,58,45,446,546,374
33,31,41,46,414,508,374
38,28,47,38,439,536,374
74,43,163,84,536,632,374
39,32,84,78,468,569,374
27,20,78,64,453,552,374
22,21,30,29,343,462,374
25,21,62,52,438,519,374
45,28,112,74,502,599,374
38,24,105,69,464,561,374
28,21,64,51,421,525,374
29,21,57,32,427,521,374
51,27,154,111,529,627,374
29,23,47,35,433,531,374
39,29,79,67,453,551,374
122,44,467,169,644,738,374
28,20,82,60,455,551,375
44,35,85,76,461,559,375
56,35,171,130,517,617,375
93,46,330,192,593,689,375
39,23,107,67,480,566,375
24,20,56,49,397,509,375
37,32,58,54,436,529,375
130,58,412,197,614,713,375
63,37,177,128,530,629,375
47,30,82,51,433,556,375
57,41,124,95,499,602,375
37,31,58,55,442,536,375
31,24,48,39,437,535,375
68,38,196,128,535,639,375
27,21,69,60,428,533,375
28,22,64,52,420,519,375
38,27,58,49,441,563,376
64,44,136,101,503,598,376
37,30,49,39,428,525,376
46,34,108,85,488,588,376
38,24,84,64,443,545,376
34,23,79,51,463,562,376
37,25,74,55,462,561,376
69,38,222,139,562,654,376
175,81,529,231,637,734,376
35,24,77,51,432,537,376
43,28,104,71,477,576,376
152,58,409,204,619,715,376
80,45,248,165,572,673,376
26,22,49,45,406,500,376
83,32,734,303,701,803,376
98,36,361,143,592,686,376
122,60,227,89,554,649,376
41,31,77,69,481,581,377
151,60,636,353,681,777,377
86,42,179,74,540,638,377
113,56,308,149,587,685,377
37,21,74,48,443,546,377
36,22,48,31,439,534,377
35,24,77,62,447,543,377
29,22,63,57,458,555,377
69,38,136,80,517,610,377
25,23,49,43,373,479,377
44,24,143,97,521,614,377
34,22,56,44,460,548,378
27,24,45,39,418,511,378
28,23,45,40,409,518,378
81,51,171,118,529,630,378
51,36,83,62,486,586,378
27,21,50,41,409,517,378
34,24,70,62,470,565,378
41,23,69,42,434,527,378
48,32,111,85,495,597,378
29,25,37,30,374,489,378
41,30,84,64,464,564,379
26,21,60,46,416,519,379
25,20,78,67,437,540,379
31,27,56,49,435,528,379
39,31,113,97,471,571,379
36,22,64,30,437,524,379
58,47,83,63,479,576,379
35,24,102,78,467,568,379
25,21,44,43,425,510,379
46,32,88,59,457,561,379
24,22,44,40,372,479,380
42,26,69,41,460,566,380
26,23,45,36,383,494,380
34,24,103,84,460,560,380
29,26,16,15,370,464,380
45,31,127,103,488,573,380
50,30,129,94,510,612,380
36,29,95,78,448,553,380
29,24,56,50,442,531,380
21,20,28,31,394,484,380
130,56,333,149,601,696,380
36,22,86,60,468,566,380
36,27,75,55,461,556,380
38,34,64,62,455,546,380
67,37,159,87,515,613,381
47,33,82,61,463,562,381
27,24,40,39,376,480,381
106,43,260,110,572,669,381
23,20,29,28,351,477,381
43,32,111,88,494,590,381
36,26,91,74,472,575,381
26,20,34,21,377,513,381
26,20,47,35,423,525,381
39,31,85,69,467,567,381
27,22,59,51,410,515,381
205,90,470,191,664,763,381
68,40,138,85,508,601,382
30,23,78,58,447,547,382
19,20,21,24,357,442,382
32,21,79,62,454,564,382
55,38,112,83,499,601,382
35,29,64,47,422,522,382
57,35,106,70,497,591,382
29,24,56,46,429,522,382
43,22,118,72,493,583,382
51,35,101,71,478,574,382
38,25,84,56,470,572,382
41,27,61,37,441,527,383
78,49,188,135,533,630,383
32,21,109,77,475,577,383
24,22,23,25,375,471,383
60,47,115,99,484,596,383
54,38,110,79,512,606,383
34,25,57,53,445,545,383
50,28,98,63,486,586,383
29,23,45,38,386,504,383
31,24,64,52,463,556,383
26,20,49,39,417,504,383
30,20,34,26,420,517,383
20,20,42,44,367,483,383
50,36,66,52,454,555,383
39,22,139,95,499,595,383
31,21,83,55,470,562,383
40,32,80,73,464,564,383
45,33,96,69,468,572,383
35,27,60,49,415,526,383
23,20,39,30,408,504,383
34,24,87,57,471,561,383
46,30,118,93,480,577,383
31,25,75,61,454,547,383
48,35,122,95,507,604,383
120,52,435,250,640,735,383
55,38,130,98,512,610,383
42,28,109,67,476,573,384
31,22,56,43,449,534,384
30,24,48,41,425,512,384
28,23,39,35,397,492,384
26,22,51,44,408,494,384
27,21,51,44,428,526,384
22,20,56,50,396,506,384
42,35,65,59,433,535,384
61,41,84,49,454,550,384
23,21,27,28,383,486,384
22,20,33,34,356,473,384
31,26,71,65,435,527,384
19,20,21,28,354,446,384
29,28,36,37,379,477,384
60,34,144,85,501,598,385
75,45,179,126,549,648,385
148,63,322,111,597,696,385
33,24,86,68,469,566,385
23,20,36,31,374,473,385
34,22,80,62,474,570,385
66,45,192,147,525,622,385
27,22,69,60,441,555,385
30,21,46,31,399,500,385
25,23,25,22,382,481,385
39,25,78,57,468,568,385
68,41,157,102,518,618,385
40,31,69,57,446,541,386
42,25,110,67,474,575,386
51,35,112,79,488,575,386
26,20,70,63,420,527,386
24,20,32,34,378,505,386
37,30,85,75,453,552,386
73,44,295,181,576,672,386
105,52,247,124,566,660,386
95,54,173,103,537,637,386
47,26,134,91,503,602,386
29,24,59,53,422,513,386
27,22,39,31,413,500,386
23,20,39,38,391,494,386
123,62,312,153,583,676,386
68,49,123,91,507,604,386
35,28,53,41,438,522,386
36,23,38,22,407,512,386
35,29,46,45,420,526,386
44,27,99,69,483,570,386
37,23,77,52,475,572,386
193,69,658,291,672,769,386
31,26,54,50,416,519,386
46,34,81,54,442,531,386
27,20,36,29,424,513,386
39,28,106,82,481,581,386
68,47,77,40,491,588,387
83,36,157,66,514,617,387
48,30,58,44,460,556,387
34,26,91,75,458,559,387
36,26,83,73,455,562,387
28,21,57,47,409,518,387
19,22,14,25,313,439,387
20,20,14,18,360,430,387
22,20,30,29,388,453,387
31,20,54,31,423,500,387
42,31,97,75,481,573,387
30,24,110,88,467,565,387
30,24,47,35,419,512,387
31,21,96,62,467,563,388
63,35,187,118,539,639,388
28,25,67,63,435,537,388
52,38,99,80,488,587,388
53,23,168,99,540,636,388
72,50,140,103,527,625,388
27,21,42,30,425,501,388
87,47,199,101,535,628,388
82,51,215,147,544,639,388
35,26,63,44,449,549,388
45,29,141,98,508,605,388
39,22,124,82,494,593,388
25,25,38,39,383,484,388
43,23,117,73,485,587,388
33,24,48,34,427,505,388
47,30,99,52,490,584,388
25,25,47,45,420,507,389
73,41,130,75,493,578,389
43,27,76,49,460,567,389
158,69,646,407,700,803,389
27,20,85,74,441,545,389
26,22,38,39,405,520,389
61,35,157,109,531,629,389
20,20,33,35,377,471,389
26,22,57,52,401,506,389
25,20,58,48,434,533,389
43,33,104,80,476,577,389
59,28,176,88,526,624,389
37,27,65,48,452,554,389
39,29,74,58,476,580,389
61,36,130,88,501,604,389
54,35,174,123,522,621,389
33,24,81,63,468,568,389
24,21,32,32,406,498,390
41,23,110,78,463,556,390
30,21,66,52,435,531,390
51,28,97,50,506,603,390
29,21,55,38,441,523,390
50,32,138,100,505,605,390
51,37,86,67,484,579,390
38,31,59,57,448,548,390
37,24,57,40,435,540,390
54,24,155,84,512,604,390
52,25,152,74,519,620,390
24,23,20,23,364,468,390
23,22,38,38,375,440,390
102,61,254,147,567,654,390
52,34,137,85,503,602,390
28,22,67,58,449,546,390
55,33,156,109,516,620,390
28,22,59,47,428,536,390
31,25,48,37,412,520,390
45,31,49,27,433,532,391
25,21,58,46,428,513,391
91,51,218,128,567,658,391
24,20,40,37,401,518,391
33,24,64,48,421,540,391
29,23,49,35,390,497,391
30,20,46,27,436,527,391
91,63,196,151,550,650,391
144,45,523,201,632,727,391
37,30,54,52,423,529,391
36,27,73,65,467,565,391
32,21,65,48,462,560,391
28,20,62,50,439,529,391
56,36,87,56,482,578,391
45,29,78,53,447,547,391
28,24,48,43,418,502,391
52,39,100,78,469,577,391
49,39,64,53,454,556,391
60,35,128,79,497,593,391
32,26,51,48,433,524,391
66,37,181,111,531,627,391
24,21,54,54,414,515,391
47,35,100,80,489,585,391
23,20,47,42,392,499,392
101,55,282,183,578,675,392
46,28,99,59,464,567,392
62,44,135,102,501,603,392
41,33,60,47,444,547,392
69,44,180,121,545,644,392
40,32,68,54,445,549,392
37,27,101,82,479,584,392
42,26,82,48,468,583,392
55,32,139,87,522,617,392
48,31,102,69,494,596,392
40,34,102,94,463,575,392
40,28,88,58,486,581,392
54,34,160,113,525,625,392
23,20,37,33,396,490,392
22,20,53,49,394,491,392
115,69,243,112,562,662,392
71,38,214,132,552,651,392
55,35,152,100,510,597,392
139,58,521,247,637,736,392
34,25,67,53,442,543,392
55,20,91,37,471,576,392
21,23,22,31,360,458,392
49,35,118,90,499,603,392
174,77,307,129,592,686,393
34,28,75,69,440,541,393
118,52,279,146,608,705,393
47,33,121,92,493,601,393
54,31,226,146,553,653,393
29,20,88,72,458,559,393
90,51,282,188,572,673,393
27,21,59,45,418,510,393
24,21,36,32,390,495,393
49,32,106,68,492,586,393
78,47,231,159,557,654,393
91,54,251,164,572,666,393
25,22,32,29,405,490,393
71,43,240,180,567,665,393
149,64,648,403,699,797,393
44,31,82,56,465,559,393
259,71,905,394,751,847,393
39,27,125,103,478,584,393
57,30,217,138,542,641,393
38,31,66,63,463,561,393
239,82,691,428,722,819,393
167,72,429,162,627,724,393
43,27,105,74,488,585,393
44,25,125,77,490,586,393
34,31,37,38,408,488,393
73,48,195,140,550,649,393
412,111,915,269,721,820,393
59,38,162,127,525,622,393
108,42,300,130,573,667,393
87,43,411,241,600,699,393
38,28,70,51,448,552,393
50,32,127,74,500,600,393
32,24,83,68,465,568,394
33,25,113,94,477,577,394
23,21,31,30,348,452,394
20,20,19,21,298,432,394
21,22,32,36,381,474,394
28,20,108,91,463,555,394
45,29,71,55,462,565,394
23,20,39,27,385,462,394
25,21,58,47,422,523,395
21,20,33,30,391,472,395
86,49,165,95,554,654,395
38,29,46,43,424,534,395
85,48,263,144,566,662,395
45,31,108,78,484,585,395
55,30,272,129,567,665,395
140,54,649,395,703,798,395
37,28,76,60,457,549,395
40,30,84,62,444,540,395
32,23,70,45,445,536,395
26,20,59,46,399,514,395
53,38,106,78,473,574,395
28,25,60,56,414,516,395
54,30,107,72,491,590,396
33,29,58,57,437,534,396
40,26,62,49,448,545,396
32,21,107,84,490,580,396
33,25,48,41,439,529,396
32,26,50,45,439,543,396
38,29,74,57,456,552,396
42,29,66,46,477,568,396
40,30,95,75,477,577,396
26,21,41,33,401,503,396
64,47,129,96,511,608,396
37,26,59,48,446,546,397
29,22,72,58,446,538,397
28,23,43,30,390,488,397
33,21,61,28,448,537,397
42,28,129,93,489,589,397
27,23,57,54,422,527,397
30,21,65,42,434,530,397
39,24,127,83,471,578,397
28,21,55,48,417,523,397
40,27,79,64,460,561,397
46,30,112,74,480,585,397
24,23,57,45,409,504,397
21,21,39,41,376,479,397
38,23,77,54,460,550,397
20,22,18,23,244,412,397
37,28,32,28,436,531,398
35,23,53,25,442,534,398
72,44,140,95,509,603,398
28,24,36,36,405,511,398
28,23,73,61,418,521,398
39,31,88,76,474,570,398
185,69,635,294,676,772,398
32,27,73,65,443,542,398
77,42,202,107,536,638,398
21,20,26,25,336,443,398
54,29,115,60,472,576,398
22,22,32,28,367,457,398
37,28,85,68,478,572,399
29,26,62,49,419,501,399
38,23,139,99,505,603,399
31,28,52,44,435,532,399
34,23,92,76,449,549,399
115,73,303,206,598,694,399
114,55,345,205,607,704,399
29,25,29,27,370,483,399
21,22,17,18,375,449,399
33,25,59,49,428,525,399
205,80,586,260,661,757,399
38,27,68,53,443,537,399
36,28,70,58,464,548,399
50,38,101,76,465,563,399
36,23,82,53,442,522,400
59,43,65,40,463,561,400
30,20,47,37,422,528,400
22,20,25,26,410,494,400
30,22,57,40,426,516,400
31,27,38,38,403,491,400
27,20,65,49,414,519,400
24,21,40,40,401,505,400
23,23,26,30,354,458,400
25,21,77,70,439,537,400
34,25,61,50,406,507,400
30,20,71,51,415,529,401
44,32,137,110,495,595,401
59,35,112,63,492,583,401
27,21,48,40,431,521,401
42,25,91,52,469,562,401
32,23,55,48,442,548,401
35,23,79,66,480,572,401
34,26,59,45,417,509,401
25,23,38,35,382,483,401
69,46,180,119,523,620,401
46,34,109,89,467,563,401
56,32,97,55,489,591,401
34,22,103,80,473,574,402
23,22,42,39,400,487,402
104,42,426,188,616,711,402
38,32,64,55,436,539,402
28,28,34,38,381,475,402
31,25,31,26,406,487,402
44,33,75,60,457,554,402
27,21,61,45,421,526,402
32,21,90,66,455,555,402
42,22,70,43,463,563,402
26,20,68,56,440,547,402
61,43,128,89,499,601,402
43,21,252,145,578,674,402
29,21,52,39,406,504,402
31,22,57,46,440,531,402
23,20,65,53,416,515,402
54,34,106,69,484,586,402
39,25,66,46,460,557,403
43,31,99,79,492,589,403
29,20,61,41,438,520,403
48,35,111,93,493,591,403
40,24,148,104,499,601,403
23,22,28,31,344,478,403
30,20,49,30,396,508,403
31,25,57,52,420,529,403
27,22,33,29,365,471,403
46,30,103,71,471,567,403
26,22,23,25,399,484,403
43,29,98,77,471,569,403
39,39,30,36,414,522,403
25,21,79,56,409,512,403
26,20,72,59,433,528,403
76,33,142,65,510,616,403
62,40,99,70,513,615,403
57,38,147,98,543,639,404
38,33,63,54,439,528,404
64,44,130,94,521,619,404
21,20,26,24,347,458,404
26,21,45,36,398,496,404
43,26,122,88,480,573,404
51,31,115,79,490,595,404
24,20,51,50,411,497,404
27,27,40,45,426,505,404
21,20,42,46,373,479,404
25,25,33,38,369,479,404
29,22,70,49,434,533,404
60,34,146,85,519,618,404
48,35,91,63,456,561,404
53,31,79,57,462,563,404
25,20,36,35,411,521,404
54,34,119,83,510,610,404
35,22,43,31,406,544,404
32,22,59,43,446,535,405
35,21,79,53,459,568,405
24,23,40,38,376,484,405
30,27,44,45,403,515,405
29,22,60,54,433,528,405
48,28,111,63,482,583,405
32,29,52,51,420,516,405
114,49,253,135,567,663,405
49,40,90,70,467,565,405
34,22,88,71,473,573,405
22,20,37,32,391,480,405
56,30,82,43,474,564,405
70,34,194,111,534,626,405
47,28,149,87,510,612,405
38,27,96,73,471,573,405
59,38,183,141,526,622,405
36,28,75,62,443,547,405
33,23,94,75,444,553,405
151,82,531,308,640,739,406
31,22,64,56,454,551,406
44,24,82,57,494,589,406
83,39,235,127,567,663,406
41,34,110,97,473,575,406
29,22,49,44,429,520,406
36,27,97,80,462,556,406
42,31,83,62,460,554,406
25,22,42,46,418,520,406
28,20,52,45,431,531,406
40,31,73,66,458,559,406
32,24,95,72,471,571,406
36,27,87,68,448,553,406
77,53,221,171,560,660,406
137,61,312,160,588,682,406
71,47,112,80,508,603,406
68,48,114,85,498,596,406
35,26,49,36,402,505,406
56,42,76,52,453,551,406
28,25,68,56,441,536,407
47,24,158,87,509,605,407
33,22,102,74,469,571,407
53,38,157,133,516,614,407
50,31,191,134,541,636,407
36,23,82,61,463,558,407
93,44,250,138,564,662,407
104,59,260,160,577,671,407
50,24,84,37,476,567,407
42,30,118,89,486,585,407
24,23,36,34,385,495,407
53,29,234,111,547,647,407
33,23,63,50,465,558,407
34,28,78,64,439,537,407
31,24,84,72,438,550,407
22,21,39,39,338,462,407
59,38,135,101,509,613,407
86,51,277,190,575,674,407
118,55,486,258,629,728,407
51,28,126,77,497,599,407
62,38,202,151,537,637,407
26,22,53,51,421,509,407
92,51,201,113,561,659,407
129,54,445,153,620,716,407
38,26,107,74,462,563,407
21,23,24,26,349,402,408
88,46,263,131,582,680,408
183,95,444,229,629,723,408
42,31,87,59,459,564,408
122,69,287,176,587,683,408
25,23,47,46,416,513,408
119,58,347,207,604,698,408
72,41,247,128,564,665,408
47,27,145,90,510,613,408
28,21,63,49,441,535,408
69,40,211,137,539,638,408
158,58,626,284,669,769,408
79,42,292,193,574,672,408
79,42,209,124,542,640,408
268,77,639,207,662,761,408
55,29,235,157,560,656,408
23,22,39,39,401,497,408
43,36,108,94,471,572,408
173,62,443,177,633,729,408
100,51,192,113,554,649,408
151,60,481,225,646,745,408
68,40,183,119,530,629,408
20,20,25,30,362,479,408
35,26,96,83,460,563,408
61,40,108,76,506,603,408
24,20,74,65,424,519,408
240,105,608,265,667,761,408
34,24,97,76,471,567,409
82,37,177,81,538,629,409
173,69,618,301,667,763,409
52,31,103,62,474,563,409
121,54,634,319,659,756,409
212,83,603,282,667,761,409
24,24,49,47,382,490,409
46,27,145,94,495,589,409
28,22,64,56,438,536,409
38,22,53,39,419,516,409
45,35,51,34,435,527,409
26,25,30,31,409,495,409
120,53,386,228,617,712,409
56,39,118,88,487,581,409
32,26,76,66,442,541,410
32,31,48,47,422,515,410
40,26,122,89,503,601,410
58,34,100,65,481,584,411
70,59,125,116,500,600,411
41,20,85,40,466,562,411
33,25,62,54,441,539,411
31,24,67,55,434,537,411
71,40,131,86,527,622,411
21,20,45,45,394,479,411
37,29,70,59,441,531,411
43,33,95,78,478,573,411
32,21,73,41,457,555,411
42,31,136,111,494,590,411
24,21,61,52,426,520,411
65,44,183,144,536,633,411
33,28,61,54,435,539,411
32,23,60,47,439,538,412
85,50,199,126,536,634,412
68,37,160,102,520,622,412
31,26,52,47,428,531,412
32,26,66,54,455,557,412
61,32,133,69,517,618,412
34,25,118,93,476,566,412
31,26,84,56,452,557,412
48,28,105,59,472,564,412
157,53,547,178,633,728,412
85,50,173,85,529,631,412
58,33,140,90,517,608,412
323,114,728,285,689,787,412
185,87,683,329,707,803,412
44,31,155,120,510,608,412
48,27,133,81,500,591,412
24,23,36,38,391,486,413
35,24,72,54,450,558,413
27,25,29,33,406,509,413
22,21,35,33,389,484,413
24,21,37,27,383,472,413
26,22,50,49,414,512,413
25,21,45,36,381,483,413
45,22,70,32,450,545,413
47,25,175,104,524,612,413
39,24,122,86,485,582,414
61,36,100,60,476,583,414
36,24,76,51,442,553,414
48,30,135,98,501,603,414
45,32,129,91,503,600,414
28,23,41,27,439,534,414
27,24,59,54,437,521,414
46,30,89,46,462,560,414
34,28,63,50,427,524,414
51,31,178,131,522,626,414
28,23,47,41,398,493,414
33,25,71,62,420,526,415
38,28,74,62,454,560,415
27,23,61,59,441,537,415
48,35,89,65,469,574,415
23,22,26,29,374,469,415
69,46,153,111,522,624,415
24,21,59,58,407,503,415
31,23,52,41,435,524,415
38,26,76,57,443,533,415
42,20,119,73,480,574,415
34,23,86,66,442,536,415
28,23,47,41,419,525,415
34,20,82,55,479,582,416
46,36,91,71,487,578,416
48,29,126,80,492,589,416
115,48,342,138,591,688,416
38,30,55,46,437,540,416
27,24,65,61,420,527,416
43,29,74,48,444,532,416
33,28,48,42,427,531,416
38,21,133,93,487,583,416
57,35,160,105,524,623,416
26,23,50,51,422,522,416
36,23,59,42,423,526,416
47,36,93,70,477,575,417
37,27,95,73,478,576,417
123,54,347,140,594,688,417
28,24,48,46,431,536,417
32,20,70,47,461,560,417
26,20,36,28,412,494,417
27,23,46,42,423,502,417
54,43,106,90,483,578,417
31,24,77,62,443,541,417
25,24,30,30,401,496,417
68,34,105,63,482,594,417
36,30,46,41,433,526,417
28,20,80,54,442,529,417
42,25,103,77,469,571,417
35,23,92,70,483,573,417
34,22,103,80,473,576,418
40,23,64,36,433,540,418
34,23,92,71,472,573,418
34,20,59,32,432,508,418
42,31,67,45,442,548,418
34,25,59,47,424,526,418
60,41,102,73,495,595,418
55,30,158,113,523,619,418
23,20,32,30,406,502,418
62,41,230,155,532,629,418
26,22,61,51,435,528,418
25,20,53,47,434,537,419
198,55,492,163,631,731,419
22,22,30,31,389,466,419
94,43,403,217,606,703,419
27,21,74,64,437,541,419
45,28,72,42,435,534,419
41,25,111,77,481,585,419
28,22,43,32,388,508,419
61,40,140,103,502,602,419
46,33,106,70,498,595,419
24,21,30,30,419,513,419
24,20,36,28,407,499,419
22,22,25,30,357,458,420
31,25,61,43,440,548,420
35,23,79,60,453,548,420
40,28,64,45,435,541,420
39,26,56,30,427,519,420
23,20,37,31,368,487,420
27,22,46,30,373,487,420
28,24,43,41,408,502,420
253,64,719,207,683,780,420
22,20,37,34,362,471,420
27,21,41,33,424,505,420
84,63,146,111,521,615,421
33,23,100,81,479,571,421
42,21,99,64,467,553,421
58,39,118,90,514,614,421
46,29,152,102,513,605,421
30,23,59,51,435,527,421
25,22,46,44,422,513,421
47,23,89,40,459,561,421
53,36,87,72,466,570,421
36,29,47,35,404,500,422
43,31,67,53,445,547,422
49,35,145,116,499,598,422
71,50,152,94,510,606,422
45,29,114,93,488,589,422
21,20,30,27,363,479,422
53,33,92,67,476,578,422
45,35,49,35,426,522,422
24,24,40,41,400,488,422
32,24,62,47,435,524,423
33,25,82,68,459,556,423
30,20,52,41,438,525,423
48,32,94,69,470,567,423
25,20,55,47,433,509,423
29,25,49,47,416,536,423
33,22,28,18,388,480,423
35,22,66,50,447,520,423
23,23,40,41,400,493,423
45,28,124,96,497,594,423
30,26,43,37,394,492,423
35,25,79,59,449,553,423
33,23,60,46,458,563,423
63,28,173,76,534,633,423
30,24,50,37,427,516,424
39,21,60,33,431,536,424
37,28,63,53,437,543,424
44,37,86,77,466,566,424
46,26,83,38,460,557,424
46,27,109,75,481,582,424
42,29,105,71,469,541,424
43,32,104,78,486,592,424
34,24,92,66,476,572,424
61,34,215,117,551,644,424
30,21,71,55,445,539,424
34,23,74,53,444,531,424
25,22,64,57,409,512,424
82,40,343,206,593,687,424
30,26,77,71,405,528,424
34,24,85,68,428,567,424
29,23,75,61,447,547,424
36,25,127,91,477,572,424
67,40,245,168,552,649,425
48,28,113,78,516,615,425
28,25,42,41,419,505,425
73,38,163,92,521,616,425
45,31,126,90,479,582,425
55,33,111,74,488,590,425
27,20,62,50,445,542,425
44,34,120,91,479,578,425
34,28,96,88,472,575,425
93,60,206,134,549,646,425
32,21,33,19,379,494,426
26,24,29,25,403,494,426
60,40,128,96,514,614,426
54,39,109,91,487,587,426
36,27,103,85,461,559,426
46,27,88,67,467,569,426
41,22,77,37,445,528,426
25,21,34,33,378,486,426
40,25,93,58,475,571,426
129,64,336,179,598,696,426
33,22,38,23,404,481,426
28,23,35,30,392,493,426
54,41,95,66,464,568,426
81,57,174,136,518,615,426
38,25,113,76,490,593,426
52,38,102,78,492,583,426
59,29,277,168,576,675,426
57,27,161,81,513,605,426
20,20,20,20,339,427,426
48,35,104,83,487,585,426
97,58,200,92,536,634,426
29,23,33,27,403,508,426
51,31,139,102,507,611,427
75,49,192,141,558,657,427
34,26,74,64,445,548,427
71,40,262,189,552,654,427
34,26,64,53,452,550,427
105,61,209,120,546,639,427
30,26,63,53,430,540,427
25,22,76,65,416,525,427
79,51,223,147,564,664,427
65,40,231,146,557,655,427
146,58,544,280,641,735,427
31,22,67,53,429,530,427
300,117,716,265,697,794,427
201,85,564,296,659,756,427
119,65,518,287,634,735,427
47,33,123,90,502,593,427
56,37,123,83,503,604,427
26,20,64,55,431,543,427
156,59,543,224,665,763,427
36,29,78,69,464,561,428
30,22,78,54,445,548,428
52,32,171,120,516,617,428
26,21,77,68,443,531,428
70,30,407,205,599,699,428
24,20,30,33,398,492,428
47,26,90,64,462,565,428
65,40,111,84,495,593,428
30,27,47,41,423,510,429
39,26,93,66,476,571,429
43,28,91,75,486,593,429
31,24,44,36,441,535,429
74,38,194,116,552,649,429
41,22,174,115,522,624,429
43,30,99,79,487,582,429
32,20,45,24,414,502,429
32,26,65,57,452,544,429
46,27,114,69,501,592,429
72,45,155,108,524,619,429
58,31,159,119,509,608,429
199,54,794,309,726,825,430
38,32,81,71,456,561,430
58,37,193,115,528,622,430
22,20,32,27,368,471,430
55,33,89,53,476,570,430
30,22,82,66,473,573,430
24,21,28,30,380,471,430
69,38,217,132,557,653,430
35,23,97,56,459,560,430
42,33,98,74,458,554,430
96,53,183,96,553,651,430
55,34,156,116,520,616,430
25,20,27,25,380,483,430
44,28,114,86,492,589,430
48,31,104,70,481,577,430
25,21,32,24,376,476,430
30,22,77,52,453,538,431
37,27,110,84,486,583,431
27,23,54,48,417,509,431
34,23,71,55,457,553,431
34,22,112,87,478,567,431
27,20,44,38,385,477,431
42,36,78,65,445,548,431
69,32,164,77,519,614,431
43,28,93,63,488,590,431
51,37,140,106,510,604,431
64,35,166,94,538,630,431
49,39,96,85,490,585,431
37,26,103,77,484,583,431
42,28,105,63,478,567,431
68,48,98,66,504,602,431
28,21,49,30,404,486,431
53,25,114,63,492,588,431
34,22,65,44,440,547,431
49,29,96,67,469,560,432
22,20,45,43,377,473,432
34,20,84,63,468,569,432
53,31,127,88,499,596,432
91,41,420,209,610,712,432
30,22,62,47,440,541,432
50,22,307,162,569,669,432
23,22,35,35,384,492,432
42,23,94,51,471,563,432
41,28,96,78,481,581,432
55,35,181,120,529,628,432
28,24,64,62,430,530,432
23,21,38,35,393,494,432
44,36,93,76,475,578,432
42,20,68,28,428,545,432
30,27,58,52,400,509,432
111,53,385,155,598,697,432
79,53,208,147,540,638,432
30,28,52,50,428,529,432
96,57,226,128,560,654,432
116,57,332,189,624,722,432
52,26,101,44,467,565,432
37,29,68,58,450,532,432
94,45,267,138,571,665,432
46,34,93,76,467,572,432
66,40,249,167,565,663,432
196,82,716,349,724,824,432
65,43,183,140,544,639,432
30,21,45,33,378,479,433
68,44,181,125,535,630,433
246,100,767,431,750,847,433
31,24,51,43,409,510,433
155,75,561,328,652,748,433
40,25,123,87,477,575,433
312,93,807,249,768,801,433
388,127,788,262,697,793,433
99,61,260,169,562,658,433
26,23,54,45,425,509,433
27,20,46,29,418,506,433
29,22,77,67,456,550,433
39,23,72,49,449,550,433
27,23,68,59,438,537,433
36,23,110,80,493,591,433
38,23,78,55,455,553,433
38,27,84,58,456,551,433
38,29,52,37,426,524,433
65,38,148,91,516,609,433
30,25,77,65,433,528,434
35,22,129,77,494,593,434
26,23,30,28,366,452,434
23,22,41,39,379,461,434
24,23,36,35,412,516,434
32,26,56,43,425,500,434
33,20,57,30,427,518,434
60,42,115,89,509,602,434
66,40,119,67,482,586,434
58,28,134,72,506,602,434
22,20,34,33,392,506,434
25,23,47,50,411,504,434
130,62,237,110,578,676,434
36,25,106,79,476,570,434
31,22,62,50,434,519,434
45,28,89,55,465,564,434
55,36,127,90,502,601,434
32,20,69,46,412,518,434
40,27,90,69,468,577,434
30,21,55,41,447,534,435
38,25,71,50,429,518,435
23,22,29,28,387,460,435
24,21,43,41,414,506,435
71,39,206,118,554,653,435
28,26,25,22,370,438,435
68,46,137,93,506,610,435
62,34,124,82,501,602,435
50,37,183,145,527,622,435
118,59,300,166,594,693,435
156,48,750,376,722,819,435
77,44,174,106,525,615,436
426,98,871,201,705,800,436
19,22,14,23,336,441,436
31,23,63,49,431,514,436
40,30,78,66,447,549,436
29,24,48,40,415,510,436
26,20,33,28,405,495,436
37,25,66,49,432,515,436
42,26,118,89,477,577,436
35,23,84,61,466,567,436
38,22,89,59,482,580,436
45,29,118,81,477,582,436
23,21,26,23,398,480,436
34,26,96,82,454,551,436
27,22,46,42,421,507,436
26,20,47,38,388,497,437
34,26,58,40,417,525,437
28,23,32,26,392,496,437
46,31,133,103,500,599,437
77,57,112,90,505,602,437
56,48,78,68,455,560,437
42,27,70,52,465,569,437
31,21,36,25,401,495,437
113,59,389,218,617,715,438
43,30,106,79,487,588,438
39,28,62,43,432,520,438
30,21,40,27,394,489,438
50,29,141,83,517,609,438
116,54,458,207,642,739,438
128,53,233,75,559,663,438
24,20,38,34,394,470,438
50,33,83,53,480,580,438
42,20,68,34,437,534,438
29,21,78,62,457,549,439
38,26,43,37,417,537,439
28,22,50,45,417,521,439
30,20,40,23,372,482,439
40,24,75,29,442,543,439
28,22,56,37,396,513,439
54,34,126,83,498,596,439
32,25,100,82,467,565,439
23,22,37,37,398,488,439
25,20,25,22,381,464,439
49,34,109,82,477,577,439
37,24,75,49,437,528,439
36,25,96,74,473,574,439
23,20,37,31,393,467,439
35,23,80,60,463,569,440
45,34,85,65,479,579,440
57,40,108,77,501,598,440
42,36,72,58,440,536,440
26,22,55,46,412,521,440
44,25,100,79,489,607,440
33,23,111,87,496,595,440
66,37,173,108,536,627,440
30,27,55,54,427,520,440
24,20,53,41,415,496,440
122,54,296,156,592,692,441
26,24,40,37,416,507,441
42,25,112,74,485,581,441
41,34,53,45,422,516,441
25,23,29,29,357,469,441
37,24,104,71,485,579,441
26,20,34,33,411,506,441
41,26,115,85,485,577,441
32,22,49,37,421,513,441
37,25,99,74,457,550,441
20,20,36,39,388,478,441
33,28,36,33,400,498,441
39,26,76,39,438,523,441
46,26,115,73,501,592,441
30,23,50,40,428,528,441
39,25,105,68,473,578,442
30,26,47,35,410,526,442
30,21,77,54,456,550,442
21,20,28,32,373,488,442
45,21,139,67,484,573,442
26,21,37,34,397,491,442
34,25,52,42,450,551,442
23,21,37,36,396,492,442
33,25,74,64,448,550,442
70,40,117,71,504,598,442
26,20,52,36,431,515,442
37,27,60,47,462,555,442
28,27,51,50,403,510,442
95,44,248,119,562,662,442
82,39,282,147,566,671,443
46,28,153,102,508,606,443
21,20,39,39,352,468,443
73,40,297,199,575,671,443
48,29,88,54,467,560,443
38,21,80,49,468,574,443
39,26,88,69,480,583,443
25,21,62,53,388,488,443
51,35,101,70,490,589,443
39,24,134,99,504,605,443
61,42,103,80,490,591,443
38,29,67,51,444,545,443
40,30,80,57,478,578,443
37,30,59,49,430,533,443
24,24,43,44,401,492,443
51,29,186,130,541,641,443
59,38,159,116,524,626,443
29,23,44,36,426,508,444
34,27,43,31,425,526,444
29,23,52,46,431,531,444
50,28,76,39,468,564,444
48,35,114,89,499,595,444
57,31,153,107,537,631,444
284,99,710,334,712,808,444
74,49,128,75,502,597,444
21,20,27,26,354,461,444
48,32,79,45,441,535,444
194,88,585,331,668,764,444
76,43,242,157,562,659,444
122,65,411,277,622,714,444
43,28,126,87,494,595,444
260,79,945,442,780,874,444
53,32,152,94,533,633,444
135,39,274,88,568,667,444
359,120,746,265,681,787,444
199,118,464,255,637,735,444
49,27,109,79,476,561,444
99,51,301,148,584,680,444
29,27,42,37,415,505,444
32,24,77,64,459,551,444
35,30,59,46,403,507,444
32,29,52,49,406,523,444
41,34,97,81,465,562,444
33,27,57,52,418,516,444
35,25,58,46,439,532,445
50,32,127,96,509,606,445
51,42,82,64,473,564,445
30,22,69,53,450,549,445
88,50,298,214,584,683,445
103,53,282,152,578,673,445
30,29,55,55,423,518,445
79,43,164,100,528,627,445
156,91,377,216,617,713,445
62,23,709,269,689,796,445
29,24,49,42,419,516,445
32,23,63,43,418,531,445
23,20,41,36,386,496,445
40,24,89,52,453,540,445
85,51,205,139,550,647,446
147,76,424,243,618,714,446
68,40,139,81,500,607,446
51,36,105,81,498,595,446
31,27,33,27,398,498,446
104,55,393,192,607,706,446
26,23,33,32,364,462,446
73,42,125,82,524,615,446
29,26,46,43,441,523,446
62,42,140,105,531,626,446
21,22,26,29,349,439,446
55,39,108,81,482,584,446
22,20,34,32,389,485,446
26,22,52,44,403,501,446
32,23,77,57,452,558,446
31,25,58,48,427,520,446
162,72,432,162,621,718,447
45,34,83,61,450,566,447
43,25,80,55,487,584,447
31,22,54,36,412,497,447
34,26,78,65,447,552,447
21,20,30,28,374,463,447
29,26,48,45,418,501,447
28,21,54,43,447,546,447
32,26,61,50,442,539,447
24,21,29,30,379,487,447
22,21,42,37,394,485,447
76,54,131,86,505,599,447
138,60,363,187,614,712,447
62,37,226,129,562,661,448
56,27,94,39,481,584,448
37,24,106,88,476,581,448
22,20,33,35,405,512,448
36,33,48,46,401,513,448
24,23,41,36,406,500,448
40,35,83,79,453,554,448
37,26,85,72,464,558,449
25,25,43,38,385,484,449
138,71,346,175,603,699,449
51,38,122,91,480,569,449
33,20,157,110,503,607,449
46,29,97,71,482,578,449
33,23,41,30,435,531,449
24,24,20,24,330,441,449
50,33,140,102,499,599,449
180,72,643,347,699,794,449
22,23,31,38,370,472,449
276,98,738,311,701,796,449
29,20,42,35,412,513,449
29,23,62,53,407,505,449
27,21,73,63,438,533,449
44,22,67,34,446,543,449
51,35,151,92,514,615,449
45,32,129,100,497,592,449
37,33,65,54,444,546,449
22,20,29,23,332,471,450
27,26,29,30,380,479,450
128,66,385,198,618,711,450
27,23,44,35,400,496,450
32,22,100,82,472,574,450
26,20,49,42,422,505,450
34,26,73,58,459,548,450
43,34,63,55,454,549,450
20,21,18,22,343,436,450
26,21,50,41,412,498,450
101,50,222,122,549,645,450
21,20,25,27,392,462,450
26,20,54,41,422,518,450
58,33,155,102,523,620,450
57,38,163,112,525,624,450
34,25,103,83,477,566,450
93,41,263,128,570,671,450
55,28,167,98,545,642,450
29,26,61,50,457,545,450
31,22,62,42,416,518,450
33,25,44,32,431,531,450
40,24,53,32,430,549,450
289,120,684,279,669,767,451
248,75,851,347,751,851,451
60,33,134,93,513,611,451
20,20,38,42,383,465,451
38,31,46,42,400,506,451
22,20,20,22,385,456,451
28,23,49,47,418,523,451
128,54,787,321,711,810,451
29,20,48,38,416,496,451
31,23,67,55,441,535,451
61,40,155,104,526,624,451
36,27,63,51,454,541,451
78,51,137,83,536,632,451
114,56,366,232,604,699,451
48,35,134,94,504,604,451
51,35,154,110,515,609,451
31,24,51,36,443,547,451
83,42,239,133,558,651,451
71,46,175,132,532,631,451
23,24,47,49,393,504,451
102,35,237,92,571,666,451
39,23,90,57,461,564,451
37,32,69,65,451,556,451
65,49,95,73,519,611,451
117,55,216,96,571,667,451
39,24,133,88,490,590,451
29,20,45,32,370,486,451
47,28,120,75,490,581,451
59,43,130,106,496,596,452
83,54,241,158,546,643,452
135,62,356,196,615,716,452
39,28,68,52,449,551,452
31,26,47,40,416,508,452
22,20,45,42,416,498,452
24,20,42,39,409,500,452
168,57,442,148,616,714,452
39,32,74,58,443,540,452
107,53,242,135,577,673,452
91,57,253,161,569,668,452
59,30,194,119,541,638,452
111,46,399,207,613,712,452
74,32,177,64,530,633,452
82,44,182,90,543,642,452
123,56,518,270,635,735,452
154,61,688,363,711,809,452
25,21,69,61,428,537,452
297,98,892,427,780,876,452
64,40,195,133,535,636,452
71,50,170,131,535,630,452
291,88,839,432,764,858,452
95,72,182,119,542,640,452
160,62,473,182,627,728,452
33,23,86,73,480,572,452
217,74,718,332,706,799,452
165,56,649,206,655,755,452
39,25,99,62,471,572,452
41,29,126,95,504,594,453
36,20,162,110,515,610,453
108,62,277,170,582,674,453
39,25,74,39,450,541,453
50,37,99,75,489,580,453
30,26,36,35,423,531,453
52,35,180,133,527,622,453
29,27,50,49,420,511,453
33,26,40,31,415,490,453
97,47,267,138,576,672,454
43,30,85,47,471,570,454
35,22,96,69,473,563,454
25,21,59,49,429,531,454
48,39,111,99,478,579,455
30,22,86,69,440,545,455
25,25,44,44,395,488,455
44,36,64,47,460,554,455
34,24,115,92,484,586,455
83,45,233,147,562,662,455
51,37,78,62,462,579,455
22,20,46,43,412,523,455
105,48,279,131,579,678,455
39,34,53,45,429,534,455
34,27,64,52,441,546,455
28,23,44,44,411,516,456
46,34,119,87,509,600,456
38,22,75,50,454,555,456
30,28,54,54,404,507,456
39,27,79,60,473,568,456
25,21,59,49,415,508,456
27,24,51,42,422,502,456
65,33,163,100,515,616,456
46,23,106,70,507,598,456
49,32,126,98,508,606,456
37,20,81,52,446,538,456
74,44,167,114,542,640,456
24,22,42,41,418,506,456
40,25,96,65,484,589,456
24,21,57,53,419,532,457
202,84,410,146,623,716,457
280,87,725,210,703,798,457
23,21,16,15,357,459,457
47,35,143,112,505,600,457
29,21,63,48,424,526,457
102,39,336,146,608,707,457
31,20,80,58,453,553,457
26,21,58,49,426,511,457
20,22,16,20,346,427,457
21,21,29,33,368,488,457
26,22,53,44,393,504,458
30,23,107,80,461,561,458
35,25,56,45,453,552,458
37,26,98,83,480,582,458
30,24,76,65,468,568,458
39,29,137,105,480,574,458
36,27,67,49,435,529,458
31,25,74,65,442,539,458
32,31,51,52,408,512,458
28,24,46,37,388,482,458
65,44,137,104,508,606,458
38,29,97,74,465,558,458
26,24,34,31,366,463,458
37,20,77,56,456,560,459
30,24,63,54,442,543,459
28,22,56,50,417,519,459
32,23,76,56,453,546,459
41,31,123,103,492,582,459
85,45,216,127,560,656,459
59,38,151,115,521,617,459
28,22,49,38,405,508,459
35,26,86,65,459,555,459
50,38,58,49,464,559,459
27,22,53,51,421,517,459
48,37,101,84,487,583,460
43,25,94,73,482,585,460
33,20,69,45,434,521,460
26,23,63,54,412,526,460
27,20,46,36,376,499,460
81,48,170,102,531,628,460
38,26,87,59,449,551,460
36,21,118,68,501,598,460
23,20,63,51,433,541,460
33,30,53,47,424,524,460
23,21,40,38,389,502,460
29,20,68,49,431,513,460
30,27,37,35,383,498,460
31,23,92,74,461,557,460
34,26,50,48,445,532,460
27,26,44,46,388,485,460
31,25,51,40,408,492,460
22,23,23,28,366,448,460
64,32,201,123,542,639,460
50,30,82,57,476,564,461
44,28,109,71,493,588,461
31,23,45,35,404,498,461
79,53,118,70,507,603,461
50,35,117,89,500,593,461
26,22,41,35,411,519,461
45,33,79,54,465,567,461
38,22,74,56,465,558,462
28,20,53,40,423,517,462
44,34,98,73,468,563,462
32,26,65,58,433,533,462
49,26,68,39,439,533,462
30,24,55,39,431,529,462
23,20,48,38,396,500,462
39,28,108,72,483,579,462
22,20,61,59,428,529,462
62,30,120,76,512,614,462
30,26,53,49,434,517,462
23,22,39,38,359,482,462
65,30,139,66,512,603,462
55,30,130,78,496,587,462
32,29,54,54,399,499,462
27,23,55,42,403,511,463
23,22,56,52,419,513,463
31,24,53,45,437,539,463
37,31,62,54,444,538,463
30,22,80,63,457,549,463
30,20,69,43,427,499,463
29,23,76,70,467,558,463
43,26,60,41,424,540,463
30,27,55,53,409,520,463
26,20,65,50,435,535,463
37,25,86,67,483,580,463
33,27,58,48,399,498,463
61,38,102,71,487,583,463
41,26,142,107,499,603,463
49,28,113,56,487,579,463
19,20,14,21,261,383,463
73,32,179,82,533,632,463
36,27,67,52,440,541,463
103,54,197,93,553,650,463
28,22,56,47,394,501,463
21,20,52,50,395,504,463
29,26,58,49,446,534,464
42,27,117,78,469,560,464
57,30,237,138,545,650,464
54,30,107,69,480,555,464
142,68,432,222,623,715,464
31,22,90,77,459,564,464
72,39,144,99,504,597,464
55,32,109,67,483,583,464
95,46,221,131,574,680,464
49,30,77,49,446,549,464
32,20,118,80,474,580,464
178,65,640,288,692,787,464
30,25,31,28,402,482,464
79,42,367,228,596,693,464
171,58,742,231,676,780,464
36,26,72,57,456,547,464
73,38,139,78,522,615,464
30,25,51,47,400,502,464
36,22,117,88,495,597,464
46,29,103,67,482,575,464
44,32,100,63,467,569,464
44,28,130,93,490,587,464
65,35,115,71,498,601,464
33,27,78,67,459,550,464
46,24,183,126,511,606,464
45,30,111,78,481,587,465
63,27,205,95,546,641,465
57,25,182,84,521,630,465
114,60,269,163,575,668,465
65,44,198,153,544,640,465
80,54,221,133,531,635,465
43,25,152,101,503,600,465
40,26,156,119,507,603,465
26,23,24,20,376,480,465
32,28,70,64,449,535,465
49,28,163,103,524,619,465
49,30,159,112,531,625,465
29,21,50,36,392,481,465
37,28,77,66,475,573,465
155,69,425,157,612,706,465
25,20,38,19,397,488,465
45,31,110,71,481,580,465
31,20,66,43,435,539,465
59,37,140,99,513,606,465
90,46,275,159,567,665,465
25,23,51,52,412,508,465
32,24,49,32,416,503,466
22,23,26,33,350,465,466
33,27,50,42,422,516,466
28,20,60,49,436,532,466
73,44,168,108,552,644,466
96,55,324,190,591,688,466
36,21,31,23,367,480,466
25,20,53,41,423,527,466
34,23,75,51,465,557,466
28,21,64,51,427,520,466
31,28,55,52,417,518,466
40,28,86,50,475,570,466
26,23,27,25,357,467,466
45,20,75,30,441,556,466
37,25,73,52,478,570,466
42,31,107,75,479,564,466
32,26,61,47,463,554,466
33,26,59,48,458,556,466
28,24,66,55,430,525,466
89,59,167,112,540,639,466
54,41,138,118,501,601,466
21,20,27,32,353,460,467
22,23,42,41,403,484,467
36,25,85,61,481,571,467
85,43,365,213,588,684,467
29,20,47,31,416,513,467
67,38,181,128,549,640,467
72,43,227,161,553,648,467
42,27,156,76,507,601,467
50,33,125,89,504,602,467
119,56,294,138,583,681,467
25,21,37,35,421,513,467
40,33,65,47,448,532,467
90,51,241,155,569,663,467
31,21,79,62,448,552,467
29,24,59,46,380,491,467
63,48,87,72,490,583,467
23,23,49,50,415,507,467
47,32,95,60,478,564,467
52,35,117,90,481,580,467
53,33,171,112,520,617,467
92,53,199,98,561,662,467
77,50,201,132,543,646,467
102,53,288,172,571,669,467
38,25,119,80,497,595,467
42,25,109,78,497,597,467
44,22,121,79,517,612,467
34,20,66,41,426,523,467
56,35,215,144,540,638,468
27,24,51,42,414,503,468
98,49,433,266,621,717,468
40,30,90,71,462,563,468
55,34,143,82,514,614,468
50,31,198,139,537,638,468
48,33,84,62,483,574,468
26,24,49,50,425,523,468
54,30,119,80,496,590,468
26,24,28,31,384,482,468
170,64,628,281,658,753,468
200,86,575,280,662,758,468
150,62,617,369,689,786,468
38,20,138,79,485,589,468
36,21,105,62,483,591,468
34,24,58,33,397,500,468
49,34,132,102,491,592,468
33,24,66,46,443,543,468
38,26,131,105,479,577,468
36,29,57,46,455,548,468
25,22,30,32,392,510,468
28,24,50,47,413,505,468
22,20,30,29,354,462,468
52,35,97,72,481,582,468
184,50,736,289,688,784,468
35,22,60,38,461,543,468
21,22,36,43,339,461,469
57,32,150,104,509,609,469
46,35,110,88,481,574,469
23,21,49,50,403,495,469
30,22,38,27,392,510,469
88,46,288,194,585,680,469
43,34,111,90,485,581,469
46,35,82,62,478,571,469
90,46,334,190,591,683,469
38,22,136,88,511,608,469
24,22,37,32,412,503,469
25,22,60,54,431,530,469
26,20,66,54,447,557,469
23,23,40,39,370,477,469
49,34,113,75,468,570,469
64,29,134,58,512,615,469
38,23,152,101,512,612,469
150,65,508,239,644,741,469
68,45,138,86,509,603,469
66,43,205,133,537,634,470
30,23,80,63,449,542,470
46,24,322,128,571,680,470
283,81,790,344,725,822,470
195,74,482,216,648,744,470
49,25,285,151,593,698,470
69,44,151,107,520,617,470
103,75,231,156,565,659,470
25,22,24,22,377,473,470
64,40,129,95,515,613,471
67,45,86,50,492,585,471
28,21,69,54,418,525,471
41,29,59,44,450,557,471
54,42,60,51,463,558,471
50,22,96,53,470,572,471
42,27,60,34,434,523,471
35,28,67,56,439,547,471
24,22,36,35,391,471,471
57,44,56,43,455,532,471
24,21,51,43,429,508,472
28,21,50,41,407,517,472
39,25,85,54,456,551,472
30,22,59,38,396,496,472
24,20,37,27,376,463,472
64,36,136,73,497,592,472
71,32,158,67,509,611,472
37,27,71,55,453,563,472
59,36,153,99,510,600,473
26,21,74,68,432,531,473
22,22,22,24,379,487,473
26,20,47,44,387,487,473
60,42,117,86,492,587,474
41,28,104,73,483,589,474
32,31,48,47,390,493,474
33,24,62,45,444,536,474
28,21,55,47,437,536,474
64,29,148,63,502,604,474
29,23,65,55,447,549,474
36,29,57,43,428,517,474
65,36,124,77,501,604,474
48,35,88,60,470,561,474
37,28,89,70,462,563,475
39,25,119,88,505,603,475
25,22,37,36,388,469,475
67,43,140,98,513,607,475
26,24,51,47,407,499,475
35,27,45,32,405,503,475
34,21,73,57,460,557,475
33,24,76,55,452,547,475
80,42,209,119,537,638,475
81,52,133,82,524,619,475
29,20,92,74,455,552,476
37,24,118,90,489,582,476
214,103,476,222,635,732,476
35,22,50,37,421,529,476
55,33,118,77,496,593,476
31,22,68,56,465,559,476
178,68,673,382,699,795,476
28,22,50,42,408,498,476
25,23,45,42,375,475,476
26,24,40,41,388,490,476
43,31,71,42,442,546,476
30,20,53,44,400,505,476
43,36,70,70,462,557,477
21,21,30,30,369,481,477
42,23,133,83,490,590,477
64,41,189,134,534,630,477
59,37,109,68,496,594,477
41,28,139,95,513,607,477
22,21,49,53,372,485,477
45,30,112,88,491,594,477
59,32,175,107,543,639,477
45,27,73,48,456,559,477
28,26,55,52,417,514,477
25,23,52,52,389,501,477
23,21,52,47,400,494,477
26,22,45,39,404,513,477
24,21,41,40,402,501,478
44,36,76,56,463,557,478
29,21,66,55,415,528,478
24,22,44,45,408,493,478
26,26,36,40,380,470,478
27,24,34,34,413,504,478
36,29,108,83,462,559,478
33,23,68,54,441,541,478
57,36,169,110,510,607,478
37,29,53,46,410,512,478
27,23,39,33,394,494,478
26,22,72,54,438,527,479
38,30,72,61,457,552,479
48,31,132,107,492,594,479
45,25,127,70,495,595,479
23,21,46,40,395,510,479
29,23,54,48,427,528,479
42,30,50,39,443,537,479
36,25,46,31,404,540,479
24,20,31,30,380,491,479
24,21,28,28,404,505,479
24,23,31,38,404,496,479
59,35,154,102,528,626,479
44,31,129,104,490,594,479
20,20,33,34,366,453,479
47,30,121,86,499,599,479
39,25,76,59,454,544,480
159,81,488,292,647,742,480
37,25,65,51,421,508,480
39,23,86,53,472,574,480
46,30,150,112,510,610,480
21,20,35,33,388,475,480
324,105,824,365,722,817,480
22,21,47,44,380,482,480
32,20,108,76,472,569,480
35,26,76,57,443,548,480
51,29,135,86,505,608,480
72,48,192,140,554,651,480
41,30,78,61,474,579,480
27,22,71,57,450,545,480
40,27,87,67,455,555,480
50,37,83,65,438,538,480
32,21,50,35,430,531,481
35,26,64,43,437,516,481
40,25,72,40,446,543,481
36,22,75,53,455,553,481
129,54,417,185,620,722,481
34,24,75,61,446,550,481
35,20,76,47,448,547,481
27,22,62,57,423,528,481
29,22,54,38,415,526,481
33,22,60,46,439,537,481
39,26,87,62,450,548,481
26,20,50,43,402,517,481
33,29,53,52,432,536,481
72,42,169,101,536,639,481
30,22,57,48,433,541,481
75,49,261,196,555,647,481
22,20,32,32,394,493,481
51,30,107,65,498,590,481
22,21,39,39,386,478,481
26,21,53,48,441,523,481
42,24,103,72,463,562,481
29,25,45,39,420,511,481
21,20,39,35,366,448,481
65,46,146,104,523,618,481
60,32,155,97,522,624,482
38,28,83,67,458,554,482
29,22,42,28,420,470,482
33,23,63,46,450,547,482
55,33,144,84,523,618,482
42,36,77,71,445,535,482
81,48,207,141,553,652,482
26,21,42,39,390,507,482
73,50,118,87,554,660,482
50,37,140,111,497,599,482
40,31,84,67,467,570,482
59,42,164,127,511,606,482
35,24,73,57,448,545,482
114,53,304,139,579,674,482
27,20,64,49,402,497,482
34,24,52,32,411,512,482
36,25,88,66,456,558,482
64,41,166,117,531,633,482
32,25,54,47,433,533,482
80,52,174,83,536,633,483
39,23,100,61,470,573,483
107,51,307,169,595,690,483
33,27,56,47,442,546,483
39,28,85,65,467,567,483
35,24,49,36,446,539,483
177,49,440,165,621,720,483
203,66,442,156,628,726,483
45,34,123,99,495,591,483
26,22,44,39,426,531,483
67,40,172,105,531,631,483
36,26,63,45,449,564,483
42,29,73,62,475,561,483
34,23,58,38,424,498,483
37,25,108,79,473,577,483
29,22,50,43,426,533,483
179,68,467,167,627,723,483
32,25,106,82,482,588,483
90,52,206,133,552,646,483
96,50,268,161,584,683,483
44,32,86,57,481,582,483
322,99,772,318,725,833,483
78,41,212,130,543,636,483
101,50,296,166,590,686,483
69,48,166,129,541,639,483
156,66,578,314,672,768,483
48,27,77,50,466,571,483
82,46,221,140,548,645,483
116,50,383,199,615,712,483
25,20,49,28,393,487,483
39,28,83,63,474,568,484
27,21,28,22,366,440,484
25,21,41,35,379,482,484
55,39,83,55,485,587,484
60,46,125,98,488,584,484
51,37,112,79,482,580,484
46,35,90,66,469,562,484
72,45,205,135,546,641,484
23,23,13,18,363,446,484
25,24,30,30,367,450,484
79,40,207,121,540,640,484
38,32,82,73,464,550,484
38,29,67,45,441,523,484
46,30,98,67,476,572,484
90,47,260,150,579,673,484
50,33,99,84,490,591,484
26,20,78,67,438,557,484
28,20,71,56,446,549,484
31,21,32,18,396,498,484
133,53,635,315,667,764,484
27,24,40,37,389,481,484
61,33,165,83,526,626,484
44,30,76,52,468,569,484
25,21,53,45,416,515,484
30,24,61,57,435,533,484
74,48,183,139,543,643,484
27,20,77,64,432,524,484
35,30,81,75,452,546,484
138,54,701,294,708,805,485
136,63,525,256,634,733,485
103,50,330,191,594,690,485
119,56,429,243,629,727,485
34,28,56,44,429,507,485
42,33,82,71,469,569,485
58,28,136,75,497,596,485
27,22,62,52,428,527,485
27,21,53,40,407,505,485
195,79,676,333,684,780,485
29,24,65,61,447,538,485
29,28,39,45,382,482,485
41,25,106,74,468,568,485
36,28,75,61,464,558,485
23,20,48,39,383,485,485
114,55,375,196,615,710,485
97,64,307,209,580,676,485
107,61,284,159,588,686,485
149,63,513,253,642,737,485
122,66,301,156,584,683,485
194,70,666,288,682,779,485
110,58,210,105,553,649,485
29,20,73,54,440,531,485
62,43,115,88,493,595,485
478,131,920,318,782,878,485
293,105,686,372,723,821,485
97,50,291,143,570,668,485
148,51,431,178,622,720,485
263,111,664,393,708,803,485
23,21,37,34,377,478,485
46,28,73,48,462,547,485
33,27,55,51,425,521,485
52,29,186,117,531,628,485
70,39,184,107,536,629,486
26,25,38,38,366,465,486
34,25,119,93,472,563,486
33,27,70,63,445,535,486
40,27,67,50,469,550,486
22,25,22,30,289,416,486
52,24,164,110,525,626,486
88,49,149,99,535,632,486
39,30,65,50,433,530,486
39,28,119,101,480,571,486
31,26,55,42,422,527,486
75,53,161,117,524,622,486
47,31,60,45,461,555,487
43,29,59,44,434,540,487
39,20,111,66,482,575,487
28,22,53,43,404,514,487
34,22,153,117,511,610,487
39,23,67,37,447,541,487
47,22,203,111,523,622,487
57,35,163,123,507,609,488
76,46,220,151,562,655,488
136,61,344,154,587,686,488
31,27,51,46,415,519,488
25,21,43,39,426,531,488
24,22,48,41,414,511,488
82,43,211,106,550,646,488
149,68,480,235,620,719,488
63,31,752,283,713,766,488
28,23,65,46,431,517,488
32,26,38,34,410,520,488
28,23,54,42,407,503,489
30,23,50,34,435,511,489
34,25,67,54,448,536,489
26,20,36,35,404,512,489
178,97,331,160,603,700,489
35,25,46,38,427,522,489
31,22,58,45,429,538,489
153,49,415,150,618,714,489
23,20,18,15,362,434,489
26,22,40,34,417,496,489
50,29,161,113,523,618,489
25,23,34,31,364,474,489
53,30,124,87,504,599,490
24,20,36,30,379,490,490
44,31,53,36,422,516,490
44,26,86,45,468,562,490
52,31,83,60,479,584,490
34,26,100,79,449,558,490
35,21,57,27,433,532,490
72,42,124,66,494,593,490
33,21,47,26,414,501,490
27,27,32,34,386,475,490
35,25,78,67,455,554,490
75,40,151,79,524,622,491
27,20,46,38,405,515,491
60,45,136,108,499,592,491
45,30,115,82,478,583,491
41,25,67,39,446,537,491
34,21,85,64,458,569,491
41,32,73,65,444,549,491
37,25,77,49,445,529,491
38,26,70,45,468,570,491
141,54,779,283,683,782,491
26,23,31,32,369,489,491
34,25,57,48,453,540,491
100,59,266,156,558,657,491
38,28,51,43,433,536,492
30,23,71,57,453,543,492
22,20,39,37,360,468,492
24,20,60,48,425,526,492
33,30,61,57,416,500,492
42,33,105,89,493,589,492
47,23,153,87,523,626,492
23,21,31,28,370,472,492
34,24,103,74,478,577,493
26,24,36,36,385,483,493
22,20,42,38,394,473,493
31,20,82,62,445,543,493
29,27,35,38,396,500,494
21,20,32,34,353,465,494
32,30,36,36,375,488,494
77,29,145,66,520,616,494
51,30,120,62,485,576,494
24,21,26,24,371,468,494
64,44,166,129,525,616,494
26,20,48,39,416,521,495
41,28,139,106,508,602,495
27,21,76,63,433,534,495
30,22,61,52,438,523,495
34,25,74,58,438,534,495
40,26,82,51,466,561,495
34,23,79,66,465,560,495
32,23,76,56,438,534,495
25,20,51,38,401,497,495
46,29,125,89,502,602,495
32,20,62,42,409,524,495
32,28,52,53,415,520,495
23,20,52,54,427,529,496
37,23,73,51,452,546,496
28,25,50,49,395,497,496
102,47,293,166,582,682,496
29,25,58,54,434,530,496
27,23,59,43,428,517,496
65,35,151,104,521,623,496
39,29,97,71,474,572,497
37,22,69,44,429,525,497
27,22,60,50,448,548,497
23,20,30,29,396,508,497
40,29,83,62,471,571,497
31,21,81,53,448,546,497
32,25,63,52,439,537,497
68,45,164,119,520,620,497
30,23,56,42,418,505,498
38,24,46,25,413,508,498
29,20,62,38,420,509,498
70,44,128,72,518,617,498
29,23,54,45,415,517,498
28,20,80,64,450,549,498
38,22,77,59,468,553,498
51,33,117,76,500,599,498
42,22,123,79,496,592,498
132,68,346,217,611,706,498
29,22,65,51,424,523,498
24,21,41,42,392,500,498
25,23,48,41,408,509,498
48,34,172,123,525,619,498
28,22,72,55,447,545,499
156,64,393,176,615,712,499
27,22,93,72,442,531,499
35,25,85,66,463,566,499
43,30,71,55,468,568,499
30,26,48,46,435,534,499
91,61,107,68,515,613,499
45,30,137,102,515,606,499
83,50,211,135,544,642,499
23,20,23,19,403,477,499
25,22,46,45,411,500,499
58,37,129,86,489,580,499
99,61,189,112,552,645,499
42,25,108,71,491,591,499
49,33,102,79,496,591,499
32,21,49,28,413,503,500
80,45,211,122,569,665,500
32,28,48,47,432,525,500
138,62,422,249,618,715,500
128,56,298,144,577,676,500
80,51,205,143,552,647,500
121,43,312,112,589,687,500
30,23,75,59,451,551,500
65,39,180,117,519,615,500
206,71,585,234,656,748,500
90,53,249,151,562,660,500
56,42,109,90,492,587,500
25,22,59,53,418,512,500
42,31,87,74,481,576,500
41,29,81,59,479,566,500
118,63,230,127,570,667,500
450,114,964,307,760,857,500
39,30,104,87,480,578,500
43,27,91,70,487,587,500
64,44,149,114,530,625,500
29,21,64,55,459,551,500
31,25,65,58,435,532,500
93,41,323,174,594,684,500
41,33,86,74,453,547,501
108,55,359,174,598,691,501
51,34,147,105,510,601,501
39,22,148,90,506,606,501
21,20,29,31,370,464,501
34,20,52,28,406,510,501
38,23,51,28,426,532,501
34,31,55,55,418,532,501
43,34,89,63,462,547,502
25,20,56,45,423,500,502
41,22,90,48,458,560,502
26,20,43,39,428,517,502
27,21,48,43,415,512,502
24,23,43,44,403,503,502
46,29,131,92,509,601,502
125,56,341,130,594,691,502
41,34,53,41,444,537,502
66,44,160,109,528,625,502
20,21,18,22,357,433,502
23,23,21,21,398,489,502
99,41,358,167,588,685,502
45,30,117,66,491,589,502
51,25,199,103,560,655,502
27,22,75,65,448,534,502
37,29,60,51,435,535,502
74,42,162,94,516,612,502
51,42,84,77,462,560,502
50,32,111,82,495,588,502
62,41,187,137,532,626,503
50,29,101,59,472,572,503
49,37,97,80,495,591,503
42,29,78,55,461,546,503
76,40,142,73,522,621,503
32,22,68,52,449,552,503
84,35,308,131,576,676,503
28,21,67,55,434,529,503
90,51,310,206,581,678,503
252,69,703,213,669,767,503
129,57,393,207,619,713,503
42,26,73,52,437,538,504
62,43,94,63,471,562,504
34,23,87,58,465,568,504
43,33,91,70,475,573,504
45,28,75,46,464,551,504
36,29,75,64,463,549,504
25,21,56,48,424,517,504
27,21,60,50,440,530,504
30,21,65,41,455,536,504
104,46,286,131,586,680,504
33,24,76,61,467,568,504
24,20,45,37,394,494,504
50,28,129,77,496,595,504
42,30,48,38,431,512,504
49,39,89,66,467,559,504
35,30,92,81,464,562,504
124,67,327,202,598,691,505
31,21,72,50,441,538,505
37,23,86,60,476,570,505
107,47,394,193,612,706,505
60,37,129,84,506,610,505
43,25,105,72,468,563,505
78,46,187,113,543,638,505
28,20,39,29,393,477,505
21,20,42,41,406,496,505
26,20,53,41,434,511,505
140,49,757,324,704,803,505
26,20,34,26,406,500,505
32,23,61,53,436,529,505
274,117,668,319,705,799,505
109,55,304,167,592,690,505
46,27,116,82,498,601,505
80,53,203,148,546,643,505
35,28,56,49,431,534,505
39,26,79,58,444,541,505
24,22,62,57,409,513,505
52,33,146,99,507,599,505
97,60,232,145,556,653,505
39,32,41,35,430,522,505
27,21,47,40,399,473,506
34,29,54,48,398,498,506
24,20,42,34,403,504,506
32,22,54,38,422,531,506
54,35,102,59,491,590,506
24,23,42,44,396,499,506
41,27,172,115,500,596,506
37,24,103,73,486,586,506
30,24,54,47,429,524,506
32,22,124,95,495,599,507
27,22,45,39,391,498,507
105,46,409,157,622,719,507
37,25,78,55,469,563,507
38,30,80,70,460,560,507
33,26,68,52,441,529,507
92,52,179,107,557,653,507
31,21,46,35,420,499,507
39,27,96,65,465,563,507
34,26,71,60,466,566,508
97,48,358,208,601,700,508
46,33,147,122,504,601,508
52,41,90,72,462,559,508
38,25,129,99,509,608,508
37,26,89,70,460,561,508
84,53,210,140,553,648,508
33,23,67,48,454,560,508
31,24,44,34,381,466,508
64,38,183,92,539,634,508
57,38,115,88,510,613,509
29,24,44,35,409,517,509
32,25,63,55,467,560,509
28,20,71,60,435,534,509
37,28,85,70,458,546,509
152,65,408,185,626,720,509
29,28,40,39,370,479,509
144,65,409,217,616,714,509
48,31,119,84,497,602,509
239,97,479,149,637,729,509
45,29,95,62,469,551,509
31,25,31,29,419,508,509
35,24,55,32,427,525,509
26,20,80,59,457,546,509
51,40,100,90,480,585,509
29,25,88,70,465,556,509
25,21,47,42,398,507,509
45,36,71,49,456,558,509
60,35,154,102,512,605,510
34,27,69,49,430,529,510
57,30,100,57,473,566,510
30,25,73,61,428,533,510
34,26,93,78,467,565,510
32,27,45,41,429,518,510
24,21,27,28,369,468,510
28,24,45,38,405,505,510
29,21,70,58,442,535,510
29,20,83,55,460,553,510
34,26,73,56,442,525,510
28,22,18,15,372,499,510
101,46,235,110,553,653,510
45,29,140,108,495,598,510
77,39,167,84,535,634,510
28,24,48,45,404,515,511
224,90,587,229,658,757,511
39,30,102,75,488,585,511
74,45,165,103,526,626,511
28,21,86,73,458,556,511
112,57,325,176,601,700,511
28,23,41,30,429,523,511
28,23,55,48,435,539,511
38,23,114,85,476,575,511
22,22,28,29,361,469,511
45,28,77,55,458,560,511
40,25,113,78,482,583,511
40,31,63,47,457,551,512
111,52,314,128,585,678,512
58,34,121,82,504,598,512
27,24,39,41,389,490,512
64,39,149,100,513,609,512
79,41,292,174,587,687,512
51,34,117,83,483,582,512
23,20,56,49,406,516,512
26,25,40,39,394,493,512
49,34,119,97,513,612,512
51,32,121,75,491,594,512
175,65,581,254,643,735,512
37,29,80,57,454,549,512
57,42,156,122,514,609,512
28,20,78,72,441,541,512
30,23,48,38,432,522,512
28,21,75,58,466,555,513
34,23,65,49,436,531,513
58,36,126,86,513,602,513
41,30,73,50,457,551,513
24,20,34,29,379,489,513
47,36,96,73,465,565,513
114,54,311,121,588,687,513
58,41,133,98,516,612,513
37,25,98,64,484,577,513
71,47,144,102,522,620,513
47,31,105,73,495,595,513
39,31,75,59,442,544,513
32,23,74,62,447,542,513
37,25,64,46,462,563,513
23,22,49,41,383,490,513
33,24,72,60,498,596,514
26,22,40,33,391,495,514
31,21,95,71,460,562,514
57,35,108,67,482,584,514
88,47,261,170,569,668,514
44,29,71,36,454,550,514
100,40,255,133,557,652,514
187,80,450,171,622,719,514
53,28,87,40,477,566,514
34,29,74,68,450,546,514
20,20,31,33,373,478,514
33,21,71,49,453,552,514
33,23,106,80,478,569,515
23,20,34,33,362,476,515
95,34,306,138,588,682,515
66,38,182,114,543,642,515
152,57,260,91,593,691,515
31,20,65,51,429,526,515
27,22,45,32,393,509,515
63,33,118,54,495,595,515
34,22,64,45,462,552,515
75,48,211,148,539,636,515
52,28,111,59,497,598,515
29,20,56,38,433,527,515
191,60,577,181,645,741,515
52,24,144,86,522,621,515
102,58,370,231,607,701,516
82,41,158,77,534,630,516
25,20,73,62,433,534,516
25,20,56,50,407,509,516
40,22,114,79,499,591,516
43,25,60,31,442,540,516
56,34,100,62,474,577,516
83,54,316,200,610,709,517
24,22,37,35,383,480,517
55,31,114,86,483,588,517
111,60,253,118,571,667,517
87,46,186,107,548,642,517
21,20,38,41,383,485,517
57,39,156,118,527,626,517
73,41,168,107,533,633,517
31,22,66,44,445,548,517
27,22,44,41,408,512,517
29,22,54,42,435,529,517
63,38,150,96,516,621,517
94,46,302,198,580,674,517
56,27,137,67,516,611,518
31,23,36,26,389,483,518
27,21,79,67,429,542,518
31,29,43,42,400,504,518
42,34,69,61,434,539,518
34,26,55,47,445,546,518
74,42,172,108,523,624,518
152,74,537,311,647,752,518
38,32,85,63,435,537,518
22,20,41,32,390,473,518
36,28,72,60,453,552,518
40,32,82,73,457,543,518
33,23,60,42,426,512,518
23,20,42,41,425,516,518
47,28,81,59,462,566,518
100,51,273,153,586,685,518
25,22,49,38,420,509,519
42,23,78,44,445,549,519
37,25,61,37,419,510,519
125,56,518,274,634,735,519
66,38,159,105,531,633,519
59,36,182,117,534,635,519
34,28,85,70,452,552,519
34,27,66,58,452,555,519
42,29,118,100,496,593,519
29,23,59,53,415,525,519
107,56,320,204,600,698,519
159,70,446,245,636,733,519
105,52,422,230,613,707,519
31,26,56,53,433,534,519
35,23,80,59,458,557,519
63,44,118,85,504,597,519
57,36,153,109,524,623,519
91,45,362,222,606,704,520
48,32,131,110,507,601,520
25,24,35,39,388,497,520
41,27,95,62,476,572,520
30,22,52,39,429,513,520
25,23,44,39,381,472,520
215,114,491,236,643,740,520
33,28,69,61,438,540,520
76,48,201,140,539,638,520
22,23,18,22,348,445,520
33,20,74,44,433,551,520
41,23,119,70,476,583,520
44,32,137,114,501,599,520
27,20,53,37,430,517,520
43,27,110,81,517,611,520
41,31,75,61,472,570,520
54,37,162,125,511,610,520
39,23,81,49,449,550,520
112,61,397,247,621,718,520
102,43,236,142,559,653,520
41,27,92,71,474,565,520
26,22,39,36,412,507,520
25,23,39,34,405,485,520
109,43,441,233,629,723,520
33,25,80,61,432,530,520
41,24,70,47,452,545,520
210,79,599,165,658,755,520
347,136,718,274,684,780,521
61,33,186,131,525,618,521
47,30,121,93,513,610,521
32,25,63,56,440,546,521
24,21,38,37,367,487,521
35,24,78,59,456,550,521
70,44,197,128,539,638,521
26,21,59,55,422,536,521
25,23,62,59,428,513,521
31,21,59,42,406,514,521
26,21,39,32,396,487,521
30,22,63,50,431,547,522
101,61,180,112,546,646,522
37,26,49,31,431,534,522
28,23,57,53,426,530,522
58,33,165,110,527,631,522
42,21,133,79,502,606,522
30,25,67,60,432,553,522
31,24,75,64,439,535,522
22,22,37,38,354,466,522
32,22,79,58,456,564,522
63,34,122,78,506,602,522
31,26,53,44,417,499,522
26,21,76,58,441,541,522
24,20,52,49,423,506,522
36,27,44,33,425,527,522
49,31,106,72,497,597,522
48,33,138,89,496,598,522
34,29,65,59,441,540,522
51,36,79,61,453,554,522
63,40,150,105,512,609,522
45,34,86,68,475,565,522
28,22,49,47,433,528,522
58,43,115,85,492,588,522
85,52,168,115,541,634,522
51,30,73,44,467,558,522
25,20,55,45,432,524,523
32,26,64,54,433,529,523
37,25,77,51,438,534,523
59,38,133,100,497,599,523
25,25,24,29,355,458,523
67,41,159,102,526,626,523
34,26,60,54,453,543,523
35,25,44,28,415,506,523
22,21,37,37,409,513,523
31,23,57,45,421,533,523
23,20,54,43,387,476,523
31,20,38,27,401,517,523
60,31,104,60,507,602,523
29,27,58,56,407,500,523
75,53,116,81,510,609,523
46,32,102,80,495,591,523
46,32,88,71,467,583,523
25,22,61,55,418,522,523
80,37,370,192,594,697,524
27,21,56,46,425,531,524
120,72,301,197,584,679,524
37,30,46,39,407,513,524
152,61,341,151,600,695,524
35,26,93,76,465,555,524
48,33,94,71,474,572,524
23,20,38,33,389,509,524
32,26,68,63,442,543,524
34,23,66,51,446,554,524
41,25,74,55,464,574,524
34,25,64,49,412,519,524
31,26,76,60,453,544,524
66,46,157,100,516,614,524
43,36,73,64,468,555,524
24,24,38,38,395,497,524
46,27,110,65,492,583,524
94,44,381,180,606,703,524
38,30,84,70,460,566,524
44,31,102,61,486,576,524
32,21,66,33,444,533,524
104,58,233,106,556,658,524
49,35,139,107,512,609,524
29,23,32,23,391,490,524
24,20,47,42,435,526,524
43,32,81,60,442,542,525
50,31,92,54,449,549,525
26,24,62,59,388,495,525
34,27,92,76,464,559,525
32,21,60,28,399,493,525
194,81,625,334,682,778,525
21,20,30,33,388,490,525
25,23,62,52,433,516,525
37,22,63,46,473,569,525
36,27,62,56,432,549,525
57,38,79,48,465,561,525
32,25,55,40,425,517,525
276,109,693,389,710,805,525
160,56,696,375,709,805,525
133,61,333,145,605,704,525
60,34,175,106,533,629,525
34,28,64,48,434,538,525
33,24,40,29,422,510,525
49,31,168,105,524,618,525
19,20,13,20,359,431,526
164,70,486,227,631,729,526
31,31,28,35,380,488,526
34,24,72,55,457,564,526
98,53,197,103,528,624,526
34,24,63,53,449,555,526
32,24,79,60,453,556,526
53,37,76,52,478,582,526
61,33,274,159,562,662,526
80,46,132,85,513,609,526
41,29,122,99,480,584,526
55,42,146,109,512,610,526
23,20,49,45,414,497,526
29,25,41,36,404,505,526
42,25,69,38,470,570,526
65,39,117,78,502,601,526
32,20,74,52,456,550,526
48,29,122,95,503,617,526
66,39,152,98,526,625,526
35,31,61,61,436,548,526
275,74,807,289,675,767,526
25,26,23,33,387,472,526
37,27,82,75,474,570,526
31,24,35,30,394,511,526
28,21,56,51,453,532,526
26,20,34,32,404,491,527
34,22,68,45,453,549,527
24,20,27,21,373,472,527
28,21,65,60,434,517,527
23,23,35,41,390,480,527
37,26,82,63,466,565,527
34,23,84,67,469,567,527
27,22,55,35,436,511,527
48,26,172,102,538,632,527
27,23,25,20,386,472,527
31,23,40,30,387,506,527
23,22,27,29,358,459,527
40,31,90,78,470,566,527
36,30,65,62,426,531,527
30,26,39,36,407,506,528
42,24,186,124,551,645,528
29,21,55,46,421,508,528
32,22,62,46,457,554,528
34,26,80,71,461,547,528
31,21,69,57,430,540,528
32,21,114,94,466,567,528
45,31,136,103,507,604,528
62,34,199,130,542,641,528
45,43,56,60,431,541,529
29,25,78,74,445,544,529
24,22,37,30,393,476,529
27,25,37,36,406,501,529
38,27,86,62,463,568,529
39,28,80,64,454,549,529
56,43,161,139,515,609,529
36,21,74,40,447,545,529
38,25,67,40,431,529,530
25,20,42,29,422,524,530
33,23,54,39,427,534,530
27,20,70,58,441,538,530
30,25,70,58,450,544,530
107,54,235,131,557,648,530
31,24,90,74,446,550,530
26,20,36,29,370,531,530
31,25,70,52,430,520,530
39,25,131,93,497,598,530
31,28,67,60,433,526,531
110,64,375,198,603,698,531
35,29,85,74,464,557,531
28,26,29,33,385,491,531
30,26,60,54,415,514,531
43,30,64,37,436,533,531
78,42,225,140,557,653,531
27,24,60,52,416,515,531
58,36,188,137,531,626,531
28,21,70,52,430,526,531
21,20,29,31,398,494,531
25,20,39,35,401,491,531
48,37,100,85,493,592,531
81,44,160,90,523,618,532
179,54,734,284,682,778,532
160,64,585,270,650,745,532
63,43,104,76,489,580,532
45,31,76,57,451,557,532
28,23,31,28,402,509,532
33,23,63,49,450,548,532
40,29,51,32,426,528,532
28,20,73,58,432,536,532
30,23,64,54,431,531,532
39,28,118,101,477,581,532
25,25,26,30,376,471,533
30,26,53,47,418,504,533
40,28,101,83,476,571,533
47,29,149,98,520,610,533
36,26,47,29,418,514,533
35,22,44,31,442,528,533
43,27,55,34,411,517,533
59,36,156,118,528,617,533
26,24,44,39,394,494,533
46,33,110,95,500,598,533
33,26,55,47,423,517,533
46,30,121,81,486,588,533
37,30,34,30,395,490,533
35,26,60,46,427,540,533
51,34,130,102,502,602,533
45,33,86,62,458,554,533
55,33,121,81,488,598,534
41,30,95,81,486,588,534
29,23,50,43,411,506,534
39,30,61,48,431,533,534
35,21,97,63,475,569,534
50,33,142,110,512,610,534
29,23,71,60,455,543,534
41,26,98,74,505,592,534
24,23,29,30,342,448,534
43,32,72,57,457,552,534
40,30,54,35,409,495,534
34,21,66,51,422,531,535
33,26,83,67,450,557,535
65,35,190,128,544,648,535
26,21,52,39,415,505,535
40,26,75,57,442,551,535
159,60,405,207,610,706,535
57,30,136,77,510,611,535
26,21,50,40,408,498,535
24,20,39,39,412,513,535
29,22,86,70,449,548,535
73,36,243,139,566,662,536
77,47,193,141,542,629,536
101,51,413,237,614,711,536
95,53,213,104,559,654,536
36,22,119,83,486,582,536
37,24,54,38,442,540,536
40,25,76,47,446,551,536
27,23,53,35,414,509,536
25,22,34,33,388,504,536
32,20,158,110,502,607,536
64,49,118,89,485,581,536
65,44,177,137,530,629,536
25,24,34,38,385,488,537
58,41,147,120,521,620,537
29,24,54,48,413,504,537
43,33,91,78,471,566,537
110,41,425,146,622,719,537
41,30,62,48,452,543,537
28,22,65,57,398,505,537
43,34,54,37,439,536,537
37,29,64,53,434,534,537
116,59,330,190,608,702,537
24,20,42,36,393,493,537
24,22,43,39,408,484,537
93,46,169,92,526,623,537
123,67,236,127,572,667,537
39,27,92,71,475,578,537
107,44,454,241,614,713,537
65,32,147,59,524,620,538
28,24,44,45,424,513,538
35,24,110,84,465,570,538
35,26,72,58,452,542,538
43,29,78,55,465,559,538
67,37,210,124,548,647,538
31,20,45,23,408,469,538
30,22,58,42,426,502,538
44,28,116,83,489,585,538
48,33,125,82,494,589,538
124,50,567,277,647,742,538
41,32,79,63,455,556,538
225,96,599,258,673,769,538
144,65,528,276,648,743,538
119,76,363,251,609,703,538
37,28,93,74,472,568,538
46,30,127,86,505,599,538
86,35,249,124,560,655,538
245,86,508,177,642,742,538
168,75,591,339,662,759,538
22,22,21,24,372,454,538
68,42,192,143,538,635,538
30,22,51,38,424,530,538
53,32,185,128,529,625,538
35,23,67,51,444,547,538
151,74,308,152,591,686,538
66,38,213,152,541,641,538
111,58,478,303,633,732,538
31,24,64,51,430,528,539
32,20,87,67,457,549,539
25,20,55,49,443,528,539
23,23,43,41,400,487,539
42,31,78,69,489,580,539
281,87,826,240,715,811,539
59,42,84,61,486,585,539
29,20,100,76,484,572,539
579,138,946,306,756,852,539
312,142,726,423,743,837,539
34,28,65,57,446,543,539
219,83,514,199,643,739,539
43,26,143,111,522,618,539
30,24,63,54,412,525,539
59,44,101,75,491,587,540
45,33,92,80,474,562,540
32,22,59,40,444,542,540
172,56,660,254,661,758,540
32,26,49,42,409,517,540
32,20,68,39,445,542,540
35,30,62,58,413,514,540
47,24,131,82,502,600,540
92,56,191,130,551,648,540
74,39,249,165,564,662,540
45,25,68,43,452,550,540
32,22,63,46,448,546,540
40,26,119,84,475,556,540
40,25,80,58,462,558,540
28,22,34,33,394,481,541
43,31,102,76,485,580,541
24,21,48,45,400,507,541
37,25,80,63,456,561,541
24,20,46,40,399,512,541
22,22,35,38,367,483,541
40,28,101,73,476,569,541
37,33,49,49,419,522,541
30,28,41,38,406,495,541
21,21,37,40,397,488,541
29,23,59,53,431,532,542
40,22,70,45,441,533,542
118,64,265,159,577,672,542
34,31,45,41,422,511,542
32,21,54,34,434,527,542
43,28,91,72,485,588,542
35,23,113,68,484,580,542
44,20,156,79,509,601,542
43,23,140,91,514,612,542
34,23,46,36,412,524,542
30,24,61,49,429,510,543
50,31,93,58,461,565,543
42,24,73,40,457,532,543
56,33,257,181,551,643,543
32,27,54,49,421,521,543
47,29,89,63,484,579,543
26,21,35,33,414,517,543
150,72,365,161,602,697,543
27,23,47,43,403,508,543
48,30,138,90,498,595,543
40,30,79,63,446,545,543
29,28,39,37,408,504,543
49,32,140,92,514,613,544
29,24,59,49,418,508,544
51,33,99,72,492,583,544
106,64,234,148,562,661,544
28,21,53,38,404,517,544
36,29,85,66,460,560,544
37,24,55,35,460,551,544
54,40,101,83,474,575,544
44,33,74,55,447,553,544
51,34,123,85,499,593,544
53,34,171,124,528,621,544
31,20,60,46,428,538,544
34,25,56,45,415,510,544
31,24,44,39,418,566,544
92,42,183,94,540,639,544
24,20,37,27,399,486,544
68,40,125,79,501,590,544
64,34,121,74,496,585,544
24,22,31,29,375,471,544
50,31,99,57,477,584,544
53,35,113,82,498,589,544
51,27,207,137,546,642,545
26,22,45,39,406,495,545
76,51,199,139,553,651,545
63,44,171,120,523,621,545
71,36,211,131,557,654,545
120,65,393,219,613,709,545
96,49,234,139,535,634,545
33,22,56,48,425,537,545
25,21,53,49,412,499,545
100,53,223,136,554,641,545
133,66,454,275,630,724,545
229,74,706,279,681,775,545
175,58,459,130,629,728,545
25,22,41,35,351,479,545
118,64,349,206,593,691,545
51,31,102,65,465,572,545
122,69,311,192,591,684,545
38,29,94,76,482,577,545
135,61,336,176,595,690,545
132,57,371,181,605,699,545
82,44,286,150,565,657,545
23,21,43,44,374,475,546
137,61,360,171,612,704,546
25,20,35,25,350,466,546
29,22,60,53,431,530,546
126,59,234,113,571,664,546
22,20,52,43,412,517,546
30,27,68,58,427,528,546
29,23,53,43,431,530,546
28,27,26,28,387,486,546
41,29,91,69,468,561,546
23,20,41,33,374,467,546
21,20,41,41,394,492,546
58,33,193,123,543,637,546
33,27,99,78,475,571,546
37,23,93,61,465,549,547
41,28,97,73,473,570,547
40,29,68,49,446,541,547
24,21,48,43,406,500,547
24,20,50,38,413,495,547
28,24,94,88,446,544,547
30,23,71,52,427,532,547
28,22,53,41,444,541,547
62,32,226,122,532,630,547
27,22,57,53,440,539,547
31,24,52,45,431,525,548
30,25,57,50,455,553,548
56,32,233,147,538,631,548
22,20,36,33,377,482,548
46,35,136,93,519,613,548
40,21,188,121,502,590,548
73,49,204,145,551,643,548
26,20,57,48,438,536,548
30,23,39,30,380,485,548
37,26,68,54,448,533,548
31,21,45,29,392,475,548
44,27,145,104,511,597,548
34,28,81,67,441,552,548
35,24,65,48,448,547,548
69,42,193,130,531,613,548
33,25,34,23,386,492,549
29,30,24,30,379,455,549
43,29,102,73,480,575,549
35,24,43,37,424,513,549
33,25,73,60,444,535,549
40,26,45,32,421,526,549
64,39,141,101,503,596,549
62,42,114,77,505,599,549
23,22,39,36,342,456,549
54,33,137,89,511,605,549
39,32,80,70,433,535,549
58,35,156,98,525,622,549
24,22,30,25,396,478,550
46,34,81,60,471,570,550
39,27,72,54,437,524,550
36,31,53,48,441,537,550
20,20,25,27,367,432,550
69,42,277,199,575,667,550
38,30,51,34,438,546,550
37,22,107,76,475,571,550
29,22,63,51,439,533,551
24,22,32,33,390,489,551
26,21,46,41,418,514,551
42,29,75,62,443,548,551
49,32,110,90,501,601,551
21,21,24,27,374,469,551
30,26,47,41,428,527,551
33,20,75,47,439,531,551
37,28,54,31,417,514,551
50,32,141,93,495,592,551
26,20,31,23,389,489,551
24,22,38,36,416,502,552
26,24,44,42,396,494,552
38,25,99,73,476,583,552
28,21,59,54,428,528,552
21,21,29,33,392,478,552
27,21,52,45,431,515,552
23,21,34,32,392,482,553
24,21,55,52,384,506,553
37,27,58,42,434,515,553
35,23,72,54,461,547,553
59,34,167,122,543,636,553
163,61,646,317,670,767,553
58,42,121,83,495,594,553
31,20,39,26,387,501,553
32,26,77,65,443,532,553
41,26,87,59,490,579,553
24,21,32,32,371,455,553
24,21,47,44,415,507,553
23,20,37,26,392,466,554
43,25,147,97,516,616,554
32,21,71,49,461,549,554
33,21,126,95,490,592,554
87,58,201,151,551,645,554
29,20,61,36,421,507,554
25,20,40,36,422,498,554
48,29,126,74,488,588,554
26,21,40,35,375,467,554
67,37,143,95,512,610,554
27,20,59,47,429,528,554
24,23,63,54,422,509,554
40,25,100,76,493,591,554
113,54,332,203,600,699,555
107,55,234,96,563,659,555
29,22,47,32,426,514,555
42,31,94,77,493,590,555
36,26,41,34,443,549,555
28,24,35,28,389,499,555
28,22,54,49,429,530,555
40,27,88,64,468,554,555
77,40,396,254,606,698,555
41,28,88,59,477,574,555
79,31,190,75,552,642,555
38,22,110,68,482,578,555
38,23,171,129,530,628,555
43,34,57,51,442,542,555
27,22,85,74,470,571,555
28,21,62,49,439,539,555
91,47,299,141,581,675,555
87,57,282,210,573,668,555
68,42,206,146,549,646,555
63,32,341,203,580,678,555
29,21,62,48,446,546,555
46,26,118,74,502,598,555
23,22,26,26,374,442,555
191,67,682,186,677,773,555
44,27,136,94,504,602,555
32,20,63,36,428,524,555
152,56,570,254,660,756,555
243,85,696,298,685,779,555
47,32,133,106,496,600,556
34,33,41,44,401,503,556
251,105,629,247,676,771,556
38,28,79,62,466,570,556
36,23,45,31,407,522,556
35,22,70,59,469,572,556
25,20,72,66,428,528,556
52,34,87,65,473,559,557
25,21,54,50,420,524,557
62,41,109,76,509,602,557
46,35,86,63,488,585,557
28,23,58,45,399,503,557
36,25,78,58,444,538,557
46,38,107,99,477,576,557
26,20,67,55,431,531,557
39,25,93,79,477,577,557
28,26,46,43,396,492,557
36,27,101,88,472,568,557
30,26,46,41,404,507,557
54,28,131,72,498,597,557
66,42,196,153,548,644,557
38,28,61,44,419,514,557
75,44,161,94,526,621,558
33,27,58,44,453,548,558
63,36,149,85,526,621,558
35,28,62,53,444,535,558
39,26,73,53,465,566,558
35,22,75,46,436,545,558
41,23,85,54,470,552,558
26,20,86,72,445,528,558
23,20,45,39,389,496,558
81,53,183,112,540,638,558
27,23,87,73,449,543,558
57,40,163,121,514,614,558
27,24,41,37,379,488,558
63,35,225,151,551,643,558
89,40,156,73,524,618,558
35,23,47,35,427,517,558
29,21,75,50,458,559,558
83,38,172,81,534,633,558
27,22,54,47,411,519,558
28,24,59,53,422,514,558
123,61,398,207,616,712,558
98,51,297,165,584,683,558
56,32,159,100,512,612,559
28,25,34,30,393,477,559
30,24,75,70,438,551,559
37,24,75,48,457,555,559
25,21,47,35,393,480,559
27,25,49,45,406,512,559
34,23,96,59,474,570,559
30,25,42,36,400,496,559
41,21,208,123,543,637,559
38,23,259,143,563,658,559
32,26,69,56,451,546,559
40,29,87,68,463,556,559
50,39,101,81,489,582,559
76,48,95,56,491,584,559
46,26,100,58,482,578,559
27,21,43,38,414,506,559
44,26,96,63,481,578,559
55,27,201,121,526,625,559
54,33,67,54,445,530,559
103,69,228,131,566,662,559
121,67,361,240,594,695,559
32,28,60,53,432,516,559
24,20,53,47,411,511,559
35,23,110,76,465,569,559
92,37,367,188,620,716,559
172,64,687,297,679,775,559
29,24,65,60,436,540,559
79,45,191,128,550,648,559
31,21,103,80,458,560,560
58,37,146,100,506,604,560
342,135,679,317,697,794,560
38,21,78,36,447,542,560
30,25,37,33,418,532,560
213,76,568,213,634,731,560
51,37,109,89,487,586,560
30,21,64,34,425,527,560
79,42,256,153,567,666,560
69,32,140,63,523,624,560
32,25,75,68,451,544,560
28,23,58,43,431,514,560
36,23,104,71,471,567,560
20,20,23,30,318,469,560
37,30,124,96,500,603,560
38,30,76,58,431,530,560
27,20,66,52,432,537,560
26,21,50,39,422,514,560
26,21,44,37,401,475,560
40,31,83,74,468,570,560
80,44,281,172,577,673,560
28,22,57,50,440,530,560
25,23,46,37,404,490,561
34,33,49,45,408,506,561
23,20,29,31,399,507,561
25,22,51,50,406,504,561
45,29,56,43,427,529,561
91,53,217,140,556,656,561
27,20,37,32,409,507,561
116,45,471,230,628,725,561
33,31,62,62,428,518,561
113,56,385,221,611,705,561
48,26,131,83,510,605,561
73,40,216,140,553,653,561
69,41,194,127,546,647,561
36,28,110,94,464,569,561
138,65,477,251,627,723,561
30,22,56,42,424,522,561
87,38,385,215,593,693,561
40,33,57,50,448,551,561
29,21,40,32,398,496,561
215,75,687,328,715,810,561
122,63,318,189,589,683,561
25,22,25,20,365,460,561
53,47,77,70,453,553,561
266,82,751,392,740,834,561
64,47,127,92,519,614,561
53,31,169,114,524,622,561
32,23,85,65,445,532,561
22,23,21,25,363,439,561
151,76,497,276,643,741,562
41,21,98,54,451,556,562
34,20,76,48,458,546,562
36,27,74,55,439,534,562
21,21,44,47,373,479,562
41,29,122,93,486,583,562
23,22,22,19,351,449,562
34,21,138,99,489,584,562
21,21,27,31,380,469,563
21,20,27,28,362,459,563
24,20,47,38,387,495,563
31,25,51,45,414,525,563
39,31,54,40,432,528,563
124,48,311,112,590,685,563
40,30,87,67,465,567,563
24,20,45,42,395,507,563
40,27,116,82,497,598,563
31,23,113,96,498,595,563
67,45,168,118,534,633,563
55,42,99,88,483,582,564
41,29,91,72,472,575,564
23,20,35,31,376,489,564
46,27,88,55,489,592,564
27,20,50,35,413,518,564
24,21,53,45,417,527,565
30,26,71,61,433,540,565
49,34,109,90,505,606,565
28,27,38,42,400,491,565
29,23,52,39,425,523,565
36,27,105,81,476,576,565
32,23,81,69,452,549,565
29,23,46,43,417,508,565
29,26,58,52,424,528,565
38,25,89,62,469,568,565
20,21,20,24,286,401,565
45,28,138,92,503,607,565
24,22,33,36,387,486,565
48,36,82,69,484,581,565
24,25,18,23,343,444,565
23,20,34,35,394,498,565
47,27,140,87,511,611,566
31,21,71,52,450,533,566
32,22,86,72,450,565,566
34,21,76,55,444,535,566
43,26,84,50,440,542,566
37,27,63,47,436,536,566
43,22,92,49,449,547,566
40,29,86,60,469,560,566
33,20,79,53,439,560,567
32,25,54,40,422,510,567
25,23,47,48,412,504,567
34,22,84,62,456,553,567
42,27,98,72,489,579,567
37,21,67,44,411,526,567
39,28,65,48,448,546,567
47,32,84,58,454,549,567
36,30,72,63,441,546,567
24,22,48,49,399,507,567
40,37,70,66,445,543,567
41,30,60,46,440,544,567
44,28,101,76,499,599,567
26,22,51,49,404,508,567
38,27,73,55,438,532,567
39,23,49,29,410,513,568
26,20,50,44,419,512,568
27,20,94,79,459,556,568
36,26,77,65,454,557,568
24,24,48,45,403,497,568
27,22,37,30,398,497,568
35,24,62,44,435,547,568
53,23,115,54,499,590,568
30,24,78,68,451,547,568
21,20,29,29,391,457,568
29,27,35,37,403,493,568
35,24,98,67,464,566,568
38,26,85,57,458,552,568
20,20,31,33,365,465,569
49,31,109,69,478,578,569
29,24,51,40,437,525,569
42,24,108,70,486,584,569
41,31,60,45,444,542,569
40,34,75,70,458,547,569
75,40,175,110,536,636,569
28,21,77,58,460,557,569
42,35,70,62,457,550,569
51,28,169,107,530,627,569
23,20,39,37,390,497,569
33,24,61,51,449,542,569
124,76,230,165,554,650,569
92,45,223,109,571,664,570
34,29,53,53,424,543,570
49,36,91,69,486,581,570
31,27,46,39,416,503,570
34,28,40,36,421,523,570
29,21,96,80,473,570,570
60,33,134,79,514,612,570
49,24,101,57,473,573,570
56,37,104,74,493,595,570
86,45,356,218,596,691,570
31,25,67,60,448,545,570
22,21,25,27,365,468,570
68,46,143,89,522,620,570
35,24,100,69,466,558,570
37,25,72,57,444,528,570
45,32,110,82,479,579,570
90,58,229,117,551,645,570
191,89,438,165,624,717,570
33,22,70,49,445,555,570
68,50,143,107,501,591,570
31,26,34,33,392,497,570
74,40,227,146,552,648,570
87,42,280,146,571,665,570
76,26,230,115,548,639,570
83,54,274,187,565,662,571
82,42,383,221,592,688,571
33,22,92,71,465,559,571
63,35,345,200,564,661,571
28,22,53,43,409,519,571
23,22,26,26,407,495,571
45,33,113,79,496,593,571
40,25,142,92,506,601,571
87,50,293,184,581,675,571
95,52,313,195,584,678,571
35,26,82,68,460,560,571
22,20,36,33,401,484,571
109,56,185,85,540,633,571
33,21,53,34,430,524,571
29,24,49,40,419,506,571
30,24,61,53,426,525,571
104,56,295,162,584,685,571
30,25,63,54,449,544,571
40,32,97,74,461,558,571
23,23,29,36,352,464,571
33,21,64,46,427,532,571
284,78,777,264,703,807,571
38,25,94,62,486,584,571
22,20,48,45,406,501,571
65,39,177,100,542,637,571
30,24,56,49,432,515,571
87,41,227,112,552,649,571
36,28,79,61,471,565,571
23,21,52,47,423,517,571
55,35,172,126,531,627,571
48,32,170,121,522,617,571
79,52,148,111,517,614,571
27,22,79,69,428,533,572
239,78,744,316,690,786,572
57,27,96,51,476,575,572
85,54,202,127,545,639,572
34,28,59,48,422,490,572
160,66,481,232,631,729,572
55,38,155,128,514,617,572
95,57,266,178,573,671,572
32,30,72,65,432,534,572
79,30,245,79,567,662,572
37,23,123,93,477,575,572
162,58,266,88,581,676,572
44,23,108,75,489,591,572
20,20,26,29,377,463,572
26,20,57,40,449,535,572
24,21,16,17,350,469,572
38,27,77,54,455,561,572
30,25,62,56,430,532,572
23,23,15,19,383,466,572
55,45,87,76,486,584,572
67,46,110,73,489,584,573
42,37,48,45,448,552,573
41,21,124,68,476,571,573
28,24,35,36,378,481,573
34,22,65,40,431,543,573
59,27,102,48,465,569,573
37,23,111,75,475,574,573
23,21,42,43,388,473,573
40,28,62,41,443,535,573
197,75,750,413,733,835,573
24,20,35,31,395,509,573
176,85,539,293,649,745,573
23,22,43,45,381,488,573
29,23,97,82,463,560,573
34,27,47,39,406,505,573
22,23,23,27,333,436,573
28,23,56,56,398,504,573
50,30,147,96,520,609,573
49,23,82,40,461,559,573
83,35,222,94,545,639,574
25,20,41,39,412,511,574
38,29,74,55,452,549,574
42,25,177,112,532,633,574
41,31,78,59,449,550,574
46,23,205,118,525,625,574
130,60,310,140,584,685,574
116,58,398,162,610,704,574
36,27,33,28,425,513,574
56,37,142,98,520,611,574
32,21,110,67,493,592,574
24,21,45,43,368,488,574
21,21,23,22,355,473,574
43,23,165,106,519,621,574
71,52,175,129,517,616,574
43,31,105,86,474,565,574
50,35,127,93,507,603,574
56,38,114,83,487,579,574
29,21,71,60,436,553,574
36,29,45,39,419,513,574
24,22,33,31,380,490,574
42,36,100,90,474,576,574
40,27,87,66,489,585,574
32,23,94,83,467,562,574
19,20,20,27,292,424,575
34,29,66,55,439,539,575
35,23,66,52,449,560,575
32,24,86,70,463,557,575
33,23,79,60,457,549,575
33,26,81,74,452,556,575
120,56,341,167,609,709,575
22,22,26,30,367,451,575
33,26,83,65,462,551,575
33,29,48,44,417,510,575
30,27,47,40,420,507,575
60,28,163,105,538,629,575
73,39,289,190,568,662,575
46,30,125,60,483,589,575
44,30,119,82,493,588,575
28,24,86,75,429,537,575
59,36,219,145,556,657,575
57,30,238,141,545,646,575
41,26,77,48,460,550,575
70,38,178,114,537,645,575
24,21,47,38,415,507,575
71,46,129,91,491,590,576
39,27,50,43,415,544,576
29,22,67,51,439,539,576
63,41,195,145,534,628,576
94,48,279,159,578,674,576
242,105,581,235,652,747,576
48,35,80,56,472,575,576
30,21,53,39,423,519,576
63,37,178,119,535,631,576
25,20,35,31,399,492,576
48,33,79,51,469,562,576
19,20,38,35,365,468,576
85,45,216,118,545,643,576
44,32,113,84,502,600,576
38,26,126,98,494,601,576
37,26,71,47,450,542,576
56,40,86,57,480,582,576
46,31,78,59,451,539,576
21,20,28,27,351,475,576
26,22,58,46,410,501,576
23,21,55,53,415,521,576
31,21,86,63,470,567,576
63,44,146,120,529,624,577
38,23,95,73,478,569,577
83,40,277,154,586,685,577
31,22,58,47,416,521,577
51,29,96,46,487,588,577
53,38,116,95,494,594,577
30,24,56,49,410,509,577
41,26,99,64,482,575,577
24,20,13,19,318,490,577
103,58,283,169,577,677,577
47,29,100,63,478,583,577
77,48,198,132,557,648,577
32,25,70,58,451,546,577
196,61,805,402,739,834,577
198,56,518,207,630,728,577
24,21,46,41,395,509,577
45,33,119,86,486,589,577
39,29,76,59,484,580,577
97,53,268,172,573,672,577
22,20,30,28,359,464,577
32,26,72,56,447,544,577
28,22,63,45,423,519,577
43,23,114,55,486,587,577
39,28,82,64,453,545,577
31,22,77,59,465,552,577
30,25,57,55,449,539,577
38,28,43,27,424,520,577
50,37,143,107,505,599,577
22,20,54,41,415,497,577
34,23,66,49,459,556,577
46,27,140,107,489,576,577
188,76,565,268,642,742,578
53,36,128,89,514,613,578
105,69,195,138,548,646,578
29,21,75,58,448,554,578
27,24,53,49,417,520,578
104,55,342,162,590,688,578
32,30,31,28,392,507,578
37,28,58,44,414,538,578
31,22,88,65,455,557,578
41,26,131,97,509,609,578
29,23,75,54,434,509,578
64,36,143,82,526,638,578
45,27,149,110,518,620,578
31,22,46,34,410,524,578
88,51,144,78,509,610,578
211,73,758,369,730,824,578
24,20,32,37,401,514,578
43,35,73,57,449,541,578
92,56,191,124,547,643,578
89,43,230,104,554,656,578
30,24,73,63,441,551,578
38,26,110,78,462,567,578
27,25,26,30,400,520,578
88,52,232,156,551,645,579
97,60,141,82,541,642,579
74,53,178,127,536,631,579
30,22,83,65,472,564,579
39,26,70,45,444,544,579
77,47,250,191,540,637,579
38,26,99,64,473,571,579
33,27,79,68,437,535,579
82,48,252,174,567,664,579
37,30,58,52,443,533,579
56,35,206,140,544,640,579
55,29,188,125,534,632,579
25,25,38,41,394,498,579
37,27,60,45,443,541,579
59,40,109,79,489,589,579
47,34,84,70,482,581,579
42,33,67,59,444,538,579
225,82,685,279,670,772,579
54,38,174,143,523,624,579
25,21,64,59,442,537,579
34,23,116,87,488,588,579
39,24,115,63,490,581,579
93,42,386,198,605,706,579
27,21,47,41,410,492,579
45,30,82,60,469,567,579
97,50,242,135,560,664,579
49,28,167,122,528,631,579
43,34,99,79,481,586,579
46,25,99,66,482,581,579
80,49,156,96,520,616,579
31,26,47,43,426,532,579
108,52,297,125,585,671,580
18,20,18,24,289,427,580
87,57,188,122,538,635,580
41,27,91,61,479,566,580
27,26,49,51,416,521,580
39,20,95,36,462,546,580
50,27,142,91,510,609,580
49,34,85,61,485,581,580
28,22,76,62,458,561,580
34,21,88,67,475,571,580
35,27,108,92,491,589,580
51,35,121,89,493,587,580
74,41,198,117,544,643,580
54,29,144,84,523,622,580
30,21,59,48,433,520,580
74,39,324,156,569,666,580
25,22,30,27,408,482,580
148,64,498,290,653,747,580
24,21,69,61,447,539,580
100,57,273,141,570,668,580
36,31,75,70,435,527,580
107,62,392,221,599,696,580
32,25,108,88,472,576,580
115,55,542,247,613,711,580
44,29,107,75,470,582,580
30,26,34,36,413,511,580
189,92,485,262,645,739,580
83,47,327,178,591,686,580
34,28,71,70,459,554,580
150,71,535,273,645,741,580
159,69,663,367,704,805,580
30,22,95,76,485,586,580
97,52,313,185,602,700,580
41,29,101,83,484,581,580
37,29,82,69,461,553,580
233,93,647,336,705,802,580
45,34,105,84,482,580,580
406,120,885,389,760,855,580
57,40,125,102,499,597,580
57,35,167,107,551,648,580
316,106,588,200,657,754,580
39,24,130,97,516,614,580
30,28,60,59,426,529,580
32,28,60,60,445,545,580
42,24,99,53,471,567,580
24,23,44,44,376,490,581
35,25,110,74,478,579,581
36,23,65,58,431,610,581
25,21,30,27,365,471,581
116,52,382,201,606,703,581
248,84,840,386,744,840,581
43,29,99,80,483,581,581
228,82,498,217,635,733,581
82,36,403,187,589,689,581
64,36,211,110,517,616,581
42,30,69,57,447,546,581
234,82,582,169,649,748,581
63,38,160,108,513,607,581
75,48,165,98,527,619,581
51,30,94,59,472,571,581
50,42,93,80,474,570,581
22,20,48,48,395,500,581
25,21,53,49,424,515,581
34,24,110,94,448,546,581
23,21,41,36,363,465,581
21,20,43,37,424,509,581
22,21,41,35,406,494,581
21,21,23,28,355,441,581
45,37,102,91,478,574,582
64,45,104,71,494,591,582
34,25,66,57,451,546,582
30,23,68,58,452,561,582
34,28,41,30,402,506,582
29,25,35,34,395,491,582
74,45,208,136,541,633,582
37,23,101,67,484,571,582
19,21,27,36,352,450,582
37,26,94,73,479,570,582
39,28,100,79,466,562,583
19,20,23,28,389,485,583
24,24,34,38,387,464,583
28,25,64,59,403,514,583
40,28,99,85,484,585,584
40,31,66,56,461,565,584
40,27,86,55,467,576,584
30,23,81,69,437,541,585
21,20,36,34,389,496,585
28,26,35,35,390,497,585
25,22,30,24,365,460,585
36,25,83,62,451,556,585
45,36,83,72,459,562,585
33,30,55,51,407,527,585
25,22,30,27,376,481,585
21,21,21,21,372,434,585
63,47,91,75,475,576,585
32,22,50,30,433,531,586
29,25,51,50,434,536,586
38,25,106,81,468,567,586
28,20,79,64,445,537,586
34,26,138,113,484,584,586
28,23,42,30,377,488,586
39,33,62,57,438,541,586
43,29,124,91,506,612,586
74,34,240,127,559,658,586
28,20,43,32,391,500,586
47,27,137,100,517,619,587
29,21,50,39,437,514,587
27,23,41,38,428,510,587
22,21,42,39,412,499,587
26,21,57,48,420,529,587
197,73,491,176,635,732,587
51,33,114,71,484,585,587
24,22,51,44,425,515,587
33,26,60,50,433,527,587
108,55,294,162,583,682,587
223,72,572,193,648,745,588
159,77,546,287,643,741,588
179,63,631,316,670,767,588
189,77,659,392,695,796,588
419,117,917,293,732,830,588
38,26,103,69,488,586,588
39,23,92,50,458,522,588
27,23,47,39,387,502,588
28,26,26,27,384,486,588
50,28,102,65,492,590,588
66,38,206,133,550,644,588
49,20,191,101,528,621,589
20,21,34,28,338,464,589
39,23,91,66,485,581,589
28,23,62,49,426,535,589
26,22,18,19,357,457,589
31,22,63,49,427,537,589
39,27,112,92,473,575,589
43,30,78,64,468,567,589
36,29,40,26,421,507,589
52,38,123,91,502,601,589
88,38,329,184,594,694,589
52,41,93,77,479,580,589
53,32,126,97,509,603,589
44,27,129,97,504,601,589
30,21,50,30,392,483,590
29,25,30,27,375,480,590
76,41,286,174,569,664,590
62,38,156,105,536,633,590
25,25,32,36,392,487,590
83,38,326,184,588,680,590
25,20,50,44,404,508,590
76,35,215,92,546,640,590
28,25,37,37,410,516,590
40,29,84,69,453,553,590
35,20,41,33,428,531,590
52,35,130,107,508,606,590
42,26,119,80,500,593,590
37,27,73,52,444,550,591
26,24,27,27,355,457,591
31,20,56,45,405,510,591
33,24,85,68,446,556,591
55,33,160,117,536,632,591
20,20,33,35,355,450,591
26,20,28,30,415,524,591
25,21,21,21,387,467,591
30,21,59,41,437,541,591
39,22,68,50,433,547,591
470,130,898,402,761,857,591
308,66,710,148,673,770,591
21,22,18,21,360,450,591
60,39,141,103,509,609,592
24,20,42,38,413,509,592
60,28,212,127,553,653,592
26,21,38,32,397,497,592
40,25,111,88,468,569,592
38,27,99,78,475,567,592
28,21,59,50,441,531,592
26,20,51,44,419,526,593
37,29,84,74,481,581,593
42,30,131,101,500,595,593
25,21,34,28,370,466,593
47,28,92,43,479,575,593
28,20,52,41,447,544,593
54,41,152,113,500,598,593
32,20,40,24,401,497,594
23,20,43,33,386,457,594
31,24,81,63,446,535,594
36,25,63,48,436,535,594
37,27,93,68,470,567,594
55,41,95,78,490,585,594
40,22,154,103,513,614,594
42,29,106,81,469,566,594
34,22,118,83,481,582,594
36,24,113,87,479,572,595
50,27,144,81,512,608,595
30,25,39,25,376,496,595
31,20,34,25,372,471,595
22,20,23,25,353,469,595
28,22,55,44,422,499,595
47,35,89,57,480,585,595
41,34,62,53,444,547,595
29,22,68,50,418,533,595
58,41,95,60,488,590,596
25,20,58,52,430,523,596
77,33,280,168,588,687,596
30,21,72,50,443,543,596
33,21,67,49,422,511,596
55,32,134,102,501,612,596
37,22,77,48,455,544,596
24,21,23,20,340,448,596
62,38,152,100,507,606,596
75,55,176,129,525,623,596
63,33,143,91,513,606,596
22,20,33,33,393,478,596
29,23,43,37,397,510,596
28,22,54,45,422,536,596
46,22,177,107,544,645,596
116,58,330,185,610,706,597
41,21,74,41,461,561,597
42,26,114,74,475,577,597
32,23,75,50,475,571,597
72,45,231,175,544,640,597
23,20,34,29,385,486,597
44,25,93,63,470,583,597
234,69,806,239,709,809,597
41,23,81,38,473,573,597
43,30,119,89,496,591,597
150,43,743,241,671,770,597
92,47,367,202,606,702,597
61,32,222,106,557,654,597
29,21,69,58,436,537,597
42,33,78,69,459,559,597
66,42,151,108,515,612,597
50,28,85,52,469,564,597
67,42,278,173,543,640,597
120,59,304,172,588,682,597
189,84,513,233,638,740,597
30,24,72,57,443,528,597
192,63,766,380,733,830,597
36,27,63,42,433,533,597
103,48,252,130,560,659,598
27,25,43,42,406,489,598
86,52,230,155,548,648,598
37,23,67,39,427,518,598
67,46,132,93,508,606,598
28,20,44,42,409,550,598
37,29,66,58,441,540,598
38,24,62,45,436,534,598
34,28,75,59,447,535,599
52,26,334,197,566,665,599
26,20,62,52,448,533,599
156,73,618,263,659,757,599
239,65,631,156,657,755,599
35,28,70,46,457,544,599
36,23,72,46,453,549,599
27,22,57,50,418,496,599
33,22,54,36,421,514,599
22,21,44,40,402,485,599
30,21,47,42,440,537,599
24,24,41,42,395,485,599
96,53,232,146,565,665,600
53,32,154,97,492,593,600
23,21,50,50,418,509,600
23,22,44,42,392,497,600
29,25,30,29,386,481,600
28,24,64,49,444,543,600
41,32,78,70,460,562,600
125,67,287,178,586,682,600
33,24,100,82,480,570,600
75,37,220,137,570,665,600
36,27,66,55,450,550,601
29,27,60,56,428,536,601
38,28,90,73,460,562,601
24,20,37,26,378,495,601
49,28,78,38,464,563,601
43,30,69,45,455,555,601
42,32,83,70,451,555,601
25,23,84,77,430,536,601
33,26,65,60,445,544,601
33,23,81,56,454,552,602
25,25,43,44,413,501,602
48,32,145,104,503,599,602
37,22,96,58,467,562,602
50,33,113,83,502,602,602
25,23,41,40,401,504,602
48,32,102,82,492,588,602
29,24,65,57,420,529,603
21,20,31,31,409,500,603
29,22,66,48,433,539,603
37,25,102,82,466,565,603
36,27,92,83,465,570,603
34,27,70,60,446,543,603
25,23,40,37,408,505,603
34,25,53,45,422,514,603
74,41,300,199,573,673,603
31,25,42,38,386,485,604
42,32,79,63,472,573,604
29,21,29,21,339,443,604
43,23,134,88,504,601,604
42,33,51,43,434,524,604
30,24,57,48,426,535,604
26,21,59,49,422,520,604
77,44,166,102,529,624,604
33,23,88,63,456,552,604
22,20,33,33,383,488,604
23,20,35,30,363,475,604
25,21,43,39,386,495,604
73,44,224,167,549,648,605
41,30,109,83,476,577,605
42,32,80,59,457,564,605
26,22,63,56,424,521,605
28,22,49,45,443,541,605
23,23,31,37,393,512,605
50,33,108,64,458,554,605
77,48,179,125,523,619,605
29,23,36,30,402,492,605
30,24,40,29,408,510,605
31,23,47,40,430,525,605
34,25,67,49,452,548,605
44,27,116,86,497,598,606
26,20,66,52,424,537,606
79,56,158,121,520,616,606
36,29,70,66,451,555,606
29,28,54,55,418,513,606
47,27,114,65,483,578,606
43,27,70,49,437,535,606
28,22,54,45,418,522,606
43,26,118,79,512,619,606
28,23,34,34,396,500,607
55,34,123,84,495,593,607
41,30,52,42,431,549,607
83,56,178,108,529,623,607
66,34,231,149,551,649,607
33,22,92,62,464,558,607
55,22,222,104,542,643,607
32,25,37,24,396,489,607
29,23,67,60,454,538,607
81,44,274,170,577,673,607
88,45,424,235,614,714,607
24,23,25,26,361,477,607
57,35,114,63,487,582,607
44,28,173,124,500,603,607
110,51,361,198,611,710,607
32,24,69,56,446,547,607
37,23,60,43,445,546,608
33,21,69,40,441,526,608
36,32,29,26,402,482,608
29,21,59,46,426,535,608
39,26,120,83,480,575,608
24,20,48,37,413,501,608
20,21,15,20,339,456,608
32,23,73,51,418,531,608
47,33,149,118,498,601,608
93,46,341,206,605,704,608
48,38,92,82,491,592,608
110,52,401,248,610,708,608
53,40,88,66,463,566,608
90,56,190,109,539,637,608
47,36,95,84,476,572,608
27,23,67,56,442,531,608
69,40,130,76,516,611,608
43,23,82,48,447,535,609
157,62,463,183,622,720,609
38,26,100,84,485,579,609
27,20,37,25,371,468,609
34,27,75,65,441,541,609
103,45,285,126,592,692,609
77,41,233,151,564,661,609
244,74,666,170,663,760,609
294,81,660,168,659,757,609
117,66,235,129,571,669,609
118,67,343,213,600,698,609
42,28,117,89,508,601,609
123,60,266,111,565,661,609
43,29,118,89,508,599,609
20,20,35,35,390,482,609
304,98,632,201,702,797,609
92,43,262,116,575,675,609
39,34,43,40,409,510,609
29,20,56,42,436,527,609
29,22,31,18,392,465,610
25,21,36,29,405,491,610
40,22,175,121,510,607,610
37,26,88,72,466,572,610
35,28,55,47,410,522,610
30,20,46,36,416,513,610
30,25,47,29,398,495,610
26,20,52,40,409,515,610
50,27,152,83,514,610,610
45,41,76,66,452,555,610
28,22,48,40,409,512,611
55,27,115,52,475,569,611
32,21,85,62,455,563,611
22,20,43,34,384,496,611
189,71,662,362,714,809,611
26,20,56,46,414,495,611
37,30,94,81,459,560,611
42,33,101,92,482,576,611
33,25,84,68,470,566,611
110,44,236,111,555,656,611
163,42,350,111,599,695,611
29,21,62,42,418,523,611
30,22,73,63,441,532,611
42,26,130,88,484,579,611
38,26,70,44,432,531,611
91,65,205,156,553,654,612
53,33,121,87,488,585,612
50,31,101,68,494,589,612
56,31,159,111,522,620,612
51,30,178,115,528,631,612
50,31,91,68,475,572,612
28,20,56,42,434,551,612
25,22,49,44,404,506,612
42,25,88,62,468,569,612
53,37,123,84,510,605,612
57,39,95,76,492,594,612
32,29,68,61,443,542,612
54,34,155,105,507,606,612
20,20,41,39,377,466,612
67,32,320,187,599,697,612
40,32,81,70,453,552,612
34,22,78,53,454,548,612
61,40,149,114,513,614,612
24,21,59,50,436,532,612
24,20,49,41,426,517,612
23,21,17,16,362,463,613
40,34,95,75,466,568,613
39,26,86,73,467,578,613
65,48,137,105,510,610,613
27,24,61,60,409,528,613
86,42,274,138,587,685,613
26,20,51,38,404,510,613
47,34,121,94,497,592,613
25,20,46,43,413,505,613
38,25,104,71,470,574,613
32,24,75,48,447,540,613
28,24,37,37,435,519,613
168,65,663,325,694,793,613
32,24,63,47,446,529,613
51,29,141,101,513,617,613
178,77,411,184,626,721,613
60,34,151,107,527,623,613
419,97,925,342,779,876,613
31,25,61,50,439,534,613
358,100,795,255,681,779,613
132,80,296,140,592,691,613
447,113,940,254,727,824,613
47,33,133,104,500,594,614
79,48,203,142,552,648,614
27,22,47,42,413,520,614
26,21,58,50,407,512,614
20,21,24,24,371,474,614
51,37,132,103,505,603,614
46,37,62,57,457,561,614
56,39,147,116,509,601,614
48,38,103,82,480,574,614
30,21,53,44,427,522,614
49,38,111,92,486,583,614
41,31,114,76,496,588,614
27,23,46,37,421,505,614
28,21,48,36,394,502,614
35,30,45,44,440,528,614
41,23,123,83,505,603,614
28,21,67,57,435,539,615
31,25,58,55,448,549,615
35,21,49,29,409,511,615
25,22,53,51,418,507,615
112,59,291,164,584,682,615
33,24,53,38,424,516,615
35,25,68,53,453,550,615
56,23,301,166,569,667,615
25,21,42,30,403,505,615
50,36,96,75,473,567,615
26,22,76,63,434,535,615
59,42,120,86,503,601,615
53,35,114,85,519,610,615
45,33,89,69,465,560,616
59,23,95,46,487,579,616
27,23,59,51,413,508,616
23,24,32,39,348,456,616
50,25,73,38,464,573,616
35,24,90,67,464,559,616
35,27,90,82,464,571,616
37,29,56,45,456,552,616
50,33,97,73,478,575,616
122,47,795,355,756,853,616
108,58,219,123,577,674,616
33,24,48,34,423,517,616
22,22,33,30,362,460,616
37,24,68,51,438,562,616
57,32,147,103,514,613,616
32,27,54,45,420,515,616
64,41,126,87,504,603,616
54,40,122,98,493,594,616
136,82,277,146,572,671,616
69,47,148,103,518,614,616
29,23,60,52,445,542,616
156,60,344,109,594,692,616
20,20,21,22,313,434,616
38,27,81,60,454,559,616
45,22,150,103,523,616,617
48,39,107,96,485,581,617
26,22,61,58,416,523,617
67,44,112,81,508,608,617
28,20,41,28,385,490,617
27,21,45,35,414,519,617
32,22,61,46,440,541,617
192,89,465,213,629,729,617
213,71,624,207,673,770,617
127,47,237,85,565,659,617
45,24,117,76,500,601,617
30,20,81,53,463,559,617
78,54,245,153,574,672,617
70,42,172,110,542,637,617
36,28,63,46,426,528,617
34,25,66,42,447,527,617
78,40,248,153,555,650,617
37,31,64,55,423,519,617
26,20,55,44,425,513,617
61,29,376,193,601,696,617
28,26,46,44,432,528,618
29,22,44,35,417,512,618
176,78,469,205,629,725,618
29,21,58,42,439,531,618
26,24,27,27,363,482,618
31,22,91,73,462,555,618
31,23,88,74,469,564,618
38,31,94,78,472,563,619
42,31,99,78,470,570,619
24,20,46,39,412,501,619
34,22,75,59,446,545,619
93,49,364,228,597,694,619
23,20,24,25,383,480,619
25,22,44,44,409,508,619
26,21,28,24,397,502,619
29,23,82,66,440,547,619
63,44,124,95,503,601,619
24,20,49,44,421,518,619
28,24,34,24,388,491,619
42,30,93,63,450,546,619
42,38,55,47,424,527,619
27,21,64,49,407,517,619
34,25,46,34,425,499,620
29,23,51,45,400,524,620
32,26,63,52,442,540,620
31,24,42,26,418,515,620
37,21,128,75,478,565,620
32,24,44,32,407,486,620
35,22,126,81,494,596,620
89,52,228,133,550,648,620
49,34,118,81,486,575,620
33,28,51,43,407,503,621
43,23,96,61,491,597,621
41,32,113,97,481,575,621
23,22,45,44,389,473,621
23,23,30,34,347,442,621
79,46,156,108,534,628,621
40,20,111,65,478,569,621
26,22,40,35,404,507,621
29,21,60,51,419,513,621
24,23,27,31,389,495,621
24,22,49,50,415,500,621
27,22,51,45,407,502,621
24,21,35,29,372,470,622
38,29,65,47,436,545,622
35,28,84,60,460,564,622
24,21,45,42,401,507,622
28,23,40,34,417,513,622
36,27,78,65,447,540,622
32,22,52,40,440,527,622
34,21,67,40,443,526,622
31,23,79,65,449,553,622
24,25,37,41,390,493,622
26,23,52,48,414,513,622
27,27,28,34,370,470,622
71,40,183,124,531,623,623
47,29,116,82,493,588,623
51,34,142,107,510,613,623
72,56,110,88,495,593,623
42,25,116,82,514,612,623
38,24,59,41,428,514,623
50,32,115,90,515,616,623
33,24,52,29,409,500,623
43,33,90,64,467,569,623
30,24,32,30,363,463,623
32,20,65,45,456,563,623
90,47,305,179,587,687,623
35,25,62,41,436,524,623
42,24,117,74,493,593,623
23,20,44,39,411,515,623
21,20,40,35,397,493,623
42,25,109,64,494,588,623
38,30,48,37,437,530,623
25,20,54,51,428,538,623
47,28,131,94,507,605,624
34,28,70,67,436,538,624
22,20,30,31,379,493,624
20,20,40,42,387,469,624
26,21,40,29,393,474,624
48,29,135,96,507,607,624
62,41,110,77,504,602,624
26,23,43,40,387,485,624
37,27,65,52,444,548,624
134,70,445,272,629,726,624
41,22,45,34,436,552,624
79,47,225,150,554,651,625
26,23,40,38,413,508,625
43,31,64,46,433,536,625
56,40,130,101,502,602,625
29,28,27,29,421,516,625
51,31,73,46,457,547,625
20,20,29,31,373,454,625
36,26,76,54,474,560,625
50,34,82,67,461,556,625
50,33,108,59,488,584,625
38,28,86,67,489,580,625
29,24,60,46,412,497,625
22,21,30,30,355,472,625
59,39,130,93,517,616,625
33,21,84,59,443,546,625
159,52,755,269,716,813,625
28,24,43,35,406,494,625
41,21,133,77,499,598,625
95,40,243,137,574,672,625
57,42,159,129,501,603,625
29,26,43,36,371,478,625
42,25,102,63,465,569,626
23,20,45,45,412,514,626
132,70,361,197,605,702,626
43,33,100,82,488,585,626
28,22,51,40,407,526,626
31,21,48,31,396,499,626
28,25,34,32,404,491,626
103,42,269,109,558,656,626
30,24,38,39,431,528,626
31,25,48,35,417,516,626
58,40,150,107,516,612,626
34,29,81,69,451,546,626
39,33,99,85,465,562,626
52,34,61,39,459,552,626
81,52,206,139,549,649,627
39,32,58,44,438,541,627
26,23,54,51,427,530,627
55,33,187,107,529,628,627
80,47,202,126,557,655,627
43,24,124,89,506,604,627
37,24,100,73,491,587,627
26,23,58,52,420,510,627
103,52,189,85,535,633,627
40,28,85,64,471,569,627
167,58,633,233,675,772,627
32,24,56,36,426,526,627
35,24,82,63,461,564,627
48,28,201,143,536,635,627
25,21,48,45,402,512,627
28,23,65,60,420,527,627
174,59,600,262,668,765,627
96,49,261,144,577,674,627
56,39,81,57,477,576,627
87,31,327,108,583,680,627
154,73,367,177,602,701,627
260,65,798,307,707,800,627
80,40,307,192,578,676,627
35,20,65,31,420,498,627
241,94,749,431,746,841,627
30,25,33,23,377,470,627
24,22,47,42,396,487,627
28,22,40,24,387,473,627
35,22,130,84,508,606,628
28,21,54,32,422,506,628
44,30,128,107,496,590,628
55,34,151,108,509,608,628
30,22,65,48,422,517,628
34,22,110,66,474,573,628
39,24,72,52,459,565,628
36,26,56,34,419,508,628
27,21,50,45,418,541,628
39,28,106,75,482,581,628
30,26,48,44,410,515,628
87,58,193,147,554,649,628
35,30,61,50,436,535,628
27,25,39,37,387,489,628
48,30,81,53,448,551,628
28,22,51,47,406,514,628
32,26,69,61,426,530,628
45,32,135,98,492,590,629
29,23,43,39,416,506,629
27,20,54,36,425,520,629
33,26,80,69,465,552,629
61,42,130,86,510,612,629
43,28,58,41,460,554,629
34,22,65,44,443,539,629
26,20,65,59,445,543,629
34,26,66,59,452,548,629
104,41,263,131,571,666,629
74,50,138,92,508,611,629
160,70,378,179,612,711,629
31,22,92,67,456,550,630
28,20,67,51,419,529,630
33,25,61,50,447,545,630
33,26,69,55,435,532,630
39,31,77,64,442,541,630
37,24,75,53,455,564,630
26,23,41,33,381,473,630
33,23,81,60,445,544,630
50,27,118,66,486,579,630
34,27,37,31,392,507,630
66,33,186,105,541,639,630
225,82,720,395,718,813,630
35,29,54,43,407,526,630
30,22,81,64,462,564,630
171,75,619,328,675,774,630
45,37,67,62,438,541,630
52,44,104,91,480,574,630
367,100,902,237,722,819,630
116,59,298,148,586,684,630
26,23,55,52,414,497,630
28,24,31,20,397,484,630
27,21,29,27,398,490,630
30,22,86,72,452,551,631
35,20,91,56,450,554,631
32,23,54,49,414,529,631
63,34,157,90,524,624,631
57,33,130,85,509,604,631
42,26,94,74,490,582,631
33,30,52,45,428,536,631
24,21,59,57,406,505,631
25,25,44,44,406,498,631
31,31,40,43,385,487,631
53,38,87,72,464,561,632
42,33,79,60,460,568,632
66,44,116,72,498,596,632
35,25,67,51,454,548,632
34,26,83,66,458,560,632
35,26,97,87,479,571,632
33,23,20,19,386,490,632
20,21,38,39,381,452,633
26,25,15,19,364,472,633
76,49,164,126,522,622,633
25,22,39,35,394,503,633
51,24,123,75,494,588,633
82,53,190,104,540,638,633
32,26,60,45,431,529,633
44,22,178,116,521,622,633
25,23,46,45,388,507,633
42,26,84,51,459,553,633
45,38,108,97,473,577,633
55,24,112,49,496,588,633
31,21,56,48,449,551,634
24,20,36,35,379,489,634
26,24,20,20,405,481,634
63,31,128,69,494,608,634
54,35,163,115,524,621,634
44,33,100,75,472,555,634
64,47,123,92,495,591,634
35,25,106,77,481,578,634
25,20,40,31,386,459,634
36,20,128,71,492,589,634
62,37,146,88,512,598,634
24,20,43,31,388,496,634
26,21,56,48,422,522,634
34,34,40,42,392,489,634
32,25,97,67,458,552,634
29,21,78,50,430,528,634
52,27,155,97,526,628,634
62,31,196,127,547,649,635
34,24,87,69,467,571,635
26,21,67,59,430,529,635
34,29,77,63,446,550,635
27,20,46,39,419,513,635
18,21,31,34,374,438,635
30,21,65,41,446,535,635
23,21,35,38,369,480,635
28,22,40,34,411,519,635
31,21,66,51,434,547,635
27,20,63,51,444,534,635
39,24,108,76,495,593,635
31,22,101,82,464,556,635
20,21,32,38,346,444,635
49,21,163,98,524,622,635
268,81,695,233,674,773,635
535,142,939,243,756,856,635
41,21,74,45,450,548,635
38,30,89,64,457,562,636
39,28,64,50,464,566,636
31,28,55,52,431,521,636
40,31,68,54,443,542,636
30,24,56,49,396,514,636
37,27,79,63,462,561,636
154,74,471,225,626,720,636
60,38,101,73,494,592,636
41,28,84,57,465,570,636
25,23,51,47,405,495,636
39,25,129,98,491,590,636
34,21,78,41,458,568,636
30,24,55,50,443,535,636
125,70,345,225,597,698,637
32,21,95,73,466,567,637
46,38,89,71,492,587,637
28,22,55,53,431,522,637
29,27,28,33,397,496,637
98,69,180,118,548,647,637
31,27,64,59,428,527,637
35,25,103,70,490,586,637
60,41,115,79,491,584,637
25,21,34,28,413,498,637
30,25,60,51,427,527,637
31,23,44,39,436,537,637
25,23,42,39,401,497,637
89,42,264,127,570,669,638
26,23,49,44,417,512,638
26,24,34,34,388,489,638
45,29,106,73,476,577,638
90,57,144,98,543,638,638
43,32,90,62,465,567,638
23,20,49,43,402,502,638
31,24,69,58,435,530,638
67,32,206,115,564,661,638
27,20,41,34,402,472,638
101,53,301,183,597,697,638
58,31,131,61,499,595,638
205,74,581,194,656,753,638
34,23,65,45,432,531,638
25,22,34,28,365,475,638
104,51,186,98,548,657,638
61,36,182,120,519,619,638
30,24,44,37,409,495,638
173,69,671,177,651,747,639
58,35,180,125,532,631,639
22,20,27,28,374,471,639
35,27,55,51,441,532,639
32,24,39,32,409,501,639
30,25,77,66,463,555,639
44,28,172,128,510,604,639
30,22,56,40,437,526,639
40,26,107,86,494,594,639
138,57,374,198,611,707,639
30,20,58,51,431,536,640
39,23,64,41,448,565,640
25,21,70,64,420,524,640
21,23,31,36,329,446,640
53,33,140,94,520,618,640
40,23,127,80,506,598,640
23,22,55,53,399,490,640
34,30,41,38,407,510,640
59,35,203,136,529,626,640
48,31,86,69,470,571,640
41,25,85,67,473,569,640
34,26,57,45,436,531,640
120,54,473,275,623,721,640
56,44,137,114,498,597,641
27,20,62,52,452,541,641
142,62,534,235,643,740,641
91,48,209,136,552,647,641
49,30,79,54,455,558,641
23,21,56,50,405,502,641
37,26,74,49,464,567,641
54,34,153,98,496,599,641
117,44,465,202,634,733,641
31,28,49,45,421,519,641
52,29,82,44,473,569,641
32,28,42,43,405,517,641
25,20,57,50,423,523,642
120,42,278,92,576,675,642
56,31,181,130,529,627,642
25,22,33,32,371,476,642
22,21,45,45,379,484,642
39,27,105,71,471,578,642
74,38,169,95,535,633,642
36,30,78,69,471,559,642
103,44,268,135,563,666,642
66,45,87,48,479,582,642
72,32,244,141,571,671,642
39,26,139,101,484,590,643
28,23,42,38,388,489,643
28,26,63,58,433,522,643
33,24,80,62,454,553,643
26,21,38,27,399,495,643
124,57,418,172,614,715,643
28,20,93,76,456,555,643
38,27,59,49,427,529,643
30,27,62,56,430,523,643
34,27,48,31,409,490,643
37,26,87,67,467,571,643
41,28,63,41,427,519,643
41,32,63,56,446,547,643
43,32,108,92,486,579,643
65,38,132,76,519,614,643
28,23,65,58,438,532,643
21,20,24,26,384,465,643
22,23,32,34,375,455,644
50,32,98,70,483,584,644
42,29,102,76,476,579,644
30,25,64,55,431,525,644
63,34,142,87,512,604,644
22,20,48,40,391,487,644
21,20,31,31,367,462,644
32,24,79,67,454,560,644
49,31,119,87,517,619,644
37,24,54,42,415,522,644
33,24,60,51,436,527,644
27,21,35,27,408,505,644
53,40,142,118,499,590,644
49,35,107,76,485,582,644
85,39,280,149,580,675,645
24,21,20,22,345,450,645
105,54,383,244,605,702,645
31,23,85,68,466,563,645
31,24,54,49,437,534,645
51,30,137,105,505,610,645
82,46,254,166,575,673,645
27,20,41,31,418,507,645
61,37,152,100,515,613,645
35,24,53,39,407,521,645
52,35,119,83,490,585,645
31,23,46,37,418,517,645
42,23,126,71,497,588,645
78,41,250,146,558,657,645
33,26,59,51,435,536,645
26,20,74,62,450,536,645
52,34,120,74,494,595,645
46,35,88,64,465,557,645
92,63,201,138,539,635,645
28,22,45,36,412,503,645
148,75,432,202,629,728,645
83,54,229,153,555,652,645
74,47,196,146,542,639,645
78,38,349,168,593,687,645
249,86,883,451,780,875,645
139,54,360,156,603,699,645
36,26,73,60,432,548,645
38,24,127,89,487,584,646
55,37,105,68,482,579,646
39,25,65,41,438,519,646
56,40,138,106,517,617,646
20,20,34,38,353,454,646
23,20,45,40,425,541,646
34,24,48,45,444,532,646
34,27,73,61,443,539,646
21,20,29,30,360,461,646
53,40,137,110,508,607,646
54,37,109,71,489,581,646
52,29,193,109,535,631,646
38,29,85,66,458,554,646
35,25,78,67,477,570,646
28,25,44,44,423,521,646
95,51,303,175,585,681,646
31,24,57,43,414,513,646
34,31,49,46,436,527,646
28,24,49,44,390,509,646
32,25,87,73,472,575,646
28,23,40,37,403,505,646
59,38,135,96,514,611,646
49,30,125,95,514,612,646
67,38,196,131,526,635,646
37,29,63,47,421,516,646
43,27,97,71,479,577,647
39,35,82,82,440,545,647
59,42,124,109,511,614,647
57,31,151,95,518,614,647
37,30,61,53,443,537,647
56,34,177,126,532,629,647
29,22,63,52,447,543,647
45,33,96,77,488,592,647
52,32,145,99,515,612,647
26,20,46,41,429,514,647
58,33,134,75,510,603,647
48,31,111,79,501,594,647
27,21,40,31,399,494,647
28,23,45,39,409,509,647
37,32,86,77,468,560,647
31,24,80,62,449,542,647
23,21,34,36,382,484,647
29,24,47,41,423,524,647
24,21,36,31,397,493,647
112,51,423,229,626,725,647
65,40,161,110,528,625,648
169,67,596,295,670,770,648
32,20,88,65,476,572,648
33,29,44,38,423,509,648
54,38,102,70,471,563,648
50,38,98,76,487,583,648
53,28,166,104,519,618,648
66,34,135,61,500,601,648
32,22,99,73,460,559,648
33,25,66,53,433,547,648
59,34,166,106,517,610,648
71,33,277,148,577,680,648
45,39,80,72,461,556,648
118,46,514,222,631,731,648
132,50,364,175,630,726,648
91,41,254,134,565,660,648
81,50,258,178,564,663,648
25,21,58,50,429,530,648
191,77,593,186,652,749,648
47,31,136,98,515,611,648
132,60,445,201,616,709,648
25,21,63,55,429,531,648
55,40,129,99,499,600,648
161,66,621,273,649,743,648
31,23,65,56,435,532,648
24,22,51,49,418,517,648
29,20,51,39,432,525,648
46,29,98,60,484,574,648
86,39,224,102,562,661,648
64,39,134,78,504,602,648
90,43,149,82,549,641,648
89,56,183,99,527,622,649
28,20,54,35,446,550,649
43,36,74,66,449,554,649
73,39,191,98,551,650,649
38,20,81,35,479,573,649
65,32,163,91,526,616,649
25,20,49,45,384,481,649
177,86,397,178,608,708,649
81,46,156,80,525,621,649
118,51,497,230,629,728,649
76,38,186,125,564,660,649
31,25,46,38,401,500,649
124,59,581,319,655,755,649
30,26,34,31,412,488,649
39,25,91,64,463,560,649
264,103,714,268,690,786,649
44,28,166,101,497,585,649
80,59,134,95,509,602,649
96,51,430,258,611,708,649
165,72,460,206,629,727,649
405,155,762,236,691,790,649
53,40,125,91,500,599,649
36,26,98,79,462,560,650
44,36,73,57,473,569,650
44,25,131,84,503,600,650
32,24,85,69,447,545,650
21,21,31,31,360,461,650
55,33,123,84,489,588,650
32,28,57,52,426,517,650
31,26,96,85,445,550,650
27,20,50,46,426,523,650
41,29,103,74,485,578,651
39,25,115,77,485,580,651
26,21,66,53,448,532,651
38,27,80,61,481,573,651
28,20,46,31,409,467,651
61,35,182,113,544,645,651
29,21,70,61,456,550,651
115,55,392,180,612,708,651
78,44,179,104,529,628,651
48,28,60,40,462,548,651
86,44,342,207,592,686,652
40,23,142,105,488,589,652
40,29,96,73,487,586,652
167,69,452,238,635,732,652
64,38,139,100,510,606,652
35,24,65,47,436,537,652
23,23,32,34,391,475,652
98,61,225,146,567,662,652
18,20,24,29,342,419,652
31,23,53,43,405,508,652
364,132,775,238,694,789,652
43,27,111,68,483,574,652
22,23,29,30,363,463,652
22,20,28,26,326,438,652
28,27,33,37,386,487,652
43,29,93,57,477,569,653
40,29,71,55,463,561,653
29,24,46,39,419,527,653
32,25,90,80,451,550,653
27,20,63,48,435,514,653
34,21,71,53,436,547,653
57,37,171,127,523,620,653
66,41,180,131,541,636,653
56,22,119,55,485,581,653
37,28,104,92,469,568,653
34,21,52,33,424,528,653
23,21,29,27,352,448,653
25,20,45,39,382,481,653
49,35,119,96,484,573,653
53,36,150,111,506,604,653
20,20,30,33,376,469,653
32,28,59,57,433,543,653
37,28,46,32,410,498,653
25,21,34,35,386,498,654
35,29,72,61,447,551,654
26,22,47,43,383,495,654
37,22,60,41,446,540,654
24,21,39,36,387,458,654
38,24,45,27,435,536,654
45,32,80,64,455,553,654
33,25,82,55,443,540,654
30,25,49,46,442,534,654
46,38,60,54,437,533,655
24,21,34,30,371,458,655
45,30,111,85,482,579,655
30,23,56,50,430,535,655
40,26,81,58,469,564,655
66,37,150,67,513,611,655
51,35,136,109,497,593,655
22,20,36,25,367,475,655
26,22,55,49,405,511,655
48,29,166,114,526,623,655
35,24,93,76,474,564,655
40,26,78,52,463,561,655
31,23,66,54,434,532,655
24,21,43,38,404,508,655
26,23,32,30,381,492,656
39,29,80,62,463,563,656
38,23,100,64,473,567,656
26,21,51,38,409,503,656
40,30,87,74,454,543,656
27,22,26,25,365,493,656
28,24,36,34,399,486,656
30,26,64,54,405,498,656
66,40,103,66,475,565,656
65,47,149,113,515,619,656
25,21,49,42,399,513,656
85,35,412,232,602,702,656
33,25,51,45,442,533,656
51,33,118,75,487,590,656
38,26,70,50,470,569,656
42,28,77,51,454,557,656
78,45,114,59,498,590,656
32,25,58,47,427,537,657
24,21,27,27,387,486,657
77,49,186,126,535,629,657
30,21,86,64,464,563,657
28,20,72,59,445,548,657
56,36,124,95,496,592,657
52,24,281,150,569,662,657
71,42,300,183,599,697,657
31,20,62,28,435,522,657
38,31,77,64,442,554,657
26,24,35,32,388,482,657
28,22,44,39,425,526,657
30,23,39,27,382,481,657
26,25,57,60,414,507,658
50,29,127,86,494,583,658
22,20,44,43,418,505,658
35,23,106,79,473,567,658
29,21,53,43,428,529,658
35,20,65,41,416,516,658
49,26,116,71,498,580,658
137,59,423,193,614,713,658
56,37,117,82,493,599,658
32,21,55,38,399,509,658
33,26,78,70,464,558,658
35,25,83,58,441,526,658
27,26,35,36,407,490,658
95,48,343,169,591,689,658
30,21,53,41,414,518,658
128,71,353,190,603,697,658
34,20,40,20,394,483,658
32,22,86,73,467,557,658
37,28,67,45,425,520,658
91,36,438,209,611,711,658
194,72,664,368,703,802,658
25,21,49,37,391,490,659
40,29,103,82,477,571,659
334,90,908,385,747,842,659
43,24,91,55,482,581,659
72,28,360,177,578,677,659
30,22,77,59,453,552,659
80,58,199,130,542,641,659
47,37,99,85,480,579,659
56,31,178,119,535,634,659
26,21,57,43,415,508,659
52,33,138,102,510,604,659
53,29,133,71,516,614,659
103,50,394,225,606,706,659
52,33,182,122,510,600,659
49,40,88,77,462,561,659
59,40,120,95,502,610,659
40,26,76,50,453,544,659
60,42,195,151,536,636,659
67,37,162,82,512,614,659
40,23,113,71,503,598,660
135,75,272,138,585,682,660
62,41,218,171,543,639,660
62,30,112,68,489,584,660
108,52,386,213,611,704,660
57,39,119,88,485,581,660
140,76,295,146,590,684,660
29,25,62,56,434,529,660
27,20,64,47,426,520,660
39,24,118,81,499,600,660
45,28,76,48,461,559,660
38,21,149,95,512,608,660
34,22,90,64,459,558,660
126,62,432,236,626,723,660
85,41,169,72,527,625,660
228,83,545,206,641,742,660
25,22,27,26,389,501,660
25,23,47,45,394,497,660
27,22,68,58,449,544,660
28,22,34,24,339,445,660
25,20,55,38,427,517,660
52,31,103,69,480,581,660
41,25,67,36,426,531,661
35,25,46,40,436,527,661
38,23,84,66,468,570,661
41,30,81,62,447,546,661
63,31,158,85,523,613,661
48,32,116,87,495,589,661
24,20,68,56,436,525,661
25,22,88,73,439,535,661
30,24,54,40,432,524,661
23,20,41,38,422,512,661
65,39,173,93,529,625,661
44,32,84,59,450,558,661
92,55,257,139,575,671,662
27,24,61,53,425,534,662
40,28,74,53,470,560,662
33,21,64,48,431,545,662
66,31,162,95,526,617,662
32,23,47,44,405,537,662
80,51,234,153,555,654,662
23,20,22,19,387,469,662
31,21,78,57,459,557,662
36,27,55,43,454,550,662
29,24,47,32,376,494,662
34,25,32,30,418,514,662
31,22,49,37,421,526,662
30,24,70,63,436,540,662
30,24,50,47,419,539,663
22,20,22,20,382,456,663
28,21,63,49,424,522,663
45,32,82,62,465,561,663
33,23,71,48,466,560,663
52,34,154,114,519,616,663
33,26,55,47,435,523,663
53,34,140,108,496,591,663
54,37,113,83,491,592,663
23,21,37,36,407,503,663
30,26,66,64,421,531,663
24,22,53,48,417,518,663
40,26,80,55,440,551,663
51,27,133,89,504,605,663
20,20,15,19,340,433,663
30,20,58,46,439,541,663
105,54,226,114,559,651,663
52,33,90,59,489,579,663
43,29,71,55,456,545,664
87,48,148,90,519,619,664
43,32,71,51,451,543,664
34,22,125,88,498,598,664
27,23,53,46,426,531,664
27,22,59,49,431,523,664
43,27,121,89,499,601,664
33,25,84,69,459,559,664
48,31,209,150,523,617,664
37,25,98,74,476,573,664
68,38,194,134,531,625,664
41,30,106,85,484,580,664
104,52,430,261,621,720,664
43,31,112,90,476,573,665
23,21,30,32,394,482,665
56,33,80,44,461,563,665
30,24,61,53,439,539,665
41,26,75,50,446,551,665
64,37,133,79,509,613,665
42,22,96,56,474,578,665
31,25,55,46,435,517,665
31,29,58,52,405,504,665
25,22,55,50,398,470,665
59,36,156,95,517,615,666
29,23,68,57,442,538,666
31,23,81,59,434,535,666
31,24,85,77,424,533,666
25,21,68,59,416,511,666
28,25,49,47,392,508,666
62,43,146,106,509,609,666
132,60,592,386,669,763,666
52,36,150,116,507,605,666
28,21,75,60,451,556,666
46,39,59,53,451,548,666
41,25,122,85,493,595,666
60,35,140,93,505,613,666
47,32,94,71,481,580,666
53,29,108,43,497,594,666
38,31,77,58,441,539,666
80,41,140,78,511,611,666
71,46,204,146,555,653,667
22,21,28,27,389,479,667
25,22,52,51,410,499,667
44,26,111,88,494,591,667
41,24,100,80,483,579,667
120,56,344,175,601,696,667
19,20,21,29,365,452,667
59,37,155,116,522,620,667
29,20,47,39,395,534,667
20,20,39,40,360,479,667
49,28,103,51,467,567,667
42,29,78,66,454,558,667
31,21,64,49,436,530,667
104,51,261,130,569,665,667
24,20,66,57,435,529,667
39,28,53,38,444,540,667
37,28,71,61,470,563,667
40,27,134,105,511,608,667
28,22,50,44,437,527,668
31,20,82,64,468,569,668
26,21,57,49,410,511,668
38,33,78,72,442,521,668
63,50,82,61,472,562,668
24,22,42,40,388,492,668
45,31,74,55,450,555,668
72,43,240,173,555,656,668
56,45,129,107,509,605,668
31,25,83,67,459,565,668
42,25,104,66,498,593,668
48,33,104,66,492,587,668
37,26,88,59,472,563,668
35,26,74,60,436,535,668
82,54,138,97,505,602,668
52,38,67,49,454,543,668
37,24,100,80,468,565,668
41,30,102,81,496,597,668
28,24,30,29,380,487,668
49,39,82,64,462,559,668
27,24,32,32,396,495,668
48,24,127,66,501,586,668
49,32,101,70,484,575,668
42,31,77,67,458,557,669
61,40,162,116,530,626,669
61,29,221,135,538,632,669
92,44,505,280,641,739,669
35,20,79,60,464,548,669
57,33,225,143,553,647,669
55,24,149,90,507,604,669
43,35,56,48,447,552,669
43,33,85,65,465,563,669
26,21,60,49,414,511,669
28,23,54,47,414,506,669
41,31,112,91,483,572,669
42,33,92,80,488,582,669
31,27,62,55,432,528,669
76,51,160,115,530,628,669
113,46,312,148,593,687,670
38,24,117,78,493,591,670
44,31,79,59,443,547,670
61,41,152,97,519,619,670
91,44,273,145,573,670,670
27,21,57,46,443,535,670
63,34,124,77,512,612,670
22,22,21,27,374,448,670
122,52,495,265,632,728,670
43,32,58,46,434,543,670
29,29,35,37,373,477,670
46,30,162,121,517,614,670
36,22,101,74,472,559,670
62,34,172,110,539,636,670
193,70,573,232,646,745,670
133,62,344,155,597,688,670
25,21,75,63,456,549,670
46,31,128,94,504,593,670
51,30,155,102,506,600,670
126,68,359,200,608,704,670
32,26,96,90,443,547,670
33,22,93,65,476,573,670
75,44,219,144,564,656,670
39,27,80,60,452,541,670
36,24,42,33,425,518,670
244,98,658,361,707,802,671
32,21,83,56,447,535,671
78,44,201,137,557,654,671
21,23,30,39,345,459,671
210,100,549,216,649,743,671
62,27,243,128,554,652,671
124,62,392,202,611,701,671
77,35,301,135,568,660,671
52,21,94,42,463,550,671
34,26,86,75,466,559,671
42,26,88,63,476,577,671
62,40,181,130,530,628,671
167,83,565,239,646,742,671
92,49,328,209,585,685,671
22,23,23,28,338,450,671
56,40,146,111,522,617,671
37,25,80,49,445,539,671
137,53,332,130,592,690,671
58,29,175,111,521,614,671
280,97,684,359,702,797,671
218,66,823,385,773,866,671
417,103,884,251,734,833,671
31,21,50,38,384,506,671
35,25,66,54,455,556,671
34,20,120,75,480,580,671
70,37,213,129,533,627,671
36,27,68,54,447,544,671
25,20,57,50,428,535,671
312,63,841,153,684,779,671
71,35,231,115,564,663,671
115,63,290,159,582,682,671
392,109,891,329,756,853,671
34,29,73,66,448,546,671
49,27,122,66,503,597,672
44,37,104,89,459,553,672
56,32,139,99,504,594,672
90,64,244,156,553,655,672
25,23,46,40,434,519,672
26,24,45,47,418,510,672
23,20,59,53,413,505,672
24,21,35,30,384,491,672
37,35,69,61,432,533,672
29,22,40,35,409,519,672
47,41,65,62,458,547,672
40,29,121,106,492,594,672
39,29,98,77,465,555,672
56,31,211,134,542,638,673
70,42,178,112,540,639,673
26,21,49,42,440,531,673
41,34,49,37,428,528,673
27,20,50,36,423,518,673
23,21,32,39,409,503,673
41,25,111,73,495,594,673
37,25,70,47,426,516,673
37,30,81,65,445,524,673
32,26,55,38,389,504,673
49,35,102,86,498,592,673
36,24,80,60,455,546,674
26,20,67,61,460,557,674
46,27,91,52,481,577,674
45,28,114,71,484,584,674
20,20,37,37,387,480,674
35,29,78,69,443,550,674
25,21,49,39,417,498,674
67,38,139,98,521,619,674
27,21,35,27,370,501,674
52,20,61,25,432,510,674
30,22,63,45,424,521,674
25,21,42,40,390,474,675
43,35,99,82,472,571,675
32,21,72,55,475,571,675
44,28,111,89,479,580,675
133,56,473,227,641,734,675
42,29,81,52,477,571,675
46,26,200,129,527,622,675
27,20,50,40,409,504,675
38,30,68,53,457,545,675
38,24,44,30,413,516,675
32,20,74,44,461,562,675
40,30,76,60,473,564,675
46,32,112,87,478,576,675
31,24,56,38,433,533,675
51,31,103,83,487,578,676
35,24,97,78,473,570,676
50,32,131,96,504,598,676
93,48,195,120,553,648,676
32,26,58,54,425,529,676
51,23,105,67,480,585,676
36,25,56,26,449,536,676
30,22,93,76,473,569,676
27,26,32,36,420,504,676
36,28,71,51,440,546,676
73,48,202,129,556,651,677
24,22,25,25,377,478,677
45,34,87,75,473,582,677
38,25,103,80,472,575,677
32,22,69,52,436,546,677
23,21,39,36,366,476,677
37,26,46,27,407,495,677
32,24,73,62,459,560,677
48,34,96,75,498,594,677
43,32,105,86,478,576,677
62,35,207,136,542,642,677
33,23,69,43,435,535,677
29,22,40,29,422,507,677
27,20,47,37,389,488,677
47,34,84,64,479,576,677
36,30,70,56,440,535,678
80,47,165,115,542,641,678
31,29,41,38,413,509,678
52,37,88,65,491,586,678
60,34,168,95,532,630,678
27,24,57,51,407,504,678
23,23,28,29,339,459,678
36,27,79,66,435,551,678
25,20,41,33,387,488,678
31,26,66,61,429,528,678
40,23,157,110,481,589,678
33,26,83,69,448,550,678
40,23,98,62,464,566,678
33,25,55,38,412,514,678
29,22,97,86,470,564,678
48,27,91,59,465,559,678
44,29,121,95,498,594,678
47,34,77,44,461,562,678
57,32,155,92,531,622,678
39,30,72,61,446,544,678
26,26,33,38,384,494,678
142,60,625,251,635,735,678
25,21,38,36,441,529,678
70,30,208,113,549,648,678
22,20,38,33,355,469,679
30,27,73,60,437,537,679
79,47,217,107,548,648,679
51,27,215,116,542,643,679
45,28,91,62,459,556,679
30,21,67,51,445,537,679
42,34,109,91,484,574,679
39,28,89,71,462,558,679
35,23,71,51,443,555,679
44,38,65,64,447,546,679
22,22,32,29,356,454,679
29,21,39,31,412,506,679
39,24,90,71,461,559,679
50,34,122,99,485,586,679
35,31,60,58,428,527,679
37,29,52,43,428,529,679
31,24,57,49,447,538,680
26,21,37,31,367,471,680
44,27,117,82,497,586,680
20,20,24,26,372,460,680
36,26,91,69,480,576,680
71,38,254,181,567,662,680
70,46,157,112,519,621,680
41,27,98,78,454,557,680
37,22,64,48,444,551,680
57,43,69,55,459,561,680
48,32,92,57,501,598,680
28,23,67,52,431,526,680
61,36,191,127,552,648,680
82,36,276,147,575,669,680
231,80,602,234,666,764,680
38,28,74,50,454,555,680
41,32,83,69,457,553,680
32,20,94,57,455,557,680
36,23,62,44,448,537,680
68,50,97,63,487,586,680
98,43,239,110,566,663,680
67,30,205,116,550,649,680
63,44,149,112,516,608,680
31,26,52,48,429,527,680
231,75,578,223,664,762,680
62,33,181,119,540,640,680
31,27,43,44,393,510,680
95,48,286,168,571,669,680
159,53,486,202,631,729,680
197,80,493,245,639,735,681
20,20,35,37,391,487,681
186,82,570,214,656,753,681
127,54,351,155,595,694,681
155,65,606,348,663,757,681
61,37,164,121,520,613,681
55,36,224,160,547,636,681
65,43,200,123,540,636,681
27,23,46,38,412,508,681
214,74,726,299,713,808,681
30,24,74,59,451,545,681
36,24,53,36,408,515,681
37,24,103,68,469,561,681
56,34,117,74,494,593,681
25,25,46,46,410,504,682
23,20,31,28,337,455,682
24,22,42,42,410,512,682
31,20,60,36,439,536,682
30,22,43,29,410,498,682
27,25,36,33,405,498,682
23,23,21,24,374,463,682
28,23,65,56,448,540,682
25,21,57,50,443,530,682
44,28,130,90,511,608,682
88,57,237,170,559,656,683
26,21,101,89,440,541,683
49,29,114,76,488,588,683
29,26,40,39,419,510,683
25,21,39,33,393,492,683
29,21,92,74,445,541,683
28,28,23,27,373,461,683
32,23,86,68,460,555,683
25,20,40,32,419,503,683
65,36,163,111,537,638,683
29,27,38,41,391,501,683
24,20,25,22,385,488,683
35,27,62,44,426,529,683
34,24,52,39,411,511,684
26,22,56,48,415,520,684
68,48,165,126,531,628,684
60,35,177,110,531,623,684
38,31,59,50,450,545,684
31,25,52,45,399,499,684
38,28,81,63,472,571,684
27,24,24,27,411,493,684
23,22,25,24,384,476,684
52,36,112,75,499,589,685
49,29,143,95,510,606,685
40,27,71,43,446,546,685
30,23,52,44,416,519,685
31,20,84,57,446,554,685
25,21,42,40,409,520,685
33,23,72,54,461,544,686
54,36,138,101,521,618,686
48,32,139,91,508,611,686
37,28,55,50,428,546,686
38,23,110,61,481,581,686
70,54,127,105,503,606,686
27,20,35,34,409,539,686
36,27,89,64,455,539,686
31,21,109,80,469,565,686
29,21,132,97,495,581,686
23,22,32,35,399,492,687
52,29,102,73,497,609,687
39,24,97,73,468,570,687
129,51,378,178,594,694,687
57,26,157,85,512,591,687
26,21,47,39,384,491,687
55,39,99,73,486,582,687
38,28,96,63,463,561,687
25,20,36,27,401,494,687
44,31,123,97,491,588,687
32,26,71,60,452,551,687
24,20,43,35,382,495,687
24,22,34,35,357,476,687
22,20,43,42,389,488,687
33,20,71,49,454,546,688
52,32,158,116,519,614,688
34,27,63,51,421,532,688
27,21,52,39,412,513,688
25,22,41,35,414,509,688
24,20,65,54,432,525,688
54,30,116,80,496,596,688
32,27,73,61,448,552,688
45,23,72,44,444,543,688
29,21,98,80,461,557,688
32,26,60,41,427,516,688
33,20,65,34,444,541,688
26,20,51,42,420,519,689
93,45,235,118,567,661,689
37,24,80,48,444,544,689
24,21,42,37,400,508,689
32,24,56,42,398,504,689
47,33,133,99,514,610,689
28,24,52,47,399,512,689
20,21,24,31,333,460,689
37,26,95,69,480,577,689
34,23,65,48,453,548,689
36,27,96,79,463,572,689
28,23,55,44,411,507,689
29,21,58,49,389,489,689
94,36,257,120,566,665,689
34,24,101,83,452,560,689
52,34,145,107,500,594,689
28,24,40,38,379,481,689
21,20,32,33,326,450,690
54,36,92,68,479,575,690
63,32,227,130,560,659,690
55,36,128,85,502,598,690
33,23,58,37,444,540,690
32,23,75,56,427,525,690
34,28,62,58,465,566,690
27,20,49,36,424,514,690
28,20,38,20,379,483,690
57,30,247,132,565,666,690
46,34,62,52,453,555,690
45,34,64,50,447,541,690
36,24,70,39,433,529,690
78,57,144,92,506,601,690
56,34,114,86,508,605,690
24,20,80,66,440,538,690
25,20,59,56,421,524,691
39,27,58,49,426,537,691
39,25,108,75,468,564,691
50,31,122,96,513,610,691
22,23,23,28,370,459,691
21,20,39,38,375,479,691
125,67,353,208,605,697,691
23,21,50,42,383,491,691
127,62,397,227,619,713,691
23,21,44,47,400,501,691
42,31,79,60,454,554,691
63,32,132,85,502,596,691
28,22,54,42,418,524,691
50,35,91,73,470,568,691
30,22,108,84,457,552,691
39,28,120,103,472,577,691
32,24,66,52,432,528,691
55,34,113,67,494,593,691
105,58,337,243,599,700,691
45,27,91,56,460,548,691
40,21,128,66,482,580,692
27,24,37,34,412,506,692
137,68,513,320,617,710,692
32,22,62,48,435,542,692
75,47,184,99,531,625,692
270,73,784,259,742,837,692
176,70,451,162,619,710,692
29,24,54,46,423,518,692
71,39,160,89,529,627,692
31,24,60,49,433,532,692
35,28,74,70,450,550,692
31,22,54,44,432,513,692
30,22,32,30,392,474,692
65,55,102,84,487,586,692
44,33,91,66,481,576,692
48,35,84,64,468,562,692
154,86,308,158,590,687,692
44,24,79,29,436,536,692
40,25,123,90,494,589,692
43,21,129,77,468,547,692
29,21,63,53,456,556,692
49,25,309,183,574,674,693
405,100,992,254,712,811,693
30,25,29,21,371,479,693
190,67,691,322,707,806,693
38,22,55,38,408,529,693
228,80,663,300,688,782,693
158,80,425,208,614,711,693
28,23,75,69,429,530,693
38,25,83,62,458,565,693
163,54,326,105,593,690,693
55,39,120,92,507,606,693
37,29,56,49,433,535,693
31,22,77,55,448,548,693
28,20,30,26,374,463,693
22,20,38,33,368,476,693
35,27,58,51,443,547,693
28,26,22,24,394,485,693
28,20,30,25,387,482,693
25,22,31,27,385,484,693
63,40,192,144,532,631,693
40,32,89,75,478,575,693
29,27,44,42,421,502,693
72,44,188,129,541,642,693
32,26,89,71,462,563,693
48,26,111,59,467,566,693
72,37,251,135,568,667,693
44,30,83,64,446,542,694
91,39,288,143,579,671,694
73,39,256,161,575,672,694
26,26,41,45,407,494,694
27,25,36,29,390,486,694
33,22,65,40,424,529,694
28,20,44,33,442,534,694
89,44,311,157,593,687,694
305,85,815,254,686,783,694
34,29,48,47,436,530,694
26,22,40,36,363,484,694
29,21,51,38,396,497,694
42,26,116,76,485,587,694
32,20,86,62,471,555,694
75,34,164,88,534,634,694
69,46,123,80,502,599,694
32,24,96,85,468,567,694
26,26,33,37,356,484,694
66,39,157,97,522,619,695
85,49,228,132,557,659,695
82,44,167,106,534,632,695
51,33,146,99,519,616,695
183,60,774,290,701,798,695
147,51,568,246,638,736,695
38,30,89,77,438,553,695
88,45,266,171,570,668,695
36,26,81,66,438,546,695
32,21,37,26,424,522,695
40,25,147,98,508,605,695
28,21,65,50,431,536,695
30,23,42,33,423,515,695
42,26,110,79,484,580,695
79,40,208,103,554,655,695
62,43,182,127,535,632,695
73,35,255,144,565,666,695
27,20,78,59,439,535,695
27,21,76,63,433,531,695
40,30,81,61,478,567,695
29,24,62,52,451,548,695
77,42,196,105,575,673,695
106,52,406,211,613,712,695
57,34,122,78,508,601,695
41,26,71,38,461,561,695
28,22,71,61,444,532,695
49,31,98,71,463,577,695
29,26,46,45,394,502,696
112,54,354,184,601,702,696
32,28,62,54,448,538,696
31,22,101,68,459,561,696
45,40,123,112,477,578,696
21,20,36,41,389,506,696
19,20,24,28,389,473,696
32,23,62,48,424,513,696
59,40,191,123,530,627,696
32,20,96,74,467,572,696
50,35,140,106,509,608,696
22,21,49,51,387,501,696
30,22,69,47,443,536,696
36,24,92,70,472,561,697
40,28,134,104,499,594,697
36,22,80,53,467,567,697
60,30,205,105,540,636,697
74,33,251,112,544,640,697
41,20,64,41,437,554,697
32,25,67,59,449,550,697
48,26,109,63,500,603,697
46,39,53,43,434,528,697
23,21,57,53,418,519,697
74,43,192,120,528,624,697
46,27,82,44,468,573,697
28,20,76,57,439,542,697
41,26,94,68,459,556,698
27,25,27,33,355,465,698
53,28,109,60,479,578,698
34,26,81,68,443,537,698
21,22,26,28,349,447,698
37,22,84,68,448,556,698
43,31,101,78,481,569,698
36,29,73,58,443,535,698
24,21,40,37,387,491,698
38,26,109,82,488,585,698
38,28,90,70,473,560,698
63,37,196,130,522,619,698
28,20,62,48,444,539,698
58,33,118,76,510,611,698
34,20,76,54,466,557,698
24,20,55,39,412,501,699
45,31,131,97,498,595,699
18,20,20,28,357,453,699
35,26,89,68,467,556,699
41,29,70,59,443,540,699
42,35,48,42,429,529,699
192,88,457,215,626,722,699
35,29,65,59,437,539,699
25,21,69,61,415,513,699
26,22,51,48,405,509,699
44,31,117,93,488,585,699
69,43,198,136,541,636,699
25,22,75,65,431,525,699
25,20,41,30,397,511,699
40,26,92,65,463,557,699
38,29,92,76,470,563,699
26,21,41,36,411,508,699
99,45,234,114,564,662,700
25,20,22,13,367,462,700
45,27,156,123,511,606,700
27,21,85,68,433,536,700
32,22,58,42,429,501,700
61,35,122,80,491,583,700
44,33,84,62,461,572,700
31,25,78,71,439,532,700
29,20,109,83,464,558,700
32,25,65,54,422,520,700
27,22,60,55,425,527,700
311,77,931,296,700,799,700
43,29,101,74,472,563,700
74,47,168,108,532,626,700
27,25,49,43,414,516,700
49,37,95,68,477,576,700
41,32,83,67,465,558,700
26,23,37,30,378,481,701
58,33,124,73,504,605,701
35,29,60,54,439,542,701
71,35,178,89,525,612,701
20,21,21,26,354,452,701
32,24,66,59,444,542,701
48,28,138,98,505,607,701
33,23,112,88,483,580,701
34,21,60,35,445,507,701
38,27,83,56,471,560,701
23,21,58,53,384,498,701
42,33,104,80,469,571,702
26,23,59,59,422,515,702
22,20,34,26,389,466,702
29,22,60,53,445,530,702
33,22,57,40,441,545,702
33,24,75,64,443,540,702
52,35,140,104,515,616,702
27,24,48,45,396,505,702
22,20,28,25,338,435,702
34,26,77,61,457,559,702
37,30,83,74,463,556,703
50,32,136,98,515,611,703
46,29,130,95,487,580,703
70,30,144,66,516,609,703
34,20,53,38,434,533,703
39,25,89,58,464,564,703
42,24,123,78,487,589,703
23,21,34,33,378,480,703
187,82,440,138,617,714,703
30,24,34,23,396,503,703
48,33,100,75,464,561,703
81,48,222,152,564,661,703
31,22,73,57,453,547,704
43,28,98,69,483,583,704
37,26,64,54,444,544,704
27,22,48,41,416,511,704
80,50,221,151,558,653,704
41,26,113,81,486,582,704
21,23,19,23,351,454,704
26,21,58,49,414,510,704
57,34,148,95,505,594,704
41,24,89,55,467,562,704
72,44,173,118,538,638,704
27,21,50,47,430,532,704
26,20,26,29,384,481,704
18,20,15,20,339,419,704
24,24,59,58,411,500,704
30,21,94,78,447,552,704
32,27,79,69,455,553,705
77,48,185,111,526,616,705
32,25,56,41,432,533,705
49,22,89,40,463,527,705
40,27,75,52,459,551,705
23,22,40,42,397,492,705
28,25,36,31,402,499,705
63,38,167,127,511,601,705
56,40,106,79,483,577,705
37,27,66,45,454,546,705
29,23,59,44,413,502,705
48,30,125,81,483,578,705
24,21,38,30,388,475,705
27,23,33,31,399,504,705
24,22,44,44,387,505,705
84,49,352,244,590,685,705
59,33,182,107,534,633,705
27,22,51,46,423,508,705
46,28,128,87,506,601,705
69,41,187,126,549,644,705
49,33,107,83,490,583,706
112,53,410,180,612,704,706
49,35,139,111,486,586,706
34,29,63,52,435,542,706
61,38,140,102,505,598,706
32,26,78,61,448,545,706
28,21,73,54,437,530,706
37,26,77,57,471,572,706
26,24,31,31,395,481,706
54,35,179,124,541,639,706
50,40,98,79,491,586,706
59,35,176,127,527,624,706
36,29,51,43,430,530,706
42,30,53,34,427,526,706
35,24,167,120,511,613,706
93,42,243,118,553,651,706
41,28,122,101,489,588,706
26,21,44,48,396,494,706
31,24,81,71,449,549,706
46,30,92,62,472,551,707
45,33,63,51,486,583,707
44,35,85,72,480,579,707
34,23,58,41,412,519,707
29,23,32,27,383,492,707
28,24,46,40,420,498,707
46,25,69,34,462,559,707
44,30,86,63,464,554,707
34,27,70,55,459,557,707
31,23,57,47,426,522,707
46,33,105,92,485,591,707
75,48,173,112,528,629,707
42,28,57,39,432,520,707
52,38,116,98,501,590,707
48,35,126,96,477,573,707
59,43,163,97,526,624,707
30,20,63,43,427,525,707
26,21,39,35,415,511,707
39,29,84,73,458,551,707
60,42,78,52,468,562,707
23,20,52,46,422,494,707
34,31,64,61,427,528,707
29,20,42,32,411,503,708
50,32,116,86,514,606,708
51,44,114,100,476,572,708
38,25,98,78,465,554,708
30,24,64,55,416,523,708
35,21,131,81,490,584,708
53,34,152,101,530,627,708
32,21,51,30,434,505,709
45,31,119,80,481,576,709
33,27,65,58,452,549,709
32,22,68,47,438,523,709
28,20,44,33,426,523,709
20,20,36,38,350,464,709
23,21,42,39,389,481,709
31,28,43,40,429,522,709
32,26,55,45,445,533,709
38,24,110,77,487,588,709
36,30,70,60,427,522,709
87,42,176,105,532,632,709
29,21,80,62,442,536,709
43,20,97,55,480,574,709
139,73,335,186,600,695,709
29,22,38,30,413,509,709
51,36,109,66,488,583,709
47,31,87,55,480,578,710
25,23,58,57,385,484,710
34,26,134,95,463,561,710
94,51,229,129,561,657,710
36,28,87,69,457,552,710
20,20,26,27,377,465,710
57,34,195,131,533,625,710
34,26,48,41,450,553,710
44,33,85,65,450,556,710
75,51,159,106,533,632,710
50,34,109,86,464,562,710
43,24,146,90,509,601,710
45,25,104,58,469,544,710
22,21,41,43,372,483,710
26,20,55,44,430,536,710
83,49,192,117,559,651,710
49,30,147,90,518,611,710
35,25,90,76,475,578,710
130,54,657,287,673,770,710
106,65,217,133,561,658,710
30,22,49,35,410,505,710
267,96,687,247,681,776,710
55,35,96,72,487,582,710
58,34,157,97,529,626,710
112,41,541,217,628,718,710
71,37,164,95,532,628,710
24,20,37,35,388,499,710
119,51,400,202,637,735,711
198,77,695,220,655,753,711
26,22,48,42,398,497,711
264,76,612,163,656,753,711
65,37,119,57,504,588,711
55,20,106,48,495,596,711
68,43,202,143,535,636,711
28,21,42,28,403,501,711
44,23,69,42,452,558,711
235,95,522,241,654,749,711
32,22,103,72,468,564,711
154,61,489,208,642,739,711
105,49,321,162,583,682,711
285,102,704,267,690,786,711
84,42,349,203,599,699,711
47,32,130,100,498,590,711
32,24,60,46,440,540,711
46,33,98,77,480,574,711
30,28,62,60,438,538,711
130,57,484,274,631,728,711
126,67,273,151,594,686,711
44,29,118,79,475,570,711
23,20,32,29,403,497,711
28,27,27,30,379,476,711
51,31,136,92,502,593,711
35,25,59,35,444,539,711
57,26,142,82,521,623,711
37,28,87,68,454,549,711
25,22,35,30,393,464,711
27,25,49,47,410,516,711
24,20,31,30,381,495,712
50,36,101,72,478,570,712
26,21,32,27,374,458,712
31,24,85,66,456,549,712
48,35,70,47,460,554,712
50,36,146,110,502,604,712
32,20,121,87,493,592,712
37,30,83,70,466,567,712
29,23,53,37,378,475,712
29,24,42,28,394,483,712
33,28,60,58,458,557,712
23,23,49,49,392,491,712
56,32,142,84,523,612,712
45,28,134,99,507,604,712
34,27,81,65,465,554,712
115,53,453,261,631,727,712
45,28,98,66,478,569,713
56,36,198,139,533,633,713
28,22,37,30,424,512,713
36,32,64,60,445,551,713
35,28,90,70,474,565,713
38,26,77,53,464,556,713
90,44,253,171,563,658,713
46,36,97,76,468,575,713
220,85,630,272,659,754,713
40,33,90,80,462,552,713
26,21,46,39,439,516,713
34,24,75,59,455,547,713
25,22,50,50,433,543,713
43,27,117,85,489,592,713
79,37,247,128,557,652,713
31,27,56,51,450,543,713
36,25,89,64,463,564,713
65,40,164,92,536,639,713
42,21,96,51,465,558,713
60,35,97,52,503,601,714
66,36,229,160,545,643,714
62,43,140,96,496,603,714
84,56,209,142,557,655,714
145,57,409,148,626,724,714
40,28,110,89,477,579,714
39,27,89,66,473,575,714
22,21,41,41,374,489,714
51,28,171,112,545,640,714
24,23,36,34,402,477,714
25,23,47,48,411,516,714
98,50,262,139,577,663,714
29,25,40,36,419,518,714
64,39,142,99,528,628,714
23,22,46,49,398,499,714
105,52,412,244,625,719,714
25,21,59,54,428,523,714
168,82,535,283,655,750,714
48,30,71,38,460,559,714
35,24,90,76,487,587,715
26,20,43,38,400,483,715
32,27,53,46,392,494,715
43,28,147,101,503,607,715
27,25,45,45,400,503,715
26,22,40,36,419,526,715
27,23,75,62,447,529,715
39,29,77,56,475,568,715
71,40,299,185,574,670,715
39,20,104,50,474,570,715
35,25,95,81,470,567,715
37,31,83,72,460,555,715
52,32,126,81,497,594,715
22,20,27,27,316,446,716
26,22,40,30,376,460,716
27,20,32,29,385,492,716
78,51,164,111,528,621,716
19,21,20,25,327,458,716
21,22,32,33,365,467,716
86,43,321,176,596,689,716
40,29,112,98,485,587,716
83,43,300,159,576,675,716
35,30,39,38,403,492,716
41,28,81,65,469,571,716
25,21,31,25,377,493,716
32,30,52,50,420,517,717
28,22,56,43,438,547,717
35,25,65,49,442,543,717
39,26,78,52,474,577,717
48,30,120,80,502,595,717
26,21,49,40,437,532,717
124,58,558,216,634,735,717
36,20,75,49,441,545,717
40,31,89,75,477,584,717
29,22,39,34,399,488,717
33,28,53,53,425,521,717
21,20,29,30,387,508,718
38,22,81,49,445,553,718
26,20,32,28,368,474,718
25,20,86,68,451,542,718
46,32,126,91,493,588,718
82,52,278,188,575,669,718
45,29,143,104,512,604,718
56,23,259,137,572,667,718
26,24,37,35,400,488,718
31,26,59,48,441,521,718
31,28,45,38,414,502,718
33,20,85,65,446,545,718
27,22,41,29,407,499,718
42,35,89,80,481,568,718
44,26,91,63,472,573,719
75,38,186,117,533,626,719
42,30,90,73,475,568,719
63,38,194,142,541,634,719
28,25,42,40,427,531,719
35,25,68,59,433,524,719
32,23,40,34,422,510,719
41,23,113,79,491,586,719
137,59,603,298,658,753,719
78,46,202,137,544,642,719
44,29,121,88,504,598,719
37,32,51,50,440,530,719
34,24,68,51,440,523,719
26,23,49,46,390,485,719
23,20,37,34,392,475,719
47,35,93,75,482,569,719
23,20,70,59,448,537,719
25,20,49,40,426,531,719
36,23,89,66,466,563,720
68,47,136,91,513,609,720
58,38,121,87,497,598,720
46,29,89,59,476,581,720
149,68,636,299,647,743,720
44,30,93,74,487,581,720
35,29,67,61,451,550,720
24,21,75,70,439,538,720
49,35,131,106,485,587,720
31,25,48,45,423,535,720
51,31,89,47,464,563,720
23,20,32,33,377,489,720
55,34,150,109,530,631,720
29,23,74,62,446,550,720
27,26,36,38,389,491,720
92,49,161,88,533,636,721
51,30,153,104,524,617,721
46,28,149,97,520,620,721
39,28,90,72,465,563,721
31,20,55,38,429,519,721
95,62,249,185,568,663,721
59,39,123,73,505,618,721
25,24,38,38,364,476,721
41,25,53,37,433,523,721
26,24,47,40,422,515,721
31,25,40,32,427,522,721
55,32,137,89,492,589,721
209,83,509,168,639,733,721
34,27,65,54,441,526,721
44,30,95,71,489,580,721
48,35,69,52,454,550,721
41,24,132,94,490,587,721
124,67,394,218,606,701,721
28,25,61,53,419,509,721
70,46,120,74,490,591,722
33,22,64,42,432,516,722
28,22,57,45,445,551,722
39,25,64,55,449,539,722
29,20,38,25,396,501,722
26,20,69,55,427,516,722
64,41,125,72,503,603,722
47,28,193,124,520,622,722
29,24,68,50,438,525,722
31,27,41,39,407,512,722
40,32,70,64,449,553,722
65,38,200,123,536,634,722
47,33,116,94,493,590,722
88,51,227,153,564,659,722
40,23,82,50,477,581,722
51,30,135,89,494,589,722
28,26,41,43,412,512,722
78,37,251,123,555,650,722
46,21,75,37,458,555,722
51,36,90,72,459,563,722
27,23,42,39,427,523,722
71,35,133,53,515,611,722
26,23,53,47,429,515,722
80,46,256,173,572,666,722
66,37,113,66,500,596,723
21,20,15,19,306,442,723
26,20,49,35,423,517,723
76,45,147,88,523,621,723
26,26,42,43,391,493,723
83,54,196,137,546,643,723
32,22,65,49,427,537,723
33,25,62,50,416,511,723
29,20,54,44,403,510,723
42,32,88,75,471,563,723
44,35,87,72,463,555,723
82,48,147,85,527,626,723
37,28,69,58,448,546,723
67,43,166,115,542,640,723
28,21,33,31,401,482,723
109,63,353,230,626,723,723
36,26,78,55,436,534,723
31,21,59,39,430,517,723
112,56,375,218,606,702,723
25,21,23,26,384,478,723
40,25,92,62,469,562,723
25,21,36,33,404,482,723
56,26,112,60,492,611,724
363,95,872,304,700,795,724
109,53,409,255,616,712,724
35,24,79,63,466,570,724
58,36,114,71,500,594,724
77,49,235,153,549,647,724
33,26,54,50,439,540,724
55,30,146,98,509,613,724
207,87,690,382,710,807,724
48,30,107,71,497,583,724
75,45,161,116,521,619,724
73,42,154,77,521,612,724
28,20,59,40,432,521,724
60,44,138,118,508,601,724
23,20,43,38,411,499,724
25,21,28,27,375,482,724
111,54,267,141,574,667,724
88,48,277,188,578,678,724
148,66,532,210,628,726,724
73,53,128,95,506,601,724
42,31,87,62,469,562,724
61,48,123,110,502,596,724
88,54,266,175,582,675,724
45,32,126,98,497,599,724
30,23,53,42,428,527,724
39,25,58,33,426,515,724
55,31,110,75,490,591,725
32,26,64,57,437,529,725
30,26,48,46,458,540,725
34,25,49,43,436,530,725
26,22,24,20,390,449,725
38,29,71,59,473,566,725
35,24,55,39,429,530,725
23,21,26,30,374,480,725
176,48,435,127,611,707,725
48,35,86,66,457,550,725
48,29,112,88,505,600,725
35,26,55,42,429,520,725
63,42,156,105,501,593,725
27,23,61,58,433,534,725
19,20,21,27,371,467,725
32,28,25,24,378,473,725
132,57,390,169,594,688,726
26,21,52,40,410,501,726
46,38,107,88,489,585,726
37,25,66,40,435,538,726
69,42,171,121,531,629,726
28,23,43,37,421,514,726
34,24,63,40,423,527,726
34,27,86,73,458,563,726
47,32,89,60,452,541,726
20,20,28,31,365,458,726
26,20,23,20,374,458,726
68,41,210,155,545,642,726
34,25,59,46,433,535,726
34,25,66,55,444,546,726
28,20,52,41,399,518,726
68,37,213,146,557,650,726
37,21,104,70,473,580,727
30,21,61,49,414,528,727
23,20,44,39,408,499,727
160,79,382,184,609,703,727
30,24,53,50,443,538,727
152,56,678,269,666,762,727
171,65,741,352,735,831,727
47,29,167,111,545,639,727
32,25,39,37,431,540,727
56,38,146,104,517,612,728
26,22,26,22,377,476,728
26,22,46,35,383,485,728
35,29,59,51,434,536,728
34,20,56,38,453,544,728
66,27,283,163,562,657,728
31,26,46,36,406,492,728
30,20,47,30,423,508,728
38,28,82,63,450,550,728
33,25,94,70,469,568,729
32,23,58,41,446,532,729
24,22,67,61,402,496,729
23,24,39,42,382,459,729
27,22,74,66,436,536,729
34,26,53,43,441,525,729
36,26,57,43,420,514,729
34,26,63,48,437,530,729
27,23,52,50,423,518,729
127,59,438,244,636,733,729
40,32,85,72,448,547,729
26,21,51,42,415,522,729
50,36,86,61,452,556,730
35,23,63,49,428,528,730
45,30,100,53,491,576,730
23,22,24,23,357,461,730
23,21,32,27,363,463,730
33,22,77,60,464,566,730
65,45,150,93,520,612,730
59,33,204,121,541,632,730
41,35,78,68,447,545,730
105,54,291,176,588,684,730
26,23,30,33,419,517,731
25,22,44,40,390,476,731
40,33,60,47,426,529,731
67,38,153,104,530,626,731
32,20,78,54,477,560,731
48,40,107,95,487,578,731
107,68,289,191,585,685,731
30,25,68,53,450,543,731
30,23,104,88,465,568,731
62,44,112,84,497,597,731
62,38,185,123,529,629,731
45,30,121,88,480,577,731
27,20,59,44,412,500,731
69,41,221,153,544,639,731
35,24,39,29,438,542,731
29,21,71,56,454,556,731
44,37,55,42,428,526,731
49,32,63,46,461,556,731
32,23,68,52,453,556,731
39,27,65,54,445,552,731
25,20,49,36,363,478,731
186,67,590,246,651,748,731
31,25,61,53,427,525,731
132,64,450,233,624,719,731
39,28,84,61,469,567,732
53,31,87,53,481,581,732
26,22,77,70,432,523,732
48,31,75,52,435,533,732
57,21,610,265,657,759,732
47,31,159,113,511,608,732
37,28,80,50,448,544,732
85,44,267,163,578,672,732
22,20,40,36,393,493,732
30,23,80,66,459,549,732
21,21,18,22,335,433,732
33,26,61,52,439,537,732
28,22,83,73,459,550,732
42,25,95,63,489,585,732
57,33,157,101,517,617,732
30,25,42,36,409,509,732
27,21,47,41,409,499,733
20,20,47,48,360,479,733
49,38,113,105,492,587,733
28,24,77,74,438,542,733
24,22,41,43,399,496,733
30,21,111,87,460,558,733
31,27,61,55,429,528,733
56,33,121,72,504,597,733
27,24,50,46,422,511,733
27,21,54,40,435,529,733
38,26,74,59,442,530,733
63,44,146,103,510,604,733
96,44,262,113,569,662,733
74,42,126,63,505,608,733
36,23,60,45,466,561,733
79,45,230,160,556,653,734
43,31,91,80,487,587,734
117,51,374,156,600,704,734
27,24,25,23,377,480,734
64,32,183,104,532,633,734
23,21,52,46,402,510,734
140,64,536,297,642,739,734
27,23,82,70,443,541,734
44,37,77,71,456,548,734
66,36,279,171,570,663,734
271,110,713,260,691,786,734
36,27,78,59,454,540,734
278,98,770,331,729,824,734
283,92,799,263,694,790,734
66,34,225,140,546,640,734
43,29,112,88,481,582,734
45,35,65,32,419,521,734
47,30,111,84,504,604,735
40,28,79,58,462,553,735
40,29,100,65,468,569,735
51,29,163,101,515,612,735
24,21,34,27,397,487,735
50,39,90,72,485,582,735
29,20,63,55,441,542,735
32,21,54,38,426,523,736
24,20,48,46,418,519,736
30,21,71,55,452,548,736
22,21,44,38,392,481,736
39,20,63,30,427,544,736
28,22,71,65,436,529,736
46,29,74,52,453,554,736
34,30,67,55,411,504,736
40,23,94,54,469,573,736
22,22,22,24,335,431,736
45,20,190,101,534,634,736
43,23,105,60,485,580,736
41,26,75,48,466,554,736
19,20,20,24,362,459,736
32,26,46,39,405,499,736
26,21,44,41,427,520,736
41,32,85,65,460,552,736
56,28,173,78,530,632,736
28,26,56,53,407,516,736
24,22,52,49,423,523,736
35,25,85,68,465,559,736
85,42,116,58,499,595,736
33,20,121,79,464,569,737
36,28,65,41,428,523,737
26,23,53,44,412,504,737
30,22,45,37,415,512,737
27,24,23,23,376,485,737
36,26,113,84,482,583,737
23,22,29,30,353,455,737
83,50,183,123,536,629,737
28,23,50,36,406,496,737
48,28,120,81,490,588,737
65,38,219,151,545,644,737
62,41,180,132,533,631,737
27,22,34,26,383,483,737
40,25,75,42,455,544,737
28,20,49,38,397,490,737
32,24,89,69,463,557,738
31,22,65,44,422,523,738
43,29,94,59,481,577,738
26,22,62,56,410,523,738
43,29,127,87,494,588,738
42,30,99,79,469,571,738
41,28,93,74,462,563,738
50,33,153,114,518,613,738
85,48,167,92,527,625,738
35,26,70,47,430,522,738
38,23,92,60,471,572,738
43,29,93,64,455,548,738
81,44,134,78,514,611,739
37,28,62,55,435,525,739
29,21,75,63,464,554,739
33,21,70,42,435,500,739
36,24,83,62,472,558,739
35,27,64,56,436,531,739
26,20,68,58,443,534,739
35,24,74,64,456,562,739
33,30,52,49,435,538,739
37,33,73,67,452,547,739
49,29,107,71,494,592,739
26,21,50,42,391,504,739
51,43,99,84,481,573,739
72,38,179,97,557,658,739
35,27,76,59,446,542,739
25,21,78,70,451,552,739
35,24,91,69,464,564,739
142,68,499,305,641,738,739
32,23,58,40,446,550,739
50,39,89,78,497,591,740
41,36,80,64,442,548,740
23,20,50,42,404,499,740
30,24,65,48,419,525,740
63,40,171,132,534,637,740
69,34,181,95,540,640,740
33,25,44,44,406,506,740
29,24,42,39,407,512,740
26,22,37,32,384,492,740
23,20,45,35,409,495,740
27,21,49,45,409,513,740
38,28,108,90,483,578,740
32,25,52,52,440,526,740
44,22,109,73,491,583,740
26,21,77,62,430,537,740
70,42,209,146,547,649,740
116,58,423,235,611,707,740
61,39,120,87,502,595,740
51,32,185,122,515,614,741
95,49,231,124,557,651,741
119,59,350,163,604,700,741
56,34,195,128,524,621,741
224,79,831,418,772,871,741
32,23,107,86,483,574,741
26,20,49,37,413,512,741
28,25,64,59,427,524,741
40,28,93,66,467,569,741
51,29,154,100,515,611,741
66,36,348,189,582,681,741
93,62,175,138,531,626,741
105,40,614,335,656,755,741
47,24,102,49,477,575,741
58,39,125,99,495,597,741
23,25,24,29,318,418,741
48,33,111,77,485,591,741
117,57,231,114,551,649,741
40,29,114,91,490,592,741
53,38,124,91,491,588,741
259,73,842,333,753,851,741
79,40,271,151,585,683,742
33,22,61,31,433,530,742
43,26,82,47,457,563,742
71,35,207,108,559,655,742
92,53,305,213,577,672,742
36,22,91,67,476,578,742
75,54,118,82,498,591,742
39,27,101,79,489,579,742
70,44,219,149,548,647,742
51,40,104,88,493,591,742
40,23,91,55,461,566,742
66,45,199,153,539,638,742
274,79,817,394,749,843,742
310,87,795,247,736,831,742
23,20,30,32,398,494,742
24,21,24,19,381,468,742
23,22,42,43,383,483,742
70,32,180,90,534,638,742
24,22,37,41,404,511,742
87,49,219,110,544,639,742
49,30,154,123,507,614,742
49,31,89,60,482,577,742
23,22,33,35,400,493,742
171,45,493,128,632,730,743
30,21,59,43,418,517,743
35,25,49,37,418,510,743
20,20,18,21,319,471,743
28,23,59,52,432,529,743
33,27,70,66,444,551,743
37,26,115,90,492,589,743
26,24,39,41,402,501,744
31,20,76,60,446,573,744
32,22,47,27,411,529,744
27,23,44,34,380,497,744
46,29,105,67,481,573,744
29,25,67,63,418,507,744
37,26,52,40,417,537,744
32,25,39,27,409,515,744
41,32,77,67,446,545,744
28,21,70,62,466,555,744
61,34,168,103,520,618,744
159,65,402,196,625,721,744
118,56,344,174,599,697,744
29,25,47,42,430,520,744
34,20,106,54,474,577,744
60,41,130,81,512,606,744
41,28,74,54,471,549,745
34,21,75,58,456,548,745
22,20,36,34,382,469,745
30,22,93,60,455,552,745
36,24,102,59,467,558,745
32,20,61,41,431,528,745
26,21,34,25,375,467,745
38,26,53,33,418,523,745
26,20,67,57,432,532,745
31,20,103,71,459,547,745
36,24,84,59,479,573,745
40,29,79,66,465,563,745
25,21,49,44,420,517,746
84,43,286,146,568,663,746
103,44,223,111,565,664,746
26,24,31,31,374,484,746
32,24,66,54,416,523,746
46,23,99,57,474,578,746
22,20,38,37,370,481,746
51,31,122,84,510,609,746
34,29,59,50,431,517,746
41,23,53,31,428,520,746
20,20,28,26,369,448,746
47,36,83,66,459,559,746
69,49,143,93,501,604,746
29,24,49,43,413,519,746
34,24,73,61,465,563,747
50,31,136,89,500,598,747
91,49,185,126,548,647,747
79,37,344,188,587,683,747
24,22,41,38,405,506,747
29,26,78,71,445,539,747
67,26,255,90,566,664,747
55,35,99,82,514,607,747
35,24,48,32,437,527,747
35,20,70,43,431,531,747
31,23,63,56,422,523,747
28,21,58,44,422,526,747
36,28,96,88,457,561,747
25,24,32,30,386,504,748
106,59,213,114,565,662,748
26,25,35,37,385,480,748
82,42,261,159,571,667,748
63,37,203,129,545,646,748
25,21,42,42,420,509,748
23,21,27,24,365,448,748
57,42,94,68,472,575,748
42,29,162,112,506,604,748
42,33,60,48,441,538,748
57,26,174,118,542,642,748
40,29,89,65,460,557,748
47,30,117,75,494,587,748
29,24,41,34,419,513,748
33,26,75,61,467,558,748
34,31,38,39,415,509,748
65,38,162,107,525,621,748
35,23,94,65,457,558,748
53,35,171,137,524,622,748
26,22,59,56,413,513,748
66,47,182,133,528,629,749
23,24,32,34,344,438,749
53,35,125,86,498,597,749
124,60,395,204,606,706,749
29,24,64,58,427,527,749
56,40,138,107,502,598,749
49,27,134,87,489,595,749
47,31,110,82,507,605,749
173,79,505,251,654,748,749
75,49,173,131,522,621,749
37,26,48,39,418,522,749
52,35,132,106,504,595,749
31,22,63,39,443,510,749
40,27,63,49,464,562,749
35,25,94,68,464,569,749
25,23,46,47,423,519,749
48,32,138,91,497,596,749
63,26,161,79,525,623,749
110,48,370,164,603,698,749
38,26,79,53,451,557,749
32,25,57,55,454,551,749
67,43,189,138,538,634,749
26,22,49,47,414,521,749
23,20,36,33,399,500,749
92,47,270,146,572,671,750
40,24,91,70,471,572,750
25,21,36,35,388,484,750
29,27,59,55,421,507,750
52,31,88,59,476,582,750
81,44,247,144,556,656,750
35,27,67,53,441,536,750
89,49,309,190,579,670,750
31,27,44,40,408,504,750
33,20,89,65,465,551,750
56,37,112,79,485,583,750
87,42,234,141,564,647,750
132,56,389,218,611,708,750
25,22,52,49,414,496,750
33,23,66,50,447,539,750
27,23,36,37,419,508,750
35,28,85,77,453,543,750
77,47,153,91,531,627,750
37,31,57,45,436,515,750
33,24,72,56,459,547,750
43,26,115,71,476,568,750
60,43,161,116,518,612,750
39,31,77,70,465,562,750
25,21,59,52,427,514,750
72,47,133,75,510,598,750
30,20,53,42,420,510,750
29,20,96,77,454,544,750
197,75,575,281,653,747,751
25,23,29,26,394,474,751
74,45,176,95,520,612,751
76,31,336,163,581,678,751
39,28,94,66,478,573,751
24,24,35,38,364,493,751
48,38,111,101,498,595,751
317,91,726,182,675,773,751
123,55,419,175,626,724,751
37,27,109,92,466,561,751
130,52,496,229,637,735,751
222,90,647,346,694,790,751
77,46,237,149,563,659,751
26,23,31,31,365,449,751
75,42,173,106,538,635,751
36,23,104,77,470,569,751
37,27,87,64,473,571,751
109,35,610,250,667,766,751
98,56,361,217,602,699,751
39,27,84,66,486,587,751
49,31,159,119,519,614,751
37,31,41,40,416,517,751
35,26,94,83,465,566,751
99,40,768,333,730,830,751
53,30,123,96,516,614,752
29,22,65,57,446,528,752
247,84,804,377,740,836,752
107,48,404,209,611,707,752
70,33,281,142,565,661,752
195,73,638,288,688,783,752
141,54,564,251,638,734,752
32,25,81,67,448,542,752
60,29,236,143,572,665,752
54,36,156,95,507,603,752
25,24,34,39,386,501,752
37,26,84,70,469,557,752
94,56,234,156,564,659,752
23,24,35,39,361,462,752
42,31,91,64,466,556,752
60,33,177,104,540,638,752
35,29,80,70,449,534,752
27,20,49,38,414,514,752
45,29,106,67,474,571,752
20,21,33,37,386,470,752
73,44,160,104,533,629,753
32,21,66,49,463,557,753
32,23,48,37,411,456,753
53,29,133,85,507,602,753
38,29,89,77,476,566,753
31,22,59,46,425,530,753
64,32,118,67,507,606,753
60,37,126,72,495,593,753
27,22,38,29,393,469,753
23,20,42,39,404,490,753
40,32,54,45,431,528,753
72,34,156,83,521,619,753
24,20,36,28,381,492,754
64,44,176,138,532,623,754
34,25,58,47,461,550,754
113,54,421,231,616,713,754
27,22,64,57,432,531,754
46,35,117,98,487,584,754
24,22,48,49,420,521,754
57,34,143,88,532,632,754
28,21,49,38,409,501,754
24,20,53,40,438,527,754
39,22,109,73,472,571,754
27,23,60,56,433,536,754
43,22,78,46,476,585,754
37,25,63,46,422,511,755
28,20,53,33,435,517,755
22,20,43,35,399,468,755
24,23,32,32,349,442,755
44,26,138,94,509,605,755
34,21,88,63,457,558,755
37,22,53,37,453,552,755
46,34,116,102,483,592,755
56,22,195,109,549,647,755
39,23,73,51,456,550,755
37,27,46,29,411,508,755
36,27,73,54,458,556,755
44,27,123,92,499,591,755
106,48,544,252,643,740,756
31,27,59,53,427,533,756
30,24,36,21,409,503,756
31,25,18,13,362,446,756
31,27,45,38,410,512,756
28,21,62,49,446,544,756
38,32,42,37,434,520,756
25,20,29,26,374,497,756
42,30,48,34,431,531,756
26,20,37,33,373,472,756
173,74,651,331,683,781,756
43,34,48,37,432,536,757
92,48,192,101,539,634,757
63,38,206,143,540,635,757
37,24,93,76,478,576,757
89,51,162,112,528,625,757
48,24,80,45,455,552,757
29,20,51,31,401,511,757
40,23,147,108,524,629,757
28,25,43,40,405,517,757
24,21,59,56,420,521,757
32,22,45,29,403,496,757
27,21,68,61,407,512,757
57,34,146,97,515,613,757
44,30,71,47,444,541,757
23,20,33,28,377,469,757
24,20,31,24,370,470,757
56,41,100,69,472,577,757
87,51,151,100,517,618,757
30,21,72,50,441,537,758
24,23,35,32,379,486,758
26,22,52,49,419,522,758
27,22,65,55,436,539,758
32,23,42,34,408,532,758
52,31,168,115,532,627,758
43,32,72,52,441,545,758
47,27,120,68,485,580,758
24,23,37,31,394,480,758
52,29,109,79,491,589,758
20,20,24,27,338,435,759
50,38,85,63,474,566,759
60,35,89,53,480,576,759
62,33,181,113,539,633,759
35,22,115,85,477,583,759
117,51,427,234,634,731,759
53,24,96,31,467,566,759
77,38,141,76,533,630,759
35,28,63,55,443,548,759
28,24,55,50,417,526,759
64,45,71,47,467,560,759
47,24,101,52,479,580,759
55,31,192,108,525,620,759
78,41,293,167,579,676,759
45,29,106,76,474,571,759
32,20,66,49,436,536,759
57,25,406,198,614,716,759
27,22,49,42,403,493,759
36,24,54,38,404,504,759
31,25,71,63,433,534,759
30,28,74,55,428,531,760
45,34,66,52,465,560,760
47,31,123,90,501,596,760
48,27,127,86,494,592,760
30,22,62,45,439,527,760
65,34,191,111,553,651,760
31,21,48,34,416,506,760
48,30,113,56,470,580,760
27,20,88,74,458,554,760
37,30,70,60,427,522,760
22,22,23,23,310,392,760
35,29,53,49,433,527,760
30,21,101,87,468,564,760
23,20,35,35,407,508,760
44,32,78,57,464,571,760
39,25,76,45,455,545,761
60,44,124,81,490,587,761
47,30,115,79,500,593,761
71,30,184,93,528,622,761
42,24,100,69,478,576,761
40,28,63,38,432,540,761
44,25,279,177,532,632,761
28,27,59,55,419,512,761
31,25,67,61,431,525,761
33,22,44,31,419,519,761
68,45,148,110,530,630,761
40,21,77,41,456,553,761
28,22,63,58,455,553,761
29,22,77,60,427,523,761
69,43,138,85,517,618,761
36,28,59,52,432,544,761
57,43,142,109,498,598,761
38,29,98,82,457,545,762
64,40,90,55,472,568,762
33,25,84,72,461,553,762
30,25,53,41,418,508,762
39,27,73,54,438,514,762
29,22,78,68,446,547,762
58,36,171,120,526,626,762
72,46,232,152,552,652,762
49,36,82,61,461,551,762
23,20,47,46,408,501,762
36,26,84,61,470,572,762
45,31,83,47,486,584,762
35,23,79,55,457,553,762
43,33,71,49,452,554,762
28,23,71,53,433,532,763
79,44,148,94,539,635,763
49,20,72,38,445,534,763
29,21,52,44,439,533,763
64,29,249,156,543,639,763
24,24,44,46,357,456,763
33,21,59,42,436,538,763
39,21,37,19,397,502,763
36,25,59,37,417,514,763
31,22,80,63,437,534,763
41,31,86,68,462,557,763
69,36,126,67,514,613,763
34,22,143,111,499,592,763
44,26,64,44,463,572,763
24,20,35,28,385,489,763
56,34,86,50,470,568,763
40,32,74,63,447,542,763
21,20,35,34,400,482,763
32,24,76,60,451,551,763
45,33,85,70,484,583,763
25,20,47,38,411,483,763
96,54,179,114,549,644,763
34,25,61,51,449,545,763
95,60,246,168,570,661,763
62,43,138,100,509,609,763
38,25,77,62,465,557,763
81,49,156,101,532,630,763
67,40,222,160,541,641,763
277,95,714,270,679,774,763
209,75,972,331,795,889,764
38,24,70,54,468,568,764
30,23,84,58,457,562,764
29,20,48,35,398,519,764
91,64,189,156,535,635,764
282,100,738,314,713,808,764
62,40,111,90,526,627,764
59,31,237,122,537,635,764
52,39,74,62,466,564,764
84,48,171,97,530,624,764
24,22,38,35,364,465,764
47,30,125,92,490,582,764
27,24,51,46,429,529,764
43,35,68,57,465,564,764
76,43,238,159,567,665,764
24,20,48,43,412,509,764
457,152,866,287,745,840,764
47,36,102,81,468,563,764
37,24,99,68,482,584,764
35,30,86,70,445,537,764
28,23,61,55,437,537,764
47,32,94,61,496,598,764
373,120,854,239,698,795,764
24,20,66,51,421,525,764
52,31,123,84,499,597,764
35,31,49,49,427,521,764
71,50,136,111,515,612,764
63,41,208,134,536,634,764
38,25,110,72,489,579,764
103,59,270,146,582,677,764
61,35,122,64,504,598,764
29,24,41,37,420,509,764
78,47,206,132,551,644,765
64,54,102,86,497,588,765
32,26,67,55,437,538,765
37,23,99,72,480,574,765
68,30,268,160,585,682,765
36,32,58,57,428,531,765
97,36,218,80,558,652,765
175,68,572,179,647,744,765
32,23,76,55,462,553,765
100,62,269,167,560,657,765
61,39,121,76,503,604,765
32,25,53,44,444,535,765
31,22,59,39,426,529,765
53,27,83,42,486,580,765
137,61,619,371,682,778,765
124,56,430,227,622,722,765
75,46,210,133,540,638,765
21,21,23,21,370,442,765
116,60,391,195,620,716,765
30,22,77,55,455,542,765
159,71,515,231,638,732,765
31,23,68,54,431,541,765
239,90,601,266,669,764,765
175,56,558,183,648,744,765
98,51,231,117,560,656,765
56,31,189,120,538,633,766
173,57,957,358,740,837,766
223,96,660,329,684,782,766
40,28,96,81,481,572,766
71,43,148,83,525,613,766
25,24,46,47,405,514,766
75,39,180,113,528,623,766
30,25,56,46,420,518,766
49,36,113,88,477,570,766
26,20,33,27,372,484,766
69,60,92,79,485,579,766
32,20,54,34,430,523,766
43,27,88,66,467,564,767
30,25,58,57,420,531,767
29,23,47,35,428,490,767
39,34,66,57,430,535,767
55,37,90,45,467,565,767
33,26,72,64,461,558,767
37,20,59,47,449,567,767
24,21,57,50,435,532,767
36,22,75,52,441,530,767
35,21,88,53,467,555,768
26,24,53,50,419,505,768
47,33,67,49,440,535,768
46,30,86,53,450,552,768
34,28,74,67,434,540,768
40,28,87,69,445,553,768
70,44,217,168,544,639,768
81,46,197,145,536,630,768
26,22,43,33,421,512,768
77,44,252,165,564,661,768
47,34,77,58,435,539,768
58,40,170,130,521,625,768
32,21,70,48,443,528,768
41,34,91,77,448,545,768
26,21,51,49,421,524,769
37,33,30,25,433,520,769
24,22,43,43,399,492,769
72,43,183,110,533,627,769
62,36,221,154,535,635,769
31,23,59,43,421,511,769
25,20,36,20,393,477,769
24,21,47,38,389,487,769
27,22,60,57,444,546,769
74,47,106,73,511,605,769
26,23,36,36,393,499,769
31,22,67,60,421,528,770
35,22,74,50,427,519,770
67,45,170,132,522,625,770
28,28,40,43,349,470,770
24,21,27,29,385,473,770
20,20,26,27,356,457,770
28,24,67,54,448,539,770
22,20,52,53,412,505,770
43,32,82,66,479,580,771
31,26,55,44,438,534,771
31,23,63,52,442,548,771
31,24,71,49,424,528,771
36,25,64,52,441,538,771
30,22,30,24,395,488,771
33,24,70,50,462,555,771
26,23,55,45,417,525,771
26,22,44,38,387,466,771
25,21,43,40,387,503,771
25,22,44,39,413,506,771
31,20,55,39,441,524,772
27,24,23,23,378,479,772
31,20,60,39,439,544,772
66,37,152,98,517,620,772
32,20,67,44,447,533,772
177,75,582,282,665,762,772
33,22,67,50,454,534,772
43,27,133,98,490,591,772
27,22,46,36,419,515,772
126,45,559,201,668,767,772
35,21,79,51,459,544,772
27,22,66,57,429,518,772
128,53,547,264,640,736,772
35,31,54,51,423,527,772
62,37,130,82,512,611,772
37,30,61,48,421,527,772
31,23,70,59,453,553,772
43,29,69,47,442,539,773
27,25,62,57,400,490,773
36,28,59,45,422,532,773
109,52,444,255,631,725,773
63,34,194,120,534,623,773
29,25,59,51,432,523,773
38,23,60,40,427,551,773
97,49,217,122,544,646,773
28,22,57,45,402,514,773
23,21,34,25,336,441,773
45,31,123,95,476,573,773
45,31,126,88,493,586,773
32,26,63,57,445,533,773
206,68,526,198,645,745,773
25,20,28,21,356,469,773
61,43,180,131,519,613,773
56,41,101,85,471,579,774
42,27,103,79,472,571,774
29,21,55,39,409,511,774
27,27,31,31,394,487,774
73,42,162,96,512,614,774
42,36,78,66,450,550,774
66,37,150,97,515,613,774
41,34,74,60,435,537,774
38,22,110,79,495,598,774
28,20,30,15,390,474,774
35,21,101,69,480,571,774
27,21,56,50,427,522,774
36,24,76,55,445,542,774
23,20,29,30,396,485,774
55,33,116,69,488,584,775
46,31,50,30,430,526,775
82,50,153,87,528,627,775
28,21,87,70,474,561,775
45,35,99,84,481,574,775
48,30,182,106,505,608,775
30,25,54,47,416,522,775
31,25,41,31,391,497,775
69,41,156,83,517,606,775
31,25,76,61,448,553,775
74,45,164,100,539,639,775
30,28,35,38,401,501,775
35,25,75,55,462,557,775
24,20,49,46,404,502,775
25,20,53,46,426,519,775
69,43,163,116,591,625,775
28,20,59,44,416,520,775
52,36,138,104,496,593,776
44,29,83,56,478,559,776
35,24,108,78,469,571,776
28,21,53,40,428,526,776
31,25,49,39,418,517,776
87,51,209,118,559,658,776
52,32,70,47,463,562,776
44,30,92,68,457,556,776
38,26,111,91,502,597,776
39,25,62,37,446,527,776
60,29,159,97,505,602,776
23,21,43,38,383,490,776
45,22,68,28,462,552,776
52,34,134,77,491,591,776
40,27,71,49,464,552,776
49,28,116,66,503,588,776
36,24,66,51,437,536,776
78,47,261,200,574,671,776
23,21,45,38,407,498,776
49,33,118,85,488,583,776
37,25,91,69,471,569,776
257,85,761,373,741,838,777
33,24,65,57,452,548,777
175,67,682,300,693,790,777
26,22,27,27,390,484,777
59,33,157,94,522,618,777
38,26,72,51,444,543,777
174,62,664,341,698,793,777
35,30,51,43,420,517,777
34,26,91,77,455,552,777
322,74,970,334,772,869,777
29,21,93,79,461,559,777
29,26,57,51,428,523,777
32,22,52,44,400,491,777
28,26,24,32,384,497,777
43,30,108,75,466,572,777
22,20,45,46,380,495,777
41,26,102,77,467,570,777
28,24,74,65,445,540,777
58,40,157,93,510,604,777
24,22,39,39,410,485,777
58,39,160,128,530,623,777
31,23,86,68,465,566,777
32,23,53,41,427,522,778
21,20,37,33,399,489,778
34,25,112,90,472,575,778
43,30,88,69,461,561,778
71,39,197,127,540,640,778
42,22,144,98,496,592,778
73,46,171,122,538,636,778
38,29,60,46,437,527,778
59,33,100,61,484,583,778
44,29,170,127,511,610,778
45,33,111,91,488,588,778
47,29,145,108,502,600,778
59,36,151,108,523,621,778
38,26,107,79,484,583,778
24,21,49,47,434,530,778
33,24,63,48,429,538,778
41,30,89,67,454,555,778
28,22,73,57,436,545,778
25,22,44,36,395,498,779
41,22,89,53,462,569,779
52,33,119,70,479,582,779
53,32,110,66,481,576,779
64,41,193,146,539,637,779
33,28,66,59,448,537,779
72,39,131,69,513,602,779
28,23,50,41,404,511,779
33,20,109,73,470,566,779
29,21,57,45,452,553,779
77,46,190,126,529,634,779
84,46,196,109,540,642,779
24,20,65,58,431,523,779
55,28,153,100,530,626,779
66,42,204,125,535,635,779
27,21,44,36,406,500,780
51,35,128,92,497,595,780
131,64,565,312,643,742,780
26,21,31,33,396,474,780
24,20,46,37,382,476,780
73,36,268,123,577,678,780
37,22,53,43,424,538,780
81,45,221,141,554,650,780
23,22,47,46,389,502,780
45,37,71,62,457,557,780
40,27,80,63,475,572,780
44,32,95,76,476,574,780
33,23,53,41,443,529,780
143,69,552,276,643,739,780
59,46,108,82,480,565,780
36,28,86,73,460,563,780
28,27,35,41,397,502,780
98,57,204,110,545,639,780
172,80,388,170,613,707,780
29,25,47,44,416,520,780
23,20,34,31,385,479,780
33,25,75,67,454,559,780
139,54,605,300,658,753,780
38,26,48,34,441,526,780
60,36,101,57,492,588,780
134,49,347,104,590,687,780
56,40,158,121,503,597,781
19,20,20,24,351,435,781
29,20,108,75,462,564,781
50,30,94,62,465,565,781
30,22,76,55,444,548,781
51,34,162,119,507,604,781
42,25,140,103,517,608,781
83,36,302,163,584,682,781
35,22,120,80,493,595,781
33,23,48,29,428,520,781
38,30,59,53,449,538,781
45,28,81,45,458,548,781
29,26,54,53,443,539,781
50,26,103,66,475,557,781
60,33,124,79,514,596,782
39,24,92,64,439,538,782
33,26,85,69,462,555,782
39,29,82,64,461,562,782
24,21,46,37,395,495,782
34,26,72,57,455,542,782
25,22,44,39,411,508,782
35,25,71,54,452,555,782
40,32,62,50,447,542,782
21,21,40,42,401,496,782
43,27,74,35,448,527,782
21,21,40,40,420,508,783
41,27,217,134,511,607,783
35,23,93,66,470,571,783
21,21,17,18,340,395,783
39,28,73,55,465,555,783
86,49,201,134,559,656,783
47,40,72,60,454,553,783
51,36,106,85,509,606,783
20,20,29,30,373,463,783
34,22,79,59,453,555,783
35,22,46,30,412,507,783
27,22,67,53,447,533,783
106,51,338,205,609,705,783
111,58,405,191,614,705,783
24,20,49,43,423,514,784
21,20,21,26,367,452,784
31,24,65,54,418,517,784
27,20,59,50,442,532,784
30,20,59,41,424,496,784
34,25,89,72,451,542,784
44,30,89,61,481,575,784
38,27,54,42,442,533,784
44,32,69,50,452,548,784
30,23,84,76,444,547,784
29,24,43,39,418,509,784
43,23,133,79,505,606,784
25,22,53,50,403,499,784
36,29,41,35,426,503,784
31,21,92,67,443,533,784
43,32,111,91,467,570,784
33,26,85,69,444,542,784
39,27,89,56,449,545,784
32,25,68,52,448,541,784
38,24,89,67,462,573,785
29,23,84,70,446,535,785
38,22,88,48,470,560,785
20,20,26,34,371,469,785
36,23,83,61,490,587,785
21,20,29,31,377,485,785
23,22,36,38,384,450,785
25,20,63,56,415,514,785
23,21,53,50,400,501,785
47,35,105,78,484,578,785
49,29,89,49,481,577,785
68,38,194,129,534,627,785
25,22,48,41,390,497,785
40,25,98,72,490,595,785
37,24,72,44,450,533,786
26,21,58,49,439,535,786
42,23,104,69,470,569,786
32,21,62,45,430,518,786
34,26,62,44,441,550,786
60,25,162,88,518,634,786
28,25,54,52,443,536,786
29,24,81,68,453,549,786
40,29,51,39,439,534,786
107,53,249,167,565,663,786
109,58,316,206,603,696,786
26,22,50,43,420,521,786
64,45,130,87,506,601,786
222,59,795,375,739,836,786
34,28,42,33,435,531,786
68,35,157,97,518,620,786
41,30,61,47,438,531,786
30,24,44,35,418,511,786
20,21,26,31,358,458,786
27,26,42,46,403,491,786
24,23,36,35,425,511,786
37,28,58,42,424,520,786
26,25,37,39,404,495,786
69,49,148,110,524,618,786
33,24,63,44,449,544,787
46,22,70,36,440,536,787
30,23,61,49,418,518,787
23,23,25,29,331,443,787
32,20,80,57,470,558,787
39,32,66,59,440,535,787
52,30,114,80,505,607,787
26,21,46,43,394,508,787
37,26,105,83,465,559,787
39,32,86,76,478,572,787
30,21,49,37,430,517,787
59,40,160,124,520,618,787
103,69,262,160,570,667,787
29,20,68,46,426,503,787
29,27,50,47,387,495,787
35,24,49,33,408,490,787
28,21,52,43,439,539,787
93,50,246,165,570,668,787
36,23,49,32,420,518,787
31,23,50,39,415,524,787
50,32,173,130,513,610,788
28,22,42,41,424,534,788
30,27,40,40,379,493,788
131,57,355,195,587,682,788
46,32,138,104,504,606,788
55,39,116,81,501,598,788
34,20,124,85,462,556,788
42,29,80,63,454,554,788
27,21,66,55,456,559,788
63,33,225,153,556,655,788
47,37,81,62,468,562,788
36,27,71,51,437,522,788
22,23,40,43,378,474,788
96,46,358,165,581,679,788
24,20,57,46,435,529,788
101,57,253,141,567,661,788
98,46,298,172,582,677,788
29,24,84,72,450,545,788
44,29,104,81,477,569,788
52,35,128,68,503,597,788
113,48,362,182,609,708,788
465,127,949,404,748,846,789
104,41,617,296,673,769,789
23,21,31,25,340,448,789
162,85,563,276,650,747,789
35,22,90,65,452,539,789
140,55,527,253,652,750,789
27,21,27,27,378,517,789
39,32,97,81,484,581,789
81,35,257,158,557,656,789
44,30,132,101,516,614,789
19,21,36,42,358,470,789
25,20,45,39,391,485,789
20,20,32,35,390,467,789
34,24,81,68,473,572,789
53,31,118,74,507,604,789
27,24,47,34,434,526,789
24,22,46,39,415,487,789
25,24,24,24,387,472,789
56,29,186,127,524,616,789
28,21,46,32,422,523,789
23,21,53,49,420,516,790
60,26,357,183,600,699,790
40,31,71,61,449,540,790
23,21,49,40,395,494,790
82,48,285,194,576,672,790
47,30,124,90,497,595,790
32,26,67,47,408,501,790
51,30,112,84,483,584,790
63,38,186,116,527,627,790
24,22,39,32,370,480,790
24,20,41,38,421,517,790
23,20,42,38,384,495,790
50,23,99,53,499,599,790
33,29,46,46,443,544,790
42,24,98,63,485,578,790
46,30,95,69,460,556,791
191,64,667,326,696,792,791
46,37,83,72,464,560,791
24,22,46,43,401,507,791
46,33,46,38,456,551,791
55,41,90,68,481,580,791
40,25,132,91,499,590,791
22,21,30,32,382,472,791
26,22,48,41,423,507,791
120,48,362,181,604,701,792
87,51,152,82,529,627,792
26,21,49,43,436,519,792
48,32,107,75,473,565,792
27,21,37,27,387,471,792
35,20,107,63,458,546,792
27,23,45,38,413,507,792
26,23,67,60,413,520,792
31,24,76,70,460,571,792
20,21,31,36,369,470,792
22,20,47,44,376,492,792
31,24,33,28,392,498,792
66,46,102,68,490,581,793
33,20,64,44,454,549,793
25,20,48,34,400,499,793
28,20,84,66,443,542,793
23,21,45,44,394,492,793
33,24,55,44,439,536,793
50,29,134,94,491,596,793
54,31,134,77,523,626,793
48,28,85,50,462,556,793
100,65,226,143,560,652,793
30,23,51,39,424,520,793
37,32,39,33,396,476,793
26,21,69,58,430,528,793
22,20,33,28,355,468,794
34,29,69,61,433,538,794
35,30,78,65,441,542,794
71,45,151,82,503,602,794
63,40,138,88,512,612,794
50,29,96,61,498,600,794
28,25,52,53,411,516,794
46,28,148,110,509,605,794
25,20,41,36,363,492,794
75,56,135,98,507,610,795
177,61,797,267,665,762,795
27,20,43,32,414,508,795
28,22,53,42,422,519,795
40,32,105,85,478,575,795
26,26,39,43,363,469,795
133,57,456,216,615,718,795
40,32,67,58,435,533,795
42,33,53,38,421,514,795
73,40,166,94,518,609,795
51,25,108,53,476,578,795
36,27,62,51,448,555,795
103,48,349,186,606,704,795
26,20,66,57,432,536,795
24,23,29,34,375,469,795
37,24,84,57,463,565,795
47,30,135,84,504,599,795
32,25,90,75,459,547,795
88,46,235,133,548,646,795
31,25,43,36,419,524,796
24,21,33,33,404,496,796
26,26,45,45,415,496,796
37,26,56,42,405,519,796
27,22,57,45,422,528,796
34,27,61,50,431,532,796
32,20,89,65,471,570,796
32,26,77,62,441,539,796
52,41,102,89,478,575,797
65,37,151,89,522,619,797
34,25,64,52,452,548,797
29,21,47,34,417,523,797
53,32,124,69,498,594,797
34,23,84,61,463,564,797
26,22,71,66,442,535,797
21,20,44,46,384,507,797
30,25,32,25,411,498,797
54,37,105,73,476,567,797
51,38,105,83,480,571,797
34,22,51,20,422,518,797
33,28,74,63,436,532,797
29,26,60,52,422,522,797
68,43,168,114,543,640,797
41,32,90,77,467,561,798
114,72,362,246,603,701,798
46,38,75,71,470,572,798
37,25,72,59,460,587,798
98,47,270,164,568,671,798
56,39,132,104,500,593,798
114,55,391,228,602,702,798
52,36,94,60,485,580,798
31,24,72,60,448,547,798
209,78,545,224,647,742,798
31,23,65,50,442,524,798
25,23,60,57,424,508,798
28,25,47,43,398,502,798
43,31,97,78,469,568,798
24,20,41,36,415,513,798
41,25,125,91,506,605,798
33,21,119,86,473,578,798
29,21,70,48,417,516,798
118,60,335,157,597,696,798
27,21,57,41,408,499,798
30,24,51,35,412,517,798
32,24,72,60,445,552,798
45,30,99,66,476,570,799
26,22,47,37,429,506,799
21,21,32,37,392,478,799
63,35,147,82,511,602,799
55,37,145,118,518,618,799
38,23,78,46,438,537,799
127,66,397,200,620,720,799
39,30,84,68,465,567,799
40,28,108,82,466,565,799
33,22,38,29,436,527,799
37,28,74,55,452,555,799
66,47,148,114,529,627,799
71,47,242,181,564,663,799
31,27,37,39,429,516,799
56,34,139,103,498,597,799
171,64,678,205,658,756,799
26,20,74,60,456,546,799
40,24,84,56,464,563,799
30,21,34,20,394,482,800
43,25,100,75,483,582,800
45,27,129,92,515,619,800
33,27,70,60,436,532,800
37,25,92,74,449,554,800
107,64,253,106,558,656,800
97,54,246,140,569,665,800
25,24,62,58,420,512,800
112,54,229,85,558,655,800
30,25,56,46,401,502,800
51,35,151,109,504,598,800
54,32,152,100,511,614,800
37,30,69,58,440,542,800
33,20,46,36,403,512,800
34,24,57,38,442,531,800
21,22,48,50,407,508,800
35,28,91,71,462,554,800
37,29,61,49,435,528,800
63,38,145,83,511,608,800
29,23,64,55,452,534,800
34,26,50,36,411,514,800
54,38,82,58,459,559,800
32,21,88,61,460,546,800
57,39,154,108,530,626,800
24,21,46,43,404,494,800
54,34,189,117,536,630,800
43,29,127,94,514,607,800
38,28,97,75,456,545,800
45,31,100,77,471,571,801
46,29,67,41,456,549,801
84,52,275,197,572,669,801
34,26,46,38,425,532,801
66,42,132,70,506,601,801
40,22,68,28,422,524,801
83,44,282,178,585,683,801
35,22,61,42,434,514,801
45,35,86,71,477,567,801
34,23,98,59,463,557,801
21,20,32,31,381,465,801
41,24,246,159,535,636,801
30,24,51,42,423,513,801
23,20,40,35,379,479,801
28,25,53,51,415,513,801
62,39,170,119,527,622,801
124,60,274,118,575,680,801
90,56,233,140,560,658,801
46,33,104,87,491,589,802
38,24,122,100,475,585,802
70,44,141,90,519,616,802
38,30,65,54,433,535,802
50,30,132,93,498,599,802
46,26,188,119,531,626,802
25,22,35,33,380,474,802
139,52,365,120,606,701,802
27,21,22,20,382,534,802
31,25,70,58,438,555,802
52,21,435,245,642,779,802
33,26,85,68,447,552,802
115,49,600,339,658,755,802
32,26,115,98,483,585,802
50,39,83,65,465,563,802
74,31,215,123,568,669,802
166,59,604,250,667,764,802
115,54,366,196,607,702,802
371,111,861,252,718,816,802
85,44,290,169,568,662,802
25,20,67,57,450,543,802
89,50,246,147,564,659,802
31,24,47,40,421,514,802
167,56,745,351,768,865,802
45,35,91,81,472,566,802
68,46,241,170,566,665,802
34,24,84,67,445,550,802
32,25,61,49,440,539,802
114,58,359,214,606,705,802
41,28,102,81,477,587,802
33,25,72,63,434,535,803
24,23,37,36,391,491,803
47,32,65,47,449,541,803
28,26,42,43,415,513,803
37,22,93,61,466,558,803
25,21,66,45,443,533,803
22,21,29,30,395,488,803
33,23,76,55,444,544,803
38,28,63,50,462,563,803
26,20,36,33,416,513,803
31,25,68,62,432,537,803
47,32,135,105,499,596,803
35,30,78,62,444,545,803
37,25,108,85,481,578,804
35,23,87,57,468,562,804
23,20,33,28,361,428,804
31,21,74,57,450,537,804
82,50,207,131,535,632,804
48,34,134,95,495,593,804
26,22,35,30,393,497,804
21,21,29,30,346,461,804
27,23,47,41,406,521,804
58,34,89,57,480,577,804
21,20,57,51,440,544,804
35,20,169,102,494,588,804
39,24,82,54,460,565,804
29,21,66,56,420,521,804
27,23,53,41,404,516,805
29,23,84,74,439,540,805
30,26,50,45,404,513,805
27,22,50,45,427,517,805
74,36,375,211,594,687,805
38,27,57,50,439,537,805
34,28,73,64,427,524,805
37,27,75,62,466,561,805
66,43,106,78,500,598,805
32,22,65,53,428,528,805
72,45,186,125,544,638,805
64,37,119,64,502,594,805
42,25,65,40,430,549,805
32,25,82,56,450,553,805
29,22,47,40,442,535,805
31,23,63,43,433,522,806
56,34,192,141,532,631,806
33,24,61,55,429,533,806
28,23,81,59,435,532,806
32,28,42,39,401,503,806
28,23,77,62,431,525,806
26,21,57,50,404,517,806
53,35,98,67,474,576,806
25,22,34,31,398,474,806
40,26,81,46,457,550,806
28,25,44,39,421,504,806
32,27,46,38,415,511,806
25,20,54,44,417,520,806
40,26,123,96,474,573,806
126,63,354,156,601,697,806
231,90,634,232,661,758,806
58,41,103,74,467,558,807
117,56,331,196,607,703,807
51,36,151,115,504,608,807
40,24,146,93,498,592,807
34,30,38,39,400,494,807
92,50,246,165,568,665,807
34,21,108,76,483,573,807
60,40,164,121,522,621,807
24,21,57,55,423,526,807
31,25,63,53,427,524,807
128,52,475,245,621,715,807
66,25,125,52,512,605,807
47,22,252,132,545,635,807
76,45,167,106,527,624,807
72,44,209,130,548,643,807
55,35,139,99,517,618,807
28,20,45,38,381,495,807
32,25,91,81,476,575,807
81,50,252,187,562,660,807
235,86,742,266,691,788,807
24,22,53,43,431,521,807
89,41,165,94,513,612,807
42,21,75,49,436,531,807
29,27,45,44,421,520,807
106,56,456,252,622,718,807
181,80,477,258,634,731,807
138,59,707,325,692,786,807
95,47,244,132,575,675,807
34,22,82,64,459,554,807
30,27,49,47,430,519,808
117,54,403,193,614,712,808
160,70,581,315,663,758,808
51,32,106,79,497,596,808
54,41,117,94,491,582,808
71,37,195,109,550,645,808
214,85,645,303,675,769,808
70,44,151,94,525,623,808
35,24,51,35,413,518,808
23,21,37,36,383,477,808
66,31,125,54,501,601,808
28,25,25,27,392,487,808
50,36,95,71,459,554,808
90,56,259,164,571,669,808
36,23,113,86,487,580,808
34,28,82,78,457,554,808
24,25,25,31,386,472,808
47,34,114,81,489,588,808
21,21,52,55,394,491,808
62,27,202,93,566,664,808
266,102,608,166,656,751,809
263,111,610,287,656,754,809
24,21,35,27,382,486,809
33,29,86,79,434,536,809
33,21,130,93,499,593,809
35,20,108,77,487,579,809
49,28,93,51,467,568,809
20,22,22,27,313,450,810
26,21,77,69,419,525,810
84,45,164,71,527,629,810
24,20,52,44,439,517,810
40,29,96,78,480,572,810
27,25,31,33,415,508,810
26,22,49,46,404,502,810
33,26,57,53,452,539,810
21,21,20,23,371,464,810
47,31,122,94,484,575,810
29,25,61,55,401,504,810
36,20,40,19,408,550,810
38,21,107,67,493,594,810
49,33,94,62,459,553,810
119,58,289,166,583,676,810
19,22,14,22,334,429,810
36,25,81,68,470,564,811
28,24,35,31,410,503,811
30,26,59,57,449,540,811
41,33,107,88,493,588,811
39,32,68,54,440,526,811
30,23,76,63,457,555,811
50,27,177,115,530,628,811
30,23,93,72,463,560,811
34,22,62,39,433,532,811
54,34,169,97,525,619,811
32,23,71,53,447,543,811
47,30,89,66,469,565,811
26,24,32,36,404,494,812
35,27,80,69,448,545,812
33,25,83,69,449,535,812
39,32,55,47,418,516,812
99,50,279,152,591,685,812
22,21,44,48,391,490,812
71,38,148,73,527,626,812
49,40,102,88,467,567,812
21,22,23,23,372,470,812
39,28,89,66,450,552,812
56,34,184,115,531,637,812
27,24,35,35,394,502,813
21,20,19,19,325,438,813
33,25,57,47,434,531,813
47,29,141,95,524,619,813
61,40,168,120,522,620,813
20,20,22,25,380,465,813
45,32,96,58,484,588,813
37,28,72,64,457,551,813
46,33,114,94,501,601,813
30,27,39,37,406,499,813
37,24,73,57,450,554,813
42,27,92,62,467,559,814
41,21,94,52,480,569,814
41,25,80,55,457,557,814
35,24,73,55,456,541,814
44,37,62,56,460,551,814
33,24,53,42,434,540,814
23,20,65,56,438,533,814
36,24,102,76,479,577,814
76,38,216,121,546,647,814
35,27,73,58,446,545,814
76,36,123,63,513,614,814
23,20,35,33,403,500,814
41,24,74,48,465,566,814
39,27,143,106,499,600,814
26,23,63,54,413,511,814
40,29,78,65,467,561,815
37,22,128,89,483,584,815
43,24,137,73,494,595,815
53,28,263,173,572,668,815
25,20,37,31,384,481,815
40,24,134,98,494,583,815
30,23,31,28,388,483,815
44,33,88,75,460,566,815
26,20,40,29,407,486,815
127,58,300,129,577,667,815
31,23,45,34,412,508,815
31,26,42,39,429,512,815
58,34,125,76,486,584,815
56,26,124,78,512,605,815
201,84,620,276,678,775,816
47,31,139,108,502,604,816
36,28,81,66,457,550,816
38,28,75,57,453,549,816
30,20,82,64,448,552,816
48,28,179,119,531,627,816
53,43,100,81,476,574,816
29,21,41,34,388,502,816
48,40,94,82,478,571,816
24,21,29,32,369,482,816
53,41,88,73,497,589,816
25,24,36,36,358,475,816
42,23,103,66,493,594,816
26,22,32,31,394,485,816
58,32,125,95,518,613,816
41,26,86,62,484,556,816
53,38,121,99,498,588,816
36,30,62,59,445,550,816
51,35,95,60,454,553,816
30,21,53,39,407,523,816
27,24,45,41,406,495,816
53,38,111,88,500,590,816
26,20,44,35,409,511,817
25,21,51,49,419,510,817
55,27,61,33,462,563,817
23,20,43,35,412,512,817
43,28,99,70,491,587,817
29,25,66,61,448,541,817
57,34,138,70,507,600,817
32,24,44,24,432,525,817
70,37,134,78,525,624,817
38,22,110,68,467,562,817
42,32,78,56,454,544,817
36,24,132,103,490,591,817
44,36,62,57,426,528,817
31,24,93,80,458,556,817
72,39,197,134,545,637,817
32,29,49,47,413,506,817
38,26,71,51,449,544,817
36,22,99,69,459,557,818
65,29,255,138,568,664,818
30,23,51,41,423,520,818
105,53,263,128,580,674,818
46,33,173,125,517,614,818
62,33,227,138,554,649,818
30,24,43,37,404,515,818
34,25,108,92,462,569,818
40,33,62,49,439,537,818
25,21,57,48,384,489,818
26,25,27,22,369,453,818
29,21,53,44,436,534,818
34,22,43,28,427,513,818
20,20,23,29,376,461,818
21,20,34,38,376,490,818
42,27,129,97,484,581,818
33,26,92,75,456,554,818
33,27,74,64,457,553,818
47,25,186,120,529,628,819
27,22,44,38,419,517,819
59,39,163,106,518,618,819
24,23,33,39,385,480,819
133,63,350,153,597,694,819
95,61,202,134,539,637,819
105,56,256,131,561,660,819
62,28,227,131,552,655,819
31,26,72,62,440,539,819
66,46,154,124,524,616,819
44,29,68,48,469,565,819
21,20,19,18,312,429,819
91,59,169,113,535,632,819
51,31,258,160,546,647,819
181,55,714,215,686,783,819
70,36,339,179,589,686,819
32,29,46,41,394,494,819
23,21,52,43,412,504,819
26,20,25,19,356,476,819
26,23,71,60,433,530,819
40,26,124,90,494,595,820
36,26,84,73,480,579,820
67,36,415,276,602,697,820
22,20,18,18,349,446,820
44,30,94,67,462,560,820
51,37,74,55,456,553,820
38,20,67,43,446,545,820
45,26,173,121,526,623,820
23,20,29,30,346,462,820
43,25,142,83,491,590,820
52,26,99,53,480,567,820
63,37,182,117,544,636,820
41,29,93,74,475,579,820
125,54,641,325,671,766,820
229,94,589,237,656,750,820
28,21,93,73,473,562,820
56,41,124,100,495,597,820
52,39,98,76,466,570,820
96,52,195,123,554,651,820
45,28,105,74,487,583,820
64,40,146,95,510,601,820
87,51,245,151,573,670,820
39,31,88,77,473,570,820
165,43,414,152,616,712,820
31,22,46,30,427,490,820
53,24,119,61,501,574,820
31,24,83,67,452,538,820
54,33,251,130,580,672,820
263,79,916,405,778,873,820
30,31,39,44,396,488,820
122,54,500,278,637,732,820
32,24,69,57,456,550,820
341,101,796,282,708,802,820
42,34,76,65,437,533,821
63,37,169,118,523,620,821
22,22,37,38,340,458,821
97,53,247,142,556,655,821
37,27,103,77,484,572,821
72,36,301,167,581,675,821
30,27,54,44,414,504,821
31,25,83,73,454,550,821
90,41,253,112,560,648,821
27,23,47,44,403,504,821
29,24,54,48,427,518,821
36,28,79,68,457,556,821
25,23,45,43,391,491,821
40,28,62,42,458,554,821
42,25,93,62,489,583,821
24,21,33,33,367,473,821
77,33,174,70,524,614,821
30,20,66,43,438,538,822
24,23,38,39,409,496,822
62,35,129,81,500,595,822
46,23,128,65,502,600,822
33,25,51,47,430,524,822
23,23,33,35,353,440,822
35,27,64,51,448,546,822
57,45,110,92,504,602,822
76,38,244,146,562,660,822
25,20,30,26,379,479,822
34,24,49,27,424,526,822
65,42,107,77,482,581,822
41,29,74,53,463,557,822
31,21,62,39,439,538,822
147,58,571,281,639,737,823
46,35,71,60,468,564,823
32,27,71,52,438,538,823
43,21,91,48,455,553,823
33,24,90,79,473,563,823
48,25,108,67,489,584,823
30,27,47,45,397,492,823
153,55,663,251,657,758,823
47,31,164,123,519,613,823
37,28,68,61,456,555,824
43,34,85,70,450,548,824
40,21,53,34,432,524,824
74,49,133,94,519,620,824
26,21,56,54,440,536,824
36,26,88,71,464,556,824
51,33,115,81,501,600,824
30,23,66,54,457,556,824
53,33,78,55,472,572,824
32,23,73,52,439,542,824
50,39,87,73,466,569,824
50,39,101,85,480,576,824
48,31,84,52,461,563,824
23,22,46,47,397,506,824
32,26,45,33,421,504,824
160,54,567,192,648,742,824
22,20,21,24,350,440,825
85,49,192,118,545,644,825
31,26,49,37,414,506,825
28,25,73,67,429,530,825
42,31,101,78,482,573,825
27,22,61,51,428,526,825
47,29,111,78,506,603,825
35,23,141,102,492,594,825
32,25,65,59,449,547,825
27,20,45,41,420,498,825
25,20,51,47,404,516,825
41,34,60,47,413,510,825
54,31,95,65,484,581,825
52,39,113,76,485,582,826
34,27,44,38,433,530,826
108,53,330,181,583,686,826
21,20,32,34,360,452,826
51,35,144,121,512,611,826
79,54,193,144,548,644,826
41,27,115,87,499,598,826
55,29,146,89,481,589,826
72,45,221,154,543,641,826
28,21,38,29,411,493,826
21,20,29,28,349,461,826
102,58,369,242,605,703,826
41,24,106,70,457,572,826
47,26,68,33,446,540,826
28,21,34,27,415,505,826
100,49,282,169,596,696,827
49,33,92,66,480,578,827
71,38,189,120,530,625,827
48,29,109,79,485,580,827
37,21,115,78,475,571,827
62,27,213,136,540,638,827
49,39,113,89,496,591,827
90,50,214,119,559,658,827
56,40,108,84,484,583,827
31,22,89,66,467,569,827
67,41,221,155,537,637,827
31,21,64,49,429,521,827
29,23,49,32,417,501,827
38,27,46,41,450,551,828
69,38,149,94,523,617,828
42,23,130,70,491,577,828
113,47,313,164,585,684,828
159,62,442,162,621,715,828
27,21,56,37,416,517,828
78,46,262,170,551,651,828
35,24,103,70,464,560,828
30,21,66,56,447,552,828
36,27,87,70,470,566,828
41,38,65,61,443,533,828
42,32,166,125,515,606,828
54,38,79,61,483,587,829
38,32,92,79,470,568,829
31,22,43,36,405,508,829
49,28,110,64,483,585,829
99,52,269,155,588,686,829
31,25,53,47,429,530,829
27,23,27,19,366,476,829
98,57,310,198,592,687,829
35,24,109,67,485,580,829
85,40,256,140,559,658,829
38,28,80,63,462,561,829
26,20,47,42,405,512,829
47,34,143,110,482,575,829
61,40,130,92,500,598,829
45,25,97,65,470,573,829
54,30,186,96,543,641,829
28,21,53,38,435,527,829
62,26,157,89,521,622,829
47,33,80,64,463,577,829
23,21,53,52,417,511,830
25,26,24,29,348,454,830
53,41,88,73,482,584,830
26,22,55,48,409,518,830
38,20,80,54,458,558,830
32,24,92,72,468,570,830
30,24,56,51,425,517,830
24,20,27,23,334,448,830
27,24,51,51,400,513,830
48,38,72,54,445,549,830
23,21,50,46,389,491,830
31,22,73,49,434,527,830
37,25,102,83,483,572,830
29,25,57,52,417,510,830
34,24,50,33,409,508,831
33,32,32,32,354,452,831
23,21,37,40,360,478,831
99,35,524,222,647,739,831
59,37,108,78,494,591,831
26,20,46,34,414,503,831
50,34,125,90,501,600,831
24,21,33,35,423,515,831
26,21,53,51,429,530,831
25,23,52,46,388,499,831
24,20,31,25,357,488,831
38,25,46,33,427,535,831
43,27,104,67,471,570,831
108,48,204,83,551,649,831
31,23,37,34,401,520,831
27,20,65,48,415,528,831
54,36,96,73,488,587,831
30,24,67,56,430,523,831
33,28,80,69,441,542,831
64,42,123,82,503,603,831
36,26,104,82,479,577,831
32,31,33,36,382,484,831
25,21,37,33,414,511,831
36,21,108,75,482,577,831
29,25,45,38,424,510,832
31,25,57,45,404,505,832
23,20,102,88,419,525,832
109,60,174,85,538,638,832
18,20,19,27,356,478,832
34,23,75,57,463,560,832
29,20,80,60,450,540,832
35,26,55,43,433,516,832
59,35,166,114,533,633,832
21,20,37,41,390,500,832
35,31,53,47,432,518,832
27,20,38,27,375,487,832
46,31,69,52,437,538,832
32,24,44,36,426,508,833
33,21,63,41,428,529,833
28,20,110,82,476,575,833
29,21,94,75,456,552,833
62,32,152,78,521,616,833
36,23,98,64,468,575,833
35,25,74,48,456,548,833
41,22,77,48,468,568,833
27,24,31,28,337,450,833
45,29,107,70,481,577,833
40,26,154,118,504,605,833
34,22,48,32,426,524,833
100,48,285,144,584,682,833
36,29,94,78,456,556,833
23,21,44,43,370,471,833
41,28,102,78,483,583,833
31,29,68,66,426,529,833
19,21,39,41,376,470,833
40,25,144,102,496,594,833
31,21,101,75,478,570,833
29,24,59,51,416,508,833
35,24,62,44,450,540,833
60,39,145,99,510,609,834
23,20,28,26,387,487,834
23,20,37,35,373,484,834
58,38,163,123,524,625,834
38,23,70,45,439,563,834
24,21,53,51,408,508,834
53,38,111,79,475,573,834
27,21,81,71,444,536,834
24,20,28,18,367,484,834
41,33,101,78,473,569,834
91,40,292,135,576,672,834
25,21,52,43,436,521,834
23,20,41,39,398,499,834
46,20,105,57,489,583,834
47,33,123,93,503,602,834
22,20,28,24,397,478,834
28,22,46,34,444,537,834
30,24,83,67,458,562,834
31,21,58,44,420,528,834
23,20,41,42,366,471,834
42,21,73,43,452,550,835
40,24,80,55,451,552,835
66,40,157,94,518,608,835
65,39,184,117,524,620,835
68,32,209,121,534,634,835
22,20,40,41,381,503,835
59,32,157,102,528,627,835
54,34,160,87,509,609,835
40,24,100,67,445,548,835
28,20,42,31,390,496,835
104,57,294,160,563,655,835
71,36,142,72,512,607,835
26,20,60,48,427,541,835
33,20,72,38,449,539,835
75,42,154,94,518,620,835
37,26,82,67,468,565,835
21,20,19,22,328,437,835
73,44,185,134,539,632,835
24,24,34,37,374,471,835
78,34,211,74,559,658,835
70,50,93,76,468,572,835
32,24,63,42,420,520,835
26,24,28,31,376,481,835
25,21,52,50,421,509,835
36,28,64,53,439,519,836
42,29,87,61,457,560,836
41,31,103,76,474,565,836
42,26,120,84,497,592,836
37,26,123,93,497,593,836
27,21,50,34,403,504,836
24,20,41,35,401,499,836
28,21,42,32,386,502,836
113,50,353,201,595,694,836
33,27,56,47,454,544,836
29,20,101,73,467,563,836
83,45,186,94,546,642,836
51,35,98,75,489,584,836
38,33,74,64,437,539,836
32,25,41,38,420,521,836
35,22,81,52,450,551,836
49,30,106,55,476,567,836
30,23,43,36,434,528,836
23,23,24,28,387,466,837
86,56,232,152,558,659,837
71,35,493,225,609,702,837
28,24,54,45,438,531,837
27,23,26,24,343,461,837
29,23,79,62,450,558,837
54,26,237,136,548,650,837
67,38,159,106,519,614,837
47,23,96,43,479,567,837
24,22,53,49,400,505,837
60,39,140,109,515,610,837
34,25,80,68,462,567,837
34,24,78,60,448,548,837
55,33,158,106,512,609,837
31,23,93,84,463,571,837
29,26,74,71,434,523,837
39,28,94,79,460,567,837
50,30,106,69,495,589,837
28,24,45,44,415,510,837
94,50,197,101,546,646,837
37,30,83,64,469,567,838
32,23,92,72,471,573,838
23,21,25,28,392,488,838
64,44,137,103,517,616,838
174,70,634,305,674,771,838
26,21,35,20,355,452,838
28,20,46,32,423,506,838
50,25,136,73,486,584,838
63,40,108,73,506,601,838
129,70,344,179,607,703,838
77,34,302,153,584,681,838
59,39,132,100,488,580,838
43,32,110,77,459,559,838
29,20,86,61,450,553,838
33,24,84,74,448,560,838
99,43,167,71,531,619,838
60,34,188,120,544,640,838
23,21,46,41,395,491,838
65,38,155,105,513,616,838
30,26,76,58,454,545,838
26,21,55,43,429,518,838
31,25,66,55,418,522,838
68,39,185,121,545,641,838
37,30,66,53,454,541,839
75,46,191,135,535,632,839
116,64,196,108,545,643,839
61,38,135,86,508,605,839
31,20,87,63,453,556,839
66,44,182,135,536,635,839
66,46,152,104,519,618,839
21,20,25,29,380,476,839
23,24,24,29,367,456,839
27,20,53,35,433,526,839
46,26,167,107,528,624,839
38,29,57,42,440,535,839
24,22,39,42,414,509,839
26,25,38,36,386,490,839
28,24,64,55,428,525,839
38,28,97,68,471,566,839
55,34,132,94,501,597,839
81,45,181,102,545,642,839
59,25,201,92,528,617,839
113,60,229,133,558,660,839
40,26,106,87,495,586,839
30,20,62,51,446,561,839
50,32,142,106,507,599,839
29,21,48,34,413,489,839
50,37,103,75,490,589,839
128,58,617,337,668,763,839
45,33,88,73,462,552,839
73,45,183,121,537,633,839
107,53,227,106,553,653,839
82,53,196,123,545,642,840
52,29,178,132,530,628,840
24,24,37,36,383,479,840
75,38,172,92,526,627,840
23,20,32,29,389,475,840
36,25,60,46,446,533,840
31,26,60,52,409,530,840
160,63,477,173,640,737,840
99,65,219,159,554,654,840
32,21,84,56,446,531,840
95,45,398,196,610,707,840
42,33,116,87,481,578,840
23,21,51,48,406,511,840
100,57,233,142,559,656,840
26,22,45,36,387,485,840
29,21,62,58,433,538,840
115,52,201,88,548,649,840
70,42,182,95,526,624,840
74,42,265,138,566,665,840
26,21,50,47,410,508,840
28,26,54,52,414,515,840
43,28,116,83,489,583,840
53,28,75,46,446,537,840
30,26,35,32,409,496,840
61,40,105,66,515,611,840
117,59,308,183,589,689,840
77,47,264,186,561,655,840
182,63,610,228,657,754,840
103,48,258,119,569,666,840
59,41,168,128,514,609,841
97,38,262,127,572,672,841
53,34,110,84,503,603,841
38,30,78,72,452,550,841
139,79,305,164,592,689,841
97,41,616,323,661,756,841
88,49,273,177,582,677,841
34,23,56,36,444,537,841
55,30,129,67,513,602,841
27,23,34,30,415,509,841
27,24,57,50,404,506,841
64,43,109,74,495,589,841
188,75,343,118,603,696,841
179,68,605,253,646,744,841
142,59,441,187,624,721,841
322,96,791,240,701,794,841
30,20,106,76,463,558,841
26,20,71,62,435,541,841
146,50,576,238,652,750,841
34,24,52,44,429,551,841
53,36,147,110,513,605,841
36,26,93,73,454,552,841
27,22,39,36,407,499,841
39,27,124,90,493,590,841
51,33,132,97,523,612,841
64,40,147,103,518,616,842
26,20,61,55,438,537,842
35,29,45,39,403,518,842
51,32,131,89,499,590,842
25,21,47,39,405,499,842
22,21,20,20,377,471,842
24,22,34,37,394,490,842
33,23,79,66,457,556,842
28,21,34,27,409,499,842
31,26,57,53,436,526,842
47,22,255,143,573,671,843
34,21,87,71,464,554,843
42,34,92,79,473,570,843
33,26,78,66,446,550,843
29,21,50,46,427,529,843
58,31,188,126,536,631,843
41,28,90,65,483,580,843
33,20,113,77,481,584,843
43,27,88,58,469,557,843
47,25,134,88,495,595,843
25,20,33,31,363,480,844
25,21,54,53,437,528,844
35,24,109,83,476,575,844
65,39,168,117,542,636,844
25,20,36,27,399,495,844
27,21,50,40,395,507,844
21,20,32,27,386,461,844
30,23,51,39,415,492,844
27,21,53,45,455,543,844
24,21,34,28,385,476,844
42,34,84,73,468,557,844
38,30,51,41,414,524,845
37,22,75,52,453,552,845
34,20,73,48,414,528,845
25,22,44,40,407,505,845
30,21,52,29,394,479,845
49,30,152,98,510,609,845
38,27,98,77,464,560,845
38,29,83,59,429,523,845
29,24,51,44,421,513,846
47,25,154,96,515,602,846
51,31,139,95,519,617,846
23,22,43,44,372,481,846
53,35,129,86,507,608,846
51,31,103,71,482,585,846
44,30,67,46,439,545,846
107,55,330,184,601,696,846
20,20,19,24,373,461,846
50,31,103,65,488,582,846
35,25,78,55,440,548,846
98,61,259,186,566,663,846
28,24,38,35,410,514,846
53,44,59,56,467,565,846
47,25,85,36,466,558,846
33,21,66,51,454,550,846
67,46,120,76,496,588,847
24,22,51,50,384,490,847
27,20,55,38,404,508,847
22,21,25,28,334,464,847
31,27,57,58,422,532,847
29,20,39,26,363,410,847
34,22,69,47,416,527,847
55,20,562,205,168,297,847
26,21,42,32,390,510,847
32,24,107,72,488,584,847
35,22,75,49,450,543,847
24,20,47,36,404,507,847
32,23,78,57,430,535,847
100,54,457,297,625,723,847
38,21,75,51,455,563,848
54,33,100,65,494,599,848
39,27,67,47,453,558,848
33,25,72,59,450,554,848
104,63,442,269,606,706,848
42,24,144,92,502,596,848
37,23,118,79,460,558,848
30,26,61,55,427,533,848
63,43,116,79,506,605,848
37,25,63,38,456,545,848
57,36,152,97,530,626,848
62,31,148,76,511,606,848
102,56,197,103,550,649,848
33,25,79,69,472,566,848
42,20,100,55,477,574,848
21,20,33,37,397,500,848
161,66,574,305,663,762,848
53,31,187,138,532,632,848
85,56,365,246,595,693,848
75,48,175,128,539,632,848
112,45,193,74,532,630,848
79,43,133,77,532,625,848
22,21,19,23,303,459,848
227,68,598,194,661,760,849
31,23,86,78,419,537,849
65,37,268,167,563,660,849
261,106,724,272,685,782,849
64,30,153,84,533,627,849
37,24,58,40,446,535,849
26,21,57,50,446,529,849
23,20,27,25,384,477,849
28,23,56,49,415,512,849
33,25,87,70,461,557,849
25,20,35,23,370,472,849
39,26,87,69,482,588,849
28,23,46,45,443,545,849
38,28,77,64,460,552,849
22,20,31,33,375,492,849
23,20,45,42,394,504,849
22,21,37,42,383,491,849
48,29,111,78,499,591,849
27,27,45,40,426,513,850
24,20,36,30,432,525,850
29,20,51,36,427,499,850
49,26,157,100,519,614,850
41,23,130,77,508,605,850
61,26,201,104,570,670,850
32,21,66,42,424,526,850
52,43,116,99,484,586,850
42,29,98,76,495,587,850
36,28,95,70,462,559,850
27,20,59,46,422,515,850
39,30,67,56,454,545,850
56,43,141,115,503,597,850
44,30,85,56,461,560,850
32,25,61,52,441,544,851
28,25,57,53,413,525,851
43,32,85,71,475,566,851
49,29,155,95,521,623,851
49,28,140,99,504,591,851
56,47,95,77,505,601,851
35,25,90,73,453,550,851
228,69,743,291,703,800,851
156,64,644,299,677,775,851
77,48,208,151,555,655,851
33,23,57,44,441,562,851
247,74,727,255,682,780,851
64,46,134,105,509,601,851
40,28,91,72,473,577,851
48,28,86,46,463,562,851
24,20,56,49,407,514,851
25,20,57,42,418,492,851
36,27,97,75,452,555,851
22,20,58,58,391,507,851
30,22,60,44,434,536,851
29,20,69,52,456,545,852
26,20,46,29,390,491,852
50,32,109,85,484,583,852
24,25,47,51,387,493,852
56,35,120,87,492,588,852
27,24,40,35,435,510,852
24,22,33,30,388,487,852
24,21,47,40,402,500,852
34,20,85,46,461,527,852
33,23,65,51,436,544,852
34,27,65,56,450,543,852
23,20,34,33,400,511,852
23,21,59,55,417,518,852
22,21,37,39,406,500,852
55,34,122,80,504,594,852
25,20,60,49,405,520,852
32,22,51,45,411,528,853
43,31,104,65,488,583,853
34,32,45,45,424,517,853
33,32,39,36,409,509,853
43,29,109,85,491,579,853
27,23,32,30,409,499,853
28,22,30,21,392,460,853
71,27,143,80,509,605,853
43,29,107,84,495,585,853
43,34,70,47,447,544,853
33,25,67,54,441,541,853
25,20,39,23,384,490,853
37,22,70,50,422,529,853
40,28,55,37,457,556,853
32,21,94,60,467,567,853
29,20,64,46,442,548,854
62,34,154,82,529,632,854
35,28,38,27,410,507,854
23,20,26,27,419,507,854
26,20,51,41,416,516,854
30,23,50,38,436,520,854
40,22,86,50,462,560,854
42,30,111,78,473,572,854
29,20,52,39,412,523,854
78,49,259,176,572,670,854
74,45,130,87,526,622,854
33,23,32,25,404,499,854
30,24,85,71,427,533,854
32,24,52,40,393,510,854
44,23,127,78,507,600,855
31,21,69,37,427,538,855
39,32,67,58,436,539,855
24,20,30,24,370,470,855
30,21,46,36,410,521,856
64,37,144,89,509,607,856
26,24,29,32,381,495,856
29,21,59,37,439,522,856
26,20,69,57,459,551,856
38,27,84,64,452,559,856
43,28,98,79,483,591,856
27,20,45,41,409,508,856
47,33,85,64,463,561,856
39,32,59,53,439,534,856
54,34,103,70,500,599,856
27,22,56,56,434,526,856
28,20,52,46,439,523,856
41,30,114,86,481,575,856
29,25,64,61,438,537,856
28,20,90,69,443,538,856
21,21,19,22,357,467,856
23,20,50,43,409,509,857
46,23,77,44,456,553,857
46,26,105,67,486,578,857
33,20,93,74,451,547,857
51,37,83,54,476,575,857
58,37,71,40,453,553,857
24,23,36,30,396,491,857
42,39,62,59,426,530,857
45,27,123,92,496,596,857
27,20,78,60,440,532,857
72,40,247,159,557,653,857
79,34,333,189,587,683,857
47,28,171,117,513,611,858
42,32,121,92,483,581,858
56,38,140,97,514,609,858
35,20,61,35,448,536,858
27,20,52,42,411,522,858
32,26,54,44,425,522,858
33,26,80,69,446,548,858
37,24,72,53,441,537,858
35,28,74,56,442,542,858
23,23,41,42,405,499,858
80,48,198,97,553,645,858
100,50,234,115,561,653,858
52,41,102,88,498,598,858
69,44,151,108,525,623,858
32,20,67,42,444,531,858
25,20,49,42,407,505,858
29,23,64,51,433,531,858
113,50,581,328,648,746,858
49,28,105,68,478,578,858
83,39,219,115,550,647,858
34,26,52,43,433,531,858
32,23,119,90,483,583,859
48,30,133,90,496,591,859
27,22,53,46,422,527,859
41,24,130,80,501,600,859
40,30,134,114,489,590,859
34,26,61,49,418,528,859
58,31,181,122,536,644,859
50,31,76,53,468,570,859
36,30,59,54,423,525,859
107,49,568,306,650,748,859
22,20,25,24,395,480,859
29,23,56,49,406,513,859
140,77,353,193,605,704,859
54,45,88,71,482,579,859
57,29,118,58,498,594,859
41,26,91,70,486,590,859
34,20,107,72,473,571,859
172,74,582,334,673,770,859
35,26,70,60,436,529,859
92,37,395,176,603,701,859
58,32,156,88,529,630,859
50,26,298,191,561,656,859
37,25,115,77,466,560,859
129,66,285,153,581,676,859
57,38,105,70,503,596,859
50,35,90,66,478,578,860
92,55,308,205,570,666,860
31,31,58,57,409,502,860
52,31,136,94,529,631,860
32,25,93,80,463,565,860
21,21,19,18,339,428,860
63,38,152,101,518,612,860
21,20,36,33,387,474,860
31,25,46,41,454,559,860
102,64,243,139,569,666,860
31,21,87,64,451,547,860
26,20,66,46,419,483,860
44,24,71,41,454,548,860
24,21,43,33,402,487,860
37,32,53,45,431,526,860
46,23,134,65,498,596,860
26,26,48,50,379,488,860
38,26,94,69,497,591,860
51,33,127,82,481,576,860
32,21,60,44,439,549,861
22,22,40,40,402,493,861
67,33,135,67,517,619,861
47,34,115,81,493,581,861
51,38,101,78,488,577,861
26,21,41,35,408,508,861
41,20,87,36,478,572,861
43,26,99,64,474,558,861
41,32,92,74,484,577,861
43,23,132,72,498,589,861
83,58,154,113,563,662,861
44,33,96,83,479,576,861
25,20,67,57,451,546,861
23,20,48,45,406,497,861
45,33,67,67,464,565,861
19,20,27,29,351,426,861
26,26,31,34,384,494,861
50,35,91,58,482,578,861
37,29,58,46,437,529,861
38,27,89,65,494,582,861
30,26,47,47,418,520,862
34,24,113,94,486,579,862
33,27,39,32,378,498,862
38,30,88,71,468,560,862
67,43,193,134,532,635,862
44,33,60,51,454,545,862
39,27,73,52,449,559,862
55,34,132,87,501,597,862
56,39,130,92,499,603,862
78,55,179,135,533,632,862
25,21,47,43,406,491,862
34,30,63,62,408,518,862
116,53,323,177,593,687,862
59,34,157,107,513,613,862
101,63,161,80,537,636,862
27,24,77,68,412,513,862
139,78,416,249,606,703,862
28,20,55,37,426,517,863
68,50,158,111,504,602,863
39,22,116,81,480,570,863
106,49,282,136,578,674,863
60,42,114,86,503,603,863
68,29,137,56,508,599,863
24,22,36,37,399,475,863
34,25,74,60,460,549,863
49,35,113,86,501,599,863
53,36,146,117,509,608,863
79,41,203,115,532,634,863
36,22,102,74,478,573,863
104,50,371,212,602,699,863
87,38,201,99,551,646,863
239,85,603,242,660,756,863
42,32,65,49,444,542,863
57,29,101,45,468,562,863
90,52,214,126,558,652,863
96,41,459,229,627,727,863
70,46,123,85,510,605,863
80,42,217,127,539,635,863
114,47,327,145,610,711,863
55,37,101,62,487,585,863
95,51,222,137,550,647,863
42,30,72,61,470,554,863
62,35,193,116,547,640,863
54,30,102,50,474,568,863
24,20,31,27,416,510,863
76,37,134,62,523,615,863
49,32,117,79,495,598,863
39,27,107,85,480,574,864
26,21,68,58,447,549,864
75,62,106,82,504,598,864
25,23,37,30,406,465,864
24,21,40,35,397,473,864
86,38,186,85,538,636,864
97,34,448,223,621,719,864
56,27,123,68,485,589,864
76,46,186,125,525,620,864
30,23,74,63,438,543,864
35,20,90,53,470,574,864
29,21,79,56,444,542,864
31,24,49,40,396,494,864
151,64,390,202,622,720,864
123,62,413,215,610,704,864
39,30,103,81,466,566,864
36,25,70,49,461,558,864
29,24,54,42,418,521,864
129,56,377,136,600,699,864
46,25,184,122,517,622,864
53,27,210,136,546,647,864
88,43,189,93,539,639,864
115,63,429,210,616,714,864
44,37,104,90,477,566,864
23,22,31,31,394,464,865
21,21,19,26,334,481,865
41,34,79,68,458,554,865
37,31,93,77,461,556,865
121,48,286,134,569,667,865
29,22,75,50,422,515,865
22,23,37,34,393,457,865
35,21,85,48,463,556,865
58,37,155,108,529,619,865
61,38,199,141,548,639,865
28,25,58,56,430,511,866
47,36,106,84,502,592,866
25,24,34,38,404,505,866
40,28,85,54,469,570,866
278,68,816,215,674,770,866
47,27,71,38,457,554,866
58,29,202,125,533,634,866
20,20,28,30,368,447,867
45,24,110,52,496,589,867
31,26,71,64,437,529,868
24,22,26,30,391,489,868
38,25,92,67,469,566,868
27,21,48,42,449,545,868
41,25,110,75,478,581,868
76,47,179,112,539,639,869
44,29,81,62,450,548,869
29,22,76,62,432,539,869
42,26,105,82,473,589,869
28,21,74,61,464,562,869
39,26,71,53,449,562,869
43,34,62,47,454,551,869
34,29,60,51,433,529,870
55,20,169,67,522,622,870
54,31,72,42,472,569,870
28,24,38,32,377,480,870
33,22,60,39,429,540,870
35,23,69,51,458,558,870
41,29,85,75,472,577,870
27,21,41,32,397,499,870
24,21,47,45,412,504,870
68,38,265,167,572,666,870
30,20,53,36,445,528,870
36,24,95,79,469,565,870
21,20,35,34,380,483,870
28,23,51,41,449,536,870
36,32,57,57,416,522,870
56,24,110,54,489,585,870
21,20,39,38,399,498,870
40,26,100,65,467,564,871
49,33,133,83,505,600,871
27,21,59,44,427,516,871
43,25,130,83,482,580,871
35,26,71,55,457,556,871
35,28,54,47,404,506,871
25,23,42,40,382,492,871
51,36,116,85,492,588,871
28,25,41,37,424,515,871
111,54,233,151,565,658,871
49,28,112,66,493,583,872
63,38,193,132,537,636,872
86,38,305,165,596,690,872
45,20,120,52,485,575,872
344,109,693,204,675,770,872
76,48,129,84,519,616,872
82,56,170,118,535,632,872
69,41,192,138,550,643,872
32,24,42,34,391,485,872
30,23,74,56,458,558,872
100,47,574,262,650,748,872
144,62,482,278,648,747,872
33,26,54,42,416,496,872
51,35,151,115,507,599,872
359,111,821,366,745,841,872
225,74,663,252,676,770,872
35,22,86,62,443,544,872
32,23,84,67,457,549,872
42,31,88,77,487,584,872
39,25,109,84,476,573,872
35,27,73,46,461,551,872
49,23,93,49,479,579,872
21,20,24,23,383,470,873
61,42,109,74,493,594,873
36,25,79,59,463,557,873
36,29,112,92,470,569,873
38,27,104,66,461,558,873
27,26,47,51,412,500,873
26,21,51,44,418,506,873
198,79,659,279,686,780,873
29,20,41,27,385,487,873
31,29,46,44,414,506,873
39,27,87,60,452,545,873
34,29,64,56,438,533,874
27,22,58,54,424,518,874
51,32,168,114,521,616,874
37,28,60,48,448,541,874
26,22,48,44,417,518,874
22,21,37,39,367,478,874
48,24,75,47,468,567,874
55,39,94,69,484,581,874
28,20,37,27,418,504,874
23,20,30,24,357,472,874
33,21,75,51,449,546,874
48,34,94,65,475,569,874
40,23,105,69,470,557,874
39,32,90,77,474,569,874
23,21,33,32,369,474,874
27,21,52,45,415,525,874
27,20,73,58,439,546,874
40,27,72,56,453,548,874
38,25,96,72,484,580,874
61,33,117,69,480,575,874
64,38,117,69,496,599,875
42,27,79,58,455,572,875
59,36,232,154,542,641,875
63,40,167,114,523,619,875
121,57,248,111,571,668,875
22,21,43,41,426,507,875
34,24,71,52,439,549,875
58,24,239,114,564,660,875
41,32,64,55,442,542,875
23,21,31,30,390,487,875
37,25,99,71,455,552,875
399,107,842,266,727,823,875
61,39,155,120,510,615,875
32,20,137,91,485,583,875
25,23,34,34,340,472,875
50,37,111,89,498,589,875
39,26,74,53,459,560,875
47,31,99,69,472,561,875
39,31,72,56,459,558,876
246,86,705,318,731,825,876
352,94,858,283,709,805,876
41,30,91,64,451,543,876
66,37,180,113,520,618,876
26,22,54,47,408,494,876
45,29,124,85,503,603,876
77,41,173,93,520,617,876
292,108,666,207,662,762,876
136,63,302,127,598,696,876
25,25,42,44,385,483,876
44,22,88,36,456,556,876
31,20,104,82,481,569,876
32,31,39,39,420,517,876
43,34,112,89,481,578,876
23,21,30,25,341,454,876
41,29,110,92,483,573,877
34,23,118,93,493,594,877
57,32,146,96,519,616,877
40,33,60,48,446,539,877
40,28,115,94,490,583,877
33,29,68,62,450,540,877
25,21,34,26,381,472,877
33,27,58,51,408,520,877
35,25,67,39,451,555,877
58,31,114,57,491,585,877
29,27,54,50,423,522,877
32,25,68,54,448,542,878
54,29,177,117,516,614,878
30,25,95,82,450,552,878
42,21,65,35,434,539,878
34,25,60,47,425,541,878
64,45,154,123,514,615,878
35,25,74,58,443,547,878
32,24,114,83,465,558,878
36,26,53,39,430,530,878
49,29,106,66,472,563,878
32,25,78,64,451,548,879
25,21,42,41,396,476,879
55,35,81,52,478,573,879
49,32,111,83,496,593,879
40,21,312,200,568,670,879
32,28,46,45,439,523,879
25,22,49,46,402,505,879
20,21,38,39,362,444,879
29,21,38,37,394,505,879
70,46,177,111,522,616,879
50,32,118,75,510,609,880
66,40,165,102,520,617,880
31,20,50,37,444,542,880
56,31,165,99,523,622,880
70,51,148,119,515,607,880
47,34,80,68,483,578,880
47,34,108,77,484,579,880
73,48,204,144,542,641,880
58,37,221,146,543,642,880
26,21,41,31,383,490,880
21,21,25,30,342,458,880
47,31,117,80,507,606,880
41,30,120,81,501,598,880
47,30,101,63,483,583,880
51,34,119,91,502,597,880
32,23,68,47,455,551,880
41,23,82,42,461,569,880
48,31,60,37,417,529,881
46,29,146,106,518,614,881
33,26,63,51,432,526,881
75,46,202,143,553,641,881
27,20,62,49,436,529,881
30,28,34,30,394,473,881
94,43,408,217,609,703,881
33,27,67,59,435,538,881
70,45,160,109,530,624,881
61,43,89,63,475,576,881
32,24,85,74,474,571,881
24,22,37,34,387,487,881
34,24,60,42,444,529,881
27,21,62,54,439,550,881
32,25,80,66,460,543,881
32,27,76,65,455,555,882
49,26,257,139,547,639,882
45,34,64,44,445,545,882
90,49,181,103,530,625,882
29,22,59,34,433,515,882
146,61,372,168,608,706,882
33,23,75,59,444,551,882
72,40,174,112,534,629,882
52,34,136,104,492,588,882
27,24,50,43,403,512,882
50,29,164,98,522,619,882
99,39,443,240,634,730,882
52,22,151,77,504,603,882
53,28,186,120,523,620,882
31,24,71,50,447,539,882
31,27,66,63,438,543,882
21,21,18,19,322,429,882
57,38,189,145,519,615,882
26,21,77,64,438,529,882
20,20,35,39,373,470,882
88,50,220,133,564,664,882
108,66,271,181,580,675,882
59,29,167,93,528,625,882
32,27,42,38,412,513,882
90,33,338,165,607,703,883
25,24,35,32,396,481,883
109,66,340,234,612,709,883
52,40,62,47,441,542,883
29,20,42,28,395,499,883
45,25,151,106,507,609,883
74,50,199,130,540,639,883
251,79,828,385,742,838,883
39,28,74,53,441,532,883
338,101,861,385,754,849,883
50,34,124,94,508,605,883
216,86,563,221,656,754,883
80,43,214,122,555,652,883
344,110,843,280,721,819,883
405,98,885,267,721,817,883
581,147,989,366,746,844,883
38,26,114,96,467,569,883
33,26,97,83,453,541,883
28,23,47,44,435,534,883
59,42,112,76,495,593,883
28,27,32,32,377,463,883
30,25,57,46,429,533,884
22,20,23,25,340,441,884
53,38,67,52,443,545,884
33,26,64,53,449,551,884
40,34,46,36,438,514,884
50,28,175,107,530,627,884
33,21,65,48,447,546,884
47,35,84,64,475,569,885
45,25,116,73,483,579,885
42,35,64,56,444,543,885
20,20,32,32,341,447,885
30,27,52,47,442,529,885
38,26,91,70,473,575,885
27,22,70,65,427,521,885
123,55,552,311,666,760,885
49,24,75,33,456,552,885
46,39,70,60,452,548,885
44,35,90,80,468,572,885
30,21,45,28,400,514,885
94,49,281,166,566,663,885
41,22,103,52,457,565,885
69,40,177,113,531,630,886
29,22,33,24,386,484,886
95,36,658,301,682,780,886
27,21,49,44,428,522,886
27,22,54,41,410,507,886
42,31,51,41,440,537,886
47,35,116,102,499,603,886
37,32,57,50,442,535,886
44,28,80,54,466,565,886
21,21,36,33,388,481,886
25,23,42,40,391,493,886
22,22,41,44,391,491,886
29,20,80,59,451,544,886
60,41,180,141,520,621,886
35,25,57,42,440,536,886
51,31,177,129,515,616,886
46,31,139,105,501,600,887
52,32,142,98,521,615,887
29,22,57,40,427,529,887
34,26,77,65,451,545,887
34,20,109,76,501,597,887
306,86,789,253,700,795,887
24,22,26,27,351,467,887
42,29,73,52,458,565,887
22,20,50,51,413,504,887
36,26,61,42,422,520,887
29,22,75,67,448,546,887
62,43,150,109,511,607,887
21,20,16,19,363,449,887
30,24,60,52,431,541,887
28,23,41,32,405,485,887
27,20,65,46,451,543,887
69,34,159,82,533,634,888
25,20,76,63,450,540,888
30,20,87,58,426,532,888
42,30,104,81,460,549,888
24,21,35,32,365,489,888
28,23,49,41,448,548,888
29,24,51,38,431,512,888
38,21,72,40,452,550,888
28,22,48,34,406,504,888
32,21,77,53,435,538,888
38,29,64,51,443,536,888
67,36,186,129,546,647,888
34,24,95,68,463,564,888
18,20,16,21,313,416,888
40,22,65,41,446,543,888
28,23,38,38,402,514,889
34,20,58,41,426,533,889
38,21,139,78,533,633,889
26,21,58,51,431,534,889
29,28,58,55,405,499,889
30,24,71,58,409,520,889
34,24,67,48,450,539,889
40,27,86,59,457,556,889
38,24,117,75,480,580,889
45,33,117,88,492,594,889
39,25,68,45,446,542,889
34,24,89,71,457,538,890
53,33,124,91,497,594,890
48,24,183,127,524,618,890
25,20,28,21,386,480,890
89,45,177,100,540,631,890
29,25,60,49,420,522,890
26,21,47,33,377,476,890
21,21,50,50,403,493,890
47,22,150,72,499,599,890
50,37,90,72,477,571,890
26,20,51,35,411,502,890
48,31,158,111,504,604,890
66,40,107,60,475,570,890
30,21,59,46,404,507,890
56,37,109,73,503,592,890
30,24,77,68,448,546,891
46,33,108,75,500,594,891
31,22,57,41,409,500,891
63,32,162,105,530,631,891
47,30,77,64,475,573,891
68,39,215,134,549,643,891
32,20,111,85,452,560,891
25,21,41,38,400,489,891
39,28,124,95,493,588,891
25,20,42,38,403,510,891
25,24,36,30,393,486,891
53,33,177,112,525,619,891
24,21,30,29,390,494,891
24,23,32,32,363,469,891
41,30,100,86,475,584,891
40,20,141,85,495,587,891
28,20,75,57,440,540,891
30,28,46,41,417,513,891
42,24,89,53,481,584,891
42,32,86,72,480,580,892
57,33,177,111,532,631,892
29,24,40,35,410,517,892
52,27,125,75,503,593,892
37,22,127,78,505,595,892
87,43,345,191,598,696,892
53,30,175,121,516,617,892
29,24,49,43,418,502,892
37,26,38,28,404,509,892
33,21,111,75,484,579,892
35,27,83,65,460,554,892
37,28,73,68,468,572,892
55,40,159,129,508,607,892
28,23,31,27,416,503,892
28,22,44,26,401,491,892
23,20,41,41,382,487,892
37,27,52,42,436,528,892
58,33,121,76,495,583,892
31,22,66,51,436,534,892
35,23,66,40,433,520,893
34,29,48,49,417,519,893
111,65,290,173,583,682,893
84,51,168,115,539,636,893
62,30,339,184,580,678,893
33,33,49,51,408,495,893
47,37,94,87,465,559,893
77,46,241,163,556,650,893
69,40,269,196,567,661,893
67,47,168,122,532,629,893
33,31,74,72,434,530,893
88,48,187,106,534,634,893
58,33,143,69,523,619,893
45,29,93,62,482,578,893
21,21,34,38,381,471,893
23,20,37,39,407,495,893
40,31,108,88,463,560,893
43,21,109,54,491,575,893
31,21,61,38,406,502,893
38,29,85,74,458,564,893
34,23,69,47,454,541,893
28,23,47,39,376,480,893
56,32,132,79,506,598,893
25,22,43,39,388,501,894
108,60,185,135,556,651,894
94,55,274,174,576,672,894
51,25,78,36,453,549,894
46,30,104,74,492,593,894
39,25,168,121,506,606,894
29,24,59,54,436,529,894
24,21,46,44,399,496,894
41,25,77,41,457,530,894
33,26,61,46,427,531,894
44,26,125,92,494,601,894
29,25,32,31,397,482,894
34,26,67,46,443,517,894
47,31,99,77,482,575,894
21,21,24,25,322,449,894
57,41,130,97,501,599,894
78,44,243,163,557,648,894
69,40,175,103,528,624,894
41,21,35,19,400,496,894
52,34,88,54,478,571,894
51,24,211,111,551,647,894
86,45,179,90,536,632,894
22,20,63,58,422,515,894
52,34,131,81,507,607,894
44,31,110,82,500,603,894
91,63,147,87,527,626,894
36,28,59,43,439,533,894
49,30,96,61,467,559,894
29,20,85,60,467,573,894
62,38,178,136,542,630,894
218,64,529,181,644,741,895
154,61,334,139,597,694,895
48,30,123,71,500,594,895
44,29,171,137,523,619,895
85,50,186,104,548,646,895
269,90,751,296,717,813,895
42,29,95,74,474,567,895
161,61,288,144,585,689,895
59,38,179,122,531,629,895
196,72,564,270,653,749,895
384,112,876,276,715,809,895
24,21,42,33,401,488,895
97,51,283,157,576,670,895
91,48,237,136,562,661,895
89,51,249,163,559,659,895
104,55,248,122,562,658,895
60,31,104,73,488,585,895
44,29,146,107,509,603,895
68,41,148,97,533,628,895
88,49,223,121,554,656,895
75,39,333,233,588,685,895
43,26,76,43,450,530,895
45,32,63,39,430,544,895
32,22,79,53,470,570,895
159,67,375,167,610,707,895
269,96,734,362,732,825,895
58,32,132,76,502,592,895
36,30,81,74,468,559,895
23,21,40,44,395,495,895
166,70,395,156,610,708,895
32,24,76,59,438,543,895
454,118,940,298,752,858,895
36,33,53,46,424,517,895
86,41,221,115,554,652,895
108,50,400,181,585,681,896
21,21,45,40,364,466,896
88,44,305,161,589,686,896
40,34,66,62,449,544,896
55,33,138,88,523,616,896
91,44,303,156,590,687,896
33,21,88,68,477,572,896
30,27,25,29,416,505,896
42,26,81,52,455,551,896
20,20,31,29,371,462,896
33,24,67,50,454,562,896
44,32,92,76,470,568,896
37,27,62,47,442,536,896
42,32,88,67,465,563,896
25,20,47,37,428,515,896
53,32,148,89,524,622,896
53,38,78,60,473,573,896
32,26,68,55,435,543,896
33,31,46,48,422,515,896
69,41,197,130,556,654,896
58,29,172,99,526,619,896
24,20,45,43,382,489,896
31,22,91,62,460,562,896
36,28,50,40,404,499,896
35,28,48,38,389,492,896
74,48,200,136,560,658,896
31,22,95,72,453,554,896
20,20,49,46,378,487,896
87,48,154,79,526,622,896
32,26,77,64,432,529,897
29,24,53,46,437,521,897
34,21,93,71,474,566,897
38,28,75,55,450,552,897
32,20,90,63,456,548,897
29,28,44,43,393,493,897
80,44,187,127,553,646,897
20,21,19,25,336,446,897
27,22,70,59,420,524,897
31,27,54,47,417,508,898
36,23,68,42,451,556,898
28,24,41,36,380,482,898
27,23,46,33,394,488,898
60,38,174,124,541,637,898
35,26,104,86,467,573,898
38,25,118,92,497,601,898
27,21,65,54,430,520,898
31,26,35,30,394,507,898
37,20,89,60,481,577,898
38,26,106,76,489,581,899
23,24,33,35,356,460,899
38,21,58,25,411,510,899
127,42,593,238,656,754,899
22,20,21,23,358,472,899
28,21,62,48,436,528,899
21,21,27,30,350,469,899
28,23,72,64,437,536,899
39,27,58,32,446,522,899
48,34,85,50,451,532,899
216,71,711,364,721,817,899
44,31,164,135,490,593,900
95,52,251,155,581,677,900
45,27,112,69,478,576,900
50,36,80,70,485,583,900
29,24,51,44,425,517,900
30,24,99,84,473,575,900
26,21,39,35,400,503,900
31,27,29,27,346,472,900
25,22,38,34,369,477,900
49,29,180,124,535,630,900
29,22,38,30,423,524,900
58,38,120,85,513,607,900
51,29,145,100,510,607,900
41,25,95,52,483,582,900
32,26,66,48,438,540,900
50,30,136,99,506,606,900
49,34,108,84,484,583,900
53,37,83,70,471,569,901
29,22,46,39,431,522,901
70,42,208,143,542,650,901
40,26,69,52,449,553,901
27,24,33,29,386,488,901
21,22,24,30,372,464,901
29,23,76,60,436,533,901
45,34,90,77,484,580,901
36,24,131,104,488,588,901
70,45,190,135,544,638,901
35,20,57,35,451,551,901
90,46,236,153,568,667,901
31,26,57,41,423,518,901
31,25,44,37,424,523,902
25,21,31,24,378,462,902
44,26,95,48,474,563,902
33,26,46,35,422,525,902
32,24,60,46,408,486,902
42,31,114,95,485,583,902
32,23,62,51,450,548,902
48,29,128,94,501,596,902
21,21,15,17,340,434,902
40,29,84,66,458,544,902
47,34,83,63,479,580,902
56,36,109,77,492,587,902
39,27,87,58,463,551,902
45,25,120,83,492,592,902
25,22,55,50,401,519,902
45,31,93,74,472,568,902
54,38,135,96,501,601,902
34,27,76,62,460,552,902
30,24,83,73,422,517,902
44,34,62,46,429,524,902
40,20,91,41,453,555,902
40,22,83,48,462,566,902
26,20,82,65,454,567,903
43,21,93,43,462,530,903
26,21,36,31,374,473,903
40,22,86,46,456,546,903
31,24,87,73,451,551,903
26,21,47,44,423,519,903
33,22,78,58,440,532,903
38,28,61,36,429,527,903
39,20,92,63,458,556,903
26,24,51,43,432,509,903
61,36,194,126,537,635,903
31,24,85,66,465,567,903
37,23,109,79,469,578,903
90,31,231,95,549,649,903
26,21,65,53,432,528,903
48,34,97,69,486,586,903
29,22,71,54,439,515,904
27,21,55,45,423,517,904
27,22,22,13,351,449,904
44,32,77,58,431,532,904
91,53,182,100,544,640,904
27,22,55,48,423,526,904
40,20,58,28,453,537,904
29,24,58,53,457,534,904
24,22,43,41,431,519,904
83,39,217,129,554,655,904
48,36,87,72,467,559,904
86,46,331,183,558,655,904
81,45,227,161,561,658,904
24,20,46,39,423,525,904
31,24,107,85,461,564,904
36,22,71,52,472,565,904
52,30,143,80,510,606,904
23,22,25,24,350,453,904
65,45,112,84,517,615,904
59,37,167,111,521,623,904
25,20,40,34,409,509,904
44,29,129,102,490,589,904
48,32,109,80,488,588,904
66,31,215,101,564,658,904
59,40,131,91,488,586,904
32,24,54,46,408,502,905
27,20,43,28,396,482,905
26,20,88,74,438,539,905
30,22,44,25,395,494,905
33,22,68,50,420,529,905
32,22,61,47,440,543,905
36,25,54,36,421,516,905
25,21,37,32,379,500,905
63,36,95,50,472,569,905
80,44,269,140,568,663,905
22,20,26,22,370,482,905
55,39,174,132,513,610,905
47,29,87,55,459,552,905
26,22,55,46,424,528,905
26,20,49,36,415,488,905
56,27,147,92,524,625,905
27,24,36,37,402,510,905
29,20,56,38,452,543,905
38,29,75,57,456,542,905
40,28,76,51,440,527,905
75,34,119,45,499,598,905
43,30,108,74,466,557,905
126,56,396,165,622,720,905
35,28,48,40,423,510,905
236,90,559,253,649,747,905
65,32,194,125,535,636,905
27,22,37,24,381,489,905
45,35,102,82,480,580,905
398,99,929,396,767,861,906
37,28,85,65,466,567,906
32,24,46,39,413,513,906
31,22,28,19,364,476,906
22,20,49,48,398,501,906
43,35,95,79,473,571,906
23,20,37,37,394,475,906
38,30,102,89,476,566,906
30,21,80,59,461,554,906
26,21,56,49,404,524,906
25,20,34,33,400,505,906
71,46,114,64,490,588,906
24,21,33,27,398,489,906
33,25,94,70,469,574,906
32,24,34,28,398,498,906
36,22,50,32,417,521,907
27,24,27,24,355,449,907
27,21,58,54,399,496,907
44,24,93,51,444,550,907
33,24,75,57,459,565,907
49,27,144,86,523,621,907
32,26,62,52,441,538,907
38,30,75,60,459,558,907
31,21,45,27,393,487,907
43,32,92,75,468,562,907
42,31,68,47,444,544,907
46,31,112,85,502,601,907
23,22,42,41,400,510,907
30,21,53,32,417,504,907
35,23,84,72,458,560,907
40,30,89,71,462,562,907
23,22,31,33,376,483,908
41,20,94,42,466,567,908
65,31,212,132,547,643,908
47,30,93,70,493,591,908
200,93,599,367,665,761,908
40,21,94,54,471,574,908
55,36,174,110,519,618,908
44,23,64,37,441,541,908
46,30,95,70,484,587,908
47,33,95,71,480,574,908
24,25,42,45,381,485,908
65,39,177,119,538,639,908
159,67,534,290,648,743,908
35,25,96,70,483,585,908
25,22,49,42,390,485,908
21,20,37,40,405,496,908
36,21,80,66,478,573,908
58,30,120,71,534,629,908
31,25,40,33,382,489,908
98,43,208,101,547,648,908
23,20,66,66,417,516,908
77,44,268,177,574,674,908
38,22,66,56,431,543,908
26,20,72,57,437,532,909
31,20,68,58,463,558,909
41,31,79,66,467,573,909
25,24,30,34,394,477,909
27,21,66,45,401,499,909
27,21,56,47,421,528,909
79,42,197,133,573,666,909
22,20,40,36,360,462,909
66,29,343,208,585,686,909
76,38,270,173,571,668,909
30,26,44,44,394,495,909
29,25,55,48,420,515,909
60,39,120,91,501,593,909
25,20,57,47,411,514,909
109,50,357,160,613,704,909
36,23,58,42,442,549,909
90,46,251,140,575,672,909
33,25,51,35,427,530,909
120,62,448,276,626,726,909
159,83,422,223,626,721,909
52,33,114,80,487,589,909
26,20,37,32,376,485,909
73,42,149,70,532,630,909
26,22,33,31,395,505,909
20,21,41,47,374,476,909
72,44,171,112,539,638,909
20,20,33,31,369,473,909
29,26,53,41,399,500,909
170,61,540,221,639,736,909
155,54,568,205,655,750,909
123,62,318,178,601,695,909
22,20,43,40,389,484,909
118,53,256,128,573,674,909
217,65,707,271,682,780,909
106,62,311,205,579,675,909
61,37,106,82,492,593,909
39,28,37,27,401,495,910
68,33,227,89,542,641,910
26,21,45,33,396,492,910
24,21,27,22,380,478,910
28,23,51,43,409,490,910
56,34,150,103,521,621,910
43,26,80,34,449,525,910
43,28,152,112,502,605,910
46,31,72,53,462,560,910
26,21,43,33,406,485,910
52,32,147,88,517,616,910
40,33,85,77,459,552,910
53,33,160,118,519,617,910
49,36,148,118,499,602,910
42,25,100,70,499,592,910
67,23,133,50,491,593,910
91,42,220,128,561,660,910
43,26,91,60,458,553,910
33,24,85,68,484,581,910
150,63,464,261,632,731,910
50,42,62,56,450,557,910
36,20,116,84,480,580,910
177,83,454,200,629,727,910
38,26,98,79,475,569,910
21,21,23,28,392,492,910
21,20,52,46,387,476,910
57,34,242,172,546,646,910
40,24,107,76,489,583,910
65,28,115,53,500,598,910
198,84,625,357,690,785,910
36,25,66,49,452,542,910
31,22,80,59,472,572,910
30,25,50,45,437,536,910
45,32,146,95,517,618,910
61,43,124,96,510,607,910
125,68,269,168,584,684,910
60,48,160,137,510,610,910
78,41,181,118,550,650,910
37,25,61,39,449,533,910
46,35,103,82,501,592,911
107,57,279,168,596,691,911
27,24,58,50,424,525,911
40,26,108,76,477,575,911
51,34,133,109,516,617,911
21,20,34,30,387,488,911
28,24,64,64,437,536,911
120,47,380,199,594,691,911
72,30,192,97,540,640,911
47,31,94,68,480,577,911
89,49,190,112,547,643,911
100,54,295,157,590,687,911
72,44,158,87,524,615,911
46,26,122,82,501,598,911
26,20,51,47,407,506,911
28,26,43,40,423,520,911
39,27,109,94,477,581,911
110,60,356,235,600,699,911
69,37,189,116,529,624,911
136,58,700,409,718,814,911
53,34,50,32,459,557,911
61,36,155,98,508,616,911
324,83,601,134,661,758,911
93,56,254,167,566,664,911
37,26,59,30,423,507,911
186,86,515,224,628,725,911
33,29,50,47,433,541,911
33,24,61,50,420,529,912
45,32,98,70,481,580,912
25,21,63,57,436,527,912
247,94,684,224,675,773,912
28,22,42,41,420,517,912
37,25,72,44,447,543,912
50,31,108,70,485,570,912
26,20,53,39,407,505,912
36,25,111,84,493,585,912
31,26,48,41,426,513,913
32,23,50,39,436,534,913
27,21,58,50,418,520,913
53,37,118,86,492,586,913
29,26,57,49,422,487,913
42,28,71,51,473,561,914
67,24,230,103,554,653,914
33,26,68,57,433,538,914
29,24,31,31,409,498,914
32,21,41,22,389,492,914
39,29,70,58,453,545,914
66,40,167,104,522,625,915
41,23,86,59,467,567,915
54,37,86,61,489,583,915
25,24,41,40,398,491,915
30,24,57,46,421,516,915
22,20,37,36,408,500,915
40,29,72,64,454,557,915
25,20,67,65,420,533,915
64,44,172,136,520,619,915
25,23,37,36,365,475,916
34,24,73,59,449,550,916
47,28,70,42,457,543,916
27,24,29,27,365,476,916
54,39,91,67,475,574,916
52,37,98,75,501,591,916
34,29,64,56,454,540,916
33,24,71,63,444,541,916
50,25,78,52,465,579,917
28,22,73,55,420,535,917
31,20,47,24,400,469,917
104,34,325,117,591,689,917
41,21,63,31,446,544,917
26,21,50,40,395,498,917
20,20,19,24,339,454,917
30,24,61,57,432,531,917
98,57,293,205,580,679,917
24,23,14,17,355,467,917
24,21,43,39,386,486,917
24,21,48,50,411,517,918
58,35,151,114,522,613,918
48,28,131,82,501,591,918
22,20,42,40,405,484,918
32,28,37,37,391,499,918
42,30,103,87,477,578,918
61,32,176,93,527,624,918
39,28,84,73,470,568,918
32,26,38,27,415,496,918
25,22,32,28,374,477,919
27,22,48,33,425,501,919
51,38,71,54,485,583,919
45,33,99,70,475,565,919
34,31,43,40,407,501,919
76,53,233,176,544,641,919
39,26,83,57,465,561,920
25,22,41,41,423,509,920
45,24,172,110,528,619,920
22,20,56,53,418,507,920
54,35,174,131,537,636,920
52,32,138,104,503,597,920
41,30,66,51,436,536,920
48,30,122,77,496,593,921
48,27,98,68,483,581,921
58,41,79,51,468,562,921
47,34,120,90,493,594,921
31,21,61,35,418,505,921
35,25,98,75,463,555,921
27,22,61,53,423,514,922
51,26,145,78,504,589,922
29,21,80,64,454,545,922
28,20,64,45,424,519,922
26,21,57,51,439,540,922
62,42,137,102,508,607,922
26,20,42,32,387,466,922
29,22,37,32,404,537,922
34,24,46,34,411,521,922
116,67,197,99,631,662,922
24,20,36,28,382,501,922
35,30,77,63,443,536,922
186,78,420,169,618,710,922
37,29,59,49,456,557,922
26,24,33,37,384,475,922
31,20,73,61,459,557,922
25,21,40,36,382,491,923
28,22,58,48,419,525,923
25,21,29,26,388,483,923
24,21,31,30,383,495,923
30,24,69,55,448,547,923
25,23,60,59,400,501,923
45,26,111,67,478,577,923
30,23,67,55,431,525,923
30,25,67,62,418,521,923
34,29,68,53,441,534,923
20,21,23,30,354,466,923
49,38,94,58,480,569,923
35,24,121,91,480,576,923
31,21,51,34,446,546,924
83,41,253,123,555,650,924
21,22,30,34,369,458,924
28,21,65,56,424,523,924
63,41,168,128,530,633,924
26,22,52,45,398,517,924
67,43,131,97,502,604,924
34,22,70,50,436,540,924
37,32,61,54,438,529,924
46,29,115,80,480,579,924
25,23,33,32,367,467,924
22,22,34,34,382,488,924
21,20,20,26,362,452,924
87,43,174,90,532,623,925
40,28,99,76,479,573,925
45,31,84,69,470,571,925
89,55,141,73,515,614,925
29,24,42,38,413,525,925
83,50,202,142,558,653,925
32,29,55,52,423,503,925
37,24,68,44,442,520,925
24,23,55,54,400,499,925
40,22,72,39,438,539,925
33,26,75,60,442,547,926
30,21,47,36,407,519,926
27,23,59,50,413,522,926
67,43,184,134,525,620,926
25,22,41,35,387,494,926
36,28,58,40,435,516,926
150,63,418,164,628,726,926
129,71,240,142,576,674,926
35,25,112,84,463,573,926
33,20,71,51,455,554,926
60,37,191,124,531,627,926
62,40,153,103,536,635,926
31,20,101,79,448,553,926
56,34,182,122,527,625,926
41,27,88,62,442,543,926
66,38,110,58,514,611,926
32,22,53,45,450,549,926
33,25,72,52,448,541,926
35,24,122,93,487,584,926
27,20,54,36,388,496,926
39,32,55,52,436,542,926
23,21,22,21,352,441,926
55,29,185,139,531,623,926
275,118,617,260,669,766,926
71,42,139,72,512,607,926
31,24,50,41,412,506,926
163,66,485,216,635,729,926
138,59,503,228,630,727,926
103,48,342,168,598,694,927
19,20,32,37,362,462,927
26,24,31,32,388,484,927
208,85,441,174,633,727,927
65,36,116,62,503,595,927
99,54,276,175,592,689,927
27,20,34,26,400,496,927
29,22,63,52,430,519,927
27,22,62,59,422,530,927
28,26,20,24,327,424,927
43,28,75,52,448,533,927
26,23,43,40,390,472,928
31,20,88,68,462,566,928
56,30,130,79,502,591,928
28,21,72,55,420,507,928
35,20,88,61,458,559,928
22,20,32,34,338,477,928
194,79,387,119,638,735,928
35,34,75,74,451,543,928
29,25,50,53,439,535,928
27,23,35,31,388,486,929
42,30,89,69,480,581,929
46,35,85,67,475,570,929
30,24,60,48,433,535,929
38,26,101,79,473,569,929
35,26,94,81,449,561,929
94,56,246,135,567,663,929
93,54,317,198,584,681,929
28,22,54,44,412,503,929
41,24,93,61,481,564,929
29,23,38,36,395,518,929
25,21,44,41,382,494,929
29,20,58,41,429,536,930
39,30,75,68,459,563,930
36,24,113,82,486,580,930
52,30,96,73,471,571,930
169,55,499,170,631,729,930
31,25,45,39,433,524,930
30,22,45,37,432,525,930
23,24,30,37,357,454,930
83,52,151,106,525,622,930
30,21,70,45,447,531,930
108,49,284,138,582,675,930
107,58,344,214,603,702,930
33,24,69,47,442,537,930
202,69,730,294,707,801,930
39,27,87,68,458,551,930
19,20,14,18,345,418,930
87,41,221,102,545,639,930
37,27,86,70,468,566,930
190,66,614,233,654,753,930
23,20,64,54,428,514,931
38,23,83,63,457,559,931
53,43,87,74,473,571,931
49,31,99,66,472,567,931
63,41,163,98,505,592,931
29,23,48,37,423,523,931
40,31,83,63,455,561,931
110,55,440,221,620,715,931
44,24,111,66,483,575,931
26,22,47,42,410,510,931
22,20,26,28,348,448,931
31,25,65,53,441,536,931
38,24,110,77,498,591,931
36,26,66,47,434,535,931
131,62,416,256,622,714,931
41,32,95,71,487,581,931
147,54,381,132,602,698,931
112,69,281,175,573,665,931
36,23,74,50,458,553,931
29,26,32,33,384,490,931
152,75,733,261,710,806,931
56,25,98,36,484,571,931
33,27,73,65,446,544,932
35,22,72,46,435,542,932
28,26,55,51,431,524,932
103,55,475,298,620,715,932
37,31,59,54,448,546,932
67,48,149,107,509,603,932
31,21,86,64,442,541,932
29,20,54,38,442,532,932
48,28,124,86,502,593,932
37,20,56,30,440,551,932
75,37,270,155,569,664,932
29,20,42,27,399,495,932
42,25,149,98,496,597,932
35,27,48,39,430,527,933
90,40,286,108,582,678,933
44,28,101,66,497,587,933
157,67,575,296,646,739,933
36,25,66,49,413,519,933
40,25,82,48,477,577,933
34,29,51,47,435,549,933
43,31,85,65,474,571,933
24,21,39,37,397,497,933
30,24,37,38,436,532,933
54,33,188,138,528,628,933
83,48,165,100,543,638,933
28,20,58,43,426,508,933
34,28,98,86,467,566,933
40,26,75,53,451,544,933
164,73,377,170,610,702,933
29,24,59,46,432,509,933
29,23,85,72,432,543,933
26,20,42,37,398,512,933
86,56,218,158,556,652,933
84,40,292,169,593,691,933
171,79,527,275,642,739,933
28,20,66,56,435,535,933
201,81,769,399,727,822,933
26,20,59,49,437,536,933
38,31,53,45,438,536,934
90,45,307,187,572,671,934
23,21,24,24,356,444,934
317,99,635,189,673,766,934
63,43,119,79,505,596,934
85,51,238,140,562,655,934
77,42,278,175,577,673,934
169,89,373,216,612,710,934
73,37,278,174,580,676,934
289,98,764,309,715,808,934
85,47,214,113,548,637,934
69,44,229,155,551,644,934
53,34,160,120,525,621,934
26,20,36,32,397,489,934
52,36,97,58,464,562,934
64,34,200,132,550,641,934
30,26,61,48,415,520,934
33,28,55,50,434,529,935
30,25,52,43,404,514,935
29,26,63,59,431,540,935
23,20,36,34,399,502,935
46,31,99,68,479,576,935
38,25,78,52,465,558,935
28,24,43,43,418,505,935
25,21,43,43,417,523,935
31,24,70,46,423,518,935
22,20,31,29,345,466,935
46,30,73,48,464,556,935
27,22,84,73,455,552,935
31,27,49,48,423,519,936
22,20,48,47,398,501,936
44,31,80,54,466,554,936
60,39,172,133,534,632,936
39,31,78,62,463,561,936
31,20,62,43,427,517,936
116,52,299,136,588,685,936
33,26,59,44,430,521,936
36,25,53,38,450,554,936
87,43,244,141,570,668,936
140,58,285,100,585,681,936
53,34,135,95,508,606,936
89,42,196,108,548,655,936
134,68,492,291,640,737,936
78,42,280,192,568,658,936
21,20,36,34,349,455,936
27,21,47,34,401,496,937
41,26,143,112,498,591,937
31,21,67,49,456,554,937
107,52,435,264,629,723,937
78,53,149,111,532,630,937
35,21,87,61,457,551,937
73,49,143,102,510,601,937
345,114,785,368,764,858,937
23,21,28,25,397,483,937
27,21,67,54,460,549,937
25,21,33,31,386,493,937
24,20,67,62,441,530,937
32,25,44,35,426,514,937
97,59,200,132,559,653,937
249,62,714,220,658,756,937
40,34,74,76,447,548,937
67,42,129,77,524,620,937
33,22,62,42,421,517,938
49,31,69,45,469,578,938
38,24,54,40,414,521,938
78,56,115,80,496,588,938
39,25,95,70,473,567,938
24,20,63,52,416,515,938
57,39,158,112,528,624,938
40,26,90,59,486,582,938
19,20,14,20,341,414,938
23,21,40,36,392,509,938
38,24,64,36,447,539,939
36,21,87,63,452,549,939
48,33,110,78,482,580,939
29,22,68,49,419,526,939
32,22,43,39,401,506,939
71,50,139,104,506,604,939
63,43,174,120,527,624,939
88,44,221,133,566,664,940
49,21,124,76,495,583,940
26,21,46,41,378,510,940
24,20,26,23,388,485,940
50,31,121,94,501,597,940
29,20,60,53,460,558,940
53,32,110,80,498,595,940
22,22,40,48,393,496,940
31,22,76,62,439,535,940
26,23,59,53,392,518,940
32,22,118,84,493,589,940
64,45,104,71,479,580,940
36,21,104,73,484,588,940
49,36,131,106,496,596,941
44,32,98,72,478,571,941
70,54,140,101,505,593,941
43,29,127,80,491,587,941
40,32,39,33,428,532,941
58,41,119,82,501,599,941
27,23,68,63,419,528,941
43,28,143,91,512,613,941
28,25,43,45,383,486,941
23,20,43,32,383,484,941
29,26,40,42,427,522,942
61,35,254,170,560,657,942
43,30,124,87,504,602,942
30,23,77,69,447,540,942
28,22,57,51,450,542,942
18,20,32,37,361,457,942
39,25,67,49,437,528,942
32,25,91,78,447,545,942
58,43,109,84,504,589,942
64,37,160,108,510,607,942
50,28,132,90,498,591,942
37,20,71,36,458,544,942
71,48,197,123,513,606,943
56,37,111,80,492,591,943
29,25,39,39,407,511,943
59,33,200,115,526,620,943
41,27,72,46,453,546,943
31,24,76,73,444,549,943
49,26,185,105,515,612,943
38,33,64,61,440,541,943
46,21,74,46,460,560,943
37,26,55,46,436,548,943
32,24,71,56,445,534,943
44,27,98,62,521,622,943
39,26,80,47,440,539,943
76,37,254,157,555,652,943
96,42,265,104,570,665,943
19,20,24,30,344,453,943
38,26,110,85,484,573,943
54,39,108,89,492,592,943
27,24,37,36,419,514,943
29,25,42,38,385,481,944
38,26,130,100,501,601,944
57,37,79,49,480,571,944
38,22,33,18,421,507,944
48,41,82,80,472,571,944
41,33,68,58,447,537,944
68,29,216,130,556,648,944
40,25,93,67,484,579,944
41,28,89,78,480,578,944
90,57,203,141,558,653,944
92,51,171,95,553,650,945
30,26,44,38,426,531,945
108,52,220,92,556,652,945
60,32,133,67,507,605,945
90,40,300,151,584,683,945
95,49,282,154,578,676,945
56,28,199,117,562,656,945
201,90,635,255,664,761,945
54,35,115,71,481,577,945
25,21,38,38,387,491,945
31,24,50,44,441,538,945
46,34,88,77,473,573,945
86,34,204,86,564,659,945
384,94,947,189,696,794,945
26,21,49,38,432,521,945
54,30,145,98,519,620,945
51,34,102,74,504,600,945
27,23,44,34,409,512,946
25,21,34,30,381,481,946
22,21,32,33,351,462,946
23,22,22,21,380,469,946
29,21,49,40,435,538,946
32,25,68,53,439,536,946
36,26,86,66,466,558,946
49,28,213,136,541,632,946
32,26,92,81,466,560,946
36,28,47,39,412,510,946
31,20,72,49,455,558,946
34,24,84,67,465,558,946
20,21,29,35,364,460,947
51,31,134,76,475,575,947
38,27,99,79,483,579,947
32,25,71,52,445,542,947
170,68,620,322,670,765,947
78,46,195,124,554,651,947
162,63,325,116,597,693,947
210,65,507,171,630,728,947
25,20,54,43,418,523,947
34,25,47,34,436,520,947
44,25,118,77,499,592,947
54,29,94,64,486,581,947
55,37,105,80,512,617,947
39,33,79,71,462,555,947
49,33,96,63,486,582,947
25,24,23,24,376,474,947
43,26,108,72,479,579,947
27,23,37,36,410,510,947
32,23,51,34,413,524,947
35,22,55,39,436,531,947
28,21,68,60,440,536,948
35,22,47,28,397,516,948
30,22,45,31,402,485,948
121,62,393,214,621,723,948
31,25,32,28,386,482,948
51,33,82,57,475,576,948
40,28,121,91,489,589,948
30,20,86,64,461,550,948
89,47,305,191,581,677,948
38,31,56,48,424,514,948
19,20,21,22,371,479,948
38,30,87,68,469,564,948
124,60,345,191,599,693,948
31,25,63,58,437,545,948
50,29,145,93,504,607,948
42,37,46,45,414,515,948
34,27,59,47,436,533,948
38,26,76,57,472,569,948
23,21,19,17,338,425,948
55,28,93,49,483,550,948
27,21,53,41,434,520,948
30,23,41,30,421,525,949
85,45,235,145,562,666,949
26,22,41,43,399,507,949
112,45,354,175,599,695,949
43,21,88,41,467,557,949
30,20,78,53,435,536,949
29,20,75,57,455,557,949
36,20,117,82,480,580,949
27,20,62,52,414,520,949
123,62,388,230,618,716,949
35,25,53,45,444,550,949
38,26,73,50,464,563,949
37,26,62,45,444,550,949
27,23,51,45,424,532,949
60,30,124,62,503,599,949
42,32,97,77,459,553,949
72,44,185,130,539,637,949
67,39,217,130,554,654,950
59,35,136,91,510,599,950
60,37,141,105,512,611,950
68,35,280,147,581,681,950
30,22,55,46,450,550,950
52,28,167,106,503,600,950
53,27,156,115,520,617,950
48,32,199,142,545,643,950
34,26,72,59,457,551,950
69,46,125,80,511,614,950
27,24,44,43,401,493,950
22,20,37,36,384,485,950
48,35,100,81,456,558,950
134,54,316,170,590,688,950
57,33,141,94,515,627,950
56,34,115,72,493,587,951
33,31,46,46,421,512,951
32,27,55,50,439,531,951
64,41,148,108,518,609,951
34,24,48,35,437,528,951
45,29,116,70,486,581,951
44,28,96,69,474,560,951
27,22,74,60,427,529,951
30,24,71,59,443,519,951
64,40,213,158,533,630,951
20,20,30,29,317,425,951
32,25,81,74,454,553,952
35,24,81,61,458,549,952
34,25,49,37,413,495,952
43,31,82,66,465,569,952
38,26,61,40,462,550,952
37,23,81,55,452,545,952
30,20,56,40,438,524,952
40,27,86,48,469,568,952
28,24,34,32,400,513,952
69,34,263,148,562,658,952
67,44,121,89,511,612,952
49,34,123,83,500,597,952
35,30,71,61,437,525,952
25,21,44,41,402,511,952
37,26,97,67,454,554,952
33,27,89,73,460,556,952
68,46,154,128,528,633,952
44,29,119,93,488,584,952
28,22,52,46,427,508,952
26,23,59,56,415,507,952
50,38,83,58,460,562,952
140,68,347,159,609,703,952
31,21,71,52,454,546,953
38,24,81,65,458,555,953
25,20,82,64,462,555,953
126,54,414,222,621,719,953
29,23,103,83,462,565,953
21,21,29,31,359,445,953
21,20,24,19,352,473,953
38,26,74,49,453,552,953
27,20,98,82,455,553,953
40,26,70,52,457,565,953
45,29,119,80,503,597,953
39,25,86,59,460,552,953
28,23,51,38,397,497,953
22,21,34,35,366,465,953
36,22,81,62,448,561,953
125,66,273,168,593,691,953
37,26,149,102,455,569,953
80,39,176,108,545,640,953
29,20,64,44,437,532,953
40,25,93,68,481,584,953
36,24,75,60,437,549,954
88,42,276,132,580,676,954
30,28,44,50,422,527,954
33,24,68,54,452,544,954
82,55,157,121,517,615,954
34,22,54,35,428,557,954
220,80,579,198,651,747,954
25,20,61,53,420,521,954
28,21,77,59,452,539,954
32,26,73,64,428,527,954
40,23,143,85,503,604,954
45,26,82,53,448,552,954
32,29,43,41,397,500,954
59,34,172,110,531,633,954
26,22,64,55,426,538,954
27,20,70,61,426,537,954
37,22,64,38,436,525,954
31,26,45,33,356,471,954
34,24,97,78,482,582,954
30,24,68,48,442,529,955
41,26,111,83,487,581,955
37,26,68,42,433,534,955
31,23,56,40,444,532,955
62,34,126,73,500,600,955
54,34,215,137,539,639,955
47,30,107,68,488,585,955
35,24,39,22,400,466,955
162,70,470,217,636,736,955
24,24,44,41,403,497,955
35,28,77,73,453,549,955
22,20,38,39,391,481,955
76,42,185,93,537,635,955
33,28,63,53,438,542,955
123,59,641,425,675,771,955
22,23,30,33,374,479,955
36,26,50,34,419,496,955
197,67,670,338,709,805,955
83,47,245,150,576,676,955
97,42,332,147,596,691,955
74,39,191,117,541,642,955
157,66,532,275,662,756,956
30,26,51,39,400,490,956
32,23,79,55,451,544,956
384,113,798,264,698,794,956
56,38,129,101,496,596,956
33,26,77,61,448,554,956
53,34,81,55,467,562,956
43,26,138,95,498,596,956
43,28,87,69,466,566,956
21,20,39,39,387,491,956
70,43,97,45,490,570,956
24,20,40,39,427,520,956
68,41,183,127,538,637,956
25,22,34,37,400,495,956
66,43,72,38,456,556,956
32,22,69,58,475,575,956
23,21,50,47,420,511,956
49,33,78,58,451,549,956
42,26,92,68,472,562,957
53,39,125,103,507,605,957
33,24,73,60,446,543,957
29,20,43,27,424,538,957
58,39,136,96,511,613,957
69,42,224,162,555,652,957
27,25,39,39,404,503,957
158,57,342,152,594,694,957
32,20,60,38,430,521,957
49,32,143,102,510,606,957
61,41,153,114,509,607,957
47,38,52,43,430,531,957
39,23,67,36,425,494,957
68,42,217,160,546,641,957
43,32,50,40,440,535,957
32,25,65,53,423,524,957
32,22,77,60,459,558,957
118,58,452,254,624,722,957
91,51,287,146,600,695,957
50,31,129,94,502,601,957
54,36,193,137,532,630,957
189,73,561,232,651,748,957
40,28,56,41,431,543,958
183,76,616,348,669,764,958
33,21,74,53,435,523,958
63,38,131,105,515,619,958
72,38,158,88,516,614,958
27,25,49,33,436,537,958
27,24,67,66,437,539,958
29,20,63,47,430,522,958
21,20,50,49,393,506,958
42,30,128,104,517,615,958
65,46,150,115,527,627,958
29,20,48,34,421,514,958
39,29,88,66,470,564,958
34,22,103,76,462,567,958
90,56,251,166,567,662,958
63,45,137,104,518,618,958
38,23,73,44,458,559,958
54,26,207,110,542,646,958
28,20,37,33,372,480,958
24,21,40,32,358,465,958
32,26,52,40,428,522,958
84,42,289,175,582,686,958
35,24,64,50,433,531,958
45,34,100,78,498,599,958
88,41,173,102,519,622,958
44,32,90,70,470,572,959
20,20,20,26,340,438,959
27,22,37,33,407,523,959
178,82,446,177,642,736,959
35,25,99,75,471,570,959
68,47,205,156,549,646,959
145,58,439,235,622,723,959
217,90,669,315,699,794,959
26,20,64,49,444,553,959
52,30,88,53,452,544,959
33,32,51,48,418,514,959
24,21,38,38,385,487,959
38,24,71,49,445,544,959
19,20,31,32,384,468,959
31,20,80,59,449,555,959
34,29,77,75,445,551,959
38,22,63,36,446,550,959
26,25,26,26,375,459,960
30,26,62,51,438,529,960
36,25,70,51,445,536,960
29,25,50,44,413,516,960
48,29,105,70,470,580,960
25,22,53,53,432,526,960
28,22,35,33,414,499,960
35,20,93,69,476,576,960
50,40,135,109,483,587,960
36,21,45,23,396,489,960
62,41,195,160,529,626,960
32,27,52,45,430,523,960
27,24,36,29,412,492,960
32,24,80,61,434,537,960
70,41,191,111,530,629,960
70,31,178,96,526,626,960
31,27,40,40,419,509,960
81,42,224,138,538,636,961
37,26,39,27,398,505,961
52,33,87,62,481,577,961
38,29,53,40,435,529,961
57,32,188,131,541,640,961
66,46,189,142,541,638,961
54,40,110,87,483,583,961
24,21,36,31,412,503,961
53,34,112,85,500,594,961
38,24,111,72,493,594,961
22,22,29,30,391,495,961
35,22,95,73,469,583,961
30,22,97,87,463,566,961
35,23,84,48,469,567,962
34,24,87,64,474,576,962
109,66,238,128,569,667,962
45,28,81,55,455,589,962
57,35,205,138,546,640,962
67,30,188,91,533,637,962
47,33,99,73,488,588,962
38,28,50,34,418,513,962
59,41,125,90,496,601,962
105,51,485,237,617,717,962
34,33,41,38,396,478,962
70,44,211,149,560,659,962
110,43,330,157,591,682,962
72,42,193,125,541,636,962
38,26,144,108,505,594,962
53,25,240,133,549,647,962
43,31,83,56,467,557,962
42,30,105,77,486,593,962
74,48,141,87,498,597,962
60,46,122,93,502,601,962
28,26,70,55,439,537,962
28,21,55,44,397,501,962
41,28,121,83,486,587,962
21,20,25,19,352,449,962
41,28,105,81,474,572,962
18,20,15,21,310,410,962
59,35,182,124,532,627,963
31,23,110,84,453,564,963
32,24,92,78,474,573,963
72,41,215,100,545,644,963
74,39,182,104,526,625,963
34,27,90,80,472,563,963
31,23,61,43,426,538,963
47,34,105,73,483,582,963
63,41,108,76,500,601,963
29,21,125,78,460,564,963
33,22,75,62,473,572,963
82,48,157,88,510,606,963
26,23,60,48,418,523,963
33,27,52,44,396,505,963
44,35,73,60,440,538,963
103,46,229,84,567,664,963
37,32,77,76,453,557,963
27,25,38,37,400,494,963
97,49,256,142,568,664,963
26,20,40,33,387,495,963
32,21,84,56,462,550,963
57,37,122,80,498,599,963
44,30,100,80,480,584,963
86,60,259,202,571,669,963
128,50,364,157,614,711,963
27,20,69,58,463,560,963
91,45,314,196,607,704,963
40,31,71,58,459,557,963
106,55,424,275,619,719,963
35,28,49,41,439,544,963
59,39,154,119,519,617,963
22,22,34,37,375,486,963
248,71,707,223,670,766,963
80,33,158,95,524,628,963
24,20,50,49,410,512,963
21,21,20,26,406,497,963
52,37,86,69,479,579,964
25,23,38,38,393,504,964
31,24,71,56,439,547,964
64,48,89,59,499,597,964
30,22,41,25,395,483,964
49,24,169,96,528,622,964
164,63,336,137,605,705,964
27,22,48,42,380,501,964
50,27,97,39,469,567,964
44,27,87,67,484,585,964
28,23,59,54,450,552,964
38,27,96,72,458,553,964
37,27,94,82,439,552,964
34,26,71,58,437,547,964
31,25,60,56,426,535,965
44,23,117,75,491,578,965
61,28,93,32,467,542,965
47,25,187,120,535,635,965
25,20,45,30,385,480,965
45,38,77,70,476,567,965
31,25,54,45,427,515,965
47,30,82,60,459,552,965
36,25,53,41,423,533,965
28,23,72,59,447,550,965
35,28,85,77,459,562,965
43,27,96,64,469,567,965
40,28,82,56,465,560,966
36,27,55,42,462,565,966
22,20,42,37,360,471,966
44,25,161,114,521,624,966
59,28,122,68,494,607,966
135,53,568,278,661,756,966
64,42,131,99,500,594,966
25,20,40,38,411,503,966
106,52,408,223,612,711,966
39,30,45,38,423,517,966
56,35,203,154,539,631,966
77,48,146,95,520,614,966
184,85,436,208,628,724,966
70,34,225,106,578,671,966
37,31,106,88,479,581,966
110,54,321,190,593,694,966
119,52,390,207,610,706,966
34,21,79,45,468,546,966
31,21,126,98,481,592,966
47,23,115,58,499,598,966
27,22,38,30,390,500,966
33,29,57,53,442,530,966
93,49,214,116,545,642,966
45,31,111,77,483,584,966
24,21,45,32,393,482,966
117,33,772,279,708,810,966
37,28,63,50,452,541,967
40,29,85,59,445,544,967
48,32,106,74,478,584,967
20,20,34,36,370,474,967
27,20,77,63,452,545,967
88,52,272,173,583,683,967
35,22,75,48,436,532,967
41,29,62,50,456,560,967
32,22,95,78,477,577,967
39,25,68,57,447,561,967
32,20,117,89,500,594,967
24,23,40,42,403,471,967
42,31,81,71,465,574,967
50,26,122,70,484,588,967
70,41,206,144,547,648,967
29,21,60,54,438,538,967
64,37,191,123,521,612,967
101,48,274,123,575,671,967
27,20,49,31,424,523,967
55,32,152,105,519,618,967
22,21,39,38,386,474,968
34,20,121,86,485,595,968
123,60,461,245,639,736,968
49,24,81,44,482,580,968
111,57,188,97,559,654,968
33,23,54,41,430,529,968
44,31,137,99,507,608,968
63,42,127,80,512,605,968
79,49,183,127,556,651,968
22,21,40,40,407,504,968
53,31,150,104,516,619,968
28,25,56,56,418,528,968
97,56,298,177,573,670,968
53,31,151,99,531,629,968
25,22,46,42,384,487,968
59,34,139,90,503,597,968
31,28,36,43,397,507,968
71,47,154,122,532,629,968
87,42,306,190,576,678,968
38,22,153,96,521,624,968
90,40,461,270,630,724,968
50,34,120,79,487,587,968
28,22,46,39,407,515,968
122,55,502,293,637,735,969
30,22,75,64,450,562,969
66,35,200,137,548,649,969
37,24,94,70,473,568,969
310,121,702,393,758,852,969
27,20,45,38,399,501,969
37,23,126,101,500,595,969
25,23,46,41,400,504,969
31,26,92,70,457,563,969
99,53,261,141,580,678,969
216,82,841,406,779,874,969
43,24,77,41,453,544,969
49,31,127,92,502,599,969
24,20,48,38,436,538,969
46,31,102,89,481,593,969
242,82,671,264,665,760,969
35,29,76,61,453,552,969
83,43,244,150,571,670,969
25,21,45,41,442,526,969
43,33,82,65,457,546,969
44,27,74,52,457,549,969
38,24,169,133,517,614,969
166,57,714,376,719,813,969
45,32,106,86,488,583,969
42,23,166,121,539,643,969
85,32,377,192,605,705,969
76,43,236,145,557,656,969
34,26,105,72,460,558,969
90,54,168,95,533,632,970
34,25,66,45,433,521,970
39,27,81,61,463,564,970
65,35,221,141,561,658,970
28,22,36,30,405,509,970
42,36,97,91,476,569,970
25,20,42,35,380,477,970
29,24,63,50,431,522,970
69,40,191,115,547,650,970
51,40,85,77,480,577,970
32,24,65,52,430,516,970
93,47,250,141,567,666,970
80,48,281,187,569,666,970
25,23,32,30,390,479,970
81,50,224,155,550,645,970
50,35,74,47,483,581,970
85,30,685,279,653,751,970
34,31,37,37,423,511,970
25,20,38,32,389,486,970
37,22,52,36,435,539,970
40,27,65,46,448,555,970
34,23,57,36,432,527,970
32,29,34,27,382,495,970
67,34,281,128,573,672,970
38,30,84,77,455,558,970
50,31,109,81,491,589,970
60,39,136,102,522,618,970
105,58,247,124,547,645,970
38,26,58,48,448,541,970
103,52,306,196,588,684,970
29,22,81,66,450,546,970
75,39,228,140,556,650,971
43,27,112,83,501,599,971
22,20,54,50,411,507,971
63,35,176,109,533,624,971
214,86,641,381,698,796,971
50,32,123,91,496,594,971
147,68,596,336,673,772,971
22,22,35,37,387,489,971
41,34,84,79,473,570,971
96,49,219,121,543,639,971
59,38,118,86,499,597,971
28,22,72,49,450,545,971
43,28,97,66,476,571,971
283,92,856,417,774,868,971
54,33,141,97,507,608,971
30,25,69,68,433,541,971
28,21,75,62,442,542,971
37,26,59,49,432,543,971
37,20,101,70,467,564,971
36,26,88,69,477,570,971
35,26,94,73,460,559,971
27,25,59,52,416,506,971
87,53,206,134,562,657,971
24,22,69,62,436,545,971
34,22,64,50,446,537,971
42,24,99,61,469,568,971
54,32,132,89,504,604,971
42,29,150,120,508,598,971
44,28,76,47,458,548,971
24,22,65,51,430,533,971
35,27,52,50,439,535,971
53,27,153,89,511,611,972
22,22,34,35,372,476,972
52,31,131,94,499,597,972
48,37,129,104,498,599,972
79,44,160,97,534,633,972
50,37,89,74,463,551,972
70,44,178,122,533,628,972
123,53,327,164,624,726,972
26,23,51,42,422,504,972
71,44,216,144,549,647,972
22,21,39,40,380,492,972
155,60,633,289,674,771,972
26,20,43,34,410,499,972
65,47,180,138,528,624,972
30,20,73,53,452,560,972
25,20,68,60,424,526,972
62,44,133,101,524,618,972
52,27,177,99,531,620,972
87,48,313,203,597,694,972
24,23,32,36,367,478,972
69,36,123,61,509,607,972
23,20,73,58,435,541,972
37,27,60,44,429,518,972
78,52,182,115,512,610,972
101,44,233,111,569,665,972
57,28,143,74,516,607,972
91,41,179,77,542,643,972
44,27,145,98,500,605,972
113,59,320,191,601,697,972
58,31,100,56,481,582,972
32,25,55,41,425,528,972
280,79,792,388,737,834,972
29,21,52,23,435,521,972
318,115,854,373,760,853,972
75,46,259,186,559,659,972
71,35,216,120,563,659,972
29,24,65,51,443,537,972
53,41,104,79,490,585,972
25,22,32,32,385,501,972
53,40,119,85,489,593,972
51,31,160,117,516,611,972
50,32,156,113,513,607,972
43,33,88,76,479,578,972
123,66,321,172,600,693,973
49,33,103,72,469,557,973
33,26,66,49,435,534,973
29,20,57,37,418,504,973
36,23,101,77,473,578,973
126,67,313,199,611,708,973
29,21,79,59,456,549,973
30,24,56,46,410,516,973
96,29,313,110,566,665,973
23,22,24,22,333,465,973
31,27,61,57,436,544,973
61,38,104,63,489,577,973
119,68,300,190,582,677,973
42,31,75,50,451,544,973
57,33,135,89,507,609,973
90,46,242,131,555,653,973
29,22,83,62,463,566,973
265,69,617,227,663,766,973
29,24,67,57,431,528,973
25,21,76,58,454,559,973
104,51,424,210,604,702,973
143,56,481,182,621,714,973
91,57,223,145,567,664,973
29,24,50,44,397,513,973
140,47,396,126,609,704,973
40,26,116,79,499,599,973
30,25,39,37,414,511,973
97,44,406,226,612,710,973
147,66,438,232,629,724,973
46,32,156,118,494,599,973
27,20,56,43,417,520,973
29,21,70,60,413,518,973
41,28,146,98,518,606,973
78,37,196,88,546,644,973
41,23,73,37,453,522,974
172,63,592,213,668,765,974
60,26,206,96,540,636,974
44,23,150,91,519,615,974
342,113,781,316,735,836,974
80,49,168,93,527,616,974
25,22,57,54,403,506,974
23,20,44,43,388,490,975
42,29,96,76,472,580,975
27,20,89,64,453,534,975
30,25,51,46,414,518,975
46,35,90,77,463,568,975
32,24,65,51,463,553,975
50,23,154,87,502,597,975
23,21,39,37,380,481,976
33,25,69,42,433,530,976
26,21,50,49,395,509,976
27,20,66,44,410,506,976
37,27,99,81,486,591,976
49,30,121,78,496,588,976
32,24,52,42,417,514,976
75,41,256,179,560,658,976
27,20,60,49,419,513,976
29,22,55,44,427,525,977
34,24,51,34,419,517,977
50,36,128,96,499,588,977
44,27,58,34,463,567,977
35,26,86,68,473,565,977
25,20,50,48,413,512,977
24,20,68,59,431,536,977
46,30,97,76,470,564,977
27,27,18,18,372,451,977
42,33,54,49,423,529,977
40,20,64,29,431,530,977
49,33,107,80,494,580,977
41,31,69,52,440,535,977
88,41,170,69,526,631,977
23,22,24,27,391,480,978
81,51,201,142,553,648,978
26,20,50,42,423,518,978
29,22,47,41,442,531,978
137,60,401,123,613,711,978
32,21,66,50,455,550,978
36,25,54,41,419,522,978
25,22,39,38,380,479,978
29,29,44,50,387,474,978
23,20,34,34,401,500,978
35,20,67,31,438,532,978
53,36,102,75,487,583,978
26,24,46,40,422,524,978
28,21,44,33,427,517,978
36,23,64,38,447,521,978
64,41,116,77,506,605,978
55,36,139,102,517,611,979
30,24,38,38,428,516,979
90,58,243,160,549,649,979
53,27,141,80,510,610,979
41,30,88,66,464,559,979
40,35,87,81,449,556,979
44,23,88,53,469,580,979
32,20,47,28,426,534,979
48,26,127,84,498,595,979
29,24,63,55,416,521,979
66,38,242,131,543,640,979
26,21,41,39,401,503,979
37,26,97,71,467,564,980
30,26,48,46,403,506,980
52,27,181,104,533,633,980
33,23,62,53,437,555,980
29,24,64,61,433,536,980
49,31,206,126,522,620,980
28,23,62,55,444,534,980
36,29,76,62,457,551,980
32,26,44,35,435,524,980
36,22,108,81,474,575,980
39,23,70,45,462,555,980
24,20,51,49,411,519,980
29,22,30,19,407,498,980
28,25,32,32,405,493,980
26,21,65,56,424,515,980
59,34,156,96,515,613,980
53,34,109,77,491,586,980
192,57,667,208,693,791,980
24,21,41,38,405,505,980
26,20,74,62,447,540,981
58,37,135,81,503,598,981
30,25,68,63,438,534,981
26,20,50,42,420,519,981
30,22,75,59,428,525,981
59,36,65,41,479,587,981
25,23,40,40,411,510,981
30,22,60,44,442,541,981
26,22,51,46,424,523,981
26,22,39,34,376,479,981
42,28,70,52,450,555,981
42,24,167,102,519,617,981
25,22,47,43,407,505,981
25,20,41,31,412,507,981
34,25,60,44,431,531,981
37,24,77,52,434,534,981
25,20,61,52,423,528,982
26,20,49,38,410,508,982
36,29,87,74,458,550,982
28,23,55,47,421,501,982
84,48,251,157,569,659,982
26,25,53,52,420,515,982
44,37,80,70,473,574,982
68,44,156,109,538,630,982
63,37,206,136,543,644,982
26,21,35,31,387,490,982
39,23,86,55,469,561,982
24,20,30,27,360,471,982
30,26,59,51,426,523,982
78,29,183,91,543,632,982
30,22,64,52,460,549,982
60,33,136,78,506,604,982
27,20,80,70,462,561,982
38,33,69,65,448,539,982
24,24,34,39,387,495,982
81,52,148,100,521,620,983
42,24,90,44,459,549,983
73,41,249,164,577,672,983
61,35,189,127,538,636,983
24,22,29,27,389,468,983
28,21,68,58,450,539,983
61,34,297,199,586,683,983
34,26,48,38,404,497,983
31,25,45,36,411,507,983
25,20,53,49,410,517,983
59,35,194,138,538,636,983
54,37,151,113,505,607,983
34,26,84,70,470,569,983
54,39,123,106,502,600,983
20,21,25,28,346,451,983
41,24,103,70,486,582,984
29,20,81,61,441,542,984
34,22,56,32,434,536,984
28,22,27,28,379,493,984
36,26,86,55,463,560,984
33,24,62,39,412,510,984
45,26,53,32,438,537,984
38,26,75,51,445,548,984
44,32,71,53,455,547,984
35,31,58,58,426,529,984
50,28,167,111,526,628,984
30,24,56,51,454,551,984
22,21,51,48,403,489,984
21,20,31,31,402,499,984
19,20,17,23,344,439,984
44,27,107,66,498,604,985
34,25,64,47,441,556,985
41,27,100,59,471,565,985
58,31,155,104,542,640,985
27,26,28,31,381,490,985
54,27,132,70,511,608,985
50,27,192,117,537,637,985
69,35,108,54,502,602,985
86,60,159,113,520,615,985
42,20,100,60,478,576,985
48,36,83,61,462,558,985
37,26,132,104,492,589,985
61,49,135,112,501,598,985
26,22,19,20,376,442,985
28,26,41,41,409,501,985
77,34,215,88,556,656,985
59,37,93,57,459,556,985
25,25,42,46,387,491,985
40,28,67,48,432,521,985
45,31,86,67,462,564,985
22,22,28,29,413,486,985
61,34,155,84,522,621,985
55,39,108,72,492,593,985
39,26,82,65,462,558,985
52,36,110,81,478,580,985
36,21,71,42,444,542,986
28,23,64,60,441,540,986
28,23,43,38,407,487,986
28,25,80,81,430,542,986
47,34,92,73,452,559,986
46,31,163,115,499,593,986
36,21,101,62,472,562,986
35,23,82,55,449,529,986
44,30,79,57,472,567,986
44,30,109,81,477,563,986
28,22,65,53,420,522,986
30,21,50,35,427,506,986
50,36,65,54,440,542,986
230,89,602,283,654,749,986
30,24,41,27,405,510,986
28,22,87,71,460,549,986
62,29,179,94,509,602,986
110,55,325,175,586,682,986
36,24,108,78,511,605,987
33,22,68,48,453,550,987
34,27,66,53,433,524,987
54,29,240,162,555,651,987
56,26,172,66,519,617,987
21,22,26,32,370,476,987
25,21,46,38,422,503,987
35,28,90,78,453,558,987
34,22,80,62,453,540,987
24,20,50,42,425,515,987
38,20,103,65,507,600,987
54,29,157,85,515,615,987
105,52,433,246,619,717,987
45,30,122,87,503,607,987
24,21,46,45,416,502,987
39,25,73,40,458,550,987
47,37,77,60,456,539,987
50,28,156,93,519,617,987
115,43,354,151,593,691,987
32,22,74,58,444,551,987
36,27,61,51,447,542,987
31,21,90,66,471,562,987
41,25,122,81,492,585,987
52,35,153,117,516,617,987
36,33,62,56,418,512,987
58,40,140,92,510,604,987
48,29,87,60,476,540,988
38,24,104,67,479,565,988
30,20,54,33,435,526,988
28,21,54,49,445,526,988
72,42,185,114,549,648,988
51,31,100,67,464,562,988
28,23,57,51,445,525,988
19,20,30,36,379,458,988
161,72,545,231,642,740,988
47,38,74,61,455,550,988
32,27,63,58,403,505,988
33,22,51,34,412,518,988
37,27,51,39,408,514,988
30,22,51,34,437,531,988
33,20,54,38,428,530,988
113,61,315,201,594,692,988
141,63,443,216,621,718,988
47,32,130,100,501,592,988
29,22,83,67,446,549,988
91,51,266,165,567,667,988
29,25,62,56,439,532,988
93,51,190,106,543,637,988
42,22,133,81,501,590,988
33,22,51,37,438,520,988
37,24,51,33,431,534,988
78,46,266,164,564,654,988
46,29,115,81,512,601,988
110,60,241,133,553,653,988
225,82,678,311,671,768,988
69,44,189,121,541,633,989
28,22,64,55,424,525,989
23,20,43,31,400,487,989
55,33,165,116,539,638,989
97,58,277,175,574,672,989
60,38,209,154,542,640,989
37,34,72,74,448,537,989
33,25,99,72,459,554,989
47,28,137,88,518,611,989
99,55,211,113,556,652,989
52,29,155,77,508,604,989
283,90,663,229,659,755,989
38,26,69,49,415,490,989
71,37,173,83,534,629,989
21,21,28,28,376,476,989
42,27,83,56,472,569,989
65,28,286,148,559,656,989
200,83,645,369,696,791,989
42,22,124,81,476,572,989
38,29,92,79,477,566,989
48,37,81,63,481,573,989
47,36,106,88,474,568,990
87,54,248,171,563,660,990
21,20,47,44,422,505,990
45,35,70,52,442,527,990
40,34,54,49,445,520,990
65,29,212,120,566,662,990
25,20,59,48,433,529,990
38,34,50,50,442,538,990
98,45,263,135,578,677,990
24,22,48,44,416,523,990
55,34,112,79,486,585,990
42,31,70,39,451,545,990
33,28,78,68,460,556,991
42,26,216,160,539,642,991
32,26,51,43,408,535,991
31,26,63,52,414,516,991
40,23,61,45,448,546,991
23,21,32,34,373,475,991
20,20,26,30,369,456,992
34,30,57,49,424,516,992
34,29,57,45,427,531,992
27,21,60,49,434,532,992
32,25,66,50,439,545,992
44,23,127,70,508,602,992
162,75,590,281,644,738,992
23,23,38,45,383,490,992
25,20,61,55,427,526,992
143,80,290,153,592,688,992
23,22,34,35,404,506,992
20,20,44,44,401,483,992
35,23,46,27,425,501,993
39,23,83,61,474,573,993
21,21,38,39,382,466,993
43,28,74,53,468,556,993
30,23,75,59,445,540,993
47,30,114,73,479,579,993
66,33,156,95,518,619,993
24,20,35,29,375,465,993
28,21,18,20,361,482,994
32,23,58,45,432,530,994
34,26,88,71,458,558,994
34,27,83,72,454,558,994
34,28,56,44,413,516,994
62,33,93,40,486,580,994
39,27,98,72,483,583,994
37,32,59,52,423,516,994
86,46,292,182,574,673,994
66,39,113,81,504,621,995
37,28,98,85,477,570,995
66,40,149,108,544,642,995
33,27,63,53,418,516,995
29,26,63,60,413,514,995
40,20,207,118,532,631,995
35,22,121,85,463,554,995
42,31,74,48,472,561,995
31,27,34,32,380,483,995
38,30,91,70,484,578,996
41,27,92,65,487,587,996
91,49,251,162,561,660,996
58,39,110,78,494,593,996
22,20,36,34,367,464,996
49,28,144,94,498,598,996
29,22,57,49,422,532,997
22,21,36,38,411,500,997
42,27,81,56,459,543,997
34,24,99,86,491,587,997
34,21,58,37,429,519,997
110,58,442,260,626,718,997
93,33,314,118,563,666,997
38,30,68,56,433,534,997
39,27,70,49,454,560,997
34,22,90,63,453,546,997
72,38,192,97,550,650,997
32,27,43,40,439,533,997
29,22,69,56,443,536,997
31,21,47,37,427,519,997
29,24,35,24,383,468,997
24,23,41,39,369,479,997
22,20,25,27,382,478,997
37,26,80,54,441,536,998
29,28,45,46,377,475,998
28,24,84,76,422,516,998
30,28,42,44,394,491,998
37,30,71,55,445,541,998
29,27,46,47,394,496,998
69,47,143,94,510,606,998
38,22,104,68,468,562,998
32,21,61,36,445,525,998
102,50,247,126,547,644,998
63,37,113,66,489,580,998
41,33,86,66,466,571,998
21,22,28,31,350,467,999
37,29,70,58,433,533,999
45,30,107,65,480,572,999
26,21,42,32,403,490,999
21,22,22,23,374,451,999
26,20,50,48,430,528,999
34,25,86,58,450,554,1000
25,25,33,31,379,463,1000
91,49,186,122,544,650,1000
45,25,92,54,467,574,1000
52,39,108,92,487,587,1000
73,34,240,129,579,677,1000
51,37,111,85,493,589,1000
53,32,144,104,493,592,1000
23,21,42,39,377,505,1000
27,23,29,27,395,486,1000
36,24,59,36,453,549,1000
30,24,40,35,418,501,1000
38,29,64,55,452,554,1000
50,21,83,39,467,566,1000
33,27,45,43,446,535,1000
23,21,34,34,374,480,1000
66,39,217,131,546,644,1000
34,24,74,64,441,550,1000
28,20,22,15,391,493,1001
30,20,77,59,462,540,1001
23,20,41,40,377,476,1001
76,38,217,99,555,652,1001
87,46,198,99,548,642,1001
77,45,218,151,552,657,1001
37,23,116,82,490,577,1001
29,22,77,61,452,545,1001
31,21,48,40,419,511,1001
32,26,76,64,443,549,1001
59,39,154,119,506,602,1002
61,44,145,117,504,600,1002
91,50,290,187,586,683,1002
79,47,175,92,537,632,1002
33,22,120,75,484,574,1002
32,22,98,78,461,560,1002
36,27,53,43,447,549,1002
70,34,239,144,563,661,1002
78,44,194,107,543,642,1002
33,24,58,44,426,533,1002
35,25,63,52,454,549,1002
107,65,230,129,553,651,1002
71,40,221,141,555,655,1002
29,24,58,53,443,531,1002
53,33,117,79,491,595,1003
39,25,81,52,454,546,1003
47,28,122,71,497,598,1003
25,23,35,34,398,494,1003
31,21,37,30,411,510,1003
36,25,83,67,461,561,1003
26,21,53,43,399,503,1003
50,34,128,88,503,597,1003
109,69,239,128,551,649,1003
41,36,65,61,448,545,1003
28,25,81,75,440,540,1003
81,47,156,90,543,616,1003
41,27,105,77,483,587,1003
31,21,77,58,442,549,1003
31,23,29,22,356,464,1003
42,34,37,31,429,523,1003
78,49,198,144,546,642,1003
32,21,96,69,458,555,1003
23,20,52,46,408,488,1003
33,24,64,43,436,523,1003
26,21,52,45,442,537,1003
51,40,129,112,487,589,1003
101,59,221,121,548,649,1004
31,22,89,77,459,559,1004
67,39,117,79,488,584,1004
29,23,48,38,436,532,1004
34,27,71,60,455,547,1004
220,69,494,212,621,718,1004
49,29,71,42,462,563,1004
153,67,561,194,636,735,1004
165,56,507,191,641,739,1004
34,23,56,34,434,529,1004
190,77,551,202,647,744,1004
52,31,139,93,508,602,1004
28,20,42,30,395,496,1004
103,43,540,260,636,735,1004
63,38,152,89,515,611,1004
26,22,57,56,434,536,1004
150,67,523,234,651,749,1004
120,69,306,196,587,685,1004
113,61,509,319,644,740,1004
49,37,116,95,493,590,1004
353,93,852,258,693,788,1004
128,69,349,221,605,702,1004
169,56,855,429,764,859,1005
25,21,53,47,429,515,1005
27,24,40,38,401,491,1005
52,28,119,75,492,586,1005
30,21,63,43,438,532,1005
121,39,804,397,748,847,1005
26,21,63,53,428,524,1005
49,28,114,61,489,582,1005
46,26,148,77,507,601,1005
42,28,110,81,470,560,1005
22,21,30,33,386,463,1005
27,20,30,18,395,486,1005
43,26,111,73,491,585,1005
46,31,91,58,464,562,1005
34,29,56,53,440,541,1005
24,23,41,43,370,484,1005
24,21,57,53,415,521,1005
36,28,51,37,432,530,1005
45,33,90,71,463,564,1005
34,25,68,57,452,556,1005
41,28,57,39,422,522,1005
28,21,67,50,421,518,1005
30,25,51,44,440,531,1005
45,30,93,59,475,571,1006
30,22,64,53,449,538,1006
55,32,136,104,505,603,1006
29,22,48,32,411,517,1006
48,31,150,116,508,619,1006
47,30,131,100,507,609,1006
46,27,95,71,466,558,1006
32,23,57,39,437,540,1006
28,22,67,61,444,545,1006
23,21,44,43,416,505,1006
25,23,60,59,433,530,1007
31,26,63,50,437,534,1007
39,25,84,52,440,534,1007
40,20,101,55,472,547,1007
39,28,102,76,465,566,1007
35,28,34,28,414,515,1007
53,44,89,74,465,561,1007
35,27,77,66,460,554,1007
26,21,30,27,399,508,1007
33,20,75,45,443,540,1007
29,20,55,38,408,513,1007
64,46,134,112,518,612,1007
35,26,72,59,441,547,1007
27,21,70,57,444,535,1008
65,34,210,134,547,647,1008
22,21,29,31,344,453,1008
34,24,63,46,446,542,1008
33,22,69,48,450,551,1008
48,31,70,55,450,539,1008
48,29,154,119,503,612,1008
42,32,43,34,422,529,1008
43,27,61,34,428,522,1008
64,39,191,137,535,637,1009
52,33,136,91,489,590,1009
59,37,144,103,511,611,1009
31,28,28,30,398,500,1009
46,21,97,59,473,576,1009
46,29,105,65,472,561,1009
46,23,71,34,448,551,1009
33,21,63,43,421,518,1009
37,22,106,76,483,581,1009
24,21,40,37,389,509,1009
26,24,35,32,412,511,1009
30,25,46,43,385,500,1009
24,20,35,30,356,458,1009
42,36,70,58,463,565,1009
51,33,117,79,490,596,1010
35,28,79,65,473,567,1010
44,24,73,47,444,558,1010
42,21,76,49,454,554,1010
46,37,74,61,437,534,1010
66,34,176,119,549,641,1010
53,39,116,89,492,583,1010
49,31,127,95,504,604,1010
26,25,29,34,389,500,1010
29,22,46,36,433,524,1010
31,20,45,26,415,509,1010
28,22,68,50,428,528,1010
86,40,176,93,530,631,1010
26,20,67,55,430,515,1010
40,23,72,47,448,550,1010
40,29,85,77,480,577,1010
148,80,274,152,593,690,1010
106,54,402,240,619,717,1010
20,20,41,43,381,470,1010
40,31,94,80,456,550,1010
22,20,58,57,419,525,1010
51,35,145,103,501,600,1010
30,21,55,38,407,521,1011
39,22,65,40,452,532,1011
76,42,243,160,563,660,1011
26,21,73,65,430,518,1011
33,21,46,32,392,503,1011
24,21,46,37,396,493,1011
39,25,63,36,441,547,1011
31,24,58,50,402,495,1011
76,29,328,150,591,684,1011
28,26,55,49,422,522,1011
47,27,104,73,480,586,1011
77,35,169,103,522,621,1011
36,25,73,58,472,566,1011
75,42,230,153,576,676,1011
67,47,103,78,502,593,1011
24,23,35,37,357,463,1011
25,20,44,41,408,506,1011
30,22,50,39,428,534,1011
46,27,86,55,463,554,1011
40,24,88,55,476,568,1011
32,23,68,52,445,540,1011
21,21,28,31,366,475,1011
173,76,370,139,604,702,1011
28,26,40,39,404,506,1011
150,78,378,245,610,707,1012
40,26,120,92,486,580,1012
74,45,89,52,478,569,1012
39,30,73,54,454,548,1012
159,69,637,323,676,773,1012
82,64,152,131,535,629,1012
88,50,367,224,617,714,1012
43,26,82,46,483,544,1012
25,20,26,18,372,498,1012
227,96,619,393,707,803,1012
203,68,606,287,681,778,1012
33,26,92,82,462,566,1012
24,20,64,57,428,537,1012
52,21,125,72,501,597,1012
29,22,52,38,417,515,1012
62,28,203,114,538,637,1012
139,73,431,252,618,716,1012
40,29,61,45,434,535,1012
58,37,95,70,483,583,1012
66,34,192,108,536,633,1012
44,34,116,79,491,588,1012
24,21,38,28,413,501,1012
31,21,40,22,372,469,1012
67,39,193,128,541,632,1012
164,80,450,220,635,730,1012
81,35,252,118,545,644,1012
391,101,924,363,775,870,1012
31,20,77,55,443,544,1012
26,21,71,59,410,527,1012
45,32,107,79,478,574,1012
27,22,53,49,415,514,1013
113,52,238,125,569,665,1013
48,37,107,93,480,576,1013
57,34,244,153,537,637,1013
60,32,130,73,500,602,1013
31,26,64,58,432,532,1013
56,38,144,112,511,614,1013
49,31,75,45,441,543,1013
58,42,138,112,514,611,1013
24,21,50,44,420,509,1013
60,39,145,114,517,616,1013
31,25,49,41,431,538,1013
36,28,76,59,454,545,1013
42,29,77,58,469,566,1013
45,30,115,81,498,584,1013
43,33,86,74,471,569,1013
35,26,83,67,444,535,1014
97,54,339,226,602,696,1014
23,20,54,50,422,517,1014
31,20,67,53,465,553,1014
46,32,70,45,457,543,1014
38,32,105,75,466,560,1014
48,28,107,74,487,585,1014
28,22,67,57,453,542,1014
46,40,51,43,426,532,1014
25,22,37,34,387,490,1014
27,25,52,49,426,530,1014
20,21,21,26,379,464,1014
56,34,154,107,504,596,1014
61,37,203,138,534,627,1014
41,22,81,40,447,544,1014
38,25,126,86,491,588,1014
38,21,138,58,489,574,1014
61,38,182,140,515,612,1014
30,21,73,57,456,565,1015
26,25,41,42,385,494,1015
88,57,180,121,538,634,1015
73,38,226,139,564,656,1015
39,25,70,46,455,558,1015
39,32,88,82,465,559,1015
26,21,41,32,359,481,1015
34,23,107,72,473,576,1015
24,21,44,42,422,506,1015
43,29,122,93,488,589,1015
63,32,169,99,538,635,1015
32,21,93,58,474,577,1015
29,22,54,44,396,501,1015
36,25,104,69,466,549,1015
81,48,197,134,545,642,1015
53,28,124,65,501,603,1015
50,28,129,80,493,592,1015
28,20,44,24,422,487,1015
42,25,107,75,480,579,1015
70,42,198,138,547,642,1015
30,24,59,50,409,520,1015
126,67,385,207,612,705,1016
42,29,82,61,477,571,1016
31,20,95,74,451,546,1016
31,22,47,38,432,528,1016
42,32,65,51,439,543,1016
33,24,74,59,439,529,1016
93,59,173,124,556,653,1016
32,28,60,56,414,521,1016
35,21,105,79,465,560,1016
26,20,41,28,413,483,1016
26,20,61,41,404,515,1016
78,41,152,79,517,616,1016
39,25,63,41,441,541,1016
31,27,74,63,427,529,1016
44,25,107,62,496,589,1016
37,23,90,58,465,561,1016
56,30,133,80,494,589,1016
27,22,37,36,416,497,1017
125,62,430,245,619,714,1017
113,54,360,202,604,704,1017
99,36,236,100,583,686,1017
82,45,263,154,575,670,1017
116,51,369,178,604,700,1017
26,20,43,27,365,504,1017
23,20,56,46,404,522,1017
157,58,629,261,671,769,1017
124,58,592,328,657,754,1017
24,21,36,35,400,516,1017
34,20,94,63,489,579,1017
42,25,88,58,470,572,1017
49,33,92,68,488,584,1017
105,50,387,195,590,683,1017
87,49,209,130,545,645,1017
171,56,461,137,630,725,1017
137,59,560,288,651,747,1017
164,64,666,249,679,776,1017
29,21,77,57,465,561,1017
31,22,92,70,473,568,1017
141,77,412,234,617,718,1017
312,84,641,160,690,786,1017
25,21,41,34,412,507,1017
151,54,686,342,687,785,1017
385,99,817,285,699,795,1017
72,41,138,94,510,605,1018
37,25,86,61,476,583,1018
34,20,55,38,434,526,1018
24,23,51,52,405,509,1018
39,29,76,62,451,546,1018
36,23,77,54,456,553,1018
26,23,49,49,402,499,1018
41,25,69,32,445,529,1018
57,28,152,70,523,621,1018
35,23,103,80,477,573,1018
49,26,86,48,483,580,1018
24,20,41,39,397,495,1018
44,30,112,83,492,586,1019
54,33,93,65,503,599,1019
26,26,28,32,364,483,1019
155,70,353,146,605,702,1019
62,45,150,121,510,609,1019
27,22,53,51,431,520,1019
137,49,448,169,618,714,1019
25,21,80,72,443,545,1019
39,28,47,39,411,514,1019
80,49,139,70,522,615,1019
65,38,161,99,518,620,1019
25,20,31,24,378,475,1019
61,31,115,66,488,590,1019
31,27,99,86,457,550,1019
31,23,57,47,436,543,1019
56,38,142,116,510,609,1019
21,20,25,28,390,493,1019
42,32,82,67,472,568,1019
48,30,89,62,473,578,1019
47,35,101,75,474,573,1019
88,48,213,127,560,656,1020
28,23,54,53,423,522,1020
27,21,45,39,410,512,1020
36,26,116,86,479,575,1020
21,20,33,35,361,473,1020
33,28,64,59,432,540,1020
29,21,51,43,423,521,1020
35,20,100,62,466,565,1020
23,20,42,42,432,515,1020
30,29,33,36,386,512,1020
26,22,51,47,405,505,1020
24,20,47,43,397,506,1020
92,51,245,133,578,676,1020
31,22,79,61,446,538,1020
31,24,54,43,441,543,1020
56,38,158,117,509,609,1020
30,27,52,44,415,492,1020
34,24,66,52,454,560,1020
83,36,228,99,556,649,1020
44,27,89,60,483,579,1020
27,24,39,40,418,520,1020
30,23,41,37,419,513,1020
40,28,94,70,480,577,1020
27,24,43,41,423,516,1020
23,20,48,43,412,520,1021
29,21,30,20,390,490,1021
23,22,26,26,385,483,1021
24,20,32,29,412,509,1021
61,35,148,90,522,616,1021
33,25,56,43,437,546,1021
44,27,93,59,478,578,1021
39,34,39,36,427,508,1021
20,20,17,24,334,435,1021
31,28,67,62,424,525,1021
21,22,24,25,358,451,1021
37,22,66,34,429,521,1021
28,22,57,49,437,528,1021
34,24,61,49,443,534,1021
44,27,114,84,479,582,1021
25,23,40,39,411,491,1021
36,25,81,66,470,565,1021
26,20,27,24,405,509,1021
29,20,54,38,431,552,1021
35,32,77,66,438,532,1021
71,39,169,101,522,627,1021
24,21,31,28,363,458,1021
51,35,119,85,495,596,1022
60,47,134,99,489,587,1022
62,30,140,84,530,632,1022
24,24,39,43,358,480,1022
37,20,113,80,485,589,1022
71,42,159,110,523,624,1022
26,20,42,36,388,485,1022
22,20,51,43,388,491,1022
71,42,199,130,549,645,1022
31,26,59,51,427,528,1022
119,64,295,171,590,685,1022
34,23,68,45,454,552,1022
31,24,57,43,424,523,1022
21,21,24,31,363,488,1023
26,23,46,41,413,516,1023
64,29,214,133,542,639,1023
30,26,50,47,389,500,1023
54,35,122,87,499,603,1023
44,27,126,81,499,592,1023
52,37,103,79,478,581,1023
28,21,49,39,414,510,1023
40,27,110,86,483,585,1023
28,23,40,35,414,518,1023
55,36,154,93,529,630,1023
32,26,55,51,417,525,1023
29,22,65,48,426,537,1023
19,20,23,29,354,431,1023
60,35,97,65,491,590,1023
89,52,242,136,553,646,1023
40,30,80,66,474,575,1023
49,29,141,97,519,614,1023
33,24,50,37,391,495,1023
