"FSC-A","FSC-H","SSC-A","SSC-H","530_30-Blue-A","582_15-Yellow-A","Time"
90,39,249,102,649,680,0
170,62,442,142,682,710,0
104,47,163,85,608,649,0
162,70,479,195,704,736,0
56,52,96,84,540,577,0
29,26,70,65,500,540,0
31,22,73,40,527,557,0
82,27,331,152,631,661,0
24,22,35,38,459,486,1
310,90,788,379,831,859,1
51,25,120,59,560,606,1
60,28,233,130,600,631,1
25,23,187,113,583,610,1
30,25,48,49,500,516,1
168,44,427,104,684,709,1
20,21,36,50,427,466,1
59,32,126,60,568,599,1
86,46,230,122,607,636,1
28,21,26,29,443,483,1
45,25,48,34,484,528,1
67,29,197,88,607,637,1
54,30,153,90,572,605,1
273,88,649,257,743,772,1
37,22,39,39,456,512,2
23,21,62,52,507,522,2
38,31,118,86,539,558,2
44,30,83,43,523,555,2
316,107,738,384,813,848,2
83,34,257,117,639,669,2
84,39,173,85,599,627,2
120,56,294,106,640,666,2
24,21,91,49,514,557,2
62,40,197,103,583,616,2
68,36,182,95,592,614,2
47,31,145,87,558,590,2
34,21,91,41,523,550,2
51,29,106,63,536,592,2
22,20,36,25,478,466,2
81,37,358,128,645,671,2
18,20,55,48,461,470,2
58,32,226,100,625,658,2
22,24,61,65,493,525,2
17,23,55,62,450,501,3
86,41,227,106,612,638,3
72,45,118,78,575,605,3
47,24,83,41,501,544,3
20,26,26,50,453,480,3
30,24,100,53,509,523,3
38,29,70,52,503,530,3
23,24,71,74,509,543,3
54,42,36,41,484,533,3
53,33,129,69,545,578,3
28,28,63,55,468,508,3
87,42,187,76,610,640,3
280,86,691,178,738,768,3
23,22,57,48,506,538,3
35,28,65,51,517,544,3
25,27,61,66,491,527,3
185,46,590,189,712,742,3
216,72,545,161,705,733,3
45,38,79,70,523,550,3
33,24,71,63,509,546,3
36,24,29,18,441,396,4
132,53,489,203,709,736,4
132,47,210,89,631,657,4
55,29,145,75,552,589,4
90,48,289,131,629,659,4
36,20,66,36,498,514,4
45,34,88,62,511,533,4
19,25,48,60,450,472,4
27,23,21,29,436,449,4
259,92,693,259,736,770,5
70,34,158,77,594,624,5
58,33,164,108,601,628,5
169,56,432,215,683,716,5
120,50,229,110,630,660,5
30,23,71,53,512,542,5
27,24,51,57,485,545,5
250,79,675,226,739,769,5
63,36,103,67,557,594,5
35,23,89,85,531,578,5
77,55,273,226,588,632,5
20,23,31,38,437,475,5
49,38,110,92,550,574,5
48,26,95,35,541,564,5
36,20,102,44,499,540,5
80,40,167,82,573,609,5
40,21,79,52,500,545,5
24,20,62,57,471,528,5
28,26,29,34,387,416,5
98,32,183,47,589,614,5
53,37,109,85,537,575,6
35,24,64,51,495,552,6
52,27,112,68,529,549,6
37,31,84,67,520,554,6
45,28,136,82,572,606,6
240,79,607,179,700,750,6
91,51,382,182,663,688,6
359,84,783,232,763,795,6
43,20,115,59,529,558,6
157,57,320,141,652,682,6
35,21,99,83,523,537,6
30,34,60,70,487,530,6
102,44,299,98,633,657,6
121,59,558,318,753,783,7
48,26,91,65,506,533,7
37,21,121,65,538,570,7
21,24,59,60,469,503,7
109,32,246,80,609,637,7
22,21,130,103,523,551,7
25,22,56,64,487,525,7
297,69,645,159,725,757,7
76,37,208,107,601,618,7
102,52,333,172,652,681,7
114,49,370,123,644,678,8
38,21,59,47,479,516,8
55,21,124,43,550,556,8
157,52,437,164,687,719,8
18,20,50,55,453,478,8
33,31,50,57,494,517,8
35,33,52,53,487,503,8
33,21,80,50,506,574,8
21,25,63,68,463,486,8
71,46,220,116,601,625,8
25,27,25,35,450,496,8
19,23,27,43,329,420,8
148,69,283,149,641,676,8
46,34,99,63,543,573,8
260,91,530,165,710,737,8
45,24,173,82,587,617,8
36,32,50,50,483,495,8
35,28,35,38,411,452,9
33,22,60,35,496,511,9
32,21,64,39,479,530,9
38,20,210,102,601,633,9
59,22,143,66,561,574,9
37,29,59,49,503,536,9
32,26,55,47,495,533,9
42,20,135,64,558,585,9
166,56,582,193,714,742,9
85,28,202,84,606,644,9
101,37,552,283,706,740,9
50,22,140,64,584,611,9
20,20,76,49,518,516,10
90,52,196,100,610,640,10
29,25,79,58,513,527,10
31,26,77,62,534,568,10
28,20,72,59,506,529,10
533,152,886,290,814,846,10
60,35,126,63,556,578,10
17,21,49,47,483,505,10
28,22,108,80,518,542,10
63,31,207,97,598,628,10
173,59,467,159,694,723,10
12,21,20,48,410,439,10
304,102,614,196,724,750,10
41,27,44,36,461,478,10
54,35,150,113,571,600,11
226,65,630,186,719,750,11
44,24,64,29,499,528,11
21,27,17,41,403,432,11
35,24,61,39,487,502,11
21,21,47,54,462,524,11
15,21,32,44,379,379,11
22,20,54,54,520,552,11
44,26,107,66,551,575,11
34,20,113,64,554,578,11
27,20,67,51,465,487,11
135,53,432,133,682,708,11
121,61,298,162,648,677,11
105,45,247,92,646,674,11
20,21,39,40,404,475,11
37,25,48,43,455,496,11
59,42,127,91,549,583,11
16,25,17,42,420,399,11
26,20,30,29,434,483,11
166,57,466,178,679,712,11
42,24,87,56,521,557,12
59,22,171,77,570,609,12
35,20,90,57,499,514,12
48,24,166,84,601,628,12
208,62,449,132,705,734,12
512,107,968,323,824,855,12
86,27,150,50,559,602,12
43,22,153,77,569,594,12
20,23,19,37,356,324,12
245,77,636,192,734,769,12
534,98,968,217,803,839,12
99,50,266,113,634,665,12
33,22,60,46,490,520,12
256,75,643,284,776,809,12
51,25,84,39,515,541,12
62,34,124,71,546,576,12
161,55,545,171,705,732,12
140,58,282,118,652,684,12
42,24,102,54,530,544,12
30,20,49,33,473,486,12
20,25,19,40,404,429,12
40,24,149,71,561,599,12
53,36,195,134,594,628,12
117,31,308,74,633,665,12
41,24,87,54,506,542,12
157,83,461,261,697,732,12
28,20,68,53,502,524,12
44,30,161,80,569,613,12
35,22,117,78,525,577,12
59,36,185,109,582,592,12
45,22,84,37,523,560,12
40,28,56,56,495,547,12
16,23,13,31,348,335,13
63,34,182,85,601,625,13
40,26,86,54,513,537,13
112,41,227,80,622,656,13
84,39,182,81,610,638,13
14,20,15,26,368,247,13
29,23,62,52,493,532,13
74,45,232,139,611,639,14
108,44,315,122,664,694,14
17,20,36,49,443,471,14
48,22,140,65,572,602,14
39,21,64,41,492,524,14
69,44,173,120,586,606,14
235,88,552,166,713,746,14
67,28,88,47,546,561,14
47,31,96,57,545,585,14
13,23,35,47,443,468,14
15,22,27,40,404,410,14
29,22,100,77,553,579,14
18,23,60,67,438,448,14
126,64,266,124,636,666,14
53,30,155,79,560,592,14
31,27,25,34,422,467,14
123,68,286,119,635,665,14
54,27,167,88,579,593,15
41,39,89,81,516,558,15
147,59,401,154,677,699,15
11,21,15,37,261,397,15
55,30,148,70,575,581,15
23,25,42,35,460,491,15
49,45,54,57,525,549,15
108,43,418,181,683,710,15
29,22,47,31,475,511,15
54,43,130,108,572,599,15
14,20,35,51,449,481,15
24,22,79,59,482,509,15
23,22,28,31,444,469,15
75,37,284,169,627,663,15
20,20,54,47,476,495,15
11,20,44,59,443,469,15
36,25,94,67,502,548,15
33,27,51,44,462,495,15
134,36,405,132,677,707,15
37,31,88,66,507,527,15
35,21,87,57,514,523,16
157,60,514,184,694,725,16
170,63,300,131,663,694,16
39,23,78,38,517,516,16
42,21,79,50,510,556,16
18,27,35,50,430,435,16
50,26,154,62,575,594,16
135,44,316,96,664,692,16
92,44,207,92,621,653,17
62,30,169,69,567,599,17
17,21,14,28,349,0,17
101,54,314,140,645,676,17
24,21,73,68,508,550,17
20,21,31,30,437,485,17
19,20,49,44,441,476,17
46,32,102,65,546,575,17
41,30,58,39,487,547,17
55,37,113,78,554,592,17
84,43,199,120,620,648,17
37,21,80,51,525,569,17
169,74,377,160,662,688,17
166,65,523,217,714,744,17
27,20,50,44,454,490,17
27,27,44,49,447,472,17
58,31,154,75,571,611,17
38,21,104,72,532,581,17
29,26,41,45,447,479,18
69,26,157,48,578,601,18
41,26,131,70,536,559,18
102,37,387,142,643,673,18
33,26,90,64,508,536,18
44,23,201,104,573,602,18
301,115,638,265,741,773,18
62,31,118,56,581,603,18
83,46,224,125,617,650,18
11,20,31,44,436,468,18
73,43,177,93,584,606,18
49,21,101,50,535,556,19
47,34,96,76,533,561,19
73,38,143,67,578,608,19
91,54,213,105,616,641,19
134,55,371,182,664,697,19
116,46,488,224,701,733,19
151,51,507,165,692,722,19
444,126,924,314,838,866,19
32,28,98,67,539,570,19
29,20,90,67,498,544,19
55,25,104,65,535,570,19
25,23,56,55,461,530,19
46,25,122,62,554,581,19
35,32,63,68,510,539,20
53,24,87,46,522,558,20
54,32,149,90,565,599,20
112,42,254,74,628,662,20
34,24,54,45,498,530,20
43,34,119,106,538,566,20
40,26,138,106,555,582,20
75,43,171,74,579,609,20
39,29,81,58,484,502,20
24,26,76,70,492,523,20
220,96,435,157,705,733,20
33,21,103,72,542,564,20
31,22,76,46,502,525,20
21,20,82,56,504,531,20
36,26,72,60,500,513,20
28,21,50,39,473,516,21
28,20,93,66,536,561,21
121,38,296,91,654,689,21
17,21,18,26,415,434,21
46,23,98,50,538,523,21
41,27,110,64,530,560,21
42,23,65,38,501,525,21
400,95,811,167,747,774,21
164,39,627,128,715,744,21
18,24,35,44,451,474,21
26,21,49,40,453,489,22
215,111,504,227,718,750,22
20,24,29,41,400,481,22
17,21,35,39,430,447,22
33,26,34,25,473,493,22
17,20,40,34,429,417,22
70,35,148,53,571,604,22
21,22,33,36,461,486,22
84,40,292,133,632,666,22
39,22,133,77,556,583,22
406,76,879,231,785,819,22
46,33,52,53,513,552,22
34,21,42,27,480,529,22
47,36,93,69,552,585,22
26,23,38,38,435,474,22
85,42,154,79,581,616,23
64,32,111,66,573,595,23
67,39,245,146,602,634,23
63,26,192,79,604,635,23
51,34,111,66,543,581,23
23,22,77,61,485,512,23
67,38,165,97,579,612,23
52,31,102,72,558,594,23
27,21,53,35,482,499,23
51,23,153,89,571,585,23
20,20,41,41,480,513,23
28,20,47,39,443,469,23
40,21,82,46,531,558,23
61,28,274,156,622,662,23
24,21,71,52,468,462,23
22,22,15,27,376,462,23
29,21,85,58,511,546,23
51,30,142,77,551,586,24
46,35,129,95,574,608,24
42,33,83,69,536,562,24
26,20,94,51,523,504,24
59,21,139,51,564,605,24
32,21,52,39,463,506,24
49,23,148,74,569,610,24
45,21,102,43,543,580,24
83,48,198,94,594,614,24
92,41,385,152,662,688,24
55,27,176,96,565,598,24
35,22,78,50,504,541,24
40,22,101,47,524,542,24
30,25,61,39,491,516,24
18,21,27,35,386,433,24
31,20,85,58,516,559,24
49,28,122,58,551,580,24
64,32,150,94,579,611,25
27,22,55,47,486,542,25
22,23,95,75,529,529,25
29,21,60,43,473,527,25
48,28,129,73,557,587,25
29,20,76,58,513,502,25
23,23,105,92,522,555,25
34,20,71,42,524,557,25
33,20,56,38,493,531,25
23,20,62,48,496,506,25
32,20,110,69,533,561,25
67,32,180,76,574,610,25
54,35,141,87,569,615,26
67,45,211,160,615,644,26
22,20,34,35,438,503,26
34,21,92,57,518,532,26
23,21,58,53,502,506,26
44,20,60,29,508,553,26
64,25,147,70,577,605,26
38,20,70,38,501,540,26
27,20,75,51,530,555,26
33,22,81,41,506,528,26
33,20,78,53,507,521,26
51,35,121,55,563,580,26
34,22,74,49,502,527,27
93,43,214,95,631,657,27
92,50,185,86,616,647,27
60,29,231,119,606,629,27
24,23,64,56,486,538,27
57,25,104,40,551,559,27
35,21,60,34,500,513,27
51,38,61,51,507,527,27
20,24,36,50,442,487,27
60,31,160,76,577,606,27
46,30,71,54,526,563,27
89,42,201,92,618,648,27
289,93,696,260,753,786,27
20,20,31,37,458,498,28
37,23,138,98,559,583,28
33,26,25,23,478,504,28
51,21,130,45,548,581,28
27,27,44,43,464,473,28
38,34,89,96,533,563,28
23,25,35,48,458,499,28
103,47,282,102,650,681,28
26,21,133,84,545,572,28
19,23,22,41,437,473,28
184,88,404,208,687,714,28
94,33,268,92,624,659,28
19,22,41,53,468,497,28
36,22,116,68,544,591,28
33,22,94,54,511,539,28
60,30,200,118,612,647,28
42,29,85,56,537,557,28
36,22,100,60,532,570,28
54,42,129,102,553,587,28
41,22,80,52,530,569,28
54,25,189,58,604,625,28
54,25,122,41,561,594,28
52,32,126,60,542,576,28
133,59,336,162,650,691,28
64,50,235,162,624,655,28
81,41,168,99,596,628,29
52,27,168,92,568,597,29
185,63,342,101,662,690,29
133,60,307,136,654,679,29
123,47,532,223,700,738,29
44,27,70,59,510,563,29
48,20,120,58,552,537,29
64,30,166,76,586,618,29
32,26,80,58,531,556,29
41,23,189,99,592,624,29
68,58,163,139,586,619,29
17,21,47,57,488,534,29
31,22,71,43,522,544,29
107,59,385,247,674,703,29
18,21,29,42,421,424,29
203,54,596,143,714,745,29
50,31,97,64,538,566,29
31,26,82,53,513,543,29
143,57,440,191,679,707,29
90,40,272,144,631,664,29
20,28,37,56,437,468,29
32,21,99,55,540,527,29
30,24,91,61,514,548,30
99,55,215,100,601,619,30
39,23,49,34,484,543,30
28,26,22,32,408,451,30
27,24,45,55,487,534,30
21,20,63,60,502,545,30
36,20,74,35,510,547,30
51,28,99,54,557,591,30
26,20,57,36,453,496,31
51,31,144,72,579,608,31
43,26,98,42,546,558,31
86,45,199,109,603,637,31
17,21,15,28,386,437,31
38,24,54,31,480,530,31
64,35,97,62,552,577,31
49,20,122,58,550,582,31
38,29,68,60,515,541,31
55,33,97,60,534,563,31
38,20,126,82,542,587,31
125,41,340,141,651,681,31
44,21,88,36,547,603,31
63,28,109,57,576,619,31
95,39,257,93,645,670,31
86,41,411,194,673,701,31
56,28,196,74,588,614,32
32,26,30,29,451,457,32
50,26,130,69,555,574,32
44,22,143,77,558,578,32
29,23,84,46,501,510,32
44,29,65,40,524,555,32
36,23,99,58,518,553,32
32,20,62,31,486,527,32
27,21,56,28,478,493,32
29,20,68,55,494,521,32
26,20,46,48,491,503,32
62,32,150,56,589,620,32
58,37,108,82,552,581,32
36,29,91,67,548,581,33
35,25,92,63,522,557,33
22,26,20,31,396,370,33
22,20,38,43,442,498,33
41,30,109,81,559,595,33
38,27,107,57,551,575,33
76,40,195,86,594,636,33
209,86,546,210,716,744,33
59,24,137,62,566,602,33
29,28,54,53,500,523,33
174,69,428,133,683,724,33
187,53,510,195,695,724,33
255,88,594,229,725,752,33
28,26,99,100,513,558,33
15,23,26,44,435,468,33
51,22,147,55,561,589,33
50,28,92,61,540,567,33
42,33,81,68,516,550,33
23,22,30,41,461,488,34
86,37,263,109,631,665,34
43,22,54,30,501,539,34
42,27,95,65,535,580,34
137,53,593,196,701,727,34
21,21,36,46,479,528,34
121,43,457,164,660,702,34
21,20,58,50,452,490,34
168,64,500,158,690,718,34
61,32,161,84,588,618,34
126,43,343,104,650,678,34
88,33,350,124,640,674,34
60,35,194,115,577,613,34
62,26,222,112,624,657,34
39,23,109,49,531,558,34
140,41,417,114,667,692,34
49,31,116,56,560,577,34
24,25,64,72,507,533,34
88,37,384,151,646,672,34
161,57,623,230,728,758,35
58,39,116,91,565,597,35
361,98,758,277,771,800,35
40,31,115,82,532,558,35
27,24,45,40,445,467,35
19,20,29,37,430,489,35
60,41,101,45,542,559,35
19,20,23,31,424,431,35
22,24,43,52,438,463,35
58,34,132,58,573,605,35
36,21,83,51,529,568,35
34,23,79,60,521,538,35
14,20,20,36,383,403,35
45,30,137,113,596,631,35
225,65,614,184,732,759,35
56,32,164,74,563,587,35
190,79,566,277,732,761,35
49,38,119,79,555,579,35
164,57,408,149,672,705,35
56,24,154,69,566,603,35
68,46,129,70,579,609,36
85,35,170,94,597,610,36
118,60,350,148,666,702,36
41,26,49,30,516,531,36
22,23,41,42,402,440,36
25,24,34,39,444,466,36
59,45,115,79,548,572,36
63,28,204,100,607,637,36
83,41,200,92,606,633,36
40,21,81,49,525,559,36
79,38,171,90,605,647,36
24,22,33,39,446,498,36
70,40,254,148,615,646,36
26,20,58,53,487,550,37
18,23,36,46,442,487,37
40,24,189,116,578,613,37
230,73,551,209,714,742,37
119,52,494,248,688,725,37
37,29,105,75,532,551,37
42,25,105,49,536,552,37
43,27,82,62,526,557,37
54,29,110,68,544,580,37
57,43,202,113,575,604,37
87,52,279,175,629,663,37
25,21,42,39,488,523,37
21,20,66,52,498,519,37
45,35,82,72,542,571,37
52,27,122,69,548,585,37
60,29,134,77,589,621,37
18,20,28,34,421,448,37
66,22,148,47,566,598,37
81,34,177,75,603,635,38
31,24,93,64,504,535,38
79,45,214,142,601,636,38
47,23,148,76,585,619,38
33,20,69,27,500,542,38
51,42,46,52,510,537,38
24,25,67,65,525,567,38
52,43,92,79,520,564,38
117,66,271,147,630,660,38
71,31,144,97,585,617,38
88,37,274,108,630,656,38
47,29,152,99,587,612,38
42,28,62,34,500,539,38
182,60,697,236,742,781,38
44,34,95,71,531,557,38
31,23,74,56,483,513,38
31,22,93,75,532,553,38
27,21,72,38,469,533,38
31,21,52,36,452,525,38
51,26,129,65,554,582,39
99,41,321,110,657,678,39
47,37,77,66,539,564,39
223,86,519,200,710,740,39
70,31,179,85,630,646,39
18,22,25,34,419,424,39
75,35,463,230,664,698,39
34,21,87,57,506,555,39
34,28,92,87,526,563,40
62,36,173,102,598,631,40
56,35,132,74,577,606,40
41,23,75,51,515,567,40
44,23,74,48,548,579,40
126,66,373,200,668,698,40
25,20,58,47,468,496,40
58,33,153,83,578,616,40
43,33,154,117,590,623,40
26,21,25,24,450,464,40
35,29,107,72,547,583,40
40,22,151,70,558,594,40
67,44,141,98,581,603,40
282,108,565,204,721,751,40
31,25,37,37,497,533,40
16,21,38,34,459,463,40
196,76,553,237,716,754,41
109,55,296,137,655,684,41
221,82,521,160,704,732,41
102,39,239,106,629,673,41
34,21,68,54,488,520,41
77,40,135,72,579,614,41
61,25,108,41,543,572,41
81,42,171,80,599,629,41
35,23,71,50,507,529,41
58,39,171,126,581,605,41
57,33,134,58,568,574,42
66,31,144,61,590,618,42
46,26,132,86,554,575,42
37,21,43,28,488,555,42
632,113,882,208,814,846,42
56,22,123,48,545,581,42
29,21,34,29,467,492,42
41,23,101,54,533,569,42
53,21,127,50,559,591,42
27,21,34,35,459,474,42
35,23,51,37,486,503,42
44,27,93,46,528,557,42
74,50,158,105,595,625,42
38,30,110,98,568,602,42
38,22,83,49,528,541,42
29,25,119,100,551,587,42
22,23,43,51,430,485,42
19,21,39,42,453,465,42
35,26,85,66,493,534,43
38,30,46,45,500,525,43
115,55,317,113,650,686,43
56,36,142,116,576,608,43
26,21,70,53,506,541,43
25,22,25,33,459,504,43
71,47,131,89,576,614,43
52,38,157,104,585,621,43
53,23,147,60,557,582,43
37,24,69,60,489,526,43
61,33,167,93,579,610,43
116,44,342,126,647,676,43
40,26,199,141,603,631,43
28,25,59,49,481,504,43
72,43,144,90,569,610,43
63,32,125,51,569,604,44
25,20,41,39,456,534,44
29,22,56,31,495,531,44
88,26,167,57,594,624,44
56,33,114,52,555,578,44
20,21,48,47,433,489,44
57,31,105,54,545,595,44
51,24,90,48,550,598,44
66,26,158,67,594,617,44
51,31,113,66,550,585,44
112,51,261,136,628,664,44
24,20,28,20,409,448,45
38,24,82,50,500,530,45
35,27,86,82,531,551,45
51,24,106,52,559,579,45
38,21,101,50,531,554,45
37,23,58,43,493,522,45
131,35,377,115,655,686,45
76,35,120,50,563,604,45
181,71,531,226,716,745,45
71,35,149,66,576,603,45
47,20,91,42,529,565,45
44,25,105,66,532,565,45
33,22,59,34,484,566,45
63,38,163,80,575,611,45
34,21,63,36,502,527,45
49,27,131,63,571,602,45
17,25,30,54,424,441,45
41,32,77,63,504,529,45
29,22,60,47,474,498,45
34,21,130,60,540,570,45
24,21,46,46,463,499,45
77,34,295,149,631,664,45
29,23,41,40,479,565,46
29,23,90,79,525,568,46
40,22,106,57,544,556,46
29,25,57,47,505,532,46
84,30,147,53,576,619,46
179,57,377,130,666,698,46
32,20,62,31,505,517,46
126,51,334,140,646,680,46
66,39,120,59,562,579,46
70,31,174,106,582,612,46
69,30,189,71,593,607,46
24,23,116,117,520,543,46
29,20,80,51,521,545,46
28,25,33,38,444,465,46
104,41,205,94,612,646,46
30,30,56,46,474,509,46
46,20,112,53,529,557,47
90,28,223,84,608,651,47
21,20,21,27,442,457,47
40,28,80,57,526,563,47
28,20,100,65,510,527,47
26,23,53,42,496,554,47
38,26,93,67,539,572,47
44,27,190,113,590,616,47
31,25,75,63,501,531,47
47,30,94,78,527,595,47
73,32,110,48,554,588,47
38,37,68,65,500,529,47
22,20,61,53,457,494,47
175,75,448,177,679,712,48
31,29,14,26,449,503,48
20,20,77,71,485,504,48
32,23,82,64,524,575,48
53,35,110,90,552,587,48
30,23,87,69,517,551,48
32,20,73,39,508,536,48
21,20,55,58,495,543,48
36,26,76,49,535,564,48
50,27,105,68,564,592,48
23,22,63,49,508,548,48
35,33,82,91,517,559,48
30,20,56,47,477,472,48
21,20,37,42,420,483,48
20,21,54,54,483,517,48
38,23,38,24,472,499,48
40,26,126,86,561,603,48
42,21,94,45,535,552,48
31,22,54,37,479,512,48
79,55,168,126,580,603,48
37,22,103,66,531,558,48
63,30,95,48,566,607,48
36,28,80,54,524,563,48
34,25,65,41,511,527,48
42,27,69,48,512,541,49
92,41,201,82,613,649,49
46,22,119,53,542,579,49
118,54,413,200,670,704,49
70,41,151,95,587,616,49
26,20,111,72,534,573,49
30,25,46,37,480,526,49
42,25,82,56,517,575,49
21,21,64,60,471,505,49
34,30,80,58,524,541,49
15,20,21,35,384,488,49
64,34,219,119,620,649,49
31,20,42,38,516,551,49
27,24,34,30,437,476,49
73,44,131,89,582,614,49
33,29,110,76,521,551,49
57,26,146,64,579,608,49
45,29,80,51,522,558,49
45,28,78,61,516,571,49
37,25,56,42,481,523,49
66,31,174,83,595,621,49
31,20,65,55,519,561,49
54,38,191,133,595,629,49
34,23,66,44,510,550,49
120,35,468,127,671,702,49
40,26,109,67,539,569,50
84,38,197,69,592,624,50
79,42,180,97,577,604,50
86,38,310,157,646,678,50
35,33,68,55,504,519,50
32,22,68,50,482,550,50
36,21,69,39,478,550,50
149,67,303,120,659,693,50
36,25,95,68,527,561,50
35,22,103,61,532,538,50
138,73,334,124,659,693,50
38,29,77,62,517,556,50
69,42,296,152,620,650,50
40,22,77,44,529,550,50
27,23,39,46,433,485,50
138,88,327,184,657,688,50
18,21,22,32,425,484,50
63,28,136,67,571,594,50
20,23,59,60,458,510,51
29,24,62,50,519,551,51
26,21,27,29,434,494,51
53,30,100,52,526,558,51
36,25,87,41,514,526,51
68,41,176,119,597,632,51
45,30,124,68,549,555,51
25,22,82,65,503,550,51
61,23,116,47,562,599,51
44,29,90,46,524,560,51
45,29,120,77,566,591,51
64,26,510,159,678,708,51
53,39,102,74,560,589,51
33,31,20,22,448,513,51
46,30,82,68,546,579,51
31,20,99,54,520,516,51
38,27,84,38,515,552,51
50,23,72,33,535,580,51
29,27,46,46,506,530,51
24,30,33,54,465,511,51
29,20,56,35,459,513,52
30,30,72,78,544,575,52
32,26,57,49,491,544,52
27,21,72,60,495,518,52
178,78,358,127,679,713,52
188,71,563,208,698,732,52
137,60,327,121,654,684,52
37,23,86,54,530,546,52
88,34,202,81,589,611,52
31,20,67,42,480,536,52
59,33,160,103,605,636,52
84,35,325,121,624,652,52
32,27,48,47,478,507,52
118,49,247,114,628,657,52
244,72,652,210,740,767,52
21,20,60,50,484,519,52
118,59,249,122,623,656,52
234,78,674,203,726,759,52
37,23,67,53,517,560,52
68,27,159,55,578,609,52
17,24,15,33,424,448,52
111,40,294,97,648,688,53
56,22,120,49,546,583,53
97,40,226,85,623,651,53
120,47,346,143,649,682,53
115,64,304,142,648,685,53
20,24,69,96,499,531,53
77,39,169,63,601,625,53
207,59,654,206,725,755,53
61,40,123,68,573,616,53
251,57,577,116,708,741,53
36,31,79,65,498,523,53
80,42,235,109,621,641,53
91,31,169,57,584,617,54
122,47,449,162,665,695,54
31,24,37,38,490,511,54
74,28,121,59,566,603,54
158,56,310,106,664,694,54
10,20,42,50,441,441,54
24,21,61,52,470,550,54
46,24,84,43,551,587,54
28,21,55,56,491,551,54
23,24,58,53,489,502,54
75,38,159,86,577,593,54
555,134,891,308,838,869,54
109,52,264,81,644,675,54
22,22,29,28,425,477,54
144,58,256,121,646,675,54
102,39,229,93,628,660,54
30,23,65,37,476,523,55
56,28,181,79,612,643,55
27,21,50,46,483,523,55
16,20,33,41,428,472,55
28,24,67,62,476,526,55
43,32,103,75,543,582,55
50,24,91,55,538,580,55
46,34,82,60,528,555,55
52,24,129,63,562,589,55
22,26,44,48,459,486,55
547,130,898,244,797,832,55
40,29,107,90,512,562,55
39,20,106,66,547,578,55
26,20,57,32,488,479,55
35,31,65,70,492,527,55
24,20,39,33,452,467,55
36,20,97,62,543,571,55
31,23,70,48,486,507,55
47,25,129,81,556,581,55
51,39,103,60,547,576,55
60,36,215,135,604,635,55
54,21,81,28,536,560,55
23,21,58,47,476,509,56
67,21,109,32,544,570,56
65,38,201,113,597,627,56
60,40,177,129,581,624,56
82,46,240,155,630,670,56
73,37,127,81,568,607,56
75,41,162,95,575,604,56
20,21,29,36,453,501,56
100,43,319,134,656,687,56
28,31,72,76,496,529,56
28,23,66,47,489,548,57
33,21,80,44,507,550,57
45,28,81,57,532,563,57
149,67,509,252,699,735,57
28,21,76,55,471,500,57
17,22,29,39,402,454,57
33,20,94,52,524,541,57
23,21,66,56,464,513,57
22,20,24,29,437,518,57
32,26,45,48,451,506,57
16,20,36,39,423,440,57
25,20,63,44,485,492,57
46,22,55,39,503,581,58
57,21,171,82,587,605,58
30,29,83,68,528,573,58
12,20,19,34,369,421,58
43,34,47,42,508,555,58
27,20,105,67,517,545,58
19,22,45,53,451,488,58
21,23,50,56,481,489,58
26,21,62,43,487,517,58
121,55,218,92,617,653,58
27,22,35,20,448,469,58
32,20,50,36,496,555,58
311,110,646,231,740,774,59
31,22,78,50,478,491,59
55,24,136,68,578,613,59
32,23,90,57,514,533,59
60,25,162,72,578,619,59
43,22,117,62,558,591,59
46,29,154,77,558,588,59
63,24,160,43,580,615,59
29,25,76,59,491,509,59
32,23,102,55,542,565,59
36,23,51,38,484,517,59
32,23,68,44,507,544,59
26,25,36,38,435,494,59
18,28,16,47,414,482,59
31,28,21,35,430,473,60
91,33,202,83,597,627,60
47,27,115,44,541,563,60
40,24,106,42,529,562,60
30,22,71,49,508,523,60
98,44,263,154,631,665,60
39,31,74,62,499,535,60
165,60,392,138,665,703,60
26,22,38,26,430,509,60
56,31,89,37,536,567,60
75,40,156,55,580,607,60
18,22,31,33,386,429,60
50,25,109,73,536,565,60
48,24,131,74,554,593,60
48,23,117,49,536,558,60
26,27,40,39,467,508,60
59,28,121,57,542,573,60
18,20,38,35,484,524,60
38,21,99,59,509,569,60
97,46,238,111,614,640,60
40,24,84,43,522,559,60
59,33,106,53,529,574,60
38,23,108,69,524,544,60
45,29,106,63,541,561,61
34,21,62,44,484,527,61
32,24,94,69,509,546,61
26,25,38,55,466,525,61
44,25,137,85,565,594,61
54,29,76,38,517,547,61
43,21,127,68,553,568,61
54,23,102,33,532,578,61
26,24,74,60,524,552,61
34,22,86,50,510,532,61
49,38,120,84,540,573,62
38,25,83,51,510,512,62
47,27,100,67,527,557,62
41,29,52,28,508,533,62
103,43,242,83,619,636,62
19,21,28,42,476,513,62
41,20,114,40,526,551,62
51,22,147,56,572,593,62
43,24,68,41,524,561,62
39,26,96,51,525,555,62
43,22,83,43,504,521,62
29,26,66,47,489,506,62
26,27,77,78,482,519,62
49,29,139,77,540,582,63
105,40,288,134,627,657,63
62,22,106,45,545,585,63
28,20,61,51,479,511,63
23,24,46,55,479,518,63
94,44,250,119,620,658,63
26,24,48,44,484,531,63
44,27,78,47,525,549,63
47,23,69,37,513,560,63
35,28,59,60,488,527,63
34,20,147,85,555,585,63
50,32,159,122,590,619,63
55,25,124,69,561,588,63
17,20,31,43,443,470,63
56,37,176,120,589,618,63
45,21,126,53,556,593,63
45,24,72,31,509,537,63
57,29,91,46,525,567,64
47,23,96,44,509,544,64
84,36,231,90,610,635,64
43,26,118,57,539,545,64
82,39,163,78,593,627,64
81,40,266,132,640,670,64
58,31,110,55,550,571,64
48,20,106,40,528,560,64
25,24,91,81,525,536,64
33,32,104,93,544,580,64
23,21,39,52,479,522,64
145,44,414,189,674,706,64
28,20,31,35,443,492,65
40,39,67,67,498,522,65
45,25,59,36,504,556,65
27,21,66,38,481,535,65
62,36,185,127,587,620,65
26,21,39,34,473,493,65
48,22,120,66,529,565,65
26,20,64,37,482,515,65
30,20,47,28,482,501,65
34,28,95,72,518,550,65
36,25,109,82,525,547,65
27,23,161,134,562,602,65
30,25,76,70,503,528,65
26,20,44,35,411,459,65
29,20,138,93,544,578,65
43,30,90,40,520,529,65
27,20,26,28,433,501,65
73,36,182,88,593,620,65
20,23,28,43,417,478,65
27,27,44,50,457,490,65
21,21,34,48,474,491,65
25,20,55,48,484,518,65
28,20,66,32,477,518,65
46,28,90,56,527,556,65
34,26,33,30,441,475,66
46,23,98,39,517,554,66
48,26,116,85,567,610,66
33,26,68,50,495,527,66
56,25,108,35,549,566,66
40,33,74,67,512,538,66
91,42,216,108,617,653,66
23,26,51,48,478,487,66
30,21,85,50,514,556,66
39,26,56,39,514,546,66
47,32,114,87,569,601,66
24,21,51,47,482,523,66
21,21,36,43,461,506,66
26,23,72,58,490,508,66
41,20,108,50,538,559,66
115,35,349,128,642,671,66
33,23,72,39,513,482,66
40,26,120,71,540,585,66
70,43,120,74,560,593,66
27,29,30,41,486,537,66
38,32,148,126,580,614,67
22,21,42,36,456,429,67
33,21,42,31,457,497,67
230,72,594,171,711,741,67
51,30,120,61,541,567,67
145,49,340,111,639,667,67
18,20,34,51,427,470,67
65,35,159,120,589,634,67
50,27,119,55,547,586,67
88,24,321,87,628,664,67
46,27,78,38,527,570,68
82,53,189,118,594,636,68
120,38,358,126,652,685,68
117,37,666,226,732,760,68
26,23,55,62,484,528,68
42,30,129,89,561,600,68
97,44,275,157,649,678,68
19,20,31,39,439,496,68
30,20,46,41,474,507,68
21,20,25,31,463,507,68
49,36,94,77,524,567,68
25,23,47,40,455,453,68
33,24,49,42,453,496,68
21,26,58,61,470,516,68
487,97,952,250,813,855,68
41,26,124,79,572,605,68
30,24,46,31,469,510,68
26,27,29,37,473,505,68
63,32,133,50,562,601,68
36,21,49,36,478,489,69
40,30,66,38,494,541,69
22,21,56,52,438,491,69
68,27,114,41,566,600,69
27,22,47,43,471,496,69
27,23,65,60,504,537,69
43,27,138,81,569,609,69
29,26,71,38,486,489,69
33,24,103,74,532,551,69
27,24,63,66,516,555,69
15,20,56,62,459,493,69
47,29,62,35,525,569,69
38,32,58,53,501,567,70
60,30,172,85,595,628,70
33,22,90,63,538,572,70
17,24,20,33,422,404,70
34,25,75,45,523,524,70
64,21,276,130,629,660,70
51,26,84,52,535,575,70
33,24,121,92,548,568,71
23,32,24,59,394,436,71
37,28,86,60,539,562,71
76,32,202,76,605,626,71
56,34,170,94,579,615,71
41,23,73,50,516,540,71
52,20,106,42,546,583,71
39,29,85,51,517,532,71
29,26,77,69,516,553,71
48,22,103,57,533,577,71
77,39,184,91,596,622,71
21,21,39,50,447,468,71
38,26,105,80,536,577,71
23,27,63,47,463,454,71
346,120,655,249,746,778,71
98,55,201,109,625,654,71
48,34,122,77,548,594,71
40,32,63,56,515,544,71
27,24,41,37,464,470,71
23,22,33,34,412,469,71
43,31,98,68,503,524,71
39,22,87,43,520,563,71
29,23,79,59,507,510,71
58,32,75,40,540,565,71
29,21,48,32,490,511,72
28,20,45,21,473,499,72
46,22,111,50,544,577,72
29,22,31,43,449,516,72
28,22,59,46,517,543,72
33,20,79,54,515,549,72
53,34,173,93,594,620,72
78,32,160,50,582,612,72
37,27,106,69,561,590,72
21,22,37,40,420,444,72
30,24,58,38,493,501,72
24,25,46,45,445,482,72
29,23,70,51,521,552,73
51,30,143,87,567,615,73
75,36,155,78,588,613,73
27,22,59,43,461,502,73
31,23,52,28,520,516,73
31,22,61,40,481,501,73
46,21,134,87,561,601,73
37,26,61,47,503,533,73
24,20,50,38,480,518,73
35,26,143,82,553,586,73
34,23,126,95,564,576,73
39,23,134,72,551,600,73
173,47,397,98,668,699,73
10,20,61,85,456,481,73
72,44,156,103,587,617,74
29,21,68,45,477,539,74
235,82,595,265,718,749,74
24,20,35,29,461,474,74
30,25,87,81,528,550,74
109,48,224,89,617,647,74
35,26,54,38,488,535,74
51,23,117,61,549,586,74
18,20,51,61,420,469,74
21,22,63,53,454,501,74
28,30,41,50,485,535,74
56,28,139,61,567,585,74
85,48,213,101,602,633,75
40,22,94,49,526,557,75
54,24,160,78,581,614,75
24,24,24,32,435,477,75
31,27,49,40,465,511,75
47,29,111,77,532,574,75
50,41,115,107,572,604,75
46,31,74,49,516,578,75
41,33,76,76,529,558,75
54,31,106,71,559,582,75
29,26,41,46,472,526,75
16,21,27,45,385,489,75
22,25,30,47,397,460,75
29,21,58,53,504,547,75
42,26,121,75,540,574,75
18,22,23,47,451,484,75
39,20,62,33,483,545,75
80,30,198,61,587,624,76
38,21,102,71,532,584,76
30,22,35,38,445,517,76
56,39,125,93,543,572,76
18,21,44,59,500,542,76
67,42,176,108,581,595,76
41,36,106,97,541,575,76
39,25,76,35,527,569,76
31,23,72,40,490,503,76
51,29,105,54,547,582,76
62,47,211,155,612,648,77
144,60,381,136,668,703,77
21,20,67,62,491,502,77
25,30,31,43,459,467,77
14,21,41,54,433,469,77
68,30,136,73,570,575,77
75,28,213,114,603,642,77
28,23,88,72,503,530,77
49,24,116,56,534,570,77
63,29,230,114,614,647,77
29,20,78,63,523,558,77
27,25,44,46,463,507,77
23,21,60,59,490,510,77
40,21,87,43,544,579,77
22,23,60,47,490,522,77
37,30,101,71,549,575,77
29,21,69,36,493,525,78
27,25,51,41,477,516,78
169,71,467,163,683,712,78
62,45,138,108,578,607,78
134,53,340,144,665,693,78
55,25,121,41,542,577,78
35,21,86,50,524,566,78
37,22,44,40,485,544,78
38,28,30,41,485,491,78
19,28,25,50,403,404,78
26,20,70,43,489,524,78
54,33,158,100,568,601,78
17,22,38,44,438,479,78
46,26,117,82,554,585,78
63,36,100,52,555,598,78
52,29,206,135,617,648,78
37,23,97,52,514,552,78
40,22,126,71,524,559,79
24,20,84,73,543,582,79
53,30,161,57,577,603,79
39,21,109,46,542,558,79
28,22,58,49,492,517,79
24,25,65,59,513,533,79
59,31,120,70,537,577,79
38,26,81,48,552,588,79
35,31,61,60,511,543,79
18,24,43,72,434,481,79
86,44,192,91,594,625,79
34,24,79,49,493,521,79
27,23,43,52,474,531,79
57,27,81,48,533,565,79
33,22,36,35,455,492,79
90,47,298,131,646,678,79
52,39,99,83,545,604,79
49,23,145,74,564,599,79
22,22,47,46,453,482,79
48,38,163,139,592,621,79
44,32,58,36,502,529,79
41,27,135,104,568,600,79
57,31,114,76,556,579,79
22,23,61,60,478,520,79
44,37,94,86,519,568,79
79,43,231,99,614,640,79
85,47,252,163,619,649,80
65,34,199,104,606,637,80
35,24,122,74,530,568,80
37,20,64,47,508,554,80
48,26,112,72,556,582,80
43,25,88,50,522,530,80
42,25,82,55,516,562,80
67,49,200,161,600,637,80
78,48,150,68,596,625,80
40,22,87,46,520,548,80
68,43,192,118,603,636,80
65,28,114,70,548,609,80
83,39,197,75,599,621,80
37,33,87,87,533,566,80
49,32,81,53,526,558,81
29,27,44,50,444,499,81
28,33,21,42,466,501,81
82,36,268,136,632,665,81
26,20,57,57,489,498,81
118,37,389,116,662,693,81
25,20,60,46,477,509,81
32,22,72,47,509,541,81
51,29,80,35,504,547,81
22,20,49,31,455,509,81
183,68,415,160,676,709,81
67,31,102,51,556,587,82
30,23,50,47,464,511,82
54,22,105,51,553,590,82
20,25,25,42,454,492,82
64,30,119,35,551,575,82
104,46,378,151,668,695,82
43,26,80,54,515,562,82
38,27,56,49,499,544,82
31,21,66,34,508,547,82
77,35,218,125,616,648,82
46,21,84,35,517,531,82
79,42,123,57,574,607,82
43,21,97,37,529,558,82
48,25,81,49,530,560,82
21,21,34,35,405,447,82
113,55,228,92,638,671,82
185,69,543,224,712,742,82
36,23,122,76,537,566,82
36,24,72,40,518,535,82
71,28,162,64,577,619,82
55,33,180,102,589,622,82
26,22,34,38,473,534,82
27,25,41,44,408,437,82
49,27,65,33,520,566,82
37,30,55,54,488,527,82
17,20,16,29,398,403,82
92,50,273,141,639,668,82
43,28,69,62,524,559,82
23,20,55,38,487,524,83
91,59,164,93,586,618,83
35,28,78,62,526,552,83
75,34,219,122,609,642,83
37,29,123,89,544,572,83
30,23,59,66,503,556,83
22,26,50,54,474,517,83
32,21,60,38,468,511,83
22,23,39,37,446,492,83
9,20,20,49,398,437,83
26,28,65,73,509,537,83
75,38,187,106,610,642,83
63,44,160,100,574,597,83
39,33,54,67,496,551,83
24,21,59,48,483,497,83
77,39,196,85,596,633,83
34,21,65,33,507,550,83
44,22,116,44,540,566,83
30,22,31,29,426,516,83
43,35,136,99,547,575,83
28,22,80,74,507,539,83
43,30,70,57,522,555,83
43,27,76,44,523,566,83
100,41,264,88,615,638,84
51,25,130,76,553,595,84
113,55,274,115,639,674,84
21,20,63,51,471,480,84
21,20,71,63,488,511,84
43,28,77,49,499,518,84
42,25,110,61,525,565,84
40,26,88,59,511,537,84
53,27,104,53,554,579,84
38,21,94,61,525,554,84
17,21,48,55,458,471,84
26,20,24,24,445,505,84
15,21,28,51,387,402,84
69,36,190,124,595,616,84
96,44,330,150,644,671,84
71,37,204,105,602,629,85
36,25,118,66,542,572,85
26,22,53,43,479,522,85
28,21,64,51,507,536,85
22,26,45,50,466,495,85
33,23,60,34,508,551,85
17,23,30,47,446,496,85
60,20,176,58,587,619,85
114,40,368,138,659,692,85
33,31,61,60,479,509,85
35,26,58,48,506,541,85
50,31,109,58,545,567,85
56,36,156,95,561,594,85
59,30,209,117,586,614,85
19,20,28,45,453,511,85
26,20,43,31,455,518,85
40,32,59,62,484,523,85
102,53,253,148,633,667,85
28,22,52,51,484,519,86
64,38,128,82,591,623,86
88,49,259,166,626,661,86
43,32,136,86,548,582,86
15,23,58,70,422,455,86
44,27,71,52,537,564,86
58,26,148,57,576,597,86
32,20,61,39,489,523,86
137,50,312,98,656,684,86
21,20,44,52,474,504,86
22,20,28,36,452,450,86
24,22,66,62,499,540,86
21,23,35,43,412,409,86
41,22,90,38,529,579,86
23,20,22,25,403,449,86
36,25,43,35,472,503,86
48,27,97,51,546,576,86
28,26,28,36,420,461,86
74,32,219,95,617,649,87
40,24,98,54,548,580,87
25,21,39,40,452,480,87
23,20,47,58,455,516,87
36,21,117,69,540,572,87
25,20,67,45,476,526,87
61,42,188,144,603,642,87
67,43,202,120,596,618,87
33,26,87,59,532,559,87
27,21,64,39,502,539,87
51,20,108,42,553,577,87
35,25,56,55,487,530,87
43,28,72,57,508,552,87
32,20,98,66,539,570,87
33,29,47,46,479,522,87
66,32,143,69,582,627,87
39,21,93,45,540,577,87
58,33,100,54,563,587,88
43,29,118,76,569,606,88
38,23,71,38,514,536,88
32,33,80,72,534,568,88
45,31,133,80,562,588,88
101,47,228,103,622,653,88
35,28,79,75,521,573,88
72,44,174,118,590,626,88
57,29,219,113,590,631,88
17,22,16,40,387,414,88
39,22,92,47,519,554,88
21,26,58,71,493,523,88
37,32,44,41,480,520,88
18,25,24,43,463,492,88
183,78,435,164,677,708,88
52,30,66,47,526,565,88
19,20,30,43,417,455,89
53,24,175,88,586,627,89
24,22,60,54,501,524,89
33,22,99,68,530,560,89
33,26,57,39,495,533,89
33,24,62,39,516,557,89
57,33,217,142,594,629,89
28,25,61,55,514,550,89
139,58,284,122,652,679,89
29,23,40,32,441,478,89
40,24,74,40,511,553,89
29,22,18,28,433,480,89
33,28,71,63,508,549,89
205,85,550,244,727,758,89
39,20,71,33,521,571,90
48,34,147,96,574,600,90
13,20,37,55,403,452,90
40,42,57,68,525,562,90
39,24,40,46,497,534,90
46,34,81,60,532,570,90
35,26,36,43,450,491,91
25,26,56,61,490,526,91
55,37,241,160,617,651,91
31,23,83,58,532,554,91
42,28,145,100,563,601,91
28,25,39,35,482,509,91
36,30,60,56,526,573,91
21,22,14,37,418,479,91
40,24,72,38,519,571,91
32,26,103,81,540,555,91
38,21,127,49,542,567,91
57,34,105,44,544,570,91
20,23,40,40,467,492,91
42,27,39,25,498,536,91
55,34,149,116,570,594,92
35,22,41,28,464,517,92
14,21,25,52,419,468,92
73,55,173,121,588,623,92
39,25,65,59,525,560,92
85,42,197,106,616,644,92
27,22,57,55,496,525,92
38,35,95,101,548,580,92
17,20,57,58,515,539,92
40,31,157,121,578,613,93
39,25,54,32,503,542,93
35,22,49,40,477,525,93
22,21,55,48,492,512,93
60,20,150,54,581,606,93
30,20,60,39,506,523,93
34,29,58,53,483,546,93
137,38,319,81,637,666,93
60,25,165,66,570,594,93
269,58,558,125,711,740,93
200,55,461,164,700,728,93
42,21,69,43,487,520,93
30,20,66,49,495,528,93
37,23,60,37,482,508,93
19,20,22,27,336,432,93
43,28,55,40,467,498,94
30,22,55,38,488,541,94
31,29,75,65,514,546,94
22,21,34,46,420,463,94
143,71,362,134,662,692,95
40,37,60,52,526,558,95
85,42,261,143,633,662,95
14,20,21,38,404,438,95
55,26,88,41,540,571,95
539,158,838,276,784,812,95
141,56,418,219,682,711,95
276,111,542,235,730,759,95
85,33,201,89,612,648,95
201,72,447,172,687,717,95
172,56,492,138,695,726,95
31,20,49,49,410,516,95
186,65,586,212,707,740,95
57,32,181,79,597,630,95
25,30,33,47,456,484,95
186,53,711,242,727,759,95
62,47,162,130,579,618,95
70,32,218,106,594,625,95
39,23,272,149,609,635,95
40,27,85,65,515,543,96
110,55,233,93,638,668,96
51,25,94,52,550,591,96
50,24,98,44,538,580,96
104,60,293,164,632,661,96
188,54,458,136,687,719,96
41,22,110,49,537,555,96
503,126,853,294,818,846,96
32,20,61,36,479,519,96
158,84,440,216,694,725,96
22,21,33,45,369,460,96
429,98,895,296,797,826,96
20,24,22,30,412,464,96
197,69,604,189,724,750,96
17,23,16,27,371,396,96
31,21,88,70,521,553,96
117,51,433,171,671,702,96
152,59,448,199,693,727,96
213,86,604,264,725,756,97
591,121,918,220,829,856,97
34,23,82,46,497,548,97
39,25,133,81,539,568,97
62,28,196,96,587,618,97
27,26,45,27,397,426,97
77,48,109,58,586,618,97
143,69,437,237,680,709,97
29,22,119,94,534,566,97
288,93,703,232,725,759,97
58,42,74,60,521,549,97
41,29,59,51,505,540,97
66,33,183,88,590,625,97
177,65,508,202,693,721,97
271,108,691,250,740,770,97
63,45,200,128,579,611,97
261,69,567,185,708,741,97
61,30,190,107,586,598,97
534,126,938,242,793,821,97
81,54,125,67,564,592,97
69,46,206,116,617,654,97
106,39,275,111,626,657,97
106,50,240,116,626,662,97
203,67,482,187,687,716,97
86,40,245,92,607,638,97
79,48,192,105,603,633,97
67,47,162,109,573,604,97
174,42,465,128,693,725,97
119,52,387,160,665,699,98
305,78,708,181,731,768,98
125,54,267,110,627,658,98
366,119,657,262,755,788,98
33,26,121,92,567,605,98
68,33,164,89,587,624,98
54,30,214,130,594,623,98
70,34,197,105,588,616,98
32,28,105,73,541,577,98
24,24,39,35,443,468,98
43,31,73,43,506,556,98
110,52,232,97,624,653,98
89,47,242,140,627,658,99
25,21,42,36,388,453,99
47,21,133,67,551,560,99
237,77,652,219,741,769,99
74,51,152,126,579,614,99
46,27,159,94,574,598,99
115,53,258,143,641,679,99
45,22,93,44,516,524,99
21,25,33,39,375,403,99
187,70,484,185,689,711,99
23,20,54,45,464,486,99
45,22,104,49,527,549,99
66,42,214,127,583,613,99
44,22,111,53,526,566,99
76,44,217,111,607,635,99
28,20,53,38,483,516,99
195,64,704,245,747,778,99
30,21,71,38,486,486,99
88,39,264,113,620,647,99
94,39,303,142,654,682,99
27,25,75,58,483,476,99
82,24,223,65,587,619,99
65,38,154,65,557,584,99
51,21,103,41,512,542,99
95,35,247,71,616,633,99
83,26,203,64,590,612,99
86,50,207,90,589,616,99
84,24,300,92,623,643,99
98,43,184,65,584,617,99
29,20,52,42,448,519,99
34,30,48,36,435,481,99
53,38,131,77,550,569,99
64,39,140,78,553,600,99
407,107,885,250,772,803,99
27,21,51,46,465,512,99
76,31,200,74,583,610,100
49,36,86,62,522,569,100
45,29,97,67,522,556,100
20,21,42,33,417,443,100
42,29,84,57,512,542,100
8,20,13,42,102,323,100
194,75,632,250,723,752,100
34,36,98,93,515,542,100
33,27,80,70,470,504,100
61,38,124,71,556,586,101
53,21,150,78,544,596,101
38,33,65,59,496,535,101
182,57,598,244,716,746,101
135,52,255,88,637,671,101
88,32,191,65,584,623,102
44,23,70,44,504,575,102
24,20,30,25,407,429,102
14,21,31,50,335,420,102
54,43,94,59,515,547,102
16,20,43,53,362,436,102
86,42,203,106,622,650,102
20,23,51,43,435,477,102
28,23,44,38,439,497,102
27,26,29,30,400,427,102
30,24,70,65,468,514,102
25,23,54,47,460,520,102
60,26,106,56,519,533,102
33,22,128,86,514,542,102
38,24,88,48,512,542,102
90,33,208,99,593,631,102
49,25,196,109,578,616,102
49,27,102,75,535,564,102
28,20,94,64,503,555,102
30,26,74,57,461,487,103
28,25,55,55,494,514,103
37,23,70,47,476,486,103
28,22,69,36,493,528,103
343,84,736,223,765,794,103
149,78,336,183,651,682,103
93,30,235,85,609,645,103
62,31,159,74,606,644,103
70,22,194,51,589,627,103
51,32,158,96,578,588,103
77,26,167,62,582,620,103
35,31,70,58,484,528,103
155,68,422,179,697,725,103
50,26,125,69,546,583,103
18,23,59,67,467,514,103
61,31,167,81,573,604,103
64,37,117,57,537,569,103
49,27,131,66,546,546,103
34,24,56,31,464,487,103
47,23,94,66,507,568,103
13,20,25,45,383,429,103
58,26,148,68,565,595,103
178,71,393,137,676,703,103
30,31,25,35,462,485,104
73,38,285,176,635,661,104
34,29,77,57,472,486,104
164,67,457,191,671,702,104
61,25,117,50,562,595,104
79,51,165,111,587,618,104
73,31,190,90,581,615,104
41,29,144,97,546,579,104
49,27,109,60,538,553,104
39,21,97,60,517,545,104
38,25,67,27,485,542,104
39,27,84,61,508,541,104
27,24,28,39,391,445,104
155,43,439,149,674,698,104
23,21,73,51,485,500,104
35,21,53,25,473,477,105
40,26,57,32,472,495,105
20,21,44,49,423,454,105
27,22,52,36,436,451,105
14,20,30,41,367,351,105
33,22,139,74,526,549,105
27,22,96,72,489,494,105
50,24,136,68,550,569,105
97,55,249,131,633,670,105
77,42,154,67,581,607,105
35,29,86,68,517,552,105
31,28,100,83,532,564,105
56,30,179,85,562,584,105
23,20,70,52,504,512,105
40,28,84,58,494,518,105
17,20,14,22,330,399,105
26,27,42,48,432,453,105
27,20,67,35,470,493,105
79,45,186,106,596,622,105
52,45,115,99,533,567,105
55,29,139,73,554,584,105
32,24,72,58,494,529,105
18,25,40,60,369,453,105
60,40,150,103,570,594,105
20,20,82,71,495,534,105
34,23,95,70,517,537,105
32,24,124,82,506,542,105
29,23,30,32,459,513,105
26,24,36,32,376,430,106
143,50,476,166,665,711,106
95,42,199,79,596,633,106
52,34,147,83,574,597,106
151,92,500,205,684,712,106
44,26,65,37,482,532,106
44,29,67,56,500,535,106
46,29,128,83,567,603,106
201,80,671,259,727,763,106
38,40,65,73,489,525,106
41,32,75,61,521,554,106
107,51,286,156,645,674,106
45,27,160,99,554,583,106
25,23,66,54,464,475,106
37,29,144,104,569,597,106
33,20,81,54,499,507,106
17,23,28,41,408,425,106
46,26,123,70,548,564,106
51,24,121,46,547,579,106
46,34,91,63,541,572,106
71,46,121,67,573,608,106
30,23,54,47,486,493,106
94,39,201,84,594,627,106
88,34,250,111,609,639,106
43,31,99,66,523,560,106
33,20,66,58,474,512,106
22,21,53,48,415,464,106
114,40,328,143,637,667,107
17,23,47,56,416,487,107
63,32,85,41,535,580,107
41,24,60,36,494,529,107
47,37,61,55,520,550,107
50,33,138,98,547,579,107
28,21,71,51,516,552,107
46,25,176,103,593,625,107
50,24,162,78,580,601,108
35,24,64,39,484,515,108
60,32,255,150,593,624,108
34,27,66,49,457,480,108
21,20,40,49,449,491,108
79,35,244,87,617,647,108
38,28,105,75,516,550,108
38,28,98,67,530,563,108
30,22,102,85,523,563,108
69,42,155,84,579,616,108
47,23,127,58,549,574,108
50,28,126,65,533,569,108
28,22,58,49,507,537,108
45,40,128,115,538,572,108
30,31,68,72,478,506,108
74,37,211,88,603,624,108
42,25,71,50,510,529,108
34,23,86,44,526,525,108
26,21,47,31,407,396,108
38,20,72,37,486,504,108
54,22,205,91,604,626,108
19,22,57,57,436,472,108
35,22,62,48,491,516,108
97,37,364,118,658,691,108
267,84,596,169,731,766,109
44,28,140,73,540,560,109
201,54,609,175,723,752,109
130,61,284,126,662,694,109
59,31,156,94,567,590,109
65,43,114,74,561,593,109
43,30,82,67,496,545,109
55,31,177,95,576,605,109
19,20,34,34,393,266,109
74,25,168,62,574,605,109
59,27,135,54,559,578,109
34,20,90,60,526,575,109
46,28,57,43,492,510,109
75,41,177,106,617,651,109
239,92,487,171,708,737,109
44,25,109,62,535,555,109
43,24,116,61,569,608,109
31,20,55,41,476,496,109
23,21,46,45,455,511,109
47,30,147,92,555,603,109
69,51,157,113,589,615,110
34,29,26,34,459,485,110
146,54,505,227,697,732,110
59,34,150,104,580,612,110
29,21,51,42,469,525,110
23,26,36,45,460,507,110
72,36,285,170,617,648,110
34,23,54,46,476,524,110
152,59,481,233,688,721,110
36,22,152,80,550,574,110
25,23,73,57,504,527,110
84,35,266,110,620,641,110
43,46,94,96,541,570,110
21,20,46,47,457,495,110
30,21,56,34,492,453,111
45,39,75,74,515,545,111
23,22,41,53,481,509,111
104,43,266,117,629,660,111
38,28,56,31,471,484,111
43,26,77,38,510,545,111
19,21,34,39,452,449,111
40,30,95,65,528,562,111
118,45,221,86,612,635,111
78,39,237,99,622,636,111
78,34,163,96,587,618,111
34,24,80,55,493,497,111
26,20,63,46,471,520,111
36,21,48,35,510,528,111
65,41,143,86,574,612,111
35,22,67,50,508,528,111
37,21,64,21,491,474,111
78,38,218,125,624,652,111
17,20,41,48,424,451,111
87,47,213,135,632,666,111
23,20,44,27,438,464,111
47,24,107,48,541,577,111
20,22,81,68,527,555,111
18,20,49,48,456,472,111
18,20,31,39,418,443,111
29,27,74,61,480,506,112
108,53,261,140,657,684,112
186,51,509,160,692,724,112
53,33,95,54,545,579,112
59,26,218,112,612,641,112
20,21,30,34,459,489,112
41,38,64,68,515,537,112
56,30,102,62,529,579,112
54,24,99,54,552,585,112
67,36,106,52,551,578,112
55,26,156,72,569,606,112
51,26,171,57,566,575,112
55,29,221,91,614,648,112
89,54,167,103,596,634,112
47,26,91,52,529,551,113
23,22,67,70,469,496,113
50,22,118,53,555,574,113
44,26,87,70,533,567,113
19,22,54,53,486,511,113
77,41,251,119,613,644,113
60,29,123,49,557,572,113
31,24,86,72,515,542,113
24,22,60,48,515,555,113
48,22,100,48,535,573,113
44,26,82,51,543,586,113
19,20,59,57,492,515,113
37,20,80,60,538,559,113
28,22,60,45,513,553,113
38,24,77,46,520,539,113
35,32,100,73,522,555,113
62,31,129,55,576,592,113
46,33,81,50,511,530,113
64,23,119,55,560,585,113
56,35,105,80,588,611,114
113,50,328,146,647,677,114
35,25,58,30,496,528,114
40,30,86,64,516,548,114
94,51,298,175,635,663,114
15,21,62,75,482,515,114
33,29,34,30,434,481,114
66,29,184,72,578,613,114
67,37,162,105,578,595,114
31,27,44,42,481,531,114
30,20,41,44,466,522,114
19,24,24,41,433,483,114
58,31,173,91,585,615,114
29,21,83,47,539,561,114
24,21,65,57,492,506,114
75,36,205,111,606,642,114
53,27,106,49,570,602,114
50,29,223,111,593,624,114
29,23,112,86,540,565,114
24,26,61,63,504,527,114
53,28,168,84,601,626,115
67,32,169,97,578,603,115
37,25,92,63,557,585,115
41,31,145,96,566,592,115
24,25,14,24,376,397,115
75,45,226,136,624,653,115
34,24,102,65,537,578,115
31,20,62,32,495,513,115
236,89,567,185,715,747,115
69,31,180,91,589,626,115
110,44,281,95,646,674,115
79,31,245,102,628,659,115
55,36,119,101,571,602,115
44,30,57,35,511,528,115
38,22,79,36,507,535,115
54,28,174,105,580,613,115
28,22,112,82,534,558,115
63,29,186,98,609,641,115
46,23,99,45,550,587,115
97,50,278,101,641,674,115
47,25,132,68,574,595,115
42,42,57,71,514,545,115
49,33,97,67,526,548,115
25,21,69,50,489,531,116
67,47,155,106,578,610,116
20,23,81,72,520,538,116
32,20,85,59,518,529,116
36,24,81,49,518,550,116
56,25,145,55,574,584,116
344,95,765,196,754,783,116
36,21,98,44,523,537,116
103,54,222,128,614,646,116
39,25,106,62,542,565,116
73,27,365,156,648,686,117
16,23,47,74,483,515,117
41,25,95,60,524,571,117
63,33,279,132,629,664,117
28,22,26,30,429,454,117
43,30,104,75,546,574,117
45,29,80,44,519,549,117
61,47,125,103,571,608,117
80,48,231,114,601,629,117
103,54,340,222,664,694,117
40,24,145,98,564,597,117
68,32,220,116,629,666,117
427,95,853,227,796,825,117
52,26,160,84,575,606,117
182,71,638,270,732,765,117
53,23,95,42,521,529,117
27,27,42,56,462,501,117
22,24,34,49,418,471,117
164,63,378,128,668,702,117
225,88,595,193,715,743,117
22,22,42,48,473,481,117
31,28,93,86,523,560,117
144,71,304,175,665,695,117
72,23,144,71,573,618,118
42,22,73,43,507,545,118
29,26,76,77,504,526,118
94,44,247,121,639,671,118
54,34,186,108,588,616,118
45,37,95,87,543,562,118
32,28,60,35,476,493,118
279,67,809,230,747,774,118
41,22,71,36,507,504,118
28,24,67,59,465,487,118
32,24,62,59,504,562,118
65,40,233,154,612,641,118
33,20,101,70,541,566,118
25,20,63,45,477,513,118
23,21,145,116,571,594,119
82,38,172,65,582,604,119
97,46,207,114,612,635,119
39,36,38,41,503,533,119
54,34,146,67,568,596,119
68,43,175,94,590,618,119
30,21,166,108,584,614,119
56,39,157,103,584,614,119
33,21,96,39,521,529,119
40,27,173,100,581,608,119
37,24,107,71,547,579,119
18,23,43,60,478,517,119
67,27,220,89,610,634,119
44,31,103,68,557,585,119
69,26,158,58,575,611,119
96,42,214,116,615,645,119
40,29,72,58,519,557,119
60,26,91,47,514,543,119
58,32,100,56,544,569,119
27,24,51,66,488,517,120
69,42,164,110,589,625,120
62,40,157,96,584,615,120
38,21,108,60,553,576,120
74,48,242,116,613,642,120
36,24,81,49,507,555,120
52,26,206,110,616,648,120
171,52,546,171,717,744,120
254,63,778,182,747,778,120
94,23,244,50,616,632,120
70,31,278,136,636,671,120
29,29,44,51,472,503,120
38,26,115,76,547,586,120
20,20,46,39,486,506,120
122,58,355,163,673,709,120
52,31,182,109,579,617,120
86,30,283,102,631,659,120
60,23,215,73,591,617,120
30,20,52,30,485,508,120
50,27,167,69,583,599,121
82,40,193,107,605,637,121
52,26,183,77,580,602,121
74,31,141,49,578,609,121
68,47,171,109,609,632,121
44,29,75,45,511,531,121
77,25,165,47,588,612,121
20,20,36,43,457,497,121
39,22,82,48,545,566,121
26,21,56,49,517,518,121
22,20,52,45,492,534,121
32,21,55,35,471,521,122
30,21,91,55,497,514,122
29,21,24,20,451,487,122
26,20,42,41,503,538,122
60,43,99,60,536,560,122
41,27,111,73,543,572,122
45,28,136,85,577,610,122
99,41,338,132,628,651,122
174,65,451,148,685,719,122
140,53,473,204,696,732,122
38,29,96,71,552,584,122
52,32,148,99,583,615,122
74,41,170,100,593,621,122
31,29,58,69,479,523,122
39,22,105,48,538,566,123
50,21,110,41,543,570,123
56,21,115,37,558,570,123
33,33,22,40,462,503,123
18,20,39,40,459,450,123
122,51,260,105,621,650,123
244,82,561,237,716,746,123
45,22,117,44,542,573,123
81,47,156,92,591,627,123
40,26,80,55,516,551,123
61,27,180,77,580,614,123
47,31,65,58,515,548,123
30,23,88,66,515,547,123
74,50,91,66,567,591,124
36,27,72,53,515,530,124
26,22,55,54,484,520,124
193,78,607,288,731,762,124
29,20,67,40,499,533,124
56,32,116,51,569,587,124
105,36,540,235,715,743,124
102,52,342,132,665,697,124
27,22,71,51,520,555,124
72,37,158,69,593,616,124
88,47,170,80,608,639,124
33,21,55,37,490,497,124
473,107,902,259,814,845,124
17,22,36,36,451,495,124
273,101,650,293,755,784,124
26,20,85,79,542,573,124
154,61,291,127,651,685,124
36,28,97,68,558,588,124
34,20,36,24,471,494,125
46,27,109,62,552,567,125
57,36,73,57,535,588,125
69,32,192,107,602,633,125
50,24,136,58,559,563,125
29,20,100,75,516,556,125
37,25,84,60,503,540,125
58,35,227,144,615,649,125
57,46,88,74,560,594,125
50,27,136,84,557,580,125
23,29,71,76,492,527,125
62,31,195,94,611,637,125
29,25,24,23,433,476,126
37,21,92,49,534,549,126
46,22,128,84,557,600,126
39,23,51,31,496,503,126
50,25,59,34,512,557,126
37,22,75,31,512,558,126
55,33,243,130,619,643,126
25,24,49,36,460,485,126
32,22,65,45,490,478,126
15,23,62,73,474,512,126
54,26,161,86,593,620,126
134,70,268,145,642,669,126
38,20,65,32,508,547,126
16,21,27,46,432,447,126
28,23,86,83,522,556,126
17,22,37,45,454,494,127
463,137,778,255,767,808,127
535,112,860,286,780,812,127
14,20,17,30,375,345,127
35,25,51,42,475,529,127
35,23,61,54,492,518,127
31,20,65,37,499,508,127
25,23,77,60,498,546,128
23,20,55,47,490,521,128
97,36,227,80,612,643,128
22,21,18,33,431,491,128
28,28,68,64,512,544,128
20,22,81,55,488,536,128
51,31,183,122,590,617,128
32,30,105,74,542,576,128
59,37,127,61,557,590,128
89,50,160,86,610,638,128
60,23,120,58,563,592,128
56,31,76,52,527,554,128
24,25,24,44,418,499,128
135,67,424,172,676,705,128
52,30,114,61,544,577,128
46,30,99,71,552,591,128
170,64,441,149,685,717,129
127,58,318,131,642,670,129
29,20,60,37,498,526,129
45,28,93,67,517,552,129
67,38,166,67,570,596,129
37,22,89,49,527,578,129
54,27,118,65,575,595,129
30,24,82,55,543,566,129
39,23,110,55,541,572,129
28,23,83,66,502,539,129
32,22,50,28,481,486,129
29,24,57,54,500,542,129
46,21,56,25,505,532,129
35,26,82,62,515,560,129
22,22,43,44,475,507,129
61,37,132,62,569,593,129
196,73,369,109,675,707,129
73,41,245,138,623,659,129
29,23,38,35,480,507,129
46,31,98,74,542,575,130
91,55,259,165,622,648,130
89,53,183,86,607,632,130
34,20,52,32,480,547,130
113,42,333,97,652,683,130
25,24,39,41,468,512,130
106,65,187,102,605,641,130
24,25,73,65,488,525,130
24,20,64,44,491,532,130
49,27,84,43,541,582,130
33,25,72,59,503,519,131
58,27,145,59,559,588,131
44,28,81,50,521,549,131
79,49,201,107,604,632,131
169,89,245,125,656,685,131
100,41,282,121,637,672,131
43,22,69,37,499,528,131
36,20,114,50,537,569,131
40,27,82,49,529,555,131
33,20,88,44,507,534,131
53,29,190,106,599,626,131
29,20,76,41,519,544,131
99,53,219,119,606,632,131
18,20,32,34,410,426,131
26,26,62,58,487,530,131
51,29,189,93,581,608,131
85,43,182,79,608,642,131
34,21,60,41,495,540,132
47,23,144,56,564,596,132
34,32,46,56,491,550,132
44,23,110,56,527,547,132
61,39,160,104,572,605,132
73,54,107,94,559,585,132
29,22,55,40,487,526,132
130,47,471,176,669,699,132
34,23,145,100,583,618,132
37,21,82,50,521,536,132
33,20,51,30,496,550,132
34,26,89,69,519,547,132
22,20,75,51,491,495,132
37,26,116,93,555,580,132
37,23,123,54,552,573,132
94,42,208,87,603,633,132
26,21,52,40,492,491,132
35,28,90,57,504,549,132
82,31,198,70,606,636,132
21,22,28,33,445,477,132
38,29,95,78,545,573,133
25,22,51,40,465,511,133
61,31,192,105,613,653,133
39,22,75,47,491,519,133
82,49,307,181,656,688,133
39,23,76,48,523,551,133
44,27,70,47,510,492,133
30,21,49,35,471,510,133
110,45,274,118,619,652,133
23,22,29,34,446,454,133
45,24,120,74,535,566,133
37,21,81,53,516,567,134
106,58,279,176,638,666,134
40,23,155,115,565,602,134
20,20,44,46,467,505,134
26,25,44,44,509,541,134
16,22,55,59,497,534,134
26,25,33,45,447,491,134
56,26,92,49,518,564,134
44,25,88,63,531,562,134
31,29,41,33,471,512,134
56,21,186,59,592,618,134
131,41,480,186,684,717,134
43,24,96,65,530,554,134
19,20,24,34,420,463,134
36,20,51,42,491,547,134
19,25,23,38,385,430,135
127,33,447,133,666,695,135
82,36,281,109,629,659,135
99,53,226,115,617,647,135
38,21,91,55,512,543,135
26,24,28,25,452,483,135
53,36,80,55,542,569,135
122,85,199,131,609,639,135
35,27,90,75,529,556,135
45,21,133,49,556,592,135
51,21,88,33,551,586,135
63,40,105,74,536,568,136
70,34,214,112,611,636,136
38,20,115,45,558,573,136
34,26,112,88,533,562,136
207,73,546,199,708,736,136
106,48,328,142,651,682,136
45,37,85,76,515,539,136
38,24,93,50,523,559,136
41,23,119,55,555,571,136
21,20,22,22,438,478,136
34,28,89,76,516,548,136
141,72,220,81,628,649,136
35,27,104,84,541,559,136
117,57,357,195,657,691,136
30,23,48,37,488,525,136
166,56,375,132,667,695,136
28,26,109,68,555,580,136
42,31,87,62,532,560,136
35,20,98,51,518,577,137
37,27,51,43,501,530,137
60,35,204,114,609,641,137
49,32,70,54,520,564,137
74,45,176,118,596,629,137
67,36,177,105,598,630,137
23,23,83,71,515,551,137
160,58,337,127,665,695,137
90,45,193,93,612,645,137
94,34,268,114,618,655,137
32,25,74,44,523,563,138
43,26,122,77,566,592,138
44,27,173,111,589,612,138
43,22,114,57,541,522,138
233,72,497,163,699,729,138
51,29,131,76,562,598,138
141,59,415,193,686,712,138
52,25,127,61,562,583,138
50,24,154,87,581,599,138
49,37,110,84,561,592,138
98,44,256,141,637,668,138
23,22,29,36,478,539,138
28,21,30,24,461,476,138
44,37,111,85,557,596,138
76,43,195,113,599,626,139
30,21,91,65,534,554,139
49,34,55,41,513,559,139
94,43,347,197,645,673,139
67,39,179,96,599,625,139
48,28,98,63,542,573,139
52,33,126,69,552,579,139
47,23,100,54,535,570,139
100,42,212,109,618,642,139
138,67,302,169,655,693,139
27,20,76,59,510,538,139
61,35,146,75,593,619,139
15,22,18,39,413,476,139
44,26,85,34,514,556,139
107,35,245,104,611,646,139
72,41,164,120,594,629,139
159,65,498,213,701,731,139
40,25,42,37,484,542,139
240,61,727,267,768,802,139
36,24,135,81,560,596,139
118,65,368,196,667,702,139
30,20,63,36,509,529,140
46,23,68,42,510,549,140
40,25,91,58,537,572,140
72,34,285,118,614,641,140
9,20,19,48,404,448,140
58,42,131,94,564,597,140
50,35,143,70,564,584,140
21,23,36,44,453,495,140
160,60,363,153,662,696,140
52,34,144,97,588,615,140
182,75,366,137,671,700,140
184,69,498,216,708,736,140
35,24,90,59,504,543,140
23,23,63,59,504,527,140
47,31,82,50,542,575,140
86,35,202,81,618,644,140
35,23,74,45,488,514,140
119,56,368,169,660,689,140
64,35,134,83,566,602,141
163,61,334,155,657,684,141
49,23,135,60,556,586,141
116,62,213,110,627,649,141
67,41,166,75,593,621,141
25,20,50,38,488,526,141
57,22,113,58,544,592,141
225,83,628,203,708,736,141
41,23,103,52,526,550,141
80,38,193,82,591,635,141
153,60,449,168,701,736,141
88,48,381,244,670,698,141
33,22,63,36,497,529,141
44,28,126,92,549,570,141
80,26,280,114,637,665,141
48,22,62,34,501,524,141
26,20,63,44,506,527,142
30,24,90,65,526,557,142
23,24,37,43,436,477,142
41,23,80,39,507,553,142
34,23,89,62,522,551,142
25,20,30,28,435,463,142
398,94,873,216,765,795,142
228,93,644,176,722,752,142
39,22,120,63,538,581,142
44,24,87,49,515,561,142
50,26,127,74,578,606,142
70,25,283,108,616,648,142
19,22,28,43,428,481,142
69,37,110,57,555,603,142
81,39,309,190,644,672,142
31,30,63,63,509,540,142
31,20,50,42,503,545,142
25,21,52,42,449,488,142
47,29,165,110,589,620,142
48,39,50,47,540,564,142
36,26,65,47,485,519,142
40,27,119,70,549,580,142
75,30,174,75,596,619,143
32,29,129,96,543,565,143
122,43,297,76,632,662,143
33,20,57,39,500,550,143
25,25,69,61,510,559,143
19,22,30,38,459,496,143
45,24,75,43,537,564,143
63,32,154,61,595,623,143
45,21,141,88,565,587,143
36,26,112,80,535,560,143
83,33,219,126,603,646,143
68,31,206,100,601,627,143
179,76,331,129,665,694,143
45,35,129,105,556,590,144
43,23,91,40,514,548,144
36,27,86,71,547,586,144
158,79,497,251,698,729,144
25,26,75,70,498,514,144
65,24,130,51,561,583,144
39,22,99,63,542,569,144
72,44,157,104,587,620,144
76,25,236,81,613,646,144
15,20,39,45,422,466,144
51,25,161,74,570,600,144
165,65,456,162,684,713,144
63,48,139,120,567,604,144
51,22,81,32,526,554,144
47,32,89,61,514,542,144
68,37,178,85,592,614,144
38,27,67,58,517,576,144
212,71,599,216,726,757,144
22,20,28,32,423,457,145
72,26,184,70,581,624,145
72,37,184,75,584,605,145
27,26,30,26,453,490,145
44,34,91,61,554,586,145
22,22,39,39,436,472,145
90,45,229,112,610,638,145
56,30,107,50,559,591,145
34,22,100,51,533,547,145
31,22,80,55,529,559,145
85,50,215,117,625,659,145
132,68,397,234,680,710,145
182,49,476,190,690,720,145
45,28,138,92,582,611,145
21,21,63,52,490,518,145
81,45,155,78,592,617,145
27,23,80,61,527,550,145
52,39,169,133,581,610,145
22,21,37,41,473,497,145
37,27,118,85,531,579,145
99,42,436,239,669,699,145
33,20,117,70,550,574,146
56,27,119,64,560,583,146
31,23,101,71,545,574,146
33,28,70,54,478,531,146
40,33,96,78,544,583,146
31,20,39,44,462,531,146
136,57,507,197,679,718,146
38,24,62,47,511,552,146
50,34,125,83,563,611,146
163,65,343,176,661,689,146
20,24,52,63,485,530,146
33,36,54,65,496,538,146
65,47,53,37,517,529,146
28,23,16,22,375,438,146
59,26,122,54,566,598,146
42,34,82,56,499,542,146
84,36,205,90,598,634,146
21,20,19,23,392,450,146
49,28,94,50,531,566,146
12,20,22,38,386,406,147
40,23,65,34,504,530,147
24,21,54,47,476,489,147
35,24,110,90,550,582,147
23,20,42,31,446,466,148
24,23,33,41,457,493,148
27,27,65,57,480,500,148
35,27,66,31,500,481,148
51,24,126,41,554,577,148
39,24,156,75,574,604,148
24,24,46,54,481,512,149
32,22,83,63,509,541,149
69,53,91,78,574,611,149
47,23,119,61,556,593,149
51,23,117,44,553,571,149
39,24,58,44,517,558,149
158,59,406,167,672,704,149
31,22,85,71,509,537,149
38,20,137,64,561,600,149
77,29,202,51,595,630,149
170,73,527,232,707,739,149
29,21,60,44,476,512,149
18,22,22,28,374,411,150
24,22,64,62,480,511,150
95,51,368,171,652,687,150
32,23,85,53,516,544,150
30,22,29,25,443,497,150
55,28,145,100,555,596,151
29,22,49,31,459,501,151
50,31,105,67,550,590,151
66,34,136,62,570,607,151
40,23,73,44,515,553,151
56,39,154,99,559,579,151
185,70,549,222,699,728,151
30,20,49,39,489,503,151
35,25,108,79,539,580,151
65,31,212,110,602,627,151
19,22,22,38,415,472,151
25,21,32,22,447,466,151
19,25,19,31,407,455,151
42,21,90,50,525,568,151
60,23,163,78,579,611,151
483,114,912,263,781,812,151
52,33,101,81,549,587,152
16,21,13,23,373,383,152
96,42,194,79,609,643,152
36,21,75,43,512,550,152
25,27,42,54,435,480,152
101,44,196,97,606,632,152
33,30,72,69,515,558,152
64,26,147,58,586,611,152
41,27,81,55,533,570,152
31,21,71,54,513,548,152
60,38,175,89,591,632,152
30,20,81,43,533,560,152
47,31,130,71,552,582,153
31,28,66,46,507,497,153
35,22,100,62,527,558,153
25,22,49,52,463,524,154
43,24,130,67,540,566,154
63,31,177,92,584,616,154
29,26,41,31,446,478,154
54,28,112,55,547,575,154
40,26,76,51,516,558,154
62,23,145,55,567,596,154
25,27,32,38,456,488,154
13,20,27,39,417,413,154
33,25,49,44,470,488,154
18,21,26,43,401,438,154
40,27,101,64,533,560,154
45,20,106,37,538,549,154
47,25,74,38,537,570,154
45,23,101,52,549,593,154
57,43,185,145,596,633,154
28,23,98,78,505,529,155
49,20,75,21,510,521,155
323,93,735,260,775,809,155
40,24,76,34,525,544,155
332,125,615,245,738,766,155
81,29,223,107,603,636,155
26,22,75,57,526,567,155
25,22,59,50,474,506,156
43,32,106,68,534,573,156
196,69,674,194,728,760,156
43,29,66,51,534,572,156
35,29,57,62,485,542,156
63,42,102,89,565,599,156
75,34,206,115,621,653,156
42,22,141,76,551,570,156
34,21,82,55,507,556,156
24,20,49,46,487,511,156
182,63,632,347,753,792,156
20,20,49,55,447,481,156
18,25,15,37,423,428,156
116,53,304,134,634,662,156
52,38,161,94,580,610,156
55,34,124,85,582,610,156
42,26,87,63,527,565,156
25,22,40,41,476,508,156
106,35,333,122,645,678,156
48,28,399,225,667,703,157
32,23,81,56,526,560,157
17,20,40,44,423,370,157
25,20,28,31,448,505,157
296,93,661,241,731,779,157
61,38,145,79,574,604,157
58,34,171,93,595,621,157
67,38,147,81,564,608,157
29,25,50,53,497,536,157
34,23,56,46,485,547,157
457,101,952,284,830,861,157
31,24,39,38,447,495,157
28,20,38,30,471,495,157
41,21,86,46,525,573,158
391,109,849,238,760,784,158
63,22,164,52,584,612,158
19,26,19,43,399,435,158
35,22,39,30,480,487,158
43,33,101,54,549,582,158
50,38,74,60,523,554,158
32,20,65,41,496,513,158
113,43,338,98,659,688,158
20,22,32,37,463,494,158
46,24,121,72,553,585,159
22,24,30,42,430,485,159
31,24,56,34,501,526,159
49,33,82,62,526,574,159
30,23,73,42,500,545,159
81,46,160,73,588,614,159
34,23,63,43,477,520,159
62,36,183,119,598,632,159
51,29,162,92,579,623,159
80,41,158,64,578,612,159
26,20,51,36,495,523,159
37,21,38,19,488,502,159
29,21,55,44,492,546,159
38,35,110,99,548,582,159
25,22,107,93,528,559,160
219,76,509,203,706,739,160
26,21,37,30,463,500,160
21,20,52,35,475,480,160
60,37,164,104,579,612,160
53,44,149,104,593,622,160
52,34,97,67,540,575,160
67,46,167,133,581,613,160
24,27,30,49,457,481,160
135,48,569,224,699,728,160
157,69,398,186,685,712,160
34,21,110,57,531,552,160
52,27,135,78,564,580,160
72,30,349,166,635,669,160
53,24,104,44,525,561,160
35,22,59,36,504,514,160
27,20,54,35,482,505,161
77,39,209,110,593,621,161
23,21,41,28,467,496,161
36,25,88,73,529,583,161
14,23,15,36,375,420,161
36,25,67,56,519,555,161
51,32,200,143,603,634,161
97,45,213,83,618,647,161
32,26,60,68,511,540,161
46,27,90,47,534,568,161
166,60,393,137,682,713,161
106,42,217,88,616,645,162
144,85,387,197,676,709,162
153,65,419,163,677,709,162
36,21,58,28,515,538,162
40,33,88,66,524,548,162
28,21,63,49,495,504,162
384,123,749,261,760,791,162
144,69,267,115,638,669,162
129,47,381,133,671,700,162
48,29,66,40,517,549,162
34,24,83,45,494,528,162
33,28,75,69,526,564,162
22,20,38,30,441,471,162
25,20,34,35,453,497,162
30,24,64,44,483,492,162
26,21,53,28,484,530,162
203,73,515,207,699,734,162
31,23,77,50,505,524,163
66,28,136,65,568,596,163
83,39,407,160,653,678,163
85,42,252,131,630,661,163
23,22,37,43,436,480,163
188,69,460,164,690,721,163
40,21,99,65,530,563,163
91,44,317,165,644,676,163
290,80,608,161,723,753,163
63,29,159,94,599,632,163
44,29,93,64,527,559,163
26,22,57,53,511,536,163
76,35,135,57,572,615,163
34,23,19,15,442,457,163
438,133,757,290,796,826,163
55,31,139,80,573,603,163
221,61,774,305,809,839,163
60,40,130,87,563,604,163
117,58,381,163,676,701,163
48,23,160,93,575,614,163
40,20,93,37,536,583,164
18,22,34,49,481,517,164
63,24,111,37,551,568,164
35,26,91,77,528,560,164
62,36,124,74,567,593,164
78,38,211,90,611,645,164
21,22,57,45,480,533,164
83,26,197,54,596,619,165
60,34,103,64,552,590,165
29,21,36,35,442,500,165
53,39,118,80,560,599,165
29,25,56,35,480,492,165
100,34,201,77,590,619,165
20,20,32,27,440,468,165
36,28,90,75,536,561,165
22,20,37,29,436,364,165
53,31,139,82,567,595,165
40,26,62,42,498,548,165
99,49,218,119,601,628,165
61,23,109,42,535,569,165
151,43,361,117,654,689,165
38,24,99,77,544,573,165
67,29,169,85,587,619,165
30,21,85,48,516,551,166
46,26,93,40,554,588,166
65,36,147,72,558,589,166
40,22,62,36,507,536,166
32,27,59,57,513,532,166
53,25,139,64,559,607,166
38,26,106,70,527,537,166
41,26,118,66,570,611,166
99,42,230,84,614,644,166
35,27,57,41,489,527,166
50,35,123,86,555,582,166
45,23,94,49,533,543,166
31,22,58,42,493,490,166
30,20,91,66,511,539,166
30,24,40,40,460,518,166
36,24,91,60,548,573,166
31,20,65,50,507,546,166
152,74,312,147,676,714,167
28,27,88,87,531,561,167
54,33,119,94,543,590,167
32,29,110,69,531,522,167
57,32,214,130,616,650,167
69,29,150,55,572,606,167
18,22,47,53,425,462,167
37,23,91,61,531,555,167
43,29,93,65,535,580,167
12,20,18,39,374,387,167
72,43,210,127,595,635,167
38,20,102,63,528,566,167
72,34,185,88,603,635,167
56,24,84,47,523,550,168
22,21,25,33,426,463,168
131,44,307,105,645,674,168
60,29,116,68,558,573,168
40,23,107,49,528,546,168
21,21,32,42,462,478,168
34,21,85,44,532,551,168
56,36,170,107,568,594,168
44,32,77,60,533,569,168
35,23,59,32,481,506,168
88,38,226,115,619,648,168
45,34,90,83,538,567,168
24,20,125,95,528,556,168
38,32,65,50,496,492,168
37,23,129,101,559,599,168
65,28,178,106,591,616,168
57,26,161,76,574,595,168
20,22,15,29,392,414,168
55,32,94,45,542,558,168
34,25,77,64,508,519,168
26,24,58,44,508,529,168
27,21,94,80,532,574,168
37,26,72,47,528,559,168
32,21,85,61,521,583,168
74,32,195,86,594,634,168
41,23,80,42,512,540,168
19,20,30,31,421,449,169
61,22,145,62,549,597,169
94,57,236,140,622,656,169
42,25,100,72,542,579,169
48,35,97,77,543,582,169
28,20,65,49,505,539,169
53,23,215,84,595,618,169
39,26,93,67,538,575,169
34,22,76,47,520,548,169
49,20,161,62,565,591,169
115,47,368,163,662,696,170
177,75,524,193,712,741,170
31,20,62,31,489,521,170
36,28,94,71,534,565,170
51,37,155,130,576,606,170
29,24,59,47,492,523,170
173,59,580,195,713,746,170
56,21,90,40,547,586,170
25,21,39,35,476,495,170
152,60,583,312,733,763,170
66,25,192,82,596,615,171
332,99,763,253,785,819,171
35,25,42,39,502,526,171
32,21,61,47,492,528,171
57,41,127,97,572,607,171
258,97,604,262,734,768,171
34,21,88,67,505,546,171
34,24,68,52,493,544,171
31,22,69,51,518,562,171
243,75,580,172,719,749,171
38,20,85,34,513,532,171
24,23,95,74,523,545,171
28,20,56,31,494,466,171
45,25,108,60,531,566,171
45,28,98,51,526,549,171
179,84,610,250,716,747,171
28,21,55,37,477,524,171
19,21,36,39,427,448,171
19,22,30,45,454,501,172
68,29,118,46,567,603,172
67,30,147,69,588,624,172
28,25,30,38,456,489,172
126,57,289,143,647,679,172
97,38,495,182,679,711,172
31,22,49,31,481,542,172
41,28,64,44,495,521,172
41,29,112,85,552,575,172
65,28,187,76,584,623,172
31,23,42,47,473,513,172
29,20,57,37,471,511,172
78,39,186,94,598,630,172
79,44,171,100,603,639,172
547,133,867,278,815,854,172
40,23,118,61,546,577,172
56,20,139,55,574,600,172
22,22,52,54,478,536,173
46,22,137,60,577,609,173
63,41,130,82,554,584,173
57,38,142,102,568,597,173
79,39,247,128,630,665,173
24,26,67,70,490,525,173
43,20,61,27,497,526,173
50,32,95,64,539,572,174
33,22,68,33,502,505,174
14,21,16,39,384,440,174
35,22,75,54,489,519,174
24,24,50,60,478,530,174
40,21,141,62,548,581,174
32,23,54,36,482,507,174
42,23,118,59,526,562,174
37,32,77,60,508,544,174
35,21,76,60,515,555,174
25,21,50,40,470,519,174
110,41,253,122,623,653,174
48,30,120,51,530,542,174
58,38,73,57,527,555,174
101,51,218,122,615,641,174
26,20,53,47,476,496,174
117,44,289,95,644,672,174
70,34,138,68,567,600,174
31,23,66,47,501,518,175
55,31,164,76,592,618,175
68,38,116,61,573,609,175
70,32,197,92,596,616,175
49,35,135,92,554,589,175
54,35,105,82,550,589,175
109,35,328,101,655,680,175
43,30,68,37,504,507,175
129,46,276,79,645,679,175
39,28,143,99,553,590,175
64,33,122,50,561,590,175
28,23,55,47,443,501,176
55,29,156,67,575,609,176
82,41,229,110,624,659,176
23,22,37,27,454,498,176
42,31,74,49,503,528,176
60,27,115,49,572,609,176
36,24,111,59,521,550,176
32,25,67,50,524,546,176
58,25,193,82,590,616,176
55,25,110,57,553,566,176
89,52,265,149,624,657,176
35,22,131,83,546,569,176
68,34,131,67,567,595,176
13,20,21,37,407,417,176
50,33,126,72,555,592,176
48,28,144,91,554,583,176
178,45,638,174,718,748,176
39,22,85,46,527,567,176
45,40,115,88,577,607,176
57,31,149,66,564,582,176
34,22,167,102,564,598,176
49,38,167,123,561,595,176
166,58,387,141,680,707,176
48,36,121,87,553,590,176
46,21,94,40,536,577,176
43,40,77,80,510,543,176
45,24,79,38,528,547,177
28,23,74,64,516,542,177
38,23,83,58,522,545,177
82,45,180,93,619,650,177
31,22,53,46,482,517,177
36,28,88,77,534,575,177
19,23,14,33,221,404,177
31,24,67,40,498,539,177
29,22,77,57,524,552,177
73,32,173,93,592,617,177
42,27,55,33,501,523,177
48,21,104,51,553,591,177
46,29,109,64,550,583,177
25,20,46,31,499,535,177
22,24,41,49,466,501,177
41,26,84,65,537,574,177
79,42,262,124,611,641,177
42,28,79,53,497,523,177
95,47,229,110,635,665,177
403,133,784,195,767,794,177
58,27,144,57,590,618,178
49,25,126,77,543,565,178
52,43,86,76,553,591,178
60,34,167,88,582,613,178
37,23,82,43,501,534,178
112,49,254,123,627,661,178
72,29,160,54,589,621,178
41,23,42,29,506,534,178
77,41,138,69,573,616,178
59,31,188,126,592,631,179
42,26,126,77,544,575,179
29,22,50,33,477,498,179
39,24,67,47,498,526,179
34,20,79,53,523,568,179
27,21,46,33,485,469,179
37,22,102,59,521,546,179
55,29,108,60,572,614,179
32,30,71,56,495,535,179
84,37,293,121,645,674,179
38,23,65,50,498,542,179
29,25,85,67,504,538,179
167,57,493,163,682,712,179
38,27,90,56,513,550,179
35,21,90,64,522,534,179
43,23,98,54,544,553,180
52,36,116,86,543,587,180
52,38,58,50,487,551,180
21,23,31,46,402,475,180
98,49,139,74,597,623,180
85,51,199,86,614,643,180
38,25,70,45,495,529,180
30,20,52,41,505,542,180
60,40,207,142,595,627,180
44,22,122,58,549,586,180
66,41,138,68,576,607,180
44,33,98,71,544,571,180
36,36,57,64,493,543,180
210,62,671,178,724,755,180
26,21,71,46,504,521,180
75,20,279,91,620,640,180
30,24,89,66,522,547,180
32,23,43,29,467,514,180
36,20,75,43,491,518,180
32,21,84,67,511,541,180
29,29,69,69,483,512,181
36,21,86,43,521,527,181
38,26,67,48,499,522,181
44,21,110,65,524,547,181
38,24,81,60,545,588,181
71,41,180,112,598,631,181
20,20,39,43,453,487,181
25,23,43,44,470,487,182
59,31,125,86,560,596,182
55,29,147,57,563,587,182
164,43,355,95,677,709,182
32,22,41,23,476,481,182
92,49,271,150,633,659,182
44,40,103,101,550,581,182
22,20,29,28,427,460,182
45,24,78,41,535,563,182
44,30,164,99,580,609,182
48,33,102,69,533,571,182
71,41,184,112,593,625,182
58,28,157,76,571,607,182
38,23,107,56,540,563,182
53,28,114,57,547,590,182
53,29,279,166,651,681,183
25,22,67,59,487,521,183
55,32,155,81,574,605,183
41,21,70,30,509,554,183
35,31,58,46,503,538,183
45,25,101,51,538,562,183
64,30,236,94,600,638,183
121,52,320,116,664,691,183
72,29,144,70,571,599,183
33,26,88,75,521,548,183
25,21,43,29,451,478,183
25,24,48,55,472,495,183
60,32,90,38,556,587,183
33,24,140,104,558,592,183
55,28,146,82,576,598,183
60,24,172,68,584,619,183
64,31,71,35,532,566,183
145,54,331,129,657,684,184
33,20,97,60,529,553,184
34,27,75,61,520,542,184
17,23,33,57,412,460,184
23,23,58,63,472,539,184
23,23,30,34,443,477,184
52,29,126,70,569,593,184
22,21,21,37,433,464,184
97,46,259,96,628,659,184
24,26,15,31,413,462,184
38,22,53,25,490,537,184
72,27,114,47,559,593,184
41,28,110,87,549,574,184
109,42,329,129,658,686,185
44,27,103,64,532,576,185
51,27,124,66,563,583,185
25,26,40,49,473,520,185
27,25,77,62,511,551,185
55,24,168,68,584,613,185
66,35,178,75,595,649,185
35,26,148,105,552,582,185
58,29,95,57,533,559,185
89,31,322,128,634,678,185
33,27,53,46,483,502,185
33,21,54,40,490,534,185
148,57,372,151,674,701,185
41,20,71,28,511,528,185
145,72,322,143,649,679,185
71,27,211,107,614,645,185
20,22,30,48,433,489,185
46,31,73,43,527,571,185
41,25,87,34,528,522,185
52,26,115,47,542,577,185
61,39,115,88,562,592,186
79,26,617,276,736,773,186
57,30,142,88,571,603,186
31,25,61,59,469,564,186
193,61,541,178,698,729,186
23,24,15,23,434,446,186
25,22,63,56,503,534,186
50,22,83,24,515,554,186
39,30,69,64,517,551,186
51,24,51,27,509,571,186
37,23,81,52,509,560,186
22,20,18,16,443,454,186
45,21,129,55,574,611,186
46,32,108,77,553,586,186
45,24,98,49,548,579,186
65,30,96,34,534,572,186
51,31,125,74,567,598,186
34,27,48,45,500,534,186
57,43,111,101,545,586,186
41,30,67,47,522,526,186
38,22,102,53,547,568,186
37,33,92,76,505,532,187
93,44,303,134,646,679,187
186,76,342,136,679,711,187
40,34,93,77,537,581,187
17,22,25,49,418,414,187
29,20,53,32,478,510,187
46,22,108,50,540,564,187
19,20,43,37,469,509,187
45,37,51,50,518,533,187
35,29,40,33,474,508,187
29,23,68,60,525,554,187
27,21,77,68,500,554,187
36,20,44,20,470,501,188
28,22,62,45,503,524,188
29,22,58,45,467,508,188
44,22,80,33,524,543,188
28,23,83,60,512,548,188
29,20,57,42,495,556,188
89,35,209,88,615,645,188
46,27,122,83,548,567,188
24,21,39,40,451,471,188
34,21,47,43,479,514,188
76,38,245,113,614,648,188
142,65,324,113,660,694,188
82,42,212,96,611,627,188
46,23,115,69,547,593,188
246,77,712,240,750,780,188
610,134,922,376,839,875,188
18,21,69,68,490,525,189
20,25,32,46,423,476,189
61,26,111,50,541,597,189
54,31,131,92,557,599,189
38,33,102,88,532,557,189
258,62,759,239,751,784,189
150,54,366,113,668,702,189
25,26,54,55,458,487,189
229,65,737,209,759,787,189
40,24,98,55,541,546,189
63,42,191,115,584,613,189
72,33,184,74,584,616,189
34,23,72,52,494,515,189
32,21,66,43,503,534,189
27,20,97,70,500,557,189
42,32,52,52,512,539,189
54,25,287,141,640,672,189
207,69,547,164,702,733,189
46,20,66,28,512,551,189
41,27,51,42,503,546,189
290,67,673,180,719,747,189
33,20,92,48,524,539,189
21,22,41,44,444,472,189
168,71,491,223,703,731,189
141,48,323,122,663,697,189
22,23,16,32,418,456,190
49,36,75,59,542,571,190
227,88,625,310,751,780,190
58,40,119,76,554,580,190
22,23,76,73,484,513,190
57,29,119,52,554,567,190
51,26,110,54,550,594,190
30,26,71,58,511,549,190
90,50,317,128,653,682,190
24,21,92,79,522,557,190
28,29,95,99,520,543,190
52,31,131,65,565,593,191
18,22,42,54,450,490,191
28,23,91,58,509,527,191
31,23,75,65,487,514,191
27,27,82,71,501,529,191
73,40,214,119,603,630,191
45,25,117,75,542,590,191
85,37,201,84,597,631,191
28,30,52,52,468,505,191
44,32,242,142,612,641,191
32,21,91,49,512,546,191
32,21,49,39,461,516,191
60,48,182,132,613,642,191
281,87,588,145,728,759,191
53,23,158,83,557,592,191
19,20,43,45,447,471,191
40,27,69,58,491,535,191
32,22,73,43,504,530,192
67,30,116,56,556,594,192
41,22,131,76,556,589,192
18,23,46,58,454,496,192
92,47,276,142,633,649,192
43,21,98,45,522,562,192
45,23,98,69,532,575,192
79,41,192,102,594,620,192
52,34,114,64,549,576,192
29,20,42,29,452,462,192
32,26,91,83,519,560,192
283,90,647,192,724,755,192
38,22,70,36,508,545,192
57,32,136,64,555,585,192
41,23,115,68,525,548,192
31,24,41,41,491,539,192
31,26,50,48,486,534,192
56,28,94,42,543,569,192
44,26,96,42,531,562,192
36,26,50,33,496,535,192
50,28,136,96,567,599,193
45,27,92,44,536,554,193
65,38,270,173,618,650,193
70,42,149,103,572,605,193
28,25,47,47,451,459,193
61,29,195,106,582,610,193
20,21,37,32,439,470,193
436,107,830,266,796,829,193
29,20,51,41,481,519,193
191,87,536,234,713,747,193
222,70,701,243,737,765,193
85,44,296,148,621,655,193
22,20,53,60,488,524,193
31,26,42,27,475,512,193
40,22,49,36,471,527,193
171,48,611,164,723,757,193
34,21,30,23,460,499,193
57,26,199,101,598,626,194
29,21,56,37,463,455,194
36,29,67,52,473,517,194
36,20,63,37,509,536,194
51,25,130,73,556,599,194
70,28,276,100,619,647,194
36,24,58,38,472,504,194
47,45,53,61,492,543,194
97,43,216,82,621,648,194
169,43,517,132,692,724,194
146,64,328,169,661,694,194
57,31,260,144,607,641,194
42,30,107,60,540,575,194
29,27,47,44,488,504,194
27,21,77,63,518,550,194
83,42,165,69,586,619,194
27,22,73,64,512,541,194
26,23,76,55,491,539,194
114,57,247,106,621,647,195
102,33,317,104,641,677,195
133,63,347,169,655,686,195
63,29,164,94,579,613,195
81,51,136,80,585,616,195
50,33,75,49,533,567,195
37,23,96,53,515,532,195
21,22,31,44,413,474,196
24,20,30,25,424,457,196
99,47,275,132,644,672,196
33,26,78,63,519,554,196
82,46,284,161,632,659,196
21,20,41,28,460,477,196
76,34,208,100,616,654,196
29,20,86,55,515,547,196
26,21,57,36,493,535,196
413,92,858,194,791,818,196
108,38,322,102,636,666,196
117,50,626,285,710,741,196
29,27,75,71,511,540,196
40,22,112,75,543,578,197
48,23,90,52,512,562,197
37,26,60,43,469,523,197
171,58,644,252,738,769,197
23,22,49,46,459,458,197
79,32,207,104,600,633,197
33,21,87,50,495,528,197
71,32,126,59,567,603,197
29,27,45,38,483,530,197
75,40,154,81,581,593,197
183,85,387,195,689,718,197
51,26,99,46,556,592,197
30,20,74,40,494,450,197
104,58,257,120,617,646,197
174,57,351,96,664,695,197
16,23,44,55,422,472,197
55,31,147,85,564,597,197
31,25,78,64,514,542,198
64,41,182,120,582,607,198
387,105,754,274,781,815,198
26,20,76,64,509,546,198
360,95,774,254,766,800,198
40,28,77,59,520,551,198
14,20,39,58,457,486,198
34,21,77,48,512,534,198
17,20,21,27,387,362,198
194,53,587,126,703,733,198
31,21,130,79,548,577,198
61,21,154,54,592,618,198
98,46,268,116,626,655,198
50,27,116,62,541,582,198
111,48,271,102,632,664,199
223,71,661,219,737,768,199
240,75,517,159,714,745,199
79,49,182,101,590,621,199
80,37,182,70,602,640,199
35,22,51,31,478,509,199
36,28,75,75,557,589,199
39,26,106,68,522,560,199
41,32,80,70,501,540,199
173,60,598,223,709,738,199
24,20,68,61,471,498,199
39,22,62,32,495,518,199
107,45,297,147,721,768,199
31,28,82,83,508,544,199
38,28,96,65,524,557,199
64,29,164,78,558,574,200
33,23,81,50,487,515,200
27,27,36,44,427,471,200
67,33,156,68,577,598,200
42,29,84,56,532,569,200
28,23,68,53,465,505,200
39,31,64,58,516,544,200
45,21,115,49,544,544,200
561,112,910,201,790,819,200
28,23,88,50,497,520,200
40,26,83,51,510,540,200
78,47,160,107,591,623,200
32,21,74,41,495,515,200
18,22,23,38,444,468,201
64,33,174,100,559,580,201
288,74,590,151,718,748,201
33,20,130,79,529,590,201
31,20,41,27,446,457,201
34,25,92,78,522,547,201
53,29,88,56,517,562,201
24,22,78,64,497,533,202
24,23,62,56,468,509,202
24,23,69,61,480,513,202
38,27,122,91,533,561,202
45,26,85,39,523,532,202
40,26,65,54,506,531,202
36,22,64,44,478,522,202
23,22,43,38,416,451,202
36,24,105,68,534,551,202
53,22,269,117,598,620,202
53,26,79,37,521,549,202
22,22,37,43,415,474,202
11,20,32,46,404,420,203
47,25,115,59,540,556,203
37,20,56,37,463,487,203
35,21,75,44,516,551,203
49,38,173,118,579,613,203
34,25,40,26,443,482,203
49,23,94,47,539,573,203
54,32,173,92,567,610,203
39,30,48,43,483,512,203
60,46,119,92,556,591,203
28,22,58,59,484,536,203
16,22,48,53,437,424,203
26,21,47,36,455,458,203
38,23,113,84,544,571,203
24,26,44,55,439,476,204
18,22,32,45,431,457,204
26,20,45,31,475,515,204
28,20,88,67,503,537,204
461,149,762,320,803,831,204
34,20,70,37,499,517,204
28,21,35,31,430,485,205
21,23,48,49,470,499,205
26,21,32,43,463,527,205
288,73,810,208,764,794,205
21,25,40,37,438,457,205
22,20,29,36,424,452,205
48,26,81,37,534,556,205
19,22,41,46,448,479,205
35,23,87,47,506,533,205
29,21,75,55,502,546,205
18,20,39,37,442,458,205
22,20,22,25,376,447,205
24,21,90,61,523,526,205
54,28,99,54,543,576,206
38,26,81,69,524,548,206
42,23,131,77,556,567,206
58,32,148,80,561,600,206
31,31,52,52,473,501,206
67,34,176,90,571,594,206
23,22,30,28,431,478,206
40,20,77,38,507,551,206
39,22,103,52,515,541,206
63,27,150,75,555,583,206
26,24,66,58,487,510,206
84,25,327,137,642,668,206
32,20,62,38,491,515,206
69,28,199,85,601,629,206
31,28,79,60,503,539,206
14,21,37,48,401,420,207
28,21,72,54,498,508,207
14,20,24,43,275,381,207
100,46,394,207,676,708,207
48,20,118,52,543,568,207
56,23,83,47,531,565,207
27,28,63,73,505,550,207
32,29,86,86,503,527,207
28,20,70,38,513,532,207
30,25,66,50,503,556,208
25,22,51,42,504,527,208
24,26,42,50,441,451,208
41,27,53,33,481,548,208
57,34,166,97,573,590,208
36,32,87,72,524,561,208
24,24,28,37,424,449,208
91,32,249,85,620,650,208
404,98,936,250,845,872,208
19,20,29,42,410,444,208
36,21,62,22,487,486,208
30,20,63,37,466,500,208
65,27,151,60,565,595,208
26,21,68,51,480,516,209
39,30,61,49,506,538,209
32,24,138,86,531,556,209
56,23,141,48,553,575,209
39,23,107,74,540,579,209
56,34,154,93,575,610,209
31,20,77,60,494,525,209
48,27,96,44,539,550,209
78,37,187,83,587,625,209
32,26,100,82,536,571,209
23,21,40,41,473,516,209
175,76,453,198,689,719,210
60,34,124,64,568,598,210
17,20,37,41,438,435,210
25,20,47,38,453,493,210
19,21,38,43,451,421,210
26,24,51,55,478,510,210
31,22,46,30,462,468,210
65,29,161,92,577,611,210
39,25,70,47,505,532,210
27,20,61,45,465,500,211
33,22,68,41,500,536,211
37,30,83,69,511,546,211
47,28,78,42,511,555,211
31,23,36,39,467,496,211
71,38,172,69,584,619,211
40,21,90,55,533,572,211
57,39,146,90,579,613,211
71,36,119,85,586,623,211
44,21,136,55,550,546,211
27,22,25,40,438,477,211
27,30,32,43,443,466,211
141,48,442,180,673,698,211
56,30,85,40,522,544,211
316,83,751,180,733,764,211
58,25,154,78,569,600,211
27,26,97,60,507,540,211
49,31,247,154,600,629,211
30,22,76,53,517,539,212
38,33,109,106,538,574,212
80,32,225,84,623,647,212
41,21,137,69,539,558,212
50,30,81,64,542,589,212
65,41,143,79,578,615,212
94,47,421,193,683,723,212
23,25,50,43,451,424,212
114,47,273,96,632,656,212
75,43,263,166,619,655,212
61,43,118,63,552,567,212
48,21,156,76,570,595,212
19,22,31,41,444,475,212
29,25,66,56,496,510,212
129,71,270,147,642,677,212
44,27,77,50,502,527,212
34,26,72,64,499,535,212
75,41,126,62,555,602,212
62,27,117,46,559,593,212
51,25,136,67,553,576,212
278,78,744,206,739,770,212
21,20,76,64,487,528,213
18,25,35,47,449,461,213
41,20,78,33,519,509,213
159,58,329,114,657,692,213
41,24,68,50,512,535,213
78,21,119,33,568,601,213
34,32,53,52,486,535,213
46,24,158,96,565,592,213
38,29,125,83,555,585,213
34,22,94,57,542,573,213
62,31,214,120,620,642,214
52,31,74,49,513,547,214
33,21,35,17,454,454,214
25,21,63,48,467,488,214
82,46,194,95,604,631,214
105,54,243,119,622,650,214
21,23,40,49,429,478,214
91,30,175,68,608,640,214
31,22,68,52,504,541,214
34,24,96,66,518,547,214
34,20,56,41,476,537,214
32,22,72,32,513,503,214
31,24,65,34,489,534,214
40,20,104,66,526,550,214
25,21,53,44,497,515,214
33,23,72,45,527,559,214
50,41,85,68,524,539,214
37,26,72,47,511,517,214
51,27,81,46,534,562,214
21,23,95,88,522,540,215
48,26,116,54,551,580,215
98,41,238,113,627,658,215
19,20,40,39,437,444,215
54,34,131,80,562,584,215
17,21,24,36,423,472,215
76,39,209,114,609,622,215
106,50,363,145,660,688,215
30,21,85,64,505,543,216
33,21,173,111,566,601,216
26,26,54,53,467,494,216
32,22,99,67,534,570,216
32,26,54,44,512,533,216
49,21,102,30,532,560,216
17,21,38,40,434,476,216
18,21,25,36,420,449,216
33,20,71,32,500,534,216
24,24,71,60,411,439,216
29,23,37,34,467,505,216
48,25,128,42,548,576,216
26,22,46,41,468,514,216
45,29,96,69,525,539,216
91,35,277,84,621,631,216
41,31,77,61,515,576,216
30,32,62,62,491,539,216
22,20,53,38,441,506,216
81,32,173,79,587,617,216
49,24,238,119,623,655,216
41,20,96,50,524,567,216
56,38,106,59,552,577,216
37,27,80,39,532,575,216
27,25,44,36,466,506,216
59,43,152,108,585,619,216
41,24,79,35,509,548,216
43,29,109,83,553,588,216
34,21,57,42,495,549,217
29,30,73,66,485,524,217
57,32,102,52,549,568,217
106,41,265,120,630,660,217
36,21,61,38,459,505,217
28,21,40,37,441,482,217
27,23,45,44,445,493,217
80,32,182,86,591,621,217
20,20,28,44,428,485,217
28,23,46,38,438,503,217
31,28,58,61,501,563,217
38,21,143,71,566,592,217
35,22,90,67,525,481,217
134,56,350,167,667,698,217
32,22,64,44,523,552,217
93,37,143,66,589,620,217
42,21,124,70,542,584,217
59,37,146,81,573,604,217
68,35,175,99,606,641,217
33,21,82,51,521,551,217
17,22,31,36,403,447,218
39,21,77,38,495,524,218
25,24,49,54,467,548,218
24,20,48,29,474,489,218
32,21,70,68,487,544,218
38,27,72,45,502,545,218
36,26,90,69,524,546,218
66,34,180,93,579,613,218
27,23,58,45,459,501,219
76,46,246,159,631,660,219
27,22,38,32,454,485,219
29,21,87,64,519,537,219
24,21,61,53,495,526,219
71,33,147,63,576,612,219
128,59,291,142,644,675,219
65,39,130,53,583,597,219
62,32,166,94,564,615,219
18,22,33,48,449,474,219
49,27,140,94,575,609,219
36,21,132,71,561,580,219
27,22,75,57,512,543,219
58,44,93,66,544,576,219
37,30,102,75,534,559,219
42,20,84,49,536,559,219
44,26,59,34,496,540,219
24,20,40,34,453,497,219
62,32,173,72,579,613,220
57,32,119,61,556,603,220
55,35,113,65,551,585,220
45,25,141,101,563,597,220
96,34,324,127,646,678,220
28,25,55,42,495,526,220
23,21,39,37,444,440,220
30,27,67,66,496,529,220
42,29,179,118,591,617,220
30,25,32,33,463,507,220
49,37,94,66,540,560,220
39,26,78,65,520,557,220
83,39,188,89,595,632,220
64,37,92,69,564,603,220
87,38,269,156,631,656,220
36,24,50,37,475,534,220
84,29,204,59,609,641,220
96,52,182,105,594,628,220
42,26,127,86,566,599,220
157,76,308,159,653,682,220
45,26,120,51,537,532,220
33,20,57,34,479,525,220
22,21,67,56,491,519,221
42,26,97,60,546,567,221
58,32,141,73,581,620,221
20,20,38,42,446,485,221
108,39,252,117,632,657,221
29,23,40,39,472,516,221
56,38,210,141,592,623,221
34,22,82,39,507,527,221
71,44,109,63,563,576,221
39,30,84,60,526,578,221
38,23,73,38,507,502,221
74,40,114,53,572,612,221
50,31,118,72,553,570,222
67,33,180,77,599,627,222
21,22,50,40,448,428,222
29,22,55,39,460,487,222
26,22,21,22,449,441,222
25,24,37,44,442,485,222
27,27,46,51,432,490,222
187,70,358,151,675,705,222
46,25,130,49,556,568,222
48,35,92,62,525,536,222
52,45,82,84,555,585,222
47,24,150,82,564,567,222
49,22,150,72,572,606,222
44,28,76,46,529,555,222
41,25,98,42,560,586,222
44,31,68,69,528,574,222
34,29,61,58,474,541,222
40,22,147,87,580,616,222
94,33,316,107,651,689,223
44,33,137,102,558,598,223
26,24,88,74,521,560,223
100,40,295,113,650,682,223
79,31,169,61,603,625,223
43,26,97,59,548,587,223
12,20,19,34,374,370,223
53,27,80,47,520,552,223
40,29,95,69,525,567,223
52,25,93,46,533,558,223
61,31,168,79,596,623,223
49,31,80,57,537,589,223
49,33,118,65,554,565,223
21,21,44,35,453,502,223
18,20,45,42,440,466,223
31,23,52,29,504,528,223
43,23,113,64,565,593,223
49,25,125,69,561,593,223
15,20,14,31,406,426,223
18,24,35,61,468,512,224
97,38,192,81,599,637,224
128,69,248,142,637,666,224
35,23,85,63,523,575,224
26,23,39,41,464,470,224
27,27,34,44,493,525,224
54,25,162,85,579,605,224
119,50,269,93,648,677,224
34,31,118,76,552,581,224
55,34,187,135,604,627,224
150,41,513,178,694,721,224
35,20,89,48,546,566,224
37,25,72,48,514,548,224
39,21,103,53,534,567,224
51,46,149,129,551,575,224
42,33,71,59,511,561,224
35,20,97,55,527,573,224
62,37,145,94,568,597,224
39,21,117,70,541,561,225
47,25,81,35,512,520,225
28,24,64,56,500,518,225
30,20,69,32,517,554,225
28,23,66,56,503,527,225
45,27,85,52,539,570,225
19,25,24,44,441,491,225
56,42,119,102,536,551,225
47,22,219,101,596,629,225
17,20,29,42,437,487,225
31,28,47,51,486,510,225
127,55,417,185,677,709,225
167,66,379,139,672,705,225
61,33,154,79,586,609,225
28,20,58,54,489,530,225
185,73,370,95,667,698,226
66,29,168,85,578,606,226
122,60,299,167,649,678,226
60,30,114,69,563,602,226
25,20,72,47,502,537,226
44,34,98,79,538,568,226
53,34,129,94,573,597,226
24,22,63,45,511,544,226
22,23,71,60,486,511,226
33,26,76,65,534,570,226
56,25,171,76,579,607,226
52,46,88,75,510,530,226
36,23,69,41,531,565,226
41,31,93,69,547,571,226
92,29,224,60,625,658,226
37,27,87,52,492,520,226
41,29,95,75,545,576,226
81,26,234,63,617,650,226
22,23,58,69,484,521,226
398,145,654,285,764,796,226
45,35,109,66,554,577,226
53,42,184,138,612,647,226
30,25,28,30,403,475,226
40,30,80,50,509,537,226
35,29,43,36,488,524,227
126,49,359,115,655,685,227
50,21,194,82,581,614,227
30,23,75,63,532,567,227
34,24,48,38,497,555,227
32,22,56,48,515,548,227
130,42,562,212,693,723,227
45,27,152,94,583,587,227
27,20,41,38,484,478,227
87,28,386,135,676,708,227
46,30,97,68,563,594,227
40,21,73,36,503,553,227
26,20,49,55,479,534,227
55,41,155,112,576,598,227
35,22,78,51,498,527,228
274,103,643,217,737,769,228
68,29,162,56,575,614,228
51,30,82,56,560,590,228
25,22,79,60,505,545,228
86,33,244,117,613,641,228
29,23,61,39,483,501,228
107,48,463,252,689,719,228
95,40,215,75,617,645,228
26,20,45,33,494,528,228
41,31,155,119,572,609,228
82,44,175,91,586,616,228
36,27,57,39,500,541,228
46,36,97,78,544,580,228
40,32,112,93,540,573,228
186,86,410,167,680,707,228
23,21,36,40,423,450,228
37,22,96,57,544,572,228
77,39,193,114,595,627,228
32,28,87,74,531,561,229
42,29,77,65,507,544,229
52,46,72,72,510,555,229
90,46,299,165,617,638,229
327,80,997,366,849,880,229
42,22,89,47,533,568,229
105,46,231,98,647,676,229
54,32,90,44,515,560,229
65,38,135,84,574,602,229
41,23,74,44,503,544,229
23,23,32,40,479,517,229
39,32,62,54,515,555,229
25,22,47,40,459,466,229
46,24,77,37,528,556,229
74,51,163,89,604,633,229
43,24,52,26,477,500,229
83,55,219,131,606,639,229
64,25,196,63,593,607,229
51,30,139,64,540,557,229
41,26,77,38,505,516,229
110,43,455,141,674,701,230
178,72,514,198,693,721,230
84,47,231,137,625,655,230
38,23,90,62,528,552,230
30,21,46,32,467,488,230
26,21,46,47,451,495,230
23,24,47,52,478,529,230
18,24,34,40,422,453,230
89,33,174,53,591,623,230
27,27,42,41,475,481,230
33,22,78,37,495,494,230
107,55,319,159,637,666,230
25,23,56,50,483,517,230
33,22,77,51,490,516,230
77,27,305,99,642,680,230
32,25,41,43,452,504,230
76,62,195,156,586,613,230
31,31,65,66,479,507,230
54,27,255,136,621,648,230
20,22,51,49,476,507,230
321,93,767,239,778,814,231
22,21,45,42,476,524,231
196,71,533,193,721,754,231
42,33,59,39,501,540,231
19,20,22,38,344,379,231
32,24,34,36,469,527,231
32,25,94,87,520,558,231
19,25,16,35,425,479,231
50,28,77,57,525,562,231
28,23,91,61,494,510,231
31,22,39,43,472,496,231
41,20,88,37,511,532,231
37,22,77,47,527,553,231
26,21,69,48,499,538,231
30,24,52,42,487,516,231
58,31,138,73,553,590,231
20,20,29,40,413,455,231
44,20,27,16,480,520,231
95,56,302,161,646,674,231
34,21,81,50,490,528,231
36,21,109,50,521,532,232
30,20,60,31,462,514,232
28,25,64,51,475,520,232
194,55,453,137,689,718,232
47,25,145,76,556,581,232
23,22,37,38,420,461,232
26,20,57,46,510,512,232
57,36,135,92,569,598,232
23,21,29,39,410,494,233
14,20,15,28,322,404,233
19,21,46,36,427,433,233
56,44,120,84,549,569,233
24,20,65,51,495,525,233
56,28,100,51,542,580,233
38,23,62,41,501,564,233
73,35,146,74,587,615,233
35,20,64,43,510,555,233
26,24,42,57,462,505,233
134,50,269,97,636,663,233
59,20,111,34,534,576,233
75,39,170,111,613,650,233
25,20,84,65,501,528,233
50,25,127,61,552,587,233
48,22,114,53,549,583,233
43,25,131,86,566,599,233
22,21,25,25,400,351,233
60,27,131,74,556,597,233
49,29,102,52,545,585,234
73,43,125,73,575,605,234
23,22,43,34,461,484,234
20,22,55,60,453,509,234
19,22,54,67,422,461,234
24,22,36,43,432,494,234
58,30,161,80,567,605,234
19,21,69,68,489,508,234
40,22,80,42,519,519,234
32,26,127,100,549,595,234
32,20,100,66,531,559,234
45,33,86,61,521,553,234
34,20,63,45,467,516,234
30,23,41,35,452,495,234
38,21,78,29,497,518,234
27,20,37,31,471,499,234
83,35,179,73,594,621,234
20,22,27,32,389,442,234
41,30,70,62,520,570,234
55,28,109,53,531,557,234
145,70,521,185,677,711,234
39,28,117,101,528,556,234
101,43,322,102,642,669,234
43,30,85,33,509,537,234
25,26,47,49,484,542,235
28,28,38,48,434,476,235
53,21,134,58,570,609,235
57,25,82,39,531,580,235
44,30,60,49,523,566,235
38,26,91,56,510,554,235
28,21,26,25,432,431,235
28,20,100,75,524,565,235
60,30,190,95,600,639,235
62,40,184,135,595,628,235
13,20,18,38,395,386,236
256,91,502,167,703,735,236
98,39,237,95,631,667,236
47,22,100,50,523,550,236
24,24,70,68,492,525,236
34,30,82,56,496,528,236
88,43,256,142,625,664,236
107,48,280,137,643,676,236
79,43,272,134,617,649,236
43,33,77,65,536,571,236
34,23,41,27,457,517,236
63,38,149,80,548,592,236
37,33,95,96,522,550,236
182,71,514,159,700,735,237
67,32,215,113,583,616,237
140,47,366,83,657,690,237
42,20,73,39,521,531,237
38,27,77,49,513,518,237
32,21,61,38,475,526,237
257,76,701,207,729,762,237
35,23,74,59,505,514,237
31,23,57,48,493,525,237
53,38,90,79,540,570,237
180,58,564,180,713,743,237
49,31,40,32,461,520,237
41,31,125,84,553,576,237
52,28,186,72,584,607,237
72,25,197,80,589,624,237
39,20,64,40,478,514,237
61,39,191,126,591,622,237
38,25,59,32,478,506,237
63,24,196,91,586,635,238
152,42,422,116,677,702,238
45,24,119,62,546,578,238
21,20,41,42,446,449,238
73,32,150,77,570,593,238
58,29,146,78,569,600,238
26,20,40,30,438,458,238
39,20,102,40,530,547,238
220,77,471,134,697,726,238
159,54,379,117,671,706,238
26,21,50,35,466,514,238
114,60,336,153,651,680,239
86,40,305,150,629,668,239
27,24,55,38,457,502,239
33,22,84,49,503,518,239
46,22,131,61,538,571,239
21,20,26,44,425,466,239
45,31,70,52,486,542,239
155,76,434,189,673,707,239
44,26,136,80,546,582,239
325,99,753,254,742,772,239
115,52,315,178,641,677,239
45,23,168,65,600,639,239
42,23,103,57,524,532,239
332,120,672,260,743,785,239
57,31,216,138,613,645,239
28,22,76,55,507,521,239
30,23,74,49,477,498,239
137,62,510,231,702,723,239
33,21,83,57,526,554,239
36,23,88,48,504,533,239
72,46,207,142,606,637,239
26,22,43,36,462,491,239
35,31,55,52,500,529,239
20,20,42,52,440,495,239
80,34,192,84,590,622,239
47,33,101,75,559,597,240
52,45,110,86,536,561,240
83,29,149,68,569,600,240
29,20,68,41,471,528,240
88,29,263,87,633,661,240
95,46,370,206,684,720,240
24,20,29,23,433,467,240
61,27,128,59,546,588,240
33,29,98,78,551,588,240
64,38,217,125,602,634,240
63,24,144,62,566,592,240
39,20,109,58,546,565,240
24,20,35,48,467,508,240
343,134,626,276,748,787,240
212,77,494,189,708,742,240
26,21,16,22,386,473,240
36,25,60,53,495,535,240
44,22,122,59,566,605,240
23,24,70,63,485,532,240
46,23,146,57,563,597,240
25,21,91,76,514,550,240
20,20,39,44,451,497,240
27,20,37,26,423,490,240
38,21,95,46,518,556,240
25,22,54,61,473,509,241
36,25,67,44,515,547,241
90,41,298,120,625,654,241
48,23,96,45,540,582,241
26,21,54,54,481,538,241
81,37,279,148,629,661,241
85,41,198,78,589,620,241
47,25,78,44,511,565,241
28,24,42,59,488,551,241
65,28,195,124,595,626,241
80,34,224,102,624,658,241
35,21,98,64,538,574,241
24,22,60,55,488,520,241
55,32,162,87,563,594,241
71,31,126,67,562,600,242
39,20,99,51,525,533,242
70,26,144,58,582,625,242
26,25,85,58,527,568,242
47,35,115,78,558,598,242
27,24,75,72,516,536,242
134,74,276,170,641,672,242
89,47,319,179,646,681,242
36,21,199,93,565,596,242
39,23,89,51,519,537,242
51,33,75,48,508,549,242
25,20,50,51,461,501,242
41,31,73,62,522,560,242
58,27,136,61,565,592,242
31,27,86,83,513,539,242
69,44,232,146,618,652,242
42,31,90,57,505,536,242
42,25,94,66,527,567,243
125,44,279,85,638,664,243
96,57,302,152,633,657,243
28,20,69,51,485,525,243
71,39,246,124,618,653,243
22,23,64,58,479,506,243
129,64,409,221,674,701,243
24,22,68,64,493,538,243
44,32,199,120,586,617,243
78,35,311,133,613,639,243
28,23,52,43,486,529,243
33,21,86,45,528,539,243
26,21,20,30,422,530,243
172,61,585,240,716,743,243
30,26,84,75,504,544,243
20,20,38,31,409,450,243
47,23,93,38,529,550,243
19,20,19,28,405,232,243
36,34,61,64,493,519,243
17,24,37,52,419,452,243
47,24,114,59,526,568,243
28,21,30,24,419,430,243
36,27,42,36,446,489,243
72,34,171,59,582,606,244
42,23,69,36,506,525,244
27,31,27,34,447,484,244
21,20,34,38,431,451,244
151,63,525,232,708,743,244
27,30,14,30,376,455,244
38,32,71,62,500,553,244
110,34,377,149,654,693,244
25,27,56,61,478,525,244
40,28,65,49,485,526,244
20,23,83,81,485,539,244
38,24,54,26,480,504,244
45,21,128,64,554,576,245
21,26,33,55,415,454,245
21,21,34,50,444,483,245
36,26,86,66,542,569,245
35,29,47,51,472,495,245
53,28,163,79,588,622,245
218,72,597,239,720,751,245
46,28,140,78,576,600,245
15,21,18,39,389,469,245
186,64,432,124,669,699,245
24,21,53,50,491,528,245
89,35,211,82,612,645,245
89,36,267,104,612,650,245
36,25,40,42,463,495,245
125,40,362,109,649,678,245
132,53,497,200,678,715,245
26,20,44,32,446,479,245
52,33,167,95,594,630,245
32,31,61,67,494,521,245
85,54,185,126,618,647,245
40,21,111,78,532,561,245
53,25,136,66,558,594,245
31,22,110,99,554,580,246
62,31,191,110,610,638,246
71,46,224,152,594,626,246
93,42,165,70,595,624,246
85,35,198,94,623,657,246
33,25,36,40,475,497,246
17,23,57,50,463,500,246
55,42,97,84,553,590,246
58,30,109,55,561,587,246
29,21,64,49,476,497,246
18,21,60,41,496,504,246
27,23,68,55,500,539,246
32,23,64,57,460,477,246
461,120,765,228,777,817,246
25,25,30,44,442,471,246
97,61,214,122,613,640,246
498,131,822,287,822,862,246
49,23,102,42,529,555,246
554,110,983,272,797,838,246
70,20,190,50,583,621,246
34,26,73,51,500,552,246
46,38,120,65,539,559,246
260,97,626,281,740,772,246
33,21,95,53,513,540,246
65,32,202,87,602,636,246
65,38,125,77,562,591,247
61,25,160,65,564,584,247
31,20,66,43,487,528,247
35,20,111,62,546,574,247
71,32,186,97,610,641,247
18,25,24,49,391,444,248
26,21,22,28,392,457,248
36,28,76,62,522,557,248
32,27,95,79,551,570,249
15,21,42,54,433,483,249
56,22,93,28,545,550,249
35,28,108,84,555,577,249
24,21,53,54,457,515,249
460,126,775,285,800,830,249
157,66,460,186,692,715,249
21,21,23,33,412,425,249
33,31,26,41,500,529,249
43,27,133,86,545,569,249
25,23,59,57,481,513,249
39,20,95,51,523,519,250
34,22,65,47,500,545,250
46,22,66,31,504,532,250
31,23,25,28,463,487,250
80,49,95,61,563,591,250
20,20,38,40,431,468,250
18,26,19,47,474,505,250
74,27,155,54,580,618,251
24,25,61,50,491,512,251
45,25,111,51,545,557,251
69,37,267,143,632,667,251
31,25,85,69,528,557,251
19,20,27,27,413,409,251
30,20,55,39,478,521,251
57,29,116,66,541,576,251
45,21,70,57,511,550,251
17,21,25,36,403,430,251
67,22,127,41,564,579,251
45,22,83,26,513,550,251
20,22,46,36,461,436,251
43,24,88,51,514,535,252
25,25,43,34,474,468,252
29,22,74,45,508,552,252
56,26,154,75,574,597,252
103,51,385,224,679,706,252
24,20,88,64,525,527,252
135,40,359,103,659,685,252
37,20,65,39,510,507,252
36,21,55,42,506,528,252
113,42,380,154,673,701,252
93,49,254,151,629,662,252
36,24,85,63,514,540,253
40,26,76,58,533,561,253
42,26,67,46,508,535,253
38,24,127,86,564,596,253
45,31,91,72,546,576,253
68,37,160,86,578,606,253
17,22,27,44,425,458,253
26,20,72,36,484,526,253
41,27,120,85,548,586,253
46,34,97,74,534,563,253
22,21,28,39,426,517,253
40,23,96,58,527,574,253
20,20,20,19,393,413,254
59,42,127,90,585,613,254
43,24,105,64,547,604,254
33,31,50,57,503,544,254
36,25,111,90,543,583,254
67,27,168,63,584,610,254
39,23,76,58,492,537,254
38,27,79,48,519,550,254
22,21,41,37,463,485,255
36,33,20,34,435,495,255
70,30,162,73,612,650,255
35,22,60,52,504,533,255
38,20,60,23,471,524,255
40,29,72,58,521,554,255
226,83,568,212,714,746,255
37,21,97,47,532,548,255
47,35,60,56,500,534,256
44,22,92,49,545,576,256
41,35,53,66,502,589,256
41,27,101,70,555,580,256
54,31,113,75,550,570,256
29,20,35,32,468,503,256
21,21,31,31,451,500,256
90,45,286,151,633,665,256
43,23,99,59,542,567,256
56,31,143,91,594,638,257
51,32,138,92,597,626,257
87,42,210,70,613,650,257
46,25,84,48,517,533,257
26,21,101,65,549,574,257
44,22,102,65,539,576,257
39,24,98,76,531,568,257
42,31,77,65,516,547,257
239,82,609,226,725,762,257
27,27,41,49,466,490,257
19,21,64,65,465,508,258
81,31,193,85,612,653,258
32,22,73,53,508,530,258
38,22,52,34,502,544,258
197,84,367,131,676,704,258
37,24,91,47,534,547,258
19,22,58,57,477,517,258
19,24,34,49,448,477,259
40,26,100,75,548,578,259
50,37,71,55,517,550,259
27,26,38,47,445,499,259
24,24,42,43,488,519,259
50,28,112,69,555,583,259
34,24,117,85,535,559,259
31,21,51,38,490,500,259
29,20,40,46,457,489,259
47,34,90,81,535,570,259
26,22,24,38,419,485,260
48,32,122,82,562,593,260
22,21,67,55,504,535,260
44,32,102,66,556,592,260
85,48,159,95,600,627,260
22,26,40,55,452,493,260
64,39,169,119,574,606,260
39,23,54,34,487,505,260
34,27,37,36,489,509,260
40,30,93,67,546,572,261
48,27,109,64,551,578,261
16,21,22,37,447,492,261
97,52,212,96,613,638,261
51,27,121,58,538,567,261
23,20,44,44,461,496,261
93,37,284,104,635,669,261
40,21,114,56,562,605,261
33,23,60,40,519,537,261
97,47,260,146,626,653,262
29,20,50,40,501,539,262
47,25,98,49,540,579,262
32,24,60,39,513,544,262
65,35,164,86,571,597,262
79,51,185,91,597,626,262
56,26,146,66,596,625,262
44,30,103,72,544,569,263
30,21,73,53,514,557,263
44,22,98,45,520,532,263
56,27,115,72,551,602,263
39,27,92,63,522,547,263
89,61,176,91,596,617,263
29,20,54,41,482,526,263
81,34,227,87,613,632,263
98,45,255,128,615,651,263
88,46,174,75,605,639,263
52,21,136,46,561,596,263
44,26,95,47,523,561,263
42,29,83,54,509,554,263
105,55,233,143,635,671,263
49,31,100,59,543,578,264
50,26,116,63,556,587,264
175,56,436,153,686,719,264
44,32,143,116,560,587,264
26,21,54,49,476,492,264
23,20,54,45,497,503,264
44,26,115,70,539,570,264
38,30,127,83,530,549,264
34,27,103,85,543,577,264
92,43,313,138,642,668,264
33,27,52,44,489,553,264
36,27,70,50,501,540,264
16,21,25,41,412,438,264
42,29,108,67,560,587,265
26,23,39,40,471,505,265
114,49,349,135,666,697,265
25,24,52,50,489,534,265
29,26,71,66,510,528,265
29,22,37,32,494,517,265
45,34,100,79,552,578,265
79,47,198,84,613,644,265
38,20,96,47,547,566,265
27,33,71,83,466,498,265
71,35,213,94,607,642,265
17,24,26,43,375,409,265
28,20,64,50,481,522,265
30,24,52,35,527,564,265
21,22,54,63,499,541,265
71,41,101,77,559,592,265
37,21,64,45,511,544,265
44,38,61,50,519,548,266
52,23,116,43,578,610,266
51,21,104,39,546,564,266
108,52,296,152,641,673,266
69,34,160,81,598,617,266
31,20,63,53,490,521,266
159,72,411,186,673,702,266
29,26,40,34,493,523,266
63,31,164,83,606,641,266
115,61,327,151,648,674,266
87,50,180,99,592,603,266
85,43,352,153,667,700,266
33,20,35,27,469,499,266
30,23,96,77,526,556,266
89,45,254,125,640,674,267
51,34,162,115,588,618,267
59,21,145,66,567,594,267
315,110,686,274,752,792,267
35,27,77,50,508,535,267
33,26,104,74,547,568,267
170,70,552,176,684,719,267
40,22,117,56,556,578,267
14,20,45,43,455,481,267
228,56,600,170,718,744,267
33,20,118,86,553,590,268
38,26,78,48,508,538,268
280,97,678,264,747,778,268
27,20,70,45,519,550,268
249,97,598,218,735,763,268
367,124,739,307,780,808,269
66,44,140,74,562,591,269
28,25,93,90,515,570,269
528,137,822,246,789,825,269
55,31,152,96,593,622,269
312,94,658,260,762,792,269
80,31,157,85,601,624,269
61,29,97,46,554,582,269
28,25,60,48,498,516,269
46,32,58,35,500,525,269
355,108,708,207,749,785,269
122,39,400,137,663,691,269
18,21,49,51,456,478,270
36,25,178,103,565,601,270
36,23,80,51,535,574,270
35,21,54,30,502,530,270
43,28,95,71,522,552,270
65,26,183,73,584,619,270
49,37,127,104,556,582,270
30,22,62,36,487,495,270
24,22,25,30,445,465,271
59,25,140,39,570,600,271
31,22,70,40,494,516,271
122,49,179,63,590,624,271
57,30,181,109,609,643,271
50,34,131,100,546,588,271
336,91,673,170,744,778,271
35,24,66,40,507,514,271
152,54,482,217,690,718,271
19,20,47,51,457,466,271
92,55,199,127,602,631,272
128,61,276,98,647,680,272
30,24,70,51,508,541,272
22,21,68,59,477,493,272
46,24,89,37,527,549,272
199,87,602,264,730,766,272
26,21,67,41,469,517,272
51,25,183,108,599,635,272
63,26,177,81,567,609,272
20,22,22,38,430,493,272
49,21,103,37,535,554,273
37,29,72,63,515,550,273
56,30,137,67,558,589,273
31,34,86,85,513,550,273
43,20,171,71,574,589,273
52,28,130,54,556,579,273
42,23,86,46,519,553,273
61,36,116,64,558,597,273
21,21,39,42,438,439,273
63,21,194,71,586,612,273
72,23,248,94,610,647,273
44,28,109,76,531,572,273
78,34,145,52,573,609,273
45,25,112,67,564,601,273
67,29,188,81,591,622,273
29,23,83,65,529,539,273
42,24,42,34,489,528,273
238,58,665,180,710,740,273
38,34,64,58,523,553,274
27,21,55,44,475,513,274
40,24,45,23,533,565,274
33,32,69,66,516,544,274
146,65,356,136,639,671,274
52,26,160,58,565,605,274
56,36,174,109,586,616,274
27,24,81,70,504,533,274
72,25,264,91,625,657,274
42,33,107,95,549,579,274
70,39,181,110,597,629,274
29,20,52,36,508,536,274
34,26,64,51,500,563,274
38,32,67,51,493,518,274
44,27,72,41,498,525,275
56,25,118,67,559,590,275
34,20,59,42,492,520,275
29,20,89,63,532,568,275
24,22,42,31,480,510,275
37,20,80,38,522,540,275
30,31,57,60,473,507,275
27,23,96,75,523,547,275
21,22,24,31,383,396,276
43,30,101,60,522,562,276
136,44,394,157,665,698,276
24,20,59,56,495,536,276
33,21,69,40,488,527,276
52,21,133,46,546,580,276
28,28,54,60,480,507,276
85,42,209,85,610,641,276
26,24,55,56,484,516,276
59,31,108,46,553,582,276
24,22,43,39,440,483,276
26,20,57,46,478,513,276
34,28,65,45,489,542,276
34,30,70,65,479,530,276
116,56,259,104,622,653,276
93,46,232,102,619,646,277
69,43,143,92,590,621,277
26,20,31,26,440,463,277
19,23,29,38,409,456,277
25,25,30,35,460,490,277
46,22,137,52,551,579,277
24,20,48,44,449,536,277
40,20,77,41,510,513,277
35,21,84,53,526,552,277
35,28,64,45,486,498,277
39,25,122,75,531,579,277
77,30,213,90,609,637,277
30,21,93,60,502,514,277
94,46,374,201,671,706,277
170,71,384,100,670,703,277
25,21,83,74,511,543,277
95,38,190,65,606,640,277
37,26,70,57,509,553,277
28,24,67,43,499,513,277
38,24,81,58,527,543,277
20,23,33,45,419,442,277
32,21,83,58,520,531,278
89,40,165,81,584,610,278
40,21,67,29,496,514,278
40,20,133,70,546,559,278
47,34,135,93,555,583,278
51,28,101,60,527,591,278
46,22,139,85,575,607,278
98,53,247,140,625,660,278
24,27,13,36,419,495,278
63,37,151,93,571,598,278
107,52,256,134,635,663,278
21,22,42,48,484,516,278
42,26,55,48,489,502,278
46,20,114,52,538,573,278
44,21,77,36,530,570,278
24,24,19,33,418,464,278
40,26,170,113,574,595,278
24,26,31,41,480,513,279
62,37,159,88,580,610,279
62,30,170,111,596,629,279
88,43,263,115,634,663,279
42,20,93,40,516,577,279
28,20,58,37,481,481,279
39,23,58,48,484,520,279
229,70,768,247,744,773,279
47,20,126,54,553,568,279
51,31,263,149,640,676,279
31,31,38,48,481,517,279
368,122,737,314,771,799,279
55,26,99,45,549,571,279
22,20,51,45,468,500,279
46,27,171,92,601,624,279
21,24,26,44,421,465,280
49,38,87,73,542,574,280
19,20,40,44,405,445,280
72,33,169,78,601,642,280
28,23,63,52,509,550,280
312,103,741,279,769,799,280
72,30,209,87,594,627,280
51,40,106,86,532,564,280
81,42,201,103,619,659,280
35,30,73,76,503,532,280
41,32,85,71,539,567,280
38,27,130,95,556,581,280
50,27,103,52,544,577,281
59,30,118,70,558,580,281
42,29,58,51,490,560,281
125,43,326,113,661,691,281
161,63,535,224,696,726,281
39,21,59,38,474,548,281
36,26,42,35,475,501,281
34,20,98,68,505,522,281
21,21,21,37,426,476,281
32,21,67,34,519,557,281
21,20,39,40,455,482,281
58,33,103,62,562,595,281
43,31,62,42,524,551,281
50,20,104,38,541,580,281
160,82,567,298,725,761,281
61,24,118,49,552,579,281
86,35,396,170,648,680,281
62,31,136,50,565,592,282
20,25,36,49,435,446,282
32,27,52,48,489,533,282
41,31,86,62,515,536,282
182,75,574,312,733,763,282
52,37,129,90,556,588,282
39,25,89,62,522,580,282
38,29,75,55,498,517,282
56,26,177,90,587,628,282
60,28,104,52,555,584,282
497,120,895,280,815,848,282
30,24,83,66,497,531,282
39,26,68,37,510,537,282
21,21,59,63,509,551,282
21,20,66,66,477,531,282
31,27,40,41,476,501,282
32,25,105,76,514,549,282
44,24,68,44,522,539,283
154,50,341,113,678,702,283
25,23,34,43,420,466,283
79,41,209,108,599,632,283
39,21,88,44,516,559,283
30,20,52,32,479,526,283
49,44,79,79,535,568,283
36,24,100,76,541,582,283
25,21,29,31,432,473,283
52,20,105,40,530,561,283
41,22,70,45,519,559,283
28,26,34,40,460,502,283
23,22,60,63,489,531,283
225,69,595,164,710,744,283
55,34,87,39,552,582,283
46,26,98,56,521,565,283
26,21,50,33,478,523,283
61,33,171,90,575,627,283
245,65,568,154,702,738,283
37,22,70,43,487,522,284
283,69,715,169,724,755,284
27,23,78,69,518,546,284
82,28,289,107,615,638,284
23,20,75,65,508,532,284
32,21,52,40,469,469,284
20,21,25,26,436,460,284
41,26,163,98,564,576,284
108,52,317,138,648,678,284
111,57,222,107,617,644,284
30,24,77,57,519,534,284
63,39,114,72,549,594,284
223,71,524,159,697,730,284
18,20,30,41,427,446,285
27,22,66,66,504,525,285
309,85,692,191,730,759,285
62,24,187,74,591,631,285
51,27,94,44,534,557,285
55,27,137,71,562,601,285
54,38,143,113,583,619,285
37,25,56,31,497,528,285
24,21,72,60,496,524,285
46,21,138,70,567,592,285
65,41,119,82,558,590,285
20,20,49,47,464,494,285
120,60,297,139,645,675,285
37,28,53,37,494,525,285
39,20,83,42,519,573,285
55,34,123,62,536,561,285
37,24,74,44,495,541,285
33,21,31,33,450,529,286
26,22,116,72,532,542,286
62,48,148,113,565,600,286
75,31,213,97,588,628,286
53,38,169,107,585,615,286
23,22,23,31,422,511,286
19,21,43,39,437,474,286
27,25,60,53,477,496,286
23,20,39,19,444,465,286
37,22,102,64,541,568,286
19,25,31,49,409,471,286
71,37,186,90,585,615,286
24,20,45,35,436,481,286
171,62,488,204,695,726,286
119,53,401,142,667,702,286
60,37,226,150,603,642,286
49,37,117,81,556,587,286
33,26,85,58,526,552,286
65,38,161,80,569,595,286
87,41,287,121,625,655,286
24,22,51,41,464,502,287
36,29,86,74,528,579,287
30,27,45,39,469,506,287
27,21,79,54,497,526,287
30,24,72,56,496,532,287
105,36,228,79,624,655,287
42,23,93,48,524,559,287
137,55,411,160,673,704,287
36,22,75,44,497,565,287
53,22,132,49,574,608,287
63,34,208,126,587,618,287
40,28,88,59,526,556,288
26,22,30,25,405,440,288
25,22,28,36,396,439,288
90,28,177,53,575,608,288
29,28,84,73,500,531,288
84,27,184,56,598,635,288
53,21,107,42,551,589,288
63,26,177,97,587,609,288
41,29,72,59,524,553,288
67,46,101,69,546,574,288
54,29,156,97,577,614,288
21,24,30,42,420,440,288
29,28,99,70,529,553,288
71,46,179,119,586,612,288
53,44,96,78,536,570,289
54,22,171,85,587,623,289
37,21,83,64,519,576,289
27,23,20,31,472,510,289
28,26,39,31,435,455,289
44,31,79,67,521,570,289
21,20,39,40,455,500,289
50,35,137,117,576,609,289
35,22,212,104,581,610,289
49,28,145,80,554,589,289
44,31,136,93,549,581,289
28,20,26,21,415,465,289
53,22,161,87,570,616,289
74,31,222,99,587,620,289
56,30,115,50,541,577,289
56,32,117,53,553,562,290
34,20,66,33,475,514,290
212,79,417,133,674,697,290
77,29,168,61,583,617,290
34,20,84,59,481,497,290
154,64,365,133,670,704,290
67,32,199,95,591,620,290
32,20,59,30,477,502,290
45,20,82,51,513,566,290
47,23,211,93,595,626,290
82,47,165,93,604,636,291
49,26,112,78,550,600,291
70,28,133,39,569,602,291
63,23,133,47,565,593,291
73,25,171,54,582,629,291
54,24,83,30,515,562,291
37,24,69,47,506,559,291
27,25,68,65,489,528,291
67,33,144,72,593,625,291
55,27,83,48,527,578,291
34,20,83,37,514,541,291
41,24,79,38,528,574,291
21,21,42,48,438,445,291
37,28,117,88,532,562,291
76,28,225,86,638,663,291
19,23,28,40,419,459,291
63,32,123,50,569,586,291
31,22,44,41,481,519,292
50,20,86,32,525,560,292
28,22,61,49,484,520,292
29,26,77,75,500,546,292
52,26,102,56,544,577,292
29,25,35,44,453,490,292
77,36,298,140,636,669,292
67,42,160,101,586,608,292
102,51,153,69,613,644,292
42,20,79,31,521,552,292
55,24,134,57,579,611,292
27,23,46,50,490,528,292
45,27,150,83,566,577,292
26,24,68,66,466,496,293
34,22,70,43,513,531,293
33,24,109,59,537,559,293
60,25,136,47,575,584,293
26,25,58,50,490,529,293
45,26,105,44,534,563,293
23,24,39,40,430,457,293
46,26,169,96,564,596,293
41,25,76,51,525,553,293
61,28,157,66,569,596,293
200,75,526,143,714,743,293
21,24,16,39,432,498,294
26,20,69,57,506,543,294
96,45,310,141,659,683,294
53,30,116,75,560,610,294
71,46,154,85,586,616,294
42,23,113,55,523,552,294
36,24,24,34,457,518,294
39,30,89,73,526,561,294
33,22,92,60,533,548,294
49,39,105,79,547,565,294
69,50,210,140,604,640,294
24,21,58,43,470,502,294
18,23,26,31,386,428,294
19,20,27,35,426,488,294
44,26,82,60,509,518,294
47,31,57,42,512,549,294
57,30,116,55,548,581,294
20,20,48,39,452,492,294
55,30,142,71,586,613,295
24,27,52,63,465,493,295
32,20,106,59,546,573,295
27,20,25,19,458,512,295
35,21,67,33,503,531,295
106,51,211,91,627,655,295
30,21,34,31,471,518,295
31,26,62,49,461,499,295
81,44,135,78,584,613,295
18,20,33,41,463,497,295
34,22,53,39,483,519,296
55,32,147,91,574,612,296
65,29,123,56,560,594,296
48,28,85,50,543,575,296
31,20,66,36,466,513,296
38,23,100,48,546,568,296
41,26,105,63,554,583,296
37,33,100,82,536,566,296
22,23,32,39,460,504,296
47,25,121,82,537,562,296
51,32,99,55,534,552,296
58,36,104,61,547,581,296
70,35,194,111,597,630,296
24,20,67,56,496,533,296
33,25,70,47,501,529,296
65,38,131,80,544,586,296
47,34,124,96,534,562,296
57,28,137,80,577,610,296
58,28,126,56,569,586,296
203,81,624,224,718,749,297
83,29,245,86,623,651,297
80,37,222,113,612,632,297
35,21,66,34,500,511,297
43,22,87,53,523,569,297
107,45,279,106,647,677,297
71,36,202,107,592,618,297
52,29,156,87,593,646,297
54,26,206,115,590,624,297
72,33,133,66,587,620,297
30,20,75,53,524,551,297
44,22,103,57,516,538,297
28,21,46,35,451,496,297
45,31,132,92,552,581,298
65,29,189,94,594,622,298
34,25,105,78,517,550,298
71,40,196,111,594,618,298
74,34,334,169,642,681,298
25,21,55,50,496,527,298
35,25,83,56,522,552,298
26,21,56,50,470,522,298
26,20,50,46,477,508,298
183,67,352,157,676,708,298
36,22,88,51,503,549,298
37,30,66,61,509,550,298
47,33,102,79,544,574,299
30,26,69,66,499,534,299
66,48,166,121,577,607,299
24,22,31,31,416,382,299
38,30,75,55,509,552,299
39,27,45,35,471,488,299
28,26,26,28,451,480,299
39,22,117,72,530,564,299
86,28,283,89,620,650,299
204,91,389,175,699,729,299
37,27,75,52,481,475,299
68,38,181,103,615,649,299
26,23,63,47,498,525,299
42,22,136,76,539,563,299
85,43,177,78,582,612,299
154,73,456,202,690,719,299
135,77,326,167,655,681,299
37,23,126,71,548,557,299
39,25,86,57,518,556,299
32,22,61,41,503,523,299
25,25,98,98,547,584,299
132,69,256,104,631,662,299
98,48,256,118,614,646,299
30,25,81,53,520,558,300
156,56,319,105,662,693,300
88,37,548,252,694,730,300
26,20,24,27,453,469,300
26,20,96,60,525,556,300
83,41,186,102,600,632,300
24,22,50,53,471,512,300
33,22,101,79,531,563,300
81,44,258,139,639,668,300
92,37,224,110,620,650,300
54,27,90,42,547,591,300
52,29,113,91,548,580,300
37,21,57,31,489,524,301
29,26,31,35,437,448,301
50,27,161,76,585,602,301
23,20,85,53,502,551,301
32,26,103,98,513,560,301
56,29,149,74,571,602,301
283,103,646,302,768,798,301
43,28,93,63,540,568,301
29,23,88,51,515,539,301
111,50,226,104,627,658,301
28,25,77,51,525,556,301
42,34,130,93,543,562,301
33,26,92,72,513,548,302
68,33,131,82,547,600,302
73,24,230,69,627,651,302
38,26,94,70,537,570,302
117,65,270,128,637,670,302
33,23,80,40,510,541,302
33,20,73,47,501,532,302
49,31,102,48,535,548,302
36,21,50,25,488,517,302
202,72,617,324,759,788,302
43,29,72,51,520,546,302
165,55,461,163,669,702,302
50,25,113,62,557,588,302
15,20,13,28,399,431,302
29,20,47,32,471,490,302
69,42,161,86,587,624,302
30,26,41,41,475,497,303
58,26,143,76,566,598,303
198,64,516,178,704,735,303
69,42,148,76,591,624,303
74,40,142,73,587,623,303
15,23,15,37,310,387,303
35,28,57,44,531,556,303
257,88,653,303,768,796,303
32,25,114,96,556,590,303
90,43,211,94,612,642,303
95,58,235,154,621,654,303
99,51,252,132,623,654,303
28,21,81,45,494,536,303
239,102,605,286,745,774,303
110,58,309,175,667,693,303
59,25,140,74,570,608,303
102,45,259,135,634,667,303
45,28,91,56,527,567,303
33,20,44,33,473,536,303
40,27,59,39,485,530,303
266,102,559,159,706,740,303
31,22,65,45,475,514,304
49,26,158,86,573,595,304
74,41,130,75,573,597,304
40,20,121,57,546,578,304
32,21,85,52,524,528,304
30,24,56,48,491,520,304
24,21,50,40,474,507,304
28,22,43,36,447,478,304
29,23,131,101,535,572,304
35,23,109,61,540,577,304
53,26,115,72,541,566,304
86,34,149,50,579,609,305
22,23,46,50,438,468,305
37,21,101,56,531,571,305
28,20,54,35,494,499,305
74,45,151,86,576,598,305
30,21,57,49,512,542,305
376,95,796,226,759,785,305
35,21,62,32,487,476,305
79,50,195,94,603,634,305
53,38,115,82,566,595,305
48,31,122,81,549,594,305
29,21,37,30,431,500,305
31,28,62,73,479,514,305
40,23,96,52,514,551,305
72,44,184,117,616,643,305
46,23,176,96,563,581,306
33,33,39,33,462,484,306
41,23,126,61,558,596,306
61,28,207,106,598,632,306
19,20,41,47,472,510,306
29,20,62,55,490,526,306
76,35,229,124,589,622,306
23,20,41,40,474,493,306
499,108,874,203,792,821,306
318,91,799,241,779,820,306
49,26,95,53,538,571,306
70,32,179,81,588,608,306
41,27,78,48,525,561,306
26,21,45,35,448,488,306
34,20,115,58,557,561,306
332,120,710,232,751,780,306
33,21,68,31,482,496,306
37,24,32,24,433,517,307
39,27,149,91,573,599,307
19,20,24,31,385,360,307
34,21,54,43,470,506,307
63,20,110,43,531,564,307
53,37,104,70,564,589,307
135,37,347,126,661,686,307
37,26,53,45,485,520,307
26,22,43,43,483,512,307
248,96,687,217,757,785,307
415,104,721,265,766,802,307
55,23,137,67,557,605,307
58,26,106,37,529,552,308
145,75,437,292,683,713,308
22,21,39,33,463,491,308
38,21,58,29,485,553,308
29,27,31,31,434,468,308
72,36,191,94,599,628,308
27,20,59,44,487,515,308
40,22,150,74,560,596,308
39,25,81,61,505,526,308
89,44,206,100,598,631,308
28,20,33,31,456,504,308
26,24,53,54,470,502,308
17,21,13,29,321,425,308
23,22,36,44,442,533,309
74,34,138,68,552,580,309
24,24,31,36,346,437,309
25,21,35,29,443,454,309
36,21,89,60,512,546,309
280,100,729,228,738,765,309
61,31,126,60,560,587,309
48,31,92,57,529,554,309
139,62,352,139,672,700,309
54,43,147,104,560,599,309
231,65,459,137,703,734,309
49,36,61,39,513,552,309
31,20,101,57,499,519,309
91,35,315,119,635,664,309
72,33,156,78,590,630,309
67,28,269,111,627,659,309
28,25,38,37,444,485,309
15,20,25,44,388,443,310
88,36,247,91,634,659,310
16,21,21,37,431,463,310
310,96,671,234,748,778,310
44,32,116,74,555,580,310
92,49,273,144,632,660,310
81,32,202,79,599,630,310
62,41,110,67,547,570,310
51,36,93,76,528,556,310
33,24,102,79,563,600,310
82,45,195,112,588,616,310
131,47,350,187,648,679,310
38,21,123,72,567,595,310
34,23,111,76,526,543,310
265,104,547,241,722,755,310
45,20,126,60,570,597,310
22,22,48,55,444,476,310
49,30,85,51,528,568,310
32,32,79,75,505,524,310
52,21,130,48,567,590,310
82,35,332,115,631,662,311
53,31,97,52,531,544,311
222,68,557,184,706,734,311
55,29,103,56,544,586,311
65,48,103,67,539,573,311
31,20,49,45,477,509,311
64,29,214,114,602,645,311
44,32,193,119,572,605,311
43,32,86,54,514,529,311
176,59,571,176,707,735,311
184,76,484,196,701,734,311
29,24,66,62,494,515,311
67,24,221,90,588,622,311
24,20,34,36,429,495,311
68,33,230,127,607,637,311
72,38,166,87,591,616,311
43,33,123,110,557,584,311
93,38,234,86,598,630,311
70,30,292,131,624,656,312
38,30,53,46,479,508,312
21,21,44,40,474,503,312
41,20,137,75,559,616,312
106,53,219,106,628,656,312
25,20,104,71,508,564,312
52,29,112,80,553,589,312
23,23,59,64,479,500,312
36,23,97,45,537,571,312
27,20,61,38,456,490,312
73,29,173,67,584,608,312
41,21,51,24,487,540,312
66,39,138,83,557,596,313
56,21,109,40,559,580,313
42,32,122,95,546,584,313
173,82,418,197,688,719,313
18,24,19,36,431,470,313
119,31,465,151,686,721,313
94,48,238,88,624,651,313
18,23,30,31,419,467,313
334,120,667,187,743,774,313
64,30,145,67,577,617,314
53,26,157,89,564,593,314
114,48,600,276,705,734,314
36,22,61,38,490,540,314
36,31,122,86,537,573,314
47,23,124,56,556,589,314
201,97,457,217,691,724,314
27,25,58,65,478,512,314
66,22,384,132,648,680,314
63,28,164,77,583,613,314
26,22,45,43,441,532,314
50,28,128,77,544,568,314
150,77,325,144,672,698,314
61,31,110,63,561,592,314
37,28,64,64,500,533,314
208,77,590,225,727,761,314
289,99,619,199,737,770,314
35,31,53,54,500,550,314
30,25,87,66,499,522,314
73,44,194,98,616,648,314
56,32,113,63,552,574,314
37,23,64,53,497,521,315
16,22,28,41,409,466,315
581,136,999,251,810,841,315
60,32,137,66,574,598,315
36,26,80,64,515,545,315
61,45,130,98,569,589,315
92,40,283,106,631,660,315
90,39,262,84,628,654,315
63,37,121,82,567,589,315
33,21,67,31,498,535,316
34,22,51,33,478,536,316
221,86,452,178,710,736,316
141,54,564,272,722,755,316
225,71,447,119,685,716,316
42,21,67,25,475,497,316
50,23,99,40,530,559,316
30,30,55,54,494,540,316
73,24,174,66,607,644,316
60,28,243,135,612,645,316
39,24,80,33,504,540,316
39,21,63,30,511,548,316
25,21,63,57,490,517,316
57,30,121,76,541,575,316
59,34,159,100,575,597,316
48,24,98,46,529,570,316
35,25,77,55,508,539,316
44,26,72,46,524,555,316
40,31,79,65,514,537,316
31,22,105,70,515,545,317
55,37,152,81,582,611,317
28,21,148,95,549,587,317
34,26,97,64,527,561,317
40,28,105,58,530,554,317
23,22,57,66,477,509,317
37,21,81,50,504,569,317
38,37,74,71,480,513,317
44,25,88,49,511,541,317
55,34,122,65,559,582,317
29,29,41,44,445,476,317
38,30,100,77,549,571,317
15,21,15,24,344,343,317
34,21,137,108,551,587,318
114,38,309,103,644,675,318
38,23,106,45,544,565,318
69,27,144,46,565,596,318
83,36,141,81,574,611,318
52,28,144,94,552,579,318
29,23,58,42,481,505,318
41,32,108,85,546,568,318
263,64,721,160,717,746,318
40,20,81,38,526,558,318
29,24,85,69,503,535,318
35,20,84,58,532,564,319
27,22,34,25,460,541,319
43,23,88,58,544,585,319
26,20,44,28,456,474,319
135,56,340,128,673,704,319
78,39,162,75,590,621,319
91,32,257,91,625,628,319
37,22,61,44,503,569,319
72,42,192,144,610,641,319
54,28,127,72,553,583,319
45,31,87,63,512,552,319
35,23,106,57,528,560,319
72,39,130,72,566,600,319
87,45,179,98,604,639,319
32,22,99,65,512,523,319
46,23,150,71,560,602,319
37,23,93,61,520,556,319
73,38,173,91,591,621,319
75,40,138,70,567,600,319
71,38,155,80,593,627,319
45,29,131,95,551,586,319
77,34,185,88,596,637,320
34,22,77,51,538,570,320
28,29,40,47,472,509,320
60,33,98,46,531,561,320
76,48,191,131,605,634,320
38,28,39,39,472,526,320
19,20,63,56,515,558,320
50,25,112,53,546,574,320
16,21,23,32,417,390,320
101,42,198,85,615,642,320
56,36,77,46,507,518,320
28,20,46,32,473,498,320
17,21,24,35,402,420,320
32,26,66,47,482,515,320
26,22,59,60,507,544,320
31,25,78,62,490,521,320
28,26,53,55,491,521,320
83,27,264,96,632,660,320
117,49,303,106,638,668,320
24,28,55,47,449,465,321
46,36,83,51,530,547,321
55,29,128,59,556,580,321
42,33,93,72,546,582,321
34,23,81,48,491,534,321
26,27,25,35,477,507,321
61,24,114,41,567,588,321
28,23,26,26,474,510,321
36,36,48,38,490,529,322
37,30,95,77,506,535,322
69,40,202,116,611,639,322
67,25,128,52,560,588,322
22,27,44,52,465,494,322
63,37,128,95,553,581,322
63,35,131,77,566,599,322
54,34,174,105,588,609,322
30,20,71,52,500,514,322
71,35,214,106,608,637,322
69,44,225,128,612,631,322
25,20,49,34,455,484,322
44,22,88,50,518,555,322
35,21,120,70,533,560,322
35,23,77,41,522,539,322
111,67,174,113,618,641,322
30,26,83,69,518,554,322
16,20,26,28,417,393,322
26,22,65,68,482,494,322
151,67,316,156,664,694,322
24,21,31,29,461,472,322
27,20,71,44,482,524,323
26,25,27,29,422,466,323
47,21,103,70,543,604,323
41,28,47,34,481,528,323
36,22,58,22,487,499,323
24,23,59,60,474,504,323
38,21,74,49,506,521,323
20,21,37,41,436,434,323
45,24,127,80,551,588,323
29,27,108,99,534,568,323
48,26,188,120,600,636,323
232,73,628,176,721,752,323
43,26,100,58,544,585,323
46,21,108,52,533,580,323
180,50,447,135,688,717,323
42,23,100,61,526,537,323
29,21,65,45,472,481,324
102,36,242,87,632,664,324
27,23,94,79,514,554,324
137,63,328,124,652,681,324
45,28,135,82,555,582,324
22,20,111,78,517,552,324
156,59,366,131,664,685,324
45,28,118,64,550,580,324
69,34,248,101,610,643,324
67,27,163,66,567,601,324
91,40,265,96,640,666,324
27,24,54,43,486,500,324
85,41,249,101,608,640,324
25,21,58,51,485,500,324
64,42,162,100,583,620,324
38,21,88,32,509,542,325
29,22,24,23,474,515,325
89,36,211,102,625,661,325
15,20,19,42,429,449,325
25,24,38,32,420,420,325
40,24,161,71,553,596,325
36,20,121,60,540,560,325
130,51,332,130,639,667,325
43,29,136,106,567,600,325
21,20,13,22,418,458,325
26,25,56,58,516,552,325
54,34,151,61,611,650,325
27,22,50,48,485,510,325
41,34,121,88,557,586,325
353,124,697,240,780,808,325
147,51,780,381,780,812,325
34,23,44,23,467,550,325
34,20,90,43,514,535,326
44,36,91,84,546,584,326
44,27,113,63,537,569,326
29,24,50,47,494,519,326
96,37,278,115,639,668,326
24,21,38,42,478,524,326
94,54,143,94,580,618,326
72,52,204,166,611,639,326
80,25,175,59,596,622,326
74,37,177,77,587,607,326
44,28,135,87,577,609,326
39,38,59,64,521,548,326
35,24,98,64,535,567,326
52,22,122,59,570,579,326
216,87,440,139,682,712,326
43,30,139,93,570,600,326
47,22,92,38,520,544,326
48,21,109,46,570,600,326
78,45,187,105,606,633,326
21,20,32,31,437,435,327
13,20,20,39,360,454,327
31,21,46,28,471,509,327
93,40,192,88,608,642,327
41,31,79,54,532,556,327
38,24,79,49,520,532,327
60,28,172,85,592,602,327
37,24,61,50,483,533,327
59,34,120,61,558,573,327
60,35,173,81,593,621,327
44,30,117,95,548,595,327
40,22,219,118,586,615,327
93,47,218,131,618,647,327
53,34,110,76,540,581,327
27,21,54,33,474,507,327
42,23,60,40,524,546,327
47,40,120,82,541,565,327
36,27,55,53,473,521,327
33,21,82,56,519,547,328
34,24,52,46,452,495,328
72,36,165,78,600,631,328
80,36,307,128,623,661,328
31,20,69,38,485,514,328
38,27,111,82,538,583,328
30,23,61,45,498,509,328
78,36,204,115,606,631,328
103,58,196,105,620,647,328
35,23,102,56,541,569,328
221,77,582,193,708,739,328
125,50,373,141,662,694,328
44,27,78,58,528,567,328
74,38,156,73,592,619,328
95,68,227,177,622,654,328
52,23,122,48,563,592,328
32,21,72,34,507,520,328
189,69,410,136,677,714,328
31,20,66,34,500,528,328
140,73,228,115,627,660,328
56,30,144,80,563,588,329
21,25,33,42,409,469,329
39,27,81,52,528,560,329
43,32,102,71,536,563,329
23,20,68,55,498,535,329
76,40,203,117,597,627,329
49,36,122,76,556,583,329
34,26,132,92,555,581,329
38,26,77,43,512,540,329
60,29,111,57,559,600,330
64,36,143,83,571,604,330
30,21,65,57,493,502,330
370,104,677,216,745,777,330
92,45,241,128,620,647,330
29,23,36,36,441,477,330
50,26,126,93,566,593,330
293,92,713,216,750,777,330
30,20,81,53,498,523,330
41,22,91,50,521,569,330
33,26,101,66,505,537,330
37,24,126,102,553,584,330
35,20,68,45,527,549,330
14,20,24,43,398,447,330
37,21,78,54,515,554,330
30,21,64,40,466,513,330
26,20,73,42,499,529,330
54,31,117,68,531,565,330
58,38,166,93,609,639,330
25,20,97,76,525,560,330
25,20,131,102,533,564,331
15,21,21,40,419,420,331
22,23,32,43,440,448,331
35,22,81,48,513,566,331
106,42,224,69,621,653,331
34,21,69,53,501,531,331
171,55,608,197,711,740,331
104,41,369,145,668,706,331
44,29,119,61,562,592,331
19,20,27,29,428,469,331
56,38,148,101,586,614,331
34,29,55,52,506,535,331
115,48,319,135,645,678,331
30,20,69,36,516,554,331
32,23,65,53,480,498,331
62,27,137,58,572,608,331
493,137,954,259,792,822,331
94,41,279,107,634,666,331
30,28,40,39,486,519,331
77,42,158,83,598,630,331
58,25,203,93,593,626,331
63,32,192,109,596,621,331
77,42,145,87,566,595,331
15,21,19,38,407,431,331
275,66,828,200,767,797,332
53,43,108,97,577,608,332
249,84,555,153,704,736,332
54,25,112,63,580,608,332
66,28,220,87,624,651,332
39,27,92,46,555,592,332
30,22,81,42,520,542,332
78,46,153,81,577,609,332
56,21,136,70,582,619,332
238,59,714,204,725,753,332
27,26,63,62,478,535,332
37,30,76,71,504,541,332
39,22,80,43,534,554,332
38,22,86,45,510,537,332
45,27,115,79,542,574,332
42,29,153,97,546,579,332
92,48,220,108,618,648,332
77,31,172,69,580,616,333
138,51,319,129,651,683,333
51,33,95,65,529,543,333
46,34,95,60,534,556,333
86,34,160,72,582,615,333
249,82,619,181,715,748,333
146,47,525,147,666,698,333
143,60,284,105,652,677,333
45,26,104,60,542,557,333
34,26,83,58,531,556,333
25,20,68,55,480,500,333
47,20,102,53,533,584,333
182,64,481,175,706,734,333
47,25,159,105,592,623,333
33,23,76,50,519,547,333
36,23,48,35,468,498,334
33,26,63,48,498,529,334
30,21,54,46,476,519,334
774,172,995,317,851,883,334
258,63,771,216,736,765,334
67,48,94,74,548,584,334
53,30,128,80,554,573,334
36,21,60,28,487,540,334
78,49,205,110,609,640,334
151,76,441,158,673,705,334
21,22,64,70,501,546,334
71,29,265,99,623,653,334
76,31,242,85,624,650,334
44,33,66,61,526,563,334
34,30,106,79,538,578,334
242,72,434,118,691,721,334
49,30,76,38,508,527,334
42,25,72,56,527,573,334
66,35,142,80,564,597,334
58,34,163,113,595,624,334
160,62,517,200,699,731,334
42,24,116,70,562,583,335
29,29,52,54,503,532,335
22,23,50,54,454,503,335
36,22,127,82,539,567,335
35,23,87,45,533,564,335
70,35,133,72,552,572,335
150,64,344,152,663,695,335
47,23,97,43,527,541,335
42,23,124,55,547,586,335
144,52,407,138,672,706,335
99,50,223,103,638,666,335
34,20,44,35,473,513,335
100,55,355,187,652,683,336
32,24,77,58,525,564,336
134,65,364,148,657,683,336
28,22,50,41,469,483,336
46,27,205,119,602,625,336
45,30,121,79,555,575,336
606,149,948,267,806,835,336
164,78,380,156,679,706,336
39,22,76,51,535,576,336
44,20,114,46,550,596,336
33,28,103,89,542,566,336
26,22,47,33,470,468,336
62,31,159,81,581,611,336
561,126,1002,274,826,858,336
30,28,73,61,530,558,336
40,25,80,52,506,538,336
312,104,750,198,749,788,336
63,46,150,89,578,606,336
26,24,43,43,461,498,336
290,106,623,229,729,759,336
222,83,550,175,715,746,336
61,39,130,78,572,601,337
260,73,733,233,751,780,337
252,76,731,238,744,779,337
29,27,59,68,476,521,337
47,39,112,100,552,589,337
41,26,68,48,498,535,337
31,22,54,33,492,523,337
164,69,554,257,720,751,337
167,57,673,191,708,744,337
43,28,77,71,519,537,337
36,31,76,67,535,574,337
454,120,803,299,792,823,337
33,23,122,93,522,531,337
26,27,65,62,499,519,337
24,20,32,30,455,468,338
30,21,112,62,516,549,338
48,21,100,44,529,568,338
176,65,435,145,701,731,338
24,23,62,51,489,512,338
95,53,211,115,614,643,338
440,100,895,247,770,799,338
155,54,354,100,673,700,338
140,67,380,198,667,698,338
61,35,144,69,570,583,338
38,20,114,51,537,568,338
120,33,371,131,651,688,338
55,23,161,84,568,603,338
32,21,55,45,498,533,338
44,21,95,30,537,574,339
101,48,259,145,640,676,339
38,35,83,76,531,560,339
45,27,105,46,530,552,339
34,30,41,52,474,512,339
32,25,31,31,445,492,339
36,31,77,59,508,541,339
57,31,204,109,590,615,339
19,21,36,42,413,448,339
35,28,80,45,495,543,339
99,45,380,196,664,698,339
43,21,114,46,546,555,339
54,20,117,46,558,588,339
32,22,113,75,524,554,339
50,37,86,60,516,552,339
37,22,90,54,518,564,339
25,21,94,59,521,557,339
114,48,417,165,671,704,340
23,21,68,58,473,514,340
49,30,127,70,551,571,340
39,20,94,57,514,529,340
49,31,73,39,499,531,340
27,21,81,66,474,517,340
83,46,224,109,615,646,340
106,46,310,124,654,680,340
83,47,269,150,624,650,340
58,35,147,87,561,595,340
24,21,34,38,457,491,340
34,27,60,48,484,507,340
132,59,276,125,657,686,340
28,21,65,54,479,531,340
152,58,410,155,690,720,340
60,24,110,45,548,579,340
25,20,50,49,459,509,340
33,22,78,42,507,544,340
48,32,199,103,580,608,340
66,46,223,130,593,624,340
70,35,208,110,598,623,341
28,20,42,35,448,540,341
34,20,83,45,531,577,341
382,98,789,248,759,790,341
30,20,76,52,495,528,341
51,24,122,67,544,573,341
15,20,35,40,441,463,341
176,52,394,106,664,694,341
165,42,506,146,692,724,341
29,31,50,51,455,481,341
46,36,90,75,548,591,341
27,21,43,44,438,502,341
44,21,129,61,577,608,341
27,22,60,33,479,485,342
28,22,49,36,475,530,342
338,121,693,237,747,774,342
84,36,229,98,601,632,342
16,22,30,44,430,482,342
62,31,140,62,564,588,342
23,25,48,59,460,471,342
36,21,88,44,517,516,342
59,46,139,109,554,583,342
52,24,114,48,552,581,342
65,23,168,57,585,616,342
41,22,197,114,581,616,342
41,21,87,36,514,543,342
140,49,342,142,664,692,342
53,20,205,74,589,601,342
17,22,30,39,416,448,342
106,66,267,143,627,655,342
26,21,19,23,394,439,342
33,25,103,65,540,560,343
24,20,72,50,489,525,343
39,23,97,51,542,556,343
71,41,121,63,561,591,343
27,21,78,59,478,524,343
42,22,111,67,535,562,343
45,27,140,97,576,609,343
27,20,54,34,471,511,343
53,26,155,73,582,611,343
39,22,47,29,458,487,343
21,22,50,35,454,470,343
82,39,325,121,625,652,343
360,117,692,198,745,775,343
23,21,44,34,450,468,343
31,22,102,69,521,545,343
32,25,42,38,479,518,343
53,27,111,58,537,568,344
40,33,65,71,533,562,344
67,32,110,52,549,580,344
68,36,198,106,602,630,344
43,32,165,100,584,611,344
216,84,433,155,692,719,344
57,30,129,82,538,571,344
44,32,139,84,560,583,344
85,57,177,122,607,639,344
77,30,296,121,646,673,344
32,22,164,118,571,633,344
31,24,47,30,479,496,344
49,28,209,138,601,636,344
17,20,41,51,442,478,344
43,24,74,45,506,535,344
30,20,68,46,472,500,344
52,41,74,53,527,551,344
47,25,99,44,526,552,344
80,58,159,104,590,622,344
27,21,71,61,518,566,344
46,24,203,122,599,631,344
74,37,266,128,618,649,344
108,46,232,91,612,647,344
17,20,42,44,445,455,344
43,28,115,70,548,579,345
26,21,94,61,518,555,345
37,24,119,71,534,570,345
124,42,507,210,678,708,345
146,54,358,163,664,692,345
31,26,93,68,509,549,345
30,27,93,84,529,567,345
33,21,87,67,524,548,345
20,20,47,36,449,486,345
71,45,148,94,585,621,345
46,28,101,52,527,564,345
37,28,80,58,534,568,346
23,20,49,45,467,511,346
49,23,84,28,514,518,346
34,24,47,28,463,497,346
59,31,190,100,587,632,346
36,28,89,46,514,492,346
95,60,234,122,618,651,346
76,50,130,80,584,613,346
34,20,111,61,538,566,346
23,21,82,61,491,502,346
64,32,189,104,615,645,346
48,28,126,57,557,585,346
54,42,142,111,571,609,346
14,20,36,37,432,432,346
39,21,107,57,532,556,346
61,32,168,80,594,625,347
26,21,60,54,465,519,347
86,44,162,98,603,632,347
40,32,66,55,532,562,347
11,20,29,42,406,426,347
58,21,150,62,586,607,347
35,22,325,134,647,697,347
35,20,121,56,539,531,347
23,24,37,45,438,448,347
51,37,151,119,575,599,347
161,46,381,123,679,711,348
49,36,98,74,546,583,348
88,35,279,117,625,651,348
55,24,108,57,540,583,348
26,23,53,64,476,511,348
29,27,68,41,503,539,348
109,44,216,64,632,661,348
49,25,81,40,525,541,348
187,68,563,218,717,744,348
39,33,63,68,511,545,348
40,23,134,73,548,586,348
16,24,48,58,441,477,348
35,20,70,36,517,535,348
38,20,101,64,533,553,348
56,38,77,58,529,568,348
24,22,75,51,505,509,348
42,27,112,77,528,564,348
145,36,427,142,686,714,348
205,55,590,172,702,733,348
230,85,551,176,703,729,348
45,23,105,61,556,590,349
70,49,183,96,578,604,349
119,64,304,133,643,674,349
154,61,394,179,687,717,349
73,32,159,75,581,620,349
21,21,54,52,490,530,349
141,61,557,269,717,753,349
40,23,128,80,579,608,349
77,43,226,161,617,650,349
40,21,87,42,523,554,349
68,50,162,113,562,586,350
231,77,544,158,720,752,350
30,33,69,83,491,552,350
70,26,150,57,580,619,350
24,23,32,28,482,503,350
59,34,198,133,598,627,350
25,28,60,66,502,536,350
51,22,154,48,578,595,350
218,74,498,151,698,730,350
65,35,195,112,614,645,350
74,34,84,37,544,585,350
65,31,151,81,569,598,350
27,22,68,56,505,522,350
38,27,94,66,529,572,350
60,33,162,93,591,624,350
31,20,56,44,499,527,350
53,29,105,65,558,586,350
33,25,74,44,510,522,350
29,22,70,56,488,536,350
36,20,295,140,622,666,350
43,23,163,95,564,589,350
52,28,97,45,546,550,350
48,27,99,64,564,605,351
133,60,214,108,621,654,351
98,64,189,117,611,650,351
69,37,156,81,602,630,351
27,26,106,107,516,552,351
24,21,33,38,434,512,351
50,30,84,48,546,589,351
241,103,607,279,746,778,351
53,34,146,88,558,574,351
35,25,126,76,549,570,351
49,27,161,84,568,588,351
28,24,65,39,533,537,351
31,22,65,46,481,506,351
48,21,116,52,526,575,351
88,43,199,81,609,645,351
104,47,196,86,609,647,351
40,33,69,53,526,559,351
17,21,13,30,403,474,351
92,37,330,141,656,685,351
25,25,58,56,501,527,351
24,22,55,43,495,540,351
63,36,181,88,577,601,352
17,20,56,58,464,494,352
170,50,730,252,822,852,352
21,22,43,45,433,469,352
28,20,45,42,466,522,352
53,26,137,57,563,594,352
37,21,40,18,430,459,352
28,21,42,40,477,502,352
59,31,127,78,562,594,352
40,20,106,44,521,545,352
11,21,25,48,401,410,353
46,38,138,115,559,588,353
53,30,150,77,573,606,353
40,31,123,86,552,581,353
31,28,63,58,500,537,353
72,25,134,53,573,602,353
31,25,68,53,493,549,353
73,27,153,69,590,621,353
36,28,71,53,527,563,353
21,24,23,31,369,437,353
377,138,668,312,783,819,353
31,24,41,41,439,505,353
31,27,112,95,547,591,353
28,21,63,49,485,528,353
48,30,118,84,568,603,353
18,21,31,35,454,494,353
36,20,102,60,531,556,353
31,27,42,55,458,508,353
72,35,202,101,596,631,353
21,22,38,42,460,489,353
43,25,113,64,563,594,353
43,32,90,70,529,569,354
32,23,80,46,515,480,354
17,23,44,60,424,475,354
46,23,119,54,552,568,354
41,31,81,58,532,555,354
46,32,217,159,617,648,354
44,25,141,85,552,581,354
48,33,207,139,589,619,354
27,20,61,33,461,452,354
27,21,39,33,458,503,354
90,47,274,166,629,662,354
78,30,178,63,588,620,354
27,31,41,57,482,503,354
43,25,79,42,519,553,355
29,33,32,54,455,481,355
218,89,547,205,700,739,355
26,24,55,51,482,519,355
86,59,222,152,618,652,355
35,27,123,98,534,565,355
46,23,119,49,550,573,355
26,30,43,52,457,481,355
25,20,56,34,478,527,355
115,42,200,75,621,654,355
72,30,210,93,598,625,355
31,22,56,47,485,509,355
32,22,47,29,476,453,355
25,21,36,37,471,520,355
22,23,39,45,490,549,355
22,23,38,44,450,472,356
18,21,36,45,477,520,356
68,35,118,47,556,556,356
57,22,121,62,565,602,356
55,30,183,108,586,617,356
52,23,91,52,516,544,356
56,30,184,61,586,607,356
21,20,50,46,439,490,356
30,22,70,52,487,535,356
40,25,118,62,535,560,356
36,24,89,57,510,522,356
45,45,87,87,531,558,356
57,24,105,31,533,558,356
37,22,94,56,534,570,356
37,21,51,30,464,497,356
78,39,269,159,639,671,356
54,25,119,59,564,606,356
66,31,226,90,611,624,356
47,38,138,84,551,569,356
42,26,135,86,566,596,356
58,45,87,65,532,560,356
64,32,149,69,571,598,356
114,48,472,190,679,711,356
33,22,174,56,626,637,357
25,22,53,45,471,515,357
28,25,97,80,512,544,357
43,21,141,77,549,596,357
237,98,520,174,715,744,357
26,22,55,35,453,486,357
54,23,174,78,570,607,357
97,62,247,155,626,661,357
38,24,78,54,528,550,357
92,46,229,134,611,642,357
57,39,131,84,578,607,357
37,20,79,44,505,528,357
144,54,579,272,716,752,357
374,112,762,194,744,778,357
55,26,122,56,554,592,357
37,32,72,63,521,552,357
23,23,31,33,430,441,357
50,27,159,80,566,613,357
75,27,138,49,563,586,358
24,23,30,17,448,490,358
40,36,98,98,537,579,358
33,21,68,41,519,552,358
37,30,63,50,471,488,358
31,20,68,46,503,544,358
26,28,66,72,493,535,358
54,32,165,102,584,615,358
68,28,181,81,600,640,358
89,26,188,58,597,621,358
109,53,342,158,637,663,358
94,46,240,108,624,655,358
37,23,123,70,546,560,358
84,42,224,97,605,637,359
33,22,90,61,542,582,359
199,66,449,121,699,726,359
33,23,149,100,553,576,359
67,29,125,62,579,634,359
37,22,72,45,524,563,359
30,25,71,53,527,558,359
18,23,30,48,407,466,359
282,92,688,207,742,772,359
151,72,408,178,684,713,359
84,36,164,74,583,619,359
41,35,75,63,517,542,359
21,23,37,32,449,485,359
36,25,61,51,476,527,359
27,21,24,30,434,504,359
131,51,228,88,633,668,359
27,26,55,56,477,509,359
54,30,163,84,576,610,359
31,28,103,75,538,562,359
38,23,88,51,522,553,360
185,59,533,205,690,723,360
43,33,54,46,528,570,360
80,38,246,88,622,649,360
518,103,926,345,830,857,360
57,31,152,100,584,615,360
32,24,93,51,530,555,360
55,24,154,80,560,596,360
41,28,167,107,557,584,360
35,22,62,40,528,548,360
50,23,133,73,543,576,360
87,52,256,109,612,611,360
33,24,72,56,521,550,360
26,21,69,51,488,501,360
49,34,113,88,551,586,360
33,26,75,56,540,570,360
33,21,46,25,485,515,360
49,37,110,85,554,581,360
29,22,102,61,518,541,361
19,21,21,31,380,409,361
392,118,840,279,770,801,361
146,48,503,208,698,728,361
53,29,105,75,557,580,361
53,21,134,51,553,585,361
73,47,215,155,598,634,361
34,26,84,73,523,553,361
72,38,126,55,573,596,361
36,25,109,73,543,576,361
31,31,20,25,473,488,362
54,27,108,68,540,579,362
74,31,197,95,589,618,362
43,23,132,84,565,600,362
37,22,120,58,541,553,362
34,27,112,75,536,568,362
38,34,44,42,486,525,362
39,27,51,49,488,531,362
328,112,662,193,748,781,362
472,111,849,307,820,852,362
39,27,75,64,531,559,362
80,44,217,131,614,641,362
26,20,66,40,486,498,362
62,21,165,56,582,621,362
32,20,101,71,540,567,362
35,25,109,63,549,566,362
26,21,72,47,496,544,362
94,49,201,96,623,653,362
16,20,17,30,409,445,362
28,23,50,47,468,496,363
27,23,93,68,531,533,363
138,59,414,188,683,714,363
507,146,863,335,825,852,363
37,26,80,57,505,523,363
30,34,54,59,485,489,363
70,39,138,67,595,624,363
70,32,166,81,569,595,363
41,21,70,26,526,551,363
50,23,148,74,550,597,363
24,20,38,36,431,510,363
32,25,65,52,480,521,363
27,20,74,60,499,543,363
43,25,79,53,503,526,363
32,25,100,61,507,524,363
12,23,31,50,414,425,363
27,29,41,54,490,528,363
21,21,34,28,415,451,363
26,20,115,69,534,546,363
32,26,79,69,528,552,363
32,31,96,77,524,560,364
26,23,42,43,472,513,364
39,28,102,78,556,590,364
72,37,100,58,550,583,364
27,23,71,59,484,527,364
40,25,151,93,542,570,364
510,125,843,241,789,825,364
23,22,22,22,420,454,364
31,26,69,67,467,497,365
60,31,205,100,612,652,365
42,34,94,55,523,541,365
56,34,144,80,561,583,365
41,36,48,56,506,542,366
22,23,28,33,448,503,366
33,22,52,44,505,536,366
48,34,57,50,494,527,366
37,25,87,55,536,554,366
25,23,68,61,488,517,366
238,78,644,241,748,777,366
36,21,69,42,490,518,366
39,21,65,36,493,565,366
53,23,139,69,582,615,366
83,28,169,91,589,623,366
42,26,70,42,512,556,366
64,30,202,104,589,625,366
33,21,47,35,478,539,366
67,33,196,94,601,635,366
32,23,71,44,503,542,367
25,20,23,23,414,430,367
34,22,49,44,490,529,367
45,20,126,52,548,570,367
40,21,162,92,569,589,367
63,34,158,105,583,615,367
43,22,153,63,567,587,367
27,21,32,27,438,499,367
77,44,145,91,574,609,368
26,21,44,39,453,483,368
26,30,33,40,457,506,368
31,32,75,75,516,539,368
56,28,209,111,590,625,368
44,29,90,63,523,556,368
22,23,23,25,434,445,368
29,29,56,56,482,497,368
36,29,85,76,520,556,368
65,31,180,83,575,611,368
24,26,51,49,508,541,368
18,22,27,34,442,465,368
81,30,157,67,604,632,368
48,29,143,101,580,616,368
53,39,83,58,535,567,369
71,41,222,161,614,643,369
239,58,508,147,704,737,369
21,25,36,52,439,456,369
57,36,108,71,543,596,369
30,22,47,25,470,467,369
65,31,422,214,652,686,369
22,22,45,40,445,493,370
34,22,98,53,517,553,370
151,54,411,112,670,697,370
49,29,86,55,548,574,370
65,45,161,80,593,619,370
38,26,58,41,510,521,370
91,39,373,164,642,667,370
72,44,150,88,578,605,370
49,30,88,45,540,579,370
23,21,36,35,457,501,370
40,28,62,40,521,553,371
18,21,35,33,429,440,371
28,23,74,68,537,574,371
53,37,113,74,556,586,371
76,37,190,83,610,635,371
59,41,119,92,571,603,371
55,25,110,44,546,578,372
19,20,34,41,457,502,372
15,21,48,57,471,501,372
85,36,180,78,598,625,372
23,20,24,34,445,500,372
17,21,68,65,455,504,372
50,31,95,55,532,552,372
128,49,408,167,673,703,372
31,23,50,43,487,507,372
51,38,86,50,545,568,373
156,58,400,148,671,700,373
54,27,247,110,610,642,373
35,33,71,61,505,527,373
31,26,104,89,529,590,373
39,22,147,86,562,596,373
123,70,242,145,631,661,373
25,20,57,42,449,523,373
39,23,88,39,531,554,373
104,45,210,96,620,652,373
44,29,107,88,551,590,373
41,20,115,69,542,569,373
31,24,83,75,515,530,374
21,20,39,36,455,502,374
16,20,20,30,478,540,374
36,29,70,64,497,541,374
31,22,36,25,484,517,374
170,61,536,155,695,726,374
31,23,28,24,450,523,374
50,29,124,74,568,594,374
50,34,146,107,576,609,374
49,37,133,106,573,604,374
86,53,202,114,597,626,374
38,33,39,43,483,512,374
35,24,35,29,472,498,374
20,21,27,35,416,448,374
28,22,52,38,479,503,374
33,24,93,78,528,570,374
78,37,183,87,601,634,374
35,22,52,42,486,551,374
33,28,47,48,510,541,374
36,24,156,109,590,623,374
49,24,98,51,544,582,374
63,23,172,88,593,631,375
30,23,60,43,522,556,375
66,40,204,124,603,632,375
36,34,75,70,531,566,375
26,24,81,49,511,540,375
55,30,170,103,589,623,375
138,57,253,97,652,681,376
63,30,258,102,607,637,376
28,21,53,42,490,509,376
29,29,36,51,464,515,376
49,26,121,53,548,571,376
368,101,713,194,742,772,376
75,42,175,90,602,631,376
147,80,324,141,665,692,376
84,53,180,129,594,625,376
75,29,138,45,580,616,376
22,23,14,22,447,469,376
49,40,87,74,513,559,377
42,25,65,41,529,559,377
85,50,213,116,619,651,377
141,80,316,195,661,689,377
35,20,77,36,524,535,377
35,28,46,48,537,571,377
80,23,313,119,621,640,377
106,58,173,75,606,637,377
40,22,108,64,539,557,377
24,27,35,45,475,500,377
48,34,62,50,514,544,377
41,24,92,55,519,550,377
54,36,134,103,568,600,377
15,20,23,44,446,468,377
81,29,159,59,595,630,377
19,24,38,59,418,496,377
169,52,400,116,678,705,378
34,21,138,83,555,592,378
16,22,19,38,404,430,378
42,20,63,27,504,516,378
18,21,28,43,429,448,378
53,26,159,77,579,610,378
36,31,73,66,520,554,378
104,48,389,191,660,689,378
119,52,400,163,663,694,378
53,20,136,48,559,589,378
30,21,44,39,473,501,379
30,25,54,54,485,514,379
33,22,48,42,504,533,379
276,90,668,210,742,773,379
181,55,456,113,691,723,379
47,27,93,62,521,574,379
30,20,177,106,591,622,379
40,21,81,59,519,541,379
39,20,67,25,492,519,379
36,27,129,107,554,587,379
38,25,91,77,535,581,379
51,24,75,41,522,569,379
37,29,35,32,494,495,379
96,66,199,131,623,654,380
58,33,118,58,556,588,380
46,21,103,43,544,578,380
54,20,108,42,569,602,380
295,93,681,199,753,781,380
40,30,79,55,520,565,380
16,24,19,40,345,420,380
30,21,52,43,504,547,380
18,20,21,24,406,435,380
30,20,63,31,496,522,380
152,71,320,129,665,695,380
494,97,949,190,781,812,380
109,51,285,146,639,670,380
29,23,83,61,534,543,380
19,20,63,62,466,499,380
147,62,413,186,673,703,380
51,27,82,50,528,559,380
40,32,99,90,524,556,381
23,22,64,61,472,514,381
32,26,87,66,507,547,381
24,21,25,30,442,482,381
47,25,99,46,531,536,381
115,57,263,132,648,678,381
123,44,345,119,667,695,381
50,25,126,64,571,605,381
33,28,55,54,482,517,381
31,27,89,74,560,600,381
66,46,106,79,562,581,381
367,116,742,255,754,787,382
172,46,554,149,710,742,382
40,24,119,63,549,577,382
28,26,49,49,487,516,382
31,24,48,36,469,504,382
40,31,48,39,502,548,382
22,21,57,54,473,516,382
43,22,185,98,585,616,382
378,92,811,230,798,827,382
171,54,435,155,678,714,382
36,22,181,110,594,627,382
26,20,31,23,467,454,382
33,20,92,60,532,560,382
51,21,141,69,558,582,382
368,93,755,175,752,782,382
52,36,102,61,522,567,383
22,21,81,67,509,539,383
25,24,35,43,466,528,383
43,21,172,68,571,586,383
41,25,91,32,510,533,383
163,45,346,93,646,683,383
48,36,161,120,567,608,383
31,28,86,73,528,561,383
135,52,278,106,625,653,383
25,20,38,32,457,503,383
59,32,188,108,601,630,383
29,25,48,40,479,510,383
17,20,31,37,348,433,383
110,47,422,213,676,703,384
31,22,50,40,479,526,384
23,21,42,38,442,465,384
51,24,108,46,533,571,384
155,68,342,114,668,700,384
37,21,93,51,524,544,384
23,21,70,59,501,515,384
32,28,32,33,442,491,384
42,24,107,66,534,572,384
34,20,80,43,525,545,384
33,20,48,29,472,519,385
59,36,145,107,573,607,385
24,25,47,50,473,502,385
64,39,159,68,585,625,385
75,39,159,78,575,616,385
111,51,199,94,609,644,385
26,23,48,41,476,530,385
56,28,168,92,581,620,385
87,35,344,138,633,672,385
30,25,64,43,476,518,385
58,34,124,74,574,608,385
52,27,122,81,558,603,385
31,21,64,40,506,497,385
45,23,117,62,552,584,385
25,24,84,70,522,553,385
47,20,220,119,596,631,385
53,27,162,85,577,601,385
88,46,231,122,601,629,385
38,21,70,44,505,519,386
29,23,52,44,488,494,386
28,21,71,61,505,535,386
24,24,47,48,461,492,386
48,29,86,51,530,549,387
28,25,58,57,493,505,387
24,25,39,49,462,511,387
17,22,26,35,405,451,387
24,21,51,45,470,468,387
19,20,33,44,398,454,387
205,62,538,155,708,740,387
37,20,104,65,527,574,387
30,24,51,39,479,499,387
29,30,122,88,520,558,387
37,21,94,38,516,564,387
51,40,107,68,543,574,387
73,48,142,100,577,614,387
25,20,88,83,518,550,387
44,31,75,52,538,580,388
82,49,251,165,631,661,388
113,44,217,87,612,645,388
36,24,67,41,472,512,388
47,34,68,57,503,561,388
40,23,136,77,574,610,388
469,121,813,234,787,818,388
89,47,202,105,615,647,388
35,26,61,48,489,520,388
22,23,40,49,461,511,388
42,21,77,49,523,559,388
30,22,73,51,499,519,388
51,25,48,25,488,541,388
74,31,138,70,578,607,389
125,69,241,134,618,651,389
52,28,139,72,562,582,389
25,26,45,58,452,490,389
43,38,98,86,545,581,389
70,45,181,110,600,629,389
81,45,267,156,612,640,389
359,104,744,284,767,800,389
40,20,77,33,520,559,389
78,47,144,80,583,607,390
73,34,206,84,598,626,390
51,29,113,57,539,561,390
54,33,113,66,555,577,390
31,20,57,43,510,551,390
139,45,323,106,648,679,390
46,26,149,104,556,597,390
34,22,47,37,446,492,390
112,33,340,87,648,679,390
32,21,43,25,468,495,390
37,27,53,41,504,532,390
30,23,76,48,484,536,390
21,26,18,34,388,418,390
76,35,150,63,578,612,390
145,68,411,213,677,708,391
27,23,92,77,526,568,391
25,23,48,50,472,503,391
62,31,132,55,573,600,391
51,30,118,85,560,606,391
43,23,112,54,537,565,391
66,38,230,129,617,648,391
40,21,48,30,491,517,391
46,23,83,37,517,574,391
40,23,81,49,526,563,391
33,20,58,43,493,517,391
39,23,81,49,530,552,391
64,43,137,89,552,595,392
34,27,72,48,506,539,392
42,20,107,51,561,596,392
31,29,119,106,542,570,392
40,29,65,40,504,553,392
57,39,112,89,562,601,392
49,22,77,30,518,547,392
32,30,52,54,504,536,392
48,24,111,63,534,566,392
61,37,167,86,586,629,392
39,30,75,66,523,553,392
207,74,560,185,710,742,392
24,20,29,23,450,462,392
38,22,112,65,523,555,393
44,25,88,55,506,534,393
41,24,99,60,545,580,393
26,20,82,58,500,536,393
30,23,37,38,464,532,393
40,26,63,32,499,528,393
41,22,105,55,544,587,393
23,30,40,58,439,479,393
35,20,57,30,501,537,393
44,24,139,69,566,590,393
41,28,86,65,535,565,393
36,24,90,62,536,571,393
28,22,95,63,530,550,393
29,25,23,26,476,499,393
70,40,241,139,624,655,393
27,21,39,33,457,491,393
25,23,52,39,465,497,393
49,31,109,74,540,572,393
59,38,182,118,581,615,393
13,21,24,47,456,500,393
65,30,115,60,559,585,393
20,24,14,31,404,443,393
55,32,72,50,518,543,393
37,30,154,122,576,614,394
95,40,287,123,617,655,394
180,78,420,178,665,693,394
29,25,97,85,525,558,394
27,23,66,64,482,521,394
91,34,230,86,621,653,394
14,20,15,33,398,455,394
44,29,84,55,536,567,394
32,23,56,56,494,508,394
46,31,146,102,576,614,394
56,38,86,72,536,567,394
38,26,71,41,511,547,394
39,27,144,80,578,610,394
54,28,160,95,576,611,394
40,24,65,42,504,521,395
232,84,479,162,695,724,395
36,27,63,52,495,531,395
39,22,107,65,547,580,395
64,45,139,77,569,586,395
75,31,181,118,592,613,395
152,76,426,195,684,719,395
73,39,108,59,548,576,395
62,24,90,44,524,545,395
48,23,113,55,536,572,395
46,22,105,60,542,529,395
24,20,31,29,446,486,395
67,41,184,106,593,625,395
38,22,80,51,530,564,395
34,27,57,54,479,514,395
52,43,117,97,557,585,395
48,29,121,63,547,578,396
21,22,17,23,369,436,396
24,20,36,29,453,492,396
107,44,278,127,627,657,396
36,24,72,54,518,542,396
18,21,38,41,441,470,396
33,24,47,45,469,500,396
42,22,132,73,548,581,396
37,27,94,59,518,555,396
20,20,31,34,417,424,396
27,22,75,55,510,545,396
67,33,196,117,598,630,396
82,49,245,131,622,640,396
42,30,77,64,504,543,396
55,31,98,54,557,585,396
33,23,60,41,489,550,396
40,32,85,62,534,574,396
63,29,132,76,570,601,397
30,25,70,70,505,542,397
87,54,164,83,594,627,397
36,31,79,81,521,572,397
56,35,143,88,556,602,397
41,27,106,69,543,570,397
55,30,132,75,575,612,397
62,42,217,149,605,626,397
21,21,63,66,497,527,397
34,32,38,45,462,495,397
131,46,324,90,659,689,397
33,22,109,82,523,558,397
56,28,146,92,579,615,397
47,26,123,45,550,566,397
28,24,32,34,434,489,398
69,44,117,68,561,592,398
74,31,341,165,644,674,398
33,21,81,36,506,513,398
37,31,64,54,480,523,398
28,20,58,46,488,510,398
78,25,226,52,608,641,398
196,75,507,204,701,728,398
38,27,91,67,544,585,398
32,22,48,31,488,500,398
32,24,75,49,522,539,398
30,22,89,71,537,566,399
97,43,238,107,623,660,399
97,40,412,159,677,708,399
29,25,51,56,488,530,399
56,40,151,93,572,611,399
32,24,100,54,540,575,399
46,23,138,44,568,600,399
47,20,143,53,567,589,399
30,24,108,88,539,566,399
57,37,161,94,570,592,399
30,25,50,38,474,503,399
124,47,272,134,648,677,399
84,38,227,109,631,659,399
125,47,360,128,654,686,399
23,21,20,26,384,453,399
125,67,382,218,667,699,399
160,58,475,188,676,705,399
41,26,105,50,551,578,400
44,31,75,57,544,576,400
181,56,644,203,709,738,400
45,30,115,82,535,570,400
19,21,30,37,423,460,400
119,38,496,139,679,704,400
47,25,70,40,509,550,400
76,47,123,76,571,601,400
30,24,50,38,464,512,400
265,87,606,203,731,762,400
63,24,186,82,592,614,400
63,22,142,43,567,581,400
52,27,179,97,596,620,400
154,71,543,260,692,725,400
27,26,28,31,437,464,400
47,26,96,56,566,600,400
254,64,710,272,760,793,401
21,22,30,35,442,480,401
53,28,137,67,561,589,401
35,26,57,51,503,531,401
57,37,88,41,539,551,401
41,26,77,47,495,523,401
69,41,142,99,589,618,401
48,21,97,60,521,557,401
52,25,184,100,592,621,401
41,21,108,46,520,552,401
91,30,377,164,649,685,401
25,20,57,49,504,559,402
29,21,49,42,501,541,402
152,75,415,203,666,705,402
36,22,77,44,518,547,402
61,42,166,123,600,629,402
44,21,258,101,596,634,402
37,21,110,67,546,579,402
79,46,165,57,589,616,402
40,23,71,44,532,549,402
53,25,117,68,576,607,402
243,82,682,242,746,778,402
38,23,120,85,553,590,402
44,23,123,70,555,581,402
51,32,166,102,574,601,402
23,20,35,27,465,505,402
408,120,722,270,780,812,402
42,29,86,65,541,588,402
70,37,125,58,566,595,402
187,64,461,178,703,731,403
128,58,321,137,658,691,403
85,45,229,104,616,649,403
32,21,63,46,483,508,403
108,59,248,136,647,675,403
41,27,71,56,510,568,403
16,26,23,48,443,472,403
31,30,55,45,520,554,403
200,84,537,228,714,747,403
37,24,54,28,492,522,403
64,33,198,118,592,626,403
18,20,28,33,429,469,403
39,23,63,51,515,568,403
62,24,281,120,615,647,403
77,45,118,74,573,612,403
37,27,106,80,536,556,403
86,40,296,125,626,653,403
144,65,545,236,716,742,403
103,32,243,69,622,649,403
30,23,68,39,514,515,403
161,67,496,179,697,728,403
76,44,158,93,593,626,404
98,44,259,95,642,674,404
29,24,70,67,525,559,404
56,38,117,59,556,591,404
136,67,368,163,676,705,404
42,29,38,38,476,533,404
437,120,768,264,776,806,404
112,58,237,149,631,660,404
90,36,193,77,601,627,404
34,31,50,42,490,524,405
38,21,78,50,508,546,405
36,27,70,43,511,540,405
154,88,267,129,653,681,405
26,21,52,41,487,512,405
65,26,203,81,584,604,405
48,21,151,51,577,622,405
66,49,137,95,579,597,405
32,20,94,55,544,576,405
454,85,878,184,774,808,405
40,28,83,53,536,570,405
190,68,461,152,684,709,405
44,33,88,53,513,519,405
99,65,232,143,618,648,405
64,41,81,49,532,568,405
46,23,64,45,512,558,405
214,79,576,183,709,737,406
76,30,126,48,564,572,406
59,32,90,59,539,572,406
53,26,159,75,578,605,406
24,20,19,28,431,442,406
127,48,389,145,648,679,406
184,60,430,126,676,708,406
53,34,98,70,568,622,406
125,64,306,167,647,678,407
33,23,93,72,514,550,407
57,28,146,66,565,596,407
61,24,216,74,598,633,407
213,70,479,154,712,741,407
47,23,118,46,562,589,407
52,29,132,74,562,584,407
84,56,251,140,620,652,407
157,49,377,114,664,692,407
46,21,117,42,538,553,407
71,39,138,81,583,616,407
127,53,314,134,648,678,407
226,73,606,190,712,743,408
89,45,210,98,618,653,408
111,47,333,144,670,701,408
24,21,42,47,492,515,408
54,44,116,85,553,582,408
23,21,21,28,436,477,408
29,20,75,46,494,541,408
57,26,123,58,564,609,408
26,20,39,31,457,483,408
54,38,138,67,577,607,408
42,25,72,55,513,544,408
40,33,79,65,526,554,408
37,26,54,49,504,554,408
45,23,134,69,554,577,408
37,31,81,65,513,548,408
263,84,661,320,786,815,408
19,20,39,47,481,511,408
199,66,505,177,696,726,408
29,24,49,49,458,496,408
25,21,60,57,464,514,408
39,23,76,35,515,546,408
100,51,217,99,606,633,408
32,28,72,69,513,556,408
69,37,142,81,570,607,409
31,27,74,48,494,520,409
26,21,63,42,464,496,409
114,44,252,119,626,659,409
41,27,80,44,492,509,409
27,26,42,48,451,498,409
61,23,201,88,602,623,409
88,42,248,110,631,662,409
41,21,156,86,564,600,409
47,20,121,54,592,613,409
59,46,94,73,551,579,410
104,49,260,129,638,668,410
52,24,173,93,579,601,410
66,38,144,96,569,595,410
65,26,145,63,570,601,410
41,29,79,56,539,570,410
44,27,102,62,514,557,410
14,21,21,36,384,378,410
29,25,52,35,471,519,410
42,37,82,75,532,571,410
27,24,66,60,495,531,410
37,25,128,86,560,596,410
36,22,74,50,521,563,411
55,33,160,102,590,621,411
77,48,158,128,578,632,411
40,24,156,88,548,577,411
44,26,165,102,587,617,411
117,55,281,128,648,678,411
178,62,474,164,679,711,411
205,68,490,169,698,727,411
46,33,122,86,537,572,411
42,25,67,35,495,512,411
39,25,133,89,549,585,411
17,20,55,59,483,508,411
40,28,136,84,550,578,411
88,48,260,146,648,679,411
52,21,107,43,559,606,411
44,34,49,49,483,530,411
108,36,376,137,663,693,411
60,41,121,81,566,605,411
102,34,372,154,670,699,412
51,30,101,65,552,582,412
72,44,196,87,607,640,412
19,24,35,42,439,418,412
15,22,23,40,441,467,412
42,25,84,50,521,549,412
37,22,72,45,501,524,412
85,48,195,122,603,636,412
28,27,40,31,480,508,412
52,32,108,74,538,588,412
85,37,242,92,603,634,413
47,24,109,54,549,575,413
86,36,203,72,591,617,413
27,23,21,28,454,463,413
20,23,39,47,490,518,413
53,23,115,73,552,562,413
41,23,124,61,561,571,413
76,45,195,105,608,635,413
197,63,459,130,679,707,413
48,22,103,53,538,560,413
24,20,49,39,499,477,413
58,43,98,52,557,574,413
57,31,132,72,562,602,413
73,34,175,100,590,625,413
42,20,102,47,525,505,413
39,23,63,60,481,548,413
24,21,39,36,453,478,413
21,22,28,37,460,490,414
79,51,254,156,624,656,414
27,22,49,34,472,518,414
50,27,153,83,569,594,414
54,34,152,93,570,600,414
24,25,61,53,461,486,414
429,115,917,336,785,816,414
67,41,195,125,589,621,414
38,26,143,101,571,598,414
52,25,104,62,546,594,414
56,35,116,76,568,606,414
36,23,77,42,496,525,414
51,20,116,63,563,598,414
27,21,48,31,452,429,414
98,52,225,147,630,661,414
52,30,97,62,558,588,414
51,26,174,81,582,608,414
32,23,103,67,546,568,414
35,23,63,45,488,557,414
89,36,225,103,624,652,414
37,21,56,39,480,482,414
318,96,637,177,734,763,414
99,52,176,110,595,629,415
34,22,75,37,532,557,415
107,44,487,208,688,722,415
31,27,50,46,490,500,415
69,28,174,57,586,605,415
30,21,63,38,494,507,415
27,24,75,57,490,530,415
490,112,844,258,789,821,415
76,31,169,64,577,598,415
29,26,57,43,504,522,415
89,55,221,139,611,643,415
197,100,546,284,730,758,416
32,23,62,43,480,517,416
47,25,125,68,550,584,416
40,21,121,62,535,581,416
65,30,170,78,582,614,416
86,36,167,63,581,616,416
32,24,63,45,508,555,416
36,25,83,52,522,554,416
50,22,84,26,529,565,416
48,28,74,41,528,570,416
93,44,248,91,621,655,416
30,24,39,33,470,524,416
60,32,192,113,591,631,416
27,22,101,87,531,579,416
91,44,183,88,588,624,417
144,47,530,164,689,723,417
187,56,522,169,688,720,417
154,64,508,243,709,737,417
29,23,66,55,504,545,417
28,20,53,44,491,547,417
29,28,35,47,456,486,417
32,22,60,54,517,580,417
208,91,480,233,710,741,417
52,26,76,34,535,553,417
42,24,100,55,535,571,417
41,27,97,68,529,578,417
196,66,490,203,692,724,417
38,23,41,38,483,525,417
32,22,67,50,490,512,417
59,26,158,52,571,588,417
43,28,104,68,514,549,417
59,21,181,71,582,597,418
39,27,52,32,472,526,418
81,33,251,111,645,671,418
248,87,544,198,716,746,418
21,21,100,79,519,540,418
33,23,63,43,468,491,418
61,33,115,52,554,574,418
216,82,496,210,694,728,418
82,56,150,98,582,615,418
52,33,120,76,554,583,418
37,25,97,76,534,573,418
40,21,93,35,522,493,418
124,41,227,60,630,666,418
99,51,223,82,591,623,418
48,29,83,58,523,574,419
50,30,91,43,521,555,419
27,27,31,34,427,458,419
19,21,17,40,422,462,419
43,26,83,47,533,560,419
335,73,872,192,748,778,419
37,34,42,42,474,507,419
215,75,525,145,715,745,419
61,40,142,105,587,621,419
22,25,28,40,472,497,419
38,20,164,103,559,604,419
151,82,342,193,665,695,419
17,23,50,68,465,510,419
258,112,504,197,703,735,420
37,21,96,72,546,588,420
96,53,235,108,629,666,420
28,21,46,34,463,501,420
27,29,17,35,449,498,420
177,60,538,288,709,741,420
55,28,106,46,530,546,420
51,37,92,69,539,571,420
136,51,345,163,664,694,420
33,27,57,37,476,489,420
38,20,73,42,500,521,420
53,43,106,85,547,581,420
39,27,53,42,500,516,420
157,74,329,147,662,695,420
154,48,472,156,672,700,420
308,67,839,297,805,837,420
71,35,232,121,621,656,420
66,25,112,46,551,577,420
27,20,86,55,517,525,420
102,59,234,145,621,655,420
73,26,330,158,653,689,420
255,109,581,273,740,770,420
83,48,175,89,596,634,421
79,52,222,97,592,626,421
30,24,140,94,543,575,421
95,58,207,95,609,622,421
57,24,114,44,556,591,421
33,25,84,60,513,543,421
40,22,114,50,541,533,421
18,23,46,64,447,473,421
29,22,52,53,495,561,422
22,20,18,24,379,379,422
34,25,111,75,529,561,422
26,21,28,30,422,447,422
26,22,59,55,475,508,422
47,22,161,97,569,559,422
27,25,53,51,476,509,422
24,25,42,46,423,443,423
32,32,43,54,488,522,423
52,26,215,103,583,618,423
86,47,172,82,595,627,423
42,21,55,25,522,561,423
32,21,94,57,510,536,423
56,30,122,66,579,606,424
25,21,22,30,437,520,424
28,23,62,37,478,518,424
58,27,188,79,593,624,424
91,53,242,125,630,662,424
30,28,72,68,496,540,424
44,22,79,43,529,561,424
36,32,54,37,484,485,424
44,22,136,76,547,579,424
26,23,65,62,482,532,425
75,25,188,78,575,603,425
33,23,52,33,500,538,425
51,41,147,127,581,611,425
29,25,83,65,526,558,425
100,45,230,100,613,651,425
31,23,42,32,480,507,425
179,58,388,133,693,723,425
26,21,97,76,506,521,425
38,23,146,77,565,600,425
22,21,57,45,480,513,425
79,40,235,143,617,642,425
32,20,60,39,477,505,425
15,21,39,54,416,484,425
36,33,90,86,532,566,425
37,22,150,72,548,569,425
23,20,39,29,471,503,425
43,26,129,67,546,576,426
29,25,51,48,474,518,426
38,26,82,62,542,578,426
17,22,41,56,411,469,426
142,65,328,141,657,684,426
29,22,51,47,481,517,426
57,30,202,82,600,637,427
45,25,89,53,525,557,427
20,21,50,64,508,533,427
22,23,39,42,457,489,427
37,21,59,46,481,513,427
29,22,56,43,478,510,427
31,23,45,32,481,530,427
20,22,55,55,459,488,427
23,21,21,27,400,484,427
26,22,41,40,463,502,427
29,24,56,46,499,542,427
23,22,39,38,472,493,428
73,37,241,129,617,648,428
20,20,45,40,452,478,428
56,27,241,122,622,653,428
32,20,89,61,521,519,428
44,32,97,67,542,563,428
38,36,43,50,472,519,428
55,25,171,54,584,588,428
27,21,20,26,409,438,428
20,22,45,59,454,511,428
36,27,62,54,505,528,428
38,20,113,65,538,556,428
75,31,168,87,597,625,428
52,40,79,77,519,546,429
72,46,112,72,557,588,429
172,65,390,138,664,698,429
68,42,141,95,583,610,429
36,29,82,54,513,511,429
38,26,145,87,563,578,429
126,66,270,136,631,665,429
32,23,175,89,567,589,429
55,41,206,142,594,626,429
59,34,193,115,586,618,429
102,44,303,136,653,689,429
55,35,102,74,529,562,430
494,147,779,301,811,842,430
94,46,348,180,662,693,430
46,25,173,101,586,615,430
45,28,88,41,532,563,430
160,61,436,176,670,704,430
94,50,222,124,605,642,430
21,25,22,41,443,492,430
45,25,69,45,490,536,430
54,36,133,76,560,589,430
66,37,215,126,599,629,430
42,32,68,56,531,560,430
24,21,56,46,476,513,430
35,24,83,60,503,545,430
35,21,87,56,547,574,430
49,27,95,46,548,585,430
27,23,73,52,498,530,430
35,26,53,46,501,533,431
49,27,107,64,550,576,431
30,22,85,70,517,570,431
25,21,35,43,444,533,431
278,74,713,158,719,752,431
89,39,223,94,621,659,431
50,32,87,57,540,561,431
40,22,88,48,508,535,431
20,20,45,43,485,502,431
28,20,91,64,544,587,431
35,24,64,29,517,553,431
28,26,89,80,503,537,431
39,28,77,52,492,508,431
24,22,108,93,518,552,431
41,20,77,30,521,530,431
40,26,80,58,538,559,431
28,21,61,37,479,515,431
43,28,119,71,555,579,432
47,34,115,82,553,587,432
30,20,65,44,512,524,432
24,25,39,39,472,494,432
48,23,105,45,532,561,432
46,30,96,61,556,586,432
36,26,95,70,520,547,432
52,26,82,45,524,561,432
28,21,42,40,479,513,432
20,23,45,48,460,489,432
28,21,78,57,515,550,432
46,22,98,65,539,575,433
47,34,72,50,531,561,433
16,20,29,41,431,441,433
34,24,94,61,510,548,433
65,40,148,87,587,623,433
76,38,117,71,597,628,433
75,31,153,56,573,612,433
26,22,61,53,514,525,433
51,35,148,100,574,598,433
34,23,55,38,486,533,433
31,28,37,39,465,500,433
32,22,84,50,503,535,433
83,42,168,78,588,619,433
44,30,87,58,518,550,433
34,21,71,34,501,512,433
42,27,123,71,556,598,433
114,62,250,142,640,668,433
20,20,32,38,458,514,434
50,34,211,135,591,611,434
53,32,121,62,542,576,434
44,21,63,43,501,551,434
25,23,52,49,478,503,434
52,24,73,40,526,571,434
27,22,49,31,490,514,434
24,25,13,20,412,468,434
57,21,486,225,691,727,434
20,23,30,41,453,493,434
28,21,67,45,520,550,435
208,61,745,294,786,816,435
65,33,175,88,577,600,435
80,37,178,89,591,628,435
34,22,58,34,493,546,435
33,27,67,48,487,511,435
36,27,87,70,524,552,435
34,30,76,71,521,564,435
24,20,84,56,515,540,435
103,50,244,109,634,671,435
27,22,58,51,492,525,435
27,20,58,41,471,483,435
20,24,58,67,466,515,435
30,21,60,43,491,544,435
48,22,123,50,551,585,436
40,26,63,52,544,572,436
27,21,65,28,489,509,436
33,22,48,39,498,531,436
40,25,82,55,525,558,436
37,23,146,101,554,582,436
19,22,26,37,426,494,436
135,58,390,180,673,706,436
81,44,177,98,600,630,436
17,21,24,37,405,463,436
57,28,293,164,647,679,436
27,28,74,53,506,538,436
75,40,144,78,571,606,436
28,21,73,55,496,543,436
36,25,78,42,516,537,437
41,29,88,73,531,572,437
18,21,50,51,486,502,437
19,21,37,38,445,480,437
34,29,74,68,519,558,437
48,23,100,65,527,578,437
48,28,180,107,594,627,437
31,25,37,41,474,522,437
189,87,372,160,681,709,437
66,41,203,141,597,631,437
47,23,131,63,550,576,437
60,33,141,83,568,605,437
30,22,79,60,499,533,437
59,28,158,75,573,618,437
77,39,193,106,611,638,437
64,44,186,113,603,636,437
36,21,61,40,496,528,437
70,30,118,54,560,593,438
53,30,132,78,555,590,438
26,20,74,50,508,539,438
63,42,110,88,564,594,438
37,26,103,77,542,565,438
39,23,58,31,510,551,438
38,26,85,61,525,555,438
51,30,97,65,532,590,438
22,27,44,45,479,511,439
27,23,84,71,530,564,439
21,21,81,77,500,525,439
34,25,48,43,476,502,439
28,20,52,33,483,473,439
84,33,164,76,586,623,439
25,21,69,48,517,551,439
39,22,61,41,489,549,439
43,25,81,41,518,543,439
45,32,194,129,598,624,439
79,37,239,103,610,644,439
27,22,54,41,477,514,439
62,42,130,102,577,604,440
110,51,318,143,636,660,440
72,39,167,83,595,620,440
39,25,86,51,534,565,440
54,21,95,32,548,579,440
23,22,27,31,468,483,440
63,28,134,60,568,606,440
31,21,107,83,540,582,440
65,24,181,71,594,618,440
50,33,115,75,553,585,440
21,21,66,60,499,531,440
167,73,460,175,678,705,440
33,26,56,52,499,537,440
59,24,135,42,573,604,440
73,43,344,228,648,675,440
25,22,39,35,481,515,441
62,43,147,102,569,599,441
39,25,61,31,519,552,441
36,25,68,40,513,530,441
29,26,57,53,470,489,441
43,26,164,103,572,609,441
24,21,80,68,517,548,441
25,20,24,25,440,473,441
23,21,47,36,473,543,441
63,39,169,97,589,622,441
42,23,91,46,553,579,442
45,30,87,65,522,565,442
56,33,155,82,562,597,442
30,25,47,36,495,527,442
37,21,63,33,509,531,442
36,29,56,48,497,526,442
49,31,97,69,565,606,442
71,36,156,54,573,613,442
36,27,107,62,545,578,442
46,25,101,49,520,559,442
67,27,179,89,609,639,442
46,23,117,55,549,578,443
32,20,112,82,566,609,443
57,28,175,63,573,608,443
94,42,169,90,583,612,443
34,24,65,35,502,530,443
48,34,180,118,577,612,443
26,24,68,61,538,578,443
26,21,74,59,495,536,443
34,24,92,60,521,552,443
30,25,42,43,515,537,443
118,52,284,109,644,676,443
36,27,65,39,513,561,443
51,21,100,45,553,598,443
56,35,270,188,606,642,443
65,32,139,92,568,600,443
70,36,195,105,606,636,443
40,20,68,40,501,529,444
53,28,118,59,557,581,444
33,21,65,33,508,529,444
38,26,60,34,510,488,444
50,28,91,46,538,574,444
24,24,32,42,471,526,444
62,27,212,103,600,637,444
28,25,60,65,503,546,444
44,24,92,54,558,594,444
53,24,220,108,587,622,444
44,24,180,104,597,638,445
76,36,226,117,606,636,445
68,27,178,57,599,619,445
29,22,78,63,508,554,445
46,25,185,115,590,620,445
38,27,46,38,481,511,445
46,23,90,52,523,575,445
44,24,89,49,525,561,445
54,23,144,74,571,594,445
44,27,123,83,560,587,445
30,25,47,41,479,523,445
79,37,195,71,619,632,445
26,22,92,78,523,560,445
29,21,86,62,521,559,445
39,25,107,74,543,579,445
64,44,135,83,577,603,445
25,29,37,54,458,480,446
39,20,59,27,489,531,446
78,33,168,51,577,602,446
49,22,109,49,547,566,446
172,80,527,191,704,739,446
41,20,79,42,500,568,446
53,30,186,114,604,627,446
68,35,145,55,566,586,446
46,30,115,82,557,599,447
29,21,73,46,502,542,447
42,30,87,51,533,565,447
25,27,21,40,422,464,447
68,47,178,115,594,630,447
27,20,63,48,495,532,447
61,37,119,57,547,569,447
23,20,24,28,416,480,447
23,23,45,52,471,522,447
38,27,99,71,530,567,447
58,23,153,76,565,612,447
62,44,163,108,588,619,447
55,27,121,65,539,582,447
20,21,35,37,435,470,447
78,45,206,133,610,642,447
43,24,64,25,520,546,447
25,26,44,37,450,428,447
30,27,45,50,485,516,448
61,23,126,41,568,601,448
58,32,176,118,572,610,448
195,57,478,173,693,727,448
23,22,61,54,475,516,448
88,36,220,88,608,637,448
56,34,141,78,576,603,448
33,24,57,45,485,510,448
57,36,186,97,578,612,448
52,32,117,68,550,597,448
28,20,91,61,512,541,448
134,74,292,160,644,675,448
41,21,111,43,540,567,449
72,42,163,77,587,620,449
22,22,53,45,462,479,449
43,26,101,60,507,548,449
132,42,264,102,636,667,449
97,32,209,91,603,631,449
83,52,217,149,619,649,449
41,23,59,37,485,472,449
48,26,124,51,560,616,449
37,21,40,28,468,510,449
71,42,197,132,600,640,450
20,21,52,52,454,497,450
62,37,148,97,571,599,450
23,24,56,55,481,499,450
67,33,265,143,603,636,450
34,28,79,66,502,540,450
18,22,32,44,439,494,450
43,28,76,41,536,563,450
30,28,47,27,484,495,450
44,20,97,47,524,569,450
156,57,449,159,705,735,450
45,33,70,51,517,552,450
117,43,427,187,670,697,450
157,53,342,118,649,682,450
38,25,82,49,523,556,450
56,28,224,143,599,625,450
39,25,108,76,529,555,450
80,37,163,60,592,623,450
57,36,140,107,555,586,450
44,24,75,33,508,542,451
50,28,79,46,526,555,451
27,20,72,56,514,527,451
35,23,70,46,543,584,451
30,21,99,69,546,571,451
37,21,95,52,522,556,451
30,24,138,97,534,560,451
42,27,141,94,567,589,451
28,25,46,41,471,515,451
82,57,189,113,608,629,451
42,20,74,39,510,534,451
29,20,82,58,512,560,451
30,20,50,42,455,496,451
140,77,341,165,655,684,452
30,20,67,33,494,513,452
110,50,298,111,636,666,452
17,22,22,32,414,460,452
34,25,50,43,511,562,452
55,32,162,95,571,600,452
94,57,181,92,616,647,452
36,27,69,50,516,551,452
49,23,210,79,566,592,452
61,23,140,67,570,605,452
29,20,25,30,432,480,453
24,20,50,45,461,460,453
19,22,46,53,458,509,453
71,52,156,102,588,628,453
82,35,181,86,591,629,453
30,21,77,47,510,531,453
31,25,124,91,553,582,453
29,21,52,29,473,491,453
95,57,207,115,599,631,453
45,30,119,78,548,579,453
69,46,110,78,555,586,453
69,48,223,143,607,637,453
21,24,69,59,468,491,453
33,24,57,49,494,558,454
144,45,460,155,684,712,454
30,21,84,75,520,563,454
32,23,79,65,486,526,454
47,24,70,32,516,552,454
42,27,98,55,552,581,454
26,22,45,48,461,507,454
102,60,204,122,616,649,454
30,20,79,56,503,554,454
65,33,137,75,567,598,454
61,36,107,56,540,579,454
55,37,138,99,573,601,454
120,49,230,95,614,647,454
32,27,97,47,521,527,454
69,34,170,73,576,604,454
33,20,62,41,498,583,455
78,51,150,88,595,627,455
32,21,43,37,462,546,455
13,22,13,38,316,392,455
32,23,56,42,486,529,455
21,21,48,42,465,486,455
29,20,66,42,475,523,455
48,32,65,44,515,552,455
29,20,54,37,475,523,455
165,71,366,125,679,709,455
51,27,266,114,620,649,455
49,20,117,34,547,555,455
72,33,192,67,599,631,455
18,24,30,44,426,477,456
58,29,179,83,584,616,456
35,20,102,56,534,569,456
150,63,355,162,669,699,456
45,34,118,82,549,570,456
43,30,95,72,533,541,456
23,23,45,47,486,530,456
35,22,58,28,497,534,456
37,24,99,72,532,560,456
46,25,112,55,535,550,456
27,26,57,55,493,525,456
49,31,125,72,541,579,456
105,43,338,122,642,666,456
46,20,89,33,529,541,456
58,34,159,92,580,607,456
71,36,136,74,574,610,456
28,21,78,45,509,538,456
40,27,80,56,525,573,456
28,21,45,36,449,495,456
25,20,48,42,485,502,456
29,33,81,76,501,543,456
233,82,650,273,747,779,456
24,20,28,21,414,463,456
60,40,128,102,568,614,457
144,46,356,115,668,702,457
187,58,693,254,716,752,457
38,24,116,65,542,575,457
28,23,30,30,446,492,457
31,21,62,37,486,523,457
27,21,35,31,428,473,457
158,49,435,175,682,714,457
557,131,950,282,831,865,457
41,21,63,41,502,532,457
33,21,121,71,541,581,457
184,56,503,149,695,729,458
47,26,101,55,534,579,458
29,24,52,43,502,514,458
103,31,386,125,653,683,458
58,39,99,76,546,572,458
35,26,102,75,542,568,458
34,22,57,29,476,495,458
28,21,80,59,526,551,459
41,22,90,53,528,569,459
107,55,263,149,643,671,459
52,38,105,74,546,577,459
68,45,216,161,601,635,459
42,28,86,52,504,528,459
182,82,440,164,693,723,459
59,36,140,77,576,612,459
29,20,60,50,519,557,459
26,26,70,68,482,508,459
33,20,74,49,506,544,459
43,29,65,51,509,543,459
70,50,210,152,602,630,459
131,62,404,205,675,706,459
42,28,62,34,493,526,459
100,64,241,154,626,653,459
34,20,76,41,501,536,460
39,30,16,30,445,505,460
29,23,55,50,502,524,460
110,40,489,197,654,683,460
16,20,13,28,332,416,460
86,41,194,88,604,631,460
29,27,63,60,490,516,460
66,40,119,72,571,600,460
447,118,760,273,781,827,460
27,24,69,55,481,501,460
43,23,66,37,523,583,460
30,24,67,48,506,529,460
167,67,366,125,656,689,460
43,29,131,89,549,583,460
51,25,97,51,537,564,460
51,31,132,72,553,571,460
54,35,135,79,582,615,460
43,27,128,77,567,593,460
169,93,430,195,682,717,460
47,24,148,63,565,599,460
41,22,102,46,527,570,460
32,26,59,36,480,494,461
37,23,149,80,557,586,461
16,22,44,49,459,480,461
20,25,22,44,404,474,461
180,44,733,325,756,792,461
41,25,112,62,545,582,461
37,20,73,50,499,479,461
31,24,91,72,513,532,461
22,25,57,52,491,525,461
61,41,171,94,589,617,461
96,40,321,144,645,676,461
43,25,152,92,568,604,461
65,38,147,92,590,624,461
57,32,96,61,549,588,462
17,21,52,69,460,505,462
49,26,169,85,564,598,462
209,71,487,176,696,729,462
39,26,101,64,529,547,462
40,25,95,49,517,550,462
33,21,45,20,481,517,462
20,20,32,34,441,494,462
33,29,70,60,496,532,462
53,33,106,75,545,579,462
236,52,673,157,723,755,462
76,38,212,83,599,627,463
54,35,103,70,525,559,463
55,39,164,124,570,615,463
46,32,88,63,525,564,463
27,24,28,28,470,475,463
49,27,104,59,572,609,463
41,28,93,40,518,553,463
40,25,81,42,518,556,463
36,25,55,45,497,542,463
98,59,279,170,645,675,463
48,22,99,64,532,583,463
36,20,196,105,564,592,463
133,52,336,143,654,688,463
43,31,88,67,522,560,463
65,46,109,68,566,587,463
37,24,67,50,512,539,463
114,65,159,88,601,639,463
22,20,32,39,409,462,463
58,36,220,114,563,590,463
142,65,291,121,652,682,464
58,26,196,100,599,616,464
34,28,82,68,505,541,464
110,60,267,142,629,659,464
24,21,42,36,480,494,464
15,21,21,30,342,457,464
37,25,90,56,497,493,464
102,52,561,244,688,722,464
49,24,170,79,591,623,464
70,34,141,69,583,616,464
31,20,89,43,513,543,464
31,26,46,41,466,496,464
50,30,144,75,573,597,465
49,31,195,144,588,617,465
213,95,500,220,705,737,465
16,22,29,39,411,389,465
50,41,175,104,566,596,465
144,47,373,111,667,696,465
30,21,45,34,456,494,465
48,33,120,84,554,584,465
155,62,495,173,685,716,465
101,48,228,107,615,648,465
298,73,769,194,737,767,465
43,31,119,83,545,568,465
34,22,76,45,513,542,465
28,27,53,54,510,545,465
67,35,226,95,603,635,465
62,39,235,153,613,643,466
22,22,43,47,482,527,466
27,26,51,51,463,493,466
36,24,142,102,568,607,466
27,25,69,61,516,527,466
23,23,56,55,484,513,466
64,35,146,90,574,612,466
214,83,675,256,736,769,466
30,23,43,33,477,504,466
36,26,80,59,506,544,466
144,55,392,163,667,699,466
68,42,124,86,570,599,466
100,39,231,104,622,655,466
113,54,445,235,691,724,466
63,32,103,57,538,571,466
43,23,85,44,537,578,466
41,30,76,65,513,544,466
63,32,193,95,590,623,467
150,73,283,130,652,682,467
37,22,75,41,504,516,467
34,21,87,55,533,564,467
38,31,63,50,500,534,467
72,29,148,61,587,626,467
82,55,178,130,598,628,467
46,23,82,39,524,550,467
426,122,800,246,779,808,467
47,25,89,45,550,569,467
26,25,32,30,447,437,467
39,29,118,80,565,594,467
368,101,725,193,757,784,467
104,45,350,151,661,691,467
141,38,472,145,689,727,467
362,103,765,234,772,805,467
29,28,72,59,489,499,467
33,24,100,57,526,572,467
36,25,77,42,518,527,467
30,33,64,77,511,528,468
38,24,51,41,494,524,468
31,23,60,36,483,502,468
20,22,55,56,491,535,468
19,20,25,34,457,490,468
34,29,57,55,499,542,468
40,24,82,52,505,542,468
351,103,743,290,797,829,468
120,63,181,128,645,667,468
147,60,349,169,661,692,468
442,123,729,254,789,819,468
45,21,115,56,543,580,468
280,103,655,311,769,798,468
75,47,186,117,619,647,468
160,63,505,179,686,715,468
35,22,111,67,559,586,468
63,34,177,98,606,638,468
56,34,177,106,587,617,468
49,28,102,55,542,573,468
24,21,23,26,455,479,468
30,23,51,35,451,484,468
30,20,76,53,504,532,468
43,31,87,63,534,573,468
34,26,74,57,500,544,469
71,45,164,113,576,614,469
37,20,108,43,533,540,469
116,52,374,136,656,687,469
32,20,51,44,461,539,469
41,23,67,38,496,513,469
145,61,434,194,691,722,470
285,81,738,191,751,778,470
196,76,579,231,710,743,470
28,22,58,50,474,498,470
27,23,61,48,491,494,470
42,27,50,30,498,526,470
23,24,49,45,450,479,470
28,22,43,35,436,459,470
39,21,71,29,524,544,470
23,20,64,54,505,533,470
180,74,421,167,674,707,470
17,24,14,32,438,434,471
39,27,75,64,508,527,471
48,23,119,53,524,550,471
470,77,989,164,760,790,471
318,82,740,192,748,780,471
363,102,807,272,810,842,471
23,21,56,42,451,464,471
56,35,156,86,558,572,471
47,28,81,45,495,524,471
42,29,88,62,543,593,471
25,20,48,38,457,484,471
277,100,550,186,716,746,471
41,21,119,69,527,566,471
26,24,76,66,487,531,471
30,33,52,72,507,542,471
56,28,234,117,611,638,471
28,22,87,56,536,547,471
84,39,328,143,619,650,471
601,152,1003,241,839,871,471
26,21,91,68,511,539,472
38,22,40,22,467,509,472
29,24,50,50,490,535,472
26,24,73,73,511,528,472
20,20,37,29,433,484,472
120,52,231,104,623,655,472
37,32,56,52,494,518,472
74,38,259,141,599,628,472
51,27,118,53,554,587,473
39,24,121,68,537,574,473
284,82,763,285,753,781,473
95,43,300,167,627,666,473
51,38,110,72,550,573,473
60,33,113,47,543,538,473
62,35,125,82,554,581,473
46,32,90,65,511,538,473
36,23,68,37,487,520,473
19,21,30,32,418,407,474
38,29,58,40,484,513,474
56,36,84,44,526,554,474
42,28,127,80,542,577,474
40,26,104,76,543,574,474
57,23,126,48,543,565,474
52,34,115,73,531,562,474
282,65,661,151,724,755,474
46,23,93,41,554,575,474
32,24,67,48,502,513,474
47,26,76,46,505,536,475
67,31,266,129,609,644,475
98,40,239,78,616,644,475
30,27,68,61,522,551,475
180,63,514,163,689,717,476
29,23,72,55,488,508,476
39,26,72,32,500,512,476
38,25,83,51,500,534,476
20,22,40,54,463,498,476
35,20,74,34,518,544,476
23,23,71,67,479,515,476
37,21,85,48,510,531,476
27,23,42,34,427,470,476
42,24,112,59,533,549,476
28,23,64,46,460,457,476
28,25,77,54,504,537,476
105,40,209,68,598,632,477
54,20,95,36,524,533,477
55,21,144,64,562,586,477
38,26,69,57,504,548,477
163,73,320,153,656,690,477
88,38,246,81,636,664,477
44,36,58,41,506,535,477
48,26,74,48,527,566,477
49,30,137,94,594,620,477
144,55,346,118,655,689,477
42,26,100,61,539,566,477
53,22,128,42,542,571,477
25,21,61,59,485,514,477
74,46,131,74,562,601,478
131,70,313,146,651,681,478
54,30,150,82,578,605,478
35,29,91,66,525,562,478
34,21,50,36,467,523,478
49,35,121,79,546,581,478
29,23,67,49,484,523,478
43,23,70,43,504,542,478
32,27,43,37,499,511,478
42,22,101,46,536,559,478
34,28,66,53,492,528,478
67,29,131,43,565,597,479
69,43,156,63,572,609,479
39,30,81,64,524,573,479
79,44,239,143,621,650,479
175,72,348,193,668,691,479
69,28,240,112,600,636,479
66,27,150,64,576,622,479
21,20,21,23,435,457,479
19,20,73,66,484,527,479
47,27,154,95,570,597,479
230,76,599,210,731,760,479
69,32,173,69,601,629,479
70,49,125,88,562,592,479
55,28,111,54,545,586,479
45,31,113,63,532,567,479
39,25,74,57,509,544,479
178,99,439,226,677,707,479
67,28,145,50,573,608,479
33,22,85,47,520,564,479
63,33,67,51,509,539,479
17,20,44,43,449,466,480
222,102,585,284,736,765,480
33,22,68,36,508,544,480
46,32,118,73,570,591,480
54,24,117,51,571,606,480
22,21,64,58,485,486,480
30,26,56,47,476,511,480
66,38,151,73,574,609,480
23,22,50,49,490,511,480
294,74,758,267,746,778,481
298,100,625,181,735,762,481
195,84,396,194,670,701,481
29,20,59,49,500,520,481
44,26,82,70,507,557,481
49,40,105,87,550,591,481
463,112,905,320,827,857,481
45,20,93,34,539,538,481
195,75,428,186,687,722,481
24,22,49,49,486,528,481
17,20,35,43,443,456,481
25,20,18,22,441,461,481
29,23,36,33,439,496,481
21,20,41,34,431,450,481
32,20,91,58,519,552,482
61,37,192,117,590,621,482
53,34,100,63,543,563,482
45,23,121,53,538,554,482
224,67,443,152,704,732,482
31,20,91,65,500,540,482
25,26,46,55,439,496,482
81,49,222,110,590,613,482
157,56,503,182,703,731,482
24,20,72,64,471,535,482
43,24,103,77,536,573,482
17,23,20,37,398,398,482
54,27,120,51,578,617,482
81,48,210,125,611,641,482
388,105,748,278,797,826,483
191,58,416,106,678,707,483
29,27,57,59,487,513,483
38,39,82,86,494,539,483
78,40,174,78,592,625,483
25,22,45,32,489,513,483
39,20,110,68,536,559,484
30,22,82,51,495,532,484
29,21,36,34,436,494,484
19,23,30,43,455,507,484
19,20,56,45,486,510,484
59,30,104,51,550,584,484
36,21,86,31,527,550,484
48,29,61,31,508,535,484
34,22,120,73,530,572,484
131,51,266,85,619,652,484
35,20,67,40,519,554,485
69,27,233,95,592,631,485
42,36,59,57,517,548,485
31,22,61,44,485,511,485
171,65,413,134,675,704,485
33,27,46,47,474,536,485
57,40,77,55,537,567,485
39,29,100,74,540,577,485
28,20,21,21,418,466,485
27,22,33,31,470,454,485
22,25,43,54,453,489,485
45,24,102,70,546,570,486
111,47,256,108,635,664,486
71,27,133,65,559,594,486
29,26,48,50,481,515,486
25,21,53,50,497,517,486
40,29,68,44,516,551,486
51,31,77,47,546,573,486
42,24,104,64,550,587,486
29,31,33,40,424,442,486
79,41,150,81,591,615,486
31,21,58,46,480,499,487
26,24,92,65,515,541,487
65,25,201,72,607,637,487
40,39,84,69,500,528,487
108,38,210,80,612,644,487
22,22,28,31,487,517,487
35,27,67,56,507,537,487
192,74,534,183,700,735,487
42,25,120,66,547,587,487
30,21,39,17,460,503,487
60,28,125,62,580,612,487
15,25,18,43,343,384,488
22,20,21,28,433,491,488
55,34,115,78,550,588,488
40,21,71,38,493,535,488
19,20,47,40,471,490,488
52,26,126,55,553,580,488
43,35,57,49,506,534,488
44,32,117,76,548,571,488
38,27,104,75,533,561,488
26,22,71,61,492,524,488
24,21,60,52,507,529,488
45,21,121,71,549,580,488
22,23,49,50,487,520,488
41,23,80,32,521,567,488
19,20,47,45,447,487,488
35,23,91,61,527,561,488
38,21,90,45,525,550,488
73,32,207,85,594,621,488
25,21,53,48,482,507,488
51,36,102,78,542,573,489
27,20,42,40,458,524,489
35,32,44,43,473,520,489
49,24,66,33,494,568,489
28,23,52,40,485,509,489
41,26,85,54,535,562,489
81,35,188,72,605,632,489
102,42,378,148,649,679,489
17,21,14,33,323,390,489
26,21,48,36,474,507,489
50,27,117,68,552,582,490
29,21,60,47,483,515,490
33,20,68,30,522,543,490
39,26,116,76,549,574,490
47,34,101,68,516,554,490
49,23,145,57,563,596,490
67,47,140,78,580,603,490
34,20,43,38,469,533,490
43,21,91,31,518,567,490
57,29,224,104,605,637,490
47,31,178,90,572,603,490
29,21,48,29,473,503,490
18,22,40,44,468,493,491
22,20,57,47,475,489,491
34,23,84,66,525,542,491
57,36,105,69,561,602,491
48,28,103,84,549,571,491
74,49,168,101,578,606,491
31,28,40,47,480,512,491
30,28,127,100,552,584,491
70,38,254,94,610,644,491
22,21,61,54,492,524,491
53,34,139,95,571,601,491
67,46,138,92,584,616,491
54,33,115,86,563,599,492
165,64,556,203,708,738,492
47,20,103,37,526,557,492
60,37,103,52,554,576,492
66,26,140,69,556,583,492
24,20,38,33,463,490,492
40,32,49,39,463,511,493
53,38,76,49,520,548,493
76,47,160,87,591,613,493
28,21,69,55,491,524,493
50,33,136,88,570,598,493
179,54,582,224,710,747,493
60,24,152,58,575,603,493
76,30,176,66,590,623,493
44,31,88,66,542,572,493
26,21,34,28,463,489,493
76,39,175,95,582,605,493
64,43,190,120,590,624,493
128,52,368,143,664,691,493
35,21,47,34,469,457,493
107,49,316,152,636,663,493
20,23,21,29,379,353,493
19,23,44,43,454,480,493
29,22,71,46,481,512,493
33,25,54,35,477,485,493
41,27,165,102,583,613,493
31,25,88,65,511,545,493
40,28,67,57,517,565,493
35,37,40,55,476,534,493
136,59,354,138,662,693,493
41,26,86,41,515,550,494
33,22,97,52,504,517,494
30,20,78,62,510,534,494
67,36,217,122,609,639,494
107,58,275,134,646,679,494
15,21,17,38,428,451,494
27,30,26,44,418,430,494
50,34,107,60,549,550,494
22,20,36,40,466,486,494
88,43,355,135,666,698,494
25,21,33,30,410,481,494
52,30,134,68,571,599,494
68,33,112,53,571,605,494
30,21,97,47,527,554,494
45,34,92,77,553,588,494
52,39,127,92,552,584,495
28,22,82,60,517,540,495
197,74,501,173,703,732,495
19,20,34,35,436,489,495
23,23,99,89,512,533,495
149,75,386,202,676,708,495
27,21,41,28,454,479,495
58,30,158,97,568,596,495
55,24,136,64,565,582,495
54,40,150,108,576,609,495
21,20,32,35,433,425,495
76,32,241,94,609,634,496
51,24,87,38,533,560,496
52,30,206,115,592,613,496
101,46,199,89,611,642,496
50,33,113,76,559,588,496
40,23,92,41,518,542,496
27,26,44,36,497,534,496
113,62,326,187,662,690,496
30,21,71,47,492,522,496
187,69,388,136,678,708,496
51,36,96,57,535,550,496
32,22,103,69,536,559,496
31,24,77,46,496,504,496
77,39,197,94,626,654,496
96,48,157,69,579,614,497
38,25,82,53,504,534,497
32,30,46,43,476,491,497
46,23,88,33,495,545,497
19,21,30,38,458,500,497
43,27,92,55,518,555,497
42,31,71,52,520,550,497
16,21,22,33,371,403,497
125,48,316,123,633,662,497
147,41,621,182,702,731,498
127,54,351,148,653,686,498
32,27,59,63,507,534,498
128,59,319,170,646,679,498
123,45,623,239,730,763,498
26,21,54,49,499,529,498
35,25,103,69,544,572,498
52,37,83,49,512,540,498
99,46,191,87,604,618,498
26,24,66,60,498,527,498
45,31,95,71,558,591,499
54,26,151,75,581,622,499
74,46,161,95,593,619,499
27,21,80,53,518,537,499
35,21,64,38,503,532,499
32,21,65,49,521,548,499
99,53,293,170,649,682,499
300,92,652,159,722,750,499
34,22,39,32,465,529,499
39,20,141,86,561,598,499
30,22,50,31,474,443,499
73,32,178,76,594,622,499
83,45,189,98,608,640,499
253,78,609,174,739,768,499
40,35,107,101,533,573,499
57,27,195,79,609,636,500
29,22,59,46,479,479,500
24,20,72,60,509,544,500
28,20,59,36,487,516,500
95,39,309,126,639,661,500
26,21,49,26,457,480,500
50,32,73,55,501,533,500
21,20,18,24,437,463,500
60,25,192,65,602,643,500
105,49,243,87,631,665,500
32,29,43,48,465,501,500
27,22,34,31,434,478,500
39,24,95,72,525,543,500
58,26,174,74,581,616,500
79,41,194,84,587,620,500
61,34,173,86,584,614,500
27,21,71,58,506,544,500
79,44,122,73,573,627,500
21,21,38,37,460,490,500
38,22,193,94,585,621,500
117,42,317,82,649,680,500
36,27,54,47,518,554,500
136,58,278,116,656,694,500
134,61,507,259,731,760,501
244,95,474,170,706,737,501
180,80,501,187,698,729,501
27,21,75,67,509,537,501
36,25,45,33,505,538,501
255,77,698,279,783,813,501
152,60,343,140,667,700,501
130,57,251,133,644,675,501
48,24,120,53,554,567,501
33,25,78,65,523,570,501
36,23,69,51,510,539,501
72,26,145,49,566,614,502
31,25,85,65,512,557,502
22,22,39,35,441,474,502
26,22,64,54,482,512,502
174,48,398,98,675,703,502
167,53,541,231,707,736,502
53,30,113,69,560,591,502
52,33,120,72,550,575,502
56,28,205,110,595,620,502
28,22,37,32,454,479,502
42,34,70,68,520,570,502
30,23,65,33,523,522,502
62,32,213,112,590,621,502
64,34,143,64,575,604,502
83,36,278,115,635,662,502
37,26,133,91,563,608,502
43,27,81,44,522,549,502
229,71,513,205,696,724,502
45,20,132,55,554,584,503
49,24,112,51,540,566,503
37,20,82,50,514,545,503
53,34,72,53,509,532,503
33,25,118,74,527,558,503
34,31,75,66,518,552,503
27,24,28,27,472,498,503
38,21,69,60,507,541,503
47,27,257,141,619,651,503
37,29,78,64,515,553,503
29,23,77,63,515,543,504
87,34,171,70,610,648,504
31,27,73,54,485,526,504
46,24,124,83,555,600,504
37,20,73,40,495,520,504
36,26,126,71,547,584,504
36,25,131,83,565,603,504
207,78,602,243,728,762,504
25,25,52,34,444,410,504
43,25,106,72,535,569,504
54,26,112,41,541,561,504
31,23,82,43,492,506,504
32,22,85,65,503,544,505
35,23,108,78,512,545,505
387,114,737,230,760,787,505
67,34,187,98,594,617,505
160,45,420,97,680,706,505
48,33,113,68,537,564,505
30,23,70,42,505,537,505
99,41,234,85,615,639,505
45,23,165,95,548,587,505
32,21,76,62,506,539,505
131,61,440,199,685,710,505
78,39,228,121,608,645,505
49,30,93,42,540,581,505
26,20,45,41,450,452,506
26,20,64,43,473,525,506
39,28,63,41,477,529,506
51,25,123,77,553,587,506
24,23,66,72,491,542,506
42,30,80,61,503,546,506
60,31,156,70,574,604,506
34,20,69,35,491,492,507
255,101,604,234,722,752,507
244,79,578,164,716,749,507
54,24,147,60,556,599,507
31,20,28,22,429,455,507
52,31,130,80,561,602,507
34,26,100,87,506,551,507
47,28,123,66,571,602,507
40,21,98,60,508,535,507
20,21,41,49,438,498,507
31,21,68,49,504,550,507
34,31,95,74,516,545,507
32,28,56,44,471,469,507
31,25,93,65,514,544,507
25,20,87,63,529,554,507
38,21,84,50,516,533,507
33,20,67,47,486,534,507
85,34,208,83,603,629,507
39,23,99,59,519,548,508
15,20,16,26,303,382,508
39,25,61,37,480,515,508
22,22,46,46,464,507,508
29,20,57,40,479,489,508
28,21,57,42,488,537,508
46,23,114,38,541,550,508
28,24,53,44,486,520,508
28,23,54,45,466,536,508
29,27,66,58,525,567,508
24,20,69,48,487,499,508
45,27,81,40,500,528,509
24,20,43,44,452,464,509
30,21,86,66,512,536,509
40,20,70,40,500,548,509
131,62,356,175,665,697,509
25,22,48,46,472,511,509
59,21,119,54,535,567,509
28,28,55,51,484,508,509
47,26,138,59,554,591,509
44,26,58,30,481,517,509
77,35,174,73,595,646,509
52,32,83,37,537,560,509
63,36,109,61,554,584,509
70,30,178,75,587,613,510
53,35,119,83,539,569,510
121,45,480,194,692,718,510
24,20,44,30,464,497,510
50,26,162,91,590,611,510
62,33,244,125,614,645,510
39,29,88,62,538,564,510
32,30,65,58,460,497,510
34,28,64,57,512,533,510
52,26,156,77,579,609,510
26,21,67,44,488,511,510
57,30,242,120,618,650,510
26,21,37,28,476,513,510
39,30,72,57,511,536,510
36,27,171,131,575,607,510
28,20,101,58,489,541,510
31,20,64,51,487,555,510
29,23,60,40,488,517,511
28,20,44,35,463,522,511
20,20,33,30,415,465,511
101,36,256,94,614,641,511
33,20,55,28,469,500,511
103,44,513,258,688,716,511
35,21,73,49,496,540,511
45,24,112,60,552,570,511
65,44,210,152,614,646,511
34,27,86,68,527,548,512
43,25,100,71,542,573,512
43,33,88,70,514,536,512
46,36,134,111,551,588,512
57,33,116,63,551,586,512
60,36,105,57,538,567,512
20,21,31,42,444,472,512
40,28,106,70,547,581,512
168,50,570,175,699,728,512
50,25,258,145,604,637,512
22,21,41,37,447,476,512
52,34,77,55,512,547,512
24,23,28,34,424,477,512
118,49,292,112,648,680,512
109,47,230,108,639,670,512
82,44,186,113,608,642,512
51,26,170,78,591,609,513
44,21,65,33,506,557,513
26,21,97,73,518,552,513
63,25,112,45,568,615,513
45,20,99,47,551,594,513
33,25,41,26,521,547,513
34,22,56,40,489,510,513
30,28,52,50,458,489,513
66,42,105,55,544,577,513
31,29,91,74,498,522,513
28,22,121,85,556,595,513
24,21,48,43,466,507,513
51,28,211,119,619,654,513
47,29,93,43,537,563,513
55,28,123,59,554,581,513
24,21,29,23,432,487,513
53,24,139,77,561,586,514
92,51,214,120,608,635,514
47,22,100,43,520,554,514
41,26,129,92,555,588,514
28,20,35,32,484,512,514
86,34,262,101,622,651,514
71,36,269,161,630,664,514
29,24,54,49,494,509,514
64,50,95,70,566,591,514
105,44,286,116,634,670,514
30,24,68,44,486,527,514
38,24,125,77,555,570,514
38,25,83,49,502,545,515
30,23,57,37,492,518,515
56,25,116,54,548,590,515
30,24,71,60,512,527,515
40,20,98,46,529,538,515
82,45,141,75,578,607,515
57,30,173,95,585,613,515
100,47,215,80,597,627,515
30,20,37,21,451,501,515
26,22,89,71,502,520,515
28,22,81,62,496,526,515
29,24,48,42,497,537,516
24,21,27,34,438,471,516
51,28,136,71,563,585,516
13,21,23,43,427,454,516
85,37,180,81,601,630,516
42,21,99,36,527,553,516
65,31,222,126,609,639,516
43,23,62,39,506,539,516
93,46,227,96,624,655,516
43,34,106,73,555,584,516
38,20,66,35,494,553,516
15,22,29,51,437,490,516
74,38,152,72,573,609,516
30,25,80,43,527,551,516
35,30,69,53,509,544,516
71,40,177,89,606,632,516
37,23,62,40,501,532,516
46,32,90,53,535,578,516
70,27,96,33,553,587,516
75,36,263,145,617,659,517
32,20,85,43,498,527,517
87,32,400,164,667,703,517
57,28,128,57,542,597,517
38,24,87,52,517,529,517
29,25,54,43,484,508,517
178,46,442,144,679,708,517
17,22,25,37,417,429,517
41,26,109,79,526,550,517
43,35,87,67,517,568,517
63,41,158,117,575,611,517
58,29,187,98,561,593,518
42,22,139,82,570,602,518
35,21,63,36,477,505,518
42,21,142,55,547,578,518
42,26,103,53,538,566,518
97,39,229,84,593,632,518
167,53,441,142,685,714,518
46,24,157,91,576,605,518
76,41,190,90,606,634,518
89,33,242,93,617,650,518
43,28,173,102,586,620,518
28,21,28,22,436,436,518
39,22,69,32,489,522,518
27,25,51,59,478,523,518
219,90,632,345,770,801,519
67,51,143,125,591,628,519
42,26,96,57,540,575,519
158,77,286,121,644,675,519
43,24,135,81,561,581,519
28,25,103,92,500,528,519
33,25,72,54,493,512,519
49,31,119,69,575,601,519
153,43,329,87,657,690,519
32,25,69,63,503,530,519
34,26,70,63,499,532,519
35,30,60,47,505,540,519
37,26,101,69,537,574,519
17,20,40,48,431,447,519
28,30,79,66,496,511,519
18,20,20,37,369,428,520
91,56,216,134,608,641,520
37,27,61,39,499,532,520
29,22,73,64,521,551,520
39,21,126,66,575,602,520
51,28,91,59,544,571,520
117,59,264,112,630,648,520
63,42,120,72,564,592,520
35,25,74,50,507,540,520
58,26,112,60,558,598,520
39,22,88,38,543,567,520
58,37,86,69,536,575,520
43,27,95,58,535,577,520
45,36,43,33,488,519,520
49,20,121,51,540,564,520
37,22,91,74,515,538,520
132,71,311,192,651,682,520
31,28,59,44,498,495,520
166,87,349,140,667,696,520
189,88,442,177,687,719,520
112,53,272,140,629,663,520
122,54,296,176,670,705,520
55,25,159,89,583,612,521
36,22,67,35,505,532,521
53,24,139,60,549,574,521
80,31,197,77,594,627,521
38,22,86,67,513,531,521
70,40,168,88,573,602,521
141,49,680,246,712,741,521
205,75,491,202,691,721,521
44,26,80,45,515,548,521
45,31,135,78,554,586,521
137,46,353,120,647,677,521
34,25,52,35,482,500,521
105,36,169,46,607,633,521
16,23,13,31,398,433,521
20,25,21,38,370,423,521
40,23,74,44,506,535,521
40,22,69,46,501,566,521
56,36,118,78,565,600,522
46,30,67,51,528,581,522
41,26,85,59,512,537,522
35,20,97,49,521,551,522
18,20,40,48,480,514,522
28,24,75,65,504,535,522
30,24,35,28,487,519,522
37,21,61,25,503,527,522
28,23,79,65,487,515,522
59,30,161,95,552,579,522
168,77,432,175,685,714,522
52,44,75,64,521,544,522
61,31,94,50,542,565,522
72,46,117,79,552,581,522
38,23,83,47,516,542,522
36,25,45,36,503,522,522
95,43,286,108,636,659,522
171,74,574,168,707,735,522
49,41,133,97,563,601,522
262,67,539,138,708,736,522
49,28,109,63,538,576,522
38,24,90,49,501,556,523
57,35,137,84,559,594,523
44,22,104,58,535,562,523
26,21,73,56,525,559,523
68,40,171,77,575,599,523
80,39,124,47,576,599,523
46,26,101,68,532,562,523
51,27,89,49,541,568,523
21,22,42,57,438,474,523
25,23,67,52,503,525,523
39,29,104,80,542,563,523
99,59,158,87,582,615,523
86,34,235,131,606,637,523
26,27,54,56,468,459,523
24,27,64,51,486,480,523
71,32,138,51,562,602,523
30,26,43,40,441,464,523
49,27,86,42,528,578,524
117,42,363,140,647,680,524
50,27,123,76,552,586,524
33,22,109,81,559,591,524
91,47,236,102,617,652,524
29,21,51,37,452,487,524
57,29,122,65,548,588,524
89,44,251,111,619,652,524
52,29,122,60,563,595,524
91,40,327,130,642,674,524
65,30,136,60,585,620,524
38,21,53,34,504,562,524
58,28,127,70,561,590,524
58,32,182,118,594,621,524
17,21,18,38,406,463,524
111,31,248,66,615,654,524
51,25,114,63,562,592,524
28,21,58,42,515,559,524
32,20,93,71,534,568,524
26,22,35,24,430,436,524
75,33,181,72,584,615,524
41,28,102,63,531,555,524
75,39,201,121,610,647,524
42,27,65,52,503,542,524
55,48,96,77,544,581,524
138,63,376,163,675,704,524
19,21,30,35,446,462,524
39,28,146,123,561,592,525
54,28,126,63,550,575,525
43,22,124,89,567,590,525
60,36,124,74,570,595,525
57,25,171,73,572,607,525
125,40,264,78,626,658,525
86,42,246,114,620,650,525
56,45,84,82,547,578,525
22,21,24,32,438,464,525
23,21,100,54,506,536,525
49,37,124,84,563,594,525
56,26,159,60,567,583,525
45,22,74,37,506,556,525
53,21,91,49,525,562,525
25,23,27,28,455,467,525
83,32,173,76,582,613,525
32,24,69,60,522,564,525
86,37,337,172,635,663,525
25,22,69,65,500,536,526
61,25,153,49,562,573,526
260,92,687,229,738,770,526
58,24,143,60,555,555,526
41,27,77,57,513,555,526
26,24,70,61,479,505,526
58,35,160,117,597,627,526
34,23,85,70,516,558,526
45,22,112,54,546,569,526
54,33,91,54,543,584,526
76,45,172,97,595,623,526
28,23,64,56,516,556,526
36,22,112,59,528,548,526
21,22,55,51,467,497,526
49,32,107,56,540,572,526
52,27,109,69,553,585,527
52,30,270,183,609,647,527
55,26,242,134,603,637,527
23,22,73,54,512,540,527
57,33,137,69,570,602,527
30,21,55,29,475,498,527
53,25,91,36,529,552,527
25,21,30,35,450,484,527
46,25,74,60,512,528,527
28,21,64,42,501,528,527
94,46,227,91,623,648,527
50,26,84,50,547,600,527
34,21,66,36,516,541,527
36,20,72,36,497,533,527
16,21,18,36,409,412,527
13,21,16,36,386,396,527
40,34,99,87,542,574,527
30,22,102,51,517,504,527
43,21,134,65,555,573,527
361,74,817,169,756,788,527
21,21,43,49,488,510,527
206,76,388,135,679,703,527
30,22,51,31,477,508,528
47,36,82,63,531,567,528
63,25,164,81,579,616,528
54,35,71,52,547,565,528
22,21,32,43,438,486,528
57,33,112,59,547,581,528
118,60,280,144,637,668,528
33,21,106,54,562,600,528
163,78,402,160,666,695,528
30,21,127,89,551,581,528
76,39,226,121,581,617,528
45,26,105,58,551,577,528
37,21,80,53,523,551,528
69,41,116,67,571,597,528
80,39,222,127,596,625,528
32,23,84,71,509,537,528
313,89,756,244,779,810,528
81,33,265,125,624,659,529
208,56,723,192,739,767,529
30,25,53,39,478,507,529
39,31,43,57,491,521,529
69,39,262,143,630,661,529
30,20,68,43,517,534,529
36,24,121,76,569,600,529
38,22,84,36,513,521,529
42,25,73,44,483,523,529
34,23,54,36,499,522,529
99,49,377,161,661,693,529
21,21,47,54,448,490,529
72,39,319,214,633,667,529
123,63,240,133,630,659,529
66,30,318,147,620,650,530
60,37,88,52,542,602,530
25,21,34,31,469,486,530
44,31,94,78,529,555,530
20,22,50,52,457,472,530
39,34,79,57,500,522,530
35,22,143,67,548,590,530
50,31,164,98,583,608,530
15,21,25,41,396,418,530
206,80,517,192,693,724,530
38,31,72,57,495,511,530
134,80,392,181,668,697,530
28,20,102,69,511,535,530
63,40,105,70,567,601,530
33,23,73,56,506,549,530
45,32,82,59,513,543,531
39,20,81,52,501,547,531
22,25,41,56,455,508,531
60,25,130,52,558,594,531
25,20,26,17,439,393,531
56,29,334,174,660,686,531
39,25,121,84,559,591,531
54,20,286,111,636,659,531
46,31,115,59,520,536,531
28,34,33,47,467,506,531
51,28,118,78,537,560,531
49,41,60,53,510,530,531
104,51,255,114,628,660,531
28,21,39,37,433,461,532
48,34,109,58,558,584,532
25,24,25,37,429,465,532
117,57,282,131,644,671,532
25,20,89,69,528,543,532
38,23,70,38,503,546,532
197,76,452,177,693,723,532
83,32,253,100,620,658,532
28,24,69,49,515,547,532
55,30,132,83,565,599,532
65,38,176,104,590,617,532
42,21,72,49,514,536,533
32,25,121,69,556,587,533
21,25,67,57,478,467,533
51,24,125,49,540,582,533
43,28,69,51,535,566,533
159,57,408,162,675,704,533
96,48,156,86,595,627,533
78,49,172,101,596,619,533
89,48,154,90,596,625,533
53,34,136,99,571,601,533
60,28,133,65,551,582,534
24,26,29,37,466,470,534
92,40,167,48,591,614,534
45,27,74,52,545,594,534
117,50,402,188,671,697,534
34,27,75,53,519,533,534
39,27,101,73,570,595,534
56,30,114,69,558,592,534
43,27,95,53,518,546,534
53,21,122,53,569,595,534
32,23,65,38,496,426,534
80,29,176,65,592,614,534
22,20,26,30,427,442,534
66,23,162,60,613,650,534
46,22,145,68,562,578,534
35,23,112,60,538,571,534
49,27,77,42,528,559,534
336,115,761,314,839,869,534
57,27,137,74,563,587,534
42,31,97,64,530,553,534
24,22,54,40,473,490,534
40,26,68,39,496,525,534
34,24,66,45,507,525,535
43,21,100,56,508,548,535
116,55,371,181,669,699,535
202,55,433,91,676,705,535
301,95,772,308,776,806,535
77,50,229,169,615,642,535
29,21,108,77,544,560,535
32,25,117,81,555,585,535
26,23,72,60,512,543,535
47,28,74,53,524,564,535
33,24,104,79,526,542,535
48,39,138,110,560,583,535
19,23,36,43,425,437,535
26,21,69,52,499,538,535
25,22,44,44,445,511,535
35,30,87,65,515,535,535
23,20,25,19,391,429,535
61,22,112,45,537,573,535
30,26,41,38,474,505,536
103,42,272,111,622,652,536
30,29,47,60,470,517,536
39,23,117,82,538,570,536
43,39,98,80,512,541,536
26,23,46,40,460,488,536
68,39,166,119,592,621,536
28,20,95,54,510,532,536
35,26,53,53,461,517,536
20,26,17,37,390,455,536
32,20,81,45,494,539,536
32,20,79,49,536,573,536
178,82,577,221,709,735,536
15,20,28,43,405,440,536
28,20,99,70,503,542,536
31,23,77,53,528,538,536
74,31,187,70,603,630,537
146,48,356,115,643,671,537
36,25,83,43,539,542,537
30,28,46,40,465,494,537
263,88,695,225,730,752,537
29,21,91,60,537,560,537
21,22,31,39,450,464,537
42,26,95,52,530,555,537
54,49,172,128,589,618,537
32,24,70,51,510,533,537
265,110,601,257,727,754,537
47,37,120,72,546,577,537
101,55,229,138,616,647,537
52,28,113,60,568,606,538
52,25,115,61,543,573,538
19,21,55,57,484,511,538
29,23,21,21,447,473,538
87,36,231,94,606,631,538
313,70,814,230,796,828,538
93,53,287,173,650,683,538
47,22,90,32,536,559,538
41,23,111,82,533,580,538
65,40,164,98,576,603,538
37,23,76,32,513,501,538
196,62,565,209,697,728,538
22,21,49,52,498,536,539
37,23,87,57,523,560,539
53,25,137,63,581,606,539
35,21,100,53,519,530,539
28,20,101,56,533,572,539
21,21,51,47,441,473,539
49,21,132,46,543,543,539
25,25,35,26,449,491,539
27,22,60,40,465,512,539
50,29,76,38,532,546,539
120,44,301,106,646,673,539
24,21,55,36,465,455,539
26,22,30,29,420,427,539
64,47,160,117,588,619,539
21,21,46,46,472,507,539
36,25,70,54,501,527,539
76,41,161,87,594,630,540
32,24,101,58,528,535,540
54,35,119,78,555,577,540
80,45,138,90,564,602,540
41,27,148,89,570,606,540
61,27,134,66,573,614,540
50,44,93,88,570,596,540
36,25,49,33,489,508,540
37,20,101,60,514,555,540
47,23,75,37,501,533,540
107,31,328,116,650,683,540
62,46,108,83,561,592,540
72,25,116,40,566,597,541
27,23,76,73,507,541,541
47,22,109,58,567,600,541
68,40,108,76,551,598,541
77,38,216,91,621,645,541
23,20,18,25,436,496,541
33,24,88,53,508,519,541
82,36,247,106,608,643,541
129,45,463,187,663,695,541
52,28,154,87,572,591,541
37,21,83,39,524,543,541
49,25,80,40,536,555,541
54,25,145,83,583,616,541
21,22,45,47,464,478,541
61,32,175,91,590,617,541
31,21,36,33,422,506,541
181,58,525,162,710,737,542
35,24,91,45,506,513,542
241,68,738,275,762,795,542
71,27,136,53,579,602,542
267,82,594,178,723,752,542
293,75,732,208,738,768,542
63,36,129,71,566,579,542
45,25,312,175,614,650,542
46,24,113,60,541,567,542
32,21,72,28,502,512,542
46,24,84,58,535,567,542
102,37,228,88,608,639,542
69,38,167,97,580,602,542
20,24,26,37,410,431,542
71,48,98,58,543,571,542
108,52,365,204,652,679,543
148,55,341,126,662,694,543
55,28,115,55,544,563,543
100,27,343,110,649,678,543
25,26,45,61,459,521,543
46,40,109,92,536,567,543
32,24,83,68,501,548,543
64,27,212,96,603,632,543
62,36,126,91,560,583,543
92,61,213,136,615,647,543
42,20,102,49,527,537,543
55,25,129,53,564,587,543
33,25,66,46,507,538,544
181,56,387,108,672,701,544
33,26,59,46,500,519,544
56,24,92,50,558,582,544
34,26,44,31,510,537,544
95,26,207,50,613,643,544
111,49,306,141,648,677,544
48,38,148,126,552,596,544
42,20,94,53,534,548,544
34,27,113,54,536,553,544
24,24,35,40,463,496,544
191,65,669,201,719,748,544
58,32,77,47,530,548,544
33,24,72,42,495,526,544
30,22,66,52,499,534,544
51,35,117,71,551,595,544
19,22,33,44,423,483,544
18,24,35,37,434,454,544
28,22,61,40,484,522,545
25,20,67,64,502,542,545
50,34,98,61,532,547,545
87,62,233,146,621,646,545
36,21,85,48,510,540,545
28,21,68,57,498,535,545
22,26,48,49,456,485,545
92,40,214,95,625,662,545
77,24,166,62,589,624,545
26,26,40,39,446,491,545
114,63,325,177,660,698,545
68,32,168,76,599,633,545
18,20,42,45,461,474,545
40,24,121,72,552,592,545
221,73,473,142,701,733,545
34,33,57,59,504,540,545
36,21,88,62,489,515,545
26,20,34,29,414,443,545
44,24,112,72,558,586,546
17,20,31,41,403,469,546
40,27,84,59,525,555,546
125,59,216,73,609,638,546
92,49,264,133,645,675,546
46,29,74,53,504,556,546
34,23,21,27,450,489,546
48,22,117,50,553,578,546
31,20,179,97,575,603,547
87,22,169,52,585,610,547
28,23,41,36,456,497,547
219,88,551,218,711,749,547
31,20,67,49,500,528,547
186,60,450,171,686,713,547
40,28,69,59,520,557,547
365,147,641,299,776,805,547
82,42,283,131,626,647,547
46,25,112,53,540,573,547
31,22,53,33,494,495,547
54,24,115,52,547,562,547
59,35,108,70,564,601,547
23,22,38,38,474,501,547
186,75,456,184,694,724,547
32,22,60,38,487,525,547
36,20,101,54,533,562,547
29,30,38,37,490,531,547
30,24,84,51,510,535,547
53,34,115,74,573,601,547
69,35,231,113,612,642,547
25,26,69,74,503,529,547
66,30,126,48,560,579,548
31,22,63,48,503,529,548
40,22,158,97,579,603,548
74,34,282,115,619,648,548
18,21,48,51,503,538,548
148,51,452,153,695,724,548
37,25,48,42,495,527,548
275,81,742,191,747,780,548
83,42,169,73,584,607,548
59,26,212,100,594,628,548
227,66,519,183,708,738,548
121,48,380,138,671,697,548
48,30,139,68,571,602,548
67,28,138,48,567,591,548
58,30,138,64,560,595,548
61,30,120,65,546,575,548
33,22,88,48,508,553,548
37,21,60,22,496,513,548
62,28,119,59,546,588,548
26,22,33,26,464,501,548
58,30,120,86,555,594,548
32,26,90,77,518,550,548
119,43,330,98,644,670,548
27,23,45,41,430,460,549
48,29,127,80,562,594,549
32,29,86,57,522,549,549
68,34,154,106,581,605,549
22,21,53,43,469,492,549
36,29,87,63,531,560,549
47,34,126,89,551,578,549
59,38,150,106,572,603,549
23,28,33,43,434,498,549
70,28,149,71,577,608,549
24,21,53,50,484,529,550
36,27,96,47,524,568,550
35,20,53,24,497,537,550
73,31,153,70,583,615,550
67,27,230,81,617,633,550
45,21,116,53,575,587,550
55,29,133,72,558,565,550
20,22,27,36,430,461,550
62,31,104,57,551,585,550
86,38,159,73,596,626,550
51,26,106,58,556,573,550
31,21,79,64,505,540,550
30,23,70,52,521,551,550
41,30,175,105,552,582,550
53,34,170,105,575,611,550
89,43,224,99,608,633,550
24,20,54,46,491,459,550
49,27,86,48,515,550,551
36,24,105,60,537,564,551
70,42,190,106,595,624,551
63,30,210,98,589,622,551
39,24,70,40,508,539,551
25,21,39,20,469,500,551
36,22,56,35,485,498,551
37,23,68,45,505,527,551
62,30,230,118,604,633,551
80,44,154,72,598,629,551
156,73,293,123,657,681,551
94,63,132,84,588,620,551
86,44,177,114,600,634,551
23,23,42,45,459,473,551
138,55,308,116,655,685,551
28,20,138,62,555,584,551
65,43,125,71,562,590,551
19,24,34,45,422,459,552
32,23,57,47,488,514,552
21,21,44,34,473,477,552
34,26,65,61,489,531,552
23,29,37,60,472,503,552
22,21,34,45,437,483,552
42,23,77,44,521,554,552
33,27,85,76,532,552,552
33,20,166,89,556,590,552
47,28,97,53,547,578,552
44,40,121,95,547,595,552
33,22,33,22,452,466,552
41,26,99,72,532,570,553
43,24,51,35,483,497,553
131,53,285,97,659,690,553
72,37,131,61,567,593,553
23,20,53,53,480,519,553
29,29,59,52,496,518,553
28,20,69,42,520,526,553
33,20,70,46,512,571,553
177,67,468,167,683,713,553
52,28,105,58,535,564,553
51,31,86,52,539,556,553
81,44,187,96,610,641,553
70,35,204,111,605,637,553
61,37,178,103,590,617,553
29,28,73,53,518,557,553
19,22,31,47,412,475,553
404,111,762,280,794,827,553
90,49,181,85,606,633,553
34,23,84,48,511,537,554
26,20,71,50,507,531,554
39,25,273,149,633,677,554
55,32,116,66,576,602,554
60,27,134,65,569,577,554
29,21,63,44,493,517,554
44,39,82,89,548,575,554
90,38,250,109,622,654,554
59,41,144,115,588,622,555
37,20,64,38,474,526,555
38,33,54,49,499,532,555
17,21,30,30,426,502,555
59,30,134,59,561,583,555
44,27,117,93,532,565,555
258,76,703,306,776,808,555
56,34,103,52,555,586,555
18,22,39,60,469,498,555
28,22,39,33,466,542,555
36,24,83,57,543,583,555
95,62,193,145,608,641,555
21,22,25,34,467,450,556
40,24,131,94,556,582,556
39,23,105,60,554,591,556
33,25,100,76,535,559,556
89,38,295,154,653,684,556
37,20,67,36,492,516,556
66,38,194,117,592,626,556
66,31,165,88,585,623,556
60,45,171,125,582,611,556
46,34,208,177,614,646,556
66,31,276,119,618,652,556
35,28,45,33,488,531,556
61,41,181,115,607,641,556
63,44,107,79,566,600,556
49,31,118,72,536,569,556
23,24,56,54,475,509,556
26,22,61,53,483,524,556
49,29,105,59,537,558,556
47,21,159,77,567,607,556
16,20,42,43,446,469,556
46,30,99,51,532,560,556
52,29,116,74,562,596,556
32,23,83,61,525,542,557
79,33,250,116,602,631,557
85,36,158,73,606,636,557
42,26,113,60,546,561,557
30,23,135,103,544,575,557
104,61,262,126,642,670,557
233,70,663,299,771,800,557
95,44,178,87,593,628,557
110,54,356,172,659,684,557
62,43,112,86,564,604,557
31,23,43,44,495,561,557
20,20,13,20,426,438,557
103,26,260,83,619,652,557
32,23,38,33,481,520,557
42,26,109,63,535,555,557
50,29,154,88,553,587,557
105,52,267,132,653,685,557
78,41,164,87,587,621,557
63,47,115,90,553,585,557
31,20,40,28,476,522,557
106,51,197,78,631,662,557
35,29,67,68,525,558,557
40,25,132,100,557,597,558
20,20,24,26,461,468,558
21,22,29,40,464,501,558
29,26,67,54,505,542,558
31,25,64,59,517,553,558
75,35,149,85,594,630,558
66,36,159,86,577,608,558
51,27,122,76,573,602,558
95,45,219,101,605,633,559
37,21,75,38,530,559,559
64,38,128,81,581,605,559
27,22,37,36,453,503,559
68,24,226,88,596,622,559
76,36,183,79,587,610,559
109,36,378,149,640,667,559
39,21,120,84,592,623,559
37,25,123,79,567,592,559
23,21,63,48,501,531,559
37,22,78,41,519,563,559
17,20,43,35,405,446,559
44,25,178,101,572,604,559
48,26,121,57,544,589,559
28,21,54,47,510,550,560
53,28,121,58,553,595,560
62,27,164,61,585,632,560
26,25,49,51,470,501,560
55,27,117,65,541,586,560
32,30,94,73,522,551,560
38,26,59,34,508,524,560
40,26,159,90,559,581,560
22,22,39,37,446,477,561
27,20,45,41,471,572,561
151,66,351,136,659,689,561
31,26,41,42,476,500,561
32,20,78,54,509,549,561
32,20,67,49,499,526,561
77,33,159,70,566,599,561
32,22,59,54,491,519,561
34,26,85,50,506,507,561
50,34,69,59,528,558,561
37,20,69,32,483,524,561
106,40,345,111,661,689,561
18,21,39,50,473,509,561
43,21,128,66,541,578,561
33,22,49,32,459,497,561
71,28,188,91,609,637,561
130,55,568,233,709,740,561
69,32,148,62,548,580,562
24,23,52,43,504,526,562
96,52,323,131,641,677,562
48,27,153,105,574,612,562
25,21,54,43,476,530,562
50,24,95,39,520,542,562
52,38,172,119,572,602,562
35,26,78,59,507,529,562
55,41,145,102,585,618,562
22,28,25,51,478,519,562
60,42,149,89,576,606,562
19,20,58,64,480,539,562
30,21,78,60,537,584,562
111,66,305,157,642,677,562
45,28,101,65,526,564,562
33,28,57,59,488,519,562
50,23,133,73,566,585,562
26,22,79,61,500,511,562
225,98,556,208,715,746,562
110,55,302,160,640,672,562
38,23,59,48,490,571,562
71,22,192,65,594,627,562
42,32,90,74,539,570,562
36,22,92,51,527,539,562
16,20,17,21,387,386,563
146,51,618,241,718,748,563
95,45,237,109,618,634,563
225,81,650,223,726,760,563
62,25,143,55,575,602,563
293,94,694,255,751,780,564
64,46,125,84,558,591,564
45,25,82,47,540,571,564
20,24,45,52,469,493,564
41,25,92,47,527,573,564
44,32,124,90,542,574,564
38,26,68,61,482,510,564
25,22,48,48,438,482,564
45,33,90,68,543,577,564
79,49,164,107,600,628,564
41,28,133,100,551,577,564
49,30,268,159,607,643,564
19,21,43,47,428,490,564
31,25,57,46,489,527,564
41,27,113,71,544,586,564
15,20,13,27,405,444,564
32,23,88,40,507,539,564
56,40,157,111,576,615,564
335,126,644,219,735,770,564
67,45,204,129,604,620,564
26,23,127,95,547,579,564
79,35,185,78,610,640,564
57,32,110,58,529,568,565
38,24,63,46,506,554,565
23,20,50,29,481,473,565
27,22,47,39,478,510,565
93,29,250,73,624,652,565
60,33,128,64,581,619,565
31,20,81,61,491,520,565
91,37,226,103,596,625,565
33,21,58,42,488,494,565
30,20,72,43,500,546,565
119,35,211,62,612,643,565
39,34,130,109,566,598,565
106,41,591,216,696,721,565
85,38,316,113,639,672,565
47,33,111,63,541,571,565
16,22,24,30,406,416,565
16,23,48,60,438,463,565
157,64,337,139,664,694,565
78,44,204,106,611,637,565
74,29,173,79,592,623,565
116,42,342,129,650,685,565
31,22,75,54,505,535,565
212,77,400,137,678,711,565
36,24,73,50,501,533,565
21,25,51,68,471,505,566
35,25,82,60,510,551,566
67,51,150,97,576,604,566
26,20,49,37,456,485,566
44,27,115,61,547,573,566
128,58,251,137,644,673,566
145,68,413,151,666,696,566
28,22,101,76,512,548,566
23,27,48,63,476,503,566
55,33,107,70,534,578,566
51,35,93,67,537,563,566
25,21,84,67,501,529,566
44,29,83,62,514,530,566
30,29,95,87,536,576,567
38,20,93,58,533,562,567
33,21,64,42,494,528,567
125,38,393,133,655,685,567
37,23,67,43,510,551,567
101,43,387,204,675,706,567
65,33,105,55,560,591,567
18,20,19,28,412,279,567
43,24,113,55,552,557,567
37,25,43,38,482,527,567
86,44,191,88,624,654,567
122,55,295,143,640,665,567
26,20,25,17,439,440,567
66,27,143,50,550,577,567
45,29,112,78,550,579,567
24,26,51,59,461,502,567
246,67,640,151,729,755,567
25,24,48,49,481,512,567
66,40,142,69,589,619,567
52,21,159,60,561,591,567
92,46,281,166,638,661,568
182,84,361,130,669,696,568
56,29,141,85,556,592,568
103,46,300,133,660,688,568
53,30,128,69,560,598,568
23,23,76,69,508,542,568
34,25,78,60,520,534,568
37,26,138,87,568,596,568
35,23,55,46,477,490,568
36,27,75,48,513,542,568
52,23,125,63,561,596,568
209,66,480,154,701,731,568
143,63,406,197,688,717,568
35,21,81,39,500,529,568
79,42,198,103,638,670,568
88,53,216,111,612,640,568
40,27,106,55,551,573,568
28,24,75,71,501,546,568
27,23,77,63,505,523,568
57,38,135,105,568,608,568
132,66,289,162,656,685,569
53,22,117,60,563,596,569
24,23,41,34,452,409,569
57,26,144,59,559,569,569
147,85,415,201,665,696,569
144,52,514,201,700,731,569
45,32,119,105,559,596,569
20,24,35,52,480,502,569
21,22,58,50,478,524,569
428,119,838,305,780,814,569
25,23,76,63,490,519,569
59,46,176,134,604,636,569
24,26,44,47,451,487,569
57,42,159,136,587,617,569
78,42,193,112,601,622,569
55,28,131,70,559,598,570
66,41,167,98,585,612,570
34,29,102,69,538,560,570
19,20,47,44,412,430,570
29,29,29,32,446,475,570
43,28,181,115,585,614,570
127,59,287,123,645,675,570
29,22,77,64,502,524,570
47,31,78,48,522,542,570
26,25,83,76,520,553,570
46,33,98,69,535,570,570
73,32,215,87,608,625,570
31,22,123,76,559,589,570
95,43,463,254,672,699,570
24,25,66,63,491,540,570
115,35,253,105,633,665,570
31,21,62,42,509,538,570
305,99,692,211,737,767,570
38,23,92,68,516,555,570
55,30,139,99,554,593,570
21,23,38,43,457,494,570
25,24,37,30,430,496,570
63,32,136,77,564,593,571
50,23,108,46,559,590,571
14,21,21,31,444,469,571
27,21,64,54,515,559,571
202,62,513,193,709,738,571
417,91,918,167,776,808,571
42,23,95,55,550,580,571
119,67,228,119,634,661,571
63,38,162,90,577,609,571
31,22,49,32,466,472,571
136,62,295,146,652,680,571
31,21,85,59,533,563,571
35,22,58,45,493,511,571
126,50,380,150,660,688,571
77,43,226,130,619,636,571
129,48,339,129,664,689,571
63,36,108,74,575,606,571
45,21,103,55,537,571,571
199,77,502,174,701,723,571
113,64,274,173,639,670,571
56,39,185,130,593,623,571
26,22,66,53,505,529,571
19,22,34,43,455,481,572
64,38,172,87,595,624,572
35,30,58,61,515,564,572
19,22,17,31,400,425,572
99,34,256,98,627,650,572
59,27,155,75,561,585,572
30,20,36,36,463,497,572
61,38,220,154,598,639,572
170,59,413,140,669,701,572
47,29,57,32,511,555,572
38,21,59,30,496,544,572
59,26,94,43,534,565,573
27,22,62,52,488,550,573
156,53,386,110,675,708,573
32,20,57,38,516,546,573
23,23,44,58,473,505,573
25,22,42,37,481,501,573
62,22,152,61,581,596,573
105,49,281,126,633,658,573
45,24,70,29,515,536,573
36,22,127,72,533,570,573
29,24,41,35,480,479,573
142,84,326,189,661,690,573
40,24,85,51,516,543,573
50,33,197,132,596,625,573
21,21,75,68,498,508,573
25,21,61,47,504,523,573
28,25,36,39,438,481,573
135,45,445,129,671,695,573
156,61,478,199,678,708,574
27,25,39,45,457,470,574
45,39,95,80,529,556,574
27,22,80,59,515,556,574
106,33,286,130,638,673,574
169,55,477,163,685,718,574
37,29,81,60,521,544,574
28,27,87,87,531,563,574
26,21,101,72,534,565,574
112,61,304,146,636,661,574
32,25,70,54,518,545,574
26,21,64,39,506,529,574
31,22,65,53,507,540,574
34,29,125,111,558,592,574
47,23,131,65,552,588,574
33,22,87,52,527,553,574
27,22,59,47,485,536,574
126,77,339,224,671,704,574
30,23,63,30,510,526,574
143,83,340,186,671,702,574
35,26,41,40,481,497,575
33,24,51,32,481,418,575
171,64,399,133,689,716,575
54,35,100,61,548,585,575
58,34,143,101,574,604,575
41,24,90,49,522,537,575
145,50,390,178,664,690,575
66,35,155,94,589,625,575
63,35,133,62,565,608,575
78,47,186,94,597,626,575
176,69,513,238,708,738,576
39,21,114,75,551,605,576
54,26,165,85,575,607,576
85,47,172,74,606,633,576
23,20,20,38,394,483,576
39,20,89,56,539,568,576
63,40,199,130,600,637,576
33,29,115,90,527,560,576
49,25,91,49,519,576,576
40,25,105,65,534,558,576
197,55,526,139,704,732,576
126,70,325,173,666,700,576
58,37,169,84,577,597,576
130,49,581,249,708,735,576
29,21,62,47,474,481,576
21,20,34,38,440,485,576
58,37,189,114,597,628,576
27,22,73,57,511,546,577
36,24,59,39,511,535,577
28,22,87,65,521,543,577
24,21,60,58,504,531,577
83,40,218,105,608,624,577
70,45,212,143,619,654,577
23,20,64,41,495,518,577
24,20,68,70,485,536,577
26,21,50,40,488,529,577
52,30,156,118,592,619,577
184,79,568,212,703,730,577
116,54,281,135,649,685,577
53,27,143,78,577,591,577
27,20,41,38,496,547,577
34,24,79,56,515,545,577
288,85,715,203,761,792,577
53,27,108,57,543,586,577
52,22,151,70,565,600,577
51,28,71,44,504,562,577
128,54,356,193,665,693,577
38,21,181,109,586,619,577
32,23,51,35,465,497,577
41,22,55,32,473,509,578
136,49,474,180,678,708,578
28,24,64,49,485,526,578
32,34,79,74,499,531,578
34,24,116,62,543,581,578
80,50,146,91,585,620,578
161,51,676,199,727,757,578
48,21,100,43,523,549,578
58,25,148,78,568,607,578
84,48,200,121,610,637,578
315,108,714,297,764,800,578
21,20,76,53,490,510,578
89,51,173,95,605,640,578
44,29,112,72,545,563,578
49,26,101,64,540,566,579
362,106,719,287,783,814,579
52,34,191,116,601,635,579
67,42,134,87,590,623,579
39,27,71,38,508,537,579
39,25,112,75,528,573,579
45,28,88,54,515,495,579
36,38,60,72,465,497,579
20,21,13,26,303,293,579
25,25,48,35,472,492,579
40,23,90,63,520,553,579
33,21,111,54,556,593,579
112,45,207,100,609,641,579
201,75,438,158,691,716,579
23,24,36,51,472,495,579
28,27,94,85,517,542,579
35,27,106,74,529,547,579
35,32,78,65,529,579,579
120,53,244,106,623,649,579
73,31,120,42,564,598,579
25,25,88,80,525,560,580
25,23,26,43,438,466,580
41,26,237,147,591,617,580
75,39,165,84,580,603,580
47,31,72,48,520,566,580
33,24,90,63,502,561,580
113,44,500,173,684,715,580
141,56,495,202,696,728,580
18,21,58,53,438,456,580
53,35,128,93,568,604,580
185,63,437,145,687,716,580
125,69,265,115,644,678,581
44,27,57,44,488,509,581
170,61,630,245,726,758,581
31,20,81,47,506,540,581
93,42,397,156,653,685,581
29,24,63,52,481,508,581
60,24,127,47,564,601,581
137,56,299,131,652,677,581
246,76,501,157,721,748,581
67,40,174,100,600,633,581
29,22,43,30,481,484,581
29,21,44,41,458,512,581
22,26,23,45,417,481,581
31,23,54,43,507,543,581
46,30,118,55,556,596,581
44,20,106,50,544,575,581
47,34,181,147,590,623,581
26,21,71,51,493,539,581
77,36,296,136,628,657,581
13,20,25,35,391,445,581
31,23,65,48,527,545,581
36,22,60,29,478,514,581
53,34,129,61,571,601,582
28,21,65,58,499,524,582
69,31,133,55,552,581,582
23,26,41,48,494,520,582
300,76,723,192,758,786,582
150,81,395,224,678,712,582
32,22,70,52,502,549,582
70,27,135,68,574,614,582
19,24,29,43,395,427,582
78,38,120,70,573,613,582
55,46,142,121,559,593,582
119,47,346,124,648,674,582
20,22,33,44,439,491,582
48,29,110,75,554,584,582
35,22,102,63,538,569,582
50,23,102,37,560,582,582
621,171,911,330,844,879,582
35,28,123,92,554,597,582
27,20,68,43,491,492,583
17,21,38,44,434,453,583
101,40,330,124,632,663,583
27,25,77,60,501,542,583
26,21,37,34,442,471,583
34,28,87,72,539,576,583
23,22,31,35,394,424,583
127,52,333,134,644,679,583
43,42,84,83,508,546,583
34,23,50,33,469,458,583
173,63,438,140,697,724,583
46,28,132,87,557,596,583
418,85,951,241,810,842,583
39,23,102,56,546,561,583
64,37,142,78,565,589,584
63,34,154,73,572,597,584
71,31,146,57,583,606,584
23,20,16,20,394,442,584
267,109,631,260,745,781,584
53,26,129,72,534,560,584
87,42,307,150,638,663,584
67,55,125,104,574,598,584
36,24,108,53,539,576,584
39,20,105,50,540,553,584
77,44,230,132,601,632,584
47,30,94,70,518,549,584
44,30,67,48,539,570,584
45,31,129,74,551,569,584
384,106,917,375,858,888,584
42,24,73,40,518,558,584
25,24,36,46,453,491,584
29,23,55,40,483,510,585
55,30,128,52,560,588,585
24,23,64,55,494,506,585
76,37,129,57,581,611,585
25,26,69,68,491,508,585
28,20,64,43,502,528,585
28,21,61,63,511,544,585
157,62,293,108,648,675,585
50,21,119,49,529,544,585
62,42,122,81,557,596,585
18,21,18,38,461,508,585
97,56,184,92,604,634,585
133,69,280,150,661,690,585
34,23,41,35,483,521,585
297,95,719,216,747,781,585
34,24,80,59,504,533,585
78,41,161,81,584,612,586
91,48,253,165,634,659,586
86,48,218,117,614,644,586
25,22,63,58,473,502,586
64,22,160,66,587,608,586
121,49,253,100,629,659,586
656,155,926,278,846,877,586
35,22,117,50,534,570,586
85,28,198,63,596,635,586
335,100,712,224,760,790,586
37,24,104,61,518,530,586
36,25,97,54,505,561,586
189,71,441,159,678,706,586
83,42,177,82,596,627,586
39,27,104,65,533,576,586
44,24,82,51,515,550,586
86,45,170,88,609,635,586
81,43,226,128,601,633,586
49,25,118,71,551,588,586
29,26,68,44,471,468,586
43,25,95,51,524,555,587
81,39,258,97,618,640,587
35,26,196,133,607,636,587
49,28,164,106,568,600,587
472,108,917,249,817,848,587
47,20,88,46,498,552,587
38,25,81,58,505,531,587
51,28,85,47,538,575,587
47,26,71,61,550,576,587
21,22,50,42,488,507,587
182,47,686,181,717,749,587
86,25,127,36,570,600,588
215,79,472,172,690,717,588
115,58,316,162,657,689,588
43,24,106,50,539,532,588
70,28,203,95,614,647,588
44,29,87,62,553,584,588
52,28,117,57,545,568,588
48,30,93,46,518,528,588
94,44,305,180,656,684,588
162,64,499,203,704,732,588
38,22,39,25,440,521,588
199,66,668,263,732,769,588
126,59,320,142,642,679,588
144,57,296,124,641,666,588
48,30,124,50,546,572,588
41,22,61,26,470,506,588
39,30,47,35,499,538,588
14,22,33,51,384,453,589
55,40,177,133,596,630,589
24,27,58,62,470,495,589
40,30,81,43,507,545,589
19,22,32,35,406,405,589
72,50,170,122,604,640,589
40,32,149,112,549,575,589
116,59,219,104,633,657,590
57,41,163,111,569,604,590
23,21,64,58,484,526,590
29,27,44,39,478,509,590
35,23,63,37,478,495,590
20,20,32,43,462,491,590
47,32,123,71,545,574,591
25,20,39,35,451,485,591
34,21,40,32,457,493,591
54,27,205,130,608,640,591
18,23,61,66,487,515,591
45,32,110,99,560,588,591
29,21,61,32,482,508,591
83,46,113,62,563,594,592
26,22,74,56,509,531,592
27,28,58,59,461,506,592
64,35,184,104,586,606,592
43,22,106,50,553,594,592
41,22,205,101,580,610,592
42,27,105,66,561,590,592
22,22,48,44,489,518,593
47,35,104,82,553,587,593
37,31,100,78,524,550,593
53,29,100,54,526,552,593
51,40,93,83,509,528,593
58,31,192,105,592,630,593
38,36,95,75,545,568,593
45,24,137,66,555,591,593
73,43,166,78,591,615,593
40,34,68,68,534,572,593
15,21,19,30,365,349,593
19,21,39,44,446,470,593
104,39,408,183,674,704,593
26,24,39,40,451,526,593
77,32,152,58,579,603,593
60,24,149,59,570,602,593
30,25,114,95,529,569,593
58,22,123,54,551,573,593
44,27,133,81,559,585,593
43,20,101,45,538,558,594
28,24,55,50,459,493,594
38,25,93,66,520,550,594
34,29,106,82,532,547,594
35,27,89,69,533,571,594
28,21,50,39,472,490,594
27,22,79,65,511,533,594
30,21,38,32,459,501,594
51,20,111,36,540,555,594
62,38,97,55,557,576,594
34,22,58,30,518,532,594
46,41,66,63,509,524,594
29,22,40,27,457,470,594
114,45,299,113,650,679,594
31,20,57,29,462,480,594
74,28,172,58,584,626,594
48,27,96,51,530,556,595
36,25,114,72,532,557,595
20,20,25,29,394,402,595
38,24,72,50,521,547,595
21,25,13,30,328,428,595
89,63,250,162,627,652,595
79,39,297,93,628,662,595
42,20,71,31,497,540,595
36,31,47,50,484,519,595
17,20,32,38,475,493,595
77,31,208,105,594,616,595
16,22,47,63,439,442,595
47,22,106,49,551,562,595
27,25,75,81,513,563,595
223,58,483,113,690,718,595
26,28,47,55,455,501,595
164,61,539,185,689,717,595
28,20,75,52,491,524,595
25,26,36,48,438,433,595
308,75,818,235,770,800,596
22,27,48,60,448,470,596
101,53,217,118,633,669,596
29,21,60,40,490,509,596
23,20,35,37,450,468,596
71,30,156,67,570,591,596
31,27,71,52,507,544,596
75,43,192,127,602,637,596
52,22,127,63,556,591,596
25,23,63,46,482,495,596
50,34,102,63,535,573,597
26,23,71,61,482,506,597
68,40,189,83,604,632,597
100,44,330,138,642,673,597
17,20,29,37,424,479,597
35,23,70,43,526,554,597
54,29,171,106,588,614,597
40,31,124,99,551,578,597
30,25,88,77,515,567,597
91,50,219,100,620,649,597
32,27,43,55,480,510,597
34,20,37,27,428,502,597
50,33,66,35,525,548,597
157,53,329,113,675,702,597
42,22,105,69,529,580,598
22,24,53,55,483,509,598
25,21,68,58,500,520,598
33,25,86,72,515,564,598
45,26,102,59,531,563,598
42,23,83,43,513,562,598
51,37,74,49,504,539,598
73,31,172,82,591,617,599
58,37,226,121,591,626,599
371,132,719,262,772,808,599
23,21,43,45,467,511,599
105,53,221,101,624,652,599
60,32,85,47,527,569,599
35,27,81,55,513,568,599
70,42,137,61,576,602,599
28,27,36,36,425,474,599
52,33,57,37,527,564,599
34,21,93,39,507,508,600
31,35,58,71,469,494,600
215,84,655,234,731,762,600
37,24,84,56,501,544,600
66,41,121,81,570,600,600
21,26,17,38,412,428,600
277,65,768,175,751,780,600
27,21,30,26,472,503,600
62,31,161,67,582,613,600
35,21,82,49,499,516,601
66,32,139,67,573,601,601
47,24,139,67,559,541,601
44,22,97,48,535,570,601
21,23,51,43,466,496,601
59,32,114,56,547,580,601
31,22,59,39,520,536,601
46,27,180,104,581,616,601
49,37,149,97,559,572,601
37,25,81,60,538,578,601
77,42,165,83,587,607,601
46,22,101,52,534,566,601
67,29,100,39,546,575,601
68,40,101,59,574,598,601
44,35,91,64,537,571,601
61,30,444,222,664,693,601
113,56,285,135,635,663,601
20,23,39,49,463,488,602
75,29,186,84,612,646,602
39,20,133,84,559,575,602
43,26,106,58,552,577,602
300,80,739,193,752,785,602
141,67,238,88,631,658,602
50,29,70,44,529,560,602
40,24,84,55,522,559,602
45,36,69,61,537,568,602
29,25,52,44,480,514,602
26,23,146,93,556,588,602
80,40,208,118,618,653,602
31,21,61,49,508,553,603
26,20,36,38,453,518,603
41,29,37,29,480,557,603
31,22,62,53,489,526,603
58,28,166,86,578,604,603
22,22,52,67,526,548,603
28,24,57,50,510,547,603
29,26,94,80,524,557,603
32,23,66,66,502,557,603
29,22,45,32,464,469,603
30,22,97,83,531,570,604
25,21,60,46,486,503,604
48,27,99,43,531,571,604
45,24,134,94,566,600,604
55,25,152,47,576,603,604
32,27,73,66,499,554,604
42,22,102,65,546,580,604
40,26,74,56,539,563,604
51,33,91,49,547,568,604
43,24,139,69,571,599,604
41,25,84,50,524,536,604
60,26,115,34,543,575,605
70,32,185,79,590,621,605
63,35,80,50,530,569,605
24,22,31,39,415,490,605
29,22,67,69,510,546,605
58,39,85,61,529,573,605
43,30,45,44,496,519,605
59,28,109,44,547,555,605
31,21,67,47,516,522,605
30,20,51,26,477,511,605
35,25,122,83,549,571,605
38,21,88,50,527,559,605
27,30,79,67,520,550,605
23,25,13,29,392,436,605
69,35,195,106,601,633,606
39,25,41,21,476,501,606
89,38,330,156,633,667,606
27,21,85,63,519,541,606
44,37,122,86,565,593,606
63,38,206,119,597,626,606
75,28,197,79,599,613,607
28,20,54,45,494,538,607
19,20,57,57,431,458,607
39,30,92,62,541,557,607
80,44,188,85,606,634,607
27,20,42,42,462,520,607
42,32,111,73,555,589,607
150,69,324,127,660,687,607
50,39,89,89,543,577,607
36,24,63,43,501,532,607
26,20,60,49,486,526,607
51,32,70,49,495,553,607
45,29,110,52,565,593,607
25,24,72,76,497,529,607
26,21,51,35,493,514,607
84,44,245,164,638,668,608
28,21,41,34,477,501,608
46,34,86,68,520,556,608
44,22,125,67,547,582,608
31,25,61,52,514,559,608
57,24,151,75,574,604,608
53,26,119,53,575,601,608
37,26,70,50,506,532,608
40,25,76,45,502,548,608
85,39,305,159,627,661,608
131,59,268,123,632,665,608
128,54,357,119,662,694,608
47,20,148,83,558,586,608
29,26,64,58,490,528,608
29,21,63,50,486,544,608
44,31,109,70,535,566,608
51,27,139,84,569,593,608
27,24,75,74,507,569,608
27,24,54,50,514,543,609
42,22,143,79,561,592,609
64,34,205,114,610,640,609
33,27,118,85,557,586,609
41,22,103,65,541,566,609
49,32,203,128,597,621,609
31,20,81,48,507,546,609
49,23,89,35,523,559,609
25,24,78,68,525,548,610
36,23,75,64,522,553,610
46,20,101,40,540,562,610
77,48,121,77,586,625,610
109,48,326,142,640,668,610
31,33,34,48,461,486,610
28,24,51,45,496,552,610
65,44,122,76,570,600,610
58,32,160,88,559,587,610
67,28,129,55,578,608,610
30,24,65,53,499,541,610
27,20,20,17,434,481,610
29,20,65,40,487,520,611
35,24,108,82,551,589,611
47,36,57,49,510,544,611
20,21,52,59,481,523,611
55,24,201,89,585,622,611
85,45,162,82,597,625,611
62,34,173,90,602,633,611
29,20,70,57,510,535,611
98,59,277,157,628,655,611
45,33,87,65,521,563,611
27,20,63,51,500,518,611
44,29,107,81,556,590,612
22,20,44,42,450,469,612
76,30,118,42,564,598,612
26,22,58,42,484,511,612
51,29,120,69,578,604,612
20,24,24,36,422,398,612
66,25,140,63,583,629,612
133,64,364,192,667,699,612
34,23,63,41,513,556,612
23,28,39,57,449,493,612
36,23,78,43,522,563,612
67,43,173,113,595,628,612
27,24,100,89,498,522,612
21,21,27,33,478,517,612
59,42,141,86,570,594,613
29,22,63,45,525,549,613
48,21,114,45,543,532,613
25,27,38,27,450,496,613
33,23,92,67,520,537,613
63,25,168,80,596,628,613
20,22,26,35,421,423,613
47,38,80,49,535,574,613
139,64,298,123,659,681,613
97,52,213,99,618,651,613
71,40,140,64,577,594,613
33,25,49,40,477,511,614
64,33,133,73,573,622,614
55,28,104,58,557,588,614
25,28,30,42,422,467,614
31,20,40,23,462,510,614
29,22,54,39,482,531,614
23,22,45,33,453,475,614
71,35,179,100,606,638,614
40,25,78,45,529,559,614
29,23,38,36,466,487,614
83,45,212,135,619,647,614
45,28,207,121,583,618,614
33,25,43,39,486,509,614
58,55,100,111,546,580,614
33,24,67,47,482,526,615
74,37,190,120,593,629,615
67,29,162,89,589,624,615
289,84,730,276,755,796,615
37,22,104,79,560,587,615
31,28,70,64,510,549,615
27,21,48,48,452,508,615
49,30,115,63,555,587,615
68,29,360,144,626,650,616
331,124,614,198,731,761,616
27,23,31,32,487,523,616
21,22,40,46,464,491,616
42,30,67,41,505,531,616
63,24,131,67,559,604,616
38,25,87,62,519,564,616
26,20,54,43,498,520,616
26,25,69,65,503,531,616
31,21,48,33,463,495,616
59,22,169,73,584,624,616
32,23,40,31,462,491,616
36,21,76,35,515,519,616
174,62,523,199,705,731,616
259,72,710,186,725,755,616
42,26,71,44,533,556,616
84,46,243,153,636,666,616
68,26,234,86,598,636,616
45,26,111,69,534,567,616
55,39,156,100,568,595,616
55,32,117,56,553,579,616
59,33,118,60,577,609,616
38,28,67,50,537,563,617
82,47,211,108,602,633,617
97,32,243,90,619,647,617
44,21,58,32,504,529,617
110,42,301,116,660,695,617
61,20,151,50,571,591,617
58,37,148,95,565,581,617
182,57,456,140,691,720,617
42,27,111,72,545,577,617
234,88,465,153,701,730,617
147,67,435,184,693,721,617
309,81,856,341,831,861,617
90,52,244,147,639,671,617
150,79,368,236,670,701,617
40,25,61,39,502,527,617
185,54,451,163,681,711,617
96,56,186,88,596,626,618
37,20,87,45,518,555,618
25,20,55,46,490,522,618
46,22,76,40,517,560,618
233,70,639,190,721,752,618
108,84,152,126,595,620,618
251,85,676,246,752,779,618
66,23,118,62,548,581,618
195,53,568,137,694,720,618
130,44,336,111,648,678,618
36,25,97,62,527,568,618
41,26,140,91,566,595,618
39,26,71,55,496,546,619
32,21,63,38,475,523,619
48,30,111,70,549,572,619
41,23,83,45,510,540,619
62,44,149,114,565,607,619
49,26,140,75,560,583,619
20,21,32,24,475,492,619
110,54,240,125,634,664,619
331,79,911,287,776,804,619
24,22,55,43,486,524,619
115,43,304,102,641,674,619
61,31,200,76,601,603,619
58,40,93,74,540,553,619
39,20,123,64,540,575,619
39,22,80,51,509,544,620
10,21,29,49,433,457,620
35,20,46,33,485,531,620
152,85,397,206,664,695,620
179,63,367,142,663,693,620
59,27,126,53,554,584,620
29,20,104,63,510,520,620
52,27,128,68,565,603,620
23,20,74,61,507,527,620
58,28,96,53,546,581,620
20,22,30,30,483,512,621
37,20,46,30,502,539,621
169,43,638,165,721,750,621
25,23,51,43,465,492,621
30,21,97,73,533,548,621
97,52,144,83,573,605,621
60,40,150,101,570,604,621
54,22,164,72,570,592,621
73,45,137,79,571,604,621
44,25,187,120,571,609,621
48,23,50,39,496,477,621
29,24,44,48,481,520,621
15,21,19,42,362,413,621
117,57,375,188,666,694,621
87,39,258,127,630,661,621
23,22,30,27,424,399,621
59,32,133,69,565,599,621
103,58,186,118,614,646,621
26,23,32,37,433,461,621
40,20,80,27,518,526,621
72,32,154,76,593,626,621
101,53,265,129,637,667,621
97,49,195,101,614,644,622
39,20,69,33,493,539,622
22,21,50,56,484,521,622
39,25,98,78,517,551,622
32,25,99,90,538,566,622
63,29,137,52,568,579,622
32,28,20,31,390,454,622
37,28,75,54,505,543,622
26,20,65,54,494,537,622
45,29,104,54,542,579,622
35,23,127,82,530,553,622
72,32,173,81,588,608,622
33,20,98,45,519,565,622
39,24,97,51,526,564,622
104,40,390,116,642,667,622
59,33,101,70,555,597,622
161,66,407,170,685,716,622
165,58,354,137,670,701,622
23,20,76,74,513,542,622
68,35,112,47,562,602,622
207,84,517,228,712,747,623
60,30,188,103,563,601,623
102,41,344,125,651,682,623
37,23,79,48,511,544,623
24,23,24,36,462,548,623
58,45,127,88,573,603,623
73,48,233,159,633,661,623
63,31,124,64,557,610,623
19,20,47,42,468,515,623
91,45,213,97,616,650,623
35,22,58,43,491,532,623
22,21,47,37,478,482,623
46,23,117,52,565,593,623
291,99,525,177,723,752,624
32,26,53,45,496,519,624
86,32,191,65,606,634,624
65,28,236,109,612,637,624
177,53,461,147,689,714,624
38,32,114,98,545,577,624
21,20,37,41,429,440,624
48,23,128,60,549,570,624
27,22,50,32,502,534,624
33,20,79,30,510,531,624
274,75,710,247,754,781,624
33,32,68,65,514,547,624
36,23,79,52,527,508,624
62,46,81,53,525,551,624
102,57,204,106,613,641,624
51,31,123,73,544,573,624
90,49,245,103,623,653,624
75,35,186,91,604,639,624
40,29,169,114,567,598,625
21,22,39,44,473,499,625
124,64,321,138,664,693,625
29,24,43,28,441,443,625
58,22,129,45,543,572,625
51,26,102,38,541,573,625
78,46,204,118,602,633,625
26,20,77,60,530,568,625
30,22,50,35,486,517,625
54,36,135,98,565,613,625
24,21,74,59,511,529,625
17,21,29,46,429,458,625
35,31,52,42,517,541,625
50,25,126,69,563,592,625
26,23,63,54,488,530,625
28,20,77,51,526,545,625
27,22,38,26,458,457,625
33,20,75,48,514,550,625
33,27,63,48,488,554,625
72,44,192,105,605,635,625
27,28,40,36,480,506,626
46,26,155,88,575,613,626
108,44,243,112,607,643,626
119,67,201,91,620,647,626
41,42,52,56,497,529,626
47,38,80,67,521,551,626
44,26,79,48,526,537,626
45,30,121,82,571,593,626
39,28,73,46,508,529,626
50,25,118,70,579,611,626
171,71,402,128,678,706,626
45,29,81,37,523,534,626
248,87,606,198,726,753,626
55,26,204,114,598,642,627
47,25,107,60,527,556,627
91,46,230,108,631,658,627
87,44,198,105,595,624,627
118,53,304,146,639,673,627
35,22,67,46,501,536,627
18,21,25,34,444,464,627
21,20,50,43,441,457,627
58,24,133,62,553,579,627
434,129,734,309,785,814,627
115,63,164,98,604,639,627
31,23,86,56,521,537,627
17,20,33,39,400,445,627
59,34,122,61,567,607,628
49,27,170,98,585,615,628
34,24,62,40,486,518,628
19,21,26,39,407,448,628
58,34,134,71,568,605,628
63,34,215,112,617,651,628
28,27,76,78,494,542,628
15,21,22,40,447,493,628
57,28,88,61,553,587,628
77,39,187,85,594,623,628
72,46,195,93,583,606,628
46,22,122,62,552,586,628
38,28,73,40,495,519,628
48,32,90,55,520,533,628
73,46,238,143,616,645,628
46,25,162,98,571,594,628
108,36,222,74,613,629,628
45,29,56,21,505,535,628
33,29,53,36,490,515,628
27,24,65,56,487,510,628
54,25,145,57,566,594,628
47,28,91,62,536,570,628
35,30,93,77,525,562,628
40,30,131,106,554,577,628
61,28,157,56,580,616,628
145,45,412,120,668,698,628
125,58,251,111,643,681,629
19,20,37,44,450,507,629
45,32,84,49,509,527,629
87,36,200,99,592,650,629
23,22,35,31,446,481,629
48,27,103,52,556,574,629
21,21,52,39,442,458,629
27,23,84,61,524,552,629
37,21,94,49,532,564,629
40,31,119,82,537,574,629
40,26,113,75,547,587,629
67,44,176,112,574,603,629
20,24,47,61,487,521,629
27,22,127,95,546,580,629
43,21,79,39,505,535,629
56,34,134,70,538,566,630
79,46,175,107,595,629,630
33,27,74,61,519,552,630
27,21,41,37,446,498,630
47,30,100,57,534,551,630
49,33,119,62,549,583,630
28,26,48,47,443,489,630
37,23,99,48,533,546,630
41,27,92,50,542,581,630
42,28,97,59,527,559,630
43,26,78,50,527,547,630
38,21,69,33,518,515,630
115,56,493,224,691,721,630
54,27,65,37,519,566,630
37,28,122,85,552,557,630
36,20,88,46,521,544,630
30,26,102,83,531,562,630
39,25,146,104,563,588,630
35,20,87,62,525,559,630
33,20,64,42,496,544,631
37,24,60,44,481,525,631
29,20,113,86,527,569,631
17,20,16,29,388,422,631
30,31,57,58,493,522,631
37,22,64,39,504,515,631
33,25,86,70,515,539,631
31,29,90,67,523,545,631
49,28,108,69,563,597,631
37,28,127,112,546,581,631
101,42,160,61,599,633,631
27,24,57,57,489,515,632
289,69,761,178,736,764,632
38,26,72,52,490,523,632
44,39,100,84,528,551,632
27,26,97,80,535,563,632
47,27,102,46,535,566,632
36,23,77,43,503,538,632
37,21,90,45,526,567,632
50,25,83,33,507,534,633
20,22,37,50,457,469,633
132,64,310,144,672,703,633
30,21,59,34,486,514,633
52,21,102,36,536,537,633
22,20,90,76,506,548,633
34,22,55,32,488,532,633
41,26,135,96,555,580,633
43,26,85,43,513,532,633
35,23,129,77,551,586,633
15,20,28,44,449,506,633
62,34,178,98,580,614,633
57,28,117,56,538,551,633
44,35,120,95,566,595,633
23,25,17,34,417,456,633
32,20,118,81,538,566,634
88,54,237,123,625,650,634
36,29,91,71,527,553,634
62,32,137,75,566,627,634
28,24,71,62,497,537,634
177,58,378,136,682,712,634
83,27,185,70,586,611,634
80,36,131,54,574,611,634
39,26,65,32,503,521,634
42,22,104,42,538,571,635
29,27,62,68,503,538,635
36,35,52,62,493,526,635
45,25,68,49,534,583,635
19,20,47,55,454,500,635
41,28,73,51,496,527,636
25,20,42,31,442,471,636
29,22,56,49,490,529,636
64,33,178,100,580,609,636
242,104,564,209,713,747,636
26,25,77,68,505,508,636
34,21,78,36,502,529,636
47,32,140,114,585,618,636
37,30,93,85,522,556,636
18,25,42,54,414,435,636
90,48,119,57,561,614,636
81,37,178,54,581,602,636
59,40,47,35,518,519,636
34,24,61,60,509,557,636
18,23,17,41,390,479,636
57,30,140,53,581,609,636
67,44,187,111,592,627,636
47,24,148,88,559,590,636
28,26,30,32,422,509,636
46,30,106,75,555,579,636
189,72,428,171,685,716,637
43,30,58,47,496,517,637
59,37,137,83,556,586,637
52,24,144,65,578,613,637
61,33,135,84,580,608,637
37,31,72,67,521,550,637
28,20,66,49,519,564,637
54,29,102,87,553,599,637
53,22,100,68,552,634,637
68,41,147,87,591,613,637
57,29,99,42,537,576,637
44,22,74,33,508,550,637
42,29,75,56,525,558,637
20,20,31,33,527,568,637
29,20,62,46,470,519,637
35,31,52,44,482,511,637
72,39,163,100,572,601,637
35,30,45,32,463,493,637
32,22,43,30,459,484,638
193,65,629,205,703,732,638
40,22,164,90,576,600,638
29,22,72,50,509,576,638
53,26,70,43,521,568,638
47,36,73,61,537,572,638
38,28,55,39,496,520,638
42,22,105,71,534,568,638
135,58,282,117,640,673,638
35,21,83,32,518,499,638
30,24,103,69,527,551,638
67,29,139,65,567,601,638
44,31,97,49,521,556,639
32,27,83,63,514,542,639
45,30,107,53,531,563,639
161,77,382,184,680,707,639
68,25,301,108,631,660,639
25,21,50,37,479,495,639
126,59,338,151,655,685,639
28,22,49,36,485,539,639
80,31,258,104,636,662,639
34,21,94,47,530,539,639
76,36,162,72,600,637,639
52,25,95,38,526,533,639
100,47,286,90,625,652,639
74,44,239,132,625,655,640
58,27,118,57,574,607,640
65,33,150,83,580,592,640
41,29,76,51,535,574,640
34,23,62,42,510,518,640
26,22,37,32,455,472,640
64,28,249,107,617,648,640
37,20,87,33,516,520,640
97,37,175,61,581,599,641
34,21,104,64,539,580,641
42,37,58,60,488,512,641
23,20,66,52,448,499,641
74,37,174,81,585,618,641
92,32,239,95,621,650,641
25,27,25,33,442,452,641
23,21,53,55,462,495,641
41,25,79,35,506,532,641
65,31,220,94,590,629,641
44,24,130,73,564,584,641
55,30,148,83,591,612,641
34,31,50,58,470,516,641
31,23,71,55,505,529,641
20,23,55,59,443,486,641
30,21,69,51,498,517,641
25,23,54,43,492,537,641
58,34,120,65,560,590,641
25,21,36,33,443,480,642
66,37,99,50,547,583,642
240,96,502,202,706,736,642
49,20,213,109,601,628,642
76,35,155,67,606,635,642
53,35,120,73,553,580,642
32,21,77,44,498,538,642
35,21,84,43,510,536,642
53,34,154,88,594,627,642
32,22,44,42,465,498,642
33,24,109,77,552,584,642
138,47,351,127,671,702,642
18,20,78,61,502,527,643
42,21,78,37,503,535,643
178,74,407,187,681,709,643
43,32,107,81,551,591,643
20,20,64,39,493,477,643
89,50,146,69,588,623,643
109,57,298,195,655,683,643
52,23,103,36,525,567,643
129,51,438,202,688,719,643
40,22,113,63,546,575,643
35,21,50,34,464,507,643
51,23,124,59,552,586,643
31,23,55,39,473,526,643
122,57,300,157,627,657,644
61,20,141,40,576,599,644
41,31,105,61,526,567,644
44,23,85,55,519,560,644
41,21,121,42,545,556,644
25,20,39,32,467,501,644
38,21,89,54,535,594,644
33,20,103,63,522,548,644
140,60,335,146,643,671,644
33,23,59,32,503,532,644
37,30,89,62,543,573,644
35,23,81,51,511,540,644
25,21,69,54,493,513,644
26,22,140,106,526,572,644
25,20,34,34,464,517,644
41,24,118,73,540,580,644
30,22,69,53,510,542,645
30,23,56,28,471,507,645
31,21,47,22,476,495,645
48,30,113,65,556,581,645
54,34,111,89,567,602,645
36,24,59,36,498,533,645
67,30,93,38,544,565,645
50,38,100,64,542,564,645
237,67,669,175,725,755,645
37,20,86,57,516,561,645
50,34,167,119,563,598,645
19,20,63,59,498,546,645
41,21,97,46,529,567,646
42,20,125,56,549,580,646
47,25,113,58,548,576,646
59,35,152,81,571,598,646
63,41,194,129,599,630,646
23,22,42,51,451,489,646
70,35,189,126,578,606,646
64,34,115,64,559,592,646
50,29,63,27,521,542,646
37,23,73,52,517,551,646
75,37,312,150,648,674,646
44,20,84,43,523,560,646
28,22,79,59,520,520,646
32,27,70,44,502,511,646
22,25,42,53,480,513,646
141,65,390,199,657,683,646
14,21,23,47,391,428,646
39,20,63,31,492,517,647
33,29,94,76,534,569,647
59,20,321,115,618,632,647
222,96,525,261,715,745,647
70,42,138,66,575,613,647
68,44,128,94,570,599,647
53,28,148,75,581,593,647
31,21,64,54,516,553,647
14,20,17,35,408,462,647
69,30,150,77,570,606,647
19,22,37,50,448,509,647
37,24,73,45,505,547,647
28,26,60,51,493,497,647
47,26,107,88,556,593,647
27,27,67,59,510,529,647
45,24,99,52,530,561,647
69,37,128,87,572,598,647
27,22,64,41,495,518,648
33,26,72,56,500,527,648
175,74,391,165,666,695,648
45,25,109,62,539,565,648
50,31,105,68,560,590,648
33,20,122,56,564,600,648
49,43,83,89,544,577,648
32,24,53,45,486,501,648
71,36,263,128,629,660,648
14,20,16,30,413,424,648
134,46,343,114,647,675,648
44,25,124,65,573,593,648
28,29,87,87,505,540,648
43,28,73,40,518,537,649
49,27,105,62,537,560,649
63,35,114,67,567,592,649
23,22,37,40,460,431,649
24,27,67,55,500,502,649
64,34,108,61,545,588,649
41,32,59,51,523,547,649
50,27,200,85,563,611,649
33,29,67,55,500,518,649
60,36,226,117,613,643,649
26,22,35,42,469,538,649
66,32,141,78,574,615,649
133,47,354,147,663,692,650
54,34,141,87,574,612,650
30,20,70,60,521,569,650
54,38,105,79,555,583,650
28,22,25,33,446,476,650
145,60,342,143,670,703,650
53,28,103,53,540,568,650
48,34,71,40,523,557,650
45,24,99,53,529,559,650
37,27,105,63,554,587,650
46,20,125,47,541,579,650
24,21,59,48,509,549,650
43,45,63,71,524,554,650
52,33,95,71,542,567,650
15,20,37,52,432,466,650
54,25,111,63,567,594,650
53,30,70,50,549,576,650
50,26,136,71,568,595,650
62,22,158,58,612,640,650
83,44,185,87,611,643,650
25,21,59,49,492,508,650
48,34,137,81,577,603,650
73,29,120,61,561,596,650
44,24,98,45,517,546,650
22,20,54,37,468,451,650
109,44,505,242,711,745,650
30,29,55,51,471,517,650
27,27,69,81,514,563,650
31,20,80,53,520,557,650
19,22,35,46,472,498,650
41,31,97,76,551,575,650
23,20,52,49,485,503,650
44,24,103,50,528,561,651
138,56,433,213,677,708,651
37,26,78,51,500,538,651
41,31,156,92,571,605,651
50,31,122,65,568,598,651
62,25,139,66,573,602,651
246,64,543,134,716,746,651
45,28,215,125,601,630,651
39,27,100,72,528,562,651
46,21,99,38,534,563,651
48,20,96,38,551,605,651
17,21,31,39,418,449,651
32,22,122,82,542,561,651
18,22,42,54,443,485,651
41,23,61,36,511,549,651
41,26,106,68,538,572,651
14,22,36,54,453,471,651
14,20,19,40,396,444,652
48,27,89,41,525,551,652
77,54,184,138,614,648,652
360,108,795,322,791,826,652
47,28,268,135,617,648,652
56,26,104,41,542,568,652
56,23,123,49,561,598,652
32,28,61,41,495,523,652
46,22,165,102,564,602,652
55,28,259,125,617,644,652
39,29,85,67,537,565,653
41,28,157,121,566,608,653
86,46,181,121,588,619,653
77,29,331,161,634,665,653
38,20,98,47,537,556,653
193,55,732,191,750,782,653
30,23,103,76,520,544,653
51,31,175,105,589,609,653
37,24,67,52,490,540,653
25,21,54,43,493,526,653
65,25,136,46,567,596,653
36,23,76,38,511,538,653
31,20,101,62,538,574,653
65,39,193,115,604,633,653
60,29,220,109,598,634,653
35,21,69,49,476,524,653
65,47,122,94,572,603,653
67,38,310,137,614,645,653
70,45,99,63,541,575,653
61,34,120,69,555,584,654
33,21,64,48,500,537,654
43,22,99,67,533,575,654
38,24,131,80,567,588,654
39,31,98,79,523,543,654
36,25,77,54,523,555,654
126,45,392,135,673,705,654
34,23,86,46,505,542,654
23,22,74,57,491,521,654
31,27,100,88,504,545,654
61,38,144,77,570,603,654
74,28,173,74,596,634,654
45,25,68,35,494,522,654
40,34,65,72,504,530,654
58,49,117,101,562,587,654
57,38,137,79,559,585,654
26,20,47,44,465,503,654
28,20,99,78,533,569,655
166,75,441,198,662,700,655
28,25,53,57,486,519,655
33,23,78,53,512,534,655
177,87,364,175,662,693,655
21,22,58,56,508,547,655
90,38,313,120,643,673,655
96,60,184,102,613,641,655
229,85,563,191,720,751,655
38,28,65,60,490,533,655
18,28,40,63,450,498,655
245,71,620,182,722,753,655
21,20,47,42,492,519,655
24,21,93,59,522,544,655
43,28,83,60,546,586,655
89,34,402,193,653,674,655
69,54,137,114,581,611,656
54,21,142,68,560,591,656
38,20,89,39,539,561,656
58,30,162,110,592,622,656
225,72,581,253,712,741,656
62,35,126,58,566,590,656
39,22,63,41,512,550,656
55,37,97,59,546,580,656
118,61,320,179,661,692,656
111,62,309,179,648,679,656
74,47,155,96,585,613,656
20,21,42,49,479,502,656
38,26,72,43,490,526,656
35,25,74,59,510,559,656
44,37,81,54,537,571,656
33,21,96,59,535,574,656
30,25,75,64,498,525,656
176,71,479,196,690,721,656
25,22,23,26,419,459,656
186,74,411,179,679,712,657
42,26,136,74,546,575,657
17,24,25,45,402,471,657
25,23,56,53,493,530,657
54,32,158,79,571,606,657
51,22,178,87,580,610,657
48,34,121,86,552,584,658
60,27,117,52,547,578,658
48,27,121,73,535,573,658
38,22,45,31,474,520,658
49,26,104,63,552,587,658
31,24,46,40,463,502,658
230,85,677,260,739,768,658
45,23,72,31,509,554,658
32,25,50,44,488,530,658
49,20,111,47,542,570,658
47,29,201,122,604,643,658
26,28,23,25,426,459,658
72,39,155,86,580,615,658
42,21,63,34,518,546,658
72,32,164,66,583,602,658
30,32,75,82,502,529,658
82,34,226,92,601,633,658
106,50,257,113,645,674,659
40,23,85,40,520,552,659
46,32,85,55,516,534,659
43,25,102,50,531,576,659
53,36,89,76,540,577,659
42,27,68,44,514,555,659
25,23,27,33,422,465,659
44,35,45,53,485,550,659
73,41,189,114,597,640,659
144,47,383,119,661,694,659
13,20,19,35,399,437,659
39,24,129,70,545,567,659
202,76,553,207,706,734,660
148,36,619,197,711,742,660
25,24,72,69,470,514,660
33,22,39,37,466,531,660
50,31,148,96,572,605,660
19,20,26,36,430,483,660
54,26,147,55,572,602,660
23,20,18,28,393,461,660
22,24,33,34,451,455,660
40,22,130,85,553,581,660
23,23,39,27,459,494,660
46,27,124,79,545,594,660
43,23,63,37,528,566,661
44,36,82,63,531,573,661
28,20,67,49,494,541,661
34,20,85,38,514,559,661
39,35,120,93,543,582,661
91,42,213,107,608,637,661
54,27,88,34,546,563,661
24,22,38,38,458,497,661
38,20,59,33,491,522,661
105,53,191,89,615,652,661
51,24,141,74,568,585,661
24,21,57,45,472,492,661
138,62,316,138,660,689,661
18,20,33,35,420,445,661
175,54,564,193,702,734,661
36,24,123,75,536,574,661
59,31,127,68,575,606,661
35,21,73,43,509,542,661
93,41,245,76,622,653,662
193,76,437,159,690,723,662
35,23,142,94,557,587,662
55,29,136,63,541,572,662
22,20,20,32,400,456,662
124,69,292,176,650,679,662
31,24,62,56,492,531,662
73,33,171,73,579,610,662
51,25,126,56,567,597,662
131,70,315,166,652,686,662
104,45,289,132,652,684,662
32,22,90,72,499,536,662
33,24,87,64,517,545,662
189,70,521,185,698,724,662
68,39,146,80,579,610,662
46,25,164,87,570,602,662
49,37,68,61,531,556,662
60,33,124,79,586,619,662
102,57,173,95,601,635,662
60,25,139,70,578,608,662
55,29,90,49,536,580,662
76,32,271,84,622,657,663
190,68,462,168,693,725,663
54,22,124,53,562,593,663
181,69,336,126,675,705,663
170,73,406,163,675,702,663
94,32,151,56,598,622,663
95,35,327,144,656,690,663
26,21,66,49,485,527,663
60,36,145,98,576,608,663
77,39,145,80,613,632,663
73,40,137,71,596,627,663
38,26,65,46,527,573,663
33,21,99,68,506,543,664
25,20,24,22,452,492,664
38,25,112,69,554,586,664
201,84,528,171,707,739,664
167,57,495,193,709,739,664
127,69,359,191,662,694,664
52,36,89,51,530,568,664
21,20,42,51,449,499,664
59,34,235,118,603,634,664
42,21,108,55,532,569,664
46,28,112,74,529,555,664
60,25,195,104,601,633,664
57,36,132,103,567,596,664
84,34,305,111,637,668,664
215,83,607,235,704,738,664
40,25,104,62,536,569,664
28,26,106,88,523,564,664
163,63,456,166,684,715,664
555,144,814,242,793,830,664
134,48,367,126,658,687,664
283,112,576,236,721,752,664
92,40,368,162,665,694,664
29,20,45,33,469,488,664
43,30,116,76,563,594,665
46,36,130,106,543,579,665
38,22,102,57,530,557,665
48,26,130,49,544,568,665
49,44,92,68,541,577,665
20,21,31,34,443,453,665
71,41,149,92,569,609,665
25,22,75,61,515,544,665
97,43,289,123,637,662,665
38,36,51,46,517,539,665
36,33,37,36,476,503,665
52,38,117,85,560,599,665
109,41,310,149,670,696,665
51,36,155,92,583,615,665
38,21,87,39,521,526,666
438,116,855,232,789,823,666
477,170,664,248,764,804,666
48,29,45,28,483,507,666
44,36,117,87,538,570,666
59,33,156,88,574,597,666
24,29,42,55,448,483,666
44,24,100,44,520,559,666
163,35,821,255,798,832,666
32,20,42,29,487,555,666
60,34,129,83,557,585,666
75,34,186,89,624,653,666
22,20,45,35,459,493,666
131,54,237,89,635,665,666
267,88,714,235,740,768,666
172,57,436,157,692,719,666
31,26,73,54,491,540,666
23,23,46,36,488,525,667
32,23,32,29,424,456,667
59,38,141,88,571,599,667
51,28,133,60,576,606,667
45,25,116,57,532,553,667
42,33,108,80,516,557,667
71,54,115,68,562,593,667
24,22,42,38,487,510,667
38,25,65,48,494,552,667
16,20,17,30,419,458,667
44,40,101,83,530,564,667
22,23,49,50,466,507,667
22,23,34,54,466,510,667
31,23,54,34,499,522,667
57,34,111,68,546,598,667
121,50,284,118,649,680,667
54,33,180,118,583,601,667
66,24,206,81,590,619,667
34,24,101,82,531,558,667
50,24,104,48,537,545,667
21,21,30,28,443,486,667
57,39,85,48,555,588,668
21,21,41,45,460,497,668
33,21,90,53,515,549,668
176,79,427,206,691,724,668
42,24,97,60,528,571,668
34,26,64,53,521,546,668
55,28,108,51,549,574,668
48,20,106,31,527,532,668
257,63,761,246,771,801,668
65,38,160,86,585,608,668
33,29,54,57,478,483,668
33,29,60,57,483,493,668
50,27,122,65,560,591,668
35,24,65,46,492,520,668
76,43,202,92,600,623,668
37,24,55,36,474,502,668
21,21,47,37,466,469,668
39,32,88,51,514,549,668
56,36,122,88,581,613,669
487,122,881,234,776,808,669
88,35,347,142,649,676,669
38,25,52,40,496,543,669
20,21,68,73,495,523,669
254,85,703,286,768,806,669
31,21,91,62,544,563,670
192,73,474,172,679,711,670
43,30,53,51,485,515,670
57,30,149,75,593,612,670
23,20,71,52,486,517,670
30,24,68,47,493,524,670
33,26,82,64,523,559,670
38,28,141,112,545,586,670
59,31,148,96,585,613,670
27,22,97,74,527,545,670
72,23,207,87,608,642,670
26,20,66,55,501,536,670
26,21,34,36,480,525,670
44,32,186,120,575,601,670
121,63,436,253,689,718,670
92,63,151,115,596,629,670
31,25,40,36,456,514,671
180,73,489,191,704,737,671
36,25,74,64,479,553,671
26,26,60,63,507,537,671
163,69,524,253,695,731,671
49,37,128,110,564,610,671
29,22,55,40,468,492,671
36,22,81,47,519,554,671
18,20,26,41,403,383,671
62,31,134,65,559,587,671
48,21,134,52,557,584,671
17,21,41,37,436,462,671
81,26,149,51,568,603,671
26,24,88,64,516,546,671
70,39,115,57,552,564,671
78,41,210,88,610,638,671
17,21,60,60,473,510,671
26,24,56,44,460,496,671
33,24,113,69,538,564,671
18,21,28,31,382,343,672
40,26,125,75,545,585,672
29,20,60,40,476,526,672
32,24,54,28,491,529,672
30,21,81,49,516,543,672
137,34,365,102,666,695,672
508,122,986,255,828,855,672
315,114,658,321,748,780,672
41,22,88,37,528,523,672
508,129,848,186,770,798,673
88,34,238,99,620,645,673
516,131,958,284,827,860,673
49,35,190,128,577,603,673
53,30,138,75,563,592,673
344,99,799,290,775,811,673
344,85,750,204,750,783,673
31,25,67,48,490,527,673
38,27,85,52,499,547,673
15,20,17,30,303,403,673
43,24,92,52,495,525,673
72,45,160,89,583,615,673
42,40,65,63,546,575,673
27,21,35,25,434,466,673
30,22,111,85,537,568,674
57,40,160,136,584,620,674
33,20,81,55,485,552,674
34,27,59,54,522,556,674
34,23,62,43,492,540,674
237,83,537,154,701,736,674
40,31,75,53,532,568,674
58,36,143,71,566,610,674
91,57,253,134,628,665,674
44,29,115,61,542,566,674
40,30,83,61,509,543,674
32,20,53,28,461,473,674
109,44,255,103,633,665,674
51,24,103,40,527,568,674
34,20,109,74,518,544,674
20,24,53,61,467,499,674
27,20,92,64,513,543,675
80,44,170,95,578,604,675
50,29,93,61,531,565,675
31,20,29,17,422,423,675
55,31,105,58,535,579,675
21,20,53,45,467,507,675
27,20,64,35,474,499,675
111,59,198,112,630,659,676
67,34,166,81,588,622,676
55,35,125,79,563,597,676
34,21,61,41,487,550,676
51,26,181,115,573,610,676
58,37,124,64,568,593,676
44,27,76,39,497,522,676
48,26,116,56,542,561,676
106,67,314,211,658,683,676
65,26,110,42,548,575,676
66,48,161,126,593,626,676
38,23,82,44,481,505,676
36,23,107,60,523,532,676
18,20,38,32,455,424,676
23,21,51,48,458,478,676
23,21,30,32,389,432,676
55,29,162,86,559,587,676
15,20,29,42,452,485,676
22,22,59,44,481,504,676
136,57,358,147,664,698,676
23,23,49,46,462,495,676
83,33,155,58,572,609,677
45,21,100,40,529,553,677
23,21,43,41,458,478,677
39,26,79,47,511,560,677
76,33,176,70,615,653,677
111,71,256,157,631,663,677
33,21,72,43,516,552,677
27,22,61,52,491,530,677
51,33,133,83,561,602,677
86,33,275,100,625,638,677
68,34,218,99,599,621,678
47,22,95,44,531,572,678
54,20,77,32,495,524,678
52,23,120,50,551,587,678
26,20,42,22,442,471,678
27,23,50,38,441,466,678
43,25,128,74,545,560,678
47,24,149,61,552,578,678
42,24,98,55,544,574,678
32,21,83,41,466,495,678
28,20,71,41,513,538,678
47,26,68,43,510,546,678
60,39,116,64,552,591,678
84,48,290,172,628,658,678
27,20,94,76,516,537,678
48,34,106,66,541,550,678
35,23,101,57,524,540,678
35,24,71,52,502,533,678
30,22,73,49,477,521,678
39,32,44,40,493,532,678
57,31,122,66,550,580,678
35,26,63,61,481,518,678
25,23,55,54,461,511,679
32,25,65,55,524,531,679
19,23,28,36,381,466,679
50,32,140,84,565,597,679
25,21,52,50,469,504,679
157,75,321,154,651,685,679
36,24,112,53,530,564,679
31,23,104,67,517,550,679
34,30,94,82,499,549,679
45,21,85,60,526,583,679
146,55,523,234,692,723,679
59,28,220,108,593,630,679
91,43,214,105,620,652,679
37,21,57,37,498,550,679
33,29,52,37,483,513,679
37,32,98,72,557,590,679
78,34,188,95,610,646,679
78,43,224,137,629,660,679
41,24,99,39,526,561,679
21,27,56,72,474,521,679
36,28,35,33,484,506,680
32,21,88,52,517,558,680
33,23,76,60,503,525,680
34,28,74,50,497,534,680
65,34,124,64,558,579,680
90,58,309,172,642,676,680
15,20,34,37,430,474,680
30,21,58,31,468,492,680
36,32,52,37,486,524,680
35,28,65,58,491,530,680
46,31,102,72,551,581,681
32,20,71,47,490,529,681
121,35,241,81,620,654,681
34,22,33,29,394,493,681
60,35,148,81,568,601,681
151,62,418,137,677,708,681
117,52,311,147,673,705,681
36,28,27,21,488,531,681
49,40,117,83,559,579,681
48,38,124,97,555,582,681
31,20,62,31,507,523,681
124,60,325,152,645,671,681
37,30,53,36,493,517,681
33,21,66,36,498,504,681
45,37,40,42,475,491,681
88,41,224,116,616,645,681
102,43,218,104,633,666,681
195,43,856,182,743,773,681
63,27,130,52,573,591,681
70,46,140,93,588,622,681
35,30,60,62,495,525,681
18,20,42,53,478,536,681
30,24,42,55,490,528,681
43,23,101,56,549,585,682
48,29,105,65,533,568,682
33,24,110,61,547,569,682
22,20,33,32,475,501,682
25,20,51,41,451,428,682
39,22,75,42,511,535,682
30,27,83,50,501,533,682
22,20,35,42,408,488,682
65,44,133,86,569,597,682
40,28,177,137,577,607,683
188,59,539,182,706,733,683
52,24,160,75,582,613,683
88,44,323,169,647,675,683
33,20,70,35,519,543,683
17,20,20,33,464,523,683
18,20,47,54,455,483,683
87,29,254,89,623,660,683
21,20,34,29,433,476,683
65,31,200,93,593,619,683
64,40,206,132,590,613,684
24,21,54,57,482,501,684
48,34,119,85,564,596,684
61,39,125,72,559,584,684
27,32,42,56,491,516,684
56,45,106,78,560,587,684
29,21,82,49,523,553,684
53,36,111,88,561,603,684
67,20,159,44,566,595,684
39,22,152,93,570,602,684
19,20,27,36,368,420,684
234,75,604,202,728,760,684
27,20,37,34,450,496,684
35,21,114,64,511,548,684
46,30,130,97,564,598,684
126,55,275,104,636,667,684
56,29,149,73,572,610,684
38,26,85,68,532,558,684
219,91,533,232,714,742,684
40,22,100,59,529,574,684
112,55,297,144,653,683,684
72,42,254,148,610,643,685
34,25,75,47,493,530,685
70,36,195,126,589,617,685
29,23,95,73,519,552,685
36,25,79,59,506,547,685
59,27,133,70,591,624,685
35,21,89,62,521,551,685
60,34,107,54,548,584,685
32,20,65,42,520,585,685
42,23,58,47,501,514,685
104,55,198,114,621,658,685
59,24,513,176,666,700,685
130,59,324,132,669,696,685
26,24,34,34,448,524,685
37,21,55,35,494,539,686
16,20,21,38,395,430,686
53,20,132,55,576,597,686
190,71,604,222,725,755,686
96,46,201,110,610,638,686
24,23,54,47,459,465,686
86,52,198,98,614,638,686
27,20,95,79,538,563,686
95,49,215,107,619,653,686
167,83,468,192,678,712,686
62,23,177,67,598,619,686
45,29,99,40,529,563,687
16,24,46,70,438,485,687
33,25,119,91,540,571,687
50,31,191,100,589,618,687
50,35,90,64,561,593,687
122,49,575,257,707,734,687
71,38,218,85,595,631,687
18,23,20,34,430,457,687
135,70,381,190,677,706,687
204,58,557,168,706,737,687
40,23,104,58,538,555,687
81,32,200,95,600,631,687
42,31,98,66,550,570,687
57,30,122,56,547,563,687
121,55,265,104,631,657,687
30,23,45,33,436,490,688
79,44,189,91,589,618,688
89,33,292,129,641,678,688
137,76,309,160,665,689,688
26,20,49,36,455,457,688
30,23,59,49,497,552,688
78,33,162,86,579,595,688
65,30,99,43,548,580,688
240,88,639,218,733,763,688
75,42,141,86,589,614,688
35,21,73,45,500,528,688
45,22,80,28,520,550,688
33,22,80,57,513,571,688
41,21,86,44,524,553,688
11,21,33,57,412,424,688
66,37,185,103,588,605,689
103,46,394,176,657,687,689
67,38,226,127,600,633,689
92,50,424,250,682,717,689
124,52,467,248,683,707,689
30,21,69,41,489,488,689
40,25,152,101,550,568,689
57,30,106,57,537,571,690
253,70,726,189,735,766,690
45,28,109,58,545,570,690
28,22,53,49,482,496,690
50,29,112,60,552,597,690
48,22,83,38,544,567,690
52,46,122,112,556,588,690
17,21,47,35,461,493,690
44,29,155,96,577,605,690
26,23,53,52,456,469,690
75,37,132,76,573,619,690
44,26,147,79,587,617,690
391,118,768,316,799,826,690
128,54,331,148,671,703,690
17,22,19,41,406,435,690
31,26,71,56,497,534,690
197,71,446,180,686,717,690
148,61,288,102,645,677,690
83,34,181,62,593,617,690
41,27,83,44,508,542,690
45,27,75,56,498,556,690
45,32,99,69,529,556,690
110,48,280,130,648,684,690
56,25,119,44,580,623,691
77,36,147,68,582,613,691
45,21,292,134,601,638,691
68,29,131,53,571,580,691
123,42,314,107,653,679,691
45,23,119,66,562,586,691
79,40,264,134,634,660,691
25,20,64,53,503,508,691
29,28,72,58,513,446,691
124,49,370,188,679,709,691
34,25,73,53,508,544,691
73,53,104,67,539,587,691
255,98,636,179,723,753,691
105,36,332,156,650,686,691
42,24,64,35,505,543,691
50,36,128,72,571,606,691
34,20,81,52,516,535,691
38,37,66,68,507,520,691
36,30,61,57,515,536,691
40,21,104,74,528,584,691
41,25,149,85,564,589,691
102,44,242,116,616,650,691
88,37,265,91,621,647,691
25,28,42,52,480,508,691
32,22,48,37,490,467,691
80,43,194,88,608,637,691
53,30,146,70,552,569,691
52,27,104,57,541,562,691
45,20,132,57,548,572,691
44,31,77,50,532,535,692
86,30,291,79,622,650,692
41,27,71,53,521,551,692
40,26,114,68,546,569,692
87,52,259,148,628,659,692
32,23,64,52,506,536,692
31,25,100,84,545,575,692
60,34,171,103,580,615,692
44,28,57,35,507,519,692
13,20,32,41,447,472,692
94,45,258,104,630,653,692
31,26,36,35,480,523,692
69,34,124,42,560,593,693
323,85,947,186,761,794,693
22,20,55,49,478,545,693
47,29,129,76,567,579,693
56,23,335,173,628,662,693
192,75,515,187,696,728,693
23,26,26,40,442,489,693
24,20,65,59,490,514,693
281,68,610,131,730,756,693
99,45,248,114,629,662,693
33,28,136,104,562,585,693
124,62,378,200,675,705,693
38,24,104,72,542,570,693
73,35,145,83,605,632,693
99,49,229,94,635,665,693
55,28,235,136,624,653,693
175,72,434,179,694,721,693
53,35,130,79,572,586,693
52,31,116,82,557,595,693
68,32,143,78,576,609,694
52,33,111,67,547,572,694
47,28,84,45,516,523,694
31,20,71,47,495,510,694
33,24,86,58,518,554,694
93,43,389,196,659,692,694
109,42,369,177,671,703,694
55,28,176,86,586,615,694
33,26,89,72,500,545,694
95,50,376,202,654,685,694
56,31,133,61,559,573,694
160,45,685,248,742,774,694
26,22,32,26,407,430,694
36,24,119,66,548,521,694
23,20,59,46,463,460,694
18,20,40,49,449,440,694
37,20,84,28,506,555,694
42,26,112,63,530,547,695
35,23,76,55,519,555,695
21,22,24,33,433,457,695
46,39,96,79,552,580,695
47,29,127,84,554,577,695
28,26,47,54,472,494,695
37,28,114,100,557,583,695
13,20,35,41,443,486,695
28,28,46,43,462,473,695
55,34,131,73,576,595,695
37,26,109,70,534,559,696
252,86,644,310,764,796,696
22,22,93,67,538,571,696
58,32,136,89,573,609,696
63,33,162,61,578,604,696
35,21,63,36,504,531,696
497,126,964,282,816,848,696
93,40,166,86,589,617,696
39,33,58,52,468,506,696
36,23,96,64,522,561,696
41,32,51,43,491,512,696
25,20,37,20,499,523,696
46,30,179,101,558,576,696
107,53,314,159,665,685,696
29,26,91,81,538,564,696
65,36,158,81,568,615,696
66,32,222,111,606,636,696
45,40,89,85,534,559,696
66,35,196,104,605,638,696
33,27,33,48,489,511,697
43,25,93,52,502,525,697
62,31,118,67,579,605,697
16,20,27,41,427,448,697
110,42,358,145,664,695,697
93,44,293,132,628,655,697
18,24,40,53,421,430,697
34,25,39,39,453,481,698
30,24,71,52,527,560,698
66,34,99,69,567,597,698
34,26,41,33,454,466,698
159,48,668,187,733,768,698
27,22,44,38,501,515,698
33,32,74,68,510,533,698
20,22,51,55,482,517,698
60,47,122,88,578,600,698
507,128,883,312,816,846,698
47,31,82,56,516,553,698
22,21,35,34,454,493,698
11,22,17,36,439,464,698
35,29,65,52,507,542,699
56,27,185,80,582,616,699
58,24,219,90,624,661,699
28,21,127,89,520,542,699
21,24,42,50,453,460,699
43,25,88,42,511,530,699
31,25,79,64,537,574,699
90,35,219,85,603,634,699
33,31,50,40,518,546,699
17,22,31,34,413,415,699
27,22,41,37,461,507,699
163,67,446,191,681,713,699
21,26,49,58,448,476,699
131,57,492,210,673,703,699
87,32,245,101,615,653,699
27,20,71,48,492,523,699
20,20,32,35,430,485,700
39,21,52,28,490,504,700
32,28,63,55,478,511,700
44,24,102,62,526,559,700
48,23,116,56,546,573,700
120,53,303,128,646,669,700
76,48,196,116,595,622,700
109,53,227,110,628,662,700
404,98,841,199,770,800,700
142,68,281,144,643,669,700
40,22,100,52,541,594,700
88,37,240,81,633,664,700
288,92,706,306,762,788,701
52,24,142,86,581,601,701
25,20,37,30,460,498,701
53,26,81,37,530,559,701
22,20,46,43,453,500,701
54,26,99,51,528,564,701
76,36,177,83,600,634,701
22,21,88,62,493,499,701
39,22,118,53,538,572,701
84,31,204,94,611,639,701
40,26,114,71,533,542,702
37,22,85,59,538,576,702
64,40,129,77,570,605,702
386,81,846,233,766,796,702
37,24,96,66,548,562,702
20,21,48,42,462,478,702
43,31,78,54,521,550,702
47,27,176,104,577,608,702
103,53,210,114,609,645,702
39,22,105,60,546,571,703
28,21,45,55,447,506,703
58,34,165,105,576,607,703
33,24,88,54,531,554,703
46,23,70,38,510,542,703
33,24,50,29,475,485,704
40,28,85,68,510,537,704
132,47,347,113,682,710,704
25,22,73,64,499,536,704
36,25,75,50,513,529,704
87,35,162,54,576,598,704
36,22,54,33,496,536,704
85,40,284,112,626,651,704
12,20,14,30,351,363,704
429,122,796,322,812,838,704
40,25,158,84,599,636,704
63,30,227,93,609,641,704
97,54,226,90,627,651,704
38,24,113,51,561,574,704
149,64,292,100,647,677,705
31,21,143,86,557,589,705
35,27,81,62,516,554,705
23,28,26,39,414,486,705
32,20,58,31,499,530,705
91,45,262,123,608,642,705
57,35,153,94,564,598,705
38,24,82,39,527,538,705
61,35,187,108,587,618,705
22,22,60,51,473,490,705
16,21,20,32,390,393,706
36,25,65,52,492,523,706
76,33,192,58,611,634,706
30,29,36,49,483,525,706
139,65,418,153,668,698,706
27,21,60,49,490,495,707
55,36,309,176,640,671,707
48,31,134,67,571,603,707
66,30,157,92,583,612,707
19,22,49,41,473,472,707
40,33,78,75,515,550,707
40,29,72,47,514,562,707
55,36,202,118,595,628,707
35,22,93,61,524,547,707
176,75,507,199,701,734,707
32,23,48,40,486,522,707
74,45,230,107,630,661,707
56,27,187,93,581,606,707
29,21,62,51,510,531,707
103,50,185,92,616,650,707
40,27,75,54,526,557,707
52,20,120,47,553,582,707
56,39,83,61,547,583,708
33,29,96,82,530,565,708
55,23,336,150,659,691,708
121,38,350,99,658,687,708
42,26,91,40,511,527,708
32,20,47,25,491,509,708
49,29,89,41,539,574,708
50,28,71,49,515,567,708
15,20,45,49,463,483,708
114,46,360,135,657,686,708
22,20,44,42,465,483,708
66,29,140,70,569,603,708
168,57,330,137,669,703,708
72,34,160,78,569,595,708
32,25,71,62,508,544,708
47,31,111,68,555,581,708
65,37,231,128,629,654,708
40,26,62,45,496,503,708
123,50,503,268,697,727,708
63,35,110,74,560,599,709
35,23,91,73,556,590,709
98,43,265,158,634,676,709
44,24,90,64,547,570,709
50,22,132,57,554,599,709
93,35,253,120,624,663,709
84,44,289,184,635,668,709
261,69,757,224,757,786,709
53,40,84,72,529,544,709
85,40,518,206,680,712,710
47,24,92,45,539,566,710
56,23,262,130,623,655,710
61,32,131,78,575,605,710
631,133,976,226,820,855,710
528,140,904,300,827,856,710
42,23,88,43,521,546,710
251,94,563,228,728,759,710
45,20,76,34,514,558,710
211,70,589,201,714,745,710
37,22,89,45,518,529,710
75,33,129,42,571,596,710
39,29,71,51,523,556,710
40,20,74,44,516,542,710
34,33,35,50,456,488,710
14,20,17,28,95,97,710
34,27,43,33,480,505,710
28,20,89,69,513,556,710
22,24,69,77,494,525,710
110,49,309,147,657,688,711
27,24,36,45,480,515,711
37,21,74,49,500,539,711
27,22,56,47,473,506,711
74,43,123,58,583,612,711
37,22,87,59,532,572,711
31,27,69,63,530,550,711
44,25,76,47,513,537,711
24,22,33,30,447,480,712
37,21,113,69,557,581,712
97,35,197,66,617,646,712
27,20,75,47,524,558,712
78,35,163,69,593,621,712
55,36,150,86,584,603,712
38,21,43,28,505,522,712
72,46,126,72,565,589,712
364,105,804,191,767,798,712
23,27,30,42,465,468,712
33,26,111,86,531,563,713
16,23,29,34,454,520,713
20,22,36,50,477,494,713
301,85,843,217,746,778,713
44,26,104,75,556,596,713
19,24,16,27,384,386,713
58,44,137,106,589,620,713
36,21,46,31,473,535,713
20,20,30,41,446,490,713
27,23,51,39,484,508,713
30,26,50,47,508,523,713
223,67,622,174,710,741,713
26,20,46,38,457,489,713
45,30,80,66,524,550,713
34,26,70,50,497,522,713
66,34,193,118,609,634,714
31,24,45,39,469,500,714
80,32,157,69,602,622,714
41,36,78,71,531,550,714
252,91,696,195,743,774,714
201,71,585,208,725,760,714
28,20,39,24,485,514,714
48,30,147,86,554,584,714
25,21,46,35,473,494,714
58,25,173,77,596,625,714
44,26,179,111,582,612,714
32,21,133,81,565,595,714
69,32,183,86,579,605,714
37,24,81,49,537,562,714
126,59,345,179,659,690,714
31,24,61,40,507,501,714
37,21,83,58,524,558,714
99,45,286,126,639,672,714
20,24,47,48,476,507,715
67,38,163,108,589,618,715
80,47,167,91,597,624,715
21,21,38,33,432,444,715
23,22,36,40,465,485,715
114,31,306,89,643,663,715
455,101,862,266,794,830,715
30,26,32,32,463,488,715
371,95,698,180,744,775,715
32,24,42,37,464,479,715
296,62,876,261,802,833,716
40,30,88,55,519,548,716
20,21,46,40,498,531,716
23,21,22,40,459,485,716
37,23,63,48,504,548,717
36,31,50,36,481,504,717
39,22,48,30,473,481,717
96,34,253,115,645,661,717
38,26,91,51,523,541,717
17,20,37,46,451,485,717
72,42,178,84,602,629,717
39,27,94,44,522,525,717
52,20,198,98,585,626,717
44,36,100,80,534,569,718
26,22,54,36,485,505,718
36,21,85,41,530,538,718
26,20,32,29,470,502,718
32,25,65,58,505,531,718
31,22,76,51,512,541,718
85,46,205,104,596,619,718
18,20,33,40,412,467,718
62,39,147,86,584,614,718
150,68,266,109,648,675,718
30,21,98,77,539,583,718
50,26,214,118,601,634,719
105,41,189,70,605,634,719
33,26,66,49,520,551,719
30,28,63,49,487,529,719
49,29,164,80,570,602,719
25,28,38,41,460,495,719
58,30,132,60,580,598,719
47,34,85,63,543,570,719
148,49,311,88,653,682,719
190,56,672,178,712,739,719
537,129,911,288,794,843,719
36,28,65,47,507,524,719
21,22,37,37,428,490,719
26,20,25,30,476,518,719
60,31,74,46,532,559,719
24,21,72,55,504,531,720
43,24,103,73,560,588,720
126,49,313,119,651,676,720
25,22,46,42,461,513,720
16,22,28,37,410,422,720
149,61,518,198,684,712,720
55,41,123,100,564,598,720
40,22,94,67,535,551,720
35,21,82,48,515,528,721
24,20,44,38,449,465,721
41,20,77,55,521,588,721
46,28,109,65,537,559,721
38,22,47,25,505,534,721
38,20,67,43,506,547,721
37,22,82,54,530,557,721
138,65,485,216,691,727,721
22,20,64,48,495,517,721
56,34,166,98,572,596,721
52,38,70,50,518,547,721
19,22,19,29,435,474,721
37,28,94,66,541,573,721
26,30,56,66,489,517,721
22,21,42,55,451,479,721
147,64,589,290,715,742,721
42,29,76,56,521,560,721
452,80,913,132,766,792,721
37,20,78,36,513,548,722
29,21,80,52,511,545,722
27,25,53,47,495,545,722
54,30,96,49,537,544,722
19,23,43,45,458,479,722
48,28,137,55,573,605,722
28,22,39,42,472,486,722
23,20,34,27,454,492,723
99,30,237,91,621,656,723
42,20,153,68,560,579,723
42,20,67,38,516,558,723
26,25,52,48,482,505,723
19,22,57,52,479,486,723
30,24,67,48,503,520,723
51,31,148,81,564,595,723
27,20,68,52,485,505,723
216,58,428,116,681,710,723
25,20,50,50,474,516,724
30,21,36,32,487,546,724
90,42,211,84,610,646,724
23,20,24,32,427,493,724
28,20,47,32,456,478,724
42,22,107,52,560,571,724
35,23,102,53,524,511,724
24,21,63,54,501,538,724
45,36,98,77,544,569,724
99,36,173,53,601,633,724
40,22,91,40,541,557,724
27,22,71,58,512,561,724
23,23,21,32,457,505,724
85,52,171,105,605,632,724
25,22,47,42,476,518,724
26,21,59,51,507,531,724
34,20,133,71,548,559,724
52,33,82,58,529,554,725
71,25,177,66,586,615,725
62,40,177,120,586,611,725
26,20,54,34,470,481,725
55,33,110,61,551,590,725
37,22,65,40,506,554,725
32,21,66,49,507,545,725
35,23,81,59,533,560,725
69,38,137,89,584,616,725
23,20,42,42,464,520,725
37,21,94,44,519,529,726
25,20,34,26,471,508,726
26,21,50,42,481,520,726
21,20,50,39,476,481,726
30,27,64,55,495,522,726
56,21,151,56,576,603,727
27,27,64,70,511,545,727
70,29,170,74,614,645,727
82,39,178,84,610,639,727
279,82,580,151,714,744,727
165,55,339,111,663,690,727
39,29,84,75,519,555,727
22,22,47,53,461,488,727
55,26,149,60,576,616,727
39,28,70,44,499,537,727
45,28,74,63,511,560,727
36,22,52,40,473,533,727
40,25,108,73,553,586,727
29,21,47,38,463,477,728
22,20,27,30,448,471,728
29,33,38,45,493,526,728
77,58,166,125,588,619,728
63,30,141,100,574,608,728
41,29,83,60,531,560,728
117,45,220,81,632,662,728
43,20,123,69,551,580,728
44,28,118,66,541,554,729
86,38,185,91,596,629,729
28,21,50,33,465,490,729
41,24,84,48,546,587,729
51,40,64,51,520,549,729
24,22,39,39,472,499,729
25,22,60,52,493,514,730
54,35,107,67,559,581,730
105,50,305,154,655,686,730
31,20,61,45,479,545,730
18,20,52,49,443,427,730
30,21,59,44,527,550,730
36,20,89,39,551,586,730
21,20,34,40,438,476,730
29,28,60,58,491,508,730
26,21,45,33,489,467,730
89,38,209,82,603,639,730
19,22,55,63,502,531,730
43,36,89,78,531,568,730
36,22,146,87,553,589,730
38,25,83,55,525,547,730
56,32,89,53,541,581,731
16,22,22,43,423,441,731
40,20,75,32,520,547,731
37,24,75,48,522,544,731
32,20,35,17,488,566,731
29,21,65,58,515,557,731
49,36,86,56,529,549,731
50,24,125,56,570,614,731
61,36,168,102,588,618,731
24,20,44,36,491,523,731
109,54,221,91,627,657,731
24,21,62,55,484,507,731
44,25,127,67,555,578,732
166,81,405,203,682,714,732
157,62,350,129,662,690,732
34,21,74,53,516,535,732
34,20,74,35,504,542,732
21,20,59,54,487,524,732
60,29,120,60,553,592,732
31,23,52,35,500,501,733
56,26,114,55,557,588,733
61,24,145,57,581,619,733
21,20,25,43,421,463,733
83,39,233,89,604,633,733
20,20,63,56,467,499,733
27,21,63,49,479,525,733
33,25,111,68,519,545,733
228,77,487,167,698,727,733
53,39,133,109,574,607,733
29,21,59,30,499,519,733
27,20,42,38,494,532,733
29,24,98,78,519,548,733
41,30,88,74,554,583,733
28,23,36,36,477,493,733
19,24,43,57,466,497,733
36,36,64,76,534,560,733
43,27,163,91,561,588,734
34,24,50,36,470,495,734
49,20,90,30,536,568,734
34,22,30,31,445,506,734
18,20,26,41,431,478,734
26,20,55,52,467,490,734
48,32,82,60,528,559,734
41,22,72,32,511,557,734
66,30,153,71,589,615,734
44,22,133,60,553,580,734
78,32,211,65,607,634,735
44,30,116,68,555,580,735
32,24,80,67,518,546,735
36,24,81,55,534,564,735
27,26,48,53,478,518,735
41,27,81,57,520,542,735
48,29,81,44,535,582,735
57,28,159,87,575,603,735
18,21,24,38,447,486,735
49,33,77,41,532,569,735
33,24,52,34,508,542,735
25,20,37,34,457,498,735
387,114,755,250,767,809,735
45,31,78,67,529,558,735
32,27,46,40,487,505,735
49,26,103,66,545,565,735
32,20,71,35,515,535,736
35,24,46,38,476,519,736
29,22,90,62,534,565,736
46,35,46,50,486,541,736
31,28,27,29,460,496,736
27,23,61,61,509,542,736
24,21,28,31,469,481,736
35,20,107,72,550,580,736
26,20,69,49,492,524,736
81,27,171,50,601,629,736
37,27,74,57,525,559,736
26,20,39,39,448,539,736
30,22,80,65,516,560,736
26,22,62,51,472,533,736
25,21,39,32,467,499,737
24,21,41,32,480,489,737
37,25,78,55,512,542,737
40,28,81,50,521,567,737
34,27,85,61,503,537,737
59,30,158,85,571,603,737
39,25,112,75,554,584,737
32,20,176,105,577,610,737
65,34,132,83,569,598,737
51,27,96,46,532,539,737
30,23,66,56,495,516,737
24,20,38,34,457,515,737
27,22,66,42,492,515,738
41,23,87,54,558,590,738
86,47,344,184,658,690,738
26,20,46,32,470,466,738
131,60,364,158,662,691,738
75,29,134,56,571,599,738
50,28,200,111,600,636,738
41,22,131,57,554,570,739
21,20,69,54,477,506,739
37,27,59,48,492,530,739
35,22,66,41,495,535,739
29,23,69,59,486,540,739
52,29,96,54,543,590,739
44,31,173,101,572,603,739
87,44,208,95,600,631,739
32,28,61,59,526,549,739
45,32,113,76,572,602,739
39,21,98,51,544,569,739
29,28,32,31,445,481,739
58,31,157,72,585,609,739
34,21,45,35,481,548,739
31,22,68,58,506,534,739
72,41,157,84,599,624,739
54,25,100,40,543,564,739
81,41,277,136,614,648,740
36,23,80,48,501,520,740
37,22,54,34,497,528,740
40,20,90,41,519,556,740
50,20,111,57,542,560,740
171,66,402,151,689,719,740
157,73,401,140,675,700,740
126,58,245,128,624,657,741
34,21,79,61,513,548,741
63,23,153,73,589,612,741
21,21,28,33,438,464,741
80,49,134,89,575,599,741
62,42,132,87,577,603,741
30,21,75,49,504,523,741
98,52,212,115,608,643,741
17,22,52,67,466,502,741
39,21,104,52,541,576,741
59,23,168,61,580,607,741
57,25,116,68,567,610,741
34,21,91,58,518,560,741
67,34,181,86,588,620,741
31,26,55,46,502,534,741
45,26,94,52,554,574,741
85,53,220,131,613,644,742
65,32,203,80,601,625,742
31,25,43,39,453,479,742
42,30,78,71,526,560,742
40,28,86,57,530,580,742
81,34,144,68,579,612,742
100,53,267,113,626,653,742
35,31,86,79,528,565,742
23,22,22,28,406,440,742
33,22,82,61,518,545,742
55,29,124,61,589,612,742
48,28,85,38,527,550,743
46,20,133,60,567,594,743
45,26,121,74,564,594,743
43,34,74,53,496,532,743
38,20,88,47,528,580,743
45,25,100,58,545,582,743
70,30,140,68,577,605,743
47,25,88,27,522,556,743
43,30,108,67,576,601,743
112,46,205,82,617,644,743
37,24,113,86,560,598,743
38,22,95,57,537,573,744
44,28,88,60,530,555,744
55,21,185,78,573,613,744
39,24,66,47,484,518,744
74,34,231,114,609,642,744
28,22,47,45,467,498,744
42,22,112,45,556,576,744
39,21,61,36,510,547,744
38,21,85,40,515,534,744
163,46,502,172,706,739,744
99,56,217,116,619,648,744
44,26,105,58,550,588,744
32,24,34,39,506,543,744
36,29,64,44,511,550,744
53,26,76,34,515,540,744
23,23,39,41,474,506,744
21,22,42,48,452,490,744
27,22,66,41,490,512,744
47,30,119,76,547,564,744
47,22,86,46,558,608,744
37,32,74,61,499,531,745
80,29,387,142,641,672,745
51,32,76,64,535,583,745
21,20,60,51,494,544,745
18,23,24,35,424,441,745
195,62,448,139,686,722,745
18,20,27,20,422,426,745
28,28,42,50,482,525,745
45,36,67,68,522,556,745
33,26,31,40,461,497,745
19,23,42,43,443,465,745
50,28,99,57,550,568,745
50,23,88,38,522,551,745
42,27,59,45,509,545,746
327,116,717,250,766,797,746
32,24,62,57,508,534,746
64,41,102,72,552,578,746
58,35,119,56,581,601,746
91,38,196,58,611,632,747
41,29,106,77,534,566,747
27,21,52,38,460,459,747
171,63,461,189,703,732,747
238,67,721,218,732,762,747
17,21,36,44,466,511,747
58,30,140,65,565,606,747
39,24,62,48,503,561,747
45,24,103,77,562,595,747
22,20,48,43,476,528,747
42,30,78,57,520,545,747
143,55,553,216,712,739,747
199,66,651,173,712,742,747
30,20,68,45,507,518,747
35,23,158,114,543,563,747
32,20,72,32,502,503,747
65,36,153,84,584,609,747
65,31,114,57,576,606,747
35,26,81,51,515,533,747
43,25,124,75,551,582,748
55,27,125,50,570,597,748
34,24,99,81,527,560,748
46,27,67,49,500,527,748
31,20,71,42,502,508,748
77,26,136,49,557,578,748
36,21,61,29,497,526,748
27,20,57,38,502,523,748
56,39,152,104,557,586,748
105,48,353,182,671,697,749
70,37,124,64,568,603,749
34,24,61,49,492,516,749
126,43,315,126,644,678,749
30,24,53,40,475,528,749
35,27,101,90,534,561,749
127,55,366,174,655,684,749
48,24,148,74,577,607,749
173,41,417,126,677,706,749
40,27,83,55,540,574,749
40,32,66,59,509,540,750
174,62,378,144,680,708,750
61,31,136,71,567,589,750
108,48,244,133,621,645,750
66,28,197,121,596,629,750
65,30,141,77,558,582,750
76,36,156,82,582,618,750
26,25,37,43,497,549,750
55,35,113,63,544,568,750
47,30,197,114,566,590,750
161,49,487,150,682,712,750
35,26,79,61,519,549,750
42,27,79,42,516,533,750
29,28,71,65,509,542,750
59,37,155,93,584,616,750
28,20,44,34,477,500,750
65,27,153,72,585,603,751
74,35,148,69,602,629,751
18,26,23,43,451,487,751
141,62,389,163,666,702,751
26,24,18,28,420,463,751
41,31,88,41,514,522,751
95,48,307,192,633,663,751
28,22,68,65,486,519,751
81,37,187,106,602,636,751
22,21,68,56,510,541,751
77,41,182,97,610,641,751
43,21,57,29,482,535,751
297,94,644,178,726,758,751
26,20,18,17,433,429,751
34,26,41,34,471,509,751
294,107,681,307,752,786,751
22,20,47,35,465,473,751
75,27,149,71,571,606,751
30,20,73,57,494,538,751
49,24,148,91,566,601,751
46,20,106,38,530,544,752
24,24,17,26,409,461,752
30,29,33,43,479,517,752
45,34,140,113,567,598,752
117,30,703,253,717,749,752
64,38,164,109,600,631,752
337,84,668,171,735,771,753
30,21,62,46,486,511,753
110,43,291,129,635,664,753
56,36,125,79,541,562,753
61,35,190,90,578,601,753
348,76,845,265,798,827,753
29,23,53,45,488,512,753
72,35,168,85,588,633,753
101,42,307,133,638,662,753
77,39,145,73,564,590,753
36,24,34,31,479,527,754
48,26,67,29,489,527,754
33,24,102,69,536,571,754
35,22,83,32,518,527,754
37,31,54,48,477,533,754
26,24,58,54,492,528,754
32,21,73,47,507,553,754
47,33,155,93,562,588,755
69,34,176,69,583,610,755
37,25,85,44,517,552,755
111,49,326,113,652,670,755
192,53,742,229,760,786,755
49,24,81,44,530,566,755
95,44,274,126,648,679,755
159,64,385,155,687,718,755
29,23,69,57,496,539,755
33,23,40,31,458,535,755
50,26,136,68,562,589,755
181,58,579,195,708,735,755
97,43,208,92,607,640,755
99,35,256,104,617,636,755
441,112,817,219,776,812,755
39,36,77,70,546,574,755
106,36,207,69,613,645,756
41,35,108,77,532,567,756
32,24,60,44,515,554,756
33,22,75,49,506,547,756
43,22,101,46,535,577,756
186,80,496,219,697,725,756
25,25,27,45,425,448,756
36,28,96,76,526,554,756
59,33,128,73,550,576,756
50,21,148,55,565,587,756
226,64,554,156,721,753,756
32,24,55,38,480,499,756
51,36,99,77,534,559,756
277,91,725,238,767,797,756
405,84,981,221,807,851,756
51,29,106,51,557,581,756
109,55,327,148,650,678,756
189,68,564,207,721,754,756
45,30,92,68,550,581,756
29,27,48,56,470,497,756
28,20,44,33,441,479,757
324,105,728,248,749,782,757
30,20,114,81,534,559,757
94,42,205,113,601,636,757
109,54,218,86,614,646,757
30,25,46,37,460,476,757
40,24,119,69,544,576,757
46,21,153,63,580,580,757
395,144,711,308,778,810,757
113,58,343,195,659,690,757
32,21,51,35,461,488,757
99,73,214,157,604,637,758
60,26,112,57,548,559,758
32,20,80,39,509,505,758
21,24,54,42,469,472,758
55,35,111,70,549,577,758
393,93,942,211,770,799,758
346,98,739,215,754,788,758
301,104,578,164,720,755,758
254,80,600,179,718,748,758
88,55,220,115,624,656,758
38,22,57,41,503,534,758
168,67,349,152,663,693,758
54,37,121,87,571,604,758
21,20,57,41,476,485,758
11,20,32,50,395,423,759
135,68,264,143,649,686,759
22,21,35,30,437,474,759
26,21,38,34,455,467,759
37,24,99,76,510,557,759
189,71,526,218,707,738,759
35,25,84,63,516,546,759
37,23,63,53,496,550,759
44,28,98,61,547,583,759
23,25,34,37,470,503,759
88,33,240,76,597,618,759
226,93,460,191,704,736,759
35,28,56,44,471,512,759
107,41,405,185,678,713,759
307,95,707,280,784,813,759
62,29,169,73,592,612,759
40,24,130,64,545,562,759
70,35,231,130,613,640,759
37,36,66,75,477,483,759
72,37,121,56,546,578,760
33,22,47,39,479,516,760
31,22,60,50,516,547,760
46,26,74,43,512,554,760
23,21,72,65,485,524,760
29,27,50,40,491,517,760
94,47,178,73,591,625,761
94,65,183,123,601,632,761
45,27,126,55,553,542,761
22,21,32,37,432,454,761
25,21,42,31,456,500,761
35,31,76,50,506,542,761
60,33,153,68,575,596,761
18,20,21,34,412,472,762
36,25,66,47,483,515,762
37,32,61,67,518,552,762
19,20,52,52,462,485,762
36,23,87,41,511,516,762
41,24,59,31,518,530,762
71,28,165,64,570,593,762
34,21,84,48,521,571,762
97,43,255,100,606,639,762
25,20,78,71,489,526,762
295,86,704,229,750,776,762
100,43,262,124,631,669,762
39,28,63,51,489,507,763
33,25,91,73,528,557,763
24,23,64,62,486,523,763
43,24,82,40,530,559,763
38,35,26,35,425,453,763
48,35,127,91,551,575,763
54,34,92,66,545,572,763
93,32,203,79,597,636,763
34,31,97,88,524,559,764
40,32,63,61,514,547,764
41,20,98,54,530,569,764
43,21,73,33,512,531,764
30,22,77,45,504,532,764
53,25,189,102,583,610,764
80,38,185,107,586,617,764
75,34,186,80,616,650,764
38,27,98,53,526,537,764
36,21,69,43,505,524,764
34,24,71,43,519,520,764
29,23,59,44,480,447,764
32,25,50,48,514,561,764
29,28,89,75,494,528,764
24,23,61,63,490,528,764
26,21,49,43,489,527,764
24,20,38,34,456,478,764
52,22,203,91,595,577,765
42,30,97,51,539,561,765
30,26,62,49,493,526,765
28,29,46,53,479,523,765
23,21,34,36,479,486,765
270,76,691,177,732,762,765
42,22,94,50,507,543,765
40,24,75,40,508,511,765
24,21,55,46,467,486,765
68,31,167,75,576,611,765
46,30,132,86,562,597,765
37,21,176,95,579,604,765
101,48,444,237,680,712,765
125,59,252,85,624,634,766
36,25,84,55,516,554,766
52,25,101,51,517,549,766
34,25,92,74,508,529,766
40,20,152,68,570,585,766
67,40,150,102,572,607,766
18,23,50,66,458,490,766
51,31,166,75,573,606,766
22,22,30,23,422,468,766
49,30,75,43,539,548,766
61,36,125,62,570,608,767
58,33,147,79,576,610,767
191,71,455,165,693,723,767
48,32,78,55,526,581,767
74,37,116,68,556,587,767
81,42,236,119,610,625,767
170,64,369,135,665,699,767
28,24,36,37,463,488,767
35,20,57,39,494,518,767
39,30,98,69,528,558,767
31,20,51,37,469,492,767
25,24,55,58,476,501,767
38,21,97,46,512,544,767
52,32,84,55,563,586,767
76,40,206,113,607,639,767
50,38,111,77,548,568,767
43,43,57,66,527,559,767
109,44,163,54,590,623,768
31,25,139,113,552,585,768
53,28,198,116,604,632,768
72,25,266,95,627,656,768
31,27,117,98,524,551,768
32,23,78,39,517,518,768
46,25,75,36,514,547,768
61,32,285,169,644,673,768
150,51,416,127,665,689,768
109,51,328,182,639,670,768
47,23,121,58,568,591,768
38,22,97,40,539,561,768
35,20,85,57,542,573,768
37,24,51,48,499,511,768
210,101,577,296,734,766,768
213,61,507,159,706,734,768
174,64,362,190,678,705,768
36,23,89,55,506,564,768
22,22,51,50,469,507,769
24,20,29,31,472,507,769
19,20,53,44,459,443,769
60,38,131,76,571,600,769
37,22,69,43,503,545,769
17,21,49,46,469,508,769
163,54,442,150,682,712,770
23,21,52,46,482,514,770
26,21,66,55,503,518,770
37,22,97,52,533,566,770
151,75,355,174,674,702,770
124,62,328,119,629,661,770
50,24,111,57,538,577,770
32,23,81,54,521,548,770
169,55,529,182,705,729,770
57,41,294,206,603,631,770
29,21,43,33,471,504,770
24,24,61,52,469,502,770
166,76,457,163,681,710,770
72,32,117,56,573,605,770
27,28,22,33,431,483,770
57,26,72,32,513,538,771
26,23,47,41,480,506,771
102,40,396,139,655,685,771
62,28,120,72,564,602,771
52,30,104,78,533,571,771
69,50,142,98,576,606,771
173,69,516,236,706,740,771
102,51,249,99,630,658,771
131,68,242,105,637,669,771
80,43,141,75,603,634,771
274,97,680,262,743,772,771
355,93,931,251,791,823,771
42,37,102,93,553,585,771
21,28,37,64,424,481,771
35,30,88,76,499,535,771
22,25,36,45,408,443,771
261,70,734,200,743,773,771
52,25,165,82,572,596,771
24,24,64,51,479,477,772
56,38,108,65,543,574,772
23,21,35,36,465,500,772
35,20,156,98,563,593,772
28,24,18,20,398,471,772
84,50,175,83,594,625,772
43,31,115,72,552,571,772
20,21,33,39,468,484,772
354,118,742,241,755,786,772
126,59,305,141,643,673,772
79,37,230,112,612,639,772
65,37,82,42,545,580,772
51,23,124,73,566,601,772
57,26,149,68,584,614,772
91,48,146,78,595,634,772
91,37,281,111,620,646,773
159,70,351,153,674,703,773
31,22,60,47,495,513,773
51,24,81,37,488,521,773
198,67,587,183,708,738,773
93,41,222,110,605,635,773
155,72,376,171,677,707,773
75,36,158,73,578,615,773
50,26,107,40,558,611,773
27,21,82,57,500,537,773
55,33,88,55,532,562,773
15,21,47,58,467,500,773
61,27,88,36,528,552,773
34,21,98,68,523,561,773
22,24,37,38,460,492,773
113,55,350,169,651,683,773
37,32,77,66,495,528,773
48,28,84,57,522,551,774
51,23,141,65,544,558,774
39,24,92,44,514,545,774
127,52,293,98,651,676,774
653,161,990,292,835,867,774
31,21,70,37,487,502,774
26,23,58,51,478,487,774
23,20,61,45,450,483,774
15,21,38,44,439,469,774
38,28,92,74,513,539,774
49,20,131,51,556,592,774
44,31,95,78,525,560,774
58,21,152,56,566,603,774
23,27,64,62,488,521,774
24,22,46,55,478,534,775
38,33,75,62,518,548,775
26,27,48,59,502,524,775
15,21,32,45,396,423,775
33,25,82,55,513,527,775
28,20,49,40,479,521,775
58,29,121,41,544,585,775
63,32,166,95,599,634,775
32,20,55,44,504,538,775
24,21,55,49,480,513,775
21,23,66,63,460,496,775
107,40,303,106,625,658,775
65,36,84,51,527,561,775
29,20,53,36,493,496,775
24,20,54,36,498,520,775
31,22,72,59,509,544,775
105,49,201,91,606,634,775
59,24,144,63,580,600,775
40,27,41,29,473,515,775
103,55,260,133,636,665,776
28,23,61,59,494,522,776
63,23,164,63,582,615,776
48,24,118,51,545,570,776
40,21,74,51,501,535,776
79,26,194,67,603,631,776
30,21,57,42,497,548,776
43,22,93,51,525,549,776
18,21,40,47,420,481,776
80,39,160,86,580,600,776
47,27,77,40,532,571,776
88,55,237,119,605,631,776
66,33,164,60,581,610,776
81,45,219,99,601,622,776
94,44,203,97,606,629,776
25,20,44,35,500,540,777
111,43,391,166,662,695,777
41,29,116,73,529,565,777
123,39,292,106,637,662,777
37,26,71,38,479,472,777
83,44,277,139,614,645,777
72,33,210,99,593,616,777
80,37,173,73,595,627,777
21,21,30,33,422,440,777
31,21,56,31,510,501,777
40,20,79,49,513,576,778
35,25,57,39,480,499,778
29,22,53,41,485,540,778
73,33,229,82,613,644,778
125,35,327,80,653,683,778
33,21,46,22,474,516,778
44,28,106,72,549,566,778
43,20,117,37,544,563,778
31,24,65,52,484,520,778
39,38,79,76,509,552,778
35,23,84,39,527,578,778
88,36,199,79,603,628,778
35,22,104,87,531,571,778
42,27,90,62,527,547,778
65,30,125,62,561,594,779
72,29,187,80,574,609,779
23,26,41,45,438,493,779
38,21,98,34,531,561,779
20,20,30,37,419,477,779
28,24,59,56,481,539,779
89,35,356,147,660,688,779
30,31,32,38,469,511,779
46,30,176,119,578,613,779
61,29,197,92,603,632,779
48,39,86,57,526,546,779
47,25,99,44,521,560,779
40,33,105,86,549,588,779
35,21,85,49,534,569,779
111,38,223,70,617,641,779
29,24,71,58,499,518,779
25,21,57,47,478,499,780
33,21,75,37,513,527,780
37,27,73,62,496,508,780
21,22,29,30,416,458,780
39,33,27,30,485,541,780
54,21,127,50,553,587,780
20,24,15,31,394,428,780
32,20,70,44,496,501,780
66,34,164,77,580,608,780
50,36,138,106,576,601,780
18,20,60,49,460,487,780
216,75,581,186,703,729,781
35,20,98,40,523,534,781
21,20,57,46,475,510,781
26,23,35,38,445,483,781
28,23,88,79,519,541,781
52,34,104,74,548,587,781
20,25,39,56,451,466,781
274,92,628,215,727,755,781
18,24,35,55,454,486,781
23,20,76,62,512,534,781
37,30,100,82,540,563,781
30,22,89,70,526,559,781
55,28,123,62,569,608,781
62,40,121,83,580,613,781
61,34,103,51,548,566,781
27,29,42,55,447,475,781
29,22,69,53,524,540,781
26,23,68,55,498,530,781
24,24,101,96,533,564,781
40,31,63,52,505,543,782
28,20,60,44,482,528,782
39,23,28,21,451,456,782
51,33,94,48,561,591,782
61,32,168,77,590,607,782
27,20,86,61,508,523,782
86,33,329,166,645,674,782
54,26,101,34,539,564,782
67,32,171,83,597,627,782
25,26,46,53,490,514,782
95,47,322,195,665,689,782
30,26,61,42,492,524,782
51,33,65,43,519,547,782
35,24,58,52,503,572,782
177,60,409,155,683,715,782
17,20,14,26,351,369,782
27,23,78,69,482,510,782
78,39,208,114,624,648,782
70,29,199,109,595,631,783
24,25,42,49,424,460,783
35,23,55,28,481,532,783
84,42,183,88,603,627,783
24,21,54,39,462,491,783
74,32,342,161,628,656,783
35,23,100,54,540,574,783
40,28,104,61,532,551,784
89,55,236,149,627,652,784
173,65,430,156,683,717,784
62,37,209,124,616,646,784
53,35,100,52,541,558,784
203,87,344,112,685,716,784
37,24,68,42,497,489,784
52,40,111,77,543,580,784
50,28,161,89,589,620,784
239,75,682,258,742,773,784
41,30,82,57,515,539,784
71,50,153,112,559,591,784
36,21,121,72,571,596,784
56,29,129,69,579,610,784
58,29,110,63,544,589,784
174,82,440,186,695,726,785
25,21,31,29,445,498,785
66,40,201,124,613,637,785
47,20,100,39,540,558,785
36,22,72,45,510,540,785
28,22,57,34,489,526,785
144,47,405,123,677,706,785
158,63,553,233,705,735,785
17,20,16,26,426,432,785
67,35,189,109,604,640,785
40,27,78,54,529,581,785
65,41,152,94,593,620,785
32,29,65,69,515,542,785
31,30,51,51,472,496,785
109,59,294,132,641,666,785
37,20,42,27,474,501,785
152,55,347,131,656,691,785
32,23,73,46,500,529,785
313,109,721,251,747,775,785
22,26,54,57,462,508,785
34,26,70,50,475,546,785
71,31,122,60,574,609,786
95,32,291,118,617,646,786
71,32,160,67,583,612,786
24,24,52,53,476,513,786
100,43,202,94,597,623,786
66,31,150,68,558,580,786
604,166,978,307,851,882,786
146,72,308,138,651,689,786
68,41,190,96,592,626,786
16,23,34,47,432,432,787
37,20,44,25,487,528,787
25,22,38,35,474,527,787
55,27,157,63,570,596,787
240,91,644,258,740,772,787
164,55,469,193,683,713,787
71,40,180,92,599,621,787
24,27,74,73,498,523,787
111,48,340,142,657,688,787
113,52,184,107,604,633,787
56,23,128,64,576,593,787
57,36,173,94,583,602,787
285,81,697,185,741,769,787
69,40,124,73,542,575,787
47,32,100,67,555,588,787
86,31,180,68,598,637,787
274,74,718,237,740,776,787
62,41,148,97,562,592,788
36,23,47,30,491,509,788
19,25,58,60,437,472,788
77,52,143,95,583,621,788
47,27,122,72,548,588,788
20,21,16,21,408,425,788
22,23,30,40,415,479,788
22,23,35,47,454,507,788
64,34,156,104,566,599,788
68,35,221,132,609,647,788
49,31,130,63,553,582,788
22,26,44,61,461,487,788
37,20,75,25,494,491,788
66,46,130,100,577,605,788
63,35,217,127,602,636,788
29,26,62,68,494,562,788
23,27,37,45,447,491,789
35,28,97,74,543,570,789
52,28,128,78,564,578,789
59,28,153,67,579,610,789
33,20,50,41,495,521,789
32,20,72,44,494,505,789
377,72,830,131,747,778,789
299,111,618,196,738,771,789
50,27,140,80,584,609,789
15,24,25,47,369,460,789
139,48,422,142,683,713,789
168,75,428,166,684,716,789
20,21,30,42,431,471,789
77,31,130,49,566,599,789
27,20,49,37,464,480,789
48,26,156,105,569,599,789
89,58,156,73,587,624,789
26,21,62,53,503,531,790
25,22,50,53,501,532,790
36,30,103,90,513,550,790
293,93,700,214,740,770,790
206,73,594,211,731,762,790
500,138,910,208,821,849,790
39,30,85,73,509,533,790
28,31,51,59,448,490,790
26,24,55,34,470,470,790
117,46,305,133,652,684,790
46,31,120,78,553,577,790
102,39,253,113,625,659,790
23,21,27,23,429,457,790
32,24,49,31,466,523,790
32,21,73,49,492,533,790
59,30,236,139,621,657,790
24,20,35,39,500,537,790
189,72,420,166,684,712,790
48,31,157,123,572,604,790
39,22,98,48,518,551,791
41,27,87,49,535,567,791
61,37,159,89,579,623,791
28,24,68,45,484,501,791
41,31,68,54,521,571,791
29,20,47,43,476,482,791
47,34,138,105,544,565,791
28,22,78,67,535,564,791
39,23,91,51,523,523,791
41,26,80,50,519,542,791
408,103,895,346,813,849,791
20,20,33,31,463,516,791
42,20,80,46,522,550,791
51,29,124,63,550,562,791
15,23,22,39,365,456,792
57,27,133,52,552,573,792
30,20,67,42,491,515,792
37,24,100,69,546,591,792
88,44,236,114,622,649,792
413,90,813,180,764,793,792
209,75,538,205,703,730,792
34,25,77,53,525,525,792
43,26,87,48,511,550,792
205,91,454,201,698,731,792
76,36,176,79,598,623,792
32,23,111,87,559,602,792
26,25,65,67,463,516,793
25,22,71,54,479,497,793
79,34,232,117,603,627,793
38,20,109,48,523,554,793
19,21,18,30,407,443,793
29,23,71,60,495,533,793
31,22,46,49,458,523,793
102,44,561,242,717,749,793
50,25,203,110,599,627,793
45,22,214,120,591,601,793
35,21,68,40,497,530,794
74,36,191,86,597,615,794
23,21,67,55,494,534,794
75,37,283,149,616,641,794
26,21,104,76,517,533,794
71,47,157,106,581,609,794
23,23,37,44,438,499,794
54,33,122,68,580,607,795
36,21,76,43,510,550,795
35,25,49,34,508,536,795
72,34,172,74,580,588,795
50,34,89,60,529,554,795
52,20,158,80,570,605,796
155,78,336,186,674,703,796
39,28,103,59,541,555,796
29,21,57,39,509,538,796
38,26,75,46,525,537,796
37,24,104,71,540,564,796
91,41,235,118,611,648,796
40,29,58,41,483,502,796
323,83,796,201,767,799,796
21,21,23,24,424,443,796
205,55,746,178,721,749,796
28,26,67,68,490,547,796
64,32,175,94,565,597,796
62,33,143,66,566,606,796
37,33,88,86,539,571,796
37,29,98,80,523,558,797
30,25,67,46,496,499,797
32,23,92,51,525,567,797
30,21,39,34,450,499,797
47,22,115,41,546,543,797
73,39,221,120,607,624,797
34,23,56,41,493,525,797
19,21,27,39,436,470,797
71,37,88,64,557,589,797
46,22,134,62,558,595,797
20,20,38,37,467,487,798
24,21,76,57,508,538,798
65,37,109,58,551,562,798
52,39,97,78,544,579,798
30,21,50,34,495,547,798
46,27,96,62,530,554,798
32,30,41,51,490,521,798
43,20,97,41,523,551,798
142,69,343,180,645,675,798
233,71,663,207,745,774,798
50,29,138,82,563,600,798
18,22,36,36,413,476,798
21,22,34,37,433,470,798
27,22,84,64,514,546,798
29,23,41,39,476,512,799
33,23,75,51,526,552,799
36,20,42,24,470,507,799
98,31,425,206,666,705,799
587,139,997,284,832,863,799
58,32,106,61,541,578,799
32,24,68,52,486,514,799
57,29,127,72,568,609,799
87,23,199,62,593,625,799
35,24,64,49,491,530,799
46,25,161,101,565,600,799
28,25,118,92,505,527,799
43,25,61,33,486,560,799
26,24,42,40,440,424,799
28,20,28,25,436,457,799
32,23,101,58,517,552,799
27,22,60,51,498,541,799
16,24,16,36,378,428,800
25,23,102,87,505,535,800
92,40,291,120,617,653,800
35,21,82,62,523,563,800
49,24,127,52,552,574,800
27,21,51,37,484,513,800
64,28,164,74,582,615,801
124,61,271,112,629,657,801
29,21,63,43,492,532,801
37,24,213,137,588,627,801
34,20,82,39,528,551,801
127,57,491,182,682,710,801
39,28,49,37,478,532,801
69,33,141,59,572,584,801
78,31,200,68,595,628,801
54,26,143,72,567,591,801
39,24,46,37,491,541,801
44,28,105,66,535,556,801
42,20,95,38,526,564,801
54,26,115,64,558,590,802
163,63,565,232,700,729,802
101,46,176,74,617,646,802
43,31,66,41,505,575,802
43,21,60,37,509,538,802
58,27,117,60,552,575,802
18,20,24,39,415,477,802
93,35,335,141,640,669,802
43,26,97,79,530,569,802
25,25,46,41,437,463,802
98,51,251,110,617,646,802
26,26,49,50,482,534,802
62,25,159,75,568,585,802
32,24,108,81,528,550,802
111,59,218,124,622,654,802
38,24,61,26,515,565,803
54,35,124,71,562,591,803
19,23,24,30,398,427,803
38,24,69,45,506,534,803
42,22,72,48,526,574,803
43,22,63,31,494,551,803
61,24,168,56,590,637,803
40,22,100,48,548,557,803
53,31,159,73,572,604,803
30,23,57,43,499,540,804
78,47,173,108,594,630,804
53,35,50,24,505,533,804
32,31,75,77,540,561,804
25,23,30,29,433,489,804
29,21,59,46,497,553,804
27,22,67,51,497,529,804
74,44,160,89,574,605,804
70,35,143,70,598,630,804
42,30,93,61,534,574,804
25,21,32,26,448,477,804
22,20,61,54,475,526,804
29,21,51,33,469,495,804
29,21,67,44,498,564,804
43,27,102,64,552,605,805
88,38,184,84,597,622,805
209,91,482,199,702,731,805
52,26,126,58,558,592,805
39,29,71,48,531,553,805
71,36,144,83,570,623,805
40,26,157,100,581,620,805
45,20,118,41,536,571,805
21,20,21,28,363,450,805
26,20,69,47,501,530,805
34,23,86,58,511,547,805
70,39,111,60,556,590,805
33,23,78,42,504,552,805
18,22,13,35,427,461,806
40,22,84,50,516,562,806
68,30,197,80,595,633,806
103,53,317,184,650,678,806
25,22,38,34,461,456,806
110,40,192,79,598,633,806
32,23,131,82,558,594,806
36,26,72,62,528,553,806
73,53,182,122,575,608,806
43,23,90,44,520,494,806
28,27,70,60,511,536,806
96,42,273,117,629,665,806
131,57,256,111,632,666,806
27,33,76,78,499,526,806
65,30,167,77,582,591,806
189,76,385,171,683,711,807
40,20,43,21,494,508,807
43,28,96,58,523,526,807
48,29,87,61,522,563,807
21,20,44,38,483,502,807
80,54,138,95,568,594,807
61,40,174,119,589,624,807
187,75,360,125,662,691,807
31,23,113,79,535,560,807
28,29,64,67,499,527,807
115,76,197,124,618,652,807
130,48,308,91,645,672,807
55,30,152,84,567,604,807
27,28,37,44,471,529,807
43,22,76,30,502,516,807
92,44,301,182,622,657,808
25,20,56,40,464,505,808
27,23,34,32,468,497,808
30,22,115,82,538,565,808
109,52,490,238,689,717,808
34,20,87,50,532,572,808
109,41,327,113,638,670,808
53,37,153,93,582,610,808
265,93,531,183,720,750,808
30,23,80,54,519,545,808
31,20,72,39,503,530,808
14,20,18,43,280,353,808
30,22,49,37,489,523,808
50,24,86,49,531,572,808
17,20,34,41,428,460,808
20,21,27,31,446,479,808
26,25,51,50,492,523,808
58,31,125,58,563,592,808
20,21,45,43,474,518,808
81,37,158,56,578,614,808
37,21,113,55,546,578,809
178,54,476,163,695,728,809
65,35,108,38,560,601,809
53,42,93,78,558,599,809
191,96,449,224,705,736,809
38,20,90,44,517,539,809
35,20,53,36,488,542,809
52,34,112,63,536,580,809
38,22,51,28,510,528,809
56,37,161,122,575,593,809
36,20,104,63,536,549,809
24,22,32,42,428,460,809
28,22,96,78,509,555,809
44,27,89,52,541,605,810
35,20,105,61,517,559,810
21,22,50,50,436,469,810
36,24,106,88,527,573,810
54,37,60,34,501,530,810
23,20,59,52,489,522,810
36,29,64,52,478,515,810
41,34,23,34,432,489,810
54,38,111,73,564,598,810
71,39,176,98,578,615,810
32,21,74,50,483,519,810
56,31,118,56,562,582,810
59,28,141,72,545,567,810
410,94,845,245,761,793,810
77,36,253,148,617,648,810
321,91,766,223,759,792,810
98,48,213,130,630,658,810
61,35,131,74,554,582,810
29,20,92,67,523,573,810
53,36,147,111,583,627,810
77,41,178,96,600,638,811
87,48,190,90,609,644,811
25,23,71,41,491,520,811
79,32,199,69,606,638,811
50,28,139,84,575,588,811
20,23,40,35,456,465,812
47,24,86,34,521,585,812
72,37,144,79,582,611,812
119,30,310,87,654,684,812
69,28,225,115,645,678,812
113,71,240,141,638,668,812
38,28,110,72,552,583,812
138,64,404,206,673,707,812
155,41,477,134,679,713,812
136,48,412,127,660,691,812
152,47,602,197,703,738,812
35,22,77,50,512,551,812
36,20,78,37,505,522,812
113,57,271,146,644,674,812
30,27,52,39,495,524,812
40,29,69,48,500,535,813
29,22,61,63,494,542,813
26,23,42,37,482,543,813
103,49,247,106,637,670,813
77,46,154,78,607,638,813
44,21,103,57,534,580,813
101,38,215,83,604,638,813
25,23,63,62,492,546,813
53,27,94,33,531,564,813
274,80,754,245,777,809,813
50,28,124,71,555,587,813
37,25,80,58,513,564,813
66,46,236,142,614,645,813
131,52,246,87,635,663,813
44,34,62,48,498,529,813
65,41,171,98,585,624,814
34,32,96,94,521,560,814
38,23,64,52,506,551,814
25,20,60,40,481,521,814
42,21,87,46,495,537,814
84,30,193,71,587,629,815
142,71,278,124,657,677,815
62,33,145,83,569,602,815
27,20,46,37,472,517,815
35,28,76,65,517,560,815
22,22,37,41,433,487,815
124,55,273,124,634,662,815
27,20,60,29,471,482,815
85,37,291,113,623,655,815
45,31,152,85,564,583,815
71,35,208,122,600,628,815
40,25,102,51,538,557,816
42,31,95,67,539,566,816
30,25,157,115,557,593,816
23,25,32,52,474,523,816
28,23,75,60,494,534,816
49,27,129,81,547,570,816
22,29,43,51,478,500,816
117,47,267,120,630,655,816
65,32,76,45,534,562,816
45,25,84,62,513,560,817
45,25,98,70,527,540,817
56,35,113,80,543,575,817
39,23,112,59,532,551,817
12,21,18,40,379,421,817
29,29,79,59,509,533,817
35,23,59,41,504,545,817
24,20,35,30,433,479,817
37,29,67,53,517,550,817
40,22,102,71,566,592,817
40,30,44,39,477,516,817
21,21,16,22,449,454,817
105,50,205,87,611,651,817
279,60,773,172,728,757,817
100,35,242,75,628,660,817
22,22,75,54,502,521,817
30,23,46,30,468,490,817
15,22,28,41,418,401,818
40,32,63,55,522,554,818
23,22,36,34,443,521,818
25,23,53,51,501,529,818
25,21,30,27,448,508,818
22,21,32,34,420,469,818
74,34,189,100,597,629,818
44,28,91,51,554,588,818
59,34,156,92,583,611,818
28,24,66,51,483,530,818
67,45,166,115,577,608,818
42,31,72,59,527,578,818
23,28,73,83,486,531,818
42,26,91,57,517,562,818
86,52,165,89,587,629,818
44,35,110,86,565,605,818
24,25,25,34,428,563,818
161,45,372,102,664,697,818
48,25,122,44,550,574,818
50,29,142,81,564,596,818
36,29,88,65,512,541,818
86,38,267,105,624,657,818
95,45,201,80,623,654,818
287,93,622,206,731,759,819
143,42,411,114,674,712,819
33,20,55,37,486,513,819
42,27,160,92,564,598,819
31,24,103,90,542,577,819
94,54,201,106,608,625,819
41,21,43,22,483,545,819
46,22,83,24,512,528,819
38,30,63,59,493,541,819
48,29,121,60,573,606,819
139,73,326,151,663,697,819
53,22,78,28,515,535,819
51,27,186,82,586,614,819
56,35,201,128,588,622,819
40,23,103,57,535,542,819
39,28,67,43,528,541,819
22,23,50,43,465,506,819
28,21,49,35,471,518,819
49,24,106,43,541,542,819
51,27,93,41,537,557,820
86,39,298,150,627,660,820
70,28,133,56,561,593,820
44,21,96,37,536,576,820
47,32,60,40,509,575,820
31,28,39,44,449,468,820
30,28,57,62,488,524,820
31,21,105,74,536,570,820
99,48,341,144,648,686,820
77,40,296,148,622,651,820
26,21,84,61,507,537,820
29,24,30,36,469,519,820
42,20,102,64,531,565,821
103,36,267,91,633,671,821
60,27,91,46,518,562,821
49,22,64,27,504,514,821
29,21,66,40,512,535,821
233,91,570,177,716,744,821
47,28,173,90,571,611,821
60,32,130,72,572,604,822
55,27,227,128,599,625,822
117,38,413,136,678,707,822
33,23,63,47,500,521,822
100,45,181,63,611,638,822
22,21,20,30,434,496,822
50,28,80,35,536,561,822
22,22,85,70,509,545,822
30,21,126,85,558,587,822
35,24,122,100,521,554,822
38,29,29,26,475,495,822
157,64,528,190,690,722,822
113,52,280,132,642,671,822
112,49,292,136,644,679,822
64,30,200,87,585,608,822
30,27,101,89,515,545,822
39,25,103,65,539,566,822
59,33,81,44,530,559,822
29,22,58,54,517,555,822
90,33,228,95,613,637,822
33,23,68,41,499,526,822
184,68,457,138,702,732,822
87,44,195,91,610,631,822
33,20,75,53,518,535,822
49,37,125,87,550,579,822
28,21,26,22,480,512,823
37,25,87,50,503,524,823
79,31,139,64,590,607,823
35,27,79,61,515,556,823
87,47,202,77,595,628,823
74,26,160,48,586,614,823
39,20,138,57,549,572,823
35,20,67,39,501,541,823
123,49,235,100,631,660,823
114,69,252,144,632,663,823
102,42,256,111,614,649,823
500,120,896,269,801,831,823
28,23,41,35,464,532,824
114,46,331,132,659,686,824
45,26,84,52,519,549,824
16,20,34,49,459,471,824
21,23,39,36,410,457,824
52,26,100,60,537,563,825
29,23,49,45,474,508,825
26,23,45,44,489,520,825
42,21,72,40,514,522,825
419,88,990,262,815,847,825
48,33,117,77,552,567,825
75,30,157,60,561,593,825
38,21,85,49,528,571,825
27,28,64,55,510,520,826
479,91,1003,199,779,808,826
26,22,44,43,447,472,826
43,26,110,70,556,586,826
20,20,28,35,425,449,826
44,31,148,98,590,616,826
38,36,69,64,519,553,826
33,21,98,54,518,520,827
15,20,32,39,423,462,827
67,37,140,71,581,618,827
16,21,54,54,467,487,827
28,20,53,40,475,508,827
31,26,76,61,508,533,827
73,32,258,121,601,629,827
67,41,170,109,573,600,827
90,35,313,133,627,654,827
43,30,77,54,521,562,827
25,22,61,48,497,522,827
40,22,50,28,469,505,827
32,20,72,48,494,528,827
64,29,135,53,582,624,827
17,20,16,25,307,383,827
30,24,108,82,526,585,828
55,29,196,108,601,642,828
27,20,78,48,498,534,828
49,29,128,83,562,577,828
46,23,99,57,525,543,828
27,20,30,35,444,569,828
16,20,26,32,413,444,828
24,20,75,67,496,527,828
76,39,204,84,599,634,828
49,28,232,124,602,632,828
30,22,54,46,489,530,828
57,29,255,125,620,649,828
29,29,37,43,476,494,828
24,20,42,30,472,501,829
24,21,57,47,492,508,829
35,24,80,63,522,548,829
28,21,56,43,464,492,829
31,30,34,36,459,480,829
53,25,100,39,564,601,829
42,40,95,82,521,545,829
20,21,23,24,432,436,830
37,21,106,70,535,570,830
114,61,261,152,635,668,830
18,22,23,31,476,500,830
16,20,24,30,384,379,830
49,23,235,106,620,648,830
246,61,754,236,762,791,830
54,29,138,54,566,604,830
28,22,78,59,507,527,830
46,23,82,36,526,569,830
30,26,84,79,516,552,830
50,28,119,76,543,574,830
43,27,68,47,513,555,830
26,24,54,47,488,518,830
40,22,87,53,518,549,830
28,25,47,44,502,516,830
79,43,159,65,587,613,830
63,24,130,47,562,593,831
22,21,69,55,497,536,831
38,22,107,72,523,552,831
26,25,46,46,429,485,831
34,30,68,71,523,569,831
31,21,83,46,519,519,831
51,24,92,39,552,596,831
23,23,27,38,459,493,831
62,26,133,63,558,593,831
30,21,112,78,532,572,831
50,29,116,43,560,543,832
62,35,211,140,598,626,832
23,21,27,36,459,494,832
20,20,59,61,494,538,832
24,24,56,57,504,525,832
36,20,69,38,495,551,832
52,23,113,59,550,575,832
69,33,205,108,611,644,832
163,83,365,150,657,689,832
34,24,50,33,464,475,832
36,22,79,62,513,529,832
73,32,272,110,618,641,832
21,25,34,41,428,489,832
33,22,60,41,500,548,832
28,20,53,35,473,514,833
45,30,86,52,527,539,833
40,20,113,62,527,564,833
31,25,98,65,515,540,833
39,28,63,45,493,540,833
29,20,66,30,495,476,833
21,26,26,41,438,469,833
40,22,95,67,527,547,833
48,26,135,79,565,599,833
65,29,141,67,559,578,833
34,25,115,88,564,604,833
45,34,141,107,556,583,833
38,26,95,65,530,562,833
59,39,102,57,546,585,833
76,34,131,54,580,619,834
20,26,37,59,457,499,834
54,20,126,50,564,563,834
19,22,47,55,444,481,834
79,47,214,115,596,621,834
32,20,66,44,508,551,834
36,24,42,36,474,537,834
72,36,287,141,614,642,834
48,28,180,91,586,614,834
41,22,91,51,548,583,835
30,20,109,61,516,554,835
107,72,178,99,600,635,835
51,34,92,68,536,567,835
45,26,104,78,537,566,835
39,26,89,64,536,572,835
80,36,224,103,615,652,835
21,22,46,45,470,511,835
36,34,37,47,464,508,835
20,20,56,59,476,508,835
39,20,124,74,580,609,835
24,20,27,32,431,470,835
87,37,250,112,614,637,836
35,21,126,91,565,596,836
38,30,99,88,552,588,836
30,26,36,34,497,502,836
78,53,191,150,600,631,836
44,42,57,52,506,529,836
61,34,148,89,581,609,836
34,28,97,58,524,561,836
37,30,76,61,506,525,836
35,23,97,60,521,564,836
42,24,70,43,525,554,836
258,88,596,244,724,754,836
24,23,39,39,479,520,836
50,25,171,110,595,624,836
47,27,86,51,524,555,836
46,24,77,57,537,569,837
35,27,83,63,522,557,837
34,25,36,30,480,497,837
371,88,870,326,807,834,837
70,30,137,67,565,604,837
84,43,279,129,632,659,837
25,25,76,75,515,549,837
556,131,949,268,832,860,837
42,25,99,47,540,573,837
172,74,387,149,673,699,837
119,46,270,120,629,663,837
18,20,32,49,456,507,837
44,30,117,67,543,568,837
22,20,54,46,473,528,837
32,30,50,51,495,541,837
86,29,180,64,612,648,838
36,26,75,48,525,555,838
35,21,74,32,527,563,838
21,22,16,30,328,446,838
44,27,77,53,507,551,838
38,24,91,60,518,537,838
38,27,96,68,540,566,838
26,22,527,350,344,256,838
54,38,99,64,547,573,838
88,48,165,87,598,630,838
24,20,32,19,438,478,838
38,28,137,79,559,582,838
46,26,91,49,522,554,838
40,20,76,31,521,553,838
38,28,88,64,520,564,838
23,22,46,41,462,526,838
52,27,97,53,539,568,838
32,27,123,91,545,578,838
37,22,147,78,559,602,838
42,22,90,44,533,548,839
44,20,183,99,572,616,839
33,22,80,43,517,544,839
36,24,83,65,520,542,839
73,29,123,41,581,612,839
22,24,43,40,444,446,839
103,63,178,82,606,627,839
43,29,110,70,527,568,839
36,22,88,62,512,545,839
34,20,68,40,478,493,839
68,38,215,101,591,625,839
46,23,127,64,543,575,839
50,35,125,102,569,598,839
48,31,166,103,573,609,840
38,22,85,59,521,543,840
42,25,109,80,547,586,840
51,21,122,42,560,587,840
27,21,78,61,509,541,840
55,24,103,45,535,573,840
71,34,142,65,593,627,840
39,31,125,83,552,577,840
21,21,21,34,444,469,840
112,61,245,130,637,684,840
75,45,189,94,579,618,840
36,29,80,66,518,555,840
32,22,46,39,500,548,840
35,26,120,77,556,596,840
52,26,104,49,552,608,840
19,22,56,48,470,497,840
36,22,103,64,512,556,840
42,21,80,49,528,561,841
46,30,117,79,538,568,841
26,20,75,50,492,487,841
35,21,42,25,476,548,841
23,21,36,23,429,465,841
82,47,218,119,611,655,841
24,23,37,28,446,475,841
36,25,71,48,516,544,841
23,29,14,40,419,455,841
57,22,115,35,543,581,841
38,22,74,35,499,495,841
58,25,168,72,572,601,841
20,21,41,46,467,488,841
61,37,133,75,578,606,841
28,24,94,64,516,548,842
51,23,182,84,581,609,842
40,20,84,45,511,551,842
61,24,224,107,589,614,842
30,23,71,61,491,528,842
20,20,73,69,486,509,842
50,35,123,74,557,598,842
28,21,73,56,509,533,842
43,30,92,59,539,576,842
26,20,88,71,526,560,842
54,38,72,51,520,552,842
44,27,73,37,515,567,842
32,22,45,38,510,546,842
43,26,101,65,527,552,842
69,42,132,64,560,589,842
53,30,143,83,572,607,842
80,28,175,53,590,624,842
28,24,22,26,463,509,842
63,43,151,101,580,608,843
27,23,42,36,455,510,843
41,25,55,36,498,550,843
24,21,40,38,459,494,843
55,20,151,55,575,598,843
51,27,136,55,577,611,843
99,46,195,85,594,623,843
35,20,86,46,515,526,843
80,43,150,82,574,612,843
48,25,170,111,581,610,843
24,20,46,37,457,499,843
33,25,51,43,503,538,843
28,24,62,57,492,521,843
23,24,48,44,472,507,844
110,36,335,139,642,673,844
26,26,48,53,457,477,844
34,20,57,32,496,527,844
31,28,92,74,513,543,844
86,48,222,132,615,641,844
22,20,21,23,400,472,844
34,22,54,31,497,527,844
74,49,138,86,585,616,845
47,35,102,72,548,571,845
38,25,61,39,494,523,845
51,21,108,45,540,548,845
89,46,218,100,608,646,845
25,21,57,44,476,491,845
23,22,32,39,432,459,845
60,36,102,62,548,576,845
67,41,130,79,583,622,845
42,23,96,58,534,555,845
19,20,61,62,472,489,845
23,20,36,46,446,496,845
45,25,92,52,526,543,845
53,27,129,60,570,577,845
109,57,227,114,625,652,845
42,20,123,69,517,560,845
19,23,38,57,477,511,845
19,23,33,49,469,505,845
163,76,395,161,677,708,845
51,35,100,90,561,598,846
45,22,111,64,546,570,846
41,25,70,33,495,538,846
91,29,407,164,655,687,846
31,20,41,27,469,517,846
19,22,123,105,542,569,846
62,26,141,71,566,610,846
27,21,54,32,492,527,846
67,29,126,54,570,594,846
74,34,185,91,611,641,846
25,23,36,37,436,491,846
36,21,64,26,479,484,846
115,43,574,204,712,747,846
24,23,60,47,483,498,846
41,24,82,37,528,550,846
24,20,34,24,433,460,846
40,22,85,48,515,553,847
20,22,43,42,443,506,847
102,33,449,185,664,696,847
87,46,264,141,627,661,847
54,44,121,81,559,589,847
35,22,148,80,574,608,847
43,21,85,41,529,572,847
25,20,47,33,440,486,847
26,20,55,36,464,504,847
26,21,94,70,524,552,847
67,49,117,105,562,604,847
21,20,42,39,471,503,847
45,25,79,46,510,546,847
36,25,109,82,535,566,847
40,28,108,77,554,567,847
44,27,84,53,533,570,847
69,34,181,89,617,648,847
77,31,239,95,607,640,847
35,25,80,60,511,535,848
43,23,90,58,527,568,848
75,40,168,102,580,611,848
34,27,104,74,543,579,848
27,28,29,29,466,490,848
25,24,58,57,500,532,848
241,85,561,216,705,747,848
22,21,36,36,461,505,848
16,20,16,26,349,463,848
23,26,34,44,430,487,848
52,34,115,70,529,566,848
37,26,171,139,579,612,848
52,29,67,41,509,514,849
72,41,185,96,617,645,849
53,33,142,81,566,599,849
52,27,74,40,521,559,849
79,53,264,162,620,640,849
30,24,68,48,499,570,849
60,36,140,77,564,590,849
25,24,87,86,519,542,849
22,23,38,47,434,484,849
43,29,110,78,529,558,849
30,28,52,51,480,521,849
93,43,236,96,634,666,849
54,24,165,69,567,600,850
94,46,321,141,636,664,850
120,54,247,93,619,651,850
58,32,152,101,588,619,850
37,24,77,59,521,554,850
124,46,430,155,648,691,850
26,24,63,62,463,509,850
16,21,65,70,469,499,850
105,42,249,94,629,658,850
34,21,64,35,507,517,850
49,34,91,55,522,539,850
34,25,79,51,497,520,850
32,26,64,44,486,509,850
28,22,71,55,499,535,850
61,33,208,122,600,630,850
65,37,122,60,553,582,850
130,44,286,97,650,680,850
23,27,45,54,468,489,850
23,23,46,52,509,540,850
75,46,170,90,597,625,850
44,26,97,63,519,569,851
54,26,172,82,594,620,851
49,30,169,88,595,631,851
26,20,58,35,493,529,851
63,22,167,53,569,581,851
86,35,542,186,692,725,851
122,47,228,96,625,664,851
31,24,55,39,462,518,852
163,80,323,158,672,704,852
64,23,188,108,597,633,852
37,32,68,65,499,522,852
37,24,69,41,504,528,852
56,47,112,90,568,598,852
69,39,168,88,597,621,852
347,108,834,250,787,826,852
45,26,100,48,560,595,852
25,20,33,29,445,504,852
164,66,410,174,675,701,852
94,49,312,152,636,663,852
33,33,40,47,495,535,852
52,26,142,76,566,579,852
137,59,276,98,650,683,852
29,27,52,48,477,497,852
106,48,228,119,622,652,853
43,30,88,67,519,554,853
204,69,673,326,776,807,853
100,46,277,133,623,655,853
75,39,122,82,554,589,853
75,40,174,89,593,623,853
64,34,186,115,596,631,853
32,22,32,38,439,496,853
26,22,44,45,463,528,853
39,21,94,51,523,543,853
59,35,200,132,604,638,853
37,20,85,35,507,498,853
30,26,96,77,527,563,853
20,20,33,31,435,498,853
23,23,65,60,483,506,853
41,22,75,39,520,553,853
36,22,89,52,514,542,853
43,23,108,53,534,557,853
86,43,244,125,609,637,853
27,23,89,66,526,570,854
77,27,353,137,636,654,854
45,32,88,56,526,554,854
156,72,340,155,660,690,854
42,29,129,92,551,570,854
71,34,188,101,584,606,854
37,23,73,39,504,529,854
59,23,130,56,566,593,855
109,55,286,143,630,662,855
118,44,315,101,634,660,855
24,22,63,58,486,507,855
273,80,685,205,737,769,855
31,21,75,44,520,542,855
50,26,118,73,555,593,855
32,23,52,32,453,509,855
34,23,32,17,428,459,855
103,54,280,132,644,677,855
28,22,67,41,493,541,855
27,31,41,58,419,462,855
35,27,95,72,518,546,855
242,87,621,268,735,765,855
41,24,89,54,513,539,856
36,26,70,57,515,543,856
32,26,56,45,495,533,856
87,49,163,77,576,608,856
515,172,939,321,849,882,856
28,23,67,53,488,501,856
41,32,98,88,544,574,856
30,20,116,69,532,562,856
21,24,66,66,485,528,856
87,47,233,140,621,653,856
53,34,125,81,564,587,856
22,23,46,45,487,506,856
27,26,43,43,492,510,856
136,58,339,131,646,675,856
37,24,98,60,541,581,856
61,47,110,83,541,560,856
28,23,74,54,504,536,857
26,21,58,53,498,526,857
45,31,88,51,529,559,857
254,66,799,239,782,813,857
133,50,357,137,644,673,857
21,21,42,52,478,518,857
26,21,46,35,474,492,857
61,32,122,56,571,601,857
31,29,71,77,511,542,858
158,66,462,192,694,726,858
33,30,32,31,440,469,858
154,44,389,119,655,684,858
31,24,32,36,471,536,858
40,21,105,46,540,565,858
59,37,139,75,569,600,858
42,20,95,40,539,578,858
35,21,44,42,450,519,858
28,20,58,50,498,531,858
31,22,89,53,524,548,858
53,29,228,121,596,631,858
35,20,76,39,501,555,858
20,20,63,62,481,507,858
23,23,52,51,483,517,858
43,20,141,73,559,590,858
31,22,67,46,488,545,858
146,77,463,222,683,712,858
40,28,56,44,507,545,859
18,20,31,37,452,462,859
37,27,84,42,495,524,859
48,32,91,59,547,574,859
43,31,71,48,521,553,859
35,25,85,62,510,546,859
48,20,150,67,562,584,859
74,33,220,110,625,655,859
60,37,183,126,594,621,859
50,28,109,60,520,556,859
17,20,16,24,384,412,859
31,20,42,31,463,524,859
117,35,240,71,623,652,859
62,45,159,124,592,629,859
66,42,152,101,578,623,859
188,89,321,136,663,688,859
49,26,131,77,563,597,859
92,24,152,41,588,628,859
109,51,243,119,648,676,860
46,22,67,39,494,521,860
146,48,343,124,655,689,860
15,24,25,47,431,441,860
18,21,51,51,447,475,860
35,29,68,57,510,544,860
11,20,15,33,398,411,860
107,69,228,138,624,655,860
71,26,178,52,594,632,860
22,20,33,33,431,490,860
44,25,72,37,526,563,860
61,24,135,49,562,597,860
33,20,56,31,500,470,861
26,22,48,46,494,548,861
43,26,63,39,506,539,861
42,20,129,59,552,575,861
93,36,205,61,622,646,861
89,45,249,138,619,644,861
37,26,66,51,494,528,861
22,22,26,32,416,462,861
85,46,244,116,634,666,861
29,24,72,58,493,531,861
43,26,82,44,513,525,861
121,55,223,109,628,659,861
33,23,66,40,485,515,861
21,20,32,31,415,418,861
33,21,95,50,526,569,861
25,23,75,63,483,496,861
44,30,117,64,551,585,861
149,56,325,116,649,677,861
78,36,196,98,593,626,862
69,40,134,70,562,588,862
77,46,171,94,596,616,862
42,28,137,103,573,603,862
74,32,208,77,591,618,862
15,20,23,24,366,186,862
130,63,313,117,643,669,862
23,26,86,86,502,537,862
42,23,103,43,531,555,862
54,23,142,55,573,612,862
30,23,67,55,481,507,862
41,32,66,62,510,560,862
45,36,84,74,524,565,862
48,29,99,63,561,596,862
38,31,91,90,537,581,862
43,20,92,48,540,586,862
19,20,41,52,444,520,862
23,23,36,42,419,477,862
47,30,180,111,571,589,863
27,28,55,64,475,513,863
120,46,272,128,639,669,863
123,52,289,115,645,674,863
21,20,15,32,423,454,863
43,22,56,31,532,574,863
75,40,275,163,646,674,863
223,66,567,155,716,746,863
31,21,103,65,512,547,864
97,44,321,135,642,671,864
170,76,555,285,712,742,864
545,122,910,330,806,833,864
87,32,371,138,631,666,864
32,28,69,59,515,565,864
31,23,55,41,510,542,864
57,42,168,117,585,613,864
323,95,759,231,740,769,864
29,23,51,40,456,497,864
31,27,41,43,476,482,864
70,40,199,105,577,601,864
51,36,166,97,574,607,864
40,27,127,74,547,567,864
104,58,225,115,627,657,864
74,36,182,76,602,633,864
108,52,316,189,657,686,864
41,21,71,39,494,504,864
40,26,67,37,494,521,864
34,24,64,44,522,552,865
32,22,137,73,558,585,865
105,42,300,114,646,674,865
399,144,738,332,801,829,865
151,66,506,188,702,733,865
33,25,62,63,494,545,865
40,23,90,50,519,548,865
24,22,41,36,454,489,865
47,26,68,47,525,567,865
33,28,112,96,540,568,865
21,23,40,47,452,447,865
48,21,76,36,519,541,865
353,83,845,168,760,788,865
92,37,213,80,619,649,865
100,50,203,126,605,637,865
175,51,478,138,691,724,865
244,65,571,164,708,738,865
47,34,101,67,533,564,865
80,48,175,103,591,622,865
62,26,222,108,595,628,866
52,24,202,109,592,626,866
40,26,59,41,498,541,866
90,44,334,179,630,669,866
17,24,21,38,350,333,866
20,22,65,55,486,497,866
63,21,150,63,581,614,866
15,20,29,35,441,480,867
24,23,15,30,454,490,867
19,21,28,46,394,451,867
313,80,776,246,786,815,867
59,23,215,118,605,640,867
27,22,60,55,449,479,867
355,96,767,278,759,790,867
68,49,183,117,588,621,867
136,49,307,94,650,678,867
103,45,435,241,680,712,867
91,51,182,96,588,629,867
25,24,66,60,504,542,867
59,32,148,82,567,600,867
94,55,263,180,625,655,867
60,37,150,92,567,603,867
52,27,142,75,578,605,868
20,23,24,42,419,454,868
88,31,359,126,637,664,868
31,21,75,61,489,527,868
85,37,184,87,607,639,868
39,32,100,85,533,566,868
45,24,84,42,515,579,868
61,27,216,118,598,625,868
47,30,76,48,527,557,868
35,22,70,36,497,504,868
31,20,54,31,490,501,868
30,21,84,49,514,541,869
27,26,43,37,463,513,869
42,39,71,55,496,523,869
36,20,121,61,540,551,869
58,25,122,45,550,564,869
21,22,65,69,476,515,869
33,21,44,24,463,496,869
69,41,191,114,605,633,869
56,36,125,70,546,578,869
135,62,292,127,646,677,870
44,25,126,57,554,562,870
99,48,214,90,612,636,870
33,21,66,32,487,531,870
72,31,125,52,564,584,870
90,48,193,83,601,634,870
20,22,35,39,453,468,870
42,28,75,47,491,513,870
82,48,220,138,621,658,870
216,48,622,234,712,741,870
22,22,44,48,453,479,871
27,25,32,31,445,428,871
62,37,167,117,571,595,871
74,36,300,184,636,660,871
27,22,103,67,531,554,871
44,21,91,42,523,540,871
37,20,83,43,529,567,871
52,33,104,54,545,571,872
59,32,146,75,550,604,872
38,23,73,37,512,543,872
40,30,104,82,527,562,872
29,25,73,59,521,538,872
31,22,78,50,513,553,872
95,62,156,84,595,618,872
59,22,135,54,560,611,872
65,28,147,63,568,597,872
35,22,76,48,501,529,872
45,21,76,38,511,544,872
70,37,220,99,603,630,873
37,33,63,42,517,537,873
34,24,84,69,501,537,873
48,34,123,84,550,587,873
54,28,131,62,552,581,873
72,49,192,113,587,614,873
25,23,42,43,476,507,873
75,46,140,79,574,599,873
103,41,324,162,646,676,873
49,30,110,60,556,593,873
35,20,91,48,510,551,873
66,27,399,150,647,676,873
81,40,135,65,564,584,873
24,20,15,20,433,465,873
36,21,82,59,516,545,873
18,23,18,32,480,506,873
24,21,47,46,455,495,874
24,22,46,34,463,512,874
28,25,59,55,491,529,874
47,29,84,54,525,559,874
23,21,54,48,483,508,874
22,20,53,43,457,485,874
51,32,117,81,549,584,874
75,45,148,82,582,614,874
28,21,95,59,505,532,874
24,23,69,65,513,538,874
38,31,66,58,485,498,874
36,23,141,103,535,569,874
24,20,46,54,485,542,874
91,42,243,146,626,651,874
17,20,32,35,428,428,874
110,47,221,82,624,639,874
29,20,71,43,509,475,874
20,21,31,44,472,520,874
129,42,354,124,664,691,874
88,32,256,100,602,617,874
21,20,40,48,451,479,875
40,25,72,43,506,529,875
23,21,85,68,515,539,875
48,24,125,76,557,580,875
22,24,28,32,449,488,875
77,40,108,62,562,602,875
178,78,457,183,694,727,875
64,45,88,55,533,557,875
105,64,382,194,685,709,875
57,24,116,62,539,564,875
33,35,51,60,461,483,875
41,29,107,55,540,561,875
36,26,86,47,501,514,875
203,82,512,203,706,734,875
29,26,53,49,472,534,875
35,25,76,56,521,571,876
41,21,91,46,547,577,876
21,23,65,67,451,492,876
78,40,184,93,588,627,876
38,26,53,48,497,529,876
71,37,193,104,610,640,876
36,22,62,30,506,537,876
55,31,111,53,571,605,876
31,27,33,39,450,477,876
28,25,120,81,538,565,876
30,20,59,40,503,531,876
43,28,82,55,530,569,876
51,28,128,76,565,597,877
49,20,75,36,523,534,877
25,22,37,30,413,426,877
118,41,405,133,665,695,877
31,23,70,51,503,549,877
48,38,75,66,505,541,877
19,21,14,21,410,390,877
27,25,44,44,488,499,877
90,38,283,115,622,651,877
31,21,64,45,484,494,877
24,20,60,43,503,518,878
96,44,267,115,622,650,878
53,23,120,46,561,592,878
115,48,323,118,641,670,878
35,24,77,43,506,545,878
52,32,154,111,575,606,878
36,26,139,111,542,572,878
163,55,380,148,661,691,878
66,45,126,64,547,565,878
21,20,84,81,502,542,878
29,21,32,24,433,474,878
67,33,154,67,576,602,878
31,21,52,30,492,517,878
143,69,344,135,654,683,878
37,21,65,35,501,541,878
28,24,57,58,497,509,878
116,53,193,85,626,651,878
30,20,82,42,528,524,878
25,20,51,37,483,495,879
47,27,114,65,533,548,879
25,21,28,34,441,526,879
61,26,166,79,584,616,879
50,24,86,45,511,572,879
31,20,79,52,502,547,879
67,40,94,70,543,594,879
24,21,46,36,477,533,879
151,74,542,265,704,737,879
312,71,757,169,743,771,879
40,25,105,63,556,591,879
24,23,33,50,459,516,879
34,25,89,69,507,528,879
28,20,48,28,492,530,880
77,34,179,79,590,625,880
23,29,33,53,454,491,880
24,22,21,28,416,439,880
13,21,15,34,378,437,880
74,30,278,129,616,652,880
33,24,81,72,519,550,880
22,20,49,44,497,522,880
148,44,276,100,644,674,881
91,51,202,95,610,641,881
87,40,168,103,600,626,881
23,22,52,54,470,489,881
43,36,131,114,585,621,881
49,26,103,40,545,558,881
19,21,58,59,476,495,881
77,38,173,86,599,627,881
27,21,57,37,476,459,881
29,23,67,47,496,493,881
47,33,69,52,515,550,881
33,25,94,68,519,554,882
21,21,31,38,476,516,882
62,45,100,73,551,583,882
34,21,49,29,483,505,882
36,21,70,49,509,547,882
21,21,30,33,442,478,882
62,40,125,79,572,602,882
88,47,145,96,588,622,882
36,32,69,61,501,523,882
34,20,144,94,555,591,882
101,57,158,75,592,622,882
26,20,59,38,482,496,882
133,55,416,148,674,703,882
45,32,94,68,561,591,882
73,33,181,74,590,620,882
139,48,314,156,653,682,882
21,21,62,71,498,541,882
180,78,525,210,702,736,882
34,25,83,57,519,515,882
35,26,82,53,502,562,883
109,57,259,139,632,660,883
202,52,524,133,709,739,883
54,28,155,77,574,606,883
38,24,102,72,540,576,883
35,22,73,59,513,562,883
67,47,120,77,556,586,883
84,40,206,124,617,651,883
128,52,371,164,685,714,884
39,29,94,90,545,585,884
42,23,83,39,534,533,884
32,23,78,46,506,533,884
28,20,80,59,517,555,884
29,21,78,43,506,513,884
149,68,469,313,696,725,884
38,24,59,41,479,485,884
30,29,27,38,435,479,884
67,28,158,44,580,596,884
28,21,28,18,463,469,884
59,25,113,47,545,579,884
59,36,128,80,556,591,884
62,43,94,57,552,587,885
69,37,172,90,600,636,885
26,22,54,38,478,483,885
67,47,126,91,560,611,885
31,23,67,60,518,558,885
84,36,156,47,597,627,885
47,26,140,74,569,602,885
24,20,39,34,443,475,885
34,25,89,55,503,516,885
25,24,62,62,499,535,885
48,38,63,41,504,530,885
31,26,54,47,471,478,885
29,27,64,63,481,510,885
66,30,129,53,572,607,885
58,40,117,78,582,620,885
30,26,67,61,520,557,885
20,23,29,45,455,467,885
37,29,92,64,522,541,885
55,27,130,64,574,589,885
25,20,42,28,465,475,886
101,57,220,118,612,640,886
63,38,195,127,598,632,886
45,23,88,46,528,562,886
88,30,375,165,658,683,886
39,20,79,49,520,565,886
36,23,92,49,539,570,886
53,27,308,175,627,664,886
37,20,68,33,499,532,886
25,24,49,44,467,491,886
27,28,52,54,465,507,887
43,28,83,43,508,536,887
51,22,105,41,530,579,887
46,29,105,60,564,582,887
275,80,659,203,722,755,887
29,23,55,43,461,492,887
17,20,33,45,426,487,887
33,28,77,52,487,518,887
30,27,50,55,487,523,887
25,23,34,32,447,463,887
22,20,54,32,469,494,887
57,31,121,70,544,582,887
22,25,50,40,486,513,887
31,20,60,45,493,519,887
75,38,235,127,615,646,887
87,28,145,64,591,616,887
47,20,123,60,552,581,887
65,28,128,69,559,589,887
39,26,45,40,484,523,887
54,47,78,73,533,569,887
60,24,120,53,550,597,887
68,32,192,83,604,636,887
25,20,37,31,426,471,887
27,20,32,28,433,485,887
91,45,246,89,629,651,887
60,39,124,87,580,612,887
47,23,94,47,522,543,888
46,23,92,42,536,562,888
29,22,47,30,454,487,888
41,21,203,86,586,589,888
36,23,61,49,490,537,888
57,39,109,70,577,606,888
74,49,231,162,630,658,888
28,23,87,66,524,550,888
35,23,53,38,484,524,888
31,23,75,64,511,539,888
53,30,207,110,579,619,888
30,30,50,40,488,513,888
70,37,178,104,598,611,888
41,22,91,53,529,561,888
70,40,202,102,593,617,888
34,26,62,46,493,550,889
136,50,618,265,721,756,889
43,21,94,38,534,561,889
108,39,252,76,610,638,889
28,25,66,55,514,542,889
63,34,246,135,619,640,889
65,31,106,50,569,602,889
142,56,369,168,665,694,889
55,22,94,39,541,579,889
89,38,308,139,643,671,889
24,20,47,30,474,501,890
30,20,31,36,434,481,890
411,93,954,244,795,825,890
54,30,146,90,571,608,890
38,26,93,55,519,556,890
21,21,48,50,466,494,890
42,33,68,55,542,570,890
99,42,247,102,626,658,890
35,20,91,43,529,540,890
54,29,182,74,585,611,890
81,37,155,62,598,631,890
28,25,39,38,486,526,890
31,32,29,49,444,484,890
28,20,94,61,530,559,890
36,22,63,22,497,528,890
46,25,56,39,496,545,890
15,22,43,48,439,487,890
54,34,151,110,584,617,890
76,30,177,75,597,623,890
93,54,262,148,643,675,890
100,38,342,176,664,700,890
35,24,62,47,504,531,891
35,21,62,42,523,560,891
33,28,87,86,527,567,891
43,29,92,55,513,536,891
29,26,102,83,536,569,891
18,23,45,58,463,496,891
24,21,43,37,465,522,892
51,41,94,74,545,574,892
33,20,70,45,508,524,892
34,22,61,36,493,551,892
53,34,163,120,592,635,892
51,24,104,38,547,581,892
48,27,95,58,551,583,892
42,33,90,59,513,534,892
67,33,155,81,593,620,892
26,23,85,69,513,534,892
34,25,55,40,507,542,892
97,38,223,92,622,656,892
116,48,380,148,667,697,892
41,37,110,101,534,569,892
33,20,57,40,484,503,893
71,43,205,127,605,636,893
44,28,75,45,497,527,893
81,42,201,103,606,635,893
59,35,162,104,592,620,893
119,35,285,74,638,667,893
23,20,32,34,462,489,893
93,57,202,132,613,642,893
27,21,59,42,486,503,893
42,21,86,51,518,547,893
140,72,374,204,672,698,893
89,45,230,120,619,649,893
105,64,202,124,615,639,893
42,24,74,37,532,505,893
32,24,61,47,495,534,893
46,31,132,85,562,589,893
33,20,70,26,489,499,893
141,69,415,190,672,702,893
32,23,68,52,531,534,893
39,27,104,70,551,584,893
296,92,744,372,817,850,893
51,27,121,53,554,578,894
167,65,436,175,683,720,894
365,94,827,210,763,794,894
52,28,145,72,571,601,894
68,48,150,119,562,591,894
73,47,129,91,575,603,894
31,26,118,88,566,601,894
50,27,151,94,572,615,894
86,34,234,83,589,613,894
72,43,120,92,569,613,894
22,24,35,44,444,487,894
108,56,367,209,655,683,895
75,43,133,78,575,611,895
24,24,33,37,417,464,895
80,33,161,64,600,628,895
43,33,119,102,551,591,895
39,32,71,62,506,551,895
40,23,104,76,557,596,895
30,26,50,48,478,532,895
113,49,361,137,657,691,895
29,20,50,37,445,484,895
35,23,118,74,551,571,895
245,76,749,172,738,771,895
217,80,446,189,705,734,895
34,21,71,41,504,528,895
236,67,651,220,713,745,896
56,23,118,65,579,610,896
87,31,188,71,597,614,896
108,37,236,96,631,658,896
238,107,529,236,707,738,896
34,26,99,86,520,550,896
28,22,73,54,501,515,896
32,24,82,68,502,537,896
44,26,80,66,565,597,896
353,94,795,226,775,804,896
58,29,137,75,586,611,896
109,47,206,79,624,663,896
42,20,79,34,513,540,896
40,28,111,70,550,573,896
59,37,165,117,578,612,896
56,37,117,69,560,600,896
36,20,100,68,543,592,896
41,32,118,70,527,556,896
51,35,133,92,543,578,896
39,25,77,67,522,562,896
42,33,67,52,538,569,896
81,37,269,119,620,649,897
55,26,100,43,563,598,897
27,22,61,48,499,538,897
156,61,481,204,700,732,897
31,25,89,74,511,558,897
35,23,63,33,489,502,897
24,23,28,40,386,459,897
70,39,205,113,622,649,898
45,30,110,57,543,571,898
130,68,381,221,664,696,898
27,22,60,54,488,536,898
88,39,324,135,619,656,898
41,20,81,48,516,546,898
40,27,70,49,501,533,898
63,39,199,108,588,612,898
34,23,31,31,439,523,898
32,26,113,103,513,544,898
20,22,15,27,432,465,898
38,20,81,40,508,537,898
32,21,88,42,520,531,898
82,36,178,82,594,627,898
36,33,96,94,532,561,898
57,31,118,68,566,593,898
44,24,60,30,491,531,899
586,126,983,212,798,829,899
207,72,637,194,711,745,899
17,22,35,45,418,460,899
62,35,187,100,600,636,899
32,22,82,64,516,535,899
52,31,145,85,570,610,899
38,25,74,38,510,536,899
37,34,81,61,526,565,899
67,40,149,83,573,593,899
89,29,276,74,625,655,899
40,34,76,70,518,557,899
363,82,980,315,826,860,899
311,99,699,176,742,774,899
38,33,108,89,549,578,899
41,39,98,98,538,577,900
27,20,72,44,510,555,900
31,26,80,72,541,573,900
38,35,92,83,541,564,900
29,28,51,60,480,499,900
39,22,123,57,541,556,900
82,49,281,174,638,673,900
86,36,237,97,614,645,900
22,21,55,54,501,510,900
48,24,105,52,553,588,900
52,29,127,68,562,585,900
26,21,60,56,517,552,900
41,22,116,72,545,586,900
45,24,88,40,526,549,901
220,90,533,167,710,739,901
242,81,521,153,710,750,901
66,29,215,113,613,645,901
51,31,111,71,549,580,901
243,104,453,151,701,735,901
21,22,36,37,440,447,901
105,31,286,82,634,654,901
19,22,40,48,438,505,901
26,21,52,37,475,514,901
78,33,251,120,622,655,901
21,23,27,36,409,479,901
37,23,71,44,504,535,901
123,44,272,100,641,675,901
39,21,77,54,512,528,901
23,20,23,20,459,497,901
94,27,245,82,620,648,901
54,20,143,67,564,610,901
35,22,84,48,509,529,901
45,21,80,41,530,576,901
37,26,97,78,535,570,902
24,22,41,39,419,467,902
94,32,253,98,612,638,902
30,22,94,57,504,535,902
30,26,93,75,499,520,902
63,41,100,56,559,596,902
121,62,336,157,657,685,902
260,83,499,166,711,743,902
125,57,305,125,644,672,902
136,62,352,171,661,691,902
32,27,50,40,468,504,902
21,21,18,27,407,459,902
33,20,74,44,512,533,902
105,50,189,98,607,641,903
47,33,94,68,519,547,903
29,20,52,41,493,519,903
190,78,501,181,702,739,903
23,20,54,44,499,535,903
52,31,144,91,565,601,903
144,56,351,118,660,695,903
61,40,142,98,589,624,903
53,37,91,55,543,570,903
41,30,102,68,532,556,903
25,20,50,30,467,460,903
66,27,182,82,590,625,904
117,45,261,94,641,670,904
61,43,136,92,557,590,904
368,90,856,217,767,793,904
305,99,642,223,759,789,904
44,27,104,76,545,594,904
52,28,152,69,587,625,904
57,37,173,96,574,609,904
60,36,135,88,574,599,904
27,24,69,51,505,542,904
51,26,110,58,542,605,904
103,46,223,85,630,659,904
141,53,343,116,657,685,904
32,21,32,31,456,506,904
48,27,135,69,567,597,904
49,27,113,73,544,587,905
95,51,165,84,576,616,905
44,38,98,83,531,570,905
108,40,533,226,691,718,905
34,30,95,85,550,581,905
19,22,48,50,454,480,905
37,26,64,37,477,515,905
25,21,54,49,456,461,905
30,21,103,65,530,554,905
166,71,544,234,715,745,905
49,43,141,133,549,582,905
26,25,84,66,524,549,905
40,24,57,39,517,542,905
69,33,140,63,577,617,906
28,24,58,56,473,512,906
29,20,83,60,483,510,906
25,24,48,42,444,442,906
40,25,151,69,566,596,906
27,26,47,46,469,488,906
36,22,98,56,528,554,906
36,26,44,39,478,477,906
74,42,168,82,598,629,906
22,21,40,37,457,422,906
30,29,78,75,504,536,906
62,33,177,94,581,616,906
30,20,64,45,482,513,907
88,44,239,136,611,638,907
52,28,122,57,559,581,907
32,23,77,67,522,542,907
36,26,115,65,546,563,907
234,74,601,162,719,751,907
24,21,81,72,477,513,907
119,50,372,177,665,693,907
30,22,96,64,534,568,907
34,22,73,39,507,541,907
20,21,29,41,439,469,907
45,23,147,65,581,612,907
236,74,651,185,723,753,907
36,20,107,50,538,580,907
81,42,216,95,600,641,907
56,29,191,121,599,637,907
89,51,169,79,603,634,907
31,27,70,41,505,516,907
36,28,110,76,536,577,907
47,28,153,80,580,604,907
53,39,116,70,584,606,908
53,32,104,45,539,584,908
39,29,65,37,519,537,908
73,30,287,145,625,653,908
36,21,74,52,507,518,908
56,38,154,102,590,619,908
182,63,608,217,725,757,908
53,37,135,94,570,603,908
68,31,216,123,605,635,908
33,30,65,69,491,516,908
36,24,75,47,514,523,908
289,124,634,244,736,765,908
39,24,67,32,503,533,908
30,20,75,43,507,540,909
98,49,244,117,610,641,909
33,24,50,41,459,497,909
326,123,638,261,758,791,909
36,23,65,39,498,507,909
69,37,176,74,567,594,909
50,46,123,102,561,604,909
44,26,165,110,570,607,909
52,32,131,87,563,591,909
43,26,91,52,532,568,909
48,21,101,53,534,577,909
97,53,263,140,635,672,909
42,35,92,87,514,550,909
35,20,69,34,530,534,909
41,20,127,66,565,599,909
23,27,49,58,470,515,910
36,23,43,26,501,569,910
403,128,690,279,775,804,910
42,23,120,73,562,581,910
52,32,175,96,572,598,910
64,37,155,89,582,602,910
97,49,227,80,612,642,910
51,22,123,53,557,577,910
350,64,959,261,777,807,910
50,22,105,45,544,561,910
36,23,82,49,526,561,910
76,47,165,85,585,622,910
28,21,88,55,524,553,910
39,21,68,31,489,514,910
29,23,37,38,463,508,910
39,24,63,41,502,494,910
70,42,173,114,587,639,910
36,30,58,41,478,520,910
90,42,183,86,592,625,910
25,20,51,44,476,494,911
70,41,209,108,594,618,911
25,22,57,51,463,520,911
23,28,17,37,442,512,911
32,22,81,50,494,539,911
22,24,50,58,475,510,911
20,20,27,33,424,424,911
23,29,59,68,461,483,911
77,29,180,72,589,595,911
31,21,129,76,538,556,911
57,36,146,92,583,622,911
26,21,67,52,517,549,911
48,25,125,52,553,574,911
35,26,88,66,527,552,911
77,41,218,119,605,635,911
26,20,65,45,510,533,912
39,29,58,43,509,529,912
36,20,69,34,514,556,912
41,21,82,48,510,545,912
33,20,72,56,495,524,912
46,26,171,100,591,629,912
67,46,149,100,587,625,912
69,48,161,111,591,622,913
25,23,35,44,444,464,913
31,26,78,57,514,533,913
35,20,70,52,490,558,913
14,20,30,47,446,474,913
37,29,152,108,551,583,913
31,32,78,79,506,533,913
69,36,144,51,568,594,913
21,21,35,43,491,526,913
24,21,41,34,453,459,913
68,49,235,148,609,636,913
52,28,204,138,604,628,913
129,57,349,124,656,684,913
20,25,23,49,441,493,913
42,29,90,39,522,537,913
32,26,66,54,499,495,913
157,50,527,167,704,745,913
30,21,67,36,480,504,913
18,23,31,33,421,450,913
60,34,166,107,567,606,914
41,26,105,63,535,550,914
42,31,67,53,527,553,914
24,20,66,42,488,500,914
31,25,56,54,491,518,914
56,25,185,100,598,632,914
53,32,123,70,561,593,914
208,97,422,208,685,713,914
19,25,28,50,451,496,915
63,36,110,60,546,574,915
21,20,60,53,467,515,915
40,24,75,43,510,575,915
125,46,306,110,645,674,915
72,39,189,89,593,628,915
84,37,256,137,618,648,915
50,33,141,86,584,623,915
59,37,82,58,558,604,915
31,29,99,86,528,568,915
57,32,142,76,571,608,915
29,23,38,40,420,514,915
55,36,100,68,567,573,915
45,28,101,64,536,568,915
42,27,116,57,554,581,916
64,49,153,129,597,628,916
25,21,67,42,501,505,916
43,25,204,109,594,625,916
62,37,129,65,568,601,916
32,22,44,35,480,516,916
16,21,24,34,394,468,916
18,21,38,49,463,488,916
45,30,122,82,564,591,916
48,22,118,50,556,592,916
47,25,110,58,550,574,916
28,28,32,32,467,484,916
45,23,59,36,493,514,916
84,55,172,105,601,636,916
29,21,103,50,507,540,916
30,23,62,51,495,527,916
22,25,35,37,406,448,916
72,37,243,114,601,636,916
34,22,57,38,467,488,917
49,31,107,78,558,608,917
31,23,118,84,527,565,917
32,24,82,70,527,545,917
45,27,91,52,526,585,917
175,75,448,173,690,722,917
56,39,120,69,545,577,917
38,21,65,44,505,548,917
59,35,167,95,579,612,917
21,23,59,56,467,487,918
99,32,319,103,659,672,918
37,29,61,46,520,554,918
50,38,110,65,557,596,918
213,75,606,162,712,745,918
38,26,55,45,501,512,918
36,21,84,60,523,572,918
32,22,52,29,494,504,918
33,25,45,45,429,481,918
65,41,136,91,580,608,918
39,25,106,58,535,557,918
27,24,63,57,497,497,918
41,20,109,65,553,572,918
24,20,57,39,499,520,918
35,22,67,43,507,526,918
44,39,72,69,523,554,918
23,20,40,42,453,532,918
27,25,73,55,513,536,919
129,60,385,128,671,704,919
30,25,104,78,521,555,919
24,21,48,40,473,514,919
47,25,122,78,553,592,919
51,20,137,69,553,593,919
25,20,34,23,418,474,919
181,87,491,202,697,726,919
48,26,113,64,576,599,919
16,20,25,31,392,353,919
59,40,127,87,581,622,919
103,69,177,103,617,646,919
44,36,93,74,529,554,919
26,29,61,74,478,502,919
72,28,169,49,588,608,920
43,30,99,64,551,584,920
33,21,66,31,521,562,920
55,25,108,31,556,566,920
81,30,171,78,599,625,920
138,48,465,149,678,708,920
15,20,20,25,397,448,920
149,59,509,209,704,732,920
43,30,53,48,511,549,920
26,21,51,41,468,501,920
68,52,164,129,574,616,920
105,44,330,177,667,693,920
40,30,86,58,526,562,920
44,20,55,23,480,492,920
113,44,301,120,646,674,921
356,122,667,286,775,805,921
99,42,215,107,613,651,921
14,24,25,49,402,439,921
41,22,101,46,518,579,921
27,21,44,28,476,506,921
31,26,76,60,518,541,921
67,26,124,46,559,593,921
454,95,959,160,763,803,921
36,29,64,52,517,542,921
45,23,87,42,510,549,921
40,34,103,77,561,591,921
47,29,147,67,566,597,921
84,40,151,63,611,638,921
196,86,371,144,674,706,921
30,30,26,34,483,523,921
76,42,177,97,588,615,921
56,30,180,95,596,625,922
34,28,114,80,537,553,922
40,28,172,121,576,602,922
21,21,56,51,502,538,922
33,30,93,84,527,565,922
34,23,56,36,490,523,922
56,44,112,86,581,610,922
73,25,202,78,583,616,922
30,20,85,62,497,524,922
42,28,68,53,513,548,922
22,25,59,71,492,521,922
67,38,156,88,563,588,922
140,53,260,91,645,674,922
40,27,120,70,552,583,922
36,22,68,34,507,519,922
31,30,61,58,489,521,922
51,33,61,40,517,552,923
93,51,172,96,595,630,923
181,54,419,145,680,711,923
59,46,84,69,525,549,923
57,28,124,48,560,563,923
49,24,131,74,556,580,923
24,22,86,69,512,537,923
32,27,103,98,539,584,923
44,20,107,51,531,585,923
92,34,239,71,633,654,924
26,25,57,43,498,535,924
44,23,97,59,557,589,924
30,23,141,91,554,580,924
34,22,90,47,518,553,924
88,42,182,102,614,645,924
40,24,94,56,543,570,924
63,31,138,76,557,591,924
23,21,65,58,482,528,924
36,22,81,52,515,580,924
25,23,53,44,458,478,924
31,25,41,40,442,487,924
37,29,90,63,517,543,924
25,20,20,20,448,462,924
39,25,53,44,498,523,924
44,20,86,50,515,559,924
40,22,116,57,538,570,924
35,20,54,50,483,567,925
42,24,78,60,518,567,925
33,23,73,52,509,540,925
48,28,176,88,583,618,925
27,20,74,50,507,534,925
32,21,67,41,485,507,925
119,43,334,103,664,695,925
50,25,100,42,531,559,925
74,41,150,79,599,641,925
21,22,35,33,451,465,925
87,35,243,102,620,653,925
40,21,91,54,522,550,925
51,34,102,58,539,560,925
37,32,73,56,493,545,925
35,21,109,60,527,571,925
52,40,140,104,572,600,925
24,24,44,52,441,511,925
44,40,56,55,523,554,925
48,36,135,109,591,620,925
48,24,91,48,522,572,926
59,29,127,57,570,592,926
70,28,294,108,629,655,926
44,20,132,67,564,586,926
25,22,32,29,427,474,926
32,25,54,35,500,520,926
32,22,71,57,514,532,926
40,33,109,91,544,581,926
34,23,90,64,520,549,926
45,24,124,66,556,600,926
31,22,111,83,533,563,926
17,20,36,52,406,468,926
27,28,66,68,484,513,927
276,76,758,150,729,762,927
30,28,73,62,486,517,927
22,20,34,35,412,446,927
34,29,102,86,554,579,927
219,59,473,134,692,723,927
74,41,237,155,637,673,927
52,30,77,54,538,583,927
27,23,72,54,497,517,927
26,21,50,31,464,492,927
32,22,65,46,525,555,927
21,23,42,45,460,460,927
41,22,194,105,582,607,927
82,30,349,159,644,683,927
36,22,118,79,544,577,927
49,22,125,56,560,571,927
60,26,148,57,565,599,928
44,30,123,92,573,594,928
66,32,132,60,578,614,928
61,26,179,72,576,595,928
17,24,37,53,434,456,928
63,26,174,108,602,642,928
35,22,67,49,506,537,928
85,51,248,138,627,658,928
54,23,129,51,549,587,928
42,23,99,55,530,543,928
22,20,97,78,508,550,928
19,21,52,54,452,501,928
45,27,84,48,535,551,928
30,21,47,37,455,505,929
59,40,180,98,583,617,929
164,58,528,180,687,715,929
22,28,27,52,427,478,929
32,23,30,26,429,472,929
27,20,46,34,465,485,929
54,25,183,86,586,617,929
30,28,23,38,441,487,929
27,23,68,67,502,542,929
34,31,47,45,503,539,929
43,34,132,99,559,593,929
51,23,101,55,539,565,929
60,26,137,66,569,598,929
57,30,125,57,556,583,929
26,22,63,59,516,559,929
76,39,215,79,620,646,929
24,20,79,74,504,560,929
122,51,307,112,644,675,929
50,21,88,35,535,564,929
21,20,41,40,455,493,930
45,30,94,56,534,546,930
73,29,273,132,639,677,930
35,20,68,33,490,519,930
95,58,258,153,643,669,930
31,22,83,60,486,506,930
66,31,162,62,555,584,930
34,23,74,39,514,546,930
21,20,53,45,484,525,930
85,42,234,128,615,663,930
46,25,122,63,556,588,930
70,35,181,115,579,614,930
32,21,39,29,468,558,930
163,85,319,132,656,687,930
24,24,22,26,410,474,930
62,29,147,72,557,571,930
29,20,88,47,500,549,930
96,59,233,119,616,642,930
48,33,111,65,565,588,930
23,24,26,30,467,502,930
72,31,166,66,588,617,930
25,25,60,64,513,544,931
29,20,64,32,492,515,931
50,28,96,46,529,597,931
56,28,97,48,541,570,931
31,29,95,83,531,555,931
253,80,734,233,743,776,931
19,20,40,47,434,494,931
122,58,251,99,636,651,931
37,20,93,61,530,555,931
78,49,187,109,592,627,931
33,25,35,28,463,477,932
59,25,156,89,579,618,932
48,30,103,55,543,575,932
155,44,350,118,659,691,932
68,43,180,122,594,638,932
32,24,48,45,501,536,932
58,37,110,71,559,584,932
38,28,81,55,515,517,932
24,21,64,46,470,549,932
26,24,31,37,465,492,932
48,21,125,40,548,555,932
140,70,504,260,707,735,932
157,70,319,148,667,694,932
56,34,118,87,555,594,932
19,20,20,27,403,438,932
25,28,39,53,447,471,932
15,22,21,29,403,450,933
288,76,755,270,761,793,933
32,24,97,59,538,571,933
120,55,308,155,655,687,933
92,40,263,126,625,651,933
26,20,27,25,453,487,933
15,21,25,43,408,454,933
77,35,232,87,620,651,933
39,22,111,56,531,528,933
45,22,113,74,567,613,933
33,34,45,61,416,450,933
57,27,105,56,559,590,934
154,78,359,150,681,712,934
16,21,29,42,440,462,934
51,38,96,83,566,607,934
41,27,89,66,532,569,934
30,23,110,98,574,604,934
74,42,179,108,602,631,934
54,32,129,71,571,587,934
27,24,86,71,519,537,934
18,21,17,26,362,485,934
37,24,91,62,519,558,934
28,33,64,74,504,530,935
48,28,130,54,547,577,935
58,29,97,40,558,573,935
35,27,34,43,439,501,935
25,21,99,85,524,547,935
52,36,134,88,550,580,935
44,23,135,73,556,591,935
31,21,48,37,483,524,935
61,45,103,84,531,562,935
75,43,182,110,596,626,935
95,55,306,206,654,685,935
44,28,121,71,574,604,935
20,20,62,50,471,507,935
65,33,147,60,597,636,936
35,22,38,43,472,524,936
95,47,239,106,605,619,936
102,44,284,127,640,668,936
46,27,140,67,558,605,936
23,20,118,69,552,568,936
88,37,323,147,632,666,936
60,27,91,53,541,572,936
19,20,34,35,434,473,936
51,32,164,87,566,596,936
46,24,71,48,519,553,936
145,68,386,183,664,696,936
238,48,508,93,662,725,936
38,21,69,47,499,552,936
63,21,133,42,553,610,936
47,25,59,23,505,535,936
43,24,94,48,515,548,936
26,20,94,75,525,555,936
42,23,116,73,543,573,936
26,26,28,31,413,410,936
28,24,42,40,454,496,936
134,54,412,181,674,705,937
62,37,147,87,574,609,937
31,27,43,36,464,516,937
17,20,36,43,422,483,937
78,39,181,71,614,644,937
33,25,70,62,490,548,937
29,21,27,27,451,491,937
33,20,178,104,586,612,937
72,55,125,80,566,593,938
309,78,735,198,752,781,938
639,159,942,216,791,831,938
92,51,157,92,604,632,938
18,24,29,49,410,419,938
37,28,99,63,551,564,938
31,26,118,96,568,586,938
62,33,183,94,599,636,938
16,20,17,27,410,430,938
32,21,60,31,469,467,938
237,65,743,172,732,760,938
78,29,461,179,677,706,938
89,45,261,113,610,643,938
46,21,144,60,561,596,938
42,25,107,59,550,569,938
49,32,102,76,538,562,938
36,29,72,60,509,527,938
42,31,38,34,456,471,938
26,27,43,42,447,443,939
41,34,38,31,467,489,939
63,36,104,53,533,554,939
91,34,249,85,617,642,939
21,21,42,41,461,452,939
54,37,67,50,516,559,939
51,26,103,65,564,613,939
79,31,224,85,622,647,939
47,34,87,63,534,589,939
102,38,201,75,621,647,939
123,48,346,151,656,688,939
34,25,103,68,531,547,939
45,24,128,73,565,586,939
21,25,39,48,459,492,939
42,31,77,67,538,567,939
293,99,679,243,755,784,939
40,30,89,66,513,523,939
35,24,66,49,508,529,939
29,22,45,25,456,481,939
27,22,52,40,469,505,940
63,22,125,46,563,596,940
28,20,33,27,446,509,940
261,99,584,187,719,748,940
174,58,419,136,678,710,940
256,93,569,186,728,756,940
40,29,107,78,549,574,940
151,52,388,142,665,694,940
39,25,69,37,491,535,940
28,26,100,65,532,558,940
28,29,63,69,469,490,940
102,52,201,89,600,621,940
29,28,44,51,481,518,941
192,54,575,171,707,736,941
80,32,263,100,630,658,941
36,23,68,35,493,517,941
48,20,191,95,577,616,941
158,55,478,156,691,709,941
339,93,739,288,765,801,941
72,32,339,158,643,675,941
74,35,200,102,566,596,941
67,29,155,68,557,588,941
32,26,68,48,500,520,941
227,78,584,167,715,745,941
51,29,98,53,535,541,941
51,35,127,80,543,574,941
165,47,462,142,697,725,942
38,33,79,63,518,535,942
39,20,96,54,539,583,942
114,62,281,130,634,659,942
40,21,127,71,554,570,942
75,27,169,78,588,627,942
28,31,23,49,446,481,942
203,75,562,213,708,737,942
58,29,132,60,566,602,942
86,46,163,74,583,612,942
86,46,144,63,609,638,942
53,33,55,30,520,551,942
54,41,123,93,560,583,942
22,22,34,49,444,490,942
37,27,105,70,531,544,942
18,23,19,34,432,445,942
34,31,59,49,483,528,943
39,26,95,60,508,539,943
39,23,106,49,537,579,943
90,41,290,139,625,645,943
29,21,61,29,484,459,943
145,58,440,167,673,703,943
50,32,182,118,579,604,943
71,34,168,82,574,600,943
22,20,110,92,512,551,943
354,83,841,227,779,810,943
54,29,95,50,518,550,943
23,24,56,63,468,533,944
50,30,136,81,558,569,944
113,57,314,174,645,674,944
29,31,39,45,453,489,944
40,29,109,76,537,579,944
342,100,740,229,758,788,944
55,30,78,44,512,540,944
47,36,81,62,528,554,944
30,26,50,46,479,507,944
23,22,54,37,471,488,944
44,20,126,71,555,599,944
195,82,432,163,701,729,944
26,25,41,41,498,524,944
58,31,128,64,565,598,944
51,27,191,99,579,604,944
38,22,87,40,521,543,945
15,20,21,34,398,408,945
26,27,43,45,450,490,945
37,25,88,64,515,540,945
161,66,419,146,685,712,945
17,21,32,43,414,458,945
92,46,174,89,593,622,945
54,40,135,100,579,606,945
40,34,65,60,503,535,945
37,22,47,34,484,533,945
44,23,86,36,504,566,945
30,22,92,73,524,557,946
34,23,62,49,485,543,946
46,32,117,79,529,565,946
21,20,37,31,443,476,946
16,20,33,52,446,482,947
41,25,67,44,504,540,947
41,25,49,35,491,535,947
43,23,88,42,522,549,947
57,28,141,59,571,593,947
43,28,102,60,536,569,947
36,20,87,52,520,561,947
27,26,43,44,475,514,947
46,33,104,59,538,566,947
30,20,59,33,494,505,947
41,25,89,67,538,588,948
104,49,253,117,639,666,948
26,20,59,47,501,526,948
33,21,93,40,515,540,948
22,20,35,45,456,463,948
32,25,109,79,537,546,948
26,25,38,46,463,495,948
17,24,26,45,404,452,948
31,21,51,40,458,482,949
30,26,41,39,497,524,949
27,21,53,46,502,532,949
51,38,112,85,549,577,949
80,41,153,87,588,628,949
82,39,150,75,592,613,949
43,23,81,31,510,541,949
31,35,38,51,465,504,949
54,28,145,68,584,604,949
24,26,65,74,505,526,949
29,27,54,54,482,515,949
39,28,64,54,512,576,949
56,27,117,50,572,602,950
20,20,85,74,507,538,950
32,22,77,50,521,505,950
26,22,49,52,475,516,950
19,22,41,52,463,508,950
56,28,143,82,580,625,950
38,22,53,30,476,491,950
156,72,318,158,653,686,950
36,27,71,46,513,557,951
36,21,59,40,475,485,951
168,64,417,138,680,709,951
64,31,154,94,580,599,951
38,27,67,49,531,573,951
51,30,139,63,563,595,951
42,25,141,61,571,596,952
37,21,77,56,507,528,952
29,22,67,49,495,523,952
24,21,69,56,494,511,952
56,41,170,122,584,620,952
31,23,44,35,483,514,952
26,28,58,70,463,501,952
30,31,47,44,515,537,952
74,39,303,171,635,665,952
38,28,116,65,535,559,952
21,24,35,38,444,498,952
25,22,80,64,519,579,953
51,21,108,46,550,586,953
20,23,15,36,421,456,953
43,37,123,113,558,595,953
48,27,63,40,517,557,953
73,46,161,90,578,603,953
63,37,159,82,577,632,953
76,36,232,82,624,657,953
54,22,101,38,538,576,954
25,22,85,62,514,537,954
49,22,116,54,547,565,954
359,101,803,282,800,834,954
34,22,60,45,490,531,954
42,25,112,78,551,593,955
33,20,58,39,501,518,955
24,21,33,34,454,485,955
22,21,49,40,467,500,955
57,26,83,33,523,560,955
63,38,173,93,597,628,955
36,22,82,47,522,557,955
92,47,202,93,614,642,955
142,50,393,124,669,698,955
106,33,306,114,641,666,955
52,28,142,57,580,600,955
37,23,37,19,473,489,955
26,22,82,69,527,576,955
27,24,29,33,450,485,955
34,20,44,28,476,524,955
40,25,94,64,556,582,955
60,30,211,89,603,635,955
53,29,112,67,553,581,955
49,25,107,50,543,557,955
26,21,60,54,501,505,955
26,21,66,62,509,545,956
25,23,58,55,481,501,956
60,33,109,61,545,567,956
52,26,200,87,601,638,956
41,21,98,51,537,563,956
18,20,45,51,462,490,956
27,26,51,44,496,511,956
35,21,91,61,531,595,956
51,23,158,73,550,575,956
34,23,91,92,550,597,956
37,25,60,41,495,526,957
40,26,89,55,533,570,957
57,33,140,72,569,591,957
58,29,100,60,565,599,957
32,30,134,107,545,584,957
111,54,285,137,644,674,957
22,22,30,35,417,471,957
87,39,319,116,644,683,957
27,20,65,45,492,531,958
35,21,58,43,502,526,958
77,34,211,112,595,618,958
34,22,77,59,514,539,958
33,27,40,29,468,502,958
38,21,112,69,525,538,958
124,49,259,117,649,680,958
62,33,159,81,587,616,958
22,25,49,46,489,492,958
39,27,106,76,537,574,958
47,29,99,75,532,585,958
38,25,77,48,530,565,958
34,30,46,48,503,526,958
66,38,191,112,585,621,958
38,23,74,42,521,506,958
47,22,91,46,525,552,959
114,57,293,136,635,659,959
86,37,323,146,626,658,959
66,35,151,90,581,606,959
60,36,155,93,584,610,959
59,43,123,91,562,589,959
18,22,19,25,418,446,959
70,29,152,46,579,611,959
60,32,113,60,569,618,959
21,21,34,40,439,487,959
130,62,429,230,690,722,959
23,20,67,47,496,537,959
32,21,91,47,519,520,959
33,21,83,47,495,508,959
48,38,140,116,556,582,959
47,23,75,38,520,554,959
48,26,80,42,525,576,959
64,33,160,81,560,600,959
35,22,97,73,534,557,959
29,20,51,41,475,490,959
33,22,70,40,506,533,960
32,27,34,36,472,510,960
86,43,175,90,595,626,960
32,25,81,73,520,555,960
28,27,50,55,475,507,960
31,24,85,64,502,525,960
58,26,149,78,565,588,960
18,23,24,39,401,413,960
48,34,57,49,523,536,961
22,20,82,73,506,533,961
29,23,33,30,451,474,961
18,20,33,47,450,459,961
76,33,123,60,573,598,961
56,24,157,74,568,598,961
154,68,388,177,685,712,961
66,33,97,51,551,571,961
75,34,199,88,590,624,961
17,21,32,44,450,482,961
53,41,108,76,543,575,961
31,22,62,43,482,509,961
35,25,73,58,525,551,962
74,29,157,71,581,596,962
59,25,161,68,590,624,962
116,64,238,121,636,664,962
17,22,54,62,469,492,962
52,25,100,55,546,576,962
56,32,69,49,550,589,962
128,66,383,143,667,698,962
23,22,36,35,420,446,962
20,22,17,27,417,415,962
111,23,281,76,651,675,962
29,31,16,31,441,484,962
37,23,31,33,473,513,963
48,24,166,96,618,650,963
34,25,74,64,524,562,963
33,25,59,45,492,538,963
44,30,117,74,533,574,963
16,21,24,37,430,460,963
31,22,41,31,472,502,963
24,24,27,27,458,483,963
57,30,137,71,588,615,963
34,21,86,50,517,552,963
68,29,160,57,580,606,964
26,25,56,54,495,533,964
55,29,97,40,542,566,964
19,24,35,44,448,473,964
19,21,17,28,415,452,964
35,26,80,67,541,585,964
49,39,93,66,536,569,964
102,51,292,137,619,664,964
17,20,38,41,441,468,964
231,89,608,217,735,764,964
75,49,174,100,585,614,964
21,20,32,32,422,477,964
37,21,136,70,546,570,964
51,44,118,94,547,567,964
56,23,152,60,572,588,965
48,40,74,60,518,553,965
74,33,113,64,564,583,965
110,49,290,124,642,670,965
94,50,346,190,655,684,965
51,34,89,54,574,591,965
52,26,88,43,554,595,965
69,32,128,49,550,553,965
33,23,65,38,516,534,965
44,25,88,49,528,554,965
24,26,32,44,476,502,965
21,22,21,33,420,463,966
27,20,48,34,467,477,966
25,24,26,37,441,488,966
86,39,229,117,626,655,966
45,24,62,30,500,516,966
25,20,62,44,476,514,966
39,20,37,15,454,480,966
38,27,49,41,511,546,966
34,26,79,61,533,566,966
36,26,97,66,552,569,966
29,21,62,54,491,510,966
46,22,67,35,508,571,966
28,20,103,81,520,529,966
39,32,87,72,527,559,966
30,23,53,43,512,538,966
44,29,152,91,571,602,967
17,21,17,35,397,395,967
37,28,90,77,497,524,967
26,24,48,48,464,499,967
42,22,122,67,552,578,967
33,20,53,29,465,488,967
81,45,257,149,645,674,967
64,38,154,89,568,600,967
28,20,95,68,526,547,967
66,33,157,73,574,593,967
39,25,136,78,563,593,967
144,72,357,136,656,685,968
106,46,234,117,633,658,968
18,20,25,35,419,458,968
30,23,51,35,460,497,968
28,23,49,50,475,504,968
60,33,128,60,560,577,968
36,21,114,66,535,567,968
115,61,256,119,627,658,968
173,55,338,91,657,685,968
53,34,207,106,614,644,968
57,35,134,79,550,577,968
95,28,204,78,612,637,968
32,20,71,54,515,526,969
62,35,337,188,652,689,969
24,25,37,38,451,459,969
32,28,74,71,536,583,969
64,25,116,41,553,583,969
53,40,111,77,557,575,969
128,55,408,171,678,703,969
63,40,164,102,571,601,969
40,23,72,44,513,554,969
144,37,565,145,691,723,969
26,22,44,39,479,511,970
208,82,551,192,705,738,970
65,25,106,48,536,565,970
47,40,118,107,540,578,970
63,39,165,124,619,651,970
20,23,14,29,420,431,970
35,22,94,81,535,558,970
61,32,133,75,559,588,970
32,20,85,50,522,555,970
65,38,128,66,560,622,970
134,78,207,101,622,657,970
44,31,103,67,556,583,970
44,37,181,109,580,597,970
74,43,77,49,539,589,970
39,22,91,50,514,547,970
57,30,114,56,553,578,970
49,34,105,66,552,577,970
25,20,43,30,470,500,971
43,22,123,67,574,595,971
48,21,152,90,576,618,971
59,46,127,85,563,590,971
20,25,32,46,453,465,971
48,31,110,68,543,568,971
65,26,184,61,584,596,971
18,20,24,33,464,476,971
17,21,42,61,467,522,971
159,38,581,147,698,729,971
128,59,287,124,641,666,971
76,32,288,147,635,651,971
51,31,68,27,515,551,971
27,24,74,67,505,518,971
157,64,361,111,662,694,972
108,51,307,129,662,692,972
88,43,272,139,648,683,972
84,49,135,68,580,612,972
34,22,41,37,471,568,972
27,20,39,25,447,493,972
60,46,129,103,580,605,972
51,32,152,90,563,607,972
88,45,208,112,600,623,972
102,40,344,105,640,670,972
51,30,196,132,617,646,972
35,25,92,59,529,557,972
149,56,363,140,659,689,972
162,72,328,143,652,680,972
90,66,167,125,605,639,972
36,20,60,40,516,558,972
48,20,135,67,565,598,972
43,33,72,50,522,561,972
17,22,21,35,427,427,972
33,26,52,41,489,520,972
88,42,317,195,644,672,972
33,24,97,64,547,564,973
34,34,50,58,503,530,973
26,20,35,34,435,430,973
37,27,99,56,523,546,973
66,39,149,94,591,622,973
55,34,246,138,625,653,973
83,42,209,111,620,651,973
30,22,39,37,455,496,973
26,20,86,66,523,552,973
30,22,52,37,483,519,973
105,41,247,85,632,663,973
57,34,169,100,596,615,973
168,71,559,307,718,746,973
120,50,377,168,687,715,973
32,23,38,27,483,500,973
43,36,64,54,515,549,973
299,116,617,241,740,773,974
32,28,74,50,521,549,974
36,20,54,27,503,523,974
41,23,99,43,527,563,974
64,32,131,60,564,596,974
74,38,152,87,573,610,974
69,35,183,95,599,627,974
32,30,69,48,515,547,974
38,22,101,61,528,572,974
332,99,697,257,757,785,974
72,34,189,80,592,629,974
324,96,864,197,787,817,974
42,26,55,27,502,488,974
39,27,124,68,558,586,974
174,67,508,188,696,734,974
55,28,170,84,589,589,974
37,21,104,40,536,529,975
21,21,78,70,503,533,975
48,33,114,78,563,581,975
180,69,484,163,698,729,975
80,41,428,227,681,709,975
68,28,173,73,579,609,975
35,22,31,24,454,499,975
83,35,229,127,603,637,975
356,119,741,216,754,786,975
102,47,210,95,614,646,975
41,26,120,66,546,572,975
27,23,29,26,449,451,976
30,20,70,46,503,509,976
47,36,47,44,511,545,976
46,36,59,53,517,592,976
147,58,376,148,669,698,976
38,20,50,33,499,527,976
33,20,99,50,532,577,976
33,28,115,93,541,571,976
51,35,147,91,574,600,976
27,28,44,61,472,509,976
18,20,46,46,473,508,976
31,20,79,51,509,529,976
43,20,94,48,534,543,976
31,24,74,54,513,545,976
38,22,104,59,531,554,976
108,61,202,102,611,642,976
52,29,81,40,521,558,976
22,21,35,37,424,475,976
47,32,111,73,542,560,977
17,20,36,44,433,448,977
36,26,67,45,517,526,977
210,71,468,136,695,722,977
199,90,516,267,715,744,977
63,43,149,106,565,594,977
51,25,66,29,514,529,977
33,25,55,44,492,521,977
42,25,97,50,524,559,977
32,22,45,27,494,501,977
35,25,25,21,421,456,977
54,37,105,79,544,575,977
33,23,137,77,550,581,977
59,35,113,63,565,597,977
73,26,318,95,623,648,977
44,25,72,35,514,511,977
34,23,80,66,522,553,977
17,20,39,52,407,503,977
28,25,36,36,461,499,977
33,26,68,54,509,534,977
87,42,176,83,588,618,977
276,92,668,253,747,779,978
31,22,37,36,496,522,978
56,25,118,65,567,588,978
30,22,68,57,504,521,978
25,20,23,25,411,466,978
45,26,72,44,510,553,978
84,48,254,137,618,648,978
124,41,333,103,655,690,978
47,34,72,46,519,548,978
111,47,442,192,695,724,978
21,25,32,52,454,474,979
27,21,49,31,466,492,979
28,23,87,64,517,555,979
506,144,801,293,794,825,979
164,67,456,191,687,717,979
23,24,62,60,487,511,979
106,45,297,139,637,670,979
19,21,25,35,420,435,979
49,22,142,55,570,596,979
39,28,56,41,482,553,979
63,24,310,131,630,662,979
42,22,92,52,513,546,979
94,49,241,145,632,667,979
88,30,212,75,630,663,979
179,61,566,194,705,737,979
121,61,263,111,625,652,979
30,26,53,54,496,540,979
66,26,241,108,604,629,979
142,57,436,190,697,729,979
57,26,118,45,551,568,980
137,42,323,121,656,681,980
30,26,61,53,483,514,980
39,25,77,55,509,538,980
53,20,189,62,594,593,980
28,20,54,44,460,503,980
41,20,157,69,576,584,980
20,22,33,43,452,464,980
112,57,256,145,635,666,980
31,23,38,25,449,454,980
29,20,55,29,505,527,980
79,30,289,137,604,643,980
75,34,197,98,605,633,981
54,34,124,85,556,581,981
35,27,54,56,492,516,981
75,45,147,68,580,594,981
162,42,787,284,769,799,981
32,27,55,46,460,502,981
42,41,77,70,522,541,981
100,48,460,249,665,696,981
68,48,234,191,628,658,981
44,30,107,63,552,596,981
322,92,766,172,735,766,981
45,21,195,82,578,592,981
23,23,37,46,432,460,982
53,20,133,56,547,604,982
31,21,73,57,511,532,982
62,28,186,85,592,626,982
191,71,595,188,720,750,982
227,83,562,231,716,746,982
31,25,38,30,470,517,982
57,23,81,34,528,561,982
33,25,85,78,514,539,982
43,25,99,50,533,567,982
17,20,30,37,439,437,982
45,26,110,61,567,595,982
291,90,686,184,741,772,982
70,38,183,99,595,632,983
298,123,653,333,766,798,983
41,34,95,88,562,589,983
239,78,621,203,720,753,983
28,22,79,54,529,545,983
47,39,71,62,528,564,983
22,21,50,31,457,494,983
136,45,584,242,711,739,983
51,33,148,70,569,600,983
40,21,113,32,534,548,983
119,42,328,109,646,679,983
41,20,72,27,500,513,983
26,25,56,65,460,501,984
77,38,219,102,604,636,984
20,21,30,29,427,448,984
419,90,926,193,783,811,984
129,36,463,123,666,697,984
42,30,91,57,514,532,984
27,20,69,42,510,549,984
18,20,36,41,406,425,984
47,25,113,54,545,580,984
39,20,85,49,521,574,984
54,28,158,84,569,600,984
18,23,17,33,413,458,984
36,20,87,47,529,548,985
44,23,106,58,535,573,985
25,20,87,48,508,483,985
48,32,116,100,563,605,985
24,24,42,33,462,455,985
331,92,786,290,781,810,985
34,22,29,19,442,463,985
34,26,63,46,526,552,985
34,22,69,33,489,521,985
55,28,107,53,533,570,985
38,21,77,50,518,553,985
56,25,117,51,569,606,985
46,33,112,89,542,568,985
93,40,215,77,623,652,985
65,35,144,82,586,607,985
42,24,221,155,605,632,985
141,50,443,200,673,705,986
69,33,112,52,552,601,986
37,27,104,80,543,559,986
41,32,81,60,510,549,986
27,21,75,36,495,480,986
65,32,151,71,568,604,986
21,25,51,61,485,517,986
95,43,291,141,647,680,986
54,31,116,54,549,574,986
29,24,87,61,510,545,986
50,25,139,69,556,608,986
41,27,76,68,528,573,986
117,47,347,119,661,691,986
65,36,98,60,542,577,986
81,28,216,90,602,628,986
26,20,13,19,367,378,986
51,37,120,86,564,589,986
126,47,280,115,632,664,986
45,23,137,64,552,579,986
31,22,58,36,489,527,986
25,27,83,83,498,519,987
38,23,129,75,549,585,987
38,20,85,45,500,523,987
67,30,165,76,595,626,987
65,22,215,77,606,634,987
61,32,186,75,600,622,987
35,21,69,54,494,487,987
23,20,41,37,439,496,987
246,74,645,210,722,755,987
86,46,271,116,629,661,987
34,27,48,44,487,513,987
40,27,79,60,520,547,987
19,23,27,48,455,504,987
51,24,127,46,538,558,987
41,28,95,61,534,567,987
98,48,191,103,608,631,988
51,27,131,74,562,585,988
64,30,135,58,552,589,988
72,30,200,85,608,647,988
45,21,63,33,490,558,988
25,21,59,52,470,511,988
44,22,88,43,526,562,988
93,42,431,210,679,708,988
39,24,123,67,544,569,988
47,22,88,37,523,535,988
39,31,72,61,527,538,989
34,23,74,46,502,516,989
99,29,231,60,617,646,989
40,22,82,30,521,537,989
30,20,67,48,503,557,989
52,34,110,61,550,559,989
32,20,78,51,515,507,989
68,36,159,95,590,620,989
59,30,227,94,601,622,989
42,22,81,44,510,546,989
46,23,82,28,506,565,989
81,35,245,107,625,653,989
34,25,92,75,523,560,989
21,20,45,42,467,487,989
169,58,631,218,717,744,989
116,68,415,282,685,718,989
55,25,92,45,543,579,989
36,22,87,61,539,546,989
43,25,117,75,545,577,989
30,24,84,56,517,511,989
46,33,79,65,552,594,989
24,20,45,33,461,465,990
34,28,107,77,540,568,990
104,47,215,100,602,637,990
32,20,44,26,479,529,990
29,29,67,62,493,515,990
35,35,85,80,534,553,990
36,21,80,48,488,546,990
28,21,39,37,459,495,990
133,64,251,120,637,667,990
43,34,65,51,523,533,990
51,28,118,64,541,546,990
23,20,52,41,475,505,990
78,41,190,101,591,623,990
33,21,48,32,468,498,990
25,20,39,27,452,513,990
44,21,100,55,534,533,990
161,78,490,272,702,733,990
104,54,205,114,619,642,990
25,20,62,47,478,476,990
38,22,89,46,527,525,991
20,24,35,37,443,443,991
58,23,253,107,621,647,991
34,21,66,50,517,541,991
43,29,174,121,604,640,991
67,53,185,139,607,635,991
87,40,237,108,612,642,991
22,22,47,51,489,521,991
30,23,38,27,478,487,991
72,35,257,124,617,646,991
32,34,44,57,470,531,991
28,21,68,49,492,495,991
34,28,121,93,530,562,991
57,37,91,74,569,614,991
39,27,99,48,543,575,991
36,26,144,103,555,581,991
33,26,123,89,555,592,992
52,28,104,40,562,585,992
34,25,40,26,492,522,992
59,21,177,82,590,621,992
40,31,77,70,508,550,992
59,31,123,45,578,611,992
33,21,78,61,546,575,992
165,58,365,114,663,695,992
117,71,322,189,651,682,992
65,34,191,100,601,628,992
98,42,294,101,639,671,992
35,24,78,53,522,513,992
52,35,132,87,571,595,992
84,36,161,50,597,627,992
29,22,51,41,485,504,992
44,30,94,68,545,588,993
66,39,163,75,591,619,993
36,20,79,56,517,546,993
90,40,219,100,624,646,993
28,21,49,28,489,525,993
125,36,467,133,680,708,993
48,34,138,102,560,592,993
57,30,161,86,573,593,993
27,25,52,55,461,514,993
79,52,130,87,565,588,993
37,22,67,32,485,484,993
43,21,227,124,609,640,993
44,32,119,90,535,571,993
19,26,37,54,448,473,993
97,38,288,127,646,673,993
53,29,134,57,561,592,993
80,52,197,136,611,637,994
87,50,230,148,621,656,994
35,21,53,39,496,517,994
169,63,458,171,684,716,994
43,31,164,126,580,606,994
201,67,508,182,707,730,994
33,22,53,34,477,505,994
35,24,80,59,521,550,994
93,55,262,138,636,668,994
64,41,130,81,576,618,994
44,33,131,101,558,585,995
38,26,85,50,516,541,995
36,23,116,56,530,545,995
117,42,451,206,676,705,995
326,93,801,212,750,786,995
47,30,131,84,565,593,995
116,37,381,112,660,691,995
55,35,148,102,578,608,995
39,23,90,65,545,575,995
50,20,133,59,575,607,995
79,50,187,125,602,634,995
82,35,405,215,660,685,995
29,20,36,30,458,498,996
69,28,175,73,587,607,996
30,22,64,44,507,545,996
30,21,32,31,418,487,996
79,49,172,98,584,612,996
32,21,58,26,480,484,996
57,24,115,64,564,616,996
28,23,34,37,481,518,996
41,26,167,116,574,608,996
41,22,75,40,513,539,996
22,20,33,28,420,454,996
20,21,26,38,416,488,996
31,22,104,82,543,566,997
31,29,86,68,526,550,997
54,33,213,151,608,639,997
75,36,175,78,592,623,997
77,38,101,51,546,592,997
46,25,106,49,538,556,997
39,24,147,96,562,590,997
40,20,116,63,536,574,997
32,21,54,36,475,496,997
43,27,69,37,511,542,997
46,33,103,75,558,587,997
26,25,64,69,483,512,998
51,40,98,86,550,578,998
48,25,92,36,520,554,998
33,21,77,52,510,555,998
38,36,74,70,504,512,998
35,21,113,73,551,575,998
73,37,219,95,613,645,998
66,36,157,83,591,619,998
31,31,60,48,503,528,998
27,21,113,81,531,556,998
30,20,87,58,523,554,998
40,28,93,81,524,576,999
68,39,210,136,599,632,999
108,54,222,107,620,650,999
16,20,21,26,395,421,999
61,31,275,163,627,663,999
49,27,121,70,538,574,999
28,20,53,37,457,504,999
41,25,122,55,533,541,999
45,23,83,44,516,571,999
41,22,84,46,523,536,999
35,26,105,83,538,580,999
51,34,86,58,532,566,999
46,35,107,76,548,569,999
30,22,60,36,514,564,999
46,22,144,81,552,579,999
97,31,414,162,649,676,1000
53,25,146,65,572,605,1000
18,24,25,44,433,480,1000
53,26,102,38,527,561,1000
34,21,62,23,500,506,1000
33,21,70,47,506,541,1000
19,20,15,24,416,466,1000
63,39,145,99,569,606,1000
68,47,254,172,617,649,1000
37,20,132,79,588,618,1000
26,21,48,37,474,507,1000
41,24,88,48,544,579,1000
34,30,37,36,449,493,1000
37,20,119,62,544,585,1000
57,38,135,98,555,587,1000
37,20,75,44,511,542,1001
61,31,166,74,565,598,1001
20,22,60,64,492,514,1001
36,23,73,49,495,521,1001
44,31,48,40,528,555,1001
53,30,99,58,534,577,1001
38,28,63,55,510,516,1001
40,34,83,70,504,556,1001
80,41,231,109,615,644,1002
40,26,101,55,543,572,1002
35,20,99,34,520,551,1002
30,22,56,40,480,486,1002
57,29,139,68,567,590,1002
59,39,133,88,572,593,1002
56,33,108,56,552,601,1002
63,34,188,110,601,628,1002
41,32,74,62,523,539,1002
36,21,71,45,505,534,1002
36,23,70,39,492,544,1002
34,23,60,39,491,509,1002
23,29,63,74,496,528,1002
37,25,90,48,526,538,1002
70,36,203,97,611,637,1003
33,22,109,73,521,563,1003
146,56,323,104,659,687,1003
66,37,157,82,562,587,1003
41,26,72,52,501,519,1003
35,23,87,55,537,568,1003
32,25,49,42,498,550,1003
97,42,222,123,628,656,1003
112,34,215,60,610,632,1003
29,24,40,41,464,515,1003
80,37,289,106,626,627,1003
41,25,64,42,545,573,1003
186,59,340,97,661,690,1003
53,34,154,107,544,577,1004
257,113,522,235,710,737,1004
29,23,98,73,514,545,1004
36,26,78,49,523,567,1004
76,31,187,73,601,628,1004
34,25,116,76,544,578,1004
38,22,113,64,541,567,1004
68,31,129,69,547,580,1004
51,28,120,74,547,575,1004
34,24,123,78,553,555,1004
101,46,205,95,609,642,1004
29,22,25,30,464,522,1004
204,95,566,264,706,737,1004
17,22,46,55,460,484,1004
84,43,255,126,621,655,1004
33,23,99,58,550,562,1004
25,20,32,26,461,500,1005
350,84,851,265,786,820,1005
40,23,83,47,476,496,1005
64,40,200,126,608,637,1005
88,36,189,89,609,644,1005
41,26,83,46,517,554,1005
51,23,81,34,509,540,1005
37,25,113,70,543,579,1005
15,23,42,53,390,426,1005
57,38,109,79,544,573,1005
50,36,95,79,541,574,1005
49,28,111,72,549,579,1006
43,29,105,72,541,575,1006
39,31,71,72,530,561,1006
334,72,857,201,764,797,1006
27,22,27,35,441,498,1006
236,65,563,143,709,739,1006
18,20,30,41,424,494,1006
53,36,136,105,572,610,1006
143,49,322,95,656,685,1006
42,22,80,47,541,555,1006
96,57,234,159,633,664,1006
34,24,88,55,537,563,1006
23,24,72,70,503,538,1006
27,20,35,33,450,487,1006
136,57,470,254,694,723,1006
67,36,175,81,589,619,1006
18,21,22,36,427,436,1006
50,23,119,43,543,580,1007
31,22,77,50,524,542,1007
76,46,212,122,616,648,1007
27,26,16,31,423,436,1007
26,24,50,43,492,516,1007
37,26,78,57,508,504,1007
32,20,88,45,535,546,1007
38,31,70,59,508,528,1007
495,116,875,295,822,850,1007
346,90,798,208,756,785,1007
20,21,48,44,461,481,1007
77,29,151,49,584,601,1007
76,36,211,112,610,631,1007
42,21,99,41,549,593,1007
48,30,107,62,547,572,1007
40,28,109,65,539,582,1007
24,23,71,51,487,532,1007
59,45,103,85,564,595,1007
34,28,91,80,529,572,1007
39,23,57,27,497,533,1007
45,34,75,64,531,563,1008
46,31,135,73,537,562,1008
141,66,350,171,674,700,1008
55,28,118,69,542,580,1008
104,45,364,136,647,683,1008
182,83,376,166,682,708,1008
44,30,74,57,535,567,1009
51,22,103,45,528,547,1009
39,23,71,31,502,539,1009
42,32,64,51,490,525,1009
31,25,70,52,490,521,1009
188,66,482,171,703,735,1009
26,20,41,30,455,493,1009
88,45,253,119,643,681,1009
43,29,101,68,541,566,1009
49,21,157,54,580,599,1009
77,50,169,94,612,635,1009
77,46,255,142,607,634,1009
29,26,18,34,431,406,1010
39,25,347,199,656,691,1010
150,52,428,150,675,708,1010
45,33,112,77,572,594,1010
46,21,115,55,532,542,1010
24,25,59,49,463,502,1010
67,38,184,90,595,617,1010
34,21,59,34,499,541,1010
34,26,64,58,495,544,1010
45,24,112,55,534,558,1010
104,38,228,92,617,648,1011
25,23,45,40,465,515,1011
24,21,53,46,465,492,1011
22,28,45,57,458,449,1011
51,25,148,70,588,619,1011
18,21,41,44,428,450,1011
33,23,115,84,539,598,1011
67,32,210,82,610,641,1011
56,36,206,124,587,611,1012
39,23,80,33,512,533,1012
58,29,103,46,537,567,1012
29,30,62,62,487,513,1012
32,22,56,38,522,557,1012
45,25,138,93,569,590,1012
112,37,412,135,664,688,1012
65,34,142,68,579,589,1012
69,29,220,112,605,638,1012
34,20,106,49,524,555,1012
29,22,105,85,541,568,1012
31,22,25,34,428,498,1012
41,25,91,47,527,557,1012
35,26,93,79,520,542,1012
35,26,100,66,536,557,1012
83,39,261,144,636,665,1012
27,20,91,74,551,583,1012
56,30,92,52,521,528,1012
32,25,112,79,531,544,1013
42,28,98,54,532,556,1013
30,24,71,55,497,519,1013
45,26,93,49,539,557,1013
22,21,41,45,440,463,1013
34,23,91,60,515,540,1013
35,21,66,43,497,562,1013
43,24,86,51,547,579,1013
137,46,347,121,647,679,1013
33,26,113,73,529,556,1013
28,21,53,38,463,467,1013
26,22,41,35,441,489,1013
36,25,132,66,540,566,1013
41,23,186,115,578,606,1014
141,65,270,118,637,663,1014
50,32,114,47,538,543,1014
38,30,40,37,479,503,1014
23,21,57,40,470,474,1014
63,31,119,62,569,600,1014
67,48,118,96,577,609,1014
26,21,35,37,430,461,1014
92,52,205,102,610,642,1014
56,29,195,114,590,599,1014
60,36,131,80,559,584,1014
63,40,136,73,558,605,1014
49,21,79,29,514,548,1015
34,21,70,49,519,535,1015
29,26,27,31,462,514,1015
37,21,65,37,496,517,1015
62,28,209,110,598,624,1015
71,40,169,100,578,599,1015
47,26,142,80,562,602,1015
27,20,72,58,512,535,1015
43,29,77,54,512,539,1015
86,58,150,99,593,623,1015
35,22,58,36,498,543,1015
26,21,69,46,516,543,1015
106,43,357,129,666,694,1015
34,23,62,42,485,505,1015
36,29,102,78,546,574,1015
22,20,22,29,436,473,1015
114,44,343,133,663,696,1016
32,22,56,43,506,514,1016
30,26,22,41,425,502,1016
103,35,239,90,617,645,1016
39,24,44,36,504,531,1016
41,20,113,78,529,557,1016
90,46,340,151,642,673,1016
30,21,75,44,510,541,1016
60,33,91,57,536,571,1016
67,30,152,76,564,587,1016
54,29,126,66,556,571,1016
80,38,183,65,595,624,1016
120,41,569,233,710,738,1016
63,31,212,120,595,624,1016
59,27,147,45,555,581,1016
24,31,34,55,424,433,1016
98,57,417,258,673,709,1016
24,21,50,45,465,513,1016
41,31,77,38,530,555,1016
25,23,66,63,481,510,1016
65,30,166,51,581,599,1017
37,31,90,71,530,563,1017
45,25,56,32,492,540,1017
47,33,144,103,549,575,1017
25,21,74,51,511,536,1017
41,21,90,53,516,548,1017
25,20,75,60,500,534,1017
21,22,69,71,498,556,1017
55,42,68,56,502,533,1017
29,23,33,27,450,483,1017
26,20,59,41,500,514,1017
58,22,210,88,589,624,1017
119,59,255,120,630,652,1018
34,24,104,64,518,552,1018
32,25,82,68,529,567,1018
33,22,67,42,483,498,1018
21,21,37,36,440,436,1018
77,34,254,102,613,643,1018
103,42,328,131,632,663,1018
37,28,59,44,518,553,1018
28,20,80,45,506,549,1018
29,24,54,47,499,511,1018
38,23,71,42,519,524,1018
18,20,37,43,448,470,1018
25,22,27,25,472,496,1018
27,20,76,45,512,555,1018
49,21,85,45,533,597,1018
118,47,345,158,666,693,1018
31,34,43,58,460,514,1018
65,29,172,78,591,630,1018
39,35,75,66,489,521,1018
31,26,78,61,518,552,1019
16,21,39,40,422,462,1019
95,34,310,118,661,690,1019
29,24,54,39,492,477,1019
118,52,471,203,685,720,1019
43,20,145,64,550,582,1019
30,24,39,38,469,441,1019
153,62,281,115,659,682,1019
29,20,74,57,522,545,1019
29,20,41,24,463,471,1019
76,41,238,126,624,651,1019
15,21,62,67,487,512,1019
39,25,73,36,510,540,1019
22,25,46,59,464,486,1019
214,83,412,149,693,724,1019
192,67,290,116,653,687,1019
20,22,29,47,469,512,1020
55,23,194,81,601,628,1020
35,21,114,70,533,566,1020
79,40,123,59,590,616,1020
51,23,174,75,590,619,1020
45,24,105,48,532,546,1020
98,49,215,97,615,651,1020
101,37,467,200,667,699,1020
39,24,60,36,486,524,1020
133,58,263,146,657,694,1020
34,26,47,33,481,496,1020
32,23,64,47,498,523,1020
47,34,170,125,574,599,1020
37,36,86,72,496,526,1021
36,25,43,32,439,476,1021
39,23,61,33,507,548,1021
31,24,49,36,472,455,1021
30,29,65,64,487,495,1021
30,22,35,31,462,478,1021
26,24,82,77,519,555,1021
36,22,44,34,475,511,1021
246,61,578,151,716,748,1021
99,52,245,110,623,649,1021
59,40,161,102,604,631,1021
31,21,64,36,491,543,1021
19,24,34,52,412,448,1021
37,26,55,48,491,519,1021
175,75,493,158,682,714,1021
122,65,436,260,683,713,1021
177,60,445,197,706,739,1021
252,77,718,236,760,792,1021
34,25,70,58,538,576,1022
83,42,247,110,622,647,1022
25,22,38,37,463,488,1022
55,32,107,53,562,592,1022
33,27,38,47,465,517,1022
29,23,51,44,467,501,1022
27,27,73,79,486,503,1022
100,39,287,101,634,665,1022
51,21,91,44,533,584,1022
26,20,34,30,416,479,1022
50,39,82,67,528,570,1022
47,29,172,98,582,613,1022
19,21,58,61,446,472,1022
40,20,83,38,510,540,1022
63,27,115,44,557,594,1022
43,33,64,53,538,555,1022
28,24,57,47,489,524,1022
211,78,538,202,716,747,1022
24,20,39,43,453,500,1022
50,28,162,93,577,618,1023
52,20,107,45,535,568,1023
63,36,136,78,581,613,1023
107,70,266,133,639,671,1023
45,30,96,64,537,560,1023
26,27,76,83,493,529,1023
33,25,79,62,509,519,1023
46,22,109,42,544,556,1023
66,27,129,62,552,586,1023
51,22,196,89,586,623,1023
76,40,141,84,563,604,1023
30,21,58,48,476,505,1023
34,33,43,57,455,506,1023
60,30,129,82,573,604,1023
33,25,124,80,541,570,1023
22,25,46,52,450,483,1023
32,20,49,40,493,517,1023
24,20,37,23,454,471,1023
42,31,94,65,525,539,1023
