"FSC-A","FSC-H","SSC-A","SSC-H","530_30-Blue-A","582_15-Yellow-A","Time"
98,37,480,204,733,739,0
41,20,68,30,479,456,0
129,49,343,130,633,627,0
70,24,187,64,578,566,0
39,21,121,52,515,537,1
68,27,217,84,578,571,1
146,58,358,143,638,629,1
57,33,159,95,563,537,1
77,35,182,70,502,553,1
111,34,286,74,598,582,1
126,64,525,212,723,754,1
21,22,28,38,506,459,1
43,23,61,41,522,483,1
20,24,33,48,476,520,1
76,25,233,92,634,630,1
44,24,95,52,509,529,1
50,23,146,54,536,533,1
74,27,226,74,565,539,1
48,28,128,64,515,533,1
70,28,228,125,644,654,1
17,20,56,51,458,512,2
71,31,176,52,564,569,2
120,40,355,106,680,688,2
42,20,115,56,487,532,2
86,34,259,86,536,545,2
36,25,86,52,462,481,2
28,20,55,30,514,503,2
34,31,53,34,496,532,2
36,22,62,33,514,511,2
69,25,175,50,550,583,2
56,21,203,66,568,545,2
44,23,154,77,501,439,2
64,35,174,77,537,526,2
24,23,68,64,546,503,2
53,28,131,49,512,537,2
57,23,147,63,602,609,2
43,21,174,85,551,544,2
214,60,722,363,827,839,2
49,29,97,62,579,581,2
17,20,44,40,477,461,3
72,23,214,87,599,602,3
35,26,118,70,509,534,3
44,23,175,80,508,523,3
52,22,91,39,495,513,3
30,20,47,49,507,559,3
30,24,26,28,510,493,3
44,30,108,89,569,576,3
67,31,245,111,608,604,3
33,20,93,60,531,573,3
61,22,144,51,594,597,4
59,28,197,84,544,517,4
65,29,168,80,591,601,4
39,25,83,34,509,511,4
118,51,403,150,656,678,4
39,22,130,65,479,525,4
97,55,324,149,638,634,4
30,26,83,82,595,609,4
44,31,126,117,584,617,4
91,42,284,136,605,618,4
51,23,152,62,575,568,4
53,27,176,74,540,534,4
88,37,273,104,606,613,4
291,73,725,196,743,744,4
106,33,228,62,577,558,4
36,27,103,76,560,563,4
25,25,89,101,567,599,4
49,28,111,53,509,532,5
77,37,220,97,632,620,5
57,28,232,102,569,572,5
90,43,263,118,604,612,5
57,23,203,79,503,531,5
45,24,158,102,629,634,5
42,22,86,42,579,563,5
45,23,111,62,531,563,5
51,29,134,87,608,611,5
403,67,1000,222,759,747,5
32,24,51,59,517,584,5
41,26,99,51,558,513,5
50,31,134,54,565,571,5
70,30,179,91,564,556,5
42,21,109,45,509,514,6
53,32,160,73,595,589,6
50,38,135,110,609,616,6
108,35,305,94,591,601,6
21,20,30,27,439,438,6
36,24,77,52,552,547,6
275,62,775,189,749,741,6
125,50,413,148,658,644,6
40,21,157,74,551,524,6
30,22,62,36,545,494,6
55,25,86,56,558,594,6
62,26,201,74,576,571,6
30,22,88,62,539,566,7
105,33,361,108,628,616,7
52,28,117,53,541,539,7
63,27,150,55,483,528,7
25,27,40,59,528,503,7
28,20,44,23,502,513,7
133,47,344,110,651,644,7
31,26,70,58,539,522,7
78,27,346,146,631,648,7
61,26,191,61,532,514,7
46,24,101,53,552,538,7
45,20,141,40,533,537,7
111,43,349,134,626,618,7
44,23,154,87,602,590,8
18,20,28,33,463,448,8
36,20,72,43,498,417,8
49,22,157,58,527,522,8
28,20,52,39,499,455,8
31,23,43,35,507,470,8
81,45,211,106,563,582,8
81,30,195,46,582,573,8
52,29,130,67,544,538,8
40,21,103,54,492,502,8
30,23,111,83,601,613,8
46,21,123,46,513,550,8
36,27,97,59,524,551,9
24,20,57,43,508,508,9
89,41,282,136,637,636,9
35,21,82,40,517,495,9
32,21,128,74,486,455,9
52,29,116,69,608,609,9
31,21,81,50,513,476,9
59,22,139,49,578,592,9
26,24,44,30,488,484,9
66,28,201,66,568,564,9
140,45,404,111,642,631,9
43,29,181,126,631,624,9
43,21,100,39,546,528,10
103,35,320,153,668,695,10
43,30,91,59,428,507,10
57,22,214,81,585,569,10
42,22,124,77,568,554,10
199,72,681,335,805,830,10
47,23,117,44,500,513,10
35,21,93,60,534,549,10
88,50,338,236,679,728,10
106,41,270,96,589,614,10
123,47,454,216,701,702,10
59,29,188,65,547,547,10
39,24,120,62,569,577,11
38,20,106,44,569,572,11
25,20,62,48,460,451,11
315,54,899,231,766,762,11
63,30,199,81,561,576,11
94,46,319,155,584,567,11
79,26,180,72,516,544,11
55,29,142,65,568,584,11
37,20,120,73,581,576,11
38,22,134,106,570,594,11
41,23,139,58,520,557,11
33,22,125,73,514,519,11
50,27,213,109,580,596,11
32,20,39,34,476,546,11
56,37,116,80,530,557,11
41,24,127,49,512,538,11
85,30,260,84,613,608,12
51,25,137,47,551,553,12
96,31,240,76,633,635,12
76,47,240,142,538,559,12
37,21,74,50,519,489,12
22,20,44,35,454,514,12
86,34,274,127,640,661,12
14,20,37,43,444,502,12
25,28,58,69,551,578,12
13,20,17,35,373,363,13
75,22,195,74,527,540,13
114,49,299,123,626,625,13
22,22,30,27,496,530,13
83,23,247,57,559,548,13
269,87,632,312,794,806,13
77,35,202,98,599,612,13
65,42,158,77,526,525,13
88,41,171,59,595,578,13
119,49,281,100,615,609,13
151,53,409,137,660,660,13
18,20,32,27,472,454,13
14,20,13,27,368,295,13
37,20,103,59,539,542,14
36,21,50,26,522,480,14
102,34,289,121,563,560,14
74,28,230,65,536,567,14
32,23,72,57,566,582,14
13,20,13,24,455,437,14
48,28,153,70,528,512,14
50,23,120,52,496,536,14
41,21,130,53,569,549,14
29,21,48,40,553,553,14
64,36,225,127,575,590,14
49,20,155,79,589,587,14
70,23,224,44,567,567,14
64,26,191,95,577,586,15
219,77,489,173,691,679,15
132,39,384,102,652,631,15
39,23,119,69,556,560,15
42,20,355,218,687,696,15
19,20,28,36,511,358,15
30,23,68,36,459,514,15
60,29,215,71,578,542,15
47,25,146,61,530,508,15
106,35,304,95,641,665,15
63,23,171,58,617,635,15
41,21,145,71,551,547,15
37,20,120,51,496,500,15
98,39,295,113,619,631,15
49,26,139,65,568,552,15
30,24,87,68,582,554,15
26,20,43,40,504,487,15
56,30,181,71,498,485,15
19,23,35,43,472,488,16
40,32,142,94,540,549,16
50,21,177,71,562,565,16
255,53,748,192,699,683,16
100,25,328,86,566,560,16
124,50,351,127,635,644,16
62,25,146,45,471,535,16
182,64,645,275,788,809,16
68,25,170,73,565,582,16
68,35,171,72,562,570,16
124,39,540,217,726,733,16
86,38,275,129,639,650,17
104,29,267,85,598,604,17
98,38,325,106,584,580,17
39,22,87,29,538,495,17
36,25,100,65,570,592,17
38,21,71,38,531,519,17
47,26,42,24,532,489,17
162,39,434,111,650,650,17
39,20,120,54,507,524,17
74,33,265,102,539,543,17
87,24,228,54,563,556,17
71,31,247,103,583,552,17
69,36,186,81,549,549,17
31,25,77,68,553,593,17
113,51,438,202,642,648,17
64,20,190,56,548,481,17
48,24,196,80,548,542,17
288,94,648,227,779,792,18
53,23,146,54,542,532,18
33,20,38,28,500,476,18
45,24,136,60,515,526,18
57,26,213,75,543,525,18
58,26,233,109,566,563,18
29,22,70,46,526,528,18
54,28,135,70,547,538,18
63,27,180,65,598,609,18
53,25,141,62,539,548,18
48,20,91,37,504,556,18
77,43,227,120,598,599,18
65,42,245,157,659,657,18
51,24,146,54,560,514,19
16,20,15,35,467,279,19
26,21,83,50,496,479,19
34,20,91,68,480,491,19
37,21,64,40,490,496,19
68,29,155,56,502,514,19
86,36,220,86,619,597,19
61,27,203,74,513,556,19
58,21,188,51,557,566,19
54,21,176,66,578,533,19
46,36,133,98,606,602,19
56,25,151,46,558,529,19
34,20,66,32,511,480,19
82,25,182,51,598,603,20
74,32,222,92,574,564,20
226,72,496,129,690,691,20
40,26,80,41,529,513,20
46,34,162,109,584,608,20
42,24,68,40,522,518,20
43,29,382,193,698,712,20
55,21,259,76,546,490,20
112,40,361,129,620,663,20
42,30,69,40,528,535,20
59,30,212,112,582,552,20
36,20,100,57,519,524,20
59,35,94,60,569,542,20
78,37,210,79,559,495,21
57,26,248,120,621,662,21
72,45,247,136,656,659,21
43,25,136,77,517,520,21
29,26,39,36,453,465,21
52,28,162,72,601,592,21
35,21,108,48,496,474,21
46,21,126,48,525,521,21
65,24,211,58,606,616,21
28,24,91,82,518,549,21
31,23,144,119,586,619,21
47,32,129,76,560,562,21
41,26,135,76,454,440,21
39,25,83,42,498,529,22
146,61,390,138,642,654,22
53,22,130,54,524,546,22
69,26,175,68,543,569,22
80,30,185,54,574,580,22
40,23,76,34,534,515,22
72,31,191,71,549,512,22
104,27,348,85,629,636,22
46,22,107,48,517,501,22
81,33,259,107,582,567,23
36,21,96,47,519,503,23
116,34,402,107,605,596,23
50,20,209,67,549,545,23
48,20,140,63,481,519,23
56,29,210,92,529,535,23
49,22,93,46,562,567,23
184,64,623,265,741,753,23
189,64,485,151,671,674,23
71,32,213,102,612,614,23
66,40,175,117,621,631,23
36,20,90,57,553,555,23
58,24,192,76,525,543,23
193,47,544,119,653,657,23
226,76,755,255,789,801,23
70,28,173,64,576,580,23
36,23,125,88,566,567,24
21,26,17,38,514,445,24
52,23,145,66,563,510,24
55,25,133,51,494,553,24
94,35,208,60,583,560,24
36,27,94,57,504,488,24
60,32,261,143,626,651,24
74,23,196,53,579,567,25
79,35,194,93,552,557,25
43,20,139,52,539,503,25
51,22,132,56,505,500,25
88,40,362,217,699,704,25
41,37,134,110,602,616,25
55,29,103,31,521,529,25
52,26,137,58,577,540,25
66,30,163,59,557,563,25
53,28,162,69,564,583,25
24,20,41,27,516,472,26
104,41,372,121,620,653,26
39,25,34,19,505,426,26
79,42,485,296,725,746,26
125,33,319,74,608,609,26
44,23,105,35,516,499,26
41,24,109,61,503,496,26
62,28,245,136,638,649,26
58,30,183,82,567,568,26
119,34,318,96,616,607,26
112,45,306,95,634,641,27
67,31,224,70,553,573,27
47,22,151,70,549,505,27
44,25,105,71,580,592,27
38,22,96,80,569,566,27
25,22,45,36,497,398,27
40,29,86,67,539,562,27
80,33,222,80,548,562,27
92,32,319,125,611,625,27
106,41,312,146,635,637,27
21,22,58,56,540,477,27
57,33,242,157,635,652,27
66,33,266,137,602,623,27
163,54,470,131,646,647,27
34,20,67,50,502,502,27
36,25,43,33,499,508,27
43,24,135,69,552,512,27
92,44,245,114,582,590,28
60,25,153,75,579,596,28
43,29,103,53,533,544,28
71,29,203,79,577,549,28
28,21,65,48,378,499,28
46,20,293,164,666,674,28
27,21,117,79,529,567,28
31,21,75,48,476,509,28
34,21,84,42,459,462,28
80,32,519,262,740,742,28
23,20,54,34,480,530,28
225,68,651,234,749,754,28
108,32,263,67,618,588,28
43,28,110,79,571,563,28
30,21,55,30,480,392,29
56,20,174,62,570,547,29
23,20,55,50,429,457,29
66,30,176,63,559,558,29
32,24,73,46,346,467,29
54,20,201,50,517,519,29
38,20,108,64,434,466,29
63,30,214,106,554,549,29
63,44,133,89,603,602,29
36,21,66,49,554,515,29
54,21,146,61,523,574,29
36,20,104,46,521,517,30
94,37,266,91,608,596,30
75,37,194,77,539,535,30
76,32,182,69,582,553,30
297,50,714,112,714,711,30
53,21,163,64,549,555,30
56,24,164,60,539,568,30
77,26,263,95,619,628,30
147,32,396,81,652,650,30
100,34,296,88,603,623,30
70,34,335,193,701,717,30
24,26,66,36,561,544,30
39,22,110,47,510,506,30
42,28,98,66,578,601,30
55,33,120,66,575,583,30
72,37,210,96,584,554,30
48,25,152,64,570,554,30
91,38,220,81,552,567,30
81,25,305,106,604,602,31
44,20,126,48,515,522,31
35,21,113,62,497,517,31
20,24,26,43,502,533,31
27,22,80,50,492,488,31
48,31,137,68,552,558,31
87,55,178,97,570,574,31
29,24,38,28,464,481,31
36,23,105,82,572,587,32
76,30,277,160,658,667,32
23,21,38,30,471,492,32
45,27,94,57,550,575,32
33,23,55,36,551,486,32
53,26,106,49,574,582,32
105,32,356,103,598,595,32
90,61,252,183,679,695,32
37,20,126,77,545,537,32
51,23,108,47,554,548,33
21,20,55,48,502,478,33
97,33,247,105,619,617,33
49,31,129,59,505,518,33
159,49,508,144,648,652,33
123,36,376,99,628,640,33
128,43,346,108,613,615,33
31,20,77,35,535,482,33
23,23,34,34,460,458,33
30,24,59,38,520,516,33
32,20,142,73,527,526,33
38,24,116,53,495,528,34
177,58,573,251,707,723,34
33,26,59,46,501,533,34
21,21,82,82,560,597,34
61,40,243,145,627,632,34
38,23,124,66,505,515,34
36,25,79,39,547,513,34
18,20,44,36,436,418,34
142,56,370,175,698,710,34
26,20,28,13,447,343,35
129,52,431,171,631,635,35
32,20,104,47,543,539,35
204,41,609,130,672,685,35
49,26,191,105,554,571,35
42,28,103,69,548,589,35
47,34,113,82,580,591,35
69,34,191,94,574,599,35
44,20,143,50,508,472,35
26,23,58,57,503,521,35
102,45,306,122,572,596,35
51,23,155,70,526,543,35
32,24,67,42,380,480,35
26,23,76,54,512,475,35
30,23,70,46,479,536,35
72,41,151,104,611,628,35
27,21,82,72,578,565,35
64,23,200,51,567,523,35
140,51,291,100,634,643,36
35,24,120,86,502,541,36
43,25,125,54,557,543,36
82,28,238,75,594,605,36
37,23,74,40,533,518,36
90,34,294,91,586,558,36
36,22,137,86,584,604,36
38,20,84,37,559,529,36
71,28,248,87,511,567,36
195,56,556,129,691,693,36
74,20,260,81,582,591,36
22,20,31,37,453,432,36
44,20,56,26,533,510,36
34,26,78,56,484,439,36
26,21,43,24,494,508,36
22,21,73,53,524,548,37
33,28,65,47,494,534,37
22,24,37,31,499,469,37
114,42,524,258,749,769,37
81,37,237,90,574,599,37
41,22,111,32,486,454,37
189,49,545,193,709,716,37
31,20,40,32,510,484,37
52,23,80,36,530,487,37
137,33,339,71,624,621,37
36,25,92,56,459,516,37
47,30,134,67,512,528,37
159,60,580,254,717,726,37
167,40,502,120,650,656,37
69,27,272,125,672,678,37
31,22,114,77,518,521,37
29,21,95,72,510,513,38
43,20,107,39,497,501,38
26,21,46,33,477,455,38
14,21,19,46,399,334,38
165,47,385,91,608,617,38
28,23,94,68,525,512,38
30,25,36,30,470,466,38
95,37,312,102,587,607,38
122,43,387,134,658,644,38
39,26,136,94,595,609,38
59,37,151,87,558,544,38
59,35,188,119,608,604,38
21,22,83,64,436,497,39
16,22,21,37,471,457,39
30,25,60,25,530,486,39
26,22,36,30,494,488,39
45,22,99,44,535,534,39
122,40,389,102,621,636,39
72,31,204,82,615,625,40
177,42,476,86,644,641,40
83,27,210,73,652,649,40
38,27,131,72,483,466,40
62,34,312,165,677,692,40
25,20,49,34,457,503,40
22,23,58,47,486,534,40
120,34,314,84,616,623,40
75,29,295,105,550,559,40
54,35,163,95,549,551,40
37,20,95,46,563,539,40
103,38,393,150,697,706,40
69,37,200,118,642,652,41
55,32,197,115,630,653,41
44,29,138,76,507,536,41
59,22,166,68,566,590,41
48,24,196,120,607,624,41
69,33,199,84,571,580,41
254,72,668,211,688,701,41
143,69,405,210,700,713,41
27,21,124,59,484,531,41
162,53,399,135,642,664,41
53,20,133,41,497,467,41
84,32,170,58,565,579,41
122,56,335,153,659,663,41
66,22,223,59,552,578,41
51,24,188,72,533,543,41
42,25,122,50,528,502,42
30,20,88,48,491,514,42
52,26,105,56,556,547,42
33,23,62,48,536,497,42
60,30,178,101,607,638,42
65,41,127,84,586,568,42
142,43,414,121,623,644,42
35,20,84,42,479,537,42
32,20,49,28,518,495,42
58,21,176,69,569,540,42
43,21,127,56,526,532,43
58,23,219,89,539,562,43
42,22,111,38,563,517,43
53,28,167,86,574,574,43
41,26,191,130,600,620,43
95,41,184,109,649,665,43
43,24,112,48,531,567,43
57,30,161,74,526,536,43
37,23,112,77,599,606,43
113,34,268,92,620,627,43
24,21,75,66,533,541,43
51,28,161,77,539,537,43
109,33,328,85,603,609,43
127,54,392,163,617,625,44
29,23,29,24,432,442,44
39,24,90,56,584,538,44
89,39,307,143,604,604,44
52,28,160,71,531,525,44
51,24,117,45,574,568,44
31,23,50,45,524,474,44
19,22,16,20,438,459,44
74,30,214,71,557,545,44
49,31,150,82,554,572,45
56,20,126,48,515,526,45
39,22,120,62,549,564,45
32,21,91,59,461,457,45
65,27,258,84,566,551,45
33,21,93,64,494,507,45
32,24,74,55,586,581,45
45,20,138,49,522,472,45
48,20,108,57,500,526,45
94,35,294,138,661,671,45
65,27,200,88,648,630,45
129,48,518,262,734,744,45
45,28,70,44,509,509,46
46,25,116,52,515,494,46
43,28,118,67,440,461,46
86,45,175,69,598,605,46
46,29,103,69,528,491,46
70,22,268,82,553,565,46
69,28,267,133,604,594,46
27,24,69,46,548,533,46
37,23,131,92,576,592,46
72,23,265,86,605,613,47
50,20,130,40,542,492,47
33,29,56,32,531,486,47
64,25,148,63,561,556,47
81,26,210,65,613,624,47
50,24,121,53,552,546,47
68,36,206,110,579,608,47
28,23,55,39,509,534,48
50,26,143,59,566,540,48
48,20,136,44,524,542,48
22,24,17,30,443,419,48
33,26,144,91,494,532,48
39,21,90,37,540,524,48
64,27,191,63,531,527,48
56,30,201,85,527,539,48
59,31,160,76,537,545,48
90,35,197,64,600,587,48
87,41,306,138,636,629,49
31,27,102,80,565,571,49
38,21,90,41,488,502,49
76,36,240,89,580,543,49
47,33,140,110,621,616,49
58,25,183,56,570,537,49
44,22,140,40,532,509,49
57,40,133,97,588,638,49
64,31,192,80,570,566,49
78,24,296,95,610,598,49
46,20,130,62,482,486,49
57,32,117,66,529,553,50
43,25,118,56,544,551,50
40,22,103,48,527,502,50
20,20,79,54,433,459,50
58,27,158,72,534,555,50
28,20,123,54,526,544,50
56,25,339,163,639,663,50
29,21,35,22,461,465,50
24,22,56,50,480,454,50
74,39,140,60,601,602,50
179,63,495,178,649,648,50
67,29,202,93,631,626,50
22,20,49,42,475,358,50
44,25,104,42,504,489,50
33,20,80,56,518,439,50
55,25,129,57,517,529,50
80,31,305,147,604,605,50
150,32,437,91,637,649,50
73,32,205,83,595,587,50
98,31,241,68,606,606,50
77,27,273,61,562,546,50
38,26,107,55,500,477,51
98,42,340,151,613,593,51
207,72,582,249,748,744,51
43,20,115,46,534,568,51
103,44,541,282,749,771,51
69,30,167,58,540,554,51
72,29,216,79,557,526,51
103,37,438,191,703,716,51
104,45,294,99,637,658,51
46,22,88,31,556,556,51
32,20,69,41,513,486,51
56,26,134,46,558,546,51
27,22,42,35,518,533,51
32,21,124,55,554,508,51
47,25,111,53,541,531,52
24,20,35,28,481,520,52
103,38,326,122,645,638,52
162,79,483,281,738,750,52
53,36,120,69,593,619,52
36,23,111,56,522,489,52
29,24,75,60,538,581,52
43,24,103,43,527,547,52
29,21,32,25,465,442,52
78,27,219,60,593,606,52
35,24,47,32,514,521,52
25,20,33,30,511,466,52
33,22,108,49,487,513,52
13,21,19,33,480,459,52
96,34,223,66,568,565,53
26,22,46,31,480,421,53
46,21,128,64,552,576,53
56,37,150,95,603,613,53
21,20,42,34,419,444,53
51,28,142,63,564,530,53
180,70,549,230,720,737,53
95,32,251,87,598,614,53
239,60,697,162,712,718,53
54,25,329,154,555,563,53
91,28,274,70,570,545,53
27,26,44,44,518,510,53
31,20,66,26,506,458,53
22,20,50,28,478,453,54
21,23,26,40,486,507,54
38,29,35,28,528,512,54
72,39,169,91,599,619,54
76,53,210,154,637,646,54
84,30,145,51,546,534,54
34,20,120,57,448,476,54
73,32,166,58,562,583,54
42,21,128,46,557,543,54
175,44,563,138,712,711,54
72,29,169,66,578,577,54
72,30,255,69,589,584,54
25,22,42,29,496,451,54
78,34,192,72,552,582,55
154,54,523,195,654,661,55
50,21,122,53,537,549,55
72,40,290,190,623,673,55
39,20,102,63,497,503,55
132,39,390,94,652,654,55
59,24,209,90,566,559,55
47,28,126,92,630,628,55
58,23,179,52,571,544,55
66,22,216,69,573,560,55
80,39,235,72,592,582,55
36,22,105,75,573,576,55
65,33,180,80,570,578,55
55,33,162,109,633,620,55
81,33,293,112,591,600,55
83,27,257,77,580,577,55
181,56,649,328,811,825,55
37,23,97,40,502,519,56
113,35,492,170,734,731,56
42,21,109,45,527,524,56
28,21,50,34,445,515,56
26,20,61,40,512,489,56
84,32,186,64,567,555,57
24,20,43,31,442,434,57
53,20,125,35,565,542,57
109,36,422,143,655,646,57
82,26,263,66,598,583,57
32,21,125,78,589,560,57
26,21,65,39,522,550,57
43,25,113,51,525,548,57
36,23,61,35,495,482,57
34,21,57,34,525,517,57
46,21,141,66,546,513,57
80,25,199,60,576,596,57
41,31,102,67,573,592,57
75,41,198,104,597,582,57
56,30,236,159,644,666,57
41,20,133,48,510,520,57
30,23,83,61,511,484,57
37,23,89,43,483,508,57
65,20,170,52,533,571,57
32,21,99,52,526,527,57
50,27,146,76,494,498,58
39,21,36,29,525,511,58
65,23,194,46,510,504,58
36,25,125,59,536,530,58
59,26,210,111,623,619,58
96,40,391,201,692,694,58
35,22,112,61,527,480,58
56,21,152,78,596,594,58
35,22,91,58,525,521,58
92,36,280,78,562,557,58
18,21,44,51,471,509,58
20,21,19,31,424,469,58
66,36,211,118,638,597,58
50,26,138,50,581,559,58
27,22,76,59,532,540,59
79,32,182,51,552,579,59
43,20,174,88,497,504,59
61,36,101,88,554,556,59
58,31,188,97,523,516,59
76,23,249,67,565,578,59
38,26,158,95,461,517,59
28,20,68,28,514,413,59
49,31,163,124,566,559,59
107,44,318,134,645,658,59
51,23,142,55,496,537,59
51,23,90,40,522,512,59
29,28,35,44,468,506,59
38,31,120,76,528,531,59
181,49,667,224,715,718,59
24,20,36,32,481,497,59
51,23,196,72,553,556,59
44,24,105,51,535,545,59
85,35,254,105,597,591,59
22,23,36,47,459,508,59
38,20,105,39,491,486,60
24,20,68,49,499,441,60
137,57,446,195,680,666,60
231,91,656,264,780,796,60
39,25,128,63,501,469,60
69,40,167,53,587,592,60
45,31,95,48,462,487,60
40,20,139,86,568,574,60
48,21,137,57,555,580,60
44,21,101,46,545,529,60
42,29,196,134,630,638,60
76,32,323,191,636,659,60
64,21,218,74,551,579,61
36,26,91,51,450,418,61
63,25,172,62,552,534,61
53,23,148,65,528,546,61
94,24,199,46,569,584,61
114,40,496,167,730,748,61
100,33,290,123,651,641,61
38,24,151,102,528,522,61
41,26,128,77,571,568,61
30,29,82,64,545,556,61
44,28,110,59,527,561,61
38,21,68,40,540,493,61
79,24,205,54,532,544,61
204,46,607,149,688,691,61
26,26,35,34,392,473,61
38,20,89,60,479,476,61
61,30,195,91,566,550,61
113,54,453,235,720,721,62
43,24,67,26,502,523,62
107,33,266,74,616,618,62
22,21,112,95,591,587,62
39,21,122,50,539,508,62
69,26,221,77,553,569,62
34,21,128,66,511,524,62
42,25,85,36,530,516,62
75,30,271,102,596,620,62
51,21,112,56,522,498,62
49,30,121,70,591,578,62
52,26,124,44,546,519,62
55,23,153,73,593,595,62
36,33,28,24,524,491,62
90,32,257,84,574,580,63
56,22,143,47,553,508,63
22,22,34,39,478,514,63
59,31,204,126,644,652,63
27,22,21,19,482,450,63
101,47,294,139,615,612,63
90,35,411,141,607,619,63
71,23,161,48,515,530,63
108,43,238,120,663,669,63
111,51,303,158,688,692,63
42,21,136,54,523,467,63
40,21,149,52,527,538,64
67,28,237,81,590,599,64
39,20,102,33,526,503,64
65,25,194,54,515,527,64
51,21,158,63,599,573,64
24,21,54,38,472,509,64
27,22,64,49,526,465,64
43,20,124,44,549,555,64
99,30,274,66,567,601,64
52,22,125,42,517,561,64
27,22,41,29,482,483,64
20,23,61,78,552,551,64
31,20,64,42,432,477,64
38,20,133,57,548,512,65
68,29,194,70,555,585,65
38,22,152,70,495,448,65
62,24,214,98,571,584,65
41,23,71,58,544,523,65
85,39,228,69,579,561,65
56,23,117,38,518,529,65
31,20,44,32,539,508,65
151,47,364,101,630,614,65
38,28,117,54,493,493,65
39,23,95,50,515,508,66
49,20,107,31,537,524,66
42,23,125,65,468,508,66
41,21,66,20,507,462,66
47,22,117,45,526,511,66
59,30,262,159,655,671,66
30,23,70,34,490,453,66
47,23,199,124,628,646,66
39,25,109,60,498,508,66
119,58,331,138,605,593,66
74,43,147,81,615,622,66
128,48,351,116,640,637,66
68,39,167,91,617,623,67
37,20,107,46,543,497,67
73,27,221,74,515,543,67
38,20,75,45,537,504,67
80,32,260,104,617,614,67
36,33,32,34,526,472,67
19,22,16,32,438,494,67
31,25,78,74,562,539,67
42,22,142,67,487,552,67
71,37,228,108,541,538,67
41,25,123,61,442,526,67
25,21,49,48,510,520,68
27,22,51,44,502,473,68
91,33,227,58,612,595,68
94,47,351,179,652,647,68
22,23,35,36,486,467,68
43,30,115,80,588,595,68
27,20,44,38,467,462,68
27,21,107,59,533,532,68
85,41,266,142,653,679,68
44,25,134,54,549,522,68
94,45,478,261,727,736,68
64,22,145,64,561,516,68
36,20,93,38,538,492,68
118,38,430,169,617,631,69
37,29,63,52,519,522,69
64,31,84,53,532,511,69
54,24,152,57,524,537,69
40,20,160,81,518,525,69
344,83,870,172,757,759,69
247,57,691,121,665,677,69
31,24,28,21,491,508,69
86,39,263,99,585,600,69
63,25,194,72,530,531,69
44,21,115,78,589,592,69
46,34,107,82,586,592,69
78,29,198,57,559,567,69
16,21,31,33,0,357,69
114,33,261,61,608,611,70
34,22,114,62,436,421,70
30,29,42,51,484,499,70
61,30,185,79,580,573,70
122,40,320,86,595,616,70
33,28,73,55,514,507,70
74,34,233,87,538,529,70
52,21,197,81,532,534,70
44,22,109,50,528,500,70
51,26,154,66,518,525,70
91,32,301,121,584,589,70
82,34,384,194,711,706,70
58,28,137,45,529,544,71
99,22,325,65,611,601,71
53,21,97,34,534,573,71
29,20,104,71,456,471,71
28,20,43,32,516,464,71
52,32,210,126,622,624,71
44,22,138,75,542,557,71
45,24,86,42,535,497,71
44,23,150,77,531,529,71
212,71,585,194,711,704,71
55,21,107,32,546,519,71
50,30,174,84,557,528,71
70,36,177,97,550,562,71
134,33,418,136,621,636,71
62,34,210,105,566,581,71
214,44,618,160,694,689,71
61,26,174,62,553,550,71
92,32,271,75,598,610,71
78,40,253,92,661,664,72
72,23,181,62,601,588,72
89,32,236,69,592,579,72
61,26,157,65,558,548,72
30,28,102,85,571,582,72
52,22,131,47,534,546,72
68,39,153,80,566,545,72
31,21,83,50,490,459,73
22,24,40,45,483,392,73
68,39,224,140,614,636,73
64,30,130,45,598,593,73
25,20,41,20,512,400,73
53,28,155,96,591,622,73
45,24,122,62,555,587,73
61,25,120,43,555,586,73
93,38,316,129,625,632,73
99,33,297,86,633,618,73
48,24,189,92,612,629,73
58,27,145,79,599,593,73
300,83,746,203,730,724,73
68,32,215,96,549,566,73
35,21,63,41,558,537,73
52,24,164,79,530,547,73
25,20,29,32,483,425,74
36,28,235,176,619,642,74
38,20,108,40,503,537,74
60,29,188,91,580,599,74
266,62,627,150,696,688,74
21,20,76,76,556,530,74
68,25,233,64,529,552,74
35,25,92,51,324,393,74
118,50,476,203,662,665,74
43,20,110,47,444,435,74
47,21,132,56,467,514,74
35,24,60,31,474,480,74
25,23,73,61,566,568,74
46,22,86,38,565,556,74
44,20,91,41,528,478,74
63,31,223,100,579,577,74
32,30,48,43,546,552,74
40,20,95,50,568,574,75
47,20,143,48,541,557,75
50,20,131,39,535,541,75
49,29,117,59,494,504,75
65,37,147,74,540,523,75
38,21,66,43,512,554,75
211,60,628,183,708,703,75
42,20,115,49,466,483,75
122,39,377,140,700,711,75
203,77,588,218,696,692,75
101,31,263,77,593,610,75
41,20,66,30,546,516,75
31,20,47,39,521,526,75
49,28,95,35,520,525,75
62,26,150,56,548,569,76
79,27,223,65,590,599,76
89,31,337,118,575,585,76
57,29,166,71,552,578,76
28,21,88,67,471,535,76
89,31,339,123,658,655,76
18,21,21,24,472,440,76
24,21,78,40,476,509,76
24,21,41,30,459,491,76
78,31,189,67,606,603,76
58,24,190,78,530,530,76
116,32,307,73,621,621,76
39,20,115,49,536,528,76
209,62,541,163,674,678,76
188,68,605,322,771,794,76
79,36,156,46,574,577,76
24,22,54,40,466,464,76
31,20,102,52,430,469,76
41,22,84,41,443,452,77
38,22,105,82,552,598,77
39,27,157,107,596,603,77
41,23,115,42,533,509,77
62,20,189,52,546,567,77
31,22,95,60,542,538,77
111,50,349,88,578,575,77
39,23,73,39,545,540,77
69,30,221,107,575,555,77
38,25,60,49,524,565,77
66,48,155,74,530,543,77
35,20,98,56,494,548,77
42,21,73,40,517,507,77
32,27,97,66,551,579,77
94,43,250,81,620,601,77
65,27,193,70,570,537,77
25,20,54,48,545,536,77
39,20,102,45,484,473,77
55,22,130,51,503,513,78
48,21,115,53,548,525,78
64,26,156,58,578,581,78
49,24,118,46,520,488,78
23,24,44,29,469,445,78
58,28,226,88,532,567,78
163,35,614,170,705,736,78
97,30,287,77,587,559,78
73,34,210,95,643,643,78
102,39,291,119,634,636,79
76,22,193,72,537,578,79
29,25,66,52,512,510,79
32,24,85,71,604,586,79
101,33,288,99,616,590,79
36,20,79,40,464,443,79
42,25,180,83,556,511,79
29,21,89,48,507,550,79
37,22,113,70,514,514,79
89,35,309,123,613,613,79
87,30,274,82,526,548,79
49,21,204,84,486,508,79
339,95,745,205,759,758,79
63,29,194,77,553,532,79
34,27,156,133,591,609,80
88,34,311,124,659,677,80
32,25,100,69,459,493,80
50,30,162,85,528,532,80
22,20,36,34,468,452,80
82,37,340,161,648,630,80
55,30,161,83,616,594,80
108,32,279,81,617,600,80
25,20,73,44,492,477,80
138,38,374,85,643,638,80
79,37,304,144,566,571,80
29,21,120,84,505,517,80
70,27,205,74,590,577,80
36,20,107,65,560,576,81
36,22,47,32,506,521,81
36,23,57,36,530,547,81
101,35,285,102,591,569,81
113,33,411,101,630,619,81
40,28,106,51,540,547,81
86,23,390,104,580,572,81
57,23,175,54,499,518,81
25,22,52,34,502,531,81
25,23,50,46,532,525,82
52,32,164,91,602,594,82
81,31,191,67,563,579,82
36,20,113,59,489,496,82
34,20,55,29,474,465,82
34,37,16,41,466,484,82
41,20,90,27,523,550,82
50,26,259,143,638,651,82
42,20,159,54,513,480,82
39,20,101,52,577,555,82
64,48,165,117,588,601,82
19,24,45,56,483,491,83
83,33,252,94,593,600,83
50,23,152,53,548,496,83
27,21,80,46,426,468,83
46,27,122,61,561,564,83
121,26,374,100,614,624,83
50,32,313,213,663,678,83
328,78,853,233,754,745,83
82,29,199,57,587,594,83
64,21,199,48,553,554,83
57,23,154,55,570,567,83
59,33,249,104,560,550,84
49,37,136,114,618,600,84
34,20,116,61,442,475,84
114,31,393,97,619,615,84
48,24,98,37,507,518,84
43,21,102,35,518,515,84
45,25,212,147,634,659,84
27,23,30,37,520,497,84
35,24,145,87,522,528,84
29,20,86,53,417,398,84
54,39,127,103,575,594,84
41,21,99,48,565,561,84
85,41,318,154,596,621,84
300,104,716,216,790,800,84
33,20,113,65,524,508,84
91,53,301,162,661,674,84
159,36,492,108,649,656,84
46,20,216,132,600,626,85
27,23,51,43,503,495,85
21,22,35,31,445,387,85
135,40,461,170,679,688,85
202,52,629,151,699,696,85
41,22,112,47,572,569,85
31,21,49,30,519,511,85
30,21,102,73,508,511,85
25,23,45,53,522,550,85
45,23,112,48,542,546,85
42,24,178,67,534,556,85
35,24,59,42,513,518,85
135,61,507,307,767,786,85
70,30,226,115,669,676,85
32,22,140,60,517,502,86
141,42,354,81,646,642,86
66,25,225,121,619,626,86
29,20,95,45,495,516,86
66,38,166,107,620,635,86
32,20,48,27,515,503,86
39,20,62,29,434,459,86
48,22,134,62,513,539,86
34,20,117,49,469,458,86
38,25,68,45,540,565,86
48,28,177,102,541,558,87
87,32,199,79,587,607,87
47,29,105,57,498,491,87
111,33,242,61,599,590,87
26,21,60,37,498,463,87
34,25,71,51,553,538,87
72,25,209,74,569,563,87
84,29,217,93,592,569,87
35,28,50,38,509,469,88
24,20,16,30,476,482,88
54,27,161,65,549,544,88
47,22,121,44,485,512,88
59,26,193,75,553,546,88
151,63,534,265,740,755,88
18,20,45,46,486,506,88
132,55,407,214,713,736,88
17,21,32,44,470,480,88
100,32,421,177,649,674,88
81,28,265,86,587,594,89
47,22,135,78,606,613,89
62,28,186,68,585,584,89
47,20,117,44,522,509,89
32,37,62,75,484,547,89
45,21,114,59,460,503,89
38,21,117,58,525,447,89
106,31,361,94,598,612,89
41,21,87,31,519,517,89
31,21,77,29,495,464,89
22,20,41,41,486,471,89
143,65,486,245,738,751,89
64,28,153,56,561,524,90
42,28,107,74,556,568,90
111,34,385,110,608,597,90
35,21,95,42,469,425,90
41,24,152,88,574,606,90
18,20,50,41,505,464,90
102,48,431,207,672,690,90
66,38,253,135,652,661,91
79,34,198,65,565,577,91
133,53,334,131,617,626,91
39,21,125,54,548,502,91
19,20,54,42,498,523,91
50,21,203,118,608,604,91
64,34,140,74,608,588,91
47,31,129,80,508,551,91
55,27,118,63,561,474,91
28,23,123,76,469,488,91
26,21,42,26,457,459,91
45,23,136,60,522,518,92
78,39,335,177,639,637,92
28,25,63,40,506,475,92
42,27,93,52,527,501,92
38,20,79,39,567,579,92
31,20,80,59,548,529,92
27,22,74,46,470,463,92
36,20,105,56,539,529,92
32,31,33,39,472,483,92
28,20,67,36,529,528,92
48,28,105,51,500,510,92
43,31,163,93,532,524,92
80,43,378,229,701,718,92
70,34,182,70,627,610,92
77,30,205,88,575,552,92
41,20,76,37,534,565,93
55,20,164,63,523,507,93
26,21,68,49,544,543,93
84,31,262,68,612,616,93
60,24,169,58,561,550,93
57,29,130,44,558,555,93
148,51,561,214,674,676,93
96,39,338,135,600,604,93
105,42,505,242,736,740,93
38,22,80,34,515,543,94
32,21,153,103,564,563,94
188,60,620,184,686,681,94
173,50,405,107,654,653,94
54,20,128,45,532,557,94
67,27,215,74,555,563,94
35,20,69,40,529,520,94
52,24,130,53,558,571,94
45,22,198,67,532,521,94
33,22,62,34,414,434,94
63,27,182,81,576,558,94
19,21,43,43,500,493,94
47,27,151,88,570,548,94
24,21,65,47,443,412,94
32,26,59,52,556,587,94
37,22,96,41,530,477,94
40,25,125,71,522,500,94
97,38,331,116,647,635,94
32,20,65,31,492,444,94
87,43,270,116,605,587,94
80,24,243,72,541,590,94
58,25,126,54,570,562,94
22,23,45,55,417,427,94
55,24,185,53,539,548,94
55,36,263,199,635,656,94
61,21,215,76,560,548,95
69,24,155,39,562,531,95
39,23,127,73,513,522,95
61,26,173,74,585,578,95
33,24,56,32,527,492,95
58,27,181,86,559,549,95
71,28,323,122,695,702,95
52,32,115,65,540,539,95
46,20,83,42,530,574,95
40,20,67,30,532,500,96
26,21,65,33,450,374,96
39,23,108,84,590,604,96
60,31,191,81,615,618,96
46,21,114,51,529,509,96
50,21,160,58,534,532,96
48,21,135,54,544,545,96
43,28,117,54,483,514,96
98,37,253,104,618,610,96
65,36,189,86,572,567,96
53,28,106,44,543,523,96
34,21,84,51,485,505,96
31,20,73,43,538,563,96
35,23,62,40,514,509,96
60,32,270,116,607,589,97
63,29,311,163,697,713,97
43,24,112,57,583,574,97
101,31,322,114,603,586,97
37,20,87,45,546,485,97
59,29,183,78,609,611,97
38,22,114,58,554,562,97
85,29,241,86,624,599,97
41,23,101,53,490,509,97
40,20,74,50,566,531,97
258,68,618,150,696,690,98
33,26,89,52,484,476,98
111,51,613,373,814,830,98
55,24,98,39,515,539,98
38,20,109,61,560,564,98
84,40,243,129,638,659,98
71,38,210,116,640,655,98
42,28,84,56,554,586,98
31,20,48,42,478,522,98
29,23,122,90,572,542,98
50,22,150,61,517,512,98
54,22,136,62,528,532,98
39,23,97,41,497,514,98
54,23,125,55,557,549,98
172,58,591,286,763,775,98
33,20,139,70,480,520,98
44,28,113,50,542,582,98
44,26,96,53,537,505,98
35,21,139,72,583,591,99
39,26,65,37,508,528,99
30,28,31,44,472,510,99
60,34,150,62,531,542,99
48,25,95,34,494,450,99
79,28,235,93,641,621,99
43,24,132,88,572,611,99
54,24,147,41,567,557,99
135,54,464,187,666,676,100
109,53,279,133,652,648,100
50,22,170,69,547,553,100
270,66,636,122,683,695,100
44,24,188,84,536,546,100
41,21,115,75,542,503,100
40,22,98,36,535,519,100
110,43,339,142,635,624,100
57,20,116,40,571,557,100
228,53,782,356,839,856,100
143,47,400,129,623,631,100
54,26,127,37,587,565,100
44,28,117,65,511,473,100
50,21,128,56,546,523,100
42,23,139,63,525,548,100
28,23,29,31,509,508,100
62,31,112,45,519,532,100
89,42,205,81,604,575,100
32,20,55,30,479,516,100
65,35,100,55,583,610,100
193,69,633,252,744,752,101
134,47,423,136,645,627,101
32,21,103,51,515,473,101
42,22,92,43,507,501,101
44,23,106,53,491,501,101
78,25,271,63,585,585,101
59,28,180,86,518,526,101
40,20,111,53,548,536,102
151,40,405,118,650,650,102
88,26,316,81,636,632,102
48,25,109,56,475,505,102
281,74,727,227,775,769,102
386,75,969,210,732,734,102
64,21,250,91,590,606,102
31,25,70,48,525,503,102
29,26,35,40,543,505,102
184,66,437,135,647,658,102
54,31,133,57,550,528,102
111,40,336,108,624,636,102
57,20,162,57,536,530,102
111,45,282,109,588,608,102
45,21,120,56,504,474,102
62,24,203,82,581,565,102
66,36,120,73,624,612,102
92,21,356,89,596,613,102
53,29,117,63,513,509,102
37,21,118,51,562,564,102
41,21,152,77,564,558,102
48,24,120,47,475,532,103
47,25,115,53,532,492,103
171,56,398,106,616,609,103
173,53,554,187,713,746,103
138,26,474,142,614,625,103
124,45,408,169,639,635,103
165,63,403,122,651,651,103
32,20,68,26,560,513,103
76,25,203,69,581,581,103
111,37,335,129,605,608,103
27,20,103,66,537,544,103
50,22,123,40,562,583,103
75,29,231,88,567,583,104
60,27,173,67,552,537,104
66,29,164,70,573,561,104
33,20,90,45,499,552,104
41,23,70,48,507,525,104
181,64,576,219,712,720,104
26,21,50,24,460,455,104
136,43,413,127,599,597,104
26,20,35,24,511,448,104
69,42,270,160,562,565,105
38,23,42,27,535,512,105
54,21,222,100,514,561,105
223,43,654,141,708,711,105
90,42,265,104,572,549,105
59,31,223,95,589,610,105
32,21,77,35,502,463,105
87,29,259,89,563,569,105
37,21,107,58,504,448,106
120,44,339,117,666,681,106
54,20,127,64,551,582,106
36,26,41,31,462,464,106
41,22,99,58,514,456,106
67,21,211,65,575,571,106
20,22,16,21,433,349,106
41,20,96,36,471,500,106
138,40,493,166,674,675,106
92,25,272,58,591,584,106
285,99,642,243,737,732,106
47,22,199,81,542,503,106
78,41,256,174,662,673,106
39,26,133,89,602,615,106
58,26,222,97,584,576,106
41,20,152,60,531,568,106
42,39,51,55,496,529,106
67,31,175,86,584,579,106
85,47,242,106,574,582,107
66,24,219,102,566,588,107
35,30,124,103,546,564,107
90,30,219,55,577,590,107
30,26,23,22,478,408,107
37,21,164,74,552,546,107
50,32,125,77,549,538,107
21,22,18,23,442,448,107
51,30,131,82,552,543,107
101,31,222,72,617,612,107
49,21,146,49,568,504,107
32,28,60,51,555,530,108
48,22,107,44,520,558,108
34,20,48,23,531,499,108
49,22,121,55,504,463,108
109,44,414,176,677,691,108
33,25,108,62,476,494,108
48,24,121,45,508,515,108
33,21,84,33,481,484,108
61,28,254,96,583,594,108
14,21,29,34,431,420,108
43,22,113,41,542,500,108
68,28,197,76,581,603,108
71,21,175,50,573,566,109
43,22,98,38,500,392,109
90,31,335,139,663,666,109
39,22,93,58,547,528,109
31,21,89,47,497,521,109
84,29,228,78,558,554,109
43,27,207,135,617,620,109
116,39,378,112,597,605,109
172,39,523,111,665,671,109
35,20,80,33,516,477,109
49,20,116,39,505,549,109
103,27,403,125,592,603,109
147,68,524,282,729,742,109
52,23,154,71,546,548,109
33,22,87,46,501,462,110
123,49,353,136,655,668,110
54,28,154,74,551,531,110
40,20,68,30,534,535,110
65,37,507,326,721,758,110
35,28,91,53,568,535,110
38,20,95,37,551,512,110
112,44,341,129,595,613,110
66,26,160,55,571,557,110
40,26,91,68,521,529,110
37,21,89,55,528,520,110
22,22,30,24,452,417,111
51,30,74,60,534,542,111
36,21,95,42,457,472,111
48,29,138,71,516,500,111
69,28,231,105,549,559,111
53,23,120,45,558,575,111
47,24,150,89,602,602,111
90,29,350,102,607,620,111
90,25,328,92,588,582,111
48,20,165,65,529,524,111
58,21,146,50,510,514,111
78,25,291,68,574,564,111
32,23,76,32,500,491,112
53,33,79,55,576,542,112
51,26,157,70,568,581,112
39,20,47,16,506,494,112
109,41,372,140,647,634,112
125,47,425,180,696,695,112
55,23,154,61,534,550,112
269,69,688,155,700,697,112
56,31,114,56,506,488,112
42,24,39,28,501,491,112
84,40,185,101,611,595,112
51,22,117,59,586,586,113
46,21,112,52,512,501,113
62,35,150,73,590,571,113
77,29,169,53,556,588,113
253,64,755,292,736,777,113
78,21,242,59,570,585,113
29,25,90,59,552,524,113
85,39,275,123,627,626,113
60,22,133,39,573,539,113
51,36,161,105,566,591,113
29,20,104,80,532,542,113
69,32,116,48,586,567,113
45,22,147,75,510,538,113
47,28,175,101,542,546,113
66,32,229,93,565,555,114
52,24,101,44,528,521,114
71,28,190,65,574,565,114
70,30,196,71,571,560,114
46,27,240,169,652,662,114
55,25,134,66,548,537,114
26,27,47,41,541,515,114
53,28,130,71,575,581,114
31,20,40,28,510,486,115
31,22,112,75,550,545,115
188,40,591,108,673,670,115
141,37,507,145,635,632,115
33,20,76,35,517,536,115
38,22,108,47,473,490,115
69,27,217,79,572,552,115
29,26,72,56,551,542,115
78,35,207,99,638,676,115
20,22,25,28,483,448,115
64,36,182,66,586,550,115
48,20,141,51,438,451,116
97,49,398,233,721,739,116
43,25,87,40,503,529,116
123,39,412,144,621,630,116
79,25,176,57,603,577,116
47,21,303,155,601,613,116
20,22,23,34,482,482,116
57,27,133,49,518,522,116
49,27,120,59,522,543,116
79,34,289,111,625,628,116
229,47,695,144,658,670,116
32,24,91,41,500,506,116
77,26,321,82,577,565,116
30,22,35,26,502,391,116
70,38,296,138,618,632,116
59,25,178,56,533,443,116
32,22,30,30,483,489,116
21,21,39,40,496,474,116
48,25,135,71,544,552,116
64,35,174,88,566,575,116
34,20,66,31,501,489,116
44,20,139,54,492,537,116
106,32,309,74,601,612,117
34,27,96,84,592,573,117
63,28,158,58,565,559,117
145,32,415,84,604,597,117
73,32,188,85,611,633,117
82,41,251,104,608,609,117
49,23,113,39,545,561,117
108,39,360,121,611,635,117
62,31,175,73,581,598,117
41,26,103,68,577,572,117
58,26,166,86,585,588,118
56,24,171,59,559,547,118
60,25,180,86,583,580,118
43,29,115,75,556,565,118
33,21,73,54,551,536,118
69,31,250,126,598,603,118
66,41,173,126,623,638,118
62,35,179,102,567,575,118
43,26,126,61,531,529,118
54,20,178,88,572,555,118
67,27,206,87,559,568,118
35,21,81,37,489,503,119
159,78,519,338,776,791,119
56,24,162,69,551,566,119
38,31,58,52,562,578,119
73,37,166,86,630,631,119
49,33,109,68,601,595,119
52,27,148,85,535,552,119
37,21,138,63,504,529,119
87,34,286,102,603,609,119
134,30,378,72,622,625,119
42,20,71,27,517,481,119
108,56,501,315,749,759,119
35,21,130,58,522,534,119
67,23,183,53,538,505,119
18,22,23,23,444,484,120
92,35,212,68,552,542,120
181,62,592,254,712,709,120
45,23,125,53,536,551,120
44,26,180,94,554,555,120
41,27,86,55,514,499,120
88,31,305,98,658,642,120
42,26,98,38,523,538,120
123,35,368,105,614,588,120
39,25,84,38,514,514,120
35,20,94,35,477,463,121
44,25,89,64,575,606,121
93,39,283,115,601,620,121
94,44,286,157,652,660,121
32,20,68,34,518,475,121
34,24,32,36,464,516,121
27,22,50,39,527,599,121
56,29,126,64,463,520,121
110,38,289,80,632,633,121
125,49,432,197,719,746,121
84,44,285,145,601,596,121
22,24,74,75,546,504,121
40,21,102,49,492,535,121
55,27,184,94,582,575,121
26,20,20,17,469,464,121
55,21,109,33,556,530,121
43,21,97,42,507,521,121
33,21,50,25,524,458,121
141,38,447,121,655,657,122
68,41,177,76,600,596,122
87,26,216,88,570,584,122
32,20,87,45,465,491,122
52,22,147,56,517,523,122
49,25,158,77,547,503,122
66,28,204,89,586,565,122
56,20,109,26,569,535,122
37,22,84,50,515,492,122
54,23,115,37,561,538,122
63,26,183,53,580,561,122
40,25,136,64,543,502,122
34,21,84,45,473,448,122
41,21,130,58,529,519,122
80,21,267,60,528,555,123
37,20,160,95,579,572,123
34,21,76,41,519,531,123
61,22,196,61,506,494,123
112,43,319,96,618,606,123
27,21,41,38,509,429,123
41,23,188,81,540,551,123
44,20,143,61,479,502,123
168,47,602,150,692,693,123
57,24,132,57,533,550,124
161,62,538,188,633,635,124
28,26,67,54,510,431,124
147,73,313,136,654,660,124
43,25,58,47,548,538,124
67,30,221,77,594,583,124
73,40,244,133,594,592,124
70,24,216,88,551,565,124
42,22,133,45,482,516,124
122,68,293,144,679,695,124
62,22,179,65,521,572,124
44,23,69,36,540,527,124
69,30,139,51,510,533,124
61,31,198,91,601,623,124
45,30,106,44,538,533,125
35,24,107,83,557,591,125
55,30,144,61,505,518,125
29,23,29,13,504,479,125
28,24,43,35,504,437,125
28,20,37,36,469,489,125
44,23,137,56,531,531,125
45,35,116,78,566,605,125
15,22,22,41,354,513,125
81,27,231,58,581,557,125
63,32,190,79,554,569,126
50,21,114,40,530,528,126
37,24,63,48,530,538,126
90,43,242,93,531,581,126
39,20,144,56,485,534,126
271,68,747,182,742,742,126
54,23,125,59,514,471,126
70,48,185,145,626,634,126
59,20,175,63,535,579,126
180,50,633,187,748,759,126
140,41,474,126,657,659,126
75,34,235,81,593,591,126
49,28,191,112,616,613,126
59,39,226,148,645,665,126
49,26,113,49,482,496,127
112,52,305,138,626,630,127
95,36,288,100,630,621,127
80,27,234,62,587,608,127
63,21,151,44,557,545,127
62,24,114,35,556,498,127
37,30,131,101,576,633,127
38,22,88,44,519,548,127
92,34,249,92,589,579,127
53,24,134,61,587,616,127
56,27,155,59,557,535,127
57,31,242,125,556,567,127
32,21,113,72,513,512,127
77,29,270,122,644,661,127
68,26,219,70,532,558,127
27,24,73,47,521,516,127
57,22,172,49,547,547,128
49,24,184,79,559,566,128
15,20,23,24,410,429,128
41,25,86,41,565,559,128
54,22,148,61,527,549,128
22,21,37,39,447,438,128
45,24,163,73,584,587,128
59,23,182,76,598,592,128
36,21,107,63,574,562,128
240,61,721,295,802,829,128
74,26,262,85,614,635,128
88,31,307,104,604,595,128
33,20,93,45,524,535,128
49,29,117,46,550,523,128
108,42,333,133,605,627,128
62,29,218,100,636,608,129
74,30,168,74,572,599,129
45,24,165,105,580,580,129
42,26,135,72,460,460,129
53,23,160,62,502,511,129
84,26,332,123,611,620,129
18,21,37,30,471,473,129
39,22,93,47,512,495,129
43,25,66,34,502,482,129
40,20,142,65,512,482,129
56,22,170,60,565,571,129
69,35,375,215,685,717,129
47,28,87,49,580,583,129
41,26,116,69,594,597,129
121,40,426,118,634,648,130
38,23,121,49,527,519,130
62,27,218,98,644,647,130
80,24,266,88,588,576,130
28,20,33,19,484,496,130
28,22,86,59,519,461,130
34,22,77,54,495,463,130
39,24,104,46,520,494,131
63,28,181,87,578,588,131
49,22,136,47,527,535,131
25,20,66,60,514,574,131
54,21,232,90,528,532,131
159,50,421,111,653,637,131
90,37,320,118,622,640,131
86,36,343,111,604,597,131
399,89,807,181,738,726,131
30,25,46,46,533,533,131
34,29,62,40,548,523,131
42,21,70,31,511,495,131
136,36,487,119,588,623,131
263,83,717,274,769,777,131
44,22,138,38,561,498,131
41,23,117,52,487,519,132
26,27,42,45,446,507,132
50,24,109,50,513,545,132
28,21,92,61,538,516,132
66,36,248,111,600,585,132
84,38,215,69,592,596,132
295,63,756,136,686,701,132
40,22,115,58,544,531,132
25,20,90,71,540,520,132
31,24,41,38,530,547,133
18,21,38,33,418,421,133
106,46,245,126,654,666,133
66,28,193,88,550,574,133
49,25,120,55,529,527,133
54,23,130,40,489,518,133
27,20,44,32,444,486,133
126,32,411,90,609,627,133
65,36,214,94,616,592,133
74,26,183,50,536,570,133
46,29,95,59,540,578,134
56,39,99,66,595,607,134
44,28,88,57,554,569,134
20,20,43,30,487,476,134
175,55,704,264,784,797,134
98,46,305,148,635,631,134
42,26,123,62,530,510,134
99,34,290,92,613,609,134
24,23,31,35,476,478,134
109,30,312,59,587,594,134
86,33,439,188,710,734,134
80,30,218,67,567,545,134
83,42,285,139,606,603,134
209,68,606,239,683,694,134
30,28,85,71,574,545,134
31,24,185,147,617,621,135
47,23,96,44,534,524,135
23,20,56,44,549,522,135
89,30,244,65,518,552,135
45,20,113,55,550,574,135
60,30,118,69,606,610,135
64,29,173,84,521,516,135
40,20,150,63,487,494,135
27,21,41,34,465,450,135
106,33,243,75,632,623,135
265,81,643,191,715,706,135
80,30,208,79,611,595,135
91,49,249,113,587,585,135
31,21,75,52,530,535,135
21,23,24,22,408,473,135
74,43,254,118,577,586,135
507,106,900,269,818,822,135
115,33,335,91,612,616,135
225,60,714,185,716,721,135
29,20,36,28,549,513,135
45,24,138,69,506,527,135
33,21,77,29,529,507,136
25,20,43,37,498,511,136
150,46,435,138,679,683,136
157,71,331,125,645,650,136
40,23,138,71,571,600,136
38,30,96,74,563,573,136
51,33,105,60,539,539,136
43,23,128,61,548,569,136
35,31,87,74,546,538,136
44,21,112,45,489,476,136
61,25,163,67,542,544,136
36,20,115,51,502,514,136
71,22,228,74,588,593,136
170,67,597,311,788,800,136
41,20,183,118,582,599,137
112,42,354,109,618,584,137
67,21,214,57,518,532,137
46,26,125,40,539,570,137
30,20,85,42,529,544,137
50,20,192,68,545,519,137
30,21,114,55,547,528,137
147,28,505,128,681,689,137
57,23,167,60,503,514,137
330,55,999,159,705,713,137
66,30,171,62,559,572,137
27,23,42,41,483,471,137
62,24,153,55,535,548,137
22,20,33,30,485,437,138
38,22,121,62,534,511,138
44,20,122,47,512,528,138
28,22,46,39,471,535,138
38,23,98,56,567,564,138
71,30,202,83,552,563,138
78,38,247,145,598,600,138
37,22,88,43,524,470,138
67,25,148,55,561,568,138
43,29,99,68,566,559,138
41,20,98,39,525,476,138
34,26,114,81,502,496,138
72,28,230,100,568,554,139
54,23,177,63,557,529,139
59,24,196,122,544,582,139
57,30,222,136,642,656,139
28,20,58,35,499,483,139
40,26,109,47,489,498,139
56,23,208,83,524,567,139
42,20,120,47,535,496,139
63,37,176,92,612,630,139
58,20,257,84,570,591,139
36,20,89,41,525,515,139
34,20,84,61,569,583,139
63,27,153,70,567,540,139
52,21,212,71,489,539,139
114,40,294,76,570,593,139
40,25,110,55,500,490,140
43,22,99,39,554,533,140
73,27,266,103,544,537,140
53,21,164,64,500,551,140
48,21,124,45,566,567,140
63,31,171,62,576,590,140
36,24,47,34,520,469,140
58,28,224,87,548,536,141
42,24,100,69,537,508,141
28,22,89,67,535,488,141
69,32,171,61,565,544,141
46,35,142,87,544,549,141
64,23,212,92,623,639,141
52,24,120,49,525,479,141
59,20,123,37,516,556,141
60,35,162,88,568,511,141
64,29,187,87,546,542,141
31,20,102,52,518,519,141
87,48,288,192,654,661,141
48,28,71,33,497,497,141
225,70,625,126,697,688,141
60,29,232,132,645,661,141
28,20,62,50,526,479,141
24,20,16,20,451,451,141
35,22,54,33,505,512,141
198,58,621,200,650,663,141
31,27,62,59,526,539,142
47,27,99,50,525,500,142
46,28,137,76,508,529,142
52,26,157,93,607,631,142
21,25,66,62,461,476,142
39,22,92,42,499,489,142
43,28,112,63,526,504,142
42,25,183,85,502,535,142
81,31,233,105,618,622,142
92,31,288,77,580,566,142
23,23,50,45,505,505,142
29,21,32,26,529,508,142
102,36,266,87,622,626,142
31,20,61,33,482,487,142
53,22,127,55,542,564,142
46,28,154,94,595,619,142
98,51,304,153,617,607,142
219,81,618,214,702,688,142
119,38,350,96,630,634,142
42,25,105,61,500,499,142
58,38,217,175,640,647,143
67,32,247,113,577,551,143
33,20,72,50,528,452,143
38,22,117,51,547,525,143
103,35,362,96,642,658,143
112,33,349,84,591,593,143
45,27,134,68,486,425,143
38,22,95,48,494,497,143
60,28,192,66,567,556,143
62,26,189,68,554,536,143
30,22,98,54,449,369,143
70,24,182,46,572,577,144
115,40,530,282,713,740,144
80,30,264,88,647,643,144
42,24,92,47,532,522,144
30,20,75,33,518,493,144
36,20,75,36,490,491,144
59,24,138,47,526,543,144
57,28,152,87,595,586,144
27,21,62,40,479,450,144
51,31,132,67,555,559,144
35,21,121,54,538,552,144
49,24,170,68,537,557,144
24,20,25,23,522,476,144
176,40,728,243,751,769,144
42,29,121,78,485,543,145
217,76,571,158,686,690,145
68,33,175,75,510,437,145
47,28,125,82,547,551,145
55,27,178,112,615,627,145
48,23,142,49,551,586,145
58,24,135,54,546,588,145
207,44,669,172,697,704,145
31,22,51,41,512,505,145
32,20,82,43,485,495,145
73,32,147,57,566,577,145
134,34,332,89,615,614,145
104,32,269,87,570,579,145
22,20,29,26,476,476,145
57,27,134,56,540,504,145
35,22,85,55,535,558,146
136,48,495,201,691,696,146
106,46,309,139,604,599,146
31,20,101,54,449,439,147
47,33,92,56,586,589,147
105,40,236,90,616,614,147
58,22,126,58,558,596,147
66,21,180,55,549,538,147
71,23,245,69,557,557,147
96,44,223,70,566,564,147
82,24,256,63,578,592,147
83,43,376,221,701,705,147
58,22,157,66,534,561,147
133,43,405,113,643,652,147
59,26,139,58,490,500,147
131,57,448,161,703,725,147
80,38,218,92,580,557,147
618,162,872,341,872,884,148
64,31,204,96,635,655,148
25,23,58,44,468,491,148
24,21,63,39,405,420,148
84,40,328,187,680,687,148
78,37,218,97,583,579,148
59,30,145,85,572,563,148
66,32,170,76,597,588,148
82,34,279,102,593,604,148
39,22,131,67,537,564,148
193,91,469,213,726,732,148
28,21,48,45,521,476,148
176,51,563,132,639,664,148
109,30,292,87,589,606,148
53,20,154,67,511,524,149
32,28,92,66,537,553,149
85,34,265,73,584,595,149
118,46,425,222,722,723,149
335,89,856,266,846,853,149
83,30,271,89,559,547,149
26,21,88,54,390,495,149
204,59,683,274,728,726,149
38,20,64,35,491,499,149
55,34,117,76,588,592,149
72,30,288,121,590,592,149
38,27,122,58,517,521,149
48,22,172,78,559,549,149
32,22,50,42,557,547,150
76,33,187,58,592,607,150
40,22,57,30,497,508,150
72,31,262,94,584,587,150
122,34,470,133,592,611,150
65,26,164,43,557,551,150
132,50,421,138,640,649,150
34,23,91,53,477,464,150
24,20,28,17,453,353,150
20,21,80,65,450,495,150
32,22,82,49,516,480,150
26,22,22,26,500,499,150
44,22,124,54,480,491,150
49,31,92,70,507,485,150
93,34,239,57,612,603,151
75,45,211,127,631,647,151
165,47,398,120,657,644,151
39,20,122,43,506,432,151
68,27,202,72,544,542,151
43,27,170,96,546,541,151
42,22,119,51,562,530,151
44,35,103,77,566,592,151
25,23,16,28,466,446,151
61,27,151,68,560,555,151
121,36,358,111,606,620,151
43,20,115,54,552,521,151
43,31,147,127,610,623,151
77,25,173,64,533,546,151
20,22,34,43,457,476,151
19,24,49,55,447,434,152
139,39,475,123,635,642,152
23,20,20,19,456,390,152
69,23,216,72,551,529,152
36,25,72,36,496,522,152
172,52,442,96,647,642,152
32,21,77,51,433,431,152
131,35,346,76,614,624,152
45,24,130,88,564,595,152
42,25,92,46,553,517,152
86,27,320,116,568,569,152
42,24,99,60,560,554,152
20,25,47,60,402,431,153
59,22,147,49,560,554,153
32,26,77,53,547,518,153
34,21,111,46,478,479,153
83,26,282,84,580,576,153
64,41,179,112,601,623,153
24,20,31,21,499,390,153
132,41,455,134,645,642,153
53,26,148,47,527,535,153
37,35,108,64,469,496,153
98,52,285,148,649,642,153
83,31,271,110,590,590,153
60,20,225,75,583,561,153
49,27,174,67,484,514,153
313,95,785,177,713,709,153
417,98,854,231,796,800,153
44,24,90,28,556,547,153
36,20,105,39,506,519,153
78,42,227,120,578,598,153
211,67,625,185,666,672,153
75,25,261,80,592,595,153
268,80,724,214,747,739,153
44,22,165,68,540,562,153
219,67,581,177,697,688,153
34,22,98,56,542,524,154
30,24,64,49,529,545,154
34,20,62,28,472,474,154
108,35,293,74,594,612,154
80,22,210,50,578,570,154
246,52,788,127,693,698,154
39,24,133,67,488,497,154
41,22,116,41,495,520,154
47,25,108,74,583,580,155
78,24,244,93,592,582,155
53,27,134,62,542,538,155
130,50,440,117,611,613,155
129,49,475,263,721,731,155
47,22,160,80,563,542,155
28,20,58,40,549,556,156
54,30,252,177,633,643,156
121,32,332,92,615,625,156
20,20,54,51,443,421,156
22,22,25,28,435,417,156
142,39,444,100,671,671,156
77,26,247,86,652,640,156
67,29,214,78,532,568,156
59,22,159,53,544,566,156
68,41,185,135,660,659,156
54,27,155,75,539,556,156
59,24,168,58,539,519,156
130,47,303,102,621,627,156
27,20,63,47,497,538,156
19,22,38,33,482,476,156
36,22,129,76,518,527,156
37,26,132,75,536,568,157
77,24,200,68,556,582,157
182,53,504,156,652,651,157
61,20,145,38,570,551,157
25,21,65,34,270,440,157
49,21,134,72,567,531,157
33,22,96,51,507,462,157
46,28,93,54,536,538,157
22,25,59,62,535,527,157
54,22,154,48,571,567,157
24,21,63,62,506,534,157
399,86,1003,248,767,760,157
115,39,340,113,606,601,158
33,20,61,30,554,514,158
122,38,489,115,621,616,158
47,23,178,108,606,612,158
107,38,318,99,605,605,158
46,27,103,51,541,544,158
63,48,220,166,618,614,159
24,20,93,46,494,482,159
115,44,289,127,660,663,159
25,22,24,31,547,504,159
58,32,229,130,645,656,160
94,25,276,60,586,591,160
147,57,363,136,689,700,160
72,24,174,45,596,569,160
55,20,111,33,558,555,160
49,21,131,42,526,553,160
64,26,162,63,588,574,160
38,20,59,28,523,535,160
51,21,152,60,540,550,160
30,21,77,38,526,544,160
29,20,73,45,512,513,160
40,23,90,40,558,509,160
52,28,151,56,517,499,160
43,28,95,69,525,530,160
66,22,224,66,527,571,160
47,23,137,65,499,475,160
102,36,512,140,579,593,160
51,23,147,60,528,482,160
72,39,203,110,580,572,160
45,20,113,41,526,524,161
46,24,92,36,496,532,161
51,24,136,42,534,548,161
47,23,95,42,500,550,161
75,33,297,118,623,624,161
29,23,75,67,557,549,161
40,23,171,95,599,611,161
52,28,151,84,550,563,161
26,20,57,41,513,457,161
54,22,137,39,540,553,161
31,20,72,50,546,571,161
25,20,61,38,475,471,161
55,28,167,94,584,606,161
76,33,310,126,615,599,161
26,20,39,31,489,461,162
39,25,184,104,535,551,162
119,51,545,334,765,792,162
34,20,57,27,474,480,162
222,54,673,163,725,721,162
53,22,143,45,529,515,162
38,25,71,38,518,488,162
212,49,551,105,680,684,162
103,42,242,86,583,569,162
19,20,36,27,514,452,162
61,37,131,84,575,583,163
67,36,226,104,558,559,163
117,31,320,78,642,633,163
56,41,114,78,548,541,163
43,24,116,58,547,529,163
90,28,268,74,586,585,163
53,29,116,68,554,588,163
85,27,180,39,600,554,163
53,26,218,136,619,664,163
56,27,117,62,582,603,163
86,30,240,83,589,605,163
69,26,194,62,567,582,163
108,33,299,75,612,609,163
123,27,406,69,622,638,163
26,20,17,18,489,450,164
61,36,149,102,570,561,164
50,20,80,33,555,475,165
265,60,740,234,738,755,165
304,65,907,158,710,699,165
51,21,158,56,564,583,165
100,51,262,103,598,590,165
31,20,89,58,518,504,165
278,53,693,108,701,698,165
80,28,265,77,582,563,165
48,25,162,85,526,557,165
49,21,168,43,527,494,165
37,21,131,56,506,529,165
154,64,449,153,668,660,165
24,21,43,46,511,511,165
92,45,226,121,614,616,165
61,22,192,58,559,587,165
157,43,459,116,626,632,165
108,42,307,109,602,599,165
122,57,386,163,709,712,165
66,23,162,50,551,526,165
33,24,93,68,554,582,165
65,33,213,122,567,573,166
68,23,171,78,614,598,166
47,23,114,47,516,534,166
95,36,299,70,612,603,166
45,22,89,39,549,497,166
175,68,613,196,731,742,166
24,20,83,56,468,364,166
27,20,52,33,509,502,166
33,23,122,73,476,403,166
147,65,421,186,703,705,166
32,23,66,50,549,511,167
147,56,582,299,770,803,167
44,24,81,32,526,510,167
35,24,161,106,611,612,167
30,24,54,45,488,523,167
19,22,20,21,513,415,167
99,40,315,130,639,643,167
26,20,70,46,495,442,167
30,23,108,82,580,578,167
28,29,22,30,476,463,167
54,20,105,35,532,549,168
38,24,104,65,435,488,168
58,25,146,68,580,601,168
32,22,94,41,467,461,169
42,20,98,46,470,470,169
35,21,101,58,483,520,169
188,42,580,170,693,703,169
42,20,101,43,551,573,169
39,20,114,39,495,447,169
126,34,408,87,626,632,169
42,20,130,64,532,558,169
72,25,147,62,566,563,169
37,28,103,71,527,455,169
23,20,65,51,515,525,169
49,25,168,84,523,547,169
35,20,70,33,509,495,169
53,20,226,64,553,578,169
150,61,475,194,675,668,169
55,27,173,73,545,559,169
75,35,174,79,580,585,169
43,36,86,55,487,500,169
60,47,158,112,541,553,169
156,53,462,136,651,665,170
31,23,191,133,634,652,170
44,31,145,93,581,587,170
41,21,107,37,542,516,170
197,55,652,177,701,705,170
232,62,709,175,763,774,170
45,21,111,42,530,533,170
115,37,263,96,602,574,170
89,44,390,222,699,720,170
36,20,105,42,469,508,170
15,21,13,33,439,420,170
60,26,256,95,592,588,170
198,42,670,121,687,683,170
44,21,107,38,535,546,171
50,23,204,48,546,539,171
51,25,143,53,543,540,171
174,51,457,106,636,637,171
56,26,94,43,568,545,171
148,60,433,179,665,665,171
20,21,40,32,499,457,171
45,24,107,74,540,537,171
62,39,158,82,532,526,171
83,26,288,93,584,600,171
84,48,284,195,663,697,172
80,27,244,60,577,570,172
34,20,37,17,494,486,172
32,23,81,36,543,519,172
29,27,26,30,504,512,172
37,23,103,62,539,589,172
64,21,197,62,544,527,172
53,22,144,53,557,530,172
47,29,102,61,594,578,172
39,20,50,20,531,526,173
25,21,25,13,499,421,173
223,46,790,191,722,721,173
347,81,797,187,738,742,173
47,21,183,71,523,544,173
48,22,108,45,545,564,173
38,23,61,34,509,569,173
89,54,227,124,635,650,173
28,20,71,52,465,459,173
60,31,211,131,621,620,174
38,28,87,53,452,430,174
39,20,59,34,540,504,174
41,26,144,98,608,630,174
28,32,67,61,514,508,174
43,28,163,82,525,519,174
158,38,456,127,660,661,174
77,20,296,109,551,569,175
145,40,580,144,624,635,175
79,35,258,98,623,615,175
41,30,116,95,593,605,175
116,29,315,78,580,582,175
87,26,236,60,573,598,175
64,25,213,69,549,548,175
40,25,95,51,515,536,175
14,21,14,45,552,467,175
54,27,160,65,545,548,175
42,20,110,58,478,516,176
55,22,206,72,518,517,176
240,70,601,172,690,684,176
44,23,80,31,520,505,176
50,31,110,69,582,590,176
33,23,78,51,508,501,176
39,20,108,49,521,516,176
34,21,93,41,500,487,176
18,20,41,41,497,488,176
55,37,152,117,600,606,176
98,28,268,74,613,643,176
160,59,429,132,703,708,177
35,24,172,132,626,632,177
36,24,73,40,528,510,177
44,31,116,88,539,524,177
33,21,57,34,498,440,177
39,20,110,48,501,526,177
71,29,222,100,546,552,178
33,21,69,33,483,454,178
153,53,428,116,634,648,178
63,31,259,120,567,575,178
106,32,414,139,599,573,178
33,20,66,31,530,490,178
41,26,115,60,578,524,178
44,26,89,40,518,527,178
41,22,113,52,535,531,178
44,24,126,69,535,523,178
82,31,250,81,614,624,178
58,25,157,52,549,548,178
124,37,434,183,711,719,179
20,22,14,18,441,449,179
64,22,158,56,578,571,179
70,34,211,79,535,577,179
24,23,78,51,488,448,179
237,73,624,265,758,781,179
45,22,121,49,515,506,179
34,28,54,56,515,493,179
43,25,116,52,510,527,179
45,22,90,36,534,525,179
43,22,136,99,590,629,179
53,30,167,89,561,571,179
58,23,143,45,577,569,179
230,60,699,221,732,739,179
92,32,288,83,599,630,179
138,49,429,162,634,633,179
81,37,307,157,678,684,179
162,52,498,144,676,687,179
89,36,271,101,588,627,180
42,23,124,58,507,542,180
57,29,140,68,596,597,180
37,23,67,29,479,509,180
35,20,117,57,496,511,180
119,49,368,129,638,639,180
78,47,244,139,663,667,180
39,22,154,74,459,518,180
59,21,174,50,577,567,181
42,20,143,64,560,570,181
56,35,176,113,597,564,181
47,21,120,43,512,507,181
39,23,126,63,514,539,181
175,53,501,130,649,640,181
38,20,89,40,518,508,181
289,66,744,169,688,701,181
70,21,250,88,557,562,181
26,20,39,23,489,471,181
70,32,245,77,603,586,181
30,20,50,34,508,531,181
73,23,216,53,606,599,181
34,24,90,59,545,539,181
39,20,102,39,545,531,181
58,41,150,92,578,623,181
18,23,42,44,510,520,182
43,24,105,49,527,535,182
63,29,186,79,545,540,182
27,24,64,50,533,550,182
38,21,38,33,500,517,182
73,32,256,95,640,661,182
68,27,193,61,608,598,182
72,27,251,119,617,628,182
70,26,182,63,572,556,182
59,24,155,64,512,521,182
53,27,164,69,550,540,182
54,31,82,32,565,548,182
25,22,33,35,506,522,182
123,46,422,150,641,627,182
31,23,87,41,525,517,183
43,22,149,102,588,605,183
32,20,56,35,511,483,183
15,22,18,35,409,473,183
72,24,225,64,577,584,183
58,24,157,47,513,534,183
48,25,157,65,506,535,183
30,22,119,72,528,505,183
185,41,530,109,663,659,183
38,20,70,44,500,519,183
147,57,510,178,678,684,184
112,40,441,158,596,605,184
74,33,176,72,587,566,184
59,30,149,67,516,563,184
28,22,63,34,469,441,184
49,21,138,68,502,494,184
43,31,73,53,567,530,184
56,20,196,70,476,508,184
75,33,245,124,642,625,184
42,26,170,106,535,506,184
49,29,99,63,562,567,185
39,20,140,107,567,591,185
76,25,313,102,568,585,185
59,24,195,67,490,482,185
32,36,55,73,556,588,185
54,36,98,69,564,559,185
98,62,348,210,707,716,185
74,29,414,268,687,723,185
25,21,20,31,461,493,185
82,40,244,133,627,646,186
51,32,92,50,540,546,186
53,24,172,78,527,543,186
52,24,157,63,543,546,186
42,28,125,94,590,605,186
44,30,101,66,529,526,186
199,67,609,213,705,706,186
69,25,218,68,579,593,186
16,20,18,19,413,357,186
46,24,129,57,469,437,186
87,39,324,146,627,624,186
154,37,469,106,644,647,186
236,52,667,119,659,666,186
186,53,545,164,694,708,186
58,23,128,46,534,545,186
60,26,202,61,564,571,186
192,63,466,116,655,629,186
43,21,113,52,503,527,187
106,31,328,108,617,617,187
476,91,984,220,775,773,187
198,71,743,366,849,865,187
26,20,32,32,508,460,187
51,24,201,81,527,557,187
84,36,227,96,579,589,187
167,57,545,164,672,680,187
24,22,40,29,488,460,187
270,51,794,139,716,724,187
33,24,106,77,576,594,187
319,63,805,178,735,732,187
68,31,166,70,559,568,187
35,25,75,45,543,555,187
104,28,343,120,643,649,187
25,24,76,73,544,554,187
60,27,149,65,548,560,187
37,22,126,56,494,484,187
32,21,50,34,446,491,187
119,48,285,108,623,621,188
45,20,127,60,532,538,188
49,25,154,68,536,520,188
169,41,645,143,683,685,188
37,22,103,56,533,489,188
36,28,40,31,528,517,188
19,21,23,29,439,437,188
70,31,228,101,521,515,189
61,20,184,49,586,581,189
115,45,324,137,609,624,189
96,34,320,94,592,602,189
144,52,403,144,663,660,189
35,26,115,88,573,574,189
46,28,200,117,565,567,189
52,25,233,95,538,539,189
41,20,130,58,502,522,189
25,20,72,52,504,517,189
32,29,73,71,519,565,189
26,23,37,31,483,503,189
69,32,223,103,584,576,189
294,41,894,97,683,693,189
264,61,842,257,773,769,189
77,23,176,45,557,563,189
100,27,278,61,583,615,189
155,48,464,146,658,668,189
42,23,174,82,532,548,189
109,38,385,120,635,636,189
75,31,265,102,562,568,189
33,27,45,40,502,479,189
35,20,37,29,527,547,189
19,20,46,49,0,0,190
78,28,215,73,552,553,190
21,22,55,43,490,455,190
68,30,238,87,577,583,190
70,25,156,53,543,539,190
39,24,88,53,563,572,190
54,21,156,78,600,586,191
51,35,118,83,567,588,191
35,20,65,23,533,543,191
158,40,416,88,634,633,191
66,31,206,116,630,628,191
24,20,49,30,509,503,191
141,51,364,124,612,633,191
69,29,174,87,576,574,191
71,31,204,73,612,595,191
275,75,667,207,701,698,191
27,20,56,34,516,507,191
33,20,95,64,558,566,192
18,20,53,40,490,468,192
57,28,132,42,573,540,192
49,31,127,57,502,535,192
77,24,170,44,574,575,192
20,21,36,33,503,505,192
45,26,183,88,590,629,192
63,30,177,92,603,605,192
40,28,81,38,537,523,192
41,20,103,45,485,486,192
44,22,151,47,551,534,192
80,31,204,62,565,584,192
78,23,229,60,571,589,192
71,24,216,84,624,617,192
24,22,58,35,485,489,192
98,40,313,133,617,622,192
32,23,124,66,516,524,193
38,29,55,51,467,441,193
31,22,106,75,502,548,193
34,29,57,53,531,532,193
45,21,142,64,565,578,193
54,23,118,43,530,571,194
25,22,18,14,417,471,194
23,20,72,68,534,536,194
96,31,268,55,582,576,194
24,26,18,24,433,487,194
40,22,120,46,523,505,194
31,22,60,43,498,476,194
61,30,137,76,562,596,194
48,32,112,70,578,591,194
52,21,96,42,569,568,194
75,28,233,78,584,603,194
46,24,100,45,502,523,195
41,21,109,48,513,550,195
30,24,50,49,510,528,195
136,47,441,161,650,658,195
328,69,951,196,734,739,195
184,62,588,215,669,685,195
75,47,198,115,585,585,195
24,22,63,40,486,459,195
39,31,103,72,497,429,195
183,49,394,84,645,635,195
31,20,60,49,518,504,195
58,25,199,91,600,594,195
57,27,133,39,504,514,195
39,23,84,43,538,503,195
145,45,457,105,642,642,195
35,20,138,59,512,555,196
214,60,786,346,823,851,196
24,21,67,54,485,503,196
28,20,52,35,486,498,196
162,33,500,92,653,650,196
22,20,58,41,508,515,196
109,36,467,135,614,625,196
41,29,75,47,528,517,196
82,32,248,108,590,611,196
38,31,47,40,547,533,196
35,25,59,30,537,514,196
53,23,139,55,550,534,196
55,26,187,71,582,581,197
54,21,192,51,506,516,197
79,34,181,89,578,568,197
46,21,125,61,489,515,197
48,27,119,50,503,512,197
95,37,302,152,612,638,197
70,29,236,108,549,550,197
35,22,70,36,558,531,197
57,27,172,75,567,538,197
74,38,243,150,650,649,197
28,21,43,29,525,481,197
177,47,565,134,689,703,197
49,30,218,120,575,579,197
30,23,49,22,529,505,197
46,28,84,58,551,565,197
35,30,106,78,537,568,197
49,20,144,62,524,546,197
48,23,183,78,556,583,198
49,26,157,60,502,526,198
49,26,76,40,544,556,198
89,45,365,226,710,713,198
21,21,54,55,467,492,198
99,37,346,111,624,627,198
164,34,443,89,617,638,198
56,20,175,50,535,549,198
33,27,81,58,528,518,198
26,23,41,25,491,541,198
57,28,160,68,563,550,198
25,24,64,41,479,483,198
37,26,71,55,533,549,199
27,28,32,30,478,503,199
104,41,305,116,631,619,199
40,24,103,49,496,494,199
33,20,92,46,499,479,199
26,20,87,55,516,502,199
56,20,178,49,555,557,199
139,61,366,148,634,640,199
37,22,123,58,512,538,199
67,25,194,79,629,642,199
25,22,66,38,519,542,199
37,25,72,43,521,484,199
107,40,398,219,722,728,199
33,22,73,44,535,529,199
45,29,152,111,607,618,199
28,21,127,110,562,610,199
33,20,62,36,468,444,199
29,20,115,71,554,555,200
13,21,43,65,427,439,200
31,21,105,58,507,493,200
25,20,73,45,482,459,200
53,24,129,52,556,547,201
18,21,33,26,461,439,201
173,49,460,112,650,652,201
114,53,375,154,610,622,201
86,46,236,133,645,678,201
54,23,127,54,578,565,201
24,23,66,57,513,511,201
59,26,166,81,546,519,201
48,28,164,89,593,576,201
54,33,134,83,579,584,201
103,29,287,74,602,625,201
35,22,98,37,525,513,201
31,20,82,52,527,535,201
36,21,81,35,473,536,201
22,21,15,29,496,475,202
63,23,187,50,548,548,202
113,25,363,99,609,603,202
70,27,215,100,574,577,202
140,39,345,97,599,617,202
88,42,244,109,594,612,202
25,21,43,37,476,475,202
43,22,102,56,564,531,202
71,26,269,95,556,584,202
104,48,268,130,663,685,202
79,40,147,49,587,592,202
56,26,154,70,509,525,202
110,44,455,250,739,733,202
41,20,115,39,543,472,202
75,34,258,109,568,583,203
27,29,39,33,459,443,203
28,21,53,23,488,435,203
52,21,128,72,528,574,203
39,21,58,25,513,501,203
49,21,129,48,485,493,203
51,28,96,40,559,549,203
23,21,55,37,413,498,203
52,25,128,44,532,531,203
21,20,69,50,493,483,203
36,25,55,43,510,548,204
71,28,231,93,587,597,204
197,62,574,307,757,762,204
28,22,58,46,381,421,204
56,29,165,55,549,555,204
80,35,244,115,613,614,204
48,21,147,54,555,556,204
46,27,274,170,670,677,204
138,43,321,98,605,606,204
25,22,72,51,450,464,204
41,31,81,60,534,559,204
39,25,110,68,491,483,204
47,31,183,103,590,567,204
55,22,239,77,573,585,204
100,51,241,90,586,563,204
53,23,164,64,566,550,205
97,34,258,100,597,600,205
58,24,193,72,575,582,205
87,42,321,168,672,688,205
44,23,151,69,563,574,205
223,64,675,267,778,783,205
120,41,523,181,682,667,205
43,22,155,75,548,539,205
95,32,225,83,601,579,205
23,22,40,39,517,492,205
37,20,87,46,530,509,205
54,24,152,66,562,556,205
114,37,358,94,606,611,205
47,26,152,77,547,573,205
57,31,466,252,696,720,205
38,20,75,33,527,499,205
43,28,96,63,509,482,206
68,25,219,63,571,584,206
53,27,261,113,591,589,206
54,20,154,50,505,500,206
79,29,233,72,581,577,206
25,22,33,34,493,478,206
82,29,283,82,572,585,206
33,20,71,39,495,496,206
52,41,138,107,596,625,206
61,24,146,62,557,567,206
49,22,128,66,536,508,206
48,26,159,64,548,537,207
38,20,92,43,507,487,207
28,20,36,29,528,480,207
60,27,105,51,569,541,207
389,97,947,359,887,892,207
308,89,743,256,733,733,207
26,25,45,36,508,518,207
23,20,94,61,517,534,208
38,22,91,56,554,541,208
131,30,454,111,643,646,208
210,56,751,213,749,753,208
122,69,278,159,685,689,208
69,22,197,57,585,591,208
91,30,239,74,578,585,208
50,25,184,86,529,554,208
40,26,108,68,544,531,208
73,37,375,174,666,660,208
49,28,105,43,538,531,208
23,20,117,90,589,589,208
20,21,15,23,421,410,208
29,25,95,76,562,583,208
125,37,356,103,637,636,208
54,24,214,88,589,561,209
41,21,88,24,551,541,209
27,27,68,43,541,499,209
20,21,32,37,532,468,209
57,24,90,47,527,524,209
81,28,258,97,596,598,209
25,21,36,34,492,519,209
23,23,33,41,518,527,209
57,26,162,61,563,554,209
119,44,303,116,645,643,210
27,20,43,21,461,448,210
32,23,69,39,495,442,210
43,20,111,46,558,521,210
29,23,59,39,501,470,211
30,21,143,71,518,515,211
24,21,54,55,520,497,211
29,20,67,52,531,468,211
46,23,132,62,490,488,211
45,35,107,66,591,584,211
31,23,28,16,475,359,211
38,22,75,44,535,531,211
93,47,294,181,668,680,211
53,23,153,49,582,566,211
247,50,659,107,686,686,211
31,23,56,38,496,533,212
40,20,86,58,453,433,212
32,25,98,59,505,483,212
36,20,118,53,526,498,212
32,26,67,65,568,566,212
72,33,276,160,611,624,212
89,30,281,88,601,608,212
31,26,86,51,517,469,212
231,68,695,262,748,764,212
122,37,398,104,621,617,212
181,42,557,108,637,645,212
95,43,306,173,683,698,212
114,52,293,102,610,603,212
45,22,105,49,496,543,212
147,37,414,103,642,643,212
61,29,170,79,542,546,213
52,32,150,93,528,544,213
133,34,401,80,611,617,213
186,57,650,244,738,734,213
69,22,170,52,585,604,213
37,22,76,43,542,570,213
53,26,182,75,529,521,213
56,25,166,57,554,592,213
55,29,162,51,538,539,213
105,41,249,116,621,622,213
83,38,293,129,627,605,213
170,55,538,175,676,683,213
104,32,303,73,606,616,213
28,23,82,56,556,537,213
305,66,754,151,716,707,213
53,34,205,134,615,646,213
113,55,327,164,667,665,213
50,29,104,52,575,564,213
136,31,364,81,610,628,213
302,56,955,212,738,740,214
180,49,525,119,650,657,214
148,35,416,91,640,630,214
162,47,767,302,811,830,214
48,24,113,59,506,509,214
37,21,111,55,512,508,214
54,20,120,41,548,533,214
49,27,141,77,570,567,214
23,20,39,37,474,446,214
196,36,637,117,674,684,215
65,35,181,81,551,586,215
45,21,96,33,518,516,215
34,21,66,42,520,561,215
67,28,158,59,559,578,215
48,21,179,72,525,571,215
47,30,254,151,617,614,215
44,22,172,77,496,502,215
151,32,519,127,631,638,215
32,22,56,41,493,520,215
28,20,93,52,439,479,215
78,35,234,101,647,633,215
35,25,103,85,592,558,215
84,38,305,149,675,683,215
39,20,123,65,587,596,215
27,20,41,36,511,497,215
35,24,63,32,569,515,215
24,21,40,26,463,463,215
74,31,229,86,588,606,215
26,20,32,18,495,436,216
26,21,84,49,486,473,216
115,35,364,89,605,621,216
56,29,133,70,558,547,216
119,51,354,106,656,660,216
43,24,129,47,541,565,216
87,46,230,132,667,679,216
40,21,127,38,533,518,217
23,25,14,34,490,524,217
53,27,201,106,633,644,217
102,47,325,139,577,581,217
133,59,428,197,655,658,217
50,21,157,48,532,526,217
96,22,284,58,585,594,217
64,26,137,71,589,600,217
31,24,38,33,494,512,217
40,23,137,46,508,505,217
26,23,78,60,4,311,217
21,20,46,38,465,461,217
132,51,286,103,604,610,217
82,46,311,178,662,664,217
37,20,85,48,419,477,217
50,25,126,55,545,528,217
51,23,144,65,506,525,218
27,27,46,49,496,498,218
47,23,136,77,587,570,218
60,27,258,86,559,546,218
38,22,140,108,611,615,218
27,23,87,79,548,553,218
49,23,116,42,555,524,218
184,58,560,170,664,659,218
44,33,108,73,582,564,218
82,35,233,86,601,580,218
56,23,186,74,570,599,218
38,23,52,29,536,492,218
29,20,41,26,489,512,218
134,53,320,119,611,602,218
33,23,90,55,519,523,218
59,25,128,56,538,525,218
245,54,783,210,761,786,218
45,21,139,67,502,528,219
169,39,535,103,668,672,219
61,24,175,66,565,573,219
29,20,113,58,551,565,219
34,20,76,36,483,504,219
38,22,156,67,518,538,219
32,25,35,38,452,353,219
38,21,83,52,487,453,219
113,40,491,201,686,696,219
128,44,433,148,657,654,219
35,23,63,30,519,525,219
22,20,57,35,508,459,219
50,23,105,45,502,506,219
38,20,51,23,497,448,220
101,40,275,95,578,601,220
30,23,66,66,509,550,220
91,41,320,117,598,569,220
36,20,94,63,586,571,220
82,39,235,86,613,635,220
268,45,826,122,710,711,220
62,37,275,175,644,647,220
71,31,195,107,661,652,221
64,27,168,100,618,603,221
39,25,104,66,552,570,221
38,20,121,48,539,463,221
80,31,248,85,549,567,221
61,30,155,65,579,576,221
31,20,76,46,528,517,222
72,28,228,126,592,614,222
38,20,122,75,530,549,222
51,27,156,80,557,587,222
247,62,892,221,835,849,222
26,21,52,29,456,510,222
60,31,194,95,554,563,222
72,23,182,42,586,588,222
121,46,590,331,781,791,222
54,25,155,77,582,588,222
64,28,237,94,574,586,222
30,21,63,39,481,435,222
34,24,99,43,536,526,222
29,20,49,38,488,493,223
340,82,797,270,788,788,223
160,47,442,143,645,641,223
73,34,162,101,605,624,223
51,35,151,99,605,617,223
85,28,250,83,577,581,223
61,34,135,70,554,553,223
56,26,141,46,495,516,223
25,21,87,64,448,448,223
38,23,117,65,574,541,224
67,29,176,83,538,555,224
251,60,704,172,734,736,224
59,30,135,64,531,527,224
82,25,265,78,586,573,224
29,23,74,54,540,537,224
74,39,158,75,529,557,224
80,28,223,73,578,583,224
36,22,131,61,489,511,224
60,29,81,46,564,574,224
42,21,143,72,448,489,224
79,27,218,71,567,574,224
110,41,288,99,616,626,224
26,20,48,21,497,474,224
40,21,102,40,506,537,224
55,26,131,31,550,524,225
28,23,66,33,546,534,225
38,29,85,68,568,561,225
44,23,136,67,553,580,225
53,29,185,91,494,539,225
128,40,464,169,650,650,225
227,41,557,85,680,686,225
279,67,834,189,717,723,226
116,51,336,130,602,614,226
131,50,432,166,731,732,226
46,25,171,57,527,570,226
134,59,384,168,662,645,226
106,45,436,279,727,732,226
28,27,51,57,517,494,226
77,45,151,84,610,587,226
39,22,66,27,517,555,226
51,36,196,131,624,636,226
118,42,375,151,622,613,226
65,26,227,124,621,651,226
33,21,75,50,542,529,227
21,20,16,26,443,443,227
24,20,77,41,498,491,227
46,30,98,55,573,553,227
35,23,75,38,533,509,227
42,22,95,55,536,570,227
21,20,40,37,507,506,228
37,23,53,34,501,488,228
259,70,796,331,854,869,228
26,21,112,59,479,518,228
43,30,203,135,637,652,228
51,20,116,36,541,545,228
106,61,381,203,692,676,228
74,33,179,74,567,563,228
45,34,97,68,534,552,228
38,22,106,58,516,517,229
32,27,71,61,529,541,229
38,24,98,59,521,534,229
70,33,120,47,556,564,229
17,21,38,36,497,486,229
43,23,119,49,502,519,229
53,34,108,73,526,528,229
42,24,115,61,469,499,230
27,20,50,29,490,463,230
37,22,83,47,568,588,230
31,22,52,25,512,507,230
38,20,67,23,494,489,230
30,20,124,53,510,516,230
60,27,152,59,574,578,230
165,46,504,148,682,691,230
38,23,114,61,513,530,230
70,33,223,100,595,593,230
29,28,62,65,508,554,230
51,35,122,92,626,614,231
45,25,180,102,620,627,231
30,26,66,59,520,549,231
38,23,132,87,559,598,231
32,23,64,31,509,510,231
47,20,89,36,541,535,231
28,26,83,84,563,534,232
47,24,147,75,604,621,232
31,21,84,45,483,510,232
22,20,87,81,552,532,232
26,24,47,45,489,446,232
46,21,133,55,551,561,232
58,31,225,106,579,563,232
35,23,54,35,532,501,233
46,29,188,97,622,642,233
35,20,72,28,501,495,233
61,20,124,38,578,581,233
57,26,182,74,579,603,233
51,24,153,58,592,588,233
82,30,246,82,584,621,233
288,97,709,282,755,780,233
128,28,345,72,629,635,233
51,21,133,41,566,545,233
58,21,247,64,534,561,233
82,28,216,75,609,607,233
45,25,114,57,528,536,233
279,50,858,125,704,709,233
29,23,87,63,554,541,233
173,55,454,151,635,655,233
121,50,332,130,622,635,233
108,46,266,104,564,603,233
109,44,313,118,596,597,234
29,25,55,50,532,518,234
170,34,625,110,653,661,234
184,47,511,120,657,647,234
47,21,147,65,544,547,234
57,23,161,43,531,489,234
53,28,128,59,541,546,234
123,39,416,134,619,615,234
36,20,95,45,490,472,234
126,42,315,114,634,633,234
319,93,750,349,846,855,234
139,43,462,139,646,632,234
331,75,794,242,805,821,234
75,46,194,118,663,652,234
55,20,197,69,563,569,234
57,22,184,69,516,507,235
43,21,183,64,539,547,235
102,38,291,82,609,614,235
62,26,207,63,561,542,235
40,21,142,51,503,513,235
133,34,438,105,653,656,235
176,44,637,141,695,703,235
63,28,199,95,583,603,235
72,29,240,87,571,592,235
137,53,376,135,643,648,235
120,37,334,103,630,642,235
149,42,430,98,622,655,235
52,27,118,60,562,593,235
64,31,235,129,627,660,235
146,36,374,80,645,651,235
29,21,88,42,483,472,235
22,22,40,45,489,508,235
29,22,57,48,528,486,235
47,23,166,71,504,535,235
23,22,28,37,442,465,235
72,23,239,62,521,501,235
44,23,191,91,561,581,235
60,22,166,70,524,509,235
108,41,315,113,678,666,235
95,33,381,99,634,644,235
104,32,285,74,589,594,235
56,32,180,86,571,558,235
50,26,181,80,568,552,235
98,32,293,71,597,597,236
62,21,188,57,558,553,236
97,40,302,121,608,600,236
25,21,86,53,515,529,236
186,54,677,192,681,682,236
34,20,72,52,497,508,236
44,22,105,43,492,477,236
52,27,240,99,534,493,236
35,24,102,51,478,492,236
47,29,152,77,460,479,236
53,24,120,53,536,556,236
40,21,100,40,504,458,236
154,70,560,260,686,696,236
40,20,113,46,534,501,236
25,22,16,26,479,456,237
87,34,300,127,614,626,237
111,23,333,72,634,638,237
35,21,79,45,545,536,237
158,51,551,161,684,688,237
75,30,208,97,582,573,237
17,23,26,35,487,499,237
44,20,95,38,518,420,237
83,31,353,114,609,622,237
54,29,130,71,491,542,237
46,29,138,64,531,550,237
30,26,123,74,404,481,238
52,30,131,59,511,512,238
247,77,841,315,858,886,238
220,57,638,134,677,683,238
53,28,186,101,551,557,238
124,38,414,127,635,628,238
34,20,97,59,531,545,238
45,24,99,47,530,543,238
52,24,241,124,613,672,238
37,21,78,29,514,496,238
63,23,211,86,561,586,238
161,66,441,137,662,664,238
56,26,168,77,621,634,238
34,23,64,44,497,500,238
43,21,104,46,547,519,238
47,25,100,41,535,517,238
188,43,511,117,693,672,238
46,31,122,81,557,559,238
47,24,115,60,517,495,239
58,33,178,94,564,590,239
286,60,746,157,737,739,239
20,20,38,50,454,541,239
72,30,197,66,556,560,239
284,60,845,191,726,732,239
106,27,296,67,570,580,239
113,28,307,94,615,631,239
28,20,67,44,510,485,239
69,29,208,82,530,556,239
164,49,474,109,646,662,239
50,21,126,49,491,548,239
49,22,164,73,532,567,239
76,36,201,86,568,573,239
67,25,146,53,575,545,239
67,38,219,117,613,641,239
53,24,178,66,531,529,239
48,23,119,58,511,531,239
33,24,115,69,556,536,239
59,28,176,69,549,573,239
106,40,256,79,622,612,239
125,41,360,144,613,631,239
244,64,591,155,695,694,239
68,45,202,117,564,562,239
267,44,804,118,715,711,239
64,22,229,73,587,575,239
143,39,466,135,665,652,239
63,32,124,50,476,474,239
42,22,110,50,572,547,239
50,24,148,62,506,523,240
60,25,221,76,566,587,240
70,22,189,51,533,529,240
55,23,186,67,575,587,240
116,52,408,210,655,648,240
32,21,134,74,555,530,240
50,37,146,93,582,601,240
49,25,144,88,616,612,241
22,20,40,36,492,481,241
37,20,97,47,530,542,241
40,23,73,45,556,538,241
39,28,87,62,567,538,241
35,22,100,65,553,581,241
36,23,89,43,465,426,241
64,22,183,79,576,596,241
174,49,540,176,693,689,241
24,20,34,24,495,453,241
39,25,122,58,502,519,241
74,30,202,78,540,558,241
78,34,205,95,599,610,241
30,25,80,55,487,484,241
42,21,149,78,550,558,241
83,32,232,111,627,666,241
30,24,123,85,563,577,241
70,22,213,66,570,557,241
69,26,183,58,561,558,241
37,26,84,50,516,531,241
38,22,113,48,532,537,242
27,21,58,38,513,528,242
33,24,104,63,548,557,242
77,40,264,129,611,620,242
70,33,180,52,585,572,242
41,20,126,55,443,446,242
57,28,218,98,558,555,242
235,67,734,213,722,716,242
108,28,338,94,606,620,242
75,28,298,124,567,582,242
57,22,250,112,526,576,242
56,20,233,61,519,539,242
64,34,203,91,538,547,242
54,31,185,91,618,626,242
72,32,253,73,560,560,243
324,76,811,203,743,740,243
185,55,559,188,675,692,243
91,47,440,241,718,736,243
25,22,41,26,476,421,243
16,20,37,40,478,488,244
104,36,425,148,581,589,244
43,23,90,46,499,540,244
128,67,338,185,711,724,244
43,24,107,49,519,553,244
39,20,139,55,540,536,244
21,21,40,34,520,522,244
32,21,102,59,482,472,244
47,22,93,43,495,501,244
223,72,638,256,774,787,244
73,31,225,76,583,585,244
46,20,133,62,523,544,244
89,30,285,79,610,607,244
55,31,219,105,559,556,244
77,39,258,151,582,567,245
27,23,55,40,497,511,245
33,22,91,64,513,513,245
62,28,186,93,529,535,245
93,28,333,92,594,593,245
31,21,109,46,502,481,245
231,60,597,165,682,680,245
78,32,287,121,610,611,245
211,63,573,201,709,705,245
546,97,1000,274,835,825,245
75,26,293,112,615,621,246
253,68,658,133,688,692,246
75,30,188,70,578,594,246
39,20,112,50,528,552,246
65,39,137,59,526,559,246
15,20,19,31,414,474,246
42,20,155,94,569,593,246
277,80,788,219,741,740,246
45,21,121,51,562,564,246
51,23,148,49,537,552,246
55,21,141,73,559,606,247
30,22,111,65,533,514,247
80,28,220,46,571,567,247
53,24,151,65,503,531,247
48,34,119,74,536,537,247
30,20,100,49,552,512,247
50,26,125,49,532,536,247
30,20,72,30,509,521,248
43,23,82,37,462,512,248
58,23,176,47,521,522,248
172,41,648,361,769,782,248
61,22,216,81,561,569,248
38,24,103,49,488,521,248
68,36,159,70,603,596,248
53,22,181,67,562,561,248
89,35,214,70,578,595,248
30,22,56,39,520,474,248
34,26,80,50,551,551,248
42,25,150,68,469,527,248
88,31,250,74,576,590,248
70,21,207,68,570,580,248
39,23,109,43,544,537,248
28,21,56,42,519,537,248
60,27,197,81,583,605,249
49,29,110,50,542,556,249
55,33,172,116,630,641,249
36,21,101,35,526,506,249
66,32,212,123,619,617,249
25,21,52,39,530,496,249
71,33,242,142,650,634,249
116,35,326,74,596,585,249
65,29,187,60,586,590,249
36,22,56,31,536,488,249
92,25,277,64,562,587,249
119,40,415,129,643,632,249
57,25,97,36,544,542,249
12,20,35,41,484,387,249
30,21,75,46,487,458,250
64,33,172,96,570,585,250
30,20,105,56,420,476,250
31,22,67,46,543,567,250
32,20,46,33,528,472,250
35,28,64,44,489,478,250
33,26,40,45,543,483,250
63,36,238,161,657,670,250
99,41,260,93,662,663,250
26,20,47,36,498,483,250
221,40,613,108,658,663,250
47,29,147,61,552,541,250
47,21,142,52,513,533,251
332,86,961,357,870,888,251
38,20,96,47,517,544,251
47,24,161,83,553,569,251
91,39,276,121,622,608,251
53,20,157,68,564,577,251
131,53,388,235,723,723,251
56,27,172,77,493,501,251
32,20,43,24,491,294,252
44,23,137,70,535,535,252
53,22,138,34,562,558,252
388,85,778,251,767,767,252
37,21,87,35,521,557,252
47,23,176,63,500,508,252
64,23,204,72,534,544,252
264,50,674,99,687,682,252
45,23,132,49,485,506,252
29,21,52,38,494,521,252
38,20,118,52,530,530,253
53,25,83,46,558,522,253
31,25,42,33,502,517,253
44,32,152,104,591,597,253
35,24,36,30,513,472,253
21,27,31,49,468,503,253
36,20,47,25,470,507,253
70,41,328,178,666,675,253
66,28,161,56,577,562,253
66,31,141,52,532,542,253
57,21,155,35,542,535,253
40,20,124,58,512,509,253
46,29,119,76,581,591,253
46,20,107,44,508,512,253
71,22,289,106,585,587,253
58,25,125,54,517,492,254
41,21,94,48,550,511,254
41,21,88,55,567,587,254
39,28,118,62,475,472,254
26,24,23,25,464,445,254
137,48,550,202,676,670,254
53,25,94,46,568,593,254
41,21,121,47,509,518,254
90,30,236,53,586,584,254
41,33,116,86,552,577,254
19,21,36,35,517,518,254
28,24,85,43,541,529,254
36,24,75,46,532,513,254
31,20,102,84,582,590,255
46,25,107,47,520,519,255
45,33,81,58,568,579,255
27,20,80,47,514,505,255
19,21,25,37,435,499,255
45,31,147,83,435,503,255
26,20,33,32,498,500,255
59,33,171,79,534,546,255
59,25,351,131,540,542,255
64,35,208,114,614,621,255
72,35,218,76,579,602,255
30,22,48,38,511,466,255
49,20,161,57,549,564,256
57,20,120,48,555,574,256
43,26,183,105,552,566,256
44,24,132,67,518,534,256
44,21,114,56,535,551,256
107,53,420,216,693,735,256
102,51,222,111,648,662,256
81,27,304,102,623,620,256
67,28,206,74,568,563,256
30,26,62,42,423,458,256
69,45,182,118,606,624,256
23,22,19,28,496,472,256
31,24,77,54,496,503,256
44,24,66,37,532,476,256
60,34,171,89,571,576,256
48,25,128,62,545,534,256
36,23,91,42,491,479,256
19,20,17,30,471,454,257
80,40,157,78,625,641,257
48,20,124,63,542,546,257
36,20,133,53,518,518,257
91,45,259,107,606,609,257
149,60,487,254,725,737,257
37,22,86,32,504,504,257
69,28,175,67,562,584,257
75,32,217,83,608,629,257
88,41,263,112,581,601,257
86,44,355,182,699,738,258
141,48,510,185,722,724,258
19,21,41,40,454,410,258
33,21,88,60,521,515,258
80,20,257,59,566,578,258
48,20,142,53,539,517,258
82,36,425,258,696,709,258
140,49,395,160,687,696,258
41,20,150,66,508,494,258
56,20,189,51,540,551,258
23,22,17,23,500,479,258
35,28,50,43,540,521,258
72,27,159,60,600,609,258
106,40,299,107,618,598,259
29,23,61,37,498,512,259
43,22,124,51,509,524,259
41,20,60,29,532,555,259
49,23,116,34,510,526,259
32,20,141,87,512,508,259
48,21,147,57,576,563,259
62,33,351,189,684,676,259
30,25,89,56,546,528,259
40,22,113,51,571,577,259
32,20,145,111,612,606,260
33,24,94,75,520,543,260
48,22,121,57,574,586,260
74,41,231,161,648,638,260
52,26,126,66,553,553,260
143,45,307,112,637,639,260
29,27,48,48,468,440,260
37,22,115,59,501,463,260
38,21,86,46,499,502,260
25,21,61,57,523,505,260
192,52,619,170,660,665,260
37,26,127,64,522,526,260
54,31,161,82,518,551,261
38,24,96,45,506,500,261
58,29,115,66,618,606,261
50,27,171,72,563,511,261
168,44,466,102,650,637,261
46,23,141,57,518,527,261
58,28,169,73,589,580,261
35,28,158,132,587,602,261
38,27,94,70,523,547,261
53,29,93,35,540,544,261
95,28,246,70,626,612,261
54,26,153,97,614,634,262
32,21,84,46,546,532,262
53,22,143,56,539,569,262
31,21,71,29,489,473,262
40,23,93,51,562,531,262
38,26,81,63,558,568,262
36,21,96,40,486,483,262
44,22,144,60,572,537,262
41,30,117,94,589,609,262
107,34,338,99,599,589,262
40,21,67,30,529,516,263
125,46,374,153,617,607,263
124,39,398,114,627,628,263
131,44,465,147,628,633,263
40,21,128,48,481,534,263
39,23,105,50,563,538,263
59,23,187,54,570,555,263
33,22,140,65,426,425,263
57,21,117,32,561,580,263
62,33,159,70,556,551,263
125,35,502,144,706,715,263
20,20,55,45,486,455,264
35,21,80,44,538,558,264
48,30,215,114,561,585,264
30,21,77,42,491,452,264
83,35,203,64,641,627,264
25,22,70,48,487,522,264
35,22,158,69,545,546,264
44,34,50,43,542,568,264
31,32,85,82,564,559,265
32,22,88,51,480,477,265
77,22,191,44,632,620,265
26,23,97,55,473,435,265
67,27,195,73,554,553,265
35,28,49,27,533,540,265
95,31,300,103,595,576,265
120,52,451,246,727,740,265
66,30,165,75,639,629,265
27,23,41,32,467,469,265
37,27,54,51,543,534,265
63,35,236,159,636,647,265
215,52,595,110,651,671,266
40,30,104,78,593,584,266
44,23,64,41,522,551,266
50,22,170,46,505,520,266
51,24,114,53,503,510,266
44,23,173,93,532,509,266
34,20,78,39,472,470,266
55,22,135,39,529,563,266
33,22,52,28,503,533,267
26,23,35,34,452,343,267
23,24,25,36,472,486,267
52,26,140,50,508,522,267
21,20,46,38,495,436,267
55,35,116,79,518,495,267
48,21,212,107,529,553,267
59,26,117,39,553,549,267
25,22,48,43,485,507,267
37,22,111,53,515,512,267
45,28,140,81,613,627,268
45,21,87,50,584,537,268
40,30,147,111,573,611,268
29,21,76,54,463,496,268
73,31,253,130,625,644,268
37,20,49,27,503,510,268
181,69,522,191,667,665,268
43,26,121,58,506,500,269
41,26,108,66,458,478,269
41,20,131,48,529,524,269
43,21,100,50,511,537,269
33,23,94,47,461,432,269
192,49,692,289,799,805,269
267,38,855,182,736,751,269
77,33,190,68,567,562,269
199,69,602,288,794,810,269
179,52,470,108,619,626,269
30,23,68,30,494,522,269
49,26,107,47,550,541,269
48,20,156,60,559,515,269
46,26,161,76,561,568,269
47,25,145,56,545,548,269
34,21,114,49,508,501,269
51,37,230,164,640,639,270
89,34,264,98,616,632,270
36,20,56,40,500,521,270
67,38,171,97,624,614,270
52,24,158,64,574,575,270
72,26,265,68,576,601,271
31,25,129,110,597,607,271
78,42,216,129,618,650,271
72,32,193,76,561,618,271
30,26,34,29,504,511,271
30,23,62,37,477,498,271
34,23,93,38,516,525,271
31,22,103,59,481,505,271
95,37,266,135,657,664,271
51,31,194,145,637,653,271
50,20,135,44,545,536,271
88,37,243,87,594,619,271
52,23,117,41,500,527,271
66,23,189,61,564,553,271
32,23,50,30,521,512,271
47,22,184,64,501,503,271
47,22,124,63,490,511,271
20,22,33,35,490,485,272
118,37,538,163,669,680,272
66,27,220,122,596,616,272
40,21,105,56,563,532,272
22,20,37,35,483,462,272
57,32,132,68,574,569,272
59,22,217,90,557,542,272
41,24,82,46,553,538,273
30,21,65,31,507,451,273
50,21,77,34,515,502,273
92,45,420,198,706,735,273
170,55,449,137,657,654,274
33,26,109,57,532,544,274
64,22,197,68,598,598,274
73,29,183,75,603,639,274
83,47,267,138,612,605,274
25,21,52,36,427,435,274
40,30,59,38,522,567,274
20,20,39,36,472,459,274
38,21,197,122,610,621,274
29,23,89,62,516,506,274
88,29,254,80,594,598,275
42,26,118,61,578,587,275
47,28,163,86,486,485,275
81,24,236,57,583,606,275
139,38,409,120,612,623,275
17,20,35,29,465,495,275
27,20,47,35,541,502,275
94,55,224,133,602,588,275
48,36,139,91,527,518,275
42,24,145,61,536,560,275
98,39,406,177,652,655,275
29,26,28,26,507,513,275
65,27,167,88,630,631,275
49,30,120,72,478,466,275
50,22,114,57,575,583,275
64,32,221,81,565,594,275
215,54,488,145,655,649,275
28,22,70,55,533,514,275
239,85,630,207,678,694,275
60,25,137,49,525,515,275
45,26,112,54,463,505,275
70,21,204,65,561,576,275
66,27,202,66,552,574,275
98,35,301,129,653,659,275
46,20,55,28,508,486,275
36,25,99,57,508,506,276
22,20,40,24,443,418,276
26,22,56,36,487,481,276
50,22,116,43,556,553,276
26,22,38,31,490,429,276
119,48,345,151,597,614,276
32,21,93,43,496,485,276
130,33,354,99,620,595,276
62,43,156,111,590,603,277
74,24,269,75,561,569,277
76,30,220,70,578,574,277
54,25,123,55,554,559,277
52,29,145,72,555,548,277
42,24,74,44,479,497,277
57,21,120,43,541,520,277
22,21,33,33,485,493,277
62,26,217,75,544,554,277
28,21,38,30,523,483,277
37,22,101,47,498,458,277
55,21,191,66,553,555,277
31,21,79,55,538,562,277
100,29,339,91,651,649,277
45,30,116,72,573,576,277
65,43,128,94,608,629,278
51,23,95,46,523,568,278
49,20,79,36,519,494,278
61,27,196,67,556,575,278
57,34,193,101,596,568,278
42,30,74,52,539,505,278
39,25,42,21,518,510,278
32,23,64,35,496,515,278
78,36,200,93,559,556,278
30,22,71,47,485,479,278
39,30,125,76,560,567,279
32,20,22,21,472,475,279
294,63,772,184,722,733,279
355,73,865,233,773,778,279
56,23,158,63,544,587,279
68,32,147,46,540,579,279
49,28,137,61,556,556,279
33,21,105,56,477,466,279
34,20,124,61,544,558,279
64,20,205,52,552,553,279
32,20,33,20,490,479,279
70,27,248,99,592,607,280
37,20,103,43,538,544,280
98,26,275,80,630,639,280
40,25,71,36,499,526,280
51,24,175,68,634,668,280
70,31,235,106,644,639,280
74,26,302,93,569,570,280
29,23,56,53,508,469,280
79,34,277,73,574,567,280
29,22,43,38,462,418,280
266,97,653,314,790,805,281
78,31,179,77,587,577,281
37,20,110,44,473,521,281
56,25,133,41,541,509,281
277,49,849,168,727,729,281
145,35,444,97,634,643,281
96,42,212,79,599,600,281
48,23,104,46,529,530,281
90,33,440,259,719,737,281
35,24,85,59,542,555,281
28,28,48,44,468,470,281
137,51,398,156,655,657,282
59,29,146,81,548,560,282
39,25,63,48,526,544,282
90,30,253,86,623,624,282
153,53,540,242,740,762,282
18,21,33,36,500,501,282
29,20,91,64,546,536,282
47,24,141,96,591,586,282
87,28,244,81,570,570,282
235,71,648,282,792,798,282
142,46,409,111,636,629,282
391,75,965,267,850,859,282
50,25,136,73,557,543,282
53,23,120,43,544,561,282
241,53,742,130,695,691,282
81,30,257,110,614,607,283
89,32,251,79,556,572,283
46,21,78,34,535,516,283
59,24,338,188,668,674,283
125,51,334,123,615,629,283
93,39,318,144,584,602,283
45,26,119,66,541,533,283
52,22,194,69,536,551,283
119,53,483,232,713,721,283
103,35,370,162,694,718,283
27,21,118,99,543,580,283
34,25,111,58,502,511,284
205,45,684,197,744,758,284
72,40,274,160,677,690,284
75,29,214,83,576,574,284
48,28,158,100,600,589,284
175,61,575,195,668,692,284
175,59,639,216,767,777,284
52,27,218,86,538,535,284
50,20,104,68,577,581,284
69,32,236,118,573,619,284
126,39,414,126,639,634,284
53,23,176,70,504,501,284
20,21,19,27,472,474,284
51,21,133,49,514,521,284
155,42,513,148,670,664,285
42,24,133,68,608,620,285
58,20,116,43,539,511,285
36,20,71,29,437,435,285
28,20,80,52,503,502,285
80,26,252,82,585,590,285
63,25,195,69,545,565,285
105,42,250,96,597,597,285
45,20,131,43,550,526,285
37,32,80,84,573,550,286
34,36,74,80,588,599,286
46,21,98,40,545,516,286
106,43,318,105,609,606,286
30,21,103,66,535,548,286
59,25,136,50,548,557,286
23,20,63,49,539,564,286
30,22,132,87,584,594,286
51,22,144,60,518,530,286
163,35,537,107,644,649,286
60,27,176,59,556,556,286
19,20,24,32,315,265,287
45,30,144,89,592,607,287
26,20,74,46,487,501,287
80,33,274,85,589,586,287
31,20,67,47,474,508,287
64,24,252,108,589,612,287
85,29,233,66,561,587,287
36,20,95,44,527,530,287
34,22,128,71,560,570,287
35,24,56,33,524,513,287
52,24,135,57,560,560,287
26,22,55,38,498,507,287
19,20,29,25,477,512,287
84,38,196,79,578,538,287
45,25,89,44,569,534,287
81,42,255,154,654,672,288
33,23,103,69,527,533,288
36,22,142,77,552,552,288
48,30,153,104,620,627,288
32,22,83,67,563,578,288
63,28,205,104,561,599,288
39,22,94,42,549,534,288
58,28,159,71,582,548,288
132,36,347,87,625,645,288
42,24,127,63,488,526,288
30,28,87,92,561,539,289
22,22,28,28,452,494,289
53,25,101,33,525,536,289
227,47,755,159,688,684,289
64,31,236,102,592,593,289
47,26,91,41,531,537,289
25,21,44,33,467,485,289
34,20,111,61,500,546,289
55,36,144,109,592,625,289
58,23,186,55,542,571,290
50,39,129,101,574,575,290
24,24,49,44,507,505,290
52,27,97,40,521,535,290
74,25,191,62,561,561,290
53,20,191,62,549,548,290
62,31,160,70,532,544,290
30,22,56,37,536,525,290
22,20,19,30,456,471,291
37,22,56,33,527,536,291
34,21,85,47,506,513,291
54,22,110,43,483,483,291
29,21,78,41,523,498,291
98,28,359,91,592,609,291
51,26,151,63,503,510,291
37,24,72,36,511,529,291
53,26,168,76,566,572,291
31,27,65,67,538,548,291
45,21,155,54,553,565,291
50,21,113,39,502,527,291
22,20,51,40,492,482,291
55,25,135,64,546,549,292
35,33,54,45,518,482,292
41,25,140,73,526,519,292
53,22,122,66,591,589,292
19,20,38,28,478,458,292
61,25,165,95,603,623,292
26,21,94,44,489,523,292
75,29,209,83,561,545,292
16,21,24,37,454,434,292
46,23,166,79,509,469,292
43,26,115,58,531,553,292
45,26,103,50,486,511,292
35,20,139,67,492,494,292
79,36,255,102,558,564,292
69,28,198,67,537,539,292
22,24,47,46,452,385,292
43,22,176,82,505,528,293
86,48,206,90,545,528,293
82,46,336,185,680,708,293
39,29,182,141,595,615,293
39,30,94,63,552,543,293
64,33,204,78,553,568,293
55,30,168,94,612,623,293
19,20,33,42,509,474,293
38,21,59,32,477,531,293
18,20,41,47,508,498,294
119,34,389,128,622,635,294
263,58,787,147,734,735,294
117,49,499,260,718,733,294
62,24,333,168,657,677,294
39,30,90,81,541,573,294
44,20,98,45,507,543,294
236,64,710,319,807,819,294
48,33,153,106,605,628,294
46,26,144,54,549,546,294
29,21,75,44,485,452,294
59,31,175,75,577,571,294
62,34,162,85,562,548,294
45,27,124,46,499,517,294
49,21,185,57,566,534,294
24,20,47,33,470,541,295
93,46,428,247,702,727,295
36,23,48,33,510,517,295
35,20,88,56,577,583,295
45,22,127,62,480,486,295
25,23,56,43,474,441,295
24,25,47,59,507,528,295
85,40,170,73,602,601,295
39,21,109,41,498,513,295
16,22,40,50,506,476,295
42,29,70,57,556,540,296
41,26,82,41,527,519,296
54,24,155,60,576,560,296
27,23,45,50,519,527,296
57,27,194,73,548,566,296
107,40,385,142,655,649,296
88,30,245,92,620,620,296
135,39,435,126,649,653,296
52,32,142,65,510,470,297
36,22,89,66,565,560,297
105,41,395,138,583,609,297
49,25,114,48,545,553,297
95,36,295,102,590,605,297
60,26,149,73,544,569,297
40,22,115,67,506,555,297
47,20,180,64,561,559,297
190,34,516,85,683,692,297
33,22,94,60,552,556,297
37,24,80,45,514,540,298
52,30,126,60,544,588,298
21,26,13,26,466,483,298
82,25,237,83,596,586,298
66,32,235,85,585,587,298
66,26,285,107,546,544,298
38,27,74,52,549,575,298
146,42,485,191,719,722,298
65,32,154,64,518,552,298
98,39,232,75,608,598,298
66,28,138,59,564,567,298
353,83,813,247,768,779,298
78,27,250,95,578,558,298
261,90,624,298,779,782,298
43,31,123,90,607,615,298
237,54,672,169,698,697,298
49,35,145,81,498,503,298
75,33,274,108,575,588,298
125,45,298,92,635,630,298
47,20,96,39,497,472,298
83,25,233,67,560,564,298
28,21,75,44,542,513,298
38,23,107,70,561,600,299
29,23,40,26,428,390,299
198,70,606,232,778,788,299
35,21,81,39,507,503,299
52,26,138,57,578,597,299
32,22,84,51,538,499,299
40,23,154,97,604,638,299
134,39,429,117,636,640,299
89,28,214,59,584,592,299
69,33,188,77,586,602,299
41,23,148,63,546,545,299
68,25,185,66,538,569,299
64,25,221,63,541,568,300
62,29,176,81,553,543,300
42,29,121,79,544,552,300
85,31,243,131,637,659,300
40,21,104,43,503,473,300
89,37,249,93,583,592,300
44,24,119,63,511,524,300
28,21,96,54,513,488,300
36,21,79,37,530,528,300
32,22,41,31,516,497,300
63,24,262,94,583,614,300
120,49,426,128,640,647,300
99,38,252,91,603,618,300
76,34,232,69,540,555,300
14,21,50,67,510,451,300
60,23,173,98,621,617,300
58,30,159,56,517,557,301
169,66,409,175,653,664,301
63,25,173,71,557,533,301
18,20,14,30,481,515,301
42,21,115,46,504,486,301
76,31,179,45,537,543,301
58,26,139,65,530,525,301
25,24,30,38,500,469,301
27,20,43,28,540,486,301
34,20,98,50,478,522,301
32,23,77,64,479,509,301
45,22,226,99,585,566,301
80,26,234,70,592,607,301
335,85,791,260,726,730,301
31,23,55,29,472,462,301
70,32,164,81,613,635,301
30,20,89,66,508,537,301
22,25,60,61,530,538,302
24,22,17,25,388,406,302
30,20,85,44,477,456,302
39,33,144,108,586,596,302
33,23,59,35,502,509,302
37,32,159,152,612,643,302
17,22,21,34,450,390,302
82,27,278,84,574,590,302
43,24,134,49,519,532,302
27,20,33,26,509,510,302
63,49,168,118,631,629,302
70,31,180,85,587,594,302
33,29,123,121,567,612,302
25,20,87,54,526,515,302
25,21,19,29,446,492,303
59,31,150,68,556,558,303
75,27,173,63,541,515,303
40,21,101,40,493,503,303
23,23,92,69,490,454,303
45,28,109,68,525,533,303
282,86,673,326,828,837,303
25,23,82,83,561,578,303
39,23,85,40,535,558,303
44,28,145,73,521,535,303
90,37,270,95,617,628,303
53,25,157,49,529,513,303
31,22,83,48,515,518,303
16,20,31,22,454,429,303
72,26,174,68,586,577,303
25,21,39,38,444,472,303
33,27,51,42,520,540,303
44,22,167,84,560,565,303
27,24,45,39,509,469,303
76,32,201,76,514,522,303
57,22,129,40,533,518,303
27,21,54,18,494,492,304
39,21,169,70,487,500,304
38,23,107,62,488,500,304
54,30,148,74,612,601,304
40,25,53,27,529,530,304
26,21,70,47,536,525,304
115,29,355,73,603,598,304
77,26,223,58,578,579,304
40,22,74,34,496,494,304
46,22,99,46,475,508,304
50,27,120,67,577,591,304
32,21,41,26,498,493,304
36,26,73,40,517,531,304
22,23,42,45,477,459,305
25,21,50,29,462,499,305
30,24,87,62,537,530,305
23,23,46,36,466,403,305
49,21,122,49,540,535,305
54,38,136,104,586,605,305
58,31,404,265,702,712,305
100,41,286,120,652,661,305
29,20,59,37,513,514,305
262,53,870,177,703,707,305
42,20,185,90,509,534,305
51,22,138,57,555,566,305
51,22,117,48,551,563,305
25,23,100,63,508,500,305
55,21,191,80,566,570,305
39,20,107,61,500,512,305
47,26,127,76,603,614,305
56,41,152,97,502,499,305
73,21,236,67,560,550,306
46,22,95,42,510,521,306
47,24,180,89,557,579,306
74,26,137,53,580,602,306
44,22,141,62,563,565,306
94,27,322,103,569,599,306
200,53,512,133,661,668,306
47,22,70,45,564,537,306
59,22,221,68,561,562,306
59,28,161,57,514,529,306
47,26,141,53,560,559,306
20,23,31,35,322,412,306
79,37,268,137,597,590,306
96,28,560,243,733,761,306
63,24,181,47,502,524,306
22,21,38,47,508,64,307
120,54,404,169,663,684,307
21,22,54,38,490,462,307
30,31,81,93,578,604,307
265,64,677,111,697,689,307
165,47,641,252,717,742,307
108,40,373,164,646,648,307
51,23,139,67,545,533,307
53,34,144,96,619,620,307
19,20,31,29,505,427,307
33,24,92,64,541,545,307
57,20,168,53,531,530,307
74,22,271,88,526,538,307
36,26,44,24,517,529,307
64,20,171,47,557,554,307
66,29,218,98,594,595,307
25,21,58,53,551,528,308
39,27,110,59,506,521,308
63,25,234,124,630,659,308
44,26,124,78,527,538,308
37,21,88,40,491,538,308
65,26,186,65,583,560,308
207,56,737,274,775,785,308
151,27,440,90,663,671,308
28,23,32,30,505,485,308
104,33,397,126,606,614,308
50,28,83,42,520,522,308
68,29,202,70,575,577,309
46,32,139,86,553,572,309
207,62,585,173,674,674,309
65,33,152,60,547,546,309
21,20,52,27,458,489,309
40,23,144,96,565,606,309
55,27,174,57,552,556,309
26,21,55,47,431,370,309
59,35,398,228,706,711,309
48,24,126,53,589,556,309
32,26,63,53,520,520,309
60,31,169,73,538,549,309
233,58,614,128,669,673,309
100,28,371,84,614,618,309
86,25,232,51,591,564,310
37,30,108,62,578,597,310
72,32,200,87,559,544,310
45,20,150,61,514,525,310
55,22,184,68,533,533,310
35,20,82,43,564,522,310
57,23,159,55,493,492,311
49,27,137,50,577,556,311
24,21,21,26,467,501,311
35,20,92,44,482,490,311
60,25,248,107,555,572,311
81,38,217,90,581,578,311
52,23,152,63,538,504,311
42,24,70,34,514,502,311
91,33,583,237,750,764,311
39,21,103,35,476,437,311
29,22,42,26,440,445,311
43,20,121,50,521,545,312
35,24,86,62,501,481,312
98,38,270,93,596,590,312
253,77,675,262,805,815,312
41,22,147,60,529,530,312
36,21,116,61,500,526,312
21,21,68,52,508,516,312
39,25,122,87,592,571,312
36,24,146,96,552,567,313
23,26,49,53,498,432,313
39,23,138,59,407,472,313
142,50,358,100,626,622,313
34,20,79,42,537,476,313
77,25,195,66,622,615,313
70,31,329,168,645,680,313
112,24,278,54,592,612,313
81,30,276,80,585,584,313
170,58,606,180,677,682,313
28,24,49,36,512,529,313
61,32,94,45,585,593,313
52,47,133,112,578,608,313
37,24,98,99,583,585,313
42,21,61,37,515,486,313
139,69,497,270,733,741,314
183,62,563,155,697,686,314
206,54,568,142,665,670,314
36,21,121,41,441,474,314
19,20,22,21,451,455,314
38,22,92,55,566,552,314
100,42,271,98,606,594,314
111,52,284,129,621,621,314
49,21,151,65,540,538,314
39,22,68,50,495,472,314
22,24,38,44,487,489,314
44,23,84,47,576,595,314
189,44,604,136,671,680,314
176,53,578,204,729,746,314
105,37,305,110,620,620,314
40,22,115,70,504,544,314
78,33,333,155,699,710,314
84,24,239,55,586,592,314
65,26,165,60,570,562,315
64,21,144,47,539,579,315
108,44,415,198,674,701,315
89,33,253,86,605,600,315
66,33,285,122,551,555,315
58,24,217,86,537,555,315
138,57,358,135,665,662,315
78,31,177,63,574,588,315
25,28,33,44,482,495,315
36,24,76,68,542,556,315
25,20,58,43,548,519,316
44,22,154,62,517,521,316
28,23,52,35,489,476,316
30,22,56,42,471,484,316
78,35,227,88,560,581,316
39,20,106,47,525,474,316
35,24,46,40,512,486,316
27,21,81,61,528,478,316
57,30,158,74,540,551,317
47,23,118,40,583,546,317
42,20,100,57,549,532,317
24,23,29,47,498,490,317
65,26,198,69,536,532,317
24,20,60,60,553,554,317
36,20,98,46,538,537,317
35,22,84,70,523,532,318
47,21,114,43,507,549,318
20,20,41,34,508,470,318
26,20,68,40,475,491,318
31,21,45,29,506,468,318
54,22,168,56,566,548,318
25,23,24,27,440,445,318
226,59,718,241,723,726,318
34,24,69,31,482,483,318
36,20,83,36,524,535,318
30,21,43,21,516,490,318
21,20,16,19,390,415,318
60,35,201,105,530,552,319
65,26,199,66,571,582,319
66,34,157,88,556,574,319
69,23,162,62,589,564,319
132,33,408,88,602,616,319
34,20,83,43,554,550,319
73,35,243,89,576,576,319
37,25,31,28,495,444,319
39,24,140,75,559,550,319
28,20,62,58,512,515,319
27,20,27,22,463,446,320
74,29,165,63,586,567,320
210,78,736,328,829,824,320
76,33,251,127,565,567,320
52,20,140,49,518,555,320
165,55,505,179,685,698,320
63,22,161,37,510,526,320
49,33,162,108,589,627,320
81,31,226,100,581,615,320
43,22,99,54,551,576,320
33,26,81,62,506,506,320
69,36,258,176,664,664,320
31,22,48,32,502,496,321
21,21,45,37,479,436,321
22,21,15,29,498,471,321
44,24,123,46,531,539,321
67,31,199,74,552,527,321
53,21,215,83,582,600,321
58,36,154,81,548,596,321
67,33,145,73,560,585,322
83,38,276,109,616,611,322
52,25,144,64,532,555,322
38,20,127,59,543,549,322
75,32,233,59,570,583,322
73,30,189,56,561,569,322
75,27,299,97,618,631,322
32,22,87,45,543,573,322
73,26,241,79,609,603,322
47,25,153,55,515,546,322
75,30,197,59,578,587,322
58,21,195,73,558,584,322
83,32,219,68,584,580,322
71,30,200,80,590,570,322
23,20,20,21,486,493,322
58,32,206,110,561,587,322
29,21,79,61,551,545,322
72,25,194,70,563,556,323
99,32,305,93,603,607,323
58,24,205,87,546,580,323
90,34,308,104,583,587,323
58,23,186,65,514,547,323
40,22,88,33,518,526,323
29,23,75,52,519,493,323
36,32,91,66,575,559,323
80,32,234,104,600,597,323
73,25,262,69,560,552,323
37,25,119,92,619,611,323
57,34,195,85,580,583,323
56,26,179,62,562,569,324
52,25,199,83,553,571,324
54,36,143,107,608,627,324
21,22,45,30,489,477,324
37,23,34,13,477,485,324
38,26,84,38,501,508,324
45,20,113,43,587,567,324
67,25,196,75,593,594,324
73,30,201,66,578,602,324
125,64,365,187,650,669,324
37,25,134,124,629,625,324
38,24,85,48,522,542,325
35,25,85,52,459,470,325
40,21,161,66,545,506,325
44,29,148,96,606,590,325
116,35,305,83,584,592,325
81,33,292,99,586,578,325
32,23,87,54,531,513,325
21,20,42,28,469,466,325
35,21,78,38,536,500,325
105,31,368,120,629,644,326
33,25,37,36,488,453,326
26,20,64,45,511,539,326
45,27,195,125,612,650,326
45,26,95,52,554,570,326
38,24,114,64,535,481,326
66,32,202,107,643,663,326
149,71,495,227,671,667,326
57,20,175,52,558,539,326
149,40,491,115,647,650,326
31,20,84,58,469,510,326
38,24,112,54,548,528,326
155,47,464,138,662,648,326
91,32,254,79,570,570,326
38,31,45,32,483,516,326
31,21,55,34,470,488,326
58,32,154,81,546,566,326
107,45,309,107,627,614,327
43,20,122,52,447,493,327
54,22,212,76,571,563,327
62,24,187,59,594,579,327
47,22,104,49,545,538,327
38,24,136,100,594,593,327
22,21,54,52,499,525,327
67,27,222,63,581,584,327
51,24,167,66,527,550,327
81,30,247,91,600,593,327
81,41,248,152,669,675,327
72,28,266,99,601,590,327
29,22,98,65,551,515,328
84,43,279,189,674,680,328
46,26,110,51,516,521,328
108,43,267,91,577,589,328
40,21,61,38,501,507,328
150,53,469,176,630,638,328
394,79,843,156,758,759,328
111,44,383,145,641,649,328
41,23,92,41,513,534,328
262,43,635,111,693,693,328
80,40,261,170,661,663,328
23,21,37,30,496,463,328
171,42,637,174,671,688,328
20,20,67,47,501,511,328
52,21,98,45,521,518,328
42,26,188,138,587,622,328
34,25,106,79,561,569,329
26,24,25,24,476,474,329
38,26,189,130,617,644,329
35,22,93,40,505,510,329
31,22,29,21,509,506,329
41,21,142,56,510,545,329
26,20,26,18,488,461,329
40,20,113,55,515,547,329
49,23,132,39,527,514,329
82,29,232,88,608,577,330
27,23,40,29,510,480,330
22,20,32,30,446,407,330
144,35,364,80,592,608,330
57,24,151,52,524,548,330
96,46,287,139,605,349,330
62,28,186,106,549,535,330
42,24,105,61,521,538,330
86,35,314,103,563,558,330
32,21,47,21,514,476,330
177,38,548,108,655,662,331
172,41,515,114,667,660,331
185,49,496,89,658,653,331
94,27,237,60,591,588,331
80,33,224,100,623,632,331
64,30,246,136,628,658,331
60,24,139,69,520,526,331
58,21,162,55,544,542,331
33,23,155,92,517,505,331
27,20,81,65,527,567,331
71,30,241,107,615,603,331
57,23,177,72,553,560,331
92,39,258,119,590,562,331
135,37,401,82,635,639,331
55,39,236,165,657,672,331
31,22,43,26,468,507,331
84,26,303,84,624,632,331
62,35,152,71,571,576,331
33,21,86,38,485,487,331
32,20,62,31,519,491,331
131,53,444,157,607,618,331
79,33,235,111,655,666,331
20,20,47,34,460,468,331
29,21,54,36,488,496,332
37,27,85,54,571,549,332
75,33,199,88,565,570,332
63,27,95,33,562,550,332
39,20,80,39,531,491,332
53,27,98,43,496,464,332
33,28,59,42,530,465,332
19,20,56,40,492,502,332
46,22,124,49,510,504,333
45,22,107,49,522,478,333
49,30,157,84,525,503,333
23,26,18,31,527,452,333
50,25,114,52,547,527,333
107,39,243,80,589,569,333
50,23,122,50,575,546,333
53,21,181,62,584,571,333
66,26,225,83,582,587,333
64,41,203,156,644,664,333
42,27,137,94,598,647,333
139,45,482,132,658,641,333
35,22,66,31,500,518,334
29,20,79,42,524,530,334
40,21,196,88,556,541,334
64,22,134,52,512,524,334
114,33,345,85,592,591,334
36,21,103,69,495,465,334
23,20,67,54,531,491,334
50,21,151,65,539,548,334
133,31,395,93,652,661,334
72,26,241,81,573,570,334
35,26,89,60,551,532,334
78,36,270,106,647,646,334
43,27,134,53,530,526,334
70,30,221,90,585,568,335
196,61,655,200,691,696,335
238,44,790,151,743,758,335
42,22,76,37,525,505,335
41,24,92,68,581,564,335
31,21,76,56,534,582,335
24,27,20,22,489,529,335
67,22,208,76,594,578,335
29,26,62,50,525,514,335
79,35,297,118,620,634,335
28,20,45,20,491,451,335
41,28,83,45,499,485,336
55,23,207,63,551,570,336
43,24,97,56,527,535,336
35,20,83,48,559,560,336
132,67,381,188,666,663,336
44,23,110,54,510,494,336
37,21,99,49,509,490,337
78,41,222,125,658,661,337
137,27,365,66,614,615,337
71,29,193,60,561,564,337
30,21,58,40,496,523,337
24,20,27,20,468,387,338
34,24,199,141,602,613,338
25,22,29,24,428,423,338
51,28,131,62,590,601,338
155,41,566,222,736,735,338
109,35,336,100,620,629,338
63,29,129,58,563,574,338
42,35,149,112,605,622,338
30,23,65,47,544,503,338
153,55,518,228,735,737,338
124,44,402,148,627,622,338
128,47,359,139,637,634,338
21,26,15,22,466,461,338
39,20,141,48,532,400,338
40,22,91,48,507,527,338
60,27,175,68,523,507,338
93,54,284,159,670,678,338
21,21,24,26,415,441,339
37,23,91,55,548,565,339
64,25,184,93,626,623,339
60,35,144,70,491,479,339
95,43,236,104,656,661,339
45,20,120,45,489,497,339
60,29,136,76,592,605,339
41,25,82,34,530,500,339
35,27,49,34,544,506,339
42,24,99,53,535,491,339
33,21,41,27,480,490,339
35,22,74,36,498,514,340
87,32,271,125,657,669,340
71,28,265,105,589,586,340
35,24,107,75,472,446,340
80,32,301,157,652,647,340
73,29,254,89,580,563,340
44,20,187,92,643,630,340
53,25,180,70,598,613,340
23,22,35,47,523,484,340
29,24,64,61,494,576,340
68,32,143,64,568,530,340
44,22,145,65,540,541,340
25,22,81,58,552,533,341
317,77,740,289,766,768,341
36,26,129,59,494,463,341
104,34,330,109,614,622,341
99,40,269,125,589,590,341
45,21,112,35,534,528,341
39,24,118,55,492,506,341
23,21,78,59,456,488,341
46,26,100,53,505,505,341
37,22,148,63,535,531,341
61,34,230,138,644,638,341
57,23,154,57,551,539,341
50,26,113,51,518,491,341
25,22,40,30,461,481,341
39,24,124,88,568,531,341
32,20,39,31,510,503,341
94,34,241,68,579,590,342
84,43,233,125,554,535,342
18,20,32,33,464,424,342
28,25,21,18,485,498,342
44,21,102,38,498,519,342
24,23,67,54,406,446,342
28,22,69,56,540,530,342
71,28,135,53,565,568,342
25,20,54,31,452,499,342
53,23,150,63,552,555,342
88,43,226,108,585,576,342
19,21,40,48,502,552,342
67,34,234,113,599,595,343
42,21,105,38,537,566,343
93,33,253,75,613,597,343
28,20,43,18,492,496,343
20,20,44,38,513,506,343
111,44,395,157,669,684,343
29,20,50,27,501,492,343
28,21,89,63,560,557,343
37,20,74,30,498,490,343
95,31,287,70,561,572,343
32,26,67,42,489,471,344
44,21,165,79,540,486,344
67,27,213,80,567,558,344
23,21,25,17,462,413,344
41,21,155,84,486,524,344
25,20,60,44,508,511,344
72,28,182,58,655,667,344
76,32,252,99,568,602,344
31,20,128,78,500,485,344
37,25,91,36,509,523,344
67,23,207,74,603,602,344
32,28,37,36,455,350,344
84,23,241,73,556,562,344
31,31,48,34,481,521,344
89,29,287,71,604,588,345
39,20,162,91,585,576,345
37,23,128,76,552,529,345
51,35,173,136,640,640,345
34,22,152,97,588,609,345
28,26,51,43,521,551,345
58,27,119,66,577,587,345
52,21,104,45,545,543,345
51,22,172,77,547,543,345
78,39,235,104,591,572,345
55,24,182,68,573,576,345
22,23,15,35,440,490,346
109,42,341,142,683,682,346
67,44,191,139,647,666,346
63,24,186,57,574,534,346
178,53,449,107,665,663,346
34,21,72,44,504,466,346
42,24,168,57,545,563,346
55,21,149,58,561,560,346
50,20,118,51,535,537,346
68,31,205,81,587,568,347
131,52,437,169,637,640,347
56,29,195,84,555,551,347
55,23,106,45,536,530,347
199,42,608,129,680,690,347
195,51,653,283,782,790,347
181,38,522,147,655,658,347
45,22,159,77,535,553,347
21,20,66,72,546,512,347
185,73,535,186,683,671,347
41,20,113,52,560,575,347
26,22,104,70,524,499,347
27,27,46,42,344,0,347
141,40,532,212,731,739,347
73,24,196,54,569,563,347
46,21,95,37,520,532,347
37,20,98,38,459,374,347
69,33,134,46,576,564,348
46,22,125,41,481,500,348
31,23,113,85,567,567,348
150,46,422,132,646,656,348
38,27,138,101,582,591,348
99,44,383,182,643,625,348
85,35,208,64,584,616,348
350,52,949,168,745,751,348
28,21,109,45,469,508,348
111,44,402,130,608,620,348
187,52,583,164,655,659,348
72,32,211,89,641,659,348
59,31,145,61,555,578,348
143,50,387,145,647,641,348
95,47,220,78,583,585,348
63,39,241,169,655,674,348
79,48,241,149,636,666,348
88,22,290,57,589,621,348
59,28,173,73,515,527,348
122,45,404,117,628,621,348
52,32,148,65,533,539,349
82,31,185,68,568,577,349
56,29,172,96,630,637,349
28,22,57,37,501,496,349
45,23,106,49,529,535,349
22,25,14,33,498,530,349
50,28,143,80,593,582,349
33,20,56,40,517,492,349
29,26,95,75,544,547,349
110,33,328,93,593,608,349
88,44,222,103,621,624,349
50,24,179,53,544,571,349
57,21,143,50,554,550,349
43,34,99,58,587,581,349
46,33,90,60,583,568,349
43,28,104,58,527,572,350
105,49,291,126,619,611,350
31,22,70,44,486,538,350
27,21,100,68,497,507,350
70,23,221,63,553,522,350
67,26,199,81,543,559,350
31,20,82,44,507,505,350
121,27,337,81,615,628,350
33,24,77,50,493,516,351
90,37,322,100,566,571,351
41,21,118,52,539,508,351
133,54,432,164,651,658,351
52,22,200,68,541,549,351
42,24,179,87,547,578,351
42,23,99,36,536,516,351
78,42,227,108,601,604,351
50,21,145,51,522,500,351
39,20,68,40,563,528,351
32,24,62,43,542,550,351
54,22,138,45,530,513,352
30,23,53,35,505,474,352
25,20,36,30,497,492,352
42,22,83,44,559,521,352
29,23,100,98,573,552,352
82,22,253,64,598,612,352
54,29,205,131,633,633,352
51,26,211,95,533,545,352
82,21,221,56,570,575,352
50,33,112,50,572,569,352
75,33,212,85,581,575,352
37,23,100,54,494,486,353
40,31,110,90,548,593,353
62,23,161,62,600,609,353
82,30,244,90,616,598,353
35,24,133,113,565,591,353
50,32,127,78,566,585,353
54,25,114,41,530,534,353
54,24,193,75,562,552,353
44,24,129,72,583,591,353
44,20,102,52,571,629,353
22,24,37,39,457,492,354
45,24,90,33,436,440,354
70,35,223,88,545,548,354
129,54,322,133,647,654,354
32,21,147,89,596,598,354
41,21,77,32,519,503,354
56,29,133,74,539,567,354
23,20,70,51,405,455,354
100,35,326,95,621,610,354
59,24,189,66,537,560,354
69,24,179,55,568,575,354
152,36,473,116,650,655,355
36,20,117,51,467,503,355
84,33,285,115,617,608,355
50,28,140,70,502,527,355
37,20,95,49,506,532,355
32,20,80,52,520,517,355
29,20,95,72,548,551,355
21,22,19,31,430,453,355
63,34,170,91,583,545,355
57,29,202,101,551,553,356
43,20,130,50,502,467,356
139,55,411,168,691,703,356
32,23,92,47,463,502,356
33,24,86,56,540,500,356
156,50,464,180,644,652,356
72,30,166,71,563,549,356
41,25,194,109,513,553,356
52,27,182,77,562,551,357
37,20,79,41,526,564,357
69,25,238,74,564,549,357
62,26,134,59,571,570,357
39,26,119,60,468,511,357
37,27,170,101,529,513,357
89,28,236,64,575,544,357
36,21,83,50,499,444,357
59,36,104,50,551,526,357
38,30,95,64,538,535,357
67,26,167,78,553,539,357
65,22,146,39,551,546,358
125,50,467,205,682,677,358
43,27,127,66,585,563,358
86,38,388,172,704,694,358
94,26,241,72,573,596,358
41,22,62,36,537,548,358
29,24,74,50,550,531,358
42,20,109,61,479,516,358
41,23,95,51,484,512,358
90,34,357,121,651,670,358
48,22,144,63,512,511,358
42,21,107,41,561,536,359
34,21,104,52,506,525,359
35,20,103,41,524,506,359
166,74,458,159,661,663,359
105,36,307,102,632,639,359
161,44,642,182,699,703,359
105,28,270,66,590,599,359
93,23,351,96,572,582,359
38,23,147,90,575,592,359
39,20,57,33,501,486,359
35,25,134,105,590,610,360
47,27,154,78,579,606,360
62,35,197,95,543,559,360
111,50,312,113,613,629,360
49,24,141,81,613,592,360
79,24,241,88,581,603,360
42,25,121,68,569,557,360
84,44,262,113,603,604,360
82,34,162,48,547,533,360
23,22,36,36,502,520,360
67,29,157,64,579,564,360
334,52,945,160,724,731,360
142,51,638,264,767,779,360
46,26,93,50,530,537,360
60,24,135,49,536,522,360
45,26,129,51,579,570,361
85,27,275,102,580,594,361
23,23,91,82,526,566,361
84,38,223,101,599,586,361
52,23,145,53,604,613,361
92,38,256,95,555,559,361
54,25,157,55,564,553,361
42,22,144,91,543,582,361
190,38,651,184,690,697,361
57,27,155,70,536,546,361
67,27,173,68,534,558,361
36,22,94,47,516,495,361
73,34,225,100,558,559,361
103,31,246,67,597,626,361
40,20,111,57,520,541,361
46,32,162,110,618,618,362
30,22,76,43,527,519,362
32,22,103,61,320,351,362
57,27,134,54,495,523,362
29,20,68,36,549,477,362
82,38,336,152,648,630,362
79,35,277,122,617,618,362
45,27,140,75,482,493,362
23,20,38,23,452,458,362
45,20,123,47,531,564,362
99,39,254,84,566,566,362
48,21,128,52,544,526,362
31,24,73,56,532,542,362
75,42,231,137,558,546,362
50,26,163,113,624,615,363
175,58,656,304,770,783,363
149,59,429,172,665,666,363
49,27,99,56,535,518,363
21,21,18,20,432,476,363
106,56,294,128,669,684,363
75,26,204,73,568,581,363
32,20,125,90,594,607,363
54,21,142,63,555,545,363
70,33,211,95,587,585,364
34,24,71,45,479,546,364
33,22,57,38,524,534,364
36,30,81,58,497,492,364
37,24,101,47,535,538,364
41,21,94,34,540,526,364
155,65,468,154,682,684,364
39,25,93,63,564,589,364
33,26,165,107,619,636,364
25,20,48,43,504,547,364
79,32,289,102,597,607,364
41,21,197,119,626,622,365
150,32,429,83,630,636,365
58,30,194,79,575,566,365
37,20,155,71,511,520,365
122,41,405,145,620,625,365
39,20,136,65,563,583,365
108,56,342,149,650,655,365
49,24,147,75,556,555,365
97,42,278,119,646,653,365
68,23,206,63,590,585,365
53,21,181,62,559,568,365
48,25,83,39,540,551,365
38,21,105,56,515,507,365
47,21,170,65,501,486,366
48,30,79,52,465,484,366
26,24,56,51,546,505,366
32,26,56,32,542,546,366
121,55,353,140,626,632,366
53,27,171,91,557,564,366
46,21,130,61,566,584,366
25,23,58,43,532,527,366
91,42,235,113,626,621,367
45,27,168,84,556,568,367
27,23,52,32,471,483,367
41,24,91,32,519,525,367
26,21,28,31,410,349,367
191,55,496,113,655,663,367
39,28,94,56,524,528,367
70,29,168,68,576,573,367
44,26,158,109,601,605,368
51,23,129,48,504,528,368
46,24,87,43,549,572,368
20,23,37,47,474,495,368
160,37,534,126,646,649,368
44,22,94,53,523,496,368
96,33,265,73,585,604,368
81,26,236,72,606,596,368
216,77,621,218,777,791,368
99,41,287,85,582,598,368
127,38,342,81,614,631,368
88,32,257,80,571,603,368
55,27,218,133,593,620,368
45,27,137,75,551,562,368
236,51,721,137,705,708,369
135,54,373,148,630,631,369
39,23,89,47,496,535,369
46,28,111,57,579,582,369
54,22,165,73,569,587,369
379,87,841,272,786,798,369
23,22,68,51,494,476,369
67,32,160,67,535,514,369
22,22,70,45,501,490,369
35,20,79,56,455,517,369
66,29,195,73,565,582,369
86,23,282,97,618,607,369
47,27,118,57,572,564,369
56,23,128,53,584,584,370
64,32,237,147,621,639,370
27,24,54,69,514,482,370
43,22,93,37,520,546,370
39,26,63,49,564,521,370
57,26,250,117,526,567,370
28,20,66,31,516,474,371
45,21,127,53,518,505,371
64,38,181,109,604,627,371
30,22,66,39,527,486,371
114,35,341,122,623,614,371
22,20,51,44,472,499,371
43,22,129,71,513,514,371
45,29,108,53,467,455,371
37,26,113,87,560,581,371
35,20,114,53,539,522,371
52,20,138,47,558,562,371
57,25,148,57,591,576,371
52,26,283,140,618,613,372
125,38,331,101,616,619,372
103,40,278,109,589,583,372
354,54,931,113,714,714,372
84,25,226,64,566,566,372
46,24,141,71,547,530,372
91,28,348,98,593,598,372
53,23,103,52,565,604,372
81,39,206,87,571,583,372
31,20,54,25,499,520,372
21,20,61,56,531,533,372
88,32,563,256,731,755,372
67,27,201,89,652,648,372
38,21,57,28,525,546,373
99,26,303,59,620,619,373
249,40,657,105,688,677,373
48,23,121,53,547,532,373
40,28,131,82,556,573,373
72,26,208,75,562,581,373
81,33,283,97,620,629,373
67,29,263,113,580,577,373
102,33,252,78,560,548,373
25,21,50,30,511,507,373
33,20,78,52,555,587,374
28,22,23,28,480,414,374
44,22,108,59,543,543,374
42,23,82,28,557,561,374
373,78,882,182,730,723,374
181,54,487,106,635,643,374
70,28,242,80,565,583,374
113,41,341,118,620,610,374
47,23,118,53,550,521,374
56,34,152,94,593,584,374
32,24,58,44,536,503,374
59,23,208,73,576,568,374
71,36,259,146,666,673,374
38,27,99,71,580,611,374
64,27,161,52,511,511,375
20,20,46,35,534,539,375
193,62,471,150,662,668,375
76,30,265,111,619,640,375
77,28,240,67,573,569,375
108,32,348,116,586,562,375
88,28,281,91,604,603,375
68,25,135,37,570,568,375
265,72,726,171,763,772,375
83,37,250,105,633,640,375
145,43,358,96,628,633,375
81,27,187,66,583,569,375
47,23,153,63,537,555,375
52,20,120,41,559,539,375
55,27,166,80,585,584,376
36,30,110,61,570,578,376
37,24,89,54,531,536,376
21,25,21,35,481,417,376
61,33,155,54,481,469,376
35,23,170,84,521,532,376
27,23,106,79,457,433,376
23,20,58,45,517,519,376
57,31,159,76,535,517,376
79,30,234,83,579,574,376
28,20,71,45,504,499,376
43,20,162,65,491,526,376
38,21,101,60,562,559,377
56,27,154,61,573,589,377
26,22,62,46,527,446,377
52,32,124,67,542,518,377
59,21,196,55,554,524,377
57,23,154,53,534,581,377
43,22,87,37,499,541,377
36,23,111,51,545,524,377
23,20,47,34,460,454,377
74,27,323,123,618,613,377
53,31,258,176,661,687,377
120,46,372,125,627,636,377
146,53,565,245,701,716,377
97,27,300,63,603,593,377
49,20,124,57,530,534,377
36,21,70,36,567,510,377
29,24,70,53,548,545,377
297,46,931,115,718,722,377
72,26,208,65,566,573,377
43,24,129,69,531,514,377
44,29,164,116,625,631,377
40,30,94,71,561,562,377
189,76,605,228,733,744,378
14,22,13,32,423,390,378
90,37,556,272,743,747,378
88,27,276,80,608,611,378
73,31,218,73,595,567,378
62,25,221,105,626,631,378
30,21,61,38,543,515,378
59,21,122,44,580,593,378
41,21,87,41,497,492,378
29,26,82,59,541,542,379
94,39,226,78,593,606,379
58,22,175,57,582,588,379
123,47,344,117,627,627,379
18,22,34,45,139,490,379
85,45,179,105,589,569,379
51,22,150,55,556,566,379
47,22,148,49,541,477,379
40,20,146,59,541,543,379
105,32,274,76,625,618,380
53,30,102,49,542,536,380
181,61,631,287,774,789,380
37,25,69,47,568,556,380
143,66,359,181,706,711,380
88,42,301,155,633,641,380
28,20,40,24,488,507,380
96,51,316,133,609,612,380
32,20,73,42,510,488,380
82,45,333,218,683,694,380
277,66,823,167,728,736,380
69,33,196,74,512,534,380
44,22,141,79,595,606,380
21,25,39,39,444,417,380
71,25,240,96,581,585,380
47,24,125,57,537,560,380
22,20,56,41,491,519,380
162,45,626,285,753,761,380
62,28,241,87,567,579,380
45,21,158,55,550,557,380
32,25,58,35,539,514,381
30,21,107,66,494,504,381
36,21,105,38,517,524,381
71,26,173,59,562,563,381
83,29,268,93,616,620,381
65,30,299,123,608,606,381
33,21,114,68,506,490,381
44,21,102,60,505,494,381
31,22,85,69,505,504,381
38,23,136,69,434,445,381
92,35,248,89,584,594,381
31,20,111,43,462,520,382
122,44,449,185,676,663,382
25,25,28,34,497,454,382
49,24,91,42,532,556,382
88,34,210,72,573,584,382
40,20,137,53,512,533,382
35,23,89,61,528,524,382
63,26,190,83,553,572,382
43,21,161,72,498,522,383
60,23,155,90,597,563,383
92,28,318,77,592,591,383
241,72,668,229,728,741,383
55,25,94,50,599,560,383
46,24,99,48,531,548,383
55,22,188,54,588,581,383
58,26,192,97,550,553,383
21,20,43,48,438,461,383
48,24,112,46,547,540,383
40,21,119,69,572,584,384
26,21,44,27,453,470,384
69,33,225,89,591,569,384
124,34,421,120,619,622,384
78,33,217,73,579,568,384
45,24,116,48,513,543,384
48,25,136,57,505,526,384
64,27,180,71,613,619,384
74,36,232,123,638,648,384
45,25,154,57,544,563,384
95,33,336,94,596,592,384
50,21,157,58,516,526,384
71,25,149,39,580,580,384
35,21,62,36,570,570,384
38,20,153,75,517,520,384
46,24,94,55,572,577,384
53,32,135,88,556,558,384
38,23,119,37,508,491,384
33,23,47,36,501,492,385
53,23,176,55,533,562,385
36,21,98,36,534,498,385
51,28,172,89,562,547,385
25,20,61,55,502,471,385
49,28,119,46,497,538,385
54,26,148,57,511,498,385
41,20,111,74,608,598,385
29,26,69,61,530,571,385
28,22,53,36,488,455,385
31,23,101,51,501,549,386
46,40,155,117,612,613,386
69,42,376,254,683,708,386
111,52,333,140,613,592,386
52,35,132,102,629,578,386
13,21,22,41,462,409,386
55,31,156,81,522,529,386
92,26,312,84,597,598,386
61,28,160,67,579,586,386
41,25,126,64,545,565,386
39,20,161,57,500,527,387
184,50,474,116,659,659,387
67,23,196,50,555,565,387
51,23,135,63,591,588,387
86,24,187,39,603,592,387
56,28,178,107,549,552,387
32,20,98,52,571,581,387
77,28,242,93,550,533,387
198,62,684,269,729,728,387
63,41,173,81,646,621,387
41,22,138,57,544,532,387
65,31,228,105,538,540,387
87,24,249,69,600,608,387
58,35,134,65,554,546,387
89,44,212,97,572,575,387
127,51,375,148,641,652,387
113,37,425,120,616,609,387
34,25,114,64,526,513,388
30,25,29,35,530,500,388
83,36,225,85,600,587,388
20,21,22,34,514,444,388
172,54,499,138,670,668,388
168,52,461,165,663,650,388
47,26,170,83,555,540,388
59,21,175,78,518,529,388
93,48,351,171,690,684,388
158,48,479,154,649,646,388
158,38,532,115,655,656,388
48,25,123,54,507,502,388
20,22,21,26,391,465,388
63,31,184,117,645,648,388
64,29,222,95,556,571,388
98,36,256,71,560,566,388
123,43,364,108,616,634,388
68,26,161,81,552,556,388
52,25,158,74,552,537,388
38,22,152,90,541,570,389
43,20,83,39,478,411,389
50,24,153,54,523,527,389
45,27,132,68,506,491,389
52,21,118,42,552,537,389
228,75,662,232,701,707,389
60,34,224,134,631,640,389
96,45,312,124,650,642,389
46,25,121,55,508,546,389
34,20,105,60,484,509,389
38,20,77,38,550,528,389
100,30,294,90,593,603,389
31,21,90,36,508,508,389
36,28,51,46,513,518,389
99,39,301,112,627,617,389
66,28,190,93,559,578,389
29,25,87,56,553,568,390
34,20,99,47,516,535,390
35,21,59,34,512,523,390
31,26,28,40,518,504,390
30,26,65,52,497,480,390
31,24,67,43,501,518,390
101,39,309,133,626,611,390
22,20,48,41,500,436,390
167,50,476,164,641,639,390
148,44,441,185,711,727,390
38,24,72,40,483,476,390
40,21,123,56,530,541,390
80,23,277,86,625,618,390
63,28,189,77,548,569,390
111,32,290,94,637,631,390
113,37,341,78,618,619,390
31,24,53,46,496,519,390
36,21,96,84,559,572,391
33,25,56,53,541,558,391
77,39,245,144,663,677,391
30,23,42,37,503,483,391
44,20,97,40,515,537,391
377,64,970,156,728,737,391
33,24,63,37,499,509,391
63,23,167,54,579,580,391
93,32,298,73,570,611,391
29,20,53,31,555,452,391
42,22,138,87,609,612,392
22,24,37,28,460,450,392
43,24,122,66,526,521,392
361,69,912,142,740,739,392
61,38,237,153,644,659,392
31,24,48,38,517,481,393
22,20,29,33,497,425,393
42,29,91,62,533,563,393
48,27,99,44,534,493,393
22,20,72,62,507,517,393
93,37,274,96,591,594,393
332,75,923,167,775,778,393
135,51,431,118,657,657,393
88,27,290,79,594,606,393
115,34,313,93,618,611,393
52,26,177,70,546,588,393
37,22,119,80,583,580,393
45,26,67,37,575,552,393
191,55,536,146,674,675,393
39,20,58,34,550,539,393
37,22,80,31,518,519,394
53,24,139,43,545,566,394
88,51,256,176,660,669,394
63,35,224,104,572,569,394
22,22,85,74,523,513,394
36,26,86,57,538,528,394
131,52,312,154,653,661,394
99,35,218,78,596,588,394
82,32,202,83,565,564,394
66,36,198,114,571,580,394
42,23,146,67,550,548,394
65,27,178,53,566,503,395
33,26,103,76,548,557,395
33,21,53,34,492,556,395
36,23,53,25,520,534,395
34,23,102,65,567,576,395
152,67,564,320,746,751,395
40,25,70,47,500,515,395
37,27,73,42,539,515,395
43,26,87,49,547,518,395
40,26,85,45,477,499,395
41,23,139,82,534,515,395
103,38,558,278,740,759,395
51,26,160,98,568,580,395
26,23,53,44,539,485,396
127,67,301,127,647,624,396
137,51,550,226,692,684,396
84,29,275,84,585,594,396
129,58,455,259,713,727,396
80,25,272,67,601,590,396
26,22,48,39,500,463,396
46,30,111,65,583,599,396
27,20,44,24,510,483,396
54,31,126,58,547,569,396
22,21,29,27,499,487,396
156,43,498,122,648,657,396
93,35,264,91,605,602,396
56,29,141,36,562,555,396
86,53,288,194,678,691,396
41,21,126,46,452,484,396
49,23,197,126,612,614,396
20,22,65,63,494,553,397
24,24,59,62,528,553,397
25,20,73,45,437,452,397
98,42,323,122,631,632,397
47,26,109,78,553,588,397
22,20,62,52,500,559,397
76,26,275,88,590,589,397
63,29,126,49,616,591,397
109,41,362,149,657,655,397
109,35,296,84,637,663,397
30,21,63,48,513,496,397
31,21,107,66,546,576,398
151,51,423,138,638,643,398
30,27,23,33,489,472,398
28,22,87,51,555,570,398
56,26,112,33,574,546,398
61,24,226,81,550,574,398
109,42,383,162,594,599,398
63,33,177,80,547,591,398
75,26,187,54,573,594,398
87,34,207,69,587,614,398
29,20,81,41,499,503,398
31,26,59,59,530,536,398
36,21,205,151,603,628,399
111,37,440,163,691,695,399
164,40,592,163,704,702,399
47,23,72,39,532,530,399
113,34,352,111,592,571,400
46,20,167,60,509,487,400
37,22,63,37,536,540,400
28,22,53,33,480,522,400
161,60,405,124,689,688,400
19,20,20,22,471,439,400
76,28,238,65,556,569,400
52,22,185,73,547,525,400
34,20,49,29,497,513,400
63,35,197,111,612,629,400
24,21,59,40,526,521,400
30,20,77,49,498,473,400
37,22,66,44,540,554,400
30,30,42,54,545,511,401
43,25,125,90,588,586,401
34,24,95,66,532,523,401
52,23,194,86,506,499,401
18,21,16,24,418,445,401
175,69,465,190,692,687,401
21,20,47,42,498,449,402
39,39,86,83,522,491,402
19,21,47,36,479,492,402
30,21,92,56,513,465,402
107,28,276,72,612,608,402
89,43,458,258,656,646,402
70,32,205,84,566,551,402
61,20,147,51,564,534,402
41,20,110,32,493,518,402
21,23,23,34,450,459,402
42,27,91,53,507,488,402
53,26,234,132,624,656,402
64,29,215,86,545,551,402
73,35,265,113,605,604,402
52,23,133,71,520,493,403
47,24,152,77,486,495,403
29,22,32,32,504,471,403
39,25,82,46,526,504,403
57,25,160,90,597,614,403
81,34,248,115,643,650,403
44,20,195,83,564,569,403
38,20,104,48,490,474,403
79,24,249,71,565,562,403
35,23,89,40,545,527,403
53,28,131,59,548,526,403
181,54,439,126,651,654,403
43,26,125,75,513,476,403
75,33,264,94,534,502,403
69,28,227,92,608,590,403
25,22,50,32,525,494,403
119,39,270,83,603,593,403
27,20,35,28,502,463,403
39,22,80,39,481,497,403
96,37,325,137,669,679,403
65,30,167,65,505,539,403
25,22,92,79,577,583,404
51,25,138,53,557,549,404
26,22,73,56,532,518,404
40,24,152,116,595,596,404
33,22,45,32,471,441,404
38,24,65,38,535,536,404
60,42,84,68,606,580,404
58,30,149,79,583,602,404
37,21,46,30,492,464,404
54,31,124,67,618,634,404
36,20,128,90,486,488,404
122,44,566,273,747,764,404
164,50,459,197,708,715,404
35,23,113,44,493,511,404
26,25,58,44,509,515,404
92,31,308,119,609,613,405
37,24,92,38,450,507,405
28,21,51,40,497,517,405
68,28,218,73,605,592,406
29,20,71,32,496,522,406
50,26,141,67,575,570,406
53,26,170,66,528,511,406
39,20,96,41,468,465,406
73,26,269,87,567,565,406
56,20,159,65,568,553,406
41,23,97,38,499,535,406
55,40,157,96,612,603,406
96,33,311,78,617,624,407
90,28,261,92,612,609,407
87,43,322,196,690,697,407
55,22,200,76,574,587,407
76,28,201,63,580,586,407
59,29,198,88,591,619,407
79,30,209,77,599,586,407
64,26,222,98,592,611,407
84,51,282,179,694,707,407
35,23,118,61,503,502,407
34,20,87,45,448,463,407
35,25,76,48,441,393,407
54,32,139,69,574,534,407
50,36,152,113,567,567,407
44,25,168,75,521,544,407
71,25,184,58,569,586,407
56,26,147,53,517,513,407
28,21,31,36,506,508,407
34,20,88,36,492,473,408
28,26,59,45,522,535,408
30,23,87,61,591,536,408
30,28,35,33,514,484,408
33,23,49,33,470,491,408
42,23,70,44,471,493,408
102,41,322,115,589,586,408
59,28,170,81,565,590,408
45,20,146,50,523,522,408
26,21,53,46,489,511,408
25,22,82,49,540,525,409
38,35,93,105,545,561,409
101,28,288,86,588,588,409
62,27,227,76,574,572,409
72,22,286,87,576,572,409
33,25,72,42,453,507,409
38,20,116,58,539,540,409
47,20,208,73,464,481,409
216,54,740,154,708,715,409
48,23,132,58,487,486,409
99,41,326,119,608,620,409
33,21,53,26,523,538,409
25,21,36,30,501,490,409
20,21,38,28,457,436,410
232,54,700,155,695,695,410
38,30,148,95,515,529,410
39,25,106,61,554,560,410
81,33,238,113,602,598,410
41,24,144,90,601,616,410
35,21,94,68,514,560,410
26,21,111,81,547,570,411
60,25,177,52,535,539,411
82,29,224,63,584,567,411
56,28,102,55,521,524,411
75,26,223,91,580,578,411
55,33,164,112,633,636,411
25,22,119,113,568,593,411
118,44,334,116,634,622,411
37,23,139,73,506,503,411
53,25,147,48,533,523,411
311,84,914,298,852,864,411
52,22,131,55,502,519,411
61,28,184,83,589,572,411
34,21,95,35,509,487,411
28,20,78,49,513,555,412
57,34,154,107,608,619,412
48,22,108,35,528,490,412
54,29,141,66,547,547,412
185,42,551,148,673,660,412
137,52,380,136,627,615,412
152,38,449,128,654,672,412
126,49,418,197,689,698,412
49,32,78,51,534,476,412
86,29,223,59,580,556,412
35,20,84,46,569,559,412
47,21,136,53,473,517,412
45,20,135,53,486,515,412
32,21,79,45,448,431,412
36,21,135,50,526,485,412
42,23,76,35,492,498,412
42,21,110,41,503,531,412
50,23,94,49,531,573,413
51,22,191,63,536,548,413
172,42,555,120,653,665,413
105,27,302,78,591,615,413
108,28,324,87,613,605,413
22,20,28,25,463,439,413
46,22,128,66,544,551,413
89,34,315,101,593,607,413
21,21,21,21,394,469,413
43,20,122,46,527,551,413
67,35,200,91,604,603,413
88,33,318,107,595,590,413
27,26,51,49,535,532,413
51,27,203,114,605,621,413
78,27,181,58,551,564,414
99,30,326,89,607,613,414
26,22,39,40,478,465,414
12,20,15,39,451,302,414
83,39,311,172,682,688,414
54,31,106,59,573,552,414
41,20,73,28,488,532,414
59,27,168,55,530,534,414
28,21,60,42,491,499,414
20,20,45,39,492,507,414
114,33,346,106,579,606,414
42,23,144,66,443,418,414
49,27,153,96,599,630,414
75,46,208,126,585,577,414
23,21,35,23,500,460,415
47,20,143,56,543,542,415
21,20,28,31,486,368,415
44,26,113,60,516,543,415
70,36,220,100,565,580,415
222,71,701,360,820,833,415
144,48,407,132,659,651,415
59,26,149,51,575,556,415
40,25,115,53,540,555,415
33,36,76,85,560,566,415
116,49,352,153,633,642,415
239,70,693,178,686,700,415
95,41,285,112,643,642,415
39,23,104,37,495,506,415
71,29,203,76,615,622,415
35,23,79,32,482,499,415
53,28,173,88,554,560,415
16,21,17,28,465,390,415
71,29,189,86,551,562,416
41,25,174,81,506,517,416
30,22,69,51,519,506,416
54,28,142,84,552,521,416
43,24,113,77,583,568,416
30,24,76,49,429,483,416
30,23,47,44,483,505,416
38,20,87,39,466,438,417
63,27,313,101,602,625,417
83,39,242,108,583,591,417
131,41,319,85,613,605,417
41,29,68,46,505,522,417
52,39,104,67,519,502,417
123,38,321,83,596,594,417
187,47,514,117,678,676,417
28,25,58,52,493,531,417
125,40,396,119,621,627,417
36,22,133,85,576,612,417
82,29,259,70,578,580,418
62,21,271,110,567,579,418
46,26,134,72,585,603,418
51,27,182,69,556,546,418
59,35,192,87,561,572,418
97,41,330,132,607,613,418
73,24,229,62,580,576,418
37,22,86,37,417,459,418
30,21,157,94,547,629,418
32,20,107,53,513,510,419
25,23,65,39,498,507,419
59,24,114,43,561,576,419
80,29,261,82,585,606,419
35,25,75,37,516,492,419
20,22,16,31,494,476,419
43,24,94,47,523,543,419
55,26,146,75,584,518,419
79,37,384,195,699,703,419
54,38,258,208,656,672,419
27,30,67,69,516,541,419
54,29,139,74,594,571,419
49,35,214,155,639,664,419
48,21,128,71,560,558,419
101,43,306,108,607,612,419
40,20,195,105,556,553,419
49,21,131,59,504,484,419
47,30,152,86,553,550,419
57,22,99,34,502,490,420
60,34,141,82,542,540,420
43,24,137,58,527,521,420
225,60,716,332,797,808,420
52,22,178,57,563,561,420
88,32,260,94,584,597,420
60,25,174,100,565,563,420
48,21,172,62,558,554,420
20,25,44,55,503,452,420
39,24,148,102,576,574,420
31,23,67,43,522,558,421
134,56,401,137,643,627,421
62,26,195,81,568,559,421
21,20,73,70,481,541,421
33,22,182,132,624,606,421
58,26,151,63,527,523,421
44,21,98,30,511,518,421
34,24,173,131,610,587,421
31,22,89,59,503,459,421
45,22,137,59,533,546,421
117,45,317,123,627,637,421
81,37,209,80,576,588,421
64,27,233,82,587,594,422
62,32,151,80,531,560,422
131,52,405,149,637,637,422
54,20,175,52,552,569,422
47,23,162,74,558,536,422
47,25,149,55,537,543,422
196,53,577,132,673,662,422
251,54,787,268,773,797,422
39,23,87,26,532,547,422
29,22,74,35,464,511,422
252,65,972,189,700,721,422
37,22,69,34,494,476,422
60,29,157,74,544,552,422
27,20,58,38,503,465,423
21,21,50,54,529,537,423
35,22,91,66,552,521,423
31,24,134,101,575,613,423
31,24,76,53,538,528,423
36,22,64,33,509,466,423
102,28,379,112,580,584,423
149,57,518,162,658,666,423
69,27,216,102,564,604,423
68,36,155,96,572,559,423
177,49,531,137,695,693,423
55,27,156,70,550,540,423
56,28,148,67,585,583,423
43,21,163,70,506,532,423
63,30,199,66,613,604,423
56,31,153,73,532,554,423
38,23,71,43,491,496,423
134,76,506,339,745,753,424
54,34,218,135,610,635,424
72,22,254,91,543,519,424
55,30,100,56,558,589,424
38,22,110,50,559,567,425
34,23,86,41,494,527,425
38,26,78,37,499,493,425
40,25,109,62,498,536,425
20,20,35,27,490,449,425
42,21,147,76,589,600,425
65,42,147,93,617,617,425
58,31,120,60,612,638,425
102,37,277,78,590,586,425
58,24,202,118,637,633,425
25,22,50,24,480,482,425
148,37,530,135,646,656,425
109,39,338,122,648,643,425
51,27,137,70,557,584,425
127,45,378,96,672,675,425
20,20,39,38,491,461,425
97,36,284,94,595,604,426
46,21,139,63,504,497,426
37,26,22,35,529,532,426
58,37,176,100,568,577,426
94,35,282,97,621,625,426
69,22,192,58,571,578,426
62,34,201,78,602,616,426
50,22,109,40,543,568,426
28,25,34,36,495,469,426
33,21,83,46,493,483,426
38,33,82,71,589,593,427
34,22,107,54,534,515,427
87,32,277,86,622,611,427
31,20,80,51,476,472,427
106,41,363,116,597,589,427
93,40,269,72,608,602,427
24,22,52,49,530,501,427
86,32,326,121,572,583,427
65,27,178,57,594,587,427
74,26,208,64,592,609,427
26,25,43,35,463,487,427
23,20,37,25,500,457,427
65,28,195,74,552,553,427
80,23,224,55,627,625,428
99,36,313,89,588,581,428
293,41,939,134,712,722,428
51,30,104,78,602,572,428
39,29,62,32,454,508,428
58,32,206,82,557,557,428
121,41,334,96,622,608,428
72,31,183,82,537,565,428
57,21,148,77,571,569,428
40,23,113,56,478,478,428
77,21,215,45,578,591,428
63,29,240,88,492,543,428
22,21,43,38,413,365,428
70,28,141,52,565,582,429
106,29,267,95,585,577,429
32,22,75,51,483,505,429
53,28,170,80,539,534,429
216,67,595,132,714,711,429
21,28,26,43,463,470,429
67,27,192,55,569,576,430
35,24,103,65,574,590,430
174,53,525,136,637,642,430
111,49,400,166,672,672,430
126,30,483,108,663,669,430
220,52,717,163,682,673,430
63,32,239,117,594,610,430
53,22,138,49,476,528,430
75,27,183,48,524,552,430
33,28,52,35,502,480,430
36,20,98,35,529,479,430
120,37,390,125,632,639,430
97,42,234,98,605,612,430
100,26,222,57,570,577,430
42,21,61,28,531,549,430
70,39,309,197,663,691,430
51,21,154,57,469,531,430
92,29,311,111,645,641,430
79,43,224,127,559,569,431
50,21,140,40,535,532,431
29,20,68,38,450,466,431
49,24,136,64,545,546,431
186,65,506,175,680,693,431
36,20,134,54,520,506,431
67,29,211,74,555,547,431
63,24,268,67,566,570,431
193,62,502,161,671,657,431
26,21,30,33,478,446,431
68,30,183,75,572,563,431
36,26,74,41,506,539,431
43,24,70,58,573,601,432
32,28,127,90,564,588,432
87,27,257,81,572,585,432
53,26,139,48,525,543,432
101,30,317,118,651,648,432
28,26,77,49,575,525,432
142,51,400,152,665,669,432
25,20,64,39,520,505,432
62,23,198,65,522,529,432
37,27,36,27,527,521,432
50,30,152,55,523,502,433
33,22,77,48,522,542,433
91,36,339,131,630,637,433
356,88,896,347,867,879,433
106,40,365,105,612,616,433
113,36,285,81,599,595,433
200,74,506,146,688,695,433
35,22,79,56,552,550,433
39,25,126,65,511,487,433
85,27,261,72,578,587,433
44,26,117,53,552,569,433
59,22,177,65,558,586,433
27,20,51,40,522,483,434
29,22,47,38,534,521,434
40,21,107,47,480,517,434
95,44,269,106,608,622,434
57,23,144,60,551,550,434
57,29,200,80,580,589,434
27,21,25,27,503,498,434
71,29,266,116,589,553,434
138,33,319,80,642,636,435
92,30,281,91,590,574,435
46,31,195,141,627,618,435
47,25,120,52,487,530,435
47,20,153,75,557,560,435
36,24,143,77,564,574,435
41,21,148,49,525,536,435
19,20,40,53,476,471,435
47,28,145,105,592,608,436
30,22,42,27,484,510,436
392,111,816,335,839,861,436
92,38,318,101,645,654,436
34,25,92,51,531,532,436
39,25,99,39,537,522,436
70,30,154,61,574,567,436
48,24,90,40,520,531,436
53,26,124,54,528,537,436
49,24,101,37,551,567,436
40,20,149,48,500,485,437
43,22,109,37,494,527,437
23,21,50,45,502,519,437
43,26,157,99,625,630,437
49,24,89,38,495,533,437
71,24,214,53,557,554,437
43,23,52,32,543,543,437
32,22,76,44,481,437,437
49,24,148,53,532,558,437
76,27,257,74,533,573,437
42,22,117,36,500,462,437
86,41,217,106,642,649,437
16,20,15,21,418,402,437
130,34,445,146,616,609,438
57,22,126,42,516,547,438
98,53,241,128,659,663,438
68,26,242,95,635,645,438
37,21,91,40,557,563,438
19,21,55,55,476,510,438
47,22,136,41,569,552,438
127,76,268,153,680,689,438
31,22,87,54,443,462,438
58,31,161,74,497,495,438
28,21,48,39,472,471,439
30,20,73,75,547,552,439
71,28,273,104,552,573,439
189,31,578,84,645,652,439
87,42,220,96,562,555,439
29,20,102,39,449,415,439
67,27,333,158,675,705,439
25,26,59,57,471,512,439
22,21,36,34,452,468,439
64,26,164,72,562,562,439
36,20,59,30,571,559,439
61,28,153,70,584,569,439
64,28,154,63,542,546,439
28,20,97,57,449,455,439
41,20,114,48,535,512,439
39,28,138,78,558,558,439
224,63,601,143,680,684,439
95,36,300,102,600,605,439
41,21,109,47,491,510,439
138,56,413,156,644,655,439
116,40,320,108,623,636,439
39,24,97,45,560,573,440
71,31,165,53,565,557,440
89,38,324,124,599,608,440
62,32,195,80,557,559,440
30,24,71,50,558,581,440
35,20,102,52,506,533,440
67,21,212,51,559,568,440
85,33,228,80,593,575,440
39,25,59,31,539,468,440
58,21,167,65,534,548,440
223,50,676,149,693,685,440
44,25,137,71,512,518,440
104,40,291,79,615,627,440
209,42,636,127,682,693,440
99,36,279,78,573,598,440
65,29,200,94,596,598,440
69,30,197,64,587,588,440
29,31,70,61,559,521,441
51,23,162,64,534,527,441
172,27,522,73,657,655,441
36,22,61,44,552,531,441
94,26,290,85,617,627,441
115,62,307,151,637,639,441
232,63,607,150,720,711,441
197,54,661,147,655,664,441
123,49,389,153,607,618,441
40,22,127,62,530,533,441
33,21,71,53,491,471,442
38,25,99,55,550,558,442
62,25,158,54,549,541,442
38,20,112,49,522,524,442
72,34,208,98,600,597,442
96,44,321,118,612,622,442
21,26,18,37,495,469,442
17,21,16,27,475,438,442
113,45,415,184,623,642,443
41,23,169,102,600,617,443
15,20,34,49,507,485,444
60,21,184,60,499,509,444
125,39,355,86,600,602,444
51,27,165,68,529,524,444
31,23,101,75,449,515,444
53,25,214,62,516,551,444
38,21,68,31,512,509,444
123,40,527,201,720,729,444
49,20,167,53,539,534,444
41,23,110,56,463,526,444
28,21,119,63,512,503,444
24,21,37,28,449,426,445
31,20,106,60,507,531,445
196,64,530,143,675,662,445
52,22,176,54,539,529,445
49,24,76,34,523,522,445
36,27,57,40,517,511,445
74,31,203,78,586,570,445
164,53,500,153,671,658,445
40,24,113,54,545,520,445
53,24,137,45,556,561,445
45,20,159,42,512,510,445
83,41,305,115,547,579,445
22,20,36,30,485,413,446
80,47,233,134,662,685,446
139,37,460,110,652,664,446
32,21,87,50,515,532,446
166,50,442,106,639,645,446
114,38,329,118,543,585,446
241,67,661,202,702,710,446
162,40,492,122,663,662,446
55,25,116,36,571,578,446
69,31,167,65,571,565,446
26,23,40,30,489,480,446
56,34,215,123,567,591,446
71,25,138,61,538,546,446
32,22,53,28,480,448,447
78,32,254,127,658,655,447
53,22,122,47,540,549,447
21,23,54,60,549,565,447
62,20,191,57,551,551,447
53,24,83,27,548,531,447
52,21,167,53,506,521,447
24,26,64,63,558,486,447
50,21,171,65,532,548,447
136,51,396,160,655,658,447
49,21,133,55,526,530,447
58,25,132,49,582,571,448
160,69,615,285,770,795,448
49,22,112,43,503,504,448
102,34,347,94,596,593,448
179,70,578,267,773,774,448
78,26,273,109,663,648,448
54,28,134,53,563,564,448
70,23,173,47,575,561,448
112,50,421,246,717,729,448
38,20,91,36,474,487,448
50,23,148,54,531,539,448
58,24,136,49,524,557,448
39,20,87,34,542,536,448
48,22,185,96,596,591,448
48,20,122,38,536,538,448
54,31,150,98,610,625,448
29,20,74,38,500,494,449
37,23,84,35,501,550,449
31,27,55,50,510,533,449
61,23,184,66,566,560,449
93,25,287,89,630,634,449
57,23,246,83,581,560,449
22,20,41,30,425,517,449
80,22,256,71,570,578,449
47,20,144,61,543,477,450
66,38,107,64,521,531,450
83,38,230,85,595,599,450
41,22,134,61,500,545,450
99,48,238,114,599,611,450
32,25,73,57,430,483,450
36,21,89,46,501,478,450
25,24,84,80,564,601,450
23,24,49,44,486,483,450
45,30,99,67,529,502,450
115,70,353,207,689,692,451
29,27,64,46,527,534,451
21,21,53,42,489,467,451
134,55,372,132,638,632,451
28,21,69,35,523,498,451
32,20,70,30,508,497,451
58,24,196,115,648,664,451
39,25,117,69,579,595,451
73,40,244,142,651,657,452
42,25,111,60,482,502,452
19,21,15,15,437,405,452
64,22,131,40,546,546,452
28,20,42,24,511,485,452
37,32,100,92,557,550,452
189,72,571,214,682,684,452
38,21,74,33,549,511,452
73,25,227,77,585,582,452
38,22,93,51,519,490,452
27,22,64,36,498,463,452
158,69,420,169,639,657,453
76,32,271,136,616,630,453
123,57,505,218,724,737,453
46,25,105,56,520,508,453
56,23,163,64,553,556,453
40,31,116,98,575,600,453
20,21,46,45,531,516,453
26,20,125,72,517,536,453
74,28,236,82,564,585,453
54,23,242,104,571,586,453
80,35,256,102,594,600,453
103,34,320,104,628,613,453
24,21,59,55,513,514,454
39,22,101,56,526,539,454
61,21,192,66,533,533,454
139,42,444,120,616,626,454
41,21,94,44,494,517,454
51,24,151,56,581,553,454
44,22,167,79,609,637,454
27,22,97,79,573,570,454
25,24,37,34,484,446,454
33,28,118,110,593,620,454
43,21,152,60,514,525,454
36,23,88,51,476,514,454
35,22,125,68,549,557,455
325,58,857,172,732,729,455
123,38,361,85,619,616,455
64,34,178,89,563,555,455
21,22,29,29,449,413,455
63,34,189,121,616,607,455
87,39,234,115,571,578,455
145,48,384,109,630,631,455
38,24,125,66,556,585,455
46,21,129,47,534,531,455
41,21,114,50,508,506,455
36,23,40,25,466,479,455
61,27,181,75,564,570,455
73,30,124,37,589,542,455
74,36,208,99,567,581,455
33,20,69,38,528,531,455
43,24,83,54,559,574,455
38,24,112,60,492,501,455
130,38,400,126,633,636,455
38,25,34,35,519,532,455
23,23,29,28,458,489,455
51,20,144,55,529,513,455
98,36,324,86,593,589,455
112,29,288,69,585,595,455
40,20,148,60,488,516,456
50,28,110,56,500,517,456
67,46,266,173,664,678,456
31,25,111,69,503,538,456
35,27,117,71,556,552,456
64,23,191,61,554,545,456
42,25,124,48,545,544,456
40,26,174,141,581,624,456
31,25,82,52,507,477,457
22,20,49,46,495,471,457
66,25,211,85,517,532,457
46,26,108,50,491,515,457
42,22,128,60,528,520,457
38,26,90,38,519,479,457
39,23,119,63,496,479,457
118,44,311,98,601,615,457
52,20,187,73,512,530,458
71,31,177,77,578,562,458
63,27,233,92,580,581,458
57,28,271,100,592,583,458
112,36,355,121,620,614,458
49,30,114,72,551,554,458
73,35,200,87,587,579,458
110,43,240,106,598,604,458
58,27,145,49,581,574,458
46,29,117,54,520,514,458
57,31,184,97,585,584,458
25,20,44,29,441,385,458
72,41,201,98,522,537,458
22,27,29,49,513,496,458
68,30,272,103,550,566,458
20,20,25,27,496,465,458
29,20,82,37,520,529,458
47,23,110,43,526,538,458
57,25,237,97,582,611,458
54,35,184,101,579,586,459
72,47,209,101,636,645,459
48,23,154,64,531,520,459
144,46,451,153,628,624,459
48,27,106,42,501,458,459
35,20,81,37,467,417,459
85,32,208,60,532,548,459
21,21,27,26,457,499,459
26,22,74,65,536,559,459
31,24,98,76,587,573,459
22,22,32,29,254,376,459
108,41,334,144,624,609,459
31,23,96,59,522,534,459
58,31,155,61,550,521,459
26,24,32,29,428,519,459
21,26,34,48,496,481,460
94,34,303,121,589,598,460
73,24,177,65,563,571,460
47,29,74,40,516,505,460
60,27,214,88,555,568,460
99,36,283,88,585,583,460
141,31,470,101,638,650,460
77,26,210,61,588,598,460
85,38,285,105,609,595,460
91,52,244,146,676,681,460
33,26,75,51,463,453,460
93,30,224,59,592,612,460
61,24,159,59,551,531,461
35,20,104,51,482,522,461
39,23,87,46,514,511,461
46,28,143,86,578,612,461
55,24,161,65,578,591,461
126,47,363,111,670,686,461
49,22,150,72,592,612,461
174,47,555,144,662,671,461
70,29,181,44,549,531,461
99,40,260,108,583,588,461
60,33,97,53,559,558,461
32,21,113,68,511,532,461
83,31,185,59,561,544,461
33,23,112,58,523,508,461
42,24,152,58,507,529,461
50,26,166,91,584,605,461
88,51,389,221,717,739,461
32,26,79,48,556,533,462
31,22,204,139,632,649,462
32,20,63,40,533,483,462
56,35,127,83,599,599,462
35,27,103,81,552,564,462
59,32,169,71,566,574,462
201,54,644,225,719,733,462
109,51,339,191,708,719,462
116,27,286,55,624,621,462
184,51,448,130,680,672,462
35,22,64,33,536,517,462
38,28,128,83,538,550,462
35,20,64,27,487,492,462
85,37,281,160,654,652,462
39,23,147,88,621,601,463
43,23,86,55,595,557,463
37,20,98,44,492,490,463
39,31,134,85,519,528,463
49,30,147,78,539,533,463
71,33,280,140,660,668,463
35,23,80,63,551,574,463
77,40,244,119,506,559,463
69,24,161,55,569,555,463
73,26,187,62,599,598,463
26,22,34,31,495,469,463
73,36,199,100,545,539,463
71,33,196,105,626,626,463
28,24,71,43,517,503,463
86,50,218,129,602,607,464
57,28,191,79,523,536,464
54,27,207,102,586,598,464
75,23,261,77,605,600,464
61,26,207,86,520,539,464
415,80,933,257,761,762,464
45,24,74,37,543,538,464
307,69,851,196,747,743,464
65,36,188,83,587,598,464
93,47,261,110,620,612,464
44,34,47,38,518,501,464
18,22,17,20,483,385,464
58,25,138,58,540,552,464
240,47,672,115,683,698,464
91,40,243,105,575,567,464
71,26,168,58,512,502,464
71,35,196,68,569,577,464
35,23,124,76,520,509,464
136,33,456,93,635,640,464
32,21,108,46,488,499,464
57,25,184,72,514,519,464
51,24,138,57,533,542,465
40,24,188,122,624,658,465
41,21,112,40,531,532,465
159,40,431,139,684,694,465
454,95,890,251,803,808,465
176,45,530,130,685,685,465
108,46,240,79,627,637,465
54,22,191,57,574,562,465
102,30,278,68,598,610,465
73,24,234,68,559,560,465
78,23,162,47,592,577,466
25,21,49,21,507,504,466
127,63,412,216,649,640,466
33,20,51,38,473,435,466
31,34,42,54,546,534,466
81,37,228,87,590,595,466
47,28,116,50,542,571,466
69,33,263,119,562,575,466
30,24,75,48,479,446,466
69,28,273,91,591,596,466
43,22,100,44,577,583,466
291,90,680,194,736,733,466
179,46,604,142,690,699,467
29,21,58,47,572,527,467
107,33,374,131,649,648,467
21,21,48,37,478,465,467
201,59,583,153,667,676,467
50,21,85,30,540,524,467
53,24,128,66,578,558,467
67,26,210,90,627,641,467
321,50,955,148,730,741,467
66,34,209,93,581,584,467
117,36,339,105,628,634,467
70,35,197,112,643,650,468
46,25,149,59,527,527,468
33,22,94,56,540,525,468
46,25,122,38,557,544,468
76,30,241,125,634,615,468
32,23,113,92,550,583,468
63,22,191,58,566,576,468
29,20,85,48,542,539,468
39,20,81,36,547,563,469
76,27,190,57,592,578,469
39,28,46,35,506,496,469
134,38,337,90,665,663,469
118,44,360,110,623,624,469
120,41,344,95,633,630,469
122,45,425,138,622,622,469
176,53,419,117,663,671,469
43,21,116,45,533,543,469
44,23,126,59,558,545,469
97,23,316,89,602,617,469
30,22,36,21,511,516,469
81,32,327,161,576,584,469
75,26,309,113,595,595,469
24,20,81,68,532,559,469
42,20,87,45,559,553,469
49,22,120,43,539,491,469
32,27,109,92,607,606,469
55,23,126,63,545,573,470
127,37,295,72,608,621,470
40,26,92,53,533,544,470
39,22,133,57,495,512,470
27,26,32,32,479,450,470
40,20,88,49,540,567,470
195,67,580,179,663,662,470
133,38,581,248,723,739,470
37,21,38,15,510,481,471
149,42,441,127,665,652,471
118,58,383,158,683,709,471
115,56,351,161,653,672,471
24,20,44,30,403,473,471
58,27,179,69,579,583,471
27,21,114,83,575,554,471
19,25,44,59,466,485,471
77,33,177,60,559,552,471
30,29,57,50,475,470,471
29,21,64,40,441,477,472
28,24,74,67,517,557,472
26,21,94,63,517,509,472
28,30,30,38,492,437,472
36,27,83,64,553,569,472
60,32,128,66,537,485,472
25,23,50,33,503,499,472
74,35,209,89,580,585,473
32,20,107,43,495,503,473
74,43,295,192,676,679,473
66,32,255,129,588,599,473
59,28,181,85,588,584,473
26,20,65,44,504,485,473
53,32,111,61,585,537,473
88,38,257,99,564,574,473
146,53,431,135,618,627,473
36,21,120,55,553,552,473
125,51,434,181,729,741,473
23,21,48,35,499,524,473
276,50,818,127,693,697,473
29,22,67,41,464,463,473
51,22,124,48,506,545,474
76,36,198,95,579,590,474
78,35,227,117,633,636,474
79,38,255,127,640,641,474
35,21,91,34,507,518,474
46,38,109,77,598,600,474
56,21,104,37,566,532,474
44,31,115,104,604,636,475
47,26,151,75,605,616,475
24,21,48,34,466,522,475
94,40,229,101,605,597,475
68,22,210,62,563,558,475
31,20,149,62,463,488,475
32,20,68,58,516,547,475
46,21,129,47,503,521,475
161,57,513,198,701,708,475
57,26,161,55,509,509,475
31,22,74,47,499,490,476
83,47,203,133,647,623,476
25,21,49,31,500,515,476
177,50,664,287,721,730,476
50,21,150,64,541,525,476
30,21,77,41,484,488,476
98,30,277,91,590,599,476
53,28,159,50,566,518,476
43,20,101,43,469,452,476
233,57,689,158,688,684,476
41,25,64,49,552,523,476
22,21,43,35,473,521,476
77,37,221,106,616,615,476
61,25,110,34,546,524,476
52,29,158,65,561,572,476
57,27,201,80,560,589,476
65,25,192,54,526,542,476
61,29,191,54,590,566,476
41,22,118,54,493,502,476
151,54,454,152,650,654,476
72,27,230,64,555,581,477
166,56,622,263,752,769,477
33,22,85,42,479,496,477
41,26,109,60,525,525,477
44,23,139,53,522,522,477
106,40,296,111,612,615,477
42,24,175,108,608,637,477
36,28,72,31,520,513,477
84,38,227,79,583,597,477
23,23,49,53,520,567,477
33,26,45,44,537,502,477
40,20,138,53,516,543,477
125,43,402,152,616,612,477
64,25,219,61,520,544,477
42,24,63,40,551,527,478
74,34,251,134,654,662,478
48,24,94,49,515,510,478
42,21,97,40,555,507,478
49,26,128,57,487,490,478
70,23,262,67,569,583,478
35,21,84,66,561,570,479
52,33,142,95,628,645,479
53,29,139,51,538,549,479
68,30,222,84,548,540,479
45,26,129,66,525,533,479
49,24,130,48,518,544,479
40,23,105,45,531,511,479
50,31,150,71,545,543,479
23,20,76,69,554,576,479
36,26,88,46,502,499,479
71,34,180,77,553,545,479
73,29,262,110,569,583,479
80,45,266,177,629,662,479
45,31,122,50,571,602,480
42,22,105,60,518,536,480
50,24,133,67,548,551,480
52,26,144,68,545,558,480
20,20,33,36,439,504,480
20,23,17,40,469,478,480
98,34,301,108,605,593,480
63,32,150,67,533,542,480
62,28,150,50,532,546,480
65,31,130,53,584,566,480
41,23,129,69,536,548,481
184,66,643,385,823,834,481
33,20,56,28,500,442,481
16,21,20,21,429,358,481
99,32,322,103,648,656,481
33,21,95,57,504,494,481
93,44,299,134,646,652,481
87,37,275,106,610,592,481
25,21,77,42,492,488,481
35,25,114,73,481,445,481
67,42,105,69,585,599,481
67,31,161,70,566,567,481
38,20,74,36,477,521,481
42,20,203,95,510,513,481
140,48,432,139,646,651,481
36,20,62,29,533,519,481
31,20,59,34,468,471,481
44,27,116,76,534,556,482
41,29,94,78,580,578,482
85,29,253,87,591,593,482
108,40,347,144,618,618,482
48,21,132,68,508,520,482
35,22,132,67,474,522,482
39,38,85,87,581,581,482
74,28,235,75,561,585,482
32,23,49,30,522,480,482
55,26,172,67,554,482,482
54,21,133,48,509,528,482
72,39,202,100,615,638,483
188,79,574,298,767,780,483
18,20,37,45,461,479,483
34,20,131,42,484,486,483
30,20,88,53,488,497,483
39,23,96,42,536,542,483
54,23,134,41,571,571,483
51,22,185,75,538,569,483
102,36,286,104,593,605,483
46,22,122,33,511,531,483
28,20,88,57,462,514,484
20,21,57,50,498,518,484
60,24,156,59,537,564,484
19,21,50,46,481,486,484
43,27,147,103,590,605,484
39,21,110,66,528,521,484
62,31,224,142,656,664,484
57,30,167,97,538,553,484
40,29,57,41,532,519,485
94,32,233,93,571,577,485
315,58,926,268,841,861,485
71,29,223,78,522,502,485
64,26,244,84,590,599,485
85,37,227,75,630,629,485
60,20,154,49,532,542,485
58,26,126,57,563,550,485
94,32,331,158,641,700,485
81,51,299,177,672,674,485
71,25,192,48,507,531,485
48,21,147,48,516,521,485
42,25,82,48,525,535,486
37,22,77,38,494,508,486
33,22,86,35,504,518,486
72,33,262,100,521,533,486
33,25,167,138,615,626,486
31,20,88,54,483,510,486
50,20,93,35,567,558,486
31,21,102,66,518,550,486
38,28,137,118,623,610,486
258,95,705,226,766,772,487
200,50,592,168,685,686,487
236,70,758,268,788,796,487
94,40,248,104,581,601,487
37,20,79,29,512,512,487
57,22,182,63,577,547,487
22,20,58,40,512,501,487
42,26,81,38,544,515,487
50,24,121,46,540,523,487
60,37,188,106,574,565,487
71,42,197,91,581,579,487
57,28,137,77,593,593,487
35,24,50,35,512,548,488
36,20,78,38,508,513,488
62,21,203,57,577,558,488
110,58,258,110,648,674,488
50,27,121,50,533,545,488
39,21,164,72,485,536,488
42,25,112,51,511,517,489
33,21,91,57,543,548,489
91,40,248,99,621,648,489
40,23,111,59,527,510,489
58,20,177,56,574,583,489
46,24,134,63,517,531,489
96,28,306,86,588,592,489
65,29,195,79,549,556,489
49,33,118,64,553,554,489
41,20,156,72,594,613,489
26,21,48,36,396,404,489
46,23,91,49,538,531,489
53,27,113,52,562,558,489
47,21,126,59,571,542,489
118,34,353,98,647,647,489
41,22,119,42,525,534,489
120,50,274,103,610,620,490
40,21,96,44,525,528,490
166,40,614,179,650,646,490
98,34,291,120,609,607,490
61,32,189,85,573,529,490
50,21,91,46,565,559,490
84,46,215,108,573,594,490
53,38,95,75,561,590,490
62,30,167,78,557,579,490
134,67,490,292,729,749,490
31,20,58,31,479,480,491
25,21,60,32,498,442,491
86,29,307,91,627,615,491
60,32,276,137,641,648,491
31,20,76,31,504,495,491
107,33,334,108,595,597,491
47,21,118,40,540,586,491
270,85,792,313,831,837,491
234,66,548,170,681,686,491
57,21,185,58,543,576,491
55,21,158,65,561,587,491
66,31,196,88,556,571,492
168,40,600,163,672,669,492
28,20,49,26,472,487,492
49,28,190,111,552,555,492
43,25,116,42,546,556,492
60,23,236,99,590,597,493
52,22,113,42,549,562,493
39,20,91,41,532,533,493
95,35,265,84,573,572,493
186,62,648,281,778,793,493
63,22,151,61,551,534,493
23,23,35,36,481,481,493
124,49,343,118,626,638,493
35,22,127,46,512,524,493
139,32,364,71,631,622,493
75,35,217,84,560,572,493
82,24,234,88,554,561,493
51,28,110,51,539,550,493
93,33,251,59,617,620,493
39,22,102,46,524,543,493
50,30,113,58,536,535,493
36,21,105,52,490,535,493
50,20,197,66,522,537,493
61,24,176,61,582,590,493
73,27,260,105,599,602,493
38,25,118,84,568,611,493
46,23,142,69,542,540,493
46,26,97,46,573,531,493
57,38,279,187,666,677,494
30,20,53,27,510,451,494
32,25,61,47,416,464,494
44,20,112,51,531,530,494
30,25,31,35,458,433,494
70,28,215,86,590,586,494
26,23,56,48,513,500,494
34,21,64,34,513,512,494
29,24,30,30,481,451,494
66,38,187,81,560,544,494
156,59,441,164,650,664,495
40,21,123,54,517,511,495
37,29,56,33,554,557,495
118,45,345,120,621,624,495
42,32,127,93,597,629,495
29,25,78,53,553,549,495
25,21,67,46,487,488,495
51,32,120,69,530,512,495
45,26,124,45,522,535,495
163,46,504,163,646,648,495
43,20,131,66,505,530,495
45,27,157,73,576,578,495
51,28,120,65,588,574,495
51,24,101,48,478,520,495
92,45,304,140,672,691,495
32,20,83,39,533,529,495
27,27,32,31,495,477,496
77,37,242,126,600,607,496
50,24,172,78,531,539,496
44,36,120,113,584,634,496
116,36,292,77,626,631,496
67,28,236,106,569,583,496
107,30,303,78,592,603,496
229,39,716,123,671,670,496
41,27,101,62,504,511,496
45,23,156,80,555,577,496
46,21,115,57,526,535,496
35,24,44,25,566,573,496
24,21,79,57,408,419,496
59,23,186,54,512,516,496
33,20,90,58,478,480,497
33,24,113,74,484,516,497
81,30,217,72,566,559,497
25,20,73,53,515,547,497
88,39,226,107,600,596,497
67,21,234,71,570,566,497
321,85,789,227,748,751,497
41,25,136,102,579,585,497
109,32,339,101,646,666,497
25,20,64,43,554,533,498
189,51,607,190,696,687,498
55,25,121,48,525,549,498
92,41,261,109,608,610,498
74,38,169,91,587,578,498
149,65,503,247,743,765,498
62,26,125,58,538,548,498
51,32,163,113,613,608,498
55,28,164,81,565,559,498
94,32,308,84,599,610,498
31,21,52,35,454,486,498
58,26,156,64,552,549,499
26,21,87,62,501,486,499
65,31,210,99,563,555,499
51,26,182,85,581,592,499
88,30,168,50,581,575,499
41,26,172,90,550,539,499
20,21,61,62,528,540,499
37,20,105,55,473,504,499
40,21,98,52,500,532,499
37,24,119,77,490,502,499
37,23,136,71,611,603,499
41,23,119,94,586,593,499
56,27,161,61,539,519,499
48,30,124,76,599,572,499
20,26,19,39,496,383,500
99,45,322,158,648,647,500
28,21,66,39,507,512,500
38,29,52,24,556,472,500
64,28,157,56,553,552,500
49,26,96,50,526,525,501
32,23,56,50,545,556,501
52,33,154,122,624,637,501
52,23,151,64,482,488,501
80,26,232,74,568,562,501
57,24,112,48,573,583,501
85,37,258,114,594,615,501
133,29,415,117,618,621,501
54,22,125,52,532,533,501
74,35,196,61,585,601,501
30,21,88,50,501,501,501
39,20,110,46,532,517,501
49,29,111,62,557,533,501
47,26,117,58,571,567,501
57,26,143,58,543,568,502
66,38,197,107,581,571,502
54,21,207,84,532,561,502
72,31,187,75,604,626,502
36,28,83,62,533,535,502
39,27,95,49,520,560,502
73,21,212,52,564,594,502
41,25,77,39,555,521,502
63,25,162,79,623,611,502
41,20,206,141,614,604,502
43,30,118,77,601,625,502
41,21,96,54,530,533,502
45,27,125,66,555,579,502
87,40,373,195,645,655,502
35,25,119,75,556,551,503
176,57,546,208,683,685,503
111,41,493,213,724,729,503
95,25,258,55,605,593,503
68,30,150,83,598,597,503
78,41,206,94,591,592,503
78,23,211,75,599,605,503
46,22,131,43,527,536,504
35,21,65,45,468,474,504
22,20,63,40,424,491,504
32,25,27,28,489,475,504
67,36,204,73,574,579,504
35,20,64,31,527,542,504
101,58,181,97,578,570,505
67,34,261,142,647,651,505
37,20,98,41,524,545,505
55,23,151,48,553,575,505
33,22,97,53,458,464,505
68,28,217,79,585,578,505
32,26,79,63,566,553,505
78,26,234,77,552,573,505
32,22,93,47,553,507,505
140,41,457,140,635,638,505
62,20,155,51,541,535,505
63,22,144,60,559,574,505
36,23,94,41,537,541,505
140,44,503,176,650,647,505
59,30,238,149,638,680,505
83,34,312,116,586,586,505
172,51,482,148,651,653,506
22,22,68,66,549,545,506
20,23,23,37,506,478,506
81,32,227,72,561,557,507
129,30,448,127,662,655,507
37,25,98,55,549,547,507
95,24,334,68,620,612,507
70,24,156,49,567,576,507
86,31,233,66,584,591,507
58,23,197,70,535,537,507
93,38,266,98,607,613,507
54,27,217,80,560,582,507
62,26,165,53,565,569,507
56,25,176,77,591,580,507
122,45,400,143,661,665,507
60,25,176,63,554,557,507
149,35,544,105,642,644,507
161,49,458,125,660,660,507
108,28,376,97,621,631,507
44,20,117,44,479,500,507
39,27,73,42,538,542,507
61,43,252,163,656,683,507
37,24,138,110,612,618,507
40,24,48,35,537,542,507
33,20,72,62,529,568,507
37,20,116,52,494,534,507
44,24,114,53,522,517,508
59,27,189,62,543,572,508
43,20,96,46,488,451,508
31,20,71,62,550,559,508
35,20,94,44,533,512,508
49,22,193,92,524,538,508
32,20,86,34,500,532,508
56,34,148,76,559,590,508
36,23,58,33,533,500,508
93,29,258,80,588,595,509
34,21,58,32,489,501,509
80,29,198,53,525,556,509
223,49,688,132,671,679,509
53,29,310,166,688,681,509
106,32,345,99,585,592,509
28,24,49,43,527,542,510
40,22,91,48,490,496,510
49,29,129,75,595,604,510
92,37,378,125,618,615,510
101,36,282,106,641,618,510
73,26,211,75,536,552,510
26,22,49,37,503,491,510
54,36,179,111,613,616,510
57,31,149,84,491,506,510
54,21,153,66,527,502,510
99,32,283,66,576,558,510
45,21,110,49,519,528,510
246,71,634,156,683,684,511
76,32,217,87,600,614,511
57,35,175,141,630,642,511
31,21,80,48,437,376,511
33,20,47,28,485,501,511
115,38,275,107,621,613,511
88,30,246,78,576,603,511
52,27,162,89,611,634,512
28,21,65,32,466,464,512
33,22,40,20,498,494,512
63,32,91,54,561,572,512
79,41,192,95,599,591,512
82,38,206,94,521,525,512
31,21,76,36,479,496,512
40,23,127,92,563,620,512
29,25,62,53,511,524,513
142,56,405,170,667,672,513
41,20,56,19,532,553,513
158,48,636,188,678,685,513
33,20,47,23,518,521,513
53,22,111,37,562,555,513
27,21,53,31,428,446,513
28,24,56,50,532,543,514
26,20,57,43,458,462,514
147,43,369,87,635,631,514
33,22,89,47,516,491,514
42,20,57,29,467,537,514
42,23,79,41,527,509,514
67,32,159,69,579,565,514
33,23,84,70,581,562,514
80,32,261,100,586,591,514
110,35,374,123,647,642,514
57,35,141,96,599,640,514
43,26,91,44,561,554,514
124,62,454,253,731,746,514
32,24,67,31,535,535,514
28,21,77,53,518,531,514
80,38,248,113,604,605,515
175,49,669,229,772,776,515
45,29,155,81,515,528,515
62,30,387,234,719,720,515
29,24,90,63,475,473,515
40,31,139,116,584,591,515
61,23,214,66,570,573,515
39,22,86,52,499,546,515
30,22,65,38,545,535,515
42,22,82,30,553,549,515
21,21,36,30,502,482,515
26,24,53,42,499,492,515
46,25,149,75,525,547,515
137,48,358,133,652,643,516
43,21,157,76,497,516,516
58,23,138,43,525,506,516
73,33,178,59,541,512,516
25,21,24,33,490,473,516
220,60,564,152,669,668,516
39,20,64,31,533,535,516
73,25,104,34,579,568,517
31,20,103,44,458,497,517
30,20,55,43,462,445,517
157,38,434,109,658,661,517
71,27,236,67,540,574,517
77,31,218,74,574,578,517
100,29,290,78,622,625,517
61,29,146,64,570,561,517
77,33,239,110,573,556,517
74,36,177,73,544,558,517
58,35,180,93,537,529,517
47,20,158,61,447,464,517
42,24,108,59,519,507,517
146,44,420,119,644,641,518
82,33,176,76,576,568,518
31,21,83,51,470,362,518
35,22,79,57,518,491,518
74,29,316,174,661,693,518
45,22,142,55,515,514,518
81,35,238,64,609,624,518
230,52,623,111,671,680,518
88,45,378,196,641,647,518
109,32,372,107,649,646,518
57,30,153,81,544,531,518
66,35,215,98,563,546,518
33,20,111,43,512,514,518
54,27,155,46,488,521,518
55,27,191,108,578,592,518
84,44,311,175,657,673,518
38,27,113,76,468,453,519
36,20,84,38,513,539,519
34,25,62,44,427,409,519
79,25,202,69,543,537,519
33,27,77,73,491,460,519
35,20,143,70,533,553,519
20,21,32,29,477,444,519
16,21,19,26,469,436,519
68,26,201,104,620,612,519
24,20,27,37,436,488,519
76,34,232,102,566,568,519
213,85,583,314,764,799,520
43,26,149,103,601,584,520
67,28,300,127,593,602,520
133,65,380,190,700,720,520
50,25,121,44,477,499,520
82,43,263,103,569,581,520
98,53,240,149,658,663,520
32,29,105,96,572,599,520
254,67,779,264,757,760,521
32,21,32,22,463,486,521
76,24,201,44,565,566,521
153,48,481,154,636,654,521
37,20,92,43,527,539,521
52,27,153,64,565,566,521
69,31,197,96,632,629,521
131,51,485,213,706,721,521
137,50,422,132,691,701,521
132,46,376,134,657,653,521
47,20,140,66,589,586,521
39,29,142,91,590,604,521
28,22,68,37,458,412,521
63,20,153,41,584,582,521
69,21,242,55,560,581,521
26,20,62,44,518,479,521
154,64,463,209,653,675,522
245,75,700,204,737,736,522
44,22,76,35,511,522,522
96,36,308,119,569,578,522
71,37,215,83,586,562,522
91,31,319,132,626,641,522
37,20,89,30,506,493,522
122,41,383,146,631,634,522
20,20,41,49,508,548,522
31,21,166,136,631,632,522
30,21,51,38,549,529,522
40,20,109,52,503,525,522
160,52,387,96,645,640,522
26,22,80,56,520,501,523
52,25,180,83,545,550,523
35,29,137,93,531,530,523
48,27,151,71,537,550,523
33,22,57,39,506,486,523
81,28,167,51,555,556,523
164,55,391,147,653,651,523
49,25,107,51,521,530,523
41,22,123,52,515,519,524
31,20,75,30,574,518,524
49,20,108,34,524,559,524
38,24,102,57,573,578,524
88,35,332,124,624,625,524
65,27,178,59,574,590,524
40,21,70,23,492,461,524
44,24,159,80,521,515,524
31,25,79,68,565,561,524
64,21,194,59,605,590,525
27,21,48,28,507,497,525
67,21,241,74,567,559,525
40,25,162,89,553,553,525
41,21,93,31,552,525,525
44,22,112,51,524,552,525
55,27,97,49,528,549,525
27,24,27,37,495,476,525
47,30,156,86,529,518,526
59,20,201,70,558,585,526
51,31,113,94,596,607,526
27,24,32,41,508,496,526
32,26,82,66,485,522,526
21,22,23,25,450,398,526
49,27,87,57,541,550,526
43,29,107,53,530,546,526
130,42,358,126,644,652,526
42,26,134,58,525,525,526
123,28,380,84,597,590,526
64,33,197,77,482,536,526
29,23,69,55,507,417,526
42,24,136,71,495,491,526
49,22,120,43,535,558,526
29,20,63,32,505,485,526
51,23,105,40,536,515,526
45,21,101,55,546,524,526
27,23,57,41,507,497,527
15,21,25,35,433,454,527
38,23,148,77,522,508,527
166,43,508,131,636,644,527
60,29,161,65,556,568,527
73,36,181,85,544,554,527
30,21,63,30,381,386,527
48,25,86,40,578,566,527
14,20,23,27,432,431,527
63,24,114,64,541,531,527
32,23,77,57,519,539,527
44,26,133,71,544,546,527
32,22,93,41,473,516,528
42,23,95,47,521,538,528
56,21,175,77,534,561,528
30,23,45,35,484,435,529
28,20,74,43,512,512,529
39,22,161,79,528,538,529
45,20,94,38,487,554,529
113,42,453,248,712,745,529
88,45,215,112,660,668,530
39,25,148,92,566,574,530
38,26,123,57,498,452,530
57,22,130,49,556,543,530
79,27,218,65,577,574,530
29,24,52,37,540,515,530
23,20,119,95,567,600,530
94,37,193,66,584,613,530
42,25,174,79,589,603,530
54,28,141,64,562,552,531
87,32,242,73,567,563,531
48,21,87,25,488,460,531
60,22,176,92,577,563,531
39,26,112,59,541,539,531
42,22,135,41,508,534,531
43,20,130,66,550,520,531
38,23,106,44,539,517,531
36,25,81,50,534,572,531
41,20,105,44,525,541,531
52,29,209,107,541,553,531
50,31,181,108,622,606,532
64,21,231,78,556,580,532
53,25,167,72,602,620,532
39,25,115,64,535,548,532
141,55,488,206,663,663,532
77,41,214,128,615,619,532
18,20,28,25,402,460,532
42,30,127,91,473,492,532
78,30,296,113,621,626,532
83,34,271,103,553,574,533
24,23,19,26,423,280,533
31,26,50,43,532,442,533
43,25,97,49,546,524,533
54,31,177,96,576,580,533
64,28,291,201,652,678,533
49,20,96,29,575,542,533
43,23,142,61,536,533,533
63,29,155,78,598,597,534
62,31,212,85,590,575,534
57,24,152,48,545,577,534
37,24,101,74,573,591,534
62,30,157,60,562,560,534
164,54,588,227,712,728,534
34,20,66,26,499,468,534
31,30,65,60,555,543,534
96,26,334,90,591,569,534
266,56,676,146,734,749,534
63,31,170,76,515,560,534
27,21,29,20,367,453,534
21,23,22,29,491,421,535
33,26,63,40,508,524,535
61,41,120,78,596,622,535
38,20,93,46,548,582,535
33,20,56,42,452,464,535
56,24,177,62,567,592,535
73,31,228,67,576,589,535
44,24,121,39,562,570,535
249,58,676,168,694,708,535
46,26,88,56,576,587,535
54,26,128,46,545,566,536
129,28,377,79,610,628,536
74,24,154,71,582,585,536
29,20,34,31,488,459,536
32,20,65,39,530,511,536
23,23,27,29,473,340,536
36,23,53,41,510,488,536
77,27,155,48,552,566,536
253,87,712,284,787,796,536
143,40,427,95,638,651,536
99,32,298,85,552,567,536
31,26,54,50,507,495,536
43,28,129,61,492,476,537
70,28,196,57,595,600,537
35,21,88,43,489,475,537
71,35,122,51,581,570,537
68,27,247,92,565,580,537
35,30,72,59,557,539,537
43,26,90,47,493,468,538
90,29,321,90,601,595,538
178,57,542,161,659,666,538
112,23,401,73,607,612,538
32,20,95,48,478,485,538
80,38,291,127,549,545,538
125,37,348,86,625,628,538
111,53,311,133,621,621,538
49,24,132,48,515,530,538
32,22,66,46,507,454,538
110,39,295,113,630,614,538
88,25,320,89,627,600,538
86,29,229,60,601,581,538
86,30,274,72,597,598,539
48,32,149,86,574,579,539
84,38,345,188,683,719,539
89,32,268,96,614,568,539
62,31,120,65,501,517,539
81,37,212,75,578,582,539
84,37,225,104,565,566,539
165,46,494,124,661,661,539
61,27,174,86,560,559,539
127,41,395,132,647,654,539
81,31,241,79,583,600,539
47,33,69,41,541,558,539
20,23,41,53,458,484,539
24,20,65,44,438,419,539
83,28,267,94,585,588,539
36,23,146,74,555,514,540
71,27,231,69,552,564,540
115,35,342,126,618,620,540
50,26,128,74,561,574,540
47,29,112,60,589,592,540
79,30,242,83,585,587,540
37,22,140,59,532,504,540
32,26,70,51,538,518,540
35,27,87,70,562,594,540
48,22,150,65,486,498,541
30,20,78,56,395,463,541
68,27,187,65,567,551,541
39,24,163,88,547,530,541
114,35,237,61,615,616,541
44,26,71,46,525,549,541
42,27,132,75,564,547,541
53,39,130,91,617,617,541
31,22,82,35,539,534,541
69,29,258,99,553,575,541
62,37,202,101,550,568,541
167,49,628,186,658,668,541
40,29,57,27,512,521,541
223,58,621,131,675,682,541
52,35,156,85,568,547,541
44,24,114,55,501,476,541
43,26,109,56,551,504,542
17,20,32,28,482,458,542
91,25,279,79,621,620,542
42,22,107,43,524,528,542
46,27,145,77,559,540,542
53,24,117,45,570,581,542
52,29,153,82,505,517,542
26,21,110,71,477,448,542
24,20,78,49,465,519,542
38,27,82,56,563,586,542
23,20,17,24,498,509,543
40,22,118,53,519,490,543
27,25,38,46,501,503,543
25,20,60,37,507,512,543
205,56,528,113,669,673,543
100,36,309,117,665,653,543
28,20,67,40,465,441,543
57,20,206,58,584,574,543
45,23,116,51,486,490,543
56,22,138,42,533,532,543
26,26,83,62,430,430,543
31,20,87,45,508,508,543
39,22,91,43,563,559,543
58,27,148,80,582,548,543
73,38,155,82,616,589,544
24,20,76,51,535,536,544
36,22,100,57,463,468,544
104,25,372,90,607,610,544
59,43,85,57,597,569,544
30,20,94,47,511,519,544
25,20,97,55,514,518,544
123,53,343,116,623,624,544
51,25,144,58,554,536,544
56,29,87,59,556,552,544
45,20,112,66,598,501,544
65,26,139,56,551,562,544
47,21,151,62,491,513,544
39,20,119,60,498,554,544
104,30,304,64,607,607,544
111,25,370,87,619,623,544
99,41,358,141,632,635,545
23,31,23,50,567,475,545
61,27,189,54,536,544,545
41,34,102,59,565,582,545
28,25,66,54,564,572,545
46,21,97,47,543,525,545
59,38,157,72,623,625,545
208,59,546,148,679,690,545
219,51,683,129,708,705,545
34,26,93,54,489,469,545
63,37,336,227,671,683,545
22,20,64,34,467,478,546
71,30,159,74,545,574,546
96,34,261,69,591,591,546
43,26,160,85,596,626,546
54,34,160,107,611,620,546
52,28,175,104,588,584,546
93,33,258,83,610,613,546
32,22,106,61,514,480,546
26,23,19,21,489,474,546
57,24,154,49,565,569,546
101,33,298,114,606,602,546
59,23,176,70,573,583,546
28,20,69,50,546,553,546
26,20,69,46,507,481,546
81,32,236,79,574,583,547
31,21,125,92,578,589,547
80,35,178,73,595,604,547
23,20,94,63,499,470,547
93,37,296,106,569,556,547
71,22,132,43,565,551,547
28,20,77,52,536,545,547
37,20,97,65,601,559,547
61,25,237,119,651,659,547
72,22,255,74,561,587,547
93,32,341,100,607,593,547
78,29,258,91,549,563,548
44,21,88,57,576,586,548
54,22,152,64,533,546,548
98,40,353,121,611,611,548
64,38,169,83,601,613,548
418,84,947,165,786,782,548
24,20,31,33,485,530,548
58,29,209,104,563,577,549
34,28,117,82,570,575,549
48,28,159,71,537,525,549
37,24,79,63,571,595,549
45,30,66,29,539,501,549
40,21,74,46,546,550,549
47,22,95,46,546,565,549
60,30,104,46,537,515,549
47,25,110,54,581,577,549
57,29,156,67,567,573,549
16,22,33,40,405,406,549
64,34,177,82,558,528,549
98,48,389,207,699,726,549
47,34,147,76,500,460,549
46,20,135,72,548,553,549
24,20,45,36,509,473,549
22,21,12,11,465,343,550
68,33,168,83,590,605,550
61,23,176,65,565,574,550
93,45,264,140,653,669,550
51,26,122,49,550,541,550
148,56,428,171,674,660,550
80,46,149,102,617,629,550
50,34,198,134,649,668,550
204,55,559,171,697,704,550
72,29,190,75,563,582,550
45,29,62,39,520,509,550
56,21,205,55,522,512,551
33,30,61,38,501,503,551
135,42,546,227,746,763,551
43,23,131,41,545,515,551
48,23,79,32,545,529,551
327,60,934,168,743,743,551
63,20,148,51,534,553,551
61,35,307,174,658,672,551
20,20,24,22,423,386,551
25,20,46,31,459,460,551
31,21,96,57,469,448,551
65,35,214,88,548,576,551
38,30,36,46,541,536,551
73,35,258,154,659,667,552
49,29,155,67,542,548,552
169,47,628,287,789,809,552
55,26,161,79,526,486,552
61,25,174,64,553,544,552
40,21,106,49,525,501,552
92,32,347,115,615,615,552
46,24,138,58,569,527,552
65,26,208,89,556,564,552
34,28,89,50,540,552,552
117,32,409,102,630,641,552
44,24,110,53,451,498,552
54,25,147,61,472,494,553
47,27,96,59,543,592,553
30,21,49,21,513,464,553
41,22,122,58,516,541,553
47,22,137,54,539,514,553
43,21,154,67,519,558,553
97,32,311,84,612,614,553
147,44,470,136,660,664,553
157,49,473,123,652,654,553
29,21,70,59,562,571,553
47,24,115,46,519,532,553
107,54,354,187,690,724,553
48,28,101,49,584,595,553
60,24,175,55,545,556,553
23,21,41,29,0,350,553
32,20,159,111,577,601,554
40,25,138,71,539,544,554
93,43,299,146,623,633,554
143,43,454,124,623,631,554
157,55,579,287,773,779,554
66,22,147,40,579,567,554
41,21,100,60,503,536,554
17,20,13,31,486,450,554
37,20,56,36,521,523,555
32,23,82,35,506,486,555
143,51,413,163,723,736,555
121,35,400,130,681,683,555
85,39,234,87,587,593,555
54,23,170,76,545,567,555
59,30,204,66,553,576,555
158,52,504,122,665,659,555
124,48,403,153,646,651,555
85,34,253,87,583,590,555
40,21,107,64,448,455,555
110,37,302,117,604,604,555
40,26,73,55,549,559,555
29,24,47,25,506,499,555
35,23,89,51,516,535,555
83,30,252,95,609,598,556
62,27,190,81,572,574,556
62,32,144,58,585,578,556
204,40,576,106,666,672,556
88,26,197,58,593,605,556
47,27,76,44,576,563,556
40,27,96,78,583,568,556
82,29,265,81,585,600,556
136,38,368,107,630,620,556
58,30,212,97,563,570,556
54,22,253,95,523,549,556
89,36,258,108,606,600,556
72,40,223,98,641,632,557
39,31,109,94,590,610,557
21,24,57,60,513,447,557
21,21,59,46,506,516,557
31,27,77,56,516,467,557
40,23,54,33,533,506,557
52,21,181,76,578,572,557
55,27,138,81,561,537,557
38,28,79,55,558,586,557
81,32,211,71,567,568,558
38,21,130,44,482,486,558
160,49,506,157,689,698,558
28,24,79,44,441,484,558
21,20,49,42,475,446,559
55,21,195,55,533,539,559
56,22,113,44,535,567,559
28,21,23,18,474,448,559
65,23,250,86,574,592,559
40,27,102,57,520,540,559
32,21,71,38,488,493,559
68,26,187,66,572,576,559
60,36,172,110,646,644,559
38,23,50,34,550,519,559
93,42,233,109,592,589,559
25,22,65,49,504,394,559
54,26,171,72,577,568,559
27,22,64,48,489,466,559
34,24,150,84,558,552,559
54,23,149,52,544,555,559
59,22,171,59,569,557,559
49,23,147,42,515,550,559
54,26,174,94,501,524,560
23,20,28,21,481,444,560
31,20,121,50,489,481,560
65,26,199,73,545,570,560
50,30,165,77,502,511,560
223,52,597,133,691,684,560
52,27,161,58,505,482,560
33,24,81,40,481,516,560
84,35,306,124,555,569,561
49,29,141,83,516,485,561
57,25,141,43,540,538,561
42,23,151,64,470,467,561
47,23,245,157,650,671,561
49,32,143,108,574,615,561
54,28,137,89,613,600,561
25,20,48,35,476,467,561
33,23,99,52,526,502,561
84,23,231,69,586,609,562
40,21,90,36,510,504,562
131,57,345,144,682,696,562
29,20,88,43,372,455,562
54,44,155,131,604,609,563
75,25,278,85,567,561,563
69,34,216,110,632,646,563
31,21,84,54,544,567,563
35,23,110,72,516,493,563
49,21,121,45,517,543,563
70,32,240,109,552,577,563
34,23,136,89,567,592,563
87,28,257,78,600,590,563
397,79,931,231,794,793,563
66,29,170,58,537,570,563
169,40,466,84,652,658,563
74,30,257,76,593,597,563
79,36,242,76,603,604,563
42,20,180,71,525,536,563
40,29,78,49,488,511,563
44,22,155,81,600,597,564
24,20,71,42,521,550,564
34,23,81,41,502,518,564
47,20,134,68,556,514,564
50,20,130,42,495,494,564
169,36,514,108,666,674,564
40,25,78,48,459,512,564
52,26,133,61,560,575,564
52,24,178,85,546,563,564
142,43,314,86,632,638,564
75,32,136,42,557,538,564
69,30,189,68,528,540,565
80,31,185,76,605,589,565
38,22,91,41,553,526,565
27,21,70,32,514,541,565
92,29,239,74,568,567,565
38,21,117,54,507,518,565
89,35,218,70,588,587,565
42,25,79,38,528,497,565
108,25,316,82,616,605,565
31,21,110,67,491,521,565
58,35,162,75,544,551,565
74,24,316,122,619,631,565
63,29,122,60,525,529,565
189,46,592,147,658,674,565
71,21,196,62,534,559,565
76,46,164,71,547,570,565
30,20,82,45,517,539,565
79,28,252,83,574,582,565
32,24,93,54,542,535,566
37,27,35,37,520,515,566
25,20,37,24,476,432,566
23,23,91,81,535,539,566
95,35,306,103,599,611,566
35,24,49,32,495,531,566
16,20,35,55,491,483,566
32,21,104,45,513,521,566
43,28,120,93,591,603,567
51,24,162,47,548,553,567
72,34,211,102,646,656,567
53,20,134,33,546,529,567
31,20,93,48,501,509,567
76,29,206,75,593,604,567
32,23,104,62,510,533,567
31,20,48,30,508,506,567
60,25,228,68,581,602,567
74,25,253,83,606,598,567
85,39,300,106,611,609,567
18,20,50,61,468,490,567
46,32,165,90,517,518,568
26,24,61,54,521,556,568
40,24,93,70,564,543,568
116,44,338,127,634,628,568
92,38,269,118,664,662,568
48,27,134,58,551,559,568
50,27,190,96,581,588,568
77,22,242,63,569,583,568
46,24,209,122,608,640,569
67,20,130,49,551,528,569
21,21,43,41,488,399,569
18,25,22,52,504,501,569
23,24,73,57,485,458,569
25,26,55,72,527,523,569
35,28,136,109,607,615,569
100,32,260,78,612,606,569
61,25,220,72,559,571,569
56,27,138,61,528,507,569
178,51,532,126,654,660,569
19,21,31,36,486,377,569
30,20,96,50,429,405,569
235,62,848,321,860,894,569
60,24,220,76,602,603,569
45,22,230,105,560,578,569
22,20,53,39,405,438,569
151,50,556,251,737,754,569
32,22,41,23,465,478,569
97,37,258,79,591,617,570
47,26,140,77,615,632,570
18,20,22,24,426,474,570
38,22,141,57,559,567,570
42,22,113,51,590,585,570
55,24,253,117,637,647,570
52,24,198,76,586,570,570
51,31,127,64,531,546,570
59,33,111,45,522,558,570
38,24,67,42,520,497,570
23,23,13,21,443,473,570
24,21,48,36,472,478,570
51,22,89,43,534,541,570
29,20,93,48,474,452,571
78,26,171,49,571,568,571
32,20,74,41,444,437,571
50,23,216,143,636,657,571
66,30,172,67,577,572,571
39,31,86,78,580,564,571
39,20,151,75,498,519,571
33,22,63,39,458,476,571
86,31,316,169,642,671,571
38,25,93,65,567,572,571
33,22,90,44,569,555,571
33,20,123,66,529,520,571
39,22,71,39,518,530,572
97,63,200,135,650,677,572
22,21,63,42,509,493,572
31,24,72,48,541,504,572
224,55,599,117,649,652,572
22,22,84,67,518,555,572
45,20,130,49,523,522,572
121,54,468,252,713,730,572
78,35,291,139,655,659,572
50,20,150,54,526,521,572
59,35,139,65,595,577,573
182,51,526,116,654,665,573
61,24,222,87,591,574,573
45,26,139,66,529,522,573
39,25,114,64,560,569,573
40,21,148,62,519,512,573
54,24,113,58,535,546,573
72,45,238,147,644,662,573
43,26,127,61,479,516,573
59,24,172,49,564,518,573
64,45,155,94,576,553,573
190,53,481,112,657,653,573
243,58,693,128,688,699,573
70,26,182,68,552,562,573
92,31,280,95,605,589,573
52,28,184,90,531,555,574
40,25,135,90,604,612,574
37,26,89,49,507,534,574
30,28,59,55,478,469,574
45,30,63,42,560,525,574
53,21,180,63,576,580,574
150,59,323,130,650,654,574
103,28,290,69,599,601,574
21,20,72,51,521,552,574
41,22,156,63,571,550,575
29,21,55,41,509,494,575
31,22,71,61,536,530,575
24,21,71,60,487,460,575
86,28,326,157,677,713,575
31,20,43,19,500,529,575
52,23,126,52,544,563,575
43,29,197,146,647,637,575
25,21,29,20,491,492,575
50,20,129,52,542,555,575
57,21,115,38,557,568,575
44,23,127,58,534,546,575
38,25,71,53,512,510,575
45,21,154,54,538,529,575
68,29,238,68,552,567,575
96,33,292,97,594,600,575
102,43,362,164,648,641,576
48,21,137,51,512,518,576
37,21,98,43,504,532,576
28,20,59,37,494,485,576
48,26,146,67,565,533,576
38,20,88,42,514,513,576
15,21,23,36,423,435,576
21,20,24,26,512,495,576
80,28,279,112,609,603,576
23,20,21,30,472,482,577
40,24,95,54,537,541,577
77,49,195,127,628,622,577
150,62,485,232,721,746,577
28,20,133,100,552,591,577
79,45,239,135,635,673,577
110,38,372,149,663,677,577
88,35,405,171,621,640,577
64,34,213,108,555,578,577
130,38,435,121,641,657,577
35,21,101,65,507,509,577
36,24,117,74,555,586,577
108,37,306,103,645,659,577
40,20,77,37,532,544,578
63,36,264,144,646,654,578
44,20,125,45,564,541,578
15,21,18,31,417,398,578
35,26,108,52,548,543,578
56,23,145,63,552,552,578
86,23,340,87,539,571,578
19,20,52,61,526,536,578
71,29,170,70,599,598,578
45,24,115,73,509,500,578
174,55,607,178,738,747,578
55,23,167,60,557,596,578
79,45,213,150,646,682,578
40,26,150,83,480,525,579
32,20,115,62,506,524,579
81,27,203,75,580,583,579
30,25,44,35,406,452,579
42,23,130,59,511,548,579
35,20,54,27,499,502,579
101,35,294,107,651,658,579
32,21,93,56,536,524,579
261,71,811,299,837,838,579
49,24,142,61,488,472,579
100,50,358,232,712,732,579
31,21,68,45,452,482,579
60,30,190,81,601,638,579
198,54,560,145,694,692,579
92,48,447,250,704,718,579
42,22,97,34,519,495,580
33,26,152,119,606,606,580
49,23,133,47,547,537,580
118,30,324,78,607,626,580
238,60,665,162,734,735,580
25,20,38,30,497,471,580
30,23,89,44,491,501,580
38,24,117,66,527,534,580
48,20,180,81,555,552,580
50,22,147,46,492,518,580
67,36,123,48,529,537,580
89,37,290,135,595,610,581
85,31,246,102,595,611,581
133,39,503,182,688,708,581
29,20,55,34,487,458,581
39,29,79,56,554,539,581
62,22,234,77,595,601,581
59,30,173,78,565,577,581
48,20,159,66,570,556,581
45,21,82,42,515,537,581
32,20,63,36,506,511,581
86,29,284,110,620,615,582
72,28,209,86,531,550,582
54,34,137,105,603,627,582
60,20,150,65,520,555,582
45,21,130,51,539,540,582
67,30,243,104,602,628,582
40,20,60,24,546,516,582
161,57,377,129,646,642,582
55,25,282,139,645,664,583
99,30,334,77,614,596,583
60,25,150,56,555,561,583
63,24,127,55,582,544,583
49,24,146,57,532,540,583
40,21,131,68,545,552,583
62,25,185,73,533,518,583
84,28,283,88,575,576,583
48,21,122,53,483,507,583
83,29,243,76,619,613,583
30,20,79,43,481,467,583
61,36,190,93,612,616,583
32,21,73,41,532,537,583
29,20,56,33,515,456,583
40,27,106,54,503,521,583
31,20,52,32,522,556,583
31,21,52,33,501,450,583
34,26,66,44,518,514,584
68,24,184,47,577,595,584
34,21,153,115,608,610,584
43,21,98,28,505,508,584
39,21,106,46,494,507,584
49,24,205,82,552,575,584
77,45,308,203,669,698,584
80,37,204,86,600,625,584
54,24,149,62,524,526,584
34,21,91,54,475,491,585
88,38,291,129,580,571,585
18,20,61,54,488,521,585
89,36,262,99,597,577,585
24,22,32,38,461,541,585
40,23,175,94,480,479,585
48,21,138,54,514,491,585
46,25,76,43,510,527,585
56,23,172,87,529,543,586
72,35,176,84,613,617,586
18,20,42,40,448,448,586
85,39,232,101,561,570,586
27,21,68,40,486,444,586
161,38,423,69,628,648,586
327,88,817,264,787,785,586
38,20,136,52,522,551,586
217,56,535,132,660,655,586
135,43,426,123,651,654,586
95,37,360,132,632,629,586
37,21,94,54,501,474,586
30,25,67,56,537,532,586
82,33,198,94,600,574,586
49,24,122,47,576,561,587
30,24,99,60,495,505,587
44,26,70,44,564,570,587
239,58,638,111,667,674,587
51,29,112,57,549,573,587
35,20,102,54,530,531,587
49,22,127,46,503,527,587
46,20,131,51,578,587,588
57,25,151,56,560,578,588
86,25,267,76,592,606,588
43,27,147,76,532,562,588
62,27,225,70,562,562,588
101,28,348,80,608,609,588
75,27,186,56,566,570,588
42,25,109,68,555,549,588
120,41,354,110,618,624,588
69,24,195,57,544,556,588
27,24,68,63,418,491,588
43,25,98,49,570,482,588
56,34,226,107,550,560,588
41,20,84,34,521,557,588
135,39,385,90,647,643,588
27,22,38,29,443,444,589
75,31,356,154,600,620,589
39,23,192,108,560,576,589
90,31,274,76,574,572,589
96,38,307,101,587,579,589
72,31,219,87,575,562,589
33,22,63,43,494,511,589
53,26,106,41,539,568,589
104,28,274,65,599,614,589
39,21,116,60,492,465,589
198,76,583,283,757,778,589
40,22,97,62,551,560,589
67,34,185,95,560,586,589
161,30,487,83,661,674,589
55,23,174,59,551,536,589
364,79,912,188,812,827,589
30,21,73,38,519,497,589
60,27,207,66,522,521,589
30,22,70,49,525,506,589
40,27,77,50,546,545,590
56,35,176,93,629,630,590
60,24,184,58,576,571,590
21,22,37,38,501,501,590
53,27,196,120,620,631,590
68,26,201,80,573,589,590
78,33,223,98,601,592,590
45,23,248,131,589,572,590
93,22,279,68,580,597,590
25,20,41,33,527,491,591
97,31,329,82,608,610,591
40,20,111,57,492,499,591
28,21,67,48,488,517,591
43,20,90,37,559,540,591
252,68,699,173,695,708,591
66,35,130,62,560,554,591
28,21,46,48,543,553,591
20,20,57,40,463,478,591
36,20,106,51,530,463,592
18,23,44,51,491,487,592
40,28,110,82,573,559,592
55,29,170,72,548,526,592
97,37,312,106,602,590,592
164,41,506,122,654,654,592
57,26,134,56,549,542,592
56,22,159,52,522,555,592
57,21,139,45,575,547,592
33,21,75,48,512,479,592
55,29,169,63,559,531,593
92,45,236,87,578,597,593
105,36,271,92,617,606,593
60,37,189,108,566,571,593
88,32,219,63,599,594,593
40,25,91,58,524,518,593
74,27,266,84,583,599,593
36,21,120,52,512,508,593
66,22,224,80,549,577,593
64,23,189,65,524,516,593
114,39,464,232,721,728,593
60,31,138,60,535,545,593
197,66,579,221,668,683,593
230,52,732,138,688,682,593
80,26,229,77,554,572,593
174,60,477,104,677,691,593
36,31,115,86,491,457,593
32,20,73,46,510,507,593
96,40,303,158,654,652,594
65,29,230,103,527,540,594
31,26,55,35,486,484,594
53,24,155,76,520,518,594
162,47,537,127,659,664,594
82,36,281,90,591,598,594
61,23,250,101,552,534,594
22,20,94,63,493,489,594
68,34,257,121,635,646,595
213,45,725,140,695,694,595
36,31,66,55,583,583,595
72,28,218,69,574,542,595
33,24,94,63,502,538,595
45,30,106,84,593,606,595
49,25,154,85,616,620,595
28,22,56,40,478,502,595
30,26,62,45,528,508,595
56,28,165,69,531,555,595
56,25,141,54,531,560,595
49,33,155,81,539,547,595
103,53,321,138,617,610,595
18,21,52,46,516,530,595
28,22,84,72,514,525,595
63,26,144,57,562,571,596
38,22,128,78,528,528,596
50,22,165,66,547,570,596
191,61,615,226,721,714,596
62,26,264,95,590,592,596
73,37,212,103,590,570,596
62,33,201,95,579,585,596
97,42,228,78,607,589,596
51,21,185,65,513,505,596
53,25,206,69,515,536,596
59,40,216,139,630,632,596
46,21,135,56,522,555,596
187,44,547,127,663,675,597
93,40,310,132,602,613,597
433,83,970,185,779,787,597
147,43,498,152,693,706,597
32,20,97,51,466,503,597
45,29,113,85,609,614,597
43,27,121,76,548,540,597
39,24,114,62,512,473,597
43,20,122,58,488,520,598
44,24,168,82,531,551,598
27,20,82,37,477,471,598
34,20,98,53,516,512,598
40,20,99,51,565,560,598
35,22,76,38,515,513,598
71,26,197,78,529,564,599
93,39,391,209,682,724,599
55,20,192,62,544,554,599
49,26,180,95,557,565,599
60,28,204,80,525,532,599
86,44,356,192,607,634,599
87,43,287,120,610,598,599
38,23,65,32,520,531,599
56,21,195,79,535,530,599
33,22,69,57,539,525,599
42,21,99,42,551,571,599
58,21,148,53,567,584,599
92,28,343,105,618,629,599
86,34,235,77,588,613,600
251,57,766,175,693,697,600
87,38,221,109,546,553,600
49,22,161,64,544,526,600
40,23,134,68,529,518,600
52,27,104,50,565,569,600
49,25,145,70,612,609,600
24,21,49,41,503,425,600
24,22,42,42,482,495,600
52,24,177,79,550,548,600
22,22,32,29,451,465,600
70,39,210,113,645,655,600
60,27,167,63,572,542,601
64,21,160,64,536,571,601
55,24,155,60,549,537,601
46,23,128,47,540,566,601
46,22,122,72,521,490,601
30,21,65,33,447,460,601
110,43,413,208,682,690,601
74,39,220,128,562,571,601
42,20,153,62,565,548,601
122,55,405,134,606,608,602
112,41,366,111,632,633,602
158,31,450,86,630,650,602
133,33,393,73,645,655,602
40,27,144,121,613,611,602
33,20,58,37,485,513,602
42,25,134,63,554,533,602
53,27,145,73,489,534,602
59,25,210,69,545,563,603
51,29,150,80,501,516,603
190,52,701,255,764,783,603
171,41,507,93,659,669,603
63,41,127,100,619,624,604
55,33,183,92,609,628,604
59,32,186,79,556,527,604
79,31,164,63,568,558,604
64,39,216,95,571,587,604
59,24,136,46,528,552,604
58,26,156,59,582,573,604
48,25,139,58,574,585,604
89,48,227,131,601,600,604
94,33,315,104,608,595,604
129,38,466,159,700,706,604
17,21,15,23,457,399,604
27,22,49,62,535,518,605
46,23,338,211,660,698,605
36,26,75,44,443,487,605
37,24,91,62,531,533,605
101,32,307,122,625,623,605
168,51,411,120,671,660,605
67,23,206,61,573,587,605
50,38,181,136,647,657,605
82,41,213,116,577,590,605
41,29,170,125,633,643,605
22,20,20,22,440,462,606
151,59,531,240,688,688,606
31,21,141,109,580,602,606
63,30,205,92,612,622,606
59,26,160,60,536,553,606
25,22,56,50,503,494,606
172,41,456,106,665,655,607
161,43,470,119,617,614,607
385,74,964,175,735,743,607
153,45,499,130,627,638,607
44,21,115,61,504,557,607
48,33,182,127,602,613,607
49,28,104,52,550,541,607
62,24,193,77,588,585,607
64,25,214,84,576,563,607
143,45,405,103,620,620,607
77,33,220,91,595,565,607
57,21,192,64,585,572,607
45,22,106,61,546,540,607
35,20,106,45,519,538,607
27,24,95,70,575,593,607
79,29,192,68,560,588,607
34,21,111,50,485,488,607
23,22,62,48,505,516,608
32,21,169,76,507,533,608
33,22,106,53,511,523,608
102,43,288,104,622,612,608
55,29,158,71,541,545,608
73,29,249,66,563,586,609
38,22,100,41,522,524,609
85,34,227,51,593,586,609
35,20,59,31,505,500,609
28,22,73,39,518,527,609
20,27,20,39,435,495,610
28,21,72,44,508,519,610
76,39,275,181,664,680,610
36,20,70,30,518,515,610
162,41,399,88,651,647,610
190,40,551,157,680,688,610
26,21,38,25,489,518,610
99,32,334,98,607,607,610
53,26,149,63,547,541,610
36,24,89,42,537,535,611
75,30,243,69,546,590,611
88,39,302,127,616,602,611
71,27,275,96,622,618,611
21,20,78,46,450,480,611
64,26,163,79,557,547,611
40,27,72,40,549,516,611
46,25,162,77,533,517,611
102,38,343,139,617,607,612
41,20,95,53,499,530,612
363,106,827,337,863,884,612
84,24,303,78,607,594,612
30,20,60,29,511,533,612
85,31,280,78,559,561,612
33,22,82,46,498,464,612
67,34,264,122,644,654,612
36,29,131,85,524,537,612
122,24,386,74,620,624,613
65,30,222,93,589,600,613
64,26,187,70,594,583,613
43,27,66,62,466,441,613
194,64,495,154,660,666,613
34,23,84,52,526,539,613
76,43,266,124,607,598,613
109,44,416,211,695,701,613
142,49,406,114,671,656,613
68,35,341,191,686,709,613
63,28,214,81,568,578,613
34,21,90,44,524,551,613
96,31,338,93,619,622,613
75,33,329,123,548,518,614
133,53,567,275,727,744,614
66,29,186,71,502,495,614
155,59,529,248,725,742,614
133,44,381,130,636,648,614
107,46,271,97,629,628,614
249,72,768,201,715,721,614
46,25,191,94,612,631,614
38,21,86,62,565,552,614
77,30,186,77,619,640,615
24,20,25,33,457,381,615
31,20,76,40,486,487,615
31,26,62,50,542,521,615
49,21,129,49,514,519,615
51,22,146,44,545,545,615
54,34,120,78,586,598,616
93,27,231,66,616,607,616
30,21,42,20,531,507,616
77,27,311,111,557,551,616
35,22,70,33,531,521,617
27,24,34,23,497,465,617
39,20,114,49,535,517,617
46,21,177,63,545,543,617
46,21,78,34,503,519,617
65,41,291,165,651,684,617
21,20,44,34,483,467,617
47,30,136,65,565,583,617
47,27,126,55,542,516,617
34,21,61,48,569,534,617
55,30,183,123,630,624,617
36,24,67,48,465,495,617
50,28,106,53,563,595,617
59,21,159,48,565,557,617
33,25,99,58,511,521,617
40,22,105,56,538,526,618
33,25,91,57,540,552,618
33,26,156,121,592,625,618
149,34,589,145,657,665,618
258,63,781,225,811,819,618
34,21,158,79,557,529,618
47,22,100,35,536,508,618
52,25,142,54,560,540,618
53,36,122,92,595,581,618
37,22,87,37,451,461,618
54,31,156,57,562,530,618
74,22,275,71,568,580,619
20,21,33,41,532,477,619
68,20,224,55,578,583,619
118,36,284,92,620,621,619
76,23,231,56,578,586,619
30,31,79,73,523,536,619
50,34,129,78,544,532,619
55,39,102,82,603,590,619
137,50,328,121,636,630,620
22,25,49,45,398,414,620
186,72,607,324,810,818,620
46,20,115,37,546,556,620
36,22,93,60,571,580,620
41,25,73,55,580,585,620
63,27,134,63,521,543,620
91,39,240,79,627,619,620
97,38,263,80,604,606,620
151,42,359,110,684,701,620
57,29,138,65,550,517,620
121,31,426,99,627,620,620
53,26,125,34,545,563,620
96,37,254,75,589,589,620
70,25,214,82,588,597,621
41,25,177,90,578,564,621
175,43,554,137,681,688,621
127,38,385,128,632,637,621
160,54,483,137,672,682,621
38,22,133,72,546,567,621
16,22,17,24,481,427,621
29,21,92,72,541,542,621
34,26,107,75,514,484,621
113,34,327,80,612,616,621
178,64,503,199,682,689,621
56,32,134,46,537,548,621
108,43,289,104,603,614,621
26,30,19,35,486,449,621
65,26,101,59,585,585,622
28,28,71,61,591,562,622
27,20,65,50,509,537,622
16,20,36,46,433,472,622
48,30,71,35,562,554,622
58,21,208,71,539,574,622
50,36,91,40,550,524,622
111,58,324,137,641,626,622
42,21,137,55,527,568,622
40,29,112,72,511,518,622
39,26,104,57,505,514,622
149,73,547,308,760,786,622
65,28,192,86,573,592,622
64,25,158,61,568,563,622
45,22,107,45,518,537,622
44,21,129,46,513,524,622
81,38,212,76,604,593,622
47,21,202,100,498,507,622
27,20,96,47,514,539,623
58,24,187,63,538,546,623
25,21,33,37,436,501,623
65,28,165,72,542,570,623
73,56,248,198,669,669,623
58,32,124,86,594,609,623
78,25,266,83,590,597,623
77,28,305,117,612,610,623
50,27,103,44,534,527,623
38,34,91,78,550,567,623
83,33,246,88,571,560,623
33,25,74,50,503,486,624
18,20,30,33,446,461,624
56,29,169,64,557,539,624
80,35,210,90,618,642,624
46,34,83,60,601,584,624
58,22,151,42,537,571,624
30,27,89,81,584,589,624
73,25,265,95,643,665,624
29,21,64,38,478,512,624
99,28,261,56,597,568,625
43,21,119,56,518,546,625
27,21,51,38,484,514,625
65,23,223,87,585,607,625
49,26,131,94,602,622,625
40,22,106,46,541,561,625
37,23,104,57,549,581,625
90,27,300,90,600,623,625
57,23,180,76,560,571,625
184,33,547,92,652,655,625
157,37,375,93,648,633,625
34,21,98,49,578,594,625
76,26,217,81,530,526,625
155,43,520,153,666,668,625
20,20,39,24,456,466,625
76,35,238,116,589,575,625
109,45,379,139,598,614,625
38,21,114,49,516,512,626
31,24,35,32,495,459,626
44,29,120,81,573,564,626
27,22,38,28,430,388,626
16,22,33,45,456,448,626
124,41,414,138,628,620,626
33,20,81,33,504,500,626
30,22,78,33,475,453,626
62,31,261,132,642,656,627
30,28,74,58,532,509,627
54,25,193,63,541,531,627
62,25,163,68,564,572,627
58,27,146,52,535,523,627
60,37,172,99,613,649,628
25,21,55,37,495,493,628
64,24,179,60,563,567,628
62,24,203,73,537,556,628
47,23,144,55,525,548,628
40,21,59,31,554,539,628
55,20,172,69,533,571,628
39,26,73,39,524,488,628
43,29,115,62,586,594,628
27,22,67,49,500,506,629
42,25,126,55,509,503,629
129,33,436,110,598,602,629
46,25,156,111,606,617,629
65,35,204,105,610,612,629
34,21,122,84,576,599,629
27,23,59,54,429,434,629
33,20,74,37,468,473,629
65,31,332,163,672,691,629
16,20,21,25,444,422,629
31,21,89,67,580,590,629
24,20,34,25,486,484,629
26,20,67,37,483,488,629
39,25,79,37,481,503,629
18,20,50,45,498,503,629
24,20,82,39,441,456,629
228,72,745,201,697,707,629
98,34,284,76,583,592,629
94,55,282,171,662,669,629
32,26,80,70,550,547,629
46,23,155,62,548,537,630
44,25,90,42,522,504,630
38,20,119,41,534,518,630
30,21,110,89,576,556,630
65,25,173,63,572,580,631
54,28,145,67,556,531,631
45,24,116,66,598,630,631
142,39,370,107,639,647,631
56,25,185,75,554,583,631
160,53,604,201,688,676,631
37,22,135,77,517,526,631
33,20,95,52,545,549,631
41,20,137,51,514,554,631
106,32,227,77,603,584,631
33,20,50,33,510,473,631
35,23,56,30,530,448,632
112,34,234,74,630,620,632
58,29,153,59,565,587,632
35,22,130,66,523,510,632
85,34,215,65,562,570,632
66,20,216,63,537,552,632
230,108,591,267,762,774,632
80,26,246,101,628,633,632
33,20,105,53,516,541,632
102,38,332,107,597,596,632
66,31,158,56,504,533,632
67,28,212,82,575,595,632
65,27,229,85,590,592,632
65,27,119,43,581,570,632
124,40,310,93,625,629,632
154,49,585,257,711,737,632
48,29,175,80,485,518,632
44,20,131,62,584,570,632
26,20,49,30,495,413,633
72,28,201,77,592,581,633
39,20,151,54,501,409,633
26,21,76,42,557,578,633
57,27,188,71,552,550,633
53,26,183,75,542,542,633
39,21,127,61,512,522,633
68,27,207,81,568,574,633
35,22,128,75,444,474,634
99,38,280,89,612,617,634
71,38,228,101,589,573,634
285,74,789,238,727,727,634
61,41,154,93,577,579,634
55,25,177,73,562,577,634
39,21,126,92,585,607,634
32,23,73,33,514,521,634
88,34,286,121,672,679,634
42,24,160,69,539,515,635
94,36,313,110,609,622,635
37,25,72,44,523,513,635
57,35,102,56,561,551,635
53,29,156,48,576,586,635
58,26,171,70,570,577,635
98,39,264,87,590,600,635
76,28,305,86,547,557,635
141,29,533,77,643,650,635
32,20,48,26,505,545,636
83,39,260,81,583,581,636
43,32,118,84,558,568,636
30,20,136,78,592,593,636
166,48,370,95,634,650,636
150,52,385,112,640,646,636
52,27,124,52,560,525,636
57,27,144,54,541,531,636
17,21,27,38,455,476,636
40,35,59,53,552,501,636
53,22,116,63,515,517,636
146,49,620,295,765,772,636
35,22,104,69,533,540,637
55,23,139,56,489,508,637
103,48,367,123,635,641,637
44,22,111,59,547,572,637
47,22,164,58,532,540,637
156,79,517,339,763,784,637
166,45,462,141,687,697,637
222,51,728,234,736,730,637
76,23,192,50,573,573,637
239,45,675,144,693,698,637
81,28,262,90,618,627,637
56,22,129,45,553,549,637
55,25,279,161,634,650,637
31,20,62,36,493,531,637
34,21,159,70,508,516,637
39,23,138,68,521,494,637
14,20,17,36,419,431,637
61,37,148,84,602,611,638
57,23,132,52,548,567,638
52,20,155,48,520,553,638
31,21,100,56,503,511,638
41,28,287,207,657,697,638
30,21,74,40,475,507,638
34,29,89,59,536,512,638
33,25,48,35,501,427,638
72,25,168,54,570,567,639
32,21,133,84,549,558,639
51,26,110,49,512,477,639
157,49,478,172,655,660,639
150,68,328,150,664,675,639
114,35,416,137,638,629,639
32,22,64,36,500,491,639
22,20,80,53,543,545,640
31,21,83,55,566,553,640
133,42,337,109,664,661,640
45,24,121,74,587,598,640
21,22,58,67,525,524,640
44,27,135,73,607,605,640
39,20,91,48,500,487,640
26,21,93,68,515,557,640
62,26,210,65,555,532,640
68,44,160,86,540,577,640
68,27,253,90,628,620,641
51,26,101,62,569,583,641
43,20,114,52,533,535,641
58,30,201,77,556,561,641
33,21,70,32,525,515,641
76,39,238,108,562,566,641
35,25,89,68,531,537,641
70,35,225,86,544,535,641
40,21,112,57,532,512,641
95,33,249,82,594,594,641
45,20,123,66,538,501,641
50,22,154,56,501,531,641
45,24,89,49,536,551,641
88,34,278,98,574,604,642
38,21,145,68,502,513,642
177,42,763,292,795,810,642
30,20,95,44,482,435,642
46,22,145,60,527,522,642
18,21,17,32,477,440,642
33,21,84,45,479,508,642
42,21,138,58,508,528,642
62,26,207,78,554,581,642
45,21,154,60,549,560,642
31,20,109,59,502,546,643
158,46,376,104,614,609,643
24,20,51,33,505,449,643
39,24,93,28,513,556,643
25,21,47,36,517,514,643
23,20,53,50,539,546,643
36,27,31,35,458,478,643
20,20,23,30,487,451,643
19,21,30,32,450,453,643
67,32,219,97,558,558,643
84,33,284,98,584,606,643
50,22,100,41,497,484,643
29,23,65,51,495,508,644
78,29,233,81,552,549,644
24,22,46,39,284,0,644
38,28,71,57,505,505,644
90,27,266,70,586,602,644
28,24,115,82,546,548,644
37,26,121,58,510,485,644
83,33,242,83,577,590,645
80,39,229,107,587,593,645
29,23,94,52,517,493,645
152,52,622,328,783,798,645
88,31,222,77,599,596,645
53,37,209,156,618,651,645
56,26,124,52,525,534,645
164,62,419,142,674,650,645
226,83,643,302,811,819,645
72,28,282,78,608,600,645
35,22,69,46,497,521,645
24,24,47,24,486,495,645
27,24,30,33,458,451,645
90,38,312,164,591,605,645
232,75,755,237,731,736,645
54,23,212,78,544,527,645
62,33,191,80,541,544,645
38,24,73,45,510,487,645
17,20,15,27,461,360,645
74,28,284,125,560,578,645
89,37,270,120,614,622,645
67,24,234,65,557,548,646
88,28,266,71,600,590,646
119,32,454,113,635,642,646
27,23,37,32,497,501,646
27,21,50,27,528,489,646
39,22,136,55,530,538,646
65,24,248,72,572,598,646
21,21,24,30,489,482,646
88,40,254,101,592,613,646
109,50,332,134,619,624,646
196,49,587,122,658,669,646
64,36,410,237,684,731,646
151,47,493,173,663,678,646
242,51,778,196,750,776,646
159,48,494,154,672,677,646
38,21,113,61,500,481,647
22,24,42,37,360,441,647
40,25,121,63,508,507,647
75,29,177,86,634,646,647
62,23,141,52,539,484,647
39,24,60,34,557,577,647
29,26,80,61,508,441,647
51,21,112,51,526,538,647
60,32,141,55,539,522,648
32,20,55,30,418,405,648
39,20,65,26,514,548,648
273,43,798,134,706,705,648
48,21,163,57,512,561,648
29,22,72,55,535,563,648
32,22,39,33,524,478,648
67,40,329,162,687,692,648
76,28,232,70,532,540,648
113,38,259,86,602,638,649
52,30,139,69,537,534,649
57,27,130,53,571,560,649
25,21,127,104,574,601,649
51,31,187,127,579,602,649
25,20,46,31,518,481,649
45,29,36,31,559,548,649
117,45,334,146,642,646,649
127,46,410,120,619,617,649
43,28,174,89,532,539,649
156,46,530,123,656,664,649
70,40,196,98,524,546,649
56,31,170,78,538,552,650
26,23,85,44,455,424,650
80,27,217,49,564,566,650
91,32,258,75,563,561,650
41,26,134,68,522,519,650
64,26,209,60,560,564,650
113,48,450,183,716,720,650
118,46,345,126,654,663,650
63,22,147,56,563,603,650
93,61,245,176,680,685,650
42,29,144,81,565,569,650
66,30,220,79,553,567,650
32,29,143,117,580,595,650
32,22,64,44,480,533,650
60,33,175,85,530,554,651
18,23,22,36,491,489,651
48,23,114,65,561,633,651
122,47,554,304,767,788,651
93,40,267,102,625,596,651
38,22,99,38,520,543,652
54,25,148,69,509,533,652
87,40,330,151,650,665,652
204,42,607,150,694,708,652
208,50,779,276,783,801,652
54,36,142,88,596,610,652
83,27,268,78,638,637,652
18,21,37,33,511,458,652
79,37,238,98,591,596,652
42,28,107,65,529,540,652
48,25,117,56,567,562,652
43,24,120,58,512,519,652
76,21,267,92,581,606,653
45,27,109,62,524,515,653
52,22,143,47,570,549,653
40,25,106,43,513,524,653
76,26,263,65,539,574,653
73,39,229,94,583,565,653
34,23,45,22,517,495,653
201,70,590,156,687,686,653
76,41,219,105,643,660,653
34,21,103,67,493,517,653
204,44,655,146,671,668,654
353,64,889,137,744,741,654
106,33,279,71,611,627,654
43,26,148,94,609,602,654
49,20,179,57,552,559,654
49,23,141,63,510,545,654
28,20,89,60,549,528,654
69,51,210,117,615,627,655
99,32,265,73,579,581,655
77,32,197,102,606,612,655
35,23,123,74,539,531,655
22,21,49,45,529,503,655
35,29,57,43,554,586,655
37,22,79,46,528,526,655
51,21,83,36,530,534,656
44,20,106,42,530,541,656
72,28,202,62,587,597,656
103,47,383,209,684,716,656
29,22,57,44,545,545,656
29,21,97,55,502,506,656
25,20,52,37,521,507,656
40,29,86,59,489,517,657
104,46,278,131,615,608,657
96,44,324,150,598,590,657
60,24,175,63,558,563,657
19,24,18,34,497,466,657
31,22,151,88,521,520,657
32,22,76,46,518,493,657
50,28,118,67,573,551,657
39,20,160,62,521,548,657
55,27,154,70,546,544,658
108,45,303,132,656,677,658
30,20,48,29,514,495,658
72,26,221,57,555,574,658
56,22,176,61,524,529,658
95,37,350,143,632,647,658
44,20,140,52,540,571,658
36,21,114,63,504,514,658
73,34,150,67,528,553,658
17,23,15,27,485,360,658
36,25,66,53,550,547,658
148,45,606,238,754,767,658
47,25,132,92,542,559,658
132,62,529,264,699,706,658
102,33,291,82,588,582,658
78,29,193,79,542,597,658
78,28,249,92,546,546,659
54,25,148,56,566,570,659
146,44,589,228,743,759,659
136,39,445,109,644,663,659
51,22,175,65,530,566,659
329,72,810,211,746,752,659
248,39,772,126,706,714,659
61,25,149,50,564,553,659
195,52,596,178,690,719,659
83,31,368,104,614,639,659
366,76,972,243,852,867,659
62,29,188,74,578,536,659
52,28,135,88,576,596,659
37,23,50,37,524,560,659
139,40,350,110,639,646,659
78,32,207,62,571,583,659
51,20,123,57,516,521,659
54,26,98,36,568,567,659
26,20,72,46,540,525,659
29,21,84,56,482,526,659
155,37,369,85,637,629,660
100,24,290,54,614,613,660
62,26,192,70,572,582,660
116,24,343,60,623,618,660
54,23,221,81,585,595,660
40,21,82,40,535,514,660
52,24,189,75,523,576,660
111,56,340,196,693,699,660
41,23,176,68,479,510,660
46,23,131,51,518,530,660
29,23,131,88,500,477,660
52,33,67,38,548,599,660
40,23,149,78,512,495,661
54,25,130,44,567,564,661
64,24,166,57,569,575,661
52,20,166,55,532,551,661
142,52,409,133,619,626,661
197,69,609,248,696,709,661
88,41,251,104,611,599,661
104,26,373,107,627,625,661
132,51,400,165,692,708,661
21,21,35,35,451,452,661
68,36,162,76,556,569,662
94,35,251,90,610,627,662
36,21,53,37,520,491,662
47,22,203,64,553,565,662
55,27,173,80,563,573,662
46,29,175,89,532,546,662
38,23,83,41,461,465,662
37,20,97,55,489,495,662
52,20,153,58,543,528,662
133,38,397,95,653,666,663
38,22,137,68,473,454,663
58,23,150,61,563,551,663
42,21,134,67,559,582,663
59,36,138,76,556,557,663
42,24,96,44,551,540,663
34,21,120,73,588,567,663
54,28,142,73,572,556,663
38,23,111,63,564,587,663
25,25,33,31,479,459,663
64,25,173,63,567,544,663
60,29,184,89,598,632,663
70,29,164,45,572,539,664
39,23,82,47,523,489,664
48,33,137,105,610,623,664
44,21,226,119,613,621,664
29,21,45,31,482,503,664
105,38,285,96,598,590,664
44,21,101,43,516,547,664
40,28,106,44,521,525,664
20,22,38,30,470,514,664
24,20,75,63,539,546,664
78,33,213,58,638,637,664
15,20,27,40,473,448,664
55,36,198,143,653,670,665
57,31,133,64,582,589,665
43,26,119,74,587,606,665
20,24,38,50,475,508,665
61,31,184,87,555,561,665
31,25,61,47,498,510,665
45,36,128,94,599,600,665
71,31,208,95,560,567,665
36,21,123,59,491,513,665
113,45,375,157,652,642,665
45,22,98,44,509,505,665
71,35,146,59,589,576,665
50,32,171,112,621,636,665
30,22,50,28,482,464,665
30,20,49,35,449,445,665
59,39,102,74,589,617,665
75,28,212,65,600,605,665
71,29,228,93,563,559,665
103,35,309,93,611,617,665
52,20,177,64,517,536,666
21,22,41,50,471,451,666
124,51,260,98,619,612,666
32,26,90,57,401,408,666
26,26,73,69,411,379,666
115,52,374,166,623,623,666
44,22,131,38,542,552,666
36,20,117,53,502,507,666
30,23,96,45,487,507,667
33,20,26,25,488,459,667
161,50,352,97,632,624,667
87,41,241,82,553,563,667
148,43,581,211,699,710,667
39,35,121,96,532,494,667
66,22,188,53,571,567,667
55,22,110,31,531,498,667
24,24,60,52,495,485,668
33,21,66,44,531,540,668
34,21,112,58,473,445,668
85,55,196,132,647,670,668
56,26,173,65,561,546,668
190,47,492,91,663,653,668
25,22,75,48,507,478,668
81,28,231,82,574,578,668
145,60,617,295,755,772,668
23,24,89,73,472,470,668
38,21,87,36,540,518,668
81,28,214,59,579,585,668
59,28,182,105,575,578,668
71,25,201,49,551,562,668
210,51,637,194,695,699,668
93,34,311,119,620,617,668
44,21,127,60,530,517,668
97,36,329,103,614,619,668
93,45,254,87,591,589,668
146,37,459,117,663,668,668
47,30,178,83,548,551,668
36,21,77,45,529,539,668
89,24,247,73,571,563,669
102,47,340,163,687,704,669
60,27,196,63,598,585,669
25,20,53,42,495,473,669
41,20,136,63,529,530,670
22,20,35,36,426,497,670
33,30,36,44,481,504,670
113,44,333,124,622,636,670
91,32,251,77,609,625,670
44,21,110,50,510,552,670
110,46,276,121,600,586,670
51,28,262,179,668,690,670
106,53,304,145,686,712,670
57,21,207,71,540,513,670
23,24,34,34,439,460,670
36,25,97,49,529,521,670
91,27,281,78,598,598,671
159,51,402,135,658,651,671
50,24,102,40,513,517,671
31,25,55,48,518,516,671
40,23,119,60,535,547,671
22,25,60,54,532,489,671
135,54,393,150,635,638,671
63,36,168,97,574,573,671
85,26,411,190,683,692,671
33,21,92,45,514,510,671
49,22,167,89,583,599,671
74,52,270,198,677,697,671
35,24,79,42,422,460,672
19,21,24,19,418,429,672
53,29,170,104,607,636,672
46,24,151,77,507,524,672
54,31,163,76,528,534,672
95,33,330,140,683,680,672
30,30,22,35,490,549,672
48,21,94,39,549,534,672
43,26,117,72,526,538,672
23,21,39,40,480,507,672
57,27,161,66,542,528,672
51,25,136,70,586,606,672
42,21,87,36,489,501,672
28,26,53,40,503,514,672
31,22,116,57,475,425,672
49,25,146,61,574,542,673
124,46,427,129,616,614,673
33,20,90,56,498,525,673
35,24,122,79,547,568,673
54,29,143,61,482,510,673
52,20,125,43,530,540,673
55,30,169,90,635,620,673
153,48,465,127,667,666,673
44,22,116,50,590,589,673
39,20,106,42,528,523,673
48,21,154,79,590,572,673
90,38,178,78,558,581,674
40,23,171,98,517,553,674
22,21,38,33,464,436,674
171,53,609,235,695,705,674
111,50,402,209,630,632,674
36,21,105,67,469,472,674
51,21,143,49,571,578,674
66,34,165,71,570,570,674
38,29,82,58,572,509,674
195,51,543,138,642,650,675
43,21,116,61,505,538,675
30,20,85,48,500,544,675
62,23,208,77,560,568,675
63,24,227,69,577,587,675
125,48,269,107,632,630,675
38,22,72,41,468,513,675
42,25,113,66,516,508,675
51,25,214,80,507,524,675
90,23,333,83,592,614,675
26,29,58,59,503,531,675
86,37,234,114,621,641,676
169,37,429,94,647,653,676
33,21,160,107,604,611,676
68,25,173,69,580,560,676
163,38,552,127,639,649,676
67,21,267,69,601,576,676
25,21,54,45,496,528,676
40,22,143,92,589,595,676
62,21,150,50,557,570,676
41,20,144,54,516,534,676
25,24,44,40,443,442,677
54,21,126,58,545,573,677
26,20,80,52,487,515,677
53,23,214,106,539,567,677
28,21,68,49,452,451,677
42,22,92,44,566,546,678
68,41,173,111,594,625,678
19,22,28,39,497,536,678
190,61,516,125,659,663,678
47,28,138,60,550,552,678
64,22,242,68,564,569,678
29,20,56,22,538,490,678
127,32,296,88,629,626,678
285,75,717,187,716,718,679
89,31,242,60,581,595,679
57,27,182,103,539,553,679
121,47,326,117,672,685,679
164,40,481,124,669,686,679
30,20,54,39,501,488,679
120,29,415,85,614,620,679
151,44,625,201,630,644,679
143,44,482,133,627,648,679
68,24,196,54,532,570,679
93,40,281,129,630,637,679
208,42,767,190,706,718,679
309,76,747,155,721,725,679
48,26,152,73,549,556,679
87,28,261,68,615,628,679
62,24,168,54,547,563,680
39,25,73,38,518,523,680
64,45,152,61,557,580,680
55,23,140,71,594,614,680
61,22,198,70,591,600,680
45,31,67,41,536,543,681
215,65,686,247,768,774,681
50,23,106,40,541,533,681
55,24,215,83,551,545,681
16,21,50,50,486,487,681
60,24,138,53,558,567,681
26,20,33,19,478,475,681
40,24,106,52,578,565,681
32,22,83,40,496,503,681
47,22,146,48,544,514,681
63,27,138,45,555,558,681
45,23,162,67,550,542,681
75,30,286,128,626,627,681
191,53,564,196,758,767,681
115,59,325,172,662,666,681
88,32,412,190,616,632,682
66,36,166,62,530,532,682
27,20,123,86,549,551,682
47,30,161,113,606,628,682
58,39,124,69,551,560,682
29,21,42,46,498,444,682
42,21,65,32,535,541,682
20,22,14,26,430,394,682
24,20,62,49,490,504,682
171,33,566,123,668,674,682
33,29,78,85,548,574,682
29,20,62,46,497,493,682
35,21,83,38,523,501,682
95,34,312,107,608,626,682
77,29,236,85,562,594,682
35,25,94,51,531,538,682
27,21,81,63,442,464,682
54,21,139,52,519,553,683
92,24,271,72,583,602,683
79,34,261,113,567,582,683
43,21,65,35,543,528,683
92,24,234,61,587,583,683
97,47,288,99,613,602,683
146,52,613,255,767,794,683
29,24,98,70,495,505,683
37,20,93,39,496,534,683
65,30,190,67,598,597,683
46,23,133,56,523,567,683
67,27,174,55,567,575,683
150,56,388,101,616,638,683
47,22,83,32,511,534,683
29,20,95,52,499,518,683
22,20,48,35,430,430,684
20,21,29,43,477,516,684
74,37,236,112,578,599,684
48,20,98,43,500,527,684
51,27,199,97,559,595,684
99,31,285,77,586,599,684
43,31,77,34,504,519,684
206,43,583,102,681,671,684
230,62,600,189,702,706,684
105,37,309,110,613,603,684
81,29,234,91,607,626,684
38,24,68,48,522,496,685
30,20,71,26,481,463,685
23,22,19,28,506,496,685
31,21,77,48,572,572,685
30,31,27,36,506,508,685
30,21,29,26,485,532,685
90,33,230,72,582,566,685
40,27,120,72,533,536,685
103,45,326,123,591,603,685
37,22,108,51,531,554,685
61,32,113,60,600,607,685
48,20,123,46,582,573,686
90,32,306,134,636,640,686
28,23,133,97,611,625,686
49,32,102,61,529,480,686
66,27,325,160,671,678,686
41,21,124,41,540,542,686
62,32,278,183,646,682,686
69,25,185,66,555,560,686
40,20,92,31,506,512,686
47,21,183,79,527,530,686
176,47,517,130,663,671,686
56,25,173,54,584,565,686
26,20,43,29,475,505,686
64,30,204,68,544,539,686
41,23,116,43,532,518,686
23,23,33,37,478,480,686
68,24,192,57,577,593,686
82,34,248,79,594,611,686
45,24,123,49,538,562,687
53,31,179,79,558,565,687
69,36,170,79,553,558,687
31,20,67,58,475,502,687
52,23,164,65,543,532,687
42,26,132,76,467,517,687
43,20,125,42,540,540,687
77,42,251,125,652,659,687
55,29,135,61,515,509,688
29,21,77,41,511,523,688
54,27,109,63,555,552,688
41,26,195,137,605,637,688
20,21,54,42,489,503,688
96,37,228,80,603,596,688
79,22,262,79,604,614,688
88,35,257,104,604,606,688
133,33,354,81,623,620,688
59,22,195,81,612,645,688
111,29,347,63,610,618,688
124,34,408,107,620,644,688
38,20,124,45,522,542,688
41,22,94,54,537,543,688
37,25,166,91,521,492,689
23,22,31,37,513,445,689
201,57,626,159,695,707,689
28,22,74,41,475,502,689
29,21,52,35,523,514,689
67,36,230,124,641,656,689
30,22,58,48,535,539,690
44,20,177,60,473,510,690
94,35,277,119,595,581,690
51,33,127,69,550,521,690
26,20,63,42,486,484,690
45,21,88,33,584,573,690
178,84,547,260,745,767,690
33,22,75,45,506,501,690
49,21,181,78,571,567,690
37,20,80,48,576,574,690
40,24,67,28,546,527,690
82,44,366,243,676,678,690
208,41,637,148,689,696,691
133,25,407,83,622,646,691
31,27,43,36,478,470,691
205,57,709,178,711,706,691
83,29,235,108,639,630,691
88,42,223,99,610,603,691
31,20,88,42,517,537,691
60,30,114,43,558,575,691
107,54,290,178,631,627,691
48,26,76,49,570,568,691
39,22,129,57,520,506,691
97,43,507,254,710,724,692
43,23,154,60,521,527,692
38,26,67,50,542,526,692
32,25,79,71,511,498,692
220,50,674,154,708,712,692
246,55,767,241,765,771,692
109,30,293,80,594,608,692
42,21,105,53,583,547,692
35,27,53,44,488,514,693
125,35,368,108,561,568,693
111,60,343,174,665,667,693
42,21,70,22,531,540,693
46,26,122,51,552,541,693
28,23,92,72,563,574,693
94,34,246,69,564,583,693
23,20,74,55,530,535,693
54,30,116,81,604,605,693
56,34,203,129,598,621,693
30,21,69,34,512,527,693
102,43,244,95,595,619,693
41,23,183,122,593,606,694
58,29,189,98,607,615,694
115,50,379,155,638,628,694
41,23,83,32,564,533,694
49,25,114,48,509,538,694
50,21,81,41,563,564,694
70,31,153,62,545,556,694
60,22,206,70,543,566,694
42,28,89,66,513,515,694
29,21,85,48,497,486,695
26,24,71,54,409,419,695
28,20,37,21,497,437,695
33,23,102,48,480,502,695
47,33,118,79,567,566,695
50,23,142,71,522,513,695
33,22,122,59,470,504,695
19,20,49,56,505,485,695
20,20,16,23,462,435,695
85,39,247,117,598,605,695
44,26,126,66,421,454,695
46,26,154,73,578,583,696
40,22,93,37,513,504,696
36,21,97,50,508,533,696
118,33,340,94,597,597,697
69,34,189,69,551,525,697
45,26,120,63,513,490,697
45,22,137,61,546,521,697
101,30,391,143,628,630,697
87,32,199,65,572,567,697
44,20,105,41,486,521,697
23,22,45,37,480,455,697
126,49,545,270,749,758,697
143,44,514,150,649,655,698
57,24,248,90,546,557,698
40,24,93,52,536,571,698
164,40,484,124,654,657,698
47,20,160,57,516,546,698
96,40,297,117,598,595,698
42,23,77,37,532,514,699
73,37,168,84,614,635,699
40,22,110,40,541,522,699
67,24,179,65,553,529,699
29,23,92,54,489,486,699
53,25,179,71,566,569,699
115,48,298,141,657,653,699
47,21,140,67,548,552,699
62,29,122,51,578,560,699
42,20,108,45,550,555,700
190,60,561,135,706,702,700
24,20,71,63,538,525,700
41,25,121,66,542,536,700
35,22,102,43,526,508,700
40,21,112,58,505,471,700
55,32,168,112,637,636,700
38,22,96,43,519,534,700
29,24,150,123,586,616,700
53,26,158,65,518,556,700
27,22,56,46,516,543,700
164,51,388,131,647,641,700
36,26,61,24,541,491,701
17,21,23,33,455,485,701
182,65,624,304,784,811,701
53,22,94,52,533,532,701
59,24,165,56,565,573,701
43,31,60,52,550,589,701
73,30,194,104,607,599,701
40,25,142,81,585,576,701
92,35,304,115,624,629,702
46,23,117,39,544,547,702
34,23,124,68,488,516,702
37,22,64,29,447,492,702
35,20,92,55,506,510,702
90,49,376,266,692,703,702
51,25,112,52,504,476,702
46,22,138,66,457,530,702
76,26,276,75,592,598,703
38,20,104,44,528,476,703
46,28,104,58,569,560,703
62,32,152,102,608,611,703
31,20,82,43,544,534,703
118,49,328,116,610,620,703
112,51,311,119,625,622,703
50,38,128,100,575,596,703
124,28,412,107,602,622,703
22,20,69,63,531,499,703
360,65,866,242,767,762,703
60,26,205,80,554,572,703
34,23,142,105,566,576,703
68,33,155,65,576,572,703
34,20,65,35,437,499,704
42,27,105,47,500,497,704
86,34,345,142,641,630,704
60,36,214,149,609,643,704
47,28,149,62,551,579,704
76,38,176,81,550,580,704
27,25,66,59,528,543,704
42,33,107,98,578,586,704
50,24,143,52,512,549,705
77,23,175,42,569,525,705
45,20,139,50,539,555,705
184,67,624,171,643,661,705
41,20,110,55,516,504,705
61,26,173,67,556,566,705
48,28,82,70,597,611,705
131,44,415,144,662,674,705
34,22,80,51,547,507,705
36,21,60,26,531,528,705
102,45,270,119,618,632,705
135,38,636,274,742,765,705
73,26,299,107,610,621,705
65,27,183,56,580,579,706
47,24,99,56,511,508,706
71,35,204,95,564,598,706
29,24,75,61,526,572,706
78,33,196,79,551,568,706
23,20,45,42,528,489,706
81,28,206,73,570,601,706
46,21,116,34,532,531,706
41,21,125,64,553,541,706
47,24,111,39,555,554,706
44,25,142,58,482,512,706
86,27,309,80,589,611,706
33,24,76,41,536,503,706
38,21,88,41,503,535,706
68,34,173,61,582,581,706
48,30,96,55,539,530,706
57,33,257,140,668,681,706
44,27,140,80,594,584,706
33,24,125,101,601,585,706
23,21,69,58,528,529,706
108,55,344,197,681,693,706
118,40,263,77,581,568,706
27,20,121,90,570,601,706
110,62,301,193,692,719,707
52,23,144,52,569,536,707
22,20,76,61,526,554,707
92,37,284,100,582,601,707
92,24,297,62,590,576,707
38,21,60,27,535,497,707
77,33,247,87,586,595,708
31,21,83,32,508,507,708
44,26,91,50,559,556,708
33,27,158,118,621,607,708
47,21,139,65,513,479,708
113,33,405,100,619,627,708
62,22,273,91,535,561,708
44,27,67,38,537,533,708
27,21,41,30,492,487,708
52,25,165,80,570,573,708
28,28,43,42,383,372,708
58,32,213,134,652,655,708
36,20,130,62,587,526,708
37,26,95,41,493,493,708
132,45,565,252,700,702,708
42,24,108,48,568,548,708
51,28,135,72,564,554,708
30,25,44,39,514,517,708
39,24,87,47,522,526,708
33,23,87,43,482,495,709
36,23,117,82,593,586,709
52,21,174,53,572,558,709
41,21,89,51,527,504,709
112,40,389,151,665,686,709
65,23,190,66,587,571,709
46,21,104,46,467,499,709
46,23,179,71,561,567,709
26,20,38,38,465,478,709
50,20,179,57,509,541,710
119,44,502,245,712,731,710
30,21,122,73,508,496,710
186,52,431,112,677,664,710
62,36,134,69,541,532,710
60,29,149,70,543,537,710
39,20,97,37,535,529,710
191,63,490,136,671,683,710
69,20,213,85,606,621,710
54,25,103,33,554,559,710
179,60,704,306,809,818,710
71,28,247,95,592,577,710
24,22,68,72,520,547,710
53,24,169,70,607,593,711
38,22,97,52,539,562,711
29,22,53,45,499,505,711
73,29,328,162,629,633,711
40,21,135,54,530,505,711
36,22,102,77,550,611,711
78,33,223,87,611,628,711
47,21,153,65,567,585,711
38,25,101,76,544,562,711
71,31,183,75,531,542,711
82,26,230,56,580,586,711
37,20,99,31,488,548,711
351,51,890,108,724,722,711
83,28,221,59,544,560,711
52,27,117,57,540,528,711
76,32,244,77,594,612,711
23,21,28,39,443,502,711
32,21,111,64,445,342,712
47,33,85,57,560,576,712
29,20,47,34,488,424,712
44,21,111,55,501,545,712
177,41,498,117,654,661,712
203,75,490,139,684,680,712
35,20,114,61,482,533,712
37,20,106,53,486,493,712
31,22,140,105,576,610,712
53,21,133,56,570,560,712
83,30,297,128,689,684,712
30,23,75,40,509,510,713
78,29,260,79,561,565,713
406,93,979,219,809,825,713
51,25,195,62,571,543,713
194,67,564,166,669,683,713
31,25,74,45,537,517,713
68,26,225,106,579,582,713
25,21,37,43,535,534,713
43,27,117,53,534,536,713
56,26,128,53,497,434,713
66,33,172,57,545,553,714
92,31,281,71,596,610,714
129,54,297,114,634,644,714
48,32,119,71,575,565,714
50,22,133,50,592,599,714
93,31,320,110,600,594,714
157,56,449,150,680,688,714
177,50,504,115,666,675,714
193,41,637,137,681,686,714
81,26,274,86,597,615,714
33,22,75,51,512,497,714
54,22,132,33,528,537,714
39,28,158,133,626,670,715
89,28,213,56,599,574,715
27,20,56,38,446,474,715
60,22,199,56,556,557,715
92,47,339,130,610,609,715
36,30,61,43,540,527,715
293,81,835,301,791,794,715
35,23,99,42,515,548,715
38,25,59,26,491,499,715
44,21,109,48,544,565,715
47,24,106,46,532,507,715
51,27,190,80,538,530,715
39,25,231,164,635,643,715
90,40,285,115,610,613,715
51,35,88,65,586,569,715
68,26,241,103,567,585,716
28,20,66,44,550,523,716
39,22,90,40,539,549,716
82,31,199,77,594,586,716
42,25,108,36,541,519,716
51,26,180,88,604,619,716
58,24,128,34,519,527,716
332,73,873,200,742,754,716
50,20,189,65,564,553,716
89,37,224,74,592,597,716
151,50,393,113,632,648,716
71,20,229,57,564,591,716
39,22,104,50,539,545,716
37,30,118,77,523,528,716
60,31,131,69,569,536,716
30,29,52,46,512,513,716
46,32,137,97,591,618,717
108,34,368,100,621,620,717
53,24,127,33,546,560,717
76,40,233,99,592,601,717
94,33,275,109,588,600,717
56,26,163,65,553,573,717
140,35,429,93,617,633,717
216,63,554,148,691,690,717
75,34,166,75,551,550,717
36,21,74,38,472,525,717
86,24,210,52,596,583,717
66,41,211,160,641,664,717
76,38,314,198,701,703,717
49,22,209,94,485,479,717
44,29,72,37,535,514,717
42,28,96,60,542,536,718
47,23,107,44,521,541,718
44,22,158,67,532,535,718
32,21,64,48,514,566,718
68,40,139,70,597,614,718
115,41,362,125,652,657,718
54,28,193,101,576,585,718
25,21,46,24,452,452,718
47,34,78,53,566,563,718
103,27,363,98,587,616,718
63,32,296,112,580,588,718
93,38,191,64,606,598,718
48,21,92,46,572,594,718
76,25,252,76,577,571,719
56,23,185,83,611,618,719
163,54,498,161,648,655,719
52,22,188,77,501,518,719
54,24,146,45,511,527,719
51,26,168,87,545,540,720
42,21,136,63,480,525,720
70,24,202,56,551,570,720
27,20,119,66,537,548,720
50,23,156,78,607,594,720
33,24,46,38,471,514,720
52,34,136,65,507,537,720
50,22,118,50,502,480,720
79,39,247,114,657,678,720
39,20,82,41,499,528,720
43,21,119,36,526,551,720
91,29,283,91,613,615,720
20,26,43,49,501,508,720
53,24,158,72,549,542,721
68,34,165,59,577,594,721
45,26,332,240,675,700,721
34,26,116,83,537,539,721
29,20,91,43,483,517,721
53,25,157,71,530,563,721
60,30,193,125,639,624,721
149,48,449,127,640,642,721
44,20,352,183,670,694,722
43,25,78,43,548,548,722
43,25,92,39,502,508,722
111,29,368,83,637,634,722
159,64,551,269,733,740,722
109,39,314,123,599,603,722
45,22,128,59,501,513,722
77,39,232,100,653,661,722
149,45,469,138,631,635,722
58,27,151,63,579,602,722
18,23,18,39,467,425,722
101,28,413,104,623,638,722
56,20,170,75,579,584,722
61,20,172,56,505,536,722
80,39,238,86,595,592,722
40,20,118,47,560,540,722
78,27,222,48,582,579,722
31,21,76,43,433,387,722
121,30,337,81,626,618,722
134,46,376,103,636,641,722
28,24,32,33,514,446,722
54,35,272,163,650,653,722
54,25,248,71,570,589,722
18,20,40,42,536,483,723
88,34,253,91,562,571,723
103,31,246,79,641,665,723
72,20,286,65,616,611,723
177,58,480,141,674,664,723
60,25,209,95,601,607,723
42,29,167,98,545,558,723
35,23,124,61,525,530,723
38,27,35,29,531,499,723
32,21,78,47,523,543,723
31,22,92,54,534,536,723
91,42,253,106,614,620,724
28,20,120,70,498,529,724
42,20,216,128,624,634,724
48,21,113,47,507,533,724
54,34,166,90,587,616,724
44,24,140,91,595,594,724
44,24,94,48,541,527,724
96,33,296,71,575,600,724
130,41,400,137,634,637,724
31,22,62,45,492,454,725
40,25,114,57,566,552,725
26,20,52,58,548,509,725
69,30,219,109,639,652,725
62,20,215,57,527,556,725
24,22,38,29,443,476,725
76,42,177,84,584,576,725
43,21,170,93,489,514,725
44,22,140,62,504,520,726
27,21,41,46,508,503,726
50,22,151,87,601,612,726
74,30,249,128,567,572,726
105,43,386,151,651,654,726
78,29,249,87,580,592,726
48,30,143,88,610,619,726
18,20,31,28,437,433,726
20,21,46,42,471,481,726
26,26,125,115,615,566,726
27,22,77,74,578,588,726
117,47,293,123,607,624,726
73,30,192,61,557,549,726
33,31,59,53,521,500,726
28,23,135,84,530,512,727
54,23,152,56,519,546,727
184,50,682,223,728,729,727
92,45,359,175,642,658,727
61,22,176,65,580,597,727
56,21,81,37,531,528,727
49,21,118,44,573,538,727
69,29,338,180,642,651,727
29,24,62,30,503,488,728
69,29,257,107,586,586,728
295,61,693,139,699,701,728
38,20,71,50,554,504,728
38,21,125,71,507,529,728
94,29,303,91,603,611,728
154,37,464,132,643,645,728
105,39,334,122,613,616,728
29,25,53,46,532,504,728
35,24,67,57,549,532,728
38,21,101,45,503,514,728
44,21,156,67,533,503,728
38,21,149,70,512,525,728
66,21,157,56,562,586,728
219,62,515,136,675,680,728
69,30,202,82,561,580,728
28,25,76,65,546,540,729
50,30,194,136,640,643,729
25,20,44,28,504,477,729
82,27,205,58,587,599,729
41,33,120,82,530,516,729
47,29,119,59,549,511,729
35,20,141,73,489,474,729
50,24,164,55,500,514,729
92,47,329,194,681,691,729
49,26,168,115,603,632,729
153,37,500,117,663,664,729
97,51,234,106,610,601,729
213,58,688,159,665,684,729
171,54,462,149,680,670,729
113,48,415,151,681,677,729
69,20,145,40,568,571,730
58,22,154,63,567,569,730
38,21,100,48,513,510,730
64,30,178,79,539,558,730
51,25,98,37,536,566,731
100,43,330,153,601,624,731
47,22,123,50,481,543,731
31,20,81,32,521,526,731
47,20,113,35,538,517,731
170,42,435,85,620,626,731
56,29,195,86,607,593,731
61,27,186,71,556,566,731
145,37,380,91,619,639,731
55,21,139,53,553,558,731
27,20,82,59,532,544,731
90,43,252,116,604,596,732
58,31,169,79,560,509,732
38,22,76,34,532,505,732
33,20,65,25,494,474,732
158,66,598,288,743,772,732
18,20,27,29,482,473,732
71,33,205,91,575,582,732
36,23,39,18,491,478,733
83,30,268,80,606,594,733
90,38,320,163,704,704,733
102,32,350,93,634,648,733
101,33,316,91,605,600,733
23,21,45,40,511,533,733
122,45,457,150,683,675,733
65,28,248,88,521,563,733
28,22,74,42,506,510,733
72,29,162,76,556,573,733
85,44,159,100,645,638,733
131,48,367,128,650,652,733
140,34,406,109,642,641,733
52,24,134,48,552,580,733
96,33,262,71,622,606,733
165,36,587,118,654,654,733
71,28,267,94,577,587,733
52,23,138,63,542,551,733
55,27,169,93,601,615,734
27,23,22,39,550,519,734
34,28,100,88,588,607,734
182,66,484,172,709,728,734
44,20,142,50,521,541,734
78,30,221,66,532,549,734
22,20,58,51,454,479,734
284,65,800,146,701,709,734
54,29,162,60,532,577,734
26,26,51,61,524,535,734
106,46,266,93,609,619,735
24,20,104,59,589,567,735
32,22,60,48,450,415,735
35,29,71,54,564,559,735
16,20,28,37,452,454,735
76,27,228,57,548,565,735
167,46,559,231,743,743,735
41,20,97,46,560,536,736
36,25,122,81,534,547,736
55,26,144,79,606,609,736
38,20,80,37,530,496,736
129,28,417,91,655,661,736
209,49,657,147,671,676,736
41,29,102,77,600,606,736
50,20,162,54,559,561,736
38,21,88,46,550,556,736
125,38,433,162,669,690,736
43,25,93,62,557,592,736
121,42,415,146,637,627,736
37,21,110,70,554,579,736
130,44,452,165,619,636,736
92,29,280,79,599,578,736
70,29,177,67,582,580,736
28,23,93,77,559,580,736
93,34,398,145,658,675,738
56,37,179,98,559,576,738
33,20,88,46,517,510,738
245,59,620,163,667,659,738
42,21,103,64,538,564,738
63,34,147,75,566,586,738
59,28,162,55,571,574,738
42,26,79,48,428,504,738
33,21,67,37,515,517,738
27,20,54,22,447,371,739
44,24,183,76,554,543,739
23,23,52,54,503,554,739
48,23,129,39,545,553,739
35,24,61,35,474,405,739
61,21,215,55,553,532,739
27,20,25,24,421,418,740
43,23,116,61,513,492,740
35,24,78,33,518,543,740
38,23,133,74,525,536,740
48,24,200,100,541,560,740
39,21,110,78,564,564,740
36,20,74,43,472,508,740
78,24,239,48,574,583,740
87,36,179,69,572,590,740
40,27,90,72,568,549,740
30,23,89,54,488,469,741
147,54,440,222,716,732,741
118,26,349,85,620,627,741
32,21,75,48,521,544,741
55,28,179,82,609,614,741
54,33,163,119,611,626,741
55,24,152,59,529,516,741
31,21,39,21,493,489,741
91,28,264,74,592,621,741
96,36,370,135,600,608,741
28,24,42,37,513,467,741
41,26,76,30,517,529,741
44,26,136,76,514,434,741
39,22,116,62,581,599,741
37,23,76,42,545,565,742
106,48,487,324,721,757,742
24,20,41,35,428,495,742
26,23,34,36,509,507,742
46,24,137,54,544,530,742
37,20,99,40,506,515,742
26,21,96,77,515,486,742
35,22,78,51,545,582,742
80,23,222,49,614,598,742
72,28,219,71,550,540,742
32,22,66,50,499,494,742
53,33,89,55,583,578,743
22,20,13,17,444,390,743
41,26,119,55,519,497,743
26,21,57,43,486,542,743
55,20,123,53,553,579,743
329,61,927,157,717,723,743
89,34,312,137,651,679,743
50,28,133,63,546,544,743
41,20,127,47,491,506,743
48,27,128,55,540,523,744
42,23,102,42,559,581,744
138,43,455,204,720,718,744
45,32,98,68,584,589,744
55,34,266,174,651,659,744
104,49,373,161,614,621,744
149,43,470,160,671,678,744
46,21,211,102,621,646,744
58,28,179,66,564,577,744
176,44,562,163,681,674,744
234,81,710,268,777,781,744
29,21,88,48,399,487,744
25,20,78,41,440,410,744
50,23,108,64,559,599,744
69,28,160,87,596,587,745
28,25,67,64,573,598,745
69,33,165,62,564,576,745
53,29,182,87,565,570,745
28,20,69,36,441,455,745
28,22,54,38,529,489,745
22,20,72,47,484,469,746
34,26,95,56,530,528,746
53,29,145,58,554,541,746
216,54,578,135,664,664,746
47,21,140,59,501,495,746
35,25,22,26,525,512,746
25,21,75,50,526,530,746
46,22,114,48,554,560,746
41,20,114,43,496,536,746
46,20,122,43,550,514,746
130,47,482,174,669,667,746
60,31,220,99,581,596,746
151,43,437,101,625,646,746
32,28,44,32,518,480,746
29,21,59,34,498,477,747
47,30,141,71,577,580,747
32,20,63,28,502,470,747
37,24,94,52,478,473,747
47,26,140,65,580,554,747
74,31,220,64,564,569,747
42,21,118,50,523,520,747
77,31,232,97,582,576,747
46,25,111,43,555,567,747
39,21,138,73,525,515,747
65,21,152,57,554,567,747
136,42,423,143,665,668,747
29,21,67,42,419,471,747
24,21,22,21,480,373,748
46,24,162,78,547,545,748
44,21,123,59,504,545,748
50,25,55,34,520,519,748
45,27,106,60,554,527,748
38,21,101,48,525,499,748
44,23,155,68,540,552,748
84,24,201,59,577,604,748
36,21,99,44,528,536,748
35,21,78,53,525,542,748
38,23,46,40,532,513,748
44,20,79,49,554,599,748
14,20,28,31,453,415,749
34,26,70,46,571,533,749
53,32,177,100,479,504,749
44,25,114,64,589,623,749
33,21,100,51,525,496,749
41,22,181,95,579,593,749
57,32,187,123,623,645,749
24,20,45,37,434,484,749
58,27,151,61,560,533,750
24,20,59,41,448,443,750
45,23,77,39,544,521,750
50,23,170,89,521,524,750
25,20,63,48,490,494,750
37,20,73,35,536,534,750
19,21,20,23,375,456,750
30,30,82,64,537,538,750
38,23,91,64,564,566,750
25,21,41,39,468,461,751
37,20,241,167,639,659,751
29,21,85,41,476,513,751
31,21,45,35,503,507,751
34,30,74,77,521,512,751
63,33,162,75,572,543,751
37,22,65,32,546,485,751
76,33,208,79,621,634,751
33,24,77,46,506,495,751
47,23,161,90,530,543,751
30,21,78,46,525,522,751
35,25,110,61,554,547,751
35,22,86,43,508,472,751
37,20,90,38,485,515,751
55,28,134,67,531,566,752
87,41,245,103,576,581,752
59,31,112,76,598,602,752
39,33,93,65,550,559,752
67,33,142,65,582,533,752
31,21,31,30,527,495,752
32,31,63,61,535,552,752
40,23,167,128,612,624,753
54,21,163,66,546,547,753
73,22,199,51,553,579,753
137,41,461,133,663,671,753
42,20,120,49,485,544,753
60,20,170,52,573,582,753
306,83,782,243,753,759,753
77,35,220,103,602,596,753
25,20,35,41,546,553,753
56,21,250,84,525,553,753
86,47,234,102,602,602,753
323,80,855,193,715,724,753
31,20,74,55,536,538,753
22,21,37,30,469,452,753
48,22,108,46,524,543,753
101,33,263,90,596,588,753
160,47,504,129,644,652,753
45,25,140,75,516,546,753
101,30,281,79,606,593,753
127,49,302,94,598,622,753
59,31,245,123,555,567,753
21,20,44,44,512,519,754
94,42,238,125,620,620,754
111,30,378,127,604,619,754
58,23,172,56,498,525,754
67,20,230,63,565,563,754
56,20,174,47,560,577,754
31,20,54,45,532,520,754
71,27,185,78,616,608,754
26,22,96,69,480,460,754
28,22,58,38,560,538,754
26,21,86,61,495,491,754
52,21,130,46,537,507,754
44,27,92,52,527,521,754
38,23,90,37,528,470,754
52,30,211,127,579,574,755
85,32,294,114,646,665,755
44,20,140,66,587,598,755
32,24,37,42,531,509,755
72,29,195,76,521,503,755
50,23,175,78,561,530,755
50,26,139,59,564,600,755
33,23,85,57,474,497,755
81,39,213,77,592,620,755
184,52,581,146,661,667,755
109,35,424,104,631,637,755
43,24,105,60,529,562,755
41,20,97,43,535,552,755
48,20,126,45,540,542,755
95,53,291,105,598,602,755
202,71,576,206,715,712,755
34,26,78,53,437,261,755
40,20,130,80,616,580,755
73,21,195,54,552,586,756
32,22,87,55,428,399,756
40,23,89,49,555,549,756
35,28,103,72,486,512,756
51,24,151,58,550,537,756
29,23,54,48,522,534,756
26,21,46,31,525,510,756
32,20,95,66,488,505,756
97,29,263,75,568,591,756
53,26,219,84,538,559,756
53,22,201,72,550,551,756
30,26,90,64,466,453,756
49,29,137,79,537,570,757
49,22,138,56,598,628,757
80,22,279,76,600,588,757
67,28,213,72,600,586,757
38,21,103,49,535,502,757
32,21,67,31,519,485,757
39,27,125,72,579,572,757
38,21,97,40,562,550,757
74,30,266,110,622,611,758
25,25,56,56,537,569,758
81,36,267,148,601,606,758
75,30,201,64,547,542,758
53,20,161,55,535,557,758
28,21,45,40,469,464,758
38,20,104,57,578,576,758
39,23,76,39,528,524,758
21,23,39,47,506,534,758
227,50,612,157,690,687,758
64,38,257,169,651,659,758
70,25,281,91,598,609,758
43,23,135,66,555,554,759
58,21,165,57,558,541,759
41,28,147,78,513,519,759
37,29,77,62,563,580,759
43,23,130,78,548,575,759
31,29,42,39,507,517,759
28,22,56,39,504,473,759
46,27,72,43,517,511,759
48,21,112,43,499,534,760
54,21,110,44,545,544,760
45,33,120,81,597,609,760
53,24,168,69,562,550,760
131,39,420,115,663,665,760
66,24,258,71,568,574,760
75,29,278,95,587,603,760
50,23,136,35,518,563,761
59,33,218,105,591,574,761
143,38,402,97,652,649,761
51,20,150,43,545,550,761
50,22,146,49,536,546,761
31,21,31,26,494,506,761
56,20,215,66,561,581,761
42,26,93,48,537,527,761
42,36,91,66,503,493,761
19,23,51,51,471,521,761
48,22,141,70,595,566,761
50,21,173,78,556,555,761
57,23,167,45,579,569,761
30,24,85,78,529,571,761
35,27,127,97,572,598,762
25,20,43,27,506,477,762
75,33,159,71,569,578,762
64,23,155,44,525,556,762
33,22,126,58,430,459,762
66,22,229,76,565,569,762
47,20,116,51,561,560,762
128,36,302,93,631,632,762
44,33,83,47,501,476,762
94,29,253,67,575,588,762
25,20,59,37,510,508,762
23,20,24,19,488,448,762
70,26,230,74,597,596,762
31,22,91,62,559,555,762
56,23,210,77,536,569,762
29,22,53,33,481,505,762
75,25,268,92,582,592,762
47,24,110,42,531,545,762
21,21,42,40,485,468,762
25,20,37,28,459,479,762
65,30,366,209,699,698,762
53,20,189,78,531,565,762
84,32,344,127,605,617,763
83,42,301,163,619,619,763
103,26,300,68,617,610,763
106,31,334,112,625,637,763
57,29,124,61,554,543,763
51,31,98,66,557,577,763
39,24,143,83,464,494,763
106,40,351,129,572,593,763
64,21,190,51,550,546,763
27,22,48,41,493,494,763
21,22,16,16,436,347,764
48,42,94,88,571,607,764
54,35,130,102,563,603,764
26,20,33,29,472,502,764
55,26,223,131,646,647,764
70,36,312,171,661,673,764
35,22,100,68,523,501,764
54,22,112,30,533,511,764
34,28,88,65,549,558,765
26,21,60,22,466,461,765
333,59,953,157,726,744,765
79,27,231,63,575,601,765
38,21,74,42,486,477,765
21,22,51,50,468,500,765
37,21,65,26,500,437,765
114,40,316,91,586,606,765
41,24,63,37,525,519,765
71,33,217,99,582,583,765
188,71,628,261,769,800,765
27,22,95,40,503,495,766
47,23,124,57,549,566,766
45,24,172,83,531,548,766
36,24,122,65,463,478,766
144,54,493,238,699,720,766
63,27,163,75,557,550,766
55,27,178,64,554,544,766
33,21,69,49,559,549,766
53,23,132,54,535,556,767
26,21,89,57,453,449,767
63,30,191,75,568,573,767
27,23,28,32,391,419,767
51,21,118,50,536,510,767
54,30,237,135,646,639,767
54,21,114,40,531,539,767
32,23,62,46,547,465,767
38,23,104,63,518,543,767
178,42,586,118,655,667,767
43,21,130,69,518,533,768
58,26,159,57,545,551,768
45,26,110,78,590,585,768
43,27,113,72,583,599,768
29,22,123,92,526,551,768
68,41,235,138,617,638,768
63,38,127,71,571,567,768
34,20,60,29,493,474,768
377,96,814,236,823,829,768
215,53,717,317,803,815,768
21,20,14,33,479,483,769
33,20,121,63,495,523,769
34,21,95,71,560,547,769
36,27,126,75,542,551,769
20,25,27,40,485,439,770
53,25,102,45,535,517,770
37,24,101,40,539,531,770
355,71,907,161,739,729,770
48,23,145,60,531,554,770
24,20,83,73,540,540,770
207,59,605,181,716,720,770
79,25,223,68,570,587,770
63,32,212,81,591,599,770
43,21,120,47,525,537,770
126,37,365,90,631,646,770
101,36,287,108,608,611,770
60,21,137,38,570,588,770
131,40,355,108,615,626,770
49,20,135,36,564,576,770
32,23,81,39,567,535,770
35,22,122,44,552,537,770
38,20,112,85,560,586,770
108,26,321,72,610,599,770
22,25,25,41,493,509,771
44,26,111,61,558,556,771
22,21,45,42,423,418,771
61,26,186,76,618,641,771
52,24,224,135,624,627,771
63,32,237,140,632,648,771
50,28,244,124,652,661,771
287,52,939,193,763,783,771
50,21,98,32,560,545,772
165,44,433,116,679,672,772
143,28,386,72,643,645,772
197,67,647,296,778,798,772
307,96,789,351,851,861,772
76,28,319,125,584,614,772
223,50,679,141,698,706,772
79,31,201,77,580,606,772
74,38,195,77,616,618,772
117,40,345,99,612,620,772
39,22,155,75,564,575,772
47,23,123,45,523,550,772
207,53,635,151,680,675,772
90,31,283,75,605,607,772
108,31,416,82,619,617,772
55,23,126,48,538,540,773
60,21,181,61,546,538,773
30,27,98,79,564,578,773
44,22,100,58,580,587,773
60,33,163,77,580,578,773
38,27,105,63,553,543,773
62,29,195,87,568,571,773
80,32,382,180,700,704,773
41,21,181,89,482,503,773
106,35,265,82,637,651,773
81,40,281,134,586,591,774
61,28,233,106,586,614,774
41,21,138,67,488,497,774
55,22,156,53,558,565,774
67,32,224,107,624,644,774
35,23,81,55,529,527,774
113,26,381,83,622,620,774
86,34,308,128,617,614,774
133,41,403,136,633,650,774
74,35,268,144,652,671,774
38,28,52,24,569,554,774
51,22,114,56,570,582,774
44,21,138,76,516,522,774
60,21,183,60,561,579,774
84,33,305,100,564,583,774
75,34,193,67,575,574,774
14,20,25,49,496,492,774
172,51,603,334,784,801,775
141,44,431,137,650,657,775
38,24,80,45,559,573,775
58,27,115,53,584,583,775
29,21,92,48,463,483,775
51,20,170,54,541,550,775
36,21,82,37,469,523,775
45,22,139,70,558,502,775
77,23,270,71,582,600,775
117,25,321,70,639,623,775
32,22,61,41,508,511,775
55,24,116,48,508,542,775
218,49,694,121,687,690,775
22,21,25,25,487,473,775
20,21,34,39,502,521,775
83,49,357,228,698,705,775
71,31,243,133,663,680,776
51,28,138,62,549,567,776
63,29,188,88,564,564,776
70,44,319,189,683,696,776
57,24,193,67,519,542,776
85,31,428,211,678,694,776
62,26,152,44,578,578,776
131,48,424,152,638,648,776
205,66,486,137,673,682,776
110,28,313,62,585,608,776
45,20,124,54,528,534,776
57,25,194,60,551,535,776
58,25,138,51,564,597,776
38,21,97,53,510,535,777
29,21,78,45,489,512,777
113,55,359,193,688,694,777
137,60,488,261,717,726,777
42,28,143,94,541,559,777
57,28,173,79,550,536,777
91,27,270,69,557,567,777
29,27,89,65,462,473,777
41,26,154,89,574,620,777
35,22,130,88,596,607,777
32,27,28,32,503,500,777
26,22,65,30,477,491,778
24,24,18,23,439,436,778
24,20,46,40,505,536,778
35,20,54,29,477,517,778
32,25,54,39,521,538,778
38,26,67,50,581,586,779
59,23,143,52,561,559,779
77,41,307,193,655,675,779
56,32,135,58,511,478,779
34,21,96,58,495,526,779
33,21,101,64,496,490,779
48,21,137,58,534,576,779
32,20,58,31,504,522,779
34,25,39,24,503,541,779
29,27,50,48,551,543,780
43,20,108,31,535,538,780
60,33,170,97,582,594,780
40,22,124,63,601,612,780
35,22,139,37,535,547,780
37,25,66,33,537,519,780
116,30,326,62,601,617,780
235,49,714,140,725,731,780
102,33,298,86,623,628,780
72,22,214,60,578,596,780
36,24,119,73,516,505,780
35,25,109,86,588,583,781
28,20,95,71,537,559,781
38,20,100,47,505,471,781
62,27,202,79,576,569,781
196,39,547,71,663,670,781
125,41,316,115,610,626,781
79,25,241,79,591,605,782
67,31,119,45,561,575,782
68,28,208,67,549,556,782
26,21,63,54,492,524,782
77,23,264,76,575,592,782
74,39,269,176,656,676,782
37,24,61,32,518,520,782
66,24,174,68,534,526,783
58,25,161,79,561,558,783
36,23,107,51,479,509,783
44,20,189,76,548,541,783
56,26,131,69,573,563,783
71,25,257,93,572,585,783
68,36,171,80,558,551,783
111,54,351,157,695,703,783
39,22,76,35,555,552,783
28,21,28,21,500,454,783
68,39,225,141,666,664,783
49,24,149,58,550,559,783
59,38,122,72,577,587,783
99,35,285,83,588,581,783
135,56,432,187,642,643,783
31,20,46,21,514,475,783
49,26,117,57,527,578,783
85,36,276,90,572,569,783
61,30,159,68,572,558,783
60,23,324,167,672,692,783
36,26,222,185,632,648,784
28,25,44,31,492,514,784
46,23,150,72,490,488,784
44,27,140,81,530,536,784
36,21,127,95,555,600,784
34,20,74,42,525,556,784
91,38,270,98,593,591,784
39,20,115,45,492,504,784
53,24,129,63,553,565,784
35,22,86,39,501,510,784
58,24,119,50,540,543,784
60,25,184,70,546,556,784
62,36,157,92,574,570,784
85,30,419,235,681,702,784
20,20,30,38,505,460,784
33,21,103,55,551,553,784
46,21,135,70,505,522,785
97,28,214,48,595,603,785
18,24,46,59,443,349,785
123,48,281,121,686,681,785
44,27,87,44,490,542,785
95,41,265,88,577,578,785
31,26,112,77,513,523,785
44,21,102,52,517,541,785
67,23,167,46,576,561,785
100,33,307,93,607,618,785
36,20,73,35,515,509,785
62,22,187,84,542,566,786
56,27,187,70,561,571,786
42,22,104,50,483,507,786
52,37,128,66,548,597,786
54,32,148,84,561,553,786
76,30,202,64,580,555,786
82,30,202,59,583,565,786
66,38,250,140,608,617,786
207,60,627,201,746,760,786
54,21,147,47,512,509,787
49,26,188,86,625,622,787
61,31,163,76,559,556,787
76,25,252,79,561,560,787
117,42,313,135,640,645,787
199,76,651,239,692,700,787
26,23,46,42,530,555,787
98,34,312,81,609,597,787
53,25,66,27,549,502,787
35,23,61,47,551,580,787
61,22,183,65,552,547,788
33,21,166,117,606,615,788
89,28,222,74,589,569,788
58,26,207,99,582,588,788
34,26,85,49,474,495,788
48,28,143,60,521,530,788
49,24,89,26,527,537,788
32,24,108,71,556,592,788
49,23,133,64,593,594,789
78,32,283,124,571,568,789
130,36,398,91,624,637,789
105,30,326,61,601,610,789
59,32,182,84,512,525,789
106,51,319,166,629,642,789
143,49,363,135,652,654,789
53,21,120,40,526,533,789
50,27,117,49,524,526,789
53,23,135,77,583,583,789
78,26,186,66,570,576,789
14,20,19,28,430,476,789
61,28,197,96,592,571,789
17,28,29,47,504,514,789
60,26,222,82,551,569,789
45,26,122,61,531,543,789
118,27,379,91,612,618,790
138,44,420,127,647,641,790
28,21,56,39,508,500,790
37,24,100,49,512,534,790
51,26,109,49,511,503,790
40,20,96,47,516,542,790
37,20,111,51,456,506,790
39,24,138,48,504,466,790
68,30,200,72,560,574,790
117,47,471,239,721,736,790
36,22,96,41,531,539,790
50,28,142,74,555,570,791
67,26,229,72,571,588,791
39,23,103,50,507,539,791
30,20,93,49,456,459,791
103,40,228,92,584,595,791
24,26,25,40,467,497,791
53,33,211,174,623,648,791
28,20,48,35,496,486,791
68,31,91,35,583,555,791
39,26,64,40,503,444,791
22,21,47,45,476,530,791
30,22,61,30,498,503,792
34,21,91,73,566,589,792
51,20,160,58,513,544,792
114,24,413,90,587,593,792
41,26,92,53,519,531,793
33,20,19,17,521,526,793
130,40,369,100,617,620,793
24,24,60,64,522,554,793
39,23,93,51,537,553,793
24,29,56,62,493,559,793
43,22,75,26,522,508,793
59,35,181,103,608,612,794
97,40,276,75,586,580,794
42,20,104,45,504,457,794
83,26,281,76,596,618,794
74,33,115,39,572,580,794
83,24,331,84,580,569,794
125,47,388,120,629,625,794
112,30,336,68,614,610,794
38,21,125,57,508,526,794
68,21,207,57,567,554,794
83,35,219,108,598,592,794
17,20,30,43,485,458,794
39,24,113,60,532,529,794
20,20,20,18,501,387,794
43,21,168,85,506,513,794
28,27,71,54,517,512,795
87,47,261,182,669,671,795
51,22,161,58,543,553,795
42,20,80,33,542,500,795
45,25,78,54,548,582,795
46,33,98,59,556,548,795
74,46,203,121,631,634,795
46,28,105,63,528,509,795
52,24,108,45,541,504,795
18,20,20,29,446,461,795
45,26,105,51,536,525,795
36,26,110,80,574,604,795
147,38,402,93,628,635,795
70,20,141,39,556,563,795
39,23,120,66,575,586,795
64,32,198,86,566,584,795
24,20,76,63,511,489,795
34,27,89,66,577,537,795
116,45,354,139,639,636,795
71,24,200,62,587,584,795
36,27,74,50,561,528,795
41,20,100,44,520,571,795
36,28,120,87,555,536,796
45,29,132,90,592,587,796
47,23,139,65,561,590,796
104,42,283,102,623,612,796
175,49,528,173,651,670,796
64,28,172,72,586,556,796
30,20,56,36,495,496,796
54,26,191,87,563,539,796
34,22,78,50,535,534,796
53,32,138,81,538,537,796
25,23,85,91,562,572,796
28,23,55,42,534,507,797
49,27,147,61,575,573,797
41,24,67,32,523,544,797
35,20,102,54,479,504,797
63,26,147,50,555,536,797
49,32,119,71,509,524,797
126,49,399,138,632,635,797
95,30,248,74,587,596,797
14,20,30,46,476,408,797
182,40,503,113,647,652,797
41,25,146,72,551,536,797
58,21,181,48,545,540,797
58,30,140,79,580,561,797
31,26,76,58,453,471,797
73,27,180,55,570,579,798
33,26,93,51,515,517,798
283,69,780,200,694,696,798
62,27,210,119,644,615,798
35,20,103,51,494,501,798
41,21,93,51,529,519,798
190,59,596,199,712,712,798
80,35,250,115,621,620,798
51,21,116,51,526,542,798
70,24,150,61,612,609,798
49,26,130,71,526,549,798
58,25,185,67,559,562,798
191,54,594,212,689,689,798
81,35,175,66,598,580,798
26,20,59,31,460,505,799
28,21,103,56,519,554,799
47,21,108,45,510,528,799
24,20,67,37,506,479,799
31,20,74,60,534,532,799
60,24,144,61,545,547,799
41,23,130,70,588,605,799
38,24,92,42,556,545,799
82,42,233,105,589,579,799
41,22,82,30,518,507,799
74,22,282,71,579,576,799
59,21,152,52,496,554,800
99,37,296,97,634,620,800
27,22,65,46,509,517,800
45,26,114,61,514,504,800
66,33,141,66,569,548,800
88,24,281,80,588,590,800
20,21,30,38,470,451,800
42,21,141,57,522,531,801
76,23,222,73,615,610,801
66,28,205,71,590,584,801
26,22,77,50,416,428,801
52,34,213,175,621,671,801
36,20,78,47,517,543,801
26,20,46,24,530,511,801
21,23,36,40,508,503,801
27,23,67,47,526,528,801
48,36,80,44,558,549,801
27,23,57,33,421,393,801
48,26,108,71,577,582,801
29,21,104,73,453,401,801
63,34,204,132,609,664,802
48,25,149,59,524,555,802
80,26,159,57,584,538,802
39,30,58,43,539,507,802
28,20,44,45,510,501,802
30,25,94,71,521,558,802
55,33,112,64,509,573,803
48,28,102,70,589,593,803
29,21,78,52,598,591,803
107,32,312,81,586,573,803
60,29,170,96,596,611,803
28,20,81,45,468,447,803
84,33,167,48,584,557,803
32,20,45,25,521,498,803
44,33,123,89,572,592,803
47,29,212,152,606,635,803
32,23,99,46,531,533,803
77,29,209,81,586,579,803
59,28,171,62,558,575,803
40,23,72,35,509,493,803
35,29,113,65,500,539,803
41,26,77,40,521,534,803
26,20,32,25,460,445,803
62,23,183,73,596,589,803
39,23,59,46,505,504,803
36,20,73,47,507,540,803
43,20,100,39,469,514,804
50,27,97,50,550,582,804
47,21,163,78,559,560,804
34,27,86,67,557,579,804
38,28,106,62,574,558,804
39,26,104,63,508,533,805
22,21,39,46,520,424,805
42,21,149,79,543,524,805
30,24,74,55,519,506,805
58,24,172,86,595,597,805
43,21,103,47,501,467,805
31,20,74,37,534,517,805
30,22,29,21,486,444,805
47,22,134,47,521,529,805
33,21,94,42,489,518,805
35,29,119,96,570,564,806
28,20,31,32,499,462,806
46,24,140,90,589,576,806
26,22,31,36,494,521,806
101,39,283,89,599,599,806
20,21,38,38,310,362,806
35,23,58,31,518,491,806
58,25,160,62,564,580,806
24,21,36,35,498,485,807
80,27,236,81,613,625,807
22,23,37,27,498,413,807
49,22,122,51,526,540,807
141,65,502,278,749,762,807
93,34,383,158,685,685,807
32,28,80,45,517,541,807
37,25,112,61,524,512,807
31,22,75,59,532,509,808
33,22,41,48,508,538,808
38,33,112,92,590,606,808
44,20,117,52,519,529,808
39,26,84,52,508,498,808
28,23,30,26,513,490,808
52,25,105,49,503,482,808
95,46,320,173,683,696,808
48,31,151,80,567,567,808
37,22,97,39,537,519,808
30,20,89,35,468,507,808
41,25,109,71,493,562,808
94,58,363,241,698,697,809
27,21,55,41,376,0,809
38,23,111,57,539,484,809
63,41,137,96,622,632,809
166,58,671,252,769,790,809
30,21,69,40,464,502,809
51,28,138,67,509,524,809
163,44,417,185,700,695,809
24,20,69,46,463,482,810
40,22,196,118,637,652,810
61,27,302,142,625,671,810
54,31,126,68,596,595,810
37,20,133,90,603,600,810
21,22,69,68,535,551,810
45,29,278,192,676,700,811
40,21,103,49,548,525,811
21,20,17,19,474,484,811
46,31,91,62,556,582,811
39,24,144,102,572,609,811
32,24,133,93,570,600,811
33,22,78,45,468,520,811
45,34,184,131,620,646,811
24,20,41,27,484,448,812
29,20,49,35,454,461,812
83,37,345,163,670,694,812
59,38,127,116,602,602,812
45,25,162,84,557,582,812
306,65,824,205,710,724,812
233,49,578,116,670,694,812
134,35,424,110,648,655,812
270,61,781,206,732,741,812
64,33,180,84,638,644,812
53,39,166,115,604,608,813
70,25,283,97,558,558,813
39,20,83,40,519,535,813
437,77,945,240,771,764,813
188,37,554,129,663,669,813
91,50,271,138,597,605,813
53,43,125,109,607,627,813
55,21,200,80,566,560,813
72,26,208,74,569,596,813
54,25,106,54,502,499,813
51,26,80,42,488,478,813
55,26,268,124,632,644,813
53,22,157,74,527,546,813
43,24,125,74,487,520,813
114,35,275,85,597,596,813
329,61,903,127,696,711,813
152,61,534,203,661,662,814
88,32,223,79,599,594,814
206,48,574,137,661,656,814
31,27,95,65,478,482,814
37,22,58,34,493,460,814
74,25,158,57,549,556,814
77,39,231,87,606,603,814
318,57,995,215,787,804,814
54,31,163,86,522,514,814
50,23,147,52,578,558,814
79,33,191,72,570,533,814
27,20,62,32,545,515,814
47,25,103,60,520,525,814
72,33,271,172,649,671,814
37,21,143,78,560,549,814
24,20,48,33,464,484,814
59,24,197,75,553,558,815
61,35,207,104,514,525,815
33,22,85,45,486,519,815
31,21,104,58,483,497,815
48,25,172,63,574,577,815
88,35,264,109,593,589,815
97,52,329,193,672,691,815
34,20,95,37,554,522,815
76,31,198,78,581,575,815
30,22,64,42,440,414,815
111,35,324,99,606,602,815
55,21,154,64,542,574,815
52,26,107,33,570,540,815
28,21,123,69,503,501,815
71,24,177,52,574,590,815
59,27,193,78,566,568,815
215,48,566,133,668,658,815
40,20,112,35,542,509,815
34,23,80,52,523,565,815
41,31,30,27,510,512,815
167,48,611,165,659,670,815
61,25,186,56,608,614,816
31,21,109,56,480,514,816
51,23,137,58,543,546,816
86,31,280,72,611,621,816
37,23,125,59,499,484,816
28,22,70,50,492,499,816
25,23,78,67,519,535,816
49,20,149,55,554,553,816
52,21,89,43,541,561,816
30,21,60,37,483,499,816
40,23,89,30,501,485,817
57,30,101,50,538,553,817
104,40,234,67,597,603,817
41,23,67,31,494,498,817
91,23,265,69,593,610,817
178,61,597,220,753,770,817
34,31,99,86,539,606,817
62,23,178,72,582,587,817
41,24,132,69,563,562,817
98,40,286,144,652,672,817
71,26,259,62,552,566,817
58,21,170,55,608,606,817
41,26,186,125,609,639,818
73,44,209,114,619,644,818
62,27,218,66,564,571,818
32,21,144,62,462,495,818
60,22,186,52,527,548,818
53,23,165,53,558,572,818
67,25,186,67,550,570,818
97,35,460,207,698,704,818
60,24,177,83,589,606,818
21,20,29,36,488,110,818
41,33,84,77,585,575,818
52,21,129,60,556,517,818
64,31,214,84,553,559,818
50,31,163,98,610,625,818
59,27,196,78,591,587,819
39,25,66,34,489,475,819
63,31,226,96,599,601,819
46,24,112,57,509,500,819
37,30,60,36,525,510,819
63,23,214,67,556,570,819
48,31,137,80,539,522,819
76,28,269,104,579,585,819
76,37,273,150,680,686,819
57,25,204,53,564,518,820
138,39,459,99,634,631,820
203,45,550,117,681,679,820
69,20,154,48,543,584,820
20,20,66,45,480,415,820
128,57,549,263,766,774,820
56,28,137,67,532,560,820
56,26,159,54,548,554,820
36,20,85,43,516,529,820
198,48,536,130,665,682,820
17,20,41,33,489,399,820
45,31,88,77,573,578,820
43,21,90,46,526,536,820
139,53,511,169,644,635,820
42,29,133,70,551,549,820
63,27,170,68,577,582,820
53,24,231,108,513,502,820
103,30,246,68,591,599,820
52,28,135,57,566,562,820
85,44,228,151,649,655,821
58,32,290,185,679,691,821
76,22,646,208,786,802,821
25,24,40,34,445,444,821
38,22,106,39,487,501,821
89,28,198,78,588,594,822
54,25,164,60,565,585,822
46,25,79,44,515,524,822
49,31,151,57,515,527,822
26,22,35,29,467,457,822
35,21,71,39,511,479,822
244,72,640,160,687,683,822
34,22,99,72,536,524,822
51,30,142,60,561,560,822
76,34,220,65,557,566,822
35,24,127,70,503,517,822
30,21,78,55,502,493,822
57,33,227,119,590,621,822
34,20,127,57,577,600,822
158,41,461,99,604,608,822
33,25,40,41,499,428,822
60,22,207,60,570,568,822
46,20,145,45,502,527,822
55,33,189,94,551,563,823
32,22,71,37,479,471,823
63,31,224,100,577,586,823
46,22,156,65,524,511,823
64,24,149,50,526,551,823
82,46,305,184,641,642,823
24,24,63,44,514,485,823
43,27,88,46,537,545,823
138,43,569,167,682,703,824
58,21,199,65,581,582,824
64,26,247,107,583,592,824
57,33,169,72,523,501,824
101,40,228,73,569,582,825
32,25,118,94,590,598,825
32,23,78,65,565,598,825
65,23,235,70,518,503,825
24,21,22,28,495,470,825
115,48,356,119,620,617,825
21,21,55,44,497,532,825
101,30,385,108,633,626,826
39,21,74,35,492,517,826
163,36,473,87,648,642,826
255,53,727,133,693,697,826
50,20,138,45,548,544,826
54,29,149,61,569,567,826
55,24,97,52,499,493,826
93,37,238,88,598,609,826
59,23,225,97,609,623,826
45,23,160,59,480,523,826
130,47,285,88,644,634,826
381,79,927,162,757,759,826
48,24,188,79,533,535,827
44,22,138,65,533,523,827
81,36,239,106,546,577,827
114,32,264,68,576,600,827
55,37,130,73,548,584,827
80,35,264,94,602,600,827
41,21,134,78,530,536,827
67,20,197,54,585,576,827
33,24,80,52,484,474,827
65,26,156,85,626,637,827
51,31,168,64,557,561,827
27,23,101,103,557,555,827
130,33,510,113,620,632,828
25,20,49,27,501,494,828
99,39,276,92,628,640,828
53,25,133,48,535,515,828
45,20,177,85,510,547,828
27,24,36,29,455,438,828
55,20,200,78,560,557,828
23,27,42,48,481,480,828
62,30,198,114,599,604,828
58,23,159,47,530,567,829
43,25,103,51,542,519,829
56,21,172,59,551,555,829
49,25,121,65,503,479,829
33,21,92,43,495,494,829
41,20,98,45,528,552,829
39,21,122,47,556,505,829
244,66,836,319,852,860,829
136,61,461,195,651,646,829
115,37,381,112,621,638,829
103,34,323,107,598,599,829
27,21,86,52,513,515,830
222,56,589,143,679,677,830
67,37,165,113,618,628,830
149,32,474,90,645,651,830
67,29,250,111,586,604,830
41,22,96,48,508,541,830
156,47,451,136,646,636,830
52,20,109,34,526,561,830
54,20,130,37,567,553,830
49,25,184,104,600,589,830
31,23,77,60,537,533,830
52,33,114,63,605,600,830
42,23,139,72,500,507,830
35,21,72,47,541,525,831
73,34,208,94,537,548,831
148,46,396,110,657,658,831
58,32,132,76,535,544,831
132,47,429,161,642,640,831
32,20,77,49,516,541,831
37,23,67,46,518,525,831
34,25,47,15,477,428,831
44,21,114,39,513,489,831
56,24,179,59,527,558,831
72,29,169,56,529,546,832
30,22,68,63,561,579,832
94,52,304,199,692,699,832
36,23,109,55,467,507,832
49,31,149,88,593,609,832
111,44,316,107,613,632,832
68,32,176,63,568,571,832
54,21,141,56,567,561,832
121,58,518,251,738,755,832
108,41,354,116,631,644,832
44,24,138,69,566,571,832
75,28,273,99,556,591,832
37,22,83,42,560,529,832
126,43,322,131,673,681,832
54,23,173,60,524,545,832
40,20,130,44,517,527,832
112,34,497,143,636,648,832
206,43,615,109,664,682,832
177,57,457,142,669,673,832
164,38,511,117,645,645,832
59,29,174,56,530,556,832
149,52,430,152,649,646,832
72,33,216,82,581,565,832
44,23,111,40,471,499,832
94,40,275,78,608,618,832
64,23,166,75,545,579,832
36,22,57,34,535,529,832
29,20,105,56,519,528,833
59,20,164,47,563,566,833
30,26,49,41,538,504,834
53,20,105,43,564,565,834
51,32,170,87,552,548,834
56,23,170,67,593,593,834
301,87,768,239,720,724,835
133,46,400,131,652,642,835
82,37,251,117,603,618,835
96,38,341,124,619,637,835
57,24,172,77,526,547,835
44,21,143,46,522,493,835
61,20,186,57,532,569,835
76,42,194,106,582,586,835
47,26,181,72,557,558,835
36,21,117,53,535,521,835
59,21,159,49,572,580,835
37,29,105,77,557,590,835
37,21,72,51,561,529,835
93,29,320,100,598,628,836
37,20,65,33,525,507,836
34,21,68,29,540,572,836
131,30,395,76,635,638,836
151,35,469,127,636,650,836
73,29,237,77,567,599,836
73,26,261,124,636,640,836
130,42,336,101,638,657,836
42,22,105,48,525,549,836
56,27,138,73,539,533,836
57,32,114,44,551,538,836
52,26,125,38,527,498,836
35,23,78,46,461,549,836
26,25,30,27,467,497,836
45,26,101,68,543,563,837
60,24,172,62,543,567,837
25,20,40,31,470,439,837
23,23,45,35,481,452,837
59,24,154,48,573,578,837
134,44,445,126,639,656,837
52,25,138,59,519,533,837
33,24,79,36,486,465,837
28,20,118,67,498,514,837
63,27,209,99,562,563,837
36,20,101,49,501,512,837
44,21,127,53,566,560,837
139,44,416,137,639,644,837
37,21,137,52,550,544,837
53,20,153,53,510,533,837
229,73,658,236,737,735,837
59,29,162,80,560,578,838
30,21,78,44,537,533,838
34,20,84,34,537,519,838
54,21,181,56,546,561,838
38,25,91,43,559,547,838
34,23,41,31,481,480,838
63,26,163,58,557,587,838
174,50,532,223,721,730,839
44,28,93,63,559,521,839
30,23,106,82,541,567,839
31,23,53,38,532,539,839
76,26,203,56,575,585,839
22,20,33,29,479,512,839
56,31,118,55,506,544,839
48,22,117,60,559,553,839
84,28,193,55,605,607,839
44,26,107,54,514,540,839
61,31,145,77,590,618,839
52,34,258,140,517,523,839
29,21,90,59,478,515,839
32,22,80,29,509,511,840
29,25,53,39,511,541,840
23,20,33,20,496,540,840
51,26,133,56,482,510,840
19,25,16,35,451,443,840
38,21,89,50,487,516,840
49,22,161,59,554,538,840
36,20,69,40,517,463,840
33,24,100,85,587,597,840
90,35,273,102,621,628,840
40,23,123,55,531,540,841
23,21,44,44,468,475,841
43,25,84,39,506,495,841
60,26,163,62,547,519,841
30,21,137,119,606,607,841
25,22,27,25,491,503,841
24,21,62,49,518,544,841
47,23,128,47,513,484,841
75,38,200,88,597,590,841
53,20,137,44,545,538,841
27,21,68,38,524,477,841
75,45,292,146,596,606,841
52,21,146,49,555,541,841
48,21,143,63,555,556,841
28,22,102,48,511,512,842
22,22,72,69,529,556,842
272,78,761,285,783,796,842
154,68,329,127,664,637,842
99,36,243,66,597,612,842
81,33,209,74,614,599,842
52,35,150,103,591,620,842
61,36,174,84,557,585,842
166,48,520,166,686,681,842
169,51,581,184,651,652,842
129,50,317,129,648,648,842
152,28,491,99,646,658,842
35,23,59,36,536,524,842
161,50,532,177,649,662,843
70,28,208,86,618,631,843
82,29,300,127,628,644,843
67,24,273,97,562,546,843
75,28,232,82,576,583,843
45,23,166,69,523,545,843
70,32,277,101,601,596,843
62,26,198,65,571,584,843
343,91,809,363,828,839,843
233,79,637,234,738,747,843
215,42,531,102,677,685,843
116,41,341,103,618,631,843
39,24,154,113,593,591,843
46,20,118,44,545,529,843
37,20,136,70,585,570,843
106,31,422,139,623,631,843
63,38,229,165,655,657,843
56,29,163,77,512,481,844
36,20,66,35,550,558,844
26,20,75,43,538,534,844
49,24,142,52,540,552,844
62,22,175,85,600,619,844
143,49,440,155,665,665,844
50,21,179,71,532,546,844
67,30,139,62,589,578,844
59,24,193,69,584,588,844
65,31,245,152,653,675,844
44,21,115,62,526,524,844
75,27,219,63,579,572,844
28,24,68,37,528,510,844
75,29,194,66,596,591,845
20,20,43,31,478,496,845
39,29,42,34,502,491,845
42,22,98,48,537,548,845
43,22,174,83,547,561,845
45,29,76,55,535,520,845
66,36,241,111,582,580,845
38,24,121,58,523,537,845
46,33,118,66,530,523,845
28,23,61,33,512,528,846
55,28,262,156,664,666,846
100,30,303,93,601,617,846
49,25,139,63,512,520,846
38,21,78,34,525,565,846
47,39,142,122,646,642,846
101,37,253,78,598,616,846
120,42,455,225,718,719,846
58,22,159,40,553,544,846
33,21,58,27,502,516,846
58,26,203,95,549,589,846
53,28,175,89,573,565,847
94,25,298,101,594,607,847
86,50,378,251,691,711,847
18,20,88,75,543,538,847
26,20,46,44,530,481,847
35,22,63,42,554,541,847
41,20,135,53,597,576,847
74,30,176,63,546,634,847
68,31,200,107,576,582,847
65,38,193,85,537,544,847
52,26,188,95,533,567,848
55,20,127,41,510,544,848
55,24,186,76,572,537,848
79,36,221,109,546,568,848
238,56,610,120,687,691,848
156,32,462,68,660,671,848
211,44,677,122,685,695,848
28,21,69,40,505,509,848
34,25,54,48,516,548,848
76,33,229,126,635,626,848
24,20,33,28,450,473,848
57,22,149,50,571,549,849
46,25,89,42,551,524,849
41,20,83,38,524,494,849
82,28,269,83,578,597,849
106,25,356,83,584,611,849
94,29,316,94,614,641,849
28,20,69,24,503,491,849
49,23,186,96,533,566,849
50,29,115,50,547,529,849
66,37,231,116,565,584,849
68,35,222,89,560,564,850
64,25,175,60,493,509,850
105,40,304,106,604,589,850
28,21,69,48,502,553,850
31,28,57,45,507,525,850
196,34,462,62,670,683,850
50,22,101,43,518,545,851
40,23,137,64,518,520,851
89,38,237,80,574,579,851
61,23,151,56,551,569,851
28,23,78,67,545,577,851
23,26,64,71,531,515,851
72,21,240,73,605,605,851
85,32,216,75,612,606,851
29,27,102,87,577,553,851
40,22,138,47,546,553,851
52,24,146,65,528,542,851
101,39,299,98,594,594,851
53,25,144,55,530,551,851
27,20,65,39,514,518,851
53,26,113,60,553,574,851
40,25,81,47,558,568,851
160,74,478,167,652,658,851
30,21,66,47,492,490,851
24,21,90,64,517,529,851
36,26,109,66,455,486,851
55,22,168,64,576,580,852
37,25,106,53,520,531,852
31,25,43,36,490,564,852
473,77,985,227,783,783,852
42,25,123,65,459,494,852
41,24,90,35,516,559,852
43,27,138,70,491,501,852
70,34,211,76,589,583,852
74,22,253,78,580,578,852
109,50,277,135,668,676,852
75,31,223,88,603,605,852
84,40,246,110,584,587,852
37,25,88,52,527,531,852
55,23,197,83,530,550,852
23,20,35,28,474,467,852
86,22,317,61,594,604,852
33,24,188,144,622,627,853
25,21,47,33,466,401,853
57,24,131,56,524,534,853
33,23,80,67,541,545,853
66,35,204,101,558,562,853
22,21,28,33,519,544,853
65,24,147,52,605,591,853
35,22,118,74,520,477,853
190,54,580,175,681,678,853
28,23,86,75,579,585,853
20,21,40,41,438,445,853
57,40,188,124,581,587,854
31,29,71,42,549,530,854
45,30,134,94,595,611,854
22,25,79,71,534,522,854
26,20,68,46,458,465,854
32,23,75,33,444,460,854
22,25,135,119,558,588,854
38,26,119,54,497,476,855
50,23,157,55,512,535,855
49,21,97,37,495,526,855
30,25,88,65,577,556,855
116,38,329,114,627,623,855
30,27,65,58,523,553,855
233,57,687,174,671,681,855
199,46,452,95,653,662,855
80,39,307,144,590,601,855
49,22,124,42,525,547,855
174,52,671,244,743,764,855
61,30,178,68,544,569,855
103,40,332,119,634,639,856
26,21,49,28,485,467,856
41,20,127,42,516,518,856
48,21,82,31,558,545,856
44,25,129,87,586,619,856
52,30,121,56,558,535,856
48,25,158,58,519,549,856
37,21,125,62,465,472,856
61,28,137,60,594,602,856
52,21,187,82,556,550,856
38,23,44,17,492,503,856
66,25,166,58,563,557,856
28,21,103,48,496,468,856
41,21,123,66,543,525,856
26,20,71,57,515,548,856
57,25,163,49,560,566,857
66,24,206,67,580,602,857
36,34,42,34,508,499,857
29,23,88,66,517,520,857
37,24,66,42,519,543,857
75,39,301,135,575,595,857
42,22,114,57,520,498,857
52,28,87,67,570,568,857
28,20,62,24,471,473,857
38,21,75,25,511,523,857
51,22,152,49,528,523,857
92,47,224,101,568,580,857
44,21,66,40,535,503,857
35,23,91,44,563,549,857
83,41,286,168,626,626,858
64,24,229,101,547,562,858
126,54,534,240,724,745,858
44,25,151,96,582,620,858
40,21,122,43,535,513,858
48,21,142,53,540,492,858
76,34,163,73,570,555,858
31,22,130,100,601,621,858
63,27,157,66,534,536,859
40,30,100,58,526,540,859
52,39,83,72,554,573,859
47,21,152,63,551,561,859
46,27,101,50,529,537,859
47,28,102,51,528,525,860
24,26,23,33,482,418,860
37,25,142,79,502,522,860
73,30,224,84,555,546,860
31,23,62,56,522,533,860
39,20,79,37,534,543,861
78,27,270,97,580,599,861
48,24,118,56,529,554,861
88,30,281,75,614,610,861
21,20,34,28,434,456,861
75,31,216,90,585,609,861
91,46,385,203,691,703,861
202,53,656,190,701,713,861
65,22,182,68,543,576,861
210,33,589,83,681,677,861
243,75,610,165,682,689,861
129,43,431,106,649,650,861
60,26,180,65,550,566,861
91,36,212,112,642,631,861
26,22,37,25,418,459,861
28,22,43,32,521,479,862
25,21,48,32,491,443,862
66,23,216,50,545,566,862
19,24,15,25,458,381,862
90,39,222,84,570,582,862
50,24,131,57,554,529,862
52,23,176,59,517,521,862
17,21,33,31,404,326,862
43,23,132,86,591,609,862
81,38,324,173,665,682,862
57,28,160,57,532,498,862
219,40,661,129,672,675,862
111,39,344,116,627,636,862
59,21,171,50,557,549,862
27,22,49,36,492,526,863
69,32,210,83,552,568,863
43,23,152,83,608,625,863
138,56,476,204,695,688,863
65,22,170,47,574,580,863
52,27,137,65,531,548,864
22,20,56,45,471,459,864
123,40,462,194,698,707,864
88,30,276,85,598,595,864
47,22,142,104,586,581,864
130,42,590,261,710,716,864
96,34,216,69,609,609,864
85,28,190,68,620,641,864
22,21,51,38,472,452,864
41,22,74,35,535,531,864
67,29,139,51,575,549,865
24,20,61,42,515,550,865
77,29,218,77,532,567,865
235,68,647,161,699,695,865
99,36,342,156,636,650,865
100,38,306,111,646,650,865
86,45,162,88,553,564,865
45,22,158,67,509,542,865
36,23,117,50,476,501,865
133,48,595,296,770,785,865
68,29,162,66,547,571,865
113,32,294,76,601,587,865
485,97,994,280,823,823,865
47,22,167,50,549,558,865
234,64,671,233,743,747,865
35,22,116,81,571,571,865
33,21,85,45,470,515,865
239,91,595,178,754,763,865
134,28,363,64,625,631,865
66,29,186,86,569,566,865
49,20,144,42,539,562,865
41,29,133,92,582,593,865
68,33,241,95,597,597,865
109,31,286,96,616,631,865
46,22,125,51,541,537,865
26,28,50,45,483,450,865
39,26,87,53,517,504,866
61,27,200,90,555,573,866
128,49,443,190,641,639,866
57,21,196,77,556,569,866
65,28,168,74,562,570,866
243,68,647,162,693,692,866
39,23,125,64,540,544,866
284,51,868,162,734,739,866
100,37,411,161,626,634,866
42,22,198,109,633,633,866
19,20,48,33,471,463,866
20,21,40,39,498,483,866
75,32,248,87,608,604,866
30,27,28,22,490,375,866
18,20,49,57,443,459,867
21,21,13,25,464,501,867
37,22,122,51,481,506,867
21,22,58,54,484,464,867
80,31,280,104,579,597,868
45,30,95,62,555,551,868
181,69,612,293,729,758,868
62,24,202,86,566,584,868
100,31,292,67,611,626,868
174,53,356,99,643,645,868
56,24,112,38,557,553,868
36,20,153,53,496,533,868
26,20,44,30,494,474,868
35,22,107,52,511,542,868
22,22,66,62,497,530,868
69,35,244,126,646,642,868
55,26,137,83,574,592,868
50,22,128,44,522,526,869
55,28,143,72,543,552,869
22,28,33,59,523,515,869
41,22,149,55,527,556,869
90,52,217,112,598,594,869
87,33,223,90,596,598,869
53,31,134,68,545,530,870
32,20,77,33,496,519,870
70,34,168,78,558,564,870
61,26,129,36,561,574,870
174,56,595,188,684,692,870
159,50,435,117,637,648,870
202,63,637,276,770,803,870
75,34,250,82,573,597,870
40,22,78,37,474,521,870
68,23,250,69,578,583,870
60,30,227,121,628,630,870
60,21,179,57,547,520,870
56,24,159,72,508,491,870
32,21,72,45,541,520,870
53,27,158,89,565,572,870
171,53,597,166,621,622,870
202,69,512,151,681,678,870
47,24,94,43,540,575,870
74,29,177,60,563,573,870
109,31,371,95,617,628,870
246,78,725,319,836,843,870
75,31,286,98,588,610,870
97,24,307,71,591,605,870
160,57,585,284,753,764,870
65,29,180,83,588,602,870
157,56,481,160,652,665,870
232,47,656,123,684,683,870
107,30,299,87,632,650,871
124,29,335,75,626,621,871
75,46,197,127,648,666,871
22,24,59,53,475,481,871
25,21,24,27,494,451,871
34,23,154,104,614,602,871
80,32,246,88,591,589,871
63,29,398,184,686,733,872
70,36,165,78,555,559,872
120,40,340,90,627,628,872
50,26,69,39,545,556,872
37,21,57,47,540,518,872
71,29,151,67,572,557,872
58,37,222,133,609,613,872
76,50,171,91,566,567,872
42,23,70,35,486,495,872
305,62,755,179,698,715,872
61,28,204,71,550,541,872
68,30,133,53,517,544,872
110,56,308,136,637,658,872
94,40,230,75,596,584,872
90,44,270,160,666,688,872
71,30,245,79,584,598,872
48,22,82,45,571,546,873
39,21,117,50,518,499,873
49,24,144,65,525,544,873
147,44,478,131,638,650,873
47,26,119,65,492,475,873
71,30,161,64,570,557,873
59,32,206,96,629,649,873
59,25,92,32,546,540,873
50,21,109,32,539,549,873
43,21,89,47,531,505,874
53,25,117,60,520,493,874
51,23,75,27,550,552,874
82,35,365,207,683,696,874
33,22,90,72,537,521,874
33,25,73,50,495,487,874
71,27,217,86,605,597,874
43,27,222,138,635,652,874
126,51,573,280,750,758,874
75,32,298,105,569,563,875
58,24,189,71,555,561,875
60,24,149,48,533,518,875
60,33,166,66,571,591,875
95,42,329,144,602,599,875
45,24,138,66,487,499,875
66,24,204,55,558,549,875
65,23,191,63,557,564,875
63,35,116,71,597,605,875
29,22,59,43,490,506,875
64,22,192,61,542,559,875
31,20,84,50,508,473,876
31,26,40,38,499,496,876
16,20,41,49,521,499,876
23,20,28,30,494,446,876
18,22,39,49,469,434,876
43,22,152,69,523,554,876
90,38,181,73,649,655,876
23,20,49,42,530,490,877
221,67,677,307,752,744,877
54,35,117,69,538,497,877
33,20,111,55,501,519,877
71,30,219,84,538,551,877
53,32,215,113,566,565,877
76,25,230,63,574,564,877
45,23,128,42,542,534,877
31,32,77,77,550,573,877
28,20,81,43,480,497,878
311,72,831,241,792,798,878
44,23,114,43,533,560,878
34,22,86,56,482,513,878
112,29,298,76,608,622,878
61,37,194,106,654,662,878
64,22,185,52,562,579,878
93,43,259,107,608,605,878
42,21,100,41,532,503,878
51,28,147,80,499,508,878
63,23,207,76,579,555,878
82,24,249,76,591,571,879
32,22,72,41,518,520,879
79,32,239,61,551,556,879
40,21,110,50,576,562,879
109,45,329,121,594,606,879
27,22,41,28,483,360,879
48,28,112,74,591,550,879
167,54,587,138,661,657,879
109,35,346,97,622,635,879
85,33,275,105,587,619,879
84,32,309,106,593,626,879
81,25,281,112,607,603,879
50,20,203,92,617,611,879
23,22,33,35,495,464,880
40,22,140,67,455,437,880
78,28,200,63,565,578,880
24,20,84,55,402,421,880
140,44,473,162,658,660,880
31,27,98,68,546,544,880
85,45,245,128,672,666,880
56,25,143,41,523,533,880
79,26,248,82,586,608,880
75,34,222,73,545,550,880
63,25,172,82,624,622,881
57,27,206,93,599,613,881
41,20,96,44,570,597,881
25,21,44,23,493,490,881
32,25,68,44,511,548,881
46,22,113,59,548,550,881
47,23,154,70,555,520,881
24,21,56,41,497,500,881
80,26,294,80,578,579,881
77,26,197,80,568,593,881
106,28,391,103,624,632,881
41,21,182,77,505,518,881
38,21,61,23,533,542,881
44,20,116,40,564,530,881
31,22,75,56,530,488,882
50,20,85,34,573,538,882
84,31,237,83,574,580,882
137,48,362,112,625,622,882
138,56,456,196,683,684,882
70,27,154,42,559,580,882
78,31,221,99,649,663,882
49,28,106,66,475,489,882
24,21,74,53,490,511,882
21,21,30,43,530,541,882
189,43,553,111,641,637,882
27,21,38,24,502,424,882
37,30,101,68,444,487,882
58,27,163,73,564,595,882
27,21,46,42,539,493,882
15,21,14,31,447,413,882
28,22,73,45,504,457,883
43,21,145,55,556,556,883
32,21,73,38,514,495,883
35,32,66,67,548,521,883
96,53,273,172,678,688,883
38,20,80,43,520,525,884
43,30,102,43,538,522,884
41,23,140,58,547,572,884
86,33,244,88,603,598,884
104,29,314,84,589,594,884
71,27,279,101,622,626,884
34,25,50,38,513,517,884
62,37,137,64,564,557,884
48,37,172,128,643,633,884
301,55,875,128,731,726,884
84,21,198,45,590,570,884
40,25,131,89,590,607,884
23,23,37,31,485,483,884
88,36,226,67,622,597,885
28,23,43,44,497,513,885
29,20,98,70,591,615,885
80,43,257,158,676,691,885
32,21,73,42,521,496,885
21,22,42,46,495,482,885
111,36,318,82,617,625,885
58,35,166,92,550,536,885
47,20,146,53,535,557,885
26,26,52,58,507,556,885
32,23,70,39,512,522,885
68,28,152,61,524,541,885
42,30,124,97,567,617,885
45,24,105,55,541,510,885
36,23,92,62,542,512,885
59,22,247,71,542,545,885
31,25,71,42,535,478,885
62,23,145,51,555,536,885
45,21,116,64,557,557,885
24,20,77,73,545,536,885
32,20,101,51,521,533,886
28,20,54,21,481,442,886
42,22,99,57,565,581,886
29,27,34,36,499,455,886
38,22,128,66,548,536,886
38,25,101,59,540,527,886
51,22,160,63,502,537,886
101,45,342,197,674,694,886
45,24,196,80,520,539,886
82,40,348,174,678,696,886
31,23,57,48,546,552,887
31,22,103,49,495,517,887
42,23,127,60,522,546,887
52,23,210,120,657,675,887
88,50,200,95,636,647,887
84,35,230,95,617,608,887
71,20,225,70,603,598,887
39,22,62,54,574,583,888
35,22,143,82,466,449,888
50,24,156,64,548,547,888
38,22,76,44,564,563,888
66,24,238,62,480,378,888
95,51,257,173,662,680,888
110,52,484,249,710,710,888
24,20,61,37,405,267,888
41,20,91,40,545,563,888
92,29,254,48,588,585,888
108,46,330,132,624,630,888
129,31,383,67,619,636,888
303,47,897,134,735,726,889
92,36,281,95,579,596,889
113,45,365,147,676,687,889
55,20,151,41,565,567,889
119,43,378,142,649,641,889
283,71,782,156,709,710,889
28,20,82,38,533,544,889
34,32,78,63,531,551,889
60,37,142,90,575,581,889
52,29,154,77,603,588,889
49,24,148,72,516,533,889
39,21,121,47,520,526,889
130,48,350,103,657,662,890
67,33,175,77,566,572,890
149,49,416,143,643,649,890
67,35,114,59,561,557,890
36,23,69,43,543,535,890
288,78,675,195,710,706,890
174,44,549,164,671,690,890
37,22,102,48,545,554,890
50,25,160,68,546,577,890
89,31,239,79,576,598,890
94,29,298,88,591,620,890
76,35,184,55,589,586,890
29,27,60,36,483,413,890
24,23,29,34,482,462,890
73,25,231,78,604,617,891
44,25,89,47,513,479,891
49,23,146,55,519,561,891
29,21,69,45,498,473,891
62,24,184,69,536,563,891
40,20,115,52,526,546,891
78,33,270,79,643,658,891
39,28,123,90,600,616,891
67,35,225,89,602,595,891
72,38,213,131,619,632,892
33,24,75,30,527,521,892
41,22,119,54,516,475,892
30,21,56,36,478,504,892
32,20,55,33,516,492,892
62,36,184,110,566,559,892
125,43,395,121,640,634,892
55,26,209,74,571,573,892
25,21,38,30,510,481,892
56,20,157,48,559,561,892
53,23,189,60,544,551,892
37,28,122,76,547,557,892
35,22,109,66,566,574,893
46,25,78,34,561,520,893
65,35,207,96,564,546,893
83,41,298,139,685,692,893
27,23,67,38,515,539,893
35,20,72,35,510,441,893
86,36,275,114,599,590,893
50,22,159,64,543,552,893
44,23,144,59,551,554,893
219,66,647,207,711,705,893
225,63,680,192,738,725,893
36,25,80,52,516,519,893
264,78,699,168,685,685,894
180,44,482,90,660,662,894
43,23,145,85,536,576,894
28,21,115,77,512,568,894
67,31,411,255,706,721,894
21,27,58,65,537,477,894
100,39,407,178,629,628,894
13,20,42,49,460,489,894
167,57,558,176,675,675,894
94,38,232,79,579,575,894
68,28,133,59,569,558,894
31,22,132,93,587,590,894
19,20,27,36,478,515,895
42,31,102,57,525,514,895
119,49,386,154,621,639,895
108,42,356,107,603,613,895
36,21,78,45,536,557,895
75,35,230,112,599,617,895
60,29,220,98,548,574,895
26,24,78,66,543,532,895
52,25,176,66,531,538,895
29,24,40,28,492,494,895
35,20,61,38,523,514,895
25,20,45,53,509,511,895
49,26,151,59,560,542,895
61,24,199,113,623,632,895
50,26,152,78,548,560,895
74,34,179,73,615,627,896
52,24,108,39,562,560,896
46,24,143,104,601,597,896
87,43,259,117,561,584,896
59,20,124,35,533,522,896
32,20,94,51,541,527,896
83,39,250,98,584,585,896
118,37,319,95,621,621,896
47,29,115,68,568,584,896
22,20,34,24,485,433,896
32,21,59,30,516,519,896
307,97,740,252,764,783,896
78,46,292,153,647,664,897
45,22,72,30,546,564,897
28,20,115,64,516,496,897
89,42,228,110,664,673,897
38,21,76,40,527,535,897
41,27,81,46,527,551,897
23,22,70,55,420,417,897
34,26,49,42,492,553,897
101,43,339,106,593,591,897
51,26,123,67,551,559,897
26,20,85,53,542,525,897
41,21,83,38,537,526,897
38,25,88,42,540,521,898
40,22,136,54,498,532,898
39,24,92,50,536,540,898
25,21,61,47,495,523,898
81,36,245,100,598,590,898
339,56,779,114,717,720,898
60,22,341,88,579,595,898
153,37,430,79,641,659,898
47,25,149,77,560,560,898
169,56,444,177,683,700,898
129,47,427,99,654,661,898
77,31,261,103,639,644,898
142,64,405,147,655,645,898
66,29,255,86,581,593,898
34,20,111,45,516,530,898
54,26,178,63,566,579,898
55,27,144,74,571,567,898
71,32,129,55,579,559,898
16,21,51,61,513,499,898
27,24,77,42,459,465,898
38,21,94,50,470,497,899
121,43,325,113,625,635,899
74,30,201,59,531,566,899
27,22,48,31,504,496,899
37,28,40,52,546,542,899
69,36,184,86,577,546,899
261,62,809,170,772,768,899
105,59,429,302,731,742,899
35,21,78,32,489,496,899
120,57,368,149,632,632,900
21,24,35,45,434,476,900
51,43,126,104,601,616,900
38,21,116,57,502,523,900
30,23,69,40,525,510,900
30,22,81,46,545,531,900
69,20,245,57,550,539,900
57,31,103,48,560,619,900
64,31,191,68,529,462,900
24,21,99,77,553,576,900
124,50,396,152,654,656,900
44,23,173,88,585,615,900
85,28,172,58,575,598,900
34,22,55,30,499,499,900
156,65,448,168,681,673,900
21,21,27,26,487,401,900
28,23,60,40,531,534,900
32,20,97,57,502,516,900
34,23,90,61,552,545,900
261,67,734,180,729,728,901
57,30,160,93,577,596,901
45,32,87,44,504,475,901
28,24,31,37,476,518,901
35,29,28,33,513,471,901
35,20,58,32,525,515,901
43,27,85,32,524,530,901
29,23,48,35,485,476,901
43,21,146,69,560,550,901
42,28,139,105,601,615,902
25,23,70,67,559,555,902
33,22,98,44,490,533,902
59,30,125,58,589,573,902
21,20,45,41,438,511,902
31,20,67,39,514,514,902
62,32,142,64,601,596,902
51,20,166,50,541,541,902
56,26,187,75,594,611,902
105,68,188,94,648,661,902
40,20,80,50,478,514,903
32,20,99,61,592,576,903
91,27,244,87,591,606,903
54,21,117,59,569,567,903
34,21,76,45,519,525,903
28,22,56,30,509,505,903
106,45,283,116,576,565,903
42,24,82,46,495,508,903
60,20,212,76,535,535,903
71,34,201,90,569,591,903
79,37,226,107,628,631,903
163,42,524,127,663,664,903
61,30,234,98,547,557,904
31,21,102,69,517,512,904
95,42,314,120,623,606,904
34,20,89,50,532,526,904
68,32,462,235,668,700,905
53,24,116,42,538,476,905
43,21,114,38,537,570,905
34,22,71,35,512,497,905
31,34,92,94,542,575,905
35,21,69,35,520,504,905
25,23,78,73,536,522,905
68,37,262,146,663,678,905
47,24,159,56,527,540,905
140,60,358,131,646,655,906
28,20,61,39,484,497,906
25,26,26,28,428,460,906
156,55,595,273,782,802,906
52,22,108,33,552,556,906
228,75,620,197,711,711,906
64,20,143,53,563,557,906
61,21,158,42,574,581,906
161,35,509,106,651,666,906
50,35,125,101,614,616,906
100,38,255,99,590,612,906
74,30,189,62,588,600,906
228,52,672,154,702,697,906
113,34,356,107,615,614,906
53,26,173,59,574,584,906
169,62,470,130,651,661,906
53,22,142,56,560,557,906
23,28,67,90,499,547,907
48,23,148,48,543,536,907
42,28,99,54,495,488,907
40,20,106,48,484,534,907
36,21,83,47,518,525,907
50,37,154,117,600,600,907
49,27,172,75,577,564,907
130,49,385,126,641,626,907
248,51,852,300,764,780,907
61,32,201,111,647,653,907
197,52,689,177,716,725,908
204,51,604,159,703,714,908
96,34,353,156,674,680,908
41,24,91,44,441,511,908
258,49,757,164,711,712,908
39,22,120,50,519,475,908
44,22,112,43,513,533,908
257,40,708,98,691,704,908
111,43,335,96,604,608,908
119,31,393,95,615,626,908
144,42,435,130,670,677,908
49,29,152,110,569,607,908
27,20,38,26,484,409,908
29,21,74,53,531,531,909
30,21,65,36,508,486,909
63,38,188,91,564,566,909
76,37,198,82,573,588,909
50,26,121,50,574,576,909
33,20,48,25,517,473,909
62,27,252,115,586,610,909
24,20,60,47,465,496,909
28,22,53,46,548,528,909
74,25,168,57,603,585,909
75,27,204,66,574,570,909
20,20,30,20,497,463,910
27,26,79,73,523,537,910
65,29,177,85,596,608,910
97,41,390,168,664,674,910
29,22,56,35,493,472,910
61,20,191,53,569,575,910
46,21,66,37,498,508,910
47,28,58,29,536,537,910
49,20,182,57,539,545,910
37,30,99,64,555,558,910
63,31,171,70,563,533,910
33,23,117,63,548,532,910
45,22,116,54,569,584,910
28,23,44,44,524,523,911
106,34,316,86,595,596,911
74,27,259,66,555,572,911
38,24,87,41,530,524,911
38,22,84,48,506,539,911
36,24,165,105,601,593,911
169,51,577,173,697,704,911
45,24,134,58,497,453,911
121,57,414,198,688,692,911
76,31,221,72,563,595,911
58,37,193,119,621,635,911
55,20,181,50,544,591,911
126,37,363,95,611,618,911
207,39,591,112,690,690,911
54,25,110,36,547,544,911
39,20,113,49,470,502,911
30,23,70,40,541,559,911
56,25,196,69,520,560,912
29,21,50,30,456,470,912
129,41,401,102,624,644,912
226,53,745,162,741,744,912
121,44,369,142,688,706,912
47,20,124,61,577,596,912
97,40,302,114,633,646,912
39,34,38,41,501,517,912
269,86,672,260,757,752,912
95,31,242,77,577,563,912
141,38,402,97,618,622,912
29,24,36,24,489,483,912
40,23,143,77,544,464,912
26,22,39,38,491,450,912
99,39,355,143,624,632,912
46,23,125,41,557,522,913
37,27,127,59,515,494,913
96,50,358,162,670,678,913
146,28,410,72,626,637,913
112,35,262,104,650,655,913
22,20,59,45,478,498,913
31,21,96,47,505,511,913
58,33,188,116,623,636,913
23,22,51,42,467,469,913
34,20,112,76,523,542,913
30,23,40,30,485,500,914
17,20,18,28,347,328,914
65,32,94,48,587,576,914
31,24,75,47,529,494,914
45,23,149,66,560,578,914
39,28,87,58,565,545,914
163,71,592,367,797,807,914
45,26,87,74,551,551,914
64,30,203,85,554,575,914
72,37,208,98,563,555,914
46,26,100,51,547,563,914
37,20,156,70,542,534,915
101,46,221,83,654,626,915
61,25,162,74,518,527,915
49,39,111,81,591,601,915
99,37,266,94,594,621,915
42,24,146,90,538,552,915
28,24,64,35,541,512,916
69,36,239,124,611,625,916
23,22,34,33,501,530,916
49,22,139,46,539,540,916
129,62,377,175,702,709,916
53,25,155,69,476,495,916
22,20,41,31,426,373,916
131,37,305,76,621,625,916
13,21,29,49,472,376,916
36,29,76,58,477,481,916
62,25,173,53,556,563,916
80,21,311,119,614,622,916
41,32,145,115,615,620,916
72,28,224,78,557,551,917
36,22,60,31,502,495,917
31,21,24,19,497,471,917
50,25,125,50,530,542,917
50,29,176,111,619,610,917
65,27,184,65,589,592,917
52,31,130,64,527,524,917
61,32,168,78,585,585,917
84,46,183,99,580,584,918
43,24,164,98,572,582,918
29,21,80,65,548,543,918
99,50,314,172,659,691,918
22,20,51,31,453,477,918
23,21,59,33,494,480,919
45,30,82,60,535,525,919
37,20,97,28,515,494,919
58,29,171,79,576,592,919
28,25,50,54,556,525,919
109,32,278,77,611,608,919
43,24,116,55,494,524,919
157,32,531,111,667,668,919
66,29,166,72,528,554,919
55,20,169,59,526,569,919
32,20,115,58,494,501,919
77,37,299,128,637,658,919
20,25,62,60,471,480,919
120,41,402,129,637,605,919
31,22,64,39,496,496,919
75,28,210,66,573,584,919
75,32,248,127,609,623,920
53,21,183,43,498,491,920
17,21,26,39,443,484,920
28,20,59,43,509,488,920
45,20,136,51,514,516,920
27,22,62,33,477,522,920
37,23,104,56,495,487,920
63,35,149,79,547,554,920
317,88,739,287,827,868,920
138,39,387,104,645,645,920
19,21,16,29,453,382,921
39,23,106,47,470,457,921
97,47,282,176,665,676,921
117,49,302,127,573,564,921
73,26,210,67,570,571,921
73,30,245,90,599,594,921
46,32,204,125,648,647,921
30,21,61,60,570,538,921
86,30,198,64,565,549,921
64,35,334,207,664,692,921
60,28,225,112,545,583,921
85,36,232,76,563,580,921
49,24,112,44,548,544,921
34,22,81,41,486,424,921
30,23,59,42,442,437,921
122,31,408,85,607,626,921
74,23,216,57,552,568,921
362,97,826,243,796,802,921
47,21,115,32,548,564,921
340,72,886,207,754,756,921
55,24,112,43,530,556,921
33,20,124,54,506,522,921
28,21,73,45,469,456,921
150,51,379,117,653,649,921
92,39,245,108,600,609,921
40,27,134,97,584,612,922
43,20,109,72,548,555,922
42,33,91,68,566,568,922
52,23,188,78,567,581,922
77,28,242,66,567,567,922
46,21,95,40,509,499,922
52,28,106,42,544,533,922
165,45,543,149,660,665,922
55,20,156,51,575,568,922
237,69,737,205,734,741,922
40,20,86,43,524,527,923
228,51,774,118,654,660,923
68,30,192,80,584,586,923
49,20,181,57,594,604,923
34,26,119,88,582,602,923
158,49,429,133,659,673,923
119,37,368,90,636,642,923
96,34,370,111,636,638,923
136,43,452,122,637,656,923
172,35,641,196,722,740,923
46,21,211,83,590,585,923
54,21,149,55,479,516,923
69,35,193,91,621,627,923
30,20,27,18,489,432,924
23,28,35,45,501,524,924
30,25,84,48,425,471,924
21,20,47,37,481,516,924
65,24,270,102,604,606,924
31,24,65,37,474,479,924
34,20,89,49,486,514,925
112,32,433,141,668,678,925
35,29,85,56,561,555,925
41,25,96,39,558,551,925
56,22,159,61,550,536,925
45,24,122,44,527,492,925
22,20,31,30,502,415,925
34,20,101,47,514,492,925
48,29,139,58,545,511,925
48,23,167,67,513,502,925
46,23,129,43,548,559,925
96,24,274,72,594,624,925
67,23,188,51,591,579,925
91,40,228,89,566,589,925
59,22,170,47,542,549,925
122,36,374,99,603,609,925
127,44,379,120,641,628,925
56,26,248,108,614,635,925
32,21,85,51,501,509,925
114,29,390,138,630,619,925
73,39,228,118,524,553,925
59,27,140,58,536,558,925
48,25,102,47,525,533,926
26,20,74,66,537,529,926
49,41,169,163,621,628,926
24,20,78,45,417,481,926
51,23,141,51,521,529,926
36,20,99,34,515,544,927
91,41,276,100,586,581,927
80,32,212,68,600,586,927
283,87,726,197,724,717,927
117,46,365,135,640,661,927
35,28,69,59,554,521,927
38,22,85,38,494,477,927
32,21,87,34,496,488,927
112,47,347,135,642,634,927
93,34,263,99,545,562,927
51,29,109,59,572,573,927
20,20,50,44,457,465,927
29,20,54,51,530,517,927
75,24,179,60,555,554,928
95,34,274,80,613,604,928
208,50,634,149,700,701,928
72,35,180,73,585,587,928
70,26,210,71,594,597,928
104,46,296,98,600,617,928
163,62,469,168,680,674,928
44,33,102,85,533,538,928
75,44,235,153,664,683,928
24,23,20,18,459,435,929
35,23,97,46,471,529,929
47,26,153,83,594,617,929
41,27,70,50,561,536,929
31,21,45,32,513,509,929
47,26,108,51,541,571,929
33,21,52,28,456,457,929
54,34,207,114,569,591,929
52,22,183,55,546,549,929
87,27,297,101,620,639,929
30,21,106,46,538,533,929
59,24,178,103,601,634,929
101,36,347,123,618,640,929
121,52,518,252,742,767,929
98,47,259,101,663,682,929
29,22,48,21,467,491,930
51,27,168,83,575,590,930
112,45,359,120,623,615,930
76,35,209,83,580,569,930
29,21,74,40,533,518,930
43,23,127,55,560,547,930
137,33,411,82,636,639,930
88,26,313,78,621,609,930
107,30,285,68,610,612,930
75,26,198,79,578,552,930
128,55,388,141,624,630,930
85,37,203,56,599,603,930
25,23,62,59,346,408,930
48,26,150,65,565,536,931
30,23,20,20,484,478,931
55,41,338,265,654,697,931
21,23,29,37,456,423,931
31,22,92,41,518,530,931
33,20,92,45,487,537,931
90,35,274,110,601,605,932
101,27,261,78,607,600,932
29,23,73,58,534,523,932
25,21,33,26,460,474,932
25,21,26,26,432,494,932
75,42,265,130,585,600,932
34,20,96,49,486,516,932
49,21,134,44,540,549,933
28,20,60,23,481,515,933
41,27,82,52,571,571,933
22,21,28,23,470,436,933
27,24,111,99,580,595,933
20,21,27,32,404,473,933
54,20,186,52,464,521,933
36,24,55,57,531,560,933
45,32,174,108,554,540,934
69,40,264,160,672,676,934
22,21,37,32,423,470,934
27,20,35,27,474,510,934
110,33,260,72,604,602,934
120,42,400,99,623,614,934
46,22,79,28,529,537,934
65,38,291,183,672,689,934
73,25,193,71,571,593,934
77,23,256,86,583,599,934
74,25,181,50,587,591,934
73,23,196,49,589,591,934
60,22,191,59,589,590,934
120,36,463,134,620,640,934
65,27,204,90,562,589,934
121,39,416,155,654,667,934
38,22,100,55,522,536,934
87,27,307,82,612,608,934
30,20,79,76,543,563,935
33,25,64,45,509,492,935
31,24,90,61,478,454,935
31,22,60,32,489,537,935
156,41,539,133,635,631,935
43,23,126,68,511,550,935
19,20,54,47,508,493,935
57,26,179,82,545,548,936
56,23,159,63,537,572,936
219,66,656,141,691,679,936
70,36,204,98,567,604,936
73,25,258,86,597,599,936
53,25,147,54,551,570,936
128,55,325,122,646,620,936
31,20,73,45,504,470,936
55,22,142,67,579,574,936
177,74,568,220,692,688,936
85,42,305,176,650,663,936
154,59,559,241,732,750,936
36,22,116,98,553,601,936
33,23,145,115,593,595,936
71,28,140,39,589,575,937
39,20,81,31,494,485,937
26,20,49,31,461,505,937
45,22,144,67,563,558,937
73,30,269,100,586,595,937
26,20,34,25,469,464,938
41,23,181,82,560,573,938
83,43,181,94,624,645,938
44,24,107,49,529,549,938
29,24,51,45,489,494,938
45,23,120,39,526,501,938
44,21,167,82,510,493,938
37,25,73,31,508,491,938
57,35,169,100,626,650,938
24,21,62,47,475,447,938
40,23,95,48,540,548,939
77,38,214,90,584,567,939
23,21,77,59,524,499,939
99,39,234,93,575,545,939
37,30,69,58,499,415,939
376,87,979,332,823,838,939
127,48,507,219,699,716,939
55,27,148,63,546,537,939
49,20,131,68,587,586,939
85,35,238,81,584,578,939
102,45,304,133,641,641,940
31,20,88,52,476,479,940
112,27,349,75,631,632,940
95,26,190,47,579,573,940
28,20,51,31,528,509,940
145,42,357,80,625,622,940
33,20,103,52,521,483,940
50,23,126,33,568,558,940
104,63,359,226,696,712,940
36,22,75,45,543,519,940
46,23,195,94,543,551,940
75,32,163,73,613,638,940
29,23,31,33,529,508,940
28,20,68,53,510,514,940
74,48,277,209,668,715,941
36,20,102,44,521,520,941
30,22,88,55,551,577,941
33,20,129,57,559,528,941
85,23,294,85,615,645,941
48,21,169,64,511,544,942
109,39,234,66,606,596,942
24,20,76,62,450,469,942
212,81,422,155,674,659,942
67,22,214,61,581,585,942
28,26,82,58,507,481,943
40,23,133,91,573,557,943
26,21,63,38,514,487,943
33,21,100,71,569,573,943
88,42,238,106,584,564,943
32,20,69,33,521,466,943
29,22,33,22,477,472,944
50,21,104,35,578,553,944
61,22,161,49,565,570,944
56,29,187,79,513,549,944
125,70,472,256,720,731,944
49,21,141,52,543,542,944
69,22,212,65,561,573,944
42,20,63,25,530,479,944
118,37,369,123,630,637,944
19,20,55,46,455,436,944
47,27,113,48,576,552,944
45,27,118,44,508,529,945
82,24,257,65,583,608,945
102,34,359,124,653,658,945
78,41,449,222,718,732,945
70,42,153,108,614,609,945
53,25,128,54,585,584,945
46,20,174,68,526,549,945
81,26,286,87,600,584,945
55,25,172,45,578,566,945
75,32,287,110,629,626,945
67,38,141,71,548,541,945
57,25,160,50,529,530,946
49,29,147,68,547,563,946
27,20,88,45,483,466,946
67,22,125,49,561,585,946
74,43,155,95,623,633,946
72,29,193,80,572,572,946
109,29,308,83,603,602,946
31,22,74,46,536,482,946
68,32,229,99,571,590,946
55,22,158,56,573,568,947
71,22,207,71,587,607,947
17,20,19,27,347,375,947
35,21,62,40,498,514,947
46,26,112,60,569,525,947
75,22,183,52,597,564,947
46,29,115,72,596,599,947
35,24,85,74,537,573,948
44,23,134,55,515,519,948
39,27,82,55,500,548,948
28,21,140,115,603,617,948
75,33,229,90,546,574,948
21,21,47,38,461,452,948
47,26,146,103,604,615,948
31,27,47,42,505,534,948
65,27,164,57,555,561,948
47,25,115,77,546,566,948
101,33,251,75,591,581,949
35,24,157,110,602,594,949
33,25,70,58,477,435,949
26,20,86,51,519,526,949
31,22,59,26,490,494,949
50,24,169,69,541,542,949
138,38,390,99,614,609,949
61,21,175,47,571,583,949
33,22,66,29,520,516,950
47,20,145,58,521,548,950
53,23,162,61,580,574,950
107,35,311,94,622,637,950
72,32,308,142,654,657,950
336,69,888,202,749,759,950
62,24,217,64,538,561,950
52,23,107,35,569,575,950
164,41,606,133,659,674,950
241,46,647,121,672,684,950
301,70,769,205,709,725,950
86,30,306,76,591,599,950
28,20,43,24,468,496,950
138,55,523,270,736,750,950
49,20,86,35,551,577,950
82,32,219,59,599,579,950
168,37,493,96,658,652,950
52,24,193,89,557,545,950
57,36,168,90,536,545,950
38,32,112,78,513,487,950
53,22,122,53,517,535,951
80,27,225,64,566,583,951
167,50,577,222,689,689,951
31,20,124,99,589,599,951
244,57,720,146,701,702,951
41,25,67,45,562,573,951
231,57,680,167,695,686,951
145,48,422,114,654,665,951
144,48,529,229,731,731,951
45,27,109,54,548,547,952
43,20,98,36,430,353,952
140,43,383,123,610,612,952
69,22,243,80,516,527,952
41,20,48,16,555,502,952
32,20,90,58,502,484,952
53,28,130,53,542,558,952
35,23,90,38,503,508,952
200,58,570,102,662,664,952
35,26,77,53,537,489,952
28,21,40,28,274,456,952
59,23,194,80,555,579,952
56,25,186,62,565,576,953
200,62,568,144,683,683,953
50,20,146,58,510,514,953
23,22,59,44,475,455,953
122,33,407,102,641,620,953
31,20,38,21,506,523,953
89,36,316,127,604,603,953
185,65,504,185,694,702,953
109,33,325,126,668,684,953
67,24,211,52,558,565,953
46,22,84,24,549,543,953
74,28,186,87,604,570,953
28,22,29,24,475,473,953
32,29,102,100,535,583,953
39,20,106,50,520,545,954
131,36,443,109,632,639,954
49,29,126,45,520,550,954
49,26,198,86,584,573,954
47,22,150,59,524,539,954
21,20,17,23,450,422,954
45,32,123,82,585,592,954
27,25,63,51,498,517,954
23,20,53,31,533,519,954
42,21,120,59,527,563,954
57,31,136,72,558,566,954
46,26,101,35,543,565,954
129,30,405,77,624,629,954
144,35,389,84,663,661,954
30,20,100,49,516,502,954
28,21,40,37,521,460,954
65,44,203,134,555,560,954
45,26,120,68,503,516,954
128,70,421,259,719,742,954
44,30,150,82,631,608,954
56,22,161,59,520,544,955
38,22,97,59,497,526,955
40,20,132,69,518,517,955
31,24,118,65,496,517,955
53,23,172,67,528,533,955
88,33,234,75,598,610,955
106,40,341,98,618,623,955
199,46,624,110,666,685,955
133,32,455,72,628,633,955
99,45,313,112,617,624,955
129,43,470,190,662,663,955
50,27,160,84,539,552,955
56,22,230,78,542,557,955
51,22,80,29,538,520,955
28,21,48,40,500,511,955
140,83,386,251,707,733,956
31,22,83,51,520,531,956
65,32,261,164,618,663,956
52,27,139,60,524,502,956
67,39,187,73,564,561,956
30,20,89,75,588,596,957
105,33,296,96,604,602,957
14,20,48,57,524,514,957
94,32,228,65,582,612,957
81,32,234,94,582,570,957
77,45,251,143,657,650,957
90,23,317,86,589,608,957
61,27,164,60,532,536,957
58,35,158,90,620,640,957
46,22,116,43,574,546,957
129,41,336,99,613,611,957
155,42,436,102,647,643,957
52,29,155,81,534,528,958
54,31,195,84,540,524,958
66,27,145,44,567,554,958
35,20,104,49,498,498,958
46,21,203,83,509,553,958
34,22,137,88,587,590,958
84,38,284,107,560,574,958
254,48,649,124,681,689,958
84,23,274,61,585,584,958
45,29,125,67,563,524,958
121,40,332,128,636,630,958
43,25,95,47,475,497,958
50,25,123,62,515,505,959
82,48,247,118,619,637,959
56,20,151,63,535,549,959
64,23,177,59,571,580,959
75,30,204,59,588,564,959
27,21,87,53,476,537,959
18,21,18,28,440,452,959
368,66,966,166,773,765,959
199,39,534,84,677,674,959
78,33,201,98,584,567,959
66,29,219,78,536,562,959
36,25,83,49,599,573,959
169,56,458,156,667,669,959
35,20,89,42,538,541,960
33,23,41,22,498,530,960
64,27,175,69,567,572,960
54,25,215,84,560,552,960
30,24,68,49,542,544,961
46,21,104,34,525,522,961
27,20,53,27,471,493,961
17,20,50,57,487,499,961
47,28,139,58,568,545,961
21,20,40,33,507,476,961
289,57,908,203,687,692,961
40,23,175,92,602,619,961
60,33,225,164,656,663,961
127,44,386,136,655,663,962
108,29,280,68,620,599,962
42,27,68,47,536,561,962
34,23,103,59,479,491,962
60,22,190,50,533,549,962
73,36,196,74,574,580,962
36,23,93,49,473,484,962
26,22,45,43,537,526,962
56,32,161,80,559,584,962
33,24,76,40,503,459,962
102,37,300,119,622,621,962
31,30,80,75,552,536,962
49,22,181,78,564,562,962
33,30,36,33,542,538,962
65,25,188,60,573,592,963
36,20,176,110,583,629,963
46,20,181,67,487,482,963
38,20,145,70,516,538,963
31,21,34,29,461,498,963
29,22,87,45,468,431,963
43,25,159,74,519,528,963
23,20,48,23,414,485,963
43,29,102,52,533,509,963
213,50,620,142,659,676,963
39,24,75,30,530,512,964
59,23,173,67,568,572,964
245,53,753,164,728,721,964
121,47,391,151,672,682,964
74,24,234,58,573,560,964
41,27,119,71,562,567,964
104,39,230,71,606,619,964
125,48,362,100,647,641,964
71,27,182,65,568,579,964
98,39,253,77,575,560,964
42,32,117,79,551,565,965
84,23,168,53,586,584,965
46,27,135,80,553,555,965
104,38,315,121,610,594,965
41,26,102,56,455,504,965
33,20,83,41,506,523,965
67,31,248,151,667,695,965
31,22,37,26,519,511,965
79,32,188,78,566,583,966
51,29,165,105,621,625,966
135,47,454,158,658,651,966
30,22,86,49,514,477,966
33,22,99,67,509,500,966
51,26,109,46,543,572,966
37,20,130,56,531,534,967
96,48,268,119,613,611,967
26,21,65,25,499,471,967
127,34,450,130,624,609,967
158,56,586,269,718,726,967
26,20,33,26,446,433,967
30,21,78,43,533,500,967
77,29,176,57,551,562,967
55,27,177,72,548,554,967
48,23,168,60,525,538,967
63,21,160,54,558,582,967
73,33,235,79,590,617,967
90,30,302,99,595,612,967
47,20,99,48,531,564,967
84,26,215,74,649,656,967
40,21,160,72,503,513,967
34,20,143,59,532,557,967
49,32,131,68,516,499,967
19,22,17,22,484,374,967
277,66,701,190,699,699,968
79,31,202,57,546,568,968
26,20,71,50,538,534,968
34,23,107,56,498,474,968
64,20,230,73,555,570,968
135,54,399,167,689,719,968
42,26,134,82,546,547,968
110,32,367,85,602,607,968
34,22,72,44,524,525,969
28,22,70,56,530,532,969
32,22,47,34,503,492,969
64,30,197,86,596,591,969
32,25,76,61,547,545,969
41,22,66,40,534,533,969
70,54,264,212,665,671,969
25,21,76,47,522,547,970
32,20,32,21,477,530,970
70,41,132,67,560,549,970
36,24,102,71,580,575,970
56,29,267,137,476,501,970
29,31,54,60,542,543,970
61,31,162,83,546,553,970
74,28,173,48,593,585,970
49,23,209,73,536,554,970
58,24,170,66,559,579,970
44,24,98,51,575,583,970
39,21,79,44,529,549,970
52,23,113,48,582,545,970
70,31,258,140,650,648,970
60,21,181,53,529,555,970
58,33,164,80,556,578,970
49,23,154,58,541,542,970
157,43,646,172,689,696,971
37,27,111,69,545,563,971
21,22,77,70,512,557,971
26,24,85,58,533,521,971
47,20,125,35,522,549,971
24,20,40,22,481,503,971
114,41,437,155,589,616,971
52,27,156,66,571,572,971
47,22,139,67,544,587,971
41,21,125,61,530,532,971
76,30,234,81,586,592,971
40,23,87,58,565,570,971
81,31,267,69,536,538,971
42,20,119,49,515,532,971
206,42,615,143,672,684,972
57,23,176,87,557,551,972
24,26,38,34,472,434,972
39,23,114,69,538,551,972
40,22,127,69,504,533,972
66,21,220,43,553,558,972
38,24,112,69,574,606,972
46,21,124,52,549,547,972
138,52,543,267,767,776,972
37,31,114,77,519,503,972
53,22,173,80,575,558,972
36,25,85,35,526,534,972
72,25,240,71,608,608,972
168,60,487,162,656,645,972
24,23,66,48,459,349,972
25,21,58,37,413,421,972
35,24,46,31,519,475,972
50,24,161,67,506,546,973
39,23,47,28,533,504,973
32,20,82,43,512,557,973
31,25,33,20,493,472,973
43,21,111,41,522,551,973
76,21,202,53,576,586,973
122,37,387,101,638,639,973
54,22,172,53,565,590,973
22,21,57,43,481,438,973
90,31,274,105,641,643,974
35,21,75,34,500,502,974
49,23,169,65,523,541,974
148,43,547,172,735,741,974
61,27,196,84,557,560,974
70,43,167,96,587,599,974
25,20,68,42,418,405,974
54,29,190,107,563,575,974
69,36,299,144,617,622,974
89,36,289,89,613,617,975
33,20,114,30,533,532,975
44,46,100,94,564,565,975
48,30,94,76,571,573,975
135,45,594,320,773,787,975
44,24,94,59,493,468,975
146,45,430,142,628,643,975
105,51,313,122,627,630,975
85,38,259,91,592,566,975
63,26,151,77,543,568,975
23,23,65,51,503,495,975
118,26,385,65,625,631,975
38,28,61,37,524,505,975
44,22,127,60,537,544,975
63,24,154,48,555,568,975
61,27,168,71,563,587,975
50,23,172,70,538,568,975
99,39,375,134,612,621,975
37,21,72,29,475,514,975
173,53,660,237,765,770,975
64,22,218,62,550,569,976
82,26,280,83,613,614,976
51,24,134,60,564,568,976
52,29,67,37,597,538,976
108,39,281,111,633,639,976
25,22,75,66,537,539,976
91,34,187,63,581,585,976
66,22,210,65,590,570,977
57,29,180,73,580,580,977
91,34,244,86,577,578,977
64,32,263,112,599,602,977
32,22,92,56,495,497,977
64,30,180,101,573,551,977
14,20,64,69,490,509,977
21,21,39,30,476,491,977
27,20,77,50,543,497,977
46,20,107,33,536,545,977
121,33,374,88,615,631,977
15,21,49,34,452,433,978
51,20,72,33,491,545,978
25,20,39,29,478,501,978
22,22,51,49,350,420,978
48,25,156,75,511,538,978
115,45,431,213,720,729,979
164,55,641,228,777,782,979
35,25,138,77,598,617,979
165,48,469,118,644,654,979
156,83,414,188,692,701,979
103,47,223,77,630,618,979
60,32,152,77,564,569,979
57,22,154,54,528,536,979
59,24,209,115,628,632,979
24,20,32,47,518,491,979
43,35,139,117,572,596,979
25,22,31,25,473,419,979
43,20,89,29,515,524,979
36,26,64,45,554,564,979
30,20,40,24,505,477,979
33,21,66,29,507,498,979
215,68,535,168,690,689,979
308,57,885,193,740,742,979
38,20,96,40,482,474,980
177,45,462,105,634,646,980
63,25,199,66,530,530,980
66,27,186,52,549,577,980
55,23,180,70,537,548,980
128,38,429,109,638,656,980
50,22,106,42,555,553,980
47,20,135,52,550,560,980
47,22,129,51,540,537,980
79,44,304,171,677,694,980
46,25,147,67,510,498,980
45,21,140,49,530,552,980
47,22,105,61,608,616,980
46,23,123,41,543,534,980
43,26,163,110,610,635,980
43,25,111,52,551,546,980
52,28,183,137,630,628,980
151,67,337,183,705,719,980
38,26,141,78,549,558,980
68,27,292,163,654,677,981
52,21,135,49,494,550,981
35,25,63,32,517,522,981
52,26,148,109,610,605,981
76,34,210,84,593,596,982
59,24,242,91,568,575,982
59,24,214,86,596,613,982
28,21,98,52,466,471,982
55,30,156,75,571,574,982
40,23,99,47,535,539,982
42,21,114,52,519,541,982
76,40,258,133,616,630,982
55,24,132,45,505,518,982
26,22,79,43,500,472,982
67,23,86,32,567,556,982
28,21,82,71,559,581,982
36,24,117,89,553,579,983
71,40,237,121,617,603,983
38,23,60,30,532,520,983
64,26,189,70,556,554,983
57,28,200,93,592,599,983
49,25,133,65,560,572,983
56,26,147,58,528,528,983
42,20,113,43,474,497,983
37,24,180,121,627,643,983
53,20,207,62,549,561,983
32,21,77,39,417,490,984
49,27,148,87,618,629,984
65,29,241,96,597,578,984
40,21,92,48,502,549,984
37,23,72,35,548,522,984
41,22,54,34,511,512,984
42,20,157,68,523,535,984
35,20,98,37,510,516,984
59,38,269,176,669,665,984
24,27,19,34,493,446,984
33,21,67,34,516,505,984
60,26,196,83,523,526,984
61,23,183,57,550,565,984
88,43,264,94,592,594,984
84,32,274,79,594,575,984
72,30,211,84,593,602,984
56,24,185,50,541,556,984
42,22,92,42,528,519,985
34,21,103,50,525,503,985
42,23,118,70,518,489,985
54,30,187,116,610,606,985
63,25,166,53,537,541,985
25,21,114,72,502,524,985
38,25,162,116,572,585,985
17,20,24,38,486,500,985
20,23,65,65,526,531,986
50,21,168,62,527,562,986
381,77,937,219,838,809,986
75,25,185,60,578,584,986
34,21,104,45,499,511,986
23,23,35,35,432,498,986
65,29,192,68,541,562,986
37,21,101,37,548,518,986
55,27,169,73,522,534,986
36,20,74,35,508,526,986
48,22,99,42,589,549,987
46,25,125,55,518,502,987
25,24,61,50,459,459,987
73,40,253,160,654,694,987
64,26,140,62,553,545,987
50,20,152,48,530,544,987
45,21,148,68,531,533,987
18,21,50,43,503,465,987
50,22,125,47,539,566,987
50,23,151,64,527,521,988
25,20,44,25,421,392,988
43,23,101,62,512,530,988
428,81,998,182,787,779,988
35,25,67,35,514,481,988
53,24,171,68,542,570,988
34,20,122,53,528,523,988
52,31,131,73,590,607,988
77,34,182,60,593,618,988
140,52,363,105,636,641,988
78,30,254,80,577,588,988
73,26,176,59,594,579,988
118,47,466,186,682,692,988
37,20,93,45,544,515,988
25,25,30,31,420,463,988
59,20,194,64,573,586,988
96,27,348,98,603,621,988
117,37,346,113,639,644,988
35,21,90,45,508,519,988
98,49,355,221,682,705,988
120,36,346,113,621,643,988
36,27,125,70,554,548,988
33,24,50,31,491,333,989
82,32,260,89,560,577,989
48,23,170,70,511,502,989
31,20,125,63,480,505,989
87,30,351,136,640,630,990
124,36,431,134,642,629,990
76,36,239,116,581,563,990
57,28,157,73,571,558,990
95,37,258,87,602,609,990
78,32,187,81,577,584,990
170,43,484,128,642,669,990
49,29,109,65,596,584,990
69,32,213,69,581,585,990
77,28,244,76,577,578,990
61,24,167,63,570,535,990
32,23,68,40,469,448,990
30,20,37,20,467,516,990
49,28,114,67,571,560,991
184,54,543,138,656,662,991
73,25,215,75,592,582,991
41,23,55,30,514,523,991
145,59,536,173,668,663,991
32,23,153,126,599,614,991
51,34,174,103,578,582,991
40,22,159,94,625,631,991
55,27,118,40,550,524,991
31,25,55,53,513,524,991
39,20,85,27,521,517,991
90,40,259,108,612,624,991
54,29,123,64,598,584,992
58,22,186,46,543,569,992
41,25,119,69,561,587,992
64,25,233,80,554,562,992
54,24,181,67,536,543,992
17,20,21,29,493,487,992
63,34,240,92,555,551,992
35,23,47,44,571,555,992
55,27,139,55,563,546,992
68,44,255,197,650,678,992
127,45,340,123,653,644,992
187,49,495,127,651,652,992
28,21,48,34,489,459,992
54,27,159,80,561,564,993
50,20,125,52,545,530,993
107,35,330,83,593,604,993
65,21,207,63,564,578,993
67,25,182,65,569,567,993
85,26,310,94,590,593,993
52,24,165,74,542,560,993
28,20,71,45,503,481,993
30,22,83,41,513,508,993
34,23,87,64,517,506,993
41,20,141,80,530,551,993
31,20,50,17,499,464,993
23,21,58,53,510,493,994
29,21,50,41,485,513,994
49,31,150,83,609,614,994
74,33,310,153,577,589,994
95,39,275,113,617,610,994
66,31,178,69,540,560,994
57,24,177,59,534,535,994
55,23,145,51,561,556,994
37,20,89,53,508,538,994
67,32,239,102,590,590,994
38,26,98,70,568,584,994
54,25,172,87,536,544,994
57,24,193,57,518,514,994
59,26,188,93,579,576,994
30,22,105,57,495,496,994
42,23,66,40,530,540,994
35,26,99,75,495,455,995
42,31,143,104,598,610,995
82,33,184,72,626,646,995
36,22,50,23,542,526,995
57,22,177,57,549,560,995
90,41,282,128,590,594,995
64,20,152,41,545,565,995
88,23,270,81,603,622,995
61,39,160,59,562,547,995
227,65,676,343,813,829,995
47,24,98,40,578,548,995
335,85,860,181,716,722,995
42,23,153,77,530,550,995
63,25,185,77,537,601,995
44,25,135,63,556,583,995
71,39,176,73,574,561,995
56,23,186,65,561,562,995
46,24,152,60,528,537,995
37,20,120,50,483,524,995
88,42,228,98,566,579,996
49,25,164,81,591,605,996
34,23,68,48,545,545,996
85,33,295,83,547,581,996
46,25,81,35,544,511,996
41,31,93,51,558,532,996
27,20,83,64,533,556,996
31,20,25,22,471,465,996
31,21,76,24,472,467,996
72,34,181,90,642,651,996
45,23,153,49,549,555,996
41,22,62,36,558,561,996
23,21,27,27,494,456,996
33,22,95,68,548,576,997
127,32,362,90,625,633,997
32,21,86,29,459,523,997
134,48,493,151,670,673,997
174,47,593,153,681,685,997
191,55,637,165,661,665,997
67,24,348,163,681,674,997
36,25,98,55,485,493,997
31,20,88,57,547,535,997
54,22,150,49,549,548,997
23,20,37,22,484,501,997
26,23,35,37,515,535,997
38,25,60,29,511,462,997
48,35,130,94,591,599,997
40,21,100,34,478,504,997
24,20,66,30,414,428,997
34,26,111,70,577,566,997
187,53,521,131,674,685,998
166,35,488,115,650,666,998
54,22,125,38,572,574,998
123,35,324,82,635,623,998
77,24,221,48,571,575,998
50,24,173,83,538,571,998
40,27,194,139,608,636,998
67,28,148,61,561,575,998
23,23,45,54,533,480,998
62,28,161,60,580,595,998
35,22,84,42,558,570,998
51,21,116,49,525,546,998
53,25,141,46,501,485,998
60,29,172,69,541,554,998
69,37,153,71,575,579,998
77,39,180,84,604,616,998
46,29,106,59,562,541,999
27,24,74,57,537,547,999
40,27,182,139,611,602,999
44,20,137,48,511,537,999
68,49,282,230,685,699,999
49,31,163,79,623,636,999
92,22,340,78,619,633,999
51,21,127,55,573,529,999
25,23,42,34,495,387,999
75,31,187,74,572,570,999
26,24,62,52,524,526,999
56,28,180,81,543,541,999
39,22,140,56,517,536,1000
44,23,66,30,544,528,1000
47,20,128,52,547,515,1000
42,25,140,78,577,588,1000
53,23,137,43,574,557,1000
155,41,442,123,663,647,1000
56,22,157,49,554,580,1000
75,33,159,72,595,585,1000
35,21,123,66,586,592,1000
24,20,24,35,492,484,1000
60,30,150,54,516,547,1000
58,35,140,72,615,615,1001
26,21,60,38,499,515,1001
67,24,212,81,570,555,1001
14,21,21,33,450,293,1001
41,20,110,38,494,486,1001
42,21,107,49,567,559,1001
116,31,368,82,619,621,1001
92,27,287,75,585,610,1001
26,21,60,40,479,492,1001
26,20,51,41,531,550,1001
42,20,119,46,499,554,1001
29,22,57,36,499,502,1001
56,24,137,54,530,503,1001
53,37,180,118,612,624,1001
24,24,26,30,379,409,1002
40,27,122,62,541,554,1002
38,24,84,66,540,564,1002
65,26,222,81,578,572,1002
22,23,23,30,469,411,1002
45,25,38,20,551,506,1002
52,20,159,60,545,569,1002
35,21,86,40,507,500,1002
59,21,244,70,587,577,1002
43,23,156,74,495,517,1002
72,25,200,47,578,572,1002
220,73,704,237,719,743,1002
45,21,116,44,506,473,1003
34,20,60,31,526,507,1003
52,20,210,79,547,478,1003
34,24,55,26,515,501,1003
53,35,151,85,535,520,1003
45,20,131,47,541,551,1003
46,23,133,54,500,535,1003
44,20,93,42,534,472,1003
47,21,135,46,472,488,1003
48,27,70,47,553,535,1003
59,23,139,54,560,555,1003
39,23,115,64,519,549,1003
40,25,96,61,538,537,1003
57,23,155,87,586,572,1003
53,25,200,93,559,522,1003
41,25,100,60,550,535,1004
62,40,183,136,651,667,1004
52,34,204,104,571,569,1004
62,27,206,111,639,615,1004
43,27,137,63,515,522,1004
75,30,261,88,597,612,1004
74,37,176,84,585,596,1004
248,77,700,286,769,786,1004
204,76,606,268,759,770,1004
31,22,96,48,518,498,1004
36,25,135,85,519,501,1004
48,23,150,60,548,553,1004
51,25,116,56,539,540,1005
41,27,51,29,523,540,1005
104,30,307,73,611,635,1005
122,42,378,117,625,625,1005
249,51,929,303,796,807,1005
57,22,179,65,599,614,1005
39,21,167,73,568,578,1005
54,22,172,60,548,548,1005
43,21,116,55,531,531,1005
25,22,30,30,485,443,1005
50,30,120,70,593,575,1005
50,35,91,52,513,501,1005
86,32,224,61,587,556,1005
23,22,44,50,547,529,1006
69,29,217,99,538,557,1006
55,22,227,120,635,660,1006
85,36,201,80,586,576,1006
27,21,79,53,536,532,1006
21,20,43,53,513,565,1006
30,22,86,66,555,551,1006
57,33,63,41,483,499,1006
37,26,57,52,542,567,1006
52,35,83,62,573,562,1006
87,36,254,92,593,593,1006
173,48,442,127,662,668,1006
299,58,901,165,715,710,1006
66,21,201,68,576,582,1006
63,33,264,135,655,654,1006
33,24,70,46,490,470,1007
22,22,47,49,480,468,1007
39,20,160,51,537,537,1007
62,34,200,122,641,694,1007
21,23,26,34,464,420,1007
43,27,125,75,519,509,1007
61,24,183,57,542,565,1007
43,20,132,54,522,504,1007
58,26,187,75,558,562,1007
49,24,123,56,533,547,1007
74,41,243,137,624,636,1008
82,31,281,101,583,570,1008
111,34,339,120,610,628,1008
69,31,139,48,577,552,1008
31,28,52,56,534,580,1008
33,22,131,55,519,486,1008
53,24,139,62,532,532,1008
50,20,159,55,569,551,1008
127,30,444,96,640,646,1008
73,25,256,80,564,564,1008
94,37,336,113,610,628,1008
38,23,62,28,496,500,1008
245,47,614,110,673,684,1008
240,74,664,184,715,726,1008
40,23,77,34,532,551,1008
44,22,136,58,532,516,1008
40,23,53,26,518,561,1008
52,27,214,91,498,525,1008
207,60,645,193,646,658,1009
81,35,272,93,597,620,1009
22,20,55,41,541,469,1009
34,21,35,31,474,503,1009
50,21,117,50,552,581,1009
34,25,68,36,493,493,1009
31,22,107,72,507,546,1009
26,23,71,60,530,541,1009
56,21,170,75,548,561,1009
42,25,114,56,518,528,1010
29,24,97,78,557,577,1010
83,42,274,119,582,604,1010
111,47,240,92,591,597,1010
30,21,54,24,485,494,1010
61,27,178,68,561,594,1010
44,25,145,59,551,558,1010
82,39,206,78,591,586,1011
40,20,95,29,545,564,1011
71,31,213,117,604,609,1011
63,24,222,62,576,568,1011
51,25,121,49,547,562,1011
98,27,223,56,603,615,1011
28,20,113,69,565,595,1011
82,41,320,111,626,604,1011
35,21,124,60,490,516,1011
50,26,121,62,546,559,1011
55,24,123,51,564,551,1011
56,21,275,151,621,629,1011
102,28,285,83,608,616,1011
81,41,324,167,680,693,1011
31,22,60,34,550,527,1012
28,20,40,30,470,504,1012
71,31,197,85,558,560,1012
62,29,200,102,583,582,1012
69,30,150,59,589,601,1012
38,31,96,70,558,569,1012
49,30,121,75,541,563,1012
43,24,121,49,524,516,1012
58,25,140,74,579,552,1012
113,40,372,197,696,702,1012
40,30,133,86,549,537,1013
34,20,140,71,587,553,1013
34,20,52,34,549,499,1013
107,52,434,241,717,724,1013
62,28,222,91,588,593,1013
86,24,352,108,562,578,1013
227,65,683,200,729,720,1013
329,77,843,163,733,736,1013
48,23,153,51,587,577,1013
209,79,513,183,744,747,1013
53,32,139,110,586,623,1013
55,24,182,98,617,633,1013
37,25,127,78,580,571,1013
45,22,104,38,540,542,1013
29,27,36,37,509,534,1014
80,29,263,107,608,603,1014
37,20,98,44,483,512,1014
94,29,255,65,578,565,1014
52,22,166,55,544,512,1014
52,21,126,37,573,574,1014
39,23,121,65,517,474,1014
91,35,267,91,615,611,1014
42,26,86,54,512,553,1014
283,88,673,236,823,838,1014
73,28,181,57,576,592,1015
54,21,180,60,578,575,1015
26,25,35,42,489,514,1015
22,23,37,51,540,524,1015
75,30,168,55,555,554,1015
119,37,359,91,622,619,1015
66,30,193,85,556,560,1015
41,25,87,50,489,473,1015
142,45,390,119,637,631,1015
181,42,569,134,692,692,1015
235,73,706,224,746,759,1015
113,36,375,146,662,680,1015
70,20,189,57,569,547,1015
41,21,150,83,498,503,1015
51,27,141,104,590,596,1015
21,21,13,22,454,475,1016
66,26,200,59,578,590,1016
44,26,123,73,565,554,1016
24,20,61,35,509,496,1016
20,21,89,80,536,569,1016
32,30,68,65,558,565,1016
26,20,74,56,541,542,1016
55,21,152,52,548,552,1016
111,52,236,106,600,587,1016
37,22,97,47,534,532,1016
32,20,89,45,522,436,1016
60,23,219,75,524,541,1016
73,31,197,78,547,568,1016
109,35,438,117,632,640,1016
26,27,75,57,492,497,1016
42,26,92,62,583,571,1016
52,24,101,48,529,531,1016
35,23,90,47,518,527,1017
30,22,64,27,512,495,1017
58,32,141,70,634,660,1017
132,51,388,158,656,667,1017
39,20,114,47,521,516,1017
125,32,367,83,602,616,1017
41,21,158,53,556,584,1017
165,45,481,134,653,658,1017
269,76,744,320,849,855,1017
280,59,911,139,739,740,1017
62,24,165,50,561,589,1017
149,42,435,87,648,639,1017
37,23,87,48,503,532,1017
47,25,101,43,536,554,1017
119,45,367,116,631,649,1017
41,24,145,92,585,586,1017
358,64,940,210,767,762,1017
159,50,461,134,665,685,1017
64,24,176,54,547,550,1018
30,21,55,30,379,479,1018
103,30,257,67,616,618,1018
51,21,155,59,539,543,1018
33,21,79,57,524,552,1018
29,21,96,48,496,491,1018
45,24,103,47,566,573,1019
59,29,189,69,595,565,1019
46,22,162,69,537,519,1019
97,40,365,189,706,717,1019
26,20,101,78,543,571,1019
28,27,37,32,492,445,1019
38,25,109,65,547,553,1019
39,20,183,81,532,550,1019
155,72,458,170,665,655,1020
34,33,103,85,565,569,1020
51,31,129,67,590,576,1020
36,21,66,21,495,480,1020
29,21,53,35,425,455,1020
33,29,58,60,554,563,1020
45,25,94,44,573,562,1020
34,23,79,50,545,546,1021
37,20,75,23,534,514,1021
32,26,61,36,502,524,1021
73,36,167,72,591,577,1021
111,55,408,255,713,739,1021
34,22,87,57,535,531,1021
72,34,239,102,597,599,1021
32,21,65,30,535,539,1021
99,41,293,108,632,634,1021
66,31,194,83,594,604,1021
28,26,54,43,514,523,1021
31,23,102,53,498,529,1022
89,37,231,77,590,585,1022
32,23,94,42,487,510,1022
33,22,87,47,534,510,1022
56,29,177,101,545,566,1022
118,38,348,104,594,611,1022
34,22,90,30,507,540,1022
28,22,83,35,517,478,1022
41,20,127,55,505,494,1022
40,20,123,68,548,525,1022
93,42,179,72,589,583,1022
55,22,113,55,567,559,1022
22,20,49,28,494,479,1023
78,21,229,57,595,582,1023
172,52,665,263,765,785,1023
40,23,93,44,546,487,1023
52,27,208,128,610,631,1023
59,29,195,83,578,563,1023
77,33,241,97,569,585,1023
28,31,36,50,552,529,1023
51,29,181,90,485,502,1023
113,44,385,149,650,648,1023
47,22,113,59,561,586,1023
17,20,30,31,462,521,1023
61,36,155,73,540,546,1023
32,27,111,54,568,554,1023
41,24,92,45,491,486,1023
35,26,82,57,482,472,1023
23,20,50,39,521,495,1023
32,29,112,108,594,591,1023
