"FSC-A","FSC-H","SSC-A","SSC-H","530_30-Blue-A","582_15-Yellow-A","Time"
219,241,50,84,608,678,0
173,241,47,76,573,587,0
92,154,15,88,535,460,0
0,34,31,29,515,505,0
0,40,51,65,552,513,0
545,569,118,79,650,736,0
30,120,63,88,559,629,0
200,185,121,61,599,621,0
233,215,108,118,634,709,0
41,86,94,49,602,633,0
6,97,42,51,555,550,0
150,219,31,34,593,639,1
213,215,28,77,610,679,1
127,149,31,80,579,592,1
0,61,34,47,589,656,1
603,336,131,138,670,753,1
0,30,26,68,511,479,1
82,157,73,122,573,554,1
53,106,111,81,631,694,1
54,100,40,68,597,658,1
145,188,68,82,572,605,1
0,44,45,68,559,595,1
415,284,67,71,610,658,1
115,153,24,63,600,638,1
0,55,30,31,531,533,1
501,339,114,77,654,733,1
0,52,14,45,573,643,1
293,142,97,52,623,635,1
475,438,77,93,662,763,2
528,479,69,71,588,621,2
100,131,18,64,561,521,2
250,214,58,99,634,694,2
127,165,50,89,562,594,2
0,37,87,63,569,580,2
236,235,69,71,634,718,2
113,136,42,49,550,561,2
569,278,116,92,664,744,2
171,211,74,93,612,682,2
88,89,54,65,574,620,2
72,174,37,64,560,538,2
0,24,49,54,558,553,2
0,79,36,36,565,627,2
476,411,142,131,662,748,2
33,127,23,101,523,481,3
281,227,48,71,636,702,3
0,31,64,50,543,535,3
131,226,53,79,590,626,3
178,261,52,108,580,643,3
851,954,136,143,635,695,3
445,307,131,86,651,714,3
0,56,13,67,509,0,3
278,300,110,84,587,577,3
262,229,103,102,632,702,3
106,138,24,56,582,627,3
130,94,46,64,606,640,3
184,140,46,46,619,677,3
329,199,95,84,650,717,3
57,99,36,46,605,668,3
286,331,52,101,598,596,4
0,43,25,34,579,619,4
90,177,67,123,580,541,4
861,446,59,89,681,771,4
26,134,36,103,458,0,4
531,491,166,142,667,753,4
0,56,64,68,579,620,4
289,196,60,51,627,713,4
232,327,25,71,538,477,4
0,62,18,68,542,549,4
0,48,25,22,580,598,4
167,221,45,113,581,636,4
284,152,161,82,651,718,5
178,221,53,68,599,612,5
161,146,117,76,624,666,5
4,76,70,57,548,571,5
528,239,111,107,680,757,5
92,97,26,59,537,448,5
22,108,44,110,537,0,5
276,335,52,104,606,652,5
0,32,20,71,541,546,5
0,21,83,41,551,549,5
73,107,23,65,557,569,5
611,275,188,70,682,765,5
307,237,88,104,631,688,5
0,25,33,46,574,644,5
0,34,63,49,584,619,5
353,194,141,71,660,719,6
118,234,21,88,520,328,6
34,113,25,44,556,601,6
0,29,31,49,538,556,6
211,184,76,71,639,721,6
26,116,101,62,602,632,6
0,40,91,108,586,614,6
123,85,65,55,639,710,6
324,425,39,95,627,708,6
568,335,109,63,695,791,6
13,98,49,55,555,593,6
0,44,57,49,561,628,6
201,265,54,53,565,599,6
1,55,24,74,569,625,6
130,209,47,47,582,645,6
0,56,41,60,529,487,7
172,108,75,60,608,665,7
215,255,135,79,609,655,7
79,146,37,96,599,628,7
32,86,50,76,561,493,7
141,198,65,76,615,690,7
589,296,146,75,650,708,7
0,57,32,37,591,630,7
26,117,25,66,542,483,8
580,583,40,91,645,734,8
0,58,13,87,483,274,8
223,177,36,61,627,657,8
0,47,59,57,573,613,8
0,24,26,52,544,581,8
0,65,71,69,585,561,8
191,107,40,72,610,647,8
116,210,24,78,597,667,8
463,574,68,138,603,655,8
430,181,191,74,669,718,8
547,491,107,170,673,761,8
253,151,87,40,625,644,9
75,140,64,78,557,558,9
97,125,64,49,608,620,9
0,49,36,61,600,656,9
100,168,45,90,554,611,9
454,459,76,103,630,714,9
113,175,110,85,592,631,9
446,353,90,101,663,738,9
0,73,29,61,509,0,9
906,358,158,85,711,793,9
277,301,28,57,590,637,9
350,224,14,70,611,662,9
183,253,21,63,551,600,9
514,406,187,85,693,782,9
302,230,79,81,598,647,9
374,308,89,89,630,689,9
0,46,57,92,536,578,9
0,77,60,50,556,633,10
0,38,17,43,526,240,10
370,311,93,104,644,715,10
691,530,136,84,658,737,10
192,240,40,108,603,667,10
196,245,23,88,586,631,11
89,89,76,72,576,596,11
50,145,43,58,567,603,11
895,355,108,113,696,783,11
22,101,56,75,605,677,11
389,407,60,94,606,665,11
497,254,56,59,632,683,11
332,156,108,66,631,655,11
0,49,66,69,557,534,11
38,119,44,87,532,364,11
186,145,66,56,610,637,11
120,168,119,57,628,681,11
97,188,77,85,590,625,12
0,71,16,67,559,576,12
414,429,48,99,647,729,12
38,90,48,79,557,600,12
535,623,96,120,602,651,12
0,56,26,69,578,616,12
130,186,30,78,559,491,12
31,113,43,67,529,0,12
62,144,20,83,506,359,12
239,220,59,73,594,662,12
36,118,41,57,562,562,12
936,410,92,92,700,801,12
33,98,15,48,561,553,12
258,300,34,69,587,633,12
0,37,29,83,519,482,13
284,251,104,79,630,685,13
361,351,26,75,554,561,13
139,210,49,52,573,601,13
464,342,105,70,665,728,13
0,36,62,82,552,615,13
128,236,46,91,587,613,13
492,521,72,84,645,722,13
274,148,20,57,621,683,13
169,153,29,72,600,619,13
97,118,31,58,607,694,13
123,117,61,49,608,634,13
265,240,106,67,642,717,14
115,146,116,109,640,687,14
214,227,100,157,586,660,14
92,121,52,65,557,558,14
148,120,22,56,626,679,14
644,663,149,152,660,733,14
211,270,28,65,565,599,14
0,36,37,40,589,637,14
281,397,37,75,599,669,14
388,427,43,96,616,685,14
695,352,119,91,664,759,14
225,232,46,77,604,699,14
0,25,81,58,549,541,14
14,88,29,56,581,666,14
44,135,19,56,563,603,14
0,27,21,60,556,636,15
69,72,29,58,578,625,15
0,33,24,52,544,565,15
134,110,70,79,581,606,15
725,320,170,88,689,764,15
242,266,73,90,610,670,15
0,54,54,56,516,0,16
716,692,88,155,649,737,16
545,428,114,70,674,748,16
156,170,69,88,599,627,16
78,160,18,89,573,618,16
237,331,98,104,630,696,16
213,260,95,67,620,686,16
745,421,67,121,658,728,16
575,402,89,126,688,784,16
153,141,14,30,586,642,16
338,275,92,83,656,715,17
311,207,78,61,653,727,17
594,415,59,60,620,666,17
27,100,14,71,563,600,17
841,519,150,70,705,791,17
295,372,14,71,537,582,17
247,215,19,54,584,607,17
17,73,40,31,583,602,17
318,353,60,107,614,670,17
4,60,30,58,563,530,17
785,432,144,101,679,760,17
224,316,28,107,573,576,17
0,25,34,40,559,547,17
53,87,109,83,589,608,17
191,247,37,107,587,556,17
119,179,105,124,613,670,18
0,44,32,82,520,527,18
49,113,65,66,604,672,18
0,63,25,42,578,648,18
143,193,35,49,575,633,18
845,439,89,116,646,693,18
225,266,46,82,596,664,18
0,60,45,84,541,616,18
233,322,15,63,550,519,18
474,338,80,64,665,728,18
538,312,135,84,665,735,19
920,897,113,163,684,781,19
290,271,62,100,632,709,19
152,148,16,77,590,584,19
185,255,54,104,601,663,19
157,263,54,83,570,639,19
293,356,29,110,505,0,19
480,356,47,101,656,723,19
102,175,33,84,476,0,19
0,78,15,83,487,417,19
5,82,61,101,552,622,19
245,188,13,83,604,622,19
231,329,51,90,571,607,19
530,284,67,80,668,738,19
90,97,28,56,609,697,19
0,81,24,66,469,0,20
544,344,89,89,663,732,20
548,292,15,66,620,659,20
111,188,39,45,592,660,20
35,133,40,96,552,466,20
125,178,45,69,619,688,20
191,269,22,86,590,636,20
43,128,35,82,590,681,20
48,116,83,82,550,522,20
922,403,67,113,678,765,20
107,154,28,60,600,660,20
209,264,89,116,631,731,20
0,59,63,38,591,660,20
0,41,88,60,575,553,20
32,97,56,69,530,0,20
742,511,98,102,679,765,20
113,151,90,118,605,675,20
60,139,74,77,569,628,20
49,151,47,89,537,410,20
0,47,33,63,555,619,20
484,400,62,106,617,679,20
26,105,32,97,496,0,20
0,51,14,55,556,581,21
444,260,74,61,627,693,21
82,119,117,89,596,605,21
168,168,77,84,596,618,21
12,39,60,58,581,666,21
631,451,152,79,700,790,21
43,91,16,74,519,320,21
9,89,76,65,560,581,21
139,191,33,40,591,628,21
555,536,29,116,598,649,21
15,51,62,56,582,631,21
808,401,139,77,708,800,21
196,239,22,102,590,657,22
204,184,48,85,581,606,22
312,267,121,72,639,701,22
466,322,163,120,683,764,22
23,93,23,68,552,582,22
66,157,31,84,547,577,23
439,249,143,77,664,717,23
412,355,64,98,610,660,23
6,68,62,85,570,613,23
11,72,14,96,584,626,23
201,122,46,83,586,610,23
25,99,17,67,567,611,23
208,248,33,76,605,689,23
563,477,95,160,601,605,23
41,118,35,105,535,549,23
51,107,53,84,563,608,23
15,79,28,71,552,497,23
4,55,79,70,566,586,23
231,233,74,50,612,627,23
0,58,29,31,542,507,24
270,309,42,100,589,607,24
726,319,166,92,672,738,24
553,394,84,108,640,699,24
252,224,103,58,614,660,24
351,405,19,67,585,629,24
0,30,86,78,592,659,24
198,144,53,62,628,698,24
316,381,162,100,630,690,24
602,401,164,93,676,751,24
0,44,35,50,481,0,25
195,240,35,67,624,690,25
36,103,70,42,584,619,25
411,438,85,115,613,625,25
206,196,65,125,594,623,25
98,216,31,101,511,536,25
192,287,47,82,574,607,25
352,445,54,94,620,699,26
43,97,43,49,559,625,26
886,661,71,88,646,737,26
318,283,60,116,578,577,26
0,28,18,35,506,203,26
40,113,16,50,552,561,26
0,28,44,54,548,579,26
71,141,20,30,552,560,26
464,502,67,122,612,677,26
183,207,104,134,597,662,26
806,544,113,99,677,756,26
19,87,14,39,556,532,26
345,257,80,98,656,756,26
213,257,28,83,593,615,26
119,203,22,75,535,520,27
289,322,57,76,598,669,27
55,126,94,101,579,615,27
700,343,79,50,655,728,27
339,189,32,50,615,685,27
280,323,62,133,576,622,27
6,64,15,50,547,636,27
618,402,140,83,663,743,27
367,265,105,91,632,701,28
270,347,89,92,587,619,28
0,46,13,30,526,493,28
364,241,87,62,637,701,28
329,269,40,77,576,544,28
343,230,117,84,647,699,28
575,488,124,150,666,752,28
207,268,26,75,603,667,29
0,35,21,38,540,368,29
0,53,32,82,527,544,29
897,715,74,100,649,726,29
599,547,167,80,684,741,29
10,78,30,63,546,543,29
363,323,103,121,641,723,29
0,32,36,51,542,596,29
34,84,94,62,603,634,29
57,151,49,111,593,647,29
19,98,74,36,575,597,30
142,190,110,90,614,653,30
279,333,89,69,618,699,30
46,92,31,51,570,565,30
937,851,116,183,667,759,30
240,227,16,64,506,246,30
444,308,126,152,633,695,30
572,366,128,80,650,722,30
668,432,73,85,670,751,30
0,63,53,67,547,484,30
0,32,52,77,574,615,30
164,180,57,58,554,0,30
9,73,94,74,600,677,30
837,682,126,129,674,756,30
239,196,87,83,604,673,30
0,31,57,55,536,532,30
208,281,59,115,581,601,31
779,695,134,163,693,785,31
951,586,189,150,732,828,31
16,95,33,78,537,495,31
4,71,48,66,560,513,31
78,127,97,57,588,587,31
0,45,85,82,566,585,31
326,235,100,89,613,618,31
289,286,56,53,580,576,31
775,569,203,141,703,791,31
89,137,43,61,576,558,31
111,177,70,63,553,426,31
585,335,64,58,658,729,32
427,408,124,81,634,694,32
0,27,38,58,558,567,32
802,615,170,132,669,762,32
28,96,16,65,541,555,32
67,108,51,67,621,687,32
375,359,52,62,623,698,32
571,409,115,114,658,732,32
0,49,36,55,543,565,32
21,95,35,53,546,524,32
21,72,27,55,564,602,32
953,497,95,142,689,794,32
562,452,111,121,659,743,32
538,440,101,94,645,718,32
318,267,59,83,618,690,32
0,84,78,52,566,542,32
156,214,44,53,579,631,32
441,379,55,86,604,642,32
498,437,116,91,635,677,33
37,74,47,85,578,644,33
98,127,15,55,553,484,33
329,316,116,82,624,671,33
413,257,85,73,614,657,33
525,255,162,66,642,691,33
272,299,44,59,598,610,33
385,505,115,145,608,645,33
325,367,54,98,599,619,33
149,160,74,59,629,703,33
269,360,32,55,585,648,33
92,172,63,75,561,527,33
763,525,79,119,662,736,34
8,54,55,57,584,662,34
180,255,19,101,556,490,34
154,126,65,73,623,705,34
53,159,23,81,548,525,34
182,115,98,66,660,743,34
0,26,25,28,515,493,34
670,413,86,101,641,702,34
444,314,104,128,663,751,34
0,72,18,79,557,575,34
73,125,67,77,589,638,34
153,142,66,57,607,632,35
282,332,119,130,623,684,35
94,152,64,103,598,689,35
0,27,54,44,545,595,35
29,121,28,60,562,557,35
3,49,54,59,585,672,35
62,80,42,50,614,676,35
0,30,28,90,551,599,35
32,97,34,47,532,366,35
687,393,106,103,658,729,35
664,548,223,121,661,727,35
167,224,55,62,540,491,35
352,390,134,86,623,679,35
134,209,62,56,597,658,35
626,246,52,54,640,699,35
313,270,85,131,619,678,35
193,236,28,72,564,594,35
82,100,34,48,567,652,35
456,388,138,109,646,727,35
254,324,61,87,611,666,35
30,95,68,115,564,572,35
60,139,74,116,573,636,36
35,100,29,42,539,482,36
16,99,45,63,575,611,36
360,417,13,49,568,587,36
202,264,54,70,613,697,36
93,158,116,74,615,649,36
190,213,109,88,629,665,36
88,175,22,51,552,541,36
78,187,54,72,550,571,36
385,360,62,106,653,730,36
216,255,44,56,601,646,36
23,89,111,56,573,573,37
0,29,50,80,549,545,37
140,187,68,102,560,302,37
851,550,126,121,690,779,37
574,266,84,64,646,722,37
35,105,57,65,552,590,37
0,44,82,52,582,622,37
0,67,77,71,563,570,37
0,38,17,38,482,0,37
133,211,29,77,559,524,37
323,198,86,74,641,722,37
0,46,100,98,603,667,37
566,683,93,118,635,694,37
180,225,117,80,605,663,37
257,183,65,58,623,704,37
0,27,13,35,498,0,37
421,310,93,66,601,667,38
241,190,103,106,620,689,38
171,169,105,64,609,593,38
18,74,82,49,590,632,38
319,229,110,87,611,672,38
2,56,32,39,553,586,38
78,171,36,102,588,686,38
105,194,13,80,585,649,38
851,613,117,123,650,743,38
3,61,16,32,526,504,38
138,226,27,80,568,619,38
512,335,103,132,635,712,38
0,44,65,59,548,587,38
295,221,60,104,592,646,38
0,43,36,35,563,610,39
358,378,109,103,640,707,39
316,209,72,91,636,716,39
245,289,87,116,628,710,39
368,340,60,100,619,701,39
0,33,17,56,558,571,39
134,151,93,63,572,603,39
505,275,111,104,678,763,39
75,75,67,54,580,580,39
0,66,41,75,536,475,39
496,368,61,125,618,697,40
233,300,45,59,584,654,40
0,37,13,32,528,573,40
82,172,53,86,538,551,40
296,363,107,78,595,539,40
296,184,141,78,632,664,40
5,70,28,57,555,565,40
43,114,78,67,561,542,40
120,183,34,64,555,617,40
172,225,46,88,595,652,40
61,83,37,46,596,646,40
0,70,18,44,530,421,40
21,70,37,37,568,562,40
313,379,27,110,592,640,40
391,475,28,109,569,586,40
196,217,102,72,592,627,41
691,622,91,110,644,736,41
180,183,68,60,596,623,41
56,121,39,78,560,633,41
164,249,81,134,596,672,41
167,165,58,72,586,593,41
0,51,19,52,520,554,41
75,105,145,75,619,688,41
57,101,72,59,633,647,41
719,519,17,69,648,719,41
43,97,21,57,549,558,41
0,46,42,58,495,326,41
596,448,116,82,675,763,41
16,100,79,63,587,612,41
42,132,60,117,547,546,42
9,96,49,67,579,619,42
36,101,13,54,569,614,42
475,339,176,186,687,783,42
223,316,46,51,625,718,42
162,255,30,109,558,604,42
0,46,16,50,533,545,42
804,321,149,80,688,793,42
0,40,44,43,573,643,42
144,169,15,70,558,640,42
310,357,97,68,598,659,42
382,376,114,84,631,697,42
1,61,78,79,543,593,42
72,94,66,84,596,628,42
239,260,66,84,583,586,42
18,64,48,46,572,597,43
187,283,133,99,592,628,43
439,429,97,78,629,697,43
9,68,29,49,558,577,43
34,120,28,94,504,506,43
0,69,24,54,541,588,43
210,198,41,94,574,608,43
224,270,77,103,629,708,43
28,61,107,70,589,660,43
102,74,47,70,599,638,43
451,260,103,79,628,711,43
352,412,85,82,626,691,44
311,432,75,80,618,694,44
171,153,99,79,599,648,44
124,120,87,49,614,716,44
361,374,45,101,644,717,44
156,162,82,68,596,624,44
474,319,48,116,605,629,44
126,180,63,99,584,628,44
379,285,144,112,663,736,44
408,275,32,82,593,637,44
163,196,55,83,587,607,44
171,182,44,56,606,654,44
128,195,14,78,531,594,44
5,86,89,123,569,631,44
368,212,126,106,616,696,44
23,62,45,80,550,575,45
816,501,74,116,675,768,45
80,122,88,69,611,681,45
276,149,167,67,684,768,45
729,402,93,103,656,713,45
120,151,161,91,624,670,45
575,530,128,96,626,699,45
107,136,43,48,578,605,45
824,478,173,112,674,747,45
12,74,67,54,577,617,45
42,94,31,66,530,0,45
163,242,31,81,571,602,45
533,475,89,106,620,709,45
907,410,74,64,684,770,45
850,551,122,88,645,699,45
400,356,37,68,603,638,45
0,64,48,75,515,438,46
151,191,55,85,609,680,46
0,32,15,24,563,616,46
586,363,120,96,675,756,46
180,206,87,96,636,700,46
252,198,76,71,602,671,46
511,286,33,101,589,633,46
128,195,73,110,575,620,46
1,83,32,96,498,0,46
35,105,32,65,555,583,47
621,583,30,114,589,648,47
145,144,33,80,603,674,47
141,133,59,105,589,620,47
702,432,77,105,654,726,47
238,289,42,90,585,633,47
29,108,13,79,578,640,48
3,83,41,65,532,467,48
98,85,87,62,635,694,48
190,169,146,88,637,704,48
0,45,44,80,546,542,48
92,156,41,65,556,532,48
146,151,63,81,558,528,48
28,90,109,55,584,612,48
244,342,14,108,530,359,48
3,68,27,46,558,598,49
0,71,16,82,558,585,49
7,96,13,80,503,298,49
225,225,26,71,621,685,49
712,641,72,139,559,600,49
0,52,43,55,542,523,49
69,160,65,55,584,632,49
229,301,81,119,571,592,49
448,425,80,114,627,695,49
87,121,78,87,600,663,49
39,108,37,103,531,612,49
313,167,112,72,649,729,50
569,599,87,56,593,555,50
209,231,65,73,592,594,50
70,149,19,70,509,0,50
251,349,65,147,593,638,50
82,93,19,47,581,627,50
208,227,142,73,633,693,50
113,136,48,36,592,622,50
0,37,52,37,582,629,50
0,54,47,51,519,516,50
166,220,49,54,561,576,50
494,534,73,132,620,707,50
14,92,67,128,600,672,51
529,478,51,138,626,686,51
95,161,13,89,569,600,51
843,585,168,181,703,809,51
448,266,39,74,670,753,51
109,183,51,67,591,600,51
229,297,48,125,578,671,51
37,113,16,47,542,565,51
0,41,23,47,550,527,51
0,38,34,66,562,638,51
336,279,48,70,581,631,51
890,633,139,139,644,687,51
210,255,24,80,573,638,51
282,290,36,57,593,621,51
348,223,88,71,663,727,51
0,57,45,62,562,586,52
431,322,120,129,641,722,52
29,111,28,55,561,588,52
127,193,62,61,592,652,52
542,228,24,40,639,675,52
415,441,49,95,651,724,52
168,231,14,63,610,688,52
551,399,37,80,629,711,52
0,29,26,31,534,526,52
15,81,24,57,535,557,52
0,46,25,43,548,575,53
944,510,35,65,656,728,53
545,361,56,63,626,697,53
56,93,80,62,613,673,53
755,655,74,150,641,736,53
245,156,16,52,597,656,53
184,178,28,68,599,664,53
126,167,61,105,604,670,53
0,66,88,75,577,644,53
868,322,118,76,681,765,53
292,133,192,99,699,785,53
107,157,48,54,593,680,53
34,91,56,66,574,593,53
3,93,39,58,532,518,53
0,57,59,57,551,567,53
332,308,73,55,610,662,53
708,456,76,69,657,746,54
159,218,44,49,616,687,54
382,426,62,110,634,708,54
251,329,39,97,568,580,54
293,186,53,87,638,714,54
732,782,154,155,644,737,54
67,143,21,54,537,64,54
488,391,47,99,607,654,55
184,257,79,107,615,684,55
76,143,66,87,597,654,55
665,313,37,66,646,726,55
94,157,84,130,623,687,55
72,163,81,72,574,591,55
169,224,46,68,563,584,56
463,184,143,76,680,760,56
257,359,26,89,555,577,56
0,21,48,65,524,544,56
405,231,133,54,640,687,56
0,36,73,55,591,647,56
405,320,81,107,627,720,56
21,83,95,70,582,607,56
467,208,119,56,699,778,56
427,223,61,53,648,739,57
280,202,64,55,593,633,57
72,160,34,44,561,573,57
675,493,136,157,682,765,57
0,23,29,43,537,575,57
272,371,45,153,555,568,57
47,93,84,88,591,642,57
57,139,13,73,578,647,57
82,163,68,81,595,649,57
148,219,105,72,614,635,57
333,305,84,87,627,701,57
245,330,82,95,594,658,57
587,381,180,98,668,741,57
167,216,51,90,586,633,57
673,303,124,97,692,783,57
231,244,29,54,622,681,57
436,383,109,81,622,703,57
620,448,183,156,684,774,57
333,383,39,94,585,635,58
40,115,21,55,504,373,58
47,109,100,88,598,639,58
39,54,35,74,583,674,58
644,267,101,100,695,763,58
208,204,66,51,603,644,58
380,294,47,82,623,705,58
769,546,73,61,663,734,58
652,659,74,147,636,723,58
0,45,34,48,571,620,58
219,141,107,82,646,726,58
24,68,31,61,572,632,58
0,26,34,70,519,528,58
0,32,24,42,539,574,58
81,128,18,63,597,662,59
192,309,73,56,579,585,59
129,203,50,75,572,624,59
575,405,83,99,659,725,59
516,376,98,72,649,693,59
585,370,154,115,680,753,59
0,26,29,54,529,524,59
0,51,15,83,0,0,59
0,41,31,53,555,591,59
199,178,80,64,596,673,59
269,232,86,81,620,709,59
570,526,77,150,629,684,59
0,38,52,60,566,604,60
544,308,83,98,646,718,60
47,140,128,147,519,416,60
25,111,49,87,531,451,60
0,54,23,48,539,439,60
175,237,42,41,565,600,60
107,144,77,47,587,642,60
310,200,79,53,641,719,60
89,139,95,86,613,654,60
0,26,15,48,517,575,60
30,109,67,57,579,640,60
363,286,117,90,650,727,61
59,141,61,74,579,613,61
129,145,81,54,624,707,61
0,38,16,30,483,312,61
52,81,62,72,557,580,61
8,86,19,55,534,499,62
259,207,66,51,624,705,62
812,363,90,97,621,681,62
663,543,95,109,641,701,62
0,54,97,68,554,514,62
802,452,167,128,722,810,62
0,38,30,78,519,420,62
80,161,13,42,587,623,62
268,289,29,72,627,700,62
0,29,19,46,547,572,63
5,76,25,67,504,0,63
515,301,129,82,657,743,63
663,549,126,111,662,765,63
0,53,36,54,542,610,63
68,131,44,84,553,571,63
68,165,18,76,560,612,63
409,404,55,140,596,669,63
31,115,64,74,535,526,63
64,158,82,73,555,512,63
232,251,67,63,599,680,63
73,102,35,54,610,682,63
28,69,67,74,560,597,63
78,141,29,93,542,558,63
127,203,68,78,571,582,63
556,518,35,119,606,667,63
0,47,29,70,523,442,63
0,34,101,87,628,714,63
759,574,80,77,650,734,63
58,114,36,55,591,672,63
422,440,17,82,561,579,63
427,329,104,117,677,730,63
134,199,42,60,589,656,64
41,111,79,67,615,675,64
423,414,100,89,609,661,64
0,20,20,46,540,503,64
12,80,68,45,560,536,64
207,196,98,106,620,679,64
441,374,128,91,623,635,64
56,116,34,70,554,600,64
62,136,123,90,601,624,64
267,360,64,106,578,587,64
220,302,20,84,577,657,64
13,97,16,84,539,581,64
4,73,43,61,550,454,64
0,56,42,96,528,518,64
324,274,101,123,609,643,64
279,227,116,94,576,570,64
208,295,20,63,559,616,64
686,303,119,72,682,779,64
165,247,51,132,576,624,64
32,92,41,73,516,560,65
0,47,41,73,531,418,65
26,121,18,62,506,0,65
393,314,21,95,608,679,65
317,220,13,37,567,593,65
76,167,40,81,531,604,65
351,332,24,95,592,628,65
178,134,110,49,619,639,65
76,142,48,61,586,597,65
193,246,22,74,535,489,65
148,204,46,33,586,574,65
116,168,86,52,602,629,65
15,105,19,74,528,552,65
432,241,126,66,617,672,65
195,168,30,82,601,657,65
168,271,23,64,562,603,65
115,142,83,62,602,668,65
89,165,50,85,574,519,65
376,172,74,69,633,689,65
14,73,68,71,589,611,66
0,30,18,27,484,0,66
0,36,68,73,565,639,66
279,266,86,99,611,677,66
0,33,51,47,574,631,66
155,196,90,48,633,720,66
629,677,103,129,657,751,66
54,106,55,44,574,591,66
29,97,30,78,565,607,66
218,165,64,51,613,680,66
0,40,58,76,557,572,66
4,77,16,38,552,570,66
619,557,65,106,616,713,66
36,112,32,47,539,547,66
17,77,62,59,537,407,66
200,275,40,51,602,646,66
155,220,47,79,555,577,67
191,276,82,128,613,688,67
99,142,18,81,595,688,67
395,431,99,110,628,690,67
611,180,152,70,712,789,67
211,291,40,103,589,664,67
74,171,64,105,523,0,67
61,141,107,128,608,678,67
60,104,42,77,576,593,67
290,244,83,91,628,694,67
1,74,94,80,597,670,67
0,61,39,50,500,0,67
206,189,86,119,598,664,67
0,37,57,57,534,605,67
21,91,31,36,560,602,67
197,257,76,114,589,632,67
0,25,44,50,551,529,67
34,77,21,74,583,644,67
140,183,22,99,565,573,67
0,81,106,54,585,602,67
70,169,111,67,570,596,68
115,184,16,61,555,560,68
596,300,61,77,657,713,68
622,428,161,70,681,748,68
287,229,28,62,584,591,68
69,119,95,74,567,597,68
278,329,74,119,609,681,68
15,64,65,76,604,671,68
9,89,13,62,542,564,68
124,179,59,123,570,595,68
156,212,95,82,600,650,68
0,69,19,87,440,0,68
633,356,190,76,683,771,68
0,72,53,55,566,550,68
0,28,35,51,492,382,68
75,148,26,54,560,587,69
244,155,129,87,658,752,69
512,300,81,74,613,671,69
188,265,98,110,643,715,69
212,246,77,89,585,598,69
398,231,104,71,647,725,69
506,342,178,144,692,770,69
200,322,26,63,538,362,69
726,805,134,115,667,766,69
314,175,160,75,652,735,69
0,65,47,54,549,586,69
0,38,23,60,530,515,69
0,64,19,64,561,624,69
0,32,14,35,494,411,70
463,264,117,68,656,726,70
114,178,33,40,566,622,70
9,62,14,47,557,628,70
85,77,52,62,585,652,70
0,73,13,35,486,0,70
0,28,27,36,552,556,70
226,171,75,75,597,670,70
0,39,62,53,560,606,70
327,351,39,117,614,683,70
220,163,19,77,596,646,71
111,178,72,57,578,608,71
301,287,53,90,621,692,71
0,41,57,75,513,522,71
238,151,85,68,632,700,71
32,92,22,48,600,661,71
602,584,56,70,637,707,71
37,86,25,45,584,633,71
133,199,49,79,580,631,71
133,155,60,79,607,661,71
137,222,63,75,593,636,71
0,35,21,36,522,442,71
204,227,50,67,589,624,72
0,48,27,42,513,515,72
34,118,20,70,526,481,72
139,229,108,105,581,597,72
263,345,48,85,622,696,72
346,290,123,111,631,710,72
92,183,108,59,575,615,72
287,327,101,122,629,689,72
61,114,80,81,583,649,72
158,241,30,56,555,521,72
364,329,67,121,609,669,72
42,123,95,76,589,629,72
801,647,172,184,722,829,73
76,104,28,48,553,552,73
3,75,53,86,567,541,73
918,425,157,131,693,778,73
0,33,41,37,549,511,73
205,306,103,144,616,659,73
83,105,94,65,612,673,73
65,163,36,56,564,556,73
277,154,110,78,654,705,73
9,53,62,68,604,657,73
412,383,52,108,623,696,73
786,364,138,70,687,778,73
0,75,18,63,514,424,73
125,146,64,91,622,698,73
142,190,78,73,598,614,73
682,486,77,102,631,684,73
394,359,53,111,610,658,73
209,202,21,70,588,627,74
741,791,86,125,619,703,74
99,148,44,50,572,600,74
558,266,103,72,656,728,74
169,222,48,64,577,614,74
300,140,43,56,621,658,74
49,80,86,73,619,677,74
3,86,64,74,549,545,74
341,411,52,116,612,690,75
113,139,30,36,565,574,75
92,164,46,82,590,644,75
75,108,50,72,582,590,75
281,351,55,145,532,595,75
45,110,86,89,571,639,75
51,108,77,85,572,621,75
213,203,105,92,606,665,75
820,658,99,114,653,741,75
407,245,165,79,694,774,75
197,258,25,70,562,583,75
86,95,66,56,617,656,75
9,98,32,48,513,390,75
461,276,145,109,693,781,75
199,160,61,77,640,717,75
229,154,100,51,609,671,75
96,178,116,82,610,697,75
445,501,112,105,612,670,76
43,121,83,98,580,661,76
359,340,115,126,639,705,76
0,50,46,71,527,450,76
246,202,25,68,565,593,76
0,57,67,47,575,608,76
721,619,183,132,679,767,76
156,149,81,66,624,646,76
599,630,83,104,622,706,76
767,334,82,78,665,746,76
504,506,44,76,601,645,76
385,306,149,77,659,737,76
322,310,94,78,607,660,77
253,138,90,67,644,722,77
54,120,46,79,557,555,77
220,263,79,65,607,692,77
160,225,98,87,627,685,77
217,218,56,74,590,667,77
568,276,162,71,665,754,77
63,83,34,34,596,606,77
0,67,89,96,554,528,77
34,122,72,66,552,515,77
247,271,110,91,617,675,78
103,165,14,74,541,535,78
106,153,53,92,589,603,78
67,148,120,71,601,629,78
130,170,92,84,610,670,78
521,286,61,56,647,725,78
339,246,116,83,664,737,78
0,36,17,50,541,591,78
29,75,142,127,663,736,78
0,54,62,51,547,527,78
31,109,36,89,476,0,78
395,313,98,52,625,687,78
6,76,20,67,560,617,78
375,348,94,95,617,684,78
31,88,73,64,586,629,78
124,209,107,76,593,635,78
284,161,108,86,654,742,79
438,299,89,66,631,705,79
454,511,61,121,597,629,79
199,227,62,107,596,626,79
60,134,54,114,552,608,79
60,158,38,57,555,565,79
213,216,19,54,587,680,79
0,47,26,36,591,633,79
0,28,79,47,583,616,79
165,191,127,79,617,654,79
233,209,110,122,627,692,79
65,153,40,83,558,554,80
286,287,112,96,650,739,80
451,401,60,89,634,715,80
415,298,74,77,630,668,80
446,279,116,95,622,672,80
439,313,14,57,592,640,80
671,390,187,133,703,794,80
131,212,40,63,577,638,80
58,143,40,79,497,390,80
86,120,72,73,579,582,80
110,152,48,50,554,577,80
11,97,104,71,561,542,80
134,202,20,68,577,580,80
259,260,48,62,617,687,81
382,364,103,89,663,753,81
98,65,74,49,624,697,81
0,59,25,58,532,532,81
0,50,47,65,534,512,81
42,101,87,83,584,602,81
157,261,48,129,584,655,81
14,71,30,37,592,670,81
340,290,83,70,612,694,81
562,227,124,66,683,781,81
398,234,100,66,628,673,81
480,296,109,83,648,732,81
151,229,22,77,594,654,81
494,462,73,143,614,687,81
193,223,120,77,629,693,82
0,48,15,74,529,523,82
518,373,174,97,663,734,82
98,166,64,48,587,648,82
0,23,82,56,556,539,82
317,243,110,134,650,726,82
9,54,13,49,560,614,82
215,262,149,110,650,721,82
65,109,76,88,575,623,82
163,246,45,51,567,603,82
234,242,152,78,658,760,83
32,66,37,59,547,504,83
129,203,33,66,601,675,83
207,160,56,90,598,652,83
64,148,160,141,636,711,83
0,61,57,78,527,433,83
294,214,131,72,619,692,83
395,261,51,71,615,682,83
570,569,76,139,660,771,83
215,203,58,101,622,718,83
147,128,25,69,580,614,84
10,53,13,63,572,593,84
0,63,82,44,583,626,84
495,250,97,83,658,725,84
135,158,78,77,577,565,84
0,43,68,77,576,564,84
0,37,46,56,590,653,84
218,245,78,89,589,621,84
257,214,23,53,605,653,84
88,127,53,48,586,651,84
0,54,17,56,538,560,84
287,373,110,131,625,725,84
201,193,115,113,619,696,85
35,77,17,37,552,579,85
0,43,39,68,537,393,85
68,157,24,89,536,564,85
333,354,84,104,640,713,85
437,379,46,99,590,590,85
871,459,175,171,687,792,85
0,58,31,59,501,0,85
0,62,57,64,539,576,85
8,52,92,61,597,647,85
0,69,21,29,512,470,85
683,466,94,126,640,712,85
302,243,101,61,630,703,85
0,54,25,42,526,565,85
143,221,96,65,603,652,85
144,212,74,114,627,728,85
331,336,51,134,565,597,85
0,46,30,23,562,604,85
885,702,141,142,675,780,85
0,59,24,70,496,0,85
0,23,51,75,482,317,85
505,502,37,69,605,665,85
239,353,21,62,526,488,85
220,289,98,95,611,661,86
481,262,114,92,640,711,86
779,446,226,129,687,772,86
62,90,106,103,586,657,86
174,200,31,52,568,624,86
241,218,95,52,624,691,86
419,421,83,103,606,682,86
0,34,20,44,532,524,86
120,165,32,81,564,573,86
34,84,26,61,525,626,86
243,223,119,67,635,721,86
0,61,57,84,541,609,86
192,196,74,90,601,640,86
0,55,20,75,424,0,86
501,527,119,150,645,733,86
606,243,203,97,686,783,87
771,379,127,64,662,737,87
183,220,58,79,583,642,87
571,525,133,120,665,758,87
47,148,24,111,487,272,87
386,424,83,127,641,711,87
579,338,156,66,630,694,87
31,73,56,50,569,582,87
3,46,36,61,576,659,87
471,415,175,148,681,783,87
297,251,45,80,608,683,87
235,299,113,134,625,695,87
111,200,77,106,595,651,87
225,228,20,78,549,605,87
144,208,93,57,579,605,87
154,181,42,74,525,473,87
0,28,13,29,511,495,88
53,130,123,44,625,694,88
0,30,79,62,562,507,88
322,379,30,87,575,648,88
0,24,24,44,535,562,88
254,255,64,54,593,641,88
140,154,44,45,556,609,88
179,134,118,75,605,677,88
96,157,63,70,575,617,88
170,191,91,59,610,646,88
467,355,33,67,590,655,88
0,58,41,43,493,465,88
90,150,45,91,602,676,88
0,61,36,91,527,555,88
208,250,20,65,583,665,88
45,69,50,59,541,531,88
243,330,128,150,602,659,88
27,84,16,44,545,552,88
752,718,56,99,612,703,88
980,563,142,113,670,742,88
29,94,20,45,541,579,88
330,428,40,101,615,701,88
38,133,22,42,521,469,88
364,375,91,99,610,710,89
74,139,77,118,597,694,89
10,90,23,78,544,583,89
38,65,55,60,602,671,89
0,36,61,43,544,567,89
131,205,20,54,514,464,89
341,267,102,121,625,707,89
407,193,112,61,661,735,89
134,143,33,68,584,597,89
167,217,71,92,544,514,89
186,249,46,82,580,647,89
195,167,63,66,593,656,89
547,427,227,166,697,782,89
199,243,113,81,626,703,89
144,138,68,66,616,684,90
626,333,78,66,619,688,90
61,152,13,104,530,575,90
122,193,79,69,599,676,90
328,204,178,70,633,706,90
0,48,33,57,494,0,90
80,169,76,86,578,628,90
62,137,55,79,584,662,90
0,51,31,64,475,0,90
0,30,43,39,505,487,90
840,806,82,150,642,737,90
494,528,85,122,582,622,90
495,318,175,73,676,762,91
108,134,71,84,549,561,91
249,341,39,62,566,577,91
155,192,80,72,629,714,91
99,129,63,54,596,662,91
384,471,96,106,606,627,91
69,146,39,59,549,483,91
0,67,47,41,566,587,91
223,234,59,81,568,558,91
135,113,133,57,618,661,91
154,227,111,99,611,660,91
94,96,42,82,553,598,91
0,61,62,45,555,580,92
487,401,42,105,673,766,92
371,353,75,67,608,662,92
584,554,42,106,614,677,92
29,74,93,60,580,612,92
13,53,62,49,561,617,92
79,125,50,56,588,632,92
171,191,68,99,583,645,92
785,295,215,108,712,802,92
206,229,89,92,593,667,92
0,25,59,33,540,561,92
178,283,69,108,592,656,92
23,89,37,56,578,580,92
0,70,51,96,522,188,92
0,37,70,73,562,599,92
88,151,45,90,556,619,92
0,31,21,66,516,555,92
247,280,46,88,596,659,92
875,350,154,82,701,799,93
189,256,140,124,622,674,93
227,236,20,53,613,702,93
0,24,27,41,514,531,93
339,396,113,128,603,640,93
64,98,16,38,586,692,93
7,69,30,55,573,661,93
156,279,14,71,524,567,93
172,256,26,88,533,554,93
44,97,121,55,607,674,93
318,269,57,59,606,676,93
279,175,71,57,594,638,93
949,847,145,215,667,771,93
168,232,50,115,548,581,93
783,617,156,117,694,770,93
235,239,90,120,614,708,93
81,122,82,76,598,664,93
175,254,26,116,514,484,93
227,244,76,113,582,648,93
126,147,65,86,632,717,93
639,354,190,163,696,783,94
0,29,46,81,514,501,94
124,102,87,69,629,728,94
460,322,156,86,700,801,94
109,168,54,96,592,670,94
0,31,41,51,557,598,94
198,294,22,100,558,587,94
344,417,58,118,599,685,94
774,515,191,119,680,772,94
138,228,67,90,554,552,94
475,213,118,63,691,780,94
38,103,92,51,603,640,95
128,158,101,97,572,596,95
40,79,41,46,575,655,95
68,159,24,62,578,636,95
184,127,53,69,616,666,95
252,183,161,86,653,719,95
118,119,114,76,622,700,95
207,175,64,93,595,656,95
458,435,59,122,617,680,95
31,96,35,64,552,521,95
0,51,18,88,524,503,95
336,247,93,106,668,763,95
6,41,65,58,586,662,95
209,169,58,56,608,654,95
0,52,40,53,539,555,95
50,124,24,77,536,455,96
360,241,82,53,628,709,96
138,130,45,81,607,673,96
449,241,18,64,632,710,96
856,741,140,98,670,759,96
59,155,14,89,519,443,96
406,423,150,143,614,688,96
31,56,44,31,567,612,96
10,89,17,47,543,537,96
137,136,90,62,612,695,96
627,282,118,101,653,739,96
0,33,31,50,569,633,96
317,281,137,117,679,767,96
0,59,86,74,568,608,96
6,89,36,77,561,599,96
278,251,77,122,581,632,96
4,87,30,92,479,363,96
66,110,48,84,541,529,96
3,59,18,37,563,591,96
195,165,42,67,605,652,96
98,151,25,60,551,590,96
512,570,134,144,632,698,96
117,145,50,66,601,671,96
795,537,129,102,715,791,97
0,35,73,74,567,626,97
0,26,29,44,552,575,97
119,111,43,51,600,670,97
449,419,53,145,626,686,97
181,264,38,81,540,554,97
28,98,86,66,582,616,97
626,556,157,105,641,732,97
816,526,126,117,645,719,97
490,231,72,69,647,725,97
84,142,59,49,542,528,97
177,184,53,68,606,675,97
272,156,42,49,612,645,97
52,125,15,61,521,474,97
285,245,95,162,631,703,97
0,31,45,78,571,628,97
115,153,14,71,558,618,97
977,562,162,93,674,749,97
78,152,39,59,549,492,98
37,62,63,65,584,600,98
28,100,40,79,536,475,98
286,334,18,88,595,669,98
169,220,89,137,599,675,98
224,228,127,83,602,660,98
486,510,119,132,625,690,98
47,83,99,60,591,631,98
30,97,79,110,554,501,98
338,260,84,52,623,698,98
249,259,35,102,584,637,98
314,248,114,88,605,669,98
0,67,48,125,571,610,98
414,254,75,92,620,691,99
196,239,113,58,623,700,99
639,590,108,152,660,757,99
20,94,31,44,561,615,99
138,149,54,63,594,646,99
349,390,74,83,609,671,99
503,417,55,137,607,664,99
582,571,46,157,662,743,99
634,245,26,61,661,744,99
321,301,68,115,593,620,99
73,119,127,82,599,630,99
47,105,139,96,611,679,99
475,230,152,86,684,760,99
396,330,135,102,646,732,99
17,87,57,61,544,325,100
352,394,78,116,579,595,100
57,88,33,68,574,634,100
83,96,74,86,583,626,100
25,58,39,37,573,607,100
392,290,237,123,699,794,100
377,347,120,123,659,736,100
92,163,50,41,606,659,100
443,289,52,60,599,646,100
197,210,76,62,610,633,100
166,246,80,108,600,641,100
298,246,112,52,600,633,100
557,504,108,125,653,716,100
239,302,70,105,579,591,100
8,79,22,78,495,519,100
36,100,37,55,544,549,100
203,223,145,118,610,642,100
187,225,90,110,543,594,100
0,63,19,66,500,423,100
0,31,13,71,565,636,100
235,214,83,84,600,653,100
462,250,130,93,648,716,100
101,151,32,77,604,645,100
180,210,18,63,584,625,100
165,261,31,92,581,645,100
318,303,90,70,633,719,101
30,88,55,81,530,455,101
107,114,38,56,577,524,101
29,97,64,53,522,414,101
8,45,41,69,563,638,101
360,370,55,155,571,604,101
730,396,120,81,686,771,102
14,90,47,63,528,427,102
190,146,136,60,659,734,102
63,100,70,76,599,676,102
341,264,51,84,604,657,102
660,430,94,102,645,726,102
0,34,99,63,583,648,102
582,303,70,75,607,618,102
608,242,98,80,642,715,102
190,159,93,111,612,691,102
46,97,68,60,583,593,103
75,140,51,71,565,603,103
0,36,50,74,550,564,103
222,159,51,67,611,662,103
375,279,85,96,643,721,103
179,257,32,75,585,637,103
182,144,71,109,610,679,103
258,229,86,66,662,757,103
5,72,26,62,557,593,103
564,528,86,155,607,662,103
921,868,189,216,725,829,103
329,302,36,60,617,693,103
0,31,42,58,551,571,103
0,37,14,49,510,0,104
0,34,61,46,556,598,104
331,259,118,113,636,708,104
328,391,119,144,580,608,104
0,52,22,34,560,586,104
363,371,64,113,613,693,104
120,215,33,64,564,575,104
565,578,109,130,649,736,104
605,424,63,81,653,740,104
108,199,85,72,584,631,104
51,108,93,85,599,656,104
584,596,123,114,613,627,104
40,58,30,45,575,603,105
543,494,94,121,683,785,105
646,503,140,180,682,791,105
175,223,50,83,579,648,105
202,259,45,72,541,542,105
44,116,38,103,529,532,105
60,79,28,88,575,603,105
72,128,25,71,547,498,105
5,57,31,60,544,520,105
96,155,38,66,527,507,105
90,173,129,104,615,669,105
139,177,57,55,625,709,105
0,54,70,63,586,592,105
22,67,124,75,594,608,105
119,166,61,57,583,573,105
306,186,100,98,637,714,105
406,399,102,81,603,674,105
130,224,24,117,554,590,105
140,176,125,116,624,692,105
163,201,67,99,548,643,105
740,539,97,95,643,716,106
58,142,90,111,547,444,106
452,469,95,132,590,674,106
61,122,15,51,568,551,106
219,276,149,140,631,720,106
0,41,46,81,543,530,106
181,164,69,53,607,678,106
350,212,99,93,624,672,106
187,204,75,73,581,631,106
356,182,88,67,650,724,106
86,147,111,63,578,589,106
229,209,76,114,621,699,106
0,40,56,61,498,355,106
474,344,80,49,638,703,106
121,194,96,140,606,682,106
0,64,35,40,550,573,106
342,377,96,117,619,678,106
0,25,59,33,552,547,106
26,64,44,53,586,648,107
107,166,42,40,576,614,107
210,224,15,57,592,635,107
62,119,38,122,540,540,107
0,54,13,68,491,445,107
646,350,109,86,647,716,107
0,22,49,65,525,489,107
759,360,121,90,657,725,107
0,35,41,62,557,608,108
0,37,22,45,543,602,108
224,255,65,65,588,624,108
260,335,34,101,553,564,108
105,165,100,67,580,592,108
10,98,13,56,514,510,108
0,22,30,67,533,568,108
14,95,17,37,543,549,108
242,193,107,83,618,689,108
105,117,50,54,572,617,108
47,97,44,85,605,684,109
25,106,48,75,515,0,109
262,311,65,47,600,673,109
77,160,39,43,584,646,109
1,57,21,66,531,469,109
89,168,20,56,530,604,109
294,132,176,58,666,733,109
587,452,76,104,617,694,109
187,257,22,53,591,648,109
562,296,163,122,659,751,109
48,120,68,65,540,305,109
286,207,144,76,669,751,109
253,230,39,52,578,642,109
211,240,50,72,581,603,109
377,189,83,82,649,723,109
57,113,82,89,585,630,109
70,92,89,62,599,621,109
158,207,52,118,600,677,109
0,31,52,35,524,493,110
122,182,13,69,577,584,110
202,238,67,65,595,630,110
419,406,84,80,625,722,110
199,280,58,104,569,589,110
419,442,80,113,623,700,110
126,170,71,92,561,571,110
417,431,85,152,554,509,110
72,95,66,75,592,662,110
0,55,48,59,537,545,110
484,450,117,173,669,760,110
355,353,20,128,541,564,111
270,184,83,54,623,660,111
42,93,34,76,602,683,111
0,22,14,44,522,487,111
0,68,82,91,561,595,111
190,183,77,85,597,610,111
275,344,53,114,620,689,111
127,164,60,124,580,602,111
180,213,50,68,573,621,111
54,127,74,102,594,651,111
227,113,125,50,647,729,111
129,221,19,52,562,635,111
130,170,20,54,557,580,111
7,53,59,63,605,689,112
0,31,73,97,556,604,112
0,67,29,42,555,617,112
273,200,70,109,583,623,112
220,235,80,99,567,545,112
13,79,40,84,539,568,112
51,70,51,73,578,592,112
110,142,13,62,619,614,112
143,154,132,109,634,705,112
209,208,119,85,631,692,112
126,138,36,65,591,608,112
331,280,15,47,615,689,112
609,569,151,128,676,768,112
495,460,72,99,614,678,112
0,36,42,67,586,651,112
0,46,50,78,593,666,112
0,32,21,64,567,600,112
248,151,48,76,632,701,112
582,563,100,128,622,706,112
0,37,46,65,521,388,112
259,269,27,35,572,577,113
103,141,66,49,591,651,113
347,287,157,129,664,758,113
0,40,69,64,558,575,113
319,403,46,80,622,705,113
104,185,33,64,595,668,113
557,423,84,84,630,701,113
0,74,51,119,496,361,113
446,185,129,88,662,748,113
560,350,138,135,649,729,113
397,243,102,61,652,724,113
258,272,16,89,585,643,113
803,638,215,177,672,753,114
58,119,31,39,543,614,114
72,166,58,80,552,545,114
64,132,51,79,572,602,114
44,94,39,108,592,678,114
802,486,113,135,669,754,114
358,239,92,84,636,704,114
0,67,55,91,541,542,114
23,93,86,69,577,604,114
343,329,30,119,606,688,114
7,49,105,54,573,585,114
0,81,21,96,508,451,114
467,502,64,70,603,669,115
0,50,81,43,562,568,115
0,23,43,68,513,486,115
245,258,135,128,643,717,115
0,69,47,71,536,457,115
200,250,64,52,600,670,115
28,114,87,78,565,583,115
131,169,38,91,578,648,115
107,154,51,78,525,409,115
142,141,62,76,597,646,115
0,28,51,35,534,514,115
73,119,65,48,580,641,115
767,370,144,157,699,782,115
159,215,38,102,572,626,115
0,20,55,51,521,538,116
61,143,117,72,608,663,116
28,115,23,88,473,0,116
593,282,118,75,660,710,116
139,147,33,82,591,657,116
309,278,99,87,620,702,116
848,596,182,100,653,739,116
0,52,53,74,590,647,116
546,484,127,120,642,721,116
62,105,43,51,591,672,116
75,120,65,68,551,522,116
280,179,58,71,598,668,116
15,60,76,69,566,571,116
0,47,23,35,538,557,116
601,371,111,86,646,714,116
37,67,62,64,574,577,116
203,208,93,75,615,682,116
50,86,22,73,560,576,117
724,518,166,143,622,701,117
220,215,77,92,611,672,117
836,364,143,103,695,766,117
441,242,97,73,674,757,117
179,174,61,75,591,627,117
0,37,86,88,570,619,117
124,205,53,139,502,0,117
61,139,54,110,565,621,117
89,125,46,67,583,618,117
125,118,21,50,590,648,117
361,271,44,72,616,666,117
175,208,87,74,624,692,118
0,40,44,74,475,0,118
222,248,43,102,590,656,118
311,229,108,146,647,724,118
165,180,92,82,607,669,118
148,174,78,104,621,691,118
51,140,21,97,519,376,118
37,83,20,43,573,591,118
104,141,83,91,565,576,118
0,27,21,50,562,607,118
133,117,48,62,607,663,118
143,216,38,96,590,645,119
455,302,161,102,662,736,119
367,455,52,115,585,635,119
279,238,15,84,641,712,119
28,60,110,77,598,648,119
4,30,64,66,573,615,119
385,365,133,107,643,711,119
350,354,47,94,600,662,119
248,278,102,71,627,700,120
17,78,39,46,523,457,120
326,359,43,127,614,708,120
117,168,31,79,566,571,120
953,705,80,151,687,787,120
310,257,39,55,598,633,120
99,168,110,84,599,634,120
416,218,87,107,657,751,120
202,159,66,62,600,679,120
36,76,35,51,585,659,120
509,557,79,118,597,647,120
132,95,41,44,615,665,120
145,217,59,58,600,662,120
115,162,62,83,579,644,120
372,276,70,91,644,732,120
417,178,105,103,652,737,121
332,151,100,59,630,690,121
16,82,22,49,506,472,121
366,385,38,94,604,670,121
0,22,129,78,577,591,121
366,371,70,115,645,744,121
11,68,19,63,510,253,121
555,563,43,127,596,659,121
333,235,58,68,642,730,121
570,407,124,144,650,735,121
58,80,101,101,584,622,121
0,24,13,47,454,0,122
309,329,51,97,592,628,122
69,165,22,65,541,550,122
129,152,48,89,604,646,122
624,429,177,106,663,738,122
125,200,14,62,557,619,122
31,121,41,62,535,544,122
197,244,50,123,586,654,122
121,137,101,90,617,695,122
70,108,45,62,555,450,122
101,167,51,53,562,589,122
523,320,162,102,666,741,122
240,214,62,71,609,687,122
0,47,68,48,565,560,122
271,287,102,111,608,669,122
91,181,99,107,565,576,122
0,29,87,48,584,646,122
946,505,156,148,706,804,122
107,171,55,94,588,652,122
82,156,22,69,584,643,122
620,291,98,66,649,717,122
81,164,65,45,587,648,122
313,165,52,90,588,665,123
0,54,99,72,554,557,123
255,202,45,84,590,592,123
52,109,104,98,591,637,123
332,142,81,66,639,709,123
0,39,78,58,552,548,123
146,144,69,71,635,710,123
27,104,56,43,565,603,123
304,314,79,95,598,655,123
53,102,20,60,562,602,123
50,103,65,43,575,620,124
578,358,52,73,616,692,124
450,391,75,104,591,653,124
110,194,40,58,576,603,124
518,456,88,67,625,715,124
508,460,148,113,642,713,124
17,92,54,110,525,544,124
296,121,79,55,659,731,124
240,220,113,91,614,676,124
516,390,92,101,663,754,124
147,187,24,51,598,673,124
256,182,56,89,586,615,124
292,346,26,73,580,649,125
33,71,39,100,561,595,125
132,192,55,96,571,617,125
499,226,173,69,675,760,125
464,337,135,99,665,747,125
851,707,198,206,689,784,125
338,416,14,112,585,655,125
182,244,62,126,581,637,125
182,180,89,91,637,718,125
519,388,109,85,647,728,125
154,176,84,63,604,652,125
94,133,25,91,551,578,125
1,73,54,62,516,0,125
0,40,76,81,583,662,125
227,214,122,87,612,678,125
75,145,31,73,542,590,125
27,85,37,65,585,674,125
338,337,91,117,633,676,125
0,51,27,92,508,0,125
11,84,43,64,559,589,125
0,62,91,51,578,612,125
384,366,51,105,615,690,125
111,172,35,87,560,646,125
16,80,86,89,554,549,125
34,126,59,53,540,567,126
207,234,130,72,639,712,126
171,204,58,55,598,656,126
0,20,15,34,501,474,126
204,275,80,85,609,687,126
28,67,72,49,583,646,126
0,50,36,86,500,0,126
62,76,41,50,565,588,126
79,149,18,80,546,601,126
234,322,16,94,587,675,126
865,634,125,172,686,779,126
222,168,98,65,634,716,126
44,67,53,69,574,649,126
156,162,95,46,620,686,126
693,376,203,108,689,787,126
874,459,190,129,703,787,127
31,97,42,77,538,575,127
241,245,104,61,601,669,127
12,29,129,60,602,645,127
0,26,51,31,553,571,127
367,290,80,93,639,721,127
183,125,64,78,594,670,127
782,575,71,100,621,671,127
19,96,79,130,527,505,127
99,189,73,53,573,610,127
87,156,73,115,584,644,127
59,139,51,54,544,552,127
4,57,17,56,510,395,127
899,472,156,86,687,774,127
332,403,47,93,600,637,127
854,644,194,135,671,752,127
516,218,61,63,689,775,127
121,134,97,90,632,714,127
0,62,80,90,531,0,127
861,792,177,167,672,757,127
111,161,172,134,627,710,127
545,505,60,100,651,722,127
785,561,110,88,666,760,127
689,497,159,94,673,766,127
322,264,37,84,625,709,128
26,96,25,70,504,555,128
213,318,58,44,545,535,128
0,28,82,63,492,0,128
341,393,71,123,591,643,128
628,421,180,66,675,761,128
316,229,98,127,638,702,128
218,270,172,167,679,791,128
588,451,112,130,673,771,128
111,193,13,72,517,417,128
127,142,60,76,545,572,128
501,575,92,155,592,669,128
925,432,158,136,675,768,128
528,391,101,58,632,694,128
385,204,109,115,680,735,129
517,296,42,40,642,700,129
192,197,65,74,599,650,129
0,28,34,60,530,556,129
421,436,53,96,598,667,129
357,154,150,82,654,747,129
215,282,66,69,584,641,129
9,65,30,57,564,627,129
474,203,138,98,662,729,129
167,184,45,73,560,602,129
7,55,55,89,552,542,129
34,70,87,50,600,656,129
0,29,74,32,542,571,129
0,32,32,75,533,551,129
112,118,65,63,618,722,130
33,113,50,59,546,552,130
353,353,39,69,578,616,130
655,411,147,101,683,779,130
0,21,23,40,522,501,130
83,150,46,40,557,558,130
29,106,115,98,557,593,130
335,297,87,67,596,665,130
0,63,47,61,510,506,130
290,293,23,58,606,692,130
9,76,38,78,559,598,130
576,272,108,114,672,746,130
0,60,25,32,548,575,130
50,60,112,76,599,651,130
659,375,73,108,640,719,130
648,307,124,65,672,737,130
273,294,80,90,612,667,130
110,184,74,66,585,644,130
13,53,133,62,606,661,131
493,402,142,107,659,733,131
137,174,60,96,597,668,131
15,67,60,70,573,592,131
0,33,80,74,542,58,131
49,129,125,113,599,634,131
431,340,92,111,596,650,131
134,182,34,83,530,363,131
0,62,53,69,557,608,131
0,58,16,47,540,496,131
78,146,16,60,537,547,131
490,283,148,87,657,749,131
103,177,49,42,579,626,131
430,493,52,129,594,649,131
204,271,68,58,557,582,131
365,435,64,115,622,694,131
12,70,61,55,558,577,132
675,306,133,62,661,713,132
585,218,218,103,706,793,132
365,330,63,112,608,658,132
0,24,56,50,558,592,132
19,73,33,53,518,524,132
126,208,82,103,575,633,132
81,134,101,64,558,596,132
0,54,44,66,529,547,132
35,105,57,95,608,699,132
242,185,120,123,590,639,132
183,205,48,116,579,548,132
0,31,76,50,560,565,132
283,171,108,93,625,676,132
126,217,48,73,580,615,132
71,127,89,109,576,623,132
5,79,39,85,540,563,132
1,48,94,61,583,622,133
0,42,64,64,559,566,133
94,173,36,67,603,682,133
155,206,54,62,621,660,133
49,144,66,63,513,519,133
145,156,79,72,603,682,134
54,69,48,61,597,663,134
245,187,95,48,611,669,134
646,516,61,142,616,660,134
84,159,113,141,607,670,134
268,334,64,84,595,651,134
0,23,26,95,492,373,134
304,337,23,90,584,654,134
314,350,73,92,600,644,134
0,44,94,93,577,629,134
0,35,43,75,549,582,134
5,50,53,69,551,565,134
112,134,16,61,566,629,134
0,44,49,62,516,524,134
415,288,147,81,630,704,135
4,71,24,41,541,560,135
404,256,129,75,657,750,135
903,840,135,125,693,792,135
492,339,129,84,665,746,135
27,85,91,91,595,648,135
714,384,155,112,679,757,135
78,130,60,48,606,691,135
0,36,93,51,575,620,135
286,310,110,160,640,724,135
110,181,38,68,593,666,135
117,89,33,58,582,638,135
445,498,65,114,625,702,135
0,34,29,33,543,594,135
267,232,143,95,645,729,135
390,209,165,123,692,761,135
73,66,46,52,582,635,136
0,30,93,55,581,634,136
138,199,37,82,580,625,136
886,631,149,192,642,702,136
343,251,95,73,632,702,136
211,268,115,137,615,705,136
464,382,95,76,666,764,136
76,162,37,76,548,629,136
0,35,18,42,549,580,136
95,178,22,56,572,609,136
73,134,65,101,586,622,136
286,237,201,88,655,738,136
174,201,46,102,591,663,136
543,327,112,109,629,705,136
132,117,67,76,594,625,136
485,474,137,106,611,648,136
22,83,40,64,548,525,136
183,229,16,100,566,625,136
706,368,142,91,678,765,136
852,374,189,64,693,774,137
26,94,28,64,568,630,137
12,62,55,53,551,540,137
37,103,76,71,592,652,137
416,294,116,174,618,688,137
70,125,29,64,523,451,137
14,84,25,70,559,596,137
876,480,153,181,714,817,137
61,146,59,115,557,558,137
0,63,23,92,532,514,137
351,292,169,65,636,687,137
14,91,92,64,578,600,137
95,169,85,109,617,696,137
158,193,25,58,576,615,137
0,45,67,46,552,570,137
614,359,174,57,696,789,137
145,180,101,85,596,642,137
0,29,19,39,552,561,137
267,213,31,61,629,685,137
196,194,110,121,572,547,137
383,326,100,89,654,735,137
0,63,24,66,514,409,137
540,271,238,112,710,805,137
0,77,16,72,532,529,138
119,141,65,67,600,680,138
248,207,41,69,607,673,138
139,80,85,57,627,689,138
141,146,50,83,562,507,138
390,393,87,95,612,666,138
127,194,46,48,548,573,138
52,117,31,47,546,565,138
576,517,78,102,611,657,138
110,153,15,41,528,467,138
339,231,26,67,574,544,138
279,242,52,97,648,720,139
161,134,45,64,581,586,139
310,268,137,99,655,736,139
52,68,76,91,566,604,139
159,173,100,73,613,651,139
202,165,36,60,614,658,139
6,72,18,55,542,557,139
108,186,77,116,610,688,139
326,212,121,76,628,691,139
262,199,173,90,644,711,139
151,156,42,61,550,526,139
12,62,115,62,578,608,139
845,291,161,85,721,808,139
43,103,72,67,609,668,139
133,215,26,65,551,573,139
221,297,56,108,528,466,139
300,313,48,111,567,591,139
155,146,74,86,590,611,139
0,56,18,48,523,539,139
71,123,41,79,593,648,139
167,247,15,79,521,528,140
0,47,60,63,597,656,140
0,52,65,41,566,630,140
879,762,140,228,643,719,140
25,71,83,119,576,570,140
222,281,72,87,576,616,140
320,182,110,93,628,683,140
293,336,61,110,603,682,140
0,42,26,70,532,483,140
50,100,63,55,584,634,140
252,145,81,69,653,724,140
206,151,40,99,602,655,140
132,129,59,66,600,653,140
30,84,17,56,567,649,140
9,59,67,52,544,577,140
790,391,109,79,669,756,140
0,48,27,52,527,522,140
169,210,72,75,580,637,141
33,107,43,75,553,556,141
63,96,30,38,564,587,141
4,40,19,33,566,640,141
0,25,80,51,592,668,141
0,49,15,69,522,455,141
177,226,81,71,620,694,141
28,95,39,56,562,627,141
849,523,173,121,683,755,141
209,195,54,88,590,649,141
0,63,54,74,572,628,141
140,196,15,83,531,402,141
119,158,78,107,557,588,141
800,555,119,68,641,721,141
0,33,23,35,504,502,141
398,303,100,122,605,676,141
436,412,109,140,643,721,141
208,166,15,83,583,656,142
0,25,116,76,581,624,142
465,214,94,68,675,755,142
523,537,115,179,634,725,142
932,658,132,150,656,740,142
160,160,113,102,605,649,142
349,274,54,63,607,649,142
186,121,41,76,641,738,142
261,133,98,86,632,695,142
350,370,71,95,571,618,142
67,130,14,71,530,482,142
46,99,41,57,569,556,143
572,363,127,123,648,720,143
0,34,72,78,579,636,143
152,190,39,86,597,668,143
331,244,73,90,634,705,143
38,100,122,72,596,643,143
0,45,18,42,545,589,143
270,305,48,62,587,611,143
383,337,114,79,650,739,143
127,176,45,41,595,657,143
185,266,13,65,499,422,143
419,373,49,96,603,674,143
94,174,41,117,562,615,143
44,89,36,60,555,575,143
450,275,118,60,645,686,143
426,277,182,123,665,739,143
14,52,58,63,550,519,143
71,155,61,72,574,570,143
309,355,103,130,620,695,143
0,48,76,72,573,554,143
266,343,19,68,576,620,143
12,86,58,76,560,603,143
0,26,13,47,499,0,143
98,161,49,94,546,509,144
191,199,74,85,583,561,144
193,211,34,89,547,470,144
63,107,76,58,573,581,144
0,23,52,52,568,597,144
11,83,21,75,491,462,144
0,41,93,104,507,0,144
50,115,26,69,515,393,144
273,198,108,152,618,683,144
362,180,81,76,599,610,144
293,218,69,66,556,526,144
522,432,103,136,650,734,144
21,91,74,99,529,582,144
352,371,68,111,621,691,144
131,166,92,76,589,644,145
600,237,43,73,644,705,145
7,61,66,128,544,529,145
48,117,39,60,539,554,145
936,400,181,170,715,807,145
275,206,41,54,602,646,145
295,328,93,154,629,707,145
684,363,146,125,664,745,145
43,77,148,60,608,615,145
695,756,110,114,646,732,145
294,233,128,117,613,682,145
64,119,83,46,590,642,145
488,476,34,84,606,695,145
86,158,27,57,570,642,145
11,81,36,45,557,610,146
0,44,32,50,539,563,146
203,246,59,101,596,666,146
103,154,23,59,589,622,146
605,347,180,109,704,798,146
578,422,158,107,669,760,146
45,105,51,68,568,610,146
0,64,18,59,533,592,146
45,105,21,68,566,578,146
96,154,36,101,596,640,146
396,281,92,79,628,676,146
357,318,12,46,615,678,146
0,26,50,70,536,542,146
208,176,59,56,610,657,146
0,58,51,79,542,430,146
50,71,24,87,545,431,147
136,233,39,82,562,603,147
463,227,123,56,651,724,147
153,192,84,58,623,685,147
893,551,128,64,667,742,147
744,703,128,160,638,715,147
106,171,35,72,544,534,147
778,308,185,116,707,788,147
61,149,28,90,539,572,147
250,227,34,127,576,601,147
518,468,119,138,640,729,147
651,588,94,155,653,741,147
163,222,56,72,596,658,147
0,22,14,40,536,546,147
729,585,113,137,624,671,147
399,302,178,90,659,725,148
0,31,35,47,529,576,148
562,566,119,173,622,693,148
437,389,168,124,672,760,148
37,98,61,121,573,639,148
242,320,35,100,571,623,148
0,34,91,74,558,606,149
21,73,95,80,570,615,149
543,425,135,125,652,724,149
560,326,99,108,639,726,149
233,244,93,95,618,701,149
129,151,38,50,607,668,149
71,135,17,72,541,578,149
38,128,17,92,527,191,149
25,100,100,127,611,682,149
172,131,88,87,623,695,149
0,49,26,42,539,589,149
153,137,25,56,590,661,149
99,142,81,120,554,587,149
185,265,18,48,579,660,149
140,193,117,62,616,672,149
0,30,31,41,561,612,149
0,65,31,99,532,574,149
289,301,84,117,565,592,149
240,276,48,114,636,723,149
342,215,32,61,586,670,149
0,33,82,45,587,649,149
37,70,126,126,611,681,150
0,33,19,65,512,491,150
163,120,17,63,583,630,150
34,95,13,44,523,569,150
160,213,46,65,577,590,150
0,24,17,50,483,272,150
126,120,35,74,559,595,150
526,513,125,98,605,673,150
352,319,216,127,683,765,150
421,214,159,54,685,763,150
24,56,45,65,583,590,150
120,177,23,41,542,593,150
98,186,37,106,537,460,151
293,311,82,103,634,728,151
76,152,19,88,533,587,151
82,120,57,89,566,605,151
589,545,143,153,644,728,151
370,354,99,86,602,657,151
0,29,62,49,560,514,151
320,372,34,104,602,662,151
132,191,51,59,593,621,151
39,80,59,77,571,617,151
321,236,45,82,590,641,151
43,119,13,64,559,586,151
105,101,78,70,585,634,152
560,423,86,77,654,741,152
73,88,110,87,614,691,152
514,444,75,128,627,706,152
244,256,104,70,646,737,152
0,37,14,66,580,643,152
53,138,40,50,558,595,152
26,90,62,75,558,557,152
240,219,81,81,601,661,152
25,85,49,46,573,613,152
0,22,98,67,541,551,152
35,106,51,99,542,508,152
0,42,29,51,527,485,152
896,347,172,80,716,798,153
293,256,95,87,621,711,153
13,56,65,91,559,604,153
0,43,77,85,544,426,153
43,92,34,82,556,575,153
21,77,49,68,571,628,153
3,55,88,69,558,588,153
0,41,51,40,554,588,153
0,40,27,49,523,475,153
58,104,46,55,580,634,153
0,33,52,68,536,516,153
365,280,101,73,600,628,153
284,347,49,110,609,690,153
41,110,18,68,547,596,153
80,139,16,75,553,575,153
97,110,24,67,557,522,154
502,233,181,100,690,757,154
87,148,25,64,578,648,154
0,35,90,74,556,547,154
85,154,80,56,585,594,154
242,283,80,88,591,643,154
637,328,141,85,697,784,154
373,285,110,71,633,678,154
34,120,56,91,519,481,154
505,253,124,82,655,739,154
384,269,43,75,610,685,154
53,104,21,61,582,613,154
0,27,44,75,570,645,154
449,436,26,79,589,620,154
176,190,116,62,611,681,154
155,235,109,84,595,627,155
491,340,107,81,655,717,155
369,191,107,57,645,692,155
179,265,59,103,590,642,155
33,104,26,76,541,448,155
811,288,67,65,671,743,155
909,737,197,213,701,797,155
785,386,174,104,679,751,155
209,104,103,65,627,689,155
283,261,125,145,623,676,155
746,322,214,115,692,782,155
211,243,98,92,603,657,155
82,124,71,43,607,666,155
157,226,76,116,582,611,156
172,143,57,67,613,677,156
195,135,90,82,629,700,156
0,67,17,115,541,573,156
42,115,33,120,515,528,156
329,215,113,95,650,721,156
473,357,96,65,647,715,156
276,363,57,93,586,642,156
109,181,56,92,605,704,156
9,69,68,67,583,649,156
0,32,70,69,555,589,156
12,83,80,91,642,689,156
371,391,85,118,595,665,156
70,157,28,54,510,0,156
670,416,206,118,680,768,157
10,76,96,94,563,601,157
133,194,33,62,578,629,157
264,349,74,145,580,605,157
12,76,30,67,539,524,157
938,710,147,143,647,745,157
540,298,121,86,670,754,157
0,43,17,47,530,564,157
107,174,21,57,560,576,157
728,568,157,135,666,737,157
72,144,69,110,574,589,157
361,181,180,145,673,750,157
59,77,59,51,585,654,157
0,59,104,74,575,612,157
0,54,79,73,533,490,158
231,156,87,78,606,658,158
348,239,128,81,687,751,158
20,97,23,52,527,458,158
243,228,135,99,605,678,158
0,25,29,79,549,496,158
26,105,14,81,481,403,158
295,325,85,86,605,664,158
344,288,64,111,605,687,158
122,167,95,66,607,688,158
845,588,98,113,665,753,158
53,127,68,64,551,488,158
678,485,151,155,679,771,158
56,125,56,63,542,534,158
278,235,84,55,604,630,159
28,74,102,79,610,701,159
0,43,40,60,495,0,159
248,305,178,102,647,741,159
212,226,45,105,600,663,159
552,613,77,119,618,692,159
145,173,81,78,601,678,159
339,147,156,68,638,700,159
915,380,154,106,682,764,159
0,62,42,57,533,534,159
308,182,138,99,627,688,159
336,219,87,98,639,720,159
184,175,50,39,608,652,159
381,321,70,61,622,692,159
102,167,153,72,624,695,160
247,267,42,84,575,622,160
22,88,89,84,582,627,160
220,229,100,58,621,686,160
22,61,26,63,564,597,160
617,383,142,96,647,725,160
330,292,58,82,644,727,160
138,130,45,76,585,663,160
395,271,53,55,580,617,160
597,402,102,108,630,693,160
127,208,42,111,536,436,160
0,24,22,65,487,388,161
149,185,74,67,601,651,161
193,181,24,90,593,649,161
56,131,96,36,569,604,161
0,31,36,57,531,507,161
367,369,44,93,611,679,161
0,42,59,74,582,622,161
0,28,34,75,537,487,161
5,76,39,59,530,537,161
414,246,116,90,639,707,161
0,27,23,27,511,509,161
0,45,17,70,486,0,161
805,611,115,84,671,759,161
63,143,32,86,532,519,161
800,560,128,184,680,777,161
0,46,50,54,560,587,161
281,308,78,82,617,690,162
792,633,135,140,654,753,162
27,51,94,81,561,579,162
0,65,24,52,546,489,162
119,138,53,64,600,666,162
135,161,14,55,564,603,162
388,385,28,96,627,707,162
295,357,25,63,559,596,162
75,132,78,92,591,654,162
336,394,29,68,554,558,162
604,377,134,150,683,777,162
471,298,77,65,628,707,162
25,85,57,61,561,550,162
5,61,35,40,584,669,162
0,46,37,64,546,591,162
738,304,175,64,683,758,163
81,106,31,64,587,639,163
39,110,34,53,524,225,163
33,98,46,49,539,532,163
0,20,62,58,533,554,163
226,148,106,69,628,700,163
51,74,73,83,597,649,163
84,106,35,49,575,600,163
19,91,60,103,541,571,163
209,256,72,78,618,705,163
405,230,96,62,616,686,163
0,69,31,40,509,349,163
64,107,41,60,577,635,163
488,411,119,103,642,724,163
175,224,88,103,617,699,164
170,242,69,101,566,598,164
23,80,53,57,575,632,164
280,199,118,91,636,709,164
439,314,82,87,624,722,164
233,318,33,122,527,502,164
55,85,16,33,571,629,164
0,33,24,51,513,555,164
160,201,102,78,604,664,164
49,114,113,71,616,683,164
126,177,30,65,533,516,164
301,253,61,86,603,605,164
306,254,93,96,624,689,164
34,79,52,64,550,572,164
0,54,63,51,579,636,164
278,342,39,70,580,630,165
157,185,37,59,573,636,165
400,442,126,119,636,723,165
0,53,112,76,554,505,165
51,115,31,49,556,622,165
409,300,139,105,628,708,165
118,135,29,55,584,622,165
0,28,62,62,556,584,165
45,121,36,91,537,488,165
274,290,74,108,583,610,165
244,196,114,141,596,641,165
553,352,170,141,651,726,165
624,503,135,111,644,724,166
961,495,178,103,704,793,166
193,233,53,75,608,660,166
60,79,72,59,584,615,166
424,354,33,120,600,639,166
586,398,172,102,651,718,166
177,117,51,65,626,693,166
186,151,82,66,644,714,166
65,114,32,85,596,684,166
45,130,65,112,546,550,166
45,85,64,85,581,652,166
105,164,15,55,565,623,166
29,62,44,116,568,646,166
26,103,40,75,550,621,166
394,412,65,96,587,666,166
346,373,120,111,620,709,166
576,208,38,110,630,693,166
732,303,163,96,715,822,166
494,361,65,67,642,722,166
811,766,222,188,713,823,166
81,171,77,101,612,622,167
40,99,58,93,550,579,167
103,182,29,117,517,0,167
544,313,81,59,646,728,167
62,151,83,64,595,657,167
87,76,58,78,586,620,167
248,318,32,68,561,587,167
9,74,54,65,558,582,167
0,37,18,34,558,629,167
79,82,62,59,581,610,167
447,228,84,130,675,740,167
145,190,68,90,533,387,167
46,102,13,52,571,636,167
731,639,145,172,675,764,167
4,83,31,55,500,421,167
419,357,174,126,642,730,167
305,272,117,101,639,714,168
605,385,132,105,643,742,168
107,136,96,73,595,677,168
685,237,174,54,699,786,168
219,293,58,87,588,646,168
273,199,32,56,568,595,168
139,219,23,53,559,572,168
77,97,44,77,612,697,168
32,80,118,81,594,632,168
56,118,88,96,578,635,168
525,380,92,68,650,723,168
211,240,17,80,596,668,168
0,33,67,41,558,613,168
25,94,30,113,577,627,168
192,185,92,60,622,693,168
35,103,111,88,576,548,168
216,259,70,77,569,597,169
65,124,35,51,554,610,169
331,300,43,75,563,542,169
508,367,159,109,645,718,169
244,281,104,168,587,635,169
44,89,41,41,567,635,169
0,36,55,50,533,581,169
453,551,50,122,599,667,169
177,284,48,58,569,602,169
243,223,110,170,658,728,169
427,224,114,86,646,733,169
713,452,115,94,659,738,169
212,269,49,84,584,621,169
531,360,42,131,632,726,169
136,199,19,72,554,562,169
293,334,52,73,585,673,169
43,92,29,71,573,646,169
76,131,57,62,591,644,169
0,33,24,34,493,0,169
147,174,28,60,548,551,169
144,142,85,73,584,647,169
428,432,84,132,608,681,169
0,34,45,88,561,608,169
6,74,68,77,567,600,169
600,573,127,120,646,727,170
728,714,154,165,666,753,170
84,153,54,91,552,579,170
117,181,56,79,565,613,170
573,583,97,144,650,737,170
206,220,36,57,536,486,170
49,85,130,87,612,677,170
272,318,25,72,584,613,170
0,36,33,56,510,0,170
0,55,28,81,467,0,170
0,22,26,60,515,572,170
53,124,28,57,523,490,171
813,715,108,117,644,730,171
69,127,77,48,577,593,171
20,64,27,113,526,565,171
86,162,16,55,576,650,171
204,132,40,66,617,657,171
21,103,19,99,499,0,171
76,168,96,62,605,626,171
41,90,38,47,555,616,171
552,313,176,78,670,760,171
0,29,126,88,556,542,171
100,172,32,107,522,400,171
92,85,81,57,595,652,172
0,43,87,68,592,661,172
71,143,37,111,541,518,172
452,432,36,94,546,544,172
390,316,56,110,573,614,172
82,115,41,71,529,516,172
6,74,46,76,537,513,172
131,201,15,60,581,615,172
192,245,71,75,569,581,172
154,196,20,88,549,632,172
313,226,83,79,617,670,172
0,34,27,78,533,559,172
132,164,13,38,553,540,172
413,209,116,92,645,721,173
447,549,20,111,563,614,173
599,553,129,121,646,718,173
247,216,69,97,591,624,173
788,557,197,174,710,807,173
1,55,31,60,528,445,173
592,506,106,105,660,747,173
86,162,41,82,525,338,173
241,277,62,49,593,657,173
0,43,60,73,530,570,173
0,34,29,46,548,650,173
181,187,32,65,590,656,173
379,412,37,72,600,670,173
548,282,60,90,643,713,173
110,193,80,77,564,593,173
958,690,130,120,661,728,173
0,51,22,59,539,508,173
40,101,17,49,554,594,173
0,61,27,42,476,0,173
82,153,41,55,576,619,173
5,76,27,65,453,0,173
111,200,24,75,584,640,174
0,26,64,94,520,534,174
588,557,114,168,664,772,174
439,485,146,145,635,718,174
0,38,15,51,504,0,174
221,272,64,73,573,597,174
139,149,125,122,583,663,174
413,348,84,99,602,657,174
50,102,115,73,597,653,174
182,184,76,61,617,676,174
916,459,150,123,691,778,174
616,268,101,101,651,711,175
215,166,76,96,577,611,175
87,83,63,69,623,707,175
111,106,42,62,593,636,175
783,332,237,174,697,800,175
223,199,95,104,616,689,175
27,57,25,53,555,610,175
94,193,63,76,540,583,175
853,439,131,66,683,771,175
282,174,139,80,637,703,175
454,405,101,106,641,734,175
39,114,40,46,557,648,175
8,50,37,46,566,587,175
162,127,138,70,628,649,175
0,39,34,55,533,517,175
220,219,55,102,618,714,176
263,213,75,82,632,700,176
344,218,108,131,651,733,176
150,184,62,50,591,654,176
390,327,94,112,625,694,176
0,49,41,43,552,605,176
289,316,30,99,588,653,176
112,185,102,83,576,598,176
309,189,150,85,652,734,176
0,21,52,41,543,626,176
248,285,25,94,540,542,177
121,141,62,87,584,629,177
349,271,205,108,658,742,177
45,95,89,95,563,558,177
0,35,65,54,543,558,177
0,37,67,93,554,634,177
435,229,106,103,641,709,177
482,314,62,94,631,725,177
91,113,75,64,593,648,177
380,304,128,154,654,739,177
118,206,157,103,596,644,177
139,215,108,156,591,647,178
0,28,15,76,524,545,178
602,294,140,95,642,707,178
93,153,28,71,564,575,178
46,103,73,49,577,598,178
254,223,135,67,631,713,178
0,32,21,53,491,0,178
82,86,106,91,614,666,178
141,123,66,60,595,632,178
217,218,43,101,617,698,179
17,63,19,42,532,480,179
90,129,122,90,611,703,179
233,252,72,92,631,722,179
71,87,41,57,584,653,179
222,149,79,82,600,665,179
136,226,42,131,562,616,179
168,235,130,99,621,683,179
919,379,199,72,707,801,179
123,165,33,101,518,332,179
487,332,140,96,656,733,179
31,102,47,89,557,623,179
0,38,54,50,563,605,179
661,467,151,131,645,697,179
561,419,147,161,665,749,179
920,775,203,183,709,806,179
32,110,13,99,552,585,179
46,107,23,90,496,474,179
192,226,143,149,596,638,179
149,156,83,130,587,623,179
268,335,51,57,591,648,179
473,335,95,126,633,724,180
859,648,179,109,686,772,180
0,35,40,55,510,0,180
475,448,118,89,649,728,180
392,462,105,134,634,681,180
349,210,162,88,638,705,180
414,329,152,85,628,682,180
751,536,208,161,734,813,180
0,29,36,48,563,598,180
28,55,19,73,584,627,180
107,120,62,88,578,624,180
25,69,63,54,557,579,180
394,347,113,125,632,700,180
126,100,101,76,624,697,181
174,194,76,79,582,630,181
4,63,88,102,546,563,181
122,173,44,88,581,621,181
492,346,128,107,647,744,181
0,48,14,78,544,585,181
274,295,35,93,575,595,181
0,47,104,73,564,609,181
0,54,31,41,547,558,181
25,101,41,88,554,559,182
353,221,106,87,626,692,182
4,79,58,69,564,618,182
434,506,35,95,600,665,182
11,78,37,41,519,354,182
0,49,32,77,478,275,182
26,96,93,124,564,638,183
82,135,33,84,571,634,183
466,500,83,105,609,703,183
348,214,146,140,653,730,183
255,275,216,77,646,715,183
45,102,88,87,566,644,183
87,131,44,52,575,622,183
0,36,64,25,563,618,183
356,285,135,97,625,672,183
78,155,65,99,602,670,183
166,193,17,118,514,563,183
0,66,27,113,520,554,183
143,174,69,62,580,616,183
488,326,161,110,645,720,183
80,126,41,54,550,629,184
79,107,45,52,550,551,184
283,261,49,95,572,629,184
0,54,30,68,454,0,184
145,222,48,63,593,708,184
104,100,82,77,608,687,184
28,90,75,73,521,480,184
41,113,70,126,537,528,184
278,348,108,119,592,659,184
665,551,127,107,656,751,184
395,362,117,127,656,765,184
281,210,118,84,645,727,184
120,212,45,82,545,560,184
413,314,25,65,581,639,184
970,528,234,101,678,764,184
0,45,85,57,576,647,184
0,37,45,50,585,670,184
78,69,61,52,614,685,184
19,89,55,76,568,612,184
72,129,37,73,545,618,184
1,38,14,31,536,539,184
136,126,45,58,565,633,184
679,422,128,149,653,738,184
0,45,43,51,494,0,184
58,110,20,64,532,502,185
321,219,53,52,633,711,185
10,79,80,55,557,586,185
82,169,65,92,530,475,185
189,220,32,88,554,585,185
179,275,24,112,560,563,185
655,491,115,129,642,718,185
57,72,24,67,587,626,185
42,83,42,57,556,638,185
366,283,147,102,623,688,185
297,216,68,83,582,638,185
51,77,139,72,624,698,185
679,366,140,172,666,771,185
177,242,26,69,545,543,186
705,523,110,110,638,705,186
157,146,35,75,552,564,186
702,277,164,103,678,762,186
348,181,144,71,674,734,186
349,311,119,100,617,672,186
960,312,177,102,694,785,186
41,85,43,59,547,538,186
677,316,148,98,649,726,186
0,58,27,69,536,577,186
645,361,84,73,648,735,186
0,48,43,107,524,567,187
391,355,129,98,629,704,187
568,323,165,117,627,699,187
157,208,43,88,557,579,187
178,250,98,115,579,624,187
442,317,140,111,616,684,187
0,41,83,59,583,671,187
103,187,160,94,640,724,187
96,114,132,72,598,653,187
65,166,38,128,537,558,188
274,152,89,83,605,657,188
0,31,78,90,566,629,188
528,344,118,106,623,682,188
620,299,97,78,602,680,188
262,227,82,76,583,606,188
0,34,15,42,493,0,188
276,212,32,88,577,645,188
1,79,18,71,568,590,188
9,40,54,64,593,670,188
17,45,23,41,540,574,188
529,324,123,134,620,717,188
92,125,99,77,616,703,188
104,143,37,67,589,631,188
187,193,24,80,527,471,188
176,226,62,96,596,652,188
61,113,103,140,576,614,189
44,66,18,89,599,678,189
22,60,68,91,569,639,189
557,376,120,85,621,690,189
408,308,166,93,644,729,189
150,248,141,136,571,547,189
130,220,36,73,581,647,189
21,73,50,96,511,0,189
79,178,81,96,557,519,189
10,91,14,52,531,562,189
29,86,123,96,611,686,189
447,348,89,96,596,660,189
0,29,34,64,460,0,189
96,100,85,61,572,627,189
983,730,160,131,654,736,189
210,206,82,59,605,662,189
145,153,59,88,598,678,189
305,254,68,120,603,687,189
42,92,62,63,569,598,189
644,664,115,189,655,740,189
223,236,75,75,606,669,189
135,217,30,74,554,555,189
372,362,170,185,668,763,189
903,840,98,146,648,745,189
236,247,44,81,625,714,189
149,172,96,64,597,658,189
788,749,80,123,677,776,189
669,574,104,98,665,738,190
148,175,113,78,593,634,190
13,58,54,48,539,462,190
247,355,88,137,591,664,190
70,107,19,66,556,594,190
286,227,58,102,603,653,190
89,180,39,49,560,598,190
950,573,191,147,648,717,190
0,69,13,51,515,564,190
0,32,84,78,535,547,190
6,71,38,45,528,582,191
21,85,70,105,592,693,191
320,373,49,115,539,566,191
0,28,44,26,567,632,191
26,91,63,111,536,546,191
0,37,62,56,574,639,191
371,192,209,99,661,730,191
367,251,148,76,619,688,191
0,46,78,102,511,493,191
120,118,107,87,619,706,191
0,53,33,49,547,631,191
285,239,146,69,648,720,191
0,59,99,69,553,596,191
224,221,44,48,607,662,191
306,264,74,132,581,612,191
136,233,23,106,531,509,191
0,48,79,101,587,655,191
0,40,32,41,529,596,191
123,191,71,56,583,652,191
9,68,17,55,428,0,192
359,284,95,87,567,633,192
116,183,131,100,579,637,192
398,260,178,71,675,763,192
309,318,85,105,597,666,192
0,68,23,62,536,547,192
0,53,18,30,541,555,192
116,140,33,49,597,669,192
567,355,207,85,690,776,192
120,204,89,102,580,638,192
60,134,32,75,525,492,192
138,196,65,93,543,589,192
22,58,105,38,572,591,192
49,111,26,69,576,637,192
34,95,60,86,589,666,193
2,51,29,62,477,465,193
406,253,70,108,597,656,193
401,429,73,138,586,634,193
74,102,105,104,591,658,193
0,39,23,62,509,516,193
772,440,249,163,714,812,193
437,342,50,106,619,693,193
0,55,27,85,514,450,193
45,128,29,42,510,438,193
746,364,181,119,657,758,193
34,105,82,105,550,605,193
435,306,201,160,658,750,193
410,400,127,107,630,703,193
142,240,51,110,534,539,193
430,346,117,106,654,739,193
8,74,67,51,572,635,193
783,445,152,86,654,745,193
0,21,13,28,572,663,193
86,129,31,94,573,655,193
898,910,140,149,653,743,194
415,389,60,128,612,687,194
781,398,110,98,673,778,194
631,585,165,172,638,712,194
99,179,30,69,538,544,194
113,154,92,54,606,664,194
425,266,176,124,638,696,194
70,132,26,64,522,600,194
32,59,89,75,543,546,194
609,640,178,165,647,737,194
259,295,20,79,575,644,194
115,138,19,91,556,565,194
688,306,208,69,697,779,194
568,547,100,120,640,726,194
0,28,15,34,520,578,194
49,79,37,56,582,632,194
41,93,125,117,563,510,194
44,124,36,75,531,455,194
60,91,130,85,608,676,194
460,332,209,218,696,805,194
144,157,131,95,602,646,194
0,67,37,66,512,461,194
546,207,133,84,662,729,194
299,355,120,161,611,674,195
635,394,124,69,702,787,195
46,133,13,60,491,0,195
438,474,115,135,636,715,195
206,231,95,132,576,618,195
0,52,46,58,565,595,195
545,405,71,85,609,675,195
180,240,90,100,585,617,195
161,182,27,73,554,608,195
0,23,57,84,539,603,195
27,70,76,103,594,671,195
140,187,18,73,571,630,195
0,23,81,64,566,598,196
24,99,32,46,537,539,196
3,57,57,52,595,647,196
634,368,78,66,650,729,196
692,363,222,107,707,802,196
71,136,57,79,526,492,196
58,109,110,67,596,647,196
40,111,48,80,562,596,196
13,64,92,71,574,609,196
135,146,173,107,637,721,196
98,66,23,47,559,339,196
6,77,69,116,483,421,196
470,266,129,71,646,717,196
177,290,15,80,509,500,196
18,95,40,75,577,648,196
113,159,62,96,588,615,197
418,185,150,98,671,740,197
0,37,30,37,502,0,197
17,93,18,80,486,0,197
569,475,94,123,653,744,197
87,155,34,68,514,477,197
187,257,95,98,618,690,197
599,526,73,88,631,728,197
39,112,32,81,512,523,197
56,126,39,79,516,0,197
46,85,21,30,594,651,197
120,153,74,58,586,646,197
148,222,24,49,528,505,197
43,94,17,45,519,575,197
254,249,86,78,581,648,197
269,333,122,108,609,701,197
108,123,100,81,634,732,197
191,235,30,68,582,627,197
315,301,45,77,582,636,197
0,26,47,97,549,615,197
268,332,46,130,582,645,197
724,449,191,119,679,765,198
34,52,17,38,574,646,198
0,38,26,44,526,506,198
519,458,104,136,634,695,198
463,196,167,59,659,722,198
3,58,22,68,532,495,198
673,506,115,125,642,738,198
261,196,147,93,631,697,198
124,87,78,75,644,700,198
25,72,176,101,622,670,198
61,127,62,112,593,653,198
46,105,31,73,587,639,198
320,358,85,127,607,673,198
20,37,51,73,587,643,198
42,108,30,74,583,646,198
417,519,48,102,578,585,198
425,426,122,140,603,658,199
293,149,157,68,644,721,199
2,64,13,61,550,601,199
11,77,21,34,570,628,199
346,286,75,111,651,737,199
316,238,97,104,664,727,199
127,189,104,109,592,653,199
7,61,61,94,539,526,199
74,126,102,77,612,695,199
57,97,104,74,603,688,199
531,373,100,77,621,670,199
0,40,49,74,570,637,199
271,189,185,89,668,757,200
254,184,144,119,598,646,200
95,184,17,67,530,425,200
154,201,32,110,578,636,200
756,408,99,88,641,707,200
11,49,72,91,558,598,200
82,142,95,84,592,643,200
180,203,85,87,630,704,200
310,283,71,108,606,649,200
408,391,82,88,628,697,200
611,628,158,148,659,742,200
84,149,20,38,555,624,200
395,185,138,90,655,728,200
14,71,116,101,573,609,200
35,95,131,92,572,631,200
295,398,88,98,591,652,201
182,192,51,103,595,654,201
0,49,19,62,526,500,201
293,313,30,71,603,666,201
5,61,67,59,575,656,201
181,135,25,77,536,491,201
476,498,209,139,655,722,201
186,126,64,79,572,620,201
29,71,49,72,551,579,201
57,118,108,70,596,657,201
103,153,48,87,564,587,201
26,101,16,52,467,0,201
0,49,66,65,521,484,201
337,287,54,127,610,665,201
190,212,27,94,521,541,201
108,119,66,67,592,656,201
151,228,24,75,572,653,201
136,195,98,86,590,669,201
56,67,23,54,559,564,201
8,58,43,53,536,420,201
0,31,17,52,558,601,201
106,187,52,72,556,581,202
93,86,44,55,571,621,202
160,206,53,98,542,569,202
0,31,59,74,533,580,202
0,56,22,76,521,521,202
149,245,38,103,570,631,202
50,97,29,59,563,619,202
233,282,15,60,539,544,202
24,69,116,76,559,626,202
486,245,89,67,626,689,202
82,159,41,67,546,522,202
99,94,78,70,586,594,202
79,113,59,76,603,691,202
555,301,142,91,633,705,203
203,220,43,82,548,559,203
12,84,20,43,527,526,203
143,218,32,75,517,555,203
172,221,72,93,593,633,203
560,533,153,136,657,754,203
787,734,200,135,682,764,203
0,31,60,64,535,592,203
577,601,80,151,644,718,203
305,293,137,148,653,744,203
203,155,105,59,618,675,203
227,254,27,66,588,649,203
0,56,59,107,555,599,203
0,48,51,98,506,0,203
358,228,152,101,634,710,203
782,344,165,118,690,768,203
37,61,35,59,555,577,203
420,244,64,125,590,674,204
299,253,63,70,623,674,204
313,257,43,123,570,586,204
258,261,43,110,576,600,204
0,57,33,75,547,544,204
39,101,51,74,599,681,204
8,85,43,99,475,0,204
308,306,19,61,624,721,204
18,70,30,81,581,652,204
274,340,88,116,597,675,204
202,224,34,88,596,664,205
46,126,45,80,563,608,205
34,103,60,85,548,578,205
151,109,64,71,586,651,205
124,137,34,75,569,634,205
442,262,164,70,653,742,205
27,80,60,57,557,627,205
312,208,17,44,609,679,205
13,36,29,52,516,600,205
404,241,59,71,626,710,205
244,280,27,44,607,699,205
19,85,38,73,545,623,205
195,257,110,83,579,626,205
537,469,116,144,633,717,205
15,43,70,58,559,614,205
684,429,100,78,635,689,205
19,74,47,80,529,468,205
232,226,85,103,603,646,205
962,608,195,185,653,721,205
133,114,147,78,622,693,206
25,97,42,84,470,0,206
506,524,116,113,608,690,206
257,303,132,137,631,718,206
142,214,110,111,579,594,206
148,177,56,131,558,585,206
119,177,80,91,591,675,206
208,247,84,103,622,716,206
428,209,250,91,696,784,206
406,286,103,98,623,697,206
57,120,133,89,571,598,206
814,505,191,167,671,736,206
71,88,71,71,622,706,207
204,195,61,52,576,621,207
276,366,85,114,581,640,207
301,223,93,96,662,748,207
74,79,16,64,574,616,207
354,363,72,81,630,698,207
141,206,106,100,573,612,207
778,436,229,174,701,798,207
278,128,66,66,644,702,207
274,269,130,98,634,711,207
177,209,63,70,579,626,207
226,202,78,56,607,661,207
595,298,158,74,637,712,207
58,99,114,71,585,613,208
950,828,166,176,672,767,208
39,104,56,69,548,614,208
86,166,84,76,550,614,208
142,220,32,90,568,603,208
0,44,15,75,414,0,208
62,122,13,52,543,483,208
428,263,200,86,637,701,208
0,69,51,48,560,622,208
198,300,91,110,578,626,208
27,82,42,40,578,680,208
0,43,54,66,545,570,209
7,77,115,93,569,617,209
431,274,78,74,634,721,209
26,100,22,100,510,570,209
33,60,42,69,572,637,209
0,22,64,61,556,630,209
0,31,44,75,536,549,209
526,352,141,82,646,742,209
827,510,146,174,673,754,209
278,263,58,62,588,638,209
266,283,49,71,580,602,209
248,156,81,127,613,693,209
0,64,25,86,337,0,209
339,387,96,98,568,583,209
0,62,18,37,528,583,210
627,489,246,177,700,805,210
9,40,71,58,570,652,210
351,328,130,103,629,721,210
448,344,116,111,611,675,210
304,342,105,92,593,674,210
277,265,50,75,648,737,210
413,396,140,110,632,705,210
125,190,21,100,575,662,210
59,72,140,63,620,686,210
159,194,130,96,616,694,210
231,215,38,91,489,0,210
165,224,80,70,563,612,210
718,289,160,71,698,778,210
14,96,59,74,530,526,210
188,177,107,53,614,682,210
2,33,69,36,575,619,210
142,151,112,87,630,719,211
99,120,58,74,584,646,211
152,184,113,84,624,711,211
0,31,56,54,553,600,211
181,280,54,162,541,592,211
91,111,81,59,589,681,211
542,405,74,160,630,729,211
107,144,49,103,541,569,211
37,77,56,59,569,595,211
79,85,80,46,556,575,211
126,94,77,79,618,692,211
0,33,46,68,548,564,211
51,68,56,64,585,642,212
295,297,69,73,603,673,212
188,177,86,82,609,670,212
204,172,20,65,561,538,212
159,166,137,76,583,580,212
307,179,68,81,598,634,212
28,82,31,75,548,621,212
182,252,117,70,589,660,212
61,147,49,100,551,601,212
17,50,80,47,578,614,212
0,22,42,35,526,581,212
681,638,121,159,644,725,212
22,88,60,60,534,571,212
15,87,69,116,575,636,212
454,202,133,92,659,750,213
197,166,94,108,592,659,213
122,212,47,107,575,657,213
65,86,56,54,550,544,213
116,174,23,87,543,513,213
364,391,95,128,629,710,213
21,86,81,77,598,680,213
229,282,84,119,569,605,213
474,463,80,79,623,694,213
198,241,69,88,545,516,213
476,294,71,111,637,726,213
130,190,22,90,569,615,213
11,59,67,56,577,600,213
5,50,65,56,534,550,213
392,320,126,75,638,719,213
173,183,99,81,593,642,214
113,165,85,107,592,669,214
74,120,39,121,539,626,214
395,449,15,131,558,618,214
247,182,141,112,619,704,214
332,438,50,109,572,636,214
519,489,204,238,648,729,214
36,108,83,81,573,622,214
23,52,43,50,579,666,214
352,233,132,81,651,736,214
22,88,68,85,577,625,214
41,87,36,67,576,666,214
716,334,187,172,708,805,214
5,61,66,53,555,587,214
0,46,98,74,532,436,214
19,86,97,74,602,690,214
0,30,62,56,555,624,215
0,35,26,67,524,579,215
197,147,73,122,580,648,215
312,380,31,102,545,578,215
139,122,32,56,548,572,215
133,209,60,92,524,425,215
694,493,182,139,645,736,215
112,83,143,95,624,704,215
340,425,101,144,613,682,215
514,264,142,78,672,751,215
5,70,125,97,587,649,215
221,244,69,102,589,659,216
698,335,84,72,658,740,216
231,231,52,96,616,688,216
472,326,138,110,646,733,216
83,101,92,76,585,628,216
206,272,43,101,566,644,216
195,174,79,61,602,689,216
23,107,19,53,559,629,216
400,408,119,106,624,687,216
234,276,47,109,543,570,216
18,65,54,66,560,620,216
394,385,41,95,592,674,216
7,61,19,64,498,402,216
67,135,66,83,530,558,216
15,48,81,87,572,620,216
226,179,23,60,569,585,217
109,89,51,77,587,638,217
523,478,126,92,653,724,217
452,216,103,108,631,681,217
169,157,103,79,589,648,217
1,70,70,99,573,646,217
52,118,54,75,530,452,217
236,193,60,66,624,625,217
421,357,105,119,665,758,217
608,479,158,113,646,737,217
577,337,153,111,665,754,217
83,124,19,37,556,612,217
353,167,131,65,646,720,217
354,221,138,89,657,751,217
26,85,62,86,524,525,217
0,51,34,69,429,0,217
15,73,14,93,514,543,217
281,290,116,103,612,668,217
250,282,123,136,622,682,218
0,63,48,37,571,603,218
94,119,48,86,566,545,218
31,82,72,68,536,494,218
507,386,103,96,615,695,218
93,181,51,92,579,600,218
270,209,59,71,544,492,218
218,254,108,131,605,681,218
896,620,144,132,695,800,218
10,51,66,72,548,574,218
298,303,78,67,597,678,218
119,203,144,98,584,627,218
0,35,62,113,602,712,218
48,112,72,84,532,429,218
511,230,108,74,636,697,218
635,355,165,61,671,747,218
12,78,76,97,555,618,218
73,140,32,79,564,566,218
99,164,16,95,523,525,218
141,161,90,109,592,627,218
11,28,66,68,538,632,218
104,190,19,87,550,598,219
0,58,21,50,483,490,219
73,139,109,160,571,622,219
153,217,68,94,563,622,219
191,219,25,31,551,616,219
216,130,61,70,629,708,219
33,112,22,90,463,0,219
28,106,82,74,614,655,219
960,575,187,179,685,774,219
469,491,126,165,627,701,219
71,110,99,56,592,659,219
9,85,52,73,506,433,219
12,50,91,71,574,591,219
79,87,106,51,589,621,219
877,664,181,194,692,788,219
823,604,151,172,673,758,219
59,88,80,75,559,614,219
50,95,102,67,569,601,219
131,201,100,63,592,650,219
565,553,155,163,659,743,219
536,494,62,142,642,744,219
0,40,76,99,553,614,220
73,87,46,82,573,629,220
120,113,53,104,568,639,220
332,163,130,85,618,697,220
136,146,74,64,564,612,220
0,44,38,64,559,612,220
62,94,85,47,581,625,220
557,323,125,76,623,710,220
172,233,97,112,614,720,220
243,332,105,83,593,661,220
32,96,61,93,532,503,220
32,54,59,42,539,552,220
152,212,116,92,584,596,220
0,21,108,103,555,589,220
73,106,20,32,584,640,220
677,336,117,82,675,759,220
122,196,50,70,555,584,220
293,317,87,117,621,703,220
491,347,231,129,662,749,220
179,138,67,76,584,664,220
383,457,111,92,568,584,220
143,142,28,93,562,587,220
0,44,69,90,584,639,220
982,795,249,199,720,824,220
344,271,23,62,604,667,220
421,307,126,110,606,622,220
59,87,46,67,569,629,221
0,27,67,55,528,536,221
50,109,32,72,528,449,221
0,39,39,83,533,602,221
181,235,93,100,568,611,221
409,348,51,80,580,648,221
0,24,18,64,510,543,221
0,53,114,106,574,637,221
237,193,175,86,611,672,221
74,164,64,141,534,522,221
281,251,44,117,561,616,221
789,400,214,89,701,800,221
362,201,83,77,623,703,221
838,716,80,161,622,699,221
236,322,72,142,578,646,221
77,92,81,53,559,604,221
204,186,82,88,613,679,221
102,122,90,83,590,651,221
30,76,24,79,455,0,221
99,181,43,90,552,629,221
177,234,106,83,560,598,221
736,445,273,172,711,816,221
238,313,74,105,576,620,221
84,179,39,114,509,398,221
280,131,110,65,630,714,221
322,237,118,71,618,688,222
13,84,31,61,484,0,222
34,116,112,81,565,621,222
114,203,43,92,560,622,222
117,166,24,45,549,570,222
376,250,127,95,609,676,222
447,298,135,82,636,726,222
84,164,93,92,567,618,222
2,50,58,71,556,614,222
0,38,16,61,536,613,222
264,195,109,120,634,713,222
0,59,76,81,534,597,222
367,394,94,108,628,705,222
159,248,85,107,577,645,222
584,536,69,141,605,673,223
39,100,41,88,545,621,223
96,185,23,82,546,615,223
141,211,33,77,518,515,223
317,347,88,157,608,694,223
0,39,92,67,565,573,223
247,265,127,132,615,681,223
26,86,131,84,567,587,223
129,215,74,95,547,563,223
29,46,94,65,606,696,223
7,52,151,62,577,633,223
824,368,123,82,666,761,223
358,336,196,94,631,720,223
905,783,267,86,670,781,223
125,201,45,97,515,553,224
464,202,151,81,626,703,224
308,315,92,88,589,665,224
310,304,104,75,621,716,224
373,310,48,106,579,649,224
54,89,79,66,564,597,224
69,133,69,106,586,646,224
551,379,165,128,656,753,224
186,196,93,129,584,659,224
356,191,225,91,679,768,224
599,477,124,110,615,703,224
690,516,203,155,685,783,224
178,200,155,104,628,707,224
0,21,48,47,520,545,225
60,142,59,51,515,556,225
0,49,40,83,485,307,225
242,221,196,81,625,721,225
214,218,102,107,599,669,225
782,496,138,154,696,787,225
729,288,245,112,683,768,225
89,76,56,45,568,597,225
323,346,90,135,610,693,225
50,113,28,49,529,539,225
55,87,36,83,546,548,225
76,131,18,76,576,630,225
76,135,89,88,605,683,225
127,211,32,83,542,625,225
163,192,114,126,615,692,225
35,77,14,85,548,575,225
108,179,32,89,562,594,225
477,446,46,128,571,644,225
339,296,150,94,622,694,225
238,285,99,99,587,628,225
91,104,81,63,589,668,225
36,96,27,61,527,527,226
167,224,85,110,578,629,226
0,52,96,95,588,666,226
38,108,46,73,540,615,226
187,175,136,64,634,701,226
12,57,57,51,557,609,226
174,234,84,64,624,723,226
689,376,166,90,651,736,226
47,112,104,71,578,627,226
293,288,60,91,582,631,226
99,170,20,108,564,647,226
504,318,83,89,642,734,226
0,42,178,88,594,671,226
108,111,88,82,619,708,226
203,158,125,98,610,660,226
5,68,41,61,556,597,226
128,196,94,159,621,712,226
0,59,55,78,548,565,226
0,32,147,64,546,578,226
106,160,60,85,557,582,226
29,79,14,49,520,479,226
79,122,112,77,562,573,226
23,73,46,63,564,653,226
23,84,86,62,558,578,226
350,168,207,87,667,744,227
2,75,45,87,521,455,227
0,69,82,74,544,600,227
615,318,224,117,702,773,227
359,320,102,107,574,599,227
961,549,267,80,708,801,227
686,346,176,104,699,804,227
76,169,30,81,525,520,227
244,169,49,88,579,648,227
32,87,47,92,519,527,227
171,258,26,88,516,459,227
714,602,195,159,671,752,227
42,118,43,99,525,571,227
7,83,14,62,429,0,227
363,240,90,75,586,643,227
123,105,71,59,567,637,227
3,80,65,99,534,575,227
42,121,32,49,487,0,227
893,602,216,98,700,795,227
0,25,58,71,512,560,227
5,42,66,62,580,612,228
129,226,29,85,545,496,228
99,157,39,61,556,589,228
313,362,33,105,554,591,228
0,36,15,63,507,409,228
0,24,76,52,559,601,228
0,41,38,41,551,562,228
46,120,22,84,543,606,228
29,101,16,82,552,616,228
208,259,38,86,559,614,228
654,536,206,221,704,800,228
675,479,178,123,674,767,228
441,458,94,113,621,722,228
0,40,27,66,512,540,228
138,199,65,105,548,527,228
233,280,47,47,591,644,228
198,182,110,60,597,671,228
104,185,26,83,519,544,228
44,86,42,59,550,560,228
148,85,75,55,594,654,228
260,181,76,111,614,672,228
669,400,157,94,643,720,228
93,165,93,47,561,602,228
65,139,30,67,505,515,228
4,50,62,54,535,548,228
533,391,63,128,616,704,229
0,26,58,52,547,567,229
548,546,86,124,623,702,229
457,301,176,92,663,746,229
252,181,90,90,628,687,229
19,58,111,63,576,635,229
122,166,42,100,542,561,229
776,476,174,124,673,757,229
243,194,64,50,617,658,229
89,132,64,76,585,673,229
0,34,92,83,569,650,229
268,338,64,136,582,654,229
7,57,59,60,531,555,229
150,173,89,91,603,680,229
274,153,108,95,592,632,229
100,100,203,100,663,746,229
180,163,101,77,589,621,229
0,28,16,45,455,435,229
496,380,149,138,643,736,229
158,185,50,71,540,571,229
86,156,50,124,552,566,229
460,524,85,76,589,658,229
151,161,121,80,633,723,230
553,466,154,136,613,677,230
22,84,83,81,545,587,230
139,165,101,71,584,647,230
235,230,127,61,626,680,230
166,183,100,74,547,523,230
0,36,31,37,565,620,230
168,168,32,90,573,611,230
239,244,24,89,529,480,230
0,49,22,48,557,588,230
592,371,189,104,660,731,230
103,162,53,72,570,634,230
158,219,106,103,599,676,230
35,78,94,58,583,614,230
10,85,105,72,531,524,230
266,264,20,92,564,630,230
1,51,39,40,566,643,230
152,212,143,144,581,643,231
113,113,100,81,595,664,231
344,238,122,78,616,674,231
40,114,65,131,523,510,231
0,25,95,56,569,628,231
210,193,112,94,621,712,231
118,171,92,99,563,572,231
341,381,94,194,578,654,231
112,135,89,110,616,672,231
251,255,43,93,604,676,231
131,181,24,48,574,619,231
331,306,82,72,594,639,231
519,281,174,115,673,754,231
27,72,32,78,525,260,232
180,103,79,65,578,617,232
143,171,86,64,609,675,232
244,312,94,129,576,626,232
812,372,205,125,710,806,232
150,102,39,90,602,668,232
0,49,34,73,520,490,232
70,138,42,93,566,614,232
503,381,109,96,627,685,232
563,341,183,67,666,744,232
30,114,13,60,510,448,232
0,25,24,66,534,571,233
697,502,209,135,676,739,233
197,173,38,62,569,614,233
161,216,50,111,576,629,233
0,26,55,46,545,596,233
183,178,86,66,613,698,233
23,86,42,68,584,643,233
196,269,54,61,576,652,233
303,356,83,116,613,699,233
0,43,22,60,497,540,233
738,690,89,168,634,741,233
921,402,264,119,709,810,233
20,83,40,56,547,620,233
16,87,17,73,549,628,233
233,133,117,73,613,664,233
504,385,255,117,675,767,233
401,355,85,90,571,591,234
180,167,61,83,583,642,234
91,138,74,60,592,645,234
404,461,103,128,577,590,234
0,26,68,75,573,585,234
66,146,16,94,541,606,234
410,385,53,91,605,681,234
15,91,22,86,497,528,234
151,176,95,63,585,627,234
218,280,90,109,548,611,234
916,546,206,121,677,770,234
49,115,18,60,552,621,234
278,138,63,91,623,688,234
978,434,251,135,690,778,235
0,39,18,59,525,520,235
34,82,14,44,530,465,235
556,531,181,157,645,731,235
716,449,164,117,662,754,235
144,119,147,114,620,681,235
225,244,104,88,609,675,235
100,163,68,91,577,580,235
44,107,19,71,488,376,235
618,622,161,218,649,735,235
736,377,238,100,700,782,235
413,241,98,108,628,679,235
0,20,13,45,563,634,235
787,582,217,177,668,762,236
283,127,63,78,626,707,236
416,214,131,84,644,712,236
0,27,71,80,566,599,236
498,293,133,84,644,713,236
0,34,64,50,556,572,236
0,34,13,51,558,619,236
0,31,64,91,538,570,236
387,274,143,81,633,680,236
761,439,139,133,670,758,236
38,89,32,78,587,669,236
437,419,55,120,613,682,236
2,65,25,67,532,530,237
9,78,42,109,561,630,237
0,39,93,59,563,588,237
122,174,66,99,582,627,237
16,71,115,71,600,643,237
127,191,102,92,597,685,237
178,258,50,85,544,580,237
0,32,57,60,524,489,237
63,130,45,32,583,639,237
468,377,119,97,622,684,237
201,263,103,149,622,706,237
0,47,25,83,525,549,237
203,208,168,131,620,652,237
57,97,70,35,569,635,237
367,389,74,146,573,622,237
33,102,30,65,501,0,237
93,185,48,91,570,659,237
50,97,42,81,545,569,237
19,84,43,79,509,178,237
498,238,66,118,649,730,237
15,92,30,69,512,541,238
16,85,30,73,516,509,238
677,386,167,103,657,730,238
495,364,34,44,595,623,238
74,78,70,68,561,586,238
78,125,38,106,538,526,238
126,189,51,68,584,666,238
144,232,13,81,536,592,238
84,141,71,65,557,574,238
31,104,43,58,596,654,238
687,360,107,71,641,708,238
77,104,52,38,576,643,238
307,228,137,55,642,716,238
152,115,72,67,564,586,238
0,30,63,64,524,476,239
177,152,78,90,602,643,239
111,155,89,87,590,626,239
454,365,147,73,656,738,239
215,209,34,56,596,676,239
271,224,168,107,611,615,239
19,52,41,49,547,567,239
481,333,158,89,655,742,239
384,209,111,71,636,703,239
231,251,92,125,591,632,239
0,23,65,54,496,496,239
351,206,102,100,612,652,239
446,390,174,140,639,722,239
285,272,38,116,513,234,240
170,234,76,125,532,529,240
0,41,75,96,548,599,240
345,299,219,157,664,754,240
844,668,157,183,673,770,240
223,147,63,55,606,658,240
553,596,129,146,647,748,240
523,418,127,81,628,706,240
29,107,54,85,551,581,241
57,137,37,43,522,462,241
344,370,102,118,626,725,241
205,259,60,93,608,688,241
0,55,81,50,590,675,241
51,74,90,61,578,664,241
136,202,85,73,560,602,241
29,100,58,91,548,555,241
688,257,260,91,694,776,241
67,135,16,94,501,480,241
0,21,97,77,535,622,241
0,22,16,80,537,589,241
200,119,79,47,626,700,241
463,350,106,83,624,693,241
130,99,43,76,591,669,241
188,238,111,110,621,707,242
139,198,115,96,586,613,242
15,87,78,118,572,612,242
422,281,104,77,635,709,242
595,482,214,170,675,758,242
397,353,143,122,624,672,242
61,81,229,106,633,711,242
225,264,147,109,581,616,242
521,308,131,131,645,722,242
577,388,183,168,687,780,242
153,225,106,93,603,670,242
404,359,104,146,641,736,242
0,67,56,88,572,619,242
185,181,91,68,607,653,242
116,117,21,71,582,611,243
44,56,65,69,582,625,243
407,500,118,139,624,698,243
22,84,14,78,515,559,243
533,390,128,72,675,776,243
345,207,89,100,629,706,243
688,418,112,85,674,768,243
51,123,78,97,550,583,243
153,216,46,109,573,625,243
692,344,217,120,685,769,243
0,51,48,75,567,641,243
63,82,138,49,616,694,243
188,197,30,86,565,612,244
102,134,77,43,610,681,244
62,75,61,81,568,591,244
300,279,71,85,626,708,244
435,461,86,101,582,614,244
167,204,27,129,574,613,244
0,55,69,104,520,484,244
601,338,143,129,651,734,244
3,78,36,95,513,502,244
98,162,59,95,555,616,244
10,82,16,86,490,443,244
92,127,110,88,584,648,244
544,532,48,81,614,706,244
149,167,39,110,577,616,244
508,512,97,174,590,666,244
49,82,36,74,560,629,244
27,69,36,61,520,0,244
25,91,29,77,551,611,244
281,289,153,172,627,702,244
25,88,23,50,549,612,244
61,131,23,94,540,601,244
319,335,63,81,607,670,244
419,374,104,90,612,675,244
85,128,25,39,569,653,244
305,212,79,119,591,638,244
376,359,216,88,638,682,245
217,115,75,74,643,713,245
735,477,173,158,678,768,245
136,203,49,84,584,658,245
435,234,58,65,660,742,245
692,424,106,86,642,707,245
161,176,62,48,572,604,245
259,303,79,118,585,622,246
77,118,24,84,485,0,246
60,93,152,91,599,627,246
171,218,66,69,586,642,246
222,229,95,173,614,698,246
677,466,146,133,687,779,246
674,275,261,139,701,790,246
88,130,80,68,602,671,246
92,169,23,80,556,628,246
137,171,27,84,558,604,246
201,252,127,83,623,706,247
98,152,92,100,587,654,247
557,327,130,99,644,734,247
26,111,28,99,508,460,247
11,48,56,83,528,512,247
70,133,113,113,576,641,247
0,21,33,82,529,557,247
285,355,42,131,534,477,248
107,122,156,98,628,706,248
82,159,74,105,584,651,248
42,121,61,77,569,649,248
273,280,58,112,564,656,248
234,229,93,93,566,616,248
90,167,19,90,559,610,248
0,49,107,92,556,560,248
0,57,23,62,516,584,248
119,165,20,84,547,606,248
534,293,239,155,689,788,248
411,260,143,88,619,669,248
71,122,99,61,579,626,248
384,345,66,64,625,678,248
332,222,155,142,641,712,248
24,85,87,72,557,578,248
530,272,133,71,656,729,248
186,109,58,101,607,669,248
611,382,125,117,600,628,248
1,59,57,61,559,621,248
106,187,41,109,576,639,248
85,100,135,82,594,587,248
124,165,68,79,594,636,248
3,65,99,80,558,561,248
0,30,109,116,572,608,249
78,89,71,114,580,632,249
430,392,215,84,658,746,249
257,279,68,58,604,658,249
96,112,23,59,564,584,249
332,317,89,100,603,660,249
0,52,29,78,526,572,249
211,287,42,107,567,625,249
0,35,99,92,573,619,249
0,43,39,65,537,521,250
528,391,71,142,648,727,250
254,239,140,111,648,726,250
191,214,88,62,592,631,250
0,34,63,54,578,634,250
187,135,126,67,611,664,250
93,107,48,117,536,524,250
41,102,35,110,539,554,250
363,326,105,90,621,691,250
23,89,44,57,542,593,250
0,35,22,39,536,546,250
89,142,50,51,572,642,250
283,295,52,119,595,677,250
14,87,42,111,511,517,250
0,22,67,21,566,635,251
0,29,23,73,448,250,251
226,199,56,103,615,690,251
43,57,75,51,576,624,251
0,44,68,50,574,661,251
68,151,28,79,555,617,251
0,46,40,66,530,531,251
274,222,107,64,574,587,251
405,432,146,139,608,668,251
653,332,175,98,691,780,251
309,183,126,77,635,721,251
295,285,107,80,600,659,251
149,221,31,61,575,629,251
77,142,60,91,537,518,251
153,221,23,89,536,528,251
456,338,96,110,598,676,251
233,254,98,74,603,686,251
2,52,88,107,541,442,251
326,279,111,100,608,681,251
438,201,168,81,640,706,251
479,389,176,130,656,748,251
11,68,50,88,530,551,252
0,43,22,70,468,434,252
0,20,34,70,529,558,252
88,126,75,71,583,653,252
188,211,124,157,614,687,252
0,32,21,45,468,0,252
110,159,94,77,568,579,252
201,198,146,102,650,713,252
716,206,156,92,679,757,252
135,86,143,69,619,676,252
262,230,157,112,654,723,252
0,32,52,85,571,611,252
430,269,181,106,670,759,252
102,85,104,76,603,627,252
277,231,66,89,588,643,252
351,339,69,75,575,597,252
0,26,78,80,540,572,252
119,121,86,107,588,640,253
161,236,117,76,584,646,253
360,402,123,157,586,629,253
168,166,61,75,605,687,253
726,416,45,78,596,666,253
104,183,25,81,498,264,253
39,53,41,78,571,613,253
41,95,47,65,544,591,253
118,169,142,67,610,672,253
369,340,136,73,641,708,253
476,400,252,184,677,769,254
44,106,51,63,558,590,254
36,83,62,75,538,505,254
278,264,119,99,620,706,254
223,185,73,124,615,701,254
819,357,255,109,689,790,254
500,421,150,98,661,758,254
252,135,98,59,640,710,254
183,291,18,96,523,442,254
199,236,88,90,576,641,254
117,186,105,94,610,703,254
18,85,26,97,579,656,254
316,195,133,89,625,727,254
48,102,19,42,582,665,254
321,326,119,118,622,701,254
487,229,131,67,639,727,254
22,80,57,103,553,591,254
850,846,129,187,664,725,254
16,71,84,130,564,629,254
349,216,168,111,645,731,255
114,128,65,101,571,579,255
0,27,15,35,536,614,255
122,157,57,114,591,675,255
38,83,58,80,527,520,255
404,256,82,99,657,753,255
91,123,14,62,532,604,255
116,141,55,58,563,632,255
328,225,51,87,614,669,255
12,83,33,70,551,565,255
418,269,179,92,652,730,255
580,326,120,88,645,716,255
277,189,82,61,629,712,255
163,216,51,105,561,583,255
255,189,77,62,617,699,255
898,513,196,121,696,801,255
0,38,49,48,541,556,255
463,266,78,97,660,766,255
1,42,13,73,468,107,255
14,78,45,43,556,542,256
483,310,217,85,679,755,256
330,335,56,100,596,663,256
5,43,30,28,556,594,256
455,425,206,158,700,804,256
7,59,50,87,552,610,256
12,60,83,81,592,628,256
304,195,120,119,619,680,256
35,71,178,94,616,661,256
575,484,157,119,635,701,256
35,109,28,54,547,541,256
572,551,146,198,626,721,256
239,255,104,74,598,662,256
142,169,59,83,573,597,256
105,178,86,72,553,615,256
199,254,63,80,573,629,256
584,530,105,131,681,786,257
130,192,44,100,584,668,257
38,71,46,75,545,560,257
907,911,129,141,660,751,257
100,133,72,60,580,600,257
690,374,182,128,676,762,257
510,249,136,78,652,733,257
0,50,66,40,559,600,257
13,57,98,93,614,707,257
162,200,59,74,579,637,257
50,93,20,87,520,542,257
233,161,45,66,605,691,257
208,320,60,124,538,534,257
84,124,79,67,598,673,257
291,318,79,97,590,630,257
572,496,163,175,680,779,258
347,325,118,97,634,725,258
289,322,67,110,594,670,258
532,389,152,124,669,744,258
883,690,134,153,667,773,258
698,503,159,121,642,698,258
557,642,64,154,596,687,258
17,75,61,58,557,597,258
0,53,41,89,486,421,258
385,260,203,91,678,745,259
915,338,218,67,701,798,259
111,100,26,51,602,679,259
253,301,32,111,577,626,259
307,301,149,111,620,707,259
645,254,114,58,644,708,259
149,218,25,59,532,411,259
546,473,103,139,593,643,259
143,162,110,70,598,649,259
29,55,23,33,563,644,259
681,475,196,159,706,813,259
104,122,134,87,581,610,259
98,85,15,56,567,570,259
74,161,15,56,533,579,259
181,156,102,104,607,644,259
203,261,104,130,582,627,259
496,220,178,90,670,738,259
0,51,26,54,563,658,260
36,105,88,60,556,606,260
291,305,90,99,601,662,260
0,23,132,74,601,682,260
704,443,180,88,666,736,260
21,91,18,77,544,544,260
124,145,79,113,595,693,260
137,208,113,98,586,613,260
194,208,39,79,559,616,260
25,87,32,66,555,625,260
424,294,189,82,678,759,260
43,86,19,60,569,619,260
696,397,197,119,672,761,260
319,257,152,104,637,722,260
468,345,159,97,634,695,260
147,209,19,114,515,502,260
0,50,13,90,515,496,261
231,236,155,84,631,704,261
866,497,241,109,688,776,261
0,39,23,77,515,497,261
13,71,97,83,544,564,261
0,66,93,104,565,641,261
758,383,229,117,706,802,261
484,504,112,146,640,738,261
0,26,59,62,513,502,261
146,137,70,89,613,702,261
294,233,86,85,621,700,261
185,233,56,80,591,654,261
201,170,54,60,612,690,261
33,51,120,89,580,641,261
0,41,85,63,557,587,261
579,273,149,128,662,760,262
171,214,111,88,615,682,262
58,98,48,89,524,524,262
35,102,54,73,584,653,262
238,244,48,77,590,671,262
160,198,131,106,593,622,262
718,556,155,125,665,751,262
135,168,36,74,561,580,262
0,63,59,40,548,541,262
572,528,145,117,630,701,262
4,74,51,66,505,439,262
0,23,68,79,569,599,262
0,35,60,36,563,598,262
378,364,28,59,615,685,262
107,83,132,69,619,678,262
0,24,80,62,547,551,262
131,191,126,98,581,638,262
539,292,109,109,613,705,263
65,110,97,89,614,692,263
71,123,87,89,587,639,263
17,90,37,62,531,538,263
108,71,155,124,623,695,263
241,222,75,91,580,660,263
267,144,19,41,618,680,263
77,121,43,55,565,571,263
108,117,37,71,551,516,263
837,449,227,149,687,779,263
280,290,62,101,607,657,263
352,143,139,58,656,731,263
159,229,97,79,543,556,263
62,113,30,61,554,574,263
47,79,43,63,561,576,263
489,342,158,100,636,703,263
121,195,29,92,561,623,263
94,132,78,99,592,669,263
164,124,92,114,607,679,263
222,201,82,56,631,733,263
608,310,96,64,642,701,263
4,40,33,58,509,531,264
283,318,78,84,594,658,264
402,219,31,92,597,674,264
222,309,95,114,606,693,264
237,184,88,115,641,728,264
283,235,69,79,612,714,264
691,655,170,198,660,764,264
358,336,64,79,600,674,264
114,175,38,89,544,585,264
334,174,171,125,660,753,264
89,87,13,49,527,522,264
890,588,199,133,679,776,264
249,243,175,108,625,687,264
301,195,122,92,643,715,264
101,133,88,71,586,646,264
465,482,95,125,612,696,265
131,145,42,108,554,600,265
9,75,18,87,489,574,265
0,42,32,82,530,580,265
616,546,216,202,645,748,265
0,25,12,42,488,430,265
604,281,201,118,684,776,265
6,61,31,78,530,591,265
74,93,47,65,556,580,265
445,392,183,95,653,742,265
745,477,148,123,684,768,265
54,128,75,104,573,612,266
171,257,34,59,570,627,266
36,85,118,94,599,666,266
43,116,22,48,574,674,266
455,229,118,102,636,697,266
618,438,230,120,666,755,266
396,485,66,127,567,604,266
344,361,140,136,627,709,266
567,473,131,134,637,720,266
369,290,149,125,628,705,266
632,563,169,218,657,755,266
138,148,121,71,590,681,266
460,391,198,182,655,745,267
137,159,39,80,579,649,267
0,50,58,76,470,0,267
0,25,85,58,541,572,267
0,23,71,47,572,633,267
0,31,16,50,537,573,267
124,136,15,70,537,575,267
821,479,173,126,669,749,267
970,432,198,120,680,770,267
17,68,39,67,560,627,267
54,121,79,99,582,655,268
9,80,36,56,571,661,268
13,86,37,86,544,615,268
30,72,53,60,551,623,268
200,135,73,88,630,709,268
327,312,133,102,650,750,268
93,112,70,83,570,612,268
217,244,55,100,574,648,268
210,221,82,103,579,645,268
140,209,31,54,546,549,268
0,32,19,60,509,522,268
57,136,20,57,554,591,268
354,248,117,105,600,671,268
41,98,37,59,557,631,268
838,703,160,170,686,786,269
766,432,156,121,674,766,269
583,621,87,134,610,692,269
264,315,99,101,585,648,269
135,168,83,121,574,640,269
109,171,76,91,569,664,269
558,332,207,165,675,779,269
481,438,91,144,626,718,269
0,49,27,56,535,459,269
36,94,23,69,528,543,269
125,127,32,87,556,584,269
79,153,22,61,544,631,269
319,386,74,117,616,697,269
0,53,88,94,583,658,269
7,63,45,93,558,570,269
98,139,36,58,557,606,269
0,41,70,86,557,626,269
424,300,144,81,668,763,269
0,28,16,99,488,461,269
186,200,116,109,598,656,269
60,150,31,113,470,0,269
655,289,165,96,665,762,269
522,248,114,77,638,713,270
221,232,23,74,583,671,270
36,89,108,81,569,628,270
248,189,78,54,605,678,270
31,80,17,80,535,586,270
34,99,21,84,542,600,270
0,32,50,44,539,611,270
176,116,130,66,626,707,270
87,133,44,103,582,626,270
37,82,62,95,574,623,270
293,256,72,73,640,749,271
270,317,91,78,578,637,271
625,655,75,146,609,715,271
255,220,151,107,623,716,271
115,145,49,89,551,619,271
0,47,30,82,504,559,271
174,218,65,72,568,562,271
262,330,109,124,600,679,271
169,101,119,62,619,703,271
259,331,85,120,600,673,271
260,294,149,92,621,704,271
151,153,115,90,575,602,271
742,546,240,131,657,739,271
5,60,42,132,495,452,272
804,304,131,81,668,754,272
79,113,164,122,601,680,272
709,472,128,209,680,787,272
20,98,70,87,574,664,272
792,456,128,104,661,756,272
261,266,65,121,578,646,272
0,32,21,56,539,583,272
162,261,27,110,556,617,272
306,332,72,86,574,632,272
88,162,81,66,581,651,272
105,131,57,97,536,593,272
24,92,65,109,553,611,272
244,248,147,102,605,663,272
106,122,69,104,581,632,273
122,147,18,47,574,666,273
120,123,32,69,561,635,273
94,85,61,77,575,614,273
238,257,99,119,591,640,273
908,303,206,96,699,787,273
0,33,78,91,566,582,273
221,206,47,52,578,609,273
445,433,190,195,659,731,273
179,230,25,88,559,618,273
0,56,46,89,539,558,273
88,136,66,98,559,618,273
556,385,132,103,632,707,274
59,49,135,67,640,737,274
553,457,252,153,684,769,274
439,520,132,144,582,626,274
18,69,18,52,483,405,274
35,97,35,80,558,629,274
433,430,165,146,661,748,274
273,169,37,49,610,673,274
931,438,199,92,695,785,274
780,503,189,85,677,765,274
0,40,62,76,552,565,274
23,70,21,40,546,530,274
339,233,151,98,609,649,275
411,343,131,96,626,708,275
538,240,247,90,701,805,275
349,177,162,152,657,741,275
0,38,27,38,528,568,275
465,442,104,120,586,632,275
361,300,84,132,599,675,275
189,200,93,133,595,674,275
942,743,176,205,701,805,275
11,88,66,109,486,303,275
0,22,83,112,563,632,275
47,84,21,38,577,627,275
0,62,73,73,562,653,275
512,493,124,136,577,637,275
943,623,162,146,672,761,275
42,56,98,72,569,552,275
147,178,142,117,604,667,275
22,87,16,79,566,603,275
696,446,136,145,651,740,275
146,201,89,90,597,684,275
377,358,98,116,622,697,275
128,186,50,50,575,649,275
17,68,114,58,579,628,275
574,384,190,101,683,768,275
686,440,114,90,610,637,275
254,275,103,116,607,680,276
144,172,28,49,540,560,276
275,364,91,152,582,633,276
461,492,25,149,577,602,276
736,747,154,172,653,755,276
0,58,34,89,487,443,276
189,208,67,95,578,608,276
39,102,43,117,553,639,276
0,24,82,53,532,520,276
162,241,57,132,585,663,276
295,335,118,143,616,710,276
0,44,23,35,533,592,276
826,340,203,128,685,784,276
93,86,95,73,586,633,276
477,389,112,110,626,711,276
394,219,147,75,640,707,276
240,313,108,156,585,644,276
51,73,16,49,550,576,276
82,158,102,91,574,620,276
0,54,18,55,499,563,277
125,114,76,51,611,694,277
0,51,57,119,553,616,277
750,403,145,128,674,769,277
83,111,76,74,586,658,277
453,485,64,149,624,714,277
181,243,34,99,570,625,277
329,367,136,117,618,695,277
33,103,45,88,534,566,277
141,217,76,90,591,665,277
66,142,29,80,501,486,278
300,285,95,99,622,675,278
252,209,88,87,619,703,278
0,48,21,57,488,0,278
1,44,129,70,578,670,278
0,34,40,55,526,555,278
21,85,18,80,557,608,278
0,26,97,137,566,650,278
0,55,34,45,539,565,278
56,120,70,65,582,662,278
24,79,112,67,594,659,278
17,56,45,68,549,603,278
0,63,43,72,541,543,279
498,518,158,131,635,720,279
231,299,26,82,572,634,279
261,192,197,123,653,736,279
214,172,119,61,603,659,279
926,639,217,182,684,782,279
81,97,20,39,542,513,279
369,386,92,148,604,684,279
80,132,29,76,541,565,279
115,68,21,49,566,616,279
99,128,97,100,601,654,279
95,90,118,77,599,626,279
127,170,85,73,582,665,279
79,88,88,99,574,634,279
127,190,47,106,567,594,280
361,224,147,116,636,705,280
354,243,168,80,645,722,280
817,819,117,174,648,757,280
156,201,66,71,591,640,280
108,166,25,88,585,678,280
81,133,93,54,562,573,280
508,250,79,65,614,681,280
423,290,114,116,642,730,280
60,135,61,39,580,613,280
227,138,129,82,618,676,280
76,134,39,61,533,538,280
802,504,154,162,666,757,280
0,25,57,68,537,538,280
135,75,73,44,608,671,280
0,28,64,83,513,469,280
380,381,180,192,689,783,280
659,570,225,144,654,719,280
0,45,81,70,584,605,280
569,453,111,118,656,743,280
296,269,64,78,590,638,281
255,271,53,95,569,622,281
0,29,42,43,514,568,281
286,343,41,126,571,640,281
0,45,52,95,538,570,281
0,42,148,94,568,576,281
454,186,159,88,650,736,281
761,338,147,115,628,718,281
31,74,78,79,557,605,281
14,75,45,80,541,580,281
255,303,77,90,593,675,281
0,43,14,48,489,520,281
0,58,23,65,553,624,281
650,460,152,133,665,758,281
654,581,138,142,651,728,281
116,145,18,90,519,509,281
149,181,129,105,596,674,281
125,136,106,99,610,671,281
114,169,40,77,547,557,281
372,408,109,146,632,725,281
0,22,24,36,515,511,281
131,155,31,66,605,682,281
237,197,129,52,645,717,281
82,147,60,116,567,602,282
0,60,14,82,513,564,282
53,121,35,83,553,604,282
545,345,207,117,671,756,282
1,64,15,87,499,520,282
70,131,41,108,546,594,282
124,165,82,89,582,628,282
215,185,75,80,584,656,282
27,93,18,111,548,583,282
0,27,26,46,570,636,282
0,27,18,48,538,608,282
78,158,81,120,565,626,282
2,68,49,40,551,603,282
143,199,49,76,571,639,282
49,84,38,75,573,618,282
705,287,259,115,680,753,282
583,286,151,100,653,731,283
658,253,189,93,668,731,283
967,502,181,137,691,762,283
229,300,92,128,586,647,283
48,121,68,59,545,558,283
0,29,44,88,515,412,283
0,50,35,53,535,554,283
322,261,86,101,630,690,283
0,44,21,92,516,537,283
156,211,72,81,553,542,283
571,375,143,174,628,695,283
578,307,185,118,670,751,283
127,170,74,113,589,684,283
0,54,34,44,520,524,283
496,513,127,144,641,733,284
51,79,105,95,582,659,284
0,33,106,90,551,573,284
32,71,36,50,557,583,284
28,89,52,96,516,507,284
241,305,104,106,580,621,284
0,25,17,83,531,561,284
164,140,60,69,530,539,284
51,123,72,123,577,619,284
309,241,142,154,635,680,284
49,88,18,63,525,511,284
386,342,214,114,671,763,284
118,93,150,121,635,703,284
147,213,39,57,551,544,284
192,265,76,136,572,621,284
0,29,31,38,516,491,284
625,308,119,82,650,744,284
477,450,99,118,625,696,284
190,188,51,67,615,707,284
0,41,42,79,525,488,284
69,127,87,105,581,683,284
432,359,83,149,610,674,285
167,168,74,48,595,688,285
303,258,151,115,627,694,285
58,65,79,84,590,660,285
327,181,182,133,646,723,285
111,163,52,71,536,547,285
121,141,64,75,607,673,285
97,150,115,109,573,597,285
425,424,157,90,645,732,285
623,322,77,69,644,731,285
967,634,170,130,701,792,285
55,118,27,81,566,636,285
169,202,36,93,526,565,285
292,371,61,96,567,638,285
160,235,153,106,587,650,285
636,527,105,128,606,686,285
25,90,36,81,539,575,285
29,105,88,63,583,663,285
0,27,80,71,545,595,285
418,324,169,76,653,740,285
289,314,134,78,614,688,286
357,371,130,128,608,661,286
78,111,92,58,561,615,286
192,247,41,74,562,604,286
0,31,20,48,502,413,286
466,290,127,116,636,719,286
9,73,77,72,552,640,286
111,167,91,128,566,615,286
11,76,27,59,509,376,286
591,536,156,125,651,734,286
83,85,82,104,551,559,286
87,167,47,58,575,596,286
642,292,264,94,685,774,286
650,199,215,105,686,774,286
369,292,139,159,651,727,286
126,140,42,93,595,654,287
453,463,115,118,611,686,287
63,108,83,55,572,631,287
284,322,36,104,593,660,287
253,232,83,79,593,651,287
76,105,86,75,582,635,287
90,134,141,106,600,654,287
0,42,21,75,510,504,287
789,479,224,146,705,808,287
35,52,50,51,571,618,288
392,296,76,92,613,674,288
319,255,84,103,598,670,288
900,479,233,97,689,775,288
128,141,16,65,547,611,288
239,163,63,63,620,709,288
1,62,92,100,599,671,288
341,230,70,113,580,645,288
539,294,128,127,663,749,288
595,441,140,111,655,743,288
164,253,114,107,606,693,288
388,469,131,178,591,657,288
533,433,108,91,631,703,288
751,537,109,155,657,761,288
49,96,41,50,575,645,288
106,182,54,116,555,640,288
53,112,83,91,549,562,288
370,429,97,112,638,743,288
106,150,53,61,562,607,289
11,68,81,79,566,630,289
516,240,171,97,652,738,289
251,182,50,90,606,679,289
0,24,31,57,513,542,289
315,359,38,96,614,690,289
54,62,47,80,569,645,289
117,184,62,117,563,602,289
0,36,34,86,432,0,289
206,294,83,107,580,640,289
456,370,56,90,586,612,290
68,112,44,97,547,605,290
193,213,87,103,567,582,290
119,140,56,118,566,600,290
52,128,74,121,548,563,290
416,268,201,144,670,767,290
138,156,66,86,579,657,290
702,239,191,132,695,773,290
96,111,85,56,560,615,290
322,266,170,128,620,678,290
69,154,65,105,531,509,290
181,219,79,108,578,662,290
393,375,116,69,624,688,290
324,331,80,104,596,633,290
26,82,49,79,536,443,290
167,172,42,57,603,651,291
34,103,40,75,558,506,291
345,424,57,164,583,663,291
223,220,180,92,629,718,291
41,101,37,101,527,503,291
85,127,20,50,551,586,291
303,320,101,137,612,680,291
583,612,75,127,612,703,291
682,512,217,146,657,747,291
113,168,16,78,523,508,291
160,131,77,68,581,625,291
154,215,89,100,520,502,291
49,133,20,104,533,517,291
3,56,79,85,577,616,291
146,164,129,86,591,641,291
224,144,100,65,603,670,291
240,152,93,162,637,698,291
124,175,35,65,536,319,291
56,90,36,77,513,386,291
83,141,33,62,504,466,291
94,117,106,83,577,633,292
46,104,59,59,557,588,292
42,95,13,48,556,616,292
0,22,22,65,515,539,292
178,248,34,97,507,0,292
12,76,60,51,564,644,292
37,68,14,94,554,626,292
594,656,71,123,620,709,292
222,247,46,106,571,656,292
175,265,59,108,518,506,292
163,208,14,70,552,639,292
23,62,100,103,587,628,292
108,118,88,94,550,567,292
158,204,71,74,591,694,292
578,248,274,200,698,800,292
307,309,101,119,599,682,292
85,137,42,82,575,627,292
245,250,43,93,577,623,292
93,117,16,101,540,454,292
291,225,101,91,593,648,292
421,419,35,56,605,695,292
246,234,57,71,601,658,293
286,316,95,105,624,685,293
669,301,223,83,671,752,293
464,329,118,98,609,665,293
47,113,31,67,472,470,293
126,149,128,109,611,696,293
84,95,37,46,592,678,293
164,233,65,108,588,653,293
36,75,37,79,550,562,293
137,194,18,64,577,647,293
37,99,15,80,552,604,293
12,76,116,94,591,664,293
207,283,95,86,579,634,293
29,89,52,93,550,622,293
353,287,110,119,603,660,293
89,172,40,93,542,580,293
474,367,118,78,642,716,293
294,311,120,155,617,702,293
0,44,52,84,560,634,293
530,443,189,124,634,712,293
14,84,53,38,541,549,293
101,179,71,90,573,596,294
460,351,193,137,679,782,294
25,75,45,49,557,589,294
328,226,110,82,611,653,294
172,205,47,41,586,633,294
706,364,102,89,672,755,294
6,68,67,95,547,506,294
104,108,28,78,572,624,294
15,58,55,132,514,247,294
92,98,18,71,519,492,294
680,606,80,127,631,698,294
552,249,156,86,646,726,294
2,27,46,69,567,670,294
0,30,37,85,486,390,294
204,298,43,113,522,405,295
264,235,20,66,575,642,295
252,282,50,82,569,594,295
28,94,72,61,558,618,295
0,32,46,81,566,625,295
569,275,69,121,645,744,295
280,217,13,81,577,584,295
0,26,17,82,555,623,295
781,395,222,90,680,773,295
565,375,192,112,662,752,296
97,147,162,118,617,718,296
51,113,44,75,545,580,296
0,54,19,50,523,391,296
976,660,160,159,665,748,296
58,101,33,83,562,617,296
284,225,96,71,611,690,296
701,503,120,138,641,706,296
30,63,73,53,575,652,296
25,84,77,70,524,537,296
324,309,89,127,619,683,296
0,46,26,55,545,576,297
453,360,184,84,634,706,297
110,163,50,97,587,680,297
131,188,67,100,571,621,297
266,318,55,79,584,654,297
261,289,38,76,597,649,297
432,334,76,123,636,717,297
93,104,35,30,573,600,297
186,138,18,57,612,677,297
182,246,100,152,571,647,297
366,281,102,88,606,663,297
311,221,23,75,601,655,297
625,327,93,113,664,740,298
459,210,140,126,662,720,298
136,154,57,96,569,593,298
26,88,82,109,588,645,298
0,39,20,70,515,432,298
47,105,71,79,552,578,298
139,128,90,41,614,675,298
321,232,109,108,628,690,298
0,20,70,65,543,543,298
160,183,120,116,606,683,298
0,23,44,53,541,598,298
290,245,92,98,608,680,298
85,114,108,70,579,649,298
428,367,134,93,628,684,298
155,132,23,82,583,659,298
262,306,31,95,557,626,299
135,215,27,76,523,506,299
466,233,156,92,670,749,299
26,80,42,99,539,607,299
414,212,169,130,662,758,299
0,35,19,60,475,450,299
906,638,116,88,661,742,299
735,576,148,125,686,777,299
395,276,118,109,614,678,300
224,203,71,55,583,648,300
214,150,189,92,641,698,300
98,148,46,60,566,656,300
253,153,123,77,607,663,300
696,568,68,183,631,716,300
48,81,45,78,585,606,300
105,143,56,91,564,624,300
251,155,55,54,591,648,300
74,143,23,109,571,640,300
15,72,28,37,546,589,300
200,258,99,106,574,572,300
0,22,19,56,536,615,300
740,366,234,116,691,782,300
816,594,159,125,648,746,300
9,60,36,62,468,450,300
3,59,94,61,549,584,300
104,124,140,83,602,694,300
0,34,35,56,511,521,300
0,26,19,52,529,546,300
172,211,91,109,570,634,301
610,314,153,125,648,751,301
64,136,63,79,553,593,301
52,112,57,71,546,601,301
513,445,105,99,598,674,301
407,487,84,170,603,665,301
0,34,28,66,499,451,301
880,676,209,191,717,821,301
886,614,154,139,683,779,301
80,137,92,100,575,616,301
728,623,96,125,633,714,301
562,603,33,112,602,667,302
100,170,27,58,558,603,302
0,26,75,88,560,581,302
313,363,77,125,594,672,302
0,42,22,47,511,457,302
75,75,90,58,600,653,302
136,195,62,136,544,582,302
17,73,48,77,559,620,302
33,94,43,37,558,579,302
692,223,252,107,686,763,302
43,44,56,54,576,603,303
262,167,181,114,631,701,303
65,150,56,100,561,601,303
360,435,55,99,598,672,303
11,48,137,105,593,640,303
15,76,23,52,564,628,303
0,23,56,55,547,595,303
26,59,37,76,532,588,303
459,462,139,169,615,695,303
517,391,171,129,654,733,303
892,422,195,126,662,761,303
745,315,200,121,687,783,303
232,266,60,107,587,634,303
231,149,45,57,614,663,303
8,79,21,67,512,424,303
38,98,33,65,531,485,304
98,104,41,79,539,531,304
201,209,81,117,589,658,304
40,105,43,65,540,580,304
5,75,37,76,517,485,304
590,277,223,99,680,771,304
0,43,59,128,554,580,304
752,291,151,115,633,708,304
41,85,18,77,478,463,304
97,144,117,98,620,703,304
0,36,26,42,544,560,304
613,643,90,149,609,681,304
145,196,17,89,565,634,304
592,430,84,112,636,715,304
154,110,52,120,587,617,305
167,154,17,71,552,576,305
645,367,203,86,667,746,305
295,340,34,116,586,661,305
67,96,39,44,570,610,305
50,112,42,105,556,567,305
212,258,51,113,568,620,305
32,70,20,48,512,396,305
219,177,76,66,584,663,305
0,24,45,85,513,524,305
16,74,28,64,542,579,305
119,150,81,77,597,678,305
0,42,23,64,539,606,305
56,76,23,106,565,651,305
343,275,45,99,611,676,305
640,351,167,110,669,759,306
369,427,62,152,583,676,306
313,297,139,111,639,721,306
100,167,102,138,546,601,306
265,341,88,151,585,651,306
2,52,51,56,547,600,306
921,542,277,189,704,799,306
0,43,17,65,506,447,306
157,204,59,149,578,622,306
0,42,27,70,537,611,306
553,492,192,204,636,727,306
291,256,74,122,583,645,306
0,63,26,67,491,430,306
246,359,53,168,533,556,307
585,545,96,141,633,738,307
78,113,163,84,618,713,307
190,156,143,86,636,716,307
86,136,76,69,578,662,307
38,95,104,97,566,614,307
30,102,32,58,538,579,307
80,88,20,93,589,648,307
611,276,191,121,685,756,307
100,161,31,76,560,580,308
30,90,20,87,523,528,308
244,198,47,93,570,612,308
0,26,20,57,494,412,308
340,321,62,100,586,641,308
191,253,143,142,604,675,308
511,461,97,101,640,722,308
27,57,84,61,573,602,308
866,286,222,128,675,766,308
180,193,54,62,572,627,308
123,205,44,80,539,572,309
140,121,69,79,604,674,309
139,198,110,141,579,641,309
118,191,35,78,576,626,309
178,237,68,152,539,578,309
733,342,179,109,653,739,309
232,243,84,96,581,648,309
789,692,182,169,657,762,309
5,44,63,77,552,631,309
802,456,216,141,694,785,309
404,436,130,111,626,712,309
421,226,207,126,659,765,309
0,32,78,84,545,615,309
58,98,87,108,595,661,309
0,41,41,78,542,546,309
19,73,52,57,557,616,309
0,33,15,51,519,519,309
40,113,61,120,533,505,309
0,33,13,47,537,587,310
545,284,71,96,576,623,310
430,351,90,145,642,710,310
562,226,152,87,654,725,310
76,134,20,66,518,600,310
382,225,72,102,588,636,310
158,156,60,65,579,612,310
362,432,132,115,604,673,310
721,305,227,125,693,793,310
91,117,43,60,553,584,310
0,50,64,99,528,587,310
1,50,17,49,532,580,310
0,22,15,67,491,444,310
0,23,29,36,547,566,310
38,111,100,112,532,527,310
641,318,189,85,657,751,310
291,181,16,46,585,628,311
69,129,95,103,564,617,311
126,193,70,106,567,608,311
45,73,84,101,597,645,311
87,95,25,76,559,612,311
76,116,60,82,563,575,311
56,104,30,54,557,591,311
272,174,136,124,631,723,311
213,274,59,98,553,518,311
102,127,22,80,567,642,311
0,31,86,72,543,597,311
414,395,134,126,607,685,311
35,64,67,75,579,653,311
177,239,61,64,578,629,312
119,131,49,63,579,633,312
60,79,64,77,572,656,312
141,206,21,101,558,635,312
193,213,55,116,599,665,312
217,169,179,183,653,741,312
466,265,176,99,634,705,312
132,178,36,66,569,633,312
271,280,51,158,595,640,312
225,187,67,68,614,687,312
0,33,70,53,542,597,312
13,62,129,88,558,570,312
67,120,44,83,551,572,312
0,40,75,42,537,614,312
72,106,31,27,552,578,313
245,237,84,87,599,674,313
0,32,27,49,519,580,313
134,136,95,68,610,678,313
0,32,14,86,477,502,313
49,78,42,59,518,578,313
104,152,168,180,602,681,313
884,774,169,181,652,750,313
322,356,109,119,603,679,313
112,180,117,99,595,655,313
236,226,37,83,579,635,313
297,208,87,54,627,721,313
40,119,68,123,563,609,313
82,130,21,73,505,401,313
159,122,21,63,594,679,313
33,92,61,60,555,613,313
14,89,59,88,554,580,313
410,490,96,155,608,695,313
228,292,76,128,572,646,313
296,244,200,112,641,726,313
468,286,119,98,597,638,313
75,135,62,138,566,608,313
247,276,97,127,582,646,313
154,173,145,133,580,626,313
41,92,91,66,584,676,313
31,92,41,38,555,573,313
162,132,39,92,567,593,314
164,172,79,99,603,676,314
832,306,203,124,689,771,314
410,287,93,70,633,726,314
142,244,37,74,526,586,314
207,156,59,57,599,667,314
736,410,243,182,709,817,314
14,38,111,65,600,671,314
0,48,29,85,520,481,314
410,293,100,97,620,700,314
175,255,30,102,534,609,314
83,142,86,73,570,623,314
0,43,103,58,556,568,314
275,287,31,74,546,564,314
342,247,183,92,616,685,314
597,437,135,107,641,735,314
9,64,45,52,532,588,314
196,131,74,88,591,659,314
404,327,62,92,564,597,314
8,48,66,77,557,553,315
547,378,221,197,665,747,315
123,123,119,74,610,699,315
72,103,53,59,560,591,315
39,103,42,118,502,486,315
625,359,182,90,642,708,315
40,101,59,81,549,517,315
55,103,61,107,543,556,315
727,300,118,64,641,721,315
301,335,64,99,573,643,315
182,198,46,63,559,618,315
64,129,49,83,573,655,315
60,118,98,78,589,638,315
0,55,66,76,553,580,315
107,171,103,110,598,665,315
0,21,124,88,573,635,315
287,306,34,88,574,672,315
29,106,39,116,514,449,315
542,482,61,99,622,701,316
0,51,47,65,549,570,316
33,73,34,38,563,592,316
229,318,31,97,569,627,316
150,152,38,74,551,591,316
377,328,152,117,631,702,316
43,114,64,65,547,630,316
0,46,74,56,511,282,316
150,178,37,95,540,566,316
3,54,87,49,573,640,316
17,79,81,99,545,629,316
58,127,103,90,577,644,316
527,346,122,121,653,742,316
222,273,108,137,570,646,316
328,239,99,110,589,656,316
56,87,65,58,572,626,316
75,128,87,88,556,608,316
589,283,186,99,659,744,316
7,41,58,50,567,650,317
53,94,123,93,600,690,317
294,293,100,61,627,699,317
251,267,83,159,617,706,317
167,236,22,73,536,517,317
321,380,102,138,595,686,317
10,62,41,84,472,272,317
41,111,28,124,499,556,317
23,73,48,46,555,611,317
1,37,110,67,564,571,317
130,125,91,109,598,653,317
304,308,177,91,633,706,317
77,101,68,75,586,648,317
0,36,34,69,509,488,317
89,105,140,101,613,676,317
65,150,31,86,550,618,317
748,400,211,165,670,765,318
79,127,135,70,593,664,318
56,127,42,66,575,630,318
17,86,59,53,527,576,318
84,122,126,99,599,665,318
83,146,48,130,564,626,318
802,615,134,96,642,737,318
34,89,115,72,595,674,318
120,111,43,74,531,556,318
633,475,196,182,648,736,318
0,32,97,117,566,640,318
78,75,80,51,586,656,318
80,160,50,60,556,593,318
192,189,198,73,597,647,318
180,234,126,122,606,683,318
740,737,123,176,643,737,318
90,102,42,60,563,575,318
57,116,20,70,529,536,318
226,113,33,47,611,657,318
198,243,168,128,645,680,318
923,279,324,116,698,785,318
499,315,93,75,567,566,318
344,310,162,80,607,677,318
205,191,88,121,610,701,318
0,57,112,106,580,613,318
749,724,212,181,674,772,318
24,98,32,88,503,434,318
0,33,22,39,502,446,318
888,386,236,127,685,768,318
216,171,80,89,608,582,318
129,169,85,72,600,689,318
0,21,27,56,499,566,318
378,359,145,190,635,721,319
0,32,48,86,513,580,319
81,142,72,48,554,596,319
143,174,90,95,538,546,319
90,123,37,73,561,632,319
0,39,19,78,490,334,319
364,186,30,76,603,689,319
31,86,63,89,563,636,319
239,330,80,134,578,641,319
391,290,92,79,618,709,319
20,48,52,83,567,656,319
624,423,220,179,667,770,319
12,74,17,76,552,625,319
156,245,74,137,532,556,319
47,119,59,60,561,615,319
60,110,82,82,551,588,319
339,279,126,104,630,726,319
101,186,27,89,528,542,319
1,47,124,77,583,636,319
675,498,145,180,662,757,320
17,73,25,77,498,470,320
294,180,79,64,615,666,320
271,336,51,103,583,680,320
86,163,63,131,558,617,320
336,344,87,106,636,730,320
66,137,84,93,553,610,320
205,191,137,92,612,672,320
713,444,144,121,614,684,320
8,58,17,61,521,555,320
318,206,44,101,597,656,320
23,58,119,66,606,682,320
131,139,88,109,613,699,320
592,399,141,80,643,723,320
153,173,99,84,557,611,320
31,103,77,109,531,552,320
0,50,16,78,443,419,320
979,746,300,180,698,802,321
23,83,33,93,532,583,321
737,386,303,114,698,788,321
106,154,137,108,588,644,321
0,39,134,44,578,592,321
204,150,131,107,601,672,321
641,619,170,152,640,722,321
7,56,66,103,524,448,321
14,82,50,68,552,585,321
534,460,150,136,651,747,321
186,164,117,97,610,690,321
301,331,103,137,551,575,321
68,98,64,91,524,556,321
164,228,110,110,581,666,321
100,158,52,97,532,580,321
195,86,115,100,605,651,321
699,567,196,179,669,767,321
335,395,114,92,590,686,321
19,78,76,71,538,553,321
118,135,80,127,591,678,321
191,254,83,62,577,593,321
683,538,207,94,652,744,321
152,174,154,163,615,708,321
418,440,197,170,654,759,321
2,44,79,55,586,673,322
28,87,19,41,525,590,322
252,260,89,115,607,697,322
231,282,94,123,586,640,322
45,95,34,85,544,574,322
734,527,253,215,674,759,322
342,351,84,127,541,548,322
169,189,103,104,603,668,322
227,288,26,66,585,665,322
96,185,14,112,506,523,322
31,87,104,94,553,612,322
95,109,98,132,574,646,322
86,154,45,90,561,635,323
0,31,35,74,514,529,323
157,182,131,85,606,673,323
278,208,197,127,645,747,323
70,129,72,98,558,587,323
169,227,117,68,587,638,323
181,220,183,123,624,709,323
409,154,128,69,661,740,323
204,267,52,82,571,656,323
522,237,102,157,673,771,323
239,237,84,105,599,669,323
0,22,113,87,528,519,323
110,184,67,89,553,601,323
177,206,119,118,599,658,323
443,194,234,94,688,776,323
12,82,17,90,502,403,323
283,297,69,90,541,481,323
355,224,110,81,607,643,323
106,97,80,73,560,587,324
0,30,32,39,545,605,324
81,128,85,77,539,566,324
572,502,273,272,662,778,324
0,35,35,94,508,525,324
218,180,235,161,678,782,324
49,73,118,59,608,687,324
690,619,150,148,666,761,324
134,203,68,73,552,569,324
47,135,78,104,526,393,324
0,47,28,47,542,630,324
686,326,165,169,672,756,324
25,82,129,99,569,641,324
11,76,71,86,555,615,324
0,53,30,74,474,247,324
0,25,32,51,548,608,324
17,80,54,101,531,547,324
330,191,166,82,666,765,324
588,412,177,130,648,728,324
2,42,65,72,573,609,324
0,52,47,89,497,492,325
39,78,60,60,530,498,325
166,170,125,77,596,672,325
0,37,36,94,540,608,325
142,90,90,61,580,580,325
175,247,133,155,604,672,325
77,114,86,74,575,641,325
0,24,35,95,501,577,325
306,124,205,105,651,723,325
70,73,67,81,578,582,325
0,32,19,72,506,535,325
232,245,86,136,571,630,325
0,24,50,134,500,487,325
140,140,59,65,574,620,325
0,29,49,91,563,637,325
482,380,133,108,643,737,325
275,282,127,173,630,710,325
0,45,33,73,534,572,325
208,196,84,84,592,637,326
85,138,35,76,522,516,326
141,141,46,58,585,643,326
24,72,106,51,581,653,326
107,93,44,63,586,658,326
0,41,20,80,521,560,326
14,65,59,59,560,607,326
44,104,117,95,560,602,326
412,355,183,76,648,742,326
438,390,189,145,645,727,326
297,346,65,110,597,689,326
0,42,62,61,547,593,326
0,58,45,70,506,272,326
129,141,73,97,590,658,326
424,270,61,66,624,712,326
400,377,93,153,604,671,326
0,39,34,84,482,299,326
250,131,203,80,648,724,327
20,81,49,79,546,598,327
0,21,75,78,513,525,327
51,96,67,122,543,532,327
86,153,56,55,574,621,327
144,191,50,102,557,595,327
94,150,26,86,523,495,327
1,49,87,80,544,539,327
230,267,47,57,567,605,327
393,347,130,135,629,704,327
85,97,103,99,581,628,327
44,123,49,103,508,474,327
177,193,46,54,580,676,327
556,397,191,82,658,741,327
50,68,13,53,533,476,327
379,259,194,122,633,696,327
42,110,93,56,580,676,327
21,77,43,53,561,625,327
107,148,140,156,611,680,327
28,85,36,78,538,601,327
333,258,90,95,584,629,327
168,207,45,105,591,647,327
603,360,129,124,640,732,327
451,276,157,153,659,751,328
95,153,41,78,535,532,328
82,121,25,45,572,603,328
614,623,148,174,656,764,328
27,85,68,77,502,393,328
116,136,106,78,599,666,328
0,31,67,59,545,549,328
619,309,130,127,668,767,328
16,68,137,117,563,598,328
45,111,52,92,566,612,328
308,393,44,146,539,571,328
270,217,49,40,598,677,328
222,153,159,112,641,713,328
408,254,114,140,610,675,328
135,133,112,89,584,651,328
399,270,190,118,681,742,329
197,166,118,78,606,675,329
96,136,32,52,541,579,329
84,150,86,86,569,597,329
273,322,50,70,581,654,329
18,56,112,49,610,685,329
118,104,149,83,622,702,329
401,400,120,134,598,654,329
0,46,36,94,494,480,329
121,127,137,76,607,687,329
5,53,26,83,527,548,329
249,317,28,102,560,614,329
288,152,150,79,642,725,329
330,242,82,77,610,671,329
192,184,99,97,587,613,330
563,427,118,147,640,732,330
624,264,138,75,679,762,330
0,34,24,62,479,419,330
573,393,127,115,657,759,330
0,55,38,51,546,583,330
145,172,85,114,596,667,330
464,475,122,124,614,699,330
382,384,86,93,619,711,330
89,124,129,118,566,589,330
347,279,96,88,595,652,330
0,40,92,46,565,621,331
16,65,45,104,543,612,331
235,303,120,144,559,628,331
12,68,33,52,533,606,331
92,151,42,104,573,624,331
359,180,77,67,672,752,331
36,107,42,65,575,632,331
75,118,85,87,594,661,331
31,48,47,70,534,534,331
333,288,66,110,599,665,331
345,211,161,91,632,720,331
0,34,29,44,544,600,331
242,183,156,86,626,697,331
0,38,71,60,584,667,331
327,247,83,131,587,595,331
14,52,68,65,573,625,331
185,236,79,97,548,556,331
1,52,97,120,542,584,331
7,32,134,59,610,688,331
519,338,288,175,687,774,331
61,101,89,100,575,651,331
211,265,16,116,568,591,331
83,140,33,66,570,653,331
83,118,36,62,526,453,331
599,301,142,87,657,722,331
233,233,122,86,578,616,331
19,84,25,66,550,594,331
210,176,113,88,613,648,331
52,110,43,86,483,371,331
0,29,21,55,510,477,332
299,177,97,70,603,637,332
373,200,162,85,646,706,332
59,64,90,73,601,681,332
138,178,32,110,533,551,332
0,38,32,37,550,616,332
0,36,89,64,557,596,332
15,63,19,64,558,594,332
90,176,26,83,515,496,332
445,233,142,100,670,759,332
188,145,101,62,612,687,332
30,92,101,124,582,650,332
240,334,42,118,572,652,332
108,156,96,136,582,616,332
55,73,75,80,571,630,332
335,172,215,110,676,781,332
302,157,155,89,627,699,332
29,103,20,61,495,0,332
312,387,137,71,590,639,332
550,411,80,95,630,712,333
60,134,59,96,561,610,333
466,329,189,109,656,746,333
47,89,82,97,553,539,333
820,523,218,111,673,764,333
0,21,27,71,519,461,333
17,38,137,82,597,624,333
391,205,145,124,643,737,333
367,401,95,131,589,651,333
130,123,30,85,553,589,333
12,62,21,60,539,566,333
5,43,51,65,579,632,333
359,368,113,146,621,695,333
540,472,206,238,654,753,333
29,98,36,54,549,579,333
90,113,96,116,574,627,333
400,275,81,48,610,674,334
116,152,68,74,570,657,334
754,598,107,175,595,657,334
224,253,150,64,634,707,334
682,389,182,109,680,758,334
129,164,13,48,552,615,334
427,392,168,170,626,691,334
11,70,21,81,520,532,334
173,168,105,138,610,700,334
404,251,76,85,611,664,334
8,26,179,102,596,642,334
105,134,88,45,592,647,334
0,30,23,87,515,495,334
192,177,170,72,642,723,335
202,149,118,84,612,675,335
656,313,55,120,671,750,335
220,229,47,85,563,629,335
0,53,32,60,520,477,335
212,193,111,86,616,692,335
499,200,199,87,658,729,336
26,66,64,88,531,528,336
19,65,27,92,562,572,336
338,303,187,132,614,698,336
367,280,72,136,593,629,336
29,75,32,67,546,640,336
49,96,34,78,539,572,336
71,106,33,93,534,520,337
639,219,188,74,663,728,337
57,123,42,52,552,583,337
3,37,59,50,561,619,337
92,136,79,86,557,573,337
8,64,29,70,511,0,337
148,202,93,76,595,670,337
196,242,92,105,589,651,337
542,429,125,127,647,728,337
89,105,94,80,573,575,337
131,99,60,73,568,594,337
466,246,194,93,666,740,338
24,89,16,52,512,505,338
0,21,90,91,538,583,338
380,444,74,115,587,635,338
125,154,35,70,582,622,338
80,119,104,51,624,711,338
257,239,116,120,598,657,338
474,248,166,133,667,761,338
48,84,121,66,588,659,338
603,421,169,124,673,779,338
296,316,45,82,605,646,338
14,42,61,70,554,636,338
224,194,97,57,617,684,338
208,197,74,109,611,690,338
399,406,69,121,610,698,338
116,126,80,92,595,677,339
128,187,23,74,516,476,339
398,396,122,123,605,676,339
309,258,104,128,627,704,339
0,43,48,48,552,559,339
756,425,215,110,675,761,339
272,176,55,72,606,666,340
558,282,242,130,683,776,340
196,203,53,91,544,603,340
77,99,65,94,546,588,340
544,241,180,98,660,741,340
26,92,51,42,567,621,340
116,175,40,71,550,590,340
80,139,92,129,573,646,340
243,161,79,62,609,674,340
205,142,62,46,576,638,340
281,338,41,105,583,673,340
34,96,82,102,548,562,340
723,280,135,69,688,774,340
757,302,137,84,669,742,340
179,142,174,156,628,714,340
16,74,89,115,575,620,340
71,124,96,70,596,680,340
0,28,19,54,530,560,341
233,185,70,63,600,662,341
448,316,178,129,663,742,341
278,337,46,65,578,631,341
95,174,36,96,574,646,341
28,99,45,66,536,597,341
0,66,16,42,527,518,341
326,219,111,93,618,682,341
60,79,131,106,612,695,341
737,360,101,144,670,756,341
0,44,45,62,546,637,341
154,179,132,118,586,665,341
392,221,70,48,601,619,341
11,48,17,56,547,607,341
495,328,176,116,654,762,341
341,420,102,94,602,702,341
289,254,76,126,588,636,341
32,85,77,73,572,638,341
741,685,177,176,670,766,341
29,96,62,66,529,591,341
127,192,112,143,634,713,341
55,100,17,60,547,646,342
16,81,19,77,534,566,342
314,212,56,86,555,561,342
138,173,107,138,581,641,342
441,321,145,128,631,701,342
575,337,173,117,651,747,342
521,391,220,121,648,721,342
34,102,30,101,550,597,342
20,78,64,57,534,543,342
319,177,209,73,660,737,342
0,29,35,39,551,629,342
286,219,131,84,617,690,342
36,95,157,87,614,679,342
128,124,63,78,588,622,342
0,25,21,40,519,564,342
94,165,62,137,549,599,342
355,319,123,113,609,693,342
448,258,133,99,637,739,342
49,92,16,70,552,630,342
0,55,65,80,571,653,342
352,276,70,50,621,710,342
213,217,22,63,569,651,343
342,295,127,87,634,723,343
10,43,25,28,594,678,343
225,299,41,126,559,594,343
101,94,127,73,602,659,343
322,257,114,128,625,700,343
123,198,80,101,547,608,343
71,120,44,87,551,570,343
331,205,154,77,606,666,343
583,343,160,115,658,749,343
473,495,105,149,604,688,343
76,78,126,79,608,680,343
95,175,52,117,548,630,343
213,178,110,84,601,667,343
405,332,97,92,591,671,343
395,396,113,124,624,713,343
387,365,164,116,651,742,343
227,181,195,82,631,706,343
328,356,109,86,612,683,343
109,141,96,107,563,628,344
181,208,75,170,547,559,344
677,671,86,95,625,707,344
875,325,199,108,710,803,344
420,414,64,101,594,661,344
506,304,190,156,682,779,344
0,36,36,70,539,589,344
164,136,46,76,576,641,344
342,187,93,101,624,669,344
72,113,41,86,560,619,344
512,467,98,111,632,713,344
0,30,88,87,546,585,344
0,47,37,58,548,606,344
0,54,41,80,518,515,344
45,121,68,93,560,612,344
0,52,29,57,472,0,344
31,73,52,56,563,619,344
486,324,94,131,630,706,344
202,292,115,150,564,656,344
0,55,30,55,541,583,345
285,177,147,74,606,663,345
31,88,40,93,532,429,345
899,667,193,134,666,766,345
20,71,50,59,573,626,345
12,76,59,78,543,606,345
516,289,90,112,643,731,345
58,55,96,90,598,674,345
292,275,111,116,605,680,345
469,480,118,142,630,718,345
690,344,151,98,684,784,345
127,142,35,116,549,615,345
133,181,49,69,584,641,345
0,41,46,56,533,616,345
116,195,63,110,572,632,345
10,41,50,49,562,537,345
81,119,72,85,548,590,345
654,530,112,87,648,732,346
224,203,118,119,585,632,346
867,421,193,91,667,772,346
270,164,126,109,605,664,346
0,32,43,63,529,594,346
137,187,42,84,554,625,346
258,178,125,87,631,700,346
11,47,93,47,572,615,346
72,132,35,52,564,623,346
52,132,80,90,572,602,346
303,320,26,100,574,645,346
0,48,38,62,514,547,346
270,341,62,85,548,622,346
360,245,26,55,544,518,346
435,298,97,120,625,703,346
414,361,35,88,601,678,347
284,278,55,100,560,604,347
501,312,188,86,660,738,347
177,143,127,97,630,704,347
36,101,15,79,523,570,347
695,550,168,123,633,735,347
412,371,126,114,630,727,347
10,23,56,64,514,531,347
218,255,185,96,606,648,347
0,31,49,71,530,558,347
85,154,97,72,569,639,347
548,470,229,236,667,761,347
77,110,78,122,572,653,347
389,366,118,91,638,749,347
710,404,189,105,673,770,347
80,162,33,94,567,623,347
295,306,105,158,614,694,347
721,731,173,192,664,763,348
224,196,120,102,593,673,348
68,137,40,128,512,474,348
15,51,71,73,511,560,348
142,203,99,136,572,638,348
73,109,22,51,574,623,348
16,73,24,72,511,514,348
896,672,273,247,721,830,348
112,146,87,106,588,685,348
205,151,71,69,602,669,348
1,30,141,100,585,659,348
117,200,118,102,577,636,348
188,229,49,49,608,684,348
242,170,76,63,616,697,348
588,479,107,124,631,720,349
76,140,121,57,578,645,349
275,285,127,88,598,640,349
731,386,162,112,663,738,349
140,146,29,80,584,663,349
302,276,61,92,596,679,349
361,423,74,159,612,687,349
0,20,62,71,531,535,349
145,234,129,90,574,600,349
2,61,26,64,525,555,349
143,145,49,105,571,612,349
132,207,81,132,558,582,349
14,63,51,50,527,427,349
106,119,83,87,568,597,349
195,258,94,152,586,616,349
158,172,27,97,605,665,349
175,114,100,60,612,660,349
7,45,70,81,536,539,350
290,283,87,120,622,689,350
127,172,54,100,582,648,350
98,149,23,88,584,538,350
958,451,250,127,693,782,350
423,359,75,109,590,678,350
51,125,59,75,542,522,350
298,232,151,122,627,710,350
108,99,79,90,592,626,350
717,776,140,185,590,602,350
435,281,115,112,651,733,350
117,83,56,75,571,598,350
211,222,73,89,576,617,350
232,313,39,79,566,594,350
25,56,29,47,552,623,351
229,172,159,75,639,716,351
79,138,111,87,582,649,351
510,186,280,108,714,800,351
45,108,37,70,559,624,351
233,244,63,101,570,633,351
216,280,62,106,552,617,351
177,200,113,112,600,681,351
16,75,38,65,548,574,351
38,107,85,106,558,557,351
99,161,102,125,562,602,351
360,344,90,178,570,604,351
297,328,63,78,585,621,352
0,34,35,38,543,609,352
328,250,210,71,629,691,352
303,189,70,66,587,660,352
348,296,81,92,612,658,352
52,123,58,88,542,562,352
693,449,154,147,646,730,352
544,361,194,148,636,713,352
8,45,16,42,532,589,352
178,244,57,136,560,622,352
263,307,22,90,580,659,352
89,159,37,72,480,0,352
79,116,109,51,597,637,352
162,102,154,64,607,678,352
693,371,115,86,664,772,352
43,116,31,105,512,0,353
85,166,56,102,538,611,353
92,180,39,134,534,504,353
105,91,101,83,613,709,353
513,362,120,133,612,689,353
203,295,45,83,561,611,353
29,81,59,75,560,610,353
51,99,73,63,546,557,353
682,698,109,123,599,657,353
796,346,238,104,702,797,354
332,223,40,77,614,677,354
359,221,132,86,615,677,354
0,56,112,94,553,564,354
6,41,47,55,565,600,354
294,165,128,111,629,717,354
256,151,174,141,637,715,354
6,65,60,54,554,589,354
12,78,54,46,525,512,354
0,41,39,102,509,457,355
320,161,227,79,647,728,355
433,321,136,53,661,743,355
355,228,178,122,630,699,355
37,63,16,51,531,523,355
134,132,112,61,589,638,355
366,263,116,134,621,687,355
16,63,15,50,560,650,355
0,23,23,33,527,520,355
258,196,55,65,561,564,355
283,333,13,115,570,509,355
0,32,26,48,516,542,355
965,542,209,134,683,757,355
56,61,80,53,568,597,355
695,355,188,117,665,759,355
0,66,54,73,495,468,355
425,365,138,80,639,724,356
647,309,165,64,633,694,356
97,145,60,81,563,617,356
144,85,122,111,615,681,356
763,351,167,106,665,740,356
103,162,33,63,580,599,356
45,62,141,64,588,601,357
236,224,141,111,612,671,357
194,141,76,72,552,568,357
432,501,120,180,602,693,357
105,158,30,47,567,624,357
282,345,88,137,561,618,357
221,156,94,68,575,633,357
32,102,34,67,503,415,357
111,156,79,117,579,632,357
247,271,66,104,552,624,358
0,21,44,62,513,573,358
162,227,57,48,564,604,358
0,46,21,117,519,574,358
458,387,104,137,596,657,358
398,314,163,102,623,706,358
18,81,54,86,554,611,358
358,237,143,103,626,709,358
290,183,115,95,626,706,358
975,639,178,139,685,786,358
73,120,105,134,585,659,358
322,210,168,61,639,723,358
290,329,25,70,559,618,358
229,300,108,138,617,685,358
40,67,129,72,576,622,358
147,211,36,110,565,632,358
520,576,118,190,606,694,358
57,100,68,71,549,597,358
168,185,151,97,619,710,358
151,228,18,109,565,638,358
960,841,152,189,648,744,358
441,480,101,167,605,691,358
62,62,141,104,613,685,358
0,57,42,58,551,614,358
740,446,153,132,623,718,358
547,567,224,168,611,694,358
47,128,38,106,564,628,358
323,371,103,105,583,599,358
0,52,33,80,498,152,358
0,29,62,103,480,459,358
68,128,75,131,538,575,358
864,523,169,135,657,754,358
277,275,86,127,606,688,359
0,38,16,83,484,463,359
90,171,82,129,575,627,359
98,92,149,83,605,677,359
216,191,165,100,606,651,359
757,326,222,95,697,794,359
258,345,119,113,593,667,359
71,91,48,60,543,520,359
9,81,16,75,482,228,359
92,108,18,112,502,470,359
24,47,81,69,587,665,359
68,122,48,73,533,524,359
62,120,15,90,545,581,359
2,61,62,95,558,610,359
19,37,60,48,572,620,359
432,258,191,107,638,736,359
9,46,47,46,573,633,359
53,101,110,61,588,665,360
384,255,83,81,597,641,360
199,215,71,83,602,697,360
529,158,164,76,695,782,360
28,47,68,62,574,651,360
0,28,24,73,482,448,360
220,309,86,158,558,613,360
0,28,41,71,540,605,360
0,42,98,96,554,599,360
267,262,49,90,581,630,360
30,59,60,66,540,531,360
117,141,194,124,605,681,360
5,57,68,56,527,516,360
192,143,168,101,601,677,360
213,224,162,131,618,709,360
74,105,116,98,589,640,361
329,248,131,121,618,664,361
43,79,32,53,600,603,361
9,61,69,70,579,634,361
211,271,111,100,608,677,361
83,138,89,93,598,666,361
333,212,169,94,609,690,361
193,169,85,60,557,554,361
761,502,168,162,656,715,361
0,50,15,60,536,563,361
350,385,151,155,602,668,361
31,88,32,91,536,581,361
85,100,59,61,599,660,361
19,80,29,46,519,564,361
469,366,135,144,617,705,361
0,27,31,44,528,543,361
211,230,95,111,611,693,361
81,64,125,74,599,682,361
89,106,130,77,598,678,361
64,137,72,107,553,576,361
395,191,131,98,613,670,361
164,243,45,135,542,553,361
80,128,97,70,569,628,361
281,227,58,93,581,655,361
30,97,38,83,524,498,361
128,181,126,80,569,643,361
0,31,52,57,492,0,362
370,417,189,213,627,716,362
142,142,91,114,603,687,362
0,23,48,57,551,601,362
268,254,109,141,574,639,362
54,135,67,128,549,634,362
249,150,192,110,635,701,362
172,199,146,167,618,702,362
11,42,23,56,465,405,362
287,274,116,103,604,690,362
52,128,58,107,530,544,362
143,226,36,111,529,560,362
140,154,169,100,607,669,362
155,209,73,150,541,550,362
54,110,18,86,529,527,362
62,119,34,74,525,536,362
132,216,22,110,533,569,362
84,139,52,65,550,584,363
341,240,137,106,620,712,363
520,567,100,109,601,672,363
8,77,21,43,561,596,363
281,262,65,132,572,620,363
0,33,33,92,530,552,363
0,48,54,48,533,568,363
11,72,32,77,495,474,363
111,150,72,105,588,650,363
0,27,124,98,524,495,363
141,195,150,76,593,679,363
135,184,47,81,567,662,363
458,464,84,128,566,615,363
667,397,223,156,682,781,363
0,36,124,109,575,647,363
123,199,72,118,541,549,364
531,381,108,87,633,730,364
0,36,25,50,548,613,364
343,123,129,77,638,683,364
4,56,30,51,511,430,364
32,87,14,88,504,525,364
950,986,147,162,644,734,364
364,294,175,93,619,668,364
309,182,221,105,637,724,364
680,610,76,165,633,732,364
40,74,49,50,574,668,364
18,78,17,58,509,466,364
36,97,52,65,565,579,364
251,140,80,36,632,673,364
464,261,254,102,670,777,364
254,259,118,88,591,632,364
68,129,48,107,559,584,364
146,203,64,86,532,591,364
0,56,51,71,568,617,364
258,285,146,127,600,682,364
5,67,14,61,528,581,364
0,35,45,81,548,594,364
9,75,17,39,535,584,365
33,82,52,59,539,609,365
147,164,71,62,573,616,365
60,95,95,93,568,579,365
297,234,108,88,627,695,365
95,163,150,113,580,645,365
142,162,13,63,544,561,365
58,123,40,97,539,546,365
131,199,54,134,551,583,365
152,135,80,78,585,667,365
206,290,108,123,576,604,365
39,96,42,100,545,644,365
345,200,133,71,629,714,365
63,94,50,106,544,578,365
51,85,56,66,610,583,365
0,22,39,81,481,460,366
489,451,136,137,627,718,366
410,294,144,120,617,684,366
262,194,174,82,656,754,366
25,96,16,80,556,646,366
18,74,95,90,515,301,366
481,418,150,148,637,719,366
559,566,91,180,642,734,366
669,339,185,138,676,778,366
35,78,54,70,582,666,366
3,45,82,74,574,621,366
0,45,35,75,543,570,366
86,115,69,66,554,597,366
301,187,126,71,593,670,367
18,65,85,60,569,637,367
32,100,68,78,549,547,367
180,222,158,121,617,711,367
4,51,130,76,569,618,367
407,399,123,166,627,710,367
51,117,84,87,581,673,367
130,212,139,93,594,670,367
100,112,59,84,578,632,367
0,26,82,58,530,547,367
339,185,128,63,592,629,367
756,668,170,166,634,722,367
303,179,102,107,634,734,367
223,143,118,83,601,666,367
72,98,106,117,602,664,368
34,94,26,48,554,581,368
410,404,154,115,614,689,368
203,210,73,92,603,686,368
366,444,22,102,575,642,368
302,212,137,102,601,657,368
30,97,23,60,552,635,368
64,94,97,60,561,620,368
295,247,116,102,604,644,368
13,73,22,74,539,564,368
243,240,110,66,575,621,368
422,461,66,131,571,609,368
112,168,30,80,524,570,368
89,110,92,54,560,614,368
25,62,24,47,541,602,369
476,224,142,92,644,723,369
178,139,114,79,575,635,369
442,230,102,103,652,742,369
43,101,71,64,557,615,369
650,456,269,133,662,747,369
948,894,245,195,690,805,369
86,105,78,61,588,636,369
535,386,80,102,649,741,369
256,196,105,63,593,635,369
267,298,83,112,608,666,369
81,99,58,82,524,542,370
25,87,69,65,580,666,370
221,167,29,80,606,694,370
36,91,27,57,521,535,370
176,203,41,88,550,572,370
376,279,69,120,613,688,370
108,186,106,146,563,605,370
166,196,123,104,602,674,370
219,257,105,126,579,617,370
75,116,100,83,588,662,370
477,399,164,77,636,709,370
481,289,122,101,670,761,370
136,184,75,99,570,610,370
99,91,84,114,592,663,371
79,106,17,66,554,610,371
265,223,165,100,637,712,371
2,63,15,80,528,586,371
188,146,145,128,598,669,371
356,171,117,70,636,712,371
239,141,76,102,575,627,371
477,484,117,169,592,654,371
150,183,46,94,576,666,371
847,491,170,131,678,754,371
208,275,90,101,584,640,371
331,351,136,140,620,693,371
0,46,48,74,535,545,371
26,90,88,103,554,609,371
0,38,20,85,520,539,371
122,154,77,65,572,634,372
105,158,90,104,564,633,372
161,236,41,124,538,571,372
40,80,76,62,543,505,372
319,361,76,97,589,675,372
264,160,174,73,621,693,372
358,318,89,159,598,654,372
46,104,79,64,568,602,373
161,216,42,110,575,637,373
0,56,39,58,541,505,373
529,480,157,169,629,713,373
82,161,71,95,582,622,373
120,165,114,90,573,648,373
466,294,58,90,611,706,373
358,396,120,124,623,717,373
787,758,109,183,618,686,373
936,800,144,233,640,722,373
427,199,121,83,625,686,373
0,61,66,79,508,432,374
561,231,141,72,662,740,374
244,236,110,134,589,645,374
142,190,78,71,579,627,374
90,148,89,101,573,654,374
0,25,23,25,553,647,374
0,44,55,73,532,588,374
0,41,55,43,562,604,374
50,98,26,60,533,536,374
21,62,17,64,544,591,374
22,60,69,69,559,625,374
303,208,157,87,623,700,375
53,117,33,92,585,652,375
0,33,19,69,532,552,375
700,291,179,136,673,758,375
0,22,37,65,499,511,375
0,21,115,66,551,614,375
639,469,26,92,612,678,375
79,144,62,114,538,602,375
231,260,87,88,564,622,375
81,88,131,103,598,665,375
0,42,113,115,576,649,375
78,135,19,97,526,571,375
60,145,27,100,533,563,375
147,161,39,104,568,614,375
175,242,145,103,595,652,375
406,307,216,131,630,715,375
0,44,78,61,539,584,375
197,246,102,100,567,555,375
71,97,57,44,573,636,375
58,119,28,98,528,585,375
273,237,144,97,636,730,375
0,34,18,81,519,579,375
9,50,61,53,571,651,375
52,107,59,67,552,586,376
495,264,153,105,619,699,376
20,59,137,92,591,627,376
190,186,175,117,600,652,376
198,189,67,118,578,647,376
190,198,54,120,562,625,376
878,338,203,98,685,767,376
36,98,94,72,559,630,376
142,108,47,74,602,677,376
0,55,44,59,520,512,376
92,87,48,77,566,604,376
34,92,48,100,547,571,376
324,164,141,99,605,671,376
265,165,190,92,622,674,376
0,23,71,52,564,634,376
98,153,145,123,571,634,376
451,507,105,123,605,690,377
162,226,118,114,592,634,377
231,203,70,111,598,665,377
270,266,180,145,624,706,377
102,140,14,65,535,548,377
38,90,37,87,523,565,377
359,399,102,113,584,621,377
96,155,75,146,582,644,377
58,92,92,85,568,614,377
0,52,33,73,537,559,377
407,233,192,133,636,714,377
30,78,30,66,520,536,377
14,57,55,46,557,600,377
348,368,107,138,598,685,377
90,137,79,92,573,625,377
764,501,288,164,670,776,377
19,55,13,35,565,619,377
34,101,17,97,502,567,378
602,249,268,105,676,764,378
0,37,73,57,567,646,378
201,194,52,104,600,665,378
82,155,47,68,562,643,378
755,247,287,95,723,828,378
73,103,78,93,588,654,378
201,240,136,109,621,713,378
7,47,53,85,536,578,378
93,106,70,109,552,590,378
0,32,42,46,533,578,378
116,197,45,105,548,585,378
0,23,48,63,514,0,378
472,405,98,98,613,689,379
0,22,47,67,488,516,379
0,29,50,79,532,598,379
15,48,40,51,530,530,379
308,296,93,80,609,693,379
0,39,93,69,533,565,379
480,452,95,84,614,695,379
93,137,78,66,571,656,379
11,73,13,89,475,370,379
52,110,160,85,596,676,379
0,28,26,38,545,576,379
365,179,231,115,683,766,379
41,102,91,93,515,561,379
197,273,71,102,559,567,380
274,198,110,105,582,651,380
7,62,116,74,568,628,380
927,460,254,136,694,790,380
586,377,234,105,688,783,380
260,316,68,69,579,653,380
381,237,290,129,696,777,380
42,97,74,100,581,655,380
19,64,25,84,568,631,380
7,44,53,52,577,640,380
339,285,119,148,630,727,380
359,283,53,83,598,676,380
376,251,61,93,557,597,380
485,559,182,151,608,683,380
915,432,308,135,710,809,380
104,108,95,80,602,673,380
188,130,112,86,605,669,380
88,111,148,85,601,682,380
186,263,61,116,565,631,380
469,316,144,122,642,734,381
274,159,97,76,603,623,381
520,355,78,88,614,701,381
2,56,57,96,549,577,381
573,294,206,121,670,754,381
52,110,95,122,575,632,381
343,331,64,115,618,690,381
102,100,86,60,609,657,381
422,401,241,161,666,756,381
0,43,70,62,545,591,382
173,245,66,105,560,566,382
172,189,117,113,577,632,382
577,301,240,114,651,743,382
0,22,35,119,494,513,382
11,43,100,42,550,601,382
92,157,25,76,540,578,382
284,338,125,129,593,691,382
539,562,56,123,568,591,382
0,26,105,106,544,599,382
876,685,298,201,717,831,382
0,55,106,66,548,617,382
974,641,273,143,677,773,382
179,228,70,93,543,607,382
154,180,76,143,564,630,383
0,29,48,54,537,526,383
146,80,163,84,633,709,383
81,89,27,96,529,547,383
282,159,106,69,619,678,383
130,141,66,84,543,563,383
405,411,28,94,559,584,383
0,51,40,110,480,0,383
72,100,19,71,558,591,383
684,371,190,116,660,752,383
871,605,226,199,700,796,383
434,203,149,85,642,714,383
287,301,140,108,618,693,383
55,69,63,86,571,616,383
49,99,124,97,542,552,383
56,108,74,67,560,619,384
0,25,33,50,542,598,384
214,297,47,97,554,591,384
270,220,134,97,616,708,384
209,262,94,114,587,669,384
87,147,125,114,585,676,384
179,253,164,147,600,666,384
474,163,204,88,670,774,384
262,210,59,120,561,628,384
8,55,31,74,432,186,384
89,159,27,94,547,636,384
948,536,172,119,674,768,384
35,104,123,139,567,614,384
67,91,55,108,516,521,384
9,60,56,93,581,661,384
79,156,59,119,554,629,384
593,563,143,191,634,751,384
65,112,71,103,581,672,384
124,139,118,139,566,609,384
66,116,67,61,545,569,384
752,649,88,189,639,723,384
0,41,20,75,481,484,385
768,230,272,107,679,770,385
0,46,75,112,569,626,385
4,72,22,65,508,434,385
805,323,230,160,701,795,385
0,34,125,71,570,628,385
10,61,59,67,555,623,385
29,95,66,129,542,583,385
194,221,153,148,604,653,385
244,309,89,166,573,661,385
390,258,246,112,652,732,385
0,53,18,67,535,528,385
544,401,173,76,628,705,385
103,160,25,61,579,669,386
314,217,135,87,622,705,386
85,75,100,115,587,676,386
140,151,28,56,551,582,386
276,292,122,138,600,692,386
132,187,111,139,601,667,386
25,88,29,111,513,512,386
0,41,41,34,517,496,386
0,38,28,82,466,410,386
336,280,152,152,624,716,386
30,75,37,66,553,589,386
284,255,171,89,604,692,386
0,51,75,95,543,550,386
19,67,49,69,545,603,386
28,93,148,129,531,206,386
9,70,106,90,554,564,386
252,271,80,117,575,624,386
10,57,106,73,570,620,386
694,402,225,94,669,751,386
606,373,271,222,709,799,386
854,692,141,153,658,754,386
89,143,77,79,564,584,386
522,567,118,186,603,659,386
0,24,16,71,449,0,386
531,406,145,115,626,680,386
196,186,94,120,546,550,386
459,479,142,123,634,711,387
852,515,275,79,696,790,387
19,64,48,63,527,497,387
16,71,16,57,480,0,387
692,521,111,132,616,692,387
0,26,31,75,542,580,387
53,126,67,69,553,613,387
479,460,157,110,640,728,387
0,38,62,104,531,563,387
744,291,269,137,694,788,387
200,118,177,89,638,709,387
8,59,120,100,588,640,387
232,214,39,95,556,559,387
4,51,54,64,547,635,388
278,136,66,51,616,689,388
479,429,75,109,614,697,388
233,246,111,112,576,601,388
118,133,68,126,595,652,388
0,39,33,29,510,452,388
446,345,152,114,623,709,388
196,179,94,57,602,665,388
144,165,94,146,607,676,388
53,119,51,132,545,583,388
18,58,110,75,570,623,388
0,28,16,37,537,577,388
43,96,45,62,553,615,388
386,304,15,49,595,635,388
577,477,174,117,646,731,388
488,374,93,102,609,689,389
0,38,21,52,513,560,389
271,122,137,103,615,678,389
179,170,107,94,583,634,389
71,85,161,114,633,729,389
27,68,122,70,552,593,389
117,205,46,71,485,344,389
915,749,169,178,651,731,389
129,169,55,115,567,620,389
25,99,47,55,549,580,389
391,339,137,131,647,724,389
3,43,79,70,564,616,389
10,60,52,94,504,442,389
562,332,158,83,640,726,389
931,806,160,143,696,791,389
131,127,161,108,651,709,390
94,138,52,71,567,632,390
63,92,50,82,581,640,390
289,270,110,110,599,680,390
364,328,96,128,609,669,390
0,39,20,75,501,546,390
0,44,18,55,498,428,390
478,306,161,104,637,711,390
9,71,82,94,534,506,390
165,154,93,125,617,706,390
21,70,107,88,592,644,390
0,45,71,107,560,639,390
615,286,181,113,651,713,390
0,40,20,78,536,547,391
49,95,90,110,550,617,391
80,115,54,121,550,493,391
60,108,79,86,549,592,391
578,364,196,122,671,755,391
455,193,42,85,610,655,391
234,261,138,218,624,667,391
48,82,16,57,508,532,391
0,21,34,95,473,248,391
294,164,86,89,616,682,391
82,113,81,99,564,613,391
82,123,37,88,582,659,391
296,224,63,94,540,555,391
0,22,30,67,553,617,392
136,216,43,137,523,449,392
657,454,130,112,617,680,392
0,21,53,45,523,594,392
0,32,35,57,562,581,392
229,242,75,98,560,620,392
367,253,115,79,602,664,392
97,127,139,82,571,589,392
45,87,93,87,545,579,392
138,127,70,106,548,571,392
636,560,225,197,664,748,392
77,148,38,83,529,508,392
512,264,70,114,626,711,392
620,539,193,191,632,701,392
49,107,71,123,554,563,392
137,209,115,96,578,633,392
546,388,170,130,663,750,393
156,179,51,116,576,621,393
262,304,53,68,601,670,393
7,55,52,79,544,559,393
259,228,143,138,632,717,393
56,123,105,77,564,609,393
104,137,115,107,578,627,393
0,23,18,91,496,531,393
334,354,48,142,599,652,393
92,111,17,71,573,617,393
328,245,161,68,630,693,393
24,70,44,76,529,602,393
427,194,166,114,656,753,393
475,337,153,149,636,728,393
404,306,112,91,628,701,393
144,207,50,122,515,562,393
63,142,19,92,510,489,393
913,535,219,160,681,771,393
236,231,81,122,571,598,394
230,182,89,56,605,651,394
0,30,36,85,503,472,394
755,540,105,175,628,709,394
147,168,95,112,607,699,394
534,395,159,122,631,708,394
67,87,135,61,597,673,394
262,145,96,70,643,711,394
216,148,82,83,578,630,394
970,370,278,135,684,774,394
264,273,87,127,598,653,394
519,330,199,113,687,781,394
413,192,183,111,663,742,395
732,248,183,91,681,763,395
47,106,53,106,516,559,395
164,192,102,93,588,634,395
980,517,272,222,696,791,395
185,164,129,58,616,710,395
0,31,32,97,530,570,395
334,236,130,92,626,727,395
14,60,65,69,558,630,395
26,69,49,46,560,635,395
152,152,34,60,583,652,395
62,84,79,91,563,618,395
508,481,190,162,635,729,395
265,305,50,133,588,689,395
139,157,197,142,628,714,395
192,214,70,116,598,688,395
213,126,31,69,562,554,395
18,68,69,73,547,595,396
105,181,39,61,579,630,396
142,194,72,53,565,607,396
6,49,84,76,555,594,396
53,98,49,99,552,610,396
221,154,153,77,616,691,396
762,461,211,169,715,806,396
607,415,178,139,648,737,396
876,735,196,191,705,812,396
610,374,181,89,668,772,396
97,152,123,97,579,642,396
16,80,31,128,528,601,396
25,62,72,70,559,637,396
378,458,88,127,603,684,396
58,126,22,68,494,0,396
113,187,63,112,554,616,396
489,489,122,124,602,668,396
100,162,27,78,583,651,396
43,110,73,103,548,587,396
239,283,14,110,532,597,396
84,126,61,50,570,660,396
8,55,57,68,508,533,397
68,92,64,59,562,628,397
184,227,97,167,598,666,397
945,734,196,138,688,779,397
499,223,115,82,634,707,397
637,462,157,93,655,764,397
20,68,131,87,594,666,397
312,163,36,52,604,687,397
790,602,159,105,652,740,397
354,356,149,155,617,682,397
475,208,242,93,678,760,398
303,242,159,95,632,720,398
52,118,22,65,528,521,398
28,85,14,48,489,0,398
627,385,132,138,660,758,398
217,267,168,155,608,692,398
585,487,102,121,610,692,398
39,79,82,116,523,482,398
234,249,67,129,567,630,398
415,243,89,104,625,700,398
108,126,213,147,637,729,398
581,307,149,85,654,725,398
193,147,119,97,623,709,398
110,186,34,122,528,579,398
165,126,87,94,581,626,398
596,381,192,127,648,752,398
281,212,233,113,656,733,398
243,213,187,160,611,674,399
0,25,89,81,556,647,399
733,728,123,204,608,703,399
0,46,65,57,503,488,399
387,300,50,103,564,577,399
17,81,82,136,522,546,399
65,92,108,56,601,678,399
93,77,186,92,593,651,399
0,33,31,68,514,463,399
326,216,74,97,584,663,399
32,83,34,59,523,542,399
911,695,129,139,660,760,399
24,74,59,108,546,621,399
580,508,140,75,646,749,399
50,97,40,83,506,555,400
157,210,90,159,600,679,400
374,180,211,115,638,703,400
0,24,35,87,480,516,400
7,30,19,49,527,563,400
0,48,34,78,557,612,400
651,432,209,194,656,743,400
369,366,56,129,562,615,400
620,490,239,202,681,789,400
66,61,68,86,573,599,400
94,90,50,60,542,595,400
0,28,127,97,570,646,400
66,85,66,53,564,601,400
303,402,51,159,544,603,400
74,113,39,88,546,596,400
175,256,47,129,565,566,400
771,523,212,135,682,773,400
12,77,78,89,543,601,400
44,94,51,62,529,571,400
253,187,145,119,634,713,400
91,115,33,60,558,612,400
7,50,77,100,545,582,401
576,375,154,141,653,749,401
0,34,39,68,513,580,401
153,183,104,116,601,661,401
163,124,116,85,581,624,401
77,122,27,38,556,571,401
215,286,49,73,578,650,401
0,25,95,109,521,484,401
31,65,60,65,555,605,401
81,151,19,96,536,566,401
60,134,30,90,556,623,401
15,47,99,85,556,626,401
108,108,157,103,613,687,401
456,474,61,77,579,667,401
112,128,30,76,551,616,401
954,769,161,157,666,757,401
414,390,171,132,619,712,401
81,140,63,93,528,571,401
0,34,61,38,567,645,401
92,142,13,25,553,582,401
45,116,88,117,562,635,401
166,178,103,81,625,717,402
130,170,112,148,543,563,402
0,30,30,57,490,436,402
90,111,13,62,557,608,402
374,450,147,208,611,704,402
556,261,205,94,664,767,402
554,562,118,143,617,698,402
699,221,271,96,688,769,402
366,183,250,106,660,745,402
442,444,72,67,576,635,402
0,27,71,68,560,620,402
12,72,34,66,503,415,403
40,101,53,85,534,483,403
28,82,97,129,565,612,403
52,71,135,134,563,594,403
13,34,103,94,566,625,403
178,156,26,78,556,584,403
161,199,102,102,560,629,403
0,42,45,34,546,601,403
588,404,142,113,620,717,403
294,229,64,90,589,665,403
406,295,147,118,642,726,403
253,316,87,102,569,583,403
373,260,151,119,619,707,403
51,101,94,78,542,561,403
204,143,100,122,572,629,403
0,52,29,44,544,628,403
127,174,41,80,569,639,403
3,55,54,63,529,581,404
227,287,80,111,556,593,404
0,44,18,66,495,531,404
0,55,15,84,489,7,404
395,379,153,92,652,747,404
24,69,133,113,566,600,404
0,31,67,48,508,511,404
466,320,77,129,610,688,404
0,20,16,52,493,549,404
7,60,18,75,492,402,404
613,571,147,186,599,669,404
167,203,89,150,547,599,404
462,193,213,103,670,751,404
571,380,220,113,662,753,404
27,84,142,73,584,617,405
484,403,131,90,638,729,405
599,433,110,155,626,706,405
114,129,108,71,567,604,405
161,205,66,97,564,612,405
304,168,96,87,626,701,405
514,280,130,109,637,730,405
538,442,113,145,642,730,405
10,58,49,93,508,0,405
820,442,198,113,661,716,405
259,145,213,87,648,722,406
449,451,153,110,592,668,406
25,52,49,82,556,625,406
693,397,159,148,660,754,406
0,32,62,36,566,609,406
214,190,45,91,622,683,406
249,207,134,67,601,658,406
76,111,65,85,561,616,406
14,54,38,43,559,629,406
588,496,205,123,648,735,406
706,210,265,82,693,790,406
122,202,25,79,571,646,406
904,561,161,169,674,765,406
443,506,193,165,659,762,406
114,153,87,117,574,649,407
101,95,126,79,595,658,407
0,40,25,50,562,568,407
398,350,145,129,588,655,407
249,236,128,111,628,719,407
49,93,28,82,548,605,407
373,402,72,155,546,596,407
48,96,21,61,506,543,407
32,91,61,86,582,619,407
55,122,38,91,532,560,407
282,253,117,141,572,637,407
10,55,24,66,559,624,407
346,329,157,106,587,605,407
0,26,88,41,554,601,407
180,126,190,137,622,714,407
62,126,23,85,543,602,407
101,105,76,85,532,487,407
351,274,172,95,618,688,407
626,496,186,128,652,748,408
0,21,77,46,547,567,408
513,423,176,110,658,750,408
274,312,111,135,567,568,408
792,659,222,216,678,772,408
550,505,173,142,639,707,408
0,44,29,60,538,633,408
545,514,56,104,601,686,408
140,193,71,65,579,634,408
120,175,100,114,601,695,408
640,386,112,106,625,698,408
25,100,84,111,555,555,408
0,31,81,74,565,630,408
75,125,54,100,563,618,408
49,92,160,94,587,629,408
166,133,144,66,610,696,408
311,342,94,160,571,627,408
21,45,63,61,541,538,409
0,30,133,112,567,596,409
0,33,81,68,534,450,409
313,205,76,74,541,487,409
513,225,92,99,624,668,409
70,65,48,70,554,539,409
42,102,90,128,517,291,409
927,537,162,133,695,791,409
142,174,74,97,573,615,409
420,391,59,102,539,641,409
594,485,161,139,652,734,409
93,98,47,54,565,658,409
255,206,117,87,574,624,409
217,157,117,94,618,678,409
511,411,126,161,629,710,409
0,27,43,46,556,632,409
65,115,36,66,563,620,409
39,57,17,43,561,567,409
95,120,59,88,593,669,409
0,43,32,63,558,656,409
133,149,109,101,589,658,410
88,103,45,77,591,654,410
65,135,39,122,550,577,410
12,50,18,67,538,570,410
0,46,60,58,546,618,410
850,550,183,198,682,769,410
375,211,140,120,631,706,410
316,375,74,117,568,618,410
236,256,143,115,590,649,410
0,37,70,75,556,619,410
208,127,110,102,627,706,410
209,170,134,114,569,625,410
114,99,100,49,599,638,410
302,316,156,97,602,681,410
335,231,72,60,595,663,410
0,30,21,66,515,594,410
121,147,141,66,576,623,410
369,135,187,67,668,759,410
269,186,148,121,610,689,410
172,184,19,49,553,609,410
0,45,44,90,562,587,410
49,103,43,94,551,571,410
303,303,38,94,587,635,410
93,110,38,48,585,691,411
194,193,28,38,566,643,411
190,191,101,84,597,673,411
0,29,58,57,507,514,411
0,51,61,99,524,602,411
377,283,41,124,588,673,411
0,42,24,50,496,491,411
253,295,97,117,579,633,411
944,759,209,177,660,737,412
71,130,99,99,545,548,412
0,28,43,66,546,600,412
277,374,34,117,579,669,412
926,514,234,128,645,749,412
650,617,219,133,659,744,412
61,103,24,92,513,544,412
293,316,163,155,603,659,412
0,36,68,65,559,613,412
1,59,51,69,514,528,412
0,26,34,80,515,578,412
288,224,74,80,619,684,412
0,38,14,46,510,545,412
85,142,59,91,561,611,412
274,203,110,79,590,610,413
7,26,13,49,536,613,413
437,450,39,108,601,676,413
773,437,196,142,678,765,413
301,222,109,139,605,689,413
305,177,106,75,626,709,413
731,541,157,131,659,754,413
577,376,194,100,639,724,413
536,324,194,141,644,707,413
11,70,34,45,558,612,413
178,220,52,124,598,666,413
184,184,92,74,595,653,413
0,27,73,73,575,647,414
9,60,25,60,488,458,414
244,237,89,130,577,601,414
429,331,67,82,599,682,414
103,143,107,80,580,659,414
37,68,86,57,572,642,414
933,340,337,113,721,813,414
277,213,140,81,627,707,414
637,445,271,159,654,728,414
234,263,147,166,590,644,414
89,152,74,84,577,621,414
114,140,99,136,590,666,414
20,67,37,49,545,568,414
240,261,162,88,591,657,414
137,128,53,74,572,650,414
469,255,166,98,633,717,414
115,180,43,91,541,579,414
410,248,213,80,653,723,415
77,94,91,63,620,721,415
162,221,38,104,546,554,415
0,51,55,60,538,590,415
91,132,36,57,587,668,415
575,315,158,96,620,687,415
96,164,60,109,565,631,415
421,448,89,107,584,636,415
89,113,51,79,553,565,415
445,301,131,155,627,703,415
69,93,47,64,564,639,415
11,54,62,83,578,642,415
216,238,65,91,598,667,416
0,42,91,109,574,661,416
0,42,45,60,535,475,416
52,84,64,54,574,622,416
136,208,57,93,556,621,416
290,267,89,100,600,669,416
115,192,48,98,562,589,416
125,213,82,131,583,670,416
0,38,87,59,557,616,416
334,197,149,100,615,661,416
192,122,162,109,608,683,416
9,50,45,75,513,555,416
100,156,21,60,556,604,416
505,250,113,76,641,723,416
503,402,132,151,609,680,416
45,94,36,84,531,518,416
274,109,115,59,631,679,417
323,325,41,105,578,632,417
326,321,163,110,613,670,417
309,247,101,99,625,717,417
0,23,25,90,524,593,417
424,404,144,144,626,708,417
52,111,85,55,575,637,417
282,257,136,106,606,677,417
91,148,68,68,592,674,417
29,58,100,61,573,592,417
152,194,85,98,598,674,417
22,33,132,95,614,697,417
441,343,179,78,636,710,417
418,257,247,154,682,767,417
394,243,225,114,651,743,417
238,289,151,134,569,601,417
544,466,121,124,656,744,417
305,361,98,119,588,668,418
7,73,18,79,495,403,418
3,53,49,84,503,480,418
355,384,77,101,581,639,418
288,294,238,106,639,730,418
812,718,172,142,644,734,418
0,51,66,74,535,549,418
29,80,130,97,604,664,418
22,55,73,105,567,590,418
22,77,18,50,542,557,418
374,262,76,93,600,688,418
0,28,87,50,562,635,418
156,196,51,125,552,610,418
346,265,184,123,647,733,418
415,462,122,153,597,662,418
141,131,36,70,556,608,418
291,282,82,85,580,631,418
262,253,81,76,607,677,419
294,315,108,156,602,667,419
274,357,23,92,524,546,419
196,135,53,80,607,665,419
0,34,20,84,545,596,419
228,250,45,110,563,563,419
179,182,141,79,590,642,419
322,192,60,76,624,694,419
161,169,38,103,553,604,419
272,176,120,88,599,658,419
0,29,62,72,537,558,420
223,145,141,137,624,695,420
225,228,118,104,616,709,420
18,62,54,52,543,604,420
0,34,68,100,566,661,420
345,193,192,75,629,712,420
178,131,151,95,602,651,420
67,123,32,71,558,592,420
89,159,19,100,524,512,420
476,384,110,122,614,699,420
187,136,180,105,620,668,420
24,61,16,52,539,549,420
89,122,49,108,536,555,420
297,383,36,112,574,617,420
117,114,56,73,581,617,420
183,167,179,104,630,707,420
20,47,76,57,600,681,421
276,263,162,140,603,676,421
437,231,167,121,661,756,421
56,117,13,87,555,622,421
8,65,66,57,545,532,421
336,207,223,134,646,732,421
2,58,38,82,521,576,421
134,123,75,75,576,615,421
26,89,49,90,510,499,421
180,191,102,117,591,666,421
105,137,43,78,572,646,421
81,66,118,87,607,679,421
180,143,50,105,584,648,421
797,675,67,119,645,723,422
123,99,88,92,582,651,422
60,120,24,79,554,610,422
133,178,16,68,547,585,422
668,335,122,103,642,729,422
228,253,113,95,583,641,422
52,112,81,98,572,650,422
557,343,161,75,642,725,422
107,139,74,84,587,641,422
50,89,75,109,572,606,422
2,42,46,62,545,571,422
0,32,32,66,520,501,423
14,68,29,56,550,600,423
69,119,40,94,551,577,423
810,444,167,132,666,757,423
535,309,121,110,624,716,423
458,408,164,97,632,725,423
44,125,73,71,547,601,423
41,91,57,82,549,566,423
0,53,46,74,508,312,423
10,47,127,121,593,665,423
230,317,111,167,577,607,423
208,171,53,101,596,673,423
155,218,104,105,589,644,423
101,123,23,125,490,430,423
266,224,136,91,634,728,423
10,60,120,78,631,696,423
0,31,65,93,539,537,423
138,152,71,61,580,622,423
667,410,214,126,646,730,423
100,110,69,106,593,679,423
128,128,43,59,582,632,423
231,148,81,72,613,664,424
213,277,112,95,552,562,424
349,232,116,78,620,706,424
0,24,25,80,544,590,424
75,142,98,82,554,612,424
49,104,31,64,562,645,424
265,277,102,146,602,674,424
174,186,49,110,578,652,424
0,39,21,77,523,508,424
82,60,78,52,593,656,424
139,108,133,84,611,693,424
94,173,52,90,545,521,424
58,130,29,55,532,560,424
53,53,76,90,598,683,424
0,58,25,65,483,0,424
0,45,100,71,560,616,424
464,274,175,152,673,780,424
268,152,113,82,644,705,424
150,161,118,103,601,671,424
391,438,117,137,599,670,424
0,23,117,74,539,572,424
0,58,29,96,519,449,424
133,197,99,126,545,553,424
225,307,41,120,560,615,424
220,289,65,99,549,553,425
109,149,24,89,567,604,425
660,440,195,98,648,736,425
638,598,84,149,625,702,425
453,285,125,98,613,685,425
8,54,92,97,564,640,425
317,293,61,112,593,653,425
597,386,217,104,646,734,425
117,118,74,123,559,606,425
344,262,81,103,585,640,426
310,325,104,93,599,681,426
42,89,122,100,593,672,426
241,221,149,127,638,728,426
0,49,32,91,529,601,426
0,43,45,49,499,522,426
13,42,121,90,563,599,426
708,617,186,191,632,720,426
0,52,28,46,548,587,426
99,165,62,95,545,575,426
125,162,126,147,589,654,426
180,255,31,128,542,542,426
6,57,90,96,554,582,426
799,754,213,195,653,733,426
268,241,87,109,586,649,426
205,211,143,106,613,687,426
0,26,69,105,552,641,426
947,405,296,123,696,794,426
65,112,54,74,565,621,427
484,269,214,90,668,749,427
58,134,29,90,558,604,427
24,51,22,58,534,526,427
8,41,113,60,568,615,427
564,306,318,167,693,785,427
22,96,15,95,389,0,427
0,56,19,68,532,525,427
38,70,61,67,552,626,427
185,194,71,98,615,700,427
26,77,38,75,528,569,427
148,130,79,130,573,642,427
81,153,82,96,552,604,427
414,284,110,122,602,673,427
57,95,58,66,520,578,427
172,107,125,93,626,707,427
775,430,205,120,641,714,428
246,326,25,146,480,361,428
138,170,87,113,572,659,428
149,209,24,66,577,628,428
263,228,79,127,614,690,428
87,76,81,124,546,580,428
763,617,212,178,678,771,428
210,221,84,89,562,589,428
10,49,143,59,588,646,428
223,155,77,109,602,665,428
168,176,135,128,593,668,428
56,79,51,71,566,638,428
433,382,188,142,647,747,428
53,130,14,107,513,561,428
56,76,153,144,563,632,428
93,153,114,75,587,624,428
0,33,135,59,571,641,428
219,286,70,182,547,598,428
7,56,18,76,514,460,428
84,151,40,79,553,619,428
315,211,171,124,618,688,428
159,219,98,190,616,710,428
132,178,112,135,587,677,428
0,35,29,65,540,608,428
40,107,25,101,533,570,428
697,530,160,207,656,769,429
494,419,93,77,627,700,429
433,318,156,136,623,689,429
174,164,34,52,587,640,429
589,417,175,94,653,732,429
662,647,189,134,642,709,429
311,396,83,161,575,654,429
116,131,89,83,571,618,429
140,112,123,81,593,651,429
255,272,77,141,569,643,429
673,373,250,188,689,783,429
121,126,107,104,585,646,429
214,225,108,122,574,573,429
946,614,244,242,694,802,430
169,224,84,84,555,591,430
239,274,87,108,580,622,430
394,389,50,101,576,631,430
155,144,35,71,563,626,430
227,150,168,105,623,707,430
42,108,48,141,524,611,430
11,30,15,41,554,622,430
17,87,32,104,454,0,430
171,216,98,113,583,644,430
0,45,51,97,558,617,431
84,103,91,99,577,640,431
571,437,164,179,656,752,431
258,243,114,112,610,695,431
131,207,59,99,552,600,431
60,126,23,84,518,546,431
173,245,99,113,582,662,431
103,146,25,75,548,545,431
275,373,32,100,577,652,431
0,44,65,123,497,543,431
0,42,40,66,525,554,431
301,199,45,48,582,659,431
181,144,24,68,564,602,431
29,60,110,71,566,625,431
79,125,75,102,583,644,431
466,274,33,89,588,641,431
25,76,38,84,519,512,431
0,32,54,90,525,486,431
0,35,19,35,523,554,431
129,207,14,135,483,430,431
33,81,68,57,581,648,431
210,268,44,111,585,667,431
25,80,77,77,564,572,432
84,91,133,84,576,620,432
77,59,76,85,597,670,432
30,80,55,52,553,593,432
144,164,167,128,622,712,432
36,82,101,120,579,653,432
390,357,100,178,602,684,432
906,676,209,149,658,748,432
13,48,27,50,496,0,432
0,34,89,65,558,605,432
132,138,116,141,582,671,432
340,281,150,94,595,658,432
62,116,15,81,547,550,432
77,143,38,112,525,492,432
50,97,52,76,553,595,432
823,359,315,141,685,762,432
5,45,34,80,567,626,432
887,761,190,181,659,749,432
116,101,31,85,543,526,432
16,60,93,72,572,624,433
337,249,176,111,663,756,433
218,160,34,71,596,675,433
474,396,176,123,628,711,433
57,130,60,108,513,564,433
6,47,35,70,545,608,433
55,88,108,115,575,645,433
68,111,70,84,541,603,433
0,22,31,63,543,569,433
9,45,126,103,547,565,433
390,211,127,126,637,706,433
217,179,83,104,556,574,433
104,107,99,69,610,699,433
264,256,56,75,580,633,433
41,73,53,59,551,616,434
159,128,96,108,593,647,434
680,577,150,159,639,710,434
8,39,28,59,527,541,434
212,258,42,73,531,471,434
252,218,138,113,597,692,434
187,205,74,108,554,646,434
236,144,22,82,595,653,434
466,365,164,180,641,738,434
82,119,85,99,538,596,434
48,66,98,75,563,644,434
154,245,51,118,532,567,434
559,378,79,98,638,736,434
266,302,72,129,580,619,434
310,357,96,138,591,655,434
97,73,137,72,580,586,435
35,84,57,63,532,539,435
207,290,127,177,595,668,435
820,526,237,133,678,770,435
62,114,23,54,554,595,435
53,119,36,104,519,499,435
0,29,139,84,555,617,435
0,29,37,53,508,476,435
111,150,74,133,558,620,435
113,155,72,79,555,620,435
36,90,72,71,567,612,435
503,519,123,188,608,699,435
38,95,104,61,552,631,435
217,180,73,95,575,608,435
331,398,45,80,589,647,435
89,180,116,116,552,564,435
594,316,161,132,649,723,435
39,92,103,115,554,571,436
294,196,121,116,625,698,436
195,160,19,59,526,478,436
41,108,25,48,530,524,436
26,57,64,46,561,656,436
141,149,62,60,567,603,437
625,361,208,128,669,770,437
65,122,136,56,576,626,437
642,500,118,145,540,564,437
286,221,107,124,617,701,437
227,248,153,99,612,699,437
0,35,63,95,547,609,437
21,68,36,59,519,570,437
83,121,91,104,568,663,437
195,271,73,114,557,624,437
166,140,29,56,578,632,437
182,202,92,116,555,574,437
0,58,37,47,519,562,437
25,66,57,87,558,633,437
0,26,49,79,520,604,437
133,162,86,94,566,643,437
502,248,41,61,628,709,437
167,173,111,88,599,677,437
510,248,170,100,634,696,437
824,359,222,95,671,754,437
551,331,157,103,634,709,438
195,166,170,85,648,752,438
221,269,143,156,596,660,438
102,114,41,58,565,643,438
0,21,60,66,541,610,438
771,581,146,152,635,727,438
0,49,24,55,519,512,438
252,170,177,83,612,701,438
38,95,55,95,550,631,438
373,425,75,163,559,585,438
216,142,196,88,630,707,438
490,448,131,148,608,690,438
72,60,110,91,613,705,438
68,125,102,78,554,589,438
143,150,54,76,579,649,438
375,454,210,139,619,711,438
169,158,74,121,548,589,438
9,58,155,125,611,697,438
444,396,126,101,631,725,438
171,218,110,133,579,666,438
230,217,63,94,574,630,438
41,75,121,115,565,611,438
253,280,43,67,553,543,438
1,36,17,72,490,473,438
271,172,193,107,645,729,438
0,23,33,42,537,602,438
226,199,19,64,555,553,438
477,321,109,108,600,667,438
0,45,43,104,458,231,438
649,262,110,77,629,690,438
85,107,74,67,603,680,439
277,188,216,109,635,728,439
188,192,151,100,600,677,439
0,51,61,89,492,495,439
35,97,41,70,549,590,439
975,583,243,162,680,782,439
197,207,103,121,558,602,439
255,214,77,120,592,642,440
755,301,153,113,658,736,440
510,177,143,122,658,741,440
74,90,107,87,576,648,440
184,194,114,111,604,695,440
311,348,67,149,548,554,440
28,65,44,90,542,602,440
226,174,71,62,563,618,440
0,30,78,49,576,648,440
5,70,18,50,526,543,441
3,44,20,58,520,551,441
3,43,58,53,521,556,441
0,24,15,55,446,469,441
82,100,129,107,578,633,441
41,43,62,52,626,707,441
144,205,91,126,551,560,441
0,27,32,78,562,670,441
0,23,20,87,460,456,441
13,57,183,83,568,595,441
40,61,70,54,566,619,441
143,162,123,86,588,648,441
209,268,70,65,582,660,441
96,137,46,72,556,550,441
0,28,48,62,533,591,441
152,184,36,126,519,480,441
138,90,109,115,610,690,441
0,36,38,66,537,601,441
37,97,50,114,517,492,441
503,537,164,183,624,692,441
128,196,57,60,546,576,441
144,119,95,82,591,662,441
513,220,155,121,653,727,442
304,204,122,79,619,707,442
103,163,37,75,556,639,442
284,350,31,94,581,642,442
36,91,151,98,571,627,442
133,154,85,118,568,629,442
96,134,66,117,529,523,442
52,101,48,65,573,633,442
59,106,51,37,556,636,442
0,27,99,68,554,601,442
530,469,87,95,607,656,442
81,136,65,101,539,624,442
421,367,58,133,591,635,442
185,168,50,96,560,595,442
209,165,46,74,592,656,442
238,289,198,186,615,702,442
386,348,124,162,608,685,442
358,408,63,93,561,623,442
477,349,243,102,652,739,442
879,667,170,137,662,768,443
0,33,74,55,543,585,443
0,27,71,43,539,586,443
167,168,149,115,596,668,443
119,142,130,85,598,683,443
0,30,19,66,484,549,443
41,72,97,66,588,657,443
157,164,107,76,578,654,443
81,150,67,121,572,664,443
714,429,176,179,676,770,443
185,140,59,88,548,586,443
540,522,208,186,643,743,443
268,270,105,133,579,656,443
184,157,122,97,572,643,443
50,79,42,77,513,549,443
627,184,111,50,670,765,443
67,47,118,97,603,658,443
45,85,30,80,555,586,443
69,110,45,72,575,621,443
612,568,144,126,654,727,443
83,85,67,91,575,627,444
289,338,125,200,570,628,444
177,116,82,80,594,633,444
530,467,190,212,668,760,444
132,153,127,86,572,601,444
67,102,64,122,507,505,444
98,135,100,84,537,500,444
73,114,87,78,548,584,444
836,478,245,197,684,788,444
317,382,95,124,569,615,444
76,83,27,65,541,597,444
396,427,199,137,639,713,444
9,22,77,55,551,597,444
112,165,188,171,601,679,445
0,21,89,81,523,571,445
140,138,47,76,546,561,445
633,426,198,117,650,732,445
42,111,83,75,562,617,445
128,179,110,120,601,664,445
678,317,54,70,608,686,445
0,40,16,68,504,540,445
80,117,32,69,553,627,445
304,346,205,126,643,742,445
626,392,164,115,659,756,445
468,343,129,126,609,703,445
597,497,171,156,613,698,445
96,89,115,111,613,703,445
8,75,41,44,526,597,445
54,109,67,45,563,642,445
19,47,115,56,596,632,445
14,79,46,59,528,559,446
120,179,49,98,549,641,446
147,220,117,148,592,642,446
127,199,41,113,545,598,446
911,859,192,237,650,738,446
671,737,96,204,620,714,446
213,255,56,81,579,661,446
0,46,116,102,555,614,446
445,222,254,131,644,723,446
232,240,109,106,579,631,446
223,98,80,62,601,656,446
441,227,211,113,646,724,446
94,161,29,54,553,609,446
34,96,62,144,503,458,446
0,26,46,38,512,549,446
33,83,92,144,558,634,446
43,106,22,66,500,547,446
96,129,105,134,533,560,446
321,280,182,139,618,701,446
105,114,77,72,552,600,446
76,130,108,107,599,692,446
152,192,90,70,562,614,446
113,172,21,105,549,637,446
0,41,30,89,530,553,446
133,196,12,69,536,584,447
143,181,87,82,579,631,447
0,34,17,40,528,529,447
329,258,106,78,622,700,447
286,280,142,116,634,733,447
0,38,29,71,476,481,447
169,136,159,88,611,674,447
0,48,62,111,538,568,447
519,319,86,175,625,704,447
16,51,84,69,574,611,447
4,60,52,83,498,490,447
508,335,142,118,627,723,447
28,79,67,109,549,568,447
267,286,110,119,582,629,447
300,380,124,163,591,681,447
610,638,110,194,626,714,447
20,76,119,84,557,637,447
26,80,72,66,550,604,447
504,256,80,100,624,708,447
0,44,46,46,488,491,448
82,84,100,123,581,647,448
95,168,41,91,540,611,448
4,56,26,51,522,568,448
251,136,79,67,599,662,448
23,91,43,104,504,481,448
69,99,20,82,519,612,448
263,233,86,119,583,657,448
0,54,24,87,475,280,448
374,301,246,107,660,740,448
58,67,126,93,574,600,448
467,333,172,200,655,740,449
0,34,66,58,499,505,449
207,257,143,115,606,686,449
457,371,39,122,599,634,449
7,37,89,84,565,627,449
126,132,84,82,588,670,449
0,49,59,75,525,541,449
235,251,141,74,586,638,449
584,558,214,169,651,749,449
324,222,197,126,672,772,449
71,140,72,84,535,554,449
425,203,230,139,658,760,449
269,304,55,69,590,679,449
888,406,211,116,686,781,449
354,194,144,93,598,617,449
40,104,56,81,518,547,449
397,226,207,157,650,737,450
653,451,211,77,645,724,450
328,248,201,88,645,728,450
81,117,120,118,592,672,450
32,87,57,81,538,633,450
503,416,190,204,629,717,450
393,395,136,144,638,718,450
218,250,169,109,601,664,450
108,121,98,83,601,692,450
435,330,174,162,650,748,450
723,345,266,129,663,762,450
855,325,297,104,682,762,450
26,28,130,75,564,636,450
526,477,214,196,679,766,450
21,80,23,87,551,568,450
919,698,230,168,669,760,450
51,88,12,38,552,536,450
754,676,157,151,631,707,450
335,253,55,86,598,683,450
652,494,151,140,665,749,451
95,160,186,116,574,580,451
180,223,99,120,547,600,451
40,94,72,99,549,585,451
369,428,62,168,579,631,451
23,78,64,113,544,624,451
99,171,29,79,531,523,451
120,125,100,85,584,670,451
154,169,81,126,581,659,451
307,354,92,182,596,655,451
220,165,148,86,618,683,451
0,42,61,44,560,568,451
0,31,100,87,539,560,451
56,107,66,130,529,525,452
244,150,216,126,687,780,452
306,340,72,120,554,564,452
231,234,109,85,602,674,452
686,571,163,179,669,758,452
582,264,210,139,676,763,452
42,110,22,118,492,461,452
397,300,163,133,647,728,452
238,271,103,111,579,597,452
0,41,57,59,524,516,452
316,288,129,125,599,667,452
0,43,16,76,521,520,452
30,63,152,72,594,672,452
443,529,123,160,613,705,452
94,80,79,75,587,661,453
82,166,171,157,528,551,453
501,360,141,129,645,721,453
514,197,171,84,649,732,453
161,182,67,103,592,674,453
195,196,62,88,570,623,453
186,149,56,69,572,642,453
226,187,180,134,636,707,453
276,167,48,112,594,640,453
280,215,148,103,594,669,453
29,61,131,72,593,627,453
0,21,28,50,490,429,453
10,54,57,37,565,618,453
49,99,56,66,544,505,453
53,104,83,87,513,429,453
266,237,208,123,622,709,453
181,225,91,161,579,626,453
413,351,150,111,620,682,453
0,53,26,50,483,465,454
453,361,127,117,611,694,454
9,45,78,73,573,630,454
165,209,67,127,590,668,454
206,244,74,68,608,691,454
24,76,13,107,484,391,454
216,119,166,85,647,731,454
370,306,35,66,589,647,454
382,366,126,117,594,641,454
123,180,30,102,541,528,454
169,202,132,112,588,608,454
93,144,75,98,558,594,454
30,50,54,95,545,598,454
364,284,144,113,604,645,454
290,198,54,92,608,692,455
606,395,173,168,661,763,455
688,419,255,91,673,771,455
3,45,45,73,484,474,455
118,129,128,105,602,673,455
295,345,112,158,600,667,455
0,31,50,98,584,584,455
57,130,110,99,559,617,455
102,149,73,108,548,645,455
739,704,87,164,619,722,455
95,140,113,108,593,660,455
167,148,99,133,585,615,455
340,326,89,113,574,649,455
0,22,90,68,569,657,456
21,68,51,61,491,0,456
129,111,68,81,563,595,456
94,104,71,85,548,563,456
54,90,94,99,572,624,456
131,209,23,79,508,513,456
77,125,13,77,553,624,456
272,302,69,133,571,632,456
273,223,138,130,598,682,456
32,85,33,62,541,609,456
95,107,13,39,533,578,456
17,62,65,88,573,617,456
86,151,56,125,542,577,456
280,210,106,102,604,666,457
642,625,71,137,628,711,457
285,319,115,108,612,708,457
28,53,31,36,536,504,457
22,88,66,95,517,470,457
144,143,62,81,569,626,457
90,84,166,94,613,672,457
2,52,27,65,472,369,457
499,316,91,99,626,698,457
1,44,17,46,494,386,457
278,208,81,56,564,640,457
43,110,111,108,550,602,457
34,65,54,50,538,585,458
69,105,68,103,566,657,458
121,182,55,78,529,518,458
161,156,63,60,575,633,458
604,226,240,124,694,780,458
589,521,99,111,619,696,458
64,142,92,89,580,634,458
107,67,97,59,606,661,458
0,38,97,90,533,577,459
488,380,306,210,682,793,459
22,73,32,75,551,609,459
258,190,148,103,642,741,459
344,203,127,123,638,721,459
214,217,125,124,606,686,459
319,192,165,111,615,688,459
163,188,120,121,584,648,459
703,558,215,213,645,731,459
126,127,90,84,576,587,459
51,105,17,43,537,587,459
151,119,99,77,596,659,459
42,59,83,56,595,660,459
7,65,46,59,546,587,459
562,400,129,102,633,705,459
33,62,96,74,561,598,459
767,258,226,151,692,779,460
240,247,166,144,598,665,460
426,267,154,117,630,714,460
443,160,132,66,671,753,460
297,240,133,172,590,652,460
237,239,103,122,574,634,460
356,253,122,109,624,690,460
26,86,147,97,572,610,460
0,29,38,88,503,490,460
463,203,154,70,648,721,460
787,491,243,155,673,773,460
34,78,63,65,543,583,460
287,277,99,131,587,664,460
31,82,98,77,559,622,460
549,359,146,149,633,722,460
56,100,40,79,528,537,460
145,160,28,60,567,620,460
226,105,188,85,648,734,460
145,201,139,100,561,636,460
537,403,181,121,653,737,460
172,240,30,113,543,602,460
4,40,27,60,514,535,460
261,296,39,104,529,541,460
88,107,31,76,565,582,460
0,57,25,56,530,421,461
10,57,48,90,537,552,461
468,221,137,97,635,689,461
9,39,183,87,583,636,461
481,310,197,117,628,705,461
258,267,117,132,603,663,461
482,170,194,79,648,727,461
816,456,298,108,685,768,462
19,73,87,132,544,562,462
340,327,48,85,541,583,462
50,94,71,135,529,550,462
82,111,73,122,563,627,462
63,116,85,79,556,614,462
746,552,134,152,627,700,462
89,121,70,87,539,591,462
73,75,47,78,567,595,462
0,42,75,88,554,615,462
736,389,155,109,659,755,462
88,138,69,90,584,660,462
11,75,14,98,494,505,463
49,85,32,70,541,613,463
241,237,111,97,585,655,463
228,189,49,72,538,559,463
169,226,69,66,566,605,463
739,448,267,138,653,746,463
70,132,38,72,581,642,463
341,236,70,63,619,687,463
50,128,16,118,478,418,463
3,58,104,104,559,584,463
88,138,56,56,570,616,463
491,391,158,181,650,748,464
0,32,77,79,544,558,464
79,119,96,57,589,660,464
96,100,37,91,560,607,464
142,164,32,76,531,494,464
518,533,67,145,597,679,464
560,491,202,238,647,718,464
57,106,100,65,570,619,464
0,25,28,50,530,571,464
568,215,353,128,707,791,465
172,207,141,73,604,656,465
89,131,40,79,556,598,465
300,246,65,69,585,663,465
213,134,146,123,605,677,465
401,260,169,76,638,711,465
282,195,119,104,630,703,465
54,54,89,96,502,480,465
446,404,213,126,646,724,465
145,97,123,104,586,678,465
546,476,90,140,642,735,465
12,46,66,96,542,587,465
357,244,49,94,582,623,465
128,147,87,65,570,626,465
38,44,58,90,574,531,465
714,615,135,130,663,765,466
4,39,78,66,541,536,466
350,351,186,146,617,687,466
117,131,122,94,596,676,466
181,147,58,101,573,634,466
0,26,38,70,482,238,466
0,28,13,83,466,508,466
824,847,114,188,620,700,466
136,200,31,67,553,635,466
65,126,78,72,591,666,466
0,30,23,66,520,496,466
22,83,63,81,496,515,466
131,153,49,68,573,646,466
548,388,183,149,668,760,466
706,478,240,166,648,732,466
273,198,83,71,614,670,466
178,119,148,106,597,650,466
284,193,112,122,600,677,466
694,405,222,118,654,728,466
136,187,243,92,607,642,466
38,78,99,82,547,547,466
425,407,179,162,631,730,467
84,126,54,112,575,655,467
113,93,49,83,585,641,467
282,251,142,177,603,660,467
429,345,107,80,617,692,467
52,105,94,95,563,618,467
136,172,111,101,586,637,467
357,212,205,130,644,720,467
95,175,51,94,519,523,467
38,51,38,43,559,592,468
864,424,283,238,712,807,468
156,114,146,110,618,660,468
645,563,179,94,640,730,468
847,477,214,113,650,738,468
33,97,74,110,561,616,468
187,164,81,50,590,677,468
379,293,213,115,634,715,468
12,65,79,116,526,534,468
103,105,16,63,545,599,468
104,176,26,73,538,599,468
131,196,95,133,562,641,468
690,724,216,242,640,744,468
397,393,99,127,611,689,468
18,67,53,97,521,542,468
43,103,105,100,523,499,468
13,63,104,56,546,605,469
142,193,101,125,573,645,469
0,28,22,82,497,518,469
13,66,134,96,569,638,469
0,29,32,61,534,584,469
0,28,98,56,539,548,469
137,202,64,147,536,425,469
256,149,105,71,607,656,469
336,392,88,86,587,648,469
340,300,217,92,638,708,469
32,70,53,50,537,561,469
376,211,125,94,625,687,469
26,80,40,67,526,546,469
88,121,138,102,592,656,469
510,439,154,154,626,711,469
8,33,123,77,575,647,470
180,261,67,54,578,654,470
129,146,110,116,600,654,470
61,84,53,68,552,629,470
0,25,122,63,564,580,470
0,25,35,54,506,574,470
43,72,73,104,572,656,470
189,177,44,114,556,595,470
38,70,129,70,589,628,470
118,133,135,118,614,710,470
15,68,118,95,560,558,470
78,113,18,52,551,494,470
208,121,92,92,545,519,470
18,78,29,65,520,521,470
977,424,276,159,693,794,470
258,216,103,95,619,696,470
510,369,153,121,611,683,470
129,154,49,93,569,621,471
0,25,28,88,499,445,471
114,129,31,55,571,630,471
639,449,189,114,658,748,471
167,189,101,97,599,661,471
185,196,48,133,581,649,471
49,77,116,100,562,650,471
754,525,266,196,698,799,471
832,484,316,147,694,797,471
102,155,81,121,567,578,471
53,85,78,67,576,666,471
57,80,40,96,544,501,471
805,233,256,113,688,770,471
79,96,41,91,522,506,472
64,111,169,95,598,669,472
712,468,203,159,675,778,472
399,295,193,207,652,736,472
76,72,52,98,549,624,472
229,198,82,49,611,702,472
45,62,98,92,612,694,472
64,124,75,114,558,609,472
192,164,66,73,580,652,472
0,38,70,37,550,599,472
133,186,110,125,598,664,472
138,186,123,114,578,634,472
126,141,106,106,572,636,472
305,399,86,168,556,619,472
973,398,150,83,678,774,472
142,195,84,158,557,614,473
799,324,216,87,689,786,473
82,138,65,62,553,575,473
36,89,38,79,557,596,473
359,430,48,117,570,619,473
0,28,71,106,507,536,473
0,34,34,46,529,583,473
347,179,111,108,627,703,473
70,75,30,70,557,583,473
487,290,217,170,644,732,473
421,285,180,166,618,691,473
1,39,68,74,532,569,473
175,198,76,121,568,620,473
124,162,126,81,592,631,474
89,157,55,104,538,583,474
488,248,125,112,633,699,474
26,67,73,65,568,601,474
575,385,168,116,650,740,474
136,156,120,106,588,624,474
197,227,59,135,542,583,474
671,582,128,101,652,732,474
72,108,37,99,550,604,474
395,349,47,75,578,611,474
18,38,26,37,560,567,474
180,127,113,116,607,673,475
48,87,31,89,553,607,475
500,472,195,170,634,721,475
439,327,147,128,635,716,475
389,222,111,124,589,634,475
129,108,129,88,581,639,475
508,377,150,164,640,706,475
89,123,114,113,582,627,475
410,247,164,142,641,727,475
0,35,41,59,541,586,476
373,378,67,112,570,647,476
32,62,129,99,591,649,476
9,62,20,71,507,512,476
111,138,154,135,592,651,476
298,174,207,90,639,724,476
53,116,27,113,560,611,476
48,94,79,144,552,598,476
48,110,52,96,562,622,476
907,630,152,178,664,757,476
35,75,84,44,537,593,476
200,146,59,58,597,641,477
0,24,77,118,544,612,477
171,137,44,61,583,603,477
70,94,121,77,574,613,477
0,21,18,35,508,420,477
208,263,101,130,578,666,477
30,65,56,48,556,605,477
607,439,212,107,647,742,477
171,219,108,76,600,678,477
177,229,77,132,575,644,477
544,435,108,136,612,691,477
186,260,77,149,556,611,477
0,36,52,49,570,662,477
41,116,23,68,519,551,477
362,396,111,155,607,685,478
498,532,155,149,605,671,478
558,341,94,73,606,659,478
285,227,129,101,616,672,478
76,96,71,66,575,618,478
1,41,55,63,549,586,478
547,514,188,210,615,689,478
73,102,29,77,522,564,478
530,398,139,206,628,713,478
189,123,42,82,569,631,478
174,180,163,108,632,722,478
239,174,61,95,593,642,478
143,157,95,91,572,659,478
592,417,185,145,659,753,478
214,196,37,79,545,575,478
459,228,136,67,640,735,478
473,368,120,114,595,696,479
77,70,71,60,571,593,479
324,181,142,81,635,697,479
280,252,127,92,623,699,479
0,35,28,93,515,536,479
4,35,54,79,565,627,479
250,284,86,104,612,675,479
57,111,50,104,540,552,479
245,248,101,122,579,661,479
36,104,20,82,555,605,479
3,32,74,71,560,628,479
131,192,125,113,597,675,479
131,158,83,95,559,633,479
391,295,115,114,610,695,479
40,98,44,108,545,600,480
497,397,146,111,623,715,480
13,27,38,53,552,641,480
804,277,236,191,693,792,480
58,97,60,62,572,658,480
646,410,141,102,616,692,480
677,373,228,99,660,743,480
0,22,72,84,553,611,480
662,381,234,121,672,764,480
168,170,131,92,594,658,480
38,99,57,81,552,616,480
370,207,137,80,623,699,480
632,329,237,110,666,749,480
200,151,90,105,588,618,480
363,170,153,116,649,727,480
0,28,54,42,531,571,480
52,117,86,93,577,657,480
178,152,163,92,625,715,480
331,366,69,178,598,686,480
139,140,69,73,566,612,481
305,190,140,64,631,717,481
68,94,34,56,578,647,481
6,46,24,63,513,504,481
195,144,71,119,589,660,481
205,211,40,124,535,613,481
543,230,190,99,656,731,481
302,296,88,127,577,601,481
653,445,248,133,667,762,481
221,160,120,80,604,652,481
391,184,87,96,639,684,481
100,88,124,93,589,645,481
61,114,39,33,544,568,481
477,450,199,211,621,695,482
17,62,184,84,595,641,482
109,185,57,79,578,680,482
263,338,26,89,577,653,482
148,103,102,92,581,616,482
155,214,77,138,595,662,482
245,284,76,111,582,668,482
343,295,82,113,592,666,482
135,213,25,82,521,483,482
772,414,268,128,684,761,483
499,245,78,71,602,644,483
357,326,161,118,612,666,483
0,41,62,58,582,644,483
212,242,23,83,488,360,483
204,245,61,146,541,593,483
672,503,173,140,666,766,483
124,180,40,91,553,577,483
156,233,40,81,571,626,483
114,160,111,84,585,674,483
89,170,22,96,547,622,483
349,390,118,199,580,639,483
68,124,139,114,549,604,483
44,108,58,101,555,626,483
233,166,79,71,594,683,483
421,441,87,157,592,670,484
318,184,188,96,644,726,484
249,220,127,76,618,702,484
0,33,55,86,546,587,484
257,298,147,162,606,700,484
263,148,164,89,607,651,484
319,197,107,89,610,660,484
531,328,71,47,609,639,484
32,92,25,87,541,590,484
59,87,38,49,555,606,484
16,50,34,48,535,616,484
360,154,194,72,653,733,484
21,76,19,41,519,568,484
281,148,125,74,621,711,484
115,160,76,96,578,641,485
283,305,111,128,589,647,485
544,316,200,118,682,778,485
786,355,170,128,674,747,485
88,126,63,95,531,514,485
357,354,146,154,616,705,485
211,232,124,118,590,662,485
567,411,91,105,639,708,485
703,246,343,102,710,816,485
11,56,74,68,522,575,485
115,148,18,72,526,563,486
0,48,26,86,510,515,486
2,65,38,82,513,377,486
570,328,99,99,618,702,486
68,70,160,78,595,679,486
112,164,17,108,567,666,486
93,156,57,135,511,374,486
0,42,50,52,534,575,486
49,102,30,93,512,460,486
330,295,211,125,633,704,486
394,428,43,132,574,617,486
261,250,224,153,661,764,486
297,216,141,110,602,655,486
220,277,106,143,586,619,486
37,66,90,80,563,622,486
159,112,121,85,597,661,486
278,162,97,75,631,698,487
373,349,178,112,629,720,487
79,112,49,95,567,656,487
6,68,28,77,540,616,487
327,270,117,83,625,699,487
714,506,215,230,667,765,487
516,338,129,78,621,700,487
201,140,133,80,608,699,487
28,85,71,100,509,543,487
629,367,195,94,656,741,487
553,379,159,147,663,760,487
9,61,18,72,535,562,487
106,104,112,87,559,608,488
765,557,126,225,661,755,488
193,180,141,87,607,672,488
59,85,80,79,565,615,488
258,146,106,78,608,670,488
914,816,198,174,656,754,488
325,224,73,74,615,709,488
34,102,52,87,546,609,488
292,171,172,101,632,722,488
253,321,30,131,567,608,489
92,125,40,119,548,574,489
464,347,219,185,657,741,489
118,193,56,94,553,639,489
0,41,96,91,505,483,489
87,79,173,124,602,672,489
197,228,170,116,579,640,489
83,82,136,92,592,659,489
335,234,44,99,556,594,489
59,105,53,103,561,635,489
11,33,111,67,581,667,489
603,269,218,99,669,752,490
87,135,49,75,554,607,490
122,111,106,89,603,684,490
444,304,147,89,633,714,490
212,263,28,142,580,657,490
846,722,220,190,669,771,490
251,135,107,81,619,683,490
149,194,14,89,518,484,490
373,273,171,138,627,716,490
30,65,40,76,541,547,490
68,86,57,61,539,579,490
487,278,86,71,620,695,490
149,65,30,56,621,707,490
52,86,65,96,530,570,490
121,165,33,126,524,556,491
20,43,32,59,538,550,491
340,369,123,115,610,709,491
0,35,74,44,508,442,491
6,57,14,34,554,624,491
150,225,81,106,569,610,491
0,31,13,57,459,0,491
4,21,70,59,554,574,491
823,319,243,108,636,721,491
199,131,13,72,594,687,491
173,225,52,66,589,688,492
108,70,150,98,607,693,492
149,223,116,96,549,562,492
201,116,136,88,612,706,492
78,128,133,76,615,705,492
276,199,64,105,578,633,492
0,43,27,32,524,485,492
421,295,174,114,612,676,492
86,144,58,44,548,572,492
161,186,197,127,583,651,493
22,72,35,72,526,462,493
118,187,116,80,578,653,493
240,218,57,123,541,596,493
49,104,13,87,548,590,493
46,67,93,58,581,668,493
90,149,65,109,548,604,493
191,224,132,138,601,656,493
31,102,26,79,532,602,493
469,221,126,107,636,709,493
295,314,181,144,628,721,493
144,214,17,101,570,651,493
0,30,20,93,496,474,493
0,32,76,42,543,576,493
114,170,79,112,555,613,493
963,439,278,165,704,805,493
255,202,140,82,617,693,493
0,34,50,74,551,612,493
100,130,105,122,578,632,493
639,503,151,153,658,745,493
146,209,124,121,575,628,494
106,143,57,115,544,569,494
250,225,65,75,550,582,494
153,168,67,83,573,605,494
172,185,148,166,604,689,494
15,34,28,71,517,550,494
166,125,159,121,611,692,494
452,367,78,118,584,655,494
65,102,44,49,564,639,494
52,118,37,103,516,577,494
144,194,113,149,591,670,494
0,36,84,70,540,617,494
479,189,120,103,614,685,494
136,193,36,77,546,629,494
400,427,88,101,615,713,494
36,83,98,91,555,576,494
0,25,34,65,514,509,494
443,325,212,182,632,725,494
56,69,88,76,529,578,494
0,29,176,83,597,683,494
619,396,218,151,675,772,495
32,92,81,93,522,517,495
497,471,200,233,652,736,495
82,130,141,140,591,631,495
377,331,126,69,610,691,495
126,143,37,111,556,614,495
101,147,68,79,559,614,495
136,108,17,81,565,609,495
268,212,121,117,598,683,495
75,132,123,118,575,657,495
97,95,62,67,559,593,495
314,319,165,90,623,726,495
267,119,124,71,627,712,496
42,51,93,68,570,636,496
144,144,35,54,583,630,496
18,60,79,56,543,539,496
567,286,124,94,645,716,496
34,93,117,94,579,620,496
378,219,102,110,591,630,496
595,458,175,198,651,744,496
590,530,125,136,610,698,496
0,23,96,86,556,648,497
0,52,26,112,521,584,497
366,341,142,103,628,732,497
106,140,30,99,556,580,497
261,177,93,91,606,692,497
67,113,18,68,550,614,497
0,27,50,51,524,585,497
567,302,140,72,628,706,497
360,246,74,73,585,648,497
77,95,111,86,602,679,497
0,51,19,88,496,550,497
137,110,62,64,557,602,497
110,164,90,54,608,696,497
372,187,76,61,607,678,497
765,587,179,127,637,712,497
48,79,79,87,575,653,497
76,94,43,50,573,635,497
32,103,63,97,527,556,498
179,220,146,82,586,633,498
841,511,295,253,730,839,498
16,58,57,53,538,558,498
587,372,104,85,627,709,498
53,111,21,69,542,587,498
142,120,91,102,553,603,498
87,93,141,89,583,656,498
235,190,122,110,594,654,498
133,86,38,73,587,645,498
220,272,129,152,573,628,498
210,267,24,83,546,560,498
411,468,17,116,561,616,498
66,103,50,81,528,544,499
12,45,72,72,533,478,499
52,104,42,71,557,605,499
381,313,95,79,610,690,499
113,114,178,81,622,701,499
33,83,43,64,564,637,499
516,200,170,101,668,756,499
649,668,148,206,631,717,499
12,64,96,96,571,643,499
294,311,41,90,593,662,499
39,110,82,93,544,559,500
133,109,61,86,587,632,500
0,36,118,113,584,667,500
290,186,72,81,602,683,500
11,53,101,92,575,629,500
372,345,148,97,642,731,500
36,86,82,103,538,590,500
105,189,30,108,542,611,500
121,165,108,61,585,637,500
175,257,71,97,556,624,500
288,249,76,81,596,669,500
65,118,21,79,486,354,500
452,244,183,143,650,725,500
538,309,209,159,649,738,500
337,300,42,94,564,631,501
853,715,293,255,696,809,501
174,136,133,119,581,630,501
338,280,215,93,654,746,501
324,378,75,135,594,675,501
1,54,64,106,535,563,501
90,125,34,107,514,530,501
299,332,110,147,609,693,501
9,38,43,74,503,487,501
99,133,65,58,559,623,501
6,49,19,71,504,522,501
0,40,33,61,483,539,501
60,66,130,79,575,619,501
529,332,219,109,670,756,501
101,115,160,94,594,654,502
4,42,94,87,523,539,502
243,308,88,114,564,606,502
48,114,19,84,487,458,502
7,40,157,74,596,667,502
9,32,83,58,557,624,502
256,134,117,83,606,646,502
138,183,99,73,566,570,502
34,92,90,115,533,514,502
445,199,185,106,647,732,502
26,80,16,43,500,465,502
134,183,87,94,541,527,502
252,304,158,145,620,708,502
546,181,192,77,657,735,502
514,241,264,95,671,756,502
352,229,34,54,621,697,502
291,212,97,97,594,649,502
88,114,95,95,521,366,502
9,48,29,77,519,537,502
277,328,88,109,588,664,502
222,262,55,120,541,570,502
143,215,32,128,515,521,502
345,368,74,109,591,669,503
170,196,128,105,564,607,503
465,181,229,110,672,756,503
237,278,57,157,537,585,503
32,90,73,118,570,645,503
86,158,20,52,539,546,503
68,123,103,110,559,650,503
111,146,62,112,579,664,503
213,206,148,133,592,670,503
686,628,124,102,620,704,503
378,352,256,178,649,726,503
736,426,130,76,668,750,503
607,453,166,94,641,721,503
0,34,52,63,526,567,504
219,153,135,103,605,679,504
138,186,68,75,550,611,504
128,156,30,58,534,565,504
39,94,13,66,513,528,504
5,49,40,69,533,583,504
183,134,26,81,553,599,504
535,224,210,97,655,743,504
665,266,249,98,674,762,504
35,63,61,84,548,610,504
147,102,65,70,594,650,504
93,108,87,77,581,658,504
49,115,35,62,513,556,504
871,710,204,181,676,766,504
365,331,105,70,601,685,504
433,343,88,108,578,651,505
61,109,22,68,528,525,505
899,343,192,110,663,740,505
52,94,112,84,562,597,505
4,60,40,81,523,576,505
133,174,20,63,534,581,505
45,66,129,88,588,660,505
213,278,67,114,554,644,505
137,164,107,75,565,600,505
766,757,145,191,633,733,505
140,166,94,111,588,669,505
238,144,217,115,623,700,506
27,79,50,74,506,463,506
684,748,137,210,602,700,506
8,45,22,41,512,481,506
531,503,187,180,645,729,506
0,29,97,93,546,599,506
72,118,14,56,500,415,506
181,227,82,137,569,622,506
371,409,107,110,595,674,506
503,427,177,187,668,760,506
466,405,142,137,610,684,506
15,65,92,94,552,579,506
0,25,41,82,539,573,506
23,68,24,60,529,565,506
59,84,68,60,587,630,506
462,393,77,82,591,636,506
194,129,75,93,594,658,506
159,200,98,112,594,679,506
65,112,130,104,598,676,506
44,84,43,76,567,669,506
0,38,24,46,534,543,506
44,73,48,78,534,582,507
198,259,51,78,581,645,507
10,70,81,81,549,604,507
404,376,198,65,623,690,507
0,26,26,77,466,467,507
73,94,121,99,576,660,507
80,136,103,128,559,614,507
328,295,164,71,631,695,507
84,121,13,80,566,622,507
180,157,129,96,588,640,507
594,187,200,103,678,760,507
59,137,80,109,518,496,507
239,263,106,148,585,674,507
365,317,135,80,608,688,507
225,268,91,96,585,644,507
195,170,111,107,613,693,507
89,146,58,93,574,676,507
593,286,132,107,635,715,508
312,282,126,91,570,632,508
0,43,62,80,554,619,508
0,38,89,88,558,641,508
314,358,31,72,579,651,508
34,109,17,84,449,0,508
41,80,57,91,526,607,508
111,123,97,72,589,672,508
75,147,18,57,541,543,508
61,97,109,102,608,699,508
123,147,84,95,583,642,508
514,426,97,106,595,684,508
0,23,62,90,546,616,508
0,39,57,90,523,494,508
134,110,150,87,588,653,509
455,307,187,135,675,767,509
27,83,81,76,535,569,509
172,204,53,108,572,640,509
519,390,191,156,620,694,509
172,143,58,88,572,666,509
419,358,103,137,583,636,509
0,22,57,56,548,596,509
98,96,33,75,546,530,509
219,131,150,120,646,738,509
60,119,85,47,556,599,509
174,169,216,129,623,692,509
11,48,38,24,547,569,509
83,114,107,89,577,622,509
0,30,24,61,508,543,510
65,110,33,62,522,592,510
72,127,50,53,560,614,510
139,142,123,67,613,700,510
181,160,59,96,521,565,510
5,67,23,77,458,265,510
304,347,101,196,566,637,510
342,175,99,65,634,717,510
204,128,26,91,570,632,510
144,166,114,87,588,668,511
66,101,52,55,545,560,511
431,235,184,145,660,755,511
0,45,31,54,519,572,511
497,414,173,202,637,734,511
153,122,29,73,555,587,511
1,49,113,89,562,634,511
244,245,61,109,574,665,511
508,527,193,171,620,710,511
442,363,75,83,597,685,511
0,29,128,76,560,610,511
46,96,103,142,551,598,511
30,97,93,94,566,614,512
246,150,165,144,669,768,512
0,27,128,65,617,663,512
557,390,118,140,595,662,512
182,210,93,153,575,535,512
242,185,86,74,583,629,512
181,260,42,135,530,518,512
14,64,78,128,553,573,512
449,381,176,135,641,727,512
277,142,191,86,625,712,512
385,207,242,111,647,732,512
354,283,82,82,564,614,512
160,188,139,115,573,646,512
243,230,131,72,596,663,513
552,247,153,97,649,726,513
374,256,111,114,604,677,513
130,185,17,77,518,526,513
113,82,80,95,554,600,513
26,84,36,81,523,496,513
121,190,88,142,532,566,513
467,373,127,140,603,683,513
109,128,20,60,545,564,513
158,164,231,138,617,669,513
125,145,33,103,546,568,513
271,322,120,173,597,646,513
588,298,229,111,671,762,513
5,42,59,65,524,589,514
19,57,180,117,604,681,514
367,250,158,132,634,732,514
228,299,77,123,558,613,514
73,113,75,106,586,688,514
36,92,23,75,553,621,514
15,47,28,54,509,510,514
9,67,20,92,512,562,514
34,93,16,86,487,493,514
101,104,137,75,612,688,514
16,45,59,85,536,601,514
64,99,79,66,559,649,514
69,73,41,51,536,477,514
696,492,233,148,651,744,514
469,326,118,104,640,720,514
139,114,119,60,623,716,514
0,24,32,70,500,520,514
47,75,93,91,583,651,514
173,225,106,77,559,593,514
262,306,74,160,586,662,514
61,100,84,63,550,602,514
199,182,88,84,568,636,514
269,217,104,129,626,695,514
176,234,79,93,546,584,514
0,39,21,62,548,582,515
178,145,84,52,581,645,515
0,37,76,117,561,616,515
88,77,157,93,609,692,515
96,146,64,54,543,545,515
0,45,74,70,549,613,515
127,140,98,85,581,667,515
0,24,50,71,482,246,515
224,186,66,137,533,579,515
0,41,28,49,497,483,515
46,76,66,106,521,580,515
555,475,207,142,657,754,515
5,61,52,49,531,606,515
51,110,84,75,538,599,515
149,159,152,142,620,708,515
17,54,47,61,556,641,515
302,368,123,175,574,622,515
326,306,148,110,638,732,515
433,392,139,151,594,644,515
38,117,16,53,503,503,516
45,83,101,96,560,619,516
711,536,305,161,690,768,516
205,168,66,88,514,414,516
64,51,179,72,607,682,516
608,499,180,171,635,719,516
0,42,44,85,526,566,516
250,273,126,86,609,683,516
59,88,104,102,577,665,516
173,194,56,74,525,564,516
629,409,201,164,663,763,516
802,508,194,152,690,804,516
62,125,26,78,520,542,516
16,41,56,62,550,629,517
55,73,37,58,562,616,517
830,481,192,112,632,723,517
97,135,94,118,593,645,517
713,419,105,80,638,726,517
0,27,173,125,588,657,517
617,439,161,163,655,745,517
541,371,220,182,651,739,517
9,44,89,82,555,635,517
0,36,63,50,561,600,517
35,71,50,79,519,465,517
971,623,289,248,704,816,517
186,140,138,68,608,686,517
610,457,234,184,665,755,517
540,403,171,179,630,727,517
97,140,54,100,551,591,517
0,42,103,194,375,0,517
0,40,52,70,523,549,517
128,189,32,32,557,631,517
56,107,72,102,541,555,517
91,144,33,59,552,607,517
399,277,117,97,617,689,518
72,138,71,106,527,474,518
0,44,69,78,533,601,518
0,27,34,67,510,615,518
321,262,208,129,615,683,518
52,99,77,106,545,616,518
555,551,163,195,641,746,518
48,64,199,65,632,711,518
67,86,69,65,561,638,518
374,246,92,108,615,701,518
269,264,159,121,576,633,518
298,245,167,118,613,705,518
2,53,37,61,536,579,518
324,206,150,136,614,696,518
38,86,57,103,536,562,518
281,369,83,169,552,590,518
430,260,110,102,604,689,519
34,88,104,52,563,636,519
54,100,12,85,503,597,519
13,54,162,84,577,655,519
254,296,107,168,571,617,519
264,240,176,83,594,643,519
362,318,120,93,609,701,519
22,75,81,72,537,528,519
212,226,17,95,498,547,519
0,48,76,102,541,609,519
0,28,46,68,471,0,519
641,571,131,163,599,679,519
117,121,154,165,579,631,519
265,269,106,111,584,673,519
0,49,43,101,503,470,519
417,288,159,165,631,718,519
136,145,63,115,558,608,519
581,423,153,120,630,718,519
16,44,63,50,551,616,520
55,79,71,67,571,653,520
98,77,111,105,577,611,520
708,497,282,144,657,757,520
0,48,16,48,521,604,520
208,148,63,54,562,631,520
156,200,132,139,561,625,520
183,236,112,108,583,661,520
371,209,154,110,642,732,520
433,275,245,147,629,712,520
198,206,55,94,584,655,520
567,235,370,177,699,794,520
49,109,18,73,518,522,520
312,290,144,128,606,697,520
0,29,91,98,555,618,520
81,87,79,95,535,585,520
117,169,73,72,553,642,520
0,30,136,105,551,614,520
82,161,30,60,505,415,520
3,36,80,85,547,633,520
50,103,104,121,539,547,520
23,91,72,71,536,558,521
82,119,82,50,559,632,521
179,242,100,71,550,579,521
9,41,52,73,557,634,521
729,304,282,130,685,773,521
827,470,272,151,689,804,521
0,23,101,82,558,617,521
76,123,79,103,487,313,521
74,156,19,102,542,602,521
919,800,140,181,624,721,521
54,121,14,62,425,385,521
0,31,66,112,512,533,521
29,52,110,89,565,635,521
286,255,190,158,652,746,521
129,131,94,96,581,676,521
355,390,219,134,640,730,521
703,427,181,132,647,741,521
727,576,166,127,613,700,521
0,50,57,68,551,614,521
192,155,39,73,553,612,521
40,98,70,78,533,528,521
494,518,176,215,616,713,521
222,260,115,185,571,650,521
40,57,168,102,561,652,521
199,227,110,79,576,615,522
27,67,40,38,497,470,522
655,664,196,198,643,733,522
388,366,171,115,614,714,522
15,60,93,74,552,607,522
340,131,248,86,672,763,522
127,140,43,94,559,645,522
139,131,115,91,593,657,522
0,38,41,87,491,538,522
402,271,88,105,585,647,522
153,231,110,110,575,646,522
247,306,164,184,600,672,522
144,88,50,79,559,619,522
111,185,87,120,556,610,522
768,297,218,102,650,722,522
29,79,20,34,523,508,522
79,72,66,73,600,682,522
252,137,224,96,653,742,523
372,233,121,91,625,713,523
167,149,110,108,573,645,523
76,91,151,67,585,667,523
0,20,37,69,517,545,523
14,41,77,66,536,561,523
120,137,129,152,589,677,523
55,128,19,74,499,275,523
237,196,128,103,611,671,523
75,139,84,84,520,582,523
0,31,77,88,512,498,523
191,152,127,72,606,672,523
8,46,61,71,567,640,523
221,138,16,33,554,654,523
571,368,191,144,658,728,523
198,97,193,89,615,697,524
318,293,136,188,585,671,524
176,106,173,78,611,664,524
80,89,15,52,527,511,524
15,71,34,86,492,444,524
89,175,57,145,479,201,524
94,102,108,120,568,664,524
134,221,92,92,562,626,524
68,131,134,106,552,589,524
0,25,47,73,536,612,524
105,175,89,76,545,591,524
405,316,218,110,635,731,524
336,217,226,119,624,712,524
0,29,32,70,511,536,524
0,23,57,81,528,502,524
265,247,154,150,608,697,524
259,264,105,130,599,696,524
625,421,196,112,621,692,524
16,76,55,99,506,504,524
24,81,18,77,495,182,524
45,97,134,101,565,612,524
100,126,92,105,593,666,524
0,23,20,84,434,377,524
277,284,184,135,627,731,524
0,44,24,93,502,579,524
0,50,89,75,560,636,524
236,331,74,118,573,658,524
777,530,282,144,694,796,525
7,52,56,60,544,613,525
6,48,87,143,546,616,525
447,371,183,172,629,726,525
826,460,217,138,652,739,525
0,35,20,66,497,447,525
211,284,42,107,542,587,525
0,28,16,61,524,559,525
145,223,25,56,547,578,525
105,134,46,70,562,609,525
28,57,33,81,521,574,525
243,300,130,126,601,696,525
333,293,77,70,578,639,525
100,133,109,163,583,684,525
384,275,144,107,633,724,525
536,379,157,84,646,733,525
38,94,41,114,527,527,525
82,121,206,105,601,652,525
68,115,62,122,566,624,526
33,58,43,54,545,606,526
512,512,38,40,604,675,526
391,348,128,132,624,716,526
122,147,51,85,554,639,526
373,370,99,120,568,658,526
33,62,98,81,550,617,526
0,37,21,52,541,609,526
243,309,71,157,595,695,526
54,105,41,64,547,601,526
28,81,92,102,567,624,526
263,193,126,87,563,625,526
65,103,21,52,526,592,526
109,113,31,34,559,598,526
371,212,290,139,669,753,527
0,40,88,139,533,618,527
305,262,214,102,619,688,527
203,280,18,110,539,555,527
249,84,199,71,651,735,527
51,117,41,118,542,606,527
9,62,29,65,539,588,527
0,41,20,58,491,498,527
33,76,68,60,520,579,527
594,245,223,114,687,788,527
0,22,35,56,519,583,527
234,178,156,116,626,718,527
168,159,190,76,584,646,527
173,196,158,116,613,697,527
464,308,213,141,652,748,527
768,602,135,190,633,740,527
30,90,47,107,541,617,527
317,340,108,134,585,659,527
445,357,164,102,613,707,527
323,266,28,104,549,612,528
0,55,25,91,425,0,528
172,196,133,115,573,613,528
20,46,33,64,501,469,528
442,326,187,144,591,654,528
56,91,90,125,527,569,528
0,21,35,47,486,426,528
0,50,70,77,482,395,528
486,451,268,168,665,767,528
89,133,132,125,593,677,528
11,58,227,89,588,655,529
87,68,90,71,609,703,529
122,168,20,63,606,674,529
164,253,34,147,502,485,529
20,46,110,74,547,615,529
386,416,99,154,585,648,529
37,97,48,113,513,562,529
105,180,20,103,543,605,529
6,39,148,99,545,591,529
86,123,48,95,539,574,529
241,289,67,135,543,566,529
367,359,143,120,608,686,529
404,387,159,158,630,736,529
87,73,184,101,629,697,529
385,372,125,167,595,677,529
29,77,68,72,538,524,529
34,49,52,67,535,558,529
183,167,145,85,599,664,529
312,232,113,115,570,638,530
293,326,132,122,596,651,530
132,215,34,95,531,567,530
431,301,237,191,624,708,530
74,140,26,124,487,563,530
111,112,146,119,568,630,530
286,317,132,174,579,655,530
0,42,58,54,555,617,530
332,261,107,176,597,666,530
261,250,119,154,590,661,530
76,111,85,87,512,508,530
16,55,13,57,526,617,530
239,268,104,117,596,679,531
158,215,25,109,501,497,531
674,295,232,188,682,784,531
0,36,79,76,550,617,531
59,121,43,62,571,601,531
76,64,68,76,557,650,531
182,242,29,93,568,620,531
0,30,25,58,506,552,531
267,225,166,66,612,686,531
796,286,272,153,677,771,531
0,38,73,73,530,527,531
389,223,192,146,624,722,531
0,37,44,110,503,545,531
47,72,39,72,504,542,531
65,61,80,64,554,587,531
907,504,217,145,676,768,531
123,137,125,101,610,708,532
5,46,80,81,532,513,532
59,91,113,92,582,638,532
0,25,60,82,523,539,532
304,306,93,111,585,694,532
777,591,138,137,614,705,532
96,145,121,85,556,591,532
17,63,24,80,522,527,532
682,546,242,170,665,766,532
631,399,224,84,649,738,532
9,64,32,99,484,456,532
692,606,200,205,661,755,532
315,160,196,106,654,748,532
490,382,196,141,664,754,532
0,27,99,89,536,597,532
103,105,92,75,565,618,532
139,218,93,153,561,614,532
302,320,205,153,585,647,532
37,88,86,97,531,557,532
610,326,218,223,686,792,533
108,99,128,84,577,645,533
142,180,95,87,579,642,533
12,31,111,65,577,629,533
925,721,235,208,668,758,533
145,174,113,83,588,652,533
522,230,181,81,618,684,533
47,112,92,136,558,613,533
161,234,84,121,549,595,533
472,179,172,87,648,719,533
383,309,94,86,584,657,533
270,187,164,108,626,692,533
29,73,43,64,552,539,533
2,39,66,67,521,549,533
186,257,93,119,538,591,533
0,31,93,111,539,606,533
165,96,99,64,596,674,534
88,147,108,174,563,638,534
91,99,121,97,589,652,534
3,59,61,81,531,524,534
143,112,102,91,612,676,534
210,163,162,129,600,676,534
0,27,13,74,432,0,534
267,229,37,133,538,581,534
112,141,169,78,570,578,534
97,127,54,129,545,583,534
314,241,132,85,613,675,534
194,204,27,66,545,572,534
60,128,77,89,543,562,535
372,317,108,123,577,654,535
111,125,113,89,530,577,535
12,68,30,89,507,591,535
796,332,199,108,667,764,535
40,98,35,83,523,598,535
679,632,195,205,680,787,535
120,140,98,62,584,661,535
0,24,68,47,560,640,535
631,643,141,119,626,720,535
45,87,56,63,538,547,535
152,236,110,120,550,624,535
622,398,254,119,647,735,535
46,62,47,54,544,558,535
48,122,15,106,504,513,535
0,43,137,62,560,618,535
101,165,15,90,528,601,535
1,41,23,73,514,427,535
139,95,94,128,572,645,535
419,308,200,162,646,746,535
443,490,52,132,588,649,535
21,68,104,77,517,459,535
207,256,14,124,552,602,535
103,145,90,114,565,604,535
62,123,48,86,553,601,535
75,89,117,82,582,660,536
679,437,256,200,672,764,536
266,332,122,56,595,696,536
0,28,38,69,512,563,536
644,313,177,94,645,735,536
316,370,117,162,563,634,536
0,41,95,79,532,559,536
65,136,17,51,533,605,536
29,89,30,65,511,511,536
40,104,42,65,513,406,536
560,302,176,103,650,730,536
401,394,63,105,580,666,536
2,55,22,70,503,469,536
23,59,30,75,548,608,536
64,139,54,84,535,549,536
34,48,57,84,537,577,536
5,59,23,76,494,533,537
105,160,87,82,555,610,537
164,94,33,63,560,612,537
116,143,30,80,548,570,537
486,376,211,181,658,745,537
456,510,13,102,575,644,537
2,36,63,79,572,626,537
265,317,226,190,641,735,537
30,72,81,91,542,575,537
51,103,115,67,580,648,537
118,123,49,108,517,565,537
516,424,178,144,611,683,537
180,239,63,118,564,637,537
461,454,172,129,650,707,537
328,188,185,108,645,733,537
333,281,133,97,622,686,537
256,268,49,106,576,631,538
229,254,64,116,599,696,538
364,263,162,114,598,670,538
283,189,72,69,591,646,538
575,567,200,195,633,717,538
115,132,50,70,566,574,538
275,308,105,84,591,667,538
39,88,65,82,508,467,538
58,112,53,122,541,591,538
745,737,244,213,673,763,538
280,270,177,138,594,660,538
73,101,119,92,576,609,538
460,165,147,99,620,693,538
12,72,52,64,562,627,538
53,104,44,68,576,608,538
161,171,144,129,610,692,538
23,87,26,91,533,597,538
80,106,116,89,584,647,538
304,152,200,111,647,729,538
216,163,104,117,590,667,538
204,243,106,104,591,674,538
105,122,124,94,567,638,539
53,111,77,80,540,593,539
57,122,59,120,551,579,539
395,280,140,131,619,695,539
63,105,127,71,569,644,539
125,163,128,56,585,670,539
467,209,185,140,659,754,539
267,340,97,176,588,639,539
60,127,112,128,538,553,539
320,278,150,115,621,714,540
0,39,28,77,527,557,540
193,184,131,102,638,699,540
683,224,182,86,674,775,540
83,125,134,76,593,667,540
579,426,209,119,663,765,540
843,288,250,115,656,726,540
465,302,73,101,583,641,540
113,114,61,51,572,622,540
817,634,188,186,667,761,540
726,363,237,89,672,761,540
0,31,57,82,515,510,540
214,194,78,126,548,563,540
750,514,175,181,664,752,540
5,39,74,79,541,557,541
598,282,235,188,661,743,541
174,119,191,103,612,688,541
181,212,55,83,566,623,541
48,104,82,81,532,562,541
231,196,90,115,577,609,541
52,72,126,108,572,634,541
240,195,109,96,587,659,541
27,74,87,83,562,581,541
102,153,59,98,540,517,541
155,91,46,56,600,652,541
561,202,225,72,667,740,542
10,51,57,83,506,526,542
618,387,222,120,667,759,542
193,229,110,134,580,647,542
72,104,36,71,558,621,542
2,36,75,64,541,630,542
0,43,29,58,518,563,542
229,185,170,99,610,677,542
100,99,19,79,536,596,542
271,266,101,117,589,678,542
26,95,77,74,523,582,542
78,130,51,74,554,621,542
95,100,120,83,581,668,542
739,313,305,129,699,786,542
660,532,89,117,596,669,542
0,27,66,79,529,559,542
389,244,181,117,582,653,542
10,55,98,61,548,619,542
464,309,153,119,628,705,542
408,370,59,102,606,723,543
43,89,41,80,565,651,543
819,499,252,148,654,726,543
0,52,24,62,546,606,543
101,159,87,169,528,584,543
367,247,72,94,597,656,543
57,101,92,100,578,657,543
309,279,247,100,648,747,543
85,143,66,143,513,444,543
0,48,114,107,572,639,543
103,137,80,86,553,619,543
135,195,71,77,561,605,543
0,42,68,83,490,458,543
46,67,81,57,551,628,543
16,52,38,72,553,625,544
636,547,164,151,643,726,544
388,418,97,124,606,670,544
555,324,135,97,612,651,544
62,57,50,79,582,655,544
0,60,38,104,465,0,544
61,107,84,121,575,654,544
89,109,86,84,551,590,544
5,47,89,75,528,577,544
586,354,217,94,646,749,544
675,482,208,114,653,755,545
531,462,109,180,603,677,545
960,491,153,111,683,799,545
153,202,49,86,554,582,545
182,169,86,95,599,680,545
67,112,60,98,522,528,546
72,103,214,153,606,641,546
134,186,31,94,526,516,546
93,97,30,60,569,652,546
250,314,151,173,613,709,546
0,28,36,63,496,472,546
0,28,49,92,562,634,546
298,195,144,127,648,732,546
0,28,42,71,545,598,546
187,144,100,121,584,629,546
254,193,119,98,623,698,546
473,297,115,53,607,678,546
13,62,52,53,558,658,546
87,118,85,107,563,595,546
72,115,41,72,550,585,546
171,233,133,124,580,647,546
55,94,40,97,508,485,546
860,451,277,173,695,800,547
185,186,89,75,580,613,547
0,35,65,52,565,656,547
120,139,103,91,611,684,547
966,693,229,154,675,769,547
359,316,111,103,618,710,547
223,232,153,126,631,724,547
383,442,142,153,622,709,547
110,148,135,73,612,694,547
209,205,191,135,590,649,547
94,167,71,141,553,594,547
82,120,72,108,556,611,547
170,206,89,141,599,690,547
500,239,133,85,634,714,548
135,186,44,128,507,540,548
0,28,46,68,513,554,548
36,66,46,45,563,651,548
0,39,47,62,520,483,548
182,153,75,66,571,616,548
116,106,68,76,551,604,548
473,296,125,108,628,715,548
602,582,190,233,657,759,548
183,184,182,147,616,709,548
180,233,20,88,539,606,548
166,222,22,124,555,611,548
132,154,122,81,591,652,548
521,309,117,110,642,728,548
49,99,96,95,554,633,548
144,149,150,81,635,740,548
54,89,81,63,567,640,548
902,440,328,138,692,787,549
725,494,144,128,646,727,549
172,173,30,46,592,672,549
428,322,223,129,654,757,549
27,73,47,95,540,608,549
329,341,131,121,598,663,549
468,232,132,83,637,718,549
43,96,56,72,558,604,549
33,79,117,81,580,670,549
6,73,72,85,513,531,549
103,137,71,121,574,656,549
19,82,41,83,521,504,549
106,102,73,71,576,651,549
314,279,148,87,627,719,549
42,82,75,72,540,590,549
0,24,99,92,532,562,549
198,159,117,128,574,645,549
1,59,13,85,452,397,550
197,209,50,75,550,612,550
181,218,75,72,553,604,550
0,41,48,65,526,572,550
188,226,110,174,577,649,550
463,393,195,226,671,772,550
0,47,56,83,512,456,550
345,282,125,78,594,672,550
564,324,132,87,645,724,550
78,121,91,97,551,617,550
217,127,134,105,599,649,550
468,492,169,189,627,717,550
561,449,89,147,612,702,550
453,362,169,176,625,703,550
368,176,89,84,620,698,550
483,279,217,98,642,726,551
754,540,178,116,651,758,551
144,211,73,90,509,534,551
33,80,33,86,544,575,551
779,461,250,117,656,749,551
7,66,64,63,519,526,551
39,105,41,66,532,550,551
0,21,20,100,520,527,551
330,309,120,103,605,673,551
474,380,99,160,598,666,551
0,37,67,88,519,506,551
25,66,49,69,474,341,551
95,82,34,54,546,532,551
120,191,66,118,536,408,552
747,528,273,122,670,768,552
112,123,68,64,551,576,552
226,276,132,152,608,686,552
22,88,19,76,531,562,552
78,105,80,57,567,620,552
414,352,175,133,627,713,552
67,121,59,118,539,578,552
10,66,78,116,548,620,552
789,605,278,240,691,800,552
190,230,65,111,563,647,552
539,341,279,224,671,766,552
984,425,305,133,697,776,552
29,75,40,77,540,584,552
454,260,149,81,621,703,552
742,588,192,123,630,697,552
127,95,126,86,614,686,553
14,76,56,91,503,484,553
0,41,13,71,530,591,553
13,65,44,126,526,558,553
57,125,43,123,491,488,553
258,282,111,149,587,657,553
606,271,276,203,650,735,553
56,66,80,72,570,648,553
133,204,25,45,578,645,553
13,70,79,85,532,576,553
419,183,218,116,632,706,553
36,85,27,58,502,290,554
102,163,41,118,535,558,554
160,180,120,126,592,642,554
385,239,128,74,619,689,554
32,74,41,83,491,285,554
564,503,117,155,621,701,554
202,182,136,87,604,667,554
333,180,66,101,569,601,554
136,113,71,121,567,635,554
104,99,50,85,553,582,554
261,127,197,116,644,719,554
133,89,73,45,591,682,554
178,248,23,54,548,584,555
289,300,92,160,590,662,555
60,134,16,89,441,0,555
34,58,129,82,603,697,555
504,396,81,148,574,640,555
863,544,249,140,669,754,555
431,242,121,91,595,639,555
12,31,84,70,538,507,555
387,236,135,113,608,685,555
186,163,84,71,592,668,555
227,256,126,105,598,672,555
890,574,228,145,675,752,556
122,130,181,57,605,670,556
83,133,72,61,551,587,556
0,38,86,77,522,573,556
0,24,24,23,540,620,556
3,42,100,64,550,615,556
257,299,90,112,569,633,556
699,290,268,152,667,747,556
0,21,17,51,507,546,556
599,419,217,161,642,737,556
264,253,14,51,548,603,556
328,285,106,80,592,652,556
200,274,28,95,475,320,556
64,125,44,53,550,594,557
255,151,127,95,620,693,557
90,136,67,69,566,659,557
506,319,119,120,618,699,557
58,64,59,81,602,683,557
58,107,57,100,557,640,557
543,401,170,162,624,705,557
198,186,230,119,620,680,557
106,176,174,119,568,629,557
794,465,331,136,671,766,558
513,317,171,145,622,708,558
248,279,75,165,570,624,558
115,82,168,99,641,718,558
397,274,133,130,628,700,558
62,91,24,61,538,551,558
480,247,183,134,618,688,558
0,36,25,45,468,250,558
30,85,96,107,553,604,558
638,269,247,149,669,772,558
111,177,140,141,573,615,558
227,155,128,70,597,670,558
108,117,140,100,616,720,558
674,450,174,180,639,728,558
39,56,41,61,546,610,558
156,207,121,131,596,676,558
327,261,98,108,589,666,558
134,194,138,123,573,621,558
17,41,34,58,504,481,558
138,210,52,112,521,491,558
26,63,82,63,572,619,558
82,143,49,88,563,646,559
0,31,40,62,546,580,559
334,286,220,151,648,742,559
106,177,41,112,536,532,559
196,105,75,47,600,651,559
17,34,37,54,521,560,559
581,591,210,221,632,728,559
0,41,15,49,529,531,559
0,29,48,52,530,579,559
9,70,97,118,545,617,559
41,84,150,98,572,643,559
74,96,74,91,572,627,559
502,567,62,129,599,690,559
722,605,168,160,642,727,559
29,84,25,70,537,626,559
380,309,73,130,581,629,559
89,140,63,85,522,557,559
174,231,76,110,523,554,559
455,192,195,110,622,685,560
265,298,128,139,583,637,560
13,49,52,82,543,613,560
52,106,66,59,539,607,560
769,379,178,131,632,720,560
4,42,104,54,555,585,560
137,205,23,78,546,529,560
564,342,168,95,643,723,560
370,371,95,124,595,680,560
40,85,63,126,563,657,560
265,281,133,147,628,712,561
171,170,132,127,581,630,561
192,169,121,134,586,671,561
706,507,228,222,676,762,561
0,25,45,40,532,560,561
213,293,100,140,582,631,561
179,168,99,150,590,671,561
0,45,96,106,533,525,561
65,141,27,62,508,521,561
635,323,215,73,701,800,561
248,124,165,73,626,701,561
102,157,21,94,537,557,561
524,341,207,104,636,708,561
590,292,142,75,630,697,561
571,192,251,121,679,771,561
239,266,76,139,599,642,561
20,73,27,53,537,531,561
0,28,29,52,523,542,561
475,431,146,142,645,747,562
234,115,172,89,610,664,562
0,37,51,86,528,543,562
2,52,57,61,526,540,562
379,304,37,79,579,631,562
820,709,172,174,631,706,562
246,133,152,100,610,685,562
33,91,111,99,522,523,562
28,88,41,100,541,589,562
333,236,105,148,610,680,562
27,68,21,87,527,532,562
38,71,23,49,570,612,563
574,293,94,98,628,700,563
34,55,32,52,530,556,563
42,74,96,80,536,566,563
31,48,53,56,546,624,563
222,198,75,142,604,684,563
90,102,89,89,573,638,563
1,46,46,65,517,536,563
32,76,16,65,528,544,563
185,246,32,112,559,624,563
347,385,118,148,604,689,563
144,114,69,98,567,613,563
83,95,65,78,555,622,563
244,240,145,114,599,673,564
14,69,33,59,559,635,564
20,46,123,65,534,491,564
170,206,62,106,561,621,564
141,140,58,97,574,634,564
228,271,114,169,579,680,564
15,59,16,90,489,520,564
148,203,16,86,520,491,564
403,207,222,116,648,735,564
0,36,39,114,436,0,564
0,32,22,95,518,584,564
18,66,32,72,536,585,564
603,457,199,179,667,763,564
4,36,30,57,533,557,564
326,155,238,97,660,750,565
166,142,111,97,612,685,565
195,250,42,89,575,643,565
229,206,154,141,598,683,565
0,25,31,97,480,467,565
157,120,125,126,573,618,565
94,138,13,53,535,590,565
973,318,267,159,695,786,565
282,243,186,132,598,665,565
0,34,16,50,459,0,565
151,174,82,117,569,643,565
13,64,81,102,541,599,565
514,319,162,160,616,693,565
216,240,181,148,583,647,565
961,434,289,124,686,785,565
232,169,138,126,621,683,566
378,341,176,143,623,701,566
62,133,77,145,537,592,566
946,865,190,222,651,744,566
106,122,130,93,580,630,566
143,112,129,91,611,687,566
48,80,108,89,588,669,566
117,137,34,80,557,627,566
272,220,150,111,604,671,566
176,121,130,70,628,706,566
514,246,182,108,623,691,566
245,231,73,134,554,627,566
0,22,46,66,535,571,566
40,86,51,71,506,513,567
144,133,29,84,541,573,567
129,178,16,60,513,514,567
4,38,73,64,524,558,567
132,188,22,87,552,631,567
216,256,103,214,565,643,567
258,274,63,114,573,662,567
249,253,106,171,569,646,567
210,182,73,132,601,694,567
175,124,195,122,599,662,567
181,82,162,91,613,715,567
16,53,38,64,525,548,567
125,171,73,98,578,657,567
524,361,194,185,622,710,567
61,100,23,80,558,597,567
527,315,109,133,587,622,567
565,388,144,134,584,637,567
280,251,138,94,597,676,567
0,53,60,96,489,396,568
282,155,35,77,594,654,568
1,23,33,72,525,575,568
104,154,64,70,556,609,568
565,350,258,139,647,730,568
325,236,160,123,612,654,568
64,107,46,78,527,558,568
18,40,85,80,551,605,568
153,188,49,122,560,622,568
18,74,26,62,529,557,568
13,76,15,83,480,463,568
420,314,311,152,680,773,569
66,116,97,82,585,639,569
100,119,197,136,609,688,569
652,531,162,114,628,722,569
744,466,211,139,673,760,569
708,394,264,108,663,748,569
70,111,45,59,544,576,569
0,42,63,111,492,0,569
189,164,93,83,607,704,570
373,270,121,130,624,713,570
89,138,104,89,570,616,570
141,95,27,54,537,577,570
116,165,93,103,560,629,570
0,24,14,55,488,488,570
55,77,32,88,504,499,570
203,238,129,135,584,626,570
641,411,175,129,627,696,571
5,60,29,73,481,0,571
195,160,105,68,606,683,571
0,51,23,79,511,500,571
635,312,206,142,646,731,571
269,234,157,90,620,701,571
12,48,64,113,543,638,571
486,458,120,201,600,679,571
201,268,51,132,576,615,571
216,210,113,119,587,652,571
312,173,222,105,660,728,572
259,266,162,141,608,664,572
104,121,48,106,544,593,572
178,188,103,97,575,639,572
57,62,68,63,557,603,572
209,172,142,97,599,646,572
128,116,131,107,579,653,572
35,82,59,96,547,587,572
421,251,239,96,665,748,572
103,147,43,109,550,597,572
11,63,65,84,528,536,572
136,197,46,97,545,551,572
46,100,46,58,535,575,572
775,742,173,218,618,705,572
200,203,33,90,542,609,572
143,164,113,120,583,634,573
202,201,62,132,523,503,573
193,255,136,157,559,590,573
69,116,70,114,548,602,573
38,94,48,71,527,530,573
175,215,16,81,565,629,573
62,68,106,93,594,640,573
52,58,31,105,524,559,573
59,81,18,48,522,556,573
423,376,94,109,568,628,573
575,377,86,96,628,715,573
0,24,59,57,554,622,573
50,99,52,67,560,617,573
967,605,333,198,713,821,574
121,151,28,97,581,648,574
809,353,134,114,645,729,574
0,48,26,81,463,0,574
5,58,44,66,538,559,574
0,38,54,75,531,601,574
950,490,217,120,668,758,574
319,350,116,143,604,692,574
188,170,49,84,561,607,574
48,93,58,102,535,622,574
375,267,164,91,636,712,574
168,234,74,80,518,492,574
258,175,189,76,610,689,574
34,75,41,39,562,630,574
189,240,107,136,581,646,574
259,246,26,104,574,654,574
66,106,72,60,571,630,575
7,59,98,43,554,602,575
386,290,112,121,639,735,575
21,67,62,65,540,621,575
199,213,108,126,598,693,575
27,68,89,109,556,626,575
202,211,70,118,541,599,575
24,56,31,62,513,486,575
274,297,141,101,595,650,575
0,29,25,87,498,538,575
275,303,142,214,593,661,575
621,342,206,108,650,732,575
33,88,61,89,536,527,575
66,97,150,75,572,593,575
702,376,171,122,682,785,576
202,228,85,87,580,650,576
405,359,167,135,611,698,576
362,261,268,110,665,761,576
194,141,89,98,582,629,576
130,200,20,63,535,580,576
209,175,172,140,621,707,576
184,188,85,54,584,634,576
340,368,125,110,581,644,576
391,241,167,103,613,694,576
147,99,137,116,625,712,576
308,329,108,144,563,649,576
146,155,159,109,587,682,576
431,200,211,111,632,718,576
230,317,89,165,556,614,576
90,117,80,68,564,621,576
568,258,237,148,653,749,576
284,247,110,93,572,625,576
386,274,204,121,634,718,576
143,158,162,71,610,693,577
725,377,222,99,661,749,577
612,246,287,149,686,775,577
4,35,141,127,560,637,577
84,154,105,85,545,592,577
15,62,24,88,503,509,577
164,183,48,68,558,607,577
98,99,88,67,575,617,577
396,177,245,121,653,752,577
3,37,25,62,532,533,577
246,262,79,101,581,650,577
216,277,47,104,571,652,577
15,61,151,77,563,594,578
724,488,210,124,646,740,578
45,75,34,46,509,480,578
122,170,16,64,498,486,578
0,41,74,100,529,605,578
0,29,118,98,530,542,578
428,318,111,139,604,669,578
527,524,105,208,626,711,578
502,281,199,124,637,718,578
349,307,98,110,580,673,578
889,563,273,198,692,779,578
0,46,32,74,500,472,578
0,57,55,84,488,482,578
368,433,101,176,578,637,578
212,237,146,99,584,651,578
173,222,132,121,566,617,578
337,417,152,171,545,569,578
0,21,23,63,487,487,578
300,247,76,131,597,690,578
309,297,174,102,637,726,579
222,188,84,87,576,681,579
130,151,80,92,520,488,579
13,68,89,101,551,619,579
55,84,47,50,553,622,579
252,186,59,73,576,660,579
167,221,162,64,572,640,579
161,167,126,128,617,690,579
141,195,95,143,583,660,579
144,149,136,80,577,651,579
320,347,22,103,502,484,579
211,191,37,90,593,670,579
86,141,53,89,554,625,579
941,772,129,181,616,699,579
181,255,55,126,538,587,579
82,126,40,122,534,600,579
12,42,89,65,560,634,579
212,236,104,114,598,684,579
809,804,205,192,649,745,580
527,432,174,123,649,737,580
127,208,26,97,552,604,580
154,177,51,96,546,615,580
0,32,81,73,558,620,580
0,28,75,40,559,612,580
153,212,111,99,554,601,580
18,67,150,135,564,583,580
366,194,177,95,628,692,580
134,150,110,96,601,669,580
315,365,115,111,617,697,580
98,118,100,95,579,628,581
4,57,63,69,530,595,581
31,71,112,149,568,653,581
216,221,82,97,589,665,581
111,178,15,91,506,490,581
137,97,55,62,538,574,581
41,90,70,102,510,549,581
2,62,23,91,418,0,581
108,83,108,60,578,641,581
0,39,16,89,426,0,581
474,379,163,222,613,700,581
687,287,342,123,697,797,581
158,204,136,86,596,657,581
219,269,34,69,560,620,581
420,495,92,141,571,629,581
330,279,163,99,608,693,581
20,57,78,71,541,570,581
113,83,113,59,581,605,581
99,85,133,93,574,617,581
0,33,46,54,540,575,582
139,165,106,134,575,639,582
42,68,83,70,566,603,582
128,131,90,128,580,647,582
486,442,183,147,656,739,582
473,289,208,104,672,765,582
103,158,90,125,561,631,582
96,132,130,79,589,674,582
282,238,183,115,606,680,582
3,49,84,103,519,618,582
84,79,80,53,589,662,582
519,462,84,65,603,686,582
144,221,59,90,545,601,582
43,82,137,121,575,630,582
470,379,239,115,653,744,582
121,179,57,109,587,652,582
97,163,80,146,556,608,582
84,96,14,59,517,556,583
60,85,67,95,528,565,583
50,104,101,80,577,671,583
525,426,173,145,632,733,583
219,242,66,110,546,599,583
0,33,19,54,524,545,583
214,238,96,89,558,594,583
727,569,161,188,641,742,583
249,229,124,109,610,709,583
1,50,77,106,531,578,583
0,39,55,96,533,494,583
681,458,261,157,663,757,583
277,291,79,163,578,657,583
131,166,126,111,587,666,583
27,59,32,32,548,621,583
46,73,51,84,579,646,583
175,229,141,140,576,656,583
0,21,88,54,551,623,583
427,394,58,84,583,644,584
310,153,128,86,631,698,584
262,242,112,106,570,648,584
405,419,170,147,592,673,584
229,248,48,84,545,571,584
475,223,235,99,652,729,584
877,727,292,282,699,795,584
113,133,170,141,621,687,584
610,524,137,134,606,691,584
456,306,244,131,638,705,584
30,81,51,100,538,603,584
113,183,52,89,535,567,584
0,31,18,88,525,596,584
387,262,143,100,637,730,585
14,54,109,103,564,627,585
319,340,122,174,575,650,585
117,172,69,88,541,594,585
39,75,59,101,545,594,585
692,368,364,153,686,777,585
132,173,78,140,545,581,585
0,31,55,115,502,564,585
54,121,114,88,570,587,585
0,44,62,52,527,524,585
173,173,130,105,617,699,586
118,155,104,125,555,594,586
42,104,116,105,573,665,586
0,28,34,76,530,627,586
981,351,211,110,676,775,586
32,89,49,99,474,408,586
189,183,126,115,572,637,586
45,99,37,82,535,607,586
193,211,121,141,574,637,586
12,53,16,85,520,582,586
454,378,116,137,589,664,586
60,117,59,56,566,639,586
69,100,106,66,578,619,586
19,70,20,67,502,484,586
363,232,170,122,609,670,586
158,194,64,93,566,630,586
39,77,71,117,560,614,587
0,20,14,45,537,604,587
406,320,141,156,636,723,587
451,201,119,90,635,715,587
37,74,42,104,503,513,587
56,78,133,94,575,621,587
73,124,67,94,570,658,587
78,119,71,78,560,625,587
303,283,107,144,633,719,587
200,216,50,86,551,630,587
115,97,126,86,583,651,587
276,249,71,100,556,598,588
62,100,84,71,567,627,588
207,104,127,90,610,678,588
431,383,87,154,601,671,588
55,109,74,110,531,577,588
472,440,112,118,611,696,588
120,101,147,78,562,614,588
32,79,44,56,519,596,588
115,90,52,77,577,628,588
9,61,30,86,494,566,588
312,302,123,135,603,665,588
213,248,95,82,579,662,588
249,274,57,96,580,632,588
74,96,121,97,560,629,588
187,150,107,98,608,692,588
163,204,43,96,543,616,588
116,109,146,124,592,683,588
720,350,253,97,656,736,588
21,80,62,76,512,461,588
110,109,124,63,576,625,588
119,166,94,90,581,628,589
270,212,123,170,591,682,589
786,295,232,145,668,747,589
680,356,244,197,688,778,589
590,329,289,170,662,745,589
150,179,83,89,569,627,589
34,59,52,99,530,573,589
672,374,231,92,659,762,589
200,174,127,85,573,614,589
289,263,128,99,591,660,589
189,208,158,96,573,600,589
38,50,131,105,568,646,589
114,164,179,134,597,687,589
254,291,125,86,622,706,589
199,150,79,109,573,632,589
386,238,150,112,633,726,589
0,32,48,105,549,605,589
1,60,36,66,506,432,589
567,343,189,117,648,732,589
554,299,214,131,646,717,589
171,204,98,92,585,666,590
104,145,31,69,512,502,590
304,267,129,81,583,640,590
394,254,142,90,623,712,590
194,218,46,97,563,633,590
356,324,60,97,567,640,590
12,62,14,53,527,559,590
223,217,147,69,603,698,590
400,300,214,107,630,710,591
87,96,20,63,530,540,591
355,400,126,189,604,681,591
226,218,137,120,612,693,591
113,152,102,116,590,671,591
340,168,142,65,634,724,591
92,101,127,83,579,668,591
254,192,247,125,629,720,591
0,26,43,47,521,573,591
246,203,167,79,611,675,591
59,113,32,94,527,587,591
12,57,47,49,532,561,591
75,125,69,144,587,679,591
200,181,101,108,588,654,591
177,205,75,109,557,576,591
97,134,134,127,573,645,591
51,105,44,77,548,622,591
0,45,111,78,536,592,591
140,208,65,60,565,594,592
507,386,202,149,657,750,592
107,111,125,77,592,655,592
224,187,95,88,566,613,592
132,176,113,112,581,653,592
148,138,236,92,626,693,592
307,136,178,139,618,694,592
871,498,239,212,667,767,592
176,238,72,91,542,604,592
120,111,106,82,589,663,592
0,23,55,134,472,422,592
82,132,83,126,529,581,592
78,140,14,80,527,587,592
881,460,207,135,663,757,592
546,602,216,140,643,740,592
0,57,24,71,492,465,592
42,59,33,59,480,0,592
81,139,54,122,539,595,592
140,178,97,101,575,652,592
138,112,121,96,583,662,592
188,129,113,99,591,664,592
136,106,113,108,590,679,592
133,132,43,64,562,616,592
144,148,207,121,603,672,592
94,81,47,86,533,589,592
438,207,199,106,672,736,593
477,282,176,94,635,712,593
277,228,45,74,564,664,593
201,183,103,64,599,678,593
195,233,62,63,563,631,593
101,129,43,53,536,587,593
0,48,73,64,543,590,593
155,124,135,78,584,631,593
9,58,65,96,544,544,593
65,118,72,102,554,627,593
71,97,116,63,562,630,594
374,268,126,123,630,697,594
554,193,149,78,635,702,594
225,280,120,126,576,643,594
0,21,153,89,568,639,594
358,277,157,125,612,699,594
20,73,115,84,566,642,594
97,101,114,91,579,629,594
116,182,87,80,558,614,594
528,408,251,257,644,745,594
246,267,92,126,576,627,595
133,141,80,89,557,583,595
0,38,46,104,532,593,595
126,153,127,99,589,635,595
0,36,32,37,474,533,595
154,133,152,71,583,645,595
31,61,64,91,531,536,595
75,101,63,50,556,636,595
320,168,193,109,616,699,595
29,80,64,56,552,629,595
0,32,34,51,517,570,595
43,92,126,105,558,640,595
9,47,84,80,558,627,595
15,38,79,93,563,631,595
111,163,25,84,498,525,595
363,367,44,100,590,662,595
86,125,121,89,586,654,595
111,191,28,70,540,572,595
201,211,127,166,573,621,595
417,390,127,166,603,695,596
339,250,168,119,642,728,596
359,409,121,135,573,616,596
8,34,64,90,540,586,596
100,142,97,60,549,570,596
172,168,79,84,576,647,596
7,23,47,96,502,491,596
46,96,17,57,522,552,596
512,431,111,131,572,613,596
145,152,43,61,526,577,596
782,361,223,153,666,752,596
313,214,130,127,594,668,596
400,212,113,78,599,648,596
335,203,158,96,611,672,596
250,192,160,122,612,682,596
127,183,65,137,518,580,596
13,44,95,76,562,642,597
176,208,117,132,576,664,597
24,50,14,27,588,672,597
0,47,29,75,515,530,597
10,37,47,47,506,502,597
98,88,136,52,572,604,597
4,39,44,79,497,537,597
274,184,133,95,583,626,597
216,210,183,142,615,704,597
95,99,73,73,569,621,597
150,161,128,114,586,662,597
637,381,189,135,636,716,597
209,291,39,131,507,567,597
359,228,80,95,570,634,597
410,219,258,95,638,713,598
385,168,204,126,636,728,598
293,164,160,100,593,685,598
64,64,99,85,550,598,598
150,168,130,97,571,648,598
455,320,177,99,629,719,598
13,45,72,86,569,635,598
91,141,13,66,518,510,598
320,166,210,83,639,710,598
226,157,142,97,627,698,598
69,83,44,78,564,600,598
102,93,100,112,558,580,598
217,157,153,171,618,697,598
396,178,140,140,609,690,598
302,260,34,106,577,656,598
388,334,216,151,630,707,598
212,246,55,50,565,642,598
131,171,129,75,564,640,599
18,71,26,66,527,522,599
92,115,173,77,570,643,599
150,196,40,137,534,614,599
64,110,56,59,569,648,599
74,104,103,90,567,633,599
273,223,129,111,601,658,599
98,141,40,71,574,638,599
346,371,63,109,570,645,599
370,171,98,113,605,668,599
97,161,73,104,556,620,599
165,138,103,119,600,673,599
88,76,122,97,563,631,599
72,123,65,73,552,629,599
379,228,135,91,609,683,599
97,88,20,53,529,442,599
24,77,40,84,510,534,599
0,28,54,80,549,626,599
147,118,31,58,557,606,599
140,101,128,84,573,629,600
76,112,63,104,561,630,600
668,385,250,123,670,753,600
273,280,62,75,545,611,600
44,77,157,85,577,623,600
83,127,132,100,572,648,600
0,35,109,62,536,540,600
86,111,16,86,520,506,600
363,421,37,144,555,603,600
117,101,47,50,559,589,600
290,289,102,122,600,681,600
106,161,73,115,541,558,600
70,79,81,53,600,694,601
953,381,218,174,663,750,601
216,225,53,81,545,580,601
0,38,71,76,518,601,601
64,104,30,71,540,619,601
261,181,62,63,556,605,601
20,78,88,81,558,641,601
362,312,95,85,620,718,601
167,165,91,91,546,615,601
418,340,167,139,626,724,601
237,191,65,112,569,638,601
864,443,213,194,657,736,601
0,31,119,74,542,582,601
110,115,81,119,578,659,601
859,478,372,170,696,796,601
66,112,91,119,533,548,602
275,338,86,110,623,721,602
341,248,118,79,625,694,602
234,300,102,123,584,648,602
133,185,93,94,584,664,602
268,185,106,105,568,602,602
222,244,94,122,552,604,602
115,133,21,44,567,595,602
44,75,29,64,506,590,602
613,287,235,109,663,766,602
659,283,320,128,674,775,602
2,45,27,34,532,578,602
66,127,84,94,545,631,602
101,108,108,90,572,621,602
476,245,140,159,604,681,603
455,299,184,115,635,724,603
55,68,75,87,540,586,603
103,171,67,123,540,583,603
254,168,168,98,609,688,603
156,212,136,121,574,623,603
19,77,34,98,502,560,603
517,285,215,90,640,705,603
39,62,125,98,566,596,603
158,172,32,110,560,624,603
84,106,78,88,568,642,603
143,182,75,99,562,619,603
253,281,83,138,546,605,603
1,47,56,119,539,566,603
161,221,76,64,557,626,604
0,20,19,49,500,533,604
43,108,34,111,512,559,604
306,267,117,80,616,690,604
506,362,219,158,649,750,604
366,206,135,77,624,710,604
100,166,129,141,561,613,604
83,127,34,73,566,627,604
516,485,133,123,617,710,604
821,306,263,125,662,756,604
403,272,33,66,603,666,604
158,188,84,123,571,633,604
648,436,214,191,636,731,605
209,244,58,94,581,665,605
56,102,100,62,581,664,605
224,206,170,97,610,684,605
686,312,193,128,660,755,605
488,278,173,146,629,705,605
150,219,100,162,570,619,605
104,164,127,100,573,645,605
113,135,60,122,557,624,605
322,204,122,65,619,689,605
63,94,100,70,569,613,605
185,188,93,86,545,600,606
478,460,92,124,580,657,606
588,390,200,104,621,690,606
17,40,39,77,531,598,606
518,479,137,177,628,713,606
801,506,300,166,675,772,606
184,171,138,92,603,686,606
340,151,175,147,636,714,606
146,100,138,63,611,691,606
323,248,130,132,593,674,606
0,30,40,42,523,565,607
205,241,87,111,576,649,607
0,31,25,91,505,578,607
343,367,121,145,612,682,607
536,412,139,156,629,706,607
43,77,17,79,501,535,607
54,80,97,105,572,648,607
79,132,73,85,504,511,607
364,298,155,195,648,740,607
107,142,54,109,563,638,607
66,85,78,74,561,627,607
14,54,83,87,558,596,607
842,372,170,109,640,720,607
24,49,63,80,563,633,607
29,89,40,68,532,558,608
50,82,127,84,582,663,608
48,62,32,75,580,649,608
111,103,168,117,586,661,608
684,621,136,184,644,722,608
45,84,35,51,528,565,608
369,246,175,118,613,712,608
145,223,63,106,545,601,608
221,159,212,110,611,672,608
148,188,180,86,617,694,608
70,86,43,69,538,584,608
210,260,165,151,586,656,609
57,84,88,46,553,616,609
359,289,212,128,635,719,609
570,210,297,104,665,765,609
0,44,26,38,513,515,609
670,550,188,179,640,723,609
40,40,118,77,591,669,609
238,296,97,157,576,653,609
483,398,94,163,609,687,609
21,56,25,57,533,605,610
288,200,124,84,586,621,610
0,45,88,62,549,625,610
161,119,96,73,575,627,610
38,100,17,49,540,593,610
480,312,172,116,648,730,610
100,106,158,107,569,643,610
0,27,88,90,528,588,610
147,163,52,75,565,656,610
49,83,132,54,573,651,610
14,42,22,52,538,570,610
28,50,18,81,502,542,610
49,107,37,91,528,542,610
24,82,43,72,516,535,610
793,417,286,165,681,785,610
620,385,186,120,649,740,610
154,158,101,107,614,710,610
0,34,59,88,539,543,610
96,108,91,37,573,629,610
358,286,144,121,628,720,611
0,33,24,57,519,585,611
435,241,163,133,636,726,611
453,326,193,74,632,714,611
65,65,56,64,536,557,611
208,154,68,88,578,605,611
277,297,65,114,552,620,611
141,155,101,129,579,661,611
0,45,29,60,511,493,611
197,252,106,138,596,660,611
102,169,32,107,517,578,611
302,316,108,142,606,686,611
0,37,103,55,538,576,611
447,327,162,151,629,704,611
522,535,81,165,560,614,611
51,73,50,72,561,618,611
0,23,81,54,539,595,611
51,120,30,102,519,548,611
6,45,48,77,526,589,612
15,33,46,77,544,581,612
961,638,218,167,667,764,612
173,217,42,85,555,606,612
156,176,73,107,558,626,612
810,412,187,168,658,736,612
49,97,45,90,533,609,612
30,86,72,127,514,561,612
440,295,231,145,667,763,612
586,376,195,202,638,720,612
70,131,22,82,538,624,612
54,103,41,62,536,570,613
98,126,61,59,536,591,613
224,266,111,89,579,663,613
211,142,140,66,603,689,613
0,21,86,133,495,480,613
0,29,41,63,519,565,613
683,593,194,194,645,744,613
54,78,107,77,577,674,613
0,22,59,63,511,545,613
175,98,93,74,598,669,613
16,70,36,87,519,540,613
0,33,21,61,522,607,613
441,231,223,90,642,729,613
183,127,167,103,604,682,613
17,57,23,54,528,610,613
42,90,73,63,512,481,613
83,124,113,92,571,641,613
140,192,75,125,560,653,613
422,284,180,92,641,730,614
24,68,86,69,565,617,614
404,221,246,128,668,745,614
75,95,40,84,554,614,614
122,103,103,116,590,673,614
181,96,162,66,618,708,614
138,153,98,106,566,642,614
31,67,90,57,561,634,614
83,127,95,87,583,694,614
0,29,70,73,558,653,614
138,131,65,67,546,604,614
224,123,225,113,633,698,614
92,95,117,129,567,628,614
62,79,14,96,561,609,614
88,129,61,65,542,587,614
697,309,290,107,671,752,614
62,112,79,81,603,710,614
681,381,238,85,669,754,614
89,139,92,115,558,627,614
60,47,173,91,606,675,614
79,124,75,78,554,632,614
136,185,115,145,525,462,614
2,61,14,80,449,0,614
0,44,73,99,522,593,615
212,213,57,124,551,594,615
337,281,118,95,602,660,615
186,196,116,132,537,585,615
16,62,39,69,515,602,615
0,27,71,76,545,615,615
35,76,91,66,539,572,615
41,69,74,57,498,493,615
983,248,382,85,706,796,615
55,129,37,52,528,561,615
123,172,51,143,547,629,616
56,112,69,70,541,589,616
221,144,155,93,584,640,616
0,45,47,86,494,541,616
169,188,59,113,549,619,616
0,26,90,94,545,607,616
18,50,47,67,523,543,616
71,124,81,85,500,435,616
391,274,136,116,621,717,616
64,100,84,72,541,615,616
145,161,111,102,594,694,616
0,26,15,76,496,386,616
344,366,85,155,615,708,616
247,157,82,95,597,661,616
331,285,92,119,561,618,616
513,191,184,95,667,757,617
151,158,147,135,574,624,617
301,318,79,155,550,584,617
177,159,22,73,516,498,617
431,416,129,108,613,717,617
136,160,91,100,588,661,617
460,291,137,142,644,736,617
50,104,155,103,560,578,617
109,107,115,92,580,659,617
40,82,14,62,509,564,617
373,327,94,100,595,637,617
0,27,74,77,512,516,617
407,393,231,176,635,728,617
315,307,58,140,576,654,617
133,123,114,88,588,647,617
586,221,286,168,698,804,617
296,222,235,103,619,709,618
14,48,62,60,543,625,618
234,270,113,100,602,706,618
158,186,104,153,592,675,618
100,149,109,112,575,647,618
88,140,78,125,532,550,618
3,48,82,78,555,641,618
233,244,157,150,571,614,618
55,115,46,99,544,622,618
62,69,165,73,599,664,618
127,142,105,127,549,619,618
481,265,198,190,654,743,618
103,155,101,93,560,647,618
120,177,57,108,505,579,618
100,94,124,120,575,648,619
178,204,142,130,559,640,619
152,120,134,84,552,540,619
320,190,141,68,615,695,619
28,67,86,73,524,518,619
236,245,148,106,590,688,619
66,106,73,96,573,630,619
0,36,18,83,453,371,619
151,111,75,58,578,645,619
203,278,108,125,596,674,619
216,199,59,103,565,647,619
324,185,170,102,632,720,619
117,172,86,132,560,600,619
752,364,242,144,652,740,620
211,192,89,91,613,690,620
333,266,98,84,614,704,620
184,204,52,95,534,611,620
0,33,23,74,519,567,620
201,160,131,69,626,710,620
68,92,110,87,562,614,620
27,63,94,95,536,616,620
46,99,78,130,518,573,620
215,259,110,115,574,634,620
14,59,89,120,549,613,620
104,148,69,121,556,624,620
8,60,18,55,524,570,620
326,265,188,73,641,737,620
123,145,161,106,591,653,620
188,154,124,91,612,691,620
255,308,103,110,584,633,620
236,163,76,121,561,649,620
241,249,204,171,596,682,620
0,22,61,77,512,528,620
513,471,120,165,593,651,620
47,77,34,85,515,562,621
248,161,162,92,590,645,621
0,34,26,109,464,449,621
32,38,148,54,578,638,621
347,242,116,83,587,622,621
776,322,338,130,695,781,621
504,496,111,123,591,664,621
10,57,173,70,632,697,621
347,372,87,207,592,663,621
12,64,56,50,534,533,621
0,24,13,55,529,566,621
2,50,119,67,547,594,621
54,87,114,108,551,618,621
167,134,137,150,553,606,621
17,62,74,68,554,608,622
54,81,53,45,555,587,622
381,231,140,78,614,711,622
17,77,27,76,485,532,622
0,21,71,61,491,536,622
53,86,66,113,488,0,622
70,109,185,83,576,623,622
207,187,117,96,610,704,622
809,227,308,122,709,800,622
100,88,18,66,571,639,622
324,299,137,127,588,645,622
17,56,27,33,530,597,622
19,81,16,56,508,422,622
81,83,83,58,565,611,622
54,89,46,101,546,598,622
236,281,66,110,554,611,622
16,70,37,50,543,603,622
60,93,37,100,537,606,623
72,95,63,111,558,599,623
764,526,208,132,642,733,623
256,193,51,82,551,586,623
266,324,52,143,567,642,623
246,292,84,86,559,618,623
28,87,24,102,431,0,623
67,104,108,93,545,575,623
74,108,70,89,531,586,623
941,554,220,206,724,834,624
0,20,67,109,535,582,624
189,255,94,165,556,641,624
345,297,167,150,599,682,624
425,263,103,82,602,678,624
194,247,29,75,553,612,624
197,123,102,55,592,617,624
5,43,129,85,565,644,624
104,142,90,114,572,669,624
261,283,81,163,573,639,624
284,162,269,178,659,748,624
172,129,75,71,577,656,624
179,101,118,82,596,660,624
31,93,47,97,535,559,624
522,484,104,131,587,673,624
160,178,61,98,527,439,624
2,45,54,92,517,527,625
83,152,63,108,536,577,625
337,223,91,93,573,625,625
952,408,181,128,679,772,625
386,229,140,118,635,752,625
235,113,199,74,632,721,625
55,105,29,82,544,558,625
54,102,59,57,568,624,625
657,470,206,155,634,725,625
661,338,238,142,644,731,625
179,106,133,105,606,679,625
119,135,82,97,522,530,625
378,418,110,154,603,677,625
89,87,19,41,575,622,625
81,77,63,70,573,631,625
166,192,62,132,580,653,625
113,125,133,84,587,636,625
0,36,29,68,514,540,625
83,104,68,109,535,612,625
638,680,187,211,602,683,625
280,315,152,172,586,669,625
48,85,94,87,557,628,626
6,59,14,79,483,488,626
38,57,32,61,540,580,626
48,84,63,87,513,503,626
637,590,157,194,615,704,626
181,107,127,54,605,650,626
0,31,51,71,538,574,626
243,256,145,131,555,605,626
7,30,115,84,549,601,626
89,95,37,73,563,606,626
130,92,122,52,607,688,626
34,78,46,63,519,503,626
566,516,160,188,617,709,626
407,366,93,128,615,696,626
216,152,36,74,576,640,626
0,24,62,86,501,502,626
18,68,88,59,557,595,626
152,166,129,114,566,611,626
149,116,150,96,594,666,626
41,87,43,63,535,607,626
202,169,145,102,601,696,626
641,471,173,196,643,725,626
143,145,82,104,561,626,626
0,40,69,62,548,626,627
548,332,166,100,608,681,627
0,41,20,48,505,476,627
272,239,214,174,633,703,627
0,26,81,85,540,629,627
24,65,33,71,486,449,627
86,115,69,66,544,620,627
27,42,77,56,554,578,627
119,128,99,48,595,655,627
0,41,34,82,523,572,627
268,211,119,105,585,669,627
137,193,79,135,548,586,628
0,35,35,53,502,521,628
366,279,108,74,597,665,628
151,152,66,64,582,655,628
233,214,95,123,600,704,628
426,149,228,140,666,751,628
53,85,112,85,584,674,628
196,203,152,144,587,669,628
134,191,92,97,524,551,628
685,516,207,155,664,765,628
10,30,30,51,523,550,628
55,113,57,133,569,653,628
0,30,50,55,538,588,628
139,146,27,66,507,491,628
22,52,84,75,554,620,628
374,235,177,110,612,672,628
13,53,19,65,505,553,629
862,603,279,206,737,844,629
340,295,151,92,619,714,629
19,65,56,64,531,575,629
147,166,104,149,576,632,629
0,38,26,49,530,566,629
198,223,74,110,539,600,629
223,267,82,87,583,659,629
821,431,246,107,663,763,629
631,405,197,132,626,707,629
36,89,26,69,517,525,629
52,98,50,56,529,612,629
330,265,204,83,608,703,629
232,239,64,121,543,598,629
330,304,152,107,589,664,629
419,399,71,134,596,670,629
914,411,296,118,688,785,629
97,132,68,110,538,599,629
195,234,81,165,573,621,630
152,101,159,95,583,642,630
7,53,33,61,547,611,630
3,58,55,81,541,612,630
451,382,75,122,579,636,630
269,283,125,121,590,678,630
342,238,182,181,647,733,630
5,58,43,61,537,618,630
7,63,17,82,485,406,630
2,55,49,89,499,465,630
142,148,77,86,544,580,630
758,331,256,119,678,774,630
17,61,113,104,554,595,630
84,136,72,82,538,586,630
275,281,23,101,512,554,630
160,171,173,160,608,689,630
0,29,31,85,514,514,630
100,173,100,134,516,530,630
439,220,232,150,658,741,630
255,198,246,147,639,726,631
271,261,164,120,600,663,631
252,106,180,69,623,680,631
0,29,52,61,493,481,631
103,116,17,52,551,582,631
137,135,84,48,573,624,631
0,42,84,118,553,624,631
211,163,155,125,616,694,631
58,107,60,80,554,646,631
678,297,209,109,650,721,631
0,32,36,37,523,522,631
436,378,198,139,610,681,631
264,341,80,108,552,632,631
7,49,75,48,560,607,632
156,136,66,81,574,639,632
228,193,96,119,577,647,632
67,78,100,59,542,620,632
177,154,192,108,638,718,632
0,34,13,51,485,422,632
83,93,30,106,545,572,632
81,119,50,71,549,574,632
202,160,72,74,579,661,632
178,242,95,181,559,558,632
116,91,89,75,551,579,632
86,89,136,91,595,660,632
35,64,23,45,553,609,632
0,35,54,121,510,515,632
127,72,36,45,575,623,632
0,23,60,83,512,552,632
492,449,240,221,679,751,632
377,242,135,104,641,717,632
96,83,218,90,630,707,632
19,50,58,54,559,612,632
172,186,66,112,572,658,632
527,338,195,145,654,752,633
147,102,124,62,603,676,633
374,251,196,113,618,703,633
225,244,36,87,543,590,633
0,37,52,52,531,592,633
99,147,65,137,535,608,633
538,386,112,104,618,689,633
0,28,40,55,521,589,633
965,749,252,187,687,791,633
74,117,94,108,548,567,633
133,174,99,107,547,593,633
95,99,161,139,579,642,633
189,251,104,134,589,652,633
583,420,144,133,627,714,634
24,38,69,76,550,634,634
224,292,166,116,598,653,634
386,316,144,115,581,665,634
58,115,41,68,532,515,634
172,213,81,85,564,628,634
0,36,33,77,494,435,634
12,50,74,76,545,638,634
201,174,41,102,567,630,634
588,497,47,103,607,677,634
0,22,37,59,532,577,634
147,176,88,117,556,632,634
306,227,158,108,596,688,634
251,261,171,127,610,697,634
201,75,139,51,618,699,634
451,362,140,198,571,637,635
5,31,63,71,555,628,635
191,194,184,101,598,686,635
68,108,63,89,499,523,635
17,57,112,67,566,635,635
0,38,75,68,522,584,635
337,354,145,143,598,701,635
733,514,123,139,617,702,635
11,27,96,84,546,611,635
706,544,159,204,669,772,635
5,25,29,72,505,533,635
54,114,56,90,523,605,635
106,131,17,62,478,480,635
76,148,106,111,555,602,635
31,78,68,103,530,616,635
86,149,101,108,560,616,635
42,50,37,62,585,658,635
121,181,89,133,553,605,635
521,444,130,123,604,685,636
22,27,88,62,541,588,636
339,328,154,99,612,705,636
133,209,37,122,504,477,636
19,69,60,96,529,549,636
72,94,72,143,537,569,636
652,715,32,145,589,680,636
21,38,49,83,521,557,636
234,266,78,156,529,619,636
243,270,104,119,545,617,636
223,258,140,175,614,700,636
167,152,116,88,579,645,636
184,163,144,102,596,674,636
399,280,133,113,628,718,637
581,235,258,140,660,742,637
144,206,91,116,585,650,637
0,35,65,111,543,606,637
730,278,289,132,685,777,637
85,167,18,92,464,0,637
48,105,82,77,545,573,637
56,113,70,119,525,561,637
69,124,116,138,569,634,637
0,43,24,68,465,329,637
43,72,91,63,553,599,637
31,75,73,106,528,525,637
338,168,229,97,633,716,637
242,153,124,85,604,675,638
255,205,151,86,601,677,638
16,57,34,53,511,551,638
110,131,109,92,563,632,638
142,213,111,152,549,610,638
3,56,14,64,534,583,638
98,118,107,70,598,675,638
0,44,42,67,535,599,638
179,114,40,69,576,641,638
275,260,201,123,625,717,638
21,74,14,59,470,476,638
823,847,145,197,615,696,638
52,101,162,91,593,677,638
27,49,56,43,563,624,638
424,495,98,171,567,637,638
476,212,176,79,637,719,638
236,269,176,91,650,715,638
127,102,185,161,620,693,639
283,340,126,192,562,640,639
842,377,289,161,677,773,639
470,406,148,96,594,680,639
108,126,74,123,575,636,639
95,150,35,123,521,595,639
159,174,113,114,543,606,639
465,230,158,112,605,691,639
133,121,65,72,524,586,639
318,302,115,126,604,698,639
0,20,101,58,537,618,639
761,645,198,174,640,745,639
0,27,55,90,532,607,639
203,138,111,86,600,682,639
218,287,93,145,579,662,639
760,383,249,95,670,765,639
133,123,37,47,539,552,639
248,203,170,145,613,694,639
158,200,148,154,589,667,639
51,90,112,103,543,578,639
214,268,132,173,582,659,639
674,446,203,211,635,729,639
381,230,190,90,630,702,639
0,37,19,81,465,296,639
204,223,127,133,597,687,639
1,46,67,98,504,518,640
136,153,145,108,582,659,640
46,102,59,99,531,478,640
451,189,169,89,658,752,640
665,553,137,191,633,731,640
174,223,59,145,513,525,640
47,92,75,91,536,585,640
308,291,63,114,562,631,640
425,346,181,149,621,702,640
23,62,49,83,533,602,640
117,149,88,180,559,621,640
51,83,198,106,592,657,640
253,234,170,79,607,700,640
400,250,157,105,609,683,640
185,163,126,141,620,712,641
555,305,143,81,633,715,641
13,47,68,93,550,623,641
868,606,221,149,632,725,641
580,276,159,203,665,742,641
110,136,94,63,556,605,641
469,335,182,136,638,711,641
587,485,115,139,575,635,641
521,402,312,108,678,777,641
111,99,126,69,602,692,641
49,64,72,78,539,566,641
0,47,29,100,478,440,641
288,250,142,106,594,675,641
225,154,115,105,584,664,641
59,96,30,87,530,566,641
190,137,221,77,628,702,641
134,150,122,98,594,657,641
235,190,77,62,561,612,641
239,251,127,107,555,623,641
331,310,65,86,597,671,641
0,41,44,76,496,451,641
133,128,21,71,546,571,642
198,196,72,66,586,666,642
9,22,63,77,539,613,642
72,98,15,88,529,566,642
38,89,24,75,512,527,642
368,195,210,132,632,730,642
28,49,109,49,539,607,642
0,22,44,42,502,552,642
541,370,151,130,623,717,642
302,345,110,121,576,643,642
38,66,135,71,586,665,642
4,35,49,47,524,551,642
39,47,134,91,578,626,642
57,111,65,79,568,662,642
71,122,29,93,435,274,642
404,261,208,143,634,720,642
78,72,102,88,581,656,642
661,530,143,160,615,693,642
151,195,14,90,536,596,642
114,169,13,99,484,521,642
74,101,145,86,593,679,643
606,314,230,109,665,751,643
941,363,300,136,677,769,643
478,395,238,116,634,712,643
135,112,152,98,600,661,643
231,141,137,83,619,690,643
159,170,97,63,578,622,643
96,151,31,99,542,560,643
551,446,244,237,661,761,643
216,177,129,90,607,680,643
20,47,48,67,521,549,643
435,246,196,108,642,726,643
46,92,119,143,574,641,643
216,158,78,67,588,654,644
34,85,54,72,546,572,644
208,287,25,125,491,539,644
177,142,206,185,602,689,644
201,95,119,80,576,637,644
25,65,19,62,484,464,644
980,424,275,154,672,767,644
169,226,91,129,558,629,644
74,120,74,97,554,608,644
315,203,103,112,563,624,644
421,260,261,147,673,764,645
67,117,36,95,527,546,645
108,149,46,78,531,581,645
52,99,55,103,546,597,645
248,276,58,120,512,401,645
80,123,31,63,560,611,645
49,62,120,87,565,599,645
91,76,107,66,606,678,645
100,118,21,87,530,556,645
621,260,331,124,675,767,646
96,80,82,52,565,649,646
128,192,92,124,559,610,646
0,36,30,67,532,555,646
64,109,85,128,468,247,646
49,101,80,87,524,526,646
76,110,60,94,507,565,646
187,253,65,176,566,661,646
648,365,214,95,638,730,646
22,69,56,64,494,535,646
277,164,56,113,543,585,646
0,20,70,53,506,542,646
1,33,81,95,533,619,647
0,25,57,74,502,552,647
0,24,94,68,583,683,647
477,336,185,122,631,712,647
332,233,195,112,646,725,647
134,181,133,92,568,644,647
546,555,148,188,602,672,647
39,99,66,92,554,621,647
0,49,70,100,519,567,647
427,293,181,174,638,720,647
536,370,208,123,642,727,647
817,278,235,112,663,749,647
431,322,145,116,655,740,647
86,138,41,106,563,640,647
223,193,94,94,590,667,647
26,67,21,59,485,470,647
1,45,29,50,520,520,647
0,24,38,73,516,582,647
41,79,45,95,530,548,647
338,389,254,216,604,696,647
745,244,239,117,651,723,647
33,65,31,101,522,577,647
17,47,93,106,553,614,647
24,74,107,65,514,553,647
16,69,15,68,481,449,647
11,50,25,54,545,626,648
139,103,204,64,619,705,648
12,62,70,87,527,528,648
363,191,112,71,605,660,648
234,231,144,144,627,713,648
257,236,145,132,592,658,648
170,198,90,40,587,654,648
127,133,70,84,546,584,648
260,203,175,140,612,705,648
18,77,34,72,522,592,648
315,180,110,87,616,699,648
62,101,15,50,570,618,648
620,466,227,141,633,714,648
414,413,180,171,609,682,648
121,150,89,104,562,630,648
0,33,61,117,548,619,648
133,103,26,66,567,638,649
205,267,76,143,578,619,649
408,347,191,109,618,706,649
224,242,110,142,578,654,649
20,66,83,59,562,642,649
0,43,21,74,484,515,649
629,277,221,136,669,754,649
688,680,186,164,649,748,649
0,39,60,74,539,617,649
0,36,58,81,471,451,649
156,215,153,87,586,658,650
0,31,102,82,520,560,650
122,131,159,109,603,685,650
141,165,131,79,603,696,650
0,25,52,39,510,559,650
394,370,187,185,626,730,650
0,25,17,71,451,431,650
115,135,101,132,576,667,650
341,307,45,63,582,659,650
2,57,23,51,534,540,650
318,327,154,148,617,716,650
83,107,58,88,551,615,650
185,198,134,119,608,711,650
95,85,61,114,520,550,650
362,362,181,125,608,708,650
167,239,23,133,490,433,650
47,82,157,78,585,641,650
233,253,110,169,589,672,650
481,419,147,171,602,682,651
248,238,154,101,625,707,651
239,213,118,89,604,697,651
105,77,224,123,628,700,651
223,215,93,115,584,672,651
279,314,145,184,613,700,651
1,40,13,37,483,496,651
37,71,109,101,550,608,651
24,85,32,84,491,485,651
65,123,47,89,545,640,651
0,25,51,41,499,522,651
20,53,72,59,548,587,651
736,393,270,159,694,797,651
744,317,217,111,636,712,651
0,39,75,111,547,602,651
0,27,16,88,443,488,651
15,62,53,64,514,594,651
49,82,155,102,577,621,651
2,41,36,37,518,504,651
15,75,29,72,497,498,652
279,175,161,161,624,710,652
87,128,197,100,601,682,652
134,177,114,103,595,678,652
608,420,189,147,663,771,652
115,186,38,109,522,593,652
45,55,42,60,547,590,652
9,50,38,57,531,597,652
0,23,13,69,524,572,652
5,44,100,72,537,572,652
339,288,164,128,624,712,652
0,31,28,47,485,312,652
10,68,80,80,503,482,652
178,196,114,124,562,631,652
86,152,42,117,541,587,652
0,27,96,57,525,556,653
974,588,166,118,638,731,653
197,178,145,100,597,671,653
19,57,34,46,525,515,653
763,375,235,143,667,762,653
44,77,34,79,544,637,653
94,167,28,100,506,531,653
6,36,36,75,479,528,653
32,62,20,71,521,538,653
11,67,26,60,512,541,653
15,50,93,62,565,651,653
217,205,100,78,575,675,653
245,195,74,112,566,632,654
87,147,67,88,532,583,654
0,43,39,117,461,0,654
84,123,51,114,522,574,654
0,30,46,90,430,188,654
521,399,155,112,598,649,654
675,244,287,189,683,768,654
509,465,123,158,590,660,654
138,209,41,107,494,335,654
38,51,21,62,531,571,654
152,201,106,76,589,651,654
450,324,213,137,627,716,655
302,337,147,104,595,656,655
953,413,314,213,681,778,655
269,240,88,132,579,670,655
127,135,64,91,565,613,655
180,175,117,78,575,637,655
24,55,88,65,575,648,655
42,49,67,64,560,634,655
179,97,106,58,584,627,655
26,84,21,95,499,466,655
183,102,119,75,603,684,656
11,58,114,104,548,622,656
268,198,73,90,631,702,656
108,136,101,96,564,590,656
96,96,65,117,561,634,656
175,118,196,100,608,661,656
294,209,221,139,637,730,656
102,127,22,86,534,600,656
252,330,33,112,555,631,656
128,183,112,108,566,625,656
510,284,218,131,646,732,656
197,209,83,78,566,610,656
434,343,152,136,610,676,657
8,31,72,65,539,618,657
78,118,90,77,576,638,657
476,343,158,168,626,696,657
235,199,140,82,603,693,657
910,471,376,166,694,797,657
145,125,189,108,618,699,657
54,72,38,58,525,551,657
99,154,108,163,575,663,657
50,67,51,55,541,605,657
4,50,37,61,473,469,657
106,125,82,82,548,559,657
63,69,74,108,545,608,657
180,198,126,146,563,645,657
657,419,215,173,650,753,657
184,214,62,97,536,605,657
72,84,31,55,544,595,658
301,322,144,139,583,659,658
14,35,45,57,528,530,658
963,535,264,179,672,767,658
628,262,287,160,679,776,658
256,151,115,69,614,668,658
184,119,124,130,578,637,658
266,162,243,103,610,694,659
427,219,158,97,595,668,659
145,159,124,101,579,661,659
0,23,137,80,526,561,659
490,436,118,166,617,714,659
24,46,16,56,499,491,659
728,446,148,109,627,720,659
210,126,137,92,617,720,659
49,72,16,78,478,459,659
45,60,90,97,535,495,659
272,225,114,75,596,687,660
207,186,105,87,570,644,660
247,115,46,69,574,570,660
405,306,156,126,635,720,660
25,73,78,117,545,632,660
81,88,101,90,540,617,660
152,148,65,51,564,627,660
403,411,112,157,585,679,660
627,257,191,122,657,744,660
103,151,33,64,575,673,660
312,303,178,108,611,675,660
162,193,67,137,575,648,660
7,24,93,60,563,619,660
145,145,158,120,599,696,660
17,62,54,64,508,477,660
50,91,86,108,542,565,661
139,182,130,163,571,622,661
552,248,233,102,656,738,661
457,248,102,98,604,672,661
81,151,14,71,485,495,661
366,397,138,120,600,682,661
0,34,15,62,501,592,661
64,124,31,84,528,564,661
761,586,279,257,691,804,661
101,114,159,99,604,693,661
219,276,54,76,514,552,661
518,407,150,108,592,683,661
47,98,20,64,510,567,661
0,33,35,41,540,604,661
4,20,40,38,540,609,661
317,393,66,169,510,522,661
0,45,66,55,507,562,661
68,113,61,67,543,589,661
30,54,47,67,566,631,662
486,427,216,126,640,727,662
132,99,90,83,547,582,662
317,221,102,74,618,694,662
31,69,57,72,529,583,662
125,107,173,78,598,672,662
608,551,208,207,639,728,662
45,73,111,90,532,560,662
0,35,13,50,529,595,662
209,179,18,83,553,609,662
541,429,205,121,632,721,662
309,272,196,107,601,677,662
22,47,113,85,542,593,663
175,224,140,101,578,666,663
114,138,30,100,525,552,663
717,369,231,142,647,713,663
402,286,110,96,627,720,663
126,144,174,169,607,683,663
238,282,97,77,596,679,663
125,142,110,76,571,650,663
30,66,109,124,546,600,663
132,140,121,118,564,635,663
41,97,50,85,526,563,663
183,148,57,93,562,636,663
0,32,15,52,481,409,663
5,28,43,56,535,598,663
376,283,139,130,596,694,663
281,331,75,112,553,597,663
210,243,81,94,579,673,663
251,146,90,141,616,718,663
918,285,311,100,700,785,663
11,53,76,119,540,592,663
17,25,29,72,525,578,664
2,31,114,49,545,610,664
356,249,131,77,611,698,664
0,35,45,73,521,582,664
90,85,85,96,548,585,664
92,129,59,97,569,635,664
166,228,56,67,576,655,664
377,277,231,108,633,704,664
227,182,169,134,582,641,664
28,72,19,58,521,588,664
552,347,200,107,617,691,664
169,224,127,153,552,633,664
455,358,146,109,614,699,665
79,75,17,52,549,573,665
257,282,124,141,577,648,665
36,56,44,90,542,611,665
211,203,128,118,580,640,665
0,55,27,129,482,484,665
17,57,37,69,534,605,665
375,227,186,127,640,724,665
304,267,94,73,599,644,665
90,112,215,110,608,697,665
0,25,57,109,545,626,665
138,178,72,120,553,536,665
448,249,206,115,620,694,665
399,356,120,151,577,635,665
540,299,264,191,626,689,665
185,167,110,70,584,655,665
164,175,15,70,525,574,665
67,87,93,80,551,599,665
64,104,47,132,517,559,665
293,207,191,93,626,715,665
52,52,89,65,563,617,666
56,105,25,111,515,567,666
576,535,166,149,611,690,666
821,750,260,214,654,745,666
968,627,216,229,678,780,666
0,38,101,74,553,631,666
44,87,98,72,514,544,666
92,84,72,50,559,632,666
12,71,25,47,524,589,666
786,542,238,167,671,767,666
191,239,98,78,547,620,666
176,191,56,119,554,595,666
386,179,209,85,632,684,666
77,119,100,64,570,666,666
350,337,248,144,602,667,666
87,119,52,106,526,508,666
561,570,121,197,612,696,666
53,100,69,87,556,630,666
43,114,83,113,515,499,667
70,59,80,88,557,611,667
39,73,118,101,557,632,667
32,77,14,67,486,372,667
194,141,126,82,583,655,667
388,221,172,126,634,730,667
277,342,154,211,573,620,667
534,531,139,216,619,728,667
405,352,139,123,608,683,667
121,119,90,121,578,658,667
216,224,108,94,589,675,667
182,194,88,111,559,611,668
87,107,22,55,543,588,668
425,195,86,107,612,667,668
167,210,54,116,551,559,668
0,41,35,83,490,499,668
85,145,88,116,524,540,668
397,238,203,141,644,723,668
9,41,113,92,555,609,668
221,153,125,120,582,651,668
320,294,112,131,569,627,668
605,467,111,137,628,710,668
303,243,179,103,621,715,668
264,255,72,131,573,629,669
454,325,143,107,615,691,669
301,291,109,119,608,702,669
48,89,42,51,551,605,669
44,73,34,65,523,542,669
47,94,60,93,521,543,669
258,333,107,144,557,634,669
436,287,186,124,644,736,669
11,53,86,77,545,618,669
113,182,46,59,552,606,669
0,26,67,82,521,559,669
239,211,187,88,604,683,669
34,48,48,41,559,608,670
922,693,137,181,649,746,670
94,150,35,62,517,552,670
228,297,86,87,559,614,670
22,74,65,104,523,559,670
300,347,71,83,568,602,670
349,381,123,149,595,668,670
50,71,138,76,568,631,670
638,583,133,160,632,734,670
148,151,228,129,646,741,670
540,573,92,145,590,662,670
445,242,165,96,621,700,670
229,176,213,112,647,730,670
86,87,102,78,589,658,670
124,143,56,59,556,638,671
93,63,45,53,600,680,671
98,144,78,133,564,638,671
266,218,56,94,627,720,671
38,87,25,66,532,581,671
19,74,41,89,521,605,671
37,78,54,83,546,637,671
0,24,91,95,537,573,671
88,151,30,71,484,513,671
0,20,35,57,518,616,671
253,177,151,127,595,671,671
64,100,23,79,500,472,672
64,123,34,96,518,576,672
252,174,112,153,596,659,672
176,242,36,129,507,575,672
765,598,162,168,641,724,672
6,51,50,80,492,462,672
30,90,105,69,553,634,672
139,179,114,78,562,630,672
26,75,88,103,574,637,672
160,162,79,113,535,599,672
86,117,88,90,559,600,672
53,105,23,62,564,626,672
67,106,130,74,593,677,672
701,250,309,131,711,806,673
75,58,130,72,590,668,673
423,255,68,115,578,635,673
0,23,52,58,550,623,673
97,106,18,38,547,633,673
422,243,105,126,596,656,673
39,103,35,114,499,504,673
262,310,104,113,573,626,673
82,109,74,87,569,621,673
19,81,13,94,504,551,673
480,376,157,167,618,694,673
328,207,130,144,586,665,673
316,279,141,97,587,667,674
114,166,38,49,549,622,674
172,114,113,113,603,667,674
266,273,199,160,602,689,674
51,83,29,105,499,534,675
247,217,164,210,614,687,675
30,74,30,46,533,626,675
96,137,21,76,509,563,675
29,72,131,84,528,600,675
110,140,54,83,558,626,675
257,257,185,131,590,675,675
36,91,19,117,426,0,675
0,33,37,71,508,501,675
231,243,143,146,599,659,675
4,33,72,54,536,544,675
401,372,108,101,599,684,675
1,50,48,64,532,620,675
16,53,86,87,527,536,675
0,20,23,56,511,561,675
147,195,32,102,551,620,675
33,98,57,61,519,532,675
56,71,22,45,557,611,675
588,275,313,120,680,768,675
0,30,24,48,542,604,675
177,203,177,170,611,705,675
0,24,23,82,455,522,675
3,36,44,71,551,614,675
431,348,205,166,646,721,675
8,52,56,76,506,539,676
546,417,139,191,644,748,676
138,195,27,109,504,536,676
226,190,72,120,573,666,676
66,78,78,85,532,555,676
9,53,13,47,510,484,676
38,90,31,44,535,587,676
6,26,26,57,515,573,676
20,58,49,71,541,596,676
11,54,28,62,488,490,676
800,721,188,201,650,749,676
236,220,140,129,601,689,676
785,348,263,171,652,745,676
158,187,63,128,555,616,676
0,31,50,71,542,602,676
15,69,41,50,520,594,676
165,156,74,107,599,672,677
202,182,29,110,534,572,677
56,66,66,66,546,555,677
124,168,181,134,589,684,677
104,141,145,124,552,607,677
28,77,107,105,554,631,677
117,141,45,56,551,627,677
188,177,166,125,582,662,677
188,257,118,107,585,677,677
143,176,89,82,548,602,677
326,334,91,123,556,628,677
102,98,14,121,545,574,677
844,417,246,149,674,770,677
23,57,46,87,514,583,677
343,270,201,127,618,693,677
8,51,47,63,558,636,677
183,221,143,100,572,615,677
357,277,222,162,645,743,677
11,57,38,76,514,536,678
169,164,245,108,619,688,678
149,163,124,142,569,640,678
99,127,108,119,587,662,678
127,140,66,105,569,629,678
428,307,206,104,649,717,678
276,212,128,150,585,660,678
256,245,135,170,603,690,678
28,74,44,73,522,602,678
974,585,222,189,664,765,678
403,320,190,117,620,711,678
61,92,18,38,526,555,678
40,50,84,68,562,632,678
92,142,33,102,510,531,678
300,194,106,88,593,664,678
354,145,143,124,603,639,678
44,37,91,80,596,671,678
258,301,95,181,549,574,678
0,43,14,88,489,338,678
581,405,137,120,618,686,679
16,68,27,91,503,577,679
79,111,57,95,550,601,679
28,67,60,70,556,620,679
859,503,273,237,699,798,679
50,93,124,117,549,622,679
127,115,63,83,551,623,679
15,45,34,43,556,611,679
163,137,136,124,560,630,679
150,198,50,94,558,634,679
16,64,27,85,504,547,679
66,51,57,33,571,649,679
240,274,82,156,555,608,680
674,493,204,201,663,763,680
141,163,97,60,542,555,680
16,71,33,82,533,566,680
391,357,188,205,603,699,680
143,134,127,126,567,658,680
281,227,131,99,596,677,680
350,209,186,94,621,708,680
69,114,103,128,583,666,680
0,27,24,53,499,516,680
448,294,213,151,659,758,680
269,262,129,115,565,576,680
171,237,186,109,593,630,680
771,664,145,159,624,711,680
184,194,194,148,625,690,681
34,47,66,57,556,668,681
113,118,177,109,592,667,681
108,147,85,107,497,488,681
946,715,239,186,681,782,681
221,216,107,107,576,655,681
520,286,248,115,647,741,681
248,115,233,99,634,724,681
0,26,82,130,561,611,681
226,193,213,135,585,649,681
436,401,162,213,657,716,681
8,56,115,81,531,591,681
6,31,51,91,535,561,681
57,109,60,135,524,552,681
6,44,97,43,541,569,681
0,31,111,67,545,568,681
681,183,161,115,647,722,681
331,169,136,67,614,672,681
230,250,63,96,546,614,681
1,37,47,98,504,580,681
0,28,31,73,525,546,682
30,89,20,41,525,584,682
690,301,280,124,656,753,682
86,129,125,78,581,663,682
296,291,36,42,571,640,682
402,197,234,117,651,742,682
24,70,123,76,554,604,682
139,109,97,59,584,657,682
34,59,75,92,538,600,682
118,177,21,90,551,633,682
23,44,111,57,578,658,682
7,53,94,97,550,602,682
6,47,70,49,525,579,682
194,197,131,75,603,690,682
270,222,109,86,569,643,683
36,50,185,100,597,687,683
1,36,22,43,537,556,683
245,163,105,70,600,681,683
839,459,179,103,644,731,683
6,46,137,100,568,643,683
130,129,51,152,594,677,683
15,31,42,60,542,579,683
810,631,265,266,675,781,683
578,541,172,210,640,728,683
22,64,114,113,582,662,683
0,33,47,85,520,589,683
0,51,23,73,481,470,683
0,25,14,35,493,545,683
169,119,75,88,595,663,683
409,317,84,146,602,670,683
198,160,65,85,496,413,683
70,69,181,107,594,674,683
356,229,213,118,625,700,684
76,112,136,139,583,675,684
338,395,116,141,601,657,684
269,197,29,72,594,660,684
1,43,16,56,451,193,684
90,125,127,99,576,646,684
402,440,156,161,616,681,684
230,267,116,120,592,665,684
28,79,96,104,495,367,684
49,106,105,103,557,616,684
513,260,104,104,612,699,684
954,518,274,156,673,766,684
7,37,17,69,453,537,684
628,375,148,90,647,741,684
10,38,77,80,540,606,684
153,174,103,128,556,619,684
17,74,52,108,513,530,684
158,177,129,75,590,671,684
9,64,19,105,473,448,684
594,585,225,232,628,727,684
140,147,151,128,600,682,684
127,165,84,127,554,609,684
0,37,124,149,569,646,684
122,201,44,101,482,392,684
208,211,39,76,595,693,684
41,76,66,114,602,685,684
229,179,117,105,586,646,685
100,174,70,137,462,140,685
10,58,111,115,533,575,685
124,182,160,143,575,645,685
0,43,65,60,531,588,685
542,369,156,180,637,721,685
241,236,143,89,597,685,685
774,496,225,83,670,758,685
126,129,27,50,551,626,685
291,215,93,49,593,662,685
181,197,88,128,569,635,685
58,88,78,75,586,666,685
853,794,181,190,637,731,685
779,485,300,171,666,769,685
55,68,88,152,536,588,685
387,400,106,103,595,683,685
477,390,75,123,599,671,685
77,83,139,46,614,698,685
934,830,119,172,640,735,686
223,274,57,145,560,615,686
470,432,140,203,606,703,686
486,370,161,127,616,672,686
26,58,122,111,561,618,686
706,463,208,159,631,713,686
786,617,187,129,648,756,686
138,184,68,141,488,509,686
19,44,136,73,586,668,686
0,43,18,103,495,583,686
64,106,97,100,597,704,686
33,64,18,73,538,601,686
111,166,42,136,498,553,686
64,103,31,109,526,565,686
52,112,92,80,534,588,686
665,348,280,150,677,776,686
64,110,96,130,544,602,686
146,211,19,83,525,563,686
13,66,37,71,535,578,686
113,73,143,99,599,671,687
11,47,18,43,493,325,687
46,42,92,53,547,614,687
242,220,39,117,519,539,687
373,338,115,119,602,695,687
32,63,70,100,538,605,687
211,205,25,94,499,561,687
164,167,141,97,594,682,687
0,29,46,42,524,598,687
10,52,22,77,523,582,687
0,36,18,79,502,506,687
74,124,19,75,532,587,687
74,130,63,97,530,555,687
88,95,116,103,560,623,687
567,255,260,97,690,786,687
9,45,41,61,528,575,687
351,298,200,94,606,686,687
46,65,51,55,547,630,687
757,523,167,125,620,711,687
156,120,92,69,610,722,687
38,74,116,45,591,673,688
314,264,82,62,585,662,688
958,597,281,163,679,780,688
427,383,41,77,570,664,688
69,112,54,68,556,624,688
594,322,197,117,648,747,688
278,289,53,94,544,578,688
97,98,150,85,584,655,688
139,174,96,129,582,664,688
616,404,124,113,595,675,688
113,94,121,84,565,610,688
578,269,226,121,646,728,688
236,313,18,101,444,391,688
283,323,159,170,599,701,689
696,534,220,178,635,727,689
447,272,279,115,638,732,689
8,59,149,81,575,629,689
170,187,205,148,598,696,689
371,325,226,165,635,725,689
93,124,100,136,559,644,689
852,495,261,175,654,750,690
96,140,87,137,531,558,690
173,140,85,72,580,661,690
14,75,21,77,494,486,690
127,150,99,125,575,644,690
68,70,20,52,522,616,690
258,272,149,161,599,684,690
322,344,89,116,547,607,690
39,82,34,36,534,594,690
364,296,203,144,608,685,690
11,66,59,74,576,656,690
323,378,133,139,581,661,690
0,46,37,73,523,575,690
75,116,46,102,501,477,690
32,91,122,71,546,577,690
438,325,213,117,629,718,690
38,93,20,83,533,589,690
5,46,50,90,516,572,690
113,131,27,74,486,546,690
395,358,133,126,611,694,691
119,122,103,87,550,560,691
0,27,25,40,507,551,691
168,218,135,126,582,647,691
209,209,157,92,614,697,691
346,352,136,155,555,619,691
0,39,50,58,532,596,691
78,143,58,149,546,607,691
267,284,88,106,580,642,691
265,199,165,135,626,713,691
212,235,151,115,586,659,691
370,373,146,167,625,724,691
218,253,38,90,547,615,691
0,26,23,68,476,506,691
99,160,61,86,531,619,691
456,316,200,180,631,727,691
0,34,18,45,468,0,691
284,288,133,160,551,631,692
82,112,154,111,567,642,692
220,270,62,112,526,612,692
267,167,184,94,610,693,692
176,178,84,118,563,621,692
0,22,33,60,523,514,692
112,137,155,136,578,650,692
407,264,61,77,578,639,692
81,102,57,74,508,485,692
0,33,97,67,574,637,692
136,205,65,114,579,672,692
57,84,69,123,553,616,692
499,307,61,78,633,723,692
472,244,301,98,648,734,693
244,210,179,185,651,713,693
223,286,137,158,590,684,693
81,137,34,91,528,569,693
14,57,16,56,497,514,693
139,191,23,70,537,547,693
236,270,52,111,558,641,693
207,153,85,122,559,622,693
243,151,175,97,627,712,693
780,420,180,124,632,719,693
98,142,80,67,573,667,693
224,213,96,133,591,661,693
331,261,197,115,623,709,693
78,97,93,89,574,670,693
179,255,65,138,526,609,693
165,229,47,127,511,528,693
26,72,53,89,524,539,693
87,166,53,139,509,598,693
885,487,229,172,659,756,693
317,293,181,137,606,698,693
110,181,103,147,502,524,693
184,172,192,79,603,688,694
207,272,137,166,557,605,694
78,61,99,90,596,669,694
226,265,107,137,568,649,694
162,217,27,114,547,604,694
458,224,252,114,664,770,694
552,290,143,94,607,693,694
104,166,40,73,506,472,694
171,105,136,99,561,595,694
300,237,103,104,592,677,694
595,316,142,104,614,690,694
283,258,132,127,607,679,694
8,42,81,73,534,578,694
189,240,116,81,591,647,695
94,161,23,71,506,477,695
484,221,233,121,639,724,695
130,127,83,96,562,642,695
829,407,287,161,661,742,695
196,174,204,70,592,672,695
29,68,33,68,541,587,695
356,359,103,166,565,644,695
0,32,31,79,493,560,696
246,266,113,126,577,638,696
104,94,153,110,576,613,696
273,181,95,122,566,592,696
5,50,27,117,518,590,696
215,146,113,84,602,703,696
403,359,23,65,546,602,696
0,25,61,54,536,573,696
77,134,46,101,553,647,696
85,133,46,77,592,694,697
53,64,98,63,566,646,697
278,322,131,168,592,687,697
225,189,59,67,599,672,697
62,101,87,91,556,605,697
565,256,116,91,602,656,697
704,376,295,147,652,736,697
104,153,81,89,556,582,697
25,59,66,56,532,483,697
473,437,190,139,613,690,697
328,218,207,106,626,711,697
336,282,142,131,606,654,697
53,91,59,44,546,590,697
405,306,236,218,654,758,697
120,108,88,82,542,638,697
220,128,170,141,590,662,697
436,314,192,177,629,727,697
0,39,60,68,519,575,697
2,55,77,106,506,590,697
41,83,37,86,507,535,697
275,140,170,72,638,713,697
90,88,171,94,578,640,697
35,74,42,57,507,533,697
64,102,85,87,561,634,698
522,464,155,176,632,717,698
351,397,136,135,604,702,698
209,212,196,175,599,663,698
112,167,20,98,528,547,698
47,92,71,89,510,542,698
185,145,29,86,531,585,698
217,173,174,131,599,692,698
657,411,270,128,690,784,698
605,496,194,208,632,717,698
129,162,45,93,508,555,698
226,259,90,98,573,642,698
14,66,63,127,513,568,698
35,49,31,51,539,637,698
123,177,87,111,550,606,698
70,118,103,123,591,683,699
385,333,215,176,646,750,699
481,373,92,138,586,668,699
151,149,43,117,564,657,699
7,35,75,67,533,602,699
261,280,124,182,589,678,699
616,659,80,117,598,687,699
256,211,222,121,616,705,699
156,154,40,43,558,610,699
0,39,31,70,519,555,699
805,336,261,116,672,756,699
280,279,136,128,619,718,700
8,62,55,47,540,606,700
42,71,50,81,537,580,700
776,258,301,115,694,782,700
598,335,238,146,641,737,700
902,582,325,167,697,791,700
0,22,64,71,526,577,700
0,34,42,80,478,474,700
0,25,128,114,555,623,700
2,58,25,73,458,340,700
139,124,27,48,549,586,700
200,190,79,95,551,624,700
0,30,79,84,529,572,701
118,161,61,108,535,582,701
0,29,43,57,512,522,701
169,211,139,125,580,655,701
296,283,106,128,550,612,701
0,25,169,88,547,628,701
166,116,229,79,609,695,701
380,354,81,127,588,666,701
141,130,29,74,527,602,701
819,513,249,151,668,755,701
109,144,32,119,443,0,701
95,103,64,72,526,536,702
441,250,53,122,602,697,702
101,126,13,43,517,556,702
30,75,34,72,496,479,702
2,41,15,41,516,580,702
263,342,84,163,563,639,702
17,39,53,73,548,601,702
298,285,132,147,582,654,702
147,154,47,54,540,576,702
66,84,118,91,564,631,702
116,152,110,82,560,597,702
0,20,14,84,516,625,702
117,147,71,101,576,631,702
241,153,151,102,623,726,702
297,277,155,186,585,678,703
326,152,242,135,649,729,703
142,163,48,104,563,640,703
290,182,248,104,661,757,703
374,315,193,187,667,771,703
31,65,50,55,518,540,703
86,134,102,90,585,677,703
187,202,65,51,567,615,703
702,558,285,178,684,789,703
747,396,224,180,653,744,703
269,260,112,130,578,635,703
290,180,195,112,631,712,703
2,44,78,81,551,616,704
223,180,126,64,586,660,704
231,197,62,66,573,654,704
655,284,204,117,643,741,704
0,42,15,40,507,487,704
0,27,17,47,522,584,704
434,214,266,149,645,726,704
284,289,78,83,583,653,704
140,190,134,125,579,603,704
84,118,98,76,558,615,704
380,326,242,91,656,753,704
0,23,70,80,507,539,705
0,34,31,43,495,517,705
29,83,16,61,528,587,705
590,542,168,153,633,704,705
13,48,160,106,560,612,705
238,187,193,73,603,700,705
148,124,96,60,579,639,705
692,527,219,104,637,709,705
75,118,112,109,549,597,705
457,229,190,148,615,707,705
64,118,65,134,503,555,705
297,160,50,85,597,698,705
26,73,64,95,571,644,705
439,343,284,144,625,686,705
15,61,68,87,557,639,705
301,228,221,193,627,712,705
75,130,145,108,569,637,705
262,208,115,92,585,653,705
0,41,28,52,523,575,705
500,528,109,156,585,664,705
409,331,207,142,618,714,706
45,93,58,109,530,549,706
7,41,64,77,485,401,706
876,339,319,166,677,767,706
22,51,45,76,491,522,706
422,220,220,95,626,703,706
228,163,90,85,592,671,706
86,126,98,73,587,659,706
254,222,151,108,588,651,706
71,86,26,64,505,498,706
47,99,50,82,497,578,706
94,83,26,54,552,609,706
75,113,28,61,502,569,706
172,132,34,104,558,648,706
254,252,189,130,556,584,706
754,491,264,143,653,743,706
183,157,34,81,559,630,706
688,243,288,113,663,752,706
649,555,250,189,661,752,707
109,115,61,110,572,663,707
648,342,284,95,654,731,707
126,168,65,118,571,645,707
145,175,88,154,570,617,707
43,93,43,94,508,526,707
175,198,176,145,601,667,707
94,80,100,90,590,678,707
124,163,16,65,506,586,707
67,113,144,96,569,639,707
117,167,45,100,546,620,707
701,308,281,146,675,766,707
797,366,217,203,673,778,707
75,105,121,93,548,599,707
21,70,13,42,492,513,707
220,160,96,65,600,689,707
330,282,161,118,592,660,707
229,201,144,118,587,655,707
109,156,37,97,535,606,708
222,188,67,101,560,611,708
458,330,163,84,631,727,708
75,76,128,100,584,654,708
968,371,306,97,681,779,708
40,86,105,78,534,556,708
60,71,127,74,569,642,708
146,207,70,76,547,628,708
48,86,73,87,607,719,708
86,149,42,77,490,516,708
21,54,43,64,543,603,708
215,172,214,99,614,714,709
185,193,201,127,611,695,709
516,195,173,135,615,685,709
207,161,76,67,613,707,709
243,294,90,172,547,634,709
13,62,14,91,474,413,709
156,172,93,124,570,642,709
66,139,55,139,513,531,709
17,67,75,77,572,630,709
185,178,69,87,568,671,709
275,211,108,101,612,694,709
32,89,34,98,502,484,709
12,62,15,37,499,556,709
39,64,88,69,547,583,710
409,386,79,99,598,688,710
152,228,58,71,529,556,710
238,180,75,95,579,619,710
109,146,66,78,560,639,710
313,144,246,108,652,742,710
238,236,104,137,577,648,710
162,185,66,77,570,652,710
1,24,49,77,546,633,710
35,60,53,74,533,579,711
535,553,129,184,626,730,711
431,277,104,109,616,700,711
0,34,48,50,555,654,711
85,126,34,102,503,477,711
30,93,73,78,508,539,711
190,260,66,113,520,568,711
46,100,34,42,540,635,711
186,243,124,113,557,633,711
77,63,136,74,594,687,711
350,194,150,64,624,708,711
32,85,118,163,554,613,711
50,106,53,115,516,540,711
109,183,13,58,494,489,711
641,289,197,109,655,746,711
78,113,98,94,549,611,711
203,260,30,96,500,521,711
372,218,222,81,628,711,711
501,490,105,136,615,700,711
0,32,121,160,541,632,711
100,162,186,97,573,635,712
200,176,146,91,583,640,712
494,180,278,94,658,738,712
803,270,246,135,673,766,712
342,276,81,96,583,659,712
917,288,288,146,681,764,712
139,126,215,142,636,728,712
124,154,89,80,574,655,712
78,80,167,94,587,665,712
162,130,124,177,606,689,712
32,96,21,104,498,536,712
562,357,214,134,627,706,712
162,163,87,67,575,657,712
408,226,206,108,611,684,712
405,432,70,158,549,602,712
466,489,244,190,648,759,712
119,146,38,75,545,610,713
35,82,113,81,553,621,713
231,126,118,100,591,661,713
177,155,18,54,498,508,713
251,257,75,105,552,623,713
0,30,32,45,507,597,713
311,356,121,157,558,631,713
152,204,32,131,566,625,713
253,214,124,98,575,633,713
117,161,67,85,564,653,713
287,227,136,126,584,655,713
191,228,104,112,574,670,713
0,28,24,71,448,367,714
125,178,49,71,545,633,714
158,167,17,91,537,599,714
395,215,225,125,637,730,714
0,37,157,110,563,638,714
214,122,186,86,646,750,714
77,112,65,89,547,603,714
50,47,95,88,566,631,714
404,361,136,133,635,726,714
320,319,133,134,561,636,714
62,93,110,172,569,609,714
32,80,31,40,507,553,714
372,262,204,164,596,669,714
226,201,220,148,603,681,714
240,291,143,102,565,620,714
84,74,170,111,595,675,714
49,98,27,81,512,541,714
81,65,158,72,603,688,715
89,129,95,135,554,631,715
2,42,148,75,548,606,715
773,636,179,174,636,721,715
154,100,118,74,582,659,715
376,334,76,83,594,677,715
320,281,203,142,611,707,715
464,325,284,162,667,769,715
279,256,49,128,588,690,715
260,213,212,88,605,694,715
13,65,53,112,514,527,715
0,39,64,74,520,589,715
59,111,99,112,544,583,715
264,212,77,97,584,653,715
429,310,196,149,608,686,715
186,169,199,125,594,657,715
11,29,59,74,505,556,715
53,87,27,94,518,508,716
4,59,42,64,459,437,716
83,143,44,109,507,582,716
175,176,84,127,478,558,716
539,458,145,121,614,718,716
830,531,232,175,632,725,716
42,102,17,98,455,405,716
3,53,43,80,501,550,716
302,208,154,108,599,679,716
43,76,107,104,542,619,716
7,39,134,62,536,604,716
357,338,186,184,596,674,716
65,120,43,73,528,587,716
161,210,158,147,571,651,716
297,310,199,170,595,663,716
812,495,239,127,668,774,716
402,311,206,129,617,687,717
674,670,137,196,642,763,717
21,72,66,92,534,566,717
348,329,184,108,610,705,717
0,36,69,77,529,606,717
146,178,99,143,575,667,717
354,281,34,99,504,570,717
36,88,72,77,509,522,717
87,127,126,103,555,630,717
135,104,206,89,606,689,717
82,107,61,62,517,594,717
0,28,57,48,509,560,717
24,75,59,73,516,510,717
488,400,204,88,620,713,717
202,179,99,60,562,634,717
332,261,136,105,612,695,717
0,34,102,63,573,663,718
18,64,18,82,503,506,718
34,95,55,125,515,595,718
597,391,254,160,651,753,718
354,297,202,133,587,633,718
162,141,154,85,595,668,718
13,67,17,91,505,588,718
0,42,114,75,536,568,718
346,361,63,135,537,590,718
559,364,186,130,631,721,718
111,122,168,156,586,674,718
75,91,36,97,518,580,718
88,146,14,50,531,597,718
86,116,129,97,579,656,718
15,77,47,133,477,424,718
359,205,193,117,582,661,718
26,72,51,42,528,585,718
244,233,130,138,586,689,718
104,116,151,124,600,669,718
43,74,128,84,561,608,718
0,34,45,94,449,481,718
232,242,222,114,620,707,718
33,72,80,90,571,669,718
340,295,246,145,643,738,718
6,52,103,67,577,678,718
596,370,259,119,661,764,718
15,64,34,66,518,541,718
55,82,25,53,501,564,718
225,218,73,139,521,555,718
0,45,25,81,475,270,718
76,137,51,83,504,463,718
40,100,29,86,522,558,719
424,385,167,110,572,633,719
0,22,154,113,517,564,719
0,26,64,54,478,439,719
228,197,180,129,621,714,719
547,273,191,137,645,745,719
70,100,32,80,538,596,719
0,46,27,81,493,453,719
2,37,44,62,531,581,719
125,166,140,150,545,619,719
198,156,165,155,582,656,719
413,394,184,167,608,715,719
21,59,91,85,532,611,719
0,48,48,105,504,597,719
428,164,189,108,632,717,719
126,168,76,127,530,636,719
317,196,70,116,478,0,719
484,481,86,143,558,618,719
47,114,43,78,522,595,719
280,202,194,108,612,692,719
195,140,122,53,609,693,719
70,79,152,84,569,630,719
0,48,46,100,502,504,720
347,273,144,84,602,683,720
123,111,108,118,602,687,720
310,383,115,198,575,662,720
47,93,94,111,534,616,720
252,225,94,117,614,678,720
289,220,147,137,591,646,720
145,131,171,134,583,647,720
493,501,167,138,637,750,720
226,244,91,121,555,623,720
0,36,25,40,516,602,720
93,81,67,72,530,597,720
0,37,96,108,548,649,720
125,106,53,76,574,633,720
95,119,13,77,512,590,720
87,126,89,107,540,578,720
231,237,130,143,563,623,720
855,607,240,235,666,783,720
395,288,127,73,615,708,720
74,107,66,53,555,614,720
310,203,212,133,616,699,721
327,235,146,142,567,670,721
30,82,59,129,529,603,721
238,180,147,140,610,714,721
0,30,67,108,523,556,721
0,37,125,79,528,561,721
103,150,101,66,567,648,721
180,173,231,123,607,686,721
302,336,134,137,569,651,721
151,141,219,181,611,689,721
29,74,85,60,519,568,721
0,25,81,74,492,517,721
10,45,30,45,508,553,721
28,55,85,100,551,631,721
404,242,169,99,587,671,721
71,83,147,94,593,688,721
0,21,79,72,548,609,721
542,540,195,219,608,702,721
0,21,114,68,542,603,721
28,64,51,49,551,615,721
62,104,69,100,551,599,721
147,115,223,132,588,667,721
542,352,152,139,618,697,721
80,118,88,68,499,461,722
421,281,178,106,628,730,722
419,410,153,195,622,729,722
448,171,119,86,640,735,722
12,66,58,113,486,490,722
225,165,191,110,620,694,722
156,216,89,102,558,599,722
145,137,59,79,555,622,722
345,148,233,113,634,726,722
116,88,165,96,580,655,723
34,66,140,135,585,649,723
316,209,166,117,617,700,723
168,188,188,176,611,689,723
125,168,16,65,543,597,723
174,175,99,79,576,632,723
315,208,131,105,606,692,723
262,236,153,125,557,590,723
0,22,63,82,510,539,723
41,94,90,88,570,653,723
826,289,358,228,717,822,723
31,85,64,61,469,0,723
38,52,60,66,522,528,723
0,28,36,65,480,548,723
250,170,92,96,593,656,724
66,104,75,101,538,626,724
264,274,128,149,568,625,724
0,36,38,84,508,566,724
258,209,141,96,549,593,724
270,260,159,112,594,653,724
342,269,160,86,596,673,724
615,511,227,185,635,733,724
733,477,197,162,636,727,724
144,142,90,70,582,655,724
498,522,110,148,592,673,724
301,256,286,138,634,724,724
133,171,60,74,563,633,724
335,276,140,141,637,732,724
919,747,252,177,662,753,724
0,43,90,110,519,589,724
474,354,225,112,660,760,724
401,238,237,106,622,705,724
163,167,221,178,630,727,724
196,176,80,57,604,679,724
138,185,84,120,530,559,724
621,325,139,121,623,717,725
138,133,98,74,555,610,725
139,147,137,78,587,655,725
63,90,108,112,545,601,725
84,147,48,114,506,505,725
532,308,184,88,597,663,725
36,67,75,88,577,644,725
61,90,64,95,511,501,725
148,128,93,100,552,609,725
266,254,165,165,607,704,725
512,338,254,177,618,702,725
125,140,31,59,542,585,725
164,189,159,141,577,632,725
2,42,62,68,547,638,725
32,94,46,102,501,570,725
49,102,49,88,549,602,725
156,216,113,143,557,593,726
537,456,156,93,611,702,726
147,173,122,91,565,623,726
126,104,72,96,556,596,726
20,70,25,71,494,477,726
262,161,128,112,582,658,726
186,236,89,81,543,602,726
53,88,119,73,573,635,726
6,46,44,109,515,573,726
504,362,234,169,644,737,726
402,410,65,118,564,673,726
21,66,34,77,499,541,726
107,159,53,98,516,499,726
263,133,78,86,585,640,726
667,266,270,129,663,745,726
312,161,129,85,567,614,726
362,202,185,123,614,697,727
396,232,214,158,620,712,727
25,74,30,48,533,606,727
44,84,192,100,589,680,727
219,182,14,74,455,355,727
0,42,42,56,506,546,727
273,342,82,117,558,645,727
665,263,98,138,606,690,727
408,301,154,100,622,700,727
669,268,284,100,663,766,727
371,246,211,160,632,710,727
162,143,64,57,574,654,727
311,269,173,160,612,701,727
109,77,76,76,586,682,727
225,173,143,79,613,703,727
144,203,129,77,588,663,727
67,81,69,102,569,635,727
4,35,35,47,514,592,727
26,69,82,98,542,584,727
529,313,226,105,636,706,727
432,481,139,185,539,585,728
730,343,268,123,666,769,728
697,308,228,127,657,742,728
27,74,75,72,524,513,728
66,116,68,76,538,630,728
238,187,65,66,572,653,728
0,24,128,80,530,606,728
593,455,262,203,659,747,728
186,254,81,159,539,604,728
123,192,27,47,551,607,728
290,371,132,170,555,575,728
247,220,168,138,613,699,728
293,269,145,136,631,730,728
0,27,40,95,520,585,728
392,178,170,109,620,699,728
271,196,109,135,598,663,729
170,127,62,103,571,622,729
144,197,35,94,553,622,729
325,322,225,143,637,713,729
81,135,41,88,530,588,729
977,620,303,187,697,796,729
370,330,145,112,588,654,729
659,353,229,154,653,737,729
866,571,325,151,670,762,729
47,93,116,145,561,644,729
158,194,41,93,488,516,729
6,63,22,90,473,511,729
587,429,210,163,627,718,729
650,343,252,176,640,730,729
667,195,191,79,643,721,729
135,165,219,111,620,712,729
21,66,88,119,514,568,729
305,203,220,143,652,745,729
402,243,224,104,633,717,729
1,33,64,100,529,587,729
32,83,93,109,523,578,729
0,37,50,67,549,634,730
458,342,231,127,653,766,730
276,182,288,93,646,737,730
41,91,48,58,544,619,730
163,102,125,108,609,676,730
202,221,106,155,572,669,730
273,311,117,170,588,679,730
740,613,259,277,679,775,730
426,431,115,126,590,672,730
25,67,74,127,529,548,730
185,157,93,84,593,659,730
135,163,179,72,574,631,730
29,60,71,102,501,535,730
509,333,308,144,674,770,730
2,31,15,73,526,572,730
832,368,264,130,661,763,731
299,308,134,209,611,698,731
0,22,81,119,512,484,731
0,32,83,82,555,595,731
172,230,52,127,544,599,731
183,166,167,118,608,701,731
834,323,337,142,695,792,731
326,355,150,169,587,654,731
399,376,79,116,568,644,731
148,131,219,155,624,721,731
50,75,39,91,541,627,731
60,106,51,71,548,612,732
44,97,43,45,514,552,732
42,104,24,93,506,314,732
82,131,60,80,548,612,732
751,437,220,131,640,737,732
319,226,236,117,627,723,732
189,157,51,109,562,611,732
162,179,134,127,555,616,732
542,301,352,123,683,775,732
437,407,116,188,588,643,732
0,39,50,78,517,602,732
0,29,47,94,534,630,732
243,96,168,77,594,628,732
189,192,101,134,596,676,732
352,173,164,104,600,680,732
84,133,137,98,554,589,732
1,52,45,67,520,570,733
523,307,263,190,665,751,733
92,146,94,78,584,680,733
21,87,40,64,503,513,733
132,118,16,69,559,644,733
90,117,37,79,510,570,733
74,96,185,112,591,647,733
478,526,15,127,585,683,733
219,207,132,103,584,650,733
68,126,26,80,454,491,733
129,173,29,64,510,569,733
61,97,129,93,555,637,733
86,114,127,77,561,631,733
116,145,150,143,601,699,733
162,179,34,66,532,535,733
58,69,88,91,572,637,734
556,546,147,186,617,712,734
203,163,89,102,568,656,734
0,34,21,39,516,577,734
223,186,222,103,612,701,734
386,309,153,78,610,699,734
345,246,148,138,597,671,734
13,49,123,116,571,658,734
265,275,138,129,574,662,734
123,186,127,115,552,606,734
151,77,141,70,586,654,734
128,169,93,129,533,511,734
168,133,49,52,555,598,735
39,51,45,63,553,580,735
184,190,115,132,598,675,735
175,195,16,88,505,545,735
10,46,51,73,527,586,735
402,416,192,216,605,670,735
0,24,50,66,511,571,735
49,92,86,75,542,551,735
23,73,81,74,528,612,735
135,120,120,104,572,642,735
297,204,129,100,623,716,735
131,108,139,69,606,684,735
369,300,92,77,579,628,736
517,198,216,124,632,709,736
95,121,73,139,568,624,736
102,147,173,157,581,670,736
296,151,247,109,616,693,736
440,224,136,106,647,729,736
138,206,89,169,557,635,736
270,199,68,93,570,640,736
266,278,74,112,573,638,736
26,73,63,58,540,618,736
192,152,170,86,597,683,736
258,330,116,190,573,656,736
632,478,211,171,632,731,736
180,149,40,59,555,601,736
92,130,41,82,553,630,736
598,381,163,151,621,707,737
6,52,84,83,518,581,737
31,79,50,52,527,565,737
0,25,21,72,475,446,737
106,101,52,68,574,648,737
59,114,39,77,499,540,737
81,129,65,100,548,608,737
475,334,251,123,624,698,737
34,78,63,61,498,357,737
4,42,59,89,501,546,737
28,70,66,101,553,628,737
27,83,54,119,479,437,737
137,187,96,82,558,614,737
232,188,221,114,597,698,737
95,129,45,69,575,630,737
294,253,61,118,575,630,737
104,163,81,89,574,646,737
727,282,185,109,650,729,737
119,117,106,80,580,658,737
31,84,39,129,529,563,737
405,261,226,148,622,697,737
361,369,153,146,617,709,737
216,212,47,68,568,623,737
79,130,46,73,535,626,737
7,42,53,57,497,543,737
328,377,40,117,538,616,737
0,26,54,128,510,574,738
0,36,54,67,525,572,738
134,210,76,84,564,597,738
77,121,133,125,548,606,738
0,24,70,80,509,493,738
460,309,172,136,613,703,738
73,69,89,123,560,624,738
661,484,260,191,659,763,738
181,184,74,108,575,657,738
3,33,86,81,557,653,738
494,544,117,193,600,668,738
143,162,95,170,499,533,738
149,135,31,67,545,592,738
443,461,133,176,567,648,738
108,140,168,165,601,674,739
16,67,60,70,540,598,739
325,292,101,153,613,706,739
205,180,216,109,626,711,739
0,20,53,59,554,605,739
47,72,125,77,545,635,739
0,42,15,86,480,551,739
391,215,256,132,648,732,739
138,118,100,112,546,600,739
28,82,24,41,539,620,739
0,38,35,91,464,299,739
198,237,127,94,569,613,739
0,28,32,47,480,391,739
313,188,195,131,621,697,739
126,155,63,78,514,505,739
133,185,55,113,527,564,740
593,285,278,142,665,760,740
205,267,115,163,582,651,740
178,179,72,127,565,626,740
1,29,78,65,541,632,740
210,219,73,85,553,583,740
794,510,303,168,680,780,740
186,260,24,50,503,548,740
644,280,246,142,641,736,740
27,74,19,49,517,567,740
99,116,113,105,565,608,740
123,163,27,69,527,557,740
103,97,126,89,550,608,740
279,207,135,158,592,662,740
107,137,85,113,555,620,740
126,78,34,74,556,632,740
322,208,205,102,595,677,741
8,37,52,61,541,635,741
518,294,143,90,615,700,741
120,151,154,112,596,689,741
31,45,64,51,503,533,741
0,24,112,74,557,634,741
365,291,191,139,602,663,741
201,221,72,108,553,609,741
244,235,72,84,581,642,741
737,384,336,114,686,783,741
50,98,22,78,524,579,741
391,206,89,78,583,654,741
45,45,170,124,589,671,741
53,86,41,54,521,580,741
9,48,77,53,557,616,741
26,66,32,69,547,641,741
389,214,199,107,613,680,741
182,169,148,164,616,708,741
130,106,204,86,597,685,742
4,48,35,87,519,575,742
102,98,224,143,611,691,742
28,55,155,56,582,655,742
158,123,79,128,562,624,742
138,132,157,151,604,662,742
678,366,130,59,656,741,742
6,47,94,144,505,577,742
468,311,174,166,620,705,742
389,256,162,187,588,672,742
49,90,39,99,478,487,743
59,110,34,85,505,462,743
25,72,100,105,542,594,743
137,206,102,107,537,590,743
385,302,107,120,577,669,743
185,241,177,165,597,671,743
81,110,46,68,544,590,743
19,58,24,71,511,560,743
65,103,134,122,572,641,743
119,194,36,123,482,489,743
129,198,47,81,499,535,743
0,39,27,83,515,517,743
602,311,176,137,619,708,743
32,75,67,57,528,560,743
230,179,112,106,587,661,743
114,144,107,80,571,629,744
564,582,117,147,602,682,744
87,98,21,64,522,543,744
195,200,61,73,583,655,744
528,240,244,114,642,709,744
31,79,120,93,571,633,744
177,201,53,124,545,605,744
4,32,23,71,522,566,744
598,378,209,161,639,725,744
141,124,80,144,572,640,744
132,167,128,117,577,674,744
39,53,37,83,520,520,744
415,320,173,197,623,724,744
290,235,157,131,628,722,744
241,291,44,145,513,608,745
760,454,208,214,668,776,745
178,197,47,86,558,634,745
191,103,245,94,653,729,745
200,155,146,115,604,686,745
338,285,176,171,600,695,745
165,246,34,136,527,539,745
132,125,114,121,553,638,745
118,148,22,78,515,519,745
26,61,42,70,528,544,745
42,92,21,79,474,485,745
106,111,20,41,522,563,745
540,345,188,156,617,696,746
354,211,219,162,644,724,746
179,221,122,126,556,603,746
316,220,173,138,612,711,746
206,119,137,115,618,696,746
149,101,142,94,584,658,746
37,51,59,64,543,554,746
259,225,213,137,627,717,746
370,280,214,186,656,754,746
103,120,111,64,583,653,746
139,157,93,152,593,677,746
22,67,22,63,546,609,746
59,64,163,165,578,622,746
288,203,94,85,623,694,746
237,222,132,83,615,699,746
917,892,219,255,657,743,746
123,188,78,59,528,559,746
355,427,150,185,596,681,747
25,62,19,71,521,582,747
129,170,21,78,545,609,747
80,113,61,75,535,602,747
956,516,425,162,674,764,747
511,431,148,146,613,712,747
162,159,192,85,618,711,747
825,490,175,197,659,765,747
139,159,134,168,576,648,747
0,40,48,112,482,418,747
816,502,203,139,641,720,747
13,65,38,76,530,533,747
735,464,258,128,675,772,747
510,510,168,159,601,692,748
0,31,51,80,503,543,748
370,115,239,85,664,751,748
0,20,74,101,521,586,748
223,149,205,101,613,700,748
0,24,38,100,467,486,748
342,320,138,129,559,634,748
541,132,345,128,684,764,748
36,93,113,148,546,607,748
401,227,213,136,628,713,748
712,336,252,129,638,720,748
222,229,183,100,606,669,748
49,52,63,81,579,658,748
60,97,113,81,549,599,748
19,67,17,66,425,352,748
255,179,162,81,604,691,748
164,182,125,110,542,637,748
490,500,92,173,587,681,748
395,368,166,132,613,689,748
560,557,215,153,608,686,748
252,266,95,127,586,671,748
586,517,282,201,648,738,748
313,271,142,124,572,615,748
103,134,56,95,557,622,749
18,55,32,98,517,549,749
159,218,107,115,565,585,749
243,303,92,105,550,597,749
436,431,99,179,579,676,749
10,51,41,63,532,566,749
211,262,28,114,523,533,749
105,150,81,114,551,596,749
133,190,135,109,583,641,750
0,36,32,76,449,240,750
25,62,71,107,509,504,750
394,180,229,98,632,697,750
384,383,113,101,626,705,750
0,24,22,81,472,414,750
60,117,66,148,508,506,750
3,42,29,78,510,553,750
99,139,40,83,529,591,750
51,93,106,118,548,637,750
532,279,284,146,668,758,750
918,809,232,262,662,779,750
3,27,49,73,551,638,750
28,80,54,78,534,593,750
48,85,61,129,553,627,750
248,188,187,160,594,682,751
598,507,172,191,657,751,751
661,279,185,100,620,719,751
248,169,62,98,571,646,751
46,80,40,94,516,582,751
157,112,174,134,563,635,751
408,353,185,122,594,667,751
0,24,90,84,527,561,751
464,237,71,67,616,684,751
0,28,46,51,538,589,751
334,204,156,103,612,693,751
11,56,62,97,553,586,751
81,115,24,71,518,573,751
14,63,86,88,565,583,751
538,360,171,134,618,698,751
179,195,142,181,617,727,752
13,60,79,112,528,570,752
24,67,49,108,511,533,752
149,141,86,57,549,620,752
201,236,117,143,585,650,752
187,132,162,116,574,622,752
30,53,113,121,567,652,752
858,585,244,213,673,769,753
28,79,91,90,528,555,753
29,78,29,62,521,542,753
106,157,114,131,553,593,753
71,130,15,76,483,471,753
569,300,192,96,624,714,753
213,258,126,160,571,659,753
80,109,62,117,559,644,753
150,101,94,54,575,612,753
86,77,97,52,579,628,753
967,348,275,122,668,765,753
79,114,38,39,546,622,753
20,68,62,87,466,0,754
27,83,48,80,531,573,754
11,54,78,90,528,580,754
2,51,36,57,480,501,754
172,140,179,108,570,643,754
150,122,124,78,565,626,754
432,298,79,95,568,627,754
70,126,132,87,573,659,754
44,47,101,53,578,650,755
33,54,30,89,515,536,755
245,196,126,113,591,673,755
308,205,109,93,582,645,755
287,334,52,122,546,605,755
238,248,132,146,530,546,755
52,106,45,90,509,571,755
73,101,63,101,519,542,755
424,279,188,129,628,728,755
192,195,76,124,548,592,755
59,93,39,58,532,596,755
96,77,24,49,554,620,755
49,93,42,91,481,368,755
73,89,160,101,598,694,755
50,105,25,96,500,534,756
18,60,91,102,532,582,756
0,36,14,79,441,418,756
120,126,93,93,604,679,756
421,380,108,183,563,616,756
31,88,81,93,529,562,756
7,37,78,90,528,597,756
0,28,54,146,515,559,756
129,160,53,55,526,574,756
211,278,112,193,559,613,756
116,157,88,64,558,627,756
265,234,141,143,594,666,756
286,323,168,148,577,654,756
50,72,127,87,563,633,757
330,202,93,92,604,706,757
392,235,220,189,619,708,757
523,221,280,127,651,736,757
34,60,28,47,536,628,757
332,237,162,123,609,678,757
116,75,232,67,616,707,758
161,183,130,99,584,662,758
58,80,43,64,546,624,758
0,27,93,92,520,618,758
77,94,34,55,526,593,758
48,106,137,87,531,608,758
305,363,142,223,573,669,758
145,190,112,165,578,670,758
98,113,39,74,536,617,758
15,53,32,66,492,495,758
746,303,312,127,662,753,758
287,193,105,75,589,644,758
213,130,146,150,587,655,758
367,275,185,145,608,694,758
133,180,42,132,473,381,758
595,668,127,205,583,664,759
165,194,127,111,594,669,759
1,35,57,77,475,0,759
146,156,141,128,572,635,759
201,211,49,45,569,623,759
27,90,26,69,490,486,759
44,94,51,32,516,539,759
306,228,285,132,650,738,759
135,122,42,58,566,636,759
53,73,95,78,560,644,759
689,490,302,182,682,789,759
350,196,186,115,595,677,759
131,160,134,80,583,657,759
3,40,75,77,537,603,759
71,123,75,132,525,563,759
281,313,93,108,580,639,759
733,599,225,126,642,726,759
0,30,60,83,555,633,759
61,96,27,68,554,647,759
505,205,302,133,640,711,759
56,86,22,56,493,540,760
41,90,73,133,502,490,760
190,156,127,102,567,639,760
2,57,77,105,550,606,760
753,560,310,211,698,807,760
71,136,32,61,528,539,760
53,98,100,95,546,618,760
331,313,196,136,614,703,760
25,75,70,91,517,583,760
287,276,132,145,601,691,760
135,142,77,111,562,594,760
0,46,21,39,479,482,760
213,195,119,91,573,643,760
242,264,46,65,539,597,760
105,112,94,75,550,596,760
331,349,117,184,592,680,760
98,149,57,98,533,592,760
258,243,213,143,593,674,760
148,207,43,65,523,582,760
48,67,49,80,576,676,760
637,644,109,169,617,721,761
0,20,17,35,493,551,761
184,198,59,134,583,663,761
120,165,52,122,545,584,761
174,192,93,107,559,638,761
39,52,127,48,565,627,761
41,51,69,65,568,629,761
12,68,24,37,538,566,761
1,37,35,78,496,486,761
167,212,23,94,539,601,761
144,150,166,154,594,662,761
0,26,73,130,519,585,761
0,39,42,68,512,560,761
149,165,72,116,525,552,761
91,103,159,89,594,678,762
15,71,37,64,528,586,762
184,189,165,115,583,649,762
10,37,83,59,542,601,762
216,245,90,158,544,619,762
96,93,48,101,516,580,762
0,21,60,59,523,569,762
393,256,179,144,618,702,762
57,106,63,125,510,547,762
164,186,98,125,571,657,762
0,38,67,80,521,545,762
38,75,13,58,538,586,762
97,164,90,132,552,608,762
25,67,52,95,522,564,762
33,63,124,113,554,589,762
76,70,150,76,576,639,762
875,638,212,178,652,745,762
95,114,54,104,512,588,763
534,373,253,155,662,771,763
0,23,19,58,468,474,763
0,22,33,50,504,519,763
117,100,87,61,558,622,763
64,101,40,113,528,584,763
559,286,184,119,624,693,763
545,376,213,175,622,715,763
207,149,84,110,584,663,763
783,349,401,141,700,789,763
318,278,190,125,601,690,763
221,288,31,125,549,600,763
92,122,62,115,510,517,763
0,32,16,71,491,458,763
156,139,116,94,622,727,763
220,145,195,89,623,692,763
305,264,144,200,571,636,763
567,278,282,93,649,737,763
91,135,111,125,574,648,763
7,41,40,81,514,585,764
159,99,222,123,605,665,764
0,23,13,51,444,357,764
0,36,24,79,507,536,764
201,261,174,173,575,666,764
99,147,74,111,521,538,764
823,473,345,143,700,802,764
226,204,83,89,540,592,764
106,78,63,105,567,671,764
13,62,47,78,501,532,764
18,43,132,119,558,624,764
622,580,184,205,644,749,764
121,151,63,79,557,621,765
53,99,58,134,533,610,765
36,64,135,78,588,682,765
135,147,94,106,584,663,765
693,273,214,154,661,753,765
48,75,45,42,534,605,765
0,24,43,73,501,541,765
53,70,62,78,552,613,765
271,282,97,153,536,637,765
280,341,103,148,550,580,765
273,298,144,159,582,679,765
49,97,51,72,546,607,765
51,73,114,81,576,676,765
646,364,187,111,621,708,766
207,114,25,54,559,572,766
127,72,106,56,601,684,766
5,37,66,51,541,583,766
306,207,185,102,571,612,766
550,352,129,109,609,689,766
42,76,127,93,571,654,766
253,259,115,114,560,622,766
136,111,109,70,563,586,766
867,516,233,202,641,721,766
9,39,33,42,545,598,767
24,61,26,63,498,489,767
215,123,213,95,615,697,767
202,176,156,105,575,633,767
112,151,98,118,561,625,767
26,60,52,99,536,601,767
341,349,164,200,604,678,767
260,169,237,101,619,700,767
180,225,12,52,556,618,767
9,37,161,91,544,632,767
49,85,84,71,536,605,767
41,97,50,56,531,620,767
429,253,214,135,644,727,767
184,214,74,126,569,624,767
210,199,159,129,604,701,767
826,297,378,145,683,779,767
60,115,98,141,544,605,768
210,221,172,189,575,656,768
329,184,100,77,592,662,768
75,137,15,41,496,466,768
555,314,313,136,661,765,768
516,431,211,175,618,711,768
23,67,22,50,486,515,768
45,92,13,55,507,573,768
411,151,272,106,662,759,768
690,560,183,199,648,741,768
104,145,57,116,560,605,768
648,417,240,160,628,725,768
524,467,125,113,612,680,768
11,53,26,69,468,360,768
37,89,23,67,488,504,768
64,121,56,123,483,537,768
3,47,80,80,561,630,768
17,56,20,61,527,587,769
368,377,241,153,634,735,769
54,100,18,83,478,503,769
13,33,87,53,538,618,769
116,138,105,89,573,645,769
5,46,80,64,555,617,769
47,67,23,65,493,486,769
0,28,25,89,477,479,769
107,125,77,75,557,644,769
308,328,103,120,589,655,769
214,157,23,84,560,615,769
637,343,211,118,631,723,770
394,265,164,130,629,717,770
24,69,28,65,519,582,770
235,231,99,138,561,629,770
361,336,209,99,622,701,770
266,307,169,221,621,714,770
397,385,16,60,554,603,770
0,35,49,73,536,560,771
65,127,20,98,488,477,771
224,150,181,156,618,693,771
62,100,75,102,541,599,771
75,127,55,135,530,579,771
145,138,37,81,523,584,771
39,79,104,99,528,568,771
313,302,89,150,588,682,771
200,154,158,138,562,625,772
11,62,65,88,501,557,772
247,199,59,83,511,496,772
86,93,226,106,586,652,772
159,194,154,155,582,647,772
212,180,132,101,565,640,772
246,187,118,79,599,688,772
640,511,228,218,631,706,772
343,210,149,111,599,674,772
99,170,29,135,453,435,772
240,204,237,96,604,669,772
47,108,29,77,504,477,772
44,85,96,75,558,629,772
144,194,177,109,566,641,772
363,302,69,103,565,628,772
284,237,167,137,601,688,772
401,162,138,87,603,682,772
16,62,76,71,526,561,772
566,219,212,99,656,751,773
164,150,45,51,538,575,773
236,320,80,84,571,637,773
620,278,259,122,665,751,773
338,220,65,102,568,640,773
73,83,152,144,587,664,773
0,27,83,66,544,582,773
742,379,288,165,652,747,773
541,451,161,140,599,672,773
0,29,34,57,513,576,773
3,28,40,85,476,525,773
160,149,105,84,561,639,773
117,121,66,87,567,651,773
50,81,194,101,585,684,774
80,82,175,151,594,686,774
17,56,62,78,552,616,774
275,182,182,165,632,712,774
575,407,192,151,613,691,774
2,29,66,63,536,596,774
569,543,200,220,638,717,774
877,349,216,111,660,751,774
233,218,184,116,612,676,774
39,79,56,86,496,497,774
672,220,311,102,691,789,775
6,43,62,51,528,544,775
29,73,94,121,543,605,775
355,223,151,103,587,666,775
39,86,37,104,479,434,775
220,267,96,95,554,613,775
347,160,164,100,598,671,775
40,66,33,71,554,594,775
442,237,75,71,607,651,775
55,112,120,92,522,520,775
234,275,33,111,554,588,775
492,253,214,119,624,708,775
39,77,95,96,554,628,775
400,337,172,113,634,731,775
443,272,165,108,602,688,775
0,26,35,35,488,507,775
27,74,161,120,525,522,775
338,168,224,88,633,719,775
536,265,196,144,619,693,775
177,166,206,99,605,689,776
180,161,43,62,531,466,776
72,130,32,131,507,513,776
0,26,17,67,415,0,776
390,151,153,92,634,708,776
88,96,114,65,568,625,776
173,170,149,110,573,642,776
238,288,141,142,569,636,776
314,280,114,89,592,648,776
239,244,216,137,600,679,776
937,636,211,154,655,753,776
538,263,209,97,630,714,776
2,43,17,56,523,566,776
929,423,272,136,688,774,776
212,155,125,128,556,617,776
80,52,94,113,586,676,776
175,128,199,125,597,667,776
168,157,107,93,564,606,776
229,252,108,141,525,593,777
655,569,84,113,594,657,777
436,252,163,186,629,724,777
29,61,35,43,512,550,777
311,199,207,111,622,708,777
925,738,255,188,677,783,777
361,283,233,172,631,740,777
30,80,106,106,546,600,777
250,280,114,131,580,656,777
571,418,204,165,632,718,777
0,28,145,114,570,661,777
496,461,170,109,607,693,777
189,119,164,108,578,661,777
231,146,93,108,562,625,777
175,173,118,113,559,632,777
201,181,134,98,579,643,778
62,105,141,102,578,667,778
56,83,101,94,531,631,778
51,89,15,65,516,528,778
253,285,149,144,588,648,778
69,86,112,123,571,624,778
56,100,98,166,560,615,778
446,199,345,90,660,740,778
119,168,60,101,515,552,778
595,378,240,125,632,726,778
140,107,56,99,541,553,778
222,136,102,81,610,683,778
175,147,156,100,597,674,779
740,499,228,162,646,750,779
157,204,78,140,560,635,779
42,100,38,78,514,550,779
87,143,71,74,537,587,779
79,92,66,86,517,549,779
124,126,101,92,574,635,779
526,377,237,156,639,739,779
911,372,274,128,671,761,779
36,74,93,66,532,617,779
339,282,128,146,621,712,779
17,63,31,101,513,564,779
19,65,28,68,500,526,779
27,70,100,112,543,596,779
146,175,35,83,537,593,779
61,117,77,77,533,513,779
161,116,122,70,613,702,779
258,177,56,56,589,687,780
370,348,86,104,604,678,780
856,392,289,115,668,755,780
10,20,32,50,559,628,780
19,59,23,47,499,579,780
418,309,182,186,621,710,780
126,128,164,121,597,670,780
0,46,37,93,473,535,780
19,57,23,72,498,575,780
111,126,37,92,535,577,780
30,60,106,97,522,629,780
396,254,159,120,613,689,780
5,27,26,49,504,544,780
43,82,22,52,547,584,781
160,229,92,106,554,625,781
352,385,50,137,583,678,781
121,168,126,89,570,628,781
130,131,98,96,555,624,781
875,816,234,230,626,709,781
0,24,76,102,539,596,781
0,36,59,58,543,596,781
82,125,46,66,542,554,782
921,403,283,120,678,769,782
56,103,42,91,502,521,782
467,286,150,116,601,671,782
796,661,264,267,697,798,782
62,119,48,82,546,600,782
345,213,153,133,601,706,782
41,89,30,48,514,590,782
0,25,26,55,497,603,782
435,243,232,83,639,720,782
149,177,115,71,575,663,782
11,27,55,60,508,507,783
53,38,57,51,487,499,783
305,259,97,92,607,678,783
139,133,113,88,583,669,783
201,212,48,76,530,597,783
184,163,43,81,578,672,783
469,347,257,193,645,748,783
10,61,56,79,547,617,783
923,677,275,147,662,754,783
41,92,52,84,532,540,783
364,266,212,106,624,706,783
749,432,156,143,633,726,783
216,282,38,129,530,591,783
548,396,191,150,599,657,783
121,144,47,65,544,604,783
0,34,32,55,516,588,783
29,57,138,78,559,583,783
335,190,117,100,579,633,783
468,484,130,138,565,611,784
544,433,127,160,607,692,784
318,212,188,131,613,678,784
0,26,136,88,562,639,784
175,177,55,54,597,676,784
7,43,59,116,529,592,784
238,233,188,146,631,717,784
66,119,30,85,527,574,784
104,153,32,98,534,593,784
404,385,177,182,625,711,785
180,161,81,74,558,618,785
124,81,53,60,580,651,785
55,93,17,111,521,590,785
81,105,23,56,491,454,785
16,37,38,82,561,612,785
17,69,14,54,496,554,785
719,578,233,149,640,729,785
346,181,79,86,574,627,785
747,410,266,142,664,756,785
135,124,83,87,580,654,785
81,115,180,94,582,631,786
48,74,60,75,533,551,786
212,158,95,96,604,667,786
163,201,17,69,505,488,786
0,22,48,92,487,396,786
150,202,64,143,548,617,786
0,23,19,49,450,524,786
150,148,43,84,575,659,786
189,174,99,67,585,657,786
395,244,175,109,588,659,786
126,119,77,122,562,648,786
252,274,122,132,584,657,786
239,210,117,91,606,704,786
113,144,56,78,582,664,786
25,69,98,53,554,591,786
211,250,81,110,569,640,786
335,193,164,111,601,679,787
166,163,89,86,572,641,787
73,79,43,58,559,627,787
461,282,276,107,630,694,787
197,238,54,83,562,609,787
1,23,14,57,509,561,787
1,36,76,63,501,511,787
0,33,34,58,498,556,787
0,30,81,97,508,561,787
28,90,30,59,468,447,788
41,102,33,112,498,426,788
204,233,170,85,598,677,788
291,168,205,104,631,711,788
93,159,94,125,530,597,788
170,227,47,81,539,611,788
84,125,48,114,543,592,788
0,43,115,100,516,575,788
60,108,56,64,543,605,788
458,335,89,145,621,709,788
0,26,56,93,517,624,788
272,257,150,98,596,684,788
182,174,49,103,534,554,788
55,95,22,79,524,605,788
316,255,123,117,622,717,789
193,220,111,142,571,682,789
97,129,115,105,565,628,789
68,103,103,86,554,619,789
46,41,117,59,564,635,789
145,173,113,88,554,538,789
192,184,86,137,579,656,789
127,127,102,85,562,567,789
817,301,287,125,683,788,790
88,96,18,90,554,603,790
162,168,195,127,621,722,790
0,31,91,86,521,617,790
111,119,74,95,542,621,790
124,169,46,38,522,503,790
838,438,205,110,658,754,790
2,24,15,58,510,605,790
236,158,206,94,619,675,790
89,124,68,115,578,664,790
188,223,171,96,584,651,790
92,104,96,87,552,637,790
28,84,121,75,539,522,790
192,135,204,123,622,717,790
169,193,81,117,543,611,790
189,177,97,133,575,623,791
101,88,136,123,537,579,791
52,89,119,111,562,625,791
845,677,186,156,667,764,791
105,132,52,70,559,655,791
448,249,198,129,640,733,791
506,243,231,127,649,738,791
548,387,195,161,635,732,791
1,23,26,53,513,544,791
183,126,23,54,570,658,791
62,88,84,83,567,631,791
449,263,166,134,614,690,791
287,189,213,73,627,684,791
135,165,27,59,514,569,791
106,118,136,86,587,648,791
74,100,128,71,559,647,792
663,549,193,160,651,754,792
220,223,95,121,528,586,792
380,154,175,73,623,690,792
50,83,19,91,500,538,792
453,366,218,130,617,695,792
299,346,122,187,570,670,792
0,34,50,66,477,457,792
24,70,34,100,458,491,792
140,199,111,159,525,586,792
630,233,156,88,636,709,792
20,59,162,114,563,646,792
223,189,228,94,640,751,792
560,375,165,130,629,736,792
5,37,16,56,508,564,792
5,43,99,135,516,558,792
75,90,40,71,549,629,792
309,164,193,115,611,682,792
193,177,78,107,568,608,793
18,72,46,123,504,545,793
261,230,142,135,591,650,793
576,397,203,151,645,736,793
12,33,118,106,542,618,793
231,258,117,115,569,640,793
0,25,46,48,531,596,793
58,119,47,127,509,566,793
722,693,167,252,657,777,794
523,223,261,150,628,719,794
397,393,96,154,570,642,794
347,290,173,128,609,682,794
273,192,188,142,612,699,794
11,66,63,63,532,588,794
141,125,133,92,591,675,794
45,71,50,48,538,598,794
72,124,44,66,526,564,794
238,225,180,112,577,668,794
60,90,107,104,555,591,794
178,144,89,108,558,639,794
76,141,56,126,510,532,794
255,269,123,114,569,636,794
21,71,34,83,484,529,795
767,281,205,120,614,688,795
27,51,78,74,546,594,795
0,29,36,47,481,427,795
15,58,42,69,509,538,795
43,94,80,91,530,574,795
112,153,154,117,581,664,795
84,111,53,88,500,528,795
0,37,53,67,508,541,795
6,50,60,114,442,0,795
54,112,27,97,491,516,795
358,202,130,68,627,702,795
212,136,167,101,604,703,795
96,155,68,146,496,565,795
101,144,155,62,587,670,795
391,412,115,212,589,683,795
7,40,49,56,526,557,795
21,74,47,121,512,572,795
52,103,75,67,561,640,795
120,167,82,128,550,630,796
241,275,32,138,509,585,796
58,83,21,46,535,600,796
5,56,65,94,521,588,796
327,219,133,114,611,726,796
374,390,164,126,595,669,796
109,151,140,136,575,659,796
161,151,196,123,617,700,796
100,117,66,81,558,631,796
20,32,87,122,515,588,796
202,177,124,92,595,655,796
0,21,26,61,505,554,796
515,458,161,174,629,726,796
6,49,165,99,559,619,796
508,482,176,157,609,710,796
0,33,26,81,490,492,796
165,144,316,120,655,733,796
0,34,179,100,550,589,796
2,44,70,54,558,650,797
95,101,73,129,540,600,797
899,674,164,181,580,663,797
193,185,34,53,571,616,797
4,27,46,47,510,556,797
44,40,30,40,538,587,797
143,96,106,125,561,609,797
247,230,167,85,586,664,797
174,220,79,146,554,593,797
837,282,234,116,656,750,797
0,26,92,75,557,627,797
137,99,122,83,586,659,797
154,179,104,139,572,648,797
678,512,182,128,620,696,797
0,34,33,113,501,542,797
19,36,73,133,530,574,798
61,84,102,85,546,601,798
1,46,82,75,520,541,798
298,153,211,102,613,671,798
52,107,88,88,526,634,798
21,60,64,64,536,613,798
289,172,81,103,605,687,798
165,143,149,94,596,694,798
45,50,64,74,537,593,798
178,204,18,94,533,565,798
17,61,26,62,465,521,798
11,36,77,145,501,526,798
389,335,128,95,594,689,798
171,137,81,131,565,635,799
246,214,47,98,544,582,799
498,392,197,129,594,685,799
134,166,83,107,558,651,799
31,57,29,56,525,561,799
796,542,335,212,687,788,799
5,52,25,95,456,318,799
440,298,223,130,600,686,799
185,175,56,86,522,527,799
34,65,22,72,529,571,799
421,286,111,122,613,698,799
328,332,69,115,555,639,799
0,28,32,66,474,384,799
0,24,37,74,501,557,800
714,385,296,204,686,802,800
119,176,111,110,573,653,800
0,30,40,116,473,506,800
14,44,52,60,523,570,800
182,193,123,190,578,661,800
637,401,177,137,583,661,800
75,129,80,116,557,608,800
86,128,37,86,518,542,800
141,194,73,108,511,608,800
909,480,319,197,696,805,800
137,126,103,119,563,630,800
343,133,201,98,619,705,800
0,22,29,58,486,534,800
56,114,58,85,511,548,800
370,204,211,204,642,740,800
0,48,14,67,465,483,800
0,25,70,123,517,586,800
119,188,67,133,516,490,800
114,168,109,97,550,601,800
23,73,34,85,515,542,801
10,39,163,85,553,620,801
126,161,59,92,524,537,801
157,171,49,108,537,595,801
213,136,141,110,598,701,801
87,150,68,112,522,609,801
155,209,94,107,573,644,801
572,411,198,149,606,672,801
355,305,236,149,627,712,801
191,209,137,131,571,631,801
121,119,121,100,562,619,801
0,21,149,105,557,650,801
0,30,34,64,503,592,801
297,169,101,92,583,634,801
5,26,68,102,528,595,801
47,108,76,116,523,591,801
0,21,117,58,545,608,801
162,139,155,145,568,647,801
484,439,142,127,614,706,801
16,60,97,86,553,633,801
73,134,39,84,496,565,801
83,143,46,109,524,571,801
8,54,81,93,552,631,802
144,205,89,103,555,634,802
554,304,265,128,638,712,802
502,491,122,157,556,616,802
329,205,236,134,661,762,802
944,563,242,164,640,723,802
627,399,276,140,654,750,802
20,57,47,72,550,599,802
369,252,206,144,614,703,802
343,259,155,151,638,716,802
57,77,87,87,563,603,802
18,64,47,89,506,564,802
172,232,50,140,502,551,802
6,53,65,119,503,548,802
380,230,258,115,655,764,803
222,155,161,99,609,675,803
86,142,92,107,546,610,803
0,23,13,52,475,526,803
84,108,61,61,546,612,803
349,318,100,132,535,601,803
412,391,147,146,605,685,803
244,255,62,112,573,633,803
45,96,131,127,519,557,803
146,137,98,66,554,612,803
172,161,187,100,602,680,803
327,354,164,220,577,655,804
144,209,93,100,540,615,804
15,30,118,64,558,646,804
25,80,70,108,562,622,804
58,95,57,114,518,582,804
124,193,31,109,496,564,804
42,72,27,81,533,576,804
143,137,88,87,569,637,804
43,102,32,88,498,500,804
656,276,223,117,640,734,804
347,317,171,180,600,686,804
118,118,99,98,568,616,804
12,41,126,86,562,601,804
505,439,221,139,615,706,804
219,285,96,193,511,523,804
0,34,20,91,449,340,804
489,310,232,147,635,724,805
53,88,49,94,523,563,805
541,482,194,173,627,716,805
341,248,163,114,604,685,805
33,54,53,44,551,606,805
445,383,129,139,600,689,805
867,382,330,151,673,772,805
560,416,225,150,642,734,805
54,117,28,60,506,463,805
1,39,14,81,477,537,805
193,226,84,125,535,594,805
105,97,199,157,595,661,806
26,47,134,122,553,619,806
70,123,33,119,459,505,806
117,110,91,54,545,625,806
230,269,138,143,587,639,806
267,250,134,139,592,676,806
675,531,229,226,673,772,806
213,197,66,63,551,585,806
310,252,191,106,621,702,806
246,272,54,130,551,601,806
272,229,172,95,607,704,806
69,118,99,83,535,612,807
115,154,151,154,568,627,807
174,170,39,114,569,628,807
62,90,41,90,533,573,807
181,176,75,103,588,662,807
440,361,99,101,568,649,807
695,567,157,151,635,726,807
487,383,90,71,624,737,807
57,61,49,58,571,620,807
56,107,63,114,543,617,807
96,145,95,82,550,585,807
421,343,177,133,616,703,807
508,302,258,110,641,733,807
147,162,109,114,565,627,807
58,107,44,76,542,622,807
16,53,54,82,547,643,807
12,50,72,63,544,605,807
0,32,78,48,526,587,807
20,43,53,86,545,593,807
152,91,70,78,569,650,807
312,376,82,118,563,631,808
131,139,49,54,556,652,808
0,22,36,65,523,629,808
0,38,135,91,551,601,808
125,155,21,125,513,533,808
0,35,22,38,475,397,808
464,285,210,81,601,690,808
166,153,158,98,587,663,808
24,58,39,85,533,563,808
307,363,37,145,538,578,808
407,371,107,143,577,659,808
0,23,41,71,494,516,808
431,241,204,127,622,691,808
338,339,140,151,624,745,808
469,289,279,116,666,749,808
955,570,197,144,664,767,808
677,493,226,172,654,747,808
393,286,163,88,585,659,808
334,147,335,122,665,753,808
871,500,226,150,661,754,809
22,63,78,77,536,574,809
573,343,172,115,652,754,809
117,126,62,75,549,588,809
75,143,14,111,483,515,809
377,262,161,124,610,695,809
250,187,95,121,574,643,809
71,80,104,100,523,593,809
496,466,155,213,606,688,809
195,117,196,76,604,679,809
35,77,58,64,504,572,809
497,289,352,129,674,760,809
659,560,154,141,597,696,809
326,344,131,184,586,673,810
27,48,34,40,515,544,810
318,311,89,160,543,569,810
159,188,73,128,552,609,810
702,584,168,201,633,722,810
172,135,66,90,589,674,810
390,179,294,102,646,712,810
120,134,84,98,515,581,810
128,184,70,152,531,606,810
111,93,34,46,537,566,810
224,223,121,105,594,655,811
212,122,144,71,597,690,811
128,175,79,60,533,607,811
288,324,118,173,572,643,811
422,289,142,148,604,689,811
130,155,79,153,514,500,811
59,78,132,94,557,598,811
463,320,144,122,613,708,811
410,183,289,93,669,751,811
115,169,24,106,497,533,811
186,192,128,149,569,654,811
242,107,187,77,639,724,811
237,290,66,154,506,537,811
93,137,93,164,540,621,811
286,247,176,143,629,714,811
92,141,185,124,580,659,811
106,138,135,90,583,659,811
12,42,38,80,510,609,811
72,92,148,99,582,664,811
6,52,49,102,499,539,811
41,88,53,138,479,480,812
226,173,166,110,622,695,812
655,327,163,87,623,706,812
142,93,232,76,623,691,812
76,80,111,52,576,648,812
1,24,78,90,523,583,812
763,454,258,171,661,750,812
9,44,68,52,555,601,812
72,127,102,85,536,580,812
0,35,43,86,482,535,812
85,69,145,95,590,690,812
101,164,47,109,492,477,813
104,127,139,98,558,621,813
143,182,50,75,496,375,813
54,60,149,136,593,678,813
0,22,50,95,489,544,813
196,250,80,145,518,491,813
149,89,95,83,593,678,813
30,76,13,41,508,555,813
117,103,22,58,577,654,813
159,207,31,127,540,556,813
26,80,27,81,447,419,813
0,41,43,111,491,561,813
0,23,177,93,574,635,813
894,610,239,208,678,786,813
405,312,160,171,593,686,813
25,62,86,107,537,622,813
0,33,46,92,488,527,813
623,494,213,188,618,702,813
342,180,238,99,623,696,814
143,161,140,82,560,634,814
178,175,122,111,587,663,814
34,22,117,63,552,625,814
602,640,135,130,601,705,814
433,268,220,151,621,699,814
337,188,54,104,580,640,814
524,399,197,143,628,704,814
196,237,101,164,551,649,814
113,117,214,90,610,691,814
205,150,120,73,580,653,814
845,537,237,159,662,754,814
24,25,51,57,519,584,815
50,61,75,89,558,648,815
115,85,81,105,556,620,815
581,313,191,84,631,715,815
224,212,124,123,581,665,815
0,32,40,96,497,528,815
191,249,124,136,552,587,815
2,43,40,95,478,448,815
0,36,25,56,508,594,815
13,54,53,90,515,579,815
97,79,58,79,571,638,815
47,96,49,136,479,501,815
89,145,19,50,495,511,816
113,190,73,157,517,572,816
74,83,81,100,514,511,816
206,214,126,109,590,665,816
0,22,77,55,549,656,816
2,49,86,151,512,598,816
4,39,80,70,527,594,816
37,80,54,102,470,408,816
3,31,79,68,529,629,816
552,356,160,104,632,715,816
155,156,53,95,548,615,816
0,26,84,91,534,555,816
627,445,209,143,620,708,817
109,141,81,79,523,608,817
251,183,163,138,581,662,817
123,146,76,147,540,589,817
157,97,98,62,594,670,817
557,254,252,110,634,717,817
121,133,113,74,575,637,817
345,229,148,112,634,723,817
116,128,144,81,579,678,817
333,227,160,91,614,680,817
66,70,90,58,559,622,817
5,40,46,66,508,587,817
4,59,19,56,490,499,817
46,82,66,97,534,616,817
6,43,22,44,508,548,817
109,160,44,89,512,519,818
624,239,209,81,662,750,818
232,145,153,128,622,712,818
6,56,27,75,447,296,818
49,58,132,68,575,660,818
243,261,163,129,576,618,818
189,189,224,120,618,690,818
263,120,146,67,599,627,818
19,63,43,69,459,419,818
25,67,60,77,484,502,818
0,36,126,81,560,614,818
0,28,77,86,514,535,818
51,95,80,128,495,501,818
84,101,18,72,515,537,818
112,77,69,75,561,661,818
34,72,41,99,523,575,819
13,42,155,83,571,636,819
729,563,137,189,577,671,819
332,240,71,130,526,568,819
200,210,64,83,507,498,819
715,438,223,154,651,743,819
14,53,17,52,454,466,819
388,343,132,166,616,707,819
0,28,69,63,531,593,819
870,265,316,169,707,802,819
303,199,155,157,592,691,819
263,176,274,100,625,689,819
694,496,129,118,603,681,819
0,33,19,40,515,555,819
121,160,121,110,551,590,820
96,153,25,93,468,255,820
151,228,27,97,511,534,820
66,107,48,107,488,506,820
235,242,107,106,574,657,820
17,28,80,81,548,642,820
737,241,287,145,666,754,820
137,163,106,97,559,658,820
3,32,56,51,506,523,820
4,30,133,90,555,639,820
495,275,252,121,635,715,820
65,106,112,121,505,503,820
79,124,67,93,533,584,820
53,63,13,44,509,541,820
135,119,158,116,577,672,820
0,23,16,49,514,584,820
544,563,195,231,618,717,820
521,280,194,114,626,716,820
405,312,148,127,608,688,820
12,61,54,69,498,491,820
149,141,99,83,552,637,820
0,21,78,128,528,593,820
167,167,81,109,579,655,821
327,184,218,131,641,733,821
332,197,197,141,617,686,821
105,106,187,84,557,603,821
53,104,68,85,525,593,821
153,152,118,113,561,605,821
731,353,151,109,623,707,821
0,38,69,74,528,557,821
63,115,136,115,565,642,821
85,119,35,67,521,544,821
179,211,96,140,553,620,821
210,109,172,97,604,682,821
0,25,34,80,504,547,821
93,121,87,92,507,519,821
524,455,161,189,607,692,822
28,89,13,63,499,506,822
208,138,46,51,589,668,822
403,198,340,135,665,758,822
441,225,124,106,603,662,822
43,89,55,105,531,623,822
607,429,253,94,641,737,822
543,429,173,99,644,741,822
382,151,190,100,638,739,822
24,66,42,66,519,594,822
604,406,202,199,610,687,822
91,81,129,73,562,634,822
47,94,28,88,474,352,822
228,216,176,127,609,712,823
123,128,101,96,564,638,823
12,57,78,74,492,526,823
817,618,244,190,664,759,823
176,126,119,113,584,655,823
126,77,126,93,586,650,823
138,175,107,126,571,642,823
100,81,31,48,547,591,823
49,90,95,60,556,637,823
626,291,278,104,649,744,823
298,319,66,137,549,614,823
55,78,73,55,519,556,823
48,102,78,112,514,532,823
124,195,34,128,492,532,824
269,205,93,121,570,651,824
371,174,168,105,611,691,824
183,135,110,77,573,675,824
92,143,101,88,550,625,824
190,135,141,72,576,643,824
31,76,78,67,528,593,824
45,92,70,88,544,579,824
147,149,100,77,562,636,824
303,120,333,94,668,746,824
283,300,132,170,597,693,825
131,208,42,65,520,546,825
597,264,350,101,678,768,825
165,120,104,90,571,626,825
15,55,18,82,491,394,825
0,42,35,61,500,541,825
8,55,25,81,462,459,825
509,418,173,130,590,662,825
513,216,253,105,658,743,825
434,271,150,85,629,693,825
471,215,236,122,637,729,825
154,112,119,94,574,630,825
360,285,111,133,545,566,825
27,51,73,106,523,551,825
109,86,167,106,569,617,826
140,158,134,105,591,680,826
169,185,49,72,550,608,826
44,102,61,59,489,491,826
126,148,209,102,602,698,826
102,119,180,106,566,616,826
708,409,207,149,681,795,826
13,37,100,92,557,626,826
504,400,235,170,655,751,826
240,135,110,105,573,653,826
49,63,87,72,550,610,826
149,115,92,88,571,651,826
92,141,76,93,513,536,826
177,222,153,149,577,647,826
141,109,166,118,590,668,826
250,206,152,120,615,702,826
0,30,31,63,442,0,826
445,357,168,193,598,697,826
291,231,206,117,607,681,826
101,140,90,64,560,642,827
283,240,76,87,556,621,827
0,34,15,62,487,475,827
162,172,73,64,542,596,827
96,109,52,59,487,479,827
79,96,93,76,569,645,827
694,709,151,217,608,697,827
378,251,101,93,591,665,827
115,82,105,90,573,626,827
12,62,49,104,533,600,827
124,170,125,117,542,608,827
375,442,67,155,578,665,827
117,126,48,81,534,602,827
431,218,195,115,644,733,828
0,41,108,134,534,611,828
17,65,24,58,511,540,828
679,550,76,145,554,614,828
79,102,98,82,527,614,828
153,85,187,126,623,705,828
329,242,150,71,613,704,828
138,154,46,83,538,621,828
204,154,146,122,585,646,828
0,28,62,46,466,420,828
150,168,111,111,587,684,828
0,45,52,61,509,477,829
13,49,16,72,505,569,829
72,101,81,87,540,552,829
567,271,151,116,644,742,829
50,61,89,86,546,623,829
203,230,132,188,574,660,829
18,71,58,95,469,470,829
303,302,178,167,611,693,829
44,67,27,54,526,529,829
100,129,64,87,506,454,829
70,84,35,42,558,612,829
460,476,140,156,581,690,829
374,389,146,135,611,710,830
94,102,15,69,538,634,830
20,64,74,55,557,605,830
0,25,75,81,516,599,830
167,187,165,188,599,684,830
243,307,68,121,553,619,830
63,99,67,57,547,607,830
265,245,58,75,543,624,830
0,30,95,84,506,541,830
27,58,44,105,530,591,830
81,101,39,94,489,540,830
128,193,67,137,523,558,830
184,121,123,105,587,670,830
793,473,261,153,655,746,831
506,525,126,164,597,677,831
205,117,69,124,574,654,831
62,88,16,58,529,527,831
92,108,27,81,554,590,831
0,33,32,60,483,489,831
62,79,69,84,558,631,831
217,224,47,108,542,601,831
62,96,90,113,554,606,831
198,217,117,128,564,641,831
107,171,64,47,534,548,831
37,45,177,83,571,667,831
216,116,111,82,576,656,831
211,113,68,70,564,594,831
283,134,187,93,620,685,831
7,28,50,103,525,597,831
0,24,84,105,523,609,831
1,46,25,89,444,408,831
163,195,73,151,524,584,832
28,79,77,82,525,593,832
89,156,109,115,549,631,832
175,205,84,96,550,591,832
32,78,60,126,537,619,832
24,50,77,77,481,517,832
101,136,68,85,569,649,832
277,277,103,116,587,665,832
83,113,30,70,510,559,832
0,23,90,82,538,625,832
37,57,53,90,543,617,832
517,543,151,132,589,680,832
187,199,214,117,587,683,832
133,155,97,54,568,630,832
485,189,238,129,645,729,832
21,36,97,66,551,632,832
515,250,207,170,575,635,832
296,246,138,166,610,688,832
809,388,200,121,633,731,832
112,133,92,101,557,640,833
233,206,196,90,606,695,833
322,182,204,88,628,710,833
137,166,104,67,557,631,833
275,274,135,124,571,621,833
25,46,77,90,530,601,833
199,166,140,72,598,674,833
504,391,175,174,613,698,833
28,51,64,94,527,587,833
430,415,150,158,622,726,833
153,193,124,139,566,649,833
715,478,133,102,628,720,833
422,252,178,106,610,696,833
108,98,138,82,521,588,833
16,43,30,49,516,601,833
5,51,18,53,516,610,833
693,249,269,87,667,767,833
101,96,143,96,582,657,833
27,58,46,96,551,634,833
350,274,200,196,601,700,833
10,40,32,75,496,499,833
445,317,139,143,583,631,833
73,131,40,53,548,618,833
433,225,193,89,637,716,834
145,193,135,93,551,594,834
273,271,50,88,575,659,834
100,130,92,88,541,586,834
779,580,280,165,679,790,834
331,337,161,166,590,678,834
71,128,29,78,471,470,834
152,145,204,105,581,644,834
6,50,59,54,530,543,834
0,27,46,73,490,563,834
0,26,64,93,543,579,834
951,706,225,222,700,809,835
84,97,20,73,537,633,835
201,256,111,96,567,655,835
407,206,179,92,620,693,835
222,267,86,146,571,646,835
160,206,94,147,563,637,835
157,144,110,111,560,583,835
85,98,103,110,564,598,835
333,380,60,123,579,667,835
235,241,102,125,566,627,835
84,132,84,97,569,646,835
63,87,100,124,523,589,835
165,219,80,82,508,537,835
683,389,222,114,647,746,835
34,95,57,104,513,532,835
58,102,109,137,545,603,835
0,44,118,91,539,592,835
0,33,54,43,513,584,836
284,341,155,213,562,640,836
7,56,38,75,491,520,836
58,69,17,79,540,585,836
588,304,260,97,643,736,836
5,32,82,59,522,579,836
121,155,105,174,543,595,836
402,241,117,70,614,708,836
8,39,146,111,530,576,836
6,51,35,68,485,487,836
0,37,94,115,553,594,836
413,227,170,78,619,697,836
177,201,149,123,599,684,836
1,41,179,139,557,610,836
30,44,81,69,556,616,836
65,57,193,100,600,699,836
675,325,221,93,660,740,836
47,55,200,91,593,660,836
148,121,185,135,574,638,836
0,34,40,51,526,602,836
170,150,51,69,548,620,836
0,33,42,75,512,551,836
0,29,56,107,509,488,837
620,388,187,146,614,696,837
508,228,147,111,622,705,837
343,300,175,182,627,715,837
130,146,150,88,578,668,837
180,212,76,123,515,558,837
4,49,13,47,533,602,837
48,101,67,86,523,559,837
307,310,99,104,556,612,837
34,74,54,100,533,589,837
412,182,163,113,620,691,837
4,48,83,81,521,522,837
104,127,146,54,577,650,837
136,184,129,159,521,595,837
848,714,188,223,620,709,837
149,191,112,119,557,623,838
293,206,207,116,631,698,838
488,232,91,109,606,689,838
150,150,53,113,524,612,838
0,21,90,111,521,589,838
28,78,85,102,539,537,838
18,51,24,56,508,577,838
22,72,26,103,462,314,838
56,80,164,98,580,673,838
501,274,219,113,612,718,838
2,28,85,74,550,588,838
187,166,76,136,544,614,838
29,47,70,68,526,588,838
223,183,170,159,580,657,838
275,219,149,137,605,694,838
239,130,216,154,625,699,839
60,101,26,86,544,596,839
0,34,26,58,498,396,839
354,277,193,104,629,711,839
473,245,177,124,604,672,839
193,147,153,114,605,696,839
241,279,85,137,542,599,839
249,129,128,93,602,684,839
9,58,76,94,524,575,839
66,59,115,115,533,612,839
322,230,284,152,677,784,839
9,44,53,100,523,597,839
63,76,36,53,526,597,839
76,72,69,71,541,620,839
481,304,147,153,606,691,839
236,238,53,103,500,544,839
9,42,110,89,541,614,840
22,65,170,93,542,604,840
157,131,230,110,619,706,840
141,184,35,104,527,595,840
0,25,62,76,508,567,840
171,178,90,98,535,591,840
177,146,44,46,557,638,840
299,296,155,173,599,698,840
0,36,124,73,537,554,840
188,240,104,129,548,615,840
6,34,96,144,520,607,840
176,256,53,68,522,550,840
466,263,76,87,586,660,840
638,471,160,125,612,700,840
73,119,38,121,493,554,840
80,130,164,115,589,672,840
421,207,147,108,609,678,840
374,330,209,106,606,682,841
106,115,118,83,553,610,841
49,80,27,58,493,460,841
130,109,157,86,603,678,841
59,67,22,47,541,612,841
148,143,148,128,567,635,841
436,214,246,87,641,728,841
75,48,212,73,608,675,841
283,329,105,150,571,651,841
165,160,115,87,547,621,841
91,98,162,76,604,688,841
248,265,93,100,570,643,841
1,30,27,54,486,527,842
97,135,22,52,539,534,842
86,134,31,79,516,578,842
218,184,82,76,596,685,842
142,130,101,164,590,669,842
407,181,252,115,637,737,842
39,68,22,95,393,424,842
33,65,20,54,452,459,842
26,50,42,95,521,608,842
128,132,53,122,556,606,842
291,176,119,82,578,635,842
216,218,76,98,527,572,842
0,39,79,52,533,589,843
72,83,94,84,573,652,843
512,304,240,181,649,744,843
784,455,318,199,680,786,843
152,164,173,119,589,679,843
100,147,54,104,487,399,843
317,237,215,111,616,716,843
406,272,243,118,640,731,843
15,42,82,108,511,610,843
197,161,150,130,580,632,843
452,319,279,159,634,718,843
60,102,143,90,539,602,843
280,303,151,185,609,697,843
917,326,298,119,675,768,843
54,99,60,99,540,601,843
647,240,306,134,652,752,844
24,32,148,64,581,656,844
788,445,300,145,659,755,844
425,408,114,121,565,629,844
25,45,28,80,501,561,844
156,137,91,80,570,628,844
262,188,188,98,639,728,844
53,78,103,126,538,587,844
91,97,139,118,584,683,844
653,330,237,143,661,761,844
110,129,127,112,575,621,844
106,163,40,61,528,550,844
66,114,54,114,518,518,844
53,83,96,95,559,623,844
218,240,75,107,615,714,844
49,64,72,111,523,568,845
167,213,28,77,555,611,845
510,213,215,123,659,760,845
220,186,139,111,601,693,845
236,313,35,108,482,474,845
32,66,27,65,475,502,845
48,72,35,75,509,584,845
411,341,234,257,649,751,845
49,86,117,71,545,605,845
87,117,112,128,554,645,845
486,444,151,175,607,699,845
165,218,37,128,498,565,845
4,46,58,73,501,530,845
18,35,33,87,502,510,845
47,95,108,107,548,623,845
183,215,74,94,582,655,845
80,142,89,91,491,517,845
47,49,92,97,548,618,846
29,65,96,66,552,647,846
554,390,174,166,620,728,846
101,154,22,75,534,560,846
908,373,306,116,679,775,846
63,117,102,150,527,548,846
381,428,151,179,601,693,846
3,35,50,43,554,632,846
506,245,182,80,625,711,846
185,164,107,114,555,641,847
7,60,22,75,506,356,847
515,316,255,190,619,713,847
649,559,217,224,635,734,847
0,24,70,41,502,526,847
82,112,99,122,485,501,847
332,302,120,98,538,609,847
146,126,162,146,584,667,847
11,52,61,75,538,618,847
831,667,155,169,592,677,847
209,264,15,93,540,604,847
113,151,118,72,542,586,847
737,513,278,112,646,732,847
32,85,18,82,527,615,847
266,148,115,65,584,648,847
222,135,111,102,571,630,847
122,155,141,92,576,662,847
116,151,112,116,585,663,848
334,241,208,132,644,737,848
101,137,153,114,588,682,848
335,343,184,118,592,678,848
139,138,103,76,578,664,848
126,168,76,118,561,655,848
248,239,37,105,516,554,848
143,169,36,78,523,611,848
169,92,121,62,570,652,848
43,58,85,63,551,623,848
0,23,38,93,515,563,848
8,40,93,75,492,493,848
9,32,27,47,494,428,848
533,330,288,114,645,732,848
432,331,208,184,628,718,848
234,262,201,116,609,692,848
485,286,134,96,600,678,849
35,67,68,124,518,542,849
32,33,139,66,558,625,849
197,162,80,88,547,550,849
0,26,44,94,480,517,849
190,184,178,161,611,702,849
47,90,29,48,545,621,849
2,32,59,74,527,605,849
18,56,60,76,506,508,849
368,176,251,130,657,743,849
942,529,291,170,678,769,850
135,97,67,80,541,577,850
195,153,134,158,586,662,850
256,159,222,108,624,701,850
178,198,60,96,542,602,850
275,225,58,132,554,640,850
90,121,81,97,552,645,850
0,24,27,77,499,561,850
49,76,115,64,550,610,850
254,265,154,150,568,648,850
19,80,16,95,475,367,850
0,26,112,95,560,635,850
34,76,73,83,525,604,850
0,21,95,57,524,578,850
662,408,170,103,579,661,850
64,90,39,113,508,538,850
234,287,132,114,576,651,851
4,47,21,74,466,507,851
162,115,80,65,569,643,851
15,46,32,48,527,580,851
47,92,22,64,506,522,851
124,160,108,152,568,657,851
25,67,69,50,523,592,852
12,27,46,67,519,624,852
272,154,52,81,542,562,852
555,499,220,204,639,739,852
187,160,82,77,578,639,852
250,118,88,96,592,673,852
13,48,40,81,531,602,852
83,69,42,42,507,515,852
354,189,167,111,587,658,852
150,141,149,87,559,612,852
155,103,117,75,593,679,853
177,190,140,110,578,669,853
42,83,114,116,566,629,853
28,85,33,64,501,496,853
147,223,38,119,474,488,853
393,242,256,141,670,772,853
567,483,225,252,641,741,853
134,176,75,59,544,650,853
27,64,80,108,548,597,853
9,55,31,92,486,417,853
326,332,177,158,624,711,853
241,213,130,88,587,668,853
344,263,216,126,644,728,853
351,374,229,236,601,680,853
20,65,27,47,461,383,853
34,71,139,115,565,612,853
282,270,161,159,589,688,853
45,70,72,97,535,558,853
33,53,91,76,528,585,854
252,144,127,89,623,708,854
717,531,314,191,690,775,854
298,204,190,85,609,703,854
131,83,66,72,572,640,854
762,718,175,196,645,744,854
646,256,316,136,680,766,855
318,202,115,86,593,676,855
502,446,248,185,623,714,855
342,263,129,203,602,679,855
0,29,42,48,534,576,855
174,212,141,137,574,657,855
317,331,215,171,595,684,855
628,447,228,142,617,696,855
141,137,84,99,547,609,855
591,369,176,116,617,709,855
106,153,53,115,529,571,855
228,242,106,96,553,623,855
0,29,77,111,501,511,856
168,215,82,94,536,576,856
118,115,141,79,568,650,856
101,134,124,96,563,590,856
36,57,35,56,489,485,856
522,219,274,87,652,754,856
46,60,36,57,528,536,856
262,140,282,105,641,723,856
303,177,203,110,600,687,856
274,219,39,105,586,673,856
897,465,271,161,647,730,856
36,82,45,105,497,548,856
569,301,183,137,645,746,856
491,236,208,130,614,690,856
221,272,77,128,559,637,857
180,168,125,103,572,649,857
29,48,22,59,534,618,857
446,230,181,146,612,692,857
115,120,195,224,574,660,857
48,102,16,115,308,0,857
105,148,175,130,566,630,857
559,273,248,171,646,738,857
61,90,88,53,519,598,857
411,307,181,139,611,695,857
264,239,159,90,582,649,857
263,147,126,138,578,605,857
802,429,246,134,666,771,858
9,47,85,60,530,579,858
228,153,31,64,559,615,858
146,117,80,113,569,667,858
429,455,136,200,574,661,858
417,353,214,139,611,685,859
232,138,146,174,579,667,859
17,58,18,65,516,549,859
309,221,201,105,626,701,859
532,212,218,132,608,679,859
415,374,68,84,557,623,859
333,113,175,73,617,705,859
108,117,98,85,577,648,859
5,45,74,95,523,572,859
19,47,103,89,532,551,859
50,93,148,103,587,673,859
0,29,102,78,508,561,859
72,81,31,78,528,585,859
3,49,31,87,482,451,859
15,39,45,78,520,594,859
94,82,86,76,555,603,859
395,276,108,83,612,699,859
492,457,199,175,627,715,859
202,132,87,62,551,603,860
5,47,53,112,531,585,860
9,39,165,95,567,646,860
28,80,26,64,542,603,860
506,254,203,144,645,734,860
25,64,78,95,554,592,860
29,76,14,48,467,517,860
176,219,80,85,576,661,860
142,91,145,121,603,689,860
58,99,42,34,560,641,860
28,67,66,88,498,544,860
40,82,27,97,436,261,860
8,57,31,96,409,0,860
521,297,179,87,603,675,861
55,89,44,55,511,498,861
341,379,110,137,576,660,861
371,281,147,113,602,690,861
53,56,42,58,531,567,861
317,288,89,140,535,540,861
38,77,91,70,544,562,861
9,52,27,68,505,587,861
58,115,39,66,509,575,861
13,50,92,98,545,591,861
98,108,90,78,551,585,862
96,83,75,76,568,665,862
316,238,183,147,604,685,862
81,146,25,86,492,502,862
122,86,109,108,585,670,862
10,46,102,93,515,583,862
44,73,82,93,530,585,862
565,215,229,130,646,751,862
562,409,224,117,623,728,862
22,67,17,96,508,551,862
415,307,183,119,630,722,862
12,58,63,90,535,638,862
6,54,64,84,515,602,862
0,24,41,76,474,530,862
43,60,33,52,495,527,862
412,250,122,102,571,626,862
238,320,62,168,455,402,862
94,131,101,141,545,636,862
889,515,211,144,640,729,862
195,245,57,88,499,428,862
527,298,166,104,612,709,862
92,124,113,105,607,670,862
2,40,62,75,534,597,863
68,122,168,74,575,650,863
126,128,94,70,565,606,863
58,107,90,86,553,630,863
0,28,67,74,496,541,863
123,95,73,69,548,580,863
875,419,305,155,674,758,863
895,419,224,186,653,747,863
0,42,25,46,502,546,863
571,635,55,160,579,690,863
45,92,97,92,554,631,863
75,143,34,103,524,603,863
67,92,88,114,554,651,863
275,142,179,94,623,705,863
24,78,108,152,547,661,863
108,75,106,90,576,664,863
30,40,97,60,557,635,863
20,60,74,121,513,555,863
67,120,46,75,526,595,863
19,70,39,81,536,582,864
572,548,284,233,667,769,864
26,59,39,116,472,407,864
42,79,73,60,563,647,864
58,107,121,102,533,551,864
219,166,96,49,572,663,864
390,262,170,143,610,696,864
9,37,109,69,538,545,864
0,42,21,62,518,606,864
19,63,71,84,516,580,864
87,62,119,73,581,661,865
0,26,85,59,519,559,865
17,36,23,86,520,555,865
107,111,109,93,539,596,865
170,120,171,117,586,672,865
142,113,14,88,501,520,865
28,61,108,144,543,597,865
207,173,87,111,579,652,865
25,58,89,86,499,548,865
22,77,63,81,536,602,865
0,23,39,59,463,289,865
369,292,185,116,599,674,865
0,21,49,65,468,422,865
0,21,58,88,464,464,865
22,53,76,117,537,599,865
17,61,47,90,507,572,865
61,91,69,70,582,673,866
43,76,58,98,532,613,866
0,25,35,59,519,625,866
264,333,96,185,551,642,866
137,108,164,76,565,630,866
311,203,125,136,588,706,866
608,407,211,128,634,738,866
111,82,23,66,548,626,866
24,51,140,80,551,635,866
0,40,41,62,517,549,866
31,55,56,73,510,570,866
219,172,188,114,574,666,866
0,43,69,95,498,565,866
253,300,112,162,535,585,866
41,84,46,63,535,584,866
0,21,22,88,412,339,866
52,104,19,78,491,513,866
306,283,250,131,625,699,866
216,227,110,144,560,666,866
0,37,68,94,486,481,866
753,446,233,119,627,714,866
0,36,51,61,503,551,866
16,52,77,83,492,553,867
8,54,23,101,464,415,867
195,272,17,95,532,587,867
0,34,81,69,456,446,867
432,223,202,116,620,705,867
87,102,90,120,549,625,867
174,176,101,168,591,664,867
322,230,186,131,607,687,867
78,109,117,137,570,651,867
268,286,148,204,585,674,867
133,101,19,91,530,541,867
93,139,94,108,581,641,867
57,62,68,60,536,581,868
137,76,228,105,612,677,868
60,100,54,97,538,620,868
9,39,16,65,502,470,868
78,108,96,74,550,599,868
313,240,153,144,582,631,868
293,153,124,134,589,650,868
271,241,121,75,559,648,868
239,188,182,118,588,668,868
10,36,37,40,525,580,868
104,164,98,118,509,482,868
35,66,94,96,525,612,868
17,54,62,93,469,0,868
22,59,44,62,542,624,868
867,590,147,128,586,636,868
220,286,131,184,560,632,868
88,108,62,114,552,606,868
26,81,23,96,474,436,868
19,61,98,70,543,617,869
411,382,101,155,571,649,869
105,85,167,73,598,680,869
0,26,18,54,479,428,869
44,50,62,40,499,495,869
34,76,86,86,555,614,869
55,101,13,98,472,457,869
106,83,30,73,558,601,869
97,103,42,57,528,614,869
403,194,350,147,663,758,869
127,165,27,71,495,472,869
75,106,49,55,553,662,869
655,381,177,134,645,740,869
66,88,48,58,549,622,869
81,113,87,70,553,656,869
307,354,118,172,553,625,869
580,270,227,158,637,741,869
94,119,150,131,577,655,869
398,212,238,86,644,751,869
11,36,119,62,553,634,869
136,157,220,117,604,713,869
86,147,86,127,540,586,869
162,189,72,111,519,587,869
0,23,35,96,487,529,869
255,301,51,129,491,538,869
291,279,115,168,555,644,869
326,188,187,111,621,712,870
42,91,79,105,500,514,870
139,151,143,95,579,653,870
69,63,87,81,554,639,870
310,302,59,98,520,523,870
43,94,25,86,478,419,870
522,201,248,102,645,741,870
94,103,159,71,569,637,870
227,219,143,112,596,686,870
269,141,168,81,636,737,871
21,53,54,57,529,616,871
61,91,50,103,499,592,871
187,195,62,128,538,619,871
328,247,156,98,612,702,871
283,176,144,103,590,656,871
13,49,42,80,485,488,871
233,221,74,89,546,545,871
17,62,39,116,519,596,871
65,82,62,81,551,616,871
86,148,37,56,503,408,871
249,250,78,80,558,624,871
102,127,72,84,484,396,872
51,77,96,104,549,634,872
314,220,216,117,614,710,872
213,167,215,145,625,725,872
215,277,36,69,548,616,872
93,135,152,136,549,609,872
271,133,247,182,606,711,872
0,23,63,83,471,372,872
0,37,86,77,516,567,872
217,192,85,116,529,575,872
22,35,73,41,532,584,872
202,162,103,89,561,606,872
0,27,76,57,522,583,872
686,216,331,97,682,785,872
460,194,340,70,656,720,872
291,286,159,159,597,676,872
65,100,98,86,528,608,872
567,412,244,135,641,734,873
0,37,24,49,499,545,873
63,120,26,62,473,486,873
194,245,83,120,536,613,873
560,304,230,189,658,765,873
281,306,105,165,576,661,873
261,225,73,128,553,614,873
86,97,80,92,515,513,873
42,73,132,71,578,654,873
86,106,80,66,552,594,873
76,117,46,110,519,592,873
277,227,177,144,590,687,873
195,205,219,170,604,696,873
135,116,101,83,532,600,873
58,127,33,78,485,492,873
402,164,131,81,628,740,874
210,176,86,70,548,595,874
510,364,121,119,601,687,874
177,150,170,166,585,647,874
116,151,16,78,511,556,874
0,27,76,108,523,580,874
89,149,63,117,521,588,874
175,191,79,103,540,621,874
307,267,241,78,614,701,874
29,70,51,61,493,502,874
293,145,121,80,604,675,874
63,115,76,90,511,574,874
497,342,259,175,644,739,874
301,298,213,170,595,667,874
752,547,222,238,653,768,874
92,151,36,95,528,600,874
267,287,57,145,576,678,874
67,104,26,71,521,580,874
628,540,229,158,639,747,874
65,100,78,76,526,571,875
50,78,103,113,539,590,875
128,98,155,70,617,687,875
69,72,99,67,530,563,875
89,110,75,103,533,616,875
611,280,245,132,663,759,875
206,157,165,72,589,678,875
206,242,173,185,593,671,875
190,131,90,66,587,654,875
298,229,153,121,593,679,875
9,41,81,75,534,619,875
57,72,27,73,466,350,875
0,38,14,79,436,90,875
224,144,99,95,564,646,875
0,21,161,79,550,639,875
269,289,111,96,535,635,875
87,161,59,105,478,500,875
103,115,66,52,510,565,875
15,62,55,90,474,429,876
271,328,102,172,568,649,876
74,82,99,53,536,602,876
9,44,42,53,522,551,876
32,51,111,85,533,584,876
164,182,71,76,575,666,876
101,112,144,99,559,607,876
47,49,43,53,524,568,876
265,289,153,141,600,678,876
89,97,16,81,512,570,876
49,64,124,63,566,625,876
151,101,161,95,579,631,876
24,71,45,49,486,583,876
122,178,75,127,558,660,876
164,225,71,162,504,515,876
66,103,134,103,570,654,876
204,154,199,92,593,684,876
391,201,288,86,632,719,876
57,99,21,96,514,556,876
38,97,19,87,477,553,876
123,132,95,115,550,580,876
422,209,193,115,599,682,877
229,310,45,74,491,509,877
89,87,123,85,566,630,877
136,68,209,89,584,655,877
124,123,92,79,521,583,877
78,119,141,152,568,662,877
26,44,113,96,558,661,877
0,25,20,55,491,497,877
85,124,83,148,529,610,877
43,90,61,57,547,597,877
80,126,163,108,557,599,877
308,298,178,151,608,698,877
60,110,71,67,504,507,877
207,135,104,116,551,612,877
199,177,192,160,591,685,877
555,568,201,227,642,754,877
530,383,196,162,617,699,878
119,147,41,52,536,616,878
718,460,152,122,609,679,878
176,201,46,77,604,656,878
389,391,80,168,531,588,878
651,201,288,137,664,757,878
572,236,201,122,645,743,878
481,360,220,111,628,733,878
246,145,140,121,602,683,878
0,41,89,106,514,601,878
912,286,323,129,686,791,878
275,291,144,84,597,700,878
212,211,15,106,537,627,878
358,314,236,166,627,715,878
65,66,102,102,565,611,878
0,25,43,61,442,0,878
0,27,14,65,420,0,878
320,281,213,191,611,702,878
336,326,175,171,628,739,879
379,207,59,75,586,655,879
0,23,20,47,453,394,879
0,25,132,113,551,622,879
947,630,261,85,648,753,879
799,504,311,165,673,779,879
555,509,190,176,584,682,879
34,63,187,105,547,626,879
240,256,122,119,586,672,879
63,77,116,94,581,664,879
83,124,77,75,548,634,879
186,97,135,102,603,677,879
213,128,122,124,592,704,879
179,109,154,89,551,608,880
19,66,56,84,515,538,880
59,90,54,67,542,614,880
64,94,98,102,509,508,880
5,21,59,75,505,583,880
11,53,118,130,502,560,880
291,258,174,122,611,694,880
29,73,70,106,509,433,880
150,128,47,118,515,572,880
227,237,182,146,601,692,880
197,140,104,91,586,670,880
76,120,55,128,515,589,880
240,213,180,125,586,657,880
88,111,91,76,530,601,880
115,144,98,98,533,601,880
73,86,35,69,502,528,881
155,127,102,81,569,651,881
19,56,137,149,513,585,881
0,27,63,102,502,572,881
254,255,187,122,605,691,881
80,136,106,102,555,549,881
509,290,155,98,634,720,881
195,219,136,89,544,601,881
82,127,92,130,511,509,881
257,154,157,111,596,663,881
552,430,183,200,629,716,881
47,63,57,69,533,590,881
277,175,159,107,618,690,881
194,219,162,99,597,671,881
262,271,77,122,527,549,881
165,179,87,152,553,628,882
28,47,110,85,530,628,882
345,220,119,108,605,702,882
1,21,48,42,514,573,882
31,78,49,78,476,454,882
131,171,92,163,548,605,882
36,56,108,111,549,599,882
0,30,66,65,530,608,882
0,26,70,67,530,545,882
215,202,22,86,581,652,882
42,51,216,100,600,678,882
280,225,120,75,559,616,882
166,207,85,117,539,588,882
65,68,106,56,537,621,882
211,210,97,145,567,642,883
197,142,93,65,576,655,883
167,144,80,113,567,633,883
351,253,199,94,599,689,883
10,57,38,60,521,569,883
795,460,290,170,659,755,883
33,85,43,67,520,591,883
215,274,71,137,565,632,883
394,285,64,104,598,693,883
41,83,143,102,583,663,883
212,218,82,93,567,658,884
795,371,242,122,650,756,884
73,99,26,59,572,658,884
204,152,165,137,566,644,884
283,285,120,196,569,672,884
0,30,49,45,470,507,884
0,22,71,75,506,513,884
76,93,46,70,521,580,884
0,25,13,84,479,504,884
663,226,303,162,668,751,884
73,128,47,106,486,532,884
108,147,62,134,538,622,884
13,45,48,65,509,594,884
579,504,173,137,624,719,884
525,348,294,178,639,737,884
150,187,139,139,559,599,884
52,93,60,44,518,525,884
393,351,58,114,548,583,884
181,240,131,167,560,637,885
191,121,218,108,619,711,885
348,274,134,100,560,616,885
904,313,392,171,690,785,885
122,100,68,97,539,615,885
266,207,99,61,591,662,885
103,97,111,96,599,673,885
0,29,27,48,507,569,885
57,115,55,104,498,529,886
881,607,222,250,672,768,886
506,268,187,70,653,735,886
203,229,77,87,551,601,886
970,301,504,145,724,805,886
7,51,36,78,517,609,886
80,108,95,126,522,545,886
359,250,151,105,612,710,886
861,514,218,217,649,737,886
186,227,55,94,548,632,886
195,239,41,136,549,622,887
406,462,136,186,596,676,887
237,211,61,78,574,627,887
14,59,19,39,518,580,887
4,38,28,89,505,583,887
91,133,17,65,559,649,887
617,429,222,185,649,750,887
24,51,75,50,522,576,887
116,104,111,88,555,635,887
64,107,53,68,497,529,887
147,188,29,100,547,615,887
863,321,279,128,682,777,887
0,24,46,39,509,560,887
160,189,63,66,538,566,887
0,29,12,58,506,536,887
114,128,184,177,579,656,887
215,152,142,144,545,606,887
62,87,101,54,564,603,887
296,241,181,122,604,690,887
198,214,137,86,585,652,887
120,176,13,82,431,227,887
734,204,249,104,633,708,887
0,26,59,62,471,497,887
33,64,22,66,570,582,887
5,38,40,59,515,609,887
129,151,82,123,565,640,887
312,310,215,171,623,716,888
48,70,58,56,520,568,888
0,26,34,87,513,556,888
52,114,15,92,460,516,888
7,20,50,52,530,572,888
236,268,117,160,555,595,888
117,179,81,124,540,591,888
281,196,198,100,609,704,888
160,164,128,141,580,638,888
87,153,34,87,504,534,888
0,34,63,66,413,0,888
603,323,288,139,671,769,888
675,501,328,161,663,754,888
20,71,85,79,510,572,888
52,100,95,111,489,530,888
149,147,153,120,554,587,888
46,65,44,55,531,591,888
97,170,38,100,492,567,888
201,139,179,97,577,641,889
28,59,98,77,522,535,889
82,140,77,124,516,559,889
80,131,117,95,564,647,889
266,214,23,65,525,614,889
0,40,58,111,488,574,889
154,199,41,75,554,603,889
817,566,337,184,675,779,889
235,210,45,104,565,637,889
69,68,125,88,587,657,889
391,227,210,149,639,745,889
182,178,119,138,550,596,890
146,182,97,147,538,622,890
191,214,61,122,532,583,890
890,633,395,194,677,771,890
53,113,64,83,514,473,890
26,61,104,77,541,555,890
161,78,209,110,618,681,890
258,241,78,79,561,610,890
153,200,73,84,572,640,890
367,349,95,94,614,684,890
622,319,185,128,631,719,890
863,616,272,217,679,784,890
72,109,67,111,542,636,890
197,218,95,161,543,615,890
279,137,332,155,664,760,890
180,126,87,85,566,629,890
676,259,275,101,663,754,890
59,74,110,57,562,646,890
54,92,121,125,580,665,890
181,191,62,127,540,615,890
356,205,199,137,596,687,890
77,96,38,82,534,597,890
226,214,142,132,533,534,891
340,351,161,114,591,678,891
216,279,34,106,521,592,891
500,308,219,164,659,744,891
811,579,267,164,665,760,891
184,251,41,98,530,585,891
121,106,63,69,550,595,891
188,207,37,97,533,582,891
556,484,242,158,625,701,891
126,150,87,130,553,639,892
133,179,94,63,545,617,892
164,99,145,94,577,664,892
307,259,153,119,617,719,892
70,136,17,99,492,473,892
101,169,30,85,501,577,892
125,132,106,129,559,636,892
549,493,163,188,616,681,892
138,146,32,58,538,622,892
50,78,41,105,526,573,892
466,337,272,203,647,751,893
18,59,84,117,458,502,893
112,151,73,109,569,673,893
224,113,211,83,627,713,893
26,62,64,84,513,536,893
51,89,35,68,536,617,893
29,49,33,53,499,527,893
405,198,278,182,634,728,893
0,26,26,80,412,0,893
43,81,91,139,482,485,893
26,66,95,69,558,661,893
92,123,73,97,543,644,893
130,76,142,97,605,690,893
173,201,103,142,556,644,893
64,84,109,69,534,582,894
0,30,18,96,423,358,894
76,117,116,94,567,635,894
141,187,120,118,582,666,894
19,59,46,65,548,605,894
138,203,26,95,531,618,894
0,36,53,89,495,482,894
422,232,219,168,632,737,894
94,134,84,84,553,636,894
186,225,33,105,535,585,894
193,205,109,135,566,644,894
1,34,43,55,523,587,894
331,296,213,160,613,697,894
101,127,71,156,536,625,894
11,57,38,74,498,560,894
94,98,149,149,613,698,894
660,354,116,113,610,705,894
818,686,267,184,648,744,894
75,78,41,93,526,591,894
184,185,138,129,573,652,894
431,352,139,156,601,691,894
195,210,153,140,620,721,895
154,156,55,76,533,589,895
37,78,15,80,527,567,895
25,45,143,90,584,674,895
277,293,66,154,510,553,895
83,124,28,84,539,601,895
0,24,49,85,465,523,895
6,22,59,89,527,608,895
185,186,66,121,516,597,895
0,30,65,89,520,549,895
379,247,135,107,597,697,895
0,33,50,102,432,399,895
244,189,177,164,597,680,895
406,289,130,61,615,705,895
549,243,202,121,647,738,895
174,106,179,95,590,667,895
166,187,111,131,559,634,895
20,52,21,57,500,509,896
0,27,68,138,460,420,896
375,302,194,157,616,704,896
8,49,71,57,528,581,896
55,74,37,45,516,554,896
159,124,103,101,560,626,896
644,423,143,135,632,735,896
113,103,109,118,563,652,896
828,689,275,234,658,754,897
635,365,276,139,638,732,897
378,279,224,168,616,694,897
215,176,201,121,625,725,897
150,153,111,77,585,672,897
139,154,182,68,581,665,897
69,82,86,75,542,617,897
207,256,17,112,504,550,897
847,652,241,219,659,777,897
100,124,42,114,529,610,897
0,31,67,86,500,571,897
623,629,175,175,598,698,897
0,29,57,41,538,580,897
286,249,229,164,635,739,897
72,79,185,129,556,655,897
460,226,217,111,630,734,898
175,137,190,76,598,698,898
507,348,45,110,586,694,898
237,200,17,94,573,627,898
372,148,208,74,636,712,898
20,64,70,61,510,497,898
78,126,101,129,549,614,898
272,234,92,102,569,624,898
196,114,94,68,570,640,898
761,527,319,192,680,781,898
170,108,77,105,569,638,898
884,748,279,155,641,745,898
76,127,15,81,518,566,898
282,214,296,106,618,680,898
92,89,18,68,532,566,899
48,82,72,91,523,574,899
870,749,167,217,634,730,899
435,319,106,92,587,671,899
490,294,143,109,596,682,899
21,73,69,65,473,506,899
367,374,116,131,587,677,899
264,158,94,60,589,672,899
222,292,42,73,534,598,899
399,361,139,159,585,660,899
197,111,249,98,628,717,899
28,73,126,77,547,628,899
197,122,136,93,597,676,899
255,207,114,101,577,637,899
161,156,65,142,543,485,899
407,195,265,121,668,771,900
182,228,74,110,542,638,900
110,138,89,102,568,633,900
120,156,125,137,573,642,900
155,138,33,67,548,552,900
763,689,151,201,592,675,900
202,191,55,98,549,618,900
169,189,26,64,534,572,900
315,362,136,133,578,660,900
0,32,18,80,501,520,900
848,531,258,244,669,780,900
5,46,63,54,503,578,900
154,193,143,137,575,662,900
92,158,55,120,515,577,900
0,31,48,85,469,548,900
752,755,203,208,632,723,900
0,35,67,61,531,574,900
181,211,64,116,525,541,901
139,192,22,79,477,459,901
0,39,58,84,511,509,901
113,178,44,113,496,403,901
885,396,338,214,690,781,901
3,51,35,93,448,403,901
17,56,62,75,531,598,901
729,322,253,117,661,757,901
65,75,27,65,534,575,901
16,51,41,76,522,572,901
34,67,17,55,515,573,901
178,175,195,92,596,703,901
0,21,50,52,500,581,901
119,182,72,121,497,542,901
237,211,78,116,575,658,901
54,99,48,117,527,596,901
0,26,133,130,512,560,901
404,420,86,210,573,631,901
219,147,218,104,583,671,902
474,206,252,103,643,733,902
47,48,57,114,536,544,902
39,66,140,76,552,624,902
61,115,27,106,523,621,902
96,66,138,67,606,695,902
212,253,24,84,559,611,902
97,110,146,103,551,590,902
0,28,38,53,503,426,902
70,133,31,45,509,552,903
338,299,151,152,624,718,903
24,58,72,76,512,575,903
214,210,81,151,520,586,903
74,103,121,132,571,678,903
217,199,122,101,578,671,903
22,53,47,93,564,639,903
17,57,57,66,500,529,903
259,242,113,73,579,649,903
129,121,90,110,576,658,903
183,137,103,84,560,638,903
42,61,29,91,533,588,903
35,80,13,84,341,0,903
113,140,53,89,517,600,904
208,262,149,153,539,617,904
161,230,173,185,563,658,904
504,497,49,144,607,704,904
295,154,231,116,642,749,904
202,221,109,113,562,677,904
0,26,60,43,501,548,904
238,302,101,155,564,647,904
159,156,134,99,571,652,904
0,39,22,64,492,517,904
65,94,144,79,572,660,904
75,95,48,63,502,535,904
263,192,165,164,552,624,904
242,186,99,129,555,609,904
166,195,73,109,575,657,904
567,476,198,192,653,744,904
147,123,98,94,576,635,904
11,52,46,103,459,408,905
405,246,308,163,642,742,905
5,55,32,64,514,585,905
106,158,71,97,557,611,905
93,126,34,55,524,595,905
233,281,45,102,540,558,905
59,103,50,65,516,577,905
447,439,166,195,609,706,905
82,135,24,44,536,625,905
191,141,95,90,555,636,905
40,83,48,86,482,446,905
9,42,42,56,531,608,905
61,113,58,117,509,449,905
0,24,69,85,487,562,905
209,174,165,112,603,682,905
203,253,37,70,540,633,905
289,293,164,114,588,667,905
45,67,52,54,510,557,905
70,112,70,148,502,471,905
232,187,161,95,605,703,906
127,128,147,103,615,704,906
537,484,148,147,610,712,906
0,32,126,93,562,659,906
760,675,251,217,651,745,906
126,125,68,111,553,633,906
217,177,189,92,571,667,906
2,43,32,54,515,606,906
609,500,263,151,622,711,906
79,116,105,103,561,626,906
486,311,185,111,602,677,906
191,182,143,120,573,649,907
22,65,41,77,432,0,907
243,140,152,106,575,637,907
327,334,27,109,573,665,907
535,460,240,131,635,719,907
620,536,113,118,611,717,907
390,342,93,105,568,656,907
122,139,167,72,581,683,907
87,106,110,111,533,595,907
156,116,57,101,558,638,907
71,116,78,73,542,622,907
293,303,107,106,588,690,907
32,72,42,66,536,606,907
208,237,58,125,561,652,908
8,57,67,72,512,582,908
75,79,40,59,553,597,908
14,63,21,67,416,0,908
52,94,56,90,535,578,908
251,279,100,151,598,680,908
0,37,106,66,500,464,908
188,138,126,106,572,644,908
52,89,25,39,529,604,908
56,86,54,84,522,477,908
117,155,100,99,556,592,908
967,438,231,120,644,737,908
745,305,297,133,635,715,908
337,362,206,192,634,730,908
362,220,215,129,614,707,908
7,54,38,94,492,535,908
72,107,34,69,527,566,908
194,197,94,122,580,656,908
30,66,84,104,537,601,908
0,21,35,47,479,540,908
0,31,134,89,544,612,909
887,579,321,182,677,775,909
160,231,64,109,522,610,909
3,35,74,57,541,635,909
158,168,62,123,547,630,909
310,187,150,132,615,690,909
646,717,115,199,565,667,909
0,29,150,98,548,622,909
260,284,194,104,613,705,909
54,90,101,103,552,601,909
356,317,67,95,583,659,909
739,391,307,185,687,791,909
203,154,173,134,600,683,909
121,185,44,124,495,538,909
68,91,61,133,556,630,909
632,394,164,103,616,682,909
13,58,22,81,474,444,909
160,207,63,146,577,633,909
347,398,144,161,601,695,909
46,79,80,91,544,587,909
0,34,16,74,480,395,909
23,70,18,73,468,463,909
151,173,47,116,483,462,909
107,168,30,110,491,445,910
393,327,179,153,602,686,910
353,182,229,115,624,718,910
74,128,22,55,533,605,910
74,133,30,85,517,592,910
12,63,24,74,493,520,910
154,185,63,79,562,644,910
133,152,124,150,556,639,910
147,117,121,110,561,623,910
788,421,278,115,666,761,910
863,531,256,157,648,760,910
14,44,131,63,547,613,910
177,219,58,135,536,595,910
705,450,192,90,621,726,910
316,330,82,143,582,661,910
428,279,199,150,599,663,910
8,27,106,53,533,588,911
422,320,161,96,613,713,911
328,288,191,137,589,675,911
140,170,107,137,515,520,911
308,172,220,113,599,704,911
247,239,180,147,586,667,911
306,284,193,153,608,701,911
2,50,86,87,533,608,911
17,43,123,162,557,629,911
210,183,91,108,573,652,911
0,21,54,50,474,527,911
680,391,259,127,658,763,911
209,164,137,97,548,634,911
384,374,104,111,592,688,911
60,97,62,68,495,573,911
124,148,124,135,559,622,912
81,118,123,67,538,565,912
524,428,159,89,632,723,912
338,270,252,133,645,726,912
344,303,113,124,597,651,912
115,134,86,93,552,612,912
31,37,44,49,529,540,912
31,79,56,45,540,607,912
609,271,187,124,634,723,912
816,376,260,140,666,764,912
92,110,127,107,540,634,912
45,79,170,127,536,601,912
60,100,50,63,523,572,912
40,73,72,90,534,588,912
227,238,31,103,557,642,912
415,421,237,203,623,725,912
131,185,123,162,530,544,912
1,37,26,40,504,523,912
438,393,147,120,565,643,912
287,185,98,77,569,645,913
345,330,167,159,596,675,913
115,81,95,65,559,618,913
89,113,84,133,557,624,913
0,38,78,66,520,572,913
23,56,20,29,515,575,913
769,408,249,161,665,764,913
154,120,82,95,563,641,913
903,387,274,168,692,796,913
253,236,196,161,609,709,913
129,200,23,49,523,587,913
679,542,251,158,641,745,913
4,51,14,117,408,356,913
620,379,286,191,683,782,913
341,288,131,109,593,698,914
60,92,104,74,551,632,914
75,85,86,61,545,628,914
140,198,88,89,534,593,914
185,123,167,138,578,653,914
96,149,53,116,559,649,914
17,68,28,56,462,389,914
226,162,179,100,607,690,914
55,87,79,72,543,619,914
24,75,58,119,485,526,914
24,47,64,74,494,522,914
790,364,203,126,653,763,914
176,233,145,105,533,597,914
165,146,44,89,524,528,914
22,52,79,125,534,590,914
508,355,98,159,585,696,915
628,579,148,226,632,735,915
127,147,52,124,530,586,915
111,172,62,136,539,596,915
456,420,205,190,633,744,915
41,91,30,71,533,599,915
30,63,117,104,552,660,915
162,152,162,132,615,712,915
65,80,64,72,553,630,915
147,187,60,120,528,606,915
610,488,284,213,639,733,915
680,332,310,103,663,759,915
665,358,275,226,660,754,915
102,97,168,129,572,649,915
566,401,207,170,621,699,915
76,137,26,87,484,523,915
417,197,267,131,672,760,915
14,36,58,55,514,595,916
64,65,186,125,597,671,916
44,71,50,99,487,431,916
56,84,74,84,568,666,916
63,71,137,63,606,698,916
57,110,42,99,451,0,916
0,23,12,33,494,571,916
64,109,91,118,506,515,916
270,286,107,124,578,666,916
353,267,181,118,607,689,916
168,152,126,115,593,696,916
193,226,94,144,493,500,916
420,181,226,98,649,745,916
111,149,91,139,536,587,916
66,84,85,65,518,591,916
166,171,130,108,558,628,916
554,418,207,182,635,739,916
28,75,88,75,544,611,917
319,167,275,104,636,730,917
154,129,67,48,519,573,917
313,178,210,109,606,705,917
118,97,95,106,562,648,917
322,324,227,142,620,723,917
0,40,45,101,527,607,917
363,383,108,94,604,714,917
153,136,175,92,579,674,917
632,412,252,148,645,748,917
22,60,44,71,523,563,917
265,321,31,106,509,589,917
668,607,138,165,633,741,917
0,23,74,66,523,533,917
159,88,62,71,578,643,917
18,56,32,79,509,571,918
0,24,70,70,527,566,918
177,224,109,166,539,609,918
27,83,32,71,481,511,918
44,93,90,95,522,549,918
44,61,148,106,576,674,918
3,49,36,45,519,602,918
190,95,117,45,594,670,918
367,440,127,188,519,507,918
146,153,32,59,529,527,918
83,110,38,83,511,550,918
113,169,93,137,529,579,918
0,24,104,75,546,610,918
91,152,101,100,573,660,918
552,393,312,166,639,735,918
21,54,57,68,495,547,918
72,120,83,113,532,613,918
170,176,85,121,565,627,918
40,52,89,42,554,642,918
454,248,194,123,600,690,918
37,78,133,133,565,628,918
175,191,17,84,517,589,918
301,181,216,128,627,723,918
0,29,40,96,497,574,918
369,411,163,125,586,655,919
523,277,187,145,622,730,919
566,549,172,116,608,693,919
284,149,199,96,609,711,919
83,125,99,176,522,587,919
298,186,213,121,629,707,919
23,69,24,112,442,429,919
0,26,70,70,514,581,919
143,146,137,139,559,627,919
323,263,194,108,591,665,919
4,39,49,73,537,599,919
311,169,289,93,627,689,919
121,135,112,96,556,529,919
89,108,114,132,556,601,919
384,257,165,123,620,720,919
57,96,110,57,527,592,919
388,353,209,154,621,713,919
79,76,118,120,558,613,920
68,108,66,81,546,584,920
57,60,145,99,587,677,920
42,88,52,42,525,550,920
100,125,115,81,547,643,920
953,590,230,122,653,756,920
227,230,118,147,598,678,920
375,197,276,127,636,744,920
171,173,93,84,544,615,920
10,52,48,71,503,557,920
0,31,92,72,533,629,920
177,146,86,103,571,634,920
0,26,14,38,503,568,920
61,117,101,126,497,523,920
981,203,390,112,709,799,920
7,23,109,69,552,637,920
44,53,84,49,550,605,920
61,109,79,82,538,583,921
452,321,212,159,632,729,921
82,119,56,60,515,580,921
11,43,100,64,553,644,921
8,54,42,80,455,527,921
75,45,129,105,576,653,921
450,272,254,101,631,749,921
0,33,18,54,498,560,921
867,567,210,104,670,785,921
190,169,41,91,576,672,921
13,61,66,106,501,530,921
85,150,15,79,489,541,921
24,59,52,69,517,543,921
0,26,85,103,527,589,921
152,110,131,105,589,667,921
72,133,85,124,526,592,921
501,233,219,109,640,741,921
412,273,94,75,600,686,921
391,162,102,86,609,658,921
16,47,87,66,557,640,922
84,81,53,42,558,612,922
0,26,59,89,513,598,922
297,308,196,190,618,702,922
18,35,141,94,551,598,922
179,209,217,126,606,699,922
431,292,100,131,596,673,922
121,127,117,86,554,651,922
510,405,143,176,625,728,922
567,323,332,166,680,785,922
6,50,114,105,549,573,922
74,126,130,103,537,612,923
160,161,120,121,582,666,923
489,327,65,102,578,648,923
313,175,249,130,634,708,923
101,116,162,150,556,616,923
52,65,87,107,542,604,923
196,173,56,71,572,641,923
23,54,34,52,523,600,923
277,292,109,92,596,683,923
210,228,147,149,600,688,923
58,69,91,89,577,658,923
1,28,82,74,519,587,923
465,425,192,177,605,707,923
0,24,26,58,471,468,923
22,48,14,82,513,535,924
690,281,185,118,627,721,924
130,174,107,101,523,581,924
368,267,190,141,630,726,924
59,106,67,41,539,616,924
33,71,15,86,438,0,924
348,200,192,90,575,636,924
271,159,126,116,563,562,924
4,44,13,84,465,441,924
309,231,130,131,611,731,924
375,371,125,191,601,700,924
0,22,42,58,489,535,924
26,41,45,48,513,555,924
483,471,164,158,580,656,924
263,134,102,74,605,686,924
236,117,147,116,620,699,924
11,38,45,63,505,571,924
980,403,335,135,694,791,924
68,75,91,109,451,316,924
66,110,76,106,533,627,924
239,185,85,75,588,665,924
135,182,45,97,532,572,924
667,418,171,110,620,712,925
5,36,41,81,511,587,925
88,157,124,125,551,596,925
804,290,304,122,683,793,925
309,264,69,74,583,680,925
764,480,264,213,671,774,925
297,257,150,155,603,693,925
61,93,54,63,537,602,925
61,62,89,89,521,569,925
0,27,46,103,464,463,925
66,70,24,51,425,415,925
664,351,121,151,616,709,925
0,20,23,56,427,329,925
314,283,95,65,589,673,925
73,112,24,52,510,597,925
579,251,323,177,674,769,925
953,892,146,157,628,723,925
103,142,57,120,529,594,925
246,163,149,74,567,647,925
237,250,66,86,560,616,925
126,166,35,71,537,601,925
410,205,228,169,646,752,925
128,124,59,93,563,629,926
235,238,284,92,623,711,926
9,39,101,83,514,569,926
0,35,72,55,556,637,926
358,346,123,98,588,669,926
597,503,207,106,631,725,926
150,166,146,134,578,677,926
652,504,279,199,669,773,926
251,234,185,114,603,675,926
107,104,96,85,585,670,926
627,304,178,77,616,712,926
425,352,237,130,603,710,926
139,127,125,101,527,582,926
32,60,33,48,499,502,926
373,353,189,136,638,748,926
11,44,21,98,503,544,926
0,30,31,79,510,596,926
80,128,64,156,525,583,926
238,241,161,190,623,700,926
536,284,236,142,642,726,926
248,247,202,173,602,692,927
26,62,104,80,528,601,927
335,334,78,131,548,609,927
0,29,54,57,500,602,927
553,605,92,148,593,693,927
22,56,53,83,522,633,927
171,197,45,116,525,592,927
368,204,285,222,646,756,927
58,94,42,68,534,630,927
457,376,185,169,605,686,927
140,175,44,62,547,599,927
259,278,165,153,559,644,927
150,161,67,105,537,624,927
2,39,41,39,462,385,927
82,118,32,75,528,632,927
363,368,179,173,613,717,927
219,146,158,123,602,707,927
201,171,31,68,571,646,928
52,92,35,61,533,592,928
168,170,103,72,571,652,928
0,27,61,110,494,514,928
29,58,83,70,544,634,928
28,68,97,87,525,534,928
76,148,43,56,506,519,928
303,138,247,91,633,731,928
25,57,48,47,535,594,928
9,53,53,67,535,613,928
14,31,146,90,547,636,928
185,245,102,139,538,580,928
26,75,29,71,518,583,928
55,61,106,74,597,696,928
109,162,48,91,524,620,928
92,145,79,109,519,562,929
456,184,166,102,627,733,929
556,238,239,174,636,708,929
490,352,203,148,602,671,929
115,141,41,95,507,510,929
9,46,48,67,506,557,929
53,84,100,87,562,646,929
89,126,77,119,500,545,929
356,182,262,157,609,701,929
81,132,18,87,505,549,929
38,76,81,92,540,626,929
256,296,81,137,584,687,929
165,214,155,166,594,687,930
68,72,137,99,560,650,930
138,184,126,139,578,681,930
135,155,113,144,554,628,930
289,215,86,140,559,645,930
120,106,86,87,568,646,930
24,64,98,94,510,543,930
428,318,131,150,588,685,930
196,239,193,107,609,695,930
314,175,174,86,631,722,930
187,216,85,157,530,601,930
192,81,256,65,605,695,930
75,73,58,65,517,516,930
262,269,146,184,604,696,930
94,72,19,59,532,539,930
36,64,37,46,517,542,930
396,416,44,121,555,620,930
44,81,104,93,521,582,930
385,268,115,67,575,652,931
0,22,61,62,520,589,931
341,354,147,147,581,675,931
0,31,82,58,509,534,931
891,415,295,198,708,815,931
372,269,96,92,575,663,931
0,20,86,100,520,588,931
680,393,397,188,672,776,931
853,545,221,146,662,756,931
101,133,29,34,517,588,931
61,107,69,95,536,611,931
203,263,113,190,533,610,931
18,60,26,65,484,565,931
173,118,241,108,582,655,931
0,38,15,84,467,518,931
582,351,233,200,659,764,931
1,38,44,46,501,569,932
336,293,133,121,584,669,932
281,288,126,113,569,655,932
180,166,118,134,578,669,932
125,194,99,94,507,436,932
186,155,238,75,603,680,932
5,46,90,105,532,597,932
528,409,293,200,649,755,932
13,58,36,105,410,0,932
927,333,432,156,718,801,932
240,119,356,134,641,733,932
189,203,133,82,587,654,932
256,247,218,147,623,734,932
404,452,103,160,542,642,932
188,226,29,60,540,611,932
197,256,14,113,502,506,932
50,96,68,98,493,344,932
831,365,357,132,672,772,932
205,215,110,115,561,608,932
284,139,164,97,602,664,932
382,356,159,153,610,704,932
247,216,181,111,585,670,933
321,359,101,125,527,525,933
57,56,157,99,553,597,933
11,29,32,56,520,561,933
0,30,62,77,503,564,933
64,85,18,36,552,623,933
0,31,47,84,475,478,933
112,160,119,98,556,633,933
177,231,120,82,542,604,933
92,126,119,103,575,680,933
187,121,231,85,615,709,933
323,264,153,131,594,681,933
146,170,106,85,583,704,933
10,63,49,75,481,549,933
425,202,189,146,634,735,933
180,150,20,61,499,471,933
128,149,112,82,564,654,933
397,286,174,169,623,708,934
144,167,142,125,553,625,934
448,339,49,86,546,635,934
90,156,86,129,468,326,934
92,146,116,81,556,610,934
103,178,21,59,508,545,934
553,238,283,119,648,745,934
144,146,135,79,599,698,934
269,146,219,99,630,728,935
6,49,40,78,507,532,935
0,25,28,87,484,448,935
188,110,158,98,546,649,935
114,109,148,123,562,636,935
881,605,211,185,673,773,935
345,213,213,91,619,690,935
52,98,84,91,521,509,935
23,71,38,67,494,483,935
839,470,352,140,695,800,935
802,299,321,86,687,790,935
707,586,237,216,664,771,936
173,178,111,93,563,637,936
47,108,77,84,527,590,936
274,277,52,97,543,667,936
15,54,69,109,518,570,936
500,302,216,122,611,694,936
484,546,142,209,548,654,936
210,259,88,138,555,630,936
10,52,63,92,510,573,936
267,217,224,146,608,699,936
745,368,279,114,654,750,936
420,210,221,154,653,762,936
369,165,171,105,608,672,936
0,27,36,66,491,533,936
412,364,139,139,582,666,937
77,122,23,85,470,437,937
502,314,147,167,542,622,937
5,28,162,88,549,622,937
74,128,26,89,535,631,937
0,36,29,77,452,480,937
82,112,142,109,579,659,937
34,75,57,101,505,552,937
307,340,101,161,517,586,937
370,394,98,177,602,688,937
119,147,90,88,521,553,937
414,309,217,135,615,701,937
370,401,127,108,574,666,937
257,184,232,139,613,698,937
487,306,191,155,596,662,938
29,46,72,87,533,606,938
802,397,207,161,631,724,938
35,84,75,75,516,561,938
89,134,64,73,505,459,938
0,24,69,58,484,465,938
675,578,157,201,625,715,938
4,44,49,58,472,495,938
95,129,156,82,579,664,938
243,290,187,121,608,700,938
263,156,86,117,608,697,938
167,154,170,101,582,671,938
235,186,269,61,645,741,938
629,514,253,135,643,738,938
78,147,32,104,502,523,938
187,187,224,119,603,695,938
0,27,45,92,517,621,938
59,114,22,107,466,416,938
22,73,30,49,506,562,938
28,54,209,82,583,653,938
0,28,95,64,521,581,938
30,66,46,49,513,460,938
94,155,108,107,552,643,938
542,289,212,143,645,727,939
131,160,44,115,462,386,939
0,21,103,106,546,627,939
7,44,19,81,492,545,939
60,108,134,94,539,616,939
68,109,141,91,562,637,939
144,83,128,76,591,662,939
4,39,46,46,480,486,939
134,105,54,49,572,632,939
123,125,174,104,581,661,940
145,193,189,148,573,642,940
63,127,34,90,509,500,940
39,59,72,82,530,637,940
520,167,290,83,651,718,940
125,145,35,114,513,533,940
75,60,78,79,551,616,940
36,69,33,85,539,590,940
31,79,38,97,430,0,940
6,35,54,101,515,593,940
182,240,60,123,492,534,940
51,84,81,117,516,577,940
20,58,26,53,549,659,940
55,94,54,103,477,475,940
838,558,286,159,690,796,940
338,254,99,103,582,633,940
50,95,51,137,521,560,941
73,110,97,77,550,623,941
55,71,142,111,553,651,941
636,614,163,223,614,720,941
375,252,149,107,622,717,941
200,207,181,83,603,675,941
104,101,86,81,508,562,941
233,248,109,113,567,634,941
466,323,228,188,627,725,941
86,104,70,90,547,556,941
107,151,56,63,492,344,941
0,26,74,70,492,486,941
285,212,264,108,618,705,941
285,261,124,102,591,691,941
294,164,73,64,550,599,941
690,456,84,113,592,675,941
274,342,24,75,520,576,941
127,188,59,72,543,616,942
569,245,240,109,655,754,942
85,96,112,86,544,596,942
70,99,203,131,590,678,942
140,210,23,59,543,615,942
493,313,266,157,634,747,942
216,264,96,174,550,600,942
379,275,149,114,574,636,942
488,398,190,141,570,654,942
35,78,63,115,512,506,942
4,52,56,76,485,503,942
124,117,77,107,564,610,942
328,270,86,82,552,590,943
443,475,100,138,583,688,943
40,77,167,82,563,618,943
0,24,95,45,526,573,943
213,257,171,132,578,637,943
559,427,150,109,620,713,943
50,57,88,55,559,638,943
288,241,189,99,623,709,943
52,100,47,79,510,549,943
153,225,17,102,462,485,943
205,277,66,89,516,591,943
168,146,107,125,575,643,943
144,175,70,82,529,575,943
253,265,211,124,604,679,943
754,456,282,109,664,756,943
359,244,95,102,552,557,943
56,101,91,99,523,569,943
130,145,50,74,554,637,943
361,420,58,154,546,601,944
645,439,241,212,689,795,944
38,84,65,62,537,640,944
0,38,49,68,503,572,944
251,179,52,101,551,635,944
233,211,144,95,587,675,944
1,43,50,72,475,214,944
6,52,43,57,485,514,944
27,55,65,94,460,383,944
179,100,120,63,592,666,944
282,313,113,99,587,707,944
92,137,125,76,560,603,944
363,300,207,120,603,686,944
78,72,23,96,546,607,944
115,114,50,80,535,593,945
12,22,103,71,527,569,945
45,79,26,111,444,488,945
25,79,92,110,500,508,945
795,463,108,76,641,743,945
0,33,76,85,518,548,945
297,237,154,80,578,680,945
217,187,215,149,601,680,945
189,213,130,106,570,655,945
26,51,77,104,539,620,945
297,207,153,91,590,683,946
4,46,40,91,496,587,946
71,122,25,65,487,508,946
422,148,217,135,656,759,946
0,30,28,51,532,573,946
227,219,90,132,553,601,946
0,34,24,52,494,551,946
422,145,291,113,651,737,946
80,123,53,89,529,577,946
362,207,141,86,615,695,946
142,122,110,68,543,613,947
691,414,162,176,625,705,947
383,308,84,130,609,700,947
140,146,131,150,547,597,947
46,104,44,87,520,586,947
122,129,51,89,552,595,947
500,309,185,158,608,703,947
10,47,68,60,519,537,947
128,172,34,108,466,375,947
0,29,16,31,423,0,947
347,163,254,77,632,710,947
165,144,141,84,585,631,947
444,430,161,73,608,687,947
161,188,103,98,559,619,947
30,85,60,73,508,505,948
959,356,352,209,691,798,948
5,31,78,97,522,623,948
430,240,199,147,607,708,948
12,52,67,81,508,576,948
30,64,160,77,554,648,948
156,176,134,75,593,678,948
38,81,49,83,511,559,948
155,77,62,58,569,628,948
263,206,51,101,588,641,949
26,68,52,64,508,516,949
117,105,147,75,577,631,949
34,60,33,74,507,574,949
221,281,60,113,591,709,949
49,99,85,96,560,639,949
128,160,33,106,568,654,949
314,261,135,137,572,679,949
361,233,196,157,595,683,949
182,206,87,111,517,573,949
164,129,112,60,578,665,949
50,54,135,63,558,636,949
5,54,33,116,339,0,949
135,93,155,83,592,674,949
44,67,106,75,533,601,949
694,355,147,179,645,741,949
0,35,37,112,451,0,949
0,29,56,75,508,555,949
43,77,60,76,511,529,949
722,530,189,170,636,756,950
175,194,117,126,556,608,950
150,198,53,121,515,522,950
4,39,115,83,541,619,950
653,192,212,94,651,744,950
29,43,82,129,503,560,950
317,309,173,207,597,690,950
10,43,55,61,502,543,950
215,179,326,155,643,732,950
321,309,127,166,539,599,950
293,316,100,137,535,590,950
346,204,151,75,607,689,950
0,35,22,43,504,561,951
107,125,53,78,522,565,951
41,88,29,95,473,512,951
448,340,191,141,596,698,951
323,329,118,142,585,666,951
679,299,249,182,619,701,951
71,105,43,53,529,590,951
674,538,298,137,646,731,951
194,217,85,66,577,665,951
127,173,78,129,544,616,951
149,202,45,73,502,591,952
140,188,23,113,473,550,952
198,255,136,176,565,661,952
1,44,28,108,483,540,952
74,111,51,78,482,511,952
45,100,42,54,481,500,952
86,61,187,92,604,714,952
663,485,223,161,634,735,952
285,291,97,191,532,584,952
245,259,60,140,503,529,952
147,152,110,91,554,626,952
102,80,33,63,544,593,952
57,94,27,78,506,535,952
54,59,30,64,543,593,952
167,186,161,120,568,652,952
140,155,71,103,559,642,953
271,153,190,99,618,721,953
598,497,225,174,647,723,953
133,107,64,118,542,591,953
20,65,53,93,462,541,953
50,100,77,73,525,607,953
79,111,47,82,458,448,953
168,203,177,159,584,669,953
130,157,77,83,550,613,953
15,58,17,50,502,537,953
101,100,176,92,591,699,953
120,155,73,70,550,631,953
329,223,155,114,583,674,953
409,233,232,117,628,712,953
168,179,34,107,487,511,953
124,114,130,85,581,636,953
94,95,78,75,578,657,953
140,170,51,73,526,577,953
405,257,201,110,629,711,953
760,628,115,138,627,729,954
200,157,160,95,549,560,954
644,244,250,117,645,749,954
315,290,54,92,528,574,954
174,169,78,102,571,674,954
25,72,63,46,515,551,954
321,206,207,128,629,731,954
3,40,81,70,488,474,954
219,159,98,122,556,646,954
276,223,154,152,585,659,955
111,152,125,104,562,632,955
108,150,26,85,527,572,955
9,50,91,54,534,598,955
56,60,120,73,589,657,955
118,157,37,82,484,489,955
73,117,74,67,514,555,955
864,469,273,202,632,730,955
232,197,110,73,569,653,955
406,447,145,187,605,706,955
17,70,25,93,435,476,955
137,181,87,139,552,644,955
140,156,147,90,568,630,955
188,161,233,201,626,734,955
44,94,50,54,481,401,955
494,173,268,122,631,725,955
248,244,125,137,553,641,955
274,252,112,138,592,697,955
607,428,195,117,621,728,955
282,221,82,140,581,648,955
12,52,30,64,498,560,955
8,48,28,60,449,210,955
0,32,22,64,462,496,955
21,66,40,46,499,590,955
459,414,256,173,630,724,955
132,129,103,132,581,673,956
80,135,67,81,517,606,956
173,140,226,123,565,633,956
12,43,40,66,440,0,956
27,75,67,62,539,596,956
338,295,165,168,580,657,956
40,79,42,62,484,514,956
30,70,44,96,499,535,956
118,123,101,76,533,577,956
291,150,173,104,585,695,956
6,46,50,70,421,0,957
323,324,179,135,580,662,957
0,20,61,36,510,579,957
240,215,112,87,556,650,957
164,133,240,79,609,696,957
31,66,87,60,549,618,957
92,126,167,82,566,627,957
164,178,145,124,586,670,957
19,57,105,53,566,631,957
15,53,65,87,493,536,957
25,69,50,46,518,510,957
211,179,175,170,558,628,957
150,167,136,83,557,619,957
0,36,73,81,523,543,957
62,102,74,56,532,585,957
17,41,54,57,496,578,957
33,66,29,66,501,551,957
256,179,165,117,598,675,957
491,505,111,129,599,672,957
146,183,46,111,494,527,957
435,251,217,107,610,697,957
17,68,130,110,529,541,957
881,458,307,192,698,798,957
255,151,202,100,579,613,957
241,267,120,82,592,686,958
59,90,47,60,498,577,958
0,35,25,75,475,507,958
504,345,88,106,585,689,958
20,40,47,63,525,569,958
10,45,87,83,507,474,958
133,182,62,50,512,536,958
3,44,115,77,532,607,958
297,292,86,80,561,624,958
37,76,54,70,501,526,958
164,177,134,62,577,641,958
122,117,142,118,571,660,958
29,40,198,93,560,641,958
436,273,138,99,586,657,958
580,503,227,106,646,754,959
41,89,65,120,498,494,959
176,202,14,67,512,575,959
289,215,132,93,573,668,959
330,333,63,149,500,532,959
93,143,91,100,576,678,959
140,195,117,141,577,679,959
9,52,42,80,497,541,959
87,122,66,77,511,569,959
72,89,157,131,538,633,959
379,271,124,111,577,638,959
78,137,84,107,535,612,959
135,102,209,98,594,691,959
299,257,159,171,592,687,959
59,80,61,64,511,567,959
210,188,200,148,623,732,959
253,200,54,102,529,554,959
33,71,89,87,554,640,959
44,100,45,70,502,542,959
961,574,326,153,662,772,959
57,119,26,90,458,481,959
383,326,168,124,588,681,959
33,60,58,82,546,613,959
66,130,53,77,521,564,960
461,224,279,109,663,760,960
317,269,181,86,628,713,960
69,123,69,112,498,493,960
71,97,137,105,547,628,960
148,133,69,89,525,579,960
15,44,34,57,508,574,960
71,110,96,113,544,634,960
198,170,215,89,594,690,960
47,75,92,91,506,479,960
925,787,200,229,656,761,960
22,67,108,149,497,532,960
2,42,66,59,488,495,960
443,165,197,80,635,729,961
10,39,77,117,517,554,961
100,127,186,115,599,672,961
215,223,127,103,595,654,961
70,123,51,49,521,598,961
529,388,242,142,630,728,961
35,66,52,62,518,527,961
58,61,69,73,496,448,961
378,332,142,174,580,647,961
522,533,118,184,596,671,961
29,65,104,100,559,649,961
121,196,19,134,388,403,961
34,57,88,86,540,633,961
560,340,113,140,637,751,961
33,66,26,52,517,617,961
24,57,16,66,478,471,961
7,27,119,74,563,650,961
494,287,147,116,615,694,961
177,183,89,58,573,662,961
11,58,37,72,471,457,962
262,182,96,97,534,556,962
541,530,132,160,595,685,962
0,20,34,63,516,597,962
92,95,95,83,509,534,962
0,30,43,77,457,436,962
156,182,146,115,559,619,962
259,155,194,73,589,668,962
636,319,358,137,679,778,962
537,348,251,192,640,743,962
86,124,120,122,542,630,962
164,166,93,92,576,673,962
73,132,64,122,509,561,962
21,63,76,63,525,615,962
385,362,192,166,631,722,962
22,62,70,81,519,567,962
106,146,89,105,525,597,962
20,64,47,84,524,577,962
208,154,87,61,585,672,963
85,146,33,113,502,564,963
382,388,142,205,581,677,963
167,163,94,88,572,673,963
609,203,295,89,651,757,963
217,197,86,105,518,561,963
51,102,14,93,459,216,963
497,413,213,175,641,746,963
65,130,90,82,488,527,963
155,141,109,111,575,666,963
355,209,146,127,594,677,963
852,724,386,190,681,790,963
208,244,123,84,559,610,963
3,38,79,85,490,516,963
612,419,257,221,669,766,963
782,780,107,191,609,697,963
326,239,140,101,588,688,963
0,22,44,35,471,496,963
554,379,212,133,638,740,963
20,61,29,77,475,400,963
17,55,75,63,508,565,963
303,243,63,85,518,504,963
412,323,126,105,589,674,964
84,103,83,80,517,437,964
0,29,26,72,453,338,964
0,40,73,58,507,540,964
76,126,76,131,511,568,964
452,201,205,96,633,732,964
0,26,100,96,437,0,964
790,710,222,191,647,753,964
121,125,81,96,526,583,964
138,154,77,114,552,620,964
688,407,249,139,652,738,964
882,337,346,173,692,797,964
481,348,164,157,589,668,964
122,175,83,107,548,617,964
872,285,307,116,679,770,964
863,594,204,127,649,748,964
68,62,83,113,484,517,964
0,29,21,85,467,544,964
275,183,235,128,612,703,964
576,580,76,151,501,507,964
102,159,32,82,495,533,964
129,132,116,100,535,595,964
0,26,15,34,487,454,964
234,204,104,113,504,508,964
268,332,132,125,545,595,964
441,282,182,157,633,741,965
135,101,178,107,573,673,965
22,75,18,116,371,0,965
151,167,15,56,512,564,965
747,542,221,166,626,719,965
57,80,54,59,499,468,965
102,106,101,173,548,633,965
339,217,129,120,556,637,965
121,164,99,156,503,569,965
160,161,78,86,515,621,965
190,166,85,92,543,653,965
77,96,24,85,428,157,965
52,108,26,64,482,530,965
4,50,23,75,445,540,965
817,552,326,237,668,772,965
269,209,190,174,598,702,965
50,87,68,47,561,629,965
77,107,99,105,499,569,965
243,285,134,167,569,647,965
50,80,61,106,449,426,966
12,58,42,67,449,509,966
0,29,33,66,492,42,966
237,183,190,154,600,689,966
59,60,89,59,522,575,966
370,257,283,152,642,733,966
92,148,95,123,513,563,966
186,199,125,78,542,561,966
774,321,292,99,632,708,966
125,92,129,92,547,619,966
181,247,105,123,564,649,966
127,154,111,86,554,641,966
182,200,80,99,496,563,966
338,222,177,132,603,704,966
6,39,68,56,465,530,966
512,331,192,127,612,713,966
9,58,20,77,532,607,966
123,173,67,135,550,637,966
0,25,44,96,388,0,966
526,216,413,167,687,787,966
49,91,86,60,509,534,966
642,572,113,157,609,701,966
337,244,137,70,576,644,966
375,459,23,71,531,594,966
12,53,21,67,465,510,966
262,216,113,108,588,658,966
69,91,43,95,511,617,966
701,407,36,81,563,677,966
0,29,70,113,430,443,966
158,201,88,148,537,636,966
374,312,61,89,550,652,966
423,340,134,129,659,769,966
105,166,46,119,513,600,967
457,430,62,94,580,651,967
7,49,93,123,490,510,967
44,93,136,68,556,602,967
142,78,128,83,567,661,967
233,215,79,163,533,569,967
415,307,230,194,644,753,967
26,72,98,98,531,587,967
401,264,181,135,597,679,967
186,158,173,135,557,629,967
79,138,73,135,472,522,967
295,262,162,111,579,671,967
408,334,173,180,613,696,967
13,64,47,96,484,523,967
891,347,380,246,691,799,967
44,54,158,77,575,645,967
241,147,187,130,597,662,967
186,220,174,186,585,670,967
434,381,143,159,564,630,967
89,122,64,94,518,565,967
159,205,63,47,559,594,967
227,237,125,151,572,649,967
408,257,215,123,614,706,967
0,21,90,81,544,652,967
219,153,184,80,573,643,968
326,135,227,104,597,669,968
126,92,60,104,489,372,968
18,55,139,81,533,644,968
301,236,219,107,596,677,968
225,252,157,201,573,654,968
210,181,117,135,604,696,968
0,40,20,115,321,0,968
178,195,198,146,582,676,968
93,128,79,73,539,607,968
118,70,177,78,570,637,968
48,92,39,125,494,549,968
27,61,18,75,472,512,968
153,181,144,171,534,557,968
115,168,37,96,514,589,968
106,96,49,81,533,601,968
444,165,149,88,616,682,968
37,99,54,85,501,579,968
9,21,127,74,523,582,968
585,334,173,104,600,650,968
206,206,146,75,578,658,968
100,168,37,126,447,423,969
0,37,115,74,539,586,969
702,245,414,134,678,785,969
893,524,312,163,672,774,969
156,201,136,128,565,624,969
98,140,118,86,531,573,969
290,280,111,138,537,566,969
93,93,212,147,593,692,969
385,205,223,103,609,686,969
375,286,150,94,586,672,970
325,351,97,84,561,646,970
67,119,60,114,527,588,970
86,137,125,92,549,653,970
237,225,205,180,626,709,970
335,260,144,109,584,675,970
184,209,65,102,555,619,970
80,105,163,123,564,661,970
168,158,194,162,603,702,970
12,60,38,99,483,551,970
0,39,35,67,509,578,970
321,276,205,161,607,701,970
610,494,261,215,631,727,970
77,133,32,92,511,581,970
27,63,68,51,524,530,970
425,146,239,88,634,727,970
784,432,406,137,678,768,970
0,36,82,68,524,561,970
673,320,359,121,653,740,970
273,252,120,144,567,636,970
57,73,38,42,520,503,971
337,318,198,151,607,683,971
257,273,116,168,558,631,971
13,42,23,61,493,581,971
820,496,241,218,650,753,971
273,332,58,130,523,630,971
50,82,45,92,410,467,971
354,217,217,135,621,721,971
65,55,109,115,594,688,971
28,64,158,107,557,634,971
202,147,148,114,577,653,971
9,22,73,98,507,581,972
340,174,227,148,625,703,972
4,25,26,50,425,483,972
226,179,156,96,584,683,972
112,141,197,116,567,634,972
750,401,205,141,662,763,972
11,50,73,83,518,602,972
460,403,152,181,588,664,972
158,194,114,138,581,651,972
298,237,149,73,603,690,972
7,50,29,66,540,584,972
215,257,29,101,577,612,972
46,79,51,94,524,607,972
404,205,137,93,609,684,972
440,333,255,170,630,724,972
399,376,149,127,577,651,972
35,84,77,74,530,620,972
0,27,72,119,475,460,972
265,329,61,77,508,527,972
241,182,72,117,578,655,973
73,106,38,71,523,607,973
265,312,184,192,599,692,973
896,747,205,217,615,716,973
129,156,30,70,530,606,973
211,222,99,96,517,502,973
6,33,33,55,423,0,973
336,195,177,103,582,649,973
822,371,324,170,689,792,973
320,265,186,117,628,710,973
416,336,111,83,594,667,973
446,342,210,130,599,699,973
149,165,169,94,601,693,973
325,273,124,181,578,667,973
19,60,26,63,483,457,973
100,103,159,93,581,679,973
0,26,49,68,476,442,973
108,179,66,128,497,558,973
896,433,354,176,668,767,973
426,395,190,185,599,689,974
1,48,72,59,466,496,974
60,122,55,53,528,639,974
28,60,148,75,538,587,974
406,336,223,190,626,733,974
94,126,45,111,445,0,974
0,23,50,74,493,579,974
7,47,26,71,496,578,974
256,190,119,95,542,612,974
300,323,149,137,584,651,974
76,92,111,119,543,584,974
40,72,61,75,521,512,974
28,59,70,93,545,611,974
888,590,317,188,674,769,974
271,188,153,110,589,671,974
384,441,89,160,522,559,974
68,104,69,97,531,613,974
171,118,42,59,556,639,974
0,38,62,88,526,577,975
644,549,239,207,648,744,975
44,66,66,69,476,401,975
78,110,63,118,461,410,975
187,135,213,69,603,699,975
821,433,239,155,618,705,975
709,599,250,152,627,712,975
621,409,213,138,625,704,975
0,22,122,89,494,483,975
459,246,297,137,638,735,975
441,327,147,123,544,589,975
48,61,200,121,589,671,975
0,29,13,84,379,0,976
41,87,63,93,501,531,976
264,139,221,122,609,703,976
132,193,40,76,476,485,976
0,23,24,57,465,467,976
20,69,40,118,427,397,976
243,178,198,116,596,682,976
222,281,153,177,576,657,976
432,327,174,139,622,733,976
136,159,76,130,514,563,976
93,110,150,112,541,639,976
151,228,90,85,532,628,976
376,377,229,225,611,707,976
45,89,124,114,537,610,976
314,261,32,93,580,651,976
0,37,30,93,515,561,976
416,287,108,93,586,669,977
410,308,195,146,600,691,977
364,234,261,112,597,664,977
120,145,102,82,566,627,977
0,21,84,82,482,538,977
145,177,76,159,509,591,977
42,43,28,70,546,636,977
291,267,240,134,586,691,977
143,96,187,125,597,684,977
0,23,82,116,491,581,977
295,335,158,136,564,605,977
55,85,151,88,582,667,977
207,251,111,133,531,622,977
355,132,272,108,640,733,977
0,35,97,109,524,579,977
366,374,53,119,574,674,977
39,87,64,73,520,604,977
51,62,24,51,497,545,978
17,45,13,73,440,372,978
40,79,149,153,550,645,978
161,215,60,109,515,564,978
398,320,239,108,624,712,978
647,394,230,184,622,726,978
92,142,39,90,543,641,978
220,278,81,135,537,615,978
184,207,77,109,543,614,978
177,134,236,122,571,626,978
8,30,25,70,475,0,978
27,68,81,80,524,594,978
196,251,143,117,531,547,978
76,129,125,103,549,619,978
2,21,36,45,499,568,978
138,184,110,127,495,425,978
198,232,86,128,548,644,978
256,187,15,57,527,563,979
552,232,329,139,673,767,979
133,104,75,100,520,570,979
254,176,102,103,574,660,979
229,221,186,116,564,631,979
126,164,38,74,491,505,979
189,173,140,121,581,665,979
41,101,15,84,464,363,979
662,490,218,183,617,713,979
0,37,22,91,442,0,979
91,135,115,141,548,633,979
209,266,100,130,526,540,979
359,274,186,98,588,656,979
493,366,172,179,615,722,979
112,139,111,101,524,622,979
17,58,90,77,498,563,979
270,168,176,131,593,678,979
51,106,120,98,513,432,980
117,72,21,76,537,595,980
174,152,105,71,562,652,980
113,109,104,67,544,631,980
358,157,101,75,582,675,980
46,73,41,91,479,574,980
747,380,228,154,648,740,980
0,38,118,106,519,558,980
83,102,48,70,537,576,980
13,44,107,65,526,524,980
19,55,189,122,578,671,980
129,175,106,93,539,566,981
253,188,64,82,545,634,981
151,211,30,111,550,639,981
224,205,253,111,606,690,981
219,151,190,158,580,665,981
25,41,122,61,567,637,981
633,306,287,125,663,751,981
7,39,15,90,491,482,981
46,77,98,87,480,524,981
64,100,129,74,585,671,982
399,356,38,58,547,610,982
64,125,44,91,505,542,982
329,348,136,134,580,660,982
159,146,39,97,552,656,982
0,36,45,73,414,0,982
91,133,60,79,555,641,982
235,238,186,148,573,650,982
24,49,27,80,476,524,982
642,577,241,153,638,734,982
221,190,28,73,534,643,982
603,513,38,76,558,642,982
516,449,142,176,586,659,983
107,165,69,102,528,615,983
0,26,84,117,518,579,983
42,79,18,76,530,584,983
85,124,53,133,514,508,983
112,124,15,50,513,593,983
72,124,118,133,553,639,983
356,293,149,175,586,677,983
100,105,126,144,551,650,983
205,246,91,142,553,637,983
44,81,81,111,536,640,983
138,162,118,78,579,673,983
244,301,107,210,555,651,983
4,36,18,50,475,564,983
192,172,123,130,541,627,983
49,94,18,31,524,596,983
19,73,48,130,489,545,983
261,277,160,112,562,631,983
2,30,104,79,527,581,984
94,145,70,66,511,570,984
113,122,114,102,540,624,984
107,140,84,93,526,598,984
375,206,190,101,613,703,984
268,328,254,137,591,662,984
519,190,276,171,647,751,984
42,64,68,65,511,571,984
264,294,92,140,529,607,984
217,275,86,139,536,602,984
136,118,131,78,576,648,984
361,342,183,161,586,676,985
26,71,48,68,470,573,985
5,34,17,65,463,445,985
0,33,27,42,494,547,985
63,96,78,106,530,633,985
720,483,181,114,646,749,985
195,164,92,94,568,623,985
305,158,225,187,608,687,985
480,404,225,195,640,744,985
0,31,56,61,515,584,985
257,284,68,135,544,598,985
73,87,17,66,523,575,985
254,190,149,87,586,654,985
4,49,51,45,511,517,985
33,61,51,89,482,399,985
39,96,51,81,436,0,985
96,71,87,61,566,653,985
35,74,92,67,525,564,985
9,43,13,69,524,594,985
62,102,90,68,540,613,986
689,464,204,159,635,720,986
127,109,95,67,553,585,986
120,157,38,118,546,607,986
224,156,128,84,574,617,986
612,306,275,132,642,738,986
0,27,56,93,471,503,986
308,305,130,155,580,686,986
95,72,77,63,563,639,986
557,532,221,203,638,749,986
12,44,71,63,556,642,986
80,108,140,102,585,692,986
65,104,25,109,456,478,986
7,48,37,68,526,613,986
290,264,201,159,585,645,986
50,93,85,87,537,596,986
461,372,178,159,628,721,986
71,103,73,67,554,617,986
144,150,97,107,547,632,987
111,175,77,156,512,570,987
280,305,94,134,582,680,987
220,243,114,116,557,615,987
111,99,142,112,564,611,987
10,53,41,102,470,494,987
0,22,72,54,487,495,987
334,163,116,117,575,642,987
16,48,49,64,476,559,987
471,349,271,177,644,743,987
104,161,13,65,447,439,987
136,135,110,114,527,574,988
101,150,122,109,568,660,988
141,162,121,156,595,684,988
786,511,287,206,682,786,988
0,24,95,83,493,520,988
558,465,105,117,612,708,988
232,178,193,113,610,683,988
0,26,65,69,517,596,988
293,227,101,97,569,663,988
59,73,47,51,506,564,988
114,162,80,122,516,589,988
677,362,214,146,643,751,988
0,27,94,108,479,529,988
122,124,51,113,555,616,988
348,199,226,121,598,686,989
470,325,240,191,660,759,989
0,27,66,71,513,546,989
82,97,34,91,465,482,989
22,63,51,91,493,563,989
230,220,46,69,515,505,989
45,95,20,64,511,618,989
707,276,324,121,652,754,989
296,357,153,148,576,668,989
64,119,34,84,517,586,990
85,108,27,75,499,553,990
242,276,76,116,525,609,990
774,514,283,150,645,740,990
374,262,160,171,611,703,990
19,54,101,90,565,662,990
263,127,206,110,602,705,990
0,33,35,77,501,578,990
4,48,83,131,451,479,990
178,219,102,98,572,653,990
49,96,45,101,516,533,990
84,123,41,58,505,578,990
820,377,183,125,661,753,990
304,363,99,172,528,601,990
7,45,40,77,502,528,990
21,47,63,48,507,591,990
144,161,98,79,534,596,990
157,165,63,70,493,539,990
45,100,126,96,550,603,990
133,102,30,95,539,601,991
142,180,131,121,553,611,991
471,295,248,160,665,773,991
287,285,145,161,561,653,991
495,425,238,141,629,721,991
185,223,151,137,549,581,991
149,195,118,125,575,661,991
668,406,245,197,663,759,991
918,300,404,154,689,774,991
149,168,85,104,546,586,991
27,51,47,92,483,540,991
53,94,26,77,475,445,991
0,22,26,47,491,522,991
33,83,50,113,500,536,992
324,287,160,111,584,659,992
32,69,49,66,558,631,992
181,186,223,127,559,609,992
0,36,46,98,517,563,992
719,626,215,158,632,712,992
411,212,226,147,598,686,992
27,50,95,93,538,612,992
58,104,137,168,549,625,992
219,210,85,123,575,649,992
156,200,24,101,526,605,992
12,23,54,69,514,559,992
744,343,377,209,688,783,992
181,188,90,127,547,612,992
7,45,13,86,468,436,992
287,286,118,156,538,573,992
755,535,225,175,649,748,992
21,68,114,106,537,607,992
57,94,95,100,554,634,993
366,261,172,120,587,688,993
284,314,110,141,570,634,993
344,394,55,139,562,652,993
201,159,211,124,588,692,993
52,81,24,70,507,566,993
184,134,126,75,556,636,993
265,343,36,57,495,523,993
209,176,193,139,625,723,993
560,205,251,115,643,747,994
370,223,145,118,591,666,994
43,62,149,106,582,695,994
176,216,101,142,560,639,994
114,72,122,83,574,650,994
113,180,86,101,524,555,994
106,102,56,80,526,544,994
409,361,168,121,604,674,994
117,165,123,139,578,662,994
226,232,82,117,573,650,994
119,127,88,56,533,576,995
233,175,119,123,598,700,995
170,182,70,91,478,411,995
441,348,153,143,600,702,995
383,234,143,165,576,644,995
339,275,179,91,580,656,995
0,30,19,83,454,443,995
392,326,111,98,566,664,995
443,354,149,81,590,680,995
0,25,74,87,491,524,995
173,182,60,83,560,601,995
9,55,25,99,490,538,995
115,130,90,68,552,656,995
127,165,175,105,573,667,995
40,104,38,89,497,534,995
7,50,37,82,493,498,996
85,121,62,109,552,611,996
72,93,107,97,544,599,996
0,34,14,49,465,488,996
599,437,171,138,634,711,996
45,91,14,44,476,502,996
16,59,71,50,509,548,996
88,111,64,77,512,535,996
48,101,31,60,503,522,996
289,322,128,197,546,634,997
30,39,170,99,584,674,997
6,47,39,106,487,531,997
256,142,28,52,548,600,997
61,112,91,112,525,626,997
67,114,26,94,554,622,997
26,72,66,81,512,570,997
55,93,131,113,553,609,997
182,129,56,96,567,638,997
375,334,219,149,618,699,997
660,511,237,180,627,724,998
735,210,366,136,659,740,998
826,460,287,149,681,793,998
701,606,246,190,660,769,998
643,303,242,145,660,767,998
152,173,87,78,559,640,998
70,126,23,91,469,520,998
469,343,285,105,639,734,998
0,36,27,52,484,542,998
12,55,54,67,531,613,998
0,21,189,106,548,591,998
35,48,110,106,543,599,999
34,76,55,109,527,573,999
185,141,173,101,596,665,999
135,100,60,86,551,590,999
57,71,20,82,498,556,999
556,423,124,163,578,647,999
50,59,30,55,448,508,999
849,468,254,102,616,712,999
150,142,128,84,552,621,999
208,210,130,121,556,677,999
19,63,15,48,469,335,999
20,48,71,56,522,543,999
353,301,154,136,602,677,999
122,151,178,136,563,645,999
394,296,132,136,599,705,999
319,256,261,170,645,754,999
257,161,147,86,600,679,1000
63,73,73,83,521,611,1000
489,382,162,134,600,698,1000
689,488,156,149,600,678,1000
20,56,105,65,554,611,1000
439,288,240,166,602,678,1000
348,308,205,134,616,716,1000
493,443,138,128,601,688,1000
565,412,208,207,642,747,1000
18,64,15,43,530,638,1000
49,64,173,133,588,684,1001
113,126,23,83,519,562,1001
22,62,41,108,512,606,1001
0,26,38,50,478,598,1001
583,428,213,145,636,744,1001
202,253,15,93,523,619,1001
75,91,152,93,567,657,1001
0,28,23,48,450,472,1001
280,297,46,112,533,588,1001
184,228,42,78,528,593,1001
333,348,154,127,548,614,1001
144,95,43,61,537,595,1001
177,138,104,132,555,617,1001
9,40,58,73,531,607,1001
124,134,55,100,533,591,1001
123,141,70,119,508,565,1001
618,500,234,143,635,734,1002
645,339,189,126,637,731,1002
273,207,130,83,589,680,1002
97,138,71,98,563,605,1002
54,99,88,71,552,633,1002
22,27,76,80,540,612,1002
208,154,202,97,598,681,1002
53,58,115,93,566,635,1002
294,190,166,163,584,651,1003
3,43,37,76,501,533,1003
14,52,38,82,533,590,1003
2,42,74,123,514,565,1003
5,44,74,88,510,603,1003
97,72,98,61,574,676,1003
202,196,174,121,606,716,1003
18,65,114,74,544,616,1003
191,191,140,127,542,611,1003
464,246,198,111,621,688,1004
23,59,31,83,424,453,1004
172,204,80,80,538,594,1004
40,61,105,85,547,590,1004
282,158,77,144,585,659,1004
151,178,158,88,574,651,1004
562,483,141,88,600,704,1004
314,288,201,149,600,709,1004
213,159,156,123,555,645,1004
34,67,35,44,524,577,1004
518,245,144,109,620,716,1004
157,187,100,129,513,605,1004
51,81,26,47,492,575,1004
0,20,68,86,489,578,1004
173,194,154,143,580,667,1004
157,204,60,93,527,579,1005
160,98,138,79,581,670,1005
318,317,129,121,571,605,1005
31,63,42,41,525,610,1005
1,36,46,57,482,551,1005
844,640,223,177,639,740,1005
22,63,97,68,473,433,1005
298,166,166,82,587,679,1005
96,98,116,77,555,626,1005
124,99,202,107,566,608,1005
106,146,121,189,524,588,1005
864,454,255,113,657,760,1005
608,491,225,194,621,731,1005
131,132,91,119,477,522,1006
137,159,124,63,574,639,1006
11,57,26,98,471,516,1006
0,35,31,84,486,547,1006
31,82,116,114,505,539,1006
442,317,179,95,605,707,1006
437,359,328,163,624,712,1006
589,197,273,124,629,704,1006
45,80,63,83,529,628,1006
136,121,159,91,573,665,1006
28,58,152,156,535,619,1007
125,125,97,74,567,638,1007
58,107,41,110,546,652,1007
144,185,125,95,561,651,1007
115,119,145,109,567,603,1007
668,348,355,170,671,774,1007
123,165,57,74,527,579,1007
34,79,58,86,518,565,1007
0,32,130,106,535,614,1007
352,285,208,108,621,732,1007
272,325,103,114,535,584,1007
370,310,157,179,593,686,1007
0,22,67,87,457,490,1007
176,161,192,130,584,652,1007
467,504,83,156,494,543,1007
20,36,13,47,477,484,1008
200,153,50,92,553,612,1008
359,403,107,146,565,657,1008
76,122,133,178,563,676,1008
114,188,42,142,430,0,1008
64,83,99,77,567,667,1008
107,138,69,88,539,608,1008
603,254,321,116,671,774,1008
167,211,93,119,524,569,1008
318,372,96,167,561,630,1008
195,240,130,158,562,644,1008
287,150,194,103,597,671,1008
785,502,406,150,668,757,1008
31,60,80,70,493,526,1008
93,147,36,101,495,531,1009
0,25,46,63,474,511,1009
373,299,179,164,591,675,1009
106,144,90,122,542,605,1009
8,44,20,67,481,501,1009
901,292,462,110,700,798,1009
234,227,61,99,566,620,1009
12,53,16,44,491,552,1009
98,147,35,102,522,610,1009
880,422,298,158,658,753,1009
44,74,15,65,478,494,1009
0,36,52,111,485,547,1009
38,86,62,131,533,642,1009
463,300,230,127,631,728,1009
467,331,69,115,521,515,1009
261,318,204,162,562,602,1010
196,160,29,43,552,604,1010
18,56,83,115,526,559,1010
2,28,70,82,520,597,1010
67,78,87,84,531,585,1010
654,533,173,140,610,721,1010
24,65,83,135,543,617,1010
77,94,95,119,535,591,1010
0,34,95,144,508,558,1010
139,108,190,105,596,685,1010
375,301,166,105,591,664,1010
354,235,113,74,597,693,1010
352,348,128,151,580,672,1010
75,116,64,109,476,597,1010
422,329,205,147,589,663,1010
66,108,101,98,537,596,1010
24,84,88,105,462,427,1011
140,169,138,94,581,691,1011
16,47,85,67,521,619,1011
481,198,227,155,617,707,1011
105,143,119,138,517,563,1011
131,125,53,70,497,509,1011
593,496,179,180,639,744,1011
218,193,91,94,539,615,1011
318,274,84,95,529,559,1011
177,146,85,71,558,654,1011
215,209,91,162,591,662,1011
27,74,55,131,429,328,1011
50,102,101,137,545,614,1011
8,54,38,101,482,499,1011
224,124,219,89,624,724,1012
166,241,68,96,552,641,1012
99,140,80,72,536,621,1012
185,249,106,120,508,524,1012
95,147,81,129,510,548,1012
152,156,75,73,536,622,1012
379,135,259,99,650,743,1012
231,218,178,126,594,671,1012
39,65,104,105,562,668,1012
82,107,116,61,555,657,1012
171,184,29,72,496,508,1012
0,27,27,67,457,461,1012
438,276,279,131,617,713,1012
377,313,139,104,606,691,1012
658,580,200,212,644,748,1012
120,88,107,86,564,625,1012
149,148,174,80,588,682,1012
67,95,104,136,511,490,1012
254,170,142,147,591,653,1012
82,125,26,54,508,549,1013
193,228,89,113,470,486,1013
173,220,134,112,569,633,1013
866,406,277,139,658,753,1013
11,55,72,89,530,609,1013
237,268,109,143,556,642,1013
25,65,56,60,508,556,1013
18,66,60,127,508,589,1013
225,262,76,99,576,657,1013
286,331,122,134,582,677,1013
26,75,14,55,496,555,1013
491,298,172,115,606,695,1013
13,44,82,88,522,571,1013
7,25,64,41,525,588,1013
90,127,105,121,564,647,1013
117,131,42,69,514,550,1013
31,84,57,92,482,445,1013
683,330,262,139,659,756,1013
0,27,49,69,459,441,1013
232,245,103,175,530,573,1013
259,217,189,114,567,657,1013
480,445,295,113,647,744,1014
58,85,21,47,506,525,1014
58,72,27,60,498,503,1014
126,102,65,89,486,439,1014
197,249,109,139,552,625,1014
95,127,41,93,523,583,1014
236,298,118,131,557,639,1014
41,53,18,49,534,598,1014
154,214,81,159,494,563,1014
31,91,17,117,422,414,1014
325,142,265,115,615,702,1014
114,93,99,92,517,594,1014
147,150,183,109,572,659,1014
145,189,83,137,492,569,1014
123,66,70,78,559,647,1014
95,157,70,144,472,505,1014
284,173,242,118,631,727,1015
249,137,213,86,607,690,1015
109,154,34,97,405,198,1015
27,67,18,54,466,509,1015
176,161,179,150,605,694,1015
612,315,273,137,637,726,1015
160,210,109,114,527,597,1015
55,107,14,59,497,580,1015
23,48,95,83,512,548,1015
137,163,28,81,493,568,1015
405,260,233,117,624,720,1015
935,861,180,199,645,752,1015
252,268,84,126,551,611,1015
1,46,33,76,407,0,1015
0,30,33,60,503,584,1015
469,462,189,249,592,687,1015
348,350,102,119,542,609,1015
232,253,113,125,554,648,1015
61,125,26,82,425,354,1015
893,555,274,165,653,761,1015
43,81,103,53,528,591,1015
0,37,27,52,478,490,1015
33,80,56,43,524,637,1015
154,151,35,71,473,478,1015
12,30,112,74,565,696,1015
111,173,72,89,492,523,1015
31,76,63,86,479,588,1015
0,29,108,112,513,579,1015
486,425,239,196,611,709,1015
232,189,207,161,553,651,1015
324,303,135,175,568,683,1016
12,46,133,110,531,604,1016
547,381,198,194,638,745,1016
463,331,197,105,594,647,1016
396,427,127,200,532,598,1016
64,81,35,49,505,475,1016
72,98,145,108,542,601,1016
556,508,148,183,585,690,1016
237,254,109,153,567,653,1016
600,491,220,171,634,739,1016
811,277,281,108,648,742,1016
330,352,144,176,573,658,1016
110,154,130,140,522,591,1016
115,160,77,118,492,547,1017
559,554,185,128,631,739,1017
40,79,41,99,418,0,1017
75,94,125,127,520,607,1017
22,40,35,61,493,584,1017
63,68,116,62,542,591,1017
118,121,60,76,523,551,1017
563,296,252,193,645,747,1017
435,448,180,165,588,688,1017
522,364,198,198,626,720,1017
447,314,296,141,621,725,1017
295,357,123,158,550,652,1017
53,73,137,130,559,639,1017
235,179,206,129,597,681,1017
75,126,130,140,537,592,1017
489,419,254,193,633,729,1017
840,305,184,111,645,742,1017
545,391,177,116,596,687,1018
97,158,96,109,541,628,1018
205,245,240,155,578,696,1018
76,72,113,79,542,651,1018
42,92,38,78,508,601,1018
106,140,24,104,481,513,1018
170,187,76,124,572,671,1018
865,420,266,189,657,764,1018
315,336,171,183,591,688,1018
51,93,26,66,482,487,1018
28,55,111,145,525,612,1018
137,123,129,113,530,616,1018
73,113,86,103,493,535,1018
37,57,37,88,515,551,1018
260,260,171,149,581,661,1018
129,166,55,120,540,570,1018
131,135,113,143,527,598,1018
67,90,144,78,531,566,1018
0,42,15,58,464,509,1019
799,368,275,140,654,756,1019
255,281,104,90,544,628,1019
73,137,37,112,494,543,1019
0,24,34,84,447,482,1019
29,84,19,111,0,0,1019
237,253,140,126,539,589,1019
45,74,180,180,563,661,1019
141,147,172,82,592,692,1019
31,84,99,78,525,608,1019
5,23,106,63,516,561,1019
186,158,316,222,648,747,1019
229,158,171,117,589,689,1019
339,264,215,135,619,730,1019
268,280,152,172,566,663,1019
40,95,91,80,469,511,1019
370,331,38,161,564,622,1020
155,152,203,113,591,689,1020
446,310,146,131,587,676,1020
487,284,264,126,634,737,1020
25,65,50,117,489,544,1020
99,111,50,92,484,486,1020
311,395,101,195,520,566,1020
245,163,176,99,590,680,1020
560,243,209,113,641,741,1020
115,129,89,106,546,627,1020
644,375,262,166,671,775,1020
197,153,197,110,590,691,1020
161,124,14,72,547,649,1020
127,144,138,99,564,646,1020
188,108,127,131,598,701,1020
41,65,150,81,537,600,1021
80,119,118,162,508,522,1021
0,36,30,93,350,0,1021
766,568,302,253,673,787,1021
108,160,88,120,528,572,1021
151,105,216,107,581,690,1021
13,49,32,51,472,387,1021
4,34,151,78,551,622,1021
56,70,87,94,521,520,1021
46,94,61,63,505,487,1021
10,53,35,64,516,614,1021
88,66,133,98,551,607,1021
528,247,303,149,654,757,1021
151,212,140,89,513,610,1021
85,108,74,74,546,624,1021
0,43,65,102,498,577,1021
597,496,277,216,655,753,1021
611,204,292,121,647,746,1021
0,28,22,51,497,524,1021
13,58,28,90,324,0,1022
453,240,190,137,607,689,1022
14,57,18,58,467,499,1022
71,120,185,120,568,647,1022
691,484,277,212,629,720,1022
170,159,130,111,581,676,1022
49,64,35,50,485,487,1022
34,76,97,94,520,556,1022
78,75,105,77,552,621,1022
11,49,24,85,435,309,1022
123,180,64,120,508,572,1022
5,21,67,71,509,581,1022
50,86,181,89,535,592,1022
235,191,190,116,570,620,1022
150,210,17,39,504,577,1022
92,144,112,82,544,591,1022
54,89,25,68,486,540,1022
28,69,78,78,513,579,1022
4,39,113,95,503,558,1022
145,202,45,85,551,635,1022
200,130,359,118,637,732,1023
6,43,80,102,482,617,1023
517,516,174,196,613,724,1023
0,23,44,55,462,518,1023
78,116,86,90,536,587,1023
245,246,82,86,569,659,1023
240,106,152,130,607,693,1023
127,165,37,99,503,553,1023
282,253,166,181,592,676,1023
22,62,144,105,515,521,1023
486,320,193,161,601,705,1023
96,157,50,138,512,586,1023
367,219,221,124,632,743,1023
