"FSC-A","FSC-H","SSC-A","SSC-H","530_30-Blue-A","582_15-Yellow-A","Time"
46,36,166,130,488,481,0
337,315,262,251,520,526,0
43,36,139,146,446,449,0
133,109,402,364,512,496,0
62,50,256,249,509,524,0
30,22,64,70,406,394,0
27,20,98,88,441,444,0
35,24,152,151,479,460,0
55,43,232,219,501,515,1
70,58,211,207,432,369,1
62,32,164,143,449,428,1
48,22,102,111,420,405,1
143,105,311,279,524,511,1
44,35,168,143,429,404,1
111,72,197,194,494,488,1
76,49,143,149,447,430,1
96,49,604,497,558,588,1
76,53,188,176,487,483,1
94,75,156,157,492,462,1
66,46,206,185,406,467,1
579,431,778,550,622,611,1
33,22,64,61,233,398,1
115,84,340,304,488,481,1
50,36,105,105,352,383,2
308,301,235,234,560,533,2
28,29,84,97,420,394,2
20,21,115,99,435,435,2
110,90,402,354,584,597,2
143,133,297,284,534,525,2
38,37,92,101,392,413,2
20,24,92,94,436,422,2
38,45,147,154,427,432,2
26,34,97,88,431,404,2
144,130,104,80,392,370,2
67,75,273,246,475,462,2
30,39,108,107,472,420,3
9,22,85,94,411,424,3
29,29,235,203,484,484,3
21,30,127,131,387,382,3
19,28,58,56,387,410,3
39,50,108,92,450,422,3
61,59,225,202,538,513,3
40,46,192,198,495,520,3
35,27,59,61,414,390,3
117,99,515,449,589,591,3
13,26,96,107,344,381,4
44,48,216,171,498,487,4
27,34,162,161,424,429,4
13,20,82,65,413,393,4
82,65,223,108,475,389,4
18,25,188,182,452,444,4
49,52,216,213,472,474,4
65,69,115,118,439,421,4
34,38,92,97,381,393,4
14,20,108,108,443,417,4
34,37,92,87,382,404,4
30,21,90,93,412,411,4
37,27,97,113,448,448,4
62,44,105,91,350,390,4
44,36,253,235,506,487,4
52,41,101,95,445,412,4
41,37,202,174,496,469,4
35,29,88,76,433,455,4
33,34,282,275,503,519,4
21,25,114,125,398,423,4
19,20,97,97,433,403,4
101,92,271,249,499,518,4
21,22,103,107,419,381,4
78,71,358,336,552,537,5
49,49,101,111,469,491,5
69,66,221,215,498,488,5
25,28,50,58,179,415,5
47,45,124,133,484,518,5
116,108,245,231,522,520,5
35,20,54,49,360,387,5
313,248,761,683,590,627,5
50,41,366,315,530,517,5
28,28,113,132,408,458,5
41,46,154,165,395,414,5
102,105,230,229,470,412,5
49,35,88,54,416,417,5
36,28,101,107,327,393,5
348,298,892,761,622,620,5
22,20,96,62,408,429,5
76,66,269,237,505,499,6
23,24,71,80,429,420,6
199,180,329,317,550,550,6
35,29,227,203,460,452,6
18,21,106,120,442,418,6
202,153,558,497,574,587,6
29,30,95,61,430,388,6
103,71,439,336,575,571,6
25,21,67,68,403,355,6
97,64,341,263,566,552,6
107,86,308,222,489,476,6
36,22,87,44,424,423,7
47,25,140,134,403,399,7
41,20,59,47,326,361,7
100,56,330,311,498,517,7
37,37,104,110,436,441,7
45,29,95,73,454,444,7
35,36,82,99,451,422,7
80,72,220,200,464,444,7
120,110,211,204,492,494,7
61,49,301,269,512,511,7
162,134,458,390,546,567,8
41,35,119,129,420,409,8
136,117,517,408,560,541,8
44,30,122,128,375,368,8
63,46,170,171,473,447,8
23,21,87,96,360,409,8
73,43,151,143,478,465,8
265,253,500,448,575,611,8
53,52,52,67,414,384,8
36,29,96,52,472,457,8
47,42,78,92,377,425,8
152,130,585,499,591,592,9
32,28,94,95,447,412,9
136,111,228,229,495,484,9
47,28,120,127,443,449,9
31,27,79,90,422,409,9
500,480,454,432,507,503,9
48,45,190,174,461,438,9
398,347,603,529,589,624,9
40,30,152,126,441,420,9
133,112,295,266,541,536,9
92,73,310,255,556,568,9
86,49,141,121,441,433,9
54,48,80,86,402,409,9
56,46,179,169,461,450,9
36,27,93,97,431,402,9
110,86,145,132,468,446,10
46,38,165,163,464,492,10
110,83,582,442,564,578,10
110,102,146,146,415,322,10
28,25,201,197,482,450,10
41,33,174,152,496,487,10
33,29,111,117,422,434,10
60,50,47,47,429,450,10
70,59,109,119,429,443,10
56,41,217,191,477,488,10
33,23,110,94,369,383,10
78,61,267,244,510,485,10
64,37,103,110,445,440,10
503,455,610,586,601,601,10
44,23,69,36,371,387,10
46,20,89,90,398,406,11
95,53,138,135,456,464,11
195,111,650,532,465,395,11
338,270,534,472,588,591,11
35,23,86,100,409,405,11
32,24,81,86,385,401,11
78,50,259,219,511,527,11
218,162,798,676,599,624,11
47,30,193,161,398,421,11
68,52,83,89,508,550,12
300,257,404,355,563,554,12
51,32,136,96,387,405,12
50,35,66,75,360,406,12
93,75,200,194,419,447,12
226,166,346,289,415,361,12
34,20,94,98,427,363,12
84,66,164,161,490,468,12
87,40,118,112,414,334,12
56,29,145,94,467,420,12
313,226,793,553,621,618,12
49,34,113,113,395,450,12
67,49,94,84,450,436,13
181,151,495,390,397,358,13
42,34,67,82,409,399,13
60,47,110,109,406,446,13
71,58,173,179,458,463,13
120,94,222,212,543,515,13
59,43,97,112,360,360,13
120,90,337,308,490,472,13
45,33,186,171,400,419,13
172,104,667,528,600,594,13
109,75,301,276,536,525,13
49,24,77,84,420,407,13
46,21,93,77,378,404,13
48,20,99,101,359,413,13
437,301,892,738,648,649,13
59,24,107,80,332,394,13
97,51,156,156,447,464,13
169,104,295,271,511,500,13
70,29,114,120,450,435,13
138,66,497,413,568,550,13
140,128,209,215,505,498,13
30,22,104,101,438,428,13
27,21,104,118,398,439,13
33,23,81,77,356,345,13
28,20,122,106,392,433,13
48,34,153,123,411,372,13
34,20,145,112,446,432,13
34,22,49,63,320,360,14
81,39,462,331,558,548,14
46,29,132,130,451,451,14
54,37,170,173,463,463,14
62,33,140,109,421,453,14
58,32,222,127,491,486,14
78,61,100,116,489,460,14
56,42,68,49,398,387,14
36,23,76,81,365,412,14
32,21,65,67,339,398,14
93,58,551,457,390,419,14
37,25,196,176,437,460,14
45,30,93,108,356,381,14
44,30,67,75,418,375,15
88,63,253,248,493,510,15
42,23,59,65,384,408,15
71,20,61,46,384,399,15
69,21,97,97,389,386,15
62,21,51,52,383,393,15
33,21,50,44,244,353,15
39,25,130,109,435,422,15
35,22,380,200,547,337,15
161,128,432,369,548,565,15
65,29,117,104,426,409,15
78,35,37,53,415,429,16
142,77,210,115,457,428,16
71,29,79,84,373,414,16
91,50,191,164,449,454,16
68,50,174,141,456,454,16
31,23,89,68,373,347,16
55,40,139,145,387,377,16
45,27,91,90,457,459,16
32,22,50,57,324,384,16
44,26,171,152,430,401,16
403,347,854,721,603,627,16
382,338,351,279,429,415,16
79,56,251,239,500,461,17
409,270,607,360,568,559,17
587,540,419,383,600,586,17
56,37,126,138,375,422,17
197,158,285,197,511,489,17
63,41,195,194,453,449,17
50,33,170,166,498,533,17
378,343,537,489,577,598,17
43,24,54,70,409,383,17
52,34,163,166,426,468,17
55,30,150,149,473,479,17
170,119,351,277,570,583,17
57,21,42,50,223,343,17
107,65,150,152,479,437,17
166,109,149,161,509,486,17
101,41,168,160,425,426,17
71,43,145,136,430,438,17
110,81,190,184,495,483,17
40,25,103,107,346,364,18
44,21,56,58,342,355,18
316,275,379,359,523,522,18
54,40,53,71,452,441,18
248,175,639,515,590,583,18
35,23,116,123,415,395,18
279,201,797,683,633,623,18
107,93,178,162,472,502,18
57,44,183,167,430,428,18
85,73,119,123,416,435,18
179,114,778,546,600,609,18
37,20,87,87,403,367,18
97,71,349,315,525,515,19
49,39,97,85,379,400,19
37,27,30,45,386,411,19
363,316,622,564,597,621,19
59,35,152,110,391,417,19
145,116,158,164,501,467,19
82,59,218,195,489,495,19
115,80,288,215,549,537,19
233,160,406,262,461,412,19
112,98,310,317,507,516,19
56,47,141,148,458,409,19
61,56,206,191,390,414,19
21,20,56,55,364,376,19
35,31,93,99,376,365,19
43,36,179,163,473,497,19
245,204,565,523,578,594,20
53,39,109,80,412,415,20
69,59,135,125,461,477,20
31,23,102,118,394,409,20
99,89,129,132,480,471,20
125,71,653,510,614,638,20
280,231,498,343,578,563,20
177,149,461,447,566,577,20
194,153,378,337,565,556,20
57,27,123,117,398,419,20
29,21,122,126,452,453,20
182,142,616,471,584,591,21
55,47,63,35,424,399,21
27,26,125,118,438,398,21
145,133,168,155,472,476,21
38,25,203,200,505,529,21
37,34,50,59,368,374,21
62,55,120,129,436,459,21
22,20,54,61,379,365,21
32,25,61,70,396,381,21
59,48,96,115,412,422,21
68,44,118,115,402,421,21
74,43,105,111,366,330,21
52,22,64,72,346,390,21
88,54,123,128,429,405,21
61,31,225,203,477,451,21
111,81,133,132,462,462,21
41,30,135,136,415,439,21
47,25,150,130,434,419,21
33,31,71,70,391,411,22
39,37,60,61,383,396,22
39,35,168,158,409,451,22
108,96,255,213,514,507,22
260,218,490,444,598,597,22
46,33,176,142,421,425,22
53,47,161,165,475,431,22
206,175,504,399,543,524,22
329,225,857,643,638,667,22
36,26,109,117,384,418,23
63,42,181,163,519,522,23
114,94,264,233,536,521,23
29,20,115,114,374,381,23
29,20,139,136,458,471,23
24,21,78,81,418,444,23
163,144,185,162,510,496,23
60,49,124,118,441,464,23
40,28,175,174,445,460,23
167,121,338,251,552,567,23
92,72,110,91,429,445,23
81,64,171,164,488,491,24
72,63,209,194,468,459,24
217,167,510,397,596,606,24
216,192,320,293,535,533,24
49,37,79,88,367,407,24
111,77,197,200,504,492,24
47,24,87,96,379,397,24
52,38,106,107,415,394,24
84,67,148,143,464,450,24
62,41,262,213,484,454,24
641,485,807,546,666,671,24
229,192,595,527,462,424,24
72,59,197,206,445,472,24
36,20,64,76,382,396,24
138,92,482,398,586,589,24
42,27,61,76,403,373,24
223,158,698,561,581,577,24
96,66,259,250,496,496,24
41,31,72,67,363,407,25
72,56,182,169,475,471,25
107,63,658,498,551,552,25
116,99,241,223,523,498,25
409,322,819,666,615,608,25
58,43,106,106,442,427,25
45,31,196,178,439,399,25
42,23,370,334,527,501,25
39,26,154,145,406,473,25
36,25,76,95,390,394,25
32,20,92,56,395,458,25
47,26,184,152,450,479,25
270,209,547,395,589,609,25
254,112,359,237,521,499,25
90,29,117,76,440,389,25
237,183,207,216,398,363,25
98,79,195,190,561,583,25
70,44,419,302,532,528,25
43,32,91,100,460,465,26
34,23,132,123,437,439,26
27,21,72,77,354,379,26
53,41,128,112,441,403,26
28,23,74,84,385,370,26
293,217,838,709,600,593,26
176,134,502,398,477,442,26
89,70,207,203,453,508,26
33,23,56,58,359,360,26
36,25,135,121,457,437,26
152,118,445,431,554,582,26
50,42,57,70,414,444,26
37,23,199,165,477,493,26
42,27,176,153,460,458,26
51,39,104,110,394,404,26
47,34,154,149,446,445,26
68,46,178,152,342,411,26
40,27,140,135,393,411,27
268,235,492,433,557,558,27
34,23,137,136,423,407,27
35,24,76,79,445,478,27
33,22,62,60,313,353,27
35,23,94,98,459,435,27
47,25,52,68,387,384,27
70,39,290,238,525,557,27
286,212,160,132,436,429,27
62,29,96,94,387,352,27
82,41,226,210,468,478,27
62,32,134,138,469,451,27
37,22,95,97,398,438,27
68,54,139,123,314,409,27
44,28,218,195,479,490,27
76,63,154,165,463,465,27
107,90,182,180,462,448,27
32,25,65,72,356,385,27
43,33,115,106,438,435,27
73,56,224,214,494,492,27
37,29,96,100,407,460,27
39,31,98,103,446,455,27
47,29,132,93,432,446,28
94,60,327,312,553,577,28
130,56,662,471,591,610,28
227,148,372,296,558,521,28
72,38,107,98,445,430,28
117,66,152,149,450,468,28
63,46,95,99,410,420,28
89,62,136,133,485,496,28
56,22,131,101,368,390,28
34,20,106,103,429,434,28
95,69,301,268,544,550,28
27,24,203,168,486,467,28
45,32,136,127,416,424,28
75,56,167,172,438,476,28
244,192,347,292,585,558,28
163,129,434,343,551,548,28
37,29,121,108,428,463,28
242,218,66,79,410,360,28
44,33,119,126,448,448,28
55,41,290,267,461,460,29
128,104,225,166,487,500,29
25,22,95,107,390,415,29
106,88,445,396,523,523,29
56,32,128,83,434,405,29
25,20,149,145,464,483,29
41,37,115,129,411,389,29
32,27,94,94,332,367,29
63,50,216,187,468,478,29
48,45,92,92,389,382,29
49,41,311,280,480,465,29
452,393,266,218,567,583,29
59,27,90,85,302,370,30
158,114,262,256,527,518,30
48,38,71,76,386,351,30
256,240,400,353,567,549,30
23,24,161,169,324,396,30
586,437,221,195,461,451,30
89,83,171,174,464,440,30
19,20,125,104,372,374,30
56,50,178,160,510,493,30
95,89,230,212,507,519,30
141,104,231,178,504,505,30
119,96,215,205,513,504,30
273,206,461,406,589,586,30
105,89,298,281,432,352,30
49,29,67,68,365,373,31
53,53,241,232,497,477,31
49,35,375,311,540,535,31
30,27,85,96,383,412,31
43,23,96,65,375,398,31
116,85,233,217,533,511,31
23,21,84,82,394,351,31
36,29,88,83,328,362,31
49,37,310,270,548,532,31
394,297,763,498,650,659,31
55,49,178,154,468,472,31
54,49,218,204,498,501,32
61,55,235,219,443,422,32
50,45,234,212,483,466,32
44,36,67,76,458,481,32
24,20,123,120,379,385,32
34,30,110,113,429,422,32
260,171,342,303,468,436,32
107,80,211,179,472,485,32
364,256,726,562,625,643,32
60,33,94,77,393,389,32
167,151,253,241,516,547,32
60,36,279,174,419,407,32
28,20,56,37,356,349,32
281,194,97,67,407,320,32
52,45,186,184,455,418,32
29,20,112,113,483,469,32
78,73,81,57,403,379,33
111,99,145,146,513,508,33
47,35,238,218,481,505,33
30,28,76,94,276,336,33
49,40,215,217,427,431,33
53,46,120,113,465,434,33
92,75,236,219,521,581,33
59,37,228,221,470,508,33
36,30,101,102,452,396,33
49,30,240,196,492,488,33
29,23,56,57,415,386,34
92,74,223,217,482,515,34
339,309,357,305,561,572,34
27,20,109,108,420,397,34
766,650,766,666,644,642,34
42,20,85,56,336,339,34
642,573,663,629,620,608,34
146,93,542,406,504,510,34
31,24,70,72,420,381,34
31,23,165,153,446,466,35
202,144,478,398,574,572,35
81,33,115,115,419,401,35
53,20,47,52,337,381,35
47,24,58,75,321,377,35
326,254,837,681,613,627,35
30,34,110,98,369,407,35
35,44,89,91,448,419,35
31,37,138,130,396,415,35
34,44,107,117,353,393,35
42,46,103,112,286,331,35
60,58,160,161,473,437,35
65,62,116,117,511,508,35
49,41,91,101,284,331,36
108,89,271,220,409,343,36
182,165,385,334,556,550,36
62,65,225,213,468,476,36
38,35,254,229,439,371,36
615,598,496,474,571,555,36
46,58,229,220,464,431,36
26,42,119,115,429,459,36
54,55,256,251,515,536,37
26,43,44,42,368,323,37
19,22,59,65,393,431,37
68,89,334,275,500,543,37
53,86,65,71,424,473,37
73,96,269,260,467,509,37
33,26,182,165,476,442,37
31,31,294,273,507,519,37
279,283,285,275,507,522,38
73,93,226,224,517,489,38
19,49,191,190,390,408,38
15,39,124,122,407,410,38
45,72,142,147,375,457,38
241,218,415,363,570,582,39
15,30,182,135,428,467,39
23,26,165,94,434,447,39
109,90,224,213,496,495,39
16,21,131,117,355,397,39
10,22,104,81,451,421,39
23,45,106,121,405,444,39
290,280,469,412,573,584,39
126,109,307,277,537,536,40
32,33,128,142,418,416,40
52,44,293,245,507,502,40
137,148,187,189,530,514,40
46,56,370,318,514,527,41
18,21,173,127,496,481,41
72,76,175,161,489,487,41
51,53,191,175,508,493,41
21,37,96,90,451,467,41
18,32,142,132,405,367,41
56,66,134,148,473,465,41
69,68,279,249,509,512,41
27,35,213,209,464,428,41
215,164,115,105,369,332,41
26,36,182,185,413,389,41
81,77,366,320,530,535,41
12,21,71,84,265,394,41
99,79,100,103,479,490,42
66,36,176,168,491,485,42
178,141,370,335,519,523,42
13,24,36,47,401,444,42
24,32,106,98,489,488,42
14,21,44,36,435,401,42
56,36,80,91,477,452,43
66,49,87,97,449,467,43
120,101,244,214,507,511,43
219,155,362,293,558,561,43
515,422,744,597,537,518,43
40,27,108,113,361,332,43
158,150,130,140,520,505,43
104,61,202,178,506,501,43
67,46,142,145,440,430,43
43,43,75,72,417,398,43
92,77,223,232,406,399,43
24,31,203,186,443,465,43
25,32,118,124,443,431,43
56,49,444,388,435,397,43
60,65,134,129,472,465,43
23,24,69,65,417,426,43
51,56,129,125,463,474,43
105,88,288,272,430,426,43
83,90,318,304,526,495,44
29,35,147,118,411,422,44
165,149,140,75,420,426,44
17,24,89,87,438,427,44
48,39,51,56,390,407,44
134,118,182,162,498,499,44
707,589,761,544,535,527,44
36,25,39,49,404,388,44
49,26,152,117,459,451,44
97,55,214,201,487,494,44
60,24,71,62,374,344,44
63,26,89,75,433,452,44
57,21,36,42,378,348,44
164,93,718,595,581,619,44
68,32,168,150,444,494,44
157,97,321,285,547,533,45
30,35,69,69,426,431,45
30,39,92,99,372,398,45
93,93,155,156,493,512,45
383,375,383,371,561,574,45
100,85,258,230,497,486,45
59,47,156,130,467,466,45
73,55,170,178,495,474,45
61,30,116,121,425,431,45
113,60,313,267,546,541,45
101,60,110,121,438,404,45
335,260,448,415,556,562,45
47,23,182,166,431,410,45
15,21,45,35,396,349,45
56,56,206,211,479,497,46
27,23,56,63,414,448,46
91,62,206,196,493,493,46
93,71,138,142,381,396,46
54,24,129,87,446,428,46
41,23,119,118,398,430,46
36,21,121,106,450,402,46
39,22,174,165,427,457,46
42,48,142,129,472,471,46
621,479,849,637,648,630,46
136,119,354,297,548,559,46
362,291,562,333,639,665,46
71,65,257,230,530,511,47
72,50,191,120,453,423,47
30,22,220,207,472,472,47
48,34,82,90,407,402,47
73,61,245,228,512,548,47
31,26,49,64,401,412,47
123,76,134,143,466,444,47
54,21,66,72,340,334,47
296,197,476,437,576,592,47
59,21,98,68,379,414,47
112,63,362,327,527,494,47
188,149,294,264,471,490,47
79,48,241,207,493,477,47
44,25,75,66,392,430,47
32,31,104,116,372,385,47
36,34,93,106,418,403,47
125,125,221,212,468,461,47
50,53,113,117,466,463,47
26,27,109,113,424,347,47
242,151,488,310,463,397,48
53,26,102,104,416,404,48
51,25,100,109,452,446,48
725,607,707,541,620,606,48
72,39,146,132,410,459,48
632,508,676,490,628,622,48
32,39,259,218,517,505,48
52,62,146,144,497,484,49
238,214,393,380,522,524,49
267,207,604,474,583,580,49
21,30,58,70,397,403,49
13,39,113,122,393,395,49
19,23,116,111,401,378,49
47,29,93,87,289,323,49
192,139,430,369,541,549,49
440,355,725,527,617,650,50
44,35,153,150,460,449,50
71,62,104,102,489,485,50
487,411,807,594,633,635,50
313,232,752,598,537,538,50
83,102,399,334,504,517,50
81,76,363,188,547,559,50
288,296,561,520,560,563,50
201,158,646,544,572,585,50
40,23,148,98,402,381,50
23,28,148,141,494,514,50
116,75,667,523,586,635,50
33,32,77,93,409,451,50
96,75,336,280,435,421,50
74,60,228,225,451,465,51
18,28,178,166,465,470,51
42,55,117,130,539,595,51
25,33,114,110,416,466,51
8,26,176,177,468,467,51
12,24,146,145,443,428,51
176,186,340,322,553,535,51
111,82,181,175,437,456,51
51,24,43,56,373,355,52
59,27,113,106,439,415,52
52,26,69,49,344,369,52
48,26,203,187,488,471,52
34,20,84,91,311,401,52
16,26,64,73,420,425,53
26,29,153,148,460,470,53
60,46,327,165,465,433,53
40,41,251,234,510,501,53
69,77,154,158,470,445,53
44,48,176,158,497,506,53
58,46,137,127,479,480,53
79,63,171,165,495,481,53
105,86,192,174,434,455,53
43,29,145,90,426,413,53
87,60,82,95,454,465,53
203,164,440,402,540,541,53
53,45,70,83,420,413,53
59,60,164,175,469,413,53
39,47,200,204,473,466,53
16,24,86,85,432,443,53
21,27,98,90,455,438,53
61,60,361,313,540,521,54
61,25,55,64,325,342,54
69,33,106,117,437,465,54
100,58,140,137,467,452,54
204,151,447,398,556,562,54
105,98,566,475,527,524,54
46,39,114,91,383,396,54
54,41,148,143,437,454,54
35,24,148,129,414,438,55
84,65,264,256,478,488,55
37,24,91,90,343,389,55
43,22,93,83,398,388,55
333,258,642,534,594,589,55
80,45,166,165,409,425,55
56,25,70,77,370,403,55
62,26,85,84,364,384,55
48,21,47,47,337,364,55
86,37,178,153,405,409,55
338,254,551,497,587,580,55
61,30,68,44,327,326,55
48,22,157,160,455,464,55
304,265,347,320,559,547,55
31,26,90,98,420,394,55
43,42,178,163,449,456,55
37,33,109,76,407,423,55
21,25,124,125,438,470,55
28,28,74,84,449,452,55
58,59,170,162,486,467,55
50,45,124,94,408,375,55
66,64,181,164,494,491,55
85,57,287,262,394,326,55
36,21,81,78,401,386,55
51,26,159,150,411,441,55
50,24,107,75,372,385,56
109,73,148,162,445,457,56
84,42,130,128,474,462,56
67,35,134,142,406,429,56
74,72,126,117,461,453,56
41,39,56,60,361,409,56
54,53,98,87,439,418,56
28,24,79,87,439,422,56
23,24,117,121,365,392,56
108,95,254,191,531,528,56
46,35,98,95,465,433,56
217,171,189,191,540,520,56
489,353,770,611,627,646,56
141,70,243,128,502,507,56
61,22,54,54,334,392,57
88,46,131,115,437,442,57
45,23,112,106,422,401,57
33,20,91,88,428,411,57
203,130,521,406,627,630,57
95,80,47,46,432,403,57
201,158,353,305,542,527,57
28,26,80,86,384,415,57
27,23,113,101,419,399,57
85,68,294,268,542,553,57
194,194,274,273,515,555,57
108,91,144,113,486,332,57
224,204,394,371,526,545,57
57,54,109,103,467,433,57
62,41,126,111,468,475,57
93,45,77,73,451,456,57
460,357,492,415,588,575,57
83,35,71,77,393,374,57
81,38,81,88,343,399,57
82,42,173,122,434,443,57
41,21,35,48,337,331,58
49,21,108,71,386,339,58
29,24,156,150,475,464,58
27,28,101,90,405,397,58
552,511,765,725,602,604,58
56,44,208,211,445,449,58
73,35,101,86,406,425,58
25,24,69,62,449,436,58
134,89,264,197,562,565,58
26,24,35,47,381,389,59
58,47,114,63,403,347,59
67,55,257,240,527,538,59
26,25,53,54,396,395,59
91,79,142,141,465,469,59
31,22,58,61,438,438,59
56,22,61,64,327,385,59
67,28,50,60,392,376,59
35,20,40,50,438,439,59
43,23,110,99,453,415,59
23,27,117,125,426,432,59
16,20,65,67,392,390,59
251,181,574,332,593,601,60
37,28,104,74,458,450,60
261,121,409,193,457,483,60
57,20,30,41,345,351,60
52,20,53,67,261,332,60
93,47,118,105,412,407,60
84,35,100,100,405,433,60
82,43,128,130,430,449,60
82,39,137,114,467,478,60
45,20,43,51,325,363,60
125,112,317,281,514,522,60
516,419,805,702,641,642,60
63,55,243,230,504,534,60
38,37,142,120,435,449,60
165,132,559,436,537,566,60
103,98,162,145,486,495,60
26,24,52,59,381,376,60
70,44,164,85,489,473,60
93,85,299,250,443,479,60
27,24,104,105,449,413,60
99,76,225,165,482,484,60
87,81,70,80,464,495,60
228,186,633,537,528,424,60
53,33,254,226,477,488,60
33,30,78,70,421,398,60
26,21,55,58,353,392,61
44,37,39,33,332,402,61
34,25,104,95,411,423,61
65,51,199,167,495,497,61
24,22,55,62,374,373,61
65,45,174,158,412,443,61
33,26,131,116,360,415,61
37,31,111,106,379,415,61
213,141,414,288,562,550,61
290,205,422,350,577,572,61
55,24,132,131,421,439,61
82,56,466,387,555,572,61
60,53,86,87,409,462,61
33,31,108,107,359,422,61
224,178,470,418,573,553,61
72,43,155,153,466,480,61
54,37,134,119,454,409,61
54,21,42,45,191,366,62
151,101,161,166,486,475,62
235,181,197,184,499,504,62
91,34,104,110,410,425,62
95,43,91,96,415,431,62
74,27,75,70,336,371,62
169,114,306,281,461,462,62
279,181,677,543,584,622,62
82,67,537,470,562,585,62
525,433,680,522,616,623,62
58,47,324,274,514,509,62
19,20,33,35,406,397,62
268,254,379,353,520,514,62
193,167,226,232,533,542,62
40,22,109,75,298,402,62
109,76,82,97,449,493,63
99,50,183,143,451,440,63
32,26,174,150,465,482,63
95,79,271,239,529,498,63
51,42,184,178,442,438,63
57,30,117,109,366,408,63
42,20,87,97,406,379,63
66,35,112,109,401,437,63
125,95,304,288,534,519,64
218,127,604,469,598,605,64
128,107,137,147,511,526,64
36,34,87,82,408,364,64
448,298,216,127,427,417,64
58,53,95,97,411,417,64
39,31,86,72,394,422,64
710,638,333,252,480,375,64
59,40,195,175,497,470,64
118,77,218,216,469,455,64
429,315,798,672,631,651,64
53,20,63,67,382,370,64
63,20,58,56,364,357,64
86,26,57,52,386,352,64
76,26,82,53,400,393,64
99,44,135,121,379,400,64
87,42,124,125,431,440,64
584,328,163,94,477,451,64
158,88,430,402,494,518,64
52,20,31,41,344,361,64
56,22,84,88,428,412,64
138,118,223,194,512,523,65
28,24,91,97,424,468,65
27,20,61,75,436,433,65
268,214,819,674,619,601,65
34,20,25,39,306,365,65
79,64,253,228,462,472,65
124,86,156,160,468,498,65
151,95,168,154,450,484,65
71,40,145,123,429,390,65
77,47,138,142,466,452,65
69,44,111,115,439,442,65
85,47,200,191,436,414,65
74,60,153,137,396,428,65
34,23,83,91,394,439,65
65,38,382,265,540,530,65
36,29,66,56,364,414,65
343,306,630,555,584,575,66
30,24,164,152,434,395,66
296,263,754,725,304,321,66
39,29,114,123,419,443,66
209,166,252,242,523,535,66
171,111,239,239,338,362,66
38,21,67,64,253,372,66
76,31,96,99,455,473,66
34,25,157,152,392,405,66
141,124,300,272,506,498,66
49,32,102,102,473,446,66
72,46,175,179,485,509,67
56,22,77,78,405,425,67
53,22,109,70,372,337,67
123,88,280,240,526,515,67
650,561,489,453,519,536,67
52,21,80,88,404,373,67
49,23,43,53,385,389,67
60,30,81,74,383,386,67
36,21,90,82,433,453,67
39,34,131,123,429,427,67
45,38,71,77,417,348,67
89,72,268,206,495,518,67
25,22,51,53,373,368,67
32,25,98,92,391,388,67
31,24,137,131,406,365,68
100,90,154,149,495,501,68
40,24,116,112,441,387,68
62,28,155,136,463,469,68
40,20,62,65,344,376,68
88,47,150,155,398,444,68
141,79,209,192,531,518,68
109,61,126,104,463,454,68
77,35,116,111,433,405,68
62,29,163,123,426,418,68
177,125,263,252,449,421,68
126,106,246,218,525,540,68
29,23,58,50,400,416,68
63,50,152,133,412,341,68
190,165,396,345,483,376,68
185,162,300,267,573,588,68
104,54,138,126,469,448,68
133,47,768,378,645,365,68
95,37,56,58,352,370,69
68,39,137,142,414,420,69
60,21,38,36,376,390,69
156,92,220,221,489,492,69
85,33,187,161,454,473,69
438,333,846,678,633,627,69
63,23,31,34,300,325,69
102,67,90,101,406,348,69
96,77,290,253,527,531,69
49,38,155,161,389,421,69
65,36,122,123,404,335,69
60,37,99,79,392,401,69
73,34,119,107,382,370,69
144,87,358,342,509,500,69
118,63,106,115,406,447,69
68,26,28,40,401,397,69
72,25,62,66,377,332,69
158,85,267,236,492,515,69
112,48,92,95,442,451,69
77,25,101,81,279,345,69
62,20,29,37,344,349,70
631,512,482,440,575,569,70
85,30,92,93,389,423,70
114,51,118,113,435,437,70
72,24,70,70,390,379,70
54,20,48,37,411,364,70
308,184,864,466,493,389,70
485,388,779,557,648,654,70
67,61,219,201,481,481,70
73,61,231,213,507,524,70
50,44,86,102,457,491,70
42,36,107,96,407,446,70
29,23,82,86,434,437,70
87,53,183,180,161,331,70
35,20,57,60,391,390,70
77,42,145,141,410,397,70
58,26,90,92,427,426,70
39,28,117,119,421,417,70
176,135,669,595,581,608,71
44,37,163,157,495,481,71
64,56,141,143,485,495,71
300,200,862,422,644,648,71
250,219,402,362,584,577,71
37,22,188,162,443,406,71
63,41,206,191,466,467,71
234,201,432,406,532,532,71
368,274,649,595,607,631,71
82,32,105,106,390,407,71
64,25,108,119,329,394,71
149,123,170,168,474,478,71
40,27,54,32,426,413,72
30,26,112,93,332,406,72
25,25,122,121,444,492,72
55,50,154,163,460,472,72
51,25,138,139,423,440,72
166,110,414,344,553,552,72
232,184,217,217,516,534,72
53,21,26,37,374,374,72
111,54,91,100,392,428,72
64,23,70,59,291,399,72
81,37,136,117,422,431,72
64,26,63,63,346,398,72
73,27,63,72,335,379,72
178,113,276,268,523,553,72
67,28,90,94,347,371,72
124,86,471,411,544,566,72
95,61,142,150,455,467,72
232,181,460,403,537,543,72
46,23,87,93,399,433,72
32,32,196,170,401,379,72
46,28,165,156,414,410,72
44,33,112,110,453,435,72
74,73,280,274,515,520,72
21,32,93,89,325,355,72
66,72,160,157,476,503,72
32,34,104,111,444,467,72
55,59,231,223,466,494,73
22,25,49,57,367,385,73
55,33,106,89,429,454,73
84,79,152,157,441,395,73
152,136,158,155,466,482,73
259,247,355,323,541,556,73
69,37,113,123,413,387,73
43,20,122,99,398,404,73
104,76,129,128,472,471,73
236,178,400,387,534,517,73
34,23,47,61,436,448,73
100,81,135,151,487,517,73
60,38,126,127,399,448,73
69,41,49,64,478,470,73
144,111,204,173,427,460,73
51,50,196,187,484,450,73
183,154,311,281,489,494,73
159,143,229,221,464,481,73
260,212,836,685,518,525,73
16,25,89,94,435,390,73
46,35,100,92,404,460,74
107,93,289,279,509,494,74
54,32,176,163,415,422,74
163,98,754,591,517,481,74
108,48,390,298,556,581,74
56,22,77,59,366,331,74
56,22,66,55,392,389,74
60,28,59,74,390,396,74
122,77,272,263,533,529,74
49,25,95,93,427,435,74
42,23,132,134,469,469,74
93,78,246,232,505,519,74
49,31,167,173,453,475,74
269,182,724,620,591,579,74
51,54,180,180,490,468,74
106,68,441,271,464,352,74
351,285,565,435,601,589,74
58,30,162,157,466,462,74
61,29,214,205,452,444,74
48,25,49,43,357,360,74
69,35,174,140,424,407,74
71,37,56,42,201,342,75
77,38,124,120,420,487,75
79,41,127,128,429,452,75
96,59,463,375,522,504,75
69,29,102,110,390,432,75
67,34,86,83,438,452,75
93,53,177,177,420,460,75
219,162,353,302,559,547,75
57,27,75,54,340,384,75
57,22,65,57,441,429,75
70,29,94,52,436,386,75
74,59,61,79,432,425,75
49,20,61,70,386,386,75
85,65,118,119,134,339,75
108,55,404,266,582,579,75
51,29,101,85,424,443,75
82,67,92,102,436,438,75
13,21,84,94,403,389,75
52,62,49,55,380,368,75
22,31,133,127,450,454,75
74,80,131,134,476,450,75
35,40,136,132,480,469,75
27,21,103,103,401,421,75
125,104,410,384,517,516,75
126,80,367,339,515,540,76
150,97,140,137,518,523,76
285,233,317,310,535,540,76
48,22,26,31,262,360,76
137,91,193,187,465,452,76
42,21,33,40,331,355,76
57,25,44,47,267,360,76
71,21,124,81,432,460,76
456,301,165,122,421,360,76
27,22,79,77,274,403,76
97,68,257,214,557,554,76
251,204,604,492,602,604,76
405,328,169,168,416,354,76
21,35,114,127,405,389,76
35,36,166,147,475,500,76
27,30,75,64,386,367,76
38,21,185,170,462,455,76
84,49,149,162,459,452,76
611,487,876,708,537,486,76
48,22,71,81,341,323,76
50,22,59,58,352,410,76
80,45,157,96,440,469,76
76,45,155,148,443,481,76
418,336,486,459,617,619,76
90,58,112,116,341,379,76
72,38,171,170,443,480,76
44,38,76,84,416,373,77
52,43,79,77,453,461,77
251,219,679,597,584,597,77
51,55,216,205,402,341,77
21,21,28,45,343,362,77
126,91,406,258,498,491,77
248,222,302,255,576,558,77
24,24,179,126,448,420,77
157,128,296,253,522,518,77
48,29,159,167,397,468,77
113,91,173,165,462,485,77
103,72,243,200,504,536,77
49,27,143,135,425,389,77
42,26,91,104,439,403,77
73,77,670,522,590,582,78
27,58,172,161,513,517,78
85,108,412,386,554,546,78
130,148,430,316,527,531,78
42,67,261,248,493,494,78
53,47,244,221,467,498,78
44,42,163,147,418,453,78
40,36,188,192,480,513,78
185,149,860,591,613,623,78
289,264,754,673,604,586,78
226,214,440,264,571,575,78
42,47,185,143,498,492,79
101,101,252,227,503,491,79
109,76,325,235,551,560,79
43,33,324,266,550,556,79
55,50,95,100,466,470,79
139,114,213,203,501,512,79
175,163,190,191,491,523,79
35,35,144,148,414,422,79
50,43,130,109,390,398,79
46,34,399,366,532,543,79
34,28,156,159,460,466,79
46,43,87,90,339,349,79
167,152,336,252,467,428,79
20,22,99,105,407,389,79
29,49,117,100,390,416,79
125,157,349,277,542,535,80
19,34,153,153,456,424,80
34,23,78,66,403,375,80
45,34,82,82,407,410,80
60,44,233,223,493,483,80
42,32,105,107,396,411,80
13,22,145,100,401,359,80
23,33,134,138,428,466,80
87,102,199,207,511,483,80
73,58,173,168,447,452,81
32,20,224,194,502,493,81
37,29,118,121,374,426,81
39,29,70,63,304,356,81
42,27,125,101,311,390,81
40,43,186,189,504,503,81
12,22,56,57,412,382,81
20,21,119,120,436,450,81
32,25,54,51,434,419,82
59,36,326,276,509,501,82
85,72,118,116,438,426,82
90,69,237,210,458,509,82
32,23,85,96,399,399,82
50,36,40,68,376,333,82
240,158,883,652,655,664,82
14,21,128,132,441,445,82
46,31,118,122,426,466,82
138,113,428,372,320,350,82
46,28,56,70,354,364,82
46,28,104,104,447,438,82
228,191,450,398,560,548,83
90,82,378,323,535,532,83
27,24,64,73,411,344,83
10,28,98,98,443,431,83
20,26,124,106,441,428,83
33,45,133,134,477,481,83
67,73,271,242,514,505,83
21,31,180,153,495,519,83
43,28,240,168,494,486,83
368,302,664,507,585,571,83
51,27,208,200,483,495,83
79,51,255,202,480,468,83
278,225,483,427,576,605,83
35,21,121,103,357,369,83
38,21,129,124,402,434,84
163,123,442,321,534,549,84
46,47,135,139,427,406,84
38,49,84,100,411,467,84
40,34,94,109,420,418,84
265,167,492,410,596,579,84
180,153,282,266,527,529,84
36,25,103,95,427,458,84
108,91,266,249,515,479,84
51,27,175,138,453,433,84
93,53,175,147,503,521,84
71,57,403,337,532,513,85
50,29,95,70,357,327,85
97,70,216,204,503,505,85
127,86,542,478,559,549,85
39,20,106,100,387,341,85
73,45,160,141,466,437,85
239,152,550,415,606,599,85
134,109,148,139,342,336,85
14,21,83,88,413,460,85
16,24,56,57,434,379,85
52,61,182,174,463,466,85
52,38,311,247,519,539,86
46,33,89,85,394,351,86
49,33,120,117,454,461,86
49,28,90,65,363,366,86
155,127,146,149,410,401,86
32,21,57,69,363,379,86
76,65,134,131,468,460,86
64,46,131,127,443,461,87
58,31,297,259,504,506,87
77,56,136,144,453,443,87
152,105,509,424,559,554,87
78,53,174,123,481,447,87
61,49,176,179,471,487,87
49,35,104,97,360,341,87
39,29,96,98,440,442,87
42,30,148,140,468,474,87
53,55,205,194,466,498,87
250,238,229,220,513,480,87
67,62,85,94,427,393,87
50,49,207,166,514,491,87
35,42,215,205,499,472,87
20,37,138,120,412,449,87
57,55,73,38,354,340,88
19,22,123,118,358,370,88
18,49,135,132,445,452,88
18,40,284,262,473,510,88
55,69,111,125,403,414,88
127,116,230,199,512,510,88
19,29,76,85,336,384,88
41,48,118,124,448,323,88
58,42,97,94,400,411,88
280,191,781,618,619,631,88
46,31,126,107,459,456,89
32,24,57,67,246,369,89
120,90,392,347,565,555,89
99,68,413,362,571,588,89
194,140,351,275,590,606,89
48,34,265,227,510,500,89
177,161,643,528,575,570,89
31,27,111,101,429,457,89
52,52,64,70,454,466,89
23,32,260,216,533,522,89
54,36,118,105,450,417,89
125,105,182,134,499,472,89
35,25,105,110,311,417,89
104,49,505,237,579,583,90
104,73,279,243,552,565,90
27,21,94,94,452,455,90
93,82,241,242,473,472,90
19,38,135,145,425,446,90
61,82,189,200,477,470,90
10,34,163,161,463,479,90
54,31,73,73,395,385,90
60,39,156,146,451,426,90
49,35,117,117,488,498,90
91,63,132,142,467,460,90
112,55,615,497,510,500,90
151,112,275,258,507,493,90
38,24,75,86,384,389,90
104,106,170,167,460,470,91
52,53,314,258,522,506,91
12,23,181,153,421,427,91
475,417,636,539,609,625,91
59,44,112,118,395,427,91
38,22,129,126,423,428,91
81,59,44,57,403,361,91
61,41,215,210,393,391,91
47,27,84,81,443,442,91
46,30,141,120,445,419,91
45,24,153,136,382,334,91
73,49,110,110,464,485,91
46,24,124,116,436,449,92
98,72,213,197,497,525,92
37,30,62,65,418,420,92
23,22,108,93,420,396,92
304,285,737,613,605,610,92
27,35,215,186,466,465,92
18,41,151,149,468,476,92
170,174,566,549,439,421,92
11,34,140,132,458,399,92
163,130,350,316,541,533,93
54,30,172,144,377,374,93
72,43,140,107,436,448,93
79,57,44,56,435,423,93
70,46,172,154,473,484,93
78,57,80,80,454,465,93
77,57,153,148,426,426,93
29,23,92,104,387,341,93
39,21,75,64,326,373,93
53,37,82,56,431,422,93
135,109,180,131,447,353,93
18,27,123,115,442,418,93
31,40,105,119,439,455,93
129,111,443,315,549,545,93
39,33,98,77,456,487,94
66,50,290,273,473,476,94
32,20,103,108,373,373,94
40,22,159,144,448,506,94
33,21,83,92,424,399,94
49,32,79,83,390,401,94
38,21,43,44,396,410,94
47,22,133,103,422,461,94
138,126,173,182,473,475,94
19,24,111,92,357,400,94
20,36,218,197,506,492,94
83,41,413,246,461,495,94
185,142,242,228,518,556,95
28,51,89,89,440,467,95
21,46,310,242,522,538,95
68,78,536,309,537,539,95
9,43,216,207,495,475,95
10,42,100,111,429,435,95
174,184,359,319,525,516,95
42,32,239,203,488,518,95
99,80,186,162,485,486,95
73,58,278,258,501,502,96
119,104,176,187,492,510,96
24,20,86,94,389,378,96
45,35,73,81,394,374,96
49,41,94,87,385,405,96
197,170,330,314,550,546,96
84,68,285,235,529,538,96
40,52,200,202,449,425,96
35,46,98,93,342,389,96
140,119,476,372,548,539,96
36,50,136,139,453,446,96
37,27,130,127,420,414,96
30,22,130,132,423,393,96
90,71,225,207,501,479,96
51,38,124,120,451,482,96
64,61,167,152,460,463,97
22,28,76,88,418,402,97
12,34,36,36,398,386,97
9,22,79,78,424,428,97
37,43,232,208,493,484,97
19,20,223,191,519,524,97
23,23,51,61,418,397,97
50,36,111,103,413,415,97
422,332,604,493,605,591,97
52,37,140,128,384,427,97
33,42,59,57,478,484,98
142,152,470,315,522,532,98
12,30,64,60,439,422,98
51,37,147,136,477,491,98
54,30,134,115,443,453,98
81,53,126,133,464,475,98
73,48,116,126,481,461,98
37,20,42,52,309,319,98
124,63,604,382,609,615,98
139,103,231,207,500,500,98
57,36,177,164,457,467,98
213,156,505,441,594,584,98
352,326,361,344,412,333,98
40,32,100,80,458,469,98
115,99,286,246,517,497,98
25,32,327,291,506,496,98
222,210,323,296,572,561,98
81,92,285,265,533,523,99
372,294,548,409,601,589,99
148,127,253,242,528,514,99
26,20,94,94,345,361,99
48,25,124,117,463,471,99
65,36,304,254,489,489,99
42,25,125,101,434,450,99
49,32,125,124,445,454,99
360,227,601,322,598,594,99
274,123,529,266,555,524,99
122,83,465,353,584,564,99
71,63,206,197,513,499,99
10,28,199,176,521,514,100
55,48,172,169,452,499,100
39,25,98,103,361,374,100
79,96,299,270,459,447,100
44,34,103,96,371,403,100
36,27,109,106,434,425,100
80,50,148,149,529,546,101
340,261,561,462,574,591,101
383,327,501,465,562,589,101
102,74,152,130,465,472,101
46,27,32,41,401,395,101
45,25,120,122,421,437,101
80,69,118,130,461,449,101
88,69,314,255,536,522,101
29,24,108,112,418,397,101
42,29,62,64,428,410,101
42,31,155,163,435,464,101
60,30,381,285,551,537,101
47,28,113,81,411,432,101
99,67,177,142,509,499,102
47,25,91,101,389,425,102
47,29,72,77,378,328,102
42,28,117,133,415,459,102
37,47,50,56,424,426,102
40,59,81,92,458,476,102
24,43,110,111,478,443,102
10,27,86,80,452,432,102
58,61,145,148,500,480,102
22,25,111,109,439,440,102
16,37,61,72,382,412,102
165,138,185,191,458,433,102
64,38,42,53,373,369,102
51,25,99,96,403,431,102
80,47,194,150,501,508,102
39,20,151,133,452,416,102
62,37,104,100,410,439,103
48,29,148,135,490,503,103
35,50,120,110,463,489,103
14,22,125,116,414,429,103
196,136,497,347,577,593,103
151,135,461,367,574,564,103
20,32,236,198,463,459,103
30,23,91,82,318,327,103
39,27,188,153,479,458,103
28,21,76,83,396,405,103
85,56,160,158,451,464,103
54,38,64,73,472,497,103
98,62,277,246,541,540,103
51,24,176,179,387,435,104
174,128,301,289,526,513,104
52,21,172,88,290,390,104
63,36,146,134,460,434,104
50,50,135,136,422,422,104
58,43,151,132,450,446,104
276,240,120,123,533,524,104
37,22,36,45,343,400,104
451,391,385,356,571,564,104
44,25,117,113,419,472,104
66,36,121,98,458,435,104
604,510,469,391,606,593,104
83,55,112,113,472,465,104
89,66,156,140,465,464,104
136,81,561,434,588,570,104
27,21,60,73,356,367,104
37,41,97,108,420,397,104
247,203,674,554,612,632,104
45,45,319,217,519,490,104
36,55,162,125,425,405,105
9,29,112,77,394,417,105
10,23,205,192,452,432,105
170,180,544,449,428,387,105
183,160,447,345,513,494,105
30,35,52,49,409,352,105
38,53,240,218,519,498,105
8,37,159,172,392,373,106
77,90,254,233,503,497,106
140,120,578,492,463,413,106
13,24,69,78,415,433,106
109,109,267,234,530,528,106
35,36,74,78,337,363,106
102,111,324,266,443,435,106
44,82,293,279,481,485,106
25,32,95,99,378,398,107
75,67,177,169,466,473,107
329,303,526,446,594,577,107
115,98,172,166,487,486,107
121,111,301,269,521,530,107
85,79,459,345,573,545,107
36,51,351,283,553,537,107
31,59,477,415,545,567,107
40,38,224,193,495,509,108
26,20,129,129,450,460,108
312,222,834,476,642,647,108
77,59,181,174,463,499,108
23,21,143,133,480,442,108
71,92,232,202,530,523,108
29,28,159,134,472,422,108
55,38,129,124,409,446,108
70,57,147,150,453,488,108
37,31,96,101,409,419,108
32,24,166,164,490,483,108
46,37,150,134,404,468,108
49,36,67,73,439,470,109
159,105,420,294,559,544,109
233,151,728,542,600,592,109
82,59,262,227,485,488,109
90,77,404,342,536,547,109
33,31,93,74,417,410,109
45,35,79,91,442,446,109
21,22,70,76,316,426,109
33,21,117,112,410,400,109
297,257,416,367,565,583,110
55,42,175,170,489,513,110
31,36,236,179,484,476,110
30,26,154,119,460,459,110
63,51,156,152,488,487,110
321,320,519,449,583,577,110
388,373,734,677,632,649,110
37,22,33,35,372,396,110
36,20,94,90,367,379,110
426,332,835,693,640,678,110
33,21,104,102,379,365,110
51,31,70,72,401,457,110
52,52,202,190,444,471,111
284,251,318,272,531,542,111
154,123,233,196,503,543,111
70,40,233,212,487,489,111
82,55,143,132,491,493,111
337,243,712,566,617,616,111
45,29,144,137,410,471,111
53,34,112,121,459,459,111
43,24,170,120,413,452,111
59,59,325,299,503,500,112
47,28,75,80,433,432,112
207,164,237,160,464,420,112
350,252,694,565,632,633,112
95,65,190,168,488,486,112
54,33,201,178,460,469,112
74,84,132,124,400,392,112
51,42,232,203,514,492,113
53,47,164,160,415,454,113
39,24,89,96,454,451,113
108,74,211,204,470,450,113
49,25,88,101,388,453,113
127,82,336,295,463,440,113
65,35,173,157,426,454,113
46,21,77,70,313,342,113
123,73,303,171,496,493,113
113,82,190,184,490,466,113
47,22,78,68,398,400,113
133,131,200,187,508,543,113
82,64,69,66,393,414,114
111,65,416,290,276,327,114
87,59,117,117,421,441,114
55,31,114,123,420,413,114
20,20,70,79,408,375,114
83,93,274,231,500,505,114
139,128,592,443,594,584,114
401,389,744,674,598,584,114
85,99,269,251,528,512,114
36,44,304,256,515,491,114
105,90,663,513,424,359,114
32,33,110,106,455,466,114
365,258,568,402,625,646,114
295,237,462,433,447,422,115
26,21,63,74,357,387,115
16,26,131,136,467,480,115
43,46,352,302,554,566,115
135,137,551,488,527,534,115
31,41,262,215,460,424,115
15,20,68,74,412,383,115
172,125,735,556,626,629,115
66,52,189,184,472,425,115
72,51,169,170,439,416,115
85,75,209,194,515,526,115
71,41,117,103,391,407,116
138,108,251,237,508,504,116
531,352,829,653,477,459,116
17,26,108,112,448,426,116
39,48,115,78,350,378,116
13,25,102,96,428,409,116
36,38,134,144,454,443,116
283,108,156,77,454,457,116
50,23,64,52,457,468,116
651,471,554,467,498,395,116
216,135,477,373,496,466,116
25,21,97,39,357,380,117
60,62,107,103,364,373,117
11,23,100,106,388,417,117
46,23,96,97,371,396,117
38,23,92,92,407,416,117
176,101,281,220,553,550,117
158,112,106,104,474,502,117
86,58,189,158,454,464,117
47,22,64,70,397,382,117
74,49,166,130,447,433,118
51,49,167,165,444,449,118
18,23,99,90,272,356,118
95,55,441,209,517,538,118
35,41,100,105,404,393,118
82,56,146,148,485,481,118
49,24,185,156,427,456,118
51,23,78,79,412,330,118
88,54,225,194,457,457,118
83,48,101,110,473,529,118
495,370,583,486,591,599,118
58,23,146,121,438,467,118
38,22,132,128,453,452,118
554,419,574,471,596,588,118
312,265,279,268,549,575,119
74,41,168,162,412,466,119
59,27,92,84,387,378,119
61,30,133,131,442,443,119
80,46,121,117,456,446,119
50,23,78,73,298,374,119
62,30,314,230,499,481,119
152,92,328,251,571,556,119
33,22,163,148,479,513,119
26,26,101,110,439,401,119
68,63,282,264,527,549,119
24,34,108,103,431,401,119
32,42,192,187,448,463,119
40,23,87,96,452,465,120
64,36,116,107,426,417,120
73,36,116,117,481,487,120
46,21,54,60,315,351,120
75,36,47,32,470,421,120
30,21,54,62,361,335,120
228,188,332,293,556,568,120
49,33,124,127,443,471,120
36,33,151,120,427,478,120
31,25,97,55,416,428,120
318,305,407,367,603,594,120
13,33,114,115,410,454,120
77,67,358,339,526,540,120
28,24,172,132,437,418,120
71,56,138,131,478,463,120
71,37,87,100,443,456,120
268,215,406,398,484,477,121
72,34,71,61,392,393,121
64,32,94,92,354,368,121
32,20,111,101,405,433,121
186,142,435,401,520,516,121
47,22,84,90,391,376,121
172,129,247,240,489,477,121
301,241,332,300,577,563,121
31,32,68,69,413,449,121
16,24,33,37,394,384,121
40,33,253,219,520,529,121
59,69,115,108,455,506,121
293,248,610,458,618,606,121
31,28,106,110,451,452,121
70,53,134,145,422,433,121
39,23,54,58,427,413,121
299,212,810,706,576,577,121
48,24,108,100,404,411,122
40,22,95,98,434,437,122
62,36,114,125,442,454,122
22,26,87,88,439,454,122
12,26,82,88,407,433,122
166,149,272,151,540,560,122
107,96,171,143,434,437,122
64,42,144,105,442,443,122
42,38,123,116,455,454,122
93,48,156,142,481,503,122
59,21,98,47,366,356,122
70,38,118,115,426,454,122
310,239,623,570,582,614,122
235,146,851,721,443,421,123
87,45,122,101,494,522,123
61,29,88,65,386,420,123
144,114,250,213,430,379,123
134,118,392,342,516,520,123
92,58,87,87,397,417,123
58,22,203,174,441,461,123
56,23,64,76,367,340,123
141,94,159,162,437,484,123
100,62,73,81,439,417,123
82,46,213,194,475,479,123
47,23,74,81,426,411,123
54,24,113,109,384,422,123
51,24,76,83,390,427,123
69,36,124,103,400,440,123
45,26,83,76,292,377,124
250,194,582,524,576,571,124
44,27,147,113,425,424,124
240,177,677,535,602,624,124
20,22,104,114,442,430,124
47,44,177,165,459,464,124
25,28,98,81,450,425,124
63,30,216,187,471,483,124
112,76,142,143,478,452,124
126,77,172,159,527,502,124
222,156,454,406,575,601,124
107,65,212,204,497,477,124
75,36,161,149,424,480,124
90,51,128,133,470,468,124
38,45,157,165,428,443,124
85,102,183,176,472,474,124
15,25,120,123,420,421,125
37,31,114,111,400,420,125
61,38,196,175,501,489,125
184,131,315,249,439,442,125
85,43,169,143,443,426,125
195,134,487,424,535,549,125
79,42,65,73,371,394,125
144,91,265,248,509,513,125
66,31,193,127,460,444,125
55,20,37,34,356,346,125
61,39,209,168,471,494,125
293,181,781,552,520,345,125
394,310,410,377,470,360,125
27,24,52,37,388,374,126
54,49,175,138,468,507,126
36,28,71,74,425,429,126
79,54,139,128,445,432,126
166,103,148,94,477,478,126
94,55,199,194,443,423,126
63,36,65,73,338,423,126
88,56,206,119,401,379,126
121,96,301,263,509,512,126
44,46,180,176,486,481,126
247,211,334,309,553,543,127
13,27,125,121,412,417,127
104,110,208,186,512,533,127
85,72,373,181,548,567,127
35,54,98,105,422,426,127
142,149,282,257,524,520,127
27,21,167,165,474,473,128
106,91,402,279,515,524,128
29,24,164,166,441,407,128
36,34,127,130,295,324,128
261,220,461,354,577,557,128
25,21,69,64,161,337,128
44,38,122,109,369,365,128
102,92,284,264,489,476,129
9,44,147,136,499,519,129
37,56,133,119,460,447,130
115,125,412,388,539,540,130
301,273,852,635,602,588,130
11,34,151,127,459,422,130
17,54,213,201,453,439,130
23,21,181,132,419,414,130
26,28,316,268,513,506,130
58,36,126,75,379,328,130
340,275,758,485,600,573,130
47,36,190,186,392,390,130
177,145,461,400,542,577,130
54,43,103,104,415,441,130
44,28,235,196,464,472,130
50,41,141,114,420,383,130
38,33,111,116,387,419,130
196,115,687,389,605,578,130
276,203,756,649,617,639,130
76,97,209,199,513,498,131
107,121,210,201,501,463,131
42,37,260,238,490,483,131
40,41,135,125,432,405,131
30,31,97,106,441,427,131
245,193,605,488,588,583,131
62,46,86,94,388,398,131
182,105,422,165,558,564,131
28,20,58,71,368,392,131
45,33,51,49,385,355,131
33,26,177,170,447,412,131
95,82,94,96,448,438,131
17,33,121,113,436,401,131
13,49,210,194,475,459,132
38,71,266,244,513,550,132
96,103,237,217,510,498,132
284,249,527,437,591,600,132
49,48,391,339,471,489,132
91,75,298,237,517,523,132
430,378,710,611,628,619,132
56,76,361,332,519,498,132
17,43,87,87,337,351,132
9,26,107,111,437,471,133
20,25,139,134,378,376,133
79,71,152,163,482,507,133
46,42,155,157,435,458,133
55,49,208,198,472,451,133
129,135,431,348,562,550,133
230,212,661,611,547,580,133
17,26,149,121,419,340,133
21,21,163,153,439,480,134
44,46,143,145,450,437,134
26,29,142,146,480,492,134
24,21,152,149,485,504,134
313,299,433,399,591,604,134
128,157,213,212,532,522,134
13,21,119,100,435,427,134
17,28,165,139,460,462,134
87,62,229,202,468,496,134
51,36,191,171,500,506,135
22,21,116,87,381,432,135
352,318,669,615,595,622,135
21,20,189,160,476,480,135
46,67,181,183,490,486,135
9,27,89,93,302,357,135
86,76,405,336,547,554,135
29,43,146,148,452,480,135
31,23,97,98,389,375,135
71,55,161,150,507,508,135
65,50,88,96,422,436,135
43,28,176,152,472,458,135
29,20,121,94,396,331,136
132,118,67,43,390,355,136
8,20,109,99,403,433,136
21,26,355,258,557,553,136
15,41,83,99,369,381,136
59,46,157,154,454,456,136
383,262,603,466,610,621,136
33,27,188,166,443,448,136
59,34,255,234,502,492,136
41,29,83,90,380,427,136
80,53,156,113,476,462,136
173,138,382,342,556,572,136
113,112,357,308,540,534,137
441,399,782,584,664,672,137
228,252,219,200,547,545,137
26,32,105,117,463,465,137
165,136,377,323,551,565,137
44,30,279,247,503,475,137
39,32,109,112,438,425,137
295,243,501,453,583,589,137
32,22,59,59,433,386,137
181,140,478,391,548,555,137
16,25,71,77,365,380,138
41,37,130,118,144,333,138
29,20,121,101,427,429,138
30,40,73,57,429,453,138
12,26,154,156,475,475,138
48,32,48,62,406,467,138
78,57,185,156,511,540,138
31,22,119,112,439,442,138
104,80,236,224,477,514,138
11,40,202,196,470,461,139
252,226,414,401,535,506,139
60,47,217,176,450,336,139
33,30,247,228,484,484,139
29,60,133,114,355,405,139
48,65,282,229,554,548,139
44,56,266,247,517,542,139
14,33,100,99,422,412,140
36,26,187,151,440,475,140
56,51,156,160,439,387,140
16,38,72,78,381,363,140
33,24,107,118,380,426,140
28,25,61,65,344,394,140
39,65,110,123,469,472,141
57,71,228,217,482,521,141
136,144,251,244,491,479,141
18,32,215,190,452,473,141
60,55,201,202,450,467,142
58,49,86,93,433,427,142
430,393,586,519,599,592,142
350,298,827,679,616,615,142
26,39,129,122,458,405,142
86,93,270,227,521,532,142
15,47,175,175,468,466,142
29,55,145,134,529,503,142
36,21,94,69,333,355,142
213,151,285,173,450,418,142
86,60,263,246,493,490,142
170,145,204,194,534,560,142
36,30,121,111,416,374,143
62,74,205,190,477,465,143
15,30,194,193,445,488,143
62,86,164,144,502,488,143
34,47,488,399,538,560,143
296,315,585,563,577,564,143
28,47,208,178,512,492,143
33,24,200,181,475,475,143
56,61,83,93,382,404,143
41,21,68,81,419,443,143
48,23,102,90,442,439,143
81,69,157,133,460,477,143
47,51,234,214,448,408,143
39,58,51,59,437,450,144
132,104,166,167,462,471,144
32,34,66,77,456,444,144
217,160,535,424,593,601,144
87,106,192,194,484,500,144
343,321,683,597,607,628,145
101,117,295,291,516,496,145
54,28,138,101,421,443,145
50,22,108,60,427,440,145
99,65,180,181,489,478,145
412,329,628,556,586,600,145
75,57,157,149,457,453,145
20,23,116,96,425,440,145
15,30,98,105,487,472,145
59,57,80,88,356,348,146
177,132,387,317,563,558,146
187,148,197,180,505,496,146
124,95,101,116,474,450,146
42,26,74,86,389,427,146
22,20,100,81,401,419,146
363,327,155,166,443,427,146
122,84,175,112,441,420,146
150,132,123,124,419,468,147
60,42,161,144,458,452,147
261,207,543,432,583,589,147
34,40,132,123,413,410,147
791,759,360,254,454,420,147
57,66,191,178,465,458,147
162,131,609,477,616,613,147
96,84,339,313,450,431,147
27,22,80,85,424,418,147
91,67,430,356,555,544,147
38,26,144,151,451,482,147
65,35,140,116,470,445,147
96,59,107,118,431,460,148
57,29,131,125,445,453,148
52,22,59,52,356,386,148
69,52,217,211,494,532,148
95,73,332,255,551,555,148
158,143,449,411,556,540,148
69,60,243,209,505,487,148
30,28,96,95,406,390,148
18,27,68,72,419,429,148
56,49,79,85,402,404,148
38,28,147,147,450,436,148
166,120,331,331,532,545,148
242,213,274,236,524,512,149
92,64,272,241,492,528,149
209,192,473,426,562,541,149
179,166,313,228,533,571,149
36,42,102,106,445,463,149
23,26,168,143,483,456,149
40,31,289,265,488,502,149
133,111,311,252,539,534,149
43,20,181,160,475,464,149
53,23,79,78,392,364,149
149,107,190,165,507,499,149
280,166,833,535,641,646,149
97,58,188,151,395,417,149
188,148,146,132,484,353,149
128,96,224,188,522,519,149
25,20,73,60,249,331,150
136,133,281,277,509,525,150
43,34,134,131,420,413,150
37,39,98,104,438,440,150
119,91,249,249,505,497,150
102,96,181,177,451,475,150
54,20,67,49,401,390,150
95,97,164,165,459,458,151
26,26,139,127,449,442,151
66,39,34,26,428,432,151
73,55,201,195,490,498,151
73,35,106,106,456,468,151
68,33,56,61,400,323,151
39,42,104,113,423,461,151
355,342,367,310,577,574,151
186,177,302,262,519,543,151
232,211,525,460,581,569,151
37,38,252,254,489,514,152
39,36,241,203,497,508,152
73,74,91,101,466,460,152
37,20,83,73,372,330,152
64,26,29,45,373,335,152
71,43,147,126,422,475,152
47,49,117,111,451,474,152
66,47,177,179,485,528,152
162,151,374,327,547,548,152
38,49,49,64,353,363,152
124,93,291,247,554,550,152
513,510,622,596,577,586,152
117,63,268,235,512,500,153
74,43,135,138,422,387,153
47,26,181,143,457,416,153
36,38,177,179,474,473,153
72,43,169,140,397,401,154
107,52,360,304,535,539,154
85,49,347,307,552,555,154
58,49,150,146,471,470,154
176,144,270,251,541,565,154
301,254,829,611,597,604,154
22,21,43,46,347,419,154
27,23,149,128,430,408,154
181,180,141,122,415,363,154
22,21,68,77,394,345,154
274,169,443,340,577,567,154
74,32,38,29,430,413,154
66,32,105,108,502,495,154
118,63,240,194,536,540,155
79,35,123,107,431,440,155
59,24,50,57,231,334,155
51,22,83,60,382,401,155
76,39,115,100,423,410,155
353,268,599,491,626,635,155
40,24,61,75,280,393,155
256,132,525,324,606,606,155
110,72,231,206,508,500,155
49,29,129,104,480,460,155
31,40,255,227,496,478,155
60,31,130,126,384,405,155
51,26,65,59,402,402,155
160,84,441,357,554,574,155
179,141,323,288,503,477,156
54,34,67,73,351,399,156
19,22,94,58,303,390,156
20,24,82,70,435,475,156
17,37,152,156,429,470,156
73,76,256,240,517,492,156
498,339,651,429,622,613,156
232,202,263,247,544,573,156
601,552,403,370,613,610,156
45,27,100,75,337,418,156
21,36,191,173,478,472,157
331,264,527,444,605,587,157
81,53,242,234,458,421,157
44,25,96,85,394,402,157
210,136,636,487,571,558,157
161,84,691,467,592,620,157
86,52,134,127,406,421,157
47,22,101,100,400,407,157
98,46,419,363,531,524,157
148,89,489,325,608,599,157
77,47,508,394,445,411,157
38,31,89,89,446,397,158
174,157,316,298,515,520,158
76,64,285,255,512,483,158
46,32,122,120,437,455,158
95,50,259,216,462,440,158
68,37,178,163,445,442,158
100,67,221,192,496,495,158
39,47,163,157,423,433,158
23,29,146,146,408,425,158
52,20,79,83,396,381,159
482,375,564,482,601,599,159
230,146,487,396,550,561,159
49,24,113,89,398,433,159
71,40,45,46,288,338,159
22,24,100,79,394,383,159
83,48,268,176,502,494,159
66,59,147,117,451,470,159
9,20,92,99,405,369,159
55,42,245,219,506,488,160
241,142,683,477,611,591,160
35,23,88,84,331,371,160
63,34,79,84,389,398,160
40,20,65,48,343,393,160
50,35,104,110,422,410,160
38,21,40,52,457,402,160
392,372,466,444,588,574,160
56,47,432,324,493,508,160
35,20,133,128,356,367,160
39,33,136,134,472,440,160
59,33,101,96,480,445,160
58,36,129,120,432,438,160
291,221,400,340,547,543,161
140,101,72,88,469,485,161
97,63,177,178,479,449,161
136,88,331,271,570,551,161
45,20,108,57,384,380,161
42,22,142,143,422,455,161
49,36,266,216,511,506,161
30,32,110,104,433,459,161
17,26,112,97,442,410,161
23,38,100,110,415,447,161
330,299,518,458,572,554,161
17,29,115,120,474,467,161
30,36,136,67,347,333,161
29,38,211,199,496,486,161
60,36,105,108,400,332,161
72,39,201,194,474,482,161
50,29,149,138,419,473,162
37,34,113,101,390,432,162
192,169,294,271,541,526,162
311,253,621,504,610,593,162
31,32,93,104,429,448,162
88,80,404,362,527,525,162
42,31,67,60,288,345,162
53,24,78,84,328,339,162
102,56,149,145,413,432,162
62,26,153,121,411,409,162
105,63,116,127,472,515,162
108,65,185,151,499,478,162
46,20,57,55,373,403,162
50,21,121,115,361,410,163
59,29,147,151,459,494,163
62,32,65,73,410,442,163
20,28,65,77,413,380,163
40,24,137,124,455,443,163
89,53,421,357,544,554,163
111,70,128,133,489,496,163
59,25,99,91,471,435,163
64,24,71,54,395,382,163
58,22,132,121,462,490,163
77,40,270,229,456,477,163
35,20,85,79,404,358,163
456,270,339,217,510,508,163
80,68,310,283,529,544,164
25,31,134,112,446,440,164
253,188,456,354,597,568,164
70,53,58,69,482,520,164
104,61,180,187,415,381,164
60,26,59,55,379,398,164
63,28,89,89,390,404,164
122,80,135,128,460,434,164
59,25,100,103,437,451,164
48,20,62,61,334,386,164
340,238,738,561,604,600,164
37,23,71,85,343,410,164
142,117,324,284,546,551,164
29,25,73,84,434,440,165
68,44,180,175,483,491,165
74,31,170,137,371,401,165
56,23,32,45,279,320,165
531,353,891,606,635,623,165
422,315,691,610,607,642,165
66,29,85,83,416,407,165
124,78,256,247,469,454,165
58,24,94,94,236,359,165
32,26,116,109,450,433,165
76,47,148,143,441,423,165
117,112,359,298,540,543,165
334,317,262,264,573,612,165
44,44,203,161,327,370,165
144,125,375,356,531,535,166
55,44,134,113,407,402,166
70,35,262,157,439,442,166
89,47,79,69,383,392,166
53,24,80,77,362,360,166
49,22,63,74,273,381,166
49,26,59,63,409,377,166
42,22,52,53,413,414,166
37,22,66,72,314,386,166
692,508,262,121,475,442,166
76,69,236,204,531,531,166
85,89,279,261,399,410,166
132,130,275,251,527,500,166
49,49,331,275,527,514,166
93,86,377,345,567,600,166
73,34,96,86,425,397,167
71,29,58,60,323,331,167
57,21,77,69,272,371,167
337,236,593,497,615,621,167
122,50,139,89,482,460,167
342,292,448,403,537,520,167
34,21,57,61,438,429,167
62,57,124,87,414,454,167
43,27,146,116,469,461,167
26,28,54,65,387,405,167
301,241,637,466,613,620,167
242,210,446,363,545,567,167
97,53,331,270,536,528,167
48,23,83,89,399,401,167
76,40,78,87,356,413,167
84,27,129,76,337,331,167
85,41,86,67,285,323,167
311,209,412,340,614,624,168
65,26,82,85,369,401,168
132,82,189,149,504,504,168
76,37,143,138,413,405,168
75,30,120,116,435,452,168
57,24,66,78,415,390,168
50,21,76,67,381,373,168
63,25,162,136,440,396,168
61,31,280,240,503,490,168
79,82,228,228,493,523,168
27,33,161,149,479,455,168
38,28,110,70,466,465,168
47,21,72,81,347,358,168
91,37,147,94,429,472,168
77,34,165,147,271,403,168
58,22,71,84,423,411,168
131,123,441,398,538,540,169
67,71,199,159,431,450,169
23,27,81,87,471,481,169
15,21,143,142,417,421,169
359,328,494,437,588,618,169
133,109,463,380,560,543,169
76,43,168,111,418,417,169
50,20,52,27,387,339,169
62,30,85,81,374,366,169
92,38,220,165,443,432,169
168,82,730,511,615,602,169
72,36,107,99,366,403,169
69,32,61,65,402,392,169
207,169,393,355,543,537,170
348,261,527,463,595,572,170
117,60,535,439,560,588,170
30,22,107,105,434,436,170
42,39,114,116,398,407,170
37,30,181,172,465,452,170
108,80,188,156,478,488,170
121,84,276,251,434,431,170
35,25,125,117,394,406,170
100,73,173,178,387,374,170
121,85,165,161,501,499,170
51,25,76,67,338,369,170
502,415,445,406,583,607,170
51,32,103,104,413,429,170
57,24,69,60,322,368,170
56,29,54,57,353,373,170
108,63,171,167,480,504,170
99,69,191,177,427,456,170
30,37,89,101,467,463,171
14,27,88,81,380,416,171
57,40,173,165,483,488,171
63,39,163,84,396,448,171
241,185,300,287,524,560,171
126,68,334,305,535,531,171
62,36,64,75,460,439,171
67,32,97,102,393,397,171
16,21,95,96,386,438,171
159,151,295,277,507,502,171
85,84,260,252,510,504,171
101,105,187,172,490,537,171
24,28,107,109,365,410,171
49,32,334,192,471,443,172
18,20,177,160,514,499,172
39,27,116,112,415,413,172
152,119,487,444,506,508,172
49,21,65,64,361,393,172
81,40,165,157,451,432,172
50,21,50,58,331,329,172
45,20,76,58,404,386,172
115,65,207,188,544,537,172
50,31,32,49,472,527,172
77,37,159,137,468,472,172
63,32,47,53,391,354,172
83,52,169,159,465,454,172
103,76,225,182,510,496,172
155,148,150,156,444,460,172
59,53,145,150,444,410,172
185,168,320,288,519,522,172
78,62,252,228,483,466,172
50,37,168,163,490,438,172
82,58,227,218,498,533,173
32,20,69,58,271,355,173
103,58,138,134,449,421,173
51,23,67,67,363,428,173
31,20,104,107,427,340,173
30,22,102,89,406,401,173
31,29,124,117,394,418,173
91,85,425,366,574,592,173
48,49,216,205,489,486,173
133,110,251,231,523,528,173
82,51,122,130,453,450,174
125,85,292,260,453,411,174
58,29,114,102,421,364,174
87,53,181,174,490,477,174
19,23,126,107,430,422,174
51,51,286,239,522,516,174
66,67,208,195,471,484,174
35,33,377,315,558,567,174
99,102,182,172,490,517,174
114,103,303,282,420,397,174
63,60,191,177,485,473,174
47,34,105,101,384,423,174
249,226,457,409,554,536,174
185,144,608,513,544,535,174
71,32,131,108,453,447,174
99,53,178,160,447,483,174
106,47,178,137,338,329,174
85,43,106,106,429,422,174
91,43,100,101,440,412,175
65,27,85,77,422,350,175
124,47,258,149,454,486,175
111,87,160,156,452,454,175
84,64,212,204,453,430,175
29,21,52,61,437,424,175
34,22,172,148,463,464,175
433,380,878,726,599,601,175
790,675,853,683,652,646,175
63,77,45,53,462,458,175
77,71,307,286,534,523,175
37,21,199,158,465,447,175
40,39,154,161,428,467,175
18,21,91,84,270,360,175
94,72,186,172,479,493,175
47,27,103,106,397,430,175
78,41,89,94,456,467,175
133,82,223,207,500,516,175
59,21,93,72,361,367,175
70,33,73,72,379,382,175
57,24,150,141,392,421,175
83,55,171,172,441,453,175
248,201,182,192,503,485,175
52,43,82,78,409,375,176
13,25,101,104,419,416,176
362,323,635,558,614,611,176
18,20,157,110,466,461,176
34,41,124,137,395,427,176
64,69,399,388,523,524,176
59,54,206,202,507,488,176
41,24,82,77,419,362,176
36,21,125,110,388,421,176
635,553,791,695,616,619,176
124,88,217,189,473,461,176
32,21,76,76,335,325,176
56,47,345,310,387,381,176
42,34,129,125,441,456,176
12,21,93,78,424,397,177
61,50,304,271,485,495,177
40,34,172,151,443,456,177
56,44,189,171,315,372,177
23,23,35,40,385,354,177
47,35,198,177,464,441,177
156,105,532,398,567,570,177
86,47,218,220,501,499,177
267,167,731,563,619,629,177
43,23,85,66,380,391,177
368,252,537,416,595,627,177
66,38,158,149,455,474,177
49,32,80,85,399,397,177
83,74,132,131,496,500,177
123,104,301,275,540,545,177
28,23,91,93,365,410,177
41,35,195,175,512,521,178
19,31,159,167,467,464,178
25,22,77,83,362,328,178
190,138,410,272,551,541,178
345,233,806,652,650,666,178
38,25,75,81,397,397,178
58,40,285,276,436,474,178
309,253,394,356,538,577,178
111,66,272,223,525,515,178
142,90,518,437,578,604,178
30,25,49,63,361,376,178
63,48,174,179,482,513,178
207,190,336,321,569,568,178
22,25,313,270,525,521,178
122,122,207,196,475,467,178
67,64,273,243,512,492,179
58,64,165,146,476,485,179
62,25,131,120,435,428,179
312,258,405,315,591,577,179
44,22,98,92,384,405,179
310,213,836,699,585,587,179
45,50,185,160,438,415,179
14,26,112,112,429,421,179
61,46,154,145,442,475,180
40,23,80,86,307,373,180
220,122,514,395,582,589,180
52,26,37,48,272,338,180
27,21,81,91,254,415,180
276,238,767,684,597,619,180
58,31,114,106,462,428,180
64,49,102,90,454,474,180
14,29,149,153,420,438,180
171,167,343,326,543,547,180
29,42,136,145,418,443,180
16,28,84,90,398,422,180
18,23,94,87,469,443,180
215,198,260,187,286,331,180
233,209,513,493,581,603,180
107,99,180,163,439,427,180
49,28,26,35,348,404,181
32,36,74,65,368,355,181
15,27,248,224,474,458,181
338,294,738,605,480,394,181
52,25,76,90,377,323,181
52,25,133,107,270,373,181
63,32,63,67,372,364,181
114,70,267,215,531,520,181
97,66,91,84,402,447,181
143,103,300,263,508,505,181
48,21,170,151,424,432,182
41,32,120,119,441,420,182
49,31,59,66,373,378,182
355,348,408,383,574,601,182
99,85,152,153,505,483,182
60,40,43,53,375,380,182
51,28,69,73,447,427,182
79,46,224,197,303,366,182
47,22,103,108,432,456,182
159,124,336,316,516,520,182
167,131,224,196,490,485,182
112,77,86,86,416,432,182
40,21,74,84,353,422,182
48,27,149,143,454,464,183
78,88,166,159,503,487,183
27,23,106,105,440,430,183
107,97,230,238,469,456,183
97,77,230,212,513,527,183
290,209,475,392,573,611,183
52,23,128,106,412,386,183
86,64,115,120,442,445,183
15,23,36,33,391,321,183
26,33,111,89,425,409,184
31,40,205,175,496,508,184
40,45,214,186,496,478,184
13,22,220,205,430,452,184
22,20,129,130,402,362,184
62,39,102,113,444,419,184
50,23,89,66,361,348,184
55,32,121,113,450,429,184
312,191,650,476,466,435,184
46,31,124,85,401,375,184
69,59,204,198,454,482,184
75,62,144,153,463,464,184
40,42,102,108,437,429,185
44,23,95,77,311,405,185
69,34,109,114,407,386,185
78,41,177,173,488,512,185
88,57,143,151,422,440,185
17,32,140,132,451,461,185
19,23,182,134,475,490,185
113,68,287,191,398,347,186
50,37,79,82,419,384,186
60,32,126,124,475,441,186
35,29,116,88,449,420,186
28,35,175,162,480,476,186
24,34,190,184,432,401,186
103,102,279,268,424,392,186
197,193,425,408,523,512,186
18,24,143,139,446,459,186
521,468,838,682,630,614,186
39,22,105,110,448,455,187
70,32,121,111,434,442,187
76,41,125,124,404,425,187
64,26,156,111,428,475,187
380,322,476,439,583,615,187
87,58,196,192,437,427,187
244,177,651,457,618,605,187
195,132,420,332,585,574,187
16,29,90,89,438,465,188
44,45,97,106,475,466,188
253,240,337,295,565,559,188
179,153,780,546,580,615,188
16,23,109,100,443,395,188
40,44,145,146,451,473,188
36,29,140,140,456,456,188
34,33,145,135,454,418,188
37,24,92,90,416,421,188
295,218,514,435,579,556,188
55,31,71,68,410,410,188
45,26,129,141,397,470,188
112,86,311,289,536,546,189
22,23,178,168,428,387,189
394,331,453,350,489,410,189
48,42,127,115,424,427,189
53,24,47,56,303,370,189
91,35,190,150,380,395,189
72,32,80,69,303,319,189
42,23,111,95,415,456,190
33,20,65,54,358,418,190
32,27,93,85,313,392,190
36,47,153,157,318,369,190
29,26,152,143,466,459,190
31,26,80,80,453,430,190
46,37,175,174,502,474,190
52,32,84,95,337,324,190
58,31,87,93,396,347,190
107,70,209,196,459,498,190
183,148,181,171,479,488,190
107,74,105,102,493,488,190
76,48,231,207,447,487,190
102,71,76,70,473,440,190
49,22,112,122,358,372,190
79,59,128,114,455,460,190
27,22,86,89,464,439,190
43,48,193,185,493,474,190
49,44,216,202,480,453,191
168,159,484,463,515,515,191
624,558,528,470,510,506,191
62,27,124,103,391,403,191
76,33,125,131,446,432,191
119,70,308,271,508,503,191
50,34,153,139,480,446,192
57,41,238,180,475,453,192
109,67,177,167,507,488,192
178,80,340,247,558,572,192
126,69,193,185,502,494,192
84,40,84,67,426,397,192
74,32,53,60,394,345,192
66,25,183,154,452,414,192
45,20,53,44,374,388,192
42,33,71,83,356,409,192
127,107,222,157,496,522,192
62,37,167,102,473,478,192
41,31,142,128,391,413,192
88,81,123,113,491,521,192
74,57,107,119,441,410,193
39,29,124,132,477,476,193
112,83,160,154,480,520,193
47,21,129,128,442,480,193
55,22,128,90,262,324,193
36,44,55,55,340,373,193
33,40,135,141,423,403,193
157,144,288,261,485,474,193
51,28,130,115,408,409,193
39,29,40,53,381,442,193
39,25,68,71,436,471,193
58,23,83,77,310,375,193
57,26,75,72,351,355,193
47,28,81,84,411,359,194
73,44,162,156,458,487,194
91,61,204,186,463,502,194
55,29,83,85,403,411,194
35,43,145,152,458,447,194
87,60,197,180,471,479,194
21,27,298,241,555,566,194
51,53,119,126,424,454,194
19,25,111,113,465,463,194
45,42,127,128,407,464,194
20,22,127,119,437,400,194
66,42,129,138,437,443,194
382,296,647,576,600,589,194
530,412,728,548,617,624,195
166,119,579,494,551,540,195
13,20,173,155,418,421,195
15,21,148,128,377,401,195
35,38,155,159,394,452,195
69,44,157,155,464,451,195
126,90,397,376,564,572,195
118,78,320,271,528,524,195
61,35,132,137,414,459,195
49,23,86,88,405,411,195
45,32,174,162,461,431,195
55,53,75,86,398,372,195
61,54,227,200,500,530,195
45,35,135,141,444,456,196
39,20,45,59,294,384,196
40,20,61,65,331,408,196
48,26,136,119,459,491,196
214,185,395,355,569,570,196
96,102,165,134,494,495,197
25,33,124,128,406,433,197
35,24,95,88,407,426,197
26,20,78,80,423,397,197
34,27,69,83,296,368,197
115,76,153,145,527,557,197
56,33,99,101,413,403,197
47,26,44,29,354,353,197
49,53,321,236,570,574,197
64,61,249,224,524,524,198
34,25,69,68,340,422,198
31,37,363,344,467,473,198
603,492,612,444,632,630,199
66,36,174,165,447,502,199
83,47,166,166,421,459,199
47,23,50,55,353,401,199
91,53,253,217,495,467,199
81,41,119,114,459,430,199
62,36,281,259,489,468,199
128,102,512,432,507,524,199
53,52,76,62,427,424,199
10,25,125,122,436,371,199
434,328,764,552,635,632,199
21,42,171,147,420,431,199
357,337,645,546,591,580,199
23,24,118,113,359,343,199
450,412,610,583,593,616,199
355,272,585,508,613,642,199
70,61,175,181,436,472,200
58,51,136,141,360,366,200
36,29,158,155,464,439,200
328,340,867,751,634,643,200
60,77,530,357,610,606,200
51,84,207,180,511,479,200
20,30,774,569,569,577,201
11,57,251,244,510,532,201
78,101,725,574,621,614,201
107,156,214,208,465,508,201
46,44,148,135,420,437,201
30,29,278,240,499,471,201
90,87,371,338,513,520,201
57,61,180,153,445,431,201
52,54,148,125,477,454,202
15,29,99,105,411,369,202
324,302,841,670,627,611,202
45,62,136,124,483,474,202
19,28,102,101,424,461,202
155,133,423,387,569,562,202
27,63,410,378,520,549,203
247,269,517,451,589,575,203
215,233,397,339,586,567,203
105,96,251,249,483,521,203
24,31,170,156,447,416,203
199,167,636,473,614,630,204
68,51,386,321,526,517,204
62,52,180,166,481,471,204
46,40,248,194,463,428,204
413,289,734,491,618,611,204
66,71,286,234,531,504,204
50,81,384,352,546,572,204
43,60,402,337,513,512,205
10,23,109,64,462,465,205
94,93,315,298,539,511,205
19,26,77,72,303,348,205
12,24,45,55,339,323,205
40,74,314,297,521,513,205
72,94,121,116,491,475,205
182,152,568,462,595,590,206
76,65,286,267,461,430,206
15,20,210,191,444,458,206
311,312,556,457,592,567,206
31,54,95,75,435,438,206
165,166,215,204,501,494,206
31,24,80,77,386,378,207
377,334,339,297,475,469,207
33,23,117,87,418,416,207
52,46,125,130,415,430,207
242,216,608,523,557,567,207
33,57,298,288,435,396,207
29,60,294,289,501,479,207
152,154,246,238,514,507,207
34,24,83,85,435,391,207
240,204,472,434,557,553,207
146,131,195,186,472,486,208
106,108,299,194,529,518,208
14,28,156,104,448,452,208
21,37,343,292,520,522,208
668,616,779,598,579,387,208
11,30,241,208,510,511,208
14,37,133,141,438,446,208
32,27,124,100,435,424,208
46,34,127,128,440,430,208
73,62,87,85,470,432,208
173,150,233,203,506,486,208
46,44,163,144,413,439,208
127,126,145,137,453,473,209
340,276,749,565,627,620,209
12,26,103,113,389,436,209
458,326,846,601,624,600,209
34,23,63,69,374,362,209
121,94,277,254,501,505,209
61,51,119,136,385,386,209
41,69,196,194,413,442,210
20,43,150,151,425,365,210
44,33,130,141,437,445,210
45,32,226,218,424,488,210
22,26,122,109,453,412,210
126,113,336,308,519,498,210
374,341,676,577,607,597,211
21,35,142,144,433,477,211
17,30,80,75,315,393,211
442,361,636,542,608,610,211
38,23,79,80,345,413,211
521,433,486,404,516,439,211
98,67,200,73,468,473,211
15,21,66,65,357,404,211
18,43,138,135,426,420,211
48,38,391,290,517,505,211
98,60,205,188,537,543,212
50,33,121,123,398,437,212
75,35,235,143,459,492,212
44,24,35,42,369,331,212
38,23,90,77,381,400,212
9,24,83,84,294,355,212
34,44,137,141,445,455,212
22,33,262,242,501,503,212
49,53,287,260,508,499,212
30,36,72,77,457,426,212
63,68,149,149,513,482,212
76,57,177,181,461,481,213
540,339,503,253,524,507,213
33,21,100,112,346,405,213
166,104,696,454,616,599,213
39,20,41,51,296,336,213
44,28,129,116,370,397,213
85,74,171,171,496,464,213
261,213,838,659,604,602,213
16,29,91,96,418,420,213
26,45,103,105,450,467,213
14,20,131,121,441,455,213
10,21,123,117,439,458,213
41,35,97,91,507,549,213
89,61,169,149,488,493,214
83,36,152,120,500,483,214
205,132,738,417,615,602,214
47,55,105,67,428,425,214
279,276,211,211,389,378,214
41,43,852,280,651,379,214
37,31,77,77,372,345,214
62,63,353,329,521,512,214
35,48,157,140,423,416,214
43,36,138,123,429,473,214
36,23,124,121,428,409,214
211,146,650,584,588,620,214
388,318,539,452,605,609,215
59,36,121,110,410,421,215
55,37,150,157,485,487,215
11,20,112,109,298,326,215
66,39,216,192,455,471,215
172,148,336,325,537,550,215
35,30,83,96,427,403,215
81,78,192,174,498,493,215
26,43,118,129,483,476,216
47,33,133,130,381,414,216
95,62,255,220,524,528,216
40,20,37,31,310,377,216
304,301,219,217,561,548,216
21,28,90,87,398,426,216
55,48,357,289,509,531,217
45,43,154,159,452,445,217
113,71,277,205,514,486,217
45,23,58,63,350,320,217
177,139,227,217,515,497,217
60,37,95,70,413,416,217
43,20,113,112,414,408,217
54,36,98,87,457,455,217
192,143,459,380,597,586,217
320,251,512,454,588,608,217
18,42,174,156,482,489,217
59,30,58,68,416,405,218
75,39,191,170,461,440,218
57,35,89,86,390,411,218
40,26,66,66,290,338,218
63,42,230,215,471,475,218
37,28,139,124,444,482,218
57,46,103,111,424,454,218
79,66,353,299,551,554,218
71,64,355,312,543,533,218
48,52,280,254,547,554,218
18,25,81,93,392,439,218
35,29,95,93,442,481,218
39,21,169,151,477,508,219
88,50,204,178,490,482,219
163,120,541,491,507,510,219
99,61,131,132,461,500,219
64,40,131,137,469,468,219
14,21,147,144,487,458,219
32,42,157,141,547,573,219
19,31,205,190,451,435,219
52,23,70,71,411,383,219
60,31,107,113,422,412,220
99,64,207,194,504,521,220
58,31,71,62,454,447,220
123,59,366,173,474,448,220
88,81,170,172,516,478,220
162,111,324,289,536,521,220
130,74,204,155,455,433,220
119,89,124,120,399,394,221
90,62,212,206,469,491,221
41,21,143,116,411,378,221
45,25,77,84,308,374,221
61,38,197,184,456,517,221
62,39,137,136,446,472,221
57,40,145,135,456,472,221
18,25,238,218,470,467,221
22,25,167,135,442,425,221
67,65,295,276,526,514,221
789,710,765,671,597,591,221
16,22,66,77,423,457,221
44,46,116,125,470,499,221
372,296,547,460,614,607,221
27,28,76,81,414,422,221
51,32,182,164,449,466,221
49,33,63,62,450,447,221
88,57,163,149,471,438,221
54,26,131,130,396,446,221
70,37,150,119,418,448,221
65,39,115,97,403,416,221
97,59,430,318,524,427,221
142,112,333,293,537,563,222
88,82,299,275,383,320,222
61,62,192,160,492,463,222
34,32,196,173,384,384,222
32,24,151,143,417,369,222
58,50,111,119,367,482,222
35,25,59,60,416,379,222
46,33,153,109,423,466,222
86,70,382,274,498,472,222
35,37,91,95,347,390,222
29,46,91,88,401,341,223
59,67,290,259,526,516,223
85,107,354,328,522,520,223
62,89,264,261,499,522,223
11,43,145,148,476,463,223
346,297,830,693,612,644,223
38,54,96,89,428,425,223
29,36,110,116,446,411,223
83,61,270,195,519,531,223
75,52,215,198,479,493,223
74,52,178,166,468,456,224
132,102,189,172,510,506,224
141,83,715,554,476,408,224
67,43,127,119,455,461,224
80,56,284,272,501,522,224
70,53,106,116,438,435,224
73,54,175,173,476,476,224
56,54,177,117,376,448,224
80,87,194,206,473,462,225
44,34,182,161,465,446,225
41,32,206,177,457,443,225
35,24,89,98,398,393,225
33,22,115,116,456,482,225
34,24,92,71,313,407,225
76,59,111,113,442,410,225
111,82,423,211,560,587,225
44,58,189,180,480,520,225
94,112,296,278,500,484,225
119,128,246,237,524,550,225
96,100,553,466,502,472,225
12,26,95,105,389,375,225
60,46,84,45,448,399,225
84,76,192,176,483,487,225
312,197,629,432,604,586,225
98,60,193,141,496,468,226
108,75,98,111,497,517,226
41,21,64,48,376,370,226
59,34,92,95,416,395,226
98,70,87,95,458,471,226
74,45,158,121,502,485,226
205,136,495,426,605,611,226
40,22,54,49,399,409,226
72,64,191,182,494,472,226
30,27,149,148,450,463,226
31,26,77,86,443,396,226
216,121,259,130,464,428,226
104,124,263,245,526,522,226
54,47,42,34,389,358,226
38,31,133,111,458,460,226
189,148,286,266,550,582,226
142,102,161,127,496,460,227
43,24,136,136,445,470,227
84,47,272,249,518,529,227
70,83,71,67,432,474,227
16,24,309,260,528,540,227
65,33,141,134,380,394,227
39,25,136,112,439,405,228
136,129,430,376,506,471,228
18,32,46,51,409,392,228
66,68,57,70,457,490,228
191,134,470,387,593,582,228
62,43,85,83,457,404,228
103,61,175,127,435,447,228
79,46,170,112,476,518,228
104,67,143,125,506,507,228
39,20,44,58,414,423,228
102,67,132,134,464,454,228
125,110,321,276,517,506,229
31,27,116,94,427,441,229
110,99,313,271,508,504,229
427,393,501,459,598,600,229
48,29,164,137,471,455,229
38,24,75,84,410,423,229
119,90,417,309,564,580,229
91,42,214,180,500,493,229
50,21,114,95,361,396,229
137,95,189,193,494,483,229
48,26,133,97,421,404,229
28,27,341,270,525,510,229
18,31,209,177,489,493,229
30,38,115,109,443,465,230
29,28,113,91,402,388,230
194,168,515,408,573,564,230
230,152,320,136,504,511,230
46,23,84,83,419,408,230
61,44,211,183,467,491,230
33,22,55,64,295,364,230
17,26,60,63,434,407,230
9,24,121,88,422,410,230
20,36,216,195,476,439,230
53,53,275,236,477,497,231
36,28,69,76,396,401,231
70,49,74,77,420,429,231
78,64,225,206,461,449,231
67,53,158,170,421,389,231
56,36,120,59,382,337,231
47,39,88,97,421,435,231
43,35,76,75,370,432,231
29,26,75,78,363,341,231
52,89,107,101,499,515,231
32,50,195,158,441,426,231
76,104,379,326,507,487,231
71,60,83,74,450,422,232
165,130,354,321,519,520,232
236,259,350,279,555,589,232
18,54,119,127,443,412,232
12,33,99,97,390,415,233
173,156,250,257,516,525,233
24,31,131,137,458,466,233
31,42,286,227,472,489,233
76,60,72,62,411,433,234
17,29,191,171,458,441,234
90,66,172,174,477,448,234
70,48,280,261,513,518,234
29,36,102,110,409,386,235
71,92,249,240,535,531,235
107,122,286,274,503,533,235
58,65,359,300,549,546,235
26,44,141,124,442,437,235
38,25,67,76,380,409,235
39,33,187,161,450,457,235
20,20,37,50,175,346,235
46,38,50,52,384,371,235
58,58,256,247,527,530,236
141,104,765,588,612,627,236
46,57,192,166,492,473,236
10,33,123,105,420,406,236
95,54,245,205,503,504,236
86,54,177,163,468,474,236
40,20,29,36,392,319,236
45,27,89,79,362,433,236
51,21,123,70,438,440,236
34,22,50,54,229,357,236
737,562,870,704,639,629,236
57,53,333,292,522,531,237
139,121,368,308,494,490,237
28,33,89,81,461,516,237
24,28,147,136,454,435,237
213,205,361,346,519,556,237
25,36,194,183,450,472,237
41,31,77,82,455,426,237
28,21,194,154,476,476,237
45,26,78,72,354,375,237
44,25,94,96,342,361,237
42,22,47,62,376,368,237
64,37,171,167,495,472,237
88,75,121,129,480,489,237
51,39,176,164,508,493,237
32,29,62,73,413,403,237
19,31,138,131,454,438,238
25,26,190,176,477,463,238
59,39,75,86,343,388,238
44,21,64,33,350,320,238
90,56,150,146,422,443,238
131,92,293,262,519,510,238
178,139,369,337,537,532,238
91,62,224,202,472,472,238
121,100,161,164,507,515,238
38,27,102,112,398,425,238
44,40,51,64,437,395,238
71,59,249,218,499,523,238
30,25,55,56,390,410,238
39,20,61,68,360,365,239
58,27,74,67,393,360,239
70,38,77,91,393,422,239
94,59,161,150,449,476,239
76,40,135,117,433,458,239
176,129,184,141,534,535,239
167,157,412,335,536,541,239
34,21,38,31,324,356,239
20,26,180,169,463,414,239
51,32,84,80,452,433,239
177,133,157,145,510,517,239
56,30,52,44,191,347,239
99,60,163,152,463,491,240
276,222,341,297,353,349,240
63,32,88,86,368,415,240
47,22,36,45,365,320,240
69,31,144,134,467,447,240
67,36,115,92,406,393,240
57,37,34,41,418,412,240
45,26,135,140,460,475,240
60,75,285,241,528,528,240
216,220,510,418,594,598,240
14,25,250,209,523,520,240
21,31,151,131,487,476,240
131,123,295,257,509,534,240
156,103,242,176,488,455,240
80,38,309,270,531,527,240
457,301,362,321,571,562,240
195,75,323,272,538,538,240
44,20,46,52,298,343,240
116,68,250,214,530,528,241
48,22,57,49,403,375,241
147,98,298,265,591,621,241
39,23,47,56,324,357,241
64,43,185,162,440,444,241
108,87,216,208,465,467,241
29,23,64,71,393,402,241
67,43,118,122,442,422,241
94,55,74,82,440,446,241
116,62,520,428,493,486,241
87,51,204,193,481,489,241
100,49,304,243,498,482,241
52,22,63,72,361,347,241
98,63,196,191,431,440,241
33,20,70,71,303,353,242
31,26,49,43,405,354,242
46,44,193,167,509,523,242
51,23,138,117,381,392,242
48,22,122,77,454,433,242
13,26,80,82,450,418,242
43,36,154,117,460,487,242
254,227,518,354,559,533,243
270,245,800,689,598,615,243
19,23,99,96,379,390,243
22,22,134,135,489,476,243
55,48,472,376,553,532,243
74,58,192,187,508,506,243
33,26,92,103,320,392,243
81,59,182,133,446,413,243
28,25,110,117,320,345,243
46,26,95,104,409,414,243
194,137,375,318,558,595,243
114,73,247,220,519,546,243
89,48,207,198,454,452,243
52,26,133,132,417,375,243
428,310,819,671,624,657,243
75,43,214,195,469,444,243
119,81,26,41,443,432,243
66,31,128,118,468,460,243
412,400,584,544,536,572,243
135,120,213,163,531,492,243
23,39,186,171,455,476,244
99,62,124,126,432,432,244
51,23,85,77,386,399,244
47,21,60,58,408,341,244
64,27,182,94,471,484,244
50,24,39,37,410,422,244
46,34,88,91,377,407,244
37,36,327,288,496,501,244
34,24,27,41,261,326,245
168,132,620,503,572,573,245
203,165,427,393,560,557,245
48,23,141,122,400,402,245
49,23,78,69,419,413,245
281,219,549,529,556,578,245
90,60,271,247,501,504,245
148,105,369,339,518,516,245
11,20,86,95,409,428,245
20,31,84,94,434,392,245
21,23,206,190,462,461,245
126,124,245,220,513,524,245
38,45,149,106,416,415,245
434,325,101,88,432,358,245
75,37,100,90,380,399,245
36,21,33,41,379,405,245
197,141,119,122,482,491,246
145,98,185,176,445,453,246
104,66,130,127,446,487,246
55,26,94,103,411,381,246
100,59,106,103,413,456,246
85,47,112,119,436,432,246
110,91,193,167,451,435,246
115,77,212,215,494,512,246
50,24,30,40,269,364,246
49,20,71,77,399,424,246
50,21,104,86,422,421,246
189,118,470,368,526,530,246
79,40,140,132,419,434,246
82,47,176,133,463,450,247
29,36,68,79,389,454,247
30,26,39,37,278,332,247
37,30,79,82,395,384,247
25,22,180,162,488,491,247
32,37,138,141,447,433,247
202,161,575,448,602,631,247
20,28,178,169,473,452,247
102,108,262,235,525,499,247
24,31,94,76,399,417,247
143,119,629,485,595,606,247
194,134,294,257,536,526,247
49,23,74,82,410,430,247
53,25,64,72,363,410,247
52,37,136,115,450,444,248
64,65,197,183,492,468,248
20,31,146,146,499,521,248
49,21,58,68,402,426,248
86,50,178,172,474,469,248
211,140,435,340,566,571,248
101,62,480,405,473,500,248
210,175,342,323,524,481,248
177,146,248,245,513,539,248
56,35,84,89,433,435,248
200,172,347,321,541,579,249
199,191,353,343,561,581,249
774,610,679,492,648,641,249
86,91,150,156,481,502,249
38,21,102,94,306,363,249
85,73,157,158,476,497,249
327,260,449,428,549,550,249
51,29,81,89,392,408,249
322,246,401,356,549,352,249
102,90,643,564,456,413,249
180,156,718,609,598,631,250
189,146,302,190,435,409,250
23,21,27,29,348,379,250
54,30,37,52,313,353,250
66,39,64,67,356,412,250
62,48,106,100,448,403,250
118,83,287,249,524,518,250
112,86,541,376,592,583,250
68,66,162,173,414,400,250
47,35,130,126,427,409,250
34,34,225,205,434,466,250
37,54,247,221,485,501,250
15,25,157,132,450,439,250
17,23,86,89,419,343,251
43,25,126,130,400,391,251
86,50,257,222,486,461,251
42,23,52,53,330,369,251
88,51,193,185,472,466,251
73,42,197,169,433,463,251
63,35,216,185,485,477,251
100,71,330,248,543,527,251
49,40,123,127,462,458,251
29,39,132,137,429,421,251
79,80,274,248,525,552,251
82,76,148,154,514,522,251
41,21,40,47,358,353,252
58,31,116,97,420,386,252
55,29,79,69,385,379,252
80,50,156,150,478,517,252
44,29,171,179,420,453,252
8,21,67,54,380,377,252
23,39,43,48,385,390,252
26,36,197,192,432,473,252
49,32,753,251,497,451,252
236,180,488,432,580,581,253
468,358,736,617,542,535,253
38,33,190,176,422,393,253
45,41,141,136,471,486,253
25,30,99,105,451,470,253
138,123,347,290,508,510,253
46,28,113,98,387,379,253
67,25,240,194,459,483,253
85,57,116,123,484,452,253
106,72,135,141,476,500,253
95,52,158,160,505,487,253
47,22,60,65,254,389,254
96,56,138,142,463,474,254
33,34,122,123,426,453,254
155,122,325,291,557,531,254
165,110,358,300,534,511,254
59,30,54,67,429,458,254
45,20,67,66,316,331,254
246,177,349,248,535,511,254
47,25,75,78,380,393,254
43,21,96,97,402,417,254
107,89,411,338,562,563,255
14,26,85,90,405,420,255
93,88,298,271,519,540,255
111,76,260,231,509,488,255
36,21,85,85,393,417,255
393,268,152,117,440,445,255
78,41,113,115,458,454,255
60,30,124,108,401,387,255
37,28,43,46,310,355,255
18,22,130,118,392,399,255
243,218,402,331,452,369,256
74,80,220,216,509,499,256
70,46,132,127,421,463,256
98,66,191,189,464,488,256
44,23,54,64,341,421,256
67,50,372,345,547,552,256
13,20,117,115,477,477,256
148,134,253,214,377,322,256
12,32,89,89,388,323,256
11,22,55,67,374,376,256
11,20,73,76,401,423,257
48,39,112,93,469,438,257
35,28,117,123,420,430,257
45,31,219,182,485,514,257
42,37,75,79,422,390,257
232,209,179,179,503,488,257
74,73,117,126,422,460,257
103,74,259,244,484,510,257
36,22,47,51,182,365,257
42,26,91,93,390,393,257
30,20,104,106,408,380,257
18,22,187,187,468,485,257
68,78,145,157,479,478,257
22,29,231,219,492,451,257
66,67,282,262,511,511,258
38,22,71,71,331,354,258
102,63,133,146,440,452,258
59,30,75,90,401,403,258
56,24,43,50,399,397,258
111,71,219,215,523,535,258
58,21,71,38,389,413,258
188,122,417,350,581,570,258
126,77,229,196,516,509,258
50,21,98,75,342,370,258
62,33,104,99,473,440,258
42,41,274,242,507,522,258
48,28,53,57,343,378,258
99,75,99,92,446,440,258
61,31,135,135,422,392,259
54,31,86,81,424,393,259
247,186,392,331,558,564,259
28,24,124,116,439,467,259
421,277,890,446,553,540,259
16,25,38,49,380,422,259
57,27,192,166,476,515,259
67,32,47,62,403,459,259
54,23,80,64,354,395,260
439,326,423,347,595,592,260
46,37,140,115,446,424,260
41,26,91,75,387,437,260
20,20,96,89,421,421,260
61,68,174,151,489,476,260
43,25,132,134,434,441,260
59,24,99,103,414,431,260
303,208,617,510,595,597,260
132,87,197,185,495,524,260
168,110,613,535,557,571,260
77,46,111,103,436,484,261
72,50,131,117,490,492,261
59,46,74,77,460,439,261
85,74,162,157,475,478,261
661,552,856,635,629,623,261
105,83,292,272,513,498,261
132,104,302,249,522,522,261
48,34,165,161,438,466,261
272,234,380,339,545,555,261
29,23,118,116,463,424,261
158,159,291,270,550,551,262
334,288,646,511,590,623,262
36,40,135,127,420,405,262
19,30,106,103,406,436,262
60,47,97,81,451,447,262
89,44,326,251,487,474,262
66,67,113,120,437,437,262
10,23,96,99,425,397,262
52,48,182,162,463,473,263
75,54,195,169,488,463,263
56,30,74,80,357,452,263
473,396,460,419,603,597,263
49,20,156,121,434,416,263
78,45,82,90,413,400,263
351,295,604,584,556,555,263
294,217,627,516,574,611,263
40,21,56,52,320,357,263
330,246,767,640,598,645,263
20,20,98,100,267,367,263
46,46,106,110,347,401,264
32,37,109,113,426,407,264
23,23,194,178,429,430,264
56,38,106,110,489,509,264
149,73,465,292,602,613,264
151,96,300,226,522,542,264
49,29,139,132,406,433,264
105,87,290,263,475,486,264
17,22,118,103,399,390,264
82,92,317,306,491,542,264
40,52,116,113,487,460,264
76,71,416,358,539,538,264
44,53,163,163,450,455,264
43,52,139,133,498,506,264
40,24,139,136,449,444,265
112,72,247,224,518,528,265
23,28,55,64,416,438,265
38,46,178,152,465,449,265
32,33,137,134,436,462,265
9,23,94,81,412,348,265
49,56,219,196,471,494,265
106,103,283,191,426,384,265
37,43,136,127,371,407,265
39,21,47,51,231,324,266
42,26,52,67,387,368,266
49,33,84,83,422,401,266
75,57,49,33,410,348,266
180,101,406,177,555,522,266
28,22,92,87,385,418,266
9,30,148,123,434,445,266
169,165,498,383,575,540,266
31,22,77,69,410,364,266
28,22,145,99,448,441,267
161,135,298,269,525,539,267
12,28,154,144,449,443,267
77,99,224,236,472,455,267
15,30,146,131,449,445,267
164,167,432,410,569,546,267
120,126,355,348,546,561,267
59,65,133,130,474,506,267
327,250,319,296,566,559,267
91,68,178,152,445,458,267
36,30,114,120,418,424,267
63,50,82,69,424,405,267
112,97,503,438,556,541,268
207,185,380,343,471,485,268
18,36,104,115,405,406,268
36,45,241,217,444,473,268
32,45,130,137,428,396,268
52,45,123,119,424,381,268
150,102,379,306,539,529,268
81,48,328,288,510,504,268
46,26,67,77,436,416,268
34,40,57,49,225,333,269
256,228,555,470,587,586,269
24,37,150,149,442,488,269
26,29,90,88,459,438,269
170,128,562,412,639,630,269
96,89,261,238,520,527,269
22,30,239,174,464,502,269
16,24,45,49,392,412,269
20,30,97,89,443,447,269
87,95,282,269,478,478,270
20,29,40,45,351,409,270
209,191,419,382,559,558,270
48,39,162,163,452,463,270
39,22,62,50,385,400,270
53,23,72,59,359,402,270
117,79,171,163,432,437,270
106,66,258,232,532,526,270
77,50,82,89,424,442,270
49,23,87,88,340,350,270
294,260,820,679,634,659,270
16,20,78,57,426,412,270
16,22,134,129,440,450,271
178,158,231,221,506,497,271
45,32,135,134,457,474,271
90,63,86,88,350,436,271
89,66,193,171,494,484,271
19,23,119,108,313,321,271
53,66,206,196,475,464,271
14,20,109,115,419,380,271
33,38,95,97,373,397,271
195,177,584,561,593,608,271
62,50,129,128,431,424,272
79,57,95,102,427,424,272
44,33,62,75,420,385,272
305,221,785,661,607,626,272
91,68,177,152,484,497,272
62,32,92,84,424,410,272
247,155,695,517,598,623,272
52,28,173,156,466,481,272
163,137,338,323,512,512,272
32,24,91,86,425,427,272
56,62,118,124,448,454,272
96,90,218,216,523,519,272
148,98,224,136,359,391,272
104,53,242,162,505,512,273
75,45,105,107,450,438,273
148,86,547,405,560,557,273
144,116,162,165,458,454,273
51,32,189,166,476,502,273
74,42,121,96,432,406,273
154,136,312,226,500,503,273
73,62,315,284,520,520,273
245,223,365,340,560,590,273
68,57,196,150,499,475,273
26,22,63,60,393,413,273
102,65,279,224,500,487,273
219,165,358,332,529,530,273
80,46,104,105,415,428,273
59,24,85,88,328,407,274
62,46,158,162,421,425,274
151,145,698,580,447,423,274
109,88,357,269,538,545,274
38,37,134,136,486,469,274
91,48,268,251,458,468,274
133,114,303,287,496,507,275
11,20,83,79,387,394,275
37,25,214,128,462,460,275
36,26,133,120,425,412,275
54,27,57,41,409,380,275
66,35,59,64,382,388,275
58,22,59,58,391,390,275
81,43,123,125,421,457,275
96,65,256,258,487,496,275
56,22,49,49,384,402,275
109,77,121,113,439,421,275
269,153,885,746,624,659,275
39,21,68,60,444,404,275
78,50,61,42,375,386,275
79,43,121,112,442,434,275
36,28,108,104,378,409,275
44,32,180,118,485,493,276
29,27,86,87,342,377,276
212,172,649,560,587,578,276
45,31,113,115,425,411,276
80,50,548,364,439,330,276
328,270,596,513,587,586,276
43,20,78,85,410,416,276
281,181,832,589,645,644,276
54,22,63,53,393,443,276
56,24,31,45,375,400,276
113,64,354,318,539,555,276
128,82,90,74,486,452,276
147,133,477,446,548,563,276
24,24,129,80,410,400,276
18,21,161,121,400,418,277
30,34,120,123,446,425,277
52,46,163,148,487,488,277
46,49,93,93,402,371,277
21,21,142,138,410,459,277
216,197,423,378,579,572,277
65,58,195,186,477,491,277
28,20,81,84,433,401,277
64,61,155,162,436,462,277
42,22,93,93,362,324,277
38,20,57,58,366,410,277
80,37,191,182,495,510,277
115,56,214,183,525,533,277
74,40,108,108,395,393,277
105,62,725,642,535,544,277
39,37,49,53,393,402,277
96,96,362,340,529,550,277
87,81,111,102,476,447,277
53,22,62,70,412,415,278
154,98,235,205,451,409,278
71,29,76,71,343,357,278
60,25,54,52,351,401,278
57,23,27,23,362,371,278
77,41,85,96,389,424,278
38,23,56,56,353,426,278
387,340,766,635,602,586,278
41,25,100,104,442,440,278
46,29,147,137,449,483,278
70,64,314,239,523,507,278
17,23,140,138,461,450,278
46,42,167,174,494,470,278
413,374,783,738,595,595,278
19,20,99,81,336,372,278
326,273,453,429,573,567,278
40,20,29,41,394,410,279
60,26,34,38,406,362,279
46,21,91,94,369,366,279
743,536,796,686,590,551,279
47,21,170,141,435,393,279
25,27,81,84,398,421,279
26,30,118,110,431,440,279
21,25,53,60,391,373,279
27,30,72,79,398,439,279
39,24,97,84,382,390,279
111,80,202,160,415,397,279
66,50,105,107,438,384,279
459,240,570,265,571,557,279
69,36,117,129,391,364,279
277,196,587,508,573,589,279
85,37,76,82,409,437,279
63,26,84,90,400,432,280
329,220,405,325,446,435,280
340,262,591,377,589,582,280
298,155,298,163,469,443,280
116,79,128,117,487,483,280
28,28,103,106,345,360,280
34,29,106,78,391,431,280
24,28,125,120,288,377,280
28,23,69,69,402,388,280
46,45,128,118,446,443,280
112,73,248,219,367,343,280
54,25,61,61,451,422,280
86,45,193,154,443,433,280
62,23,35,48,252,339,280
73,26,117,101,442,487,280
70,28,118,113,435,433,280
117,67,205,150,452,487,280
48,20,49,53,337,385,280
91,48,109,112,397,466,280
54,20,102,102,381,414,280
138,86,177,172,502,513,280
235,151,526,402,555,543,280
50,23,120,125,428,446,281
69,38,101,92,354,389,281
55,23,116,103,430,463,281
48,33,294,238,482,498,281
41,22,193,169,471,495,281
749,640,789,694,634,665,281
47,29,123,107,430,477,281
52,26,123,110,416,390,281
50,29,111,117,460,442,281
108,49,220,130,491,503,281
255,131,888,675,615,614,281
63,28,82,75,378,351,281
144,104,294,261,515,524,281
221,192,674,602,597,606,282
81,77,314,295,534,522,282
257,237,461,434,592,613,282
29,29,97,97,395,349,282
104,95,248,239,513,503,282
70,44,151,150,443,447,282
104,70,169,173,377,413,282
136,87,126,122,494,468,282
50,22,48,49,402,353,282
47,24,103,110,385,353,282
178,123,377,346,524,512,282
54,39,226,206,495,518,282
68,65,161,96,476,486,283
26,25,54,66,373,332,283
45,39,73,89,391,362,283
98,65,311,278,531,510,283
84,57,197,191,497,476,283
89,66,197,198,459,445,283
104,62,395,350,498,489,283
73,35,126,132,409,419,283
53,23,91,88,351,356,283
36,23,130,131,455,452,283
62,54,214,186,463,438,283
75,66,167,171,395,424,283
42,49,190,185,429,424,283
31,23,101,83,373,436,284
204,148,653,462,597,591,284
52,34,277,246,476,478,284
97,72,107,114,432,386,284
51,30,120,134,383,333,284
64,36,74,85,319,374,284
724,486,319,214,495,505,284
96,50,272,199,520,558,284
44,22,141,137,457,466,284
77,47,174,175,452,495,284
44,24,34,36,389,343,284
555,377,690,506,644,640,284
99,58,240,225,515,498,285
73,38,75,85,418,413,285
80,40,122,119,464,461,285
192,134,408,375,534,539,285
85,47,118,119,448,432,285
201,156,132,144,461,456,285
82,49,161,150,454,473,285
266,205,439,403,568,557,285
48,25,72,67,386,340,285
37,28,125,124,412,419,285
86,63,225,214,517,496,285
86,48,179,134,422,412,285
227,179,411,381,519,513,285
61,28,197,170,470,460,285
233,154,565,471,574,568,286
65,36,93,91,439,441,286
48,22,101,106,294,406,286
220,168,501,458,571,592,286
36,41,197,193,447,414,286
10,20,107,100,420,395,286
139,118,449,373,503,477,286
26,23,156,112,480,476,286
29,28,42,56,324,384,286
43,37,39,49,459,454,286
100,54,375,264,554,573,286
337,292,462,426,590,592,287
25,21,140,123,310,370,287
10,21,124,128,358,401,287
137,151,137,145,445,421,287
173,150,404,331,572,567,287
37,26,122,113,420,368,287
41,38,142,141,410,438,287
52,45,153,157,407,423,287
367,323,246,252,520,321,287
41,21,55,37,308,373,287
44,26,69,79,359,363,287
94,59,253,203,490,463,287
165,141,292,290,514,539,287
77,59,367,328,533,520,288
25,22,68,78,402,407,288
26,24,87,89,385,421,288
19,27,91,78,405,390,288
33,30,114,121,394,412,288
42,31,84,90,344,369,288
43,31,141,127,435,434,288
78,64,146,144,442,492,288
50,43,223,195,476,479,288
84,114,344,330,528,558,288
146,169,303,287,512,542,289
67,85,340,303,538,531,289
64,67,158,162,396,436,289
173,181,592,487,581,596,289
19,47,150,144,478,467,290
148,149,267,261,513,541,290
48,58,152,157,409,404,290
20,28,102,108,360,372,290
216,185,551,481,600,593,290
55,82,147,151,446,454,290
60,85,349,314,517,491,290
66,110,423,364,529,528,290
115,99,373,341,521,541,291
81,81,225,222,485,469,291
11,21,192,183,424,462,291
182,204,614,553,576,586,291
9,47,147,137,478,481,291
15,47,216,213,441,467,291
78,95,367,343,507,506,291
577,469,756,584,634,618,292
9,24,104,110,463,468,292
126,127,349,328,532,556,292
99,132,247,240,518,553,292
24,23,113,79,381,371,292
263,178,596,489,586,567,292
33,41,117,113,427,382,293
424,452,426,376,606,600,293
413,383,657,585,637,658,293
129,137,123,80,383,360,293
26,20,72,81,432,490,293
42,43,98,106,403,377,293
113,95,269,243,535,533,293
25,31,107,105,458,430,293
20,23,66,68,412,365,293
10,34,176,152,411,449,294
75,93,198,199,476,477,294
97,78,281,213,530,523,294
44,31,110,104,424,389,294
65,48,159,150,396,471,294
47,34,55,60,393,435,294
119,138,252,242,486,499,295
31,38,62,74,405,387,295
30,39,160,137,452,448,295
51,36,190,173,454,498,295
57,44,145,135,442,488,295
87,64,296,244,489,490,295
166,138,305,294,530,517,295
37,24,102,92,358,376,295
11,25,97,103,427,409,295
45,33,158,114,484,431,296
150,132,498,439,505,527,296
95,98,199,201,495,484,296
66,57,143,125,469,490,296
17,48,97,110,412,426,297
277,244,538,510,575,573,297
34,21,112,108,432,434,297
58,46,179,170,458,443,297
85,68,298,267,517,514,297
31,21,103,70,412,425,297
107,109,99,59,360,329,297
141,142,402,337,530,523,297
21,28,206,167,401,340,297
49,50,179,180,443,476,297
109,80,257,227,527,544,298
84,64,184,179,458,457,298
31,20,62,55,347,363,298
149,159,127,114,442,426,298
76,85,309,278,530,548,298
185,210,233,219,510,508,298
183,179,453,344,577,599,298
84,80,349,314,529,559,298
52,56,231,235,472,454,298
463,365,762,641,616,610,299
39,36,78,76,445,434,299
109,87,321,299,538,531,299
144,109,288,255,539,519,299
220,165,728,595,588,618,299
18,25,132,143,448,446,299
110,102,436,366,582,583,299
304,268,757,592,630,657,299
20,37,180,162,501,506,299
228,206,382,342,560,542,299
51,28,225,186,469,462,299
40,21,83,72,404,434,299
330,233,667,523,592,588,299
38,22,90,74,354,379,299
50,30,69,54,433,397,299
77,49,200,181,485,484,300
56,28,65,62,466,464,300
119,87,298,282,524,533,300
67,47,169,161,431,455,300
30,23,109,102,459,424,300
94,84,431,372,548,574,300
92,107,135,125,441,462,300
95,105,255,229,534,563,300
53,49,68,72,454,449,300
119,113,170,172,489,461,300
39,21,40,42,414,411,301
72,64,176,138,472,460,301
83,103,189,194,430,397,301
130,150,218,203,478,458,301
186,162,664,594,549,544,301
40,27,125,100,394,393,301
50,37,96,106,440,453,301
81,50,107,115,434,435,301
88,63,132,132,447,457,301
66,37,230,215,482,486,301
46,25,103,85,308,368,301
40,31,128,116,465,447,301
250,227,459,405,530,538,301
46,53,124,123,458,457,302
37,41,359,294,542,557,302
25,33,180,180,447,462,302
45,27,55,64,403,430,302
48,24,104,112,403,340,302
52,24,71,71,394,402,302
95,65,99,93,448,466,302
82,58,145,154,407,436,302
203,168,407,371,560,573,302
42,27,134,126,411,398,302
140,60,342,167,474,428,303
600,500,531,492,627,614,303
97,59,208,189,473,467,303
78,49,94,94,397,464,303
107,104,282,249,451,467,303
25,20,80,79,433,459,304
42,26,56,52,401,407,304
93,64,229,216,515,502,304
44,20,86,82,400,380,304
96,65,116,98,417,431,304
71,38,51,50,393,411,304
40,25,69,60,401,355,304
65,43,127,128,471,485,304
65,59,82,41,347,368,304
23,33,93,90,439,419,304
184,128,553,398,572,543,304
16,28,127,135,382,424,304
138,117,421,353,556,573,304
41,22,51,52,364,389,304
76,44,203,193,482,496,305
95,55,181,172,487,502,305
96,57,334,280,478,442,305
52,26,104,108,407,419,305
69,30,138,94,424,438,305
85,46,112,101,492,483,305
224,194,234,211,404,410,305
109,84,177,182,492,480,305
53,35,54,58,445,440,305
82,46,144,146,401,405,305
56,26,118,117,453,463,305
239,166,748,649,438,451,305
250,158,710,511,621,609,305
50,24,105,108,351,432,305
50,35,173,165,354,324,305
60,28,73,62,391,410,306
46,21,77,76,406,394,306
91,53,222,201,484,479,306
77,64,137,113,463,481,306
70,55,174,165,478,500,306
153,135,396,343,537,518,306
21,35,273,256,526,514,306
16,21,148,141,464,449,306
237,205,492,405,594,579,306
89,58,306,254,485,454,306
62,29,127,108,433,423,306
83,48,106,106,438,453,306
141,99,219,206,524,510,306
49,22,88,94,412,430,306
48,21,87,77,383,408,306
51,21,45,51,334,403,306
97,53,229,191,436,448,306
81,45,148,147,459,469,306
47,24,81,89,374,412,306
93,55,191,183,509,505,306
49,30,109,104,429,436,307
55,39,135,134,435,397,307
168,154,522,435,545,565,307
16,25,69,80,413,440,307
71,45,210,207,501,475,307
55,25,103,90,365,340,307
86,50,291,241,446,416,307
258,201,313,285,571,588,307
51,26,97,109,430,351,307
48,31,204,185,505,502,308
123,101,235,157,514,492,308
32,28,130,124,437,418,308
31,30,100,106,406,439,308
45,47,145,140,446,472,308
146,127,373,337,548,559,308
49,28,116,118,419,458,308
112,87,277,246,480,536,308
24,47,151,150,478,493,309
109,101,329,280,525,516,309
37,20,118,66,384,449,309
48,28,145,136,421,408,309
122,101,208,201,473,500,309
26,23,132,130,460,448,309
54,52,131,130,418,373,309
116,98,401,387,508,539,310
150,108,463,363,533,509,310
52,32,105,107,436,398,310
195,124,447,389,564,610,310
104,65,206,189,498,530,310
485,338,737,466,651,659,310
39,20,95,78,357,369,310
414,222,714,571,584,594,310
61,37,131,124,420,406,310
69,46,85,88,465,469,310
269,217,248,237,335,340,310
22,32,180,162,447,457,310
59,80,226,207,508,521,310
113,103,308,271,524,529,311
33,21,135,129,365,420,311
50,24,109,92,418,412,311
102,75,213,195,445,514,311
38,22,44,39,353,360,311
43,47,93,102,452,441,311
8,21,140,138,428,420,311
196,214,295,275,535,540,311
73,93,61,67,467,439,311
29,24,155,140,458,452,311
28,20,35,42,386,376,311
44,26,170,160,505,501,311
760,523,656,552,547,502,312
43,22,159,135,437,450,312
175,112,570,467,599,592,312
55,36,103,87,357,373,312
141,123,389,344,527,535,312
468,371,804,652,627,623,312
21,21,124,116,420,413,312
148,136,382,369,549,563,312
91,56,178,113,478,496,312
47,32,103,99,445,423,312
28,20,56,65,418,367,312
47,36,108,120,365,389,312
46,32,240,221,461,452,313
31,21,128,127,401,415,313
84,88,286,273,509,494,313
197,192,370,269,565,579,313
26,46,187,167,455,448,313
36,37,107,116,400,421,313
454,323,846,616,624,619,313
64,57,143,150,450,453,313
46,64,257,222,451,464,314
211,223,372,312,534,547,314
51,36,258,215,525,508,314
54,45,197,179,406,448,314
80,77,139,146,458,469,314
112,122,309,305,512,490,315
61,98,134,137,418,425,315
48,42,121,129,427,448,315
35,32,39,50,363,389,315
51,39,262,233,488,501,315
19,20,87,93,360,398,315
72,68,194,184,501,502,315
147,146,243,221,500,504,315
63,78,177,184,441,419,315
36,51,165,161,437,453,316
68,77,297,258,552,516,316
31,36,79,79,418,390,316
64,71,280,274,508,495,316
18,22,53,62,371,393,316
54,56,177,176,471,459,316
17,22,148,122,424,409,316
161,143,474,403,564,538,316
41,36,246,220,515,534,316
40,50,251,256,482,507,316
33,43,102,106,436,419,316
17,51,177,176,409,429,316
29,58,246,244,483,532,317
38,20,57,71,356,411,317
74,51,236,191,504,494,317
42,28,126,127,425,410,317
222,186,489,432,553,580,317
37,22,63,39,384,334,317
176,134,632,561,577,610,317
51,42,95,79,434,410,317
51,50,97,83,355,401,317
28,31,207,205,442,457,317
56,81,91,98,479,481,317
87,82,369,331,510,502,317
28,43,172,169,397,351,317
12,22,90,88,415,394,317
63,59,165,170,483,450,317
43,30,81,83,458,429,318
75,61,76,91,438,467,318
44,26,113,104,472,466,318
45,31,59,63,427,431,318
118,101,169,167,489,527,318
42,22,77,44,358,402,318
24,20,26,32,330,370,318
23,22,95,83,400,407,318
16,38,138,136,470,450,318
84,100,432,396,515,551,318
165,161,485,406,559,567,318
41,42,106,113,467,452,318
29,43,90,78,423,395,318
25,35,184,175,501,483,318
37,30,112,114,411,434,318
37,26,115,120,399,383,319
39,27,92,76,426,444,319
83,59,132,127,481,457,319
37,20,66,74,347,421,319
132,101,229,198,501,511,319
37,31,123,128,473,446,319
35,33,111,111,432,420,319
35,39,184,165,396,348,319
49,73,68,84,457,444,319
493,456,782,670,628,614,319
150,157,242,203,548,538,319
423,362,496,354,625,622,319
25,20,118,123,345,410,319
41,22,116,106,275,368,319
66,46,114,94,436,443,319
73,51,57,57,394,424,319
44,27,65,76,349,356,319
47,28,156,132,427,460,319
43,46,184,174,488,491,320
120,103,467,378,541,544,320
16,32,153,150,410,426,320
33,56,230,211,490,485,320
23,53,87,96,363,394,320
49,49,111,110,486,479,320
31,31,36,44,399,367,320
63,66,130,118,475,461,320
40,32,109,86,450,450,320
34,27,72,81,267,349,320
398,325,572,409,592,581,320
46,46,134,130,416,483,320
54,81,37,42,635,364,321
10,24,120,111,442,449,321
91,80,170,164,517,516,321
40,38,110,116,418,421,321
52,44,101,107,414,392,321
68,55,93,97,419,457,321
48,33,190,170,436,416,321
61,43,233,209,479,525,321
231,110,416,229,500,459,321
19,21,74,81,355,399,321
42,45,101,103,417,470,321
28,28,149,131,453,448,321
671,586,735,589,475,342,321
30,46,202,150,491,461,322
91,106,267,262,513,542,322
20,20,92,89,349,363,322
55,39,96,100,445,488,322
66,52,220,190,463,438,322
209,169,472,414,556,555,322
22,23,96,89,428,430,322
115,112,228,220,485,490,323
48,40,85,89,420,406,323
47,33,72,82,420,429,323
29,22,61,69,428,382,323
23,32,84,93,406,404,323
11,33,202,162,509,500,323
59,88,174,174,476,484,323
71,95,209,207,478,448,323
140,136,682,589,584,622,323
351,363,359,302,425,364,323
40,27,134,131,426,445,324
47,35,112,105,509,548,324
53,58,151,157,464,495,324
25,22,89,100,396,415,324
40,56,149,150,468,447,324
74,88,174,150,486,464,324
82,83,579,393,574,574,325
61,51,235,229,470,475,325
244,201,420,356,586,579,325
23,31,144,153,443,424,326
20,23,148,149,388,408,326
100,124,334,317,464,470,326
11,40,132,140,435,466,326
76,87,299,236,507,523,326
21,43,180,187,480,511,326
568,494,705,635,623,638,326
49,50,217,193,493,499,326
117,108,164,118,374,345,327
43,72,152,132,511,492,328
155,162,374,325,532,542,328
9,42,97,105,423,404,328
9,25,81,92,397,399,328
34,26,109,79,437,410,328
183,158,481,409,603,600,328
40,57,269,239,468,475,328
53,90,77,85,453,487,328
160,99,425,275,549,538,329
36,36,254,206,502,489,329
11,32,159,132,438,457,330
22,25,90,89,432,432,330
53,42,211,194,508,541,330
36,25,77,87,442,460,330
62,52,154,155,480,467,330
48,31,199,169,490,516,330
12,32,90,84,447,425,330
75,92,188,149,512,520,330
143,159,223,216,517,525,330
24,41,153,155,472,473,330
37,55,56,68,363,429,330
68,87,234,230,507,522,330
29,48,185,193,501,520,330
488,465,838,739,611,608,330
49,43,64,72,364,374,331
33,30,71,85,428,470,331
54,35,55,38,355,341,331
45,34,176,130,518,516,331
50,27,183,172,477,431,331
136,96,476,411,582,597,331
21,34,131,127,428,448,331
11,22,93,95,366,391,331
23,29,78,90,371,433,331
48,26,93,89,287,399,331
42,20,106,104,413,408,331
40,24,91,102,414,432,332
25,31,107,115,425,401,332
43,44,369,330,535,548,332
19,26,127,117,482,457,332
21,25,159,140,441,457,332
436,344,788,628,467,369,332
95,66,193,195,456,469,332
32,21,79,64,292,360,332
241,176,427,379,584,596,332
256,213,268,240,545,537,332
105,98,315,236,539,544,333
138,109,718,435,599,613,333
26,36,117,124,409,421,333
42,29,164,146,408,373,333
125,108,82,78,365,331,333
61,40,172,171,426,466,333
44,31,121,125,465,424,333
50,38,74,86,380,450,333
113,90,233,211,495,513,333
773,736,196,121,403,367,333
31,20,68,73,438,431,333
99,92,399,366,568,594,334
25,39,77,83,392,389,334
15,24,123,118,411,437,334
27,35,132,133,459,450,334
90,67,226,201,472,480,334
62,30,117,104,384,392,334
245,195,434,409,526,547,334
147,94,391,316,520,457,334
107,83,192,129,444,449,334
114,93,161,94,510,489,334
59,71,189,174,481,480,334
60,74,303,290,519,488,334
317,276,715,599,612,598,335
68,61,322,265,516,534,335
63,49,96,104,404,410,335
63,37,63,54,405,402,335
65,34,124,119,350,399,335
76,39,249,217,507,531,335
35,20,131,115,440,442,335
22,29,196,191,431,476,335
21,29,103,112,469,464,336
72,71,247,236,505,493,336
630,562,855,787,620,613,336
72,31,63,61,524,385,336
57,47,306,277,505,532,336
65,37,199,186,436,454,336
20,23,111,102,423,408,336
8,22,135,129,433,450,336
414,396,652,581,607,599,336
29,40,162,109,397,415,336
28,22,92,94,375,386,337
56,34,88,101,386,417,337
63,34,92,101,461,449,337
46,21,86,93,330,370,337
17,26,86,85,335,373,337
22,30,125,105,484,494,337
98,103,191,166,433,409,337
95,87,148,157,455,440,337
51,30,154,145,413,424,338
109,111,144,145,529,521,338
16,31,147,133,479,494,338
15,22,85,83,381,390,338
98,83,216,212,493,492,338
90,74,245,236,513,513,338
38,21,100,99,472,476,339
89,60,140,137,473,506,339
43,55,177,165,411,433,339
25,40,92,104,408,421,339
45,54,230,206,481,478,339
43,23,74,83,374,355,339
82,44,333,310,327,341,339
56,26,74,55,439,442,339
47,23,70,67,387,390,339
55,24,127,94,400,410,339
50,24,33,28,317,329,339
47,24,59,51,423,434,339
99,101,121,134,466,480,340
121,95,388,343,557,567,340
91,65,439,349,532,526,340
46,24,59,67,392,363,340
31,25,29,38,327,383,340
129,94,253,239,482,494,340
36,22,133,120,457,467,340
29,22,42,46,334,380,340
30,44,114,120,458,474,341
123,133,213,211,503,515,341
328,251,501,447,579,561,341
49,23,80,89,324,369,341
40,22,187,187,477,507,341
39,33,103,109,405,414,341
29,37,126,115,413,415,341
43,45,186,164,480,485,342
110,91,309,296,484,501,342
75,48,127,104,398,399,342
168,116,508,461,546,549,342
93,61,215,188,463,443,342
281,235,228,230,534,344,342
31,26,72,82,409,398,342
11,21,61,60,420,446,342
34,41,150,148,574,584,342
41,42,122,116,472,463,343
115,102,109,101,470,477,343
121,60,455,315,543,519,343
51,30,117,112,433,394,343
403,267,867,585,649,651,343
45,22,100,106,407,395,343
43,21,70,72,380,355,343
52,21,146,86,369,319,343
40,20,91,94,381,420,343
84,54,106,108,421,419,343
41,21,143,120,394,373,343
47,50,104,112,401,430,343
52,62,132,118,460,476,343
33,37,79,49,405,347,343
39,20,139,117,471,466,343
53,22,48,58,399,353,344
57,25,106,103,400,431,344
105,53,208,161,470,467,344
179,119,338,315,400,390,344
57,26,76,80,325,354,344
86,48,205,190,494,482,344
68,41,52,63,407,407,344
126,79,395,307,554,569,344
36,22,94,96,411,419,344
23,22,99,86,416,417,344
50,33,141,145,411,405,344
49,27,107,115,391,397,344
88,53,183,181,459,473,345
128,80,268,234,518,505,345
46,25,87,77,351,420,345
204,148,240,196,534,363,345
28,21,72,75,430,410,345
22,29,141,135,426,389,345
25,30,144,138,469,492,345
413,396,225,212,632,404,345
25,30,80,89,466,412,345
105,78,236,204,502,486,345
155,105,385,326,545,560,345
109,65,75,82,435,430,345
55,27,46,57,425,419,345
277,233,534,492,564,524,346
52,27,76,89,344,337,346
13,22,72,74,417,465,346
78,79,342,308,519,515,346
45,41,171,162,483,448,346
22,27,66,78,436,399,346
437,389,629,534,606,611,346
38,25,59,69,391,421,346
41,21,62,52,428,382,346
99,52,200,190,472,461,346
50,24,51,58,351,335,346
49,21,30,28,329,359,346
532,419,357,195,495,488,346
70,42,66,74,418,418,346
73,40,54,56,430,432,346
92,54,133,133,386,372,346
99,57,135,132,442,435,346
50,21,36,45,365,353,346
196,147,247,222,521,523,346
47,21,120,115,373,361,346
42,36,133,136,441,427,347
108,78,399,325,564,568,347
70,42,131,137,471,469,347
80,44,239,229,430,426,347
246,183,462,389,584,589,347
52,24,80,84,331,351,347
65,32,61,65,387,413,347
121,47,198,91,423,417,347
163,117,169,169,491,462,347
308,194,438,325,579,566,347
121,76,199,184,516,516,347
96,63,78,92,426,431,347
166,129,454,386,575,576,348
567,483,862,676,602,622,348
23,22,131,125,472,451,348
52,38,118,110,481,486,348
50,22,148,65,440,378,348
145,97,654,506,587,591,348
61,28,95,89,410,360,348
47,20,52,61,387,410,348
117,88,200,181,434,387,348
37,21,76,73,367,405,348
66,48,144,129,473,447,348
110,87,262,241,496,475,348
560,514,347,318,437,426,348
48,39,389,316,558,565,348
122,94,254,234,524,550,349
163,113,361,287,534,565,349
115,55,498,396,550,535,349
406,345,601,511,593,592,349
278,262,374,358,453,460,350
548,370,769,568,671,673,350
47,22,92,91,432,439,350
83,46,200,192,428,405,350
72,38,123,117,451,447,350
25,23,92,93,412,407,350
40,30,64,72,379,361,350
84,77,206,199,473,487,350
32,32,92,93,434,468,350
21,29,65,70,408,449,350
91,45,217,176,486,488,351
237,178,567,499,561,563,351
21,24,78,81,429,464,351
25,30,212,200,478,483,351
305,200,582,478,601,584,351
73,27,336,253,489,498,351
26,21,117,123,470,435,352
74,68,254,218,506,483,352
43,44,157,157,487,475,352
34,28,213,127,415,412,352
50,27,140,126,431,414,352
56,42,109,102,438,426,352
90,40,376,265,546,563,352
77,43,81,82,342,359,352
66,31,171,173,459,466,352
66,39,122,122,405,442,352
63,29,135,124,453,445,353
81,69,453,376,568,584,353
24,35,91,76,318,347,353
72,79,201,197,420,360,353
338,301,592,480,617,621,353
20,27,84,89,419,415,353
147,133,132,101,483,498,353
59,61,177,169,440,433,353
252,192,547,367,602,610,353
81,40,187,172,461,484,353
94,50,132,113,400,448,353
59,21,51,50,398,360,353
87,44,141,112,459,412,353
84,43,162,122,409,454,353
62,29,234,199,492,499,353
702,556,734,621,637,627,353
48,32,117,104,373,435,353
66,42,157,146,437,429,354
40,23,139,132,463,445,354
77,47,178,164,439,467,354
115,78,180,167,460,476,354
57,27,101,107,407,374,354
65,33,145,137,349,373,354
68,34,112,110,323,321,354
48,36,160,160,356,337,354
102,83,262,232,570,557,355
46,52,142,124,465,453,355
30,28,134,127,465,464,355
74,43,85,93,418,421,355
43,20,70,69,262,326,355
47,20,48,52,337,351,355
60,32,111,78,436,430,355
230,170,275,240,551,570,355
16,24,165,110,472,491,355
36,46,159,136,401,428,355
63,68,322,296,493,495,355
51,21,67,71,350,363,356
68,27,81,71,393,450,356
57,20,60,44,394,375,356
57,25,138,96,364,424,356
42,22,88,87,421,446,356
201,156,451,404,526,533,356
50,31,118,119,393,379,356
48,34,100,104,407,437,356
37,27,106,91,412,401,356
81,71,171,170,485,502,356
42,34,144,127,449,439,356
376,300,426,370,597,589,356
259,186,549,461,584,584,356
56,21,86,83,422,435,357
94,55,174,178,436,425,357
72,79,199,203,409,432,357
106,92,272,224,536,521,357
399,366,564,492,607,631,357
51,54,251,233,473,460,357
48,27,121,126,437,417,358
59,44,167,168,456,425,358
36,24,176,104,379,332,358
34,30,104,100,397,362,358
35,31,370,309,519,514,358
25,27,152,146,445,425,358
26,22,162,170,434,349,358
130,91,213,195,526,516,358
60,23,120,120,412,436,358
154,108,132,129,474,484,359
89,50,135,108,410,426,359
61,25,64,54,379,420,359
91,55,141,145,461,443,359
40,21,76,77,334,320,359
86,54,162,153,475,490,359
38,21,77,85,415,426,359
49,20,98,75,395,379,359
63,34,145,147,415,423,359
50,36,130,126,455,462,360
34,26,134,76,375,333,360
14,24,93,91,437,389,360
421,276,800,564,633,670,360
36,43,61,60,481,488,360
14,21,60,63,392,403,360
18,28,131,132,405,461,360
13,20,112,114,331,351,360
32,23,72,81,403,428,360
276,237,543,432,560,562,360
687,572,818,721,624,642,360
44,24,72,72,388,399,360
59,51,201,189,465,495,360
41,28,118,122,453,486,360
80,46,174,161,411,431,360
93,55,130,135,475,471,360
52,52,189,179,477,454,360
206,205,200,194,538,528,360
20,22,73,74,411,428,361
70,36,159,139,453,475,361
76,51,143,134,493,518,361
60,27,47,58,376,424,361
69,26,160,145,484,503,361
54,21,75,68,360,389,361
52,22,38,47,399,342,361
43,22,85,72,333,337,361
150,114,222,229,479,475,361
105,83,226,182,488,494,362
56,24,116,104,376,394,362
161,100,608,495,550,586,362
52,24,161,160,464,458,362
50,22,73,74,358,368,362
80,50,82,82,405,388,362
35,31,97,100,427,449,362
204,171,340,336,543,543,362
28,33,54,47,422,442,362
405,385,804,754,592,627,362
52,28,208,195,459,489,363
191,143,379,342,550,534,363
108,64,223,222,500,542,363
399,266,694,519,620,616,363
54,54,304,273,510,504,363
11,23,64,75,347,432,363
48,53,188,178,478,480,363
154,160,248,255,673,419,363
30,20,63,58,390,359,363
298,243,535,495,560,560,363
122,85,144,75,357,334,364
204,133,468,342,579,574,364
54,26,97,95,444,473,364
39,28,144,143,491,496,364
23,29,103,103,433,473,364
174,154,310,280,553,594,364
247,220,225,219,552,525,364
386,221,764,468,655,662,364
48,25,76,76,390,441,364
55,31,123,95,445,434,364
67,38,223,189,491,475,364
196,164,170,168,495,475,365
68,49,168,158,448,449,365
175,154,270,262,534,550,365
36,39,172,155,459,447,365
22,25,65,51,423,388,365
388,339,730,652,624,642,365
72,48,232,213,455,433,365
56,33,177,165,410,475,365
42,20,68,80,306,397,365
114,73,142,132,569,588,365
52,22,36,33,358,368,365
81,44,226,219,466,520,365
92,60,145,122,483,475,366
93,55,62,53,430,377,366
196,169,497,423,558,566,366
51,32,225,187,502,475,366
14,20,64,66,384,340,366
23,26,96,95,387,398,366
33,30,116,116,438,429,366
52,32,77,78,400,450,366
773,597,873,764,567,568,366
43,23,50,60,434,420,366
69,32,120,101,408,444,366
244,223,673,623,558,551,367
69,37,164,170,455,483,367
189,128,342,272,460,448,367
35,25,107,111,429,350,367
29,35,189,147,464,468,367
55,58,174,170,474,486,367
148,134,445,371,547,551,368
26,29,159,139,444,462,368
28,23,74,57,386,415,368
40,20,75,71,402,379,368
55,24,113,106,450,453,368
45,21,65,58,340,362,368
48,25,29,34,432,417,368
61,60,146,137,416,424,368
39,41,103,98,391,400,368
474,355,740,585,640,670,368
42,29,63,78,387,424,369
126,117,312,297,534,550,369
67,28,117,94,416,398,369
262,186,546,451,546,548,369
152,108,84,83,459,478,369
80,46,143,147,467,497,369
80,68,174,92,415,433,369
67,73,317,231,520,535,369
42,37,215,212,481,467,370
195,161,405,324,527,547,370
45,24,148,126,469,469,370
114,94,165,148,478,456,370
165,146,216,220,512,500,370
11,21,90,90,429,436,370
40,50,181,178,466,467,370
19,32,153,133,486,481,370
30,44,158,136,430,412,370
67,42,106,87,418,405,370
138,132,153,151,402,426,371
424,350,795,682,601,615,371
41,27,83,83,405,416,371
9,26,104,82,436,388,371
15,33,173,172,429,465,371
144,145,293,246,551,522,371
52,25,81,81,384,358,371
45,26,118,109,378,402,372
73,57,91,95,363,396,372
19,24,173,156,456,438,372
105,129,168,180,472,483,372
61,58,174,173,405,447,372
61,56,564,508,549,553,372
45,39,33,47,275,374,373
61,57,106,112,396,406,373
111,121,762,529,601,597,374
316,297,550,475,568,559,374
40,80,197,196,448,374,374
410,338,743,548,629,624,374
13,31,101,111,348,363,374
20,30,157,165,331,340,374
115,109,294,265,493,521,374
94,127,223,210,516,514,375
22,36,198,163,427,453,375
133,122,455,385,524,516,375
320,305,462,425,568,561,375
69,93,192,197,449,481,376
161,183,418,355,577,589,376
37,70,122,133,454,471,376
21,37,163,164,452,468,377
179,172,389,368,569,576,377
13,23,64,73,411,426,377
362,305,656,575,607,629,377
142,147,643,582,568,537,377
134,140,375,322,553,557,377
18,34,137,138,445,436,377
28,35,176,153,439,437,378
12,21,123,109,411,436,378
63,70,207,197,462,423,378
24,51,227,207,512,514,378
39,69,184,170,502,502,378
26,32,127,133,389,406,378
211,185,449,343,587,572,378
34,24,165,160,450,475,378
39,28,78,68,386,373,378
46,29,204,149,395,344,378
9,21,183,184,472,491,378
29,30,142,116,417,406,378
35,22,157,98,437,431,379
561,540,782,641,641,643,379
20,52,82,82,496,462,379
15,34,167,132,502,530,379
13,24,230,119,417,351,380
37,57,146,135,468,504,380
371,362,653,618,594,627,380
66,65,162,171,491,495,380
38,42,167,142,479,494,380
72,51,194,183,457,476,380
18,36,111,108,420,413,380
59,71,380,282,513,512,381
75,93,62,37,409,432,381
237,151,198,87,437,431,381
48,26,75,88,448,458,381
37,20,116,113,463,407,381
97,66,275,240,517,560,381
161,128,356,316,581,617,381
226,236,284,262,548,536,382
46,33,48,45,404,402,382
97,105,318,301,523,566,382
28,31,165,154,477,483,382
61,75,99,107,432,442,382
19,26,155,153,458,474,382
138,137,399,330,560,565,382
121,65,339,213,571,559,383
151,74,440,234,513,429,383
56,33,147,141,502,441,383
42,24,100,68,491,500,383
54,26,68,46,405,341,383
36,27,42,48,354,321,383
31,23,193,180,437,447,383
12,26,79,79,472,453,383
44,51,67,78,507,479,383
43,38,186,104,473,479,383
36,37,261,207,524,522,383
58,24,84,79,307,385,384
595,477,817,731,628,658,384
212,153,242,236,506,359,384
57,26,92,86,387,359,384
46,28,133,123,465,452,384
439,420,568,520,608,589,384
40,43,296,276,519,530,384
29,39,111,117,454,422,384
48,51,190,159,508,497,384
200,178,433,402,558,557,384
40,27,102,96,437,418,384
50,51,162,157,479,465,384
36,42,45,54,429,412,385
40,40,239,205,506,519,385
156,142,320,298,557,542,385
35,39,104,100,422,410,385
169,162,349,318,528,484,385
23,23,119,114,473,446,385
27,28,148,137,458,468,385
123,118,197,197,496,492,385
40,21,62,57,409,401,385
191,102,508,421,585,582,385
554,405,882,738,643,660,385
37,21,66,74,372,355,386
101,100,197,195,501,492,386
21,25,127,129,450,503,386
64,67,194,205,473,475,386
44,46,140,136,459,456,386
145,131,236,207,502,380,386
112,98,233,214,512,526,387
27,25,105,110,425,429,387
23,21,59,69,360,364,387
128,121,308,283,495,487,387
25,33,110,114,435,443,387
208,206,106,113,486,344,387
37,36,81,80,466,481,387
86,79,218,206,490,469,388
137,124,423,379,550,558,388
36,32,128,126,460,455,388
227,151,687,465,641,647,388
204,192,345,356,408,421,388
84,51,204,198,486,498,388
75,37,119,115,463,476,388
128,81,377,327,562,552,388
110,73,414,352,531,551,388
174,127,430,398,547,581,388
60,55,177,151,480,478,388
51,49,126,134,466,467,388
37,40,134,123,478,488,388
67,63,199,166,484,470,388
20,20,87,98,425,426,389
45,26,49,61,356,384,389
42,22,75,76,294,328,389
55,36,218,197,470,458,389
68,40,143,91,467,500,389
48,24,38,35,422,383,389
39,20,125,122,413,432,389
35,30,261,234,516,543,389
31,29,87,83,444,438,389
96,91,224,201,497,524,389
62,32,154,120,456,417,389
47,45,89,97,461,459,389
81,70,353,320,521,545,389
27,24,184,158,467,482,389
25,25,84,97,378,411,389
46,40,138,129,489,449,389
27,21,76,84,375,395,390
25,20,93,88,386,394,390
59,39,136,124,443,440,390
374,270,863,709,624,602,390
231,219,190,146,426,353,390
19,20,61,73,325,383,390
162,150,164,135,404,428,390
235,184,666,539,607,598,390
38,32,188,174,456,454,390
63,37,182,117,450,432,390
90,56,69,81,425,415,390
34,20,75,83,430,414,390
59,30,85,88,325,392,391
98,70,494,431,508,501,391
58,35,103,102,443,443,391
37,31,159,157,453,439,391
246,189,591,401,557,559,391
37,23,114,113,438,464,391
21,22,43,44,395,417,392
39,30,242,224,520,535,392
60,56,134,131,477,487,392
97,73,281,223,535,516,392
30,20,94,88,371,368,392
39,39,76,69,363,416,392
40,37,52,61,420,390,392
98,70,310,262,529,520,392
28,23,99,98,411,412,392
87,73,675,575,529,546,393
33,24,171,152,492,507,393
63,46,149,124,431,437,393
52,20,32,45,351,357,393
64,23,31,40,352,326,393
56,35,91,85,413,409,393
37,29,89,91,431,424,393
48,40,196,150,492,483,394
64,62,200,209,495,500,394
53,37,198,170,506,497,394
341,204,838,678,617,633,394
360,276,453,380,597,608,394
73,60,111,111,457,422,394
45,43,233,216,523,509,394
39,34,163,137,469,467,394
22,25,145,142,415,403,394
134,99,555,412,560,557,394
121,91,154,138,454,446,394
31,20,62,56,165,380,395
52,30,110,98,401,398,395
204,115,606,350,545,569,395
31,37,126,130,398,433,395
24,32,117,130,410,429,395
20,23,133,133,401,439,395
92,76,432,394,467,490,395
177,153,476,406,577,568,396
222,205,422,378,570,560,396
242,231,402,370,535,538,396
44,44,64,74,395,321,396
34,25,137,132,427,431,396
26,21,64,77,432,389,396
52,25,89,92,419,479,396
35,35,144,142,450,443,396
84,68,414,353,544,545,396
22,24,34,43,344,388,396
22,22,83,94,403,354,396
141,125,190,165,511,507,396
24,25,101,103,413,367,396
64,60,208,206,489,481,397
75,56,179,175,474,494,397
67,42,246,213,527,519,397
42,31,103,100,443,453,397
435,371,512,396,603,619,397
249,187,797,644,615,631,397
91,89,143,139,504,512,397
593,433,854,662,645,648,397
203,166,730,550,601,627,397
113,100,231,214,495,507,397
242,141,876,503,619,630,397
42,32,100,99,393,382,397
87,70,255,231,480,500,398
47,22,72,76,403,420,398
37,20,112,113,381,402,398
247,160,193,129,360,379,398
95,97,234,238,501,495,398
127,88,877,604,621,605,398
41,34,181,159,443,423,398
103,92,292,286,465,454,398
460,327,602,434,625,619,398
148,89,661,566,589,607,398
29,21,96,92,406,377,398
32,23,90,86,390,378,399
116,109,156,145,444,461,399
216,194,314,278,547,543,399
63,40,448,314,564,568,399
66,57,181,183,494,488,399
52,39,299,266,476,481,399
37,30,104,104,462,394,399
37,32,134,123,440,444,399
399,353,438,415,555,332,399
35,27,81,92,324,357,399
31,30,99,95,396,398,399
31,32,179,164,457,443,399
293,245,557,545,542,546,400
395,349,687,598,607,606,400
55,45,147,126,435,460,400
68,40,117,121,459,480,400
65,58,252,237,502,488,400
43,24,62,34,288,323,400
213,169,493,418,435,364,400
45,23,74,74,325,323,400
47,28,113,121,413,428,400
41,23,76,78,443,424,400
39,26,77,64,426,437,400
32,29,144,148,426,454,400
21,21,100,111,391,402,400
30,26,74,81,399,410,400
32,25,122,121,396,368,401
277,249,367,355,419,391,401
47,41,104,111,379,437,401
71,62,50,58,343,371,401
250,168,609,520,577,576,401
81,68,136,132,490,533,401
47,23,164,119,457,453,401
65,55,154,158,462,456,401
38,33,88,85,439,395,401
57,25,149,136,434,408,402
45,21,65,70,290,392,402
63,43,237,231,493,508,402
189,138,469,417,556,552,402
396,299,786,545,608,592,402
151,130,545,459,560,566,402
47,41,80,82,246,403,402
47,24,134,130,441,439,402
45,22,232,195,512,562,402
251,165,519,415,576,574,402
242,172,804,665,604,629,402
92,70,215,220,502,500,402
54,41,93,101,459,452,402
90,80,225,209,498,480,402
57,44,240,234,469,512,402
33,22,138,128,437,445,402
197,168,337,301,553,521,402
97,82,160,166,409,435,402
33,23,94,91,362,357,402
196,168,387,358,554,573,403
327,261,897,725,628,665,403
90,67,218,186,461,472,403
100,69,277,243,513,499,403
42,31,149,100,401,440,403
44,39,83,89,428,423,403
33,27,87,98,444,447,403
31,25,211,185,445,428,403
88,70,174,168,518,524,403
50,41,116,124,452,461,403
41,23,80,76,427,396,404
47,23,142,140,406,459,404
264,233,527,483,570,581,404
66,38,200,147,489,483,404
50,39,80,79,481,484,404
88,75,221,216,471,500,404
40,28,127,126,405,398,404
40,35,97,105,405,456,404
44,35,38,47,393,385,404
43,31,164,164,463,459,404
231,146,782,615,609,592,404
30,21,70,50,381,386,404
32,21,83,62,431,412,404
304,260,320,309,480,398,404
23,22,113,102,412,439,405
110,95,163,162,465,471,405
30,21,87,81,400,359,405
46,35,180,170,484,481,405
27,20,107,100,327,398,405
60,50,164,154,437,436,405
139,111,385,314,533,554,405
28,23,129,130,395,371,405
27,21,80,73,413,374,405
45,34,122,126,467,464,405
65,53,201,196,454,439,405
74,28,100,91,374,362,405
66,28,106,97,393,425,405
101,56,125,126,458,424,405
92,45,272,250,488,475,405
103,66,204,190,391,399,405
81,80,258,258,465,463,406
171,143,407,362,560,557,406
54,31,100,94,363,348,406
59,26,99,55,418,422,406
40,21,100,83,424,421,406
321,196,810,479,621,612,406
61,45,195,188,492,480,407
360,286,841,718,595,572,407
81,66,139,134,487,481,407
88,72,203,187,496,501,407
49,41,122,135,397,341,407
43,24,105,113,455,447,407
131,104,239,193,494,481,407
122,89,308,285,511,533,407
41,29,49,58,412,410,407
44,29,120,110,391,380,407
189,169,175,145,507,494,408
72,56,167,166,493,480,408
39,22,81,92,410,363,408
106,75,178,183,471,492,408
52,23,48,52,405,366,408
36,29,144,128,475,484,408
27,21,107,104,413,417,408
53,38,177,157,488,474,409
54,35,146,145,478,480,409
439,346,791,612,631,617,409
46,20,87,77,391,451,409
53,38,240,216,515,542,409
22,20,131,129,305,410,409
26,22,38,43,346,373,409
217,191,420,397,556,547,409
66,52,211,208,522,505,409
354,283,601,456,619,604,409
250,235,248,248,507,512,409
40,30,71,56,256,349,409
31,22,115,106,429,429,409
53,25,242,141,504,513,409
55,43,122,129,450,462,409
400,317,642,501,481,420,409
38,27,198,181,497,489,410
35,24,104,77,436,427,410
156,107,301,290,513,504,410
79,56,209,199,511,509,410
90,78,177,173,468,465,410
37,33,187,172,518,518,410
20,20,57,63,353,374,410
43,41,100,96,473,453,410
24,21,120,124,423,463,410
57,49,126,128,468,451,410
180,168,515,476,547,542,410
50,31,231,224,469,452,410
51,31,146,147,468,469,410
68,29,152,128,415,438,410
66,34,86,93,415,404,410
44,20,67,67,436,418,410
309,258,382,272,579,566,411
377,327,562,526,596,583,411
42,28,78,83,325,400,411
86,74,331,309,494,464,411
44,40,143,151,442,440,411
42,35,165,169,467,481,411
45,23,160,157,451,457,411
61,63,87,97,415,351,412
46,26,89,71,360,397,412
149,103,360,189,525,525,412
68,60,152,151,444,443,412
26,22,96,95,283,331,412
66,64,158,165,400,380,412
181,165,301,293,514,502,412
28,23,141,117,459,473,412
387,287,674,551,612,616,412
51,23,136,97,395,395,412
262,137,862,571,616,611,412
39,21,40,53,379,386,412
45,48,98,104,442,398,412
22,24,104,108,367,416,413
69,53,272,244,530,510,413
37,30,108,100,417,378,413
133,114,430,364,551,538,413
27,24,107,108,464,470,413
34,29,324,310,439,442,413
95,56,455,333,559,561,413
34,21,104,103,366,405,413
193,131,445,392,542,549,413
244,190,325,292,558,531,413
151,112,279,257,501,483,413
137,88,304,262,528,544,413
90,94,271,262,524,510,413
22,21,95,96,290,381,414
62,55,141,146,419,390,414
37,24,106,99,417,424,414
33,22,70,74,352,378,414
39,24,134,113,409,390,414
109,85,543,409,443,367,414
240,165,878,542,557,530,414
27,22,140,133,486,489,415
25,22,103,91,398,440,415
103,89,162,152,478,490,415
615,429,704,443,644,654,415
114,88,263,234,451,437,415
371,282,565,468,604,591,415
61,25,87,81,395,370,415
56,25,129,80,470,458,415
47,23,66,73,334,409,415
191,152,556,485,591,599,415
112,60,254,188,418,446,415
39,22,80,72,447,435,415
62,40,120,108,403,441,415
51,47,103,110,374,380,415
19,20,128,125,431,440,415
61,67,137,126,437,424,415
22,24,82,87,404,444,415
58,50,241,202,511,512,415
28,21,212,179,467,453,415
47,39,56,67,371,423,416
62,22,28,30,369,362,416
102,57,66,79,272,371,416
130,88,285,218,575,584,416
190,178,285,276,538,530,416
39,33,193,189,499,497,416
31,28,44,44,379,388,416
57,50,162,163,433,450,416
30,24,124,127,370,445,416
39,32,201,187,526,490,416
161,133,402,346,559,567,416
121,92,364,322,544,532,416
121,99,358,331,516,501,416
93,80,106,121,473,478,417
26,24,216,196,447,459,417
20,25,81,83,381,342,417
47,39,237,223,476,462,417
99,79,398,370,543,576,417
178,159,392,378,539,537,417
74,39,110,109,436,426,417
65,30,181,174,464,483,417
65,32,99,97,380,397,418
25,25,80,81,403,419,418
19,30,77,89,382,372,418
91,84,224,197,440,449,418
65,66,356,341,498,532,418
22,29,87,99,398,385,418
11,24,99,101,404,433,418
32,22,152,131,410,417,418
148,110,552,408,588,581,418
47,30,135,132,388,402,418
440,376,362,311,581,571,418
66,33,107,90,433,456,418
82,56,217,168,490,488,418
29,32,145,133,415,406,419
320,288,670,620,580,575,419
22,21,193,128,434,440,419
141,110,157,159,478,463,419
135,63,159,110,442,420,419
39,45,164,160,454,419,420
105,110,176,173,457,443,420
29,33,111,115,377,412,420
53,50,231,213,480,456,420
30,32,46,51,366,369,420
31,31,80,90,438,452,420
40,27,75,75,348,397,420
53,41,89,94,435,422,420
52,23,40,45,372,415,420
51,20,102,76,432,433,420
44,30,175,117,453,438,420
50,41,175,172,428,463,420
556,477,518,261,539,521,420
26,27,35,48,403,414,421
64,62,332,308,525,525,421
14,20,92,94,427,394,421
107,87,210,163,418,334,421
29,20,84,91,418,413,421
147,109,266,242,537,535,421
64,38,113,118,365,448,421
169,116,248,225,494,488,421
38,26,107,103,390,430,421
68,57,154,157,488,471,421
33,20,112,95,344,421,421
57,34,112,78,395,358,421
180,147,523,482,529,532,421
89,70,135,132,474,482,421
23,25,85,90,427,382,421
15,25,111,108,418,425,421
211,188,411,370,553,554,421
18,20,80,91,331,358,421
20,20,100,98,381,420,422
339,306,370,324,598,616,422
26,25,74,76,435,449,422
40,40,207,194,461,489,422
23,25,95,95,437,452,422
367,305,567,454,578,583,422
54,23,71,83,437,403,422
84,56,141,139,439,497,422
52,25,77,83,400,392,422
111,104,260,251,532,527,422
40,20,46,48,389,397,422
121,48,188,128,466,474,423
68,30,76,75,401,370,423
86,50,86,84,421,395,423
74,49,131,143,443,454,423
128,100,334,287,545,532,423
55,44,86,91,428,461,423
40,47,122,115,410,453,423
53,52,264,238,459,432,423
120,82,183,176,513,521,423
65,28,76,73,416,398,424
43,21,82,82,467,423,424
34,27,188,164,447,384,424
68,63,128,111,433,471,424
29,30,156,151,475,433,424
128,105,275,180,518,526,424
26,26,152,142,464,440,424
45,20,60,65,393,386,424
45,21,62,67,334,332,425
387,343,720,598,616,611,425
40,24,207,171,472,473,425
25,22,89,91,358,410,425
70,62,154,157,500,508,425
33,35,285,251,459,447,425
115,96,297,240,555,540,425
114,77,202,192,486,485,425
249,190,298,278,540,520,425
77,35,87,91,407,413,425
104,90,318,246,522,526,426
20,20,123,113,469,454,426
72,66,129,130,423,472,426
102,62,243,177,497,504,426
57,28,196,167,391,413,426
53,34,126,122,410,446,426
75,38,206,191,473,476,426
37,22,81,88,377,379,426
37,29,64,69,368,381,426
129,118,279,271,545,564,427
73,66,149,108,464,474,427
125,115,236,217,523,510,427
48,50,180,172,486,486,427
62,61,182,170,478,473,427
50,31,145,139,463,482,427
54,25,126,88,351,338,427
451,335,606,510,465,449,427
123,77,90,95,451,453,427
50,30,125,99,336,350,427
64,27,120,105,382,414,427
78,43,203,194,475,495,427
88,53,247,238,535,548,427
83,74,244,198,511,514,427
245,233,334,323,548,525,428
22,26,116,90,417,399,428
416,274,661,378,563,592,428
19,20,92,97,379,367,428
57,50,169,161,470,475,428
41,24,132,89,405,423,428
54,20,78,82,274,384,428
71,34,140,128,401,448,428
433,250,220,138,458,437,428
75,34,139,91,470,453,428
229,155,165,160,501,504,428
68,27,47,57,420,390,428
552,487,358,374,481,512,428
39,23,93,69,401,420,428
583,441,889,633,584,561,428
107,87,111,108,455,450,428
39,28,117,85,426,452,428
16,21,105,111,403,419,428
25,24,105,96,374,387,429
41,26,85,89,435,422,429
51,30,124,117,430,448,429
48,32,185,177,462,471,429
184,180,239,231,510,513,429
16,24,27,32,391,377,429
25,24,95,102,389,446,429
60,47,126,109,474,468,429
65,25,206,202,434,502,430
226,140,575,434,592,611,430
49,37,104,82,286,374,430
190,193,402,386,490,486,430
56,23,25,30,219,351,430
109,65,204,189,463,466,430
57,28,77,84,409,447,430
79,62,179,162,513,510,431
24,27,145,109,427,463,431
217,182,836,537,645,637,431
62,63,151,152,432,453,431
149,121,707,591,451,432,431
22,26,103,103,451,442,431
48,49,318,298,386,437,431
79,67,301,263,528,521,431
42,30,110,114,469,445,431
34,22,60,58,363,326,432
58,52,184,133,511,512,432
20,22,83,85,384,374,432
17,20,103,109,425,407,432
80,36,54,69,381,357,432
54,21,29,32,432,413,432
54,23,66,62,393,364,432
47,21,145,143,438,448,432
51,31,71,66,465,462,432
28,21,70,68,387,375,432
33,34,176,171,479,467,432
37,30,185,161,434,466,432
25,21,139,117,387,401,432
26,24,124,104,381,442,432
324,302,458,442,457,423,432
16,22,186,178,445,473,433
119,125,137,144,493,515,433
61,55,336,299,495,530,433
171,165,303,214,500,463,433
52,47,191,176,500,494,433
427,337,638,478,619,621,433
27,20,61,63,271,364,433
41,36,219,218,480,506,433
105,77,259,235,474,498,433
40,41,280,267,431,442,434
24,23,160,158,476,465,434
24,21,206,177,439,475,434
39,28,106,105,411,391,434
47,32,114,105,416,437,434
55,26,122,125,468,438,434
46,37,54,66,460,471,434
36,21,104,105,475,462,434
416,389,500,483,582,583,434
38,29,121,109,451,442,434
23,27,95,105,425,454,434
100,92,512,472,511,502,434
24,20,292,219,585,596,434
49,46,154,150,453,460,434
269,241,544,451,591,581,435
188,153,164,165,528,519,435
604,393,683,496,635,623,435
43,42,91,98,385,394,435
42,30,122,113,364,379,435
60,62,158,155,451,480,435
61,56,208,189,445,454,435
159,127,552,468,579,570,435
95,72,299,259,396,338,436
37,35,118,126,428,429,436
27,23,89,93,415,377,436
46,33,170,138,411,418,436
92,71,123,130,422,418,436
415,352,365,316,598,577,436
54,42,75,84,386,392,436
28,22,111,102,449,421,436
171,152,325,294,549,546,436
17,20,76,70,369,393,436
175,150,513,449,557,583,436
343,260,412,352,588,585,436
33,35,136,137,459,409,436
82,52,158,151,431,448,436
74,57,193,201,486,457,437
33,25,131,124,450,458,437
85,69,205,199,496,495,437
25,26,81,84,375,402,437
52,55,121,133,404,406,437
35,35,71,77,410,438,437
69,65,191,194,480,448,437
56,43,115,106,382,397,437
57,26,131,132,421,447,437
97,65,75,63,320,355,437
46,20,112,107,456,430,438
86,68,143,145,488,503,438
54,47,311,274,508,499,438
123,106,248,212,540,560,438
18,20,103,100,364,321,439
172,152,273,256,502,546,439
86,67,232,217,479,489,439
50,37,135,125,434,487,439
41,26,204,161,470,468,439
26,22,167,163,474,470,439
33,22,44,45,426,340,439
323,281,378,345,590,553,439
31,34,198,201,439,453,439
32,52,205,205,467,436,439
9,29,60,58,410,335,439
21,40,113,120,404,457,440
491,400,855,622,647,648,440
234,238,695,631,576,600,440
30,52,179,175,466,459,440
229,202,337,316,521,539,440
130,131,186,192,482,504,440
782,611,855,742,610,579,440
102,126,298,289,545,556,440
22,40,204,210,453,482,441
19,23,150,84,454,464,441
15,38,155,161,370,441,441
130,129,168,122,503,510,441
214,225,268,262,529,530,441
17,22,125,113,402,402,442
56,47,137,132,496,485,442
651,555,643,515,620,610,442
11,22,149,109,453,463,442
28,45,164,162,500,495,442
30,53,115,126,393,403,442
17,22,129,131,439,451,442
63,65,85,92,468,433,443
775,714,830,749,599,595,443
22,43,259,252,457,464,443
18,32,175,172,453,468,443
73,92,139,154,422,448,443
54,73,180,172,452,436,443
13,30,121,127,446,474,444
247,246,614,566,589,607,444
48,43,124,120,453,450,444
19,22,73,66,416,391,444
33,30,171,170,479,456,444
83,83,149,158,495,519,444
471,262,403,185,560,526,445
95,98,383,345,516,531,445
17,30,181,176,469,433,445
207,211,331,328,571,608,445
17,30,111,108,415,412,446
124,121,188,182,540,533,446
35,23,87,83,416,373,446
135,115,364,305,537,553,446
57,57,251,235,475,487,446
39,41,179,119,359,350,446
168,136,491,391,569,549,446
55,48,132,128,419,421,447
108,108,279,262,538,532,447
180,179,438,402,563,562,447
73,86,226,209,511,533,447
31,44,311,302,481,514,447
119,107,485,389,570,569,447
17,31,74,76,396,448,448
293,287,388,362,573,573,448
21,31,231,205,486,508,448
14,24,155,157,452,487,448
43,48,189,194,505,534,448
117,123,196,201,518,489,448
16,25,117,117,410,426,448
48,50,302,273,524,507,448
11,20,61,66,325,332,448
27,23,225,132,506,501,448
23,30,100,103,466,432,448
19,26,77,79,390,423,448
47,36,108,96,427,453,448
69,59,249,224,496,529,448
28,44,152,136,454,458,449
147,144,468,404,571,583,449
26,45,214,216,467,514,449
21,34,133,113,443,449,449
22,32,148,148,435,442,450
52,75,413,389,502,517,450
127,116,554,455,603,605,450
30,40,134,108,449,400,451
285,275,520,415,469,416,451
68,58,94,93,436,419,451
59,41,243,219,504,527,451
28,40,157,149,464,444,451
184,159,591,428,405,357,451
167,158,588,473,585,574,451
62,66,297,260,515,506,452
586,551,683,599,628,623,452
150,133,320,280,556,543,452
19,32,87,96,420,405,452
37,29,84,94,426,409,453
204,183,377,332,558,568,453
29,23,135,111,459,433,453
37,28,163,135,448,440,453
45,51,167,168,464,471,453
41,48,129,115,352,319,453
56,52,392,295,555,556,453
28,26,86,93,435,410,453
37,22,73,72,401,396,453
35,20,39,48,375,404,454
39,31,60,68,405,405,454
293,249,765,662,604,636,454
59,60,208,197,450,496,454
121,115,247,236,527,535,454
97,95,199,191,466,469,454
30,20,128,120,444,461,454
26,27,49,60,381,363,455
598,485,860,672,668,682,455
78,72,435,419,485,518,455
67,54,143,90,462,435,455
26,22,108,91,421,430,455
248,204,488,438,582,603,455
24,30,194,185,486,502,455
86,78,285,255,524,517,455
29,24,86,65,425,426,455
168,132,639,573,583,619,455
28,35,107,117,409,427,456
45,40,194,165,466,494,456
93,69,223,208,520,507,456
38,24,28,36,380,357,456
55,30,128,119,440,465,457
48,43,266,234,467,493,457
153,134,265,255,514,514,457
81,54,168,147,452,419,457
53,47,210,181,502,483,457
22,25,104,111,472,458,458
37,42,145,151,453,486,458
57,58,102,104,476,448,458
46,50,115,128,431,435,458
475,390,888,635,634,664,458
164,130,487,437,567,564,458
181,170,392,356,510,475,458
33,33,93,95,407,417,458
21,23,86,98,447,462,458
67,57,200,199,472,482,459
303,276,471,415,598,590,459
271,251,557,511,555,560,459
42,49,102,117,387,461,459
16,27,135,136,455,482,459
110,127,222,217,469,506,459
9,27,164,170,442,442,459
10,23,60,72,396,379,459
34,42,202,202,474,486,460
56,70,216,187,427,391,460
78,76,72,81,414,470,460
91,101,144,146,469,453,460
112,110,116,109,498,499,460
219,207,566,511,573,599,460
149,125,311,281,518,524,460
285,264,425,420,365,408,461
441,323,428,300,436,372,461
44,36,145,135,501,497,461
563,502,704,594,640,633,461
112,111,294,273,514,536,461
41,51,161,155,453,462,461
146,141,372,339,532,524,461
203,154,244,131,500,487,461
30,36,107,95,385,397,461
97,100,219,222,490,481,461
22,27,116,116,404,413,461
92,87,323,266,521,534,461
252,229,632,552,607,637,461
179,150,245,203,493,470,461
19,23,106,108,391,401,461
17,26,239,227,412,443,461
38,35,158,115,431,452,461
17,21,99,106,341,353,461
34,46,81,86,467,469,462
113,91,340,284,529,549,462
29,30,85,82,422,456,462
16,20,130,113,398,444,462
30,37,106,96,612,357,462
135,122,377,360,549,539,462
32,35,153,158,439,491,462
22,23,120,117,425,437,462
67,61,284,260,540,538,463
42,47,74,64,457,444,463
336,299,483,453,603,628,463
602,527,823,760,612,639,463
41,32,172,171,443,432,463
282,252,507,474,572,579,463
73,77,170,156,489,473,463
46,46,148,144,489,485,463
36,40,169,147,389,367,463
52,57,88,98,451,446,464
272,245,631,570,591,611,464
44,33,133,136,427,423,464
70,54,225,204,493,492,464
23,32,82,84,423,445,465
27,24,162,144,478,470,465
65,68,153,150,471,477,465
235,197,489,422,576,601,465
454,340,898,612,633,634,465
22,20,83,67,320,348,465
109,95,307,231,545,537,465
25,24,98,99,411,434,465
48,46,238,230,500,496,465
25,26,121,129,434,464,465
50,53,161,157,436,445,465
504,356,660,472,604,633,465
35,31,177,176,453,445,465
47,45,173,173,480,469,465
138,111,417,325,551,547,465
36,23,54,66,390,383,466
113,51,147,104,444,502,466
38,21,58,66,370,377,466
397,327,660,553,600,605,466
29,22,99,106,352,378,466
181,185,226,202,510,526,466
73,74,108,118,460,442,466
54,51,245,239,473,471,466
51,49,225,220,474,452,466
87,68,686,586,540,547,466
70,34,202,167,436,391,467
77,50,76,74,415,423,467
230,140,866,500,644,664,467
29,23,91,94,402,420,467
402,311,659,518,630,627,467
22,20,105,111,474,505,467
49,45,142,127,349,404,467
46,44,83,69,443,399,467
34,23,58,62,261,362,467
64,37,186,157,456,458,467
40,35,148,151,445,455,468
89,77,273,249,562,593,468
40,43,88,94,440,434,468
48,49,182,163,442,446,468
54,52,165,161,467,436,468
70,82,292,224,560,556,469
58,97,278,264,504,520,469
100,135,337,318,529,533,470
24,36,163,163,416,437,470
92,119,486,466,541,570,470
37,65,297,256,506,493,470
196,173,467,382,527,516,471
104,111,447,315,605,619,471
68,93,245,233,531,525,471
68,92,129,99,437,411,471
621,606,602,566,626,613,471
11,40,97,98,395,400,471
131,161,198,175,468,498,471
158,192,184,191,485,491,471
15,38,186,167,383,383,472
20,48,54,68,426,451,472
36,61,255,238,518,552,472
545,490,886,710,649,632,472
15,45,101,109,365,404,472
14,37,200,176,431,433,472
18,43,151,109,454,452,472
82,107,344,320,501,498,472
55,76,244,184,490,501,472
37,35,130,127,459,462,473
27,21,65,71,407,424,473
43,39,447,338,513,518,473
61,75,342,296,519,490,473
114,91,702,517,535,538,473
79,96,147,153,451,485,473
23,39,104,101,450,388,473
45,58,142,136,488,476,473
23,27,193,146,453,433,473
53,51,168,156,486,463,473
29,24,47,45,399,395,473
167,163,301,264,494,480,474
32,51,117,130,450,453,474
36,37,450,368,591,602,474
91,100,267,263,459,460,474
177,122,351,275,523,515,474
162,141,442,387,569,578,474
23,22,83,94,401,427,474
40,27,89,82,450,402,474
24,31,138,143,409,416,475
25,30,123,84,433,422,475
48,49,156,149,498,474,475
34,35,182,160,432,409,475
22,27,122,104,413,439,475
57,42,139,138,477,474,475
134,122,224,215,508,514,475
36,27,53,60,377,403,475
34,30,109,117,471,449,475
122,110,414,364,552,572,475
19,22,146,141,391,445,475
70,57,175,178,468,537,476
180,152,334,311,533,512,476
218,211,226,220,402,328,476
22,35,68,63,420,403,476
18,25,71,75,439,436,476
118,127,311,305,508,482,476
35,29,87,83,459,430,476
24,22,94,90,389,411,476
34,28,40,42,392,337,476
39,34,144,87,424,409,476
65,74,260,219,461,433,477
89,92,230,205,530,513,477
31,38,180,175,465,437,477
154,156,223,224,506,508,477
29,28,108,112,411,419,477
52,49,109,113,476,487,477
22,23,128,104,429,414,477
25,27,92,91,403,415,477
27,30,191,185,451,452,478
148,107,377,331,541,535,478
53,33,137,136,447,421,478
177,148,248,233,515,491,478
84,84,221,220,519,506,478
17,24,125,133,441,463,478
45,53,95,97,417,448,478
255,177,165,100,307,340,478
48,51,98,97,475,493,479
18,21,78,87,429,424,479
40,21,104,101,403,450,479
112,79,438,339,560,566,479
86,89,166,171,483,490,479
46,49,163,166,466,464,479
25,24,119,116,459,475,479
41,34,184,152,461,493,479
75,75,325,290,532,536,479
27,33,95,96,419,383,479
49,46,209,206,427,475,480
99,91,351,308,535,527,480
47,49,146,136,457,465,480
73,64,133,126,437,460,480
22,21,100,92,381,395,480
177,127,267,226,593,600,480
234,168,432,401,544,508,480
53,23,96,95,395,411,480
90,52,117,107,425,407,480
70,48,109,108,385,375,481
35,25,83,75,383,430,481
35,34,101,108,422,400,481
20,20,85,70,426,407,481
46,39,74,82,396,379,481
27,25,140,129,454,469,481
85,69,262,247,518,513,481
209,184,790,639,587,586,481
96,62,146,152,462,438,481
39,20,107,111,439,443,481
30,25,182,154,297,370,481
58,48,192,163,474,505,481
36,35,92,95,451,482,481
90,79,254,257,502,504,482
228,205,455,404,503,478,482
32,25,169,164,452,433,482
88,79,151,147,477,467,482
30,29,61,58,359,320,482
25,24,54,68,378,440,482
38,35,83,84,446,431,482
43,32,70,74,401,384,482
173,126,358,328,544,566,482
76,43,112,93,408,428,482
594,527,843,711,566,570,483
406,326,524,436,590,611,483
43,24,146,148,290,359,483
66,36,79,89,427,446,483
42,20,54,48,356,326,483
199,147,541,427,562,574,483
41,34,181,186,472,493,483
24,23,57,68,437,431,483
166,134,338,316,494,486,483
183,164,472,417,538,575,483
27,24,92,84,412,405,484
27,22,113,107,469,483,484
71,45,202,199,435,428,484
44,30,103,102,396,438,484
32,25,85,93,365,421,484
48,28,137,137,360,333,484
36,21,136,111,459,446,484
56,51,90,92,478,479,484
91,69,421,339,566,574,485
119,109,323,300,521,492,485
173,165,218,207,537,524,485
171,155,373,293,553,549,485
20,20,75,75,392,364,485
42,31,149,129,403,403,485
57,43,510,354,575,595,485
38,39,133,131,433,463,485
14,33,146,147,416,428,485
286,245,693,574,605,598,485
44,35,189,165,421,408,486
32,25,154,130,462,424,486
301,260,566,477,603,607,486
86,103,321,305,526,524,486
75,76,423,357,545,545,486
17,35,143,153,355,393,486
32,43,174,166,372,421,486
57,63,136,136,443,466,486
68,50,291,256,470,495,487
76,70,132,147,412,446,487
37,43,104,114,458,403,487
19,27,97,91,461,475,487
11,24,133,139,436,385,487
73,76,264,248,485,468,487
17,30,130,133,431,440,487
13,23,115,107,365,334,487
136,126,341,314,543,523,487
38,24,102,88,406,413,487
125,102,303,270,526,525,487
77,67,373,296,545,554,488
224,213,265,252,539,396,488
15,21,87,83,413,406,488
14,24,119,122,444,425,488
32,24,67,74,427,410,488
655,560,598,446,646,640,488
250,211,804,653,609,621,489
22,23,141,129,435,450,489
97,83,316,217,456,447,489
93,79,134,125,451,461,489
68,43,153,92,503,497,489
29,37,138,127,387,413,489
52,53,209,194,502,533,490
21,20,159,146,444,431,490
11,21,69,75,419,406,490
71,62,298,252,530,538,490
62,44,124,118,425,437,490
24,30,86,93,396,445,490
26,29,52,54,373,366,490
107,85,161,156,481,491,491
65,44,46,54,423,433,491
74,56,167,166,455,439,491
206,179,473,425,553,592,491
114,97,283,225,536,494,491
23,25,94,106,405,359,491
96,76,279,251,522,514,491
56,57,172,160,458,467,491
28,31,56,70,403,391,491
79,70,189,184,500,491,491
28,31,156,138,445,474,491
51,53,101,100,428,451,491
61,63,205,185,437,433,491
130,101,243,131,428,429,492
46,46,98,90,337,334,492
377,307,695,559,617,598,492
66,39,215,191,478,501,493
39,39,72,83,363,401,493
24,28,78,86,439,405,493
47,35,176,158,493,522,493
30,23,107,58,362,349,493
105,99,230,200,492,526,493
80,66,135,94,465,477,493
184,133,324,251,577,599,493
54,50,104,108,425,417,493
41,25,130,118,364,397,493
23,26,73,85,440,448,493
82,80,155,146,494,482,493
50,45,98,102,420,441,494
26,21,120,117,469,477,494
43,24,76,75,421,386,494
32,31,175,164,473,468,494
83,84,182,185,497,515,494
23,22,89,96,425,395,494
25,21,41,50,191,320,495
60,55,202,197,465,492,495
182,152,375,312,555,545,495
186,166,345,327,497,476,495
382,301,846,742,607,632,495
42,26,93,91,447,429,495
42,23,92,95,343,402,495
36,36,120,119,436,399,495
53,48,237,218,504,471,495
131,89,675,482,604,602,495
85,73,217,193,503,515,496
50,44,76,44,396,363,496
84,80,50,61,454,443,496
184,168,331,320,521,539,496
28,26,65,73,438,409,496
226,192,504,438,563,546,496
29,25,71,79,398,444,496
98,91,160,161,548,550,496
36,29,163,148,452,448,496
43,38,273,249,480,481,496
22,21,81,83,317,321,496
66,60,141,152,418,437,496
260,227,431,400,505,489,496
53,42,63,55,392,408,496
26,23,100,85,424,461,496
39,26,240,191,493,524,496
44,23,100,86,411,401,496
43,36,190,181,496,495,497
50,45,133,131,490,473,497
122,91,264,236,494,501,497
353,297,533,467,570,596,497
109,87,144,147,432,431,497
34,26,228,210,448,443,497
158,103,881,667,648,664,497
59,51,268,235,510,496,497
149,117,211,203,513,508,498
33,21,82,81,379,424,498
89,82,177,169,489,474,498
93,72,501,405,560,587,498
411,356,527,422,590,578,498
28,24,197,175,464,444,498
31,23,82,79,418,417,498
27,20,121,128,423,391,498
25,20,134,124,418,389,498
30,22,82,76,400,353,498
23,23,107,95,414,341,498
171,164,314,292,549,539,498
29,25,146,140,421,437,499
83,65,162,158,432,427,499
98,57,475,411,543,568,499
39,29,53,62,420,378,499
98,96,84,58,469,454,499
69,64,289,250,540,540,499
53,50,165,168,493,485,499
57,34,115,114,444,463,500
452,309,118,93,388,346,500
43,38,188,145,439,454,500
31,29,166,151,439,438,500
28,25,99,105,413,452,500
40,32,250,222,507,469,500
42,27,99,108,412,352,500
94,73,122,127,458,448,500
31,20,51,59,418,420,501
76,53,121,130,445,430,501
55,53,106,99,452,411,501
34,23,74,85,398,422,501
34,23,129,120,427,441,501
135,88,654,412,591,585,501
42,38,120,120,448,442,501
57,50,152,134,384,367,501
369,279,774,588,597,631,501
77,64,337,307,544,565,502
63,51,271,258,473,494,502
29,25,124,113,411,401,502
76,51,402,241,527,524,502
105,84,211,212,494,522,502
94,82,264,251,511,495,502
93,81,161,145,465,465,502
52,26,69,72,360,334,502
66,35,196,174,465,505,502
387,341,578,506,613,611,502
57,46,184,169,468,439,503
123,111,270,260,492,538,503
220,210,322,323,533,527,503
77,70,194,181,479,462,503
25,23,50,60,391,337,503
36,28,53,56,391,404,503
172,100,582,471,592,583,503
232,157,518,439,588,594,503
59,35,114,102,358,407,503
45,35,152,155,456,463,503
86,75,210,174,474,496,504
158,126,420,377,551,545,504
92,81,236,214,499,518,504
28,23,111,109,391,409,504
81,46,138,114,455,477,504
156,131,350,318,527,517,505
41,32,306,269,504,523,505
202,184,345,335,459,467,505
26,21,134,112,253,383,505
116,84,304,275,525,518,505
34,22,71,78,380,330,505
38,27,84,89,401,417,505
32,25,217,206,470,437,505
81,74,107,118,461,472,505
30,24,76,78,333,383,505
41,33,155,140,437,410,506
38,26,155,148,431,413,506
39,28,60,65,433,456,506
101,61,143,148,496,497,506
129,78,231,222,506,551,506
30,28,65,54,404,361,506
307,260,336,288,580,568,506
173,129,421,312,558,575,507
73,54,102,113,433,396,507
73,44,95,91,411,444,507
73,40,155,141,475,485,507
41,30,247,202,479,476,507
41,36,128,135,454,456,507
86,74,271,256,502,504,507
140,101,209,191,484,484,507
61,38,206,175,472,497,507
80,56,71,75,389,420,507
52,40,215,203,474,535,507
183,151,299,265,543,543,507
113,99,100,95,406,379,507
65,54,138,144,436,449,508
24,22,133,131,402,433,508
49,39,83,89,421,442,508
191,165,257,238,528,536,508
193,120,670,465,588,579,508
133,99,236,224,466,476,509
57,29,55,56,378,381,509
458,331,821,701,642,651,509
100,35,288,157,498,499,509
120,57,232,151,444,453,509
31,21,115,58,378,341,509
44,40,110,119,420,438,509
35,28,140,135,422,445,509
131,117,198,174,484,496,509
88,71,339,297,479,471,509
41,32,126,133,441,475,509
45,34,172,159,489,475,509
110,92,195,193,503,489,509
212,155,466,348,562,553,509
68,39,124,89,416,355,509
62,44,201,190,483,503,509
82,59,237,192,398,368,509
101,84,197,179,507,507,509
102,88,219,197,501,491,510
49,38,85,90,415,399,510
134,114,246,237,486,466,510
470,400,834,723,604,586,510
184,170,101,108,428,332,510
65,46,116,104,436,401,510
91,62,119,122,384,375,510
92,57,257,249,443,441,510
78,49,217,191,340,343,510
31,25,187,133,493,424,510
64,63,239,216,476,483,511
33,32,82,80,416,406,511
73,67,149,131,449,472,511
69,60,160,164,443,473,511
169,115,330,277,541,551,511
51,29,107,87,325,379,511
72,25,48,46,410,376,511
78,99,251,242,507,546,511
15,27,67,62,233,354,511
17,27,52,59,292,403,512
22,30,98,99,419,396,512
23,34,201,188,485,518,512
63,63,255,237,478,511,512
45,43,157,166,436,444,512
9,20,86,88,398,424,512
60,68,143,127,444,457,512
29,39,134,126,440,337,512
31,34,186,168,494,510,512
38,42,122,134,460,467,513
25,27,116,86,441,449,513
49,32,108,103,422,411,513
41,26,74,70,296,348,513
38,24,80,90,412,392,513
20,23,130,112,391,392,513
191,189,188,178,470,431,513
62,49,402,294,556,540,514
30,31,109,116,425,423,514
113,79,240,220,533,526,514
36,26,111,98,400,446,514
23,23,129,82,391,404,514
183,175,333,308,557,547,514
35,38,111,119,415,456,514
74,68,365,333,535,542,514
34,30,122,98,390,401,515
45,48,95,94,366,354,515
75,78,192,178,471,472,515
20,28,110,111,443,449,515
38,45,137,139,411,449,515
46,39,342,287,504,504,515
31,27,256,214,503,494,515
44,23,91,99,408,430,515
40,21,57,62,295,378,515
211,166,320,299,562,600,515
185,162,262,257,512,537,515
54,31,64,70,409,386,515
426,390,683,630,587,597,516
52,31,142,133,425,424,516
45,54,220,188,478,484,516
456,392,683,407,574,571,516
104,113,161,145,484,493,516
35,41,190,181,456,514,516
38,33,316,255,508,523,516
60,34,170,167,447,483,516
123,114,214,212,511,501,516
97,90,334,296,478,463,517
13,23,124,118,419,407,518
37,49,133,132,447,455,518
72,67,284,246,512,519,518
32,39,131,122,478,512,518
30,32,102,111,424,436,518
213,167,361,310,542,537,518
80,48,291,265,343,356,518
37,36,120,127,406,455,518
52,53,122,111,480,493,519
27,31,114,110,459,411,519
337,322,519,481,575,574,519
50,36,101,96,404,400,519
480,262,783,446,606,592,519
83,61,182,179,440,478,519
58,38,144,142,445,436,519
34,43,136,133,440,426,519
44,52,182,182,488,530,519
30,39,184,178,444,453,519
210,202,416,381,536,534,519
87,81,136,141,480,476,519
154,133,452,407,416,437,519
51,44,106,114,355,383,519
64,40,495,281,573,579,520
84,73,312,286,491,512,520
82,69,266,224,471,492,520
30,24,91,62,415,415,520
217,209,247,227,540,553,520
170,172,251,249,529,554,520
132,133,240,229,494,525,521
27,25,73,78,402,432,521
123,116,198,186,529,504,521
29,35,76,74,435,405,521
71,65,200,195,511,559,521
51,56,144,146,452,444,521
110,86,332,253,534,514,521
55,45,122,124,454,462,521
39,22,98,88,429,424,521
88,68,219,221,464,443,522
45,48,152,105,450,456,522
29,28,61,66,453,432,522
466,386,898,596,612,606,522
37,34,164,165,494,510,522
24,27,109,105,439,483,522
42,43,146,139,487,503,522
24,28,144,150,458,428,523
18,21,70,80,387,395,523
117,104,317,290,481,501,523
480,441,307,288,587,478,523
32,34,76,76,311,348,523
35,34,147,127,381,407,523
154,134,621,568,576,600,523
61,57,167,159,480,468,523
303,274,631,561,579,573,523
38,21,82,59,185,351,523
59,24,76,84,374,355,523
66,36,77,77,420,412,523
223,194,590,538,566,578,524
38,35,116,120,393,464,524
165,158,240,217,513,504,524
20,22,40,47,310,339,524
62,57,212,187,493,486,524
256,238,506,420,584,566,524
455,370,786,611,642,644,524
29,28,99,106,414,438,525
28,20,173,154,448,397,525
785,630,879,716,520,337,525
27,23,154,160,402,395,525
26,21,191,179,463,403,525
38,33,108,105,398,449,525
171,120,649,527,588,626,525
32,22,31,43,394,395,525
98,80,192,190,491,495,525
54,26,93,91,270,366,525
676,571,897,744,639,639,525
223,199,210,212,507,502,525
91,80,152,153,518,510,525
28,29,113,122,445,432,525
56,62,167,160,483,500,526
25,28,129,117,464,441,526
81,59,227,201,405,451,526
61,46,159,158,402,438,526
52,39,196,160,467,464,526
105,108,290,265,513,504,526
18,22,85,92,404,428,526
126,120,420,387,561,597,527
286,218,566,446,607,621,527
69,52,221,193,512,491,527
49,50,163,154,388,368,527
40,45,247,219,495,494,527
19,28,96,79,418,459,527
22,34,205,180,483,502,527
26,20,159,126,426,399,528
78,69,278,230,503,506,528
22,24,238,191,419,438,528
23,32,119,114,357,408,528
22,31,127,134,374,421,528
35,22,91,66,464,433,528
82,57,164,167,457,474,529
217,151,640,455,590,580,529
49,45,219,202,493,485,529
42,40,252,220,501,509,529
59,57,287,233,508,487,529
44,33,91,86,400,430,529
36,35,161,159,449,463,529
100,87,163,154,476,464,529
31,37,66,67,449,448,530
74,68,234,210,501,526,530
39,40,81,89,402,421,530
63,64,187,192,481,499,530
119,116,283,280,469,462,530
52,44,154,124,433,409,530
30,25,37,40,416,397,530
26,20,85,83,422,393,530
45,25,136,145,327,373,530
36,20,54,62,357,405,530
57,33,83,86,416,472,530
92,80,412,365,540,543,531
126,121,287,255,514,498,531
252,215,474,426,573,566,531
99,90,258,234,544,554,531
39,31,92,83,439,447,531
57,23,52,49,411,420,531
114,61,343,261,419,357,531
85,44,99,105,434,434,531
53,32,184,173,447,456,531
486,401,667,502,591,570,531
18,20,36,47,362,427,532
34,25,306,263,480,474,532
680,615,650,548,610,608,532
112,95,193,179,523,505,532
34,27,169,154,469,473,532
70,59,267,251,468,457,532
62,42,139,95,409,396,532
22,20,39,46,304,372,532
104,92,204,184,493,478,532
38,35,56,67,425,399,532
36,31,123,119,472,464,533
28,27,94,101,404,421,533
36,28,109,86,392,423,533
70,64,53,62,355,364,533
137,77,158,146,476,464,533
69,32,76,77,392,420,533
137,107,193,191,477,484,533
96,77,122,118,457,462,533
129,113,354,301,511,489,533
287,238,491,439,600,586,533
25,21,117,124,469,447,533
143,125,295,285,544,524,533
55,29,46,42,387,367,534
92,68,105,108,433,442,534
183,161,188,178,520,538,534
44,20,97,97,396,381,534
159,84,195,108,433,405,534
31,21,57,48,356,404,534
29,27,166,157,462,447,534
100,90,89,57,324,329,534
115,83,316,283,559,551,534
332,252,806,632,638,631,534
39,33,48,55,329,423,534
134,119,206,187,468,470,534
250,172,629,387,612,618,535
44,20,56,57,238,355,535
143,100,216,213,516,503,535
48,35,88,81,409,399,535
131,93,236,216,524,500,535
163,140,320,295,532,517,535
666,504,803,579,634,633,535
21,28,120,127,352,426,535
266,212,491,389,621,622,535
165,142,468,422,553,575,535
40,29,140,140,412,396,535
41,21,70,66,355,357,535
108,72,171,162,450,470,536
24,20,65,62,327,408,536
86,69,268,178,347,328,536
33,33,222,202,436,417,536
13,21,132,130,392,410,536
47,40,106,93,467,502,536
46,30,106,110,440,414,536
8,22,59,66,370,422,537
17,28,103,110,439,445,537
49,51,224,216,485,493,537
85,65,456,356,534,527,537
40,38,216,208,480,484,537
58,62,55,56,426,466,537
31,29,151,146,484,464,537
28,33,86,94,419,422,537
550,498,733,683,596,594,537
128,132,279,266,510,537,537
34,35,83,73,424,452,537
43,49,89,90,469,469,537
45,29,149,136,390,481,538
49,33,76,78,404,425,538
136,99,197,200,456,464,538
51,27,92,97,397,381,538
87,83,308,291,468,419,538
73,72,175,164,439,461,538
102,89,542,474,573,562,538
32,28,101,91,308,349,538
97,84,337,266,516,525,539
32,33,98,96,447,472,539
81,50,144,151,480,478,539
75,47,49,56,389,388,539
58,46,120,125,473,493,539
29,27,93,95,394,363,539
23,23,157,156,417,440,539
138,124,383,332,522,494,540
85,65,118,108,466,483,540
396,314,615,515,624,653,540
72,40,131,132,507,512,540
25,26,100,74,296,369,540
88,72,257,208,561,579,540
17,23,119,112,442,473,540
34,33,183,153,471,469,540
18,22,136,133,361,401,540
253,195,671,585,617,601,540
139,112,207,178,531,523,540
164,139,414,379,550,585,540
43,32,62,70,548,572,541
45,22,40,41,291,404,541
82,61,79,83,419,433,541
136,83,181,156,409,386,541
413,374,88,79,455,435,541
225,134,479,274,472,465,541
111,105,174,175,484,495,541
216,159,473,410,575,612,541
46,25,124,116,471,475,541
272,179,647,410,501,533,542
83,58,177,172,506,513,542
150,121,234,223,523,510,542
43,23,143,130,364,398,542
18,21,93,94,442,433,542
50,51,286,254,494,501,542
27,29,104,104,449,471,542
27,26,82,92,369,365,542
78,54,536,416,554,562,542
161,148,436,424,548,578,542
64,61,138,124,440,453,542
32,26,213,199,512,499,542
28,21,66,71,313,422,542
124,93,324,285,534,550,542
91,55,147,149,480,470,542
39,22,135,131,423,419,543
39,28,111,111,400,409,543
44,34,376,310,532,552,543
20,23,121,122,413,440,543
95,77,317,271,524,534,543
18,22,77,83,413,379,543
105,50,254,212,516,487,543
22,20,94,99,443,408,544
23,22,61,54,399,428,544
32,29,206,197,432,487,544
263,164,126,70,391,342,544
26,20,58,54,373,409,544
54,36,170,169,468,448,544
89,65,235,195,451,435,544
67,40,76,85,424,365,544
74,50,285,225,496,500,544
50,36,286,182,511,510,544
100,94,229,217,489,490,544
115,93,299,194,499,508,545
57,53,93,98,457,444,545
82,76,282,273,472,475,545
39,34,135,107,490,487,545
109,93,166,156,460,428,545
34,22,79,89,358,353,545
86,43,176,170,455,490,545
57,26,50,52,354,324,545
82,43,116,109,434,421,545
53,22,72,43,351,409,545
57,30,94,80,415,433,545
516,405,485,427,611,604,545
44,43,133,128,444,456,545
33,35,115,106,442,425,546
122,87,177,164,483,508,546
47,23,104,76,372,377,546
39,22,40,51,344,368,546
57,24,50,62,291,326,546
115,75,233,236,490,513,546
48,32,210,182,442,422,546
196,172,449,364,561,578,546
61,60,78,86,484,511,547
76,72,185,175,457,515,547
90,53,172,161,455,439,547
78,64,257,235,498,485,547
67,64,137,137,489,487,547
24,23,137,134,398,444,547
72,60,406,353,527,530,547
44,39,122,120,428,424,547
26,25,114,110,402,395,547
75,68,201,203,458,449,547
65,31,86,71,380,351,547
61,23,50,52,363,322,548
57,21,120,90,395,442,548
75,32,85,78,424,401,548
65,29,92,101,409,460,548
55,29,72,76,401,421,548
22,21,118,123,398,438,548
471,333,837,494,628,617,548
39,34,109,101,412,397,548
66,43,112,98,369,400,548
45,23,112,114,455,438,548
63,31,115,121,418,482,549
38,37,140,130,432,433,549
40,30,260,230,506,496,549
91,67,153,134,469,472,549
53,49,76,66,429,426,549
42,39,104,115,480,486,549
58,35,154,155,393,416,549
181,152,271,262,516,542,549
196,190,350,325,530,554,550
256,213,364,300,563,560,550
47,38,260,239,505,517,550
42,39,164,162,429,424,550
26,23,140,147,440,420,550
119,95,390,339,566,592,550
41,42,87,93,305,371,550
29,26,111,106,441,432,550
222,191,606,527,581,578,550
44,31,123,125,445,485,550
104,67,285,259,513,502,550
88,50,233,206,512,486,550
86,64,221,227,463,486,550
79,38,230,210,505,509,550
106,96,239,196,494,468,550
22,23,170,171,441,408,550
30,21,72,79,367,420,550
73,64,112,124,477,472,551
50,53,234,236,444,460,551
43,42,187,178,456,436,551
48,46,142,136,495,481,551
33,39,106,117,439,461,551
81,52,243,231,476,511,551
63,35,68,50,429,448,551
23,24,93,95,405,437,551
47,46,97,102,423,468,552
123,111,334,315,517,510,552
339,294,366,301,605,606,552
126,99,217,161,456,474,552
97,67,452,405,555,569,552
50,25,124,117,432,446,552
62,51,240,216,443,413,552
81,75,358,277,536,521,552
92,78,328,245,417,380,552
21,21,91,100,426,390,552
28,33,134,123,481,434,552
51,52,55,68,398,442,553
84,74,240,198,473,473,553
176,153,322,270,563,551,553
114,72,258,246,519,547,553
53,21,54,48,391,391,553
211,192,336,293,511,539,553
45,38,52,62,417,435,553
28,24,46,44,404,406,553
61,45,101,83,483,476,553
86,79,114,106,519,533,553
50,20,31,42,373,359,554
106,79,218,118,474,496,554
51,51,159,150,490,483,554
91,57,273,230,499,495,554
47,21,147,112,459,433,555
50,24,99,79,377,418,555
65,25,100,90,449,468,555
32,20,107,112,335,348,555
37,33,177,154,455,441,555
102,54,106,95,445,442,555
75,40,260,236,493,487,556
146,143,292,294,511,543,556
60,63,80,90,464,416,556
28,21,97,75,455,452,556
639,460,884,699,611,614,556
89,52,179,172,466,438,556
68,36,227,202,464,504,556
34,23,178,178,439,384,556
52,41,148,143,486,494,557
34,39,106,107,467,458,557
97,83,220,214,502,527,557
32,21,37,47,378,416,557
48,29,94,99,413,416,557
370,254,821,563,630,622,557
66,26,102,104,426,434,557
316,240,499,440,581,603,557
58,20,72,66,422,440,557
292,196,576,484,587,569,557
55,20,47,49,420,409,557
48,20,41,45,337,355,557
246,155,683,559,586,571,557
65,25,73,83,401,405,557
64,63,179,180,468,466,558
27,26,78,88,434,385,558
70,31,73,52,405,401,558
86,40,205,185,507,546,558
124,66,212,189,502,496,558
64,26,68,71,408,423,558
55,24,77,70,385,393,558
50,22,74,79,381,361,558
15,20,100,99,442,428,558
16,20,90,86,421,362,559
40,39,110,115,440,408,559
66,45,258,226,529,525,559
154,103,173,152,482,464,559
175,84,292,146,523,529,559
204,167,208,213,455,428,559
105,83,302,266,487,465,559
43,44,183,178,455,434,559
118,111,396,376,525,538,559
258,191,411,375,569,564,560
209,148,395,363,525,527,560
90,48,168,162,429,432,560
83,36,265,230,516,508,560
89,46,201,181,487,477,560
51,23,42,54,443,444,560
44,24,171,148,420,433,560
44,27,75,78,395,415,560
106,85,116,120,459,418,560
36,20,106,106,406,423,560
50,22,78,75,399,410,560
154,104,266,231,513,519,560
54,21,117,117,431,465,561
80,43,74,79,431,425,561
76,38,116,121,400,395,561
80,43,187,177,412,428,561
203,132,364,313,551,531,561
106,69,77,56,596,333,561
67,44,104,94,430,447,561
37,23,87,88,327,326,561
31,40,159,154,485,488,561
36,40,115,107,400,404,561
109,93,135,125,404,437,561
25,26,139,122,466,468,561
442,284,731,491,649,660,561
89,85,274,254,553,567,562
43,47,164,157,497,524,562
59,24,80,74,383,403,562
55,23,78,79,373,396,562
75,40,114,89,459,437,562
66,37,234,120,506,416,562
84,50,98,100,389,446,563
67,48,121,119,496,528,563
116,73,254,190,531,534,563
118,75,265,253,478,485,563
89,45,414,355,507,545,563
70,50,110,107,424,404,563
43,24,69,77,419,422,563
209,156,370,326,534,564,563
41,21,69,61,353,328,563
61,46,121,125,414,379,564
28,34,140,132,483,482,564
13,23,81,61,443,425,564
46,30,65,65,398,382,564
51,20,94,83,297,348,564
58,28,117,101,419,378,564
179,113,461,377,529,523,564
354,269,420,312,580,561,564
87,65,193,163,407,417,564
36,27,100,102,390,454,565
53,22,66,71,378,385,565
206,145,339,296,552,553,565
210,157,182,169,506,516,565
275,206,892,784,392,409,565
208,149,520,473,506,349,565
49,23,32,40,351,346,565
254,182,421,333,544,555,565
48,24,62,72,370,431,565
74,45,133,117,452,470,565
367,265,649,558,570,577,566
45,21,67,65,347,354,566
66,33,179,138,448,454,566
112,60,393,325,551,592,566
212,170,837,672,607,594,566
20,20,72,66,408,371,566
25,25,114,108,439,459,566
112,118,390,353,554,553,566
37,34,166,167,473,504,566
99,75,492,333,518,508,566
70,37,101,103,375,421,567
65,33,173,170,472,448,567
61,27,133,86,420,406,567
39,21,113,111,451,448,567
39,20,180,154,375,371,567
36,22,119,96,443,421,567
45,27,49,45,435,410,567
93,60,155,140,439,427,567
38,20,100,99,403,443,567
80,53,135,141,428,420,567
43,21,96,93,390,413,567
155,126,228,201,449,459,567
41,21,98,96,370,419,567
83,72,200,192,491,474,568
69,43,128,126,401,416,568
54,38,516,423,542,546,568
132,67,455,325,586,587,568
51,28,156,143,445,492,568
86,54,178,166,469,467,568
42,20,90,74,393,447,568
84,58,151,137,413,450,569
44,34,218,205,455,419,569
78,62,291,276,506,543,569
28,25,96,97,433,412,569
75,65,102,110,469,450,569
71,72,222,209,491,483,569
47,22,134,134,390,448,569
43,25,67,71,388,413,569
35,20,59,67,395,338,569
462,326,717,532,497,440,569
235,186,518,467,546,551,570
251,188,653,558,604,601,570
57,65,198,195,493,490,570
57,44,108,96,456,468,570
41,26,61,65,374,376,570
40,22,146,137,472,470,571
197,169,479,413,543,568,571
42,26,102,91,360,359,571
43,23,107,101,383,408,571
138,111,195,201,485,478,571
76,49,138,140,468,476,571
99,70,166,155,498,491,571
53,32,58,60,398,435,571
158,139,445,366,516,540,571
155,164,354,327,540,517,572
81,41,144,104,409,429,572
43,28,83,85,402,368,572
108,76,333,308,453,457,572
114,97,515,508,490,325,572
47,26,112,105,434,414,573
99,70,223,194,499,490,573
166,142,234,225,528,519,573
95,65,193,184,472,473,573
37,20,95,95,396,437,573
48,27,145,148,463,442,573
650,549,806,666,633,636,573
41,49,45,50,357,365,573
17,39,103,116,423,436,573
738,596,816,507,664,671,573
39,47,291,250,489,493,573
148,111,392,332,543,560,574
59,40,128,127,391,382,574
245,183,635,561,572,614,574
52,29,209,173,403,376,574
233,201,379,338,548,537,574
96,99,111,109,447,461,574
21,42,188,186,464,466,574
18,21,104,88,422,465,574
51,30,28,33,431,475,575
57,62,250,226,482,473,575
67,59,450,390,550,548,575
35,29,358,278,511,535,575
112,113,325,301,485,478,575
148,116,169,159,541,565,575
77,48,276,241,522,523,575
36,26,83,90,383,428,575
87,61,121,125,419,446,575
67,37,357,291,537,539,576
39,62,131,125,492,497,576
68,83,241,216,502,513,576
215,203,526,443,563,584,576
107,88,434,333,549,534,576
19,27,164,95,406,433,576
220,144,811,507,638,644,576
18,24,123,107,382,401,577
67,56,217,205,498,525,577
118,103,262,247,496,484,577
35,21,128,125,447,438,577
36,23,91,94,439,418,577
39,32,58,67,333,381,577
61,47,200,190,551,572,577
40,50,280,249,479,494,577
11,29,84,67,360,413,578
60,68,246,238,496,493,578
15,25,66,61,377,419,578
19,20,63,68,400,387,578
27,21,83,87,418,422,578
329,286,862,723,598,618,578
50,38,137,133,225,379,578
38,27,178,168,424,485,578
251,263,463,442,566,557,578
16,55,217,180,494,478,578
52,82,405,332,536,560,578
69,88,196,189,491,507,579
24,25,293,176,530,565,579
64,56,294,257,507,506,579
152,143,256,257,465,496,579
473,445,614,524,601,599,579
17,41,94,102,371,414,579
43,63,259,219,526,510,579
49,40,206,192,391,425,580
29,21,89,79,351,417,580
55,45,138,118,382,356,580
19,22,77,84,369,382,580
59,57,132,86,434,434,580
114,92,432,366,562,558,580
71,78,150,155,462,466,580
16,21,68,55,264,367,580
31,40,138,130,357,418,581
262,177,656,491,646,655,581
20,26,76,82,267,382,581
135,154,404,339,523,569,581
9,20,177,178,469,466,581
18,63,195,182,364,362,581
54,100,119,124,470,483,581
135,178,576,535,498,461,581
621,563,612,547,640,621,582
94,90,662,540,508,495,582
120,145,566,484,543,542,582
11,20,152,133,448,388,582
25,41,251,184,481,444,582
17,45,171,171,443,439,582
14,37,307,276,478,478,582
446,418,826,614,635,672,582
97,99,454,237,456,405,582
162,168,419,358,539,548,583
69,88,204,208,481,516,583
161,151,375,355,552,528,584
13,27,124,120,361,362,584
21,53,134,148,264,340,585
53,61,224,223,459,441,585
84,78,387,366,515,551,585
124,100,349,272,529,525,585
60,61,235,217,491,491,585
22,26,126,134,447,456,585
20,36,212,196,477,483,585
106,109,372,330,539,563,585
24,68,176,176,427,459,585
13,53,93,105,413,400,585
36,73,182,163,483,469,585
92,90,299,281,545,574,586
112,82,304,135,540,546,586
30,24,210,182,504,492,586
24,26,78,82,368,377,586
220,185,588,464,588,580,586
52,88,183,174,462,475,586
86,98,391,233,538,536,586
25,21,132,125,454,461,586
37,29,66,66,415,435,587
32,24,156,142,458,451,587
59,49,153,134,458,442,587
19,22,78,78,368,338,587
33,32,239,236,460,483,587
567,260,557,405,591,579,587
55,55,328,280,546,532,587
71,73,296,274,517,501,587
81,87,457,373,552,541,587
382,372,526,495,597,631,587
130,124,143,145,465,467,587
44,31,195,174,439,484,588
95,68,495,451,512,545,588
349,264,891,655,608,595,588
213,214,378,297,450,389,588
398,363,811,712,576,526,588
52,51,155,138,483,462,588
192,163,493,412,578,554,588
34,22,90,71,432,450,588
49,42,114,108,456,493,588
30,21,92,101,442,461,588
23,35,142,93,465,463,589
135,168,174,166,487,526,589
32,40,49,58,324,338,589
196,133,532,391,610,598,589
29,20,89,85,445,428,589
81,57,236,219,480,505,589
39,26,75,73,395,388,589
32,23,72,77,433,449,589
65,39,180,169,494,510,589
38,24,60,61,383,401,589
56,33,130,120,433,418,589
113,89,44,50,386,341,589
399,348,899,544,630,607,590
40,25,67,64,426,401,590
60,56,95,95,438,371,590
89,60,188,168,499,491,590
135,87,317,274,419,457,590
324,244,548,457,565,566,590
38,32,69,52,331,342,590
21,27,43,56,411,357,590
44,39,276,174,398,374,591
542,484,622,503,616,614,591
122,112,143,140,515,509,591
43,37,173,157,480,515,591
123,90,177,172,506,492,591
30,20,91,89,409,413,591
414,349,666,580,553,488,591
66,41,113,103,412,445,591
105,80,881,706,583,602,591
13,23,64,74,438,457,591
65,40,171,177,446,477,592
46,27,71,78,441,389,592
39,20,86,69,369,408,592
217,175,441,352,574,572,592
26,23,62,63,427,385,592
71,76,118,126,419,451,592
71,53,211,197,458,471,592
111,72,215,189,501,496,593
79,48,172,168,469,477,593
324,262,187,185,513,380,593
83,52,216,206,512,532,593
72,51,69,71,444,427,593
93,61,274,241,506,539,593
423,358,452,419,585,581,593
56,36,331,296,521,515,593
32,37,101,84,420,391,593
19,34,161,156,478,465,593
51,63,180,172,498,481,593
21,24,169,120,424,449,593
58,74,176,171,466,461,593
214,189,214,193,533,556,593
60,33,136,123,447,429,593
159,114,355,305,557,583,594
161,122,299,283,512,517,594
69,39,319,274,483,483,594
184,146,226,218,525,555,594
14,31,161,155,456,460,594
374,278,385,332,590,582,594
59,30,130,126,433,464,594
102,65,159,155,478,478,594
72,39,159,158,479,508,594
43,21,68,73,375,339,595
35,28,49,49,403,358,595
114,90,271,222,520,523,595
32,23,95,80,434,457,595
65,43,101,111,372,387,595
69,46,115,107,427,440,595
52,28,131,122,441,427,595
171,153,235,185,549,534,596
37,69,201,188,457,462,596
57,69,348,313,534,516,596
91,75,232,217,515,488,596
24,26,41,52,328,337,596
183,154,430,391,560,556,596
105,88,136,140,447,466,596
37,26,89,98,238,364,596
648,517,834,714,645,647,596
34,37,146,150,432,419,596
15,33,304,243,536,564,596
14,40,140,132,411,423,596
148,153,363,332,470,447,597
33,31,72,66,386,437,597
640,601,684,646,622,660,597
30,20,35,46,390,377,597
31,22,106,105,343,414,597
178,118,784,646,598,619,597
493,460,228,213,583,574,597
27,27,181,103,448,451,597
17,27,123,127,403,404,597
57,42,164,174,429,421,598
223,181,470,426,550,564,598
106,80,292,260,525,530,599
32,20,87,75,366,341,599
42,37,186,178,492,476,599
42,39,125,108,446,390,599
52,35,281,213,511,499,599
74,66,397,332,540,532,599
65,70,167,100,391,326,599
99,58,350,217,548,511,599
98,82,272,254,492,502,599
47,39,190,181,464,458,599
51,31,219,196,477,474,600
23,20,82,81,367,422,600
217,217,564,437,581,594,600
66,74,221,228,470,470,600
23,35,182,159,450,454,600
334,283,416,350,562,555,600
38,49,376,279,523,511,601
14,23,164,148,410,394,601
45,41,138,103,439,449,601
136,94,608,561,434,345,601
91,65,249,211,465,481,601
50,30,128,127,471,465,601
56,37,154,139,492,484,602
27,28,91,99,359,397,602
16,24,164,152,443,435,602
753,731,550,499,609,618,602
41,48,134,127,450,457,602
136,97,273,257,557,562,602
54,48,171,167,488,487,602
247,170,626,327,609,609,602
86,103,149,158,502,488,603
11,20,208,178,463,454,603
366,318,777,632,632,637,603
21,34,96,104,412,369,604
52,63,128,140,453,452,604
123,103,265,241,517,502,604
120,109,176,163,503,498,604
141,110,223,221,498,488,604
71,42,150,141,418,420,604
97,58,145,135,449,415,604
63,54,165,163,482,490,604
29,41,154,149,463,465,604
29,25,74,78,409,416,605
76,47,59,37,403,374,605
82,37,222,119,435,418,605
41,43,100,105,443,418,605
41,46,176,177,450,462,605
382,348,775,705,610,644,606
182,142,532,442,594,578,606
41,24,108,91,429,438,606
112,103,286,238,529,508,606
29,26,134,133,420,430,606
38,42,104,94,409,364,606
41,43,119,103,494,478,606
25,29,77,88,370,377,606
37,32,255,205,493,477,606
233,135,475,333,585,584,606
73,34,55,42,406,391,606
54,54,283,243,494,468,607
33,33,152,139,467,443,607
81,72,258,241,520,553,607
46,22,94,67,394,421,607
416,336,631,533,566,564,607
78,48,143,131,438,422,608
96,76,313,266,494,515,608
97,60,109,117,436,455,608
35,20,79,83,423,422,608
238,166,434,320,560,550,608
96,81,371,326,458,327,608
124,88,238,199,504,533,608
55,20,74,46,439,353,608
65,26,107,90,466,485,608
114,70,243,224,518,513,608
195,101,560,333,575,569,608
65,51,164,150,371,367,608
49,48,166,156,492,478,609
28,23,108,84,428,417,609
32,23,200,169,446,440,609
54,39,169,160,485,499,609
170,120,201,192,439,440,609
105,57,268,195,375,379,609
88,46,336,304,474,461,609
151,98,349,317,519,562,609
272,227,333,317,409,407,609
39,21,125,117,449,454,609
13,24,36,41,352,402,610
60,36,89,92,360,378,610
314,261,445,418,573,566,610
34,23,74,70,304,343,610
44,52,105,101,440,451,611
360,333,458,442,551,542,611
58,37,55,39,354,326,611
81,43,378,334,524,507,611
95,87,357,307,533,528,611
27,29,62,69,390,389,611
28,22,90,84,429,443,612
183,159,237,212,528,519,612
39,20,44,44,347,362,612
57,28,99,91,325,320,612
49,22,57,62,286,350,612
109,74,199,197,493,544,612
43,26,81,84,397,401,612
49,22,56,56,253,385,612
54,23,51,60,321,413,612
106,61,122,127,389,413,612
188,133,325,294,520,540,612
22,26,89,94,407,428,612
171,132,520,401,706,747,612
135,136,325,311,518,499,612
230,177,202,192,515,507,613
43,20,61,62,360,379,613
92,57,186,183,501,489,613
245,159,749,486,592,585,613
21,21,74,70,379,401,613
25,30,95,85,412,416,613
154,126,366,320,545,570,613
31,32,189,124,477,476,613
66,58,283,247,537,539,613
38,29,143,144,465,487,613
97,83,128,131,442,484,613
74,40,45,60,413,420,613
65,28,105,101,418,407,613
77,35,97,97,407,413,614
103,60,155,158,461,452,614
109,66,206,211,488,484,614
84,39,226,188,507,523,614
52,25,56,51,366,375,614
75,50,203,195,488,501,614
33,22,136,132,424,417,614
98,101,422,412,506,472,614
91,82,388,299,564,557,614
12,20,92,82,399,392,614
39,37,270,213,536,550,614
20,27,166,151,422,401,614
23,22,90,82,383,405,614
35,20,74,73,413,417,614
188,118,450,339,592,590,614
66,29,227,178,467,472,614
57,27,56,61,338,387,614
67,30,107,75,458,431,614
105,65,99,86,431,411,614
26,20,58,64,311,365,615
126,99,242,161,394,346,615
82,58,252,218,490,482,615
76,59,74,84,456,488,615
64,37,117,115,404,429,615
43,21,68,72,388,352,615
54,24,121,75,398,434,615
88,63,230,227,495,479,615
190,161,616,488,574,564,616
430,363,722,587,613,638,616
25,35,91,72,388,409,616
25,21,78,82,310,394,616
238,189,194,140,352,345,616
53,26,124,119,394,441,616
62,33,99,91,381,356,616
352,281,321,278,575,579,616
135,105,111,103,503,357,616
271,243,356,336,538,523,616
130,123,274,255,489,471,616
16,25,115,110,394,386,616
39,35,402,351,515,512,617
37,24,123,121,469,472,617
60,42,44,54,393,404,617
127,96,145,151,443,446,617
130,93,301,265,542,539,617
22,27,86,95,449,427,617
21,34,188,148,410,486,617
111,83,396,347,533,543,618
42,21,93,77,394,354,618
108,81,171,163,489,477,618
47,29,168,151,429,446,618
31,37,159,148,441,390,618
20,27,137,106,422,446,618
47,22,115,113,409,389,619
551,406,712,578,617,649,619
51,32,76,78,365,378,619
180,141,340,312,547,540,619
51,28,84,89,420,412,619
28,24,101,86,469,448,619
48,27,74,73,378,429,619
119,91,245,176,508,494,619
31,21,80,87,441,393,620
16,26,141,134,433,446,620
129,110,266,251,486,528,620
189,160,225,198,458,442,620
86,73,95,47,370,407,621
36,30,99,100,335,365,621
56,56,68,72,455,466,621
45,47,140,108,454,442,621
29,25,127,125,467,464,621
51,34,199,168,473,460,622
56,25,73,52,327,326,622
31,22,150,109,433,450,622
289,220,823,709,609,618,622
32,27,89,88,414,418,622
85,79,149,127,454,449,622
76,68,266,226,527,525,622
48,47,119,113,456,480,622
49,40,161,143,463,441,622
160,135,149,146,487,476,622
55,34,133,120,477,462,622
64,46,167,169,447,468,622
346,290,426,408,579,568,622
53,40,154,129,467,502,622
35,22,67,69,414,383,622
35,21,111,109,418,373,622
49,64,118,121,424,424,622
13,40,98,108,409,457,623
43,41,109,87,455,428,623
433,297,811,658,509,434,623
403,332,348,258,586,583,623
50,27,117,113,378,380,623
195,162,163,150,481,449,623
63,28,197,107,480,466,623
58,36,126,103,446,451,623
484,357,869,684,586,533,623
52,47,168,152,461,475,624
24,27,64,69,419,401,624
52,31,151,136,409,446,624
55,35,130,118,441,449,624
58,38,168,153,463,452,624
155,110,243,226,501,471,624
37,20,91,89,378,393,624
18,25,142,86,379,375,624
27,37,104,102,447,481,624
51,24,101,96,409,404,625
57,29,126,115,436,428,625
129,89,423,351,532,507,625
66,42,66,64,430,412,625
73,46,101,105,452,413,625
88,63,190,171,443,463,625
149,145,224,216,469,486,625
28,22,75,72,398,413,625
57,52,168,166,487,485,625
42,46,128,121,435,406,625
17,23,88,94,413,382,625
46,53,115,112,433,452,625
45,39,190,177,466,469,625
20,24,56,47,437,397,625
41,39,164,168,403,385,626
39,32,106,99,416,435,626
48,28,100,100,417,448,626
33,22,118,119,418,402,626
228,188,321,299,515,533,626
224,190,446,385,578,573,626
39,26,52,63,337,367,626
42,20,82,78,322,415,626
65,49,127,116,405,416,626
64,45,127,120,447,456,627
92,69,212,212,454,426,627
91,58,264,240,497,488,627
45,29,135,110,419,438,627
397,273,738,527,624,612,627
27,20,93,88,403,354,627
11,22,80,81,423,445,627
535,465,698,573,608,630,627
50,37,63,62,383,407,627
49,24,161,151,444,438,627
39,21,50,46,320,416,627
50,27,139,106,410,363,628
41,24,150,134,443,454,628
44,24,74,79,399,405,628
102,96,87,95,485,477,628
120,113,329,265,467,414,628
9,29,101,85,434,444,628
107,118,342,339,523,552,628
18,25,137,98,450,454,628
34,20,88,82,373,406,628
76,56,209,211,454,449,628
58,44,101,95,464,449,628
58,44,26,38,367,368,628
83,61,194,187,448,484,628
133,116,346,321,521,529,629
34,24,134,133,459,435,629
127,110,548,444,598,623,629
49,32,77,71,362,401,629
39,29,36,46,426,416,629
67,47,235,205,455,446,629
149,120,435,345,563,570,629
181,169,605,533,581,569,630
27,23,100,107,393,374,630
132,97,334,285,553,540,630
137,118,330,305,554,537,630
213,160,534,475,600,602,630
40,20,77,63,338,407,630
70,45,131,119,391,382,630
35,22,69,71,440,403,630
44,33,162,152,417,404,630
160,131,342,303,535,531,631
169,130,274,250,524,521,631
56,33,116,122,432,438,631
174,146,284,275,511,522,631
30,20,61,63,435,411,631
60,36,187,149,482,478,631
45,26,75,75,382,453,631
49,27,72,82,367,419,631
78,57,139,139,472,466,631
32,32,237,201,461,487,631
47,30,172,156,460,417,632
57,36,103,113,411,421,632
54,33,97,97,392,433,632
115,84,157,165,479,440,632
70,47,155,155,455,485,632
57,36,162,159,468,453,632
23,22,155,132,335,354,632
30,33,106,102,404,420,632
57,38,177,166,488,524,633
36,26,84,92,371,394,633
156,142,354,285,528,534,633
27,50,186,180,486,462,633
610,443,336,241,533,508,633
34,59,163,152,467,474,633
81,94,90,95,445,437,633
36,24,137,70,414,386,633
56,61,119,118,464,462,633
36,23,32,36,386,388,633
97,71,222,222,495,481,633
571,506,692,634,604,641,633
54,35,37,48,405,459,633
179,151,153,139,472,482,633
228,193,214,195,540,526,634
59,40,197,190,482,511,634
33,21,93,93,422,422,634
57,44,220,194,465,465,634
56,48,94,94,447,455,634
44,27,74,74,394,361,634
58,48,119,123,463,470,635
56,84,93,92,412,361,635
26,31,372,302,526,519,635
68,93,217,220,473,498,635
41,38,144,143,449,447,635
49,31,219,148,427,437,635
187,143,490,437,532,546,635
84,77,128,137,467,500,635
195,177,458,418,535,528,636
19,26,127,126,420,463,636
20,21,146,123,441,429,636
51,28,210,193,464,474,636
87,72,219,192,509,490,636
158,118,449,405,543,566,636
34,20,60,68,393,392,636
70,47,87,99,413,415,636
223,204,310,292,550,554,636
26,24,173,167,454,485,636
56,44,204,176,439,476,636
34,58,211,211,453,469,637
56,44,101,91,381,422,637
146,114,604,576,545,557,637
202,158,603,552,579,620,637
33,30,178,173,443,421,637
68,47,267,240,518,520,637
196,192,541,473,581,611,637
21,25,101,110,408,416,638
29,30,152,146,409,418,638
56,32,140,132,472,445,638
55,32,119,118,380,346,638
80,47,277,255,500,488,638
54,33,131,110,346,357,638
49,33,100,110,359,413,638
67,57,307,290,534,541,638
90,76,367,312,540,576,638
27,37,68,66,413,442,638
55,42,113,74,452,473,638
34,23,88,78,363,363,638
58,51,208,202,465,472,638
191,148,401,347,506,520,639
38,23,44,54,408,413,639
52,23,40,32,360,333,639
59,37,105,116,422,401,639
97,85,124,126,420,430,639
56,42,299,273,497,521,639
15,24,48,36,340,375,639
136,148,326,314,493,522,639
178,141,585,505,602,627,639
41,30,148,158,333,376,639
44,26,77,82,426,409,640
68,53,158,143,463,492,640
58,38,105,105,405,420,640
179,164,189,166,510,508,640
48,50,161,162,433,476,640
617,622,305,290,581,574,640
9,27,40,45,378,413,640
33,54,82,92,480,467,640
9,22,35,42,417,428,640
86,71,250,227,508,503,640
53,33,215,160,471,459,640
393,330,534,462,576,581,640
42,30,143,143,422,394,640
23,27,147,111,454,416,641
191,181,235,216,531,526,641
361,232,125,66,339,359,641
86,54,308,288,531,519,641
50,35,114,111,395,344,642
439,379,720,535,635,629,642
82,96,153,159,502,499,642
120,88,275,227,524,543,642
72,52,144,144,415,418,642
56,38,174,150,436,468,643
39,20,100,104,387,426,643
43,25,51,62,328,397,643
134,106,176,178,487,477,643
64,43,224,197,523,519,643
109,63,554,462,564,600,643
29,21,87,81,360,370,643
372,311,720,587,624,649,643
514,445,723,529,647,646,644
125,120,268,234,550,542,644
71,53,274,230,498,496,644
87,53,317,212,404,382,644
95,73,68,58,418,421,644
42,26,133,127,403,431,644
38,26,52,48,364,400,644
99,80,144,152,452,478,644
482,170,296,150,491,321,644
80,68,179,172,458,496,645
293,203,759,530,627,626,645
51,35,195,176,413,438,645
126,85,592,468,583,583,645
52,49,135,129,447,468,645
14,20,45,51,424,444,645
9,23,112,115,352,403,645
11,40,138,144,433,443,645
292,224,816,614,624,629,645
44,29,79,82,382,373,646
97,74,172,170,495,479,646
139,117,197,194,504,515,646
103,86,92,103,483,505,646
56,40,123,127,419,428,646
53,39,224,186,422,442,646
44,29,252,206,498,494,646
35,29,161,151,436,437,646
32,32,74,39,403,462,646
36,52,211,205,482,478,646
434,366,698,563,611,592,646
58,56,83,95,468,449,646
75,58,125,124,454,482,646
91,63,253,229,493,510,646
36,20,100,81,270,334,646
108,79,282,242,531,516,647
222,234,328,317,532,519,647
73,56,302,285,482,488,647
282,202,680,559,608,601,647
40,32,81,86,476,455,647
271,192,421,309,603,611,647
45,56,182,181,481,460,648
18,27,211,155,473,456,648
30,38,165,149,350,442,648
119,129,345,321,532,516,648
149,148,367,312,576,428,648
30,37,401,341,536,563,648
82,60,104,113,419,462,648
83,57,224,215,463,457,648
26,20,64,67,377,344,648
329,298,448,405,577,566,649
40,26,68,74,406,422,649
49,34,96,100,352,390,649
365,299,790,657,624,642,649
57,55,267,176,486,512,649
126,147,162,153,449,355,650
25,41,223,210,480,477,650
45,62,129,133,455,447,650
19,36,117,110,318,401,650
21,23,76,82,426,424,650
127,117,146,142,345,331,650
25,25,79,84,419,444,650
74,58,268,236,392,343,651
46,25,73,68,370,400,651
45,23,47,51,335,379,651
46,27,71,67,238,360,651
37,22,68,66,387,413,651
115,79,452,388,558,549,651
27,28,95,95,405,417,651
39,37,95,89,431,462,651
34,27,99,86,330,344,652
68,57,132,133,462,450,652
61,36,183,172,477,457,652
46,28,129,119,394,385,652
94,88,197,179,494,496,652
256,257,760,684,325,337,652
18,34,101,99,467,461,652
52,31,87,87,420,405,652
76,49,149,103,436,451,653
65,34,137,115,456,444,653
604,470,712,529,626,636,653
364,324,656,519,522,420,653
28,22,147,119,424,384,653
257,262,399,390,543,562,653
57,72,266,253,518,528,653
68,54,127,127,475,468,653
103,77,199,186,512,535,653
65,32,188,163,449,433,653
194,161,230,221,524,530,654
97,82,303,290,435,431,654
65,56,121,110,470,476,654
48,50,189,168,485,490,654
30,30,105,94,379,351,654
25,20,75,82,437,401,654
21,30,83,88,441,461,654
102,114,319,295,532,494,654
38,33,438,338,532,547,654
76,83,222,213,441,485,654
55,69,169,172,454,447,654
46,29,169,146,483,487,654
73,60,75,65,377,365,654
45,30,54,61,400,430,654
106,83,205,190,450,441,654
17,34,123,116,447,409,655
113,127,330,325,523,520,655
201,191,309,296,567,548,655
85,66,125,116,475,441,655
124,87,371,328,502,502,655
327,268,494,441,552,562,655
56,35,132,128,465,468,655
190,147,364,326,532,536,655
13,25,126,129,450,472,655
37,31,143,139,425,463,655
19,28,163,156,492,463,656
213,201,386,367,558,552,656
685,414,831,562,652,645,656
240,213,389,360,554,530,656
60,33,102,73,392,406,656
35,21,112,106,327,402,656
44,27,62,62,456,452,656
56,30,75,79,388,418,656
40,22,67,70,394,423,656
44,32,88,88,431,450,656
53,36,198,178,465,498,656
17,20,52,59,393,399,656
105,118,182,181,469,446,656
33,47,295,272,491,495,656
48,44,103,106,447,456,657
76,40,268,223,523,532,657
98,64,274,213,519,520,657
190,145,751,518,631,635,657
142,98,840,538,616,638,657
46,47,259,212,517,503,657
14,27,131,128,450,462,657
50,41,148,141,446,463,658
242,220,234,235,555,546,658
114,78,499,389,590,609,658
135,111,164,168,495,516,658
77,59,240,217,520,499,658
75,62,144,148,418,442,658
44,43,320,232,519,431,658
14,20,75,77,441,435,658
262,193,329,274,563,562,658
429,339,413,354,584,569,659
105,60,238,225,504,509,659
88,55,100,109,422,449,659
47,20,51,57,348,381,659
49,21,116,87,429,403,659
25,33,79,69,406,439,659
37,48,276,242,502,521,659
48,57,180,171,508,478,659
18,21,240,209,506,526,659
55,59,366,329,518,519,659
19,24,78,75,428,370,659
79,56,118,117,430,478,660
418,396,692,621,604,630,660
74,87,295,276,505,514,660
26,34,285,236,437,431,660
39,49,174,168,431,434,660
69,71,247,221,467,472,660
52,25,63,74,415,444,660
49,21,37,38,253,348,660
104,65,251,236,504,496,660
33,23,80,90,417,380,661
411,260,708,445,640,664,661
191,172,501,370,589,569,661
45,46,353,319,491,505,661
28,29,83,76,384,341,661
92,64,184,184,459,474,661
102,63,182,180,483,476,661
152,92,489,400,560,594,661
99,70,142,136,493,486,661
71,61,188,182,489,484,661
31,21,67,78,304,341,661
36,46,246,234,507,495,662
11,21,120,121,431,441,662
17,23,74,76,410,386,662
35,30,194,186,467,469,662
19,20,117,115,404,369,662
40,41,112,99,432,419,662
67,52,239,219,503,490,662
36,31,174,171,451,430,662
14,25,98,100,378,370,662
61,62,194,169,474,440,663
98,57,190,171,431,411,663
105,49,190,155,494,515,663
57,25,82,87,373,362,663
106,62,106,107,444,451,663
52,51,237,229,483,472,663
28,38,92,104,419,441,664
95,67,176,168,450,482,664
62,42,176,166,459,458,664
37,25,154,145,445,442,664
49,49,168,169,433,383,664
205,170,391,293,578,570,664
43,20,59,51,369,387,665
45,23,78,76,374,433,665
100,50,254,215,486,500,665
83,84,403,362,535,530,665
19,22,195,182,457,468,665
51,22,40,52,312,394,665
49,22,85,87,375,381,666
50,20,61,63,372,377,666
52,22,85,93,414,408,666
55,25,97,88,366,425,666
92,68,294,222,509,490,666
409,358,374,367,583,587,666
69,47,160,165,432,441,666
99,94,101,111,396,337,666
645,539,742,660,500,350,666
297,304,549,514,575,621,666
57,63,180,165,482,483,666
129,116,410,336,525,541,666
26,31,74,78,468,506,666
72,38,140,110,472,475,666
69,55,95,101,378,338,666
44,23,73,78,452,415,666
312,283,479,449,594,599,667
30,49,180,161,483,457,667
28,43,133,132,454,443,667
107,119,98,93,453,459,667
73,59,121,114,406,457,667
316,269,561,457,578,574,667
103,103,146,146,506,499,668
48,60,425,361,573,592,668
25,26,100,93,469,468,668
393,366,826,735,606,599,668
126,85,210,156,529,550,668
572,424,93,74,234,355,668
166,144,563,474,532,362,668
37,53,119,99,453,443,669
240,181,599,477,597,585,669
23,30,206,187,480,489,669
22,28,152,141,411,423,669
375,325,840,610,600,599,669
113,135,299,289,403,326,670
54,67,384,338,536,517,670
16,40,99,107,433,451,670
23,46,154,121,429,456,671
472,337,843,608,631,615,671
15,29,89,88,452,461,671
25,24,242,219,502,489,672
80,61,177,161,479,474,672
209,187,204,206,503,497,672
77,65,270,259,513,540,672
549,451,772,580,640,620,672
21,46,209,192,460,471,672
99,106,335,293,354,342,672
82,79,179,165,479,476,672
47,29,96,100,407,397,672
77,44,316,208,505,524,672
44,74,121,112,467,447,673
78,96,141,137,397,388,673
62,38,118,112,403,435,673
53,29,46,49,389,414,673
35,30,119,111,371,331,674
58,40,118,104,414,420,674
338,307,523,480,606,604,674
20,22,97,74,361,371,674
22,20,86,82,385,395,674
57,34,219,195,491,526,674
406,308,670,568,534,480,674
135,110,239,205,497,524,674
29,47,87,91,465,496,675
210,201,599,506,589,574,675
24,33,130,131,405,400,675
45,21,93,93,393,385,675
42,20,43,39,359,359,675
26,31,88,90,415,395,675
18,27,121,118,429,400,675
272,283,366,352,576,569,676
37,43,76,81,439,460,676
78,49,140,134,497,486,676
89,68,94,93,419,421,676
42,20,208,186,372,387,676
73,44,191,162,485,495,676
81,53,94,92,444,426,676
78,48,92,69,418,372,676
41,29,115,97,396,430,677
15,41,182,180,444,439,677
51,39,121,101,430,435,678
48,35,253,242,447,459,678
58,39,104,102,443,414,678
60,43,130,132,424,423,678
48,30,85,88,420,446,678
29,20,58,66,347,407,679
61,48,99,87,387,373,679
58,35,227,211,476,486,679
49,32,100,105,401,412,679
255,181,426,349,489,486,679
49,32,86,94,363,365,679
371,301,640,568,611,608,680
66,36,173,145,479,478,680
31,20,67,57,349,392,680
83,62,179,183,461,476,680
106,71,329,189,533,535,680
49,64,348,311,481,485,680
127,127,182,174,537,561,680
54,47,114,115,468,434,680
59,45,151,121,455,469,680
47,31,77,88,403,411,680
88,55,239,219,492,529,680
69,42,216,186,493,471,680
119,96,165,159,461,495,681
35,25,96,106,409,406,681
54,64,339,320,512,490,681
39,35,240,192,489,505,681
28,46,96,102,411,376,681
63,50,254,229,521,527,681
17,29,172,176,455,462,681
55,28,189,163,482,461,681
132,83,382,345,562,559,681
48,28,129,122,446,432,681
122,95,126,126,443,407,681
104,67,285,260,509,500,681
341,279,367,329,473,468,681
40,26,107,96,453,458,681
179,158,889,732,554,567,681
75,64,171,176,510,495,681
114,114,448,307,566,570,682
106,120,234,229,528,527,682
46,65,168,171,458,481,682
75,55,203,192,481,496,682
22,21,84,66,406,398,682
72,70,127,133,474,452,682
48,45,168,135,409,328,683
59,49,116,114,466,470,683
151,137,482,463,512,541,683
86,68,133,140,468,481,683
42,27,81,83,313,395,683
58,38,113,111,436,424,683
114,77,297,246,535,527,683
11,28,163,146,471,478,683
72,64,295,262,498,495,684
36,27,158,159,541,557,684
505,435,760,632,646,670,684
48,35,108,115,445,473,684
105,103,150,159,451,472,684
12,20,88,90,436,424,684
160,169,441,390,586,608,684
59,34,238,176,478,484,685
210,180,247,232,503,515,685
79,63,78,70,453,465,685
67,50,156,147,423,428,685
37,26,74,84,427,412,685
373,307,610,445,602,604,686
85,60,119,97,448,450,686
62,39,235,202,496,488,686
86,89,190,185,451,430,686
79,82,189,172,511,463,686
30,20,70,74,404,380,686
38,21,75,70,342,375,686
21,33,45,45,379,378,687
9,38,179,180,395,413,687
143,161,141,149,489,452,687
55,44,105,113,408,413,687
28,21,76,84,421,373,687
61,48,110,112,398,400,687
222,143,269,160,469,467,688
114,96,169,163,494,505,688
89,58,252,200,554,559,688
39,27,63,59,402,397,688
143,117,329,283,497,531,688
42,29,207,170,501,466,688
107,95,554,462,595,615,689
223,237,264,246,541,568,689
183,176,342,343,509,505,689
38,28,121,118,427,430,689
122,81,544,390,446,375,689
39,29,145,140,439,415,689
80,91,257,240,501,504,689
39,26,176,172,460,460,690
74,59,253,240,515,527,690
47,36,102,89,420,434,690
41,26,66,75,424,431,690
163,144,190,161,460,458,690
47,38,121,106,421,440,690
37,21,80,91,368,382,691
34,21,84,74,445,389,691
34,21,103,103,344,339,691
35,20,84,75,370,403,691
78,104,270,256,560,539,691
40,53,131,127,454,436,691
71,44,255,232,490,468,692
54,35,91,94,422,403,692
19,23,93,82,398,421,692
57,43,201,158,469,414,692
42,31,146,149,499,489,692
77,55,268,255,509,532,692
147,110,203,180,544,541,692
103,69,274,244,514,517,692
295,233,438,396,595,597,692
83,64,83,84,456,429,693
55,40,64,72,425,399,693
168,130,388,342,529,532,693
61,47,376,283,531,505,693
158,157,105,97,478,515,693
142,125,357,328,584,594,693
105,92,195,192,460,466,693
134,104,353,297,531,540,693
79,44,138,108,415,384,693
32,20,85,92,394,411,693
117,84,186,161,493,493,694
121,96,193,183,513,527,694
55,35,117,81,424,413,694
40,20,75,58,409,361,694
39,20,155,153,455,474,694
98,62,276,230,510,492,694
56,37,95,93,418,442,694
47,37,105,105,407,431,695
17,21,81,76,438,422,695
57,33,84,89,407,361,695
49,27,155,150,455,497,695
91,75,168,158,444,480,695
366,297,826,686,612,627,695
60,46,216,200,484,498,695
54,32,153,149,462,458,695
16,25,74,77,439,451,696
37,25,121,121,429,427,696
274,213,566,481,594,586,696
414,337,645,545,605,650,696
226,133,681,489,561,368,696
52,29,136,128,433,412,696
50,26,157,156,442,450,696
47,34,50,51,408,444,696
45,30,182,150,456,449,696
252,169,149,93,390,333,696
29,20,103,98,354,352,696
16,25,103,102,350,399,696
309,256,422,324,595,601,697
18,27,87,85,426,381,697
118,90,123,126,463,470,697
91,44,226,107,357,388,697
76,54,135,112,449,434,697
94,82,113,122,448,473,697
39,27,238,209,458,482,697
18,31,201,190,485,482,697
42,21,47,54,389,344,698
69,37,228,201,480,477,698
448,391,693,554,580,567,698
39,37,91,92,388,394,698
398,354,600,538,575,581,698
36,20,75,80,418,399,698
35,24,118,121,359,385,698
493,344,867,592,628,640,698
60,40,125,123,456,434,699
47,31,82,90,426,455,699
192,157,336,309,535,575,699
55,39,88,86,457,434,699
113,135,281,238,537,531,699
217,166,663,539,409,394,699
116,96,188,165,502,508,699
71,48,161,161,447,476,699
37,26,98,100,423,435,700
25,20,77,52,331,374,700
38,25,71,59,370,321,700
128,90,236,115,456,443,700
9,22,146,149,463,495,700
192,126,115,90,387,319,700
39,43,161,162,442,423,700
32,27,122,115,413,396,700
27,23,110,91,442,451,700
36,20,88,89,423,395,700
36,23,84,82,413,358,700
209,152,258,228,519,516,700
40,26,125,123,416,423,700
45,37,138,134,466,441,700
118,84,219,176,473,473,700
153,120,275,255,520,511,700
181,165,355,329,543,544,700
95,75,73,68,431,455,701
45,41,174,164,464,450,701
15,23,131,125,358,396,701
108,92,117,107,505,539,701
31,21,48,46,403,384,701
348,271,762,661,593,605,701
28,26,43,52,359,414,702
38,32,252,218,499,499,702
185,165,558,460,578,571,702
213,164,498,403,609,605,702
73,50,79,90,426,434,702
135,94,226,193,531,559,702
68,45,168,165,481,497,702
34,21,49,34,375,387,702
35,22,124,124,376,430,702
58,30,97,82,385,422,702
102,85,179,156,531,563,703
40,26,118,120,446,415,703
35,21,38,36,424,407,703
48,36,66,70,423,383,703
32,29,70,79,462,442,703
13,20,158,154,461,453,704
100,93,239,204,543,548,704
60,33,125,126,411,410,704
44,27,65,75,384,382,704
150,97,345,283,555,547,704
54,32,199,180,397,380,704
38,23,47,58,287,327,704
31,22,124,106,334,336,704
72,55,108,115,457,430,704
55,34,158,162,446,481,704
27,25,145,150,454,492,705
35,21,70,65,364,387,705
48,31,110,109,400,355,705
108,64,670,484,545,530,705
94,80,120,122,340,353,705
551,482,635,566,610,638,705
102,70,298,259,533,550,705
119,77,417,322,530,537,705
34,26,105,101,319,378,705
34,22,36,38,211,320,705
40,31,77,77,391,391,705
39,36,87,93,459,438,705
66,44,114,109,410,436,705
45,24,64,66,284,343,705
47,28,63,70,371,337,705
105,94,186,170,440,460,705
33,21,118,110,423,352,706
59,38,387,299,552,537,706
46,44,127,106,428,408,706
111,99,325,293,515,522,706
78,85,224,208,516,536,706
28,24,65,69,396,396,706
31,22,42,50,396,417,706
50,41,180,176,457,427,706
45,28,94,90,430,370,706
31,21,54,64,259,354,706
307,241,518,439,592,591,706
160,127,232,221,503,495,706
41,24,117,113,334,403,706
125,79,321,283,535,551,706
45,28,109,103,332,354,706
327,278,335,306,573,571,707
66,38,141,125,478,474,707
49,31,51,49,384,447,707
84,65,188,185,489,496,707
35,34,103,103,427,449,707
19,20,84,85,390,417,707
79,52,204,189,464,446,707
105,83,384,292,529,541,707
171,102,572,452,599,619,707
58,36,151,137,481,472,707
21,20,39,50,372,362,707
55,48,100,112,450,443,708
60,43,90,78,397,375,708
35,21,112,108,432,405,708
92,58,351,305,555,563,708
37,24,168,154,471,474,708
37,22,144,136,449,442,708
43,25,256,207,473,458,708
31,20,51,62,375,359,708
671,604,814,749,652,648,708
17,20,123,119,400,424,709
220,206,397,368,503,512,709
294,272,621,560,569,567,709
367,335,837,737,589,563,709
23,35,164,149,522,544,709
174,162,405,378,552,560,709
44,27,118,117,417,457,709
66,43,100,102,447,468,709
221,188,260,234,558,544,709
57,32,129,95,393,402,709
50,44,149,124,461,446,709
353,321,282,285,577,575,709
9,20,74,82,418,394,709
58,53,172,174,445,442,709
21,21,55,66,394,442,709
25,23,128,118,363,391,709
86,64,141,142,436,463,710
364,241,748,440,602,609,710
301,237,489,414,608,602,710
256,186,672,577,609,646,710
291,204,560,453,583,585,710
27,30,87,86,425,430,710
205,120,397,276,559,546,710
44,26,109,95,461,399,711
97,71,130,125,487,466,711
67,39,155,101,426,421,711
219,181,308,268,530,516,711
67,51,121,118,419,395,711
44,25,74,53,396,400,711
16,23,136,134,457,491,711
45,41,464,378,561,578,711
50,31,69,70,266,410,711
57,38,125,103,409,412,711
51,32,84,87,414,419,711
46,29,84,72,402,391,712
174,151,171,173,385,372,712
40,24,134,125,431,453,712
55,39,105,104,411,430,712
58,31,325,255,523,535,712
25,22,136,116,431,456,713
34,20,105,107,440,417,713
84,67,154,155,432,456,713
83,65,234,224,510,514,713
48,41,187,174,479,463,713
43,24,121,120,452,445,713
224,157,581,472,624,671,713
51,22,170,85,411,375,713
35,35,108,108,320,393,713
29,46,366,278,531,520,714
133,122,161,146,507,513,714
19,22,91,83,360,420,714
184,150,428,384,558,546,714
106,73,215,181,471,491,714
50,30,155,154,451,437,714
128,89,362,310,559,560,714
48,34,61,62,398,392,714
60,32,379,313,393,323,714
72,53,88,86,439,415,715
133,102,275,249,517,528,715
40,21,114,101,452,477,715
51,51,90,76,414,414,715
22,25,81,76,389,413,715
94,54,342,180,500,499,715
37,30,150,154,436,424,715
244,206,705,636,462,392,715
47,61,293,260,540,547,715
11,21,112,104,364,382,716
40,24,91,91,411,421,716
63,35,159,113,426,451,716
51,30,109,105,381,439,716
477,268,836,492,654,649,716
44,30,107,89,430,440,716
127,110,155,159,384,329,716
34,22,68,68,403,391,716
16,25,81,86,409,420,716
33,35,84,87,453,447,716
99,107,257,255,496,505,716
89,83,171,129,507,477,716
35,20,102,90,389,420,717
37,21,35,44,398,377,717
57,35,80,75,480,472,717
263,192,724,559,598,594,717
22,22,66,60,383,334,717
34,20,99,96,408,440,717
40,33,159,145,450,521,717
29,22,87,95,445,408,717
58,40,113,112,472,487,718
58,41,288,267,502,483,718
73,52,144,136,449,442,718
42,25,271,236,461,466,718
280,192,673,531,628,612,718
333,273,741,561,612,602,718
74,82,195,185,489,478,718
22,31,158,148,433,446,718
77,47,333,160,507,492,718
59,40,215,198,459,462,718
315,250,638,568,589,581,719
45,44,144,146,447,426,719
72,57,202,198,436,442,719
27,22,78,80,369,388,719
106,81,330,292,513,516,720
37,20,93,87,338,391,720
110,69,264,219,299,329,720
45,28,100,88,451,419,720
49,34,106,96,458,447,720
37,24,75,73,400,395,721
111,91,215,191,470,463,721
51,42,113,117,387,336,721
62,69,113,110,471,461,721
105,77,274,270,448,427,721
48,29,147,141,411,437,721
57,36,98,100,423,444,721
108,114,218,223,472,479,721
79,54,278,215,539,539,721
33,21,174,144,433,453,722
41,22,67,61,336,404,722
211,173,286,281,530,511,722
183,144,335,309,535,558,722
91,70,149,154,485,519,722
58,41,143,117,452,444,722
35,22,28,38,260,335,722
140,115,178,161,482,479,722
61,50,126,115,455,428,722
209,152,414,353,554,576,722
210,168,306,287,547,536,722
52,33,114,93,427,433,722
38,26,285,232,511,542,722
105,81,266,237,514,502,722
32,20,105,92,453,453,723
83,62,340,294,499,483,723
86,58,799,675,539,555,723
38,23,88,86,359,323,723
83,49,350,253,533,549,723
215,174,334,326,523,543,723
48,26,159,134,429,420,723
74,53,138,87,472,390,723
54,31,161,148,434,417,723
49,31,97,102,367,392,723
22,30,122,123,409,376,723
67,72,299,273,524,515,723
20,41,302,263,523,544,723
50,32,171,165,487,474,724
56,40,58,55,431,438,724
51,34,118,114,448,447,724
68,46,102,86,368,382,724
44,25,100,73,418,376,724
98,66,184,156,461,483,724
155,102,542,421,473,461,724
34,26,181,144,443,408,724
59,39,93,96,382,423,724
51,31,98,98,424,416,724
13,21,68,70,370,417,724
480,421,698,617,634,632,724
15,20,97,100,420,423,724
289,242,738,581,608,597,724
46,41,176,119,480,470,724
125,84,300,271,503,499,724
36,21,102,97,446,451,724
64,40,112,103,443,444,724
62,42,144,135,368,475,724
46,26,102,85,436,450,725
29,21,96,91,429,409,725
36,22,83,78,431,437,725
47,32,117,123,419,388,725
87,72,252,225,491,488,725
35,50,91,79,418,441,725
46,44,272,238,474,465,725
156,133,376,348,569,565,725
84,59,98,110,433,468,725
121,76,379,310,535,561,725
68,46,102,115,382,463,725
53,25,117,92,404,364,725
52,30,91,90,423,410,726
437,338,718,567,631,642,726
41,27,98,78,363,400,726
35,26,95,83,367,325,726
129,85,505,373,554,555,727
62,31,137,97,431,438,727
141,123,322,283,515,529,727
89,78,218,193,381,334,727
38,33,75,67,429,411,727
33,36,144,142,436,420,728
113,124,214,199,419,369,728
40,53,153,142,480,460,728
21,26,126,117,474,427,728
29,30,64,72,375,414,728
29,24,150,149,420,427,728
34,32,99,95,417,485,728
63,40,553,447,501,489,728
182,128,709,465,611,636,728
14,34,115,120,344,409,729
12,32,185,165,473,465,729
40,33,100,100,419,446,729
165,123,469,382,550,535,729
27,26,114,112,446,440,729
43,35,220,204,503,511,729
91,95,368,339,518,498,729
19,20,82,80,428,426,729
73,55,275,239,509,499,730
48,46,114,126,440,463,730
149,137,293,260,525,533,730
151,144,323,310,543,575,730
30,44,199,152,470,481,730
74,62,251,220,450,506,730
75,58,240,207,489,492,730
306,250,517,419,580,572,731
53,39,176,165,480,475,731
29,21,92,81,346,397,731
31,21,89,96,415,420,731
39,29,81,92,437,432,731
45,35,135,124,463,451,731
78,59,205,189,473,466,731
159,123,389,332,560,548,731
59,43,83,90,398,401,731
61,51,100,113,424,461,731
29,20,106,102,360,390,732
83,62,179,168,458,438,732
39,24,151,142,435,433,732
36,21,85,74,327,361,732
32,21,117,119,387,447,732
31,21,59,61,352,367,732
85,65,107,101,481,489,733
32,25,43,47,300,326,733
182,174,331,293,549,534,733
20,28,135,125,414,459,733
159,180,190,180,535,524,733
363,305,513,465,584,615,733
12,22,95,95,392,392,733
40,27,98,105,441,434,733
66,51,112,110,462,451,733
31,23,51,55,303,432,733
45,44,153,144,441,413,733
57,40,343,301,538,565,733
11,35,145,148,427,415,734
26,35,201,197,507,533,734
57,54,206,184,507,484,734
218,183,363,334,550,591,734
39,52,159,152,493,483,734
218,220,220,198,569,568,735
104,108,153,155,440,429,735
12,22,119,111,408,424,735
54,38,154,158,459,440,735
45,34,66,69,444,367,735
161,136,243,231,504,497,735
50,35,78,75,380,418,735
29,22,79,88,367,399,735
32,24,175,172,417,437,735
288,229,807,546,616,607,735
31,42,156,156,453,418,735
92,108,235,213,508,510,735
201,168,494,435,579,585,736
38,23,59,63,388,417,736
33,22,62,71,358,361,736
172,117,755,600,577,555,736
66,59,192,195,454,465,737
59,38,60,65,416,438,737
61,43,149,141,448,468,737
38,22,69,63,428,424,737
80,61,159,146,471,468,737
40,24,99,102,449,445,737
50,35,38,28,291,363,737
45,30,133,133,454,489,737
80,60,171,154,481,484,737
22,22,275,242,422,452,737
16,21,303,201,527,541,737
11,26,125,115,458,443,737
50,58,121,126,465,422,737
65,49,137,110,468,434,737
49,32,148,135,418,436,738
97,78,202,198,526,531,738
43,35,83,94,350,389,738
28,20,101,82,358,351,738
84,80,410,347,548,523,738
73,105,164,166,457,456,738
110,115,410,371,548,582,738
37,36,171,167,473,460,738
24,20,84,80,383,402,739
48,32,53,38,261,324,739
50,53,192,182,456,460,739
48,48,211,191,485,461,739
363,325,797,704,658,708,739
22,38,231,220,452,441,739
230,197,556,430,599,586,739
143,139,241,250,521,513,739
40,31,151,126,388,396,739
48,44,160,153,456,462,739
141,133,238,242,423,403,739
40,63,147,140,408,469,740
21,29,93,94,388,426,740
57,50,211,204,510,492,740
16,57,173,174,429,453,740
16,44,214,178,456,468,740
26,23,118,112,422,412,741
74,73,252,242,478,520,741
28,33,57,63,427,425,741
136,138,498,411,593,600,741
45,77,183,179,469,465,741
302,264,556,508,422,329,742
35,23,87,82,399,381,742
73,63,111,110,452,413,742
32,24,58,63,384,427,742
54,43,54,63,432,401,742
134,133,500,406,545,547,743
141,127,125,126,463,459,743
34,60,115,96,495,508,743
58,83,249,215,522,514,743
35,40,173,156,474,468,743
48,25,255,172,485,481,744
72,52,185,162,514,530,744
104,101,202,203,454,477,744
20,25,128,134,435,388,744
18,24,78,82,414,393,744
13,22,94,101,395,408,744
18,28,114,104,404,395,744
256,195,437,353,473,437,744
41,25,133,123,432,460,744
224,162,445,370,584,588,745
41,26,103,96,369,385,745
305,257,597,488,579,572,745
38,36,173,158,452,462,745
48,57,267,236,501,540,745
15,43,112,105,384,416,745
10,22,120,123,451,417,745
18,26,97,98,398,414,745
167,137,292,269,537,533,745
101,105,263,251,493,515,745
46,50,220,165,472,480,746
19,35,160,114,450,419,746
28,50,167,165,472,482,746
70,115,296,278,531,511,746
12,64,120,118,385,356,746
88,121,214,198,518,523,748
16,54,183,174,494,508,748
119,123,519,435,566,556,748
510,496,541,447,600,588,748
127,134,673,541,531,523,748
52,57,193,179,480,520,749
24,24,104,107,402,329,749
45,44,186,175,493,476,749
16,26,76,85,415,398,749
111,113,390,324,575,582,749
37,28,109,82,450,434,750
225,215,169,174,525,527,750
62,59,120,125,464,495,750
21,21,112,105,410,384,750
118,117,130,136,507,527,750
257,231,582,539,578,575,750
23,59,118,98,475,430,750
23,22,143,144,435,436,751
62,54,123,115,404,447,751
80,57,298,228,529,507,751
28,31,226,202,517,527,751
327,245,109,91,390,329,751
44,31,169,165,438,445,752
24,26,51,50,382,379,752
38,51,142,85,392,385,752
22,28,161,145,488,494,752
76,62,350,309,530,515,752
69,70,145,137,403,374,752
116,105,174,162,441,404,753
54,49,39,46,445,470,753
19,21,113,113,365,403,753
273,275,239,234,512,501,753
56,76,346,314,519,523,753
246,242,668,590,557,557,753
17,37,199,175,454,467,753
146,161,474,413,568,567,753
19,25,94,80,437,419,753
29,21,107,93,386,388,753
55,64,240,222,492,486,754
60,58,201,206,477,466,754
37,28,74,78,380,439,754
36,21,73,71,400,392,754
20,29,82,88,416,430,754
25,41,107,100,407,403,755
48,52,309,287,492,504,755
54,41,209,156,415,397,755
158,141,105,105,490,476,755
26,21,89,96,387,413,755
52,29,97,91,409,388,755
114,119,444,378,562,557,755
177,133,487,384,580,586,756
63,49,60,53,454,393,756
35,35,80,70,476,477,756
38,31,195,172,439,457,756
111,81,692,437,565,323,756
102,103,214,208,466,451,756
49,58,158,158,420,390,756
100,111,324,272,525,514,756
95,103,291,248,485,508,756
26,23,40,34,288,339,756
84,57,370,308,544,547,757
50,29,73,80,423,453,757
33,22,78,88,399,355,757
63,43,292,269,426,436,757
46,29,54,54,456,478,757
29,48,135,139,455,443,757
207,225,325,307,549,549,757
78,80,131,139,494,489,757
34,55,113,115,451,465,757
41,31,101,95,419,388,757
48,32,116,95,430,455,758
101,104,424,390,542,541,758
46,71,133,133,482,475,758
32,20,100,99,381,399,758
44,28,71,78,410,379,758
69,54,203,187,489,483,758
68,43,63,65,371,359,758
220,175,168,158,547,549,758
27,29,169,148,449,388,759
79,56,249,212,512,539,759
513,465,657,602,618,629,759
72,75,393,367,530,520,759
26,20,47,51,274,339,759
28,20,68,72,387,407,759
97,84,249,228,500,537,759
130,98,315,283,502,517,759
112,92,273,248,518,537,760
33,29,32,32,376,351,760
99,94,241,243,515,503,760
255,200,863,575,651,654,760
154,120,162,144,451,484,760
83,55,128,119,440,453,760
475,285,822,585,641,650,760
32,25,154,114,390,431,761
50,30,71,69,370,377,761
38,20,125,94,388,395,761
47,24,73,72,402,374,761
74,41,278,240,460,462,761
87,65,72,74,411,388,761
179,123,412,345,496,487,761
147,128,197,205,524,511,761
12,23,112,111,406,385,762
23,22,88,78,384,416,762
20,22,124,122,433,382,762
332,208,103,86,374,352,762
262,148,517,344,584,615,762
72,43,91,89,289,360,762
91,58,184,174,423,429,762
96,61,279,261,525,552,762
50,35,115,99,441,410,762
82,64,253,239,480,509,763
82,61,113,123,471,416,763
217,165,523,454,584,569,763
20,21,41,45,301,386,763
30,39,108,107,411,423,763
14,23,194,142,431,421,763
13,24,105,89,387,368,763
9,21,75,83,355,404,763
126,121,153,131,483,460,763
17,31,154,141,484,474,763
66,64,163,160,438,455,763
53,23,73,56,396,335,764
55,25,80,79,383,348,764
103,57,327,298,452,471,764
27,34,174,161,469,444,764
16,24,85,90,407,459,764
14,26,189,187,454,481,764
31,30,122,113,343,420,764
129,109,295,283,510,492,764
38,20,129,81,439,438,764
186,130,747,588,583,614,764
110,103,405,357,478,441,765
9,22,81,84,439,388,765
33,53,72,84,430,421,765
44,45,317,221,564,586,765
25,39,254,255,481,467,765
14,24,62,73,406,434,765
92,72,229,209,482,348,765
106,69,223,210,445,460,765
47,27,54,55,318,401,765
62,64,132,123,487,498,766
93,102,318,303,486,468,766
43,60,143,131,506,492,766
215,188,560,463,589,606,766
44,37,89,96,461,460,766
67,44,216,203,524,551,767
38,26,150,136,440,410,767
30,35,75,82,372,338,767
92,79,230,198,476,485,767
42,22,73,73,376,344,767
200,128,242,195,502,496,767
37,20,93,95,438,401,767
297,245,340,296,532,504,767
39,20,105,103,416,400,767
83,63,178,165,473,463,767
43,25,83,79,370,380,767
50,31,93,87,429,421,767
67,43,86,84,453,436,767
48,51,272,247,533,528,767
12,20,136,96,472,458,768
341,259,580,483,600,592,768
79,48,179,180,486,477,768
40,22,101,100,349,334,768
44,27,144,131,433,418,768
15,27,170,164,439,471,768
94,108,290,279,507,513,768
21,35,236,227,501,495,768
39,23,154,154,441,469,769
117,72,229,192,509,483,769
116,80,171,164,492,518,769
51,27,37,34,423,421,769
36,21,63,62,387,405,769
79,54,120,106,453,426,769
36,37,173,145,454,446,769
110,83,400,338,544,546,769
88,72,183,186,460,494,770
27,20,61,63,366,352,770
54,22,67,74,393,414,770
58,29,68,48,385,425,770
151,99,416,353,549,549,770
34,20,83,84,391,398,770
139,121,206,181,525,510,770
26,30,90,84,440,424,770
45,61,110,115,503,534,770
40,20,57,39,348,370,770
73,35,192,152,452,438,771
59,29,103,111,497,528,771
37,30,155,104,510,528,771
484,444,738,656,629,617,771
56,33,273,232,380,336,771
85,65,108,99,451,464,771
170,150,507,446,579,599,771
44,40,100,102,463,433,771
48,45,262,231,520,509,771
46,39,237,222,469,465,771
58,40,107,113,437,419,771
295,250,465,432,568,568,771
136,104,87,88,484,472,771
70,39,104,107,440,407,771
114,68,275,248,504,501,771
218,167,338,314,538,536,771
116,78,218,210,495,500,771
434,364,314,280,575,578,772
24,25,130,115,451,430,772
80,87,187,184,458,460,772
115,68,425,367,526,521,772
300,226,476,453,548,566,772
37,20,89,77,414,403,772
39,20,83,92,373,411,772
10,25,185,160,478,496,773
18,33,122,118,487,502,773
36,26,746,621,512,520,773
65,61,208,196,457,436,773
121,101,279,252,523,556,773
60,35,118,111,408,404,773
61,36,100,95,440,397,773
79,48,130,132,443,432,773
36,20,49,55,363,349,773
41,20,94,93,360,360,773
41,22,86,95,365,349,773
243,171,409,246,577,556,773
79,71,109,110,373,364,774
21,33,152,157,386,422,774
17,24,120,110,390,433,774
34,50,206,193,476,483,774
105,76,363,237,596,596,774
33,32,165,150,455,453,774
53,44,233,179,476,471,774
194,160,699,582,586,583,774
61,84,104,108,466,450,775
20,40,156,154,436,427,775
132,116,511,379,577,565,775
154,137,256,235,505,510,775
34,20,118,102,436,462,775
168,153,307,299,485,467,775
20,25,82,84,387,411,775
113,88,194,188,501,494,776
47,25,129,128,456,480,776
39,21,74,78,253,329,776
47,24,85,92,388,462,776
238,247,385,358,537,538,776
65,40,82,64,415,431,777
158,111,298,245,543,551,777
42,29,136,130,461,401,777
22,30,78,81,444,472,777
19,35,154,150,455,450,777
12,33,158,142,472,476,777
9,28,233,220,487,514,777
295,272,646,604,578,616,777
41,37,260,228,505,512,777
218,187,433,360,561,558,778
124,102,278,272,489,468,778
26,28,72,63,385,405,778
28,25,173,153,418,395,778
25,41,137,139,459,467,778
25,37,298,239,506,482,778
177,153,697,581,593,600,778
76,50,149,149,421,428,778
71,46,133,116,480,521,778
50,27,57,63,361,398,778
88,78,162,138,488,502,779
43,48,106,102,419,434,779
116,99,349,298,535,538,779
53,37,112,106,453,446,779
51,34,164,148,388,464,779
50,27,149,136,443,493,779
51,27,77,73,391,385,779
152,121,164,166,438,409,779
63,36,173,146,474,481,779
439,320,740,560,634,624,779
51,35,189,174,483,492,779
89,74,196,200,465,466,779
56,59,123,120,400,401,780
44,21,113,97,457,459,780
153,96,529,408,558,592,780
333,264,345,299,574,568,780
45,28,216,137,429,319,780
50,51,268,200,465,479,781
26,26,83,94,390,405,781
547,461,893,783,629,626,781
467,400,167,131,407,374,781
405,287,863,542,611,622,781
39,36,146,138,498,492,781
157,104,173,101,475,484,782
44,22,65,62,360,341,782
52,26,138,127,460,480,782
286,199,553,413,580,577,782
55,31,154,157,457,439,782
80,67,225,214,490,501,782
154,137,591,503,598,583,782
38,29,53,64,470,470,783
63,36,82,95,411,407,783
55,28,65,60,370,362,783
380,326,532,460,594,587,783
40,29,137,135,379,375,783
30,20,105,84,418,395,783
42,25,91,82,392,449,784
82,47,221,197,477,469,784
56,36,88,89,361,396,784
37,22,75,86,395,388,784
101,74,445,373,555,549,784
199,179,284,284,530,506,784
45,23,85,90,427,382,785
65,39,133,137,433,407,785
90,50,253,224,527,507,785
219,169,359,304,538,551,785
23,29,167,126,436,395,785
163,139,666,488,624,628,785
309,264,331,317,564,561,785
108,67,501,435,522,522,785
71,43,84,87,422,437,785
56,33,110,96,377,400,785
42,23,90,75,468,487,785
56,34,35,46,395,410,786
518,426,677,620,623,625,786
242,195,375,253,571,536,786
514,466,632,573,425,418,786
34,23,153,105,445,466,786
81,46,258,243,485,518,786
58,33,56,56,406,424,786
87,67,329,279,498,491,787
75,50,265,227,481,471,787
51,34,75,77,376,400,787
88,51,187,135,456,473,787
365,292,639,547,535,512,787
55,31,82,84,417,430,787
189,140,407,338,560,582,787
28,27,119,107,422,407,787
15,27,137,141,431,415,787
179,128,568,408,631,638,788
90,65,171,171,439,440,788
37,21,65,63,377,376,788
54,31,133,126,503,526,788
44,26,136,134,403,423,788
366,291,542,467,608,603,788
186,176,349,339,552,550,788
217,157,479,392,575,623,789
124,88,239,133,444,473,789
39,20,99,99,399,392,789
425,242,249,172,502,508,789
28,20,48,46,387,355,789
15,22,61,66,353,342,789
37,36,226,205,498,516,789
16,35,251,232,447,457,789
201,151,839,679,591,612,789
51,39,142,139,458,453,790
33,21,55,64,389,349,790
155,159,274,249,544,514,790
48,53,124,123,485,442,790
37,20,49,46,382,390,790
55,26,190,143,454,457,790
24,21,59,67,382,413,791
41,28,130,121,473,465,791
60,48,147,131,438,443,791
177,153,381,321,535,514,791
82,46,317,286,518,550,791
141,99,279,260,503,508,791
59,37,87,91,455,440,791
297,228,504,287,544,529,792
55,43,54,60,426,395,792
206,160,334,292,502,502,792
269,215,433,355,558,548,792
78,51,133,135,485,485,792
44,25,136,140,325,359,793
50,33,98,97,378,388,793
18,24,134,131,414,457,793
210,215,303,289,563,568,793
105,104,269,249,534,522,793
48,24,75,82,391,393,793
55,28,113,116,418,415,793
89,56,135,137,446,478,793
43,24,125,114,451,448,793
173,129,284,254,533,516,793
42,22,85,84,422,450,793
123,101,323,293,524,527,794
34,21,86,75,387,354,794
387,312,733,558,624,616,794
42,34,81,88,385,394,794
40,21,91,95,445,404,794
44,25,86,82,417,388,794
44,24,54,61,438,384,794
40,24,76,72,421,406,794
38,20,67,70,303,394,794
44,25,121,110,405,400,794
73,47,156,136,413,418,794
58,38,87,75,349,377,794
90,61,200,167,482,468,794
49,43,130,125,449,446,794
153,172,403,378,560,528,795
345,349,297,307,512,513,795
57,30,141,141,447,437,795
54,28,83,67,363,382,795
51,29,153,144,441,411,795
346,226,166,106,423,335,795
58,41,92,94,433,393,795
56,34,91,60,399,401,795
46,27,110,98,404,394,795
83,60,143,139,468,494,795
64,46,133,116,425,448,795
27,26,100,55,457,425,795
44,32,87,84,398,406,795
215,174,275,248,394,349,796
642,491,878,666,639,629,796
51,40,143,137,383,396,796
34,21,136,123,457,438,796
256,188,602,451,589,590,796
90,53,284,239,510,517,796
114,88,197,193,466,461,796
50,39,68,72,410,451,796
142,124,207,188,504,483,796
151,132,194,193,506,540,796
47,28,102,99,398,392,796
80,61,141,137,471,466,796
109,84,181,172,501,476,796
121,80,349,258,492,467,796
79,50,501,383,562,553,796
158,129,187,173,483,487,796
199,153,417,367,542,556,797
44,32,108,108,344,382,797
81,65,142,150,454,448,797
53,39,100,101,445,477,797
162,120,564,456,574,562,797
287,233,700,569,626,623,797
12,24,134,134,479,480,797
56,53,128,128,422,415,797
26,22,90,94,398,407,797
107,83,193,143,460,467,798
42,31,97,107,424,424,798
80,61,258,248,497,548,798
100,93,227,203,509,500,798
312,244,667,449,607,611,798
33,22,89,95,419,461,798
96,80,342,273,565,541,799
17,30,152,145,440,463,799
40,61,105,110,376,359,799
49,37,105,97,446,440,799
31,22,67,65,290,337,799
139,122,183,187,500,520,799
37,38,101,108,459,423,799
48,67,95,89,491,475,799
27,45,88,97,409,403,800
661,669,756,730,493,522,800
244,248,725,664,515,477,800
436,437,551,482,621,643,800
96,74,103,61,386,321,800
53,39,289,236,485,466,800
55,39,104,61,418,364,800
63,51,171,177,449,454,800
45,37,155,146,447,443,800
33,54,261,261,478,498,801
9,31,108,108,443,405,801
90,70,303,291,513,498,801
29,22,123,104,375,404,801
77,54,147,141,431,438,801
42,24,95,101,370,389,801
116,85,414,379,571,591,801
25,30,180,173,476,484,801
9,26,121,124,487,498,801
88,106,332,303,529,559,801
78,88,111,113,493,500,801
53,75,104,112,387,324,801
36,48,142,140,482,470,802
21,35,140,134,445,483,802
37,44,90,98,407,366,802
123,120,463,400,558,548,802
268,258,582,482,602,602,802
40,22,90,86,375,408,803
338,281,653,568,592,600,803
62,70,220,201,487,529,803
14,26,136,131,458,406,803
27,20,80,72,379,374,803
85,68,198,198,458,464,803
50,45,137,133,470,451,803
91,54,344,240,501,502,804
39,22,194,171,488,474,804
88,52,255,227,529,515,804
201,100,566,206,394,372,804
42,60,295,255,483,460,805
36,21,80,82,415,329,805
102,70,82,89,419,465,805
43,27,39,52,223,417,805
38,23,79,80,395,412,805
32,24,76,79,402,388,806
21,24,99,78,435,378,806
54,68,116,114,476,480,806
79,50,49,60,396,436,806
52,37,118,116,441,442,806
46,23,121,116,421,440,806
44,21,81,77,420,408,806
468,320,646,513,604,589,806
145,99,271,253,528,551,806
35,40,174,164,473,485,807
47,58,134,127,463,466,807
138,105,263,246,509,522,807
83,57,164,150,459,454,807
11,24,132,123,421,489,807
61,75,201,171,473,443,807
13,22,109,104,436,456,808
59,61,160,150,469,494,808
35,20,139,106,410,415,808
79,53,123,116,428,407,808
44,20,75,81,396,388,808
62,33,71,74,314,392,808
47,26,187,139,432,413,808
127,91,134,133,480,487,808
46,24,114,106,199,335,808
52,49,261,180,507,533,808
112,124,406,378,545,529,808
147,149,314,299,543,555,809
21,38,103,109,458,441,809
59,72,265,232,499,495,809
105,97,270,233,543,542,809
41,23,109,110,424,449,809
57,35,137,130,432,445,809
61,28,309,269,525,553,809
128,102,311,285,530,532,809
21,26,74,69,390,389,809
54,65,302,282,495,525,809
25,39,95,95,396,442,809
39,47,103,106,470,485,809
78,81,148,154,462,464,809
54,41,64,74,410,440,810
34,42,100,97,460,427,810
89,60,188,180,511,483,810
42,26,63,50,391,388,810
51,80,215,215,472,478,810
59,82,202,198,486,521,810
40,30,82,92,363,331,810
60,41,114,97,382,418,811
42,42,102,103,445,473,811
33,49,222,211,495,531,811
315,263,873,707,576,562,811
48,59,340,315,518,524,811
54,85,162,174,471,468,811
41,43,258,157,498,508,811
13,22,113,97,477,463,811
526,469,807,647,619,655,811
112,106,476,347,562,560,812
133,155,217,217,498,491,812
42,60,123,128,484,469,812
36,55,145,102,467,464,812
38,24,59,55,347,367,812
259,219,284,268,554,541,812
13,29,224,190,438,424,813
159,179,411,413,511,511,813
20,42,101,102,437,414,813
27,32,142,146,457,433,813
248,209,466,396,603,585,813
106,80,495,412,548,566,813
105,81,295,258,538,520,813
311,227,899,723,605,600,813
49,25,108,106,406,356,813
43,28,116,116,433,452,813
31,39,236,185,526,499,813
84,97,218,208,507,517,814
67,63,422,358,519,537,814
28,35,136,135,458,491,814
51,72,111,118,436,433,814
80,94,199,165,498,468,814
180,187,270,258,427,370,815
123,132,394,348,535,548,815
50,33,99,97,450,470,815
47,33,141,144,453,485,815
172,131,258,248,541,554,815
20,39,152,151,418,475,815
62,56,356,286,530,535,815
32,23,154,140,426,413,816
27,23,78,77,576,368,816
53,34,132,128,418,425,816
33,41,245,196,432,382,816
48,39,374,231,560,569,816
74,69,144,85,417,403,816
19,23,144,140,470,450,816
100,75,478,328,567,569,817
82,73,238,212,458,457,817
24,26,105,113,426,462,817
204,192,381,336,517,495,817
258,236,467,411,580,577,817
40,43,141,139,470,444,817
100,100,202,201,505,521,817
68,35,183,117,460,458,817
60,39,41,43,416,401,817
333,298,451,360,591,576,818
52,37,294,261,516,520,818
88,103,190,194,477,483,818
371,317,496,441,605,607,818
80,83,263,251,518,543,818
83,82,267,199,344,326,818
66,53,248,186,490,473,818
24,33,94,101,430,423,818
96,56,250,214,508,505,818
73,50,52,51,439,389,818
45,25,102,81,392,424,818
81,50,185,175,452,455,818
90,34,437,283,531,536,818
54,31,99,98,422,397,818
89,59,256,223,528,538,819
93,76,286,273,507,473,819
33,22,141,135,436,455,819
410,376,615,537,610,612,819
162,162,225,217,522,555,819
20,29,57,64,380,403,819
24,29,48,48,344,351,819
45,29,118,111,391,408,819
46,52,182,182,471,484,819
52,47,240,232,513,482,820
45,48,113,109,458,394,820
68,62,126,115,450,450,820
114,93,165,71,409,428,820
160,138,432,370,574,592,820
132,98,150,139,455,453,820
56,29,66,71,343,378,820
57,59,120,119,492,476,820
24,23,133,82,430,483,821
22,24,150,145,466,473,821
38,40,137,145,443,440,821
41,42,142,142,433,419,821
49,23,95,90,301,335,821
61,33,110,98,368,347,821
71,42,70,74,427,463,821
56,21,70,59,417,338,821
39,21,91,86,369,405,821
40,30,440,327,569,593,821
39,36,112,113,357,429,822
180,166,313,277,539,532,822
447,430,780,688,591,575,822
462,436,235,202,485,459,822
48,25,50,53,368,396,822
46,28,144,125,382,386,822
29,29,132,130,441,428,822
62,39,85,91,369,382,823
190,139,229,221,570,434,823
23,21,119,106,440,408,823
23,22,67,74,356,413,823
26,23,65,71,432,415,823
33,21,78,84,461,405,823
214,178,321,267,544,536,823
261,218,378,338,531,521,823
94,95,234,199,497,473,824
85,76,129,116,490,487,824
21,21,116,109,388,425,824
266,198,554,420,598,594,824
107,105,155,166,470,466,824
55,50,314,291,515,530,824
55,48,205,194,500,517,824
34,31,208,180,454,431,824
33,27,89,99,409,409,825
37,28,119,93,388,399,825
35,23,114,117,433,462,825
37,38,126,137,414,417,825
142,133,289,284,528,560,825
45,46,183,185,450,443,825
49,27,94,101,375,389,825
36,20,101,102,428,423,825
324,241,554,460,612,617,825
50,30,92,85,442,444,825
59,34,125,123,412,382,825
64,40,87,86,408,420,825
52,26,132,91,430,424,825
41,43,211,189,495,490,825
30,38,138,139,463,462,825
34,34,108,100,375,401,826
26,23,89,96,447,437,826
115,90,214,205,485,487,827
65,41,137,133,441,476,827
113,77,374,321,512,513,827
44,31,95,96,455,445,827
112,82,195,185,484,383,827
156,123,176,175,516,512,827
70,48,179,180,439,424,827
78,66,111,111,446,452,827
36,26,81,74,414,446,827
28,36,107,113,452,454,827
172,136,323,265,480,454,828
69,52,100,106,471,449,828
64,43,193,178,480,471,828
36,32,127,113,413,437,828
36,30,52,51,330,340,828
67,60,117,125,405,392,828
24,21,105,100,423,434,829
47,41,64,64,405,436,829
28,22,129,112,430,440,829
48,45,82,82,389,415,829
55,34,282,210,510,536,829
64,38,206,140,433,431,829
73,63,99,103,441,440,829
61,36,85,73,439,441,830
43,32,203,184,489,476,830
48,40,205,146,445,481,830
214,194,303,299,529,518,830
26,22,95,90,302,362,830
54,48,120,116,376,425,830
84,57,236,196,503,502,830
673,584,652,520,625,613,830
210,133,306,225,544,502,831
54,54,136,143,402,361,831
29,23,119,97,437,443,831
41,35,124,134,450,473,831
56,43,148,76,498,501,831
37,22,142,92,467,492,831
41,35,72,84,468,458,831
40,39,159,153,479,453,831
29,24,84,88,463,447,832
175,141,256,206,580,570,832
48,44,116,123,470,465,832
63,43,188,148,464,464,832
44,36,78,87,473,484,832
56,48,108,97,431,382,832
74,66,143,139,444,459,832
33,24,116,109,436,455,832
32,26,143,127,466,482,832
61,54,86,85,338,353,832
38,21,81,91,367,324,832
46,28,93,98,401,377,832
61,29,89,87,405,415,832
88,65,151,129,445,487,833
95,51,294,263,509,513,833
61,36,116,114,431,370,833
149,122,233,220,526,497,833
18,22,57,68,387,394,833
312,250,413,356,588,580,833
83,75,221,175,512,497,834
22,20,117,118,311,339,834
31,20,73,82,403,412,834
32,34,57,44,407,343,834
247,180,243,213,512,507,835
64,27,90,90,396,399,835
87,53,119,127,463,480,835
16,23,153,152,422,443,835
417,354,427,387,618,626,835
399,299,696,600,641,659,836
61,40,122,123,428,404,836
107,67,592,499,506,515,836
158,117,278,275,518,551,836
63,39,280,254,484,484,836
40,21,85,79,341,383,836
47,23,73,70,361,374,837
25,31,466,421,475,467,837
46,50,95,93,416,462,837
20,26,103,112,397,438,837
34,35,84,89,414,377,837
241,191,477,405,585,563,837
65,28,106,76,370,410,837
60,26,52,58,339,404,837
108,65,192,184,435,411,837
67,29,95,99,408,430,837
98,57,49,61,447,450,837
62,26,78,87,427,436,837
348,215,740,544,612,602,838
28,30,79,79,377,403,838
32,34,121,118,472,470,838
102,94,139,126,482,463,838
212,183,345,301,547,551,838
55,24,190,143,428,447,838
96,70,179,150,454,478,838
59,24,127,82,387,388,838
65,35,63,67,383,373,838
121,82,301,250,430,321,838
45,28,95,101,430,476,838
164,159,315,286,361,357,839
67,60,308,278,518,532,839
19,21,98,86,418,413,839
69,66,207,206,486,474,839
506,337,315,258,527,483,839
135,107,443,363,535,541,839
60,48,147,138,461,421,839
84,45,59,60,332,402,839
57,22,187,152,457,427,839
136,103,126,130,439,453,839
66,42,224,197,499,493,839
258,203,841,599,570,549,840
33,35,101,96,479,471,840
348,300,582,509,619,617,840
108,111,95,98,426,420,840
309,156,802,376,613,591,840
78,34,210,190,485,476,840
214,185,349,322,562,580,840
62,55,122,121,463,452,840
22,25,171,160,425,437,841
31,21,164,139,482,472,841
66,52,275,219,519,517,841
33,21,147,116,442,411,841
38,36,167,90,447,473,841
19,24,115,122,386,384,841
32,32,93,82,405,390,842
45,42,143,142,439,453,842
53,23,208,177,467,450,842
398,329,796,666,614,624,842
95,76,249,212,508,498,842
92,98,177,150,495,493,842
43,55,160,114,486,515,842
25,30,181,152,466,430,842
25,30,202,168,504,503,842
65,26,76,77,374,339,842
54,26,52,51,362,385,843
90,49,119,108,422,441,843
62,34,104,100,431,441,843
70,39,106,106,418,429,843
35,23,116,118,360,406,843
59,66,209,191,454,476,843
20,27,172,165,468,486,843
33,24,276,199,499,506,843
125,86,176,171,468,452,843
65,50,249,214,491,478,844
57,27,47,59,345,392,844
40,21,52,62,384,396,844
14,26,81,92,367,426,845
751,661,703,552,641,626,845
22,28,68,78,434,393,845
149,129,476,422,568,560,845
51,25,94,92,421,454,845
593,422,726,537,629,624,845
186,167,622,542,561,593,845
162,169,334,285,552,542,846
8,27,135,120,381,410,846
43,66,260,236,481,473,846
113,115,174,180,474,508,846
105,116,385,328,536,524,846
30,53,227,214,472,445,846
70,98,313,285,541,536,846
130,142,450,398,557,576,846
18,50,243,238,467,449,847
23,21,50,53,313,406,847
26,20,77,76,305,398,847
335,307,291,287,564,559,847
109,125,261,259,520,528,847
309,273,311,299,590,583,848
23,27,76,65,398,429,848
42,36,189,171,494,506,848
77,65,241,229,478,464,848
28,29,117,110,391,382,848
76,109,256,236,508,505,848
44,78,317,307,505,542,848
39,67,113,120,446,444,848
161,172,223,200,498,459,848
81,93,332,292,548,521,849
22,28,128,134,379,429,849
51,70,104,93,285,373,849
29,32,148,151,436,463,850
94,99,479,375,575,582,850
34,53,228,212,493,485,850
19,35,351,301,486,495,850
246,238,326,314,526,547,851
43,40,244,208,461,467,851
41,76,253,242,491,518,851
12,30,91,91,294,384,851
56,51,150,133,256,383,851
767,743,410,380,435,395,852
437,302,856,609,645,645,852
154,130,588,432,565,552,852
30,20,79,70,402,365,852
64,52,126,132,436,474,852
135,93,373,311,545,549,852
60,83,261,234,539,561,853
79,99,285,268,514,532,853
127,112,487,374,596,601,853
191,209,460,427,521,536,853
37,21,74,55,252,374,853
14,36,99,101,454,450,853
112,99,302,258,527,533,854
29,38,129,118,425,462,854
28,32,117,104,459,445,854
47,34,33,22,422,356,854
73,62,196,178,506,486,854
54,63,327,288,526,530,854
104,96,433,354,579,596,854
38,26,121,82,461,482,855
53,36,257,225,480,511,855
22,28,144,113,442,473,855
39,22,111,108,406,414,855
60,33,61,60,396,363,855
84,45,280,255,444,421,855
45,24,76,82,382,354,855
79,41,412,355,565,581,855
136,106,329,313,507,481,855
337,290,394,365,584,596,855
103,72,191,187,473,485,855
52,65,152,143,465,473,855
27,22,48,49,422,370,856
127,91,237,208,531,528,856
226,192,618,542,579,607,856
48,35,134,133,421,436,856
120,134,279,262,537,577,856
141,150,347,326,546,570,856
23,36,114,124,459,473,856
15,29,94,105,444,453,856
38,38,213,198,496,516,856
237,222,279,255,439,431,856
19,25,76,81,403,398,856
100,70,257,218,557,564,857
50,36,67,65,441,440,857
33,37,129,130,455,474,857
66,81,172,169,495,474,857
13,24,102,105,439,382,857
324,326,406,385,565,561,857
50,31,62,76,349,377,857
69,42,162,150,423,452,857
112,66,504,395,533,556,857
489,410,427,340,617,606,857
238,208,593,496,601,591,858
12,21,271,219,497,492,858
45,59,113,115,331,434,858
136,131,261,247,549,562,858
27,28,111,108,438,465,858
26,35,80,89,383,414,859
46,21,29,38,394,359,859
221,153,266,233,421,319,859
81,38,127,94,422,357,859
97,48,257,200,514,497,859
60,30,82,84,335,374,859
78,43,276,234,468,485,859
397,340,423,395,593,604,859
53,24,92,99,411,388,859
74,36,166,152,438,453,859
41,30,145,130,463,437,859
31,22,106,75,453,414,859
45,55,182,184,492,499,860
58,54,128,133,461,438,860
69,49,109,106,438,446,860
58,29,99,96,412,371,860
65,34,79,74,571,329,860
64,41,190,178,501,506,860
61,67,68,75,477,449,860
19,33,104,110,454,446,860
377,283,890,568,603,608,860
208,178,673,561,575,575,861
683,403,893,686,608,587,861
153,91,899,682,545,537,861
48,25,138,129,422,441,861
51,26,64,61,289,350,861
645,587,621,584,593,585,861
18,24,77,76,481,522,861
176,160,397,361,560,552,861
24,38,101,110,468,456,861
22,29,78,82,419,429,861
32,30,205,169,475,452,861
31,38,215,209,448,487,861
64,45,71,80,435,426,862
36,20,89,84,403,379,862
34,20,108,106,398,437,862
55,24,63,64,382,362,862
48,21,43,53,318,376,862
160,124,241,238,502,492,862
45,22,64,75,386,331,862
74,46,364,291,554,535,862
55,25,81,87,362,440,863
75,46,220,210,437,486,863
87,48,189,182,508,530,863
62,41,142,130,441,468,863
249,201,438,380,577,577,863
582,488,610,473,646,647,863
14,25,269,257,482,507,863
16,23,76,75,446,443,863
266,214,629,595,581,587,863
107,87,344,296,416,330,864
21,26,82,69,423,431,864
48,48,129,128,476,468,864
54,29,218,173,483,470,864
102,67,276,233,533,520,864
54,31,140,112,431,447,864
335,248,529,392,600,593,864
63,29,130,129,348,355,864
112,78,215,219,441,458,865
72,46,160,147,454,447,865
40,28,112,113,468,487,865
47,24,71,61,398,359,865
565,439,790,651,615,615,865
225,142,721,589,587,611,865
113,69,221,216,450,434,865
86,44,128,119,426,427,865
68,33,26,35,362,390,865
67,36,73,78,415,405,865
62,53,196,183,517,505,865
17,22,25,32,300,398,865
18,32,199,191,441,468,866
13,21,105,112,441,413,866
135,117,597,460,581,606,866
22,29,90,94,447,475,866
33,31,242,195,510,466,866
91,77,190,184,485,509,866
52,23,42,52,318,341,866
70,32,71,75,422,416,866
44,22,60,68,387,363,866
272,189,713,622,624,647,866
30,26,174,169,428,439,866
79,83,190,187,432,451,866
32,20,74,81,269,350,867
83,46,245,213,478,501,867
133,81,360,336,534,544,867
87,47,162,147,443,421,867
86,51,56,61,449,447,867
103,62,96,92,412,436,867
95,59,107,108,408,396,867
18,27,103,103,479,498,867
44,49,126,128,478,461,867
34,26,105,98,392,407,868
88,64,119,125,423,437,868
46,21,101,109,409,435,868
74,40,87,82,438,409,868
61,29,113,104,398,450,868
17,31,46,57,420,349,868
36,44,132,124,416,436,868
65,63,296,262,532,531,868
40,41,93,78,432,382,868
56,55,149,155,470,422,869
55,31,73,83,430,410,869
68,44,146,144,428,410,869
40,42,101,111,434,398,869
114,115,262,263,511,504,869
274,259,433,391,572,548,869
66,45,141,128,379,378,869
151,108,108,114,487,498,869
220,164,421,363,544,541,870
59,30,98,96,429,393,870
44,29,150,138,474,476,870
67,36,124,97,463,442,870
70,54,133,128,438,415,870
293,249,510,401,587,581,870
39,46,75,72,417,414,870
74,60,189,177,457,434,870
37,27,97,86,405,409,870
24,25,89,94,430,436,870
44,31,169,137,460,482,870
44,34,201,186,458,452,870
52,28,126,126,344,411,870
239,216,376,312,560,544,871
121,127,272,234,525,530,871
68,52,92,96,456,489,871
44,24,61,56,416,459,871
116,77,160,159,464,465,871
203,196,169,179,498,513,872
53,21,85,98,415,419,872
91,50,377,286,510,508,872
70,44,441,355,535,532,872
53,39,212,193,457,473,872
17,31,90,87,410,379,873
325,294,693,631,610,619,873
269,274,482,412,568,561,873
57,59,385,321,540,527,873
59,70,178,173,460,441,873
41,48,81,81,341,394,873
312,268,421,370,579,567,873
101,90,241,227,488,475,873
36,35,195,191,439,487,873
14,40,178,166,422,453,874
67,68,79,79,435,421,874
102,76,227,204,496,482,874
75,58,126,131,429,354,874
56,39,133,133,406,381,874
42,28,64,74,385,380,874
29,24,73,66,396,347,874
41,30,156,132,442,471,875
34,29,167,162,437,443,875
35,20,158,144,470,473,875
120,98,275,260,501,502,875
29,20,85,80,351,430,875
47,35,140,142,437,426,875
18,25,62,71,431,436,875
648,451,453,264,559,536,875
27,31,161,160,458,408,875
373,330,712,665,593,622,875
145,124,316,307,518,504,876
129,108,477,444,528,558,876
589,487,865,733,641,672,876
23,23,118,114,460,468,876
87,67,217,192,484,485,876
38,28,239,199,477,481,877
29,24,81,79,400,340,877
45,33,155,133,424,386,877
57,47,174,160,452,470,877
33,26,144,88,455,486,877
24,23,103,108,417,419,877
37,44,110,112,410,425,877
25,28,104,110,432,409,877
27,44,152,147,443,456,877
47,63,205,181,428,468,877
47,59,131,137,461,451,877
26,25,157,136,412,370,877
47,35,133,139,439,421,877
35,24,80,86,410,408,877
39,29,102,93,414,417,877
125,101,311,270,520,550,877
39,40,188,176,461,478,878
28,29,124,110,438,469,878
170,150,342,304,539,533,878
80,98,468,425,549,554,878
82,94,264,227,518,520,878
51,59,107,89,394,401,878
66,65,137,136,448,476,878
224,232,450,422,577,604,878
15,34,122,129,406,413,879
57,65,296,278,540,554,879
70,52,216,173,487,511,879
25,21,34,33,389,416,879
421,435,350,348,567,570,879
43,65,183,188,473,483,879
49,61,209,198,504,530,880
49,26,111,109,429,435,880
37,25,103,93,415,397,880
11,25,80,90,443,427,880
34,26,84,85,411,392,880
321,272,364,264,594,577,880
35,66,107,94,474,440,880
81,91,469,420,576,593,881
414,382,633,554,608,600,881
37,26,58,62,409,399,881
118,88,309,195,480,423,881
19,21,121,111,425,395,881
46,28,180,155,439,451,881
10,21,142,141,398,480,881
440,345,638,551,616,605,882
71,47,112,96,398,410,882
37,21,50,52,381,435,882
51,36,59,68,280,394,882
51,37,250,226,493,485,882
50,34,211,201,488,494,882
19,28,102,108,436,412,882
143,134,490,404,428,361,882
167,170,364,353,536,544,882
115,90,374,332,474,415,882
148,124,352,331,500,490,882
74,70,137,144,483,455,882
20,21,123,120,435,435,883
40,29,181,156,423,408,883
402,351,433,375,597,595,883
71,69,177,179,482,485,883
26,39,172,146,448,458,883
8,22,90,97,344,396,883
70,53,322,257,513,547,883
10,26,133,140,381,433,883
11,21,160,136,458,433,883
55,34,73,68,439,405,883
12,30,161,156,402,436,884
73,86,173,169,480,480,884
119,104,575,479,573,607,884
22,37,137,137,457,421,884
13,23,107,109,424,440,884
35,32,101,108,381,407,884
220,166,505,440,571,573,884
309,232,771,662,605,633,884
16,20,122,129,396,365,884
115,87,194,193,477,499,884
25,27,113,86,400,434,884
90,75,652,514,599,586,884
21,31,400,308,547,560,885
86,92,594,559,462,447,885
28,20,41,45,307,395,885
187,135,368,340,572,572,885
49,41,167,153,478,458,885
62,51,191,188,462,464,885
97,100,272,240,492,479,885
513,476,347,318,531,329,886
48,42,137,139,419,419,886
20,31,73,74,441,446,886
37,24,87,73,406,399,886
105,84,159,154,472,467,886
48,27,87,68,297,404,886
182,161,465,387,579,566,886
592,564,662,587,618,607,886
9,21,113,105,391,405,886
15,21,106,108,406,442,887
50,23,188,170,474,445,887
33,20,31,39,340,390,887
232,179,394,345,535,568,887
86,87,233,219,503,510,887
61,63,164,113,500,501,887
23,21,151,131,419,442,888
66,63,56,47,368,330,888
72,55,108,102,447,434,888
34,33,191,172,505,518,888
279,249,817,678,626,619,888
66,68,213,188,509,500,888
215,142,241,184,495,490,888
31,36,166,159,471,450,888
143,129,423,369,554,567,888
130,118,282,257,539,528,888
25,27,100,107,369,354,888
69,64,199,183,518,507,888
21,28,122,96,442,415,889
15,22,73,82,387,429,889
31,32,90,94,459,475,889
80,56,162,144,499,485,889
55,43,115,75,454,445,889
52,59,103,109,476,448,890
111,107,349,305,536,511,890
39,43,136,134,448,489,890
47,38,172,108,451,452,890
69,62,203,172,497,501,890
271,235,543,483,579,573,890
26,23,118,106,439,412,890
32,24,106,87,369,381,890
42,45,164,163,445,483,890
83,70,281,240,541,523,890
315,192,242,171,464,428,891
316,212,745,550,593,584,891
26,24,26,32,354,404,891
22,20,93,87,410,447,891
35,21,45,54,405,416,891
66,55,244,217,498,481,891
72,70,140,145,455,475,891
35,32,152,155,428,415,891
77,64,189,120,501,488,892
77,55,409,327,547,553,892
68,61,183,174,487,478,892
30,28,46,53,418,426,892
37,26,160,148,497,518,892
101,93,140,129,480,505,892
305,248,537,470,582,578,892
90,63,262,245,485,483,892
98,71,163,101,292,326,892
27,21,121,126,432,409,892
38,34,227,215,441,425,892
26,24,124,119,472,446,892
57,52,110,89,418,470,892
44,35,125,112,500,543,892
308,267,382,294,592,578,892
96,86,213,210,508,479,893
100,75,198,193,486,471,893
34,20,111,93,355,431,893
182,167,304,298,526,538,893
26,23,54,64,450,458,893
364,328,531,489,574,581,893
113,97,292,271,444,417,893
81,71,258,202,516,525,893
193,121,132,108,378,320,893
67,61,119,113,441,469,893
190,112,781,528,625,626,893
42,33,55,59,282,369,893
49,22,73,72,381,399,893
485,454,376,364,446,480,894
44,27,229,202,495,475,894
112,87,83,92,440,450,894
55,32,127,116,416,393,894
84,49,131,96,466,455,894
57,39,123,117,458,439,894
39,30,82,89,435,412,894
227,184,457,413,590,577,894
37,40,176,159,444,455,894
129,114,224,184,497,491,894
40,37,69,71,327,325,894
41,36,104,105,462,409,894
22,20,84,86,407,370,895
68,59,166,161,495,468,895
59,54,43,45,399,366,895
55,32,154,139,486,484,895
40,24,59,63,369,421,895
70,50,77,77,403,463,895
281,145,676,420,600,596,895
43,35,174,166,514,501,896
45,36,172,159,461,483,896
23,20,91,79,325,401,896
58,50,214,199,483,492,896
43,26,120,115,447,464,896
203,149,403,339,544,540,896
29,22,156,142,307,337,896
43,37,160,146,383,381,896
30,20,153,145,419,443,896
36,20,71,81,311,406,896
54,32,78,74,445,453,896
679,583,189,151,382,319,897
38,31,202,197,472,450,897
21,20,69,69,385,374,897
105,64,551,449,467,421,897
46,37,280,255,519,501,897
112,98,372,333,517,521,897
46,36,186,174,499,493,897
25,23,69,72,445,394,897
213,166,529,395,609,612,898
24,21,67,72,387,396,898
85,60,352,289,549,542,898
106,94,148,151,488,536,898
29,27,27,37,349,377,898
39,37,120,108,437,445,898
60,46,253,223,482,471,898
66,36,102,67,432,424,899
416,187,588,351,581,565,899
696,641,827,780,623,654,899
52,45,250,225,407,436,899
119,88,365,303,554,537,899
183,167,445,382,574,564,899
36,22,65,69,387,410,899
222,181,491,408,578,574,899
171,164,216,222,490,523,899
31,22,164,150,444,451,899
20,20,80,82,290,352,899
69,62,269,254,500,515,899
77,56,111,114,435,452,899
89,60,46,50,445,455,900
206,177,266,248,515,515,900
35,33,118,110,451,433,900
277,200,475,408,591,604,900
52,22,105,100,373,403,900
127,94,182,166,481,484,900
157,116,276,232,482,478,900
55,27,48,48,372,352,900
39,42,103,108,431,438,901
121,112,185,169,527,527,901
26,31,143,130,417,429,901
226,211,198,175,457,491,901
29,26,126,124,426,454,901
27,24,71,72,450,471,901
30,35,127,113,429,402,901
45,34,225,216,489,519,902
36,28,438,376,493,487,902
76,61,130,146,395,401,902
113,91,694,561,547,562,902
445,362,638,509,610,609,902
57,33,476,343,568,562,902
148,110,277,240,526,508,902
89,47,198,176,467,485,902
111,81,236,233,458,471,902
41,36,214,205,506,495,902
32,31,126,131,430,390,903
55,50,110,106,606,324,903
753,655,876,692,650,669,903
70,58,257,238,494,519,903
70,43,254,225,494,515,903
154,144,268,258,502,519,903
43,36,101,105,416,410,903
202,171,238,213,534,546,903
42,37,145,155,410,456,903
29,36,172,157,402,426,904
30,30,121,124,262,340,904
60,44,78,76,434,402,904
101,81,224,207,480,518,904
53,45,107,92,439,431,904
31,28,131,126,413,412,904
36,23,174,89,457,484,904
42,34,50,62,433,386,904
161,151,382,353,553,558,904
38,36,103,111,445,422,904
30,31,131,120,482,470,904
58,51,121,130,495,475,904
235,196,444,398,561,570,905
60,43,132,131,480,483,905
41,23,126,122,443,407,905
58,27,79,64,420,400,905
33,30,137,130,448,452,905
41,20,158,106,412,417,905
33,29,100,112,416,383,905
417,396,450,419,564,551,905
67,63,123,109,466,433,905
77,46,209,196,501,506,906
197,167,257,251,506,527,906
101,64,111,112,515,506,906
42,23,64,61,419,377,906
33,23,176,157,435,440,906
386,222,613,521,467,401,906
60,51,188,182,456,452,906
24,28,65,72,412,419,906
14,20,64,65,361,379,906
70,66,289,283,499,485,906
54,38,96,92,414,448,906
26,23,91,93,409,462,907
20,22,105,111,350,352,907
33,33,79,88,429,426,907
96,88,217,203,493,497,907
91,49,137,128,387,401,907
59,32,178,156,458,470,908
24,22,154,152,412,444,908
30,35,204,202,440,442,908
16,20,58,67,405,397,908
17,20,122,123,354,377,908
50,31,155,121,444,492,908
73,69,190,181,476,485,908
42,33,200,184,518,582,908
47,24,124,102,416,443,908
121,77,281,267,448,483,908
14,20,50,57,383,359,908
17,20,93,97,436,419,909
20,25,104,92,412,406,909
12,21,134,120,359,352,909
14,21,83,91,314,402,909
52,51,461,389,483,518,909
71,63,217,191,508,494,909
39,38,187,189,406,457,909
55,43,133,128,475,479,909
350,265,647,544,604,649,909
39,28,93,89,420,429,909
33,21,116,102,398,407,909
470,370,751,613,618,619,909
83,78,284,255,498,500,909
73,66,232,218,444,395,909
81,79,154,151,482,518,910
341,298,435,329,525,483,910
321,234,848,694,548,504,910
93,37,152,149,468,440,910
42,20,77,86,289,335,910
99,63,151,154,417,467,910
41,30,61,51,443,456,910
82,76,309,273,506,557,910
23,25,85,80,377,397,911
58,40,101,99,392,418,911
79,84,112,105,406,397,911
28,27,102,103,407,438,911
60,63,162,157,474,474,911
215,197,496,438,550,558,911
50,60,121,117,449,477,911
21,28,177,163,470,457,911
100,102,236,218,493,547,912
152,137,348,284,509,552,912
52,36,91,85,373,405,912
115,111,221,229,468,454,912
178,173,153,108,428,426,912
136,135,629,561,494,487,912
249,220,389,342,563,568,912
138,106,362,331,515,527,912
98,159,405,320,506,513,913
43,94,414,331,561,560,914
233,281,748,644,599,589,915
9,44,141,143,426,417,915
29,69,189,177,457,472,915
39,71,178,174,465,459,915
71,82,273,190,513,504,916
47,85,467,350,572,567,916
49,89,184,143,464,461,916
52,87,455,405,532,564,917
154,156,839,636,617,609,917
16,45,322,297,527,499,918
225,217,433,352,586,575,918
18,46,173,173,488,496,918
24,53,215,210,480,495,918
71,82,379,317,518,556,919
59,71,724,613,545,552,919
178,173,340,307,567,555,919
40,31,292,250,585,624,920
200,138,670,493,578,563,920
37,52,155,147,449,418,920
87,103,320,297,531,553,920
10,24,69,70,441,427,920
41,50,237,203,529,525,920
38,48,293,224,517,495,920
70,58,239,225,493,494,920
29,20,102,96,391,441,920
75,63,390,323,494,489,920
340,259,481,370,544,528,921
47,58,206,205,487,480,921
18,30,151,141,463,480,921
29,24,96,92,428,408,921
12,29,93,80,398,427,922
18,32,121,102,446,421,922
41,57,188,160,431,445,922
147,126,459,375,567,558,922
92,95,160,151,485,470,922
48,38,39,36,434,413,922
66,48,219,214,503,520,922
110,83,102,100,460,421,922
37,23,138,130,369,394,922
41,27,248,216,452,476,922
395,282,110,94,383,320,922
149,145,324,305,544,570,923
63,47,116,113,451,461,923
43,31,163,159,396,433,923
544,444,880,668,631,637,923
32,28,109,109,352,389,923
463,328,717,438,633,623,923
71,45,319,249,507,504,923
277,219,139,138,435,381,923
15,20,174,146,436,433,923
46,45,221,201,488,470,923
99,106,170,173,368,337,924
19,31,137,138,389,380,924
509,417,805,659,633,631,924
607,500,867,747,645,633,924
46,30,138,126,461,442,924
98,94,261,249,510,528,924
34,43,105,106,427,431,924
36,28,146,137,399,417,925
51,32,98,101,413,398,925
49,26,38,50,401,430,925
32,20,42,45,302,397,925
88,74,164,151,480,472,925
584,497,696,532,642,635,925
57,57,273,220,514,527,925
102,86,305,216,522,547,925
26,22,148,99,457,459,925
397,306,826,649,623,609,925
144,120,422,346,555,553,925
42,32,111,113,400,424,926
103,93,98,99,457,468,926
55,55,182,147,446,459,926
37,27,106,103,451,419,926
27,25,106,79,435,393,926
37,24,39,42,383,426,926
754,346,199,90,459,401,926
118,86,370,318,540,537,926
29,20,93,85,403,384,926
40,25,43,37,368,382,926
80,74,290,281,513,568,927
20,21,92,75,435,451,927
32,26,88,77,401,421,927
77,70,94,97,418,457,927
75,55,243,196,486,542,927
141,97,314,287,544,548,927
44,23,70,74,414,419,927
92,52,205,184,489,485,927
101,80,134,130,424,468,928
45,29,126,122,433,432,928
17,22,193,127,437,416,928
24,27,107,106,429,434,928
32,32,144,122,445,451,928
57,26,92,88,382,442,928
110,67,187,175,496,493,928
261,183,733,614,604,598,928
63,37,198,139,426,399,928
67,39,154,153,420,460,928
55,53,39,37,375,333,928
54,51,92,92,402,421,928
98,85,170,126,458,420,928
177,155,505,437,562,575,928
32,28,166,145,454,462,929
17,21,65,60,452,445,929
187,148,317,181,470,445,929
42,42,77,78,418,415,929
22,24,71,82,427,406,929
387,360,327,307,449,377,929
61,51,211,185,484,465,929
34,26,136,113,451,488,929
53,26,138,127,463,489,929
58,37,99,87,397,395,929
43,31,86,65,454,429,929
32,22,81,54,433,450,929
25,22,103,99,462,492,930
21,20,62,47,341,374,930
60,57,232,220,480,508,930
49,38,113,116,448,479,930
48,23,115,103,454,429,930
65,30,95,74,462,469,930
84,46,165,161,503,528,930
30,20,48,50,400,385,930
82,72,377,359,523,525,930
37,26,101,95,403,412,931
243,215,397,356,567,545,931
207,163,359,279,561,563,931
35,31,80,84,365,329,931
77,57,346,291,548,554,931
50,49,98,102,413,423,931
206,191,302,289,532,532,931
31,27,179,174,472,456,931
74,59,198,144,538,545,931
78,40,277,212,488,449,931
93,60,392,303,510,421,931
34,30,118,122,422,407,932
149,111,254,222,547,566,932
97,67,126,135,440,446,932
30,24,184,163,449,425,932
109,60,260,232,457,464,932
112,55,406,194,484,486,932
91,67,138,139,449,476,932
111,86,179,124,428,413,932
61,35,85,81,344,345,932
120,94,144,131,486,487,933
152,137,369,330,551,559,933
65,61,114,115,449,422,933
27,24,63,59,407,343,933
54,43,137,135,474,483,934
42,31,63,76,422,443,934
33,20,131,121,464,457,934
32,26,104,97,483,461,934
62,32,56,52,395,449,934
42,21,95,78,400,345,934
60,33,49,52,320,379,934
268,135,461,249,634,630,934
96,61,135,90,445,468,934
50,32,185,172,429,362,934
78,66,151,156,463,461,935
472,356,717,523,620,617,935
604,599,739,663,621,612,935
63,77,331,269,518,514,935
15,32,234,190,476,504,935
22,41,106,108,408,382,935
110,99,207,197,520,525,936
180,165,609,497,551,566,936
35,48,239,199,465,465,936
63,80,82,91,448,484,936
13,32,174,177,463,482,936
22,38,172,163,455,484,936
31,33,277,235,532,536,936
14,46,116,115,424,368,937
15,51,130,133,377,413,937
205,172,690,484,594,598,937
18,43,187,178,467,419,938
37,32,138,136,440,423,938
13,38,116,98,377,389,938
24,33,84,93,303,387,939
81,96,346,326,533,555,939
625,527,852,716,650,652,939
37,62,137,134,434,447,939
28,44,265,234,458,448,939
107,121,192,193,524,525,939
98,101,409,343,543,535,939
8,24,73,83,427,412,939
141,145,568,499,567,571,939
43,55,269,239,504,508,940
77,93,197,204,486,506,940
52,63,202,182,491,481,940
36,40,259,239,492,479,940
461,384,844,704,639,671,940
43,57,116,110,408,422,940
67,80,176,173,473,446,940
83,52,81,76,454,476,941
44,23,94,93,356,364,941
43,29,99,108,461,465,941
15,24,154,150,397,384,941
50,43,112,72,379,362,941
139,130,397,352,532,529,941
30,49,80,81,448,437,941
21,32,260,241,481,465,941
10,23,71,80,408,412,941
36,25,268,147,459,449,941
27,38,115,113,432,429,941
38,21,251,161,395,364,942
318,197,198,110,450,432,942
62,63,260,210,536,518,942
23,28,121,127,450,443,942
31,21,89,86,383,352,942
74,71,193,193,437,447,942
31,33,155,153,417,437,943
16,23,108,98,429,374,943
18,25,108,98,374,409,943
35,39,153,145,466,466,943
14,21,94,89,423,408,943
61,51,530,409,564,582,943
32,23,107,97,421,407,943
32,35,144,150,448,420,943
51,22,66,69,388,387,943
75,46,214,200,483,470,943
20,28,74,59,387,366,944
36,39,130,123,417,460,944
95,96,258,248,493,483,944
88,66,94,91,437,476,944
44,35,198,149,435,407,945
91,76,188,194,368,412,945
18,24,96,108,400,401,945
24,28,77,83,390,395,945
150,88,535,387,608,624,946
30,35,63,67,376,397,946
92,69,170,169,479,468,946
44,28,82,88,358,437,946
35,28,111,113,435,452,946
67,74,140,149,447,482,946
191,146,591,470,600,573,946
20,22,63,66,419,432,946
32,36,174,165,450,465,946
34,29,75,74,403,395,946
42,37,70,82,428,452,946
190,177,362,344,534,551,947
212,187,591,497,551,557,947
21,22,89,95,417,429,947
25,24,98,106,411,402,947
190,167,578,499,488,378,947
94,82,170,171,499,495,947
31,32,111,112,393,407,947
49,47,207,197,419,422,948
30,28,59,69,340,397,948
56,28,86,79,451,409,948
414,351,642,592,593,586,948
232,156,789,659,606,627,948
122,77,301,231,546,529,948
19,24,38,35,401,371,948
486,354,199,140,449,416,948
191,164,435,367,553,552,948
38,38,127,129,461,441,948
139,119,210,179,549,557,948
62,55,296,243,517,521,948
41,24,86,74,320,348,948
53,22,98,104,364,405,949
86,51,277,241,530,528,949
23,21,59,67,391,365,949
71,65,238,224,495,497,949
37,36,172,173,387,421,949
27,27,150,138,354,401,949
47,43,240,238,452,466,949
162,150,215,198,465,497,949
22,22,106,114,418,382,949
68,42,311,213,522,513,949
102,93,426,387,555,544,949
28,28,58,68,429,374,950
78,66,294,244,533,567,950
160,140,310,248,518,529,950
32,29,67,58,355,392,950
62,55,72,56,441,436,950
144,97,311,296,526,540,950
47,21,95,98,446,411,950
191,139,181,167,544,540,950
98,52,163,152,444,461,950
57,22,79,72,375,394,950
104,62,141,115,409,377,950
58,23,73,63,371,392,950
55,36,127,112,372,403,950
27,28,104,106,451,402,950
44,46,128,109,436,425,950
60,50,317,280,510,533,951
77,68,168,152,493,481,951
45,22,305,251,506,498,951
51,23,70,81,403,363,951
50,21,106,105,290,388,951
562,515,480,442,599,591,951
515,365,497,377,432,330,951
29,26,58,56,430,419,952
28,26,135,126,388,373,952
24,22,96,88,401,397,952
236,217,210,188,562,536,952
41,24,92,95,342,386,952
84,49,212,197,478,463,952
213,177,367,321,545,556,952
25,25,114,117,397,403,952
44,32,93,70,380,433,952
26,23,98,99,390,432,953
275,209,590,497,578,618,953
78,41,47,50,386,417,953
62,29,145,137,393,369,953
214,170,611,532,567,599,953
33,35,151,145,444,436,953
27,28,94,95,415,428,953
36,33,185,163,468,469,953
159,142,385,349,544,540,953
207,186,515,423,592,579,954
39,37,141,134,411,428,954
41,23,86,88,362,347,954
70,59,214,192,499,518,954
24,25,127,120,422,413,954
73,67,162,156,442,452,954
33,22,104,102,428,408,954
48,50,206,202,482,481,954
12,24,118,107,422,436,955
17,26,55,62,425,461,955
43,47,269,256,500,521,955
26,34,150,156,449,446,955
41,32,138,109,418,432,955
29,24,198,177,426,447,955
22,32,114,112,374,380,956
120,127,191,191,496,491,956
65,57,161,133,495,467,956
37,39,140,120,423,448,956
75,81,144,155,457,497,956
65,65,175,177,492,513,956
29,23,100,67,460,433,956
65,58,178,181,290,349,956
56,57,201,172,483,480,956
50,59,115,124,391,322,957
15,22,104,106,434,421,957
167,170,214,206,529,527,957
87,82,312,295,508,506,957
50,45,172,155,450,442,957
466,362,166,133,284,324,957
54,46,89,95,417,439,957
401,354,401,310,581,605,958
43,55,219,190,507,518,958
222,224,656,604,590,622,958
29,49,240,219,441,484,958
61,46,314,285,487,488,958
157,105,696,615,448,404,958
137,103,321,240,520,552,958
76,68,293,253,476,470,958
34,38,277,236,519,541,958
13,26,154,140,469,490,958
19,31,101,104,410,434,959
57,57,155,146,451,421,959
265,204,207,121,459,416,959
17,34,173,171,345,355,959
73,83,160,162,460,442,959
58,63,240,219,520,535,959
12,22,77,78,410,425,959
290,214,374,245,585,612,959
136,130,348,318,546,544,960
23,29,118,125,447,480,960
16,25,94,96,397,397,960
106,87,343,301,549,578,960
60,47,107,98,485,460,960
232,144,724,485,604,591,960
44,31,77,89,434,433,960
91,69,163,166,390,374,960
58,46,69,73,389,375,960
11,21,149,140,379,417,960
464,302,496,388,552,533,960
138,89,348,322,563,588,961
64,32,43,54,419,382,961
63,31,108,109,453,454,961
38,44,287,272,489,500,961
104,104,405,359,521,522,961
15,22,100,95,437,443,961
51,55,197,201,485,459,961
47,44,146,151,405,438,961
85,59,178,172,451,479,962
153,151,164,171,458,426,962
24,33,132,124,374,431,962
20,31,163,150,466,447,962
29,29,207,171,469,484,962
26,24,39,37,356,334,962
61,28,216,171,422,404,962
68,41,122,120,376,406,962
32,24,34,41,423,379,963
101,100,451,378,520,511,963
37,36,216,199,480,500,963
28,32,104,104,449,448,963
31,39,120,118,367,389,963
20,27,107,107,415,409,963
23,24,69,75,453,429,963
44,29,104,93,384,405,963
168,108,439,294,570,574,963
46,23,106,113,426,371,963
124,85,262,237,515,511,963
114,92,340,301,532,529,963
223,154,499,418,505,503,963
39,41,184,176,441,448,963
65,67,162,162,442,428,963
164,173,222,225,506,498,963
18,24,113,116,391,387,964
80,61,415,347,584,586,964
135,126,458,401,558,599,964
24,26,84,77,400,426,964
22,22,27,31,387,384,964
110,83,274,179,457,382,964
41,47,110,116,412,448,964
66,44,158,143,364,428,964
58,36,249,229,500,515,964
150,144,250,243,518,513,965
124,123,166,162,483,500,965
27,21,262,231,483,477,965
484,358,153,139,496,476,965
13,20,66,66,404,438,965
24,29,115,118,387,397,965
58,58,186,171,463,458,966
40,33,159,99,458,463,966
66,59,201,155,504,537,966
24,23,63,66,418,351,966
66,39,347,266,523,518,966
68,45,146,147,489,479,966
36,24,104,100,365,352,966
52,34,171,158,462,439,966
93,79,253,250,477,450,966
42,35,162,158,443,444,966
48,54,231,218,485,483,966
107,102,313,242,430,339,966
15,22,93,91,422,409,966
108,105,358,330,501,513,966
23,30,233,223,465,472,967
37,41,114,113,412,452,967
236,202,229,209,386,344,967
37,29,105,111,410,410,967
80,69,172,164,462,436,967
19,32,107,121,459,422,967
29,31,111,112,403,425,967
31,30,138,138,436,425,967
85,60,204,187,481,466,968
48,29,85,90,418,439,968
121,84,291,270,538,539,968
48,25,123,121,435,422,968
83,59,156,152,479,447,968
86,65,122,129,500,519,968
74,72,222,206,498,514,968
23,29,120,97,360,401,968
74,38,213,199,487,513,968
79,78,149,154,481,482,969
53,50,254,211,483,489,969
100,108,122,131,451,340,969
18,21,70,61,401,429,969
138,126,343,321,542,537,969
100,84,298,276,527,521,969
52,48,154,154,465,455,970
24,30,125,124,390,399,970
20,23,147,127,440,481,970
60,42,163,159,398,388,970
277,253,393,312,609,628,970
39,21,102,108,406,400,970
51,22,58,47,399,369,970
55,24,116,104,452,454,970
407,339,547,498,588,585,970
58,32,91,93,450,429,970
369,313,735,607,556,524,971
479,429,524,490,523,481,971
106,106,203,201,456,448,971
41,42,58,48,369,438,971
21,23,79,83,442,414,971
52,32,112,117,438,409,971
140,106,63,75,463,471,971
39,43,148,121,463,497,971
117,113,203,184,511,491,971
122,120,243,250,476,502,972
77,73,98,105,486,466,972
46,45,107,112,422,409,972
36,23,89,75,373,430,972
46,28,115,107,384,407,972
28,20,73,78,377,351,972
215,194,442,419,550,569,972
59,22,101,100,456,435,972
329,258,393,327,572,573,972
395,325,776,708,603,633,972
11,25,62,58,431,409,973
135,133,371,300,538,528,973
19,25,136,129,446,457,973
107,93,156,150,475,475,973
136,90,289,252,544,521,973
54,28,121,108,375,409,973
64,35,184,174,486,497,973
168,135,224,220,528,531,973
33,45,140,135,422,440,973
16,27,57,65,397,432,973
29,32,233,226,488,485,973
39,47,91,93,433,431,973
15,23,109,97,424,403,973
21,30,58,51,352,403,973
23,20,71,81,407,364,974
87,42,218,210,486,458,975
74,30,314,252,499,493,975
80,50,59,57,374,403,975
120,89,193,197,452,442,975
24,29,180,162,467,488,975
72,80,111,118,464,437,975
63,50,541,479,472,483,975
233,197,270,249,500,518,975
51,33,108,108,405,400,975
42,32,108,115,428,431,975
76,59,204,176,486,506,975
31,30,154,144,447,414,976
92,94,185,178,465,466,976
18,21,85,82,390,427,976
20,25,90,82,411,455,976
318,265,563,411,582,572,976
249,194,595,520,598,595,976
28,30,193,171,480,478,977
18,21,94,85,400,427,977
78,69,101,95,447,454,977
156,116,315,295,531,526,977
22,32,207,190,480,502,977
50,49,152,150,442,450,977
33,36,214,178,481,470,977
121,115,352,286,519,523,978
200,170,406,319,575,565,978
80,51,178,159,473,441,978
121,76,194,193,498,490,978
83,56,318,276,519,526,978
34,46,120,109,436,410,978
33,25,55,62,386,403,979
68,72,144,125,484,476,979
61,54,334,252,531,555,979
25,25,133,129,446,437,979
31,33,39,48,415,427,979
44,44,158,142,449,449,979
25,25,123,105,419,429,979
566,505,457,414,599,583,979
35,22,102,95,413,392,980
69,52,140,135,483,460,980
84,68,253,219,532,548,980
39,24,144,87,469,473,980
34,39,177,173,457,497,980
27,25,75,76,366,396,980
85,81,180,181,509,516,981
104,63,256,221,513,513,981
50,24,72,74,405,432,981
20,23,79,78,365,375,981
47,27,155,152,427,441,981
31,20,58,60,396,350,981
32,33,115,121,438,408,981
329,317,405,360,554,567,981
48,45,292,274,483,477,982
22,24,122,107,380,398,982
159,121,448,369,548,548,982
98,73,213,199,498,489,982
47,20,62,69,344,415,982
128,86,199,202,502,464,982
34,24,108,90,406,434,983
219,182,508,461,572,551,983
113,111,223,195,540,524,983
93,90,119,122,445,474,983
299,268,453,423,581,581,983
226,209,393,373,542,525,983
37,29,81,88,368,423,983
39,23,72,77,390,383,983
44,34,92,96,381,365,983
265,180,623,429,627,660,983
30,30,143,152,438,417,984
123,104,268,240,514,517,984
56,34,250,208,493,487,984
416,364,619,512,607,609,984
108,90,175,150,343,392,984
34,29,117,102,442,456,985
29,28,30,41,392,386,985
63,53,214,203,507,490,985
35,34,120,125,422,408,985
39,22,107,112,425,380,985
40,26,86,80,410,451,985
90,50,199,190,492,466,985
79,45,79,81,386,447,985
19,22,101,92,327,406,985
26,23,88,82,415,433,985
30,20,149,58,458,443,986
27,22,72,78,381,428,986
34,27,127,123,430,416,986
58,58,232,219,501,462,986
48,51,270,227,479,492,986
16,20,81,84,394,385,986
18,20,120,117,420,435,987
86,63,424,349,555,543,987
40,26,68,71,342,387,987
127,94,396,352,540,523,987
48,23,73,79,402,402,987
51,30,64,70,326,324,987
42,40,119,111,318,390,987
73,61,70,54,309,325,987
70,62,163,159,479,479,987
82,48,273,227,496,487,987
45,21,47,56,383,355,987
62,25,73,67,372,385,987
72,31,108,100,339,395,987
51,34,155,148,438,444,987
103,82,140,145,459,458,987
41,38,165,158,457,444,988
58,54,99,112,445,422,988
33,44,159,152,386,447,988
25,35,193,182,442,445,988
58,52,370,271,499,534,988
17,25,124,121,360,409,988
36,44,208,193,378,444,988
33,53,188,186,436,452,989
165,151,410,363,545,546,989
24,28,42,53,295,339,989
101,90,363,311,497,504,989
14,21,137,133,364,374,989
35,29,113,79,415,410,989
22,33,124,135,437,459,990
66,55,881,653,581,582,990
232,242,254,252,488,493,990
81,66,321,291,512,533,990
40,27,192,179,468,457,990
410,383,448,434,570,571,990
62,67,194,191,441,436,991
208,180,576,491,593,599,991
331,286,769,583,597,588,991
16,22,84,91,377,415,991
93,78,210,139,437,388,991
19,28,75,84,355,361,991
397,299,568,409,596,604,991
23,27,145,146,456,453,992
140,125,451,374,577,570,992
58,58,119,115,452,453,992
27,22,45,55,361,391,992
84,49,266,168,440,384,992
265,245,334,289,552,561,992
22,22,95,80,454,455,992
68,27,78,69,377,358,993
117,69,195,198,424,417,993
51,23,91,79,330,431,993
174,103,433,349,383,327,993
64,55,341,310,519,525,993
189,172,300,267,556,550,993
64,56,178,150,479,491,993
413,389,397,397,555,583,994
46,31,99,106,483,472,994
32,30,75,85,387,411,994
48,51,175,167,495,505,994
38,35,74,81,394,358,994
21,20,181,180,443,493,994
26,25,107,108,439,422,994
33,31,80,84,402,427,994
143,136,470,441,542,572,994
79,35,78,86,461,473,994
546,402,739,565,655,657,994
190,129,384,327,552,571,995
141,130,382,375,503,527,995
58,49,85,92,416,447,995
66,57,182,188,485,431,995
41,21,50,50,375,357,995
119,73,432,360,497,508,995
44,21,76,82,415,420,995
50,25,52,61,384,442,995
24,25,111,109,410,422,996
42,40,96,101,449,446,996
40,38,116,122,428,414,996
49,43,294,270,474,478,996
37,34,88,73,424,450,996
36,33,49,43,432,402,996
143,65,288,185,409,432,996
40,30,64,58,338,386,996
62,43,265,245,495,490,996
186,163,274,209,521,503,996
24,30,73,64,393,431,997
91,78,240,201,488,487,997
329,313,377,374,547,543,997
40,34,86,75,456,425,997
259,217,354,335,557,603,997
97,59,31,42,441,402,997
62,21,62,66,414,427,997
75,29,85,90,344,383,997
153,88,260,255,475,499,997
93,45,106,87,434,402,997
46,22,119,109,471,482,997
38,21,78,87,365,394,997
60,59,159,157,428,444,997
41,40,192,186,447,473,997
118,96,354,310,540,527,998
59,37,71,68,371,328,998
43,22,76,83,390,399,998
45,27,43,33,296,367,998
42,27,43,42,360,362,998
49,23,36,40,393,388,998
138,118,382,348,526,518,998
51,33,170,110,455,406,999
57,30,33,38,407,392,999
53,27,66,55,388,408,999
54,22,88,84,377,414,999
104,43,258,209,489,502,999
63,23,53,51,370,399,999
57,27,78,69,376,400,999
49,25,167,109,408,427,999
90,57,430,367,568,583,999
24,22,48,46,413,424,999
52,39,138,128,417,454,999
36,32,104,111,377,402,999
58,51,217,210,477,462,999
35,20,64,73,390,413,999
56,20,46,46,391,373,999
72,36,97,101,378,431,1000
58,20,46,58,371,351,1000
291,235,628,576,578,576,1000
74,44,110,106,440,418,1000
90,87,189,182,467,484,1000
320,152,367,248,516,349,1000
123,120,316,315,502,522,1000
26,22,102,84,368,405,1000
49,21,91,98,413,365,1001
46,22,57,58,386,377,1001
58,22,35,36,316,404,1001
62,27,184,171,439,411,1001
38,20,36,27,415,412,1001
51,32,200,196,458,454,1001
36,28,85,90,484,519,1001
122,110,194,202,507,535,1001
120,97,262,243,536,513,1001
139,110,210,203,513,509,1001
57,34,185,156,434,405,1001
67,37,91,88,419,435,1001
94,45,166,158,466,457,1001
117,68,120,107,430,462,1001
103,71,49,60,433,435,1002
118,99,155,115,362,375,1002
40,29,118,118,436,435,1002
42,21,69,69,411,391,1002
103,54,163,154,404,411,1002
68,27,95,79,438,456,1002
39,29,262,168,515,524,1003
21,21,145,123,435,457,1003
133,131,206,179,456,444,1003
47,44,256,232,446,423,1003
87,86,73,81,482,451,1003
325,274,458,411,515,477,1003
44,42,129,133,459,420,1003
100,74,117,111,435,427,1003
106,70,162,156,469,504,1003
504,356,129,77,466,386,1003
42,29,31,37,383,357,1003
52,52,170,156,441,460,1003
251,230,375,359,546,578,1003
102,98,290,253,522,527,1003
38,40,226,223,490,521,1003
17,20,66,70,407,404,1004
35,38,184,180,450,468,1004
342,275,567,463,594,612,1004
49,20,113,108,408,429,1004
104,60,394,356,549,547,1004
65,34,112,120,465,463,1004
42,46,166,169,481,456,1005
25,26,90,99,411,422,1005
52,49,154,138,459,461,1005
42,23,77,82,380,382,1005
335,255,823,698,452,394,1005
58,26,145,132,468,474,1005
136,65,569,461,594,583,1005
124,72,130,135,470,469,1005
178,167,314,276,546,548,1005
58,48,296,257,599,604,1005
22,27,102,105,404,395,1005
319,169,717,458,662,666,1006
42,28,165,156,448,436,1006
245,175,873,753,588,613,1006
69,43,70,82,419,414,1006
53,32,160,136,457,475,1006
244,135,516,340,465,406,1006
98,106,347,331,531,557,1006
15,23,91,84,414,381,1006
55,24,82,82,309,358,1007
93,65,204,189,473,466,1007
63,24,86,70,370,410,1007
60,28,91,91,358,380,1007
48,20,69,36,340,389,1007
50,22,84,76,351,417,1007
37,29,67,76,415,417,1007
36,32,178,160,450,421,1007
10,20,143,121,313,325,1007
56,30,82,72,338,379,1007
54,25,66,79,413,408,1007
83,39,186,161,489,521,1007
48,24,37,38,332,345,1007
54,28,121,91,426,439,1008
81,86,311,303,538,512,1008
111,115,456,425,523,490,1008
26,35,74,78,420,404,1008
190,189,417,385,545,542,1008
112,71,335,220,530,529,1008
52,47,314,248,405,396,1008
69,71,330,301,517,531,1008
29,37,149,144,449,468,1008
57,36,99,96,455,429,1008
62,42,102,52,459,459,1008
32,27,111,117,413,365,1008
41,23,116,122,404,411,1009
40,40,271,231,516,492,1009
28,35,92,102,445,432,1009
47,40,291,229,515,507,1009
94,76,191,186,489,520,1009
340,212,479,330,637,661,1009
61,26,78,59,386,403,1009
328,231,288,185,589,581,1009
73,39,162,151,472,434,1009
74,54,269,221,516,545,1010
14,21,267,260,422,450,1010
447,347,879,766,634,642,1010
554,476,821,518,417,344,1010
119,97,289,259,552,543,1010
62,26,49,47,417,417,1010
34,42,212,186,465,481,1010
33,37,140,141,404,419,1011
39,45,129,110,379,353,1011
33,34,164,164,458,481,1011
27,23,65,42,432,393,1011
122,92,562,466,587,593,1011
36,20,51,54,418,359,1011
114,65,143,139,405,416,1011
57,23,91,82,418,461,1011
77,49,95,94,413,418,1011
323,235,368,299,574,565,1011
88,56,190,172,428,446,1011
50,27,53,60,432,364,1011
350,306,470,453,560,571,1011
92,101,234,202,514,467,1011
20,34,107,94,462,442,1011
143,134,361,316,557,553,1011
33,20,89,88,365,386,1012
31,20,90,80,382,347,1012
68,30,93,88,253,337,1012
213,129,412,361,573,595,1012
127,121,250,233,507,542,1012
47,39,221,195,482,495,1012
208,195,555,448,604,597,1012
41,20,41,50,426,357,1013
67,34,106,95,419,465,1013
49,30,104,112,428,458,1013
44,46,133,115,478,486,1013
14,21,80,90,318,381,1013
83,83,279,262,490,522,1013
28,37,103,109,448,463,1013
34,20,206,182,475,461,1013
74,45,111,114,379,408,1013
56,33,76,78,445,458,1014
46,20,187,168,465,499,1014
115,80,272,264,530,534,1014
418,336,391,340,575,584,1014
402,353,783,675,623,643,1014
90,81,307,302,308,325,1014
110,86,399,333,518,514,1014
35,24,75,56,407,399,1014
53,26,79,61,452,441,1014
137,96,92,88,412,478,1015
278,157,731,474,636,644,1015
318,262,368,349,546,572,1015
16,28,98,101,425,418,1015
26,29,88,95,439,445,1015
47,25,89,91,455,430,1015
64,30,209,154,547,599,1015
23,20,54,58,416,376,1015
451,442,712,688,593,613,1016
305,311,213,188,552,549,1016
10,21,118,120,416,411,1016
12,24,137,136,424,420,1016
18,25,246,231,441,465,1016
49,32,108,104,450,422,1016
39,22,77,88,420,375,1016
69,47,279,238,525,513,1016
80,83,149,152,431,477,1016
504,433,600,539,504,352,1017
118,108,443,378,581,597,1017
138,102,384,301,579,596,1017
487,340,851,622,648,654,1017
34,20,40,43,332,329,1017
38,22,46,48,287,362,1017
56,58,135,139,483,447,1017
29,30,265,205,534,517,1018
173,161,363,346,543,564,1018
28,29,125,117,358,415,1018
45,40,93,88,417,388,1018
45,45,185,132,440,416,1018
145,135,662,579,571,595,1018
128,121,287,270,508,514,1018
172,164,309,285,529,528,1018
20,37,251,223,538,532,1018
233,248,513,481,557,552,1018
44,59,294,265,498,491,1018
72,73,448,317,539,535,1018
131,136,367,331,545,523,1019
111,85,621,466,608,608,1019
17,24,96,94,354,376,1019
65,41,129,135,433,436,1019
45,28,85,86,428,466,1019
28,24,154,133,468,482,1019
30,34,140,120,372,330,1019
214,183,756,568,488,418,1019
82,102,159,153,509,536,1019
61,51,101,111,393,439,1019
43,40,126,116,439,448,1019
323,297,428,401,557,551,1020
49,31,312,263,514,480,1020
101,75,151,153,480,512,1020
89,62,234,212,535,568,1020
108,98,149,157,466,449,1020
94,88,782,624,563,587,1020
385,362,805,736,597,588,1020
333,297,601,488,607,591,1020
12,29,132,131,446,448,1020
395,356,887,695,623,655,1020
25,30,114,107,330,353,1020
24,36,140,106,422,446,1020
31,28,143,140,497,490,1021
46,37,239,187,465,462,1021
50,36,74,86,409,410,1021
179,194,137,138,495,509,1021
74,91,115,115,455,452,1021
19,34,85,88,403,404,1021
100,92,278,261,471,487,1021
180,107,414,327,604,605,1021
95,60,138,121,444,462,1021
30,21,73,69,394,415,1022
17,23,118,112,417,440,1022
15,23,153,154,420,405,1022
29,48,105,95,459,444,1022
317,276,682,505,622,619,1022
20,29,95,106,389,432,1022
192,151,275,246,582,564,1022
42,44,117,131,394,371,1022
54,54,109,94,373,356,1022
34,39,304,201,456,459,1023
14,27,169,168,481,506,1023
117,115,540,455,542,546,1023
150,125,336,257,553,558,1023
42,43,429,354,549,558,1023
50,58,183,166,465,475,1023
43,49,219,206,495,507,1023
95,70,510,406,487,493,1023
215,202,458,434,510,475,1023
313,248,735,560,625,625,1023
24,34,75,83,400,417,1023
