"FSC-A","FSC-H","SSC-A","SSC-H","530_30-Blue-A","582_15-Yellow-A","Time"
48,29,125,81,578,593,0
28,21,79,62,536,544,0
19,20,19,28,409,435,0
76,41,194,97,593,613,0
71,32,128,51,583,592,0
108,41,214,72,622,637,0
21,21,40,30,456,489,0
30,26,108,71,527,546,0
30,27,126,97,549,553,0
43,24,103,51,564,572,1
40,25,78,66,548,551,1
38,30,99,68,561,572,1
48,23,62,28,511,530,1
40,26,101,60,543,552,1
45,35,114,82,550,571,1
30,34,46,51,467,511,1
44,21,68,38,527,566,1
30,28,73,47,509,505,1
21,20,54,30,449,462,1
29,20,77,56,528,545,1
150,51,419,128,694,709,1
40,21,42,28,467,466,1
107,65,292,199,665,685,1
41,20,85,42,513,505,1
114,46,285,96,651,669,1
85,49,207,119,625,636,1
36,24,54,33,481,488,2
83,43,221,99,630,645,2
39,23,75,27,516,483,2
86,46,325,182,669,691,2
64,37,162,81,589,598,2
100,46,298,104,649,668,2
51,31,155,79,587,588,2
124,47,416,149,692,715,2
30,23,32,27,463,482,2
24,21,79,49,517,506,2
27,25,43,36,453,424,2
41,31,77,61,541,541,2
30,22,85,50,515,536,2
41,20,78,48,536,548,2
21,20,55,41,467,503,2
16,23,13,43,447,435,3
20,20,36,33,428,463,3
55,24,91,37,530,533,3
52,35,143,89,574,583,3
34,21,74,40,513,487,3
20,21,49,43,491,507,3
55,22,133,48,584,567,3
89,39,456,214,700,709,3
61,35,163,102,602,626,3
72,35,230,105,627,642,3
39,20,75,41,543,553,3
34,26,139,68,566,553,3
166,70,411,165,697,717,3
78,43,162,100,597,611,3
31,27,41,40,469,471,3
23,20,29,25,450,504,3
41,29,75,47,519,516,3
53,29,138,77,586,582,3
36,20,57,45,519,549,3
25,20,66,35,483,479,4
206,62,549,174,738,753,4
41,20,97,52,544,565,4
22,21,41,41,463,496,4
37,22,103,62,541,557,4
33,27,41,38,479,477,4
30,26,64,47,515,518,4
47,21,111,51,565,566,4
190,67,496,202,728,745,4
26,23,57,42,501,539,4
50,28,74,51,533,547,4
93,53,298,180,656,667,4
33,22,99,55,544,549,4
404,110,612,249,808,827,4
39,20,104,47,550,549,5
50,25,136,46,572,585,5
102,53,309,123,666,677,5
36,23,47,29,476,527,5
24,22,87,61,522,543,5
42,26,75,38,524,540,5
27,22,70,48,509,508,5
26,22,92,59,529,542,5
204,54,601,141,737,748,5
22,21,44,48,454,468,5
45,21,104,41,544,558,5
23,26,49,40,488,495,5
25,20,34,32,466,431,5
48,23,143,82,571,588,6
59,21,144,58,581,595,6
41,21,147,56,589,608,6
40,32,157,118,590,611,6
86,41,219,99,641,659,6
41,26,72,44,502,544,6
149,71,313,178,686,706,6
33,23,71,48,534,537,6
50,20,132,45,566,597,6
40,23,119,56,540,561,6
152,68,379,156,684,699,6
34,21,63,58,510,557,6
49,34,94,69,562,569,6
57,38,140,83,569,570,6
122,44,276,107,653,667,6
37,20,57,35,503,529,6
89,40,244,150,654,672,6
91,40,339,160,672,693,6
47,26,118,57,563,581,6
148,58,356,141,675,692,6
59,26,193,88,606,616,6
109,39,347,132,671,681,7
42,26,155,116,597,612,7
23,27,33,41,460,459,7
38,24,129,89,579,591,7
22,20,65,58,507,487,7
51,20,177,52,589,592,7
74,28,341,151,662,675,7
54,22,129,54,566,584,7
50,27,128,69,561,565,7
50,21,91,40,537,571,7
78,39,237,154,644,659,7
56,31,151,113,582,597,7
146,64,498,175,716,729,7
33,30,90,69,542,551,7
30,27,78,64,503,516,7
65,30,264,113,635,650,7
71,35,122,75,563,596,7
40,26,89,59,545,550,7
44,22,117,52,559,590,7
15,20,21,39,435,475,7
179,64,409,184,706,724,7
37,24,118,58,558,560,8
58,23,170,58,600,585,8
31,23,81,47,538,553,8
14,21,29,35,360,249,8
34,24,97,68,535,555,8
27,24,45,43,481,482,8
36,23,119,57,540,558,8
192,65,487,204,724,738,8
51,33,127,78,567,587,8
27,24,103,89,538,542,8
38,26,81,50,514,531,8
27,24,35,56,480,519,8
28,29,49,44,511,463,8
35,20,82,32,503,495,8
17,20,27,26,444,312,8
40,26,83,40,524,543,8
65,40,186,113,599,614,8
45,22,106,36,539,525,9
27,23,27,29,447,458,9
75,46,167,97,595,617,9
24,21,62,46,489,499,9
46,29,140,90,583,602,9
45,26,77,63,553,553,9
38,31,104,94,558,582,9
44,26,104,55,558,563,9
295,68,743,179,775,793,9
55,25,154,72,590,603,9
142,44,360,97,670,682,9
347,66,788,138,771,786,9
201,64,507,154,703,720,9
39,24,65,39,513,544,9
28,27,57,53,491,516,9
78,40,234,148,623,628,9
39,27,98,59,522,539,10
42,23,95,64,554,559,10
72,26,141,45,579,585,10
16,25,13,38,438,452,10
200,90,467,166,717,739,10
165,54,515,177,709,726,10
62,24,183,66,605,619,10
31,22,63,45,490,514,10
22,20,50,39,477,477,10
39,23,108,49,547,537,11
455,99,882,205,795,811,11
45,21,72,40,528,563,11
37,25,92,48,528,523,11
50,30,94,60,541,568,11
51,29,129,82,572,587,11
29,22,50,36,502,509,11
31,25,86,62,520,540,11
83,48,230,103,639,663,11
20,21,18,16,452,472,11
51,23,146,61,576,578,11
28,21,60,42,468,498,11
68,34,170,66,592,610,11
28,22,34,29,413,455,11
92,61,212,114,630,653,12
31,21,102,69,549,565,12
41,24,189,105,597,605,12
45,20,104,40,565,578,12
52,32,172,104,596,612,12
18,22,44,35,452,475,12
83,30,252,90,631,647,12
48,21,97,42,542,575,13
58,28,125,40,564,593,13
47,28,87,51,525,539,13
43,21,113,44,555,540,13
26,21,82,74,544,564,13
33,27,73,59,521,570,13
47,23,138,64,574,593,13
48,31,101,72,562,586,13
56,24,121,58,575,586,13
28,22,20,25,396,433,13
62,40,211,138,629,635,13
100,41,213,90,630,648,13
56,37,183,112,605,622,13
41,21,82,50,546,543,13
41,31,71,65,544,558,13
29,23,117,94,579,596,13
30,20,60,39,499,550,13
32,20,67,39,504,513,13
34,26,66,63,515,535,13
32,28,74,49,525,460,14
167,57,428,120,690,705,14
58,31,187,77,597,626,14
51,21,99,49,550,568,14
39,20,91,43,553,558,14
26,20,73,51,505,492,14
36,21,63,33,519,526,14
67,36,151,69,600,614,14
107,42,326,108,656,672,14
19,24,61,64,504,516,14
45,30,81,56,515,534,14
20,25,25,40,403,419,14
159,60,494,217,738,759,14
30,24,119,94,574,586,15
29,23,71,59,517,534,15
34,24,72,66,518,555,15
38,22,144,74,571,566,15
14,22,22,38,373,414,15
61,28,181,102,612,614,15
104,54,386,184,687,704,15
89,36,315,121,663,674,15
65,44,131,102,589,604,15
38,24,146,83,571,594,15
36,25,104,89,541,568,15
176,62,504,189,725,735,15
22,20,53,59,514,534,15
75,35,180,115,610,630,15
102,47,268,102,641,659,15
35,34,104,90,558,564,16
150,77,388,207,703,716,16
62,30,153,66,594,627,16
127,38,274,109,639,659,16
36,33,78,84,548,568,16
47,24,121,68,579,593,16
45,26,89,40,530,537,16
110,46,342,182,674,697,16
34,24,145,96,570,576,16
19,20,29,23,415,400,16
24,22,47,41,491,522,16
212,70,498,152,704,724,16
75,40,248,149,641,665,16
44,20,116,47,554,552,16
46,32,146,102,577,598,16
73,30,330,106,642,662,16
35,20,63,43,494,526,16
33,28,114,97,578,592,16
49,35,124,66,567,569,16
34,28,68,63,514,514,17
106,33,271,87,645,660,17
70,24,123,43,574,595,17
272,89,530,243,754,771,17
116,58,289,151,670,693,17
41,22,94,43,554,570,17
21,20,42,41,482,507,17
46,25,111,75,566,596,17
58,22,164,63,579,593,17
37,20,62,30,493,494,17
34,24,75,44,519,547,17
43,27,145,120,600,610,17
36,24,79,55,541,554,18
35,23,95,62,534,569,18
15,20,28,45,412,470,18
61,30,185,85,579,588,18
16,20,27,28,419,425,18
210,60,431,145,699,713,18
42,21,102,31,537,517,18
145,44,384,128,681,693,18
35,23,104,62,539,562,18
36,31,73,60,534,544,18
62,34,168,79,599,610,18
23,23,33,36,458,464,18
96,42,255,87,633,647,18
46,29,122,75,574,579,18
31,21,80,49,513,514,19
27,23,39,35,474,464,19
39,21,91,37,548,540,19
24,23,111,97,537,557,19
38,24,134,68,561,561,19
154,48,452,126,704,720,19
58,44,147,114,595,614,19
47,21,52,38,508,545,19
31,27,44,36,480,478,19
53,22,180,92,590,601,19
47,33,145,95,571,584,19
54,38,146,92,583,608,19
31,24,86,69,541,579,19
37,20,65,37,521,495,19
43,28,68,42,541,538,19
31,23,117,88,569,574,19
61,40,101,43,545,538,19
16,20,31,40,472,496,19
16,20,47,38,446,439,19
29,20,48,34,474,530,19
29,23,83,66,521,533,20
25,20,36,37,472,465,20
21,21,64,66,518,538,20
25,29,48,59,481,518,20
60,46,128,103,580,605,20
69,31,162,77,599,617,20
28,24,54,61,502,515,20
33,24,76,44,510,429,20
33,24,81,53,518,523,20
44,32,134,91,578,587,21
92,37,296,134,658,682,21
30,20,84,36,490,508,21
43,21,99,34,533,524,21
54,26,110,73,539,575,21
45,27,95,59,545,559,21
68,32,244,91,628,649,21
83,39,246,128,646,665,21
43,32,99,68,543,557,21
124,62,268,137,651,652,21
54,27,123,59,579,590,21
28,22,64,42,522,533,21
52,25,109,44,559,554,21
23,24,76,73,529,563,21
61,29,166,77,601,609,21
37,24,72,39,515,528,21
27,23,31,35,453,454,21
21,20,48,28,443,353,21
71,45,206,137,622,644,21
29,20,70,43,489,452,22
43,22,139,66,573,589,22
53,38,96,88,565,569,22
32,26,63,35,497,489,22
16,20,40,45,476,448,22
63,44,141,80,582,600,22
37,28,130,103,574,595,22
63,45,138,86,573,583,22
35,30,92,66,539,563,22
44,27,65,45,522,541,22
41,28,87,46,549,579,22
42,32,76,58,539,562,22
64,41,136,59,582,584,22
37,26,95,64,533,549,23
44,26,191,110,608,627,23
96,52,301,184,672,683,23
32,21,99,64,552,557,23
24,25,63,74,530,535,23
73,29,272,132,645,669,23
109,53,280,154,664,681,23
123,55,335,164,674,685,23
22,23,61,66,515,522,23
37,25,115,81,558,586,23
70,32,157,68,604,621,23
97,47,246,112,650,667,23
23,29,32,38,445,452,23
45,21,148,68,564,582,23
159,65,429,159,699,714,23
151,64,444,181,703,721,23
48,25,125,66,586,596,23
49,32,97,63,555,573,23
26,25,37,42,432,460,23
63,29,259,156,642,656,23
30,24,60,58,509,534,23
35,27,46,57,513,568,23
100,34,296,98,657,671,24
40,28,89,57,540,557,24
96,48,265,102,662,674,24
39,21,65,38,503,458,24
47,26,81,53,525,539,24
58,47,130,104,573,594,24
25,22,23,33,460,509,24
72,32,224,105,615,629,24
38,26,101,76,569,593,24
76,41,247,145,650,680,24
37,20,72,34,508,520,25
62,42,129,93,577,596,25
49,32,115,67,572,583,25
33,22,90,50,538,535,25
36,24,84,46,524,530,25
63,38,150,84,582,588,25
58,33,109,62,545,577,25
333,83,719,196,768,789,25
33,25,56,41,506,525,25
41,27,78,55,542,566,25
37,29,77,47,544,569,25
39,23,89,44,525,541,25
164,52,417,136,700,716,25
70,39,132,64,578,591,25
22,21,19,32,403,440,25
115,59,310,137,658,675,26
93,34,325,121,665,679,26
22,21,45,45,472,495,26
456,83,923,268,844,862,26
269,65,633,224,787,803,26
91,29,247,89,637,656,26
25,20,69,40,494,512,26
28,20,72,54,509,531,26
39,23,83,49,521,552,26
73,39,183,86,606,622,26
28,20,80,46,503,530,26
46,29,89,41,516,492,27
25,28,61,62,510,521,27
58,27,118,49,556,562,27
78,31,147,57,581,594,27
29,27,74,53,522,532,27
68,45,184,138,598,622,27
47,27,134,71,553,576,27
21,20,44,42,434,398,27
47,25,73,43,526,560,27
38,25,99,63,554,581,27
26,26,84,85,529,544,27
52,21,158,73,597,616,27
40,23,114,81,557,565,27
45,38,137,116,582,602,27
58,24,122,43,566,587,27
52,29,151,87,592,613,27
40,21,100,52,524,545,27
26,23,56,33,507,533,27
25,26,54,50,514,545,28
37,20,103,55,550,573,28
37,24,56,41,468,484,28
49,31,121,87,569,589,28
42,31,126,100,564,577,28
25,20,50,22,479,512,28
31,21,85,53,518,537,28
37,26,78,48,532,562,28
92,39,382,183,677,696,28
45,31,77,40,524,550,28
62,27,115,42,556,546,28
81,31,273,103,640,660,28
59,38,135,101,589,608,28
57,27,102,55,575,589,28
34,20,78,42,482,487,28
56,22,191,84,596,621,28
47,22,115,67,575,580,28
37,20,118,61,543,567,28
48,24,120,56,548,552,28
45,31,88,67,525,544,29
26,21,137,85,553,558,29
38,24,93,63,543,558,29
51,25,97,48,549,569,29
40,26,102,40,551,560,29
24,20,55,42,485,517,29
40,22,84,36,521,541,29
21,21,66,39,488,471,29
43,33,145,126,591,611,29
26,23,75,33,519,541,29
20,20,21,33,418,459,29
68,33,211,101,608,622,30
25,25,38,45,433,461,30
30,25,46,41,481,488,30
20,20,33,37,477,485,30
33,20,114,50,556,563,30
30,22,55,50,490,533,30
73,46,170,98,628,654,30
70,43,223,121,626,645,30
22,21,59,48,496,486,30
35,21,112,91,568,588,30
33,24,78,53,529,554,30
34,21,122,73,539,563,30
115,44,264,87,640,658,30
38,24,86,47,527,521,30
58,29,117,66,569,585,31
29,21,57,50,500,551,31
35,21,104,50,551,516,31
34,26,92,81,569,593,31
25,20,47,42,485,506,31
48,26,80,42,519,542,31
41,22,166,87,583,603,31
60,29,129,51,561,582,31
32,24,128,56,564,581,31
23,24,34,39,425,487,31
17,20,29,46,426,485,32
38,25,94,72,538,566,32
39,22,76,31,503,501,32
61,31,145,57,568,580,32
42,27,96,54,529,519,32
35,25,105,70,555,574,32
38,29,118,83,560,573,32
82,47,188,113,616,643,32
37,24,100,68,536,546,32
34,22,63,40,500,545,32
76,36,148,68,591,596,32
27,22,58,44,495,518,32
43,20,116,51,569,564,32
47,35,132,106,586,595,32
53,20,117,64,578,607,32
25,21,51,45,513,519,32
122,61,283,131,654,666,32
67,47,153,108,593,601,32
46,26,121,43,560,554,33
54,24,156,86,595,601,33
133,51,313,120,657,677,33
55,24,127,49,572,583,33
38,21,37,26,496,507,33
27,20,58,43,490,513,33
35,23,155,87,575,596,33
45,31,144,82,587,609,33
49,29,149,75,580,592,33
60,21,133,49,579,591,33
70,35,186,89,604,620,33
50,35,95,78,545,559,33
28,22,80,59,528,541,33
55,29,154,84,584,604,33
39,22,70,57,548,567,33
39,26,122,85,573,584,34
26,21,76,67,519,547,34
17,24,29,52,396,412,34
57,36,127,76,563,571,34
59,40,175,97,599,601,34
35,20,65,32,486,476,34
110,43,374,169,696,714,34
60,24,152,58,574,590,34
31,23,86,79,547,571,34
40,27,77,58,517,543,34
48,33,113,94,569,588,34
52,24,117,61,569,595,34
74,32,117,65,581,579,34
68,43,174,106,601,614,34
39,33,91,59,531,539,34
143,71,343,148,681,694,34
29,26,59,54,506,535,35
55,28,206,81,613,624,35
39,22,65,45,517,516,35
20,22,33,48,448,510,35
68,34,146,74,596,619,35
25,20,32,31,452,469,35
40,28,85,72,529,539,35
24,20,65,75,501,533,35
24,23,13,22,397,443,35
17,20,52,47,447,480,35
53,41,117,79,584,593,35
22,25,83,79,538,564,35
47,31,160,112,594,609,35
43,20,54,26,500,492,35
30,22,58,39,515,531,35
53,28,113,47,569,582,35
18,22,35,45,473,478,35
40,29,82,60,533,550,36
34,27,74,46,514,548,36
29,23,49,36,509,506,36
64,29,155,57,591,609,36
57,30,81,48,538,549,36
61,37,125,81,563,587,36
36,26,48,29,454,471,36
63,32,144,56,583,584,36
33,30,43,49,488,484,36
37,27,100,75,552,572,36
43,21,64,31,512,472,36
43,35,107,79,552,568,36
33,31,67,44,508,530,36
31,24,36,21,488,487,36
28,21,72,43,528,540,36
272,79,554,262,778,795,36
82,36,203,74,629,643,36
46,35,139,97,579,595,36
31,25,56,42,466,461,36
43,23,135,76,568,591,36
34,26,64,30,493,476,36
150,43,401,96,687,700,36
38,24,157,81,558,576,36
32,21,109,73,560,583,36
27,21,36,39,463,513,37
33,22,94,69,538,541,37
52,43,86,70,546,556,37
66,25,146,43,578,574,37
75,35,176,72,622,627,37
79,29,183,64,615,653,37
65,38,105,57,577,596,37
63,30,178,88,598,614,37
120,48,309,95,655,667,37
33,25,83,40,512,510,37
60,27,165,72,592,614,37
35,29,51,35,500,522,37
29,26,84,79,522,545,37
46,32,77,58,550,554,38
39,28,97,65,554,562,38
111,56,296,174,665,687,38
19,26,28,46,461,487,38
117,40,255,73,644,660,38
36,22,51,35,494,520,38
43,22,76,35,521,548,38
43,27,110,51,563,539,38
79,37,190,88,612,628,38
59,26,132,60,580,585,38
148,51,299,130,678,695,38
68,39,218,120,627,645,38
46,22,146,63,590,603,39
48,27,73,57,520,545,39
47,22,179,86,599,610,39
60,28,215,120,613,632,39
25,20,55,42,513,517,39
20,27,25,42,435,466,39
80,24,201,76,612,631,39
17,23,14,35,398,368,39
59,35,155,75,583,598,39
129,76,354,239,695,710,39
49,28,103,55,556,556,39
31,23,83,63,533,542,39
50,21,71,35,518,532,40
77,27,155,43,591,604,40
42,23,130,51,548,567,40
76,42,209,95,620,635,40
94,45,400,196,683,697,40
52,22,187,91,613,622,40
54,26,230,111,620,648,40
246,57,604,160,737,757,40
47,27,193,128,623,634,40
29,20,49,35,511,537,40
85,47,251,159,636,653,40
37,22,107,64,548,561,40
46,25,115,58,543,538,40
24,28,53,68,478,513,40
28,26,18,35,482,487,40
35,27,87,65,546,536,40
60,31,126,86,573,583,40
47,24,142,89,589,591,40
20,21,38,32,460,459,40
76,37,257,138,646,662,40
90,26,267,104,646,663,40
23,21,26,31,463,450,40
74,34,269,112,641,654,40
73,48,225,121,627,638,40
28,24,30,34,410,445,40
29,20,77,56,532,541,40
38,38,89,81,542,542,40
103,51,287,149,660,673,40
158,64,306,125,662,686,40
40,31,107,68,558,576,41
175,78,442,301,725,739,41
121,47,417,208,699,722,41
27,29,76,73,520,543,41
22,21,48,53,484,481,41
29,20,59,38,504,500,41
44,29,86,68,538,560,41
111,50,402,203,696,712,41
59,26,155,70,571,588,41
65,29,107,49,567,591,41
61,29,144,52,586,605,41
144,57,478,199,712,730,41
50,22,119,47,545,545,41
70,42,166,87,602,633,42
30,27,71,62,546,554,42
44,26,125,71,560,575,42
47,27,122,73,564,570,42
67,27,191,64,612,622,42
105,25,272,52,643,648,42
35,23,57,42,513,529,42
613,158,867,316,894,917,42
122,39,314,116,663,677,42
25,22,46,38,444,447,42
80,35,146,54,589,609,42
25,20,38,33,477,489,42
36,36,40,52,476,504,42
27,27,52,57,501,515,42
20,21,49,49,481,473,42
18,27,25,51,452,485,42
605,104,823,237,818,843,42
29,34,48,57,475,491,43
411,99,735,218,815,834,43
395,131,604,262,784,805,43
62,36,170,83,598,612,43
163,50,466,224,713,732,43
35,22,67,34,500,512,43
24,21,83,83,543,576,43
43,23,91,40,538,562,43
30,22,67,56,518,483,43
28,27,65,45,476,489,43
31,21,66,65,535,550,43
46,20,115,69,555,576,43
43,24,110,81,540,561,43
33,25,55,40,516,500,43
103,47,283,128,650,673,43
113,63,326,195,671,689,43
47,31,153,111,588,604,43
49,31,101,64,527,552,43
35,26,54,48,510,519,43
169,55,394,161,692,706,43
31,22,74,52,514,536,44
50,20,140,53,574,584,44
38,27,71,73,541,553,44
26,25,29,33,449,417,44
29,27,50,42,496,520,44
39,25,88,45,499,515,44
34,21,48,48,489,502,44
46,22,103,55,569,575,44
26,22,70,58,500,512,44
41,25,62,30,495,520,44
190,85,449,214,706,732,44
91,49,157,70,600,613,44
48,25,127,59,566,605,44
140,44,479,197,717,738,44
31,33,70,62,499,528,44
47,31,105,59,540,558,44
24,25,56,45,466,513,44
152,57,341,134,679,692,45
78,44,296,173,654,670,45
38,20,123,60,576,592,45
67,36,274,177,654,669,45
147,56,422,145,701,718,45
40,25,66,40,515,510,46
103,46,256,102,649,662,46
73,33,190,81,617,629,46
40,27,111,67,561,565,46
116,59,363,188,680,693,46
33,22,58,36,473,488,46
177,76,487,190,722,735,46
61,39,147,72,596,614,46
246,91,460,144,709,729,46
183,70,483,274,749,766,46
32,23,69,32,509,478,46
349,95,627,247,805,819,46
61,22,145,61,581,596,46
282,96,536,176,740,757,46
34,20,63,33,518,528,46
42,23,84,32,523,548,46
40,21,121,50,557,565,46
19,21,19,31,428,415,46
53,28,157,68,569,581,46
440,109,759,284,860,878,46
55,34,161,78,582,601,46
695,146,901,220,853,871,46
606,105,798,252,831,850,46
57,31,142,94,590,612,47
525,141,733,175,809,824,47
513,130,697,208,838,852,47
65,31,102,34,541,544,47
56,29,161,70,588,603,47
70,34,243,122,631,654,47
39,21,73,41,519,521,47
242,104,515,213,737,748,47
35,24,53,38,457,467,47
166,49,486,150,716,734,47
426,71,852,196,798,815,47
60,35,200,132,607,625,47
83,39,282,125,632,658,47
29,21,76,55,517,516,47
37,21,81,60,528,558,47
161,67,354,154,670,680,47
69,44,102,74,562,567,47
37,23,45,45,491,525,47
43,36,106,88,543,560,48
42,24,110,83,554,574,48
21,21,53,55,487,518,48
28,24,74,62,515,528,48
63,36,181,118,595,614,48
132,64,333,218,676,695,48
20,21,55,40,452,469,48
43,30,118,88,578,582,48
20,25,48,65,503,516,48
57,39,148,117,589,601,48
95,62,217,127,626,643,48
117,35,354,114,664,688,48
28,24,68,48,508,506,49
21,20,20,29,409,395,49
57,23,128,49,553,557,49
82,32,176,63,603,612,49
63,25,142,57,582,591,49
43,23,86,22,501,516,49
37,20,88,27,521,529,49
64,30,100,48,541,552,49
54,38,151,95,584,608,49
18,24,42,49,446,433,49
34,28,72,78,504,544,49
16,22,43,42,446,474,49
38,23,61,44,505,533,49
24,24,78,76,505,513,50
25,20,37,35,433,527,50
38,26,93,56,525,549,50
46,32,135,102,566,581,50
29,20,40,31,461,443,50
26,21,36,29,405,399,50
36,20,148,69,560,570,50
31,23,101,73,542,524,50
44,22,56,30,493,484,50
54,37,177,125,591,609,50
101,58,259,106,644,664,50
18,21,56,50,485,493,50
66,35,174,89,591,609,51
66,27,145,56,585,594,51
22,20,52,42,467,485,51
28,21,31,36,487,505,51
35,26,70,44,508,526,51
54,32,107,76,556,598,51
52,31,167,88,587,595,51
162,82,487,196,711,727,51
27,20,45,41,479,520,51
43,27,110,56,543,530,52
74,35,141,71,590,603,52
71,35,207,93,603,622,52
290,69,621,195,754,769,52
57,24,151,68,590,605,52
32,33,96,85,550,578,52
27,20,37,41,472,477,52
32,21,55,43,522,531,53
31,23,69,45,497,548,53
45,25,113,81,559,577,53
29,28,49,47,486,505,53
106,61,257,132,642,662,53
91,51,239,138,646,653,54
60,29,148,65,583,597,54
35,24,87,82,547,569,54
35,22,116,66,553,559,54
47,28,146,60,587,607,54
37,28,106,70,562,581,54
28,22,61,57,499,512,54
30,28,60,61,521,537,54
47,23,115,55,571,581,54
165,50,434,168,701,716,54
24,28,29,39,454,464,54
39,25,74,56,517,545,54
17,21,42,41,451,485,54
33,23,61,40,508,531,54
22,21,23,33,396,390,54
51,23,145,54,581,598,54
23,20,44,38,452,441,54
64,35,171,104,606,632,54
53,25,142,77,581,599,54
37,20,107,46,551,562,55
41,23,78,40,510,559,55
89,40,406,167,696,717,55
78,43,308,191,663,681,55
137,63,397,205,700,717,55
37,30,111,92,568,581,55
41,29,93,48,559,573,55
121,60,373,228,704,712,56
15,20,18,31,420,456,56
38,26,99,70,551,573,56
56,25,153,76,588,603,56
47,28,174,89,583,594,56
109,51,366,156,678,690,56
140,50,349,142,685,699,56
65,30,146,76,557,558,56
67,29,126,47,575,588,56
77,52,191,125,612,629,56
23,21,50,48,489,505,56
110,52,278,134,658,673,57
20,20,55,44,460,467,57
31,20,98,65,541,553,57
53,45,75,70,520,527,57
74,42,236,151,642,656,57
22,23,68,72,522,528,57
17,20,42,35,483,439,57
108,33,270,96,636,655,57
36,23,130,81,567,584,57
27,24,33,39,457,492,57
49,40,77,76,563,583,57
44,20,82,44,532,532,57
32,22,102,70,557,560,58
57,40,183,144,622,637,58
56,27,120,88,572,574,58
33,25,65,43,500,497,58
43,24,95,60,560,569,58
27,22,50,32,493,449,58
120,46,227,67,622,633,58
52,34,130,83,567,565,58
25,22,29,42,457,466,58
18,22,44,45,469,499,58
28,24,36,31,482,465,58
32,24,74,62,525,534,58
106,39,328,146,660,675,58
82,34,290,154,647,661,58
49,33,119,87,565,592,59
16,21,18,17,312,414,59
40,23,74,34,517,552,59
37,22,51,35,499,526,59
32,20,112,68,575,588,59
50,34,69,60,547,569,59
47,20,52,18,505,534,59
38,23,74,61,540,572,59
28,24,54,41,506,489,59
58,34,142,81,582,598,59
48,34,84,54,538,544,59
49,32,143,95,582,580,59
56,36,218,137,639,657,59
37,24,103,63,541,557,59
49,25,205,115,602,614,59
51,28,162,69,596,619,59
34,24,87,64,546,541,59
30,24,47,30,481,490,59
34,25,27,27,485,487,59
72,47,169,108,599,610,59
44,29,121,71,575,584,59
58,40,125,73,561,563,59
49,24,159,97,596,606,59
29,23,51,33,486,459,60
43,28,108,64,561,578,60
90,45,263,121,641,652,60
31,26,82,62,522,545,60
71,34,166,61,605,616,60
18,21,56,39,461,446,60
73,36,253,128,637,654,60
42,31,138,90,560,579,60
54,28,143,105,589,615,60
80,30,225,92,616,630,60
57,27,141,75,581,596,60
59,29,147,63,586,594,60
42,20,86,35,501,547,60
151,50,315,111,664,685,60
31,21,59,38,482,465,60
49,28,108,58,557,564,60
94,44,329,155,673,689,60
25,20,17,32,394,426,61
41,26,121,74,572,569,61
26,20,44,30,469,500,61
21,20,21,22,431,391,61
54,30,127,83,595,612,61
56,33,129,84,588,589,61
36,32,43,63,506,518,61
48,32,182,128,609,627,61
97,48,282,167,664,681,61
51,24,104,61,561,562,61
57,29,140,83,597,608,61
27,26,28,38,490,510,61
41,20,104,37,554,541,61
75,34,316,164,666,673,62
173,64,493,198,728,748,62
34,25,82,54,558,573,62
25,21,112,76,558,560,62
48,29,163,105,598,592,62
66,34,141,57,573,567,62
57,31,174,110,604,602,62
64,40,116,61,579,584,62
30,21,62,69,544,567,62
34,21,50,34,494,508,62
41,23,62,47,524,585,62
73,43,181,85,620,620,62
48,25,27,25,484,525,62
88,38,306,153,666,671,62
27,23,28,47,466,494,62
196,55,372,108,681,694,62
38,33,78,66,532,494,62
72,41,138,78,589,618,62
178,93,359,160,687,700,62
29,27,78,65,523,533,62
17,20,31,41,446,423,63
274,97,584,320,802,820,63
43,24,79,42,544,565,63
115,66,342,200,675,691,63
77,34,205,97,619,631,63
221,80,553,251,763,777,63
17,21,36,27,481,488,63
210,83,516,312,774,786,63
38,30,77,58,546,568,63
22,23,46,41,490,493,63
35,28,122,88,581,590,63
126,49,343,149,669,690,63
176,82,419,193,701,721,63
30,21,29,25,470,476,63
33,22,81,62,532,552,63
36,21,48,34,518,529,63
41,23,71,47,512,554,63
30,22,102,70,532,549,63
58,26,161,74,599,623,63
33,25,47,36,504,523,64
22,21,53,46,469,486,64
28,26,105,67,558,559,64
65,33,162,82,594,577,64
28,27,44,46,485,516,64
37,20,47,25,475,472,64
47,23,116,51,561,544,64
35,24,105,71,552,546,64
32,29,29,39,467,458,64
36,24,64,39,542,554,64
29,20,69,33,490,509,64
40,20,90,40,521,515,64
22,20,45,42,487,505,65
88,35,121,55,583,594,65
166,53,408,159,694,712,65
42,21,89,48,540,570,65
49,37,142,93,581,592,65
40,20,86,50,525,526,65
76,38,191,112,609,625,65
58,22,149,49,570,591,66
39,30,67,53,506,534,66
68,44,172,80,596,609,66
45,31,85,54,549,541,66
49,22,106,43,571,586,66
23,20,39,36,453,482,66
24,22,42,29,445,476,66
48,35,156,102,595,606,66
34,26,71,54,505,511,66
54,26,125,56,555,575,66
41,33,74,53,544,535,66
81,38,141,60,593,605,66
84,49,173,135,615,639,66
38,27,88,70,551,571,66
47,33,129,81,574,597,66
72,40,225,127,642,652,66
46,20,106,70,543,505,66
17,22,24,24,431,473,67
52,21,114,36,531,550,67
20,21,24,31,439,415,67
76,39,163,81,602,619,67
68,41,162,109,606,623,67
102,51,284,131,655,672,67
66,36,116,66,577,595,67
57,33,157,68,608,621,67
35,30,135,112,593,594,67
18,20,44,44,482,501,67
53,30,130,70,566,590,67
31,25,35,45,473,474,67
28,20,61,39,472,501,68
36,20,71,28,524,531,68
25,22,58,41,492,503,68
24,24,39,44,460,439,68
98,47,269,118,661,669,68
42,28,55,36,521,530,68
70,29,200,73,613,628,68
31,23,72,63,514,573,68
26,20,37,25,466,426,68
229,86,541,227,746,760,68
43,20,129,51,541,547,68
29,25,88,58,522,547,68
33,20,37,19,462,498,68
19,22,40,40,454,456,68
322,87,640,159,754,772,68
46,30,60,41,507,538,68
35,20,89,41,522,537,69
36,22,98,49,537,546,69
126,65,362,160,675,692,69
39,24,123,69,567,573,69
25,29,34,40,480,497,69
39,21,122,77,562,574,69
68,23,147,49,586,606,69
30,27,47,37,492,515,69
47,33,93,50,525,523,69
37,28,64,52,489,507,69
35,22,64,41,513,501,69
40,22,84,48,541,563,69
22,20,40,35,461,501,69
29,21,76,64,529,540,70
40,23,133,80,590,597,70
39,21,114,63,554,544,70
140,49,389,142,677,687,70
70,32,196,85,604,618,70
33,27,79,62,536,535,70
128,87,353,262,693,708,70
40,24,80,51,535,570,70
107,42,282,130,644,660,70
64,33,194,83,613,629,70
154,69,313,140,667,677,70
39,25,132,96,584,597,70
29,23,44,51,507,533,70
67,28,140,55,576,572,70
74,32,293,148,663,681,70
67,29,169,75,599,624,70
119,43,303,121,649,663,70
216,82,523,246,765,780,70
23,20,28,26,454,437,70
25,21,50,36,471,489,71
34,39,53,59,506,526,71
30,31,69,73,520,517,71
30,23,107,93,545,566,71
41,25,104,52,559,570,71
58,38,199,112,623,634,71
20,22,20,33,422,407,71
90,50,199,96,620,637,71
54,29,118,64,558,562,71
29,22,38,34,489,525,71
59,24,97,29,545,578,71
33,24,29,25,474,483,71
59,26,98,51,546,552,71
40,20,108,61,548,570,72
66,37,159,81,594,602,72
82,40,289,170,660,677,72
42,20,65,29,522,547,72
22,20,80,74,545,565,72
19,22,37,46,443,460,72
35,27,41,43,509,531,72
95,53,220,141,647,660,72
34,21,110,75,564,583,72
28,21,42,32,470,513,72
21,23,30,37,448,463,72
41,21,83,50,533,545,72
36,21,54,25,501,531,72
15,20,28,48,451,490,72
38,23,62,42,494,489,72
33,29,57,43,496,523,72
46,32,81,61,528,535,73
131,39,373,114,676,694,73
167,56,493,183,722,739,73
51,25,63,33,532,550,73
114,55,258,109,645,663,73
693,143,870,271,857,874,73
23,20,23,22,434,491,73
30,24,66,52,511,531,74
39,27,69,41,518,543,74
58,35,170,102,586,590,74
42,33,62,58,523,528,74
21,21,40,46,482,481,74
84,46,250,144,640,651,74
42,20,116,60,555,543,74
40,22,76,36,517,525,74
34,26,74,36,500,528,74
31,21,66,42,513,545,74
77,37,150,64,580,592,75
68,28,233,87,631,638,75
34,22,71,59,518,542,75
24,20,91,62,542,577,75
47,33,124,94,574,588,75
63,24,115,64,578,588,75
55,29,133,88,590,599,75
29,21,54,37,506,522,75
27,23,57,49,480,507,75
25,23,52,53,499,518,75
36,25,112,71,546,553,75
47,25,97,61,570,580,75
136,48,464,224,711,732,75
88,36,212,65,619,638,75
39,28,91,53,522,555,75
135,53,406,181,680,693,76
69,37,208,122,608,627,76
15,21,30,43,442,444,76
78,33,295,107,653,677,76
19,21,50,44,478,478,76
55,27,133,65,557,568,76
43,31,62,37,520,544,76
141,49,378,137,682,699,76
57,22,199,89,622,638,76
39,26,108,58,574,589,76
67,29,200,105,615,631,76
102,38,234,89,640,659,76
158,55,324,112,669,684,76
63,33,196,123,618,629,76
41,25,162,98,585,612,76
18,23,34,49,420,467,76
29,24,94,76,528,542,76
28,21,91,58,525,546,76
23,21,37,29,452,404,76
46,23,114,52,560,551,76
45,28,58,32,495,532,76
64,31,290,150,651,674,76
58,29,206,124,626,640,76
27,23,92,59,525,525,77
13,21,52,61,476,478,77
41,20,158,81,579,580,77
25,21,62,41,476,460,77
27,22,67,40,491,500,77
29,21,28,29,446,454,77
33,20,55,35,488,524,77
51,31,121,84,579,594,77
25,20,56,46,491,526,77
37,30,90,55,528,554,77
21,20,41,47,441,490,78
31,30,77,78,521,533,78
32,23,41,34,500,482,78
27,21,18,30,409,469,78
55,39,125,97,560,572,78
39,22,64,38,501,539,78
41,26,85,56,527,540,78
50,25,96,55,550,550,78
119,56,360,161,671,677,78
60,27,116,49,565,592,78
62,42,142,96,597,600,78
35,20,84,54,531,541,78
31,20,71,50,529,565,78
51,22,140,56,570,606,78
12,22,17,44,400,447,78
97,30,270,107,653,671,78
59,22,154,44,566,552,78
104,51,192,104,623,648,78
121,56,364,163,676,688,78
26,25,81,60,504,511,78
28,24,18,24,444,471,78
32,27,56,48,492,509,78
51,27,83,45,531,540,79
54,27,125,60,563,597,79
29,27,75,54,519,517,79
32,24,73,53,527,550,79
28,20,67,43,504,521,79
27,20,64,38,519,519,79
37,26,106,73,552,574,79
21,21,19,42,432,471,79
121,58,232,112,639,654,79
48,22,131,69,571,612,79
23,26,44,28,430,462,79
52,23,117,63,568,600,79
53,36,87,66,542,553,79
90,38,194,67,595,609,79
43,21,104,63,562,569,80
154,48,484,173,711,735,80
120,54,316,119,666,684,80
95,46,235,106,638,664,80
54,36,148,85,576,572,80
18,21,25,39,409,459,80
40,23,103,41,518,526,80
118,46,337,157,668,684,80
80,39,270,153,648,662,80
49,27,148,70,587,598,80
27,24,69,59,498,514,80
41,24,118,86,565,604,80
209,78,460,170,713,725,80
51,33,122,82,569,583,80
35,24,49,36,517,496,80
47,25,151,81,574,585,80
56,35,98,61,553,559,80
37,27,95,51,522,512,80
212,88,520,233,759,777,80
32,20,57,33,482,495,80
22,20,71,53,479,478,81
178,76,486,292,764,779,81
51,32,128,65,581,595,81
47,27,119,81,566,595,81
32,22,63,37,479,476,81
49,34,88,60,547,582,81
40,22,94,37,530,533,81
51,33,83,83,537,557,82
37,22,96,58,549,563,82
23,23,85,78,523,536,82
45,22,111,46,550,565,82
34,23,144,89,560,589,82
40,22,117,47,539,525,82
47,28,102,64,544,542,82
27,22,36,35,479,503,82
66,43,221,145,618,631,82
24,20,24,33,469,510,83
36,27,52,41,504,529,83
97,32,218,79,618,637,83
48,21,112,55,565,575,83
31,22,77,51,528,557,83
89,34,331,133,660,676,83
22,21,86,65,509,539,83
74,30,265,132,651,673,83
36,22,65,32,501,498,83
49,29,94,52,540,580,83
60,30,192,70,603,616,83
33,27,53,39,493,489,83
29,22,53,40,477,508,83
39,21,107,46,545,549,84
65,27,217,119,627,637,84
21,21,72,54,493,488,84
36,20,130,94,552,567,84
21,20,45,31,485,473,84
39,21,86,30,532,505,84
60,24,124,49,567,580,84
34,21,68,37,508,519,84
47,28,64,46,522,532,84
113,42,290,103,651,667,84
77,52,194,121,610,621,84
47,27,107,55,536,533,84
24,22,46,37,426,436,84
32,22,110,71,560,573,84
42,29,128,76,558,574,84
34,20,103,51,531,542,84
79,23,258,97,633,652,84
39,24,86,53,524,520,84
65,25,171,73,601,617,84
76,31,190,93,590,610,85
66,27,185,82,606,622,85
34,31,31,48,449,497,85
53,26,141,72,570,597,85
65,34,194,95,604,633,85
29,22,84,50,503,534,85
53,31,75,48,542,555,85
29,22,57,38,493,540,85
25,22,50,42,490,494,85
42,21,124,56,556,590,86
55,26,139,63,571,586,86
32,20,128,63,556,577,86
24,20,33,27,470,433,86
30,20,61,43,453,492,86
31,25,60,41,492,501,86
23,23,55,50,490,492,86
53,36,140,78,583,589,86
47,20,116,52,551,577,86
33,27,72,52,514,541,86
56,34,151,79,583,589,86
52,27,107,63,525,584,86
18,22,27,34,444,475,86
21,20,51,36,447,460,86
34,21,53,38,515,522,86
20,21,43,48,458,474,86
30,20,62,22,486,492,86
46,25,195,97,601,610,87
48,29,99,69,549,562,87
47,22,78,28,526,552,87
31,21,64,52,465,489,87
45,29,99,58,537,561,87
33,21,78,44,510,524,87
50,26,103,55,549,560,87
80,53,232,138,632,648,87
50,28,120,64,547,561,87
27,22,59,55,494,492,87
47,26,117,75,563,575,87
39,22,90,45,515,542,87
44,21,84,44,542,574,87
29,20,47,34,461,461,87
120,59,292,167,665,679,87
63,30,152,85,585,606,88
133,54,347,126,672,693,88
32,24,136,91,546,572,88
52,29,150,49,578,578,88
58,29,167,66,577,576,88
26,22,30,33,440,497,88
56,26,143,53,572,575,88
47,28,113,89,560,591,88
63,41,175,112,612,615,88
38,25,105,45,524,542,88
89,56,175,97,606,622,88
43,23,96,70,549,578,88
70,45,182,80,597,602,88
56,21,147,64,585,630,88
21,22,49,52,480,526,88
37,22,103,37,522,530,89
52,31,146,88,581,599,89
158,62,453,267,723,743,89
30,22,87,70,525,542,89
48,28,110,58,559,573,89
39,27,61,39,499,518,89
33,27,64,45,472,502,89
50,36,81,63,531,555,89
36,21,140,72,567,592,89
34,20,81,35,507,522,89
24,28,22,50,422,452,89
37,25,87,63,543,546,89
34,25,69,42,512,544,89
43,21,82,34,535,557,89
29,21,47,39,493,477,89
20,20,60,51,481,519,89
45,32,107,93,575,598,89
30,21,42,26,450,450,89
39,34,81,76,534,550,89
63,33,151,80,595,623,89
57,27,141,74,583,593,89
37,28,78,45,506,546,89
36,36,73,61,494,518,89
34,24,50,37,470,491,89
47,31,152,82,581,593,90
35,29,81,58,511,539,90
45,29,143,74,567,563,90
59,29,123,38,544,562,90
42,24,111,90,568,578,90
32,30,72,57,468,499,90
31,21,62,35,489,496,90
30,21,50,49,461,495,90
207,92,491,222,725,740,91
46,23,61,40,519,545,91
42,20,56,32,500,492,91
45,29,57,46,502,509,91
43,23,79,48,519,565,91
62,36,112,59,558,580,91
19,20,17,34,377,456,91
24,20,44,36,464,484,91
115,34,368,156,684,696,91
87,27,322,94,646,663,91
53,28,97,44,548,552,91
22,20,47,40,455,485,91
74,42,180,111,605,628,91
30,20,84,59,516,512,91
47,26,73,44,491,506,91
36,24,137,83,574,582,91
47,34,99,64,537,550,91
22,23,39,37,470,487,91
27,22,49,36,444,492,91
20,22,13,32,362,459,91
39,25,80,45,513,506,91
21,23,49,46,487,511,92
24,22,39,31,444,406,92
27,22,42,33,439,458,92
34,23,85,63,514,537,92
50,37,105,84,550,558,92
38,26,95,62,536,535,92
52,32,105,74,564,584,92
30,21,73,45,485,490,92
28,23,68,59,515,538,92
35,22,106,68,541,551,92
48,32,100,57,546,558,92
46,26,173,85,596,615,92
41,20,100,52,540,561,92
79,48,216,118,640,659,93
129,48,389,184,693,713,93
30,23,68,38,494,519,93
29,22,80,40,503,523,93
31,20,75,51,518,513,93
40,27,85,41,524,542,93
25,25,88,76,523,538,93
79,47,187,105,609,632,93
38,20,56,39,489,502,93
92,37,210,76,621,640,93
33,20,42,26,462,501,93
74,37,198,106,622,628,93
42,26,54,42,501,524,93
33,20,82,35,514,449,93
57,36,124,82,563,574,93
27,21,90,57,525,533,93
24,20,40,35,456,489,93
51,31,132,78,573,598,93
59,32,125,66,579,589,93
47,23,115,49,541,567,94
68,39,177,120,612,625,94
39,25,131,90,573,593,94
52,36,142,82,567,613,94
51,26,143,75,581,601,94
61,26,211,88,604,608,94
50,24,160,72,595,619,94
20,20,23,41,389,486,94
22,21,58,48,487,540,94
167,76,392,187,693,712,94
31,22,99,76,521,550,94
20,23,26,37,421,427,94
36,28,88,71,553,585,94
45,34,66,54,506,539,95
50,24,153,76,602,610,95
146,76,361,202,676,685,95
45,31,84,53,540,536,95
43,22,43,19,502,517,95
69,33,174,92,595,607,95
91,41,246,110,630,656,95
107,51,341,195,682,701,95
209,78,514,241,748,758,95
62,23,142,71,566,571,95
133,69,351,150,670,681,95
107,46,435,222,703,719,95
33,23,86,44,525,542,95
25,25,58,59,466,466,95
14,24,17,42,422,462,95
33,25,77,59,500,514,95
49,40,119,88,571,575,95
53,31,152,93,574,600,95
49,31,106,81,560,579,96
69,27,188,83,595,608,96
45,28,92,45,522,533,96
35,24,85,52,515,535,96
75,32,174,66,597,607,96
47,34,115,87,578,589,96
37,24,54,34,523,547,96
33,22,64,56,515,551,96
39,20,62,24,507,492,96
34,22,86,55,527,549,96
36,25,81,76,537,552,96
47,24,54,25,488,498,96
26,23,69,55,496,525,96
61,23,163,74,590,605,96
124,57,295,119,653,668,97
34,23,113,55,533,525,97
39,21,76,34,509,535,97
30,22,43,25,452,461,97
23,21,54,52,494,481,97
56,29,159,95,592,609,97
46,25,132,75,599,624,97
44,32,92,66,555,567,97
38,22,97,44,530,510,97
46,23,109,45,564,559,97
34,32,58,53,500,525,97
37,26,107,86,549,569,97
111,41,240,84,629,631,97
510,84,924,189,788,805,97
35,28,72,82,525,547,97
34,20,83,42,522,537,97
73,48,162,120,612,624,97
41,26,63,39,506,533,97
82,46,191,106,613,639,97
30,20,67,56,527,552,98
25,22,71,52,493,507,98
30,23,55,53,509,529,98
34,20,79,52,524,542,98
105,59,354,236,676,685,98
40,29,77,51,517,530,98
86,56,197,101,603,612,98
34,26,60,39,498,520,98
116,40,335,112,656,672,98
35,25,84,51,547,538,98
44,23,98,45,517,542,98
66,26,137,57,576,595,98
26,29,53,63,479,498,98
36,28,67,41,518,524,98
73,34,179,80,614,627,98
20,21,27,24,449,446,98
43,27,122,74,545,550,98
29,27,51,59,499,507,99
47,25,60,32,503,511,99
35,21,76,39,508,539,99
54,39,151,121,594,609,99
29,24,42,26,466,491,99
31,23,73,39,513,515,99
35,21,82,54,488,492,99
43,23,72,37,510,526,99
43,22,114,59,556,567,99
29,20,83,43,500,496,99
51,27,99,34,546,561,99
44,22,62,42,511,554,99
18,20,34,16,414,404,99
31,22,84,40,496,480,99
34,23,113,56,552,565,99
36,27,95,58,534,548,99
49,27,97,57,561,572,99
49,22,122,43,545,580,99
112,45,247,97,635,646,99
39,21,135,44,529,545,99
48,29,116,58,560,570,100
37,20,96,38,530,561,100
36,20,125,50,570,561,100
13,22,22,50,429,471,100
35,21,61,36,480,502,100
33,20,56,29,483,498,100
45,21,94,38,532,544,100
32,26,59,50,491,518,100
39,21,101,61,547,564,100
38,20,92,37,534,533,100
58,37,141,73,579,591,101
57,26,107,43,549,562,101
53,21,119,38,535,539,101
72,29,238,115,639,642,101
31,21,142,97,547,569,101
36,23,121,83,547,566,101
27,20,51,50,457,465,101
44,29,102,58,546,539,101
35,25,69,41,493,513,101
24,24,84,70,532,553,101
35,24,100,37,498,502,101
53,22,159,53,587,604,101
44,29,113,74,540,533,101
47,23,167,71,573,587,101
182,68,443,156,694,710,101
79,25,297,107,638,641,101
43,21,52,25,482,478,101
69,33,219,108,606,611,101
83,46,222,146,629,646,101
46,22,124,74,561,581,101
54,24,87,47,547,533,101
80,36,324,176,675,695,102
34,25,120,98,567,591,102
33,21,40,25,468,484,102
52,31,167,100,586,608,102
123,50,398,180,694,709,102
26,22,84,74,537,557,102
23,24,61,62,499,520,102
72,31,155,54,593,615,102
52,24,87,36,538,561,102
41,22,64,31,501,517,102
22,26,53,80,525,542,102
54,24,154,54,583,594,103
35,37,65,59,503,525,103
88,28,217,92,631,651,103
30,24,47,35,486,527,103
66,27,176,83,599,617,103
32,21,62,40,501,518,103
28,23,58,34,478,483,103
62,36,163,75,593,607,103
36,25,59,54,503,557,103
34,22,72,38,499,518,103
33,33,83,72,512,531,103
30,20,59,30,513,510,103
28,24,73,58,490,503,103
41,25,118,67,573,582,103
31,26,73,55,502,500,104
74,27,292,139,637,647,104
54,28,188,119,616,627,104
42,25,105,63,541,515,104
38,30,44,28,487,478,104
9,22,17,41,400,355,104
47,34,137,95,593,607,104
61,39,185,137,613,631,104
47,38,72,75,520,531,104
24,21,105,90,541,544,104
45,26,128,70,581,586,104
29,21,84,51,502,514,104
51,21,142,73,567,564,104
41,24,88,57,548,558,104
94,35,241,79,624,634,104
128,42,409,152,684,695,105
35,26,95,59,542,562,105
19,24,56,51,436,471,105
157,63,464,181,706,724,105
51,30,151,76,587,604,105
46,24,88,61,559,587,105
58,33,173,116,607,614,105
24,22,70,48,513,523,105
24,27,46,54,480,569,105
120,45,281,98,653,666,105
15,23,30,50,421,414,105
53,32,185,116,614,623,105
42,33,89,79,544,556,105
175,42,440,138,691,705,105
46,21,104,39,520,513,105
39,26,115,68,567,583,105
31,24,46,57,483,487,105
32,20,66,40,491,540,106
44,26,103,59,532,552,106
45,22,120,52,543,533,106
97,39,289,139,656,676,106
33,26,82,73,496,561,106
58,27,169,90,599,617,106
57,28,56,54,515,547,106
61,22,115,51,562,604,106
94,44,298,129,649,671,106
24,24,48,44,504,537,106
24,20,40,31,497,480,106
34,20,32,29,472,462,106
101,47,405,266,721,737,106
46,28,112,92,564,575,106
57,32,179,92,619,640,106
46,25,167,112,593,594,106
43,21,175,86,597,610,107
143,58,456,205,717,731,107
42,23,123,61,566,559,107
73,48,131,60,581,596,107
30,26,54,51,498,489,107
87,41,338,200,676,694,107
76,36,197,85,611,632,107
39,32,125,87,569,588,107
81,34,223,79,624,626,107
237,51,659,184,742,763,107
28,20,60,57,512,524,107
98,49,318,128,664,683,107
131,52,375,168,671,692,107
41,21,190,108,590,620,107
221,67,553,178,741,757,107
24,21,39,33,427,421,107
98,42,311,172,668,689,107
42,33,71,58,546,565,107
176,78,420,185,706,725,107
125,63,311,152,664,682,107
45,32,64,69,531,563,107
32,23,50,25,472,507,108
56,39,196,137,623,643,108
30,21,113,72,541,543,108
35,20,103,58,558,554,108
58,37,231,145,641,650,108
39,28,140,93,586,593,108
521,130,753,233,821,842,108
436,125,644,268,801,818,108
141,56,289,103,651,669,108
27,21,59,46,487,524,108
41,24,80,51,512,542,108
67,39,162,90,594,609,108
30,26,54,61,499,524,108
30,23,66,48,516,533,108
356,102,621,314,826,840,108
38,23,129,62,558,567,109
350,80,769,327,844,857,109
46,25,143,77,578,591,109
202,61,419,115,691,711,109
267,97,496,252,759,773,109
54,24,105,57,565,600,109
51,28,144,81,585,606,109
524,99,851,175,818,834,109
389,126,750,187,777,794,109
53,24,143,58,588,605,109
37,21,61,32,516,552,109
61,23,202,76,617,626,109
118,51,211,121,628,647,109
40,21,104,44,530,546,109
54,27,138,65,579,588,109
28,22,111,57,530,529,110
29,24,73,55,544,501,110
82,37,172,74,601,623,110
46,40,74,54,508,529,110
55,34,115,80,564,577,110
82,32,232,94,620,632,110
31,22,95,45,529,527,110
35,34,116,91,557,570,110
24,22,76,46,489,510,110
20,20,60,37,500,519,110
50,20,110,49,528,512,110
20,22,59,49,454,468,110
37,27,116,64,542,555,110
53,26,87,49,535,564,110
100,47,253,141,644,660,110
29,20,81,59,537,559,111
48,25,80,49,524,551,111
20,22,46,37,437,466,111
108,47,380,226,693,707,111
64,47,85,82,555,588,111
59,24,212,92,613,621,111
64,39,160,72,577,574,111
22,23,43,41,438,468,111
44,29,98,61,547,565,111
104,44,278,89,637,647,111
81,52,234,143,641,653,111
67,31,265,114,627,650,111
416,109,673,283,835,849,111
85,42,318,153,663,677,111
22,27,24,37,430,364,111
27,22,94,51,506,557,111
46,25,100,46,545,537,111
55,23,140,74,575,595,111
20,21,84,73,500,501,111
23,20,55,55,519,544,111
65,38,155,94,610,606,112
21,22,59,55,482,469,112
54,23,236,101,633,655,112
18,27,30,44,392,403,112
41,25,103,56,554,583,112
51,31,167,74,591,599,112
58,30,132,63,571,575,112
28,21,50,47,488,524,112
31,21,62,37,484,502,112
17,21,29,35,420,459,112
48,24,132,81,568,617,112
50,21,144,84,576,585,113
27,20,46,25,489,480,113
23,22,46,49,476,498,113
33,26,50,46,492,521,113
260,62,600,162,740,755,113
43,29,45,46,477,541,113
47,20,134,51,561,571,113
48,30,171,111,588,610,113
31,27,50,46,482,482,113
18,20,18,34,396,447,113
110,49,264,132,653,675,113
88,53,212,131,629,652,113
49,23,120,51,554,534,113
50,21,90,40,535,556,114
65,39,151,103,588,610,114
23,21,82,58,500,509,114
48,23,150,76,591,596,114
34,22,99,56,534,545,114
299,67,642,194,788,804,114
163,47,313,106,660,679,114
24,20,79,63,512,527,114
43,21,80,39,540,559,114
175,61,466,177,715,728,114
88,34,178,64,609,630,114
130,66,305,129,657,673,114
41,23,59,31,475,540,114
27,21,90,66,530,512,114
40,20,71,34,544,571,114
38,22,123,67,567,581,114
155,58,510,221,717,737,114
62,41,194,118,615,623,114
48,32,108,50,549,571,115
75,46,171,88,599,614,115
19,21,64,61,469,474,115
115,45,382,182,684,697,115
22,29,35,60,497,540,115
25,22,39,37,392,350,115
33,23,109,50,524,532,115
42,29,112,75,549,562,115
28,22,75,69,534,548,115
56,32,177,114,586,611,115
33,26,73,55,525,533,115
50,35,87,61,532,553,115
112,54,281,161,653,672,115
27,20,60,47,499,518,115
78,40,144,93,589,608,115
30,30,74,53,511,527,115
70,35,126,79,575,580,115
87,42,196,102,606,626,115
40,21,73,31,503,527,115
79,41,139,81,574,629,115
15,24,24,45,425,471,115
63,44,161,82,587,604,116
87,33,123,42,583,601,116
45,39,54,66,508,545,116
42,20,112,47,559,575,116
21,23,24,37,422,464,116
54,32,94,54,548,568,116
25,21,55,27,470,462,116
72,52,196,123,601,620,116
27,21,84,50,510,505,116
30,23,63,42,503,538,116
24,20,39,34,456,473,116
499,146,712,270,806,821,116
129,66,346,193,681,695,116
99,52,161,79,586,589,116
81,37,243,140,639,660,116
21,21,50,58,519,529,116
95,37,245,135,629,648,117
33,25,131,94,582,607,117
65,34,233,130,630,652,117
27,24,42,47,467,468,117
25,21,98,83,544,570,117
130,68,319,189,680,699,117
139,53,415,128,690,717,117
63,29,164,82,592,611,117
23,22,40,32,451,471,117
245,67,573,174,737,749,117
108,38,185,72,626,641,117
213,87,478,256,739,755,117
251,79,506,209,730,745,117
18,25,15,33,418,426,117
21,21,57,49,486,450,117
14,21,37,65,453,536,117
41,35,76,85,518,537,117
90,45,282,146,643,657,117
39,24,116,66,563,586,117
28,20,71,56,514,502,117
25,29,56,59,469,495,117
30,25,69,64,513,546,117
45,31,69,54,526,547,117
31,24,51,34,469,502,117
58,32,160,80,596,618,117
29,25,70,51,524,526,118
36,28,54,46,492,513,118
72,36,235,152,644,664,118
58,39,127,81,563,596,118
39,20,59,39,509,485,118
57,34,168,103,581,590,118
43,43,84,82,545,574,118
129,44,374,142,675,696,118
52,22,139,46,569,580,118
50,24,101,37,533,555,118
99,47,262,110,646,662,118
27,21,40,22,422,474,118
17,22,44,56,482,504,118
68,36,153,97,593,600,118
38,22,68,37,518,548,118
114,53,308,145,665,688,118
216,61,555,230,778,795,119
83,36,210,114,622,641,119
223,76,544,216,745,761,119
111,58,285,153,663,681,119
146,59,449,273,728,748,119
39,23,43,34,490,553,119
37,21,103,59,544,555,119
115,46,315,170,673,694,119
54,32,110,61,555,576,119
24,27,63,58,484,506,119
35,36,37,52,502,529,119
43,25,100,66,544,536,119
47,26,95,43,543,560,119
186,67,501,244,748,766,119
59,30,153,81,595,605,119
55,21,175,59,594,599,119
61,26,214,88,616,630,119
62,40,142,89,581,599,119
136,49,346,147,676,693,119
71,34,271,137,655,673,119
78,43,229,108,624,659,119
60,21,158,63,570,595,119
191,93,420,173,692,707,119
179,61,494,154,712,729,119
48,21,148,68,576,605,120
45,24,135,55,559,579,120
56,27,158,48,560,550,120
37,22,83,41,504,501,120
23,22,55,43,471,472,120
16,21,51,40,484,504,120
58,45,140,86,568,581,120
36,24,84,70,545,570,120
29,24,56,46,509,481,120
28,24,63,52,470,513,120
62,31,95,55,544,583,120
24,26,91,73,536,540,120
16,20,34,48,467,516,120
37,27,61,42,497,523,120
21,20,29,41,452,460,121
28,30,55,65,483,534,121
32,22,31,32,403,466,121
77,48,166,113,591,618,121
27,22,44,57,487,546,121
38,23,111,58,538,561,121
35,22,45,32,444,399,121
39,21,102,43,550,565,121
20,20,39,46,473,480,121
38,34,65,62,519,549,121
19,22,20,40,345,433,122
116,40,272,99,646,669,122
42,29,70,53,516,535,122
67,25,205,90,611,626,122
42,27,111,60,520,530,122
27,20,54,45,492,461,122
49,38,129,111,600,617,122
495,123,757,233,818,832,122
48,22,97,56,566,582,122
58,20,150,63,579,596,122
21,25,62,63,504,501,122
20,20,21,32,410,476,122
28,21,111,65,549,554,122
705,151,916,138,819,836,122
41,33,124,92,559,566,122
18,22,50,51,465,512,122
32,21,63,32,484,498,122
64,43,144,102,590,606,122
62,26,253,142,642,664,122
43,28,74,43,504,536,122
23,24,32,31,459,467,123
37,26,73,54,502,528,123
75,48,176,114,617,638,123
250,81,595,321,816,831,123
257,76,543,216,761,774,123
102,62,275,169,645,663,123
28,20,91,46,526,547,123
44,25,123,62,552,581,123
48,26,124,64,565,578,123
305,72,662,172,768,788,123
52,29,195,87,596,601,123
31,27,78,63,503,539,123
22,27,37,52,472,509,123
30,22,51,40,490,516,123
35,28,56,42,477,476,124
26,20,47,46,479,525,124
32,25,74,47,504,530,124
51,27,117,61,559,568,124
36,29,80,50,513,526,124
24,20,42,37,480,507,124
30,20,63,46,509,468,124
35,27,75,55,494,519,124
25,27,112,82,561,570,125
24,24,44,50,470,535,125
58,26,189,95,606,644,125
63,37,157,93,577,606,125
135,57,371,189,684,699,125
20,22,35,40,486,487,125
24,20,41,21,445,432,125
51,29,147,66,571,561,125
44,22,115,38,534,554,125
41,26,98,58,522,531,125
53,38,151,120,582,599,125
21,21,25,29,425,429,125
56,26,138,60,568,599,125
55,27,209,89,599,612,125
24,23,83,78,521,550,125
22,22,84,42,521,523,125
40,23,64,47,519,536,125
58,24,128,65,558,582,126
38,27,99,46,527,527,126
67,34,161,78,574,597,126
66,34,191,82,595,602,126
27,22,49,41,502,530,126
46,31,173,119,591,605,126
59,32,129,75,569,585,126
26,21,44,42,457,513,126
49,22,107,55,545,547,126
61,23,148,41,568,593,126
34,22,72,32,477,463,126
32,22,88,45,501,515,126
35,25,54,39,470,454,126
45,25,107,56,546,579,126
29,26,75,51,499,539,126
41,21,82,43,541,553,126
54,26,133,59,567,578,126
26,23,59,42,460,475,126
45,24,136,73,567,585,127
36,26,127,89,563,582,127
26,24,103,91,562,582,127
37,33,101,94,553,568,127
48,22,92,47,519,514,127
52,33,125,83,564,580,127
35,21,70,44,515,528,127
153,50,330,94,661,677,127
26,21,43,45,475,509,127
253,59,660,167,774,793,127
30,29,61,51,486,510,127
31,21,61,48,502,500,127
33,22,95,53,519,531,127
194,61,453,151,697,716,127
37,26,92,41,514,517,127
16,22,19,34,398,369,127
53,23,126,62,554,569,127
39,22,87,47,515,545,128
57,28,183,94,592,599,128
88,41,187,66,598,619,128
27,27,74,65,537,554,128
31,22,59,29,491,526,128
51,26,134,78,565,583,128
23,22,54,48,478,470,128
49,31,82,49,521,540,129
25,22,93,66,532,549,129
47,28,136,85,584,600,129
15,20,29,33,416,403,129
47,32,103,83,557,606,129
33,20,62,52,511,544,129
35,30,76,54,521,542,129
90,35,269,116,638,644,129
81,41,216,120,640,640,129
48,35,115,83,575,605,129
48,27,133,77,561,569,129
21,20,25,42,465,517,129
30,24,105,75,555,577,129
58,40,131,92,581,586,129
31,21,82,50,501,535,129
36,27,84,69,531,535,129
62,29,137,66,582,590,129
26,28,64,69,534,558,129
26,23,45,39,469,499,129
42,33,75,57,517,508,129
53,31,170,97,595,616,130
62,27,128,53,558,596,130
45,33,96,65,548,564,130
30,27,41,37,476,486,130
32,20,91,80,544,562,130
116,48,317,139,678,700,130
55,26,111,59,546,566,130
76,46,300,192,668,683,130
13,21,28,57,416,447,130
27,22,95,66,533,538,130
18,21,20,30,442,432,130
39,20,57,34,500,512,131
56,26,140,58,572,585,131
39,23,91,59,555,553,131
30,23,64,39,504,506,131
35,26,80,53,534,542,131
55,32,127,119,589,614,131
33,26,84,69,544,555,131
47,20,119,47,546,550,131
29,23,98,75,551,549,131
68,34,173,91,597,624,131
83,36,160,68,587,605,131
30,26,83,79,536,559,131
40,32,63,55,500,497,131
73,37,235,149,634,647,131
27,25,57,56,535,547,132
19,20,46,34,469,457,132
75,35,233,130,637,649,132
50,28,135,72,561,579,132
40,20,51,32,490,512,132
34,20,94,48,530,513,132
70,41,120,51,573,585,132
231,57,567,235,760,775,132
36,23,71,27,513,525,132
30,29,43,53,513,531,132
34,21,54,44,513,563,132
199,69,464,151,695,715,132
229,82,519,187,709,725,132
55,20,117,39,564,569,132
39,23,87,45,532,530,132
93,32,201,79,623,642,132
234,81,535,174,721,739,132
93,57,195,127,611,625,132
45,23,95,38,531,520,133
63,32,176,98,603,633,133
52,24,130,69,586,595,133
30,20,87,44,534,466,133
34,22,53,36,512,513,133
106,46,315,143,656,678,133
24,22,20,32,473,498,133
37,20,103,49,525,543,133
18,23,59,55,482,513,133
49,31,80,51,539,522,133
55,33,91,39,549,559,133
42,24,62,29,512,509,133
79,51,212,107,629,647,133
56,25,139,84,576,592,133
39,25,98,75,541,557,133
54,20,138,53,562,580,134
44,30,80,59,525,552,134
117,70,303,200,667,686,134
36,20,91,76,551,584,134
32,22,38,31,485,445,134
16,21,24,39,443,481,134
18,20,27,41,442,508,134
46,20,67,37,502,525,134
31,20,67,31,497,454,134
30,25,62,49,504,537,134
40,26,64,34,516,539,134
56,29,136,61,567,582,134
34,20,114,59,545,555,134
32,27,96,82,560,548,134
41,21,81,46,529,552,134
30,26,48,52,518,523,135
71,30,194,69,594,596,135
16,20,54,46,485,483,135
30,21,106,90,570,586,135
32,20,82,44,520,544,135
32,20,66,41,518,542,135
68,25,252,128,640,656,135
39,25,93,48,541,555,135
73,34,183,104,614,634,135
56,33,114,84,573,595,135
52,30,93,53,563,588,135
57,27,122,63,568,580,136
33,22,74,40,499,521,136
39,34,34,32,469,474,136
62,27,116,43,548,570,136
35,27,118,73,576,593,136
48,28,111,73,563,564,136
123,34,435,147,689,703,136
41,24,116,71,561,583,136
33,25,50,35,465,486,136
52,40,50,52,496,504,136
45,29,61,36,507,484,136
33,27,109,94,544,575,136
80,34,157,72,599,612,136
42,27,99,43,550,541,136
31,25,72,51,513,530,136
41,21,94,54,537,566,137
54,25,171,51,572,557,137
57,25,153,57,582,600,137
37,23,134,55,558,570,137
87,39,282,158,653,671,137
87,39,267,114,642,656,137
39,20,129,88,568,586,137
38,26,87,72,563,583,137
30,20,67,35,498,509,137
23,20,79,46,527,546,137
33,20,48,43,470,468,137
33,22,38,24,480,503,137
62,39,126,71,565,581,137
45,20,70,30,517,543,137
53,26,105,68,560,586,137
47,20,61,38,518,552,137
42,20,113,50,552,550,137
33,21,90,46,517,511,137
45,22,97,42,557,545,137
44,21,84,53,543,541,138
104,47,234,101,642,659,138
42,20,68,38,510,562,138
346,86,633,221,794,808,138
43,24,94,51,533,523,138
48,21,72,35,510,532,138
84,46,284,181,675,692,138
71,35,167,65,605,622,138
22,20,85,80,537,557,138
270,72,540,154,729,750,138
30,24,117,104,546,561,138
34,22,116,84,575,586,139
36,24,232,122,631,644,139
36,20,95,40,529,554,139
30,25,89,62,536,536,139
38,29,88,63,542,548,139
50,34,92,69,537,563,139
30,22,42,36,472,463,139
47,29,134,81,566,590,139
45,20,96,36,554,586,139
48,35,79,65,527,551,139
42,21,70,42,501,531,139
34,27,61,43,503,527,139
62,49,145,131,590,602,139
28,23,56,45,502,528,139
123,57,399,209,699,714,139
36,22,73,40,520,513,139
69,34,179,86,605,636,139
32,21,102,60,554,575,139
41,36,50,56,507,545,140
15,20,23,45,459,468,140
65,23,208,79,609,629,140
38,24,81,51,516,556,140
37,20,93,53,515,543,140
33,21,71,47,527,553,140
103,56,328,209,677,694,140
33,26,43,62,509,529,140
29,20,34,26,489,486,140
35,25,58,55,509,543,140
49,33,135,90,574,576,140
45,29,151,96,573,594,140
38,26,114,52,535,523,140
33,25,52,45,507,529,140
155,65,402,230,707,723,140
43,21,93,43,524,528,140
58,28,175,86,602,624,140
32,22,43,27,463,490,140
80,43,188,136,610,633,141
21,23,25,37,447,429,141
53,38,145,100,581,603,141
36,28,115,77,573,598,141
27,20,52,28,494,493,141
31,26,58,39,493,486,141
28,21,81,62,530,530,141
33,27,67,39,505,535,141
31,20,83,58,527,520,141
36,25,103,67,551,583,141
29,20,27,25,474,488,141
135,51,371,136,682,700,141
98,38,188,83,614,633,141
25,26,17,44,405,489,141
37,25,96,56,520,547,141
444,108,712,182,797,818,141
225,84,518,262,759,776,141
80,41,206,101,614,627,141
116,69,223,155,651,671,141
740,123,924,275,853,871,141
28,21,25,21,443,465,141
63,43,176,119,599,618,141
35,21,55,34,461,466,141
27,20,46,36,452,474,142
48,27,93,55,550,568,142
529,87,909,154,834,854,142
142,63,327,138,666,676,142
399,75,783,186,799,815,142
36,20,70,35,486,522,142
31,27,70,47,497,497,142
68,29,145,72,592,602,142
165,55,522,193,732,748,142
39,25,59,58,498,559,142
10,21,29,48,338,359,142
52,26,135,68,566,563,142
57,26,153,90,587,619,143
34,31,72,67,519,534,143
115,51,322,148,671,684,143
42,30,80,63,518,553,143
21,21,26,29,417,424,143
31,30,93,69,514,521,143
18,30,21,45,429,442,143
411,111,624,257,822,839,143
189,58,468,142,700,718,143
47,29,159,97,568,588,143
104,49,258,145,651,670,143
38,38,58,66,527,545,143
26,26,34,34,478,474,143
246,58,630,137,752,773,144
101,59,220,137,626,643,144
38,21,77,39,506,517,144
50,28,125,95,577,611,144
36,27,119,83,565,579,144
33,20,64,41,508,505,144
74,23,198,81,615,628,144
28,20,83,61,514,550,144
30,23,25,29,446,487,144
43,24,99,48,542,564,144
29,21,24,27,421,411,144
46,23,155,60,579,589,144
32,22,79,59,527,553,144
78,45,191,111,617,638,144
35,27,145,83,568,581,144
23,21,37,24,462,489,144
63,22,87,31,535,571,145
30,21,65,48,514,524,145
68,41,214,111,622,645,145
41,21,122,69,568,568,145
25,30,36,54,473,450,145
18,21,44,46,483,484,145
34,23,85,51,550,570,145
41,31,94,59,541,561,145
40,20,87,56,531,549,145
63,26,140,43,588,590,145
61,26,82,44,553,584,146
23,24,71,38,517,520,146
33,21,110,68,572,576,146
52,46,87,83,552,571,146
19,21,33,28,428,444,146
92,44,280,133,642,663,146
49,30,100,62,553,564,146
49,24,94,39,538,560,146
38,22,100,48,526,548,146
51,33,141,65,582,596,146
37,20,109,55,520,532,146
30,23,49,46,490,517,146
37,24,40,26,480,506,146
53,23,145,47,577,569,146
80,53,216,148,618,641,146
55,36,147,71,583,581,146
28,24,112,65,539,543,146
21,20,50,43,486,529,146
41,24,90,46,526,540,146
24,22,69,58,491,520,146
54,33,179,98,613,615,146
18,22,63,62,520,516,146
34,21,80,30,501,548,146
58,32,142,81,550,583,146
155,40,437,114,700,719,147
29,20,53,50,511,520,147
61,40,164,128,595,605,147
36,25,91,53,550,569,147
32,20,72,58,495,514,147
34,21,115,67,550,577,147
53,31,130,74,565,573,148
22,26,30,35,459,464,148
71,42,181,110,606,623,148
102,40,251,118,636,653,148
37,27,141,101,577,594,148
69,46,293,190,656,672,148
30,25,64,66,517,528,148
71,39,254,162,645,662,148
51,25,110,57,558,557,148
112,45,275,101,649,658,148
21,24,41,62,458,513,148
56,28,185,111,613,617,148
27,31,39,46,477,517,148
46,28,154,85,581,584,148
20,30,32,60,478,480,148
90,41,337,156,670,682,148
32,22,56,29,483,474,148
20,20,46,30,430,415,148
78,42,165,81,606,618,148
44,28,123,80,558,576,148
43,26,116,55,559,578,148
42,25,83,39,512,485,148
32,22,31,36,496,517,149
156,72,455,224,718,738,149
31,22,76,55,518,549,149
85,41,148,71,580,598,149
36,30,107,74,537,557,149
48,26,172,96,604,631,149
32,22,74,39,521,527,149
40,22,160,73,587,610,149
35,24,135,97,578,608,149
45,24,83,41,525,551,149
47,23,75,44,529,539,150
44,21,111,39,549,569,150
23,20,53,27,480,493,150
44,36,93,73,543,528,150
32,21,72,31,500,509,150
20,23,64,62,519,548,150
48,23,128,75,578,606,150
66,28,122,53,558,571,150
37,27,64,49,525,549,150
17,20,31,44,443,510,150
40,22,120,47,560,560,150
42,21,69,38,490,514,150
40,24,106,58,542,559,150
50,28,135,65,586,595,150
38,29,163,105,595,607,150
72,34,210,127,626,649,150
31,26,68,58,511,531,150
122,52,296,141,659,668,150
27,20,70,54,538,562,151
26,26,79,72,513,563,151
28,20,75,38,482,509,151
78,32,200,85,615,630,151
31,20,59,39,479,481,151
36,29,101,80,561,573,151
58,25,145,72,572,594,151
32,20,45,40,505,516,151
41,26,80,48,515,539,151
53,29,160,102,588,613,152
35,21,94,58,522,528,152
19,20,26,32,460,436,152
152,49,340,77,663,678,152
75,29,251,100,637,648,152
48,25,127,72,551,554,152
31,24,92,54,527,534,152
35,25,82,44,518,529,152
55,42,109,82,559,569,152
81,45,197,131,628,638,152
16,20,23,32,394,415,152
29,25,73,64,519,540,152
26,28,40,41,481,495,152
53,25,141,47,558,570,152
23,27,50,58,488,510,152
46,23,165,77,577,564,152
27,22,53,44,493,512,152
53,22,161,73,579,591,152
24,22,70,51,504,522,152
70,44,185,119,602,603,152
52,28,143,105,590,624,152
32,20,48,28,476,424,152
38,21,66,56,530,550,153
73,38,164,97,592,628,153
31,28,102,88,540,562,153
18,20,65,42,444,399,153
31,22,40,34,451,467,153
57,25,117,68,567,588,153
104,57,375,227,684,707,153
44,34,117,87,558,565,153
38,30,64,38,531,513,153
73,35,183,101,607,617,153
46,27,133,101,571,585,154
40,29,97,70,525,535,154
32,23,70,36,527,544,154
83,44,182,106,606,619,154
50,24,102,46,525,573,154
48,30,90,48,538,527,154
42,26,108,55,556,575,154
30,24,50,44,507,543,154
20,20,42,44,492,530,154
39,22,147,84,566,596,154
29,28,30,56,487,469,154
78,29,181,54,586,605,154
35,25,64,32,467,481,154
41,30,139,91,580,585,154
102,49,291,125,659,674,154
17,20,18,31,416,432,154
31,26,98,69,542,557,154
43,33,113,67,555,576,154
50,30,144,93,582,602,154
38,21,54,32,504,538,154
65,27,161,91,606,625,154
47,20,122,68,562,583,154
36,32,98,64,557,566,154
42,27,107,61,555,574,154
40,24,104,50,539,534,154
40,25,76,57,529,554,154
36,30,127,111,556,572,155
24,25,40,56,487,495,155
46,30,72,46,527,547,155
55,27,152,82,571,581,155
18,21,43,43,502,520,155
20,24,59,61,478,503,156
50,31,57,43,512,531,156
41,21,130,38,550,552,156
28,25,120,90,547,554,156
37,34,34,40,472,470,156
32,24,77,50,526,531,156
33,24,47,50,485,529,156
87,48,222,104,619,639,156
36,30,126,93,560,569,156
33,20,65,47,497,530,156
19,20,42,38,464,501,156
59,37,91,69,549,572,156
58,40,218,159,621,639,157
38,23,54,38,512,570,157
49,25,121,75,576,600,157
70,40,224,135,638,663,157
45,41,84,72,542,561,157
22,24,29,54,441,477,157
85,45,285,182,655,676,157
52,32,113,62,546,581,157
42,26,164,95,593,626,157
59,34,103,75,557,578,157
50,28,71,40,541,556,157
156,54,469,163,709,721,157
26,24,25,37,458,487,157
40,22,99,45,531,554,157
30,21,96,53,546,545,158
31,20,82,37,499,496,158
42,28,133,91,574,598,158
56,27,140,56,581,581,158
46,24,77,43,524,552,158
48,31,130,96,571,589,158
22,20,42,43,475,471,158
76,37,214,131,622,638,158
32,25,55,40,475,513,158
41,33,84,52,542,558,158
55,22,135,58,557,571,158
20,20,75,64,506,545,158
33,24,104,68,540,546,158
200,64,565,295,785,806,158
287,91,573,214,753,773,158
27,22,23,27,450,489,158
40,24,135,75,549,581,159
33,30,58,58,517,538,159
32,21,94,68,542,571,159
61,36,167,94,611,628,159
45,22,127,55,561,576,159
44,33,124,103,591,610,159
40,29,98,64,550,556,159
29,24,61,44,495,516,159
48,27,120,67,567,599,159
49,20,109,53,571,594,159
43,24,68,38,508,510,159
76,38,244,107,636,650,159
27,22,42,36,463,503,159
15,23,45,45,487,523,159
42,32,29,25,471,506,159
15,21,59,55,491,477,159
23,21,87,71,506,514,159
48,39,126,97,575,591,159
102,46,218,104,619,629,160
28,26,57,58,481,491,160
59,23,237,92,616,639,160
63,26,120,58,554,586,160
63,25,154,65,579,577,160
27,23,54,27,453,428,160
33,23,63,47,508,523,160
20,21,76,69,523,537,160
198,75,472,178,713,732,160
63,36,188,111,609,637,160
31,23,77,55,522,562,160
57,39,176,117,606,627,160
25,25,55,42,472,497,160
20,20,29,40,440,496,160
30,23,105,67,556,578,160
89,45,246,107,621,618,160
40,21,109,57,525,563,160
19,21,51,40,491,491,160
31,21,72,47,508,533,161
51,26,106,42,532,526,161
26,22,23,31,441,493,161
123,43,271,108,638,682,161
45,29,88,64,567,584,161
45,33,100,67,552,582,161
83,39,159,73,593,622,161
36,22,96,73,545,559,161
81,35,257,104,640,663,161
41,27,98,47,513,543,161
66,27,243,123,621,626,161
33,23,69,33,505,508,161
59,31,137,100,578,596,162
32,26,75,63,526,548,162
39,22,109,54,563,575,162
28,20,46,22,466,468,162
46,27,87,60,539,559,162
41,28,107,84,555,559,162
85,34,225,80,629,649,162
29,29,60,43,490,512,162
50,38,114,79,558,574,162
84,27,260,97,631,646,162
91,37,341,177,676,689,162
36,27,59,52,524,538,162
40,23,104,49,537,541,162
32,21,28,19,431,485,162
48,28,172,92,584,595,163
36,20,130,90,558,584,163
75,45,152,114,602,614,163
28,21,56,35,499,521,163
22,23,36,46,416,424,163
37,22,64,47,510,513,163
65,39,103,54,539,544,163
17,24,70,75,500,512,163
99,41,158,51,583,600,163
33,22,84,44,519,513,163
25,20,31,31,444,523,163
35,21,67,31,526,527,163
62,29,163,61,597,612,163
58,35,123,63,562,573,163
46,30,109,64,542,565,163
88,54,274,177,659,674,163
16,21,19,40,432,440,164
40,26,88,62,532,557,164
27,20,57,41,493,504,164
28,21,71,60,526,548,164
45,28,76,41,541,546,164
35,27,59,50,520,537,164
45,35,69,71,536,565,164
45,24,141,69,582,575,164
31,21,43,29,479,517,164
34,20,26,25,443,536,164
44,29,203,133,615,635,164
23,24,59,60,511,529,164
36,27,64,50,535,563,164
67,24,173,84,590,608,164
74,36,170,87,607,600,165
40,35,99,70,538,551,165
29,23,64,52,514,526,165
38,20,88,38,530,542,165
39,21,142,75,560,577,165
101,53,283,168,658,670,165
33,20,55,39,493,470,165
38,23,69,49,518,538,165
73,45,187,108,615,616,165
43,30,119,78,549,580,166
131,67,293,130,663,678,166
67,23,157,44,567,577,166
122,49,450,251,728,746,166
41,27,113,66,560,577,166
43,29,91,83,573,601,166
22,20,37,49,467,456,166
50,38,118,86,566,584,166
44,36,104,88,557,566,166
45,26,108,66,570,565,166
50,32,131,81,586,602,166
107,59,324,213,678,697,166
37,20,69,48,522,512,166
38,22,145,82,586,607,166
29,20,76,53,536,539,166
90,40,239,123,635,653,166
76,51,148,113,600,640,166
21,20,56,51,508,507,167
37,24,90,66,546,551,167
44,36,88,74,531,549,167
71,24,145,73,575,596,167
40,26,89,55,565,583,167
24,21,101,101,572,590,167
158,51,485,183,709,731,167
328,91,638,258,806,826,167
37,27,58,62,529,545,167
54,33,100,74,569,576,167
34,20,66,39,497,527,167
36,27,115,82,550,552,167
28,27,53,60,500,497,168
35,28,89,92,558,570,168
47,25,157,89,572,571,168
24,21,28,44,449,491,168
68,41,210,107,615,613,168
32,26,38,32,485,466,168
54,38,86,58,553,514,169
34,22,88,62,548,567,169
41,27,133,77,565,567,169
48,21,140,57,570,590,169
54,20,169,47,585,581,169
30,23,97,46,512,545,169
35,20,115,43,525,522,169
112,26,273,61,627,653,169
46,21,150,41,553,566,169
64,22,175,40,576,586,169
37,22,123,52,542,569,169
186,59,548,165,709,729,169
666,134,886,177,835,849,169
46,26,138,49,557,571,169
55,22,167,57,567,572,169
62,26,164,46,563,578,169
612,125,937,243,865,882,169
58,22,216,88,605,623,169
249,86,529,193,723,744,169
35,27,111,69,526,550,169
72,40,178,77,599,620,171
37,25,110,64,555,590,171
69,44,182,118,599,623,171
74,21,183,63,578,603,171
455,104,718,231,790,813,171
62,27,177,73,589,592,171
53,20,67,26,473,524,171
26,20,66,50,437,493,171
29,20,15,30,401,364,171
74,46,233,150,636,649,171
131,59,453,200,716,732,172
26,23,26,41,313,394,172
15,20,28,42,323,396,172
363,112,649,201,792,806,172
358,79,703,172,777,794,172
31,23,67,36,470,486,172
29,22,68,59,510,541,172
17,23,55,55,479,501,172
51,27,165,85,579,588,172
26,24,38,52,427,419,173
95,32,262,121,626,641,173
40,22,101,41,522,567,173
31,20,55,44,501,496,173
48,24,83,35,482,486,173
32,20,83,59,508,511,173
31,21,98,72,540,567,173
63,31,191,70,585,598,174
130,43,322,99,652,668,174
21,21,78,77,499,520,174
94,42,205,92,598,614,174
38,30,64,45,462,469,174
33,26,97,72,521,547,174
19,22,25,31,372,481,174
261,73,582,280,775,794,174
232,79,524,267,766,781,174
90,47,233,144,622,637,174
71,36,216,91,600,613,174
49,22,108,51,544,556,174
43,26,136,67,546,547,174
33,20,69,35,496,447,174
30,20,92,46,502,539,174
45,23,87,34,501,519,174
38,29,97,59,490,520,174
381,82,794,248,784,799,174
45,23,119,38,527,518,174
56,30,111,55,530,595,174
55,23,154,55,566,615,174
30,21,102,53,479,502,175
40,21,101,42,500,518,175
75,35,182,57,572,584,175
42,23,101,49,534,549,175
30,23,93,59,504,532,175
49,24,157,66,572,580,175
46,27,158,82,566,587,175
29,26,97,73,516,530,175
44,20,86,26,517,530,175
46,21,109,36,543,562,175
33,25,81,60,504,521,176
65,34,112,52,545,585,176
41,32,82,63,512,536,176
41,28,52,26,460,460,176
81,42,171,83,582,589,176
39,24,73,30,486,461,176
31,21,61,35,444,458,176
21,21,58,37,467,486,176
40,24,98,54,534,525,176
37,22,61,31,462,497,176
197,50,620,155,733,742,176
46,29,137,83,589,609,176
68,37,179,89,598,602,176
26,22,55,41,461,397,176
25,20,70,43,496,504,176
41,28,115,73,524,542,176
238,75,536,282,759,775,177
29,21,91,64,516,522,177
42,25,75,59,515,547,177
46,21,128,56,549,582,177
83,35,222,83,620,640,177
39,27,77,46,508,530,177
37,33,57,43,425,374,177
316,97,583,235,753,770,177
89,48,294,179,647,667,177
30,26,71,51,469,484,177
117,63,331,139,669,681,177
31,22,62,43,480,504,177
47,20,127,47,548,555,177
50,22,112,45,536,566,177
109,45,285,94,647,660,178
80,34,222,104,617,634,178
30,22,65,40,471,529,178
34,21,88,65,547,565,178
159,73,358,169,674,691,178
132,54,380,199,685,701,178
226,62,522,189,706,725,178
68,35,251,105,625,637,178
45,23,61,45,529,575,178
39,27,119,61,534,555,178
36,24,129,96,565,586,178
32,21,97,66,534,550,178
40,22,75,40,500,506,178
32,21,46,30,469,448,178
41,31,133,82,558,572,178
26,24,84,76,512,523,178
41,30,97,54,514,526,178
35,26,73,40,452,486,178
56,40,105,64,541,549,179
96,32,252,97,633,648,179
26,22,56,47,478,517,179
40,21,138,62,558,580,179
29,21,89,77,519,542,179
36,23,14,18,443,537,179
24,21,65,34,481,496,179
25,26,42,49,457,434,179
30,25,91,64,496,515,179
29,21,119,77,550,574,179
74,30,151,57,566,601,179
43,33,86,61,523,532,179
55,26,131,59,561,586,179
35,28,50,49,479,499,180
43,29,94,58,534,547,180
33,23,149,80,571,583,180
37,22,125,72,561,581,180
44,22,207,138,619,645,180
54,27,121,56,553,576,180
24,24,120,73,538,545,180
39,26,147,77,581,589,180
34,20,82,46,507,522,180
38,25,107,71,529,538,180
33,20,98,58,535,550,180
41,31,95,61,527,550,180
95,53,294,175,647,663,180
24,25,38,36,431,451,180
129,53,364,144,676,696,180
64,29,174,68,602,626,180
49,34,132,73,580,604,181
53,31,88,53,534,563,181
49,25,188,110,597,616,181
115,61,402,251,706,722,181
29,22,82,57,517,530,181
27,26,42,39,486,526,181
203,77,494,321,764,778,181
66,27,155,76,570,593,181
28,20,116,70,532,540,181
33,33,55,68,535,532,181
20,22,53,56,456,494,181
116,44,378,163,686,703,181
110,36,305,108,651,666,182
50,42,96,80,546,567,182
38,32,142,123,578,600,182
25,20,56,48,504,530,182
67,29,141,59,579,620,182
48,36,104,74,547,570,182
23,20,45,41,468,478,182
22,24,82,65,498,515,182
69,32,140,89,592,602,182
125,45,397,163,692,707,182
20,25,42,63,486,511,182
46,25,133,73,563,584,182
29,24,120,108,573,588,182
58,38,91,71,553,581,182
60,34,160,97,587,612,182
64,33,136,71,561,575,182
20,22,57,56,495,482,182
121,55,359,163,678,695,183
33,24,40,39,489,565,183
139,61,340,128,668,685,183
21,20,15,19,408,436,183
19,21,15,35,437,460,183
54,32,212,112,625,641,184
26,24,66,47,513,521,184
45,25,192,111,611,633,184
28,22,103,54,529,520,184
110,43,279,94,640,654,184
30,27,81,53,513,535,184
45,34,84,60,529,547,184
63,29,86,48,545,584,184
56,33,169,108,606,638,184
159,74,430,148,704,715,184
40,27,95,58,541,542,184
25,22,43,39,485,492,184
45,24,107,41,553,585,184
27,21,22,39,464,484,184
27,22,64,45,470,525,184
45,20,160,78,588,610,184
58,39,174,103,576,585,185
42,24,142,102,576,597,185
113,41,226,73,642,659,185
160,78,478,178,711,734,185
66,20,117,34,551,566,185
31,21,98,60,545,550,185
22,20,57,51,493,467,185
45,27,101,60,546,564,185
35,24,87,59,532,563,185
52,39,106,85,569,582,185
198,67,430,151,698,717,186
22,20,24,31,436,468,186
217,99,482,255,726,748,186
57,34,150,100,595,602,186
40,28,119,61,542,554,186
58,32,119,49,550,578,186
48,32,122,71,556,581,186
23,23,68,70,501,536,186
39,28,57,46,472,490,186
40,21,51,45,517,539,186
65,35,230,135,630,642,186
118,58,429,251,700,717,187
59,29,241,141,646,668,187
110,39,391,206,690,702,187
61,20,178,69,603,622,187
56,36,116,84,570,585,187
30,21,103,75,546,554,187
44,22,151,92,582,591,187
11,23,18,52,417,282,187
99,37,253,111,645,661,187
279,86,675,334,839,854,187
56,32,121,59,585,612,187
158,62,437,209,707,725,187
38,27,92,69,554,588,187
55,22,113,68,553,573,187
392,94,828,335,876,894,187
42,27,41,34,467,472,188
37,22,88,48,539,538,188
71,46,177,102,587,604,188
39,23,96,54,569,589,188
51,21,94,43,525,527,188
23,22,18,34,456,471,188
373,71,722,209,797,817,188
38,26,147,97,579,594,188
61,37,129,80,578,591,188
60,24,116,46,575,582,188
44,23,163,94,595,605,188
77,40,151,69,600,612,188
42,32,60,63,537,565,188
34,20,125,65,547,564,188
41,28,59,40,504,538,188
74,27,166,69,582,600,188
21,20,32,36,460,442,189
26,21,73,34,518,519,189
35,23,81,48,512,523,189
35,22,43,31,478,522,189
24,21,32,22,448,392,189
112,84,219,155,628,640,189
52,27,152,60,595,606,189
296,86,604,156,754,774,189
49,24,150,58,567,586,189
34,29,72,56,513,512,190
14,20,22,30,424,435,190
117,64,336,207,675,693,190
90,34,281,75,634,648,190
35,26,65,41,512,547,190
26,20,60,47,481,494,190
57,22,189,73,582,592,190
58,45,140,115,592,600,190
54,23,154,92,577,588,190
35,25,75,63,521,532,190
22,20,31,32,477,443,190
38,25,112,73,559,577,190
33,23,48,30,504,504,190
46,28,98,77,562,581,190
53,26,107,59,546,571,190
31,24,113,80,553,581,190
43,21,50,37,503,486,190
42,26,94,60,524,569,190
108,46,384,210,689,705,190
71,45,145,110,603,620,190
107,71,301,227,671,692,190
39,21,82,53,531,557,190
51,29,190,99,590,609,191
21,20,40,44,467,521,191
40,29,96,66,542,544,191
51,25,117,60,566,599,191
23,24,54,51,485,511,191
24,22,31,22,433,416,191
57,30,127,65,594,609,191
203,73,520,180,730,750,191
36,27,44,21,473,430,191
149,54,357,128,675,689,191
72,25,230,90,622,628,191
35,24,64,51,498,551,191
117,53,234,129,635,645,191
55,30,112,57,559,549,191
27,20,37,28,448,477,191
20,24,24,34,398,439,191
36,24,76,58,524,524,191
67,30,200,100,624,644,191
28,27,50,47,529,535,192
94,54,278,137,647,662,192
50,21,128,42,562,557,192
86,38,336,153,661,680,192
80,33,212,98,605,599,192
25,21,39,41,471,485,192
36,29,94,105,562,578,192
50,22,113,49,565,583,192
32,21,102,86,554,581,192
90,43,218,111,631,657,192
23,21,101,63,541,539,192
55,37,134,95,574,586,192
53,32,123,87,592,611,192
250,70,645,158,755,775,192
52,23,230,114,641,653,192
38,24,135,86,573,585,192
142,57,491,155,707,722,192
78,33,194,89,602,621,192
53,24,232,109,618,632,192
154,57,404,154,691,707,192
23,22,27,30,436,485,192
66,49,181,136,608,623,193
252,96,547,301,795,811,193
61,27,154,54,565,596,193
16,25,34,56,475,498,193
93,46,317,184,665,683,193
37,22,72,33,508,488,193
156,44,428,143,694,708,193
19,24,43,50,454,467,193
44,22,90,62,556,546,193
30,30,92,99,543,562,193
52,25,77,28,521,555,193
21,23,52,50,483,489,193
173,75,486,243,737,759,193
56,34,181,123,614,630,193
29,23,68,39,505,509,193
90,53,255,150,641,653,193
42,26,126,70,547,532,193
82,34,167,61,599,614,193
24,24,14,20,419,419,194
108,51,329,177,686,698,194
89,42,233,117,630,642,194
158,70,444,226,720,737,194
44,21,95,33,530,531,194
133,71,389,181,688,702,194
433,118,665,202,810,829,194
56,26,121,44,551,571,194
15,20,37,39,450,453,194
35,27,87,57,544,537,194
41,30,39,33,444,485,194
48,36,75,55,528,539,194
47,33,136,103,591,612,194
38,22,62,39,492,513,194
17,22,31,46,455,497,194
30,20,70,59,539,539,194
27,20,65,43,527,543,194
35,20,119,60,552,567,194
61,36,192,136,612,632,194
83,36,307,161,659,676,195
19,21,28,41,488,470,195
37,27,104,54,525,537,195
27,21,30,20,482,501,195
42,21,82,50,526,539,195
43,21,73,27,526,544,195
62,36,250,141,638,659,195
23,21,55,48,493,519,195
25,25,67,60,504,502,195
25,23,38,28,475,431,195
21,22,18,19,387,395,195
34,29,87,60,525,526,195
32,27,81,63,523,532,196
39,25,107,80,559,561,196
105,54,315,178,664,675,196
41,26,94,46,538,572,196
64,44,192,122,588,611,196
92,40,277,147,637,656,196
15,20,48,33,431,363,196
46,21,137,59,584,596,196
35,23,116,73,539,551,196
20,21,25,37,438,435,196
42,40,69,80,541,562,196
29,29,28,45,458,495,196
54,23,199,69,608,620,196
47,24,61,33,514,556,196
59,25,181,87,599,628,196
34,22,79,59,514,520,196
22,23,53,34,491,491,196
63,33,182,110,613,632,196
47,34,194,126,620,638,196
30,22,136,84,573,588,196
68,39,191,90,607,616,196
136,61,442,209,707,723,197
35,21,85,50,544,564,197
45,21,110,49,548,570,197
43,22,87,47,523,516,197
38,28,86,74,532,563,197
55,42,137,100,579,586,197
39,27,96,65,541,554,197
45,26,117,54,563,593,198
47,25,98,46,552,542,198
65,35,167,87,598,591,198
68,31,112,52,550,565,198
35,25,123,74,549,566,198
35,21,60,47,520,518,198
32,31,53,54,493,504,198
43,23,102,62,547,569,198
36,25,127,80,564,592,198
96,42,257,127,645,655,198
35,21,89,45,532,532,198
42,22,66,27,514,482,198
26,23,63,49,520,537,198
41,20,165,86,588,601,198
43,24,137,59,576,593,198
119,46,364,180,685,701,199
52,22,175,102,590,605,199
42,24,80,35,527,522,199
35,26,84,61,552,555,199
26,22,51,37,529,520,199
66,32,131,71,600,613,199
70,31,210,85,605,625,199
470,120,812,262,821,851,200
46,29,92,57,540,553,200
56,30,164,79,587,605,200
30,24,81,62,544,561,200
43,27,100,74,576,582,200
25,24,78,69,502,532,200
23,20,18,29,448,420,200
42,24,67,46,517,529,200
15,21,18,49,409,462,200
24,28,41,49,472,467,200
38,27,175,116,601,615,200
28,20,88,54,531,535,200
384,109,624,225,782,798,200
300,95,577,179,764,784,200
33,21,68,38,515,525,200
70,37,198,95,615,629,200
23,20,53,37,466,486,200
70,35,202,118,621,632,201
143,75,411,227,693,707,201
32,22,102,88,538,564,201
22,21,32,34,452,427,201
47,21,235,128,637,660,201
37,20,59,32,505,520,201
27,21,53,37,473,505,201
30,20,40,26,477,466,201
37,22,69,49,531,532,201
36,27,55,51,513,541,201
48,37,109,97,587,609,201
113,46,245,118,628,635,201
19,22,19,29,455,441,201
142,53,380,157,686,701,201
64,42,199,118,617,635,201
422,111,663,267,814,833,201
17,21,30,28,466,448,201
53,29,143,73,573,573,201
47,24,179,73,593,598,202
282,74,611,239,793,810,202
82,24,176,58,600,626,202
38,31,103,91,560,577,202
73,36,195,74,609,637,202
67,28,231,88,627,652,202
51,34,112,82,576,590,202
63,26,342,192,646,656,202
30,24,56,48,462,457,202
53,23,165,69,592,611,202
54,33,135,63,572,569,202
80,45,239,131,635,655,202
276,109,539,242,752,769,202
130,57,427,220,698,718,202
88,46,209,124,625,637,202
50,20,125,48,577,591,203
91,45,248,126,632,651,203
52,35,72,42,539,538,203
29,25,49,56,510,534,203
37,22,66,38,520,526,203
46,26,105,39,543,557,203
29,21,66,38,525,556,203
129,47,264,93,643,659,203
23,21,45,53,499,509,203
14,21,30,38,449,472,203
31,21,92,61,546,561,203
232,57,697,220,767,787,203
38,32,33,42,468,464,203
58,29,123,73,583,602,203
33,21,106,65,566,577,203
36,25,87,80,542,576,203
153,52,555,184,729,746,203
19,23,62,68,528,540,203
18,21,41,40,468,506,203
32,26,79,63,531,550,203
294,76,888,360,897,918,203
15,20,14,30,426,426,204
30,25,78,51,499,513,204
80,39,184,100,617,631,204
130,61,317,162,667,685,204
25,25,59,51,497,529,204
277,84,537,176,723,732,204
52,36,158,106,594,608,204
31,21,69,51,522,510,204
40,30,113,82,565,595,204
465,101,922,142,790,807,204
225,76,475,158,712,731,204
38,20,43,16,488,468,204
44,22,88,48,530,530,204
126,40,438,148,690,698,205
49,27,112,59,558,589,205
27,22,79,57,537,529,205
44,30,87,65,524,545,205
19,20,59,39,499,524,205
77,38,170,113,610,628,205
80,44,211,132,633,649,205
291,77,674,212,756,772,205
562,114,900,174,809,824,205
340,84,667,235,783,800,205
158,76,373,183,689,705,205
276,94,549,289,783,799,205
28,20,54,31,495,501,205
28,27,78,74,542,574,205
24,21,32,48,472,506,205
35,24,65,62,532,545,205
456,104,774,233,795,812,206
49,27,110,54,531,545,206
23,22,66,50,520,534,206
36,20,65,49,508,525,206
28,21,43,32,454,442,207
58,30,110,59,563,597,207
43,26,76,57,544,572,207
27,22,72,47,502,525,207
46,32,119,84,572,598,207
42,24,102,71,557,562,207
36,29,73,45,504,525,207
24,20,40,23,446,403,207
32,21,43,34,518,538,207
34,24,93,43,540,534,207
51,29,92,59,534,555,207
35,29,99,89,554,562,207
40,29,109,80,540,560,208
16,20,13,28,397,403,208
222,66,553,239,731,750,208
150,65,428,201,699,713,208
29,20,44,47,501,514,208
145,60,431,170,702,718,208
87,40,239,122,632,641,208
18,20,58,44,459,427,208
39,29,74,47,538,547,208
40,25,125,65,564,581,208
47,20,184,69,579,599,209
369,84,869,163,786,804,209
59,32,152,95,588,605,209
93,58,280,184,645,656,209
56,28,165,53,592,588,209
36,23,95,64,538,545,209
95,41,367,180,687,703,209
141,50,295,107,658,677,209
35,22,77,38,521,560,209
62,26,148,63,567,574,209
41,20,108,46,552,538,209
48,25,121,58,555,572,209
94,44,253,104,642,654,209
26,24,30,41,450,426,209
30,22,54,55,521,516,209
21,22,44,43,456,447,209
38,25,73,37,522,521,210
48,20,115,51,553,567,210
35,25,71,53,542,561,210
68,20,247,73,609,630,210
132,35,295,103,660,679,210
84,39,283,140,648,674,210
28,22,55,48,498,522,210
22,21,82,55,511,525,210
40,23,111,52,549,561,210
98,43,281,155,635,650,210
60,40,165,83,594,601,210
42,27,108,70,551,576,211
25,23,60,45,503,463,211
31,22,78,47,506,495,211
37,24,91,66,539,551,211
21,25,29,46,483,477,211
29,20,49,37,480,472,211
38,20,61,36,500,556,211
26,28,76,70,509,519,211
36,23,53,40,493,528,211
26,23,35,42,436,484,211
35,26,76,50,510,534,211
50,32,101,61,554,566,211
39,25,118,83,556,568,211
31,30,72,60,515,535,212
81,53,202,116,620,628,212
131,56,373,143,670,688,212
129,54,380,135,678,697,212
36,21,92,38,520,533,212
145,44,382,151,682,697,212
46,20,86,32,523,538,212
86,40,237,127,623,630,212
21,20,19,33,428,459,212
24,20,70,53,516,516,212
38,26,78,49,525,537,213
54,22,106,45,552,586,213
22,21,41,33,475,496,213
62,26,136,62,575,587,213
47,31,147,99,594,614,213
29,23,69,68,520,545,213
33,21,44,23,458,468,213
36,20,127,68,559,574,213
24,22,89,71,516,536,213
29,22,81,60,520,534,213
44,20,106,48,543,571,213
34,22,78,54,531,554,213
51,30,129,85,580,593,213
53,28,121,50,563,568,213
79,41,202,107,617,632,213
34,21,72,57,500,519,214
19,20,49,34,469,476,214
61,25,273,142,628,650,214
47,22,61,29,512,533,214
30,21,49,43,497,490,214
44,23,141,90,567,587,214
30,31,62,61,486,498,214
18,25,54,64,518,517,214
50,25,125,52,569,588,214
21,23,37,38,423,448,214
58,42,102,67,555,571,214
49,30,120,104,581,600,214
47,35,109,66,552,555,214
66,35,223,129,619,637,215
38,21,117,53,564,573,215
88,42,366,164,674,680,215
29,29,41,50,459,458,215
62,31,194,83,611,601,215
97,47,190,116,629,647,215
236,76,524,177,722,739,215
90,40,333,163,660,667,216
62,43,123,88,590,604,216
43,27,86,51,546,560,216
35,32,84,63,520,545,216
71,41,125,71,594,608,216
40,23,84,49,532,534,216
41,20,68,30,502,505,216
26,20,59,46,498,520,216
36,23,82,42,519,514,216
224,91,489,261,746,762,216
36,27,123,104,568,586,216
23,22,38,29,464,467,216
30,21,33,31,472,461,216
48,21,80,37,538,546,217
33,32,80,67,532,552,217
27,22,20,33,460,482,217
43,23,117,54,563,567,217
14,20,28,37,435,443,217
58,25,117,36,559,570,217
144,66,368,150,688,707,217
54,36,101,63,555,545,217
26,20,66,55,517,553,217
146,68,484,222,714,725,217
146,46,450,156,697,719,217
29,22,40,35,506,522,217
69,35,173,99,612,623,217
33,24,66,54,523,561,218
22,21,66,53,518,522,218
35,20,76,30,529,567,218
26,21,86,71,531,549,218
58,26,201,115,613,624,218
37,28,81,57,536,539,218
37,20,68,30,475,515,218
50,30,143,112,587,604,218
32,26,123,92,575,585,218
69,47,153,103,604,624,218
14,21,22,43,436,460,218
48,28,148,64,574,588,219
17,20,30,30,426,421,219
22,23,44,49,496,508,219
31,26,81,50,530,548,219
24,20,46,45,468,477,219
64,39,146,78,595,605,219
30,21,78,48,525,543,219
56,27,127,68,572,584,219
29,23,31,25,473,473,219
38,26,118,87,581,585,219
96,58,277,144,654,664,219
80,36,229,96,618,625,219
53,33,95,60,534,552,219
32,20,75,51,519,527,219
31,23,49,37,493,506,219
83,32,240,77,629,644,220
25,22,69,38,508,525,220
17,20,26,28,402,458,220
53,41,139,129,591,604,220
39,26,36,31,477,512,220
56,30,115,73,551,581,220
57,21,178,67,604,608,220
32,21,70,45,514,530,220
34,20,64,43,520,542,220
33,20,74,55,492,482,220
68,40,228,127,631,644,220
30,21,85,56,522,549,220
36,27,52,43,500,510,221
47,32,194,142,627,643,221
26,23,47,54,501,513,221
47,20,129,56,558,563,221
32,27,105,74,553,573,221
30,24,70,24,531,536,221
37,25,82,34,517,491,221
92,39,198,82,636,654,221
123,60,298,142,667,682,221
28,28,72,45,481,505,221
43,31,142,98,584,600,221
41,28,156,110,586,609,221
31,20,88,43,527,525,221
25,22,81,45,513,525,221
26,20,25,25,479,486,221
31,25,73,58,515,556,222
68,33,232,136,640,653,222
28,20,42,38,478,517,222
25,23,73,70,526,555,222
30,25,67,43,504,505,222
21,21,39,42,476,520,222
52,31,151,110,593,620,222
37,20,77,46,539,559,222
38,20,126,70,572,596,222
45,23,109,53,555,582,222
58,27,134,77,590,573,222
78,46,178,114,611,625,222
72,40,177,135,608,637,222
178,75,483,238,728,744,222
25,22,46,35,466,477,222
83,39,176,100,611,634,222
47,22,81,52,546,563,222
53,29,84,53,530,561,223
40,23,124,61,557,572,223
26,20,42,34,472,485,223
51,27,159,93,600,623,223
49,27,157,100,596,620,223
89,44,207,111,619,646,223
30,20,74,41,540,550,223
21,22,26,31,453,460,223
37,24,105,52,542,546,223
153,54,501,199,720,732,223
75,50,220,127,624,628,223
205,79,507,217,724,739,223
41,29,97,57,538,534,223
68,37,146,85,585,609,223
32,24,64,48,519,556,223
29,23,46,26,476,492,224
23,21,56,54,483,500,224
25,23,57,61,509,543,224
54,28,131,67,581,630,224
22,20,52,55,493,521,224
25,20,14,21,463,471,224
54,27,141,84,576,582,224
68,30,176,69,608,621,224
68,29,172,46,603,615,224
63,29,135,58,588,615,224
40,25,48,36,494,522,224
47,25,123,66,557,574,224
36,22,55,35,483,524,224
90,34,238,105,630,647,225
91,49,242,132,643,657,225
34,23,50,31,486,504,225
138,66,379,175,682,691,225
24,27,35,53,487,545,225
175,69,495,200,723,737,225
542,106,962,246,857,877,225
84,46,290,182,658,681,225
36,29,47,42,498,519,225
317,99,644,275,825,843,225
19,24,32,32,426,454,225
36,22,95,76,545,557,225
72,33,183,95,615,628,225
50,28,135,78,584,603,225
56,44,84,67,550,564,225
102,56,336,232,695,713,225
25,23,57,72,521,545,225
46,30,152,80,593,602,226
83,49,167,92,602,609,226
51,37,103,72,584,615,226
35,25,25,33,467,511,226
34,30,79,67,532,551,226
31,21,114,90,566,577,226
73,33,231,135,618,636,226
19,20,66,70,519,552,226
25,20,77,53,525,527,226
27,20,37,33,451,490,226
28,21,50,50,500,507,226
53,24,116,61,569,580,226
44,22,127,61,567,567,226
307,102,607,334,820,835,226
153,64,419,164,696,716,226
23,20,107,74,551,559,226
186,94,442,303,737,750,226
29,20,77,56,536,557,226
88,32,166,63,582,606,227
137,47,385,150,675,688,227
25,20,95,56,531,533,227
35,21,83,52,523,544,227
16,23,19,32,388,445,227
37,25,78,53,529,536,227
22,26,54,54,493,481,227
37,22,67,42,515,556,227
44,23,119,45,549,562,227
20,21,41,40,441,456,227
27,20,56,48,510,524,227
99,28,234,68,627,626,227
36,29,70,50,519,537,228
57,28,120,45,564,573,228
35,31,57,57,506,539,228
37,21,112,53,534,537,228
98,39,304,135,669,688,228
46,29,134,100,582,599,228
18,23,45,45,498,510,228
46,38,75,73,543,555,228
31,20,73,48,509,547,228
29,20,38,28,470,494,228
33,23,80,49,512,545,228
48,24,132,64,591,612,228
20,20,19,32,440,499,229
102,38,261,104,629,637,229
36,27,102,91,561,590,229
51,29,126,64,555,578,229
39,22,73,38,515,540,229
86,47,238,119,621,631,229
110,63,229,123,628,648,229
37,20,135,52,542,537,229
16,22,16,25,412,450,229
146,48,329,114,669,677,229
70,32,205,93,609,633,229
57,33,139,61,573,585,229
391,105,787,245,773,786,229
50,24,80,33,552,574,229
52,23,141,52,566,590,230
121,51,301,164,654,665,230
36,20,80,35,521,557,230
21,21,42,41,454,469,230
49,24,197,92,597,619,230
11,21,23,39,357,346,230
97,48,276,141,651,668,230
57,35,136,110,596,618,230
40,26,106,70,535,552,230
154,57,535,307,776,792,231
43,21,118,59,563,575,231
62,22,174,50,577,593,231
35,26,82,57,500,507,231
28,24,71,55,502,494,231
18,23,47,69,512,542,231
30,28,67,42,512,520,231
34,21,81,57,560,585,231
30,29,66,60,519,517,231
45,26,111,75,549,562,231
17,21,26,28,381,449,231
52,29,95,60,554,567,231
57,29,143,60,576,590,231
36,26,76,56,538,552,231
47,35,133,115,577,598,232
39,27,77,67,535,557,232
39,24,104,68,543,552,232
23,23,52,63,503,537,232
29,21,69,39,494,448,232
47,27,168,80,589,621,232
24,20,90,49,514,539,232
21,22,44,30,477,453,232
45,26,116,81,569,589,232
42,23,87,52,546,569,232
27,24,59,59,520,552,233
29,27,71,72,507,547,233
31,26,59,55,511,533,233
82,35,248,75,635,648,233
44,35,48,39,496,511,233
57,35,161,86,592,613,233
49,28,97,80,571,593,233
101,48,365,182,677,695,233
80,38,160,78,594,623,233
44,27,150,94,586,601,233
48,28,134,94,592,616,234
29,30,100,103,545,566,234
47,25,101,43,540,574,234
158,69,441,243,722,745,234
54,40,167,123,596,611,234
51,24,123,61,579,594,234
37,20,84,50,531,556,234
96,40,285,134,656,682,234
29,22,67,56,521,545,234
51,28,150,64,581,578,234
27,21,42,22,460,457,234
37,27,70,54,500,511,234
42,23,105,39,533,569,234
40,30,130,83,580,587,235
49,32,143,84,580,588,235
50,26,131,96,571,593,235
40,26,144,56,555,524,235
143,47,359,120,684,694,235
25,25,85,74,550,574,235
37,24,136,66,547,554,235
23,20,58,37,475,502,235
52,25,171,82,590,590,235
69,40,171,84,599,617,235
115,46,263,96,628,643,235
35,27,93,50,548,559,235
70,41,189,92,621,637,235
35,22,83,44,541,543,235
39,33,66,59,512,531,235
77,38,169,83,596,611,236
31,25,99,78,541,544,236
87,27,278,95,647,667,236
58,28,102,69,550,576,236
56,27,144,63,571,581,236
25,22,17,30,430,450,236
32,24,77,49,547,552,236
35,30,50,35,471,522,236
23,22,62,64,514,525,236
131,58,295,113,651,668,236
82,41,191,106,607,628,236
43,24,63,34,493,502,236
53,34,145,75,572,583,236
24,24,32,40,441,465,237
76,32,274,106,628,648,237
41,23,67,26,507,548,237
43,22,121,60,563,573,237
190,67,507,173,718,738,237
400,125,595,224,772,788,237
39,20,80,49,519,547,238
35,22,79,35,503,524,238
48,37,91,90,556,571,238
27,23,74,52,503,493,238
17,20,22,28,420,365,238
49,23,113,43,568,570,238
41,24,75,47,528,548,238
37,29,76,45,518,524,238
56,29,128,74,569,593,238
70,32,120,59,566,585,238
56,29,209,109,598,605,238
302,92,601,196,757,780,238
32,21,101,71,524,565,239
78,29,265,105,640,643,239
67,28,233,122,623,639,239
140,42,518,216,727,745,239
24,22,25,25,409,416,239
22,23,37,49,480,503,239
39,22,50,26,485,503,239
30,21,43,32,488,521,239
178,60,561,208,733,741,239
38,21,79,37,505,542,239
32,20,100,35,520,519,239
40,28,72,59,519,537,239
77,43,228,93,614,627,239
49,22,114,44,546,553,239
31,21,107,68,544,564,239
53,33,153,97,584,602,239
32,20,100,71,543,540,240
149,48,434,128,678,690,240
30,20,65,48,497,515,240
87,50,232,119,633,634,240
68,30,184,67,597,608,240
206,62,546,179,717,737,240
27,21,106,71,534,548,240
29,25,43,36,482,503,241
43,29,117,91,560,577,241
39,21,93,44,539,527,241
67,32,159,67,594,606,241
66,24,155,57,592,622,241
63,37,185,86,595,619,241
131,45,379,151,678,693,241
45,30,132,60,580,569,241
40,27,94,64,537,553,241
26,22,61,46,481,502,241
37,20,138,75,576,567,241
35,23,95,60,543,557,241
134,61,402,172,681,695,241
20,22,27,40,430,418,241
24,21,50,32,476,480,241
34,24,80,56,503,491,242
27,26,57,45,467,444,242
50,33,99,78,535,565,242
39,22,85,38,528,531,242
35,26,77,56,528,536,242
23,20,74,60,498,519,242
35,21,60,45,487,531,242
60,41,146,107,588,610,242
44,27,88,49,535,561,242
79,43,242,153,621,639,242
51,21,181,84,594,601,242
43,30,86,76,539,556,243
29,28,39,35,435,460,243
29,21,109,80,569,580,243
30,29,60,62,503,519,243
52,26,117,73,565,586,243
37,32,62,59,493,507,243
35,24,73,37,500,522,243
31,20,65,45,494,530,243
37,25,118,73,537,565,243
21,20,39,31,454,473,243
41,20,71,52,532,584,243
44,31,51,29,497,521,243
45,22,115,61,536,558,243
26,22,27,40,428,494,243
29,22,88,57,534,546,243
34,21,69,37,490,540,243
21,24,17,28,385,436,243
101,50,256,142,648,667,243
44,36,72,44,515,520,243
84,41,299,146,654,668,243
49,27,111,61,564,581,243
65,24,146,36,571,575,244
37,23,108,85,560,574,244
23,21,36,47,492,515,244
23,24,88,82,518,541,244
47,27,147,69,582,601,244
62,30,133,91,585,599,244
104,40,340,141,663,683,244
225,61,605,179,730,750,244
33,23,78,52,499,517,244
44,29,114,102,565,585,244
103,49,387,223,688,696,244
33,22,59,30,473,481,244
33,22,89,52,539,563,244
36,31,32,26,445,460,244
25,22,41,32,445,478,245
72,36,193,113,633,664,245
111,48,377,190,679,693,245
51,29,152,113,596,610,245
64,23,137,36,567,585,245
26,21,42,37,478,518,245
53,32,146,94,589,611,245
15,25,24,44,438,471,245
539,114,828,211,812,841,245
43,24,89,47,517,549,245
174,60,490,198,707,722,245
92,29,207,91,624,652,245
54,21,136,46,564,580,245
455,72,938,176,801,821,245
41,21,87,34,524,533,246
26,25,47,44,473,458,246
47,36,70,62,501,536,246
80,42,238,109,635,649,246
394,109,685,314,830,849,246
161,49,385,121,676,695,246
52,21,92,34,526,509,246
41,22,121,57,552,576,246
29,22,36,18,432,459,246
38,25,74,39,502,520,246
30,25,111,89,558,572,246
41,30,94,80,546,554,246
33,20,62,46,486,530,246
47,20,117,55,542,554,246
24,25,59,60,513,552,246
53,20,138,56,568,586,247
43,21,97,43,545,545,247
31,20,54,45,493,531,247
35,22,88,59,536,576,247
92,50,205,110,615,622,247
40,27,85,60,536,547,247
35,22,164,65,569,556,247
31,20,62,31,482,517,247
24,20,38,25,456,484,247
54,39,137,91,590,618,247
19,20,57,33,440,490,247
38,20,102,41,530,546,247
47,26,155,98,579,605,247
25,20,73,54,500,522,247
27,22,78,55,506,542,248
183,74,443,156,696,717,248
235,77,536,233,757,776,248
34,22,119,64,560,560,248
41,20,71,30,503,540,248
31,26,90,70,537,544,248
64,29,109,47,553,573,249
89,41,256,121,635,653,249
55,24,105,63,546,555,249
52,23,158,51,576,591,249
70,29,152,62,583,597,249
76,38,148,83,596,611,249
32,22,101,62,538,560,249
28,25,61,60,517,528,249
105,41,303,132,659,673,249
23,20,54,45,493,516,249
27,23,64,60,517,515,249
42,22,183,91,598,616,249
62,29,173,81,610,627,249
43,31,98,88,549,584,249
82,32,200,84,620,645,249
54,24,100,54,564,569,249
37,28,81,56,511,533,249
222,79,530,189,734,756,249
33,21,62,46,517,501,249
22,20,38,37,468,491,250
37,24,72,36,498,500,250
37,33,82,53,509,515,250
72,33,189,133,606,623,250
37,27,78,59,523,539,250
63,36,191,103,598,609,250
182,63,402,129,692,709,250
197,72,498,180,717,730,250
30,28,77,73,506,522,250
36,21,80,41,505,475,250
39,23,110,58,553,572,250
240,75,555,164,734,753,250
40,22,102,42,531,513,250
34,21,70,41,545,558,250
29,20,27,23,423,488,250
54,26,96,35,541,545,250
32,30,141,105,558,576,251
69,40,139,89,584,617,251
35,21,86,62,551,543,251
58,28,189,106,595,611,251
43,25,95,61,544,556,251
148,57,392,177,684,701,251
119,56,385,200,685,700,251
50,25,114,40,558,567,251
35,24,83,57,515,557,251
36,20,54,35,491,506,251
19,21,45,44,465,492,251
46,25,73,39,539,557,251
38,26,115,46,539,560,251
52,32,119,81,548,572,251
78,33,248,116,644,668,251
56,21,130,38,575,574,251
66,33,198,102,609,625,251
18,20,42,32,413,435,251
34,23,78,49,529,540,251
406,69,950,186,786,806,251
27,20,77,60,510,535,252
26,22,39,28,432,474,252
28,20,72,33,507,480,252
18,23,32,42,396,449,252
105,43,445,186,685,697,252
53,27,94,44,541,578,252
28,25,59,57,495,516,252
107,48,200,81,622,637,252
80,42,172,97,613,628,252
49,21,80,31,502,523,252
33,24,56,49,504,533,252
22,21,54,51,495,529,252
38,22,56,41,503,522,252
45,28,89,49,547,548,252
46,26,99,63,545,577,252
38,30,52,51,510,531,252
43,23,130,66,560,578,252
40,23,71,59,510,514,252
32,23,88,68,547,573,253
135,74,429,245,712,729,253
65,39,266,171,649,659,253
18,20,30,32,456,463,253
21,24,49,49,473,497,253
42,24,126,86,566,588,253
101,52,276,127,647,659,253
32,34,31,48,469,486,253
61,34,218,136,631,643,253
45,29,85,51,547,542,253
46,22,116,58,545,552,253
49,28,124,66,578,576,253
20,22,23,39,452,487,253
32,23,73,52,516,509,253
24,28,56,67,494,513,253
47,23,54,31,528,547,253
59,28,246,150,629,641,253
66,44,165,99,604,620,253
46,23,148,71,586,603,253
35,22,82,34,516,521,253
60,26,199,94,601,620,254
75,40,223,128,632,656,254
147,38,528,173,721,726,254
209,85,516,206,728,741,254
59,32,152,89,586,598,254
181,65,480,207,715,732,254
83,51,190,123,606,638,254
38,20,74,45,539,558,254
65,33,225,97,619,637,254
67,31,214,93,602,618,254
39,22,92,42,530,552,254
43,25,70,37,509,538,254
49,23,86,33,519,561,254
399,79,867,262,802,817,254
22,20,49,24,482,459,254
33,21,81,70,521,558,254
87,47,267,142,641,654,255
41,23,93,41,532,539,255
46,28,120,62,560,575,255
20,20,67,61,498,509,255
44,26,137,93,563,585,255
41,26,101,77,543,566,255
30,25,68,62,509,533,255
33,27,62,60,493,498,255
75,35,152,83,601,621,255
84,47,247,155,638,660,255
229,83,547,173,732,743,255
319,96,657,322,816,832,255
41,21,90,32,511,511,255
36,20,133,69,570,571,255
63,32,186,68,584,581,255
24,22,40,28,446,470,256
28,22,44,45,477,514,256
35,21,66,35,498,496,256
22,21,42,40,460,495,256
141,61,477,285,726,744,256
49,36,156,109,586,599,256
44,20,60,31,511,546,256
242,93,573,171,739,754,256
58,31,148,78,586,591,256
34,21,66,30,478,510,256
34,24,66,56,520,531,257
36,23,110,64,541,545,257
74,28,200,107,610,622,257
47,21,69,28,506,513,257
32,29,92,80,536,541,257
362,59,737,143,754,771,257
56,38,163,105,609,626,257
39,22,72,43,532,549,257
23,23,86,65,498,516,257
320,96,708,266,822,840,257
36,20,91,51,518,551,257
57,26,161,62,580,601,258
68,36,172,99,619,637,258
267,95,578,212,759,778,258
61,40,197,128,604,617,258
155,49,372,113,677,698,258
36,28,101,85,554,571,258
28,20,36,43,473,492,258
43,27,97,55,533,565,258
385,114,678,175,786,799,258
109,38,335,107,665,678,258
33,25,32,29,414,473,258
24,21,78,48,498,514,258
109,46,337,169,667,687,258
30,22,84,55,533,544,258
60,30,215,120,613,631,258
41,30,98,83,557,571,258
32,20,70,38,517,506,259
44,23,82,50,532,564,259
21,21,36,36,471,510,259
27,21,43,34,421,444,259
35,28,50,40,477,497,259
64,35,180,110,608,607,259
36,29,94,76,534,550,259
135,42,373,147,678,695,259
57,40,160,108,590,600,259
97,43,276,116,633,638,259
51,29,126,75,555,581,259
103,33,323,98,648,660,259
404,101,728,207,811,829,259
100,47,264,150,643,668,259
27,20,77,49,484,518,260
44,30,125,103,548,559,260
26,20,47,40,439,474,260
68,32,152,60,590,626,260
38,33,88,69,506,515,260
52,25,138,63,566,587,260
46,26,102,41,566,577,260
63,30,173,71,581,604,260
20,20,55,44,476,521,260
49,21,111,53,550,563,260
44,27,122,81,598,612,260
447,101,817,257,842,857,260
415,101,748,215,800,818,260
36,20,110,67,526,533,260
22,21,58,57,448,484,260
21,20,35,38,442,459,260
29,24,53,40,479,470,261
26,20,54,26,484,484,261
184,72,428,184,686,713,261
39,23,98,63,536,570,261
63,47,145,90,583,606,261
37,26,91,51,530,524,261
41,20,122,55,560,566,261
40,24,134,84,572,589,261
80,36,197,69,596,603,261
221,55,643,161,752,769,261
181,51,429,115,692,706,261
41,23,118,72,582,595,261
65,31,164,64,577,601,261
28,31,56,56,475,466,261
71,38,133,71,562,603,261
29,20,121,52,554,549,261
185,65,360,120,677,697,261
32,22,73,50,516,546,261
57,24,102,56,548,570,261
213,82,528,215,724,743,261
35,24,74,42,511,535,262
52,31,118,67,552,578,262
104,47,271,105,639,653,262
120,43,270,83,640,654,262
149,62,379,157,699,715,262
162,72,404,183,695,712,262
36,26,78,59,510,527,262
116,43,284,99,648,665,262
36,23,66,44,518,533,262
32,22,100,54,524,540,262
25,23,44,48,473,528,262
402,111,682,173,789,808,262
105,45,313,136,665,681,262
26,21,55,31,488,495,262
37,25,85,50,538,550,262
22,29,30,40,457,466,262
34,25,89,61,533,541,262
37,25,66,48,500,538,262
39,26,59,44,505,545,263
43,21,103,49,542,570,263
87,45,211,123,636,642,263
55,20,144,68,567,598,263
43,26,99,53,533,527,263
23,22,64,64,503,543,263
383,79,782,225,790,805,263
222,80,549,286,786,801,263
223,75,505,132,708,725,263
50,26,175,77,590,619,263
45,21,113,43,538,567,263
92,39,288,129,653,682,263
86,50,163,83,589,608,263
112,53,281,112,645,656,263
40,21,109,76,537,548,264
57,37,140,95,582,601,264
45,26,66,37,491,518,264
22,21,41,43,464,485,264
73,48,159,96,605,625,264
27,24,34,33,412,415,264
42,22,99,52,539,576,264
38,22,65,36,502,519,264
140,65,482,245,719,736,264
37,27,119,73,564,571,264
47,24,90,40,530,541,264
55,28,97,42,550,561,264
35,23,71,43,512,501,264
44,31,100,66,543,556,264
24,24,37,39,430,373,264
84,36,194,95,617,641,264
47,34,102,56,532,520,264
31,21,70,54,501,514,265
45,31,121,78,559,570,265
45,26,95,42,532,566,265
39,22,50,26,517,565,265
58,31,129,60,576,587,265
101,49,268,143,641,654,265
118,51,371,179,685,698,265
34,25,95,62,547,560,265
72,36,136,63,570,584,265
34,26,86,49,529,535,265
46,22,54,27,506,530,265
54,22,114,54,549,576,265
56,27,123,70,572,581,266
93,48,217,114,611,628,266
19,21,84,55,498,497,266
15,24,23,43,367,458,266
63,42,193,142,602,620,266
42,23,93,38,519,507,266
125,56,246,86,639,658,266
58,33,135,65,561,582,266
40,26,92,63,556,557,266
68,36,178,110,602,608,266
24,20,62,41,492,518,266
70,26,265,119,647,659,266
46,25,115,46,545,554,266
21,25,33,41,403,404,266
22,22,57,29,457,424,266
35,20,84,32,533,536,266
54,29,175,95,601,617,266
44,25,107,69,545,569,266
38,29,102,74,541,546,266
48,21,159,68,587,601,267
15,24,13,38,368,433,267
35,27,102,76,538,550,267
37,26,153,98,581,600,267
31,25,63,31,471,460,267
44,23,109,54,537,558,267
80,31,191,71,601,618,267
47,23,153,75,582,597,267
14,20,18,23,396,408,267
82,45,258,158,645,661,268
32,22,84,61,511,512,268
66,28,194,72,608,633,268
63,36,151,88,586,603,268
17,21,36,41,440,468,268
41,36,98,76,540,564,268
19,22,38,37,428,430,268
38,25,123,80,565,588,268
15,20,41,47,457,470,268
55,36,167,110,590,609,268
32,21,122,75,563,588,268
56,36,168,133,609,627,268
42,23,103,47,552,561,268
66,31,174,64,601,614,269
34,27,113,71,580,595,269
47,34,168,107,596,603,269
42,29,88,47,529,551,269
36,26,92,64,526,554,269
31,21,78,70,512,551,269
32,20,82,57,528,558,269
37,28,111,83,548,571,269
48,24,120,45,550,556,269
77,35,234,116,633,649,269
42,22,36,24,473,513,269
47,20,134,71,565,577,269
62,31,140,75,578,582,269
185,59,496,146,714,733,269
155,64,328,138,664,685,269
36,25,69,54,532,548,270
17,21,27,43,431,468,270
101,58,276,183,659,675,270
38,26,63,41,493,514,270
89,50,138,79,598,624,270
31,21,27,22,460,515,270
20,20,34,26,433,440,270
35,27,71,52,517,552,270
82,36,178,83,604,619,270
41,23,82,43,522,541,270
49,36,111,73,553,591,270
103,40,357,143,674,688,270
45,25,97,42,533,559,270
68,36,121,62,576,581,270
47,22,256,143,644,657,270
45,22,95,43,537,584,270
55,29,86,43,528,544,270
16,21,24,48,436,457,270
99,44,319,166,664,680,270
62,32,119,75,569,592,270
75,40,213,93,621,640,270
42,21,125,53,561,573,270
56,25,118,52,555,577,270
44,20,141,60,571,567,270
75,48,152,97,589,612,270
22,23,51,60,484,493,270
101,52,354,183,681,694,271
33,25,117,77,552,576,271
169,70,425,138,695,711,271
22,21,39,34,442,466,271
32,26,67,52,508,534,271
61,27,165,91,606,624,271
45,31,134,86,584,606,271
115,57,279,157,664,678,271
67,36,118,62,580,600,271
24,22,56,50,500,513,271
14,21,31,40,405,461,271
24,24,97,71,526,539,271
85,52,212,128,622,638,271
31,23,71,50,497,551,271
36,25,61,41,538,545,271
39,23,58,36,516,525,272
87,46,206,109,602,609,272
94,51,252,144,646,664,272
103,46,260,145,647,658,272
63,45,124,86,563,596,272
27,25,87,68,533,544,272
26,23,35,37,457,445,272
36,25,135,86,572,596,272
128,60,377,198,691,708,272
252,71,605,143,737,753,272
40,29,98,67,555,584,272
36,21,47,37,482,507,272
87,34,349,171,672,690,272
41,21,111,68,558,580,272
24,21,61,41,498,511,272
20,21,29,30,425,415,272
369,100,708,232,820,837,273
68,32,149,63,586,580,273
31,20,86,62,506,529,273
11,21,23,36,345,414,273
50,33,92,47,553,567,273
32,21,66,45,499,527,273
48,20,112,45,548,566,273
29,22,68,41,506,530,273
29,23,52,38,476,502,273
38,25,57,34,496,490,273
31,25,45,40,488,518,273
42,32,114,85,581,595,273
37,30,138,103,582,599,273
71,34,222,119,606,620,273
68,45,138,93,584,592,273
36,26,121,70,551,536,273
58,24,132,56,570,586,274
31,25,74,62,511,532,274
19,23,28,53,481,522,274
29,22,89,79,518,535,274
29,20,77,61,521,539,274
102,45,212,85,618,641,274
120,45,415,178,693,696,274
51,27,119,65,565,602,274
129,41,317,93,666,682,274
47,29,106,70,542,603,274
30,22,102,55,546,543,274
22,21,28,22,430,404,274
29,22,64,33,490,492,274
230,73,575,181,755,771,274
29,21,49,33,481,457,274
53,36,147,112,596,603,274
57,25,112,61,568,595,275
73,46,243,172,641,655,275
30,21,77,56,539,546,275
40,25,104,56,541,563,275
41,20,93,43,515,539,275
172,56,449,172,693,707,275
69,35,119,67,557,573,275
223,50,499,124,709,728,275
52,36,167,106,589,619,275
45,20,165,93,552,587,275
52,24,159,74,587,599,275
48,22,107,57,550,581,276
28,22,57,48,475,483,276
27,23,64,58,528,539,276
41,23,100,77,565,564,276
51,29,96,58,547,547,276
30,26,57,63,519,546,276
137,54,437,224,704,721,276
112,31,305,109,653,669,276
79,43,186,105,608,622,276
63,25,156,66,581,608,276
49,22,106,47,541,554,276
194,60,524,233,736,751,276
73,39,274,120,640,657,276
23,20,83,64,513,532,276
53,34,136,82,564,584,276
25,20,48,47,492,453,276
15,21,68,66,483,528,277
59,39,168,83,578,591,277
45,33,86,60,537,544,277
68,37,188,109,594,610,277
114,41,330,160,672,687,277
15,21,24,46,418,460,277
364,95,696,168,780,796,277
60,23,150,43,584,601,277
45,26,95,47,538,556,277
28,20,64,42,497,528,277
116,42,250,109,618,637,277
51,36,140,78,556,592,277
54,25,176,67,591,592,277
56,36,159,85,586,599,277
223,99,505,227,728,746,278
35,21,104,55,550,553,278
30,23,65,36,499,541,278
34,27,54,46,483,494,278
213,57,530,145,711,729,278
39,23,76,59,542,558,278
38,27,125,74,556,570,278
54,34,174,101,590,592,278
31,23,86,61,512,522,278
31,23,58,33,514,533,278
29,22,70,47,498,478,278
57,35,111,71,552,577,278
53,39,159,106,592,614,278
38,28,44,38,490,512,278
67,34,180,99,590,602,278
47,46,145,109,589,588,278
64,36,141,89,578,603,279
18,21,43,39,405,444,279
32,27,157,133,580,609,279
15,22,28,46,449,460,279
20,22,13,21,401,362,279
98,32,430,166,667,687,279
28,20,31,33,445,440,279
54,27,159,111,603,617,279
51,30,189,131,615,633,279
27,24,62,54,508,505,279
28,21,79,56,503,535,279
105,45,251,118,642,656,279
193,76,433,175,710,735,279
55,34,134,78,568,590,279
46,29,71,36,495,513,279
441,91,803,226,826,853,279
150,47,447,127,687,709,279
80,36,218,89,622,642,279
109,57,320,148,659,679,279
42,36,74,61,527,541,280
68,32,175,88,592,613,280
61,22,191,54,593,586,280
37,41,108,128,552,562,280
29,21,93,47,526,536,280
91,50,339,224,682,699,280
75,30,195,68,610,631,280
33,26,86,58,527,558,280
41,21,141,68,588,615,280
82,33,342,161,673,689,280
16,20,33,36,426,444,280
36,28,102,57,534,553,280
353,92,705,328,842,856,280
27,20,95,72,535,552,280
27,22,62,50,478,507,280
29,20,75,44,504,526,280
146,51,397,119,687,708,281
214,77,508,259,771,787,281
106,51,435,210,712,731,281
161,48,549,165,723,737,281
64,34,178,95,595,613,281
422,115,692,268,827,849,281
185,52,564,203,743,762,281
45,31,107,52,557,578,281
30,25,61,53,509,444,281
42,27,92,53,531,536,281
38,33,122,98,550,564,281
24,21,47,33,467,461,281
58,22,165,74,590,611,281
171,76,452,232,720,737,281
45,33,85,66,518,528,281
16,22,13,40,418,401,281
53,36,169,99,602,611,281
49,29,118,56,539,534,281
85,44,195,90,605,624,281
47,30,109,58,537,565,281
58,33,206,100,614,629,281
46,20,101,35,531,548,282
47,24,105,41,540,536,282
29,20,60,54,502,504,282
69,44,163,103,582,609,282
31,26,114,91,548,561,282
36,28,90,80,549,558,282
74,36,166,59,587,617,282
33,25,73,52,510,534,282
36,20,70,39,483,506,283
214,58,607,186,728,742,283
22,20,60,53,496,504,283
97,51,273,148,652,669,283
38,25,85,52,535,547,283
35,21,64,51,531,549,283
50,22,136,57,570,582,283
63,40,231,129,634,645,283
25,20,57,36,493,515,283
29,20,91,71,535,565,283
63,42,127,59,554,572,283
30,23,75,47,510,518,284
42,22,106,44,555,550,284
49,27,168,101,593,607,284
35,23,77,32,500,515,284
25,24,63,50,462,467,284
115,43,279,105,660,676,284
24,27,103,96,537,558,284
54,20,115,37,549,574,284
31,24,103,58,525,536,284
43,31,92,78,552,574,284
25,27,75,66,513,490,284
51,31,130,83,573,600,284
48,28,110,53,543,564,284
30,20,69,46,521,541,284
63,29,121,41,562,589,284
151,52,407,122,687,703,284
23,20,25,32,475,538,284
44,29,165,100,594,614,284
38,23,120,64,572,591,284
50,34,136,95,582,602,284
23,22,49,49,463,473,285
62,28,189,85,607,620,285
37,27,61,32,499,519,285
23,21,61,46,503,534,285
105,56,285,145,648,664,285
270,78,637,149,752,768,285
57,28,164,64,597,615,285
61,32,155,77,584,610,285
152,64,340,128,677,691,285
27,28,64,47,490,503,285
39,20,92,53,556,579,285
44,23,108,47,544,558,285
16,20,55,55,477,502,285
37,29,77,52,502,517,285
31,20,91,48,545,565,285
21,20,44,41,518,517,285
23,21,57,50,465,471,286
48,20,171,71,591,604,286
83,41,326,150,657,668,286
87,54,228,142,611,635,286
31,25,96,72,546,550,286
41,23,150,80,586,600,286
17,20,22,31,394,437,286
15,22,24,36,401,390,286
50,27,140,80,582,603,286
42,27,93,55,541,552,286
111,47,455,260,715,733,286
41,25,170,122,603,622,286
22,20,76,65,512,525,286
27,23,89,70,527,539,286
32,27,91,75,545,554,286
147,66,438,264,715,731,286
32,25,40,36,497,468,286
48,28,122,77,570,598,286
35,22,83,34,512,526,286
293,80,636,238,775,790,286
20,21,49,46,489,490,286
69,38,160,74,600,619,286
12,22,13,42,359,424,287
442,92,972,215,805,815,287
40,29,103,77,536,547,287
79,47,214,107,620,641,287
74,36,186,89,615,629,287
32,27,94,67,527,546,287
35,22,57,33,503,522,287
61,39,125,72,568,585,287
37,23,79,37,495,508,287
38,35,76,70,499,524,287
17,20,49,49,474,509,287
41,21,146,57,576,590,287
38,22,112,58,548,581,287
38,22,70,24,466,508,287
45,22,97,44,512,507,287
32,20,75,42,509,532,288
50,36,215,164,620,641,288
46,27,165,70,578,597,288
53,27,220,82,606,617,288
80,41,215,94,618,635,288
36,20,127,89,556,577,288
30,21,88,73,547,571,288
38,28,138,85,582,602,288
44,32,71,57,498,510,288
37,24,113,65,559,575,288
116,49,318,154,664,681,288
60,29,135,58,546,557,289
34,26,97,52,563,575,289
27,23,47,40,476,502,289
46,23,146,53,555,575,289
32,21,71,44,517,524,289
113,51,204,87,613,638,289
43,31,114,75,557,564,289
19,22,26,33,415,461,289
33,21,49,29,477,504,289
47,28,121,69,559,569,289
35,23,53,40,519,527,289
34,25,113,72,560,540,289
33,28,46,49,490,521,289
32,25,66,50,504,528,290
37,30,103,63,520,548,290
28,28,74,58,496,507,290
26,24,53,47,487,495,290
54,24,87,37,541,564,290
27,24,67,55,515,533,290
27,20,50,46,492,520,290
41,20,88,46,524,547,290
36,20,98,56,536,555,290
60,34,178,113,616,627,290
17,21,40,54,473,476,290
85,30,347,164,670,694,290
51,32,133,106,568,588,290
28,23,112,76,564,587,290
10,22,30,50,390,455,290
84,36,254,111,645,656,290
57,40,126,79,568,573,290
54,25,99,42,547,581,290
28,29,84,59,534,560,291
51,24,156,76,591,597,291
24,25,87,57,505,515,291
52,31,155,77,587,597,291
42,22,84,45,518,554,291
21,20,48,60,475,513,291
33,25,72,53,512,535,291
46,31,119,79,537,550,291
48,21,119,39,544,570,291
39,21,111,41,555,550,291
23,21,37,42,493,503,291
48,21,109,52,562,588,291
26,21,74,60,514,546,291
176,74,471,199,710,725,291
46,21,189,87,597,604,291
25,20,79,54,478,475,291
57,36,143,74,588,596,291
28,22,84,40,511,535,291
56,25,174,63,589,616,291
15,21,18,22,309,0,291
23,21,61,58,499,532,292
31,20,46,43,476,486,292
21,20,48,37,466,463,292
91,47,323,191,672,687,292
32,30,61,65,504,530,292
70,39,236,148,625,638,292
51,31,117,61,571,593,292
48,26,84,50,539,549,292
42,29,49,45,492,512,292
60,29,156,105,588,616,292
78,41,152,88,596,620,292
30,20,107,70,538,580,292
29,21,70,48,507,520,292
41,21,149,63,572,593,292
63,27,105,46,561,575,292
125,66,384,238,690,713,292
165,70,334,135,657,679,292
46,23,89,47,530,541,292
33,23,54,46,514,545,292
31,20,100,85,556,588,292
49,45,116,93,536,549,293
43,20,95,50,555,554,293
24,20,90,40,521,512,293
126,57,301,159,662,672,293
21,22,22,29,421,467,293
38,25,111,59,570,572,293
35,23,72,49,513,531,293
77,41,319,169,669,681,293
41,25,113,54,549,574,294
44,25,92,72,553,580,294
68,39,179,124,605,629,294
46,28,97,53,538,548,294
41,22,119,54,558,572,294
30,32,67,64,515,538,294
42,29,47,30,462,490,294
41,29,108,79,548,571,294
56,44,121,92,573,591,294
35,26,58,29,491,531,294
19,22,33,44,450,477,294
24,27,28,44,423,458,294
15,20,34,55,440,499,294
53,22,117,48,542,581,294
62,28,221,103,607,623,294
33,24,26,28,385,405,295
81,45,154,99,594,611,295
59,24,89,64,559,576,295
30,21,105,62,551,566,295
40,24,88,34,516,544,295
94,46,190,92,608,626,295
30,20,89,49,498,494,295
121,38,490,211,724,740,295
135,67,422,262,709,726,295
76,31,254,116,639,648,295
38,26,106,67,533,556,295
77,25,291,120,640,656,295
75,37,161,80,588,616,295
66,27,145,42,556,559,295
40,23,82,33,520,555,295
194,58,495,138,697,711,295
44,20,108,38,544,552,295
58,23,165,51,577,585,296
42,23,148,65,559,588,296
58,38,149,77,573,598,296
80,31,165,47,574,594,296
48,21,57,27,488,501,296
51,22,128,54,548,555,296
43,29,121,80,559,575,296
40,20,86,33,523,548,296
30,22,26,33,437,476,296
27,20,57,60,498,512,296
27,20,76,53,512,555,297
18,21,33,40,410,464,297
28,29,54,46,460,459,297
49,20,126,57,543,537,297
29,22,46,31,452,424,297
98,50,323,165,671,694,298
87,34,229,107,636,654,298
23,23,44,54,447,470,298
30,27,83,73,547,554,298
29,24,70,64,513,534,298
34,20,95,60,537,550,298
39,34,93,79,549,575,298
25,20,46,33,478,460,298
42,26,98,70,550,569,298
25,21,54,35,496,491,299
49,37,176,118,595,600,299
14,20,35,37,392,194,299
25,20,40,24,454,493,299
28,20,65,58,517,545,299
462,124,677,251,796,810,299
233,68,567,135,725,738,299
26,21,63,49,497,535,299
25,22,50,42,454,480,299
69,40,192,107,609,625,299
39,21,100,44,571,577,299
31,24,87,63,525,538,299
44,20,92,35,518,481,299
46,29,84,44,521,521,299
32,20,74,47,512,513,299
68,30,171,57,586,598,299
34,21,97,70,562,592,299
28,20,45,34,485,510,300
42,20,120,53,536,541,300
36,25,74,57,509,505,300
46,27,101,67,555,585,300
30,20,46,38,486,480,300
52,21,148,58,564,567,300
66,37,180,96,602,614,300
194,67,549,208,723,738,300
40,29,92,68,529,550,300
23,22,19,26,434,461,300
143,47,366,96,677,694,300
37,28,74,54,491,500,300
20,21,32,32,468,442,300
37,20,75,44,512,533,300
24,22,39,41,459,481,300
62,39,140,65,570,584,300
88,44,201,109,627,651,300
46,32,78,53,530,559,301
84,51,205,87,606,624,301
19,22,86,68,490,501,301
35,21,76,29,518,525,301
27,22,39,41,460,499,301
95,38,256,96,628,648,301
328,73,750,169,753,769,301
120,46,330,158,672,682,301
54,20,122,46,567,572,301
38,23,56,40,510,553,301
28,21,56,56,500,540,301
34,24,84,69,520,544,301
51,25,107,66,557,611,302
97,36,251,112,643,656,302
34,23,147,80,572,589,302
54,23,145,65,594,588,302
43,22,69,41,525,546,302
73,28,247,101,625,646,302
29,23,13,29,439,504,302
26,20,48,29,466,474,302
49,39,89,59,545,560,302
103,52,283,165,664,679,303
30,26,44,47,477,520,303
34,22,58,29,494,485,303
20,24,54,58,486,495,303
33,23,79,65,536,572,303
67,41,250,152,639,658,303
53,30,106,60,554,577,303
101,49,293,163,659,680,303
64,40,203,135,627,652,303
37,28,66,67,522,541,303
49,21,110,61,551,570,303
20,23,24,34,361,421,303
54,38,84,48,561,588,304
140,55,400,183,690,705,304
20,23,20,43,423,446,304
51,33,126,75,569,597,304
37,23,54,32,480,511,304
84,38,192,91,627,644,304
27,26,22,21,429,447,304
31,20,75,44,510,534,304
49,20,120,62,537,575,304
43,22,87,50,521,531,304
30,23,73,51,510,527,304
57,24,105,55,553,595,304
41,22,107,35,548,561,304
82,55,210,146,618,638,304
63,23,199,76,598,608,304
50,39,148,115,579,600,305
55,24,128,72,569,590,305
30,23,85,72,536,542,305
57,36,121,75,564,585,305
27,20,24,29,426,440,305
28,20,81,47,515,513,305
24,20,26,33,447,488,305
27,23,77,43,519,495,305
207,61,510,117,709,727,305
38,26,167,122,587,607,305
57,21,114,56,552,569,305
58,27,115,35,566,584,306
106,30,442,167,688,708,306
39,21,66,43,506,531,306
30,21,90,61,529,548,306
64,25,123,50,577,586,306
25,25,79,58,504,498,306
36,26,65,46,534,555,306
37,23,79,44,520,536,306
60,25,71,33,538,571,306
18,22,32,50,456,486,306
33,21,87,49,523,532,306
39,24,111,60,553,560,306
33,21,74,43,512,504,306
37,25,86,59,537,564,306
52,32,105,72,544,554,306
82,44,202,119,621,639,306
39,20,131,63,576,584,306
91,48,213,101,625,649,306
22,25,45,47,429,440,306
46,21,110,55,539,582,306
44,28,144,75,570,595,307
80,43,296,157,656,672,307
24,22,85,63,538,565,307
43,26,111,63,560,582,307
31,22,47,44,492,507,307
24,21,50,45,519,524,307
19,23,15,43,418,452,307
116,42,354,136,675,686,307
52,30,131,75,570,580,307
90,45,204,105,622,638,308
88,41,170,80,604,614,308
45,30,173,116,600,611,308
37,21,148,80,586,594,308
30,22,83,46,511,522,308
46,29,107,62,552,566,308
46,24,140,79,584,595,308
165,44,417,104,680,692,308
75,27,242,91,635,651,308
80,33,184,95,605,618,308
44,20,172,75,594,607,308
28,21,95,63,533,560,308
68,30,153,77,588,598,308
27,21,66,43,484,467,308
77,47,213,141,619,634,308
40,28,84,44,513,536,308
25,20,72,53,487,502,308
80,41,259,145,645,661,308
45,24,121,91,573,587,308
25,23,45,52,486,550,308
45,36,109,79,545,575,309
21,21,53,34,436,442,309
57,30,115,78,573,588,309
45,32,170,112,610,633,309
21,22,37,43,459,481,309
38,31,82,57,546,559,309
43,33,70,52,545,569,309
54,32,194,94,605,604,309
107,50,247,131,640,663,309
25,20,51,39,479,487,309
28,28,42,41,489,515,309
21,22,39,42,447,417,309
51,25,112,49,553,573,309
35,20,34,24,431,468,309
66,25,125,69,582,599,310
23,20,53,35,481,507,310
106,47,222,106,630,642,310
93,30,268,81,638,641,310
80,41,217,105,616,617,310
38,30,154,122,597,608,310
46,27,136,72,569,573,310
88,56,223,127,615,626,310
92,40,316,189,663,682,310
78,42,210,100,631,643,310
62,43,149,105,582,593,310
24,20,20,22,436,418,311
98,49,313,160,669,687,311
93,50,235,135,641,661,311
38,25,71,51,521,535,311
30,28,69,64,489,504,311
82,34,290,110,647,657,311
28,26,51,49,480,512,311
46,28,78,49,538,568,311
75,27,338,113,675,691,311
27,21,84,64,545,555,311
29,23,79,45,490,499,311
30,21,70,43,507,522,312
33,25,120,89,568,584,312
13,20,33,42,432,439,312
43,22,107,56,556,569,312
42,23,115,43,540,554,312
87,36,234,103,627,642,312
72,36,175,78,608,615,312
18,20,41,27,448,358,312
50,23,110,46,567,582,312
26,21,39,45,471,490,312
44,21,130,58,574,599,313
63,34,158,83,609,627,313
31,20,45,28,467,476,313
62,27,199,102,598,617,313
68,42,174,106,608,620,313
26,23,36,51,492,519,313
37,20,103,74,559,568,313
45,37,96,100,561,572,313
43,20,98,56,554,562,313
264,81,563,274,769,787,313
45,25,76,31,513,550,314
42,21,94,43,525,537,314
48,36,87,68,544,585,314
55,29,139,90,584,602,314
34,26,66,57,525,548,314
23,22,29,37,444,415,314
31,24,58,43,500,529,314
57,32,183,95,605,625,314
34,25,54,50,481,508,315
28,22,56,42,480,495,315
108,47,260,108,642,658,315
27,26,76,61,495,516,315
38,27,94,65,547,523,315
85,36,269,128,639,660,315
42,37,66,74,535,561,315
118,45,328,112,673,691,315
39,28,80,65,512,526,315
31,20,58,36,502,474,315
60,26,176,92,598,625,315
65,26,169,74,598,621,315
26,23,74,59,520,536,315
73,39,163,92,596,614,315
42,30,74,59,513,531,316
287,72,610,252,767,786,316
48,22,216,120,617,637,316
64,27,150,64,589,590,316
97,57,309,194,672,688,316
58,31,98,53,548,567,316
101,48,267,107,656,674,316
53,28,150,73,592,601,317
61,34,183,108,601,615,317
98,33,485,240,719,736,317
37,21,90,66,547,555,317
113,72,238,128,638,653,317
96,51,281,167,658,676,317
53,30,111,78,558,575,317
527,115,845,267,858,879,317
84,42,224,112,622,632,317
28,23,66,42,494,491,317
18,21,56,66,503,522,317
53,35,91,60,554,564,317
375,99,696,170,784,799,317
45,24,139,87,597,615,317
56,27,155,87,602,612,318
17,20,21,35,414,422,318
57,30,161,83,594,611,318
97,40,278,116,641,661,318
19,20,20,29,425,414,318
65,21,179,74,597,586,318
40,20,97,62,559,568,318
28,20,80,48,495,499,318
23,27,31,51,486,498,318
47,25,55,31,522,527,318
24,28,43,40,476,483,318
368,102,702,171,785,801,318
35,20,95,56,531,555,318
75,34,274,125,638,657,318
58,31,139,68,588,605,318
330,60,765,107,748,766,318
49,30,101,47,547,570,318
20,21,27,30,432,393,318
44,30,119,75,564,574,318
67,31,174,93,609,626,319
59,30,142,61,574,589,319
27,21,50,43,488,512,319
30,25,72,49,504,526,319
184,85,430,267,728,748,319
34,20,58,51,495,514,319
144,66,454,254,710,728,319
72,39,251,152,637,651,319
29,22,82,52,527,544,319
20,20,33,36,470,490,319
37,22,133,58,568,542,319
169,62,448,154,694,709,319
35,28,122,104,583,599,319
35,22,108,79,557,573,319
50,31,201,94,617,638,319
53,33,153,77,597,609,319
47,33,156,99,589,607,319
103,46,276,142,649,663,319
58,27,150,58,565,558,319
39,27,111,64,544,554,319
28,23,27,29,460,426,319
25,20,29,33,467,490,319
100,41,358,182,677,695,319
22,22,42,50,446,417,319
110,47,300,108,650,669,319
28,20,63,32,503,487,319
458,84,840,171,800,817,320
50,26,115,60,572,595,320
38,21,81,47,508,509,320
57,21,111,37,571,571,320
51,32,102,59,559,556,320
26,20,64,32,470,464,320
49,32,133,85,576,586,320
85,42,199,102,612,625,320
398,82,831,136,786,801,320
68,35,208,93,624,633,320
37,24,71,44,490,521,320
20,21,17,33,414,487,320
54,28,125,39,552,571,321
27,23,52,46,507,499,321
89,42,238,127,641,651,321
46,23,68,42,537,545,321
19,22,42,48,460,494,321
32,21,108,66,553,561,321
83,40,408,209,696,704,321
73,39,166,121,617,636,321
235,63,515,146,718,735,321
85,47,352,223,680,694,321
260,73,601,265,762,779,321
32,22,70,43,529,561,321
45,30,176,103,602,609,321
123,48,400,162,691,706,321
48,23,79,40,518,518,321
387,105,645,295,808,827,321
211,79,528,213,763,776,321
50,32,191,142,603,620,321
115,54,335,116,672,683,321
55,22,147,86,594,618,322
97,36,285,147,647,668,322
461,100,825,345,831,846,322
81,30,179,74,609,605,322
44,21,91,35,532,517,322
57,29,151,83,563,576,322
55,23,110,30,574,575,322
43,22,110,46,544,565,322
69,42,144,94,590,613,322
427,93,827,323,820,843,322
34,23,88,58,554,573,322
51,20,110,37,531,543,322
25,24,72,74,536,542,323
26,26,49,45,478,488,323
23,20,50,33,435,442,323
20,28,56,71,485,494,323
34,24,65,46,495,508,323
21,20,39,38,448,477,323
152,70,320,148,661,677,323
54,35,136,101,584,601,323
25,20,62,44,518,517,323
57,42,143,77,571,569,323
28,22,66,51,500,515,323
31,23,55,35,497,494,323
36,22,109,68,552,583,323
86,32,219,88,638,661,323
19,21,49,45,474,485,324
122,62,270,127,641,662,324
62,32,179,106,602,624,324
57,34,188,86,614,630,324
28,22,44,47,489,497,324
48,34,92,72,552,600,324
13,20,37,34,452,444,324
23,21,52,41,488,485,324
16,21,30,48,451,486,324
52,26,95,34,538,555,324
117,53,331,135,661,673,324
32,27,109,72,555,552,324
47,30,79,45,530,564,324
46,27,184,98,594,602,324
38,33,60,43,504,529,324
33,20,105,60,538,540,324
24,20,60,46,494,518,324
92,43,200,65,611,604,324
44,26,54,31,473,480,324
27,25,52,39,497,489,325
28,24,50,53,508,529,325
19,21,56,47,450,472,325
130,67,323,117,673,686,325
37,23,91,53,531,521,325
81,38,275,120,639,658,325
57,38,186,114,602,618,325
37,21,64,42,487,525,325
24,20,41,36,480,531,325
73,36,207,84,612,623,325
56,38,147,107,586,597,325
29,27,79,59,521,508,325
46,22,84,34,533,585,325
201,62,554,141,724,735,325
33,21,80,46,529,533,325
41,24,116,61,555,587,325
20,20,30,44,445,484,325
64,36,208,86,608,621,325
32,22,49,38,491,503,325
190,87,457,249,718,735,325
125,60,397,188,689,708,325
75,37,248,105,637,655,325
43,23,116,57,553,600,326
27,20,59,44,504,517,326
68,26,188,67,607,623,326
167,46,586,183,721,741,326
47,24,97,48,544,547,326
33,21,59,35,494,514,326
60,28,187,110,603,626,326
31,22,51,31,458,507,326
44,26,127,62,553,574,326
77,32,266,90,648,669,326
122,54,260,107,634,640,326
58,32,175,103,594,600,326
129,57,324,99,665,682,326
17,23,35,32,410,435,326
30,21,45,31,472,504,326
39,27,63,43,508,533,326
201,56,462,125,701,715,326
47,30,72,42,517,535,326
101,34,302,122,641,663,326
39,20,69,48,521,541,326
30,28,63,65,489,502,327
47,27,169,96,580,594,327
38,26,81,62,536,567,327
25,22,47,42,475,496,327
40,22,44,33,502,503,327
37,26,166,104,598,617,327
46,33,124,81,562,586,327
98,45,348,181,674,689,327
35,24,53,35,503,508,327
33,29,56,67,520,561,327
23,20,31,35,386,438,327
43,20,125,59,554,569,327
52,25,166,107,595,612,327
30,24,117,83,556,571,327
38,25,64,54,508,529,327
24,23,51,47,498,503,327
35,20,107,73,552,573,327
64,44,244,157,633,649,328
433,122,723,157,791,806,328
143,66,310,141,666,684,328
44,26,114,77,577,584,328
172,52,440,143,700,720,328
22,24,43,57,480,503,328
49,23,120,45,549,578,328
433,111,771,243,835,850,328
51,30,92,59,543,576,328
60,39,108,77,580,599,328
47,39,190,122,611,624,328
91,36,247,103,637,652,328
42,23,115,54,544,588,328
62,26,178,82,603,620,328
106,59,382,247,706,723,328
93,46,295,118,650,667,328
23,21,61,47,479,511,329
339,90,764,306,866,881,329
45,30,89,63,545,562,329
25,20,81,52,510,537,329
30,21,29,26,461,509,329
30,21,82,69,518,529,329
28,20,92,56,521,498,329
24,21,32,42,478,475,329
20,20,13,33,346,384,329
18,21,46,57,491,503,329
34,27,96,60,517,536,329
79,40,219,100,620,632,329
34,21,83,39,517,562,329
67,30,174,67,606,626,329
27,21,32,26,411,474,329
31,23,68,48,521,544,330
52,45,85,81,558,576,330
32,26,29,42,499,543,330
42,22,163,105,592,607,330
21,20,58,39,454,445,330
81,59,212,158,625,644,330
23,22,99,68,537,572,330
46,21,82,53,521,541,330
38,31,89,62,512,515,331
37,20,48,16,495,496,331
25,20,19,29,401,467,331
59,39,138,95,576,587,331
16,20,20,43,412,422,331
162,53,377,108,683,712,331
43,32,38,37,501,479,331
28,20,100,72,554,548,331
32,23,28,28,431,407,331
28,22,99,78,545,558,331
49,29,106,69,565,589,331
102,48,286,159,642,662,331
42,20,104,43,543,538,331
25,23,48,31,458,491,331
29,22,69,44,479,485,331
156,61,412,197,694,711,331
26,23,49,42,470,463,331
31,23,52,38,492,515,331
18,23,38,43,482,491,332
43,28,108,60,535,544,332
53,27,137,73,570,588,332
326,86,686,255,797,813,332
50,22,73,41,536,579,332
27,25,57,46,460,499,332
94,40,264,142,638,659,332
42,21,91,36,524,563,332
76,26,213,72,627,651,332
135,57,467,207,714,732,332
48,28,78,47,530,544,332
277,75,661,181,774,794,332
87,40,205,77,598,639,332
31,20,93,38,530,482,332
35,25,102,59,565,576,332
47,31,96,61,559,575,332
23,20,80,51,527,517,333
35,24,52,34,480,512,333
48,33,138,96,572,577,333
42,21,91,68,550,574,333
53,29,157,73,579,589,333
45,21,132,53,553,547,333
27,20,79,46,511,468,333
47,24,177,66,604,606,333
24,23,32,38,444,482,333
50,33,99,72,559,580,333
44,23,118,47,556,548,333
58,26,129,53,573,591,334
63,38,225,130,625,652,334
30,22,103,68,551,589,334
29,26,66,39,515,483,334
40,21,58,30,458,535,334
34,20,79,49,529,540,334
19,22,30,27,422,476,334
28,20,44,39,474,491,334
24,24,39,37,432,487,334
30,23,66,39,497,512,335
84,36,282,143,649,667,335
52,27,125,64,574,577,335
39,27,88,71,543,575,335
60,27,144,62,578,588,335
23,20,75,67,513,570,335
28,22,76,48,524,561,335
96,47,311,172,657,674,335
24,20,133,108,566,581,335
28,20,53,29,478,549,335
60,31,175,81,592,610,335
45,26,140,79,565,573,336
95,47,260,138,651,671,336
17,21,60,46,475,485,336
55,22,107,36,562,560,336
163,53,441,137,685,696,336
25,20,61,45,514,502,336
27,23,96,64,539,570,336
66,36,127,72,569,577,336
21,24,54,48,486,484,336
61,27,130,52,559,578,337
36,20,75,37,506,515,337
90,49,218,123,624,636,337
30,20,38,25,435,477,337
257,88,571,209,769,786,337
40,28,96,60,537,551,337
49,22,130,43,555,576,337
32,20,107,39,552,536,337
38,33,44,36,497,524,337
52,22,121,57,584,604,337
69,43,214,148,627,642,337
43,30,106,73,549,578,337
24,24,40,31,450,474,337
34,24,62,53,542,532,337
31,23,82,64,537,548,338
62,35,82,57,542,555,338
24,22,31,33,458,453,338
52,35,130,78,568,586,338
54,23,186,77,598,600,338
34,23,86,49,527,519,338
17,21,23,38,415,527,338
14,21,44,56,473,487,338
44,20,98,66,582,584,338
23,23,63,56,509,526,338
20,22,21,30,432,480,339
47,23,96,48,562,577,339
149,44,329,100,666,683,339
38,26,97,52,515,545,339
20,21,69,41,506,511,339
51,23,136,64,565,573,339
58,38,140,90,580,587,339
35,27,58,41,471,470,339
25,22,59,55,481,498,339
21,23,24,50,450,500,339
98,37,351,142,666,684,339
59,27,205,83,607,620,339
28,20,36,25,460,474,339
33,23,45,47,471,524,340
75,37,242,107,637,654,340
33,22,101,58,534,553,340
29,23,111,79,559,573,340
39,23,71,49,495,513,340
30,31,64,65,490,520,340
45,31,134,74,572,596,341
43,20,125,48,566,570,341
66,31,150,88,593,613,341
36,24,61,60,529,570,341
33,22,97,79,545,565,341
46,31,149,90,598,626,341
40,22,68,52,534,560,341
41,27,114,64,568,587,341
36,26,77,58,530,549,341
37,24,34,24,495,502,341
58,43,141,98,596,609,341
20,23,22,41,434,447,341
31,20,94,43,523,521,341
68,37,159,84,621,633,341
26,23,40,31,480,463,341
51,25,70,40,532,543,341
38,22,59,24,504,514,341
50,28,144,67,575,578,341
101,48,239,132,638,662,341
82,37,232,89,633,663,341
33,20,40,33,496,522,341
46,23,126,63,575,592,341
32,24,87,46,515,532,341
92,58,231,151,633,638,342
55,31,120,67,577,590,342
18,21,47,33,464,467,342
92,49,337,178,659,673,342
27,21,90,60,520,510,342
38,20,74,44,506,521,342
57,25,162,75,590,616,342
75,48,155,88,590,604,342
29,22,40,35,507,537,342
41,24,73,51,527,548,343
36,23,107,59,551,567,343
44,22,62,29,518,527,343
45,24,96,66,546,574,343
29,21,50,37,494,514,343
34,20,41,38,479,506,343
49,25,163,69,576,557,343
33,21,44,22,481,485,343
41,24,115,54,559,553,343
36,25,135,86,574,585,343
33,31,45,64,526,536,343
93,49,350,178,689,699,343
72,35,215,88,620,637,343
479,113,941,180,835,850,343
44,22,96,40,525,525,344
35,23,57,36,503,538,344
52,35,103,84,576,585,344
79,40,218,131,631,652,344
25,20,18,27,438,458,344
20,20,13,33,458,491,344
39,21,38,23,472,506,344
39,27,58,43,513,565,344
44,28,92,51,526,545,344
49,27,45,30,506,547,344
33,23,116,78,542,542,344
29,20,36,32,461,504,344
74,22,228,75,611,631,344
72,34,238,112,626,641,344
176,70,405,135,691,701,344
548,148,735,241,826,841,344
310,93,572,164,759,775,345
39,26,101,50,540,554,345
54,36,105,72,579,591,345
45,30,174,116,595,614,345
157,64,437,156,705,723,345
39,20,186,59,610,595,345
23,21,46,40,433,454,345
38,20,106,58,571,590,345
30,25,55,46,515,530,345
68,25,203,102,606,634,345
30,26,62,58,519,513,345
35,26,90,69,551,568,345
34,26,131,60,563,578,345
36,20,80,39,513,521,345
91,37,277,107,640,656,345
56,35,121,85,583,591,345
44,23,123,78,575,606,345
51,28,117,70,581,588,345
55,33,136,103,584,600,346
31,26,46,45,473,501,346
48,32,102,81,560,576,346
32,23,41,38,501,494,346
32,21,33,20,457,481,346
27,21,35,39,479,491,346
51,25,73,37,518,525,346
38,37,73,81,545,580,346
39,22,109,53,539,543,346
48,24,111,66,567,593,346
45,28,148,98,589,594,346
149,50,435,162,699,712,346
28,22,82,50,523,529,346
35,21,77,59,526,525,346
70,37,198,89,615,635,346
18,20,43,35,468,485,347
29,20,51,41,492,532,347
115,58,347,161,679,698,347
40,29,92,56,534,543,347
73,34,164,60,584,612,347
13,20,25,32,395,169,347
38,23,71,39,529,519,347
49,21,149,55,570,579,347
21,22,48,39,490,503,347
24,21,49,43,486,516,347
29,25,83,75,544,589,348
139,55,388,150,683,699,348
52,30,142,78,588,597,348
37,24,78,36,529,547,348
26,22,70,48,502,522,348
22,22,16,24,367,433,348
38,27,58,47,520,540,348
48,26,76,39,512,532,348
31,20,65,34,490,528,348
70,40,232,112,632,643,348
92,43,240,86,636,648,349
23,22,69,75,545,566,349
39,20,80,46,524,543,349
20,23,43,49,505,502,349
49,22,103,48,561,586,349
35,21,71,53,531,562,349
42,24,84,62,541,556,349
143,56,395,143,683,701,349
18,20,33,30,473,476,349
37,31,76,65,548,555,349
41,20,97,45,546,533,349
118,55,406,212,685,699,350
57,40,108,65,564,591,350
64,31,182,99,611,627,350
58,25,85,29,535,536,350
167,69,482,270,742,755,350
168,51,529,197,723,739,350
24,20,40,26,476,512,350
49,34,136,90,577,590,350
75,37,213,106,634,650,350
41,27,107,86,574,602,350
35,20,89,37,519,544,350
64,26,144,46,587,596,350
33,24,86,73,535,547,350
134,60,463,267,727,745,350
79,40,202,93,611,622,350
116,48,405,168,693,710,350
69,39,158,90,594,617,350
25,22,52,48,501,506,351
46,21,95,53,551,572,351
30,29,67,57,507,525,351
252,77,633,217,740,759,351
284,91,622,218,750,766,351
54,36,92,63,542,557,351
95,47,287,150,651,669,351
59,21,186,62,600,610,351
89,44,234,131,641,662,351
36,24,57,48,508,520,351
37,22,87,56,540,576,351
68,27,165,73,599,619,351
39,29,99,73,548,578,351
339,87,762,320,828,843,351
186,68,456,171,700,715,351
76,25,177,58,611,632,351
183,61,413,109,687,702,351
51,21,137,58,564,555,351
62,25,129,47,564,577,351
240,90,529,186,730,750,351
56,26,243,116,632,652,351
24,23,41,46,465,515,351
24,20,67,48,510,534,351
131,80,253,153,647,674,351
481,124,758,175,804,821,351
308,64,794,162,764,779,351
39,21,102,45,539,537,351
60,35,164,117,590,611,351
23,20,37,35,451,455,352
70,48,143,99,601,615,352
36,27,101,88,547,569,352
31,20,86,48,516,537,352
24,23,15,25,447,495,352
31,20,105,45,523,539,352
20,23,38,44,470,500,352
35,20,44,23,484,511,352
25,24,80,52,499,520,352
26,22,61,47,522,543,353
48,29,105,71,558,579,353
38,20,103,46,537,565,353
31,20,43,25,505,515,353
31,27,90,74,558,589,353
59,35,158,80,589,603,353
22,20,20,25,375,417,353
38,23,90,43,541,554,353
22,20,107,72,538,545,353
14,20,17,31,400,372,353
43,31,130,108,576,594,353
43,24,42,22,472,514,353
69,40,104,62,556,582,354
37,24,69,32,517,472,354
31,20,70,25,503,494,354
35,23,73,60,528,569,354
57,26,152,102,579,593,354
46,26,85,53,562,525,355
101,42,253,100,634,652,355
26,25,43,32,484,500,355
46,25,69,55,525,488,355
41,25,72,54,529,541,355
47,32,102,50,546,528,355
35,20,55,50,488,479,355
40,24,76,49,534,569,355
43,29,189,119,608,622,355
172,70,429,170,705,722,355
30,20,67,31,501,509,356
63,38,113,43,546,565,356
36,24,87,55,526,551,356
91,46,305,140,655,671,356
50,22,166,77,581,596,356
55,30,122,74,573,603,356
41,29,70,64,550,514,356
39,20,118,52,548,546,356
25,24,82,66,542,562,356
59,26,100,40,544,573,356
24,28,25,38,483,522,356
51,26,156,73,594,599,357
78,30,195,65,595,613,357
19,20,27,23,396,391,357
53,37,95,48,534,540,357
49,21,131,75,554,587,357
23,25,30,34,465,499,357
64,33,135,51,582,600,357
35,23,83,55,543,567,357
46,26,223,107,612,630,357
141,58,416,210,678,704,357
57,35,154,90,579,595,357
56,27,145,71,568,591,357
67,27,193,76,603,620,357
46,22,208,95,615,636,357
37,33,53,53,500,519,357
24,21,51,34,462,489,357
29,23,52,59,488,521,357
18,24,42,57,489,522,357
130,60,258,107,640,658,358
25,23,90,71,533,546,358
29,25,60,42,492,461,358
21,22,40,48,476,501,358
103,51,343,186,671,687,358
59,23,128,50,580,583,358
31,21,87,43,524,542,358
44,21,104,49,536,547,358
50,31,116,89,568,585,358
48,28,149,74,560,580,358
40,25,157,79,588,612,358
26,22,13,25,406,420,359
18,21,15,18,455,470,359
33,26,132,87,566,566,359
27,24,55,50,473,498,359
21,23,43,56,501,505,359
40,29,92,66,551,544,359
35,20,85,65,524,573,359
48,33,86,65,532,553,359
40,20,104,38,542,575,359
48,31,119,94,562,584,359
55,32,79,32,532,547,359
73,38,199,116,618,630,360
71,34,254,122,652,673,360
22,20,65,44,513,547,360
16,22,25,31,397,418,360
120,46,370,122,675,695,360
16,20,45,43,461,461,360
30,20,67,47,506,517,360
58,24,150,52,579,582,360
34,22,54,36,459,472,360
32,20,26,37,451,499,361
80,33,245,88,640,660,361
58,26,115,65,574,605,361
53,29,206,127,600,621,361
39,24,72,40,484,507,361
52,23,108,50,554,576,361
148,65,479,240,730,745,361
38,21,104,66,554,580,361
21,27,20,39,420,428,361
48,26,90,49,541,563,361
91,32,212,76,609,623,361
21,20,46,55,488,524,362
25,21,65,54,499,516,362
53,28,100,64,545,567,362
37,28,117,98,573,591,362
46,22,45,35,511,562,362
46,31,96,61,546,572,362
36,24,46,36,494,540,362
23,21,44,38,466,467,362
56,29,160,71,606,621,362
436,99,807,140,780,803,362
46,35,73,48,533,558,362
41,32,108,89,570,602,362
247,59,701,240,764,789,362
19,20,27,49,430,509,362
29,25,65,40,487,496,362
51,25,140,63,573,590,363
45,23,91,47,541,561,363
57,35,119,97,576,604,363
117,33,272,91,644,662,363
52,24,127,48,551,595,363
38,27,69,55,515,523,363
31,20,56,34,507,541,363
41,22,65,28,515,533,363
186,51,585,147,725,742,363
33,21,72,28,493,466,363
40,20,78,20,505,525,363
49,33,134,96,565,576,363
68,21,178,60,585,611,363
53,36,68,64,522,561,363
33,21,35,34,442,492,363
184,82,455,232,715,729,363
40,24,129,78,578,595,363
50,31,120,66,570,590,364
284,79,637,239,765,780,364
172,56,429,146,697,712,364
27,22,106,82,542,551,364
46,23,117,46,549,553,364
16,20,23,32,412,462,364
48,31,127,79,558,568,364
29,28,102,59,509,518,364
39,21,123,82,559,591,364
40,23,87,34,540,544,364
88,36,392,164,675,681,364
43,33,126,100,594,602,364
42,21,91,57,535,560,364
53,34,131,75,585,601,364
46,24,154,77,581,591,364
20,20,60,51,443,465,365
64,33,154,105,593,615,365
21,23,97,97,556,563,365
62,38,197,121,620,648,365
30,27,44,47,493,513,365
232,108,463,219,720,735,365
147,78,378,175,687,706,365
41,26,117,52,558,545,365
36,24,103,64,539,562,365
60,33,177,135,609,632,365
31,23,85,60,535,562,365
42,22,100,33,533,556,365
78,38,292,163,658,676,365
78,44,190,104,610,633,365
34,25,51,39,492,529,365
34,23,84,36,517,544,365
18,22,39,44,458,482,365
24,23,59,55,488,495,365
61,34,114,89,561,579,366
64,36,121,80,580,604,366
267,75,613,209,755,775,366
79,25,151,41,567,594,366
37,26,136,96,557,572,366
57,37,106,46,542,551,366
66,24,120,50,567,596,366
22,24,87,73,521,542,366
46,21,107,46,571,584,366
54,35,136,69,575,569,366
19,20,46,43,450,483,366
21,20,48,34,459,471,366
32,27,96,50,527,548,366
24,22,55,36,453,434,367
36,27,152,110,585,596,367
76,52,220,157,642,661,367
227,79,474,169,713,729,367
30,25,65,59,496,517,367
46,27,132,66,568,586,367
37,26,70,54,539,576,367
18,20,56,57,486,500,367
134,53,368,137,678,690,367
66,33,143,63,570,594,367
56,28,123,87,584,580,367
80,51,168,104,595,612,367
47,23,158,72,590,605,367
37,20,83,44,537,545,367
78,23,197,50,602,609,367
77,44,186,76,600,618,368
27,22,69,54,505,516,368
71,29,185,90,615,623,368
47,30,119,77,569,574,368
53,26,140,76,570,590,368
32,23,71,68,505,539,368
30,22,46,32,510,522,368
23,21,51,49,515,553,368
18,20,54,36,432,439,368
113,41,471,185,719,736,368
29,21,113,58,557,560,368
66,34,218,134,635,644,368
39,23,83,41,532,514,368
95,54,195,107,619,635,368
24,20,61,37,458,418,368
31,26,30,37,461,447,369
61,30,199,112,614,632,369
33,22,69,46,512,503,369
25,21,16,30,450,518,369
34,21,73,42,512,510,369
58,29,112,56,553,579,369
47,20,130,48,577,591,369
24,22,22,31,432,443,369
43,26,106,64,553,582,369
91,42,217,119,622,640,369
62,32,130,67,571,589,369
125,56,237,106,629,638,369
40,20,100,67,552,579,369
16,23,40,42,474,482,370
78,42,218,134,630,650,370
46,30,194,112,603,621,370
224,71,589,148,725,740,370
44,25,81,41,539,585,370
42,35,114,101,572,584,370
41,21,85,35,540,539,370
92,38,338,169,659,673,370
78,34,233,92,632,644,370
30,25,85,52,504,514,370
63,39,157,95,593,606,370
24,26,31,47,473,515,370
87,34,220,79,617,627,371
25,21,58,55,491,513,371
253,61,622,158,741,760,371
36,25,56,51,525,557,371
37,30,108,80,550,555,371
32,22,80,54,542,558,371
40,22,67,43,510,497,371
85,52,236,161,636,654,371
22,24,44,63,482,519,371
24,21,50,50,478,518,371
37,26,73,54,532,544,371
52,27,161,112,592,605,371
216,74,531,281,772,789,371
69,25,155,55,582,605,371
55,31,109,67,557,574,371
95,34,261,130,645,659,372
44,32,76,65,533,538,372
48,23,80,42,518,543,372
26,20,58,31,478,499,372
37,23,80,54,516,529,372
54,23,147,68,583,599,372
64,26,92,54,557,583,372
77,38,200,95,598,630,372
385,93,735,151,771,793,372
213,73,530,143,714,726,372
46,36,81,68,517,539,372
36,21,68,39,492,501,372
27,28,51,62,478,493,372
34,23,151,98,576,584,372
20,22,49,35,448,436,372
39,28,120,80,560,586,373
52,36,92,64,548,575,373
27,22,56,46,471,468,373
75,44,295,152,657,671,373
27,25,49,35,457,455,373
219,47,595,109,726,745,373
33,21,64,46,513,518,373
37,20,86,43,516,523,373
51,22,107,32,548,557,373
44,37,114,96,564,566,374
144,57,416,174,696,712,374
51,31,97,66,542,561,374
36,24,90,60,527,533,374
44,28,104,47,541,564,374
62,40,238,154,636,642,374
27,21,33,27,429,477,374
29,20,105,71,540,570,374
40,29,96,75,561,605,375
44,24,152,61,570,591,375
105,38,278,128,646,669,375
66,32,191,99,618,640,375
61,35,175,107,593,604,375
79,35,174,74,590,602,375
43,20,116,64,545,564,375
102,36,235,79,628,660,375
37,22,124,61,562,568,375
43,30,118,86,570,601,375
41,22,92,52,537,544,375
47,22,143,69,565,588,375
39,34,106,58,530,532,375
51,27,169,103,580,586,375
76,40,218,115,618,626,375
23,20,57,39,494,504,375
15,20,26,34,388,416,376
77,39,191,96,612,618,376
41,30,123,81,556,558,376
34,23,101,63,540,554,376
17,21,57,62,452,465,376
30,25,75,55,509,497,376
54,23,134,65,570,583,376
30,20,66,37,490,492,376
34,25,67,41,514,514,376
28,22,89,67,528,548,376
43,23,72,45,500,515,376
39,20,113,59,529,558,376
17,20,51,49,475,520,376
64,38,118,69,556,560,376
38,33,101,95,559,583,376
27,22,78,53,511,529,376
56,44,169,146,606,623,376
96,32,254,106,637,644,377
323,64,725,131,755,774,377
76,39,186,78,606,622,377
33,23,106,62,531,564,377
30,28,36,37,444,431,377
17,21,29,40,455,455,377
36,25,97,52,526,536,378
147,43,474,119,693,713,378
28,20,86,71,556,565,378
22,22,51,38,480,508,378
76,29,190,81,602,620,378
31,24,85,64,518,524,378
48,33,92,49,519,550,378
40,22,113,70,548,567,378
60,30,191,102,591,610,378
29,26,48,46,489,499,378
37,26,120,90,567,559,378
39,22,47,27,507,528,378
29,22,69,55,524,538,378
18,20,48,40,445,459,378
51,25,238,126,633,640,378
24,26,44,46,462,465,379
41,22,65,46,520,529,379
35,20,94,47,528,537,379
52,29,127,73,588,607,379
66,32,176,79,598,615,379
31,22,61,47,499,488,379
26,21,65,48,489,493,379
29,22,91,58,526,540,379
29,23,120,97,563,582,379
19,21,35,37,443,365,380
38,21,42,33,459,500,380
127,76,285,177,666,684,380
37,23,51,39,482,450,380
34,24,87,55,525,535,380
22,20,34,42,467,490,380
49,26,204,126,617,630,380
28,21,85,60,518,531,380
58,29,84,39,537,541,380
51,35,129,91,581,583,380
61,42,117,102,563,582,380
86,32,251,73,628,655,380
47,27,85,43,511,539,380
46,37,113,87,563,593,380
43,22,154,88,559,582,380
99,34,232,68,634,663,380
74,25,172,74,599,631,380
50,29,102,58,558,577,381
391,70,852,261,809,828,381
48,32,95,62,535,544,381
163,60,398,180,683,701,381
49,32,73,45,524,544,381
186,79,468,185,722,739,381
38,21,83,53,534,556,381
102,40,291,128,649,676,381
29,21,64,50,483,504,381
79,41,188,74,618,627,381
35,28,66,58,518,532,381
35,21,81,60,514,536,382
323,93,612,208,773,789,382
88,40,183,69,606,612,382
114,51,343,195,680,697,382
53,30,110,38,574,578,382
31,24,85,58,516,535,382
37,22,93,59,541,576,382
23,22,46,28,464,502,382
31,20,56,32,472,459,382
63,25,174,71,610,625,382
38,21,92,49,536,544,382
103,44,301,104,657,667,382
27,20,49,29,450,442,382
184,59,537,207,718,733,382
52,34,151,108,591,618,383
89,46,203,124,631,659,383
35,25,144,97,576,596,383
83,35,47,30,498,463,383
29,22,86,71,538,538,383
41,24,110,55,546,573,383
203,85,467,211,713,729,383
73,40,276,158,645,663,383
136,57,486,209,718,733,383
52,36,128,80,556,567,383
43,34,126,90,575,591,383
25,23,87,56,534,513,383
34,21,85,60,550,549,383
43,20,138,51,571,562,384
15,20,29,45,463,496,384
61,32,183,92,586,610,384
48,29,64,35,507,512,384
70,45,136,61,562,575,384
34,20,113,79,568,585,384
96,54,266,164,650,661,384
305,95,571,230,788,803,384
27,21,62,48,491,499,384
36,20,92,52,540,547,384
125,51,303,110,644,658,384
73,39,167,73,602,623,384
57,31,168,91,591,609,384
49,37,87,74,533,555,384
34,25,59,51,511,507,384
48,26,67,41,534,553,384
28,27,34,33,465,453,384
24,24,17,29,397,452,384
31,26,75,55,508,519,384
54,24,79,33,539,562,384
23,22,73,55,535,562,385
62,35,187,95,586,590,385
71,32,214,106,628,642,385
28,20,104,70,547,566,385
14,20,32,39,415,439,385
25,20,21,25,418,454,385
56,36,157,105,585,603,385
43,24,66,27,516,497,385
47,32,103,64,561,567,385
42,23,115,68,552,555,385
60,31,139,85,584,584,385
21,20,48,49,481,438,385
36,23,56,32,495,454,385
47,21,130,67,544,543,386
26,23,55,41,486,501,386
34,20,68,43,498,498,386
46,28,143,95,591,608,386
150,64,472,264,737,753,386
30,23,51,28,443,466,386
37,23,121,64,573,580,386
30,22,64,54,510,521,386
23,22,58,44,478,492,386
53,38,178,118,597,610,386
23,21,71,49,510,529,386
27,22,52,41,476,506,386
44,31,116,72,544,559,386
39,29,83,72,521,532,386
66,33,191,85,609,621,386
48,26,133,57,564,577,386
42,30,127,80,569,582,386
40,26,66,44,518,545,386
34,21,64,49,491,503,386
92,51,333,208,671,682,387
59,40,208,136,610,632,387
61,39,121,79,572,588,387
55,29,206,101,604,606,387
25,22,46,43,478,468,387
38,21,90,42,527,545,387
180,63,509,193,731,747,387
21,21,25,36,434,464,387
56,28,125,47,555,580,387
23,26,65,51,489,489,387
122,49,362,126,672,675,387
38,22,114,84,558,568,387
63,47,199,155,613,623,387
84,40,284,157,645,662,387
53,33,112,70,548,550,387
32,23,66,54,506,509,387
37,20,127,67,584,600,387
38,23,112,74,564,593,387
84,28,265,110,630,651,387
51,30,119,62,562,545,387
30,21,60,42,505,513,387
38,22,72,61,534,560,388
174,61,290,92,645,661,388
61,23,129,52,563,568,388
28,20,49,36,478,522,388
34,26,84,48,524,526,388
25,27,83,75,513,539,388
78,37,311,163,649,661,388
29,25,93,53,523,517,388
692,155,825,225,855,871,388
35,22,109,67,531,558,388
59,27,158,78,601,618,388
45,21,102,55,551,559,388
39,25,34,30,465,484,388
36,20,57,25,463,523,388
37,28,77,52,513,538,388
31,25,67,58,502,521,388
20,20,50,35,454,474,388
35,26,72,46,518,530,388
27,24,36,35,440,461,388
40,29,86,51,531,532,388
22,21,26,35,424,452,388
21,21,40,50,474,489,389
29,21,57,41,494,419,389
66,26,168,59,590,599,389
37,27,70,43,519,510,389
28,21,74,38,497,492,389
28,22,95,56,507,521,389
68,35,195,100,614,632,389
41,21,69,39,514,512,389
51,31,142,109,580,594,390
20,24,42,47,421,456,390
35,32,107,81,536,554,390
24,21,21,33,395,497,390
69,32,199,76,609,619,390
31,23,65,35,490,536,390
20,25,21,40,438,459,390
36,26,103,87,557,579,390
88,42,163,114,623,648,390
47,30,78,44,523,529,390
48,21,155,76,591,595,390
32,28,81,74,536,548,391
33,23,93,55,504,516,391
75,35,156,67,589,616,391
174,57,425,120,688,710,391
43,21,107,68,562,565,391
26,21,97,51,521,544,391
33,23,117,52,528,548,391
23,21,52,51,490,525,391
51,28,128,69,569,582,391
44,26,106,58,554,586,392
46,27,88,50,516,528,392
72,36,183,110,608,630,392
13,23,34,47,379,460,392
36,24,67,45,513,515,392
27,22,70,54,489,515,392
38,23,113,42,535,549,392
30,27,60,54,512,551,392
100,42,239,105,626,647,392
42,28,108,61,541,559,392
21,21,43,44,452,451,392
20,23,32,39,441,454,392
29,22,61,44,487,498,392
34,25,56,46,472,527,392
56,27,144,84,573,591,392
28,24,61,46,504,517,392
36,22,64,45,505,551,392
27,22,47,55,471,500,392
23,23,31,46,458,514,392
32,26,78,72,521,555,392
75,43,193,115,629,643,392
30,24,91,51,520,525,392
22,21,58,44,461,504,392
94,46,241,126,646,661,393
30,26,75,62,525,552,393
57,20,115,43,571,580,393
27,28,65,55,508,542,393
31,24,48,43,491,521,393
81,38,230,101,619,624,393
34,24,87,50,518,526,393
33,28,49,50,465,508,393
38,25,128,89,568,590,393
63,32,204,90,615,629,393
30,23,51,55,504,544,394
24,25,43,45,477,490,394
59,35,157,86,602,617,394
35,22,71,27,502,499,394
31,21,36,21,466,455,394
42,28,86,39,522,560,394
153,49,489,162,703,717,394
43,21,143,91,576,592,394
62,32,80,51,535,571,394
168,53,572,189,730,744,394
22,21,44,49,497,514,394
36,26,84,48,526,539,395
51,24,112,63,560,560,395
84,36,207,78,609,623,395
37,28,60,33,511,531,395
46,22,95,53,544,549,395
76,36,298,161,655,668,395
173,59,364,122,677,699,395
26,30,48,47,478,524,395
33,23,70,43,497,514,395
53,34,152,92,581,604,395
62,30,97,53,542,563,395
20,24,42,46,454,492,395
46,22,119,55,566,591,395
51,31,111,68,546,574,395
31,22,64,43,503,514,395
22,20,51,43,478,495,396
23,20,124,100,563,577,396
61,47,97,77,545,559,396
61,43,191,121,610,625,396
71,32,192,108,609,626,396
64,37,174,92,608,628,396
16,20,32,32,463,455,396
57,39,111,82,570,598,396
53,41,71,64,536,550,396
32,27,53,31,473,526,396
27,20,76,52,521,521,396
96,41,244,102,635,655,396
49,26,109,76,558,568,396
51,25,76,29,527,491,397
34,21,83,74,558,580,397
91,45,225,102,621,637,397
23,21,47,31,485,487,397
37,36,59,68,517,539,397
58,21,153,68,582,593,397
31,23,126,81,544,554,397
46,27,113,73,562,593,397
60,25,155,66,592,618,397
79,27,225,83,616,627,397
113,57,313,185,667,684,397
32,24,90,71,538,562,397
21,25,52,70,518,557,397
23,21,42,37,480,515,397
56,26,136,78,570,588,398
37,24,112,68,544,573,398
45,35,72,53,541,570,398
40,22,69,36,508,552,398
32,22,65,36,474,509,398
31,21,53,33,486,488,398
36,21,76,51,524,555,398
160,50,495,181,712,731,398
33,21,123,79,574,592,398
328,130,599,282,783,798,398
39,28,114,91,570,581,398
108,51,268,134,645,664,398
40,22,113,48,553,551,398
54,28,93,42,550,601,398
22,20,97,85,556,570,399
57,42,162,136,597,616,399
42,26,48,31,472,460,399
32,23,96,56,532,554,399
319,86,649,189,779,795,399
80,35,147,68,579,609,399
40,25,151,87,585,596,399
37,22,81,47,515,557,399
40,20,74,41,521,562,399
46,26,108,68,537,543,399
39,26,41,31,479,451,399
39,27,108,70,547,544,399
197,68,528,197,735,747,399
40,30,137,86,601,611,399
42,25,56,44,507,533,399
70,36,170,108,601,616,399
47,27,72,42,500,557,399
464,90,985,163,798,814,400
28,25,94,60,527,541,400
125,56,349,149,669,683,400
32,20,96,56,538,553,400
26,21,44,44,466,497,400
43,31,153,113,597,613,400
76,54,251,187,639,658,400
80,25,224,52,604,616,400
29,23,111,60,547,562,400
42,27,82,49,533,542,400
213,72,525,198,733,750,400
280,94,612,218,756,774,400
268,77,570,267,790,809,400
331,87,605,225,785,804,400
78,43,220,117,610,624,400
26,21,75,55,488,531,400
12,20,42,46,426,473,400
55,22,186,95,609,613,400
20,20,95,72,542,571,400
43,25,94,62,544,578,400
36,28,78,67,496,554,400
25,24,55,50,494,527,400
127,30,415,121,673,690,400
74,30,195,89,610,624,400
37,21,88,46,515,521,400
30,22,86,55,524,555,400
49,34,110,56,557,576,401
28,24,59,24,476,475,401
24,23,84,69,500,528,401
48,28,105,60,545,559,401
63,41,128,106,596,612,401
42,22,83,41,528,537,401
35,23,147,84,564,580,401
76,37,206,82,616,637,401
25,22,65,32,465,501,401
51,28,96,53,543,577,401
28,28,72,71,518,544,402
53,23,123,42,573,558,402
37,26,61,46,504,545,402
53,30,108,71,560,568,402
31,23,69,51,504,535,402
33,20,57,27,495,517,402
47,24,159,78,583,607,402
51,29,119,69,539,559,402
34,22,45,39,491,509,402
176,52,405,109,691,711,402
32,22,46,36,469,503,402
47,21,83,41,531,545,402
83,48,287,144,678,693,403
29,20,76,45,500,518,403
69,43,127,91,579,592,403
42,25,91,45,528,559,403
36,25,66,36,479,485,403
41,25,59,36,478,532,403
29,25,58,34,455,446,403
31,21,118,78,553,581,403
31,31,104,69,525,529,403
53,30,168,101,603,617,403
165,45,442,138,680,701,403
27,26,48,37,480,502,403
51,29,118,55,546,563,403
38,25,118,83,556,580,403
26,21,40,35,467,498,403
64,37,142,80,594,615,403
68,30,151,83,578,590,403
30,24,104,76,536,564,403
34,25,67,39,492,480,403
46,23,99,37,518,518,403
51,21,103,55,562,591,404
29,22,69,66,538,560,404
144,55,333,109,665,684,404
32,27,88,81,562,576,404
19,22,35,40,448,489,404
39,24,153,97,588,597,404
77,32,318,155,660,676,404
36,26,101,73,556,574,404
73,28,164,68,592,619,404
36,25,91,54,525,563,404
23,22,52,39,479,467,404
85,46,194,100,618,633,404
36,20,37,26,464,477,404
118,52,246,118,645,660,404
62,33,115,58,574,598,404
32,21,77,44,500,553,404
116,47,411,125,681,700,404
27,23,60,34,465,515,405
69,33,248,123,647,665,405
31,26,37,38,479,472,405
157,60,502,234,721,736,405
16,20,58,57,497,506,405
36,20,59,33,486,469,405
22,24,32,54,472,485,405
57,26,133,41,543,540,405
215,65,568,238,763,780,405
81,36,189,82,610,625,405
31,23,79,51,495,493,405
22,20,45,39,461,477,406
29,25,60,50,500,508,406
44,23,95,40,537,548,406
66,43,198,130,624,644,406
99,34,239,76,624,647,406
40,25,50,32,507,525,406
33,20,186,126,599,619,406
45,31,84,70,539,568,406
40,30,69,50,503,512,406
451,98,737,248,806,824,406
59,27,197,98,609,630,406
31,24,83,69,541,566,406
50,34,123,77,557,578,406
51,25,137,65,577,600,406
105,38,293,84,642,649,406
38,24,106,54,542,503,407
80,44,135,82,595,612,407
77,36,167,85,610,628,407
37,25,56,41,492,522,407
25,21,36,33,462,499,407
43,26,92,49,516,539,407
37,23,98,67,540,549,407
82,38,157,93,593,606,407
45,22,141,51,578,594,407
44,23,107,53,525,536,408
39,24,130,63,559,570,408
29,21,104,68,540,561,408
53,20,118,63,570,590,408
39,23,80,43,541,557,408
23,24,48,44,474,469,408
31,25,77,69,532,564,408
64,25,151,65,576,587,408
57,32,139,94,569,598,408
36,23,71,41,512,532,408
72,30,199,82,618,639,408
37,20,113,51,560,578,408
213,75,388,123,698,716,408
123,45,300,107,651,668,408
105,57,300,193,665,682,408
37,21,134,76,561,574,408
67,39,179,128,599,611,408
197,83,433,190,709,727,408
51,25,122,56,568,579,408
21,20,71,36,490,437,409
40,20,131,79,564,565,409
46,23,117,78,567,601,409
53,36,139,93,576,610,409
67,40,175,105,613,636,409
83,39,238,115,633,651,409
34,29,97,66,526,546,409
115,53,453,145,676,692,409
18,20,39,41,423,473,409
43,28,136,57,557,575,410
43,27,105,65,562,573,410
39,20,82,45,536,556,410
27,20,98,83,566,591,410
31,23,52,47,492,501,410
38,21,71,23,486,520,410
39,23,114,75,575,588,410
42,28,142,58,551,564,410
32,23,87,54,528,530,410
44,24,98,34,532,521,410
37,29,84,60,522,533,410
45,26,160,101,593,610,410
54,35,119,82,555,579,410
27,22,59,34,487,502,410
75,43,218,111,620,638,410
80,26,278,80,634,646,410
95,36,208,96,618,644,410
37,24,142,93,571,567,411
35,26,114,68,545,559,411
38,20,82,36,513,509,411
29,26,73,60,517,528,411
30,28,32,55,466,537,411
37,25,61,44,514,523,411
42,22,73,43,527,564,411
40,24,147,92,575,587,411
22,21,43,47,454,477,411
44,22,136,64,554,563,412
44,31,130,92,579,594,412
45,32,131,96,588,608,412
32,25,50,40,486,508,412
33,27,88,77,544,571,412
36,29,117,79,548,567,412
46,21,131,65,559,569,412
33,22,48,38,494,494,412
58,30,141,59,568,581,412
38,22,101,74,541,576,412
24,20,70,61,499,536,412
281,88,600,221,779,800,412
76,33,234,93,634,652,412
79,41,209,106,607,624,412
42,21,121,72,561,589,412
35,24,113,83,551,568,412
60,30,163,82,582,601,412
59,29,113,57,580,602,412
120,60,320,167,669,685,412
45,23,150,66,577,595,412
54,32,161,95,579,594,412
35,24,96,61,543,562,412
62,29,166,99,597,614,413
62,31,131,64,581,596,413
20,20,40,52,445,517,413
44,24,122,71,575,598,413
27,27,68,66,511,531,413
23,26,44,54,476,514,413
35,24,121,62,562,583,413
39,20,144,68,577,597,413
38,20,82,38,521,552,413
57,32,80,55,527,575,413
97,37,323,137,659,681,413
45,20,114,40,551,569,413
37,20,46,30,475,547,413
29,24,73,41,487,515,413
66,34,165,80,598,622,413
20,21,82,89,525,550,413
24,24,56,40,467,490,414
133,57,359,147,673,691,414
81,41,206,102,630,650,414
30,28,48,60,494,524,414
26,23,55,46,500,506,414
47,33,121,84,571,595,414
35,24,71,43,504,505,414
64,49,186,122,602,615,414
94,51,269,166,653,670,414
33,25,57,46,509,527,414
44,25,78,74,529,570,414
37,20,101,74,534,555,414
36,22,60,34,514,550,414
37,27,66,48,503,534,414
232,86,524,216,742,756,414
44,24,96,45,538,561,414
35,21,209,111,610,630,414
36,22,140,89,584,592,414
145,52,467,221,714,733,414
60,36,155,119,603,624,414
26,22,81,53,506,519,414
170,69,473,249,751,769,414
371,112,797,318,870,883,414
181,69,471,271,756,769,414
144,71,360,212,682,703,414
26,22,57,39,478,507,414
49,27,72,46,485,517,414
21,20,34,25,372,424,415
43,31,109,69,549,566,415
41,21,66,51,506,544,415
46,36,174,129,593,616,415
49,34,178,109,592,603,415
53,36,117,84,558,573,415
68,29,308,124,637,654,415
57,33,155,85,573,588,415
23,22,95,75,555,568,415
34,25,88,73,542,565,415
70,32,158,63,589,602,415
94,43,301,125,651,674,415
92,41,307,113,659,678,415
117,51,347,143,667,687,415
57,23,124,64,558,569,416
55,47,167,128,590,606,416
44,32,99,79,532,554,416
75,33,200,83,607,627,416
47,26,106,65,557,589,416
50,23,109,47,533,544,416
310,89,678,327,833,846,416
48,22,124,52,580,597,416
21,22,22,38,433,451,416
541,95,975,197,857,878,416
54,36,119,71,571,586,416
70,24,135,40,579,593,416
178,70,470,212,722,743,416
44,23,117,73,541,536,416
37,21,98,60,539,549,416
39,22,76,45,513,521,417
28,27,57,64,500,513,417
50,35,111,98,568,567,417
105,44,309,148,659,669,417
25,20,59,50,493,511,417
37,29,109,82,548,576,417
39,29,41,47,444,514,417
33,24,53,50,513,561,417
37,24,91,51,531,567,417
22,20,46,44,484,478,417
171,48,395,157,683,702,418
17,22,41,32,425,442,418
29,21,61,35,462,502,418
41,29,114,75,550,567,418
19,23,22,35,431,467,418
45,21,87,39,517,525,418
23,21,33,36,402,451,418
71,48,171,118,595,618,418
27,20,60,42,482,492,418
37,23,131,89,575,594,418
66,33,191,84,596,597,418
78,32,330,159,655,680,418
48,32,100,87,572,590,418
44,22,96,46,539,552,418
81,28,237,70,616,628,418
79,25,151,60,575,590,418
34,26,33,27,476,461,419
26,22,120,79,553,568,419
74,41,167,97,609,623,419
45,28,135,80,568,580,419
84,36,178,61,596,611,419
16,22,53,57,486,513,419
58,39,162,122,595,608,419
44,25,115,53,559,537,419
170,54,539,183,721,733,419
55,37,103,64,545,573,419
51,23,137,54,577,587,419
19,20,48,60,454,471,420
112,62,315,191,676,690,420
46,22,136,45,559,587,420
44,29,134,104,566,577,420
38,21,87,37,518,523,420
26,25,49,54,509,524,420
26,21,52,45,482,477,420
103,48,279,148,642,662,420
69,30,176,81,597,616,420
53,20,129,54,576,592,420
158,83,384,252,697,717,420
191,69,507,217,722,739,420
172,72,452,225,709,720,420
70,42,236,122,626,644,420
92,44,364,175,686,703,420
42,24,77,35,518,533,420
30,28,38,46,491,509,420
79,34,296,171,654,667,420
29,30,130,105,570,584,421
40,23,73,38,527,536,421
44,32,114,68,554,580,421
26,20,50,28,475,510,421
28,22,55,33,488,501,421
24,21,68,52,516,517,421
29,20,43,42,481,506,421
44,23,106,39,527,537,421
16,22,43,51,483,505,421
22,20,19,49,442,501,421
17,22,14,42,407,442,421
65,35,138,64,557,572,421
132,63,350,160,680,699,421
31,29,79,80,539,555,421
37,26,52,38,504,541,421
19,20,39,50,471,502,422
45,26,68,32,512,522,422
38,21,124,67,556,567,422
632,104,979,210,851,872,422
58,41,158,129,594,614,422
45,21,100,44,544,540,422
27,22,38,44,489,522,422
45,29,118,68,548,559,422
38,27,64,55,524,529,422
28,22,63,46,495,525,422
42,28,138,70,565,569,422
29,28,75,78,523,545,422
138,44,543,283,765,783,422
36,22,103,62,524,552,422
345,85,664,224,804,819,422
50,32,213,134,620,631,422
52,23,115,52,559,567,422
49,30,90,52,547,563,422
42,26,107,60,553,552,422
83,38,203,89,603,626,422
48,22,138,53,559,558,422
28,21,42,22,448,486,422
53,23,160,57,581,605,422
16,24,39,55,451,469,423
27,23,13,26,416,479,423
30,32,78,82,521,533,423
27,24,65,57,527,543,423
56,31,129,61,567,582,423
74,29,210,123,635,654,423
99,50,277,111,651,669,423
28,20,42,40,452,480,423
99,38,332,185,678,695,423
70,27,217,99,617,635,423
31,28,79,60,510,523,423
30,21,49,19,476,506,423
60,31,143,71,599,614,423
14,20,20,39,380,446,423
50,27,116,56,572,588,423
37,21,79,29,523,532,423
76,47,205,128,616,627,423
23,27,35,45,452,488,424
116,48,377,153,676,687,424
56,36,113,95,579,601,424
195,63,519,174,734,753,424
70,23,180,77,602,627,424
54,30,143,71,588,600,424
55,30,100,52,554,573,424
32,24,61,34,510,506,424
36,27,91,60,521,538,424
97,49,237,78,627,644,424
118,55,319,164,675,691,424
70,26,159,49,590,601,424
106,41,319,137,654,666,424
69,40,209,121,614,645,424
31,20,113,91,568,610,424
35,21,81,40,523,528,424
83,50,277,174,640,662,424
69,35,233,144,628,644,424
235,81,536,165,731,752,425
53,27,211,115,613,632,425
18,23,40,52,492,496,425
75,30,146,42,590,588,425
169,48,489,144,711,726,425
517,119,805,272,860,879,425
41,23,141,83,583,617,425
39,22,101,45,532,560,425
30,23,51,52,487,515,425
57,26,119,53,580,574,425
144,64,464,249,716,731,425
46,25,167,107,582,603,425
79,32,129,48,576,590,425
93,40,293,174,662,677,426
348,76,781,150,774,790,426
211,66,525,163,731,749,426
85,49,303,210,663,680,426
38,26,99,53,520,512,426
104,68,286,176,654,656,426
54,23,115,48,552,581,426
72,47,152,97,596,611,426
40,26,94,67,536,561,426
82,34,166,68,600,621,426
38,20,101,55,543,553,426
60,31,131,60,571,582,426
24,21,34,38,453,470,426
31,26,94,75,551,566,426
34,24,101,67,534,554,426
30,25,112,59,555,552,426
120,54,277,116,648,665,426
95,50,250,168,647,672,427
126,49,274,101,642,660,427
97,44,338,167,652,666,427
49,27,91,45,525,553,427
62,40,130,95,584,600,427
157,58,461,161,702,724,427
57,23,131,56,555,590,427
20,23,22,41,377,379,427
32,27,64,53,495,507,427
105,51,386,204,661,681,427
42,21,140,70,562,570,427
53,31,158,128,593,614,427
41,34,93,87,547,576,427
443,120,676,173,791,808,427
78,41,163,66,609,616,427
168,69,453,290,745,760,428
34,23,107,87,546,581,428
90,39,264,129,643,653,428
43,22,68,49,513,507,428
34,25,67,46,509,528,428
45,33,94,75,563,591,428
53,24,79,50,516,567,428
41,33,96,67,510,529,428
28,20,81,63,546,565,428
51,28,126,53,574,578,428
83,30,215,69,610,620,428
110,67,238,109,637,647,428
35,20,98,71,546,564,428
354,82,869,185,782,800,429
40,31,174,97,591,609,429
41,23,73,45,527,549,429
36,28,70,64,521,550,429
41,21,95,48,537,551,429
94,39,228,106,637,656,429
28,22,30,20,422,434,429
91,49,234,108,629,641,429
183,61,537,165,725,742,429
202,79,521,275,755,773,429
54,25,137,63,562,596,429
46,26,122,44,542,569,429
62,32,153,54,563,581,429
101,48,241,112,629,650,429
187,66,489,211,713,730,429
104,50,303,109,650,677,429
32,23,57,36,491,548,429
44,23,102,40,544,571,429
66,25,161,53,588,607,429
59,40,152,111,582,597,429
45,24,70,34,524,550,429
400,77,785,154,793,814,430
191,53,533,186,720,741,430
30,33,125,110,569,582,430
59,36,191,146,590,617,430
30,21,45,42,473,524,430
21,20,45,53,498,518,430
70,37,114,73,573,574,430
19,20,52,61,477,472,431
186,72,474,182,713,730,431
44,29,132,88,560,571,431
43,24,105,70,548,575,431
187,66,484,189,711,723,431
72,29,189,74,606,624,431
431,142,697,257,792,809,431
78,36,215,110,615,640,431
72,40,199,96,617,636,431
120,62,371,216,694,710,431
162,59,376,141,689,703,431
241,99,549,223,754,772,431
107,62,304,203,677,694,431
49,28,160,67,576,584,431
33,25,90,47,505,543,431
17,21,41,54,430,461,432
35,24,70,50,488,530,432
33,27,38,43,473,490,432
190,56,545,155,722,736,432
74,27,224,79,624,645,432
546,97,865,230,817,838,432
35,27,92,66,520,551,432
53,40,223,168,624,645,432
46,32,105,70,530,547,432
38,22,68,36,510,524,432
35,20,82,55,524,534,432
42,24,117,57,540,551,432
58,25,155,73,584,606,432
34,23,112,72,539,572,432
37,22,95,57,528,549,433
75,32,193,90,606,625,433
26,24,43,38,464,455,433
45,23,78,44,513,537,433
31,20,88,50,506,525,433
318,101,685,179,774,791,433
41,22,95,36,513,529,433
48,28,115,52,529,541,433
33,32,49,46,448,490,433
104,58,300,195,658,672,433
23,31,39,43,444,476,433
20,21,54,36,445,389,433
109,51,290,118,654,672,433
29,25,72,42,507,536,433
41,22,112,47,534,552,433
49,24,138,57,571,593,433
36,24,81,51,508,528,433
68,44,211,132,611,630,433
84,42,223,103,619,637,433
46,28,151,96,586,616,433
61,31,146,64,570,596,433
63,28,168,90,602,625,433
162,61,451,169,693,708,434
25,20,71,47,521,557,434
30,22,110,75,531,544,434
61,26,157,86,575,603,434
18,21,13,32,338,410,434
65,43,199,140,614,632,434
522,110,821,249,802,824,434
69,27,112,45,554,579,434
63,29,121,75,568,608,435
40,20,65,29,509,540,435
75,27,200,63,596,609,435
45,20,104,45,551,553,435
26,28,60,56,486,512,435
28,24,24,31,426,441,435
29,20,74,46,501,518,435
35,23,77,56,519,551,435
24,21,23,40,468,463,435
30,27,100,67,531,551,435
149,84,320,156,658,673,435
29,24,70,45,505,507,436
49,27,128,65,572,587,436
56,24,157,69,586,601,436
56,34,119,70,566,569,436
33,20,85,60,536,565,436
40,24,83,35,513,531,437
72,41,168,74,597,612,437
26,20,67,38,524,553,437
27,20,89,71,537,561,437
63,32,163,79,582,615,437
36,21,97,53,537,558,437
17,22,31,40,444,458,437
71,37,285,159,656,670,437
39,20,142,60,568,582,437
40,25,99,47,528,532,438
19,22,16,35,371,452,438
26,23,23,29,462,524,438
47,27,149,91,585,601,438
50,24,121,55,549,572,438
196,65,521,217,726,740,438
35,20,56,30,501,474,438
31,22,82,66,507,557,439
80,32,230,88,631,644,439
171,45,543,172,727,740,439
45,30,66,48,526,542,439
54,26,157,82,592,599,439
23,21,39,46,486,487,439
44,31,180,136,604,626,440
44,33,110,73,551,573,440
24,21,39,37,495,504,440
37,27,56,33,480,519,440
45,24,138,92,569,587,440
240,85,543,205,727,743,440
32,20,104,58,535,546,440
47,23,147,75,571,590,440
107,50,390,216,698,718,441
242,75,605,241,787,805,441
42,24,106,55,540,566,441
22,24,15,29,397,393,441
25,21,81,63,516,539,441
44,34,129,92,577,597,441
237,91,494,176,728,744,441
64,25,138,59,587,606,441
48,24,154,66,585,571,441
27,28,57,54,507,517,441
293,84,683,208,753,772,442
32,22,77,45,511,467,442
29,20,78,40,522,527,442
233,74,558,273,787,806,442
31,22,55,44,474,489,442
56,29,114,59,550,572,442
567,123,885,162,805,824,442
39,22,96,38,539,535,443
45,24,90,42,508,523,443
30,22,73,41,503,510,443
20,23,47,37,480,494,443
63,36,195,111,614,619,443
67,34,278,124,634,654,443
20,23,46,57,457,488,443
81,28,240,57,617,639,443
67,43,154,79,582,601,443
36,25,76,32,519,542,443
178,64,464,137,706,725,443
26,23,86,58,524,566,443
41,28,195,118,605,620,443
139,58,391,130,681,692,443
236,96,554,261,746,763,443
25,20,72,67,531,543,443
39,21,100,48,546,571,443
92,38,196,89,619,634,443
35,20,49,29,501,440,444
33,30,47,39,511,529,444
55,39,154,112,594,606,444
85,39,217,89,622,636,444
129,61,382,162,681,696,444
68,32,159,75,593,613,444
34,21,85,43,518,493,444
44,34,62,54,513,542,444
124,53,356,153,675,689,444
34,24,90,77,538,578,444
26,26,29,64,503,525,444
37,24,84,57,528,543,444
50,35,70,57,532,549,445
35,25,106,87,536,566,445
68,33,151,57,584,604,445
35,24,66,37,482,526,445
33,25,33,27,432,430,445
38,20,93,55,548,529,445
17,22,38,33,470,473,445
35,25,94,48,516,526,446
16,20,57,70,476,513,446
126,57,358,178,675,689,446
219,94,443,196,720,734,446
178,50,551,127,710,725,446
191,72,478,172,706,718,446
24,20,66,43,490,497,446
214,84,538,252,750,764,446
89,34,277,125,650,664,446
30,26,113,101,574,593,446
24,22,54,45,479,468,446
29,25,87,76,544,559,446
37,20,77,39,513,528,446
40,27,68,48,517,536,446
28,20,42,30,466,477,446
137,62,442,205,703,723,446
112,39,306,108,650,672,446
47,29,82,44,528,559,447
26,21,30,33,453,464,447
244,81,566,200,764,782,447
136,37,503,182,728,745,447
42,34,80,61,548,573,447
38,25,91,33,532,533,447
23,22,47,49,506,544,447
35,21,76,38,507,519,447
40,25,139,94,572,576,447
31,27,62,47,454,494,447
594,108,976,252,839,855,447
43,23,133,58,560,575,447
35,20,56,36,501,527,447
29,22,58,47,486,505,447
154,56,479,165,715,740,447
29,24,64,38,509,460,447
42,22,81,58,517,538,447
70,41,188,98,601,616,448
351,97,610,231,772,795,448
31,28,102,104,558,568,448
50,22,57,39,518,526,448
38,30,101,85,559,584,448
26,27,66,49,513,526,448
40,29,161,111,576,589,448
37,25,60,54,510,519,448
102,57,323,170,672,689,448
35,21,54,25,501,505,448
25,20,41,34,463,494,448
46,26,79,43,514,551,449
25,21,65,47,503,531,449
22,21,72,45,505,521,449
47,29,125,77,563,589,449
52,42,105,71,546,553,449
57,24,177,78,590,611,449
39,30,94,82,557,587,449
20,20,52,49,496,524,449
22,27,55,60,508,525,449
25,20,57,30,497,493,449
39,24,69,30,486,528,450
45,23,104,55,550,566,450
29,25,72,54,492,530,450
42,24,125,86,565,570,450
49,31,96,48,550,566,450
53,30,81,50,535,552,450
46,24,92,47,524,545,450
62,29,177,76,598,596,450
61,35,230,152,631,644,450
44,22,98,36,534,526,450
51,30,171,110,604,615,451
66,32,225,116,626,631,451
45,26,123,80,572,581,451
46,21,118,64,572,595,451
62,23,183,79,610,615,451
26,21,52,33,480,481,451
27,20,90,60,528,537,451
23,24,62,60,478,485,451
37,22,99,48,530,522,451
44,21,158,61,593,608,451
41,26,89,38,534,525,451
102,39,278,96,642,657,451
41,29,107,63,559,582,451
57,29,122,70,570,578,452
21,20,32,34,470,485,452
53,22,120,54,567,589,452
78,33,130,71,593,611,452
40,22,47,36,502,514,452
54,28,129,66,569,587,452
36,21,43,27,478,523,452
32,21,79,42,506,431,452
26,20,90,53,523,517,452
64,37,160,118,608,622,452
52,31,220,109,621,639,453
127,73,329,188,676,696,453
43,23,102,59,554,586,453
24,20,112,83,549,562,453
39,31,103,73,555,562,453
43,26,158,107,584,593,453
162,59,385,145,684,704,453
19,20,74,65,509,501,453
28,22,47,43,494,489,453
23,23,33,42,477,510,453
187,64,535,218,745,758,453
37,26,106,49,513,506,453
41,27,136,80,581,594,453
64,34,169,107,605,618,453
45,23,101,46,555,572,453
38,27,79,69,526,543,454
21,22,20,35,412,460,454
49,25,96,38,521,530,454
28,22,90,57,546,550,454
34,20,61,36,495,495,454
38,35,53,68,516,526,454
37,28,101,75,551,543,454
29,21,43,39,475,515,454
28,20,44,38,497,511,454
14,21,19,33,393,408,454
28,22,76,45,523,521,454
55,28,98,44,565,573,454
31,20,64,36,510,516,454
32,21,65,52,503,518,454
30,29,88,79,542,558,454
35,22,75,39,524,528,454
46,20,79,29,517,525,455
376,114,659,227,798,814,455
47,28,142,78,563,575,455
30,23,33,31,478,495,455
41,24,120,63,553,578,455
39,26,95,74,542,552,455
37,25,25,26,442,479,455
36,26,59,53,491,505,455
55,27,155,92,590,611,455
263,108,528,287,759,773,455
36,34,104,73,540,561,455
81,38,188,132,619,640,455
26,20,37,43,455,495,455
35,23,95,49,534,549,455
53,32,164,94,601,612,455
344,91,768,256,815,832,455
117,48,336,123,661,684,456
44,22,80,37,520,536,456
18,20,46,50,488,512,456
31,21,71,41,528,519,456
22,21,67,52,521,520,456
70,30,188,93,594,604,456
25,20,44,37,496,470,456
53,23,184,64,597,622,456
60,26,138,87,584,601,456
30,22,96,66,527,536,457
39,26,130,84,579,603,457
57,28,206,105,596,614,457
37,22,99,67,535,533,457
37,28,121,77,550,540,457
162,60,528,142,710,723,457
62,26,164,63,609,633,457
45,33,110,73,552,564,457
38,25,80,57,530,559,457
98,36,362,123,673,690,457
30,22,63,40,493,484,457
46,28,137,100,579,601,457
83,32,215,87,616,635,457
33,25,62,37,484,490,457
32,24,66,53,501,542,457
33,24,82,46,510,513,457
58,38,160,88,599,609,458
25,28,22,24,413,474,458
54,21,104,43,543,563,458
30,23,66,34,514,540,458
28,20,42,29,484,495,458
46,30,150,98,590,608,458
44,26,80,44,521,532,458
71,35,138,87,583,607,458
68,25,192,73,595,601,458
95,33,227,63,624,638,458
22,20,37,52,470,503,458
22,22,34,29,433,426,458
32,25,65,42,520,535,458
34,25,90,63,535,562,458
46,23,146,78,570,579,458
23,20,33,31,429,440,459
39,24,78,39,538,558,459
62,23,113,53,569,582,459
69,32,162,79,602,612,459
17,22,31,40,438,472,459
29,20,80,45,526,541,459
41,23,106,55,552,565,459
33,22,58,37,485,497,459
38,35,86,60,539,568,459
51,34,139,55,509,534,460
76,37,116,64,552,576,460
62,23,139,52,577,588,460
37,24,93,56,526,535,460
38,22,75,42,512,533,460
40,25,92,76,563,593,461
102,44,240,126,634,650,461
60,35,201,115,619,632,461
34,24,42,38,491,531,461
33,24,105,65,545,566,461
25,24,26,33,449,470,461
68,44,192,136,625,641,461
108,57,276,145,649,670,461
56,36,162,120,606,623,461
56,29,115,50,558,578,461
57,30,180,64,590,608,461
48,21,95,54,551,584,461
68,33,112,44,567,592,461
29,29,88,68,530,535,461
148,40,407,145,686,697,461
59,30,82,55,537,577,461
191,58,474,138,719,736,461
31,23,90,64,536,558,462
50,24,131,75,582,596,462
42,34,123,111,561,575,462
28,25,94,82,557,577,462
41,20,123,48,535,539,462
125,36,357,124,673,684,462
35,25,79,53,522,549,462
28,20,49,28,459,453,462
118,44,392,144,682,692,462
39,22,106,69,534,552,462
10,20,16,36,334,276,462
56,28,176,103,598,612,462
25,22,39,33,438,443,463
21,20,49,39,467,463,463
38,20,120,44,544,549,463
29,24,60,42,504,518,463
60,31,156,91,589,618,463
23,24,58,53,499,524,463
42,32,109,82,534,560,463
39,26,92,60,533,582,463
33,23,90,72,531,571,463
21,23,55,47,479,477,463
31,20,107,44,543,555,463
64,37,164,103,600,619,463
41,21,85,40,547,544,464
47,23,89,36,547,562,464
34,25,57,46,499,524,464
58,36,149,71,574,589,464
79,35,362,191,681,700,464
27,22,64,48,496,507,464
22,23,45,34,439,442,464
36,33,129,107,574,593,464
21,20,61,48,495,513,464
35,25,75,55,525,549,464
36,20,92,48,534,557,464
36,32,67,46,512,520,464
46,24,173,85,589,594,464
29,22,40,29,480,449,464
63,37,109,87,569,608,464
66,29,173,57,578,595,464
41,22,78,44,534,525,464
66,20,193,66,598,614,464
39,26,109,77,556,570,465
22,21,48,52,467,514,465
36,24,63,42,511,535,465
61,38,149,97,583,593,465
26,28,74,52,514,533,465
29,25,59,38,469,484,465
40,30,85,57,535,550,465
120,53,287,142,661,685,465
40,26,45,39,483,507,465
44,21,119,56,545,571,466
23,21,14,20,328,302,466
35,20,104,57,561,556,466
161,69,415,200,696,709,466
58,40,109,79,552,555,466
68,32,208,96,622,644,466
28,20,100,46,527,545,466
69,31,245,134,636,657,467
26,21,67,47,499,504,467
41,20,129,70,556,580,467
52,31,129,69,566,595,467
29,22,103,88,544,560,467
57,25,182,89,604,620,467
40,26,88,62,531,556,467
52,29,137,55,570,576,467
26,21,52,45,504,503,467
34,20,66,26,473,507,467
39,22,137,40,529,501,467
49,29,140,78,578,597,467
73,40,128,87,586,594,467
23,29,53,69,504,514,468
29,20,96,51,518,516,468
121,54,431,231,699,713,468
29,23,60,48,515,503,468
34,24,115,59,551,576,468
34,25,86,41,521,541,468
57,32,210,131,631,635,468
55,24,83,36,530,570,468
20,22,38,36,459,473,468
31,22,125,74,553,598,468
23,24,83,66,523,523,468
103,44,223,108,627,643,468
22,21,55,58,504,517,468
48,23,169,92,594,618,468
55,29,146,79,578,595,468
27,20,97,56,527,537,469
36,21,103,52,525,571,469
19,20,35,35,439,416,469
80,37,211,130,634,643,469
28,22,56,45,481,499,469
22,25,47,49,477,490,469
46,23,134,63,596,612,469
26,21,28,29,443,493,469
59,24,164,63,586,592,469
22,20,53,30,471,436,469
21,20,29,28,460,431,469
37,22,79,31,495,488,469
45,21,76,38,539,518,469
57,43,104,76,553,569,469
101,57,196,103,632,645,469
47,33,128,106,575,603,470
49,32,160,88,576,586,470
39,29,75,38,530,529,470
50,23,63,39,510,526,470
70,49,164,122,604,629,470
41,26,76,51,517,553,470
69,38,231,132,626,644,470
61,36,49,42,526,550,470
38,27,91,65,543,562,470
174,65,391,153,691,707,470
42,20,120,73,568,588,470
100,48,342,207,673,689,470
126,56,336,174,667,686,470
56,43,114,106,590,617,471
36,28,62,49,518,517,471
39,23,134,99,569,603,471
248,71,594,185,748,763,471
26,25,72,57,506,535,471
55,29,142,88,584,611,471
65,30,130,52,563,594,471
184,72,511,263,752,768,471
170,57,535,127,715,735,471
248,75,609,209,762,780,471
118,57,309,133,653,668,471
57,38,141,112,601,621,471
137,60,468,264,740,756,471
41,20,66,27,502,522,471
20,21,37,43,373,437,471
53,32,223,120,608,629,471
51,22,134,64,564,590,471
113,59,305,175,660,678,471
59,36,131,90,579,604,471
54,27,181,102,604,627,471
20,21,80,88,543,556,471
91,39,291,113,646,657,471
37,21,165,101,601,623,472
31,26,33,48,441,453,472
54,40,97,77,562,583,472
33,20,95,67,542,560,472
46,27,114,65,557,577,472
33,20,131,70,554,564,472
22,21,45,46,483,513,472
82,36,206,88,606,629,472
88,34,307,103,649,661,472
50,21,161,70,597,618,472
367,127,615,241,787,803,472
92,40,250,89,640,653,472
41,34,116,96,569,566,472
45,20,119,44,552,559,472
49,21,126,76,573,574,472
72,26,168,56,592,611,473
21,24,29,48,440,432,473
42,25,103,74,556,572,473
165,67,355,163,686,708,473
149,60,457,278,744,763,473
63,28,143,65,590,595,473
39,28,142,94,573,589,473
31,20,69,48,481,511,473
33,23,37,38,466,461,473
148,64,413,185,693,708,473
42,22,117,82,566,592,473
31,21,85,62,537,533,473
26,22,51,45,478,506,473
74,45,180,120,611,627,473
40,32,61,63,513,528,473
134,53,347,172,676,695,473
22,21,49,40,479,520,473
113,59,260,105,637,657,473
89,32,258,100,631,643,473
71,41,169,107,597,617,473
49,26,139,89,581,608,473
414,93,763,232,799,818,473
151,60,424,157,703,711,473
87,35,413,188,694,704,473
29,22,128,95,577,601,474
136,63,388,195,685,702,474
24,25,54,49,468,516,474
63,36,169,75,595,609,474
136,67,393,182,692,710,474
62,34,183,108,599,613,475
140,42,303,90,658,679,475
33,22,71,42,524,562,475
46,25,125,78,573,602,475
248,71,557,142,721,741,475
157,75,418,227,710,729,475
34,25,95,74,534,549,475
483,97,790,286,809,837,475
25,26,35,34,441,485,475
62,40,171,116,592,601,475
45,28,93,59,542,570,475
47,34,91,61,546,562,475
29,20,43,34,463,493,475
63,32,179,88,586,609,476
34,25,147,104,586,608,476
25,21,46,38,448,489,476
26,23,53,50,484,520,476
15,20,29,27,429,437,477
59,39,148,108,575,596,477
59,29,167,85,585,605,477
220,64,537,168,732,754,477
27,24,17,30,450,460,477
90,43,294,149,661,680,477
28,20,68,33,479,521,477
104,49,322,160,662,679,477
84,44,272,177,645,662,477
67,25,241,89,631,646,477
110,47,351,143,678,700,477
110,48,401,180,681,702,477
20,22,70,75,502,525,477
50,41,124,84,566,587,477
40,20,75,34,508,499,477
138,65,321,154,662,678,477
266,79,620,190,755,769,477
40,35,88,62,514,533,477
44,32,99,64,561,577,477
52,38,111,86,569,587,477
39,25,65,33,499,536,478
46,27,121,54,564,584,478
81,50,155,113,588,606,478
38,20,92,44,507,546,478
95,37,203,115,621,639,478
48,21,107,39,551,549,478
47,37,96,62,534,564,478
59,39,218,139,630,648,478
38,32,36,37,459,517,478
39,28,95,70,549,583,478
23,20,35,39,470,500,478
55,38,192,112,591,613,478
38,23,168,96,603,603,479
27,24,74,59,486,528,479
51,23,162,83,573,605,479
259,110,575,286,812,830,479
50,20,110,45,529,570,479
19,25,21,39,354,419,479
188,71,405,168,685,705,479
407,114,663,276,816,831,479
104,38,304,143,652,663,479
21,22,52,46,489,493,479
49,29,93,66,544,561,479
23,21,59,35,493,503,479
28,27,72,75,535,543,479
24,24,46,53,496,503,479
33,32,117,71,551,565,479
279,82,615,282,808,826,479
23,24,32,38,452,478,479
45,22,95,44,513,522,479
45,23,102,35,531,556,479
227,97,520,217,737,758,479
304,92,581,180,756,774,479
60,21,152,41,578,589,479
72,22,163,49,561,596,480
62,38,182,101,601,621,480
48,24,182,98,603,621,480
168,57,343,96,676,695,480
110,63,226,102,625,654,480
58,33,215,118,619,638,480
35,22,58,33,490,493,480
40,24,147,93,570,586,480
33,27,57,35,513,525,480
40,20,106,53,562,587,480
34,22,69,33,521,570,480
80,50,209,129,629,648,480
33,21,73,58,505,513,480
43,24,82,45,561,564,480
27,27,44,43,459,463,481
27,22,86,54,531,561,481
118,35,282,126,650,663,481
35,21,71,55,503,515,481
32,24,79,64,490,509,481
27,20,47,53,493,471,481
38,26,78,54,512,516,481
43,27,91,54,549,570,481
23,22,45,63,489,521,481
39,23,97,44,537,557,481
62,32,135,65,566,592,482
33,23,71,35,503,465,482
30,23,76,49,502,528,482
19,23,32,35,381,391,482
39,25,75,44,534,549,482
37,22,134,76,579,583,482
20,20,55,49,484,486,482
18,20,54,44,446,459,482
74,49,218,116,621,633,482
19,22,34,34,464,400,482
38,27,94,53,520,544,482
37,22,81,70,532,548,483
37,21,89,49,523,533,483
29,20,86,55,533,537,483
38,27,57,46,506,531,483
127,43,425,153,688,708,483
28,26,70,67,509,538,483
58,34,155,74,578,597,483
26,20,60,33,499,522,483
48,28,116,88,563,587,483
15,20,15,33,461,479,483
25,25,94,58,522,521,483
31,36,84,90,526,534,483
43,30,107,59,547,562,483
84,31,285,112,634,654,483
41,23,65,33,508,557,483
33,20,71,50,493,521,483
131,59,436,183,709,726,483
29,20,74,48,516,553,483
13,20,30,34,427,388,483
18,24,28,26,406,416,484
49,31,82,50,531,546,484
40,36,81,85,512,519,484
29,22,83,64,543,559,484
25,21,90,67,528,538,484
52,25,135,53,545,556,484
48,27,137,78,578,600,484
18,21,53,53,473,451,484
101,39,343,140,671,689,484
55,23,172,66,588,599,484
41,23,124,52,554,564,484
89,37,199,87,614,631,484
186,46,442,112,690,703,484
75,38,206,91,621,639,484
26,21,72,48,501,522,484
42,24,52,23,501,506,484
43,22,119,59,552,577,484
24,23,39,40,435,457,485
35,23,83,54,536,547,485
37,22,109,67,556,575,485
43,31,157,94,590,606,485
68,32,173,84,597,610,485
56,31,130,66,547,567,485
48,21,139,67,585,586,485
37,28,80,60,516,534,485
24,24,61,61,500,489,485
22,21,54,48,484,465,486
43,24,73,51,532,555,486
111,42,417,157,673,691,486
62,44,159,114,581,589,486
35,24,132,93,581,599,486
27,20,57,32,509,497,486
52,28,105,74,561,604,486
39,23,91,48,534,558,486
33,27,82,70,520,527,486
45,31,112,75,557,569,486
28,22,64,56,515,529,486
38,25,48,23,489,510,486
40,23,52,26,493,532,486
57,40,227,138,618,609,486
42,20,127,78,549,576,486
24,20,36,37,456,484,487
36,26,86,66,544,566,487
26,22,26,30,422,466,487
27,23,97,75,537,541,487
120,53,333,179,683,696,487
99,46,271,131,653,672,487
47,39,108,83,557,579,487
63,22,149,62,575,587,487
25,22,82,60,514,533,487
87,37,284,145,648,662,487
41,24,62,42,504,507,487
30,24,49,40,491,521,487
31,24,89,51,523,524,487
111,42,349,136,675,691,487
45,25,100,52,552,592,488
32,20,109,64,518,517,488
61,30,157,68,598,609,488
76,34,253,133,640,663,488
25,22,40,33,470,496,488
57,37,166,88,593,598,488
13,22,52,64,482,506,488
28,25,80,54,524,557,488
291,101,603,243,785,800,488
29,21,38,30,460,502,488
25,24,61,47,479,512,488
96,43,300,126,661,682,488
159,69,475,270,730,751,488
198,54,565,146,730,752,488
56,39,107,78,559,583,488
39,34,67,66,509,536,488
128,54,301,136,673,690,488
20,21,56,51,480,498,489
49,20,305,151,644,658,489
36,28,121,87,561,583,489
142,46,476,168,709,725,489
65,28,149,59,573,606,489
43,24,132,84,573,585,489
79,41,226,132,633,647,489
118,50,340,188,667,682,489
12,21,34,56,463,471,489
19,20,30,43,442,454,489
24,24,67,52,513,538,490
45,22,106,51,545,567,490
35,20,87,50,538,555,490
157,60,432,170,711,729,490
83,45,191,126,608,633,490
33,20,78,34,518,520,490
35,20,102,63,560,567,490
41,31,123,100,575,600,490
44,29,113,74,555,566,490
27,20,77,62,545,532,490
40,23,111,70,562,581,490
114,50,270,130,643,657,490
38,22,47,28,504,509,490
25,23,59,60,502,477,490
60,40,155,91,584,598,491
40,21,89,49,526,527,491
191,71,472,168,700,723,491
31,27,57,61,504,509,491
26,23,20,34,456,467,491
37,20,88,39,550,558,491
48,32,136,92,582,602,491
44,23,87,54,539,582,491
47,34,81,72,532,571,491
201,65,541,195,725,741,491
30,22,78,55,534,532,491
20,20,37,38,449,465,491
141,55,400,186,703,718,492
59,27,180,73,618,644,492
54,27,139,67,572,591,492
104,44,407,192,685,702,492
30,23,66,37,507,538,492
33,29,78,59,520,532,492
76,51,158,115,593,614,492
209,56,607,211,760,778,492
275,98,646,179,764,781,492
75,33,243,122,635,649,492
154,74,381,205,684,700,492
79,30,166,57,585,603,492
63,37,141,89,581,594,492
32,23,66,55,524,545,492
50,20,124,39,581,587,492
65,35,97,64,580,593,492
36,22,101,63,535,557,493
52,35,184,139,614,626,493
23,27,38,60,507,511,493
34,22,94,46,534,554,493
67,21,151,45,591,608,493
54,30,87,46,540,563,493
48,31,139,76,573,595,493
43,22,72,44,509,547,493
16,22,44,61,495,520,493
36,22,148,87,565,571,493
34,27,73,70,510,533,493
62,34,155,92,584,604,493
31,21,76,55,501,543,493
31,26,103,77,547,559,493
44,32,91,54,536,554,494
65,34,159,69,575,610,494
56,43,149,114,602,613,494
44,20,115,35,544,544,494
65,33,185,115,606,617,494
72,39,246,142,645,661,494
70,34,177,86,599,609,494
60,25,178,71,583,595,494
64,28,231,138,630,648,494
108,37,232,82,623,638,494
33,21,82,48,515,527,494
28,20,69,39,520,520,494
30,25,62,51,518,532,494
36,21,90,51,535,545,494
338,61,915,187,771,788,494
29,20,69,47,521,536,494
122,55,353,198,680,704,494
63,31,107,66,577,589,494
29,25,38,42,460,480,494
43,27,84,44,547,556,494
27,23,39,40,480,491,495
64,28,220,133,614,630,495
31,24,117,84,571,586,495
42,25,96,53,554,561,495
34,25,87,48,496,521,495
68,41,171,106,618,642,495
25,23,70,60,498,535,495
31,23,89,60,546,583,495
48,21,128,69,577,592,495
51,23,156,69,577,601,495
69,48,256,163,642,654,495
72,38,261,153,642,666,495
29,21,53,30,510,529,495
24,24,68,60,494,507,496
54,23,191,95,598,618,496
35,27,92,66,544,543,496
29,22,102,77,552,582,496
21,23,31,43,427,429,496
31,25,98,72,537,556,496
36,23,120,62,547,574,496
33,22,67,42,514,537,496
66,34,152,68,596,613,496
21,21,42,43,429,458,496
23,25,19,36,449,424,496
31,21,22,27,453,453,496
26,20,23,29,461,494,496
82,28,253,103,632,643,496
121,46,279,123,669,699,496
27,26,70,62,510,528,496
27,20,41,38,501,519,496
23,20,28,29,396,442,497
159,58,381,115,674,696,497
370,91,690,284,817,838,497
35,20,69,49,517,567,497
15,24,56,62,480,487,497
87,51,208,143,636,647,497
67,38,208,152,624,643,497
56,38,94,91,575,602,497
101,49,257,138,646,656,497
56,23,186,96,612,627,497
17,21,38,47,446,430,497
62,32,203,108,603,616,497
143,55,439,203,696,714,498
27,21,74,30,488,516,498
14,20,14,46,387,410,498
506,122,748,175,796,816,498
365,114,619,225,776,792,498
221,79,546,232,760,775,498
39,22,104,53,539,557,498
36,25,64,28,518,535,498
38,25,68,44,489,518,498
67,36,221,139,629,646,498
20,21,62,36,497,514,498
39,29,88,62,530,548,498
52,22,133,43,558,575,498
47,21,67,35,497,541,498
267,75,666,259,792,809,498
72,39,202,97,616,627,498
408,105,725,224,804,820,498
28,20,129,76,578,594,498
101,50,297,134,648,666,498
43,31,126,86,569,585,498
114,50,309,154,678,698,499
67,47,131,84,572,588,499
49,48,84,82,538,547,499
51,34,119,67,558,556,499
84,45,200,116,619,638,499
373,99,754,319,830,846,499
74,42,245,165,651,670,499
36,20,138,90,578,600,499
30,23,67,39,519,514,500
166,46,586,174,733,747,500
61,35,92,63,560,576,500
31,20,110,87,549,569,500
79,32,231,119,631,643,500
43,35,122,89,584,591,500
36,25,111,80,547,559,500
35,25,80,47,510,538,500
15,25,27,58,431,460,500
32,21,74,49,510,533,500
32,37,64,72,523,545,501
133,76,362,225,687,706,501
16,22,46,54,436,459,501
170,72,467,284,734,750,501
64,29,254,118,634,652,501
66,41,227,153,634,654,501
24,23,34,42,474,488,501
23,24,38,36,478,433,501
51,24,128,57,573,578,501
48,29,98,45,554,553,501
47,24,148,76,578,597,501
37,24,82,43,529,566,501
155,54,407,154,689,707,501
18,21,46,51,461,479,501
35,27,121,90,560,561,501
38,24,92,46,504,504,501
35,31,105,76,542,554,501
87,56,284,161,657,667,501
58,35,133,91,588,604,502
46,20,82,38,543,561,502
73,43,201,117,625,629,502
42,21,94,37,558,542,502
50,30,136,72,566,585,502
69,40,168,73,583,601,502
37,28,108,77,547,552,502
43,26,140,84,572,614,502
23,22,46,41,486,504,502
82,45,183,108,615,627,502
54,34,96,54,532,542,502
53,23,268,141,635,651,502
70,44,174,95,598,631,503
23,25,60,61,517,545,503
52,31,148,72,588,591,503
39,26,128,59,552,574,503
75,29,149,53,593,619,503
148,62,418,198,713,735,503
20,21,36,45,474,486,503
67,33,216,125,619,621,503
39,21,125,67,570,573,503
46,26,105,46,544,559,503
26,22,37,33,482,434,503
79,34,197,95,603,618,503
56,29,108,51,567,578,504
144,69,386,161,690,699,504
25,20,80,46,523,529,504
225,80,562,286,788,804,504
36,22,128,49,567,555,504
34,20,66,28,501,502,504
76,34,286,140,646,671,504
149,47,414,125,681,699,504
44,30,87,56,515,516,504
17,23,44,57,488,508,504
46,22,190,80,553,565,504
33,22,90,39,514,524,504
207,76,490,236,724,738,504
74,34,182,73,611,618,504
55,24,133,73,580,599,504
21,22,29,38,466,460,504
142,83,385,230,692,709,504
50,32,176,119,609,630,504
36,31,76,60,518,544,505
111,55,342,195,676,694,505
125,53,287,102,660,680,505
59,39,140,97,589,604,505
59,37,120,86,570,597,505
23,20,31,45,491,510,505
24,22,34,30,430,442,505
43,25,88,72,561,595,505
42,25,90,51,518,536,505
358,117,579,235,791,806,506
285,83,618,257,787,803,506
43,22,103,57,546,560,506
62,29,225,113,634,648,506
37,21,126,51,552,554,506
119,48,285,124,644,671,506
34,21,97,65,546,557,506
37,20,57,33,503,520,506
96,58,259,149,656,669,506
98,48,226,92,621,630,506
32,23,86,47,501,508,506
125,52,269,136,653,675,506
41,24,62,42,542,559,506
407,110,743,327,850,866,506
259,75,569,237,754,771,506
31,26,139,116,575,590,507
25,20,78,63,518,553,507
18,22,52,54,477,488,507
12,20,13,38,396,419,507
37,22,131,79,583,599,507
29,20,75,63,522,566,507
32,21,80,39,552,562,507
47,35,140,107,586,607,507
21,22,48,47,479,468,507
38,22,60,34,503,489,507
45,30,116,85,580,594,507
31,25,52,36,464,493,508
28,20,80,35,507,519,508
16,20,53,62,496,522,508
33,21,142,93,571,599,508
72,27,157,70,580,612,508
28,22,46,38,483,514,508
17,22,34,38,462,460,508
30,27,102,75,539,571,508
37,27,100,44,533,529,508
43,22,65,37,518,558,508
64,32,123,70,595,627,508
32,21,96,42,518,500,508
45,22,230,103,620,635,508
33,20,71,45,522,542,508
45,23,72,27,519,511,509
42,22,130,76,577,585,509
48,28,106,56,559,572,509
31,22,65,43,528,535,509
18,20,32,38,469,498,509
27,21,84,48,499,500,509
39,22,83,36,516,522,509
18,21,33,38,414,447,509
95,50,255,152,648,663,509
71,34,365,221,692,703,509
16,24,15,39,382,434,510
117,58,402,189,691,704,510
57,32,191,95,602,612,510
84,46,277,178,650,669,510
77,46,253,147,642,656,510
90,49,240,131,642,663,510
158,75,389,193,695,709,510
91,43,245,148,645,657,510
40,27,170,114,600,616,510
138,41,490,149,698,711,510
13,20,26,44,433,456,510
43,28,140,93,576,589,510
86,34,223,75,616,631,510
53,30,126,61,550,581,510
492,75,972,275,841,860,511
33,21,60,20,493,490,511
26,21,44,31,501,533,511
35,20,88,35,527,498,511
43,20,100,43,548,558,511
50,28,138,93,582,612,511
41,23,116,69,576,601,511
47,32,158,107,592,609,511
19,22,51,59,508,521,511
38,28,112,75,575,598,512
42,22,147,74,582,615,512
33,21,71,44,484,507,512
65,38,220,105,614,630,512
45,30,99,60,541,556,512
65,46,177,105,596,602,512
211,73,470,130,695,715,512
40,22,112,42,524,554,512
119,27,288,57,631,652,512
70,21,224,62,608,620,512
37,24,130,61,546,566,512
31,24,52,33,448,483,512
23,20,51,36,504,531,512
22,22,23,38,434,461,512
30,22,47,32,438,439,513
342,72,806,146,779,794,513
199,70,480,106,703,719,513
145,59,477,221,723,741,513
293,106,549,233,772,788,513
36,23,139,79,566,582,513
46,30,98,61,525,533,513
19,21,33,33,427,438,514
28,22,75,42,537,556,514
43,23,106,72,562,573,514
202,66,499,154,719,738,514
108,55,354,213,695,715,514
77,25,206,61,605,597,514
264,86,585,196,741,757,514
50,33,137,73,580,588,514
49,31,116,71,564,597,514
42,21,149,62,569,584,514
69,28,296,114,633,655,514
30,20,52,25,476,492,514
35,27,92,69,530,536,514
22,21,58,52,461,469,514
43,20,112,67,551,566,514
51,26,176,82,594,601,514
22,20,17,27,387,471,515
36,23,114,76,543,544,515
528,137,689,186,801,819,515
39,23,111,63,544,566,515
36,22,79,42,528,546,515
29,28,45,31,433,477,515
40,24,98,54,523,522,515
29,23,49,36,492,509,515
69,22,262,99,623,641,515
644,152,941,256,848,865,515
22,22,46,39,467,471,515
63,44,129,73,566,566,515
38,25,155,85,584,606,515
27,23,78,65,536,549,515
62,26,105,42,557,570,516
49,22,103,61,540,572,516
55,38,122,85,567,586,516
84,35,258,132,633,650,516
81,43,294,153,648,662,516
34,30,108,78,551,560,516
51,26,155,75,575,597,516
37,27,24,30,445,469,516
19,20,32,28,451,501,516
49,20,114,44,547,575,516
47,23,101,44,553,574,516
58,38,163,123,589,612,516
33,26,111,68,519,531,516
44,25,164,76,576,596,517
35,28,58,35,480,510,517
43,28,99,56,531,541,517
19,20,73,53,501,520,517
20,23,30,38,408,435,517
32,28,67,36,508,530,517
35,22,75,45,512,524,517
78,30,277,87,633,640,518
40,23,88,43,526,551,518
88,33,250,111,633,644,518
63,30,174,89,604,613,518
59,23,182,79,587,606,518
39,27,163,95,600,622,518
45,31,66,39,504,497,518
37,22,82,48,518,524,518
40,24,151,81,569,576,518
32,27,16,27,417,422,518
30,24,59,50,508,522,518
72,35,170,58,604,625,518
30,23,79,53,510,487,518
58,36,201,129,612,638,519
48,23,168,53,569,583,519
46,25,77,36,531,549,519
46,27,85,52,515,552,519
38,22,110,71,553,567,519
19,21,18,25,391,359,519
92,49,181,101,607,623,519
21,20,68,59,522,550,519
248,99,543,231,737,758,519
92,35,331,149,670,678,519
30,21,74,51,519,553,520
38,28,102,71,539,559,520
43,30,130,94,582,598,520
55,33,116,92,556,579,520
70,35,170,78,593,607,520
49,39,81,81,532,552,520
28,24,58,48,504,527,520
48,29,86,61,530,560,520
113,45,309,128,665,680,520
35,21,92,50,529,554,520
75,43,273,130,632,650,520
34,23,123,74,556,555,520
26,25,61,58,499,533,520
65,28,165,85,594,606,520
29,21,59,31,476,494,521
64,21,152,54,583,604,521
50,23,134,53,573,573,521
23,23,43,34,467,460,521
22,20,41,32,454,461,521
31,24,66,47,484,530,521
34,26,77,47,506,509,521
21,28,41,51,483,513,521
32,24,81,56,520,560,521
36,24,83,57,529,563,521
26,21,49,46,509,534,521
33,20,64,32,509,539,521
62,31,205,111,610,626,521
30,20,73,67,538,562,521
175,69,424,167,700,716,521
68,38,190,120,615,630,521
50,21,97,40,529,548,522
25,22,46,38,445,446,522
38,22,131,94,547,562,522
39,21,174,85,587,609,522
36,26,81,59,529,564,522
73,40,204,88,620,642,522
57,30,144,81,589,611,522
66,32,177,96,605,624,522
35,22,79,43,500,526,522
34,31,81,56,519,527,522
30,26,93,51,511,484,522
123,55,411,182,696,718,522
69,35,139,59,586,596,522
74,40,165,76,583,598,522
70,39,148,76,579,605,522
26,27,56,57,501,525,522
30,26,74,56,503,519,523
44,26,102,92,564,580,523
54,32,149,70,572,583,523
69,38,163,79,611,626,523
42,21,91,52,561,578,523
55,32,141,75,580,594,523
21,20,64,45,490,498,523
23,21,58,43,478,502,523
24,21,50,47,513,530,523
47,40,95,91,560,588,523
44,25,78,61,542,552,523
27,22,55,40,477,457,523
41,28,53,45,490,526,524
55,41,75,67,557,562,524
23,23,13,41,421,479,524
35,27,87,70,525,530,524
44,30,144,99,580,584,524
64,37,168,76,586,597,524
75,32,269,144,644,656,524
69,42,154,69,586,603,524
36,29,74,50,539,547,524
36,23,99,62,534,571,524
54,32,111,73,562,581,524
107,54,230,107,624,635,524
40,29,140,80,558,579,524
79,34,191,90,601,616,524
56,29,162,68,579,592,524
67,36,331,183,655,674,525
34,23,72,51,541,543,525
133,59,388,208,704,725,525
46,28,88,54,540,581,525
25,22,73,65,486,502,525
25,27,51,66,495,527,525
30,30,60,52,487,497,525
39,28,70,54,525,569,525
34,27,55,26,483,494,525
28,21,55,47,502,537,525
28,21,24,32,433,493,525
25,24,51,49,470,497,525
51,22,85,42,539,584,525
18,20,29,33,449,485,525
84,45,203,126,618,631,525
23,21,70,40,476,464,525
83,41,246,119,627,643,525
44,20,131,41,561,548,525
25,22,98,70,549,575,525
42,24,84,35,536,568,525
38,21,116,45,525,531,525
37,27,101,70,551,576,525
153,45,563,216,738,751,526
29,20,57,36,504,544,526
27,20,82,47,495,525,526
33,21,45,26,494,518,526
22,21,45,39,478,487,526
24,25,51,36,455,454,526
39,21,85,39,546,563,526
19,20,35,33,452,482,526
47,22,160,68,574,594,526
32,20,104,51,528,544,526
35,26,80,48,529,557,526
40,24,107,63,549,565,526
60,28,194,94,614,637,526
41,27,105,53,543,558,526
33,20,90,62,520,527,526
120,40,444,154,676,691,526
34,23,46,32,484,501,526
26,20,77,54,521,541,527
25,21,42,45,483,514,527
55,36,111,77,555,584,527
31,20,78,29,508,503,527
24,20,72,38,508,518,527
21,24,64,51,502,530,527
66,28,210,74,608,624,527
29,28,88,58,511,532,527
46,35,51,43,514,544,527
34,26,86,57,529,537,527
127,48,342,109,679,694,527
44,29,139,93,583,600,527
38,27,99,54,546,546,527
30,24,84,69,542,549,527
24,20,68,44,484,501,527
41,22,133,65,565,589,527
80,38,215,105,611,629,527
26,22,81,63,518,550,527
39,23,94,53,539,568,527
29,28,55,44,501,512,528
27,25,54,52,501,537,528
65,26,187,98,612,623,528
108,55,356,169,671,688,528
29,29,49,51,486,516,528
24,21,88,72,527,553,528
37,21,111,50,542,555,528
119,48,338,133,675,695,528
21,22,39,51,483,486,528
39,23,91,44,534,501,528
21,22,28,28,433,440,528
47,26,113,61,576,587,528
26,23,70,63,530,542,528
19,25,51,66,504,539,529
40,23,106,32,531,531,529
82,49,189,112,616,643,529
153,62,478,157,694,708,529
53,20,157,61,587,617,529
43,35,120,94,567,581,529
42,26,77,42,525,557,529
43,26,64,38,516,546,529
58,33,182,111,583,598,529
47,28,122,71,548,560,529
69,37,214,151,623,639,529
43,36,136,86,583,600,529
98,40,297,117,651,664,529
19,24,21,37,439,434,529
41,25,84,50,558,585,530
51,32,136,62,558,556,530
147,43,393,113,685,700,530
26,20,69,57,505,528,530
44,21,109,39,541,533,530
47,20,71,29,535,508,530
95,34,159,60,589,594,530
26,20,29,31,465,510,530
66,44,115,87,581,590,530
37,23,136,58,570,579,530
118,64,288,163,658,674,530
21,20,63,33,453,469,531
32,21,59,41,498,536,531
76,35,225,133,636,656,531
41,24,88,47,543,538,531
36,26,82,49,514,535,531
38,21,51,25,487,498,531
36,27,84,78,525,550,531
64,35,124,66,573,581,531
154,54,487,267,739,755,531
128,42,280,85,650,658,531
56,31,189,109,595,613,531
52,31,90,46,532,538,531
47,37,142,95,591,602,531
27,21,68,32,504,474,531
21,24,43,51,470,491,532
75,44,355,194,674,689,532
93,38,285,125,659,674,532
56,29,179,115,601,617,532
57,22,204,99,611,621,532
74,48,253,186,646,664,532
26,20,53,22,492,478,532
52,28,132,82,568,589,532
25,22,79,57,529,535,532
45,30,90,52,541,554,532
448,98,824,231,824,839,532
111,34,302,91,647,664,532
47,26,171,102,605,618,532
26,21,72,33,482,509,532
62,35,150,77,576,585,532
36,24,164,92,584,596,532
41,29,100,80,543,555,532
95,47,255,117,651,666,533
32,23,79,65,539,546,533
142,64,450,234,718,731,533
29,25,93,84,563,589,533
26,23,66,49,507,523,533
160,60,502,283,758,774,533
177,71,518,156,720,732,533
48,23,104,43,559,584,533
29,27,85,69,528,528,533
51,28,152,79,592,612,534
88,44,359,208,689,710,534
74,32,135,69,589,606,534
50,30,202,134,632,648,534
55,40,126,103,591,603,534
128,55,250,80,650,671,534
31,23,70,65,513,545,534
29,27,48,37,486,489,534
52,28,135,77,575,597,535
52,27,93,50,543,547,535
46,24,126,76,546,581,535
38,23,97,49,530,546,535
48,31,135,92,595,611,535
100,43,318,153,664,678,535
28,23,65,32,494,474,535
70,44,144,84,588,615,536
18,22,21,37,439,467,536
217,57,623,262,768,782,536
28,21,30,21,472,492,536
51,29,87,50,544,537,536
68,46,194,148,627,643,536
64,21,153,56,581,605,536
81,31,391,163,684,701,536
123,67,358,204,676,689,536
73,49,203,134,625,639,536
93,31,314,116,654,665,536
44,24,72,48,529,565,536
34,29,77,50,506,553,536
154,61,457,187,706,723,536
25,21,124,98,574,583,536
39,24,135,61,561,567,536
80,55,169,115,613,627,537
49,27,108,75,553,586,537
239,93,518,196,731,747,537
41,20,160,86,590,613,537
21,22,40,39,474,507,537
59,37,175,107,598,610,537
25,21,34,30,489,503,537
81,47,174,110,603,620,537
48,34,130,89,582,590,537
56,26,148,83,576,584,537
19,22,64,66,488,499,537
25,23,80,55,504,517,537
358,97,664,187,779,800,537
43,28,68,49,530,551,537
42,27,81,45,518,562,537
73,28,173,97,598,616,537
37,25,152,136,597,613,538
45,36,68,70,539,541,538
110,35,472,189,704,725,538
71,38,245,125,642,660,538
48,29,89,37,539,562,538
25,20,18,28,422,448,538
22,21,30,29,454,480,538
50,31,139,108,585,594,538
193,87,378,137,687,703,538
27,26,47,47,499,519,538
37,23,61,33,501,510,538
85,51,217,125,631,649,539
59,27,169,92,595,624,539
72,35,161,66,594,617,539
28,21,43,33,499,527,539
504,111,917,180,829,846,539
45,20,93,44,536,559,539
35,21,86,47,537,563,539
47,34,104,79,541,570,539
17,21,31,51,429,362,539
58,38,156,120,602,618,539
44,30,86,62,550,564,539
27,29,65,70,496,524,539
27,20,62,46,516,537,539
51,24,80,45,558,573,540
72,34,204,106,616,633,540
25,21,62,39,497,495,540
21,20,40,53,483,505,540
26,21,109,66,540,564,540
30,24,77,44,521,518,540
43,32,109,87,554,579,540
30,20,43,41,488,473,540
45,40,114,93,556,583,540
52,25,159,85,578,590,540
139,48,379,148,684,698,541
67,39,189,92,591,613,541
57,41,136,109,577,595,541
33,20,108,68,544,502,541
59,27,129,59,584,604,541
21,23,46,46,496,512,541
40,21,78,48,540,570,541
50,28,119,80,558,574,541
31,22,70,52,509,524,541
43,36,90,80,549,539,541
46,21,163,63,595,606,541
41,27,84,52,525,536,542
99,37,358,161,675,692,542
105,48,306,141,663,677,542
59,32,182,109,599,611,542
35,24,139,82,564,580,542
32,22,58,41,473,558,542
29,21,65,27,484,527,542
28,26,64,48,477,504,542
107,53,366,200,674,691,542
105,37,202,63,604,628,542
42,23,77,39,512,524,542
91,50,231,111,628,647,542
128,48,335,126,661,684,542
30,20,72,48,499,527,542
81,52,182,97,603,621,542
34,20,92,46,524,526,543
45,21,127,67,552,524,543
218,94,520,291,781,797,543
35,20,80,33,525,539,543
131,57,394,177,688,697,543
22,22,53,57,474,511,543
43,25,128,69,553,584,543
40,33,103,85,549,575,543
58,29,154,75,591,605,543
23,21,48,43,489,509,543
38,28,138,61,550,565,543
80,34,278,165,650,663,543
56,28,203,74,583,591,543
78,50,235,158,642,658,543
24,21,69,62,511,529,543
27,20,73,35,502,510,543
31,22,67,47,505,538,544
134,57,294,94,651,661,544
23,20,58,34,458,485,544
41,26,78,45,519,565,544
58,39,150,104,580,602,544
37,23,78,55,541,564,544
39,22,78,52,520,532,544
78,31,213,76,595,608,544
20,26,43,63,480,526,544
35,21,50,27,499,501,544
33,23,45,26,490,494,544
28,21,21,26,466,521,544
293,89,596,191,745,762,544
210,68,571,205,752,768,544
39,20,96,35,527,530,544
35,23,57,32,508,513,544
47,29,108,51,546,565,544
38,21,64,41,521,501,545
27,21,44,43,488,514,545
61,44,123,73,563,585,545
20,20,33,27,447,476,545
56,24,145,41,582,588,545
29,20,48,32,482,500,545
29,22,85,45,507,502,545
20,24,59,61,501,504,545
57,26,147,63,581,581,545
62,30,180,82,600,613,545
38,25,74,49,532,543,545
29,21,113,75,553,568,545
63,37,228,124,630,644,545
14,22,25,41,362,410,545
27,30,37,48,463,473,545
31,23,71,46,514,521,545
38,28,121,57,563,572,545
37,27,46,36,499,515,545
35,28,120,81,561,563,545
96,46,405,233,698,714,546
27,23,70,50,485,510,546
52,30,135,92,595,608,546
60,49,101,70,565,580,546
41,25,111,54,550,569,546
27,20,47,34,467,518,546
50,28,75,59,556,579,546
62,38,262,172,654,660,546
63,45,112,66,566,583,546
24,22,73,63,524,539,546
28,20,66,59,531,564,546
33,29,53,39,487,496,546
24,23,73,65,495,519,546
33,23,79,48,527,554,547
50,27,94,52,535,561,547
72,51,172,123,606,620,547
94,43,189,82,620,647,547
44,21,112,46,533,541,547
39,31,42,44,474,490,547
32,22,51,29,483,488,547
40,29,77,60,550,568,547
53,40,126,104,577,587,547
31,20,139,86,571,562,547
44,41,30,34,492,500,547
31,26,32,22,466,496,547
35,23,48,28,496,366,547
37,21,105,72,551,576,547
35,20,74,56,502,516,548
31,20,107,66,547,560,548
44,26,64,41,522,534,548
30,23,59,31,481,468,548
62,39,202,150,624,631,548
49,29,111,60,558,569,548
59,36,118,70,567,586,548
32,23,52,40,506,523,548
51,26,113,64,574,592,548
32,23,127,62,562,589,548
27,22,72,54,492,535,549
97,61,235,147,648,662,549
33,34,115,99,562,576,549
106,61,265,159,651,668,549
19,20,108,86,526,543,549
33,26,54,41,496,522,549
52,25,76,37,542,549,549
21,22,47,43,478,487,549
64,36,169,93,593,603,549
100,45,376,186,695,708,549
67,32,173,103,597,613,549
62,38,167,87,597,607,549
22,20,48,41,487,495,549
38,33,110,89,555,568,549
115,45,281,110,651,663,549
53,26,174,68,584,600,549
99,54,322,204,671,687,549
84,30,147,48,598,605,549
57,27,141,73,583,601,549
20,21,38,30,446,477,549
41,28,72,50,522,558,549
37,29,94,82,566,584,550
67,31,260,116,638,649,550
43,28,97,61,541,565,550
79,50,223,134,636,647,550
28,20,78,51,500,555,550
123,58,340,202,679,701,550
37,26,83,46,520,481,550
23,25,39,41,503,488,550
19,23,49,53,458,479,550
51,26,129,66,570,577,550
26,22,37,46,448,466,550
146,54,406,202,697,719,550
163,65,457,264,731,745,551
18,21,68,78,539,555,551
108,44,419,137,690,706,551
48,30,146,77,571,585,551
32,26,65,52,514,531,551
31,21,84,63,533,546,551
70,36,283,154,629,645,551
68,31,188,86,616,637,551
19,20,21,30,448,488,551
12,20,39,54,465,493,551
23,21,52,43,478,504,551
39,24,87,51,545,552,551
27,20,50,35,478,464,552
34,23,86,60,530,555,552
24,25,14,30,438,413,552
22,20,75,50,485,511,552
36,22,74,52,504,494,552
44,46,53,63,506,524,552
135,58,536,178,701,720,552
27,27,44,48,455,480,552
211,63,540,205,749,762,552
25,22,54,39,468,446,552
45,33,118,94,558,577,552
21,24,34,38,463,470,552
29,25,41,45,473,517,552
104,44,345,156,667,685,553
74,38,226,132,627,643,553
48,26,103,52,546,561,553
31,26,72,49,526,546,553
35,29,108,81,565,582,553
25,20,57,42,501,520,553
109,40,277,83,646,674,553
57,30,194,108,624,640,553
104,42,263,88,641,655,553
23,21,34,37,475,500,553
52,25,132,61,574,588,553
34,28,88,64,549,560,553
23,23,45,60,488,498,553
43,34,67,67,530,533,553
52,24,126,65,561,588,553
21,23,21,27,443,443,553
120,51,277,120,644,658,553
73,43,193,119,623,642,553
77,38,180,83,605,620,553
91,52,265,181,663,692,553
160,56,465,241,714,730,553
50,30,170,100,623,636,553
48,20,126,65,573,598,553
71,33,214,88,628,650,553
10,20,13,40,365,402,553
55,23,116,59,556,577,554
38,28,117,91,585,608,554
33,25,63,52,541,536,554
85,38,185,86,607,616,554
45,32,116,83,563,581,554
27,21,64,52,537,555,554
15,24,15,40,452,465,554
77,46,249,106,627,632,554
16,21,23,38,400,465,554
32,27,139,91,569,594,554
25,22,36,38,453,490,554
188,63,484,135,708,726,554
96,45,241,109,638,656,554
60,22,116,37,558,565,554
34,28,74,66,509,521,554
73,37,169,80,600,618,554
28,21,68,57,519,544,554
117,59,393,191,701,717,555
32,24,70,52,497,511,555
71,32,223,98,620,640,555
103,50,259,126,648,661,555
49,32,83,52,544,536,555
327,79,749,158,780,795,555
60,37,204,111,597,603,555
30,20,103,68,546,559,555
45,34,143,106,582,592,555
37,26,101,60,547,543,555
60,37,121,70,570,586,555
69,27,318,142,669,691,555
42,22,137,78,592,596,555
37,24,89,62,529,536,555
308,70,674,219,783,799,555
380,96,712,317,852,870,555
170,66,473,300,766,783,555
27,21,42,32,481,498,555
31,20,48,23,504,546,555
52,29,165,88,585,590,555
145,71,365,178,670,685,555
223,74,558,185,738,755,555
95,43,233,96,624,650,555
38,27,56,26,503,533,556
54,32,113,56,555,559,556
168,49,508,132,708,725,556
32,25,63,57,532,560,556
33,29,79,51,541,513,556
45,34,59,57,506,534,556
29,24,55,54,515,546,556
36,20,111,52,551,557,556
87,36,182,92,600,623,556
135,51,376,160,687,706,556
50,32,86,58,515,517,556
44,37,149,118,589,595,556
39,25,125,84,564,587,556
33,24,101,91,567,599,557
48,28,99,49,528,553,557
269,60,669,107,738,754,557
46,30,187,99,592,604,557
19,20,77,50,475,524,557
41,32,56,46,519,546,558
47,22,57,23,510,497,558
54,42,104,86,569,581,558
41,22,72,41,517,527,558
24,23,70,70,513,534,558
32,20,49,28,450,479,558
54,20,121,39,567,560,558
26,23,70,52,536,544,558
283,54,778,163,792,809,558
111,58,355,166,677,694,558
90,25,364,104,663,677,558
28,20,75,39,495,518,558
32,20,46,26,498,523,558
37,25,84,61,527,535,558
52,26,96,38,513,525,559
27,20,59,41,494,463,559
89,45,307,195,657,669,559
43,25,125,59,569,575,559
43,31,131,87,569,594,559
48,28,107,52,542,568,559
36,24,81,71,531,550,559
21,22,63,57,514,544,559
20,21,26,41,412,462,559
36,27,87,69,549,557,559
109,41,324,141,658,677,559
36,23,14,26,433,525,559
35,29,116,102,559,591,559
581,147,899,243,827,844,559
24,22,45,39,485,523,559
45,25,136,86,592,599,560
52,23,101,54,550,560,560
51,32,117,70,564,582,560
59,28,184,114,617,635,560
125,50,419,144,695,715,560
66,37,209,144,614,627,560
103,51,288,117,655,670,560
161,61,392,144,683,701,560
329,90,652,176,763,777,560
19,24,48,33,456,465,561
44,21,84,44,541,558,561
127,58,329,150,679,697,561
54,29,204,109,608,624,561
264,87,591,232,753,770,561
88,40,231,110,636,649,561
41,23,24,20,462,485,561
53,27,126,53,546,566,561
448,93,758,215,803,819,561
22,20,25,27,441,299,561
49,26,251,150,633,651,561
222,65,575,219,763,779,561
74,41,92,48,549,551,561
46,24,126,72,574,568,561
69,33,291,150,660,676,561
79,33,230,128,638,663,561
351,111,609,219,779,791,561
60,28,98,64,563,577,561
33,20,80,35,525,523,561
56,21,157,70,593,607,561
45,44,101,101,544,564,561
289,87,585,257,772,783,561
490,91,882,201,840,858,562
41,30,67,50,518,533,562
337,80,718,220,791,806,562
41,32,71,56,522,574,562
37,28,112,85,547,562,562
55,28,168,80,602,590,562
28,25,48,50,512,535,562
99,51,325,171,662,683,562
52,27,102,44,550,580,562
108,54,279,127,668,684,562
86,47,193,80,606,623,562
44,31,99,69,549,559,562
39,31,157,121,594,618,562
60,42,92,49,520,543,562
21,20,60,56,479,490,562
41,24,107,56,544,560,562
28,21,16,25,437,487,562
31,21,54,36,481,489,562
70,32,196,81,616,638,563
127,64,379,202,697,723,563
406,102,756,194,824,842,563
33,32,61,66,470,498,563
24,25,56,64,519,546,563
48,34,51,52,517,536,563
35,20,67,46,506,532,563
24,26,40,38,459,447,563
67,36,161,106,600,616,563
32,20,42,46,456,536,563
52,20,124,52,555,576,563
28,23,56,47,481,499,563
24,20,38,32,456,462,563
42,30,121,79,557,569,563
49,33,95,71,542,553,563
26,21,37,27,459,463,563
27,22,98,46,519,535,563
65,29,162,79,584,607,563
46,27,84,60,536,560,563
46,24,168,101,585,585,563
134,41,338,86,669,687,563
306,112,659,320,826,843,563
50,28,133,77,572,587,563
229,75,531,246,766,785,563
31,23,85,51,528,537,563
135,66,428,286,722,739,563
40,24,131,78,573,570,563
52,39,109,84,558,581,563
21,20,35,30,420,449,564
38,24,111,69,549,553,564
58,29,171,60,577,586,564
61,39,99,56,551,565,564
34,27,80,69,534,546,564
86,39,197,85,603,627,564
51,27,140,85,582,614,564
19,21,25,34,400,454,565
78,33,148,75,595,610,565
48,26,124,79,570,604,565
66,29,236,135,632,639,565
87,28,242,64,628,649,565
31,22,86,60,548,570,565
21,20,87,79,532,554,565
21,21,85,67,515,526,565
61,35,148,53,566,577,565
40,21,97,42,553,575,565
41,25,108,54,551,567,565
22,21,50,26,486,476,565
56,32,145,49,562,580,565
56,33,183,100,600,618,565
36,21,151,63,578,592,565
23,22,20,21,422,445,565
41,20,96,41,522,564,565
68,29,215,103,611,626,565
129,58,347,195,686,705,566
31,25,81,76,536,544,566
67,25,170,88,597,624,566
54,27,117,44,559,581,566
20,22,49,44,488,494,566
32,21,41,41,476,530,566
22,23,60,55,503,514,566
45,28,131,72,580,623,566
72,39,164,66,597,609,566
45,30,150,91,577,610,566
21,20,33,22,397,424,566
30,21,86,40,517,537,566
107,62,266,155,649,662,566
122,49,312,104,647,666,566
122,40,357,145,683,701,566
53,26,146,89,611,632,566
28,24,79,55,507,531,567
89,35,156,36,590,609,567
28,21,65,40,476,487,567
129,54,408,182,694,709,567
32,21,90,66,532,557,567
37,23,117,64,543,563,567
42,26,131,78,560,580,567
66,28,173,91,582,600,567
57,28,146,50,566,569,567
56,26,146,64,577,577,567
31,20,74,42,512,524,567
48,24,68,31,516,578,567
83,33,222,90,620,631,568
29,27,93,84,553,572,568
108,38,327,167,669,687,568
78,52,214,137,620,638,568
33,23,85,37,521,499,568
33,20,80,62,533,571,568
39,25,100,61,559,588,568
29,20,104,70,543,559,568
45,24,144,84,581,603,568
45,33,117,73,570,563,568
33,23,96,83,532,548,568
108,53,197,90,623,643,569
33,25,36,32,468,497,569
53,26,106,52,551,569,569
41,25,114,43,539,553,569
19,20,34,42,441,473,569
33,24,98,87,553,590,569
25,27,57,48,500,507,569
34,23,92,57,522,543,569
71,27,214,77,620,631,569
17,23,41,56,480,521,569
25,25,51,53,507,530,569
116,47,277,147,658,678,569
50,23,73,34,528,561,570
27,21,49,42,486,514,570
106,47,327,176,669,682,570
46,28,89,51,539,549,570
31,22,71,47,518,563,570
49,25,106,64,549,568,570
30,26,57,44,495,490,570
34,22,62,31,519,540,570
39,24,82,59,540,553,570
12,20,14,33,318,394,570
290,63,634,160,739,752,570
100,34,256,104,643,652,570
31,21,78,48,530,528,570
27,24,77,78,529,561,570
39,20,91,68,536,547,570
35,21,115,70,558,577,570
46,24,132,87,590,604,571
28,21,41,38,486,513,571
354,70,769,183,775,792,571
43,23,81,32,518,514,571
19,20,49,39,470,462,571
49,24,94,53,544,555,571
48,31,130,78,582,608,571
52,22,148,73,595,611,571
49,32,161,118,604,623,571
211,73,486,148,709,728,571
75,36,195,93,614,648,571
66,26,216,105,615,632,571
14,20,51,59,488,534,571
22,20,105,96,557,580,571
30,25,25,26,449,467,571
127,50,368,162,693,708,571
41,32,107,90,560,580,571
66,42,248,156,646,666,571
58,29,171,81,604,595,571
28,22,96,47,515,543,571
69,28,151,95,588,610,571
48,21,115,39,564,590,571
49,32,109,79,552,559,572
29,22,47,43,523,534,572
35,27,94,54,521,556,572
89,45,340,161,669,687,572
226,86,516,182,727,742,572
55,39,177,116,614,633,572
205,66,554,298,791,807,572
34,20,88,57,528,559,572
175,62,494,180,705,724,572
115,47,295,113,647,670,572
30,21,100,66,534,563,572
70,26,215,84,606,636,572
150,60,444,204,705,723,572
34,23,73,29,510,519,572
48,33,121,67,576,582,572
31,21,60,48,508,543,572
101,42,418,219,700,719,572
41,21,77,38,520,531,573
14,22,40,68,494,523,573
49,28,98,66,559,566,573
70,37,185,82,609,633,573
42,31,107,95,561,597,573
17,20,15,32,400,428,573
33,32,57,61,515,532,573
45,27,88,46,552,572,573
27,21,35,39,438,440,573
50,36,167,128,610,624,573
25,27,66,67,524,544,573
23,21,23,48,479,514,573
38,27,127,94,551,567,573
39,22,81,59,522,524,573
21,20,51,40,499,481,574
34,20,55,31,496,510,574
270,60,679,157,743,759,574
54,25,90,53,546,559,574
32,27,44,45,472,506,574
45,21,114,53,561,550,574
37,24,57,47,514,529,574
50,24,211,79,619,635,574
15,21,25,30,427,412,574
81,53,197,131,617,638,574
34,20,76,62,502,526,575
56,38,151,106,602,612,575
83,45,242,155,639,649,575
70,33,159,66,590,599,575
29,24,52,36,491,460,575
39,23,91,60,534,549,575
85,33,258,101,645,659,575
22,22,72,62,506,511,575
84,39,212,110,619,657,575
43,20,103,49,532,554,575
128,54,372,144,682,697,575
73,37,178,69,606,626,576
61,37,124,79,576,583,576
30,24,78,64,532,544,576
62,25,131,48,582,611,576
47,32,48,36,510,526,576
35,24,69,39,533,545,576
23,29,46,62,455,484,576
113,51,320,159,654,673,576
166,68,463,209,716,731,576
60,24,124,60,565,600,576
109,49,274,142,654,663,576
51,21,175,58,586,576,576
21,23,70,51,504,497,576
37,24,90,75,556,567,576
84,44,170,101,610,628,576
24,22,52,36,478,480,576
90,32,284,104,652,669,576
158,68,498,214,724,740,576
157,46,433,160,689,702,577
195,60,544,236,749,764,577
221,66,536,153,718,732,577
49,38,95,62,540,542,577
38,20,80,46,519,533,577
268,89,616,241,773,787,577
35,23,85,47,514,499,577
35,22,115,79,560,570,577
26,23,80,74,537,543,577
41,32,81,49,528,551,577
23,26,88,84,520,551,577
59,32,129,61,561,566,577
316,88,714,161,758,776,577
145,69,377,133,675,690,577
51,43,112,113,583,605,578
62,36,159,92,599,621,578
84,37,189,79,603,618,578
49,23,104,58,558,566,578
38,28,125,82,568,594,578
25,22,40,27,459,434,578
30,25,22,34,453,470,578
63,24,175,103,599,604,578
21,22,55,66,478,521,578
59,32,172,95,578,587,579
25,20,84,76,501,511,579
46,23,137,73,560,575,579
40,23,56,33,502,514,579
220,87,526,289,759,775,579
608,111,971,188,846,861,579
24,20,64,60,525,504,579
69,28,220,104,617,624,579
48,25,114,46,550,553,579
34,26,66,36,517,536,579
24,21,39,38,449,479,579
34,22,75,52,532,531,579
22,24,50,62,489,520,579
66,36,175,99,607,619,579
46,30,155,91,591,604,579
78,37,269,140,639,663,579
30,21,55,31,493,517,579
56,38,137,86,567,585,579
45,26,156,90,598,616,579
92,45,207,93,633,651,579
52,30,156,84,580,596,580
46,25,142,97,588,612,580
35,20,131,75,562,578,580
34,21,62,44,503,504,580
151,48,454,162,708,724,580
46,23,134,65,565,580,580
41,24,77,37,506,517,580
40,31,130,108,587,603,581
22,20,39,35,467,458,581
28,20,59,33,508,513,581
36,21,64,36,508,484,581
58,26,107,35,554,549,581
131,45,455,181,712,725,581
31,21,28,26,461,455,581
21,26,42,49,453,459,581
178,74,483,273,750,766,581
32,21,95,40,527,551,581
44,20,106,51,536,561,581
130,48,351,114,655,669,581
31,25,71,57,531,554,581
30,21,59,42,494,519,581
33,25,114,63,540,551,582
53,34,98,56,549,586,582
44,27,98,73,533,559,582
139,58,346,153,672,701,582
39,22,56,33,498,528,582
32,24,50,36,493,493,582
53,22,133,62,569,589,582
115,54,392,189,704,719,582
48,21,124,52,559,571,582
25,28,40,48,485,518,582
24,22,56,52,515,534,582
33,27,82,60,544,548,582
50,22,177,97,598,622,583
20,20,32,36,438,494,583
49,32,75,46,528,535,583
38,21,58,29,496,503,583
50,28,193,84,598,618,583
37,26,71,35,515,528,583
44,31,106,80,563,586,583
41,39,83,74,532,556,583
51,40,84,57,531,538,583
96,47,283,150,651,664,583
44,30,100,70,541,562,583
345,52,865,129,766,782,584
31,24,54,43,501,531,584
37,33,76,72,537,544,584
48,34,159,99,596,601,584
54,27,266,166,637,656,584
23,21,68,47,528,526,584
39,21,92,43,543,573,584
26,22,44,40,498,513,584
72,39,178,101,598,614,584
76,35,187,77,608,622,584
33,23,84,50,521,538,585
99,33,263,95,640,659,585
244,84,590,261,780,799,585
29,21,81,54,528,564,585
16,20,34,41,448,440,585
46,26,137,85,576,588,585
16,22,19,36,375,399,585
55,36,56,44,514,539,585
50,22,89,39,521,555,585
25,20,21,22,453,489,585
25,20,35,37,475,484,585
28,23,55,40,489,513,585
41,25,53,33,504,545,585
49,27,89,58,536,573,585
61,30,169,67,605,612,585
184,55,456,135,697,716,585
50,23,81,28,537,564,585
52,33,123,85,575,588,585
275,77,683,302,809,824,585
43,24,82,50,524,550,585
40,23,98,36,538,537,585
42,20,96,48,534,534,586
37,20,92,43,546,570,586
118,46,209,100,635,658,586
64,39,122,69,570,596,586
35,22,90,43,535,542,586
161,65,394,171,697,709,586
48,35,137,111,599,616,586
26,21,66,59,483,525,586
44,21,195,91,608,628,586
120,55,355,224,691,710,587
29,23,40,38,484,511,587
105,53,205,118,635,665,587
33,22,53,44,510,534,587
42,22,99,53,538,549,587
30,20,84,41,511,520,587
34,20,75,26,490,531,587
70,44,141,80,587,619,587
46,27,76,47,535,543,587
51,25,150,70,584,613,587
222,64,578,152,732,748,587
68,32,199,78,597,631,587
214,63,576,190,731,746,587
141,37,410,101,672,693,587
46,21,124,56,564,591,587
53,28,145,62,561,586,587
75,41,210,100,610,626,587
235,76,591,181,746,764,587
90,58,247,118,623,646,587
26,22,59,46,490,504,587
36,29,76,56,505,518,588
73,37,140,91,600,628,588
52,27,174,75,591,621,588
29,23,48,34,483,524,588
42,26,115,74,560,583,588
37,24,76,46,538,537,588
37,25,77,47,537,556,588
34,29,70,55,517,517,588
53,25,108,41,555,582,588
54,21,75,24,527,529,589
64,45,99,87,568,587,589
27,21,62,54,509,514,589
43,29,71,45,517,532,589
23,21,20,41,464,497,589
32,28,37,46,470,514,589
27,21,64,54,536,548,589
34,26,74,58,519,550,589
41,27,66,62,522,559,589
19,21,27,40,442,461,589
40,22,71,32,507,526,589
40,25,111,67,548,567,589
32,23,56,37,469,486,589
21,22,74,58,487,514,589
41,25,124,67,568,586,590
18,23,23,40,431,470,590
53,26,93,39,530,548,590
36,21,88,40,508,504,590
30,20,52,37,489,496,590
47,29,124,67,552,575,590
41,20,110,42,505,528,590
52,31,117,89,553,574,591
42,34,99,73,553,581,591
52,31,97,58,533,573,591
74,42,179,123,607,618,591
40,23,110,63,563,594,591
37,31,76,47,501,446,591
32,30,54,49,461,508,591
50,32,140,84,560,588,591
28,20,81,59,516,532,591
39,21,111,44,538,557,591
28,33,62,72,489,520,591
58,33,157,90,597,614,591
27,20,46,44,481,504,591
47,22,158,71,585,585,591
30,20,89,38,539,543,591
37,22,71,35,501,512,591
35,24,79,43,513,536,591
40,25,129,51,540,559,591
49,25,119,48,542,573,591
32,25,79,66,514,545,592
42,22,138,63,558,574,592
38,30,88,72,554,585,592
21,21,49,38,465,495,592
29,31,65,61,500,527,592
57,28,125,42,555,564,592
52,29,152,86,573,585,592
22,23,49,45,465,510,592
37,31,92,62,540,570,592
32,21,65,49,505,537,592
42,27,64,37,496,519,592
46,29,92,54,556,573,592
83,52,288,164,645,664,592
43,23,101,55,535,552,593
38,21,98,53,538,549,593
32,21,79,40,516,548,593
87,40,240,120,624,634,593
29,23,48,39,500,536,593
36,21,102,40,532,560,593
66,37,138,73,577,599,593
36,32,61,67,517,527,593
48,20,80,38,530,550,594
25,21,61,43,496,541,594
16,20,16,26,414,406,594
47,30,84,37,531,537,594
40,24,115,54,549,562,594
65,48,156,112,586,603,594
24,21,42,31,471,507,594
36,21,102,64,544,566,594
25,20,43,31,467,513,594
22,22,50,39,474,502,594
46,35,88,66,525,565,595
17,20,20,38,419,445,595
27,22,52,42,468,516,595
36,21,71,49,509,531,595
82,35,219,104,622,626,595
35,22,56,21,501,522,595
34,26,62,43,495,506,595
54,26,130,64,556,576,595
80,33,185,73,613,628,595
56,41,133,100,593,606,595
44,31,35,25,473,517,595
73,42,194,92,607,631,595
37,27,61,43,495,511,595
142,79,341,175,679,697,595
43,25,136,82,583,614,596
58,37,193,145,611,626,596
87,50,238,96,634,647,596
51,21,150,51,577,587,596
41,22,77,32,528,556,596
64,42,167,117,597,614,596
19,22,55,45,484,501,596
45,27,91,46,527,529,596
20,21,58,55,481,510,596
47,30,109,64,564,593,596
33,21,116,51,556,555,596
55,23,162,79,590,557,596
55,23,178,90,586,602,596
43,30,151,87,569,575,596
236,56,615,146,741,764,596
53,23,112,36,542,578,596
33,26,62,49,514,535,597
30,23,85,47,534,539,597
48,34,114,82,550,573,597
59,26,198,99,610,631,597
26,20,49,27,461,441,597
57,23,136,63,573,592,597
38,30,105,101,562,584,597
21,20,24,27,434,448,597
27,26,98,77,533,551,597
32,24,103,74,545,570,597
31,22,47,29,479,488,597
41,21,77,43,532,535,597
26,25,64,58,495,525,597
28,22,54,33,475,488,598
21,20,77,69,496,516,598
17,20,32,43,479,508,598
48,28,54,43,512,530,598
137,42,452,145,704,721,598
44,20,108,36,522,518,598
70,35,183,94,595,614,598
274,87,594,248,791,812,598
118,48,313,122,666,684,598
25,20,55,63,507,512,598
46,35,86,63,540,560,598
74,32,188,96,606,614,598
27,20,83,47,521,557,598
29,20,52,37,498,524,598
51,38,124,79,574,592,598
66,20,161,46,590,612,598
36,21,73,37,502,514,598
56,29,149,64,576,593,598
37,23,92,62,524,538,598
53,29,118,74,569,570,598
40,25,95,44,532,553,598
66,33,175,96,599,619,598
35,27,105,85,571,599,599
92,53,333,204,678,693,599
36,26,113,73,546,563,599
19,24,54,59,479,507,599
92,43,373,196,682,697,599
67,41,174,92,585,605,599
20,23,76,71,502,537,599
31,20,52,39,470,510,599
36,20,81,51,530,553,599
57,33,192,111,614,635,599
23,20,105,75,538,546,599
45,23,152,84,570,593,599
33,36,79,66,532,543,600
43,20,139,54,578,588,600
23,23,46,43,450,487,600
152,49,493,258,743,757,600
37,21,67,45,512,542,600
47,30,73,27,536,552,600
54,24,160,72,585,605,600
50,32,111,76,552,578,600
75,31,248,116,634,648,601
22,23,28,37,437,474,601
95,33,250,81,638,652,601
48,23,81,38,538,543,601
30,26,56,38,480,485,601
38,21,85,50,522,549,601
77,35,214,115,619,638,601
18,22,21,38,431,453,601
62,34,116,55,562,585,602
30,20,20,32,437,523,602
24,23,56,46,481,503,602
100,40,403,213,694,708,602
15,21,13,25,317,384,602
54,21,133,53,574,607,602
64,33,131,69,589,608,602
24,30,62,66,491,530,602
40,25,66,39,520,498,602
55,29,218,112,626,643,602
35,20,75,46,501,539,602
33,21,74,50,509,538,602
45,26,74,59,547,576,602
51,31,85,47,520,539,602
41,20,75,30,508,532,602
45,33,111,92,553,588,602
65,37,224,141,625,647,602
43,27,68,41,498,538,602
35,29,45,40,501,531,602
52,25,155,60,583,600,602
26,28,35,47,469,502,603
84,36,263,162,648,662,603
43,30,69,60,512,535,603
58,34,101,59,550,563,603
28,21,63,37,513,527,603
26,22,78,71,522,545,603
16,20,17,30,383,413,603
34,24,67,53,521,540,603
58,31,168,113,583,616,603
75,28,189,81,597,614,603
43,26,91,51,521,538,603
43,21,91,49,538,575,603
129,54,365,170,684,705,603
72,28,188,71,611,635,604
58,29,86,43,544,572,604
161,84,318,153,673,689,604
53,30,113,75,567,584,604
59,33,129,82,566,579,604
32,24,64,55,512,551,604
88,41,271,140,638,656,604
40,28,92,52,547,566,604
40,24,105,53,535,557,604
50,33,117,97,575,600,604
18,20,35,37,442,483,604
34,29,58,46,495,519,604
219,56,608,270,809,827,604
21,22,32,51,469,510,604
62,44,226,172,634,656,604
50,24,109,45,537,563,605
72,27,185,50,598,613,605
77,39,166,96,595,619,605
37,24,64,42,498,526,605
48,28,199,138,640,660,605
61,41,155,117,601,609,605
139,60,370,180,681,695,605
51,30,94,64,563,558,605
87,42,245,134,643,665,605
113,39,387,164,693,712,605
25,27,56,41,473,477,606
31,22,63,42,475,512,606
74,47,193,125,620,638,606
17,20,20,39,380,470,606
43,32,117,64,567,584,606
9,20,18,35,387,365,606
135,69,331,148,680,698,606
28,24,31,26,432,436,606
37,23,51,27,470,502,607
112,46,359,147,654,673,607
46,22,136,46,554,576,607
78,33,237,80,603,626,607
53,24,200,64,599,599,607
53,24,220,71,587,610,607
59,20,177,53,586,612,607
132,27,317,55,647,677,607
64,29,201,73,580,607,607
91,36,184,57,595,607,607
80,35,214,61,595,614,607
56,20,211,56,606,619,607
125,40,344,89,658,676,607
71,35,150,66,579,607,607
41,20,86,35,519,551,607
47,23,131,48,542,556,607
27,21,71,27,458,481,607
43,31,105,84,552,567,607
43,30,105,80,554,569,607
60,30,145,74,584,610,608
73,28,182,68,600,612,608
70,35,231,107,618,630,608
34,20,52,46,490,515,609
28,20,53,26,461,502,609
39,26,155,96,601,621,609
40,25,106,72,550,554,609
21,20,29,36,415,465,609
221,74,585,193,736,753,609
504,120,703,255,816,834,609
165,61,450,148,703,720,609
37,26,77,57,529,562,609
250,97,533,196,734,756,609
58,23,119,32,546,570,609
51,21,119,35,540,531,609
51,21,142,43,553,596,609
23,20,43,21,397,326,609
32,26,34,33,437,456,609
23,29,49,57,485,515,609
86,42,362,187,678,686,609
32,29,71,69,498,531,609
31,21,68,56,509,537,610
21,22,37,42,399,470,610
40,21,145,94,574,578,610
46,32,99,80,552,574,610
29,25,63,46,481,493,610
58,33,91,59,563,584,610
27,26,56,59,493,501,610
29,23,47,48,458,500,610
26,23,82,78,501,537,610
57,37,189,133,613,630,610
40,22,42,30,452,536,610
49,27,106,58,535,547,611
31,20,49,33,471,489,611
34,23,67,61,495,497,611
32,26,43,38,473,467,611
28,21,75,65,491,500,611
50,25,142,99,591,606,611
35,20,62,39,507,532,611
30,30,51,40,490,510,611
43,28,114,89,564,579,611
39,24,121,74,565,587,612
33,22,58,35,490,541,612
46,22,83,42,489,484,612
54,26,139,60,564,575,612
71,38,195,78,599,622,612
32,22,61,44,502,540,612
49,33,106,64,543,565,612
42,21,69,33,517,546,612
101,41,271,134,660,680,612
29,23,81,55,518,529,612
30,23,69,34,481,456,612
58,26,180,74,581,594,612
23,22,88,57,511,512,612
39,22,91,45,508,490,612
120,59,413,202,681,698,612
30,23,65,44,510,540,613
57,28,205,74,595,599,613
43,27,122,75,553,567,613
36,26,123,75,544,542,613
49,20,85,32,521,541,613
35,20,99,67,542,569,613
42,27,106,40,541,562,613
24,23,68,39,450,476,613
40,20,90,37,517,521,613
47,22,166,84,590,601,613
37,20,88,38,498,511,613
42,21,138,63,554,569,614
28,22,59,43,485,549,614
75,39,234,138,633,651,614
128,63,269,119,665,682,614
29,22,71,52,521,532,614
39,23,95,55,538,554,614
29,20,65,35,487,493,614
120,46,311,111,649,663,614
24,24,37,39,408,433,614
27,23,67,58,496,523,614
61,31,194,68,593,602,614
45,39,106,82,543,559,614
72,42,239,108,614,633,615
36,22,102,40,530,569,615
69,30,204,101,604,620,615
71,36,280,155,650,671,615
61,46,205,143,611,625,615
67,40,133,92,575,590,615
37,24,81,48,495,516,615
47,28,165,87,579,603,615
54,26,124,63,568,607,615
164,60,562,239,750,763,615
37,20,104,51,530,542,616
38,28,110,78,568,590,616
26,22,51,46,476,494,616
43,26,111,54,542,548,616
293,86,655,174,775,795,616
210,61,544,186,711,732,616
32,21,94,61,529,545,616
45,29,153,95,588,599,616
41,34,113,76,565,581,616
24,21,56,52,492,514,616
30,20,86,39,502,539,616
44,24,144,51,574,585,616
38,26,107,63,535,553,617
46,29,93,52,534,528,617
30,22,69,46,495,496,617
45,22,119,49,558,582,617
22,20,23,30,452,457,617
74,28,223,87,624,641,617
76,44,313,185,670,685,617
30,23,106,55,543,563,617
33,22,89,62,543,537,617
247,68,626,206,757,771,617
26,22,76,54,513,516,618
37,24,88,45,533,550,618
87,33,295,132,653,678,618
30,20,92,49,504,518,618
36,25,75,44,513,530,618
214,53,593,141,728,744,618
280,92,643,278,813,828,618
51,22,146,60,570,588,618
20,20,58,36,490,534,618
39,20,129,56,554,527,618
88,34,202,102,613,648,618
97,42,342,142,669,685,618
152,62,460,271,734,750,618
37,23,80,54,533,553,618
69,36,201,106,598,606,618
26,21,25,25,445,478,618
23,24,80,70,526,521,618
34,23,112,65,536,563,618
100,35,465,193,696,714,618
51,35,143,83,587,609,618
51,21,149,63,575,589,618
50,32,94,67,561,577,618
27,21,71,37,486,483,619
44,20,135,65,559,571,619
19,22,46,47,451,482,619
57,20,154,50,591,617,619
19,22,17,25,286,437,619
41,30,75,63,526,548,619
26,21,49,41,476,449,619
35,28,61,40,521,503,619
47,28,140,83,560,583,619
26,22,73,66,527,547,619
36,23,86,72,533,559,619
47,24,133,76,558,569,620
29,22,96,54,527,544,620
26,23,72,61,530,534,620
32,20,75,51,521,553,620
16,22,20,38,409,432,620
31,29,94,70,519,537,620
37,29,67,38,517,540,620
75,29,186,87,609,639,620
27,26,70,60,510,529,620
73,44,179,96,613,626,620
45,27,68,44,517,553,620
43,20,146,66,580,590,620
45,21,126,44,545,548,620
51,37,127,85,566,591,621
196,82,461,210,719,741,621
40,32,105,68,544,549,621
26,22,80,70,516,555,621
38,31,46,50,473,517,621
66,34,307,153,656,670,622
45,23,123,46,567,575,622
41,23,147,63,568,591,622
62,32,181,83,586,606,622
42,22,79,28,507,517,622
41,20,110,36,522,555,622
43,25,70,43,505,513,622
44,28,163,103,580,601,622
65,36,160,90,596,618,622
75,50,232,146,628,641,622
28,21,76,61,527,536,622
103,59,298,188,663,675,622
56,28,206,107,629,641,622
40,21,82,40,520,530,622
43,26,83,54,535,564,622
29,20,41,25,475,546,622
31,24,41,32,461,495,622
41,24,49,42,524,521,622
67,29,170,74,593,603,622
26,22,46,30,485,518,623
35,25,63,51,489,501,623
36,28,80,49,529,540,623
49,29,121,62,560,579,623
61,42,87,53,535,568,623
23,23,45,44,492,508,623
40,22,110,47,529,552,623
68,26,225,89,621,641,623
27,21,38,38,449,473,624
41,23,176,110,601,600,624
24,20,44,31,481,501,624
31,27,60,37,482,475,624
72,37,164,89,603,627,624
11,20,16,35,446,459,624
42,27,161,103,580,588,624
29,22,105,67,562,572,624
38,30,59,57,502,528,624
47,25,120,68,558,578,624
53,34,126,76,570,579,624
73,59,189,165,613,635,624
62,28,128,52,570,593,624
46,25,153,101,582,601,624
45,22,171,61,590,574,625
37,22,66,36,518,533,625
52,22,112,49,542,568,625
70,36,212,117,613,638,625
23,20,25,24,403,415,625
26,21,78,38,508,530,625
59,32,158,91,591,603,625
70,27,206,84,610,626,625
25,20,35,20,476,481,625
42,21,109,39,535,539,625
26,21,67,45,495,519,625
53,22,147,65,586,606,625
40,24,101,52,546,539,626
22,20,21,24,418,439,626
53,33,82,44,516,542,626
32,23,77,63,526,553,626
37,27,53,43,481,520,626
24,21,53,42,495,506,626
29,22,55,31,488,488,626
19,23,62,70,508,523,626
30,28,43,46,473,454,626
45,35,83,70,554,578,626
47,22,167,56,583,596,626
57,30,199,110,615,630,626
58,28,121,60,558,573,627
24,22,45,51,481,480,627
40,27,129,98,571,601,627
46,25,129,81,572,601,627
51,25,165,67,602,617,627
43,20,105,65,551,567,627
55,29,130,64,563,595,627
96,41,268,107,640,660,627
28,26,43,32,503,507,627
18,21,28,32,443,475,627
38,21,124,74,561,581,627
30,29,70,67,490,527,627
45,34,106,91,551,565,628
46,29,120,65,560,581,628
46,26,102,60,546,570,628
39,26,86,50,525,540,628
52,26,90,44,528,545,628
142,55,447,219,699,720,628
49,27,55,39,515,553,628
29,20,52,37,502,516,628
41,30,80,57,545,550,628
43,21,90,34,543,552,628
41,21,97,58,537,558,628
91,32,228,104,628,645,628
28,24,95,71,531,542,628
63,34,172,106,598,611,628
39,23,62,34,522,550,628
31,21,72,48,511,511,628
26,21,72,52,509,506,628
41,26,62,33,505,520,628
32,24,43,30,482,496,629
74,33,199,127,617,641,629
272,65,659,187,755,773,629
29,24,101,53,558,562,629
39,23,65,39,520,553,629
35,31,78,68,539,561,629
32,26,74,55,508,538,629
46,31,112,62,546,551,629
90,46,167,82,587,601,629
42,31,65,46,492,564,629
18,20,28,38,468,502,629
53,32,99,58,549,543,629
51,36,102,76,554,572,630
170,63,437,158,703,716,630
76,32,171,84,601,616,630
31,21,62,37,505,537,630
28,20,67,48,499,515,630
29,28,78,76,545,564,630
32,24,80,46,527,543,630
25,22,34,46,464,523,630
25,22,86,63,515,523,630
112,51,219,98,626,646,630
104,49,231,116,633,644,630
37,26,75,33,516,533,630
110,49,335,183,686,700,630
28,21,35,20,418,416,630
41,20,95,47,532,547,630
95,36,228,83,626,656,631
55,31,133,77,571,588,631
32,22,19,22,443,501,631
34,34,80,72,534,536,631
50,26,132,75,578,562,631
75,35,164,101,601,622,631
41,24,90,52,522,517,631
42,20,107,46,546,570,631
49,21,148,83,584,588,631
64,32,189,96,611,631,631
74,27,195,74,611,627,631
87,49,241,119,644,658,631
43,22,72,29,532,536,631
122,67,381,171,687,702,631
50,27,148,79,578,588,632
23,25,68,61,505,532,632
39,20,81,52,513,529,632
27,24,87,78,508,553,632
35,23,79,49,535,573,632
28,20,77,42,525,557,632
17,21,45,56,490,497,632
201,89,478,262,734,747,632
29,22,30,43,489,506,632
61,37,121,68,598,614,632
31,22,63,38,503,519,632
52,21,101,44,571,582,632
71,29,156,74,602,611,633
15,20,14,20,420,369,633
42,29,101,61,552,570,633
19,21,40,44,466,474,633
41,29,57,38,513,529,633
43,21,89,49,541,563,633
46,26,132,78,565,569,633
92,41,272,102,639,647,633
46,31,98,53,544,564,633
168,63,465,196,713,730,633
17,20,54,44,451,473,633
108,36,249,94,642,653,633
184,69,521,280,753,766,633
160,55,405,161,691,710,633
53,27,117,61,554,566,633
46,27,79,42,526,570,634
34,20,86,57,538,561,634
33,21,70,36,515,523,634
33,33,84,96,537,568,634
53,23,137,56,572,586,634
121,77,371,242,684,701,634
529,107,925,213,880,898,634
202,86,512,286,737,752,634
277,83,607,250,769,784,634
145,63,376,146,688,711,634
75,49,237,169,640,660,634
45,21,122,61,561,577,634
36,21,23,19,442,492,634
30,23,72,43,509,526,634
332,87,720,213,764,782,635
192,60,611,196,735,755,635
169,56,450,148,693,712,635
30,25,69,70,542,549,635
44,25,144,72,587,603,635
21,20,16,29,412,460,635
22,22,61,48,466,500,635
26,20,67,53,477,508,635
80,50,151,96,593,625,635
25,22,69,56,517,503,635
32,28,36,45,488,512,636
53,34,83,54,528,526,636
32,24,66,56,510,490,636
23,25,34,48,484,510,636
76,28,169,84,591,617,636
31,20,113,77,553,565,636
64,27,118,62,578,589,636
80,35,263,136,644,669,636
35,26,50,34,479,505,636
61,28,175,78,602,620,636
101,36,310,121,657,679,636
185,59,545,271,747,760,636
177,48,479,131,706,724,636
42,30,148,101,587,611,636
50,34,188,100,593,614,636
35,22,57,41,498,508,637
17,20,21,24,388,406,637
118,52,351,131,667,688,637
117,44,263,87,643,656,637
90,39,350,164,675,694,637
25,23,53,50,504,521,637
33,21,82,38,508,531,637
29,23,47,29,480,480,637
31,21,96,48,531,568,637
48,30,82,62,524,545,637
76,26,291,123,627,655,637
61,37,199,122,621,634,637
55,36,233,129,636,653,637
41,29,51,49,510,520,637
59,24,187,65,604,618,637
37,23,73,41,536,543,637
102,53,325,169,669,683,637
38,25,88,60,538,541,637
49,28,132,73,564,582,637
44,26,107,69,557,570,638
174,64,424,136,685,704,638
47,26,103,62,574,592,638
116,48,325,130,673,694,638
44,21,113,75,564,586,638
78,33,186,107,620,638,638
16,20,36,48,435,431,638
28,30,40,61,493,506,638
169,64,491,260,740,756,638
61,28,178,76,605,628,638
13,20,14,41,383,392,638
55,25,133,49,556,573,638
31,23,70,56,523,537,639
26,20,28,35,484,469,639
32,20,66,31,489,516,639
27,21,68,38,531,558,639
39,22,54,24,484,510,639
36,20,68,35,488,517,639
89,46,283,106,635,634,639
73,42,215,145,629,648,639
25,26,23,40,439,487,639
37,22,124,79,561,574,639
206,84,491,293,767,782,639
68,42,175,101,602,617,639
16,20,45,46,440,427,639
37,20,114,72,553,565,640
34,29,81,65,544,573,640
41,31,73,56,506,524,640
38,22,75,40,530,554,640
173,64,502,238,742,757,640
193,75,516,240,748,765,640
43,20,66,41,501,532,640
13,20,36,35,444,483,640
42,20,75,36,519,533,640
182,59,571,184,741,759,640
46,25,125,55,576,588,640
74,51,204,142,625,641,640
167,62,486,185,709,726,640
186,73,550,215,727,743,640
54,34,166,84,576,591,640
24,21,47,35,479,493,640
50,24,150,74,575,577,640
74,26,212,75,610,627,640
68,22,191,55,595,619,640
52,20,99,35,527,551,640
402,68,940,195,788,806,640
195,46,497,113,693,709,640
50,22,160,38,560,589,640
69,25,250,73,608,620,640
62,22,156,41,595,611,641
64,35,143,50,565,578,641
49,20,128,44,559,581,641
78,37,169,63,594,611,641
57,23,159,55,582,613,641
57,21,147,70,576,587,641
73,29,203,76,613,625,641
49,30,117,73,555,576,641
32,27,85,79,519,546,641
15,23,33,55,429,468,641
47,28,103,70,539,588,641
54,23,119,39,545,559,641
102,36,327,105,664,675,641
106,29,331,80,643,659,641
18,24,25,31,409,435,641
15,20,42,48,473,505,641
27,22,41,52,484,535,641
94,38,292,141,659,678,642
30,24,51,42,458,505,642
27,20,27,36,416,446,642
71,30,144,63,575,600,642
14,20,22,44,423,388,642
41,21,167,100,607,627,642
25,29,25,61,507,523,642
57,39,112,79,563,584,642
34,25,60,61,487,526,642
44,21,102,66,568,577,642
138,65,462,242,715,727,642
73,49,212,142,643,660,643
28,27,71,74,524,547,643
91,38,267,147,655,681,643
22,21,44,54,477,467,643
27,26,48,38,465,486,643
24,26,39,58,489,511,643
30,23,82,56,524,542,643
22,21,27,32,377,440,643
54,32,150,102,581,594,643
57,32,167,90,587,602,643
64,25,139,65,591,601,643
40,26,118,80,558,574,644
43,34,76,47,511,530,644
18,20,21,28,411,481,644
81,37,171,77,586,601,644
56,21,104,42,551,566,644
20,23,70,71,509,530,644
17,22,25,33,404,413,644
312,96,819,237,757,773,644
311,79,710,195,768,788,644
63,32,178,84,602,623,644
44,27,123,66,548,559,644
59,36,89,58,552,574,644
44,23,117,50,563,577,644
50,30,148,107,598,618,644
114,53,306,144,659,673,644
37,27,122,70,544,569,644
93,46,178,93,605,619,644
68,24,169,66,583,605,644
60,32,143,92,584,603,644
42,24,174,113,592,609,644
106,38,309,87,648,655,645
66,42,236,145,629,644,645
55,39,195,131,611,630,645
33,20,106,69,537,545,645
70,40,118,65,569,592,645
24,20,27,30,476,499,645
57,22,108,34,542,584,645
126,34,351,77,660,677,646
38,34,83,65,504,523,646
75,36,233,118,629,644,646
40,27,137,86,582,602,646
109,41,326,131,645,660,646
19,20,48,33,474,455,646
68,32,134,56,564,590,646
44,24,122,78,562,587,646
18,20,56,54,499,500,646
20,21,42,38,479,471,646
27,25,50,52,515,529,646
26,23,49,46,484,513,646
48,22,156,86,600,619,646
57,38,183,106,597,614,646
33,22,96,69,555,553,646
104,43,344,169,671,687,646
47,34,96,71,552,576,647
30,21,74,50,499,490,647
18,24,23,45,439,513,647
28,20,69,51,517,539,647
69,49,166,100,593,617,647
65,43,146,75,593,614,647
36,21,69,49,506,524,647
42,26,126,71,561,582,648
52,26,197,130,610,627,648
20,20,17,31,438,499,648
50,26,96,41,546,567,648
34,24,87,69,551,571,648
33,25,86,69,535,556,648
41,25,50,36,512,531,648
20,23,82,66,519,522,648
71,30,160,79,580,603,648
26,20,106,62,545,561,648
61,30,143,66,577,588,648
75,30,153,66,581,610,648
42,29,102,56,544,554,648
40,28,132,94,558,559,649
59,23,189,95,602,609,649
40,28,186,133,602,614,649
34,21,70,41,492,516,649
238,84,561,214,752,770,649
164,64,428,199,710,727,649
33,26,44,38,486,502,649
28,25,87,75,527,525,649
53,23,139,68,579,596,649
42,24,108,66,540,547,649
19,24,42,52,469,488,649
28,29,52,56,496,524,649
102,51,280,133,653,669,650
43,23,177,78,610,605,650
28,27,46,48,459,496,650
82,36,191,83,601,627,650
77,34,194,81,609,625,650
62,28,135,54,573,592,650
71,48,212,135,623,645,650
22,24,25,39,406,450,650
45,24,72,40,525,521,650
48,24,103,83,569,584,650
35,21,86,41,499,521,650
26,20,55,32,477,448,650
167,52,532,195,723,739,650
19,21,59,42,463,445,650
85,44,239,106,623,641,650
51,22,119,64,566,587,650
64,24,149,47,571,584,650
65,23,92,32,543,568,651
93,35,252,86,615,637,651
55,21,126,49,541,573,651
287,98,654,306,828,843,651
41,32,70,63,510,548,651
33,20,116,76,568,587,651
34,24,76,51,506,509,651
16,20,17,40,408,459,651
28,22,134,87,548,562,651
82,34,257,164,644,664,651
59,28,150,86,587,615,652
227,88,488,163,714,736,652
428,125,735,282,858,883,652
40,23,82,36,530,522,652
47,25,163,74,593,604,652
311,79,645,165,752,767,652
20,21,39,38,379,405,652
84,56,147,93,600,628,652
52,29,167,85,590,604,652
28,20,44,35,468,500,652
51,36,134,75,571,587,652
28,29,24,32,467,492,652
31,23,86,52,519,540,652
119,56,400,186,677,709,652
26,21,104,83,520,540,653
38,23,73,54,540,559,653
18,21,32,47,442,497,653
40,22,87,40,514,542,653
16,20,66,51,480,500,653
64,43,182,106,610,624,653
34,21,63,37,507,526,654
50,35,67,53,521,545,654
26,20,100,62,536,559,654
29,20,114,74,545,558,654
51,24,133,46,573,570,654
18,23,64,64,472,521,654
33,22,96,50,532,538,654
40,20,98,37,524,537,654
39,25,141,73,581,597,654
43,22,112,50,543,557,654
47,25,124,54,555,580,654
20,20,49,44,482,490,654
17,21,44,39,455,488,655
31,25,54,40,465,498,655
29,20,99,60,544,538,655
60,27,137,52,572,589,655
20,20,73,59,493,511,655
41,29,97,81,541,565,655
43,20,76,38,524,558,655
45,30,119,62,545,572,655
71,33,132,69,579,590,655
43,25,92,62,531,550,655
18,21,37,42,438,447,655
39,26,79,51,533,545,655
46,30,171,79,586,604,655
40,23,106,58,543,559,655
28,27,61,45,483,496,655
49,27,135,67,577,597,656
51,25,251,143,633,650,656
87,45,224,104,621,638,656
28,20,71,38,474,483,656
33,20,104,72,547,558,656
32,21,79,44,504,494,656
67,28,230,86,624,646,656
33,25,86,72,555,584,656
47,27,156,85,587,608,657
34,34,33,49,473,494,657
29,26,35,43,462,487,657
32,30,70,64,523,543,657
199,56,479,134,707,728,657
30,25,74,60,526,533,657
44,34,109,80,543,576,657
40,26,61,35,521,541,657
24,21,23,23,444,457,657
33,29,111,94,563,570,657
60,23,191,94,600,629,657
37,22,113,53,551,528,657
173,75,461,210,708,722,657
71,39,144,91,586,603,657
33,21,61,46,503,543,658
38,20,119,58,569,592,658
21,20,66,38,470,479,658
141,45,315,109,661,672,658
49,32,95,48,524,540,658
21,20,49,40,456,467,658
43,29,95,61,546,551,658
74,38,229,133,634,651,658
29,21,63,47,489,499,659
63,32,253,123,633,650,659
110,49,283,156,651,669,659
43,21,83,54,520,551,659
63,39,210,130,630,637,659
37,21,127,59,582,602,659
45,21,101,58,525,538,659
29,20,71,58,500,528,659
70,26,191,74,591,613,659
28,21,33,36,443,454,659
36,22,93,44,530,560,659
31,20,92,57,505,539,660
23,21,58,27,478,485,660
151,55,450,177,699,718,660
21,20,42,37,450,459,660
151,63,411,153,687,704,660
52,24,161,65,576,597,660
31,23,102,66,535,554,660
25,21,59,45,492,505,660
34,23,43,28,494,565,660
18,20,31,32,404,436,660
23,21,36,33,476,452,660
35,21,161,91,593,613,661
45,25,68,46,486,512,661
47,28,82,37,527,538,661
30,25,43,52,478,479,661
33,23,81,48,539,534,661
79,27,271,109,640,656,661
60,29,133,65,571,587,661
27,20,66,66,488,523,661
83,26,208,87,613,636,661
53,37,134,76,560,568,661
25,22,53,49,502,520,661
27,20,57,59,514,535,661
44,22,132,62,587,559,662
23,22,44,61,476,487,662
33,24,68,58,539,559,662
67,31,248,107,631,642,662
62,29,186,61,610,627,662
53,32,186,107,593,607,662
21,25,19,34,417,432,662
37,32,58,42,519,523,662
155,81,365,180,694,708,662
31,23,25,33,470,519,662
55,35,129,66,573,594,662
27,26,43,42,482,497,663
23,21,45,40,492,500,663
30,24,62,35,499,527,663
57,28,138,61,581,574,663
50,21,95,50,543,573,663
26,20,64,55,527,547,663
27,20,74,45,514,541,663
92,33,240,90,630,648,663
37,25,142,93,573,592,663
49,23,143,75,578,589,663
17,22,45,50,447,456,663
72,46,209,148,630,647,663
86,38,297,146,658,678,663
22,20,49,31,438,489,663
53,31,135,76,579,591,663
57,38,125,60,568,582,664
26,21,56,53,512,528,664
45,26,104,50,558,583,664
150,51,368,109,677,691,664
26,23,60,50,537,534,664
263,102,576,235,779,796,664
50,34,168,111,611,630,664
132,60,386,222,688,703,664
56,20,150,64,583,590,664
62,34,265,141,628,642,664
38,21,115,53,544,552,664
89,47,240,110,626,646,664
31,27,79,63,536,554,664
51,27,152,96,579,584,665
49,28,102,58,554,586,665
28,25,27,29,438,474,665
32,24,72,56,521,537,665
113,32,407,142,690,700,665
18,21,58,55,484,480,665
18,23,51,45,448,483,665
53,25,114,55,571,587,665
27,25,41,44,494,514,665
53,24,126,50,568,590,665
212,75,546,194,727,745,665
66,48,155,116,599,610,665
44,31,83,60,548,580,665
34,22,70,30,510,481,665
197,87,469,156,714,733,665
76,34,322,156,665,684,665
35,20,106,67,532,561,665
30,20,77,36,505,556,665
125,55,317,137,668,691,665
47,24,95,44,532,559,666
386,86,883,207,776,792,666
34,24,90,48,528,537,666
113,54,257,113,636,654,666
47,26,102,49,523,541,666
52,27,113,67,569,592,666
61,42,97,92,581,601,666
89,34,201,71,603,621,666
29,27,72,51,517,524,666
30,23,50,36,450,491,666
63,31,173,85,593,611,667
37,26,86,56,514,508,667
111,42,324,148,659,680,667
32,26,67,46,505,483,667
39,22,68,41,514,524,667
96,59,306,204,671,687,667
162,41,531,112,700,710,667
21,21,57,53,476,503,667
20,24,31,38,421,427,667
63,33,96,51,543,558,667
36,20,42,32,495,534,667
49,28,148,83,574,614,667
121,31,241,58,620,631,667
31,20,75,43,496,487,668
56,23,156,63,580,599,668
37,23,91,49,555,588,668
28,28,57,52,485,513,668
69,34,211,126,634,649,668
37,23,62,36,515,528,668
93,52,342,222,672,689,668
39,32,63,50,517,538,668
38,26,112,55,542,553,668
46,31,158,113,606,629,668
59,23,257,98,618,635,668
27,25,90,53,520,542,668
61,32,158,105,583,597,668
62,27,169,97,615,622,668
154,72,418,189,711,726,669
41,24,53,35,484,507,669
106,53,336,165,676,692,669
80,37,165,68,602,616,669
81,49,273,159,657,670,669
33,23,56,31,491,520,669
64,37,166,106,607,618,669
20,20,46,56,505,483,669
37,26,109,77,559,577,669
41,27,99,62,559,583,669
69,33,170,104,611,629,669
23,21,21,25,415,461,669
66,35,173,90,606,620,669
16,22,49,66,471,498,669
43,32,108,74,563,566,669
167,65,493,199,713,732,670
218,76,585,222,742,757,670
33,27,71,51,520,538,670
112,46,329,145,672,686,670
361,123,582,216,788,809,670
18,20,92,65,511,519,670
30,27,71,70,557,588,670
68,37,155,87,574,579,670
46,25,81,51,551,562,670
152,56,479,315,751,768,670
53,39,129,92,563,593,670
298,89,672,258,769,785,670
295,92,552,210,756,772,670
351,123,831,241,762,781,671
77,36,181,73,598,612,671
209,80,529,238,733,752,671
29,20,99,55,528,553,671
324,79,673,179,779,796,671
56,27,127,43,558,575,671
386,85,738,179,788,804,671
313,93,599,240,791,809,671
78,42,201,86,603,627,671
467,82,964,209,821,838,671
159,46,462,147,688,709,671
69,36,146,57,583,595,671
49,22,163,64,562,576,671
48,29,176,95,593,608,671
19,25,55,71,471,485,671
37,24,147,90,576,577,671
50,27,111,69,565,583,671
60,28,203,91,613,623,671
26,26,37,41,457,477,672
46,27,107,43,546,563,672
93,46,262,110,648,668,672
36,44,51,81,519,538,672
33,24,65,57,525,523,672
36,20,111,53,540,560,673
94,38,299,154,664,687,673
81,37,218,128,622,645,673
44,20,72,39,531,550,673
46,26,109,47,548,541,673
47,24,84,51,542,524,673
49,32,120,66,568,581,673
47,31,124,87,562,578,673
40,29,105,78,548,572,673
40,26,85,51,540,544,673
45,27,141,87,577,592,673
67,42,192,108,603,626,674
84,38,186,104,609,622,674
85,23,225,77,613,630,674
60,23,161,56,570,578,674
20,22,19,35,402,397,674
32,26,65,58,473,481,674
450,126,696,275,816,832,675
79,31,198,97,614,632,675
47,31,117,55,546,538,675
21,20,49,36,467,515,675
15,20,13,17,413,427,675
28,23,111,72,557,556,675
51,29,104,56,567,584,675
166,71,453,190,714,732,675
357,84,729,188,785,801,675
48,31,111,72,569,583,675
51,21,138,66,575,607,675
40,21,74,43,488,508,675
27,21,57,24,454,459,675
139,47,481,185,710,724,675
29,24,93,51,529,562,675
249,66,632,127,737,754,675
119,37,307,77,650,671,675
194,72,528,256,764,781,675
43,21,74,24,512,535,676
268,83,622,192,766,784,676
140,64,380,183,698,716,676
26,21,82,56,488,511,676
51,33,125,90,578,605,676
57,21,210,68,610,631,676
23,25,41,39,467,494,676
258,75,633,173,747,764,676
31,23,101,56,547,560,676
76,31,175,84,584,610,676
50,35,136,121,596,606,676
48,35,115,73,544,556,676
27,21,53,34,475,475,676
55,28,168,87,579,598,677
481,119,739,195,799,816,677
102,45,260,146,635,653,677
38,26,74,58,511,545,677
101,56,200,90,626,652,677
49,31,111,47,551,580,677
41,26,126,98,569,575,677
53,34,96,57,529,544,677
74,28,258,106,631,639,677
599,147,853,281,842,860,677
308,90,626,229,761,779,677
23,26,42,35,435,488,677
68,34,191,107,612,628,677
51,24,135,76,587,601,677
34,26,65,47,514,534,677
102,47,310,141,664,683,677
19,25,16,33,401,375,677
31,21,61,44,492,532,677
51,32,142,71,553,551,677
30,20,54,30,490,528,678
59,35,91,56,541,563,678
24,25,43,55,437,495,678
30,20,112,82,532,547,678
28,24,71,48,506,501,678
53,26,103,54,547,573,678
24,20,52,46,465,466,678
39,26,71,56,517,536,678
26,23,25,36,435,479,678
79,36,159,84,601,622,678
106,54,332,183,679,694,678
29,23,54,45,485,509,679
68,30,194,82,601,607,679
36,22,84,48,546,547,679
28,28,66,73,530,550,679
42,27,116,71,561,578,679
64,47,166,125,606,629,679
84,51,210,133,623,642,679
32,22,87,50,528,537,679
332,87,653,188,755,774,679
61,27,175,87,591,604,679
277,91,536,294,770,785,679
80,36,204,117,629,647,679
17,20,16,21,381,345,679
43,33,131,95,569,578,679
55,32,123,68,570,579,679
66,35,241,130,630,650,679
19,21,72,63,487,517,680
41,28,92,56,535,582,680
31,21,97,42,509,531,680
49,24,105,42,532,560,680
607,140,931,215,841,862,680
40,21,83,35,546,581,680
32,30,84,68,524,526,680
68,31,227,111,619,642,680
28,27,67,44,478,504,680
101,40,312,130,653,669,680
26,23,63,63,520,548,680
21,24,72,59,478,499,680
40,22,132,86,562,571,680
28,38,77,96,531,540,680
125,60,386,171,683,699,680
37,22,59,35,496,499,681
48,24,88,52,530,551,681
36,26,91,37,525,492,681
33,21,80,38,496,504,681
63,33,188,101,612,624,681
43,23,92,53,533,537,681
28,21,64,57,526,566,681
37,32,76,53,500,512,681
33,30,96,74,537,550,681
126,57,437,233,710,726,681
38,23,123,79,563,574,681
51,32,104,69,558,567,681
44,21,103,62,559,578,681
113,52,329,149,673,692,681
235,52,689,148,734,751,681
26,29,30,39,428,477,682
29,23,57,36,479,478,682
31,20,48,38,505,503,682
44,25,151,105,585,599,682
44,25,135,79,568,583,682
98,52,265,134,657,673,682
104,41,244,108,638,658,682
56,38,118,84,558,568,682
35,26,139,90,583,592,682
34,20,76,45,515,522,682
24,22,69,70,517,520,682
30,26,29,30,402,370,682
93,41,255,117,633,643,683
30,25,72,57,493,490,683
62,35,196,94,613,621,683
215,63,486,149,716,735,683
87,39,156,87,588,605,683
26,21,70,53,508,512,683
32,29,28,43,470,512,683
23,26,69,80,508,540,683
22,24,46,54,502,489,683
77,29,243,116,630,650,683
25,24,38,42,475,492,683
23,22,29,23,441,495,683
47,30,241,163,639,655,683
38,28,85,67,518,547,683
106,46,365,148,667,685,684
57,34,181,109,596,613,684
180,65,478,197,720,732,684
82,40,178,87,608,619,684
68,40,217,116,605,618,684
171,69,475,239,728,740,684
51,25,139,59,576,589,684
49,33,122,88,592,605,684
15,21,28,41,443,471,684
73,38,241,144,638,657,684
88,25,237,59,632,642,684
188,52,518,112,709,724,684
50,30,157,115,595,618,684
282,98,685,329,846,862,685
21,20,30,32,452,456,685
39,29,66,47,510,528,685
55,26,134,79,573,582,685
25,22,83,47,524,529,685
35,22,98,57,527,530,685
55,37,132,73,563,581,685
50,29,119,55,556,586,685
16,20,31,40,419,458,685
95,45,198,104,613,638,685
44,29,119,97,570,588,685
26,23,44,32,474,480,685
41,20,86,41,523,551,685
107,40,296,125,646,665,686
30,23,52,42,512,561,686
82,40,258,169,649,666,686
28,24,54,70,517,537,686
164,56,422,118,693,713,686
166,59,515,195,717,739,686
51,26,128,61,566,588,686
20,25,21,41,415,469,686
12,20,23,37,357,418,686
75,50,228,167,625,636,686
33,23,96,57,521,545,687
31,20,40,26,479,497,687
52,26,148,67,567,573,687
24,22,61,65,519,538,687
21,21,27,35,430,473,687
20,20,40,36,441,481,687
13,20,44,58,483,508,687
49,23,136,56,553,568,687
42,24,120,65,539,575,687
36,30,70,66,519,538,687
22,24,44,54,483,508,687
41,30,73,40,532,539,688
48,29,133,87,555,577,688
45,35,83,67,546,566,688
30,20,68,47,530,555,688
68,22,151,46,592,604,688
74,41,223,103,611,624,688
36,28,75,42,515,522,688
33,21,86,36,528,541,688
55,35,171,88,577,586,688
45,26,115,61,542,566,689
51,23,133,47,574,593,689
82,43,215,143,632,649,689
52,29,225,144,617,636,689
40,24,52,32,492,524,689
36,31,40,30,485,468,689
67,43,160,107,590,600,689
78,26,141,55,583,611,689
27,25,50,48,487,527,689
87,41,192,85,607,619,689
56,29,161,83,582,590,689
47,22,194,89,593,614,689
34,31,102,85,535,568,689
34,21,50,33,495,520,689
49,27,153,87,575,603,690
39,30,57,39,517,513,690
67,31,202,93,599,604,690
29,27,70,41,481,504,690
20,21,47,50,450,441,690
24,23,81,77,511,524,690
104,29,228,56,623,640,690
26,23,79,54,518,525,690
51,34,121,70,551,588,690
60,40,131,85,561,575,690
80,51,195,122,624,644,690
31,25,84,74,539,566,690
77,34,195,73,604,627,690
51,33,126,66,575,596,690
45,35,156,119,589,610,691
32,24,45,42,489,516,691
30,20,81,49,528,539,691
57,25,150,70,571,590,691
29,22,29,29,417,468,691
22,21,71,38,481,478,691
20,20,40,52,469,489,691
58,33,140,56,573,588,691
42,32,100,62,542,546,691
96,43,217,98,625,646,691
20,20,37,39,442,501,691
27,23,53,29,462,493,691
32,20,81,39,520,523,691
39,23,113,50,562,544,691
50,29,96,50,550,573,692
38,23,109,62,552,554,692
35,20,114,65,537,548,692
32,20,89,44,527,549,692
47,29,101,50,532,540,692
47,24,115,67,563,591,692
47,31,150,89,578,587,693
207,77,540,303,782,795,693
113,34,247,84,633,654,693
42,23,134,68,554,557,693
43,22,103,59,541,562,693
33,20,40,23,465,492,693
22,25,41,37,461,499,693
47,23,63,37,505,537,693
31,31,29,37,478,484,693
34,22,80,36,501,479,693
32,21,76,37,514,512,693
68,39,202,97,624,647,693
111,55,323,208,677,697,693
92,45,316,177,665,682,693
135,38,465,101,688,699,693
120,70,359,178,679,697,693
23,22,42,40,462,436,693
30,27,80,63,514,538,693
53,29,155,69,570,579,694
31,25,68,58,487,501,694
56,31,165,98,599,621,694
32,20,70,50,512,511,694
21,22,29,35,464,495,694
41,24,134,98,579,598,694
26,20,76,47,521,526,695
23,24,64,66,507,531,695
33,21,59,45,476,515,695
46,31,83,65,552,579,695
42,22,82,30,496,532,695
23,20,87,52,512,512,695
26,20,60,42,484,471,695
31,21,88,48,500,511,695
52,24,90,50,545,563,695
36,22,97,48,525,542,695
20,20,46,29,482,514,695
27,20,69,45,492,513,695
41,27,106,58,550,590,695
32,22,129,97,572,576,695
45,29,104,77,551,564,695
30,24,54,41,499,541,695
26,23,124,101,574,573,695
50,30,117,63,553,570,696
35,21,87,40,520,542,696
28,24,48,32,458,466,696
63,27,155,79,592,606,696
42,22,151,58,575,582,696
20,20,27,25,427,448,696
55,34,153,74,582,588,696
35,33,73,69,533,546,696
127,56,413,172,691,708,696
39,27,73,47,523,522,696
60,36,119,75,573,583,696
25,25,71,57,489,480,696
36,30,106,83,556,566,696
66,40,166,104,616,630,696
18,20,18,31,435,486,696
53,29,132,54,567,580,696
31,23,85,59,523,535,697
45,25,152,76,580,596,697
42,20,101,42,529,562,697
37,21,96,51,541,553,697
27,24,42,36,464,469,697
25,20,30,22,439,467,697
34,20,74,33,510,518,697
34,23,45,27,490,508,697
44,28,107,84,555,597,697
78,46,199,101,614,628,697
38,21,103,54,540,542,697
103,52,318,217,673,689,697
43,27,133,81,545,561,697
39,26,106,52,543,572,697
47,31,146,78,570,578,697
42,21,100,41,548,564,697
33,20,84,40,523,545,697
36,30,92,78,544,572,697
26,24,68,45,490,492,697
31,23,83,58,516,521,698
34,26,109,85,541,560,698
43,27,140,87,566,589,698
39,36,85,81,519,553,698
27,20,64,41,493,483,698
58,21,133,46,569,595,698
46,21,104,49,534,551,698
35,21,115,69,548,569,698
45,22,93,49,545,577,698
37,29,73,62,518,513,699
66,33,213,103,620,630,699
100,39,285,151,665,674,699
90,58,236,184,647,660,699
36,20,41,17,468,479,699
127,35,260,67,638,660,699
28,21,129,103,576,586,699
34,27,55,32,490,485,699
28,24,88,58,521,523,699
83,46,180,109,599,612,699
68,34,132,58,580,611,699
57,40,138,102,579,584,699
27,24,70,73,534,548,699
47,30,129,74,561,561,699
33,25,119,109,579,605,699
46,21,111,41,548,565,700
48,20,85,39,532,548,700
51,23,82,53,535,566,700
24,21,63,64,514,541,700
29,20,56,32,487,505,700
84,33,209,87,633,652,700
27,20,58,38,479,510,700
39,23,73,47,508,480,700
16,20,27,43,429,466,700
46,28,95,50,563,578,700
33,20,50,38,495,532,700
28,21,80,48,484,510,700
154,66,390,191,702,717,700
48,35,114,89,574,580,701
45,30,98,61,540,564,701
43,21,93,50,551,562,701
97,38,248,107,628,641,701
113,41,242,84,630,653,701
41,33,115,75,551,559,701
45,32,141,102,570,586,701
28,30,77,70,542,553,701
46,22,89,50,528,556,701
40,27,109,59,543,563,701
21,21,69,49,499,512,701
31,23,74,46,491,497,701
85,50,199,109,631,642,701
76,24,244,102,622,631,701
31,26,64,51,505,503,701
63,29,200,88,619,621,701
29,31,77,73,542,570,701
23,25,36,40,439,492,701
36,23,74,42,503,520,701
37,23,55,44,516,533,702
44,25,100,44,543,558,702
20,23,36,46,436,476,702
60,30,177,91,608,627,702
46,28,127,66,555,575,702
30,24,93,67,553,554,702
56,32,97,56,549,563,702
34,23,85,43,546,581,703
45,28,142,74,574,579,703
17,21,20,35,419,441,703
26,25,31,42,478,508,703
48,24,133,63,576,598,703
53,32,108,65,550,580,703
26,20,55,28,473,503,703
44,29,129,88,568,585,703
51,25,103,53,556,571,703
31,20,46,32,488,505,703
83,31,280,103,642,653,703
44,41,146,118,565,575,703
27,20,50,38,489,505,703
180,75,530,246,741,757,703
26,20,32,38,482,504,703
67,27,190,66,594,608,703
49,27,120,76,573,582,703
47,28,106,39,548,553,703
19,24,14,44,389,424,703
84,50,225,154,648,666,704
71,33,142,65,578,594,704
66,37,203,130,621,643,704
24,23,59,54,498,525,704
33,21,68,36,506,495,704
64,33,163,88,589,594,704
26,20,39,52,430,473,704
18,20,37,47,466,505,704
64,21,121,35,571,586,704
52,27,92,56,539,535,704
26,20,63,50,492,518,704
74,48,154,91,600,610,704
47,32,120,92,577,586,705
44,21,101,40,528,536,705
28,24,42,41,484,500,705
65,26,208,114,607,637,705
26,22,41,47,500,510,705
35,23,69,57,515,542,705
61,33,166,84,586,605,705
196,95,438,308,757,776,705
154,73,432,279,741,758,705
47,29,129,88,585,595,705
53,23,151,75,579,586,705
239,63,678,199,743,760,705
51,45,103,86,554,571,705
25,24,18,21,451,445,705
66,26,149,70,584,609,706
45,23,66,44,535,566,706
51,34,148,85,580,590,706
31,21,74,30,506,503,706
95,43,222,83,631,642,706
30,22,43,44,503,571,706
74,33,163,57,582,590,706
32,22,61,35,502,496,706
49,25,141,57,580,601,706
20,21,56,39,457,489,706
61,28,185,80,625,639,706
67,46,168,118,595,595,706
45,29,94,75,563,586,706
250,87,540,227,732,749,707
31,22,64,46,516,531,707
46,20,95,31,545,558,707
45,42,114,91,563,582,707
38,37,48,58,493,520,707
29,21,100,71,553,559,707
217,50,630,163,737,752,707
527,106,946,250,849,867,707
45,36,135,93,565,571,707
31,28,101,84,535,532,707
31,21,15,17,413,435,707
22,23,50,41,498,506,707
80,50,221,146,634,655,707
68,41,185,131,597,609,707
297,73,712,290,838,853,707
16,22,58,63,501,524,707
36,29,98,88,549,569,707
273,94,631,251,806,825,707
84,47,231,128,635,657,707
38,30,108,92,550,565,707
28,20,20,24,411,475,707
62,21,166,100,587,609,707
33,26,76,75,541,555,708
53,42,127,115,574,601,708
87,43,267,132,655,671,708
38,21,93,43,537,561,708
30,20,57,32,491,477,708
68,37,101,66,543,560,708
646,130,886,223,829,847,708
39,24,85,51,525,553,708
38,26,90,46,526,533,708
51,23,117,57,544,571,708
167,61,519,266,747,762,708
39,30,122,82,554,563,708
29,21,97,75,551,567,709
430,67,966,205,805,821,709
62,42,194,153,620,645,709
101,55,222,133,627,653,709
45,33,108,76,547,546,709
37,27,166,106,587,588,709
28,22,58,59,498,521,709
24,21,32,28,436,455,709
106,48,302,167,652,670,709
61,27,184,90,545,551,709
57,31,132,57,562,589,709
42,22,107,41,539,558,709
273,90,565,275,782,797,709
24,20,59,46,500,510,709
138,55,445,207,718,733,709
27,28,57,55,505,510,709
62,29,166,93,588,611,709
41,23,74,39,507,542,709
38,25,87,49,512,532,709
30,25,101,61,540,561,709
51,32,141,93,586,607,710
99,36,248,115,645,661,710
87,37,173,82,594,627,710
58,33,155,72,585,608,710
37,26,92,65,526,557,710
64,35,199,123,623,631,710
280,83,616,256,789,807,710
562,129,780,284,831,848,710
100,48,267,103,635,655,710
51,29,220,139,629,644,710
193,57,555,171,729,744,710
21,22,60,53,483,498,711
149,63,352,127,680,693,711
384,107,731,193,774,789,711
31,24,86,78,525,536,711
231,98,519,221,720,737,711
319,69,745,155,762,783,711
180,53,537,182,716,734,711
111,28,178,35,599,618,711
64,32,149,73,585,602,711
28,20,65,49,489,523,712
62,32,156,106,588,601,712
17,20,20,40,430,477,712
87,46,330,182,675,686,712
50,33,73,66,546,529,712
23,21,44,50,490,498,712
48,28,124,74,569,596,712
71,38,236,141,636,652,712
86,52,348,217,692,707,712
150,66,480,207,721,736,712
15,20,14,32,250,0,712
147,68,412,218,700,713,712
207,61,523,169,721,736,712
21,21,17,27,376,424,712
36,25,99,66,538,542,712
34,24,116,74,572,589,712
65,28,159,81,602,619,713
58,28,155,86,590,606,713
55,33,95,62,533,552,713
29,22,58,39,486,504,713
314,66,782,209,781,797,713
33,26,75,59,555,557,713
49,33,145,103,595,610,713
30,24,81,72,521,554,713
40,24,158,98,591,613,713
65,24,175,85,593,614,713
65,25,136,50,569,576,714
512,119,829,177,794,816,714
21,22,50,54,465,465,714
48,24,127,66,558,595,714
30,20,51,36,454,492,714
46,23,99,46,516,505,714
60,20,203,76,604,623,714
82,35,244,93,626,640,714
28,21,51,32,479,500,714
18,21,43,61,461,500,714
396,103,719,299,832,847,715
58,30,138,80,588,601,715
142,48,492,195,710,730,715
52,23,147,70,578,600,715
64,30,180,104,595,615,715
29,32,33,53,475,486,715
29,26,60,54,482,527,715
26,21,66,41,495,526,715
61,20,160,39,590,590,716
29,23,70,44,496,520,716
38,25,104,70,537,543,716
72,29,208,78,615,624,716
140,53,398,106,669,686,716
234,63,605,174,739,759,716
35,26,69,47,491,542,716
48,22,143,50,570,586,716
35,22,78,43,503,519,716
117,50,322,132,675,690,716
24,21,18,22,387,406,716
90,42,230,92,622,629,717
27,22,39,26,420,461,717
57,20,176,60,590,604,717
69,34,214,115,619,634,717
21,20,44,35,460,473,717
45,38,58,48,526,545,717
22,20,71,55,501,539,717
41,22,119,83,565,579,717
36,27,79,72,522,536,717
40,26,62,58,518,522,717
48,33,86,49,539,563,717
27,22,94,56,509,527,717
52,30,140,93,577,605,717
32,22,108,59,521,521,717
31,20,81,61,531,549,718
34,20,46,26,485,479,718
29,27,78,60,517,539,718
37,22,80,55,558,576,718
29,21,88,51,524,543,718
31,29,86,50,527,535,718
32,30,45,57,516,543,718
70,44,151,76,575,594,718
49,23,147,69,563,576,718
36,21,96,46,551,544,718
48,30,109,56,534,552,718
376,88,838,247,795,812,718
42,22,131,54,557,557,719
52,39,97,69,549,565,719
26,20,84,52,525,554,719
45,26,128,67,577,601,719
43,25,66,31,505,530,719
30,24,63,45,476,527,719
51,24,99,37,529,527,719
43,24,159,67,574,593,719
55,24,278,133,634,646,719
111,43,271,91,624,641,720
22,22,38,27,410,447,720
63,39,171,113,613,624,720
40,27,130,70,573,570,720
20,21,41,32,424,363,720
26,28,58,58,494,519,720
89,27,268,74,636,656,720
57,36,190,111,597,617,720
22,20,54,46,515,520,720
32,22,103,63,532,548,720
353,79,847,138,761,779,720
186,65,491,179,722,741,720
48,24,112,55,543,556,720
30,23,43,26,469,499,720
25,22,47,31,430,444,720
19,20,41,50,463,501,720
81,31,149,69,594,624,720
70,35,193,129,630,647,720
32,24,77,53,528,565,721
49,33,127,59,556,566,721
71,31,248,139,630,646,721
50,31,120,69,568,574,721
49,25,154,79,581,615,721
63,46,190,144,612,622,721
77,41,198,88,618,644,721
28,30,35,43,470,500,721
74,32,220,87,624,645,721
39,21,107,53,539,564,722
39,33,83,61,537,546,722
38,22,120,63,558,530,722
34,23,116,81,568,583,722
293,97,616,265,772,795,722
22,20,74,40,512,544,722
31,20,67,34,492,544,722
27,20,50,34,473,501,722
34,21,58,26,463,474,722
32,20,25,17,423,453,722
43,32,92,80,537,563,722
61,22,161,65,595,612,722
73,30,191,84,605,627,722
34,23,108,73,559,573,723
47,27,109,59,558,580,723
29,21,84,44,504,532,723
56,21,163,58,576,594,723
31,26,86,62,538,555,723
72,28,117,54,576,596,723
31,21,47,28,471,499,724
34,26,78,50,531,542,724
35,20,71,32,522,549,724
24,21,32,38,416,432,724
42,39,113,94,573,585,724
45,25,97,42,540,540,724
26,23,47,32,489,468,724
33,21,60,41,501,511,724
20,21,24,51,481,506,724
49,32,131,77,567,586,724
35,31,79,72,521,535,724
46,21,100,56,548,578,725
49,35,130,81,568,584,725
25,20,88,63,533,558,725
79,29,205,70,593,614,725
29,22,63,34,519,561,725
27,20,75,35,500,496,725
55,31,73,49,545,564,725
90,43,217,94,623,636,725
91,43,230,107,633,651,725
30,20,82,48,527,537,726
27,25,82,75,526,539,726
200,65,589,238,756,773,726
46,20,98,35,543,562,726
86,41,259,113,647,668,726
100,50,307,149,659,675,726
48,23,112,42,547,567,726
26,20,14,27,454,475,726
40,20,58,43,517,581,726
110,53,214,94,625,646,727
27,20,80,38,496,502,727
70,32,360,227,678,696,727
30,29,66,59,518,525,727
25,21,84,53,498,542,727
51,23,98,33,544,560,727
24,26,30,36,426,418,727
43,29,113,71,551,581,727
39,26,94,61,533,551,727
40,24,119,66,551,565,727
29,20,106,73,548,576,727
44,22,109,46,544,539,727
35,23,75,45,533,576,727
28,22,45,31,461,467,728
24,27,78,70,519,528,728
31,21,94,38,500,514,728
20,21,33,37,439,470,728
39,29,58,37,500,530,728
31,30,72,65,530,541,728
19,21,36,38,437,408,728
39,28,99,62,544,556,728
32,23,67,42,505,516,728
42,29,89,49,529,544,728
39,23,118,38,539,540,728
57,24,133,49,559,580,728
38,26,116,69,557,580,728
77,43,279,174,654,671,728
30,28,57,55,504,526,728
43,20,115,48,557,575,729
41,25,55,31,499,469,729
21,20,87,80,535,546,729
50,26,114,41,540,563,729
43,25,103,62,538,580,729
58,34,122,94,584,616,729
16,21,44,39,449,455,729
374,97,691,198,785,801,729
49,40,121,104,562,569,729
30,21,116,80,564,579,729
118,55,370,189,684,696,729
41,23,115,78,558,577,730
88,33,251,87,633,639,730
49,30,118,66,542,556,730
35,21,91,44,534,535,730
35,20,57,32,495,521,730
84,32,223,94,632,656,730
26,20,53,49,465,436,730
32,22,56,40,488,499,730
26,20,41,29,494,520,730
25,20,73,58,519,548,730
94,45,305,150,639,656,730
51,38,151,95,597,603,730
40,26,118,70,560,577,730
32,20,60,35,492,557,730
40,24,96,46,545,560,730
30,21,52,33,459,441,731
36,33,56,43,481,501,731
35,24,82,43,521,533,731
23,21,49,47,466,512,731
49,33,162,112,588,604,731
58,22,150,65,582,597,731
34,32,83,57,506,530,731
50,22,113,41,557,550,731
28,21,56,49,482,472,731
38,27,77,62,517,517,731
28,20,64,50,514,529,732
57,35,96,57,560,580,732
100,48,279,127,648,664,732
85,36,208,66,616,622,732
62,25,218,100,614,625,732
38,20,132,76,552,561,732
45,33,115,64,567,593,732
35,24,76,49,513,531,732
34,22,92,50,525,529,732
33,28,43,33,490,518,732
20,21,17,18,336,351,732
36,24,88,47,545,599,732
63,22,150,46,563,563,733
36,29,94,75,544,542,733
19,21,35,52,413,409,733
44,20,86,34,522,534,733
72,24,227,77,618,621,733
25,21,102,51,530,531,733
23,25,96,88,567,596,733
38,23,78,38,519,527,733
40,25,109,75,574,587,733
33,21,75,38,526,512,734
38,26,117,81,554,550,734
16,21,22,33,439,437,734
60,35,212,107,614,631,734
73,38,218,113,627,644,734
49,22,133,42,565,581,734
46,26,136,76,561,572,734
48,24,79,37,530,548,734
25,20,66,62,503,529,734
40,24,81,49,521,526,734
17,26,15,41,399,396,734
33,25,71,44,504,516,734
31,25,40,26,502,489,734
32,20,50,42,503,541,734
29,21,91,55,520,540,734
26,21,72,44,521,536,735
21,25,61,67,501,518,735
52,29,95,49,558,578,735
52,21,92,47,548,571,735
65,33,140,60,587,605,735
32,20,40,38,464,508,735
30,24,59,43,505,522,735
47,21,124,60,564,579,735
29,28,55,51,487,503,735
64,24,119,33,554,566,735
45,28,92,37,539,556,735
36,20,125,76,555,565,735
57,31,169,110,613,627,735
20,21,65,63,500,507,736
31,20,42,33,491,531,736
40,26,106,66,560,563,736
29,31,85,87,509,529,736
31,26,124,89,575,592,736
32,25,83,50,531,543,736
26,23,47,47,494,535,736
384,77,828,180,773,790,736
55,27,239,121,636,654,736
193,77,502,243,743,761,736
58,25,124,50,574,578,736
62,28,203,98,613,633,736
57,24,156,50,570,582,737
68,25,147,52,570,578,737
76,38,248,139,645,661,737
63,38,164,97,596,616,737
23,21,35,35,468,456,737
103,39,318,124,661,670,737
41,29,100,60,538,544,737
26,27,49,47,472,488,738
15,20,23,40,453,519,738
27,21,38,23,488,505,738
135,75,374,228,679,694,738
42,21,88,36,534,543,738
40,21,98,43,551,553,738
57,28,234,122,624,637,738
25,20,20,19,437,443,738
76,50,188,119,615,634,738
31,26,117,92,560,567,738
137,55,380,132,683,702,738
41,24,99,55,549,548,738
38,21,49,37,490,510,738
55,30,101,65,545,564,738
40,28,81,62,553,566,738
33,25,58,52,509,524,739
27,20,52,32,488,498,739
29,20,67,43,516,517,739
27,23,71,66,507,525,739
81,34,216,84,626,640,739
41,20,63,31,510,525,739
23,20,51,34,478,487,739
27,20,99,54,541,532,739
33,24,58,31,471,485,739
37,25,84,50,520,517,739
41,23,95,58,545,558,739
29,20,81,66,542,555,739
97,49,295,165,646,655,739
39,21,53,48,491,542,739
48,38,130,116,578,610,739
103,40,388,200,682,703,740
41,24,89,50,566,585,740
38,21,68,42,509,532,740
51,30,121,74,562,588,740
32,21,110,52,542,552,740
27,29,31,34,465,488,740
23,23,51,44,497,513,740
70,43,170,110,607,626,740
51,28,104,47,561,583,740
94,51,316,187,673,688,740
196,54,412,92,678,693,741
89,35,250,89,624,633,741
34,20,102,45,533,545,741
45,22,70,40,506,546,741
34,20,47,39,505,525,741
60,29,153,92,597,611,741
18,20,28,32,476,505,741
52,20,176,57,584,604,741
28,22,71,61,531,544,741
24,24,31,33,466,483,741
62,41,143,90,584,606,741
46,21,108,66,556,588,741
44,29,91,45,527,524,741
34,27,77,47,520,532,741
33,21,95,63,534,553,742
34,29,107,91,553,570,742
179,40,465,133,703,721,742
52,33,110,81,559,586,742
86,56,226,145,637,651,742
35,31,56,65,528,536,742
133,48,387,150,677,692,742
269,84,608,310,805,824,742
48,30,108,68,562,611,742
63,30,190,95,608,622,742
45,28,112,57,539,555,742
105,47,324,174,673,687,742
53,28,179,126,612,621,742
22,20,80,69,512,537,742
63,39,114,67,579,591,742
40,21,89,44,554,567,742
79,41,230,133,648,665,742
34,31,62,62,499,516,742
124,41,306,98,656,665,743
36,24,107,64,562,586,743
29,21,75,46,504,512,743
59,37,178,86,608,623,743
30,24,71,49,495,501,743
58,38,136,102,587,605,743
38,28,62,47,513,533,743
35,24,138,97,574,588,743
40,25,104,65,552,576,743
40,28,93,80,564,583,743
37,31,92,78,539,556,743
60,31,82,36,533,551,743
53,30,123,90,587,613,744
188,50,675,209,750,766,744
137,66,372,181,681,699,744
23,22,85,75,551,557,744
30,24,27,26,468,508,744
45,34,115,84,577,593,744
55,25,214,111,625,644,744
42,38,74,75,536,550,744
61,27,183,107,611,628,744
73,32,245,96,642,656,744
41,26,91,68,527,550,744
284,78,657,196,751,767,744
79,44,205,105,619,637,744
23,20,32,25,441,445,744
332,98,710,315,837,858,744
62,25,150,47,576,593,744
101,52,334,183,664,686,744
308,88,592,211,778,798,744
201,96,486,293,742,762,744
52,32,102,54,545,557,744
35,21,76,58,535,554,744
41,24,117,88,571,582,745
51,22,136,51,576,604,745
26,29,32,41,485,511,745
43,33,93,74,547,563,745
51,21,99,48,549,589,745
32,31,49,66,496,524,745
32,23,73,46,506,536,745
27,28,60,51,498,526,745
35,23,49,27,482,507,745
41,29,103,66,531,550,745
27,30,64,61,511,511,745
42,26,137,91,580,596,745
84,40,239,95,636,654,746
44,25,102,77,561,576,746
99,40,357,165,682,699,746
58,35,218,138,629,647,746
52,24,90,38,536,544,746
30,22,101,45,509,515,746
87,47,263,154,643,660,746
42,20,115,65,569,595,746
43,23,114,68,540,566,746
54,29,105,55,551,594,746
87,49,187,121,618,632,746
29,21,57,42,509,506,746
35,21,107,96,568,591,746
38,22,59,39,509,553,747
49,24,101,51,554,580,747
38,25,77,52,527,547,747
240,81,575,335,800,816,747
95,54,258,108,641,657,747
35,40,24,55,467,459,747
30,24,43,42,479,499,747
36,22,100,48,527,541,747
150,55,347,100,664,679,747
42,28,57,35,505,534,747
35,22,125,61,561,599,747
36,21,72,47,511,522,747
23,20,32,33,432,415,748
30,20,95,51,526,545,748
97,37,293,134,656,672,748
51,29,157,88,595,599,748
26,20,63,45,513,540,748
64,34,113,63,565,578,748
30,20,54,29,510,526,748
22,22,30,38,448,457,748
20,21,52,46,475,491,748
40,29,164,134,596,613,748
50,24,66,36,510,536,748
34,21,87,59,560,535,748
47,41,85,65,535,556,748
32,23,127,81,551,560,748
74,29,255,90,641,659,748
76,49,171,102,611,628,749
58,24,125,50,573,589,749
57,32,133,95,594,609,749
37,23,76,52,511,540,749
86,36,256,105,632,637,749
22,20,56,36,500,521,749
38,21,97,61,563,565,749
36,24,76,43,533,573,750
66,23,175,59,600,610,750
120,43,476,177,708,729,750
72,40,237,122,622,640,750
621,127,881,245,851,875,750
100,31,219,82,628,635,750
66,27,156,67,576,579,750
29,22,85,42,536,507,750
146,60,474,274,729,742,750
27,20,49,38,493,468,750
35,20,75,54,520,559,750
23,21,31,47,441,482,750
60,28,158,104,590,608,750
31,27,85,81,533,552,750
26,20,65,52,498,530,750
34,29,29,38,450,467,751
81,43,218,124,614,630,751
183,65,549,207,737,753,751
57,21,130,35,565,572,751
70,21,223,76,619,628,751
173,60,397,129,693,704,751
72,29,199,76,620,649,751
92,47,278,131,662,683,751
36,28,127,93,555,569,751
28,21,22,24,476,472,751
33,24,133,95,570,579,751
26,21,35,23,412,443,751
120,58,320,177,670,686,751
18,21,40,44,471,453,751
59,20,155,67,584,617,752
46,23,103,50,554,587,752
65,36,141,74,578,593,752
41,27,107,66,546,558,752
41,28,104,80,565,578,752
61,28,108,62,545,566,752
18,21,63,64,514,529,752
37,21,83,56,526,539,752
44,24,92,40,531,518,752
46,28,160,96,593,610,752
40,21,63,32,520,508,752
34,23,60,40,506,535,752
24,21,52,47,491,480,752
37,26,87,62,537,535,753
107,69,222,123,632,647,753
47,23,137,67,585,590,753
26,21,37,34,496,527,753
33,22,97,60,545,554,753
24,22,59,48,483,512,753
72,36,190,73,614,619,753
99,41,268,103,641,658,753
42,22,86,39,536,546,753
40,30,64,41,512,530,753
44,22,74,37,523,538,753
37,20,122,64,547,553,753
46,31,123,74,583,616,753
148,45,417,122,680,696,754
30,22,61,39,507,511,754
57,24,91,41,547,561,754
47,32,121,79,564,573,754
41,21,112,54,564,578,754
249,74,578,252,781,798,754
93,50,311,159,657,676,754
44,21,109,58,556,567,754
29,23,63,29,482,457,754
363,60,819,197,776,792,754
305,98,578,249,768,788,754
29,23,55,41,467,502,754
51,41,96,61,552,563,754
27,20,42,30,463,510,755
63,41,203,136,617,637,755
25,21,63,47,474,514,755
47,23,118,46,552,552,755
31,20,99,40,535,530,755
57,28,142,48,571,582,755
57,24,136,79,586,610,755
38,28,48,37,502,535,755
296,73,726,246,779,794,755
42,20,70,33,502,538,755
25,20,37,24,463,495,755
107,42,221,83,641,652,755
38,20,113,62,542,558,756
47,27,109,50,542,559,756
25,23,31,45,475,502,756
36,26,93,46,526,535,756
18,23,53,47,441,447,756
26,26,57,53,498,535,756
54,21,112,53,566,579,756
46,28,221,138,614,615,756
112,48,324,136,661,684,756
26,26,49,60,505,520,756
70,29,201,74,607,626,756
46,31,70,66,539,534,756
25,30,38,56,476,503,756
30,20,108,70,555,571,756
17,20,48,48,469,510,756
46,34,89,71,559,579,756
20,20,47,29,464,484,756
74,43,237,110,625,642,756
40,20,115,56,535,559,756
19,23,64,65,516,543,756
28,23,60,60,512,528,757
37,20,66,34,510,513,757
38,23,51,42,526,545,757
79,49,224,127,629,650,757
31,21,83,64,526,534,757
31,21,103,71,554,582,757
56,31,171,114,606,622,757
76,29,195,51,597,613,757
66,34,207,132,613,635,757
54,33,180,120,601,619,757
42,28,63,59,517,528,757
24,22,56,38,495,528,758
23,22,30,31,459,472,758
32,25,88,72,527,537,758
61,25,159,97,585,592,758
18,23,20,35,433,471,758
20,21,47,53,461,438,758
31,26,117,85,552,557,758
41,22,85,57,533,532,758
49,29,74,51,542,566,758
26,20,38,37,445,487,758
87,35,265,122,638,643,758
31,23,68,58,497,492,758
91,42,163,87,593,606,758
76,26,146,43,580,608,758
27,20,72,52,518,469,758
42,21,81,49,518,528,758
26,20,49,42,503,532,758
54,23,167,84,588,601,759
59,24,146,73,595,618,759
30,21,91,46,496,511,759
37,23,77,52,533,553,759
115,55,317,130,665,677,759
21,22,44,48,468,452,759
40,30,100,78,550,565,759
67,34,173,100,606,613,759
69,35,160,84,595,608,760
93,41,266,103,643,663,760
35,22,88,42,542,545,760
16,20,24,34,472,476,760
29,20,59,42,512,527,760
34,26,91,61,513,544,760
25,21,84,61,516,553,760
32,21,64,37,526,529,760
27,23,53,42,469,472,760
35,28,105,69,530,549,760
35,25,183,111,598,619,760
42,31,88,62,537,534,760
28,21,28,23,463,499,760
106,35,350,108,657,671,760
43,26,92,42,530,501,760
117,58,360,169,682,699,760
25,24,52,35,498,496,760
118,38,303,137,662,681,760
136,58,365,185,690,708,760
74,38,189,102,600,621,761
14,21,37,35,441,418,761
34,23,72,34,510,533,761
22,22,47,50,437,450,761
43,22,114,55,569,592,761
35,28,44,36,466,467,761
41,22,63,23,495,528,761
41,24,103,54,545,564,761
32,25,109,71,549,554,761
39,23,100,49,538,549,761
26,21,53,43,481,497,761
31,24,84,64,504,535,761
19,20,43,51,489,527,761
31,21,52,31,494,486,761
63,42,152,104,601,625,761
18,21,50,52,475,500,761
32,24,103,91,554,577,761
40,33,66,56,507,521,761
56,34,119,66,552,561,762
139,54,379,161,679,698,762
46,27,111,56,564,565,762
41,21,91,46,559,586,762
54,20,83,30,516,531,762
37,23,99,62,550,569,762
32,24,74,70,542,574,762
34,22,61,34,496,501,762
21,20,29,34,430,512,762
31,20,74,46,512,524,762
29,24,16,34,442,423,763
25,20,77,34,489,507,763
20,23,23,48,455,466,763
44,28,161,75,590,592,763
55,42,161,117,606,623,763
40,25,112,61,552,562,763
29,24,52,40,491,505,763
40,26,154,77,570,590,763
36,30,125,83,562,586,763
64,33,170,80,591,607,764
22,21,34,35,420,466,764
27,30,36,56,466,483,764
40,30,127,76,571,596,764
15,21,15,30,359,342,764
78,43,184,100,625,641,764
109,46,342,130,664,675,764
79,32,189,72,601,619,764
36,20,87,42,537,552,764
170,56,504,152,704,724,764
45,31,98,84,553,565,764
30,20,80,56,527,517,764
65,25,130,41,562,564,764
37,23,85,35,516,509,765
20,22,29,46,450,455,765
24,20,41,29,494,528,765
40,21,105,64,542,541,765
46,24,113,47,548,555,765
85,31,241,98,628,645,765
24,22,38,39,465,477,766
31,25,94,80,554,574,766
46,32,144,99,593,616,766
66,31,211,104,616,631,766
65,39,181,81,610,631,766
107,44,334,128,653,667,766
128,53,350,134,669,689,766
37,20,92,56,534,548,766
23,25,62,58,516,519,766
27,22,74,44,519,536,766
70,28,161,82,584,619,766
38,22,62,40,513,525,766
90,40,229,108,634,651,766
21,20,42,33,450,478,767
69,29,206,91,613,631,767
45,23,78,43,529,539,767
50,27,131,74,566,586,767
20,22,50,42,472,502,767
45,24,88,46,538,555,767
28,21,70,55,530,577,767
27,24,45,38,478,501,767
34,21,65,58,516,536,767
34,22,144,80,567,584,767
32,24,60,53,509,530,767
117,49,304,140,660,679,767
30,20,67,40,494,506,768
27,21,63,52,500,533,768
15,20,30,47,449,466,768
64,29,196,63,598,601,768
78,43,144,97,578,604,768
30,20,82,50,529,539,768
40,20,73,31,503,516,768
50,29,133,80,589,602,768
32,23,66,52,511,538,768
38,26,93,69,546,551,768
70,36,183,95,604,614,768
50,20,131,50,568,579,768
29,20,79,47,524,533,768
33,20,55,28,492,501,768
33,26,141,102,587,608,768
66,26,127,49,568,581,768
26,20,52,45,500,506,769
37,26,76,52,521,524,769
17,21,48,52,466,478,769
21,22,47,41,482,486,769
122,59,316,151,666,680,769
150,60,448,193,704,721,769
35,29,78,69,498,509,769
20,21,20,32,417,440,769
54,39,147,108,576,609,769
17,22,41,41,362,383,769
185,68,527,253,750,763,769
75,36,274,168,643,660,769
33,20,98,95,542,581,769
28,21,95,59,538,555,770
64,38,220,133,631,639,770
34,20,67,36,515,515,770
63,33,155,74,583,602,770
47,22,142,55,574,584,770
58,23,117,44,551,581,770
158,73,419,187,690,705,770
115,41,270,106,650,664,770
73,33,187,72,605,611,770
38,24,150,102,579,599,770
16,22,32,61,461,498,770
19,21,103,88,518,522,770
61,26,103,44,542,551,770
39,20,57,37,510,522,770
268,89,559,279,768,785,771
61,37,177,105,607,613,771
115,50,319,106,650,661,771
159,55,406,132,681,700,771
128,35,375,140,674,687,771
50,24,114,57,564,588,771
71,33,206,129,623,643,771
48,29,146,88,588,600,771
22,20,47,37,440,430,771
72,38,128,59,572,582,771
49,37,123,107,568,587,771
56,29,150,79,573,588,771
56,33,210,100,613,625,771
32,20,127,95,574,583,771
82,41,196,99,621,637,771
25,23,12,29,434,420,772
49,32,97,72,566,566,772
34,23,70,52,527,550,772
101,53,384,227,693,709,772
28,20,40,34,467,356,772
39,23,104,59,542,536,772
33,25,69,58,512,500,772
32,21,82,48,526,535,772
47,31,171,86,595,606,772
56,22,139,59,571,584,773
34,20,61,26,487,505,773
145,46,397,150,689,705,773
151,62,490,247,731,747,773
35,22,88,68,546,568,773
61,26,181,88,592,593,773
55,30,145,105,587,612,773
64,27,263,128,637,658,773
74,27,207,72,616,638,773
190,83,480,248,724,739,773
377,102,607,225,788,804,773
88,48,327,196,667,685,773
173,70,485,238,728,746,773
45,26,106,64,544,560,773
88,48,216,108,634,652,773
296,67,697,281,819,832,774
394,117,692,237,771,786,774
52,41,183,143,613,637,774
38,26,73,39,493,502,774
30,24,45,50,470,493,774
99,53,249,131,642,660,774
24,21,24,42,469,509,774
28,28,87,60,545,564,774
156,55,338,117,670,688,774
77,41,111,54,594,623,774
64,37,155,84,598,611,774
62,32,178,66,609,633,774
64,40,178,135,604,610,774
48,23,129,61,585,598,774
74,51,143,93,605,622,775
83,42,244,134,631,649,775
84,30,319,122,645,659,775
122,33,320,91,650,667,775
39,23,134,82,569,579,775
54,30,126,67,556,570,775
51,31,157,90,581,599,775
31,23,51,51,518,550,775
24,20,62,54,485,510,775
31,22,87,81,552,598,775
83,45,196,122,617,641,776
24,21,93,64,523,542,776
34,29,52,50,478,480,776
34,24,45,59,504,508,776
361,111,720,265,803,820,776
59,34,169,96,584,596,776
47,27,184,129,606,626,776
167,38,560,145,712,736,776
99,42,313,116,643,651,777
70,22,198,48,587,585,777
33,21,94,54,542,540,777
69,29,156,59,568,572,777
48,25,153,64,564,559,777
32,21,89,43,525,521,777
35,20,113,50,538,544,777
87,38,274,117,638,651,777
47,25,137,66,566,574,777
421,103,816,208,809,827,777
37,20,128,53,532,538,777
69,30,164,65,597,617,777
42,21,104,37,526,535,777
46,21,124,49,536,515,777
26,20,58,30,484,501,777
39,20,90,47,509,515,777
37,27,64,48,509,528,777
28,27,72,45,498,490,777
25,22,36,32,472,464,777
26,21,63,50,488,514,777
52,34,127,91,576,596,777
18,23,51,55,477,479,778
39,26,82,45,511,549,778
33,25,72,53,510,497,778
31,31,78,82,501,468,778
27,23,83,69,523,540,779
26,26,36,44,441,455,779
39,23,74,43,536,515,779
16,23,26,63,456,457,779
249,104,536,216,749,766,779
25,22,65,71,512,539,779
20,20,109,96,525,544,779
84,38,277,101,653,667,779
56,23,143,67,570,577,779
50,26,110,70,566,584,779
88,55,265,175,641,657,779
44,26,164,106,579,580,779
58,33,121,57,582,579,779
47,32,114,43,527,551,779
37,35,47,46,452,465,779
24,24,54,57,472,507,779
39,24,83,50,521,548,779
35,20,77,43,508,523,779
33,20,85,60,537,532,779
90,46,276,127,644,661,779
141,64,451,194,703,719,779
34,24,76,43,513,491,780
23,26,54,51,479,490,780
51,31,84,52,546,578,780
35,23,102,48,514,528,780
198,73,486,189,705,722,780
127,53,421,155,673,687,780
59,25,169,66,595,595,780
38,21,117,55,548,572,780
36,24,81,49,516,537,780
41,20,98,42,538,490,780
32,22,89,63,543,560,780
34,31,82,69,505,511,780
46,25,109,57,536,538,780
30,20,57,41,510,517,780
62,23,140,63,576,599,781
68,48,237,180,636,648,781
44,24,90,40,531,552,781
41,21,98,54,532,567,781
37,25,84,54,523,544,781
28,20,55,39,484,473,781
26,20,35,29,400,434,781
32,23,91,57,513,528,781
46,25,153,60,563,583,781
21,22,53,53,463,500,781
17,20,21,28,409,478,781
51,45,99,88,552,562,781
33,21,75,49,523,529,781
22,21,58,50,469,480,781
24,22,97,71,532,540,781
37,20,80,33,502,506,781
15,21,15,37,381,389,781
73,21,193,44,601,615,781
47,29,142,72,564,573,782
29,20,78,42,518,531,782
47,22,142,62,581,617,782
32,20,54,32,480,488,782
35,20,53,34,499,512,782
59,34,133,61,563,591,782
50,21,148,64,569,595,782
70,38,138,92,583,600,782
77,35,234,113,627,646,782
35,23,60,37,473,496,782
33,21,65,33,499,503,782
26,23,66,46,535,515,782
43,28,114,81,558,570,782
22,21,43,51,487,511,782
35,22,63,39,489,521,783
33,24,99,57,534,535,783
59,32,132,68,580,600,783
46,29,104,54,532,551,783
42,22,138,63,551,571,783
29,22,89,47,516,448,783
23,21,67,55,507,525,783
34,25,91,54,540,564,783
33,23,118,74,556,573,783
65,24,235,98,616,636,783
27,21,27,26,473,506,783
23,23,29,28,429,395,783
49,21,115,37,552,561,783
115,55,336,201,667,684,784
92,49,307,168,651,668,784
72,46,221,126,627,647,784
30,22,81,46,518,533,784
58,33,145,84,598,616,784
34,21,81,56,550,572,784
53,41,142,111,600,616,784
31,22,82,42,520,529,784
41,25,120,68,557,553,784
57,23,144,56,575,593,785
73,43,160,98,601,624,785
190,78,518,214,740,757,785
82,38,239,106,628,643,785
55,39,124,85,571,595,785
29,23,61,52,492,521,785
25,21,27,30,407,450,785
28,21,101,59,520,530,785
32,20,55,29,499,516,785
77,40,247,145,631,646,785
72,29,219,84,611,617,785
80,58,206,150,631,644,785
42,35,96,91,551,567,785
38,23,78,37,517,530,786
29,20,53,47,488,514,786
33,22,41,29,471,498,786
75,29,213,118,618,629,786
119,42,401,152,690,704,786
21,22,62,51,475,477,786
28,26,68,50,502,499,786
39,24,97,60,540,553,786
23,20,50,46,483,492,786
21,21,36,36,419,481,786
28,23,88,61,500,491,786
21,20,14,24,375,385,786
38,21,77,50,524,550,786
21,23,37,32,443,447,786
139,61,459,244,714,730,787
137,47,385,151,685,697,787
104,58,304,194,669,687,787
40,20,70,33,511,533,787
20,21,63,51,458,450,787
45,25,152,83,580,593,787
31,21,45,30,463,479,787
50,28,122,69,556,577,787
29,26,100,71,520,520,787
36,22,38,34,494,518,787
49,20,126,45,569,569,787
76,52,226,156,624,638,787
52,33,110,75,562,561,787
23,21,32,35,471,468,787
19,23,43,46,496,501,788
88,32,172,83,608,622,788
53,28,139,78,586,603,788
51,34,119,83,555,560,788
81,40,259,114,641,652,788
124,57,402,173,692,708,788
30,21,70,39,516,486,788
65,43,138,81,585,597,788
35,35,70,60,515,536,788
202,103,444,201,706,723,788
59,36,137,104,587,603,788
40,25,109,56,568,582,788
28,24,79,71,524,531,788
52,38,110,93,579,592,789
67,42,128,75,569,575,789
28,20,91,50,524,531,789
41,24,90,57,533,533,789
19,20,66,43,529,547,789
45,27,168,114,595,610,789
29,28,112,82,538,557,789
32,23,101,55,533,550,789
56,37,174,110,596,616,789
67,37,140,69,605,624,789
44,26,97,61,537,557,789
148,70,384,161,684,706,789
189,55,444,120,698,715,789
238,100,474,199,720,736,789
39,21,107,51,548,554,789
62,37,137,97,583,593,790
108,35,436,160,689,703,790
22,20,40,29,468,487,790
39,22,124,72,564,575,790
38,21,114,59,561,573,790
304,76,645,289,793,807,790
52,27,120,83,585,590,790
87,42,184,86,613,624,790
40,31,51,44,484,488,790
56,37,88,76,554,567,790
45,28,124,73,559,576,790
59,31,106,61,560,576,790
36,27,137,96,596,606,791
34,20,89,46,519,525,791
65,37,151,105,609,630,791
59,20,142,49,579,616,791
43,23,76,57,527,548,791
57,34,148,96,585,606,791
48,21,130,51,574,587,791
40,20,88,54,531,553,791
75,34,173,102,614,625,791
266,76,606,261,784,801,791
29,29,84,65,524,536,791
99,39,296,169,661,679,791
37,27,70,43,531,547,791
33,21,62,34,493,515,791
32,24,79,59,503,514,791
31,22,57,43,509,469,791
33,22,62,38,494,523,791
47,23,71,46,524,541,792
26,20,70,46,498,526,792
25,23,53,32,486,451,792
41,21,83,42,515,533,792
34,20,56,37,502,520,792
70,32,180,98,603,625,792
115,57,421,209,697,717,792
115,50,381,168,693,708,792
113,58,278,136,655,673,792
23,23,67,55,500,510,792
40,29,134,79,569,582,792
33,21,69,48,509,526,792
47,27,184,90,598,605,792
30,21,74,39,514,535,792
35,30,103,82,545,553,792
40,27,89,55,534,528,793
64,41,143,67,585,604,793
29,22,36,35,485,513,793
43,23,107,59,541,560,793
40,24,60,39,524,534,793
75,38,166,64,586,600,793
70,27,189,85,608,625,793
46,34,140,108,582,601,793
22,23,60,57,490,507,793
89,43,231,111,641,657,793
51,29,127,75,587,601,793
23,21,36,26,450,454,793
33,30,84,64,524,535,793
38,28,73,50,528,533,793
36,29,88,90,552,576,793
26,20,77,51,502,523,794
111,48,294,149,659,675,794
93,56,321,215,670,687,794
18,24,27,43,453,473,794
25,21,40,37,490,518,794
50,23,134,55,569,580,794
43,22,121,52,555,555,794
34,29,101,78,538,546,794
64,34,152,58,574,593,794
72,30,167,66,588,597,794
135,57,269,119,649,661,794
25,20,48,48,449,498,794
40,20,96,41,516,528,794
42,36,79,66,518,514,794
57,27,88,32,536,551,794
60,39,171,141,614,631,795
71,37,193,103,620,635,795
21,23,34,38,470,488,795
47,20,93,35,567,596,795
48,30,67,58,526,539,795
116,44,328,113,676,693,795
59,42,150,110,591,594,796
37,21,68,43,527,525,796
24,20,16,27,416,441,796
23,23,58,54,520,505,796
32,21,50,40,489,510,796
177,58,477,162,708,725,797
54,33,140,95,570,584,797
54,29,121,49,550,545,797
45,31,103,53,556,556,797
41,21,76,31,533,553,797
67,32,253,153,637,660,797
77,40,158,58,585,601,797
47,20,143,50,593,589,797
50,25,110,61,575,595,797
40,30,138,101,577,584,797
40,26,95,40,531,535,797
29,21,117,66,549,574,797
37,20,60,34,502,463,797
36,24,142,98,573,597,797
71,46,129,56,595,611,797
30,21,85,65,532,558,797
145,49,399,162,689,710,797
100,48,238,102,636,657,797
34,31,100,96,556,573,797
38,25,95,62,550,581,797
58,23,132,52,569,586,797
28,20,48,28,455,466,797
37,21,95,46,528,533,798
133,48,397,130,685,697,798
25,21,58,51,488,517,798
39,20,114,50,553,553,798
60,35,174,72,590,611,798
75,27,256,107,641,653,798
36,20,45,22,463,516,798
71,37,160,82,606,615,799
116,45,341,153,671,688,799
64,39,158,104,603,619,799
26,24,60,43,501,531,799
37,25,58,42,510,535,799
200,84,459,163,712,729,799
355,91,629,197,789,805,799
95,47,244,154,639,654,799
45,22,136,83,583,598,799
56,36,174,93,613,632,799
21,24,36,38,426,444,799
43,25,31,28,468,498,799
60,26,159,55,602,604,799
30,25,56,50,473,502,799
19,20,33,55,454,479,800
92,40,293,117,661,674,800
40,33,39,39,482,495,800
36,22,78,45,517,539,800
119,59,362,204,681,697,800
235,90,536,205,732,754,800
27,25,54,52,487,494,800
38,21,89,51,522,537,800
26,23,75,51,512,547,800
36,22,77,54,535,546,800
266,52,732,175,741,758,800
27,25,27,31,447,515,800
69,23,180,66,592,624,800
45,23,111,42,531,561,800
83,35,279,100,637,643,800
320,84,773,173,793,811,801
267,97,615,298,833,849,801
58,24,101,49,547,592,801
26,21,51,34,483,514,801
40,31,103,79,558,576,801
34,22,73,59,542,557,801
26,21,53,35,463,480,801
17,23,39,38,444,434,801
59,31,140,76,573,586,801
31,21,101,45,525,527,801
34,33,101,79,527,544,801
87,38,315,184,679,695,801
32,23,66,57,517,539,801
58,30,134,65,565,575,801
134,44,337,136,680,700,801
51,27,96,67,547,574,801
35,25,73,37,505,522,801
50,26,113,60,562,573,801
77,42,232,122,630,640,801
22,20,71,56,518,529,801
78,52,166,114,607,634,801
28,21,65,44,511,535,801
31,28,105,91,573,600,802
23,25,128,104,539,556,802
35,23,64,26,491,522,802
34,21,99,61,551,556,802
48,25,127,78,575,609,802
52,31,186,113,617,622,802
38,28,83,64,545,567,802
60,33,179,93,610,626,802
79,40,248,130,639,648,802
27,21,59,38,487,484,802
70,40,246,124,643,657,802
27,26,126,96,568,588,802
25,20,72,53,530,443,803
38,20,111,82,566,571,803
35,24,86,55,520,549,803
114,46,311,129,662,677,803
91,53,229,118,638,652,803
26,22,46,42,493,546,803
26,23,56,33,481,471,803
25,21,50,40,475,496,803
34,23,76,47,521,561,803
53,21,78,35,544,544,803
43,22,111,44,547,572,803
67,38,171,93,603,627,803
26,24,16,25,403,435,803
49,29,135,61,570,596,803
62,34,130,82,590,614,803
21,20,40,45,480,466,804
58,36,110,74,547,575,804
57,27,122,59,563,570,804
51,30,139,65,586,609,804
43,24,79,36,533,551,804
22,20,38,25,448,486,804
44,24,122,57,553,556,804
68,40,191,107,606,623,804
39,35,85,71,517,542,804
36,24,110,60,551,570,804
27,23,51,39,475,479,805
36,25,105,58,560,571,805
74,28,203,75,610,620,805
59,34,146,90,584,614,805
27,20,33,24,456,448,805
55,36,165,95,584,600,805
78,31,202,72,619,630,805
32,28,120,102,566,585,805
268,121,493,251,756,775,805
68,37,163,76,584,610,805
44,30,74,75,546,572,805
25,23,59,54,499,511,805
34,30,84,78,524,539,805
53,35,139,79,582,598,805
43,31,67,48,508,523,806
32,25,80,54,545,549,806
59,34,117,49,548,552,806
29,27,50,50,521,552,806
59,43,191,124,611,625,806
30,23,55,48,500,513,806
55,31,166,81,582,623,806
33,22,66,50,518,532,806
32,25,47,43,485,499,807
22,27,18,36,381,377,807
78,54,123,79,592,608,807
534,112,813,258,827,848,807
23,20,53,48,480,512,807
29,27,65,48,475,466,807
61,26,235,121,624,638,807
61,28,103,61,567,585,807
29,21,76,49,497,519,807
55,30,173,89,593,599,807
42,27,65,47,540,547,807
559,90,991,174,836,853,807
19,20,30,30,436,483,807
84,38,240,89,629,640,808
41,30,113,70,569,592,808
49,24,121,65,552,573,808
28,25,73,68,518,546,808
16,23,32,56,459,491,808
202,80,505,162,721,738,808
26,23,33,38,454,472,808
100,52,217,127,624,642,808
508,143,761,286,830,854,808
145,66,408,188,683,702,808
231,49,629,156,736,754,809
43,29,95,80,541,562,809
55,34,133,73,576,586,809
52,26,114,56,563,583,809
58,27,196,122,623,643,809
47,36,118,109,573,592,809
30,23,94,74,543,562,809
285,69,650,262,778,796,809
220,73,561,196,726,744,809
33,21,61,29,494,518,809
86,39,216,115,638,664,809
29,24,120,77,547,565,809
460,79,954,197,793,811,809
44,20,141,53,559,563,809
580,133,889,270,829,847,809
42,21,89,44,527,559,809
107,46,269,79,629,650,809
35,26,43,21,424,470,809
25,20,51,38,454,475,809
76,34,290,172,669,684,809
65,34,157,91,606,603,810
16,22,41,39,448,458,810
35,22,68,64,523,553,810
31,22,64,48,470,492,810
41,32,107,80,560,587,810
69,43,248,136,633,650,810
50,25,151,87,582,599,810
65,29,169,71,588,604,810
54,28,67,56,529,551,810
21,24,53,50,482,504,810
27,28,50,64,523,543,810
29,20,133,80,566,569,811
104,52,222,145,641,660,811
33,21,31,19,460,440,811
36,24,101,73,569,581,811
47,26,100,59,559,587,811
10,20,30,42,394,279,811
19,21,37,38,494,435,811
54,22,116,46,549,555,811
83,45,144,97,573,605,811
29,27,39,44,456,448,811
193,81,422,181,718,733,811
141,51,375,118,673,687,811
21,21,85,72,505,535,811
74,39,179,98,606,630,811
46,25,213,126,616,632,811
52,24,163,69,587,599,812
37,23,42,36,509,567,812
31,22,60,42,484,530,812
23,23,44,44,458,471,812
33,28,109,58,532,550,812
26,21,53,40,478,503,812
64,30,113,52,552,574,812
31,20,46,28,469,532,812
20,26,56,53,471,497,812
28,27,45,37,480,496,812
54,23,112,53,559,583,812
51,26,111,39,547,564,812
48,43,91,84,536,565,812
18,20,33,50,455,488,812
18,24,37,42,488,496,812
31,26,90,70,548,572,812
42,30,130,66,584,598,812
48,24,109,60,560,561,812
162,37,419,128,687,706,812
82,30,393,186,690,707,813
51,32,222,152,618,619,813
41,24,57,21,485,513,813
30,21,49,35,489,515,813
88,26,213,68,623,644,813
37,21,133,84,585,589,813
138,50,350,126,671,689,813
54,21,139,58,572,577,813
99,42,286,131,659,671,813
29,20,62,33,477,476,813
268,76,643,193,751,766,813
144,54,320,114,661,679,813
31,24,81,41,508,520,813
45,27,78,49,526,554,813
35,20,99,42,536,561,813
14,20,33,46,445,471,813
20,20,51,42,490,531,813
45,20,142,44,562,565,814
27,27,56,61,516,536,814
44,26,99,56,529,559,814
15,20,29,39,455,470,814
53,20,94,35,546,561,814
35,22,74,34,507,497,814
43,23,157,83,582,601,815
26,24,89,77,537,556,815
40,22,106,51,533,525,815
23,21,50,30,475,495,815
60,31,224,143,635,660,815
33,23,86,57,536,518,815
177,63,468,185,711,728,815
61,30,180,73,602,619,815
56,26,167,71,587,621,815
39,24,63,60,540,561,815
77,34,407,205,697,715,815
45,26,130,58,561,566,815
79,29,145,56,603,623,815
55,36,139,81,572,591,815
62,32,166,79,591,608,815
33,21,46,30,485,510,815
35,21,85,58,533,539,815
54,28,114,61,573,585,815
43,27,105,78,569,579,815
37,23,153,80,570,579,816
24,22,58,34,470,458,816
37,33,78,51,519,528,816
40,27,88,76,517,532,816
53,31,195,139,613,639,816
55,23,148,67,595,605,817
38,25,41,26,465,493,817
38,25,104,69,539,545,817
27,23,61,58,512,539,817
54,22,101,39,550,556,817
41,21,98,39,541,556,817
23,21,59,49,514,514,817
30,22,51,44,479,489,817
34,22,120,61,555,570,817
28,21,100,53,517,522,818
55,25,153,72,581,588,818
40,21,90,55,558,580,818
22,23,49,42,484,512,818
46,25,123,59,562,578,818
15,21,16,42,377,449,818
33,20,87,36,532,541,818
42,32,88,72,545,560,818
35,22,98,54,546,553,818
27,20,74,52,520,515,818
26,25,77,56,523,533,818
36,23,102,66,527,541,818
59,25,152,54,570,582,818
56,24,132,56,568,582,818
70,26,157,66,585,601,819
39,22,49,30,500,515,819
32,27,53,46,488,484,819
40,23,124,72,552,570,819
33,21,86,42,520,561,819
59,35,168,95,596,617,819
23,23,29,26,410,363,819
48,21,155,42,571,563,819
39,25,125,83,571,587,819
106,51,295,141,665,680,819
28,21,33,43,527,569,820
32,26,106,80,541,565,820
147,54,440,139,704,722,820
67,32,115,56,584,596,820
30,23,75,44,509,540,820
159,40,490,135,694,710,820
65,41,166,106,600,609,820
53,31,122,86,572,574,820
25,23,61,50,512,514,820
62,45,171,153,638,652,820
169,54,469,133,697,713,820
48,35,116,87,560,593,821
33,24,109,85,559,590,821
169,52,431,139,689,706,821
44,29,132,83,575,599,821
477,99,860,248,841,856,821
23,24,38,43,465,500,821
167,57,552,236,733,747,821
56,32,152,103,589,610,821
75,31,242,92,612,635,821
40,25,97,47,539,573,821
47,27,97,66,552,579,821
23,22,69,67,523,552,821
89,40,209,86,624,634,821
49,23,171,70,594,608,821
137,61,439,186,700,716,821
71,35,263,139,644,662,821
40,24,170,105,593,606,821
31,24,52,39,499,493,822
94,46,266,132,644,658,822
54,23,153,78,593,613,822
64,45,166,112,610,627,822
76,34,189,67,616,632,822
27,22,39,50,494,495,822
44,23,83,61,514,527,822
23,21,51,48,503,492,822
28,24,43,46,522,557,822
85,51,208,118,617,632,822
39,23,54,46,522,551,823
159,60,508,250,719,736,823
48,20,106,40,552,578,823
63,24,201,81,587,602,823
57,23,204,102,601,630,823
70,21,180,50,583,612,823
104,44,338,117,667,686,823
19,20,45,36,447,440,823
18,20,17,26,448,479,823
49,38,60,41,530,544,823
28,21,92,61,530,534,823
99,41,222,92,622,631,823
51,31,143,90,584,607,824
16,20,15,34,367,454,824
50,31,152,118,591,604,824
26,25,57,61,480,502,824
49,29,168,78,600,622,824
30,22,94,73,539,558,824
47,22,113,65,578,604,824
42,32,75,68,555,574,824
31,20,71,26,497,507,824
47,21,153,44,566,601,825
79,26,208,46,590,601,825
70,38,201,99,608,615,825
49,20,100,31,538,549,825
249,88,603,250,774,792,825
37,20,120,37,529,543,825
40,25,123,58,545,551,825
105,45,342,151,684,702,825
25,21,73,44,501,521,825
79,30,189,67,588,617,825
32,21,72,44,516,517,825
22,21,37,39,431,421,825
196,82,525,213,724,741,825
71,32,243,123,621,642,825
78,33,174,54,600,614,825
31,22,119,84,565,570,825
34,23,114,93,555,575,826
47,25,134,76,566,578,826
28,21,69,58,546,563,826
42,24,96,53,547,563,826
29,24,62,62,533,564,826
109,43,308,119,664,683,826
24,21,53,42,506,502,826
51,37,89,65,550,561,826
58,28,153,91,600,614,826
30,20,75,58,506,529,826
31,23,80,54,505,519,826
52,33,184,115,608,627,826
25,21,40,35,476,488,826
104,45,312,128,660,673,826
182,84,481,322,765,779,826
41,29,97,70,542,566,826
85,33,290,130,650,654,827
61,30,212,130,608,631,827
111,42,303,137,647,662,827
55,21,101,33,540,567,828
35,30,96,76,546,577,828
44,32,138,77,586,608,828
43,29,113,80,556,570,828
30,26,38,29,456,461,828
45,34,76,45,531,560,828
55,27,84,44,539,535,828
40,26,161,86,582,592,828
44,27,149,75,564,586,828
48,29,154,66,566,583,828
30,20,102,51,543,560,828
42,23,104,50,542,557,828
28,20,67,43,507,517,828
299,84,714,181,760,772,829
69,43,192,131,618,641,829
44,22,112,41,554,571,829
37,20,77,49,518,556,829
115,53,272,128,656,671,829
52,23,131,80,579,598,829
26,20,93,83,555,560,829
67,31,217,106,607,631,829
43,21,103,42,538,558,829
64,43,117,80,571,581,829
17,23,22,40,383,421,830
84,42,233,133,624,632,830
39,22,176,119,598,619,830
71,24,128,51,580,597,830
52,24,140,63,571,596,830
27,23,71,68,535,543,830
45,23,112,42,543,579,830
67,23,191,65,592,606,830
68,32,151,54,585,590,830
38,24,53,33,505,528,830
35,26,79,55,502,537,830
23,21,48,46,463,513,830
39,25,130,48,556,560,831
39,24,100,61,551,577,831
47,23,123,65,566,569,831
353,56,866,153,766,784,831
58,33,217,128,624,646,831
33,23,85,67,528,546,831
24,21,46,40,475,486,831
46,36,91,81,552,568,831
20,20,52,46,492,507,831
60,36,103,62,553,561,831
40,26,119,79,569,577,832
43,29,88,53,531,536,832
40,21,116,74,559,571,832
28,28,61,64,529,551,832
79,54,209,161,640,672,832
41,28,104,70,554,564,832
52,35,176,100,594,607,832
159,57,510,269,757,775,832
65,37,140,113,592,608,832
90,47,207,115,630,646,832
78,27,220,67,613,619,832
101,48,384,187,688,702,832
79,29,244,86,632,651,832
16,21,39,47,485,511,832
28,25,90,75,531,556,832
27,20,133,96,559,575,832
40,21,102,35,539,538,833
47,33,73,57,520,536,833
52,22,134,54,577,586,833
103,45,259,90,642,647,833
27,21,54,41,438,466,833
35,23,64,39,508,538,833
19,20,32,28,434,451,833
28,20,74,53,511,531,833
21,24,34,46,474,501,833
25,21,34,33,434,486,833
29,20,76,55,519,532,833
62,40,146,96,594,618,833
81,47,226,122,632,648,834
39,25,100,60,534,562,834
24,23,65,60,523,534,834
21,28,73,69,514,533,834
52,31,112,56,556,576,834
36,20,101,60,538,560,835
26,21,54,42,490,508,835
46,32,102,60,545,568,835
57,27,143,68,569,582,835
42,21,119,48,546,554,835
42,21,117,60,539,563,836
46,27,87,39,525,547,836
55,35,154,78,578,596,836
64,26,134,36,555,573,836
29,22,65,49,511,525,836
28,21,115,68,543,557,836
74,36,207,90,612,621,836
20,21,56,53,477,483,836
152,53,513,297,769,786,836
37,25,83,36,509,523,836
22,21,64,60,494,526,836
76,40,225,121,623,638,836
57,34,184,83,594,606,836
21,25,75,57,499,528,836
38,25,87,52,513,527,837
37,26,89,63,541,553,837
33,25,26,28,464,511,837
23,25,20,27,450,482,837
18,20,26,24,415,369,837
69,41,148,85,615,631,837
48,33,134,85,547,556,837
61,31,216,136,624,640,837
37,23,140,106,581,609,837
87,36,115,55,574,592,838
46,26,86,42,547,565,838
61,32,160,75,580,586,838
87,32,210,79,618,635,838
279,77,628,235,793,810,838
17,20,18,36,453,487,838
26,22,94,88,540,572,838
476,127,812,295,822,837,838
34,32,79,75,510,521,838
53,36,93,66,556,572,838
37,22,175,86,611,629,838
33,21,32,33,463,516,838
38,27,89,59,544,564,838
352,66,798,159,764,783,839
26,23,101,71,520,548,839
37,20,97,68,529,554,839
65,24,137,52,564,593,839
61,32,132,74,569,578,839
25,21,54,33,506,480,839
123,45,367,124,678,691,839
30,26,81,63,528,544,839
38,25,69,55,538,545,839
55,30,146,83,576,597,839
25,27,35,37,433,448,839
85,46,318,214,652,669,839
25,25,37,47,443,447,839
240,81,575,251,752,768,840
34,24,109,45,559,529,840
45,35,66,39,514,550,840
64,27,183,103,610,635,840
28,20,44,32,485,461,840
407,113,699,275,788,811,840
42,24,109,66,545,553,840
119,64,352,159,674,687,840
90,32,319,146,665,683,840
91,29,215,88,627,649,840
38,20,96,34,547,552,840
30,28,75,46,503,534,840
64,29,184,92,590,590,840
102,53,286,156,656,676,840
23,21,42,55,489,500,840
46,28,89,64,550,581,840
23,24,16,30,434,464,840
25,22,120,103,568,584,840
66,42,171,96,583,589,840
34,22,68,35,499,506,840
39,20,106,37,532,551,840
41,23,99,50,545,557,840
224,63,651,169,758,776,840
30,23,57,51,510,535,840
31,29,98,81,556,570,841
57,33,174,103,593,607,841
39,20,59,29,504,545,841
200,74,455,163,700,724,841
38,25,72,60,532,545,841
34,29,58,50,518,538,841
56,26,122,63,569,599,841
17,20,27,25,412,385,841
21,21,67,46,502,515,841
27,28,73,65,503,524,841
29,24,91,73,535,534,841
29,20,51,31,492,515,841
36,21,90,38,530,551,841
48,29,115,54,557,578,842
28,22,50,47,514,545,842
93,44,265,126,649,666,842
32,22,41,24,471,484,842
60,28,163,67,593,590,842
50,27,135,88,577,591,842
80,46,301,193,654,670,842
36,25,91,47,533,543,842
62,26,178,85,605,610,842
52,26,192,111,587,603,842
53,29,196,91,600,612,842
35,23,60,29,505,548,842
41,20,141,53,576,597,842
25,21,71,46,526,546,842
32,30,105,68,537,530,842
43,28,91,52,541,557,842
54,34,161,120,597,602,842
66,39,201,119,602,616,843
25,26,33,42,450,474,843
20,21,63,65,502,514,843
26,20,65,49,513,528,843
22,20,39,42,505,534,843
62,31,115,58,565,573,843
30,26,54,52,501,524,843
124,47,400,137,674,695,843
41,20,112,60,558,585,844
46,28,157,73,584,590,844
53,36,152,95,588,603,844
34,20,71,47,526,522,844
49,23,104,45,546,582,844
75,41,233,156,635,647,844
29,28,48,41,487,486,844
42,24,95,55,545,578,844
65,30,231,118,624,640,844
64,37,185,117,602,632,844
44,23,107,58,531,560,844
22,24,65,62,483,504,844
45,30,87,50,514,520,845
29,20,70,49,525,542,845
36,20,86,35,511,531,845
56,25,106,45,557,598,845
39,23,123,55,539,560,845
58,25,94,32,542,537,845
41,23,138,75,571,582,845
69,27,182,74,607,633,845
33,20,52,41,514,534,845
118,62,365,175,680,694,845
54,36,121,86,555,573,845
46,22,129,56,559,561,845
44,31,111,77,554,576,845
40,27,119,71,560,575,845
27,23,79,72,538,545,846
34,26,113,77,544,546,846
29,22,59,54,526,544,846
33,20,72,31,514,518,846
66,41,145,77,579,611,846
28,21,39,17,444,457,846
62,35,168,102,607,623,846
50,26,98,43,521,532,846
69,33,216,102,630,644,846
55,28,108,56,557,572,846
31,27,94,82,530,549,846
241,86,576,218,739,752,846
74,37,229,118,620,626,846
97,44,311,178,666,678,846
72,36,142,66,571,592,847
47,28,126,79,577,598,847
66,29,183,83,605,627,847
35,27,58,52,519,546,847
27,22,90,63,549,582,847
16,20,24,36,444,416,847
47,29,92,55,545,580,847
31,24,40,36,456,472,847
48,27,87,59,564,581,847
32,25,112,93,579,594,847
219,66,587,169,740,759,847
63,39,117,93,582,625,848
147,61,507,275,748,768,848
37,26,60,37,512,503,848
80,27,196,50,599,615,848
265,81,657,201,741,756,848
56,31,142,100,581,606,848
35,29,87,70,538,556,848
48,35,110,67,553,555,848
55,30,178,85,603,622,848
30,20,52,41,507,514,848
21,24,29,31,422,395,848
21,30,54,69,489,478,848
38,26,75,59,502,510,849
36,21,82,39,519,537,849
29,24,50,42,478,504,849
27,21,65,52,531,529,849
20,21,92,69,516,532,849
49,34,127,80,567,569,849
40,20,93,38,540,536,849
19,23,34,49,447,463,849
41,23,89,51,536,553,850
77,38,188,88,606,628,850
38,24,73,60,535,563,850
15,20,17,38,356,360,850
51,32,148,103,589,602,850
34,24,79,74,529,550,850
36,22,148,93,571,586,850
60,26,176,73,580,607,850
31,24,47,34,482,540,850
34,20,77,37,518,534,850
48,25,122,51,542,550,850
41,21,74,34,521,546,850
53,27,201,106,610,640,850
34,22,69,44,499,518,851
28,20,59,39,493,473,851
50,24,183,107,606,605,851
25,20,86,43,516,518,851
60,34,247,134,626,639,851
73,37,182,76,589,607,851
22,21,76,56,497,497,851
36,30,109,68,545,547,851
35,27,79,60,531,543,851
21,23,31,31,464,449,852
31,23,62,51,472,497,852
27,21,65,43,486,511,852
58,30,213,88,610,624,852
19,23,44,46,468,492,852
29,20,74,46,533,543,852
32,20,51,32,476,501,852
64,27,116,51,561,579,852
33,22,51,30,500,470,852
27,20,50,26,453,486,852
37,28,110,87,558,579,852
49,23,99,50,538,552,852
54,30,144,87,588,592,852
54,22,176,64,600,616,852
30,23,89,67,528,547,852
27,25,69,51,495,502,853
41,20,111,56,541,560,853
32,25,82,61,520,520,853
12,20,40,45,436,434,853
23,22,24,30,457,457,853
28,23,35,26,447,487,853
42,27,124,67,558,561,853
22,21,32,43,459,471,853
50,30,139,97,578,562,853
46,29,108,55,553,555,853
38,20,57,24,484,517,854
38,23,94,48,524,564,854
71,39,245,118,635,651,854
57,33,138,86,593,609,854
46,33,112,63,546,559,854
24,20,102,80,546,568,854
30,20,60,48,515,524,854
52,20,119,53,571,585,854
42,26,112,73,546,531,854
40,21,135,83,567,593,854
44,31,146,90,576,598,855
33,21,141,76,585,594,855
36,23,80,44,533,569,855
74,38,194,111,609,617,855
29,22,68,41,486,517,855
80,38,206,107,624,637,855
49,21,146,40,568,577,855
36,26,104,67,546,565,855
21,21,58,52,499,509,855
33,23,57,34,507,518,856
38,23,103,45,540,552,856
175,55,475,139,704,719,856
27,22,74,38,498,511,856
34,20,68,31,501,513,856
32,21,63,50,522,539,856
29,21,79,70,539,542,856
68,28,190,66,599,607,856
33,27,87,59,515,549,856
28,20,67,51,522,549,856
42,27,99,66,554,561,856
34,22,131,84,574,594,856
31,20,50,32,498,531,856
32,31,89,65,532,539,856
127,53,369,173,676,690,856
28,20,76,57,517,524,856
32,21,70,50,479,498,856
46,23,106,52,548,583,857
38,27,46,46,471,501,857
35,25,71,45,487,530,857
31,25,44,33,472,510,857
43,23,127,72,579,592,857
44,35,50,38,521,545,857
66,30,82,38,543,567,857
91,43,237,131,642,661,857
95,42,264,96,642,647,857
42,31,80,72,534,539,857
49,26,112,80,563,590,857
57,32,137,84,574,591,858
51,29,96,48,542,566,858
113,43,287,111,658,677,858
70,40,150,82,593,602,858
144,58,307,128,666,673,858
111,59,255,107,643,659,858
42,23,62,48,512,523,858
76,30,263,141,625,641,858
63,42,103,81,565,587,858
143,69,340,125,668,683,858
40,26,101,63,545,552,858
22,26,26,35,447,477,858
24,21,65,40,502,522,858
22,20,20,27,395,433,858
45,24,79,54,528,541,858
24,21,29,38,452,486,858
32,28,89,74,546,570,858
32,23,45,34,464,498,859
24,21,44,40,475,503,859
33,28,141,116,570,590,859
43,21,75,45,534,564,859
26,25,55,48,489,468,859
18,21,48,60,473,507,859
123,47,322,139,666,684,859
60,28,179,74,601,612,859
82,35,201,72,616,638,859
47,28,136,71,564,586,859
36,21,111,48,549,553,859
31,24,65,41,499,503,859
32,23,116,76,562,577,859
82,30,223,120,629,651,859
42,24,131,80,571,593,859
34,28,121,96,566,598,860
30,23,69,44,500,493,860
39,28,133,110,581,605,860
40,26,143,86,567,583,860
23,24,20,20,393,410,860
26,20,50,51,523,521,860
43,24,71,40,525,538,860
42,20,162,90,585,604,860
55,29,145,73,572,586,860
43,31,62,50,501,505,860
149,64,466,220,722,739,860
78,43,315,161,640,655,860
53,20,186,72,608,634,860
37,29,91,84,537,544,860
117,40,321,120,669,683,860
44,26,82,31,522,535,861
28,21,93,54,527,524,861
37,31,55,41,500,517,861
53,20,157,58,572,565,861
93,34,264,75,649,661,861
26,20,44,28,466,499,861
20,20,41,42,462,499,861
37,21,60,39,512,536,861
36,21,109,50,534,552,861
33,24,118,50,550,547,861
84,37,283,139,627,648,861
37,22,65,29,525,530,861
31,22,123,80,556,576,862
54,28,133,69,578,609,862
136,58,360,162,676,694,862
23,22,61,59,527,533,862
241,81,544,194,735,752,862
30,22,80,54,519,507,862
231,50,625,206,772,790,862
23,20,37,15,464,474,862
42,22,92,37,528,525,862
39,20,59,18,507,518,862
79,35,229,90,613,615,862
77,27,211,106,619,640,862
32,20,83,56,535,541,862
34,28,89,71,538,555,862
37,25,55,40,478,502,862
28,22,61,49,494,482,862
43,34,78,67,555,572,863
20,20,22,20,436,296,863
20,22,42,32,438,417,863
125,48,308,115,658,674,863
24,23,27,23,447,448,863
21,23,81,76,538,540,863
20,24,37,37,416,417,863
32,23,62,33,468,482,863
51,28,208,91,613,630,863
465,136,751,295,826,844,863
93,31,227,67,623,640,863
37,27,67,50,507,521,863
58,36,95,55,556,581,863
39,25,103,56,530,549,864
40,26,131,96,574,588,864
128,63,354,196,676,693,864
39,22,107,55,555,563,864
47,34,45,38,497,490,864
43,26,63,28,514,552,864
229,61,594,154,732,751,864
643,161,775,295,852,870,864
22,20,45,32,461,506,864
39,25,79,59,528,558,864
21,24,16,25,424,116,864
23,23,30,35,463,471,864
27,25,28,30,434,437,864
37,25,105,66,530,551,864
98,46,419,211,677,696,864
76,41,302,189,650,667,864
67,25,265,123,617,622,864
42,24,134,82,571,577,865
46,34,109,78,593,605,865
39,26,48,41,501,539,865
30,25,63,49,511,527,865
60,35,201,86,608,608,865
48,23,105,58,555,557,865
27,23,50,56,504,541,865
79,47,227,122,625,631,865
26,23,71,56,490,536,865
38,24,94,46,550,539,865
30,21,93,64,534,564,865
44,34,110,82,563,583,866
52,20,112,56,562,585,866
30,20,130,78,559,581,866
68,44,212,129,617,628,866
38,21,106,69,541,537,866
58,29,127,73,564,573,866
60,40,167,101,604,624,866
63,24,165,77,590,609,866
37,22,76,61,530,558,867
27,24,38,39,478,500,867
34,20,92,57,535,568,867
89,31,211,98,614,639,867
43,24,185,100,590,596,867
27,23,69,66,488,514,867
27,23,96,59,529,544,867
37,21,95,50,532,561,867
62,33,104,61,559,561,867
105,58,389,195,687,703,867
123,64,309,188,670,689,867
32,24,72,62,501,546,867
21,25,36,52,455,493,867
40,30,50,49,489,504,867
83,49,214,113,619,646,867
41,20,79,43,523,556,867
107,56,232,120,638,659,867
21,20,37,33,455,467,867
25,24,57,39,465,482,868
31,24,52,59,514,543,868
25,21,99,55,543,536,868
33,28,82,78,534,546,868
42,26,62,38,501,498,868
49,25,95,48,544,556,868
170,77,460,278,730,748,868
163,42,578,234,726,743,868
54,31,186,93,592,597,868
49,27,162,79,586,605,868
26,20,48,48,456,481,869
35,26,95,53,517,514,869
169,58,503,203,722,740,869
22,22,31,38,423,454,869
26,20,41,34,459,497,869
86,47,252,137,644,671,869
34,20,49,33,482,489,869
35,22,139,70,565,586,869
23,22,49,44,490,493,869
50,35,165,104,579,586,869
137,42,292,93,664,681,869
23,22,57,57,518,527,869
36,32,80,71,515,544,869
37,21,68,41,496,511,869
34,22,93,53,525,546,869
62,35,150,92,583,592,869
33,41,74,91,528,537,870
71,32,211,114,615,626,870
109,59,235,123,629,649,870
20,21,33,49,460,512,870
37,22,51,41,497,534,870
36,20,64,50,504,516,870
60,37,135,68,568,581,870
142,55,445,239,706,721,870
62,33,160,101,602,619,870
28,24,40,33,472,494,870
38,23,112,90,559,575,870
26,22,61,39,499,518,870
107,50,275,104,645,656,870
49,32,97,63,548,569,870
37,24,119,76,555,560,870
37,29,137,118,586,601,870
29,23,46,34,437,473,871
43,27,89,50,535,565,871
20,21,78,68,502,519,871
49,26,180,78,590,605,871
47,22,133,56,552,523,871
21,23,51,40,470,461,871
50,23,126,46,553,573,871
42,30,68,61,513,526,871
80,36,212,89,614,613,871
77,39,181,96,609,616,871
31,20,51,42,496,507,871
36,26,55,26,483,488,871
29,22,49,41,477,513,871
14,21,38,44,442,468,872
37,21,114,40,557,554,872
52,27,117,39,563,573,872
51,39,113,72,547,570,872
51,22,132,47,561,600,872
46,23,132,56,555,579,872
120,56,299,146,665,677,872
233,74,614,194,744,760,872
61,28,139,69,550,556,872
534,151,767,287,834,862,873
23,20,36,31,373,422,873
50,28,95,64,545,586,873
28,20,84,40,510,551,873
49,25,120,63,552,553,873
58,43,120,68,574,581,873
90,34,209,91,626,653,873
52,30,90,46,548,571,873
49,26,124,54,566,583,873
27,24,41,41,457,490,873
75,41,238,125,628,646,873
27,20,43,33,472,495,873
62,32,133,60,580,610,874
34,20,66,35,483,480,874
43,29,71,57,515,541,874
30,25,43,36,473,494,874
31,21,88,77,542,564,874
34,21,84,58,527,534,874
42,21,161,83,581,599,874
65,33,142,79,583,596,874
17,20,69,66,517,514,874
42,21,109,41,539,545,874
29,27,46,39,449,477,874
20,25,28,46,442,436,874
88,48,326,182,676,695,874
340,91,685,191,768,788,874
20,20,50,32,435,468,874
29,22,58,38,485,504,874
22,26,29,45,447,453,875
29,21,71,40,497,503,875
340,69,732,205,790,807,875
307,71,680,172,763,783,875
26,20,50,40,458,503,875
32,20,110,66,553,563,875
22,23,55,59,496,523,875
18,20,40,41,418,474,875
18,24,20,32,336,447,875
27,23,50,47,466,465,875
22,22,42,40,436,471,875
73,35,205,94,618,637,875
16,20,29,60,500,531,875
54,22,118,46,558,543,875
26,23,79,56,524,547,875
52,37,147,117,595,617,876
28,20,31,26,443,517,876
41,20,171,91,593,607,876
56,27,150,61,576,595,876
58,30,215,127,614,632,876
54,34,122,84,567,588,876
32,24,53,45,476,498,876
35,24,68,62,529,554,876
144,57,384,137,681,694,876
31,31,90,69,518,544,876
33,21,60,44,478,502,876
22,20,38,27,422,416,876
72,43,197,119,609,632,876
153,40,423,120,694,717,876
43,23,85,36,526,535,876
23,25,76,63,502,507,877
78,34,263,140,636,659,877
78,36,171,69,603,631,877
40,23,109,44,537,549,877
68,35,151,84,603,621,877
185,71,500,240,733,749,877
71,49,201,134,608,624,877
29,23,83,65,540,551,877
67,45,177,117,621,632,877
27,22,32,20,429,448,877
50,24,80,31,517,544,877
74,53,124,96,580,613,877
45,26,94,50,538,549,877
31,22,80,60,521,528,877
42,30,61,52,505,531,878
38,27,85,55,527,539,878
52,34,138,74,570,583,878
92,40,292,120,640,660,878
30,25,49,55,505,525,878
58,35,140,96,573,591,878
57,39,118,79,558,573,878
60,32,81,37,530,571,878
46,20,117,45,544,575,878
72,43,127,86,571,594,878
18,20,89,77,516,532,878
21,21,29,41,429,486,878
26,24,18,21,398,383,878
19,23,46,50,440,503,878
35,24,26,37,457,478,878
19,21,26,32,430,421,878
37,24,62,35,504,497,878
27,21,66,41,508,494,878
21,20,57,37,457,461,878
33,22,91,49,519,535,879
63,35,153,90,591,611,879
98,51,283,126,643,653,879
32,25,79,69,502,521,879
61,33,185,77,599,606,879
29,21,79,51,502,519,879
60,22,143,57,575,591,879
45,20,134,57,551,552,879
47,22,135,64,552,572,879
35,30,119,72,545,560,880
74,24,138,46,572,585,880
60,45,167,155,606,619,880
53,33,149,86,581,584,880
24,24,38,36,460,461,880
24,24,38,53,478,520,880
43,24,99,61,546,566,881
60,29,137,60,573,576,881
27,23,34,30,448,417,881
32,21,72,33,509,498,881
45,23,117,66,565,576,881
14,21,38,48,422,406,881
37,20,92,57,543,557,881
61,33,148,82,591,610,881
31,23,56,45,492,485,882
24,21,90,78,562,576,882
249,62,683,228,769,784,882
43,32,131,86,566,596,882
93,45,151,67,591,600,882
58,26,135,70,582,594,882
69,40,112,81,584,598,882
56,36,138,97,584,600,882
269,97,544,244,745,762,882
51,21,131,48,558,561,882
26,20,61,46,490,481,882
50,29,132,63,553,574,883
79,40,225,112,626,639,883
63,38,227,154,633,649,883
52,31,142,59,573,590,883
42,22,95,59,546,551,883
37,33,53,54,511,506,883
34,24,68,55,495,521,883
19,22,44,51,458,478,883
40,25,76,63,545,560,883
30,25,64,46,494,512,883
75,47,147,94,582,596,883
28,22,75,47,508,497,883
29,21,90,42,531,557,883
70,25,203,74,609,614,883
33,20,76,33,526,556,883
16,20,45,51,472,471,883
37,28,22,30,420,484,884
39,21,84,44,513,548,884
31,22,107,65,554,568,884
27,21,131,96,572,591,884
99,44,279,141,650,667,884
62,37,137,89,582,604,884
29,20,84,66,543,561,884
66,36,112,74,585,600,884
51,26,105,69,558,562,884
54,41,156,113,610,631,884
52,28,149,106,596,610,884
35,27,100,64,547,572,884
46,26,127,63,556,586,884
92,44,230,93,634,645,884
70,45,231,153,626,651,884
125,52,376,126,670,688,885
41,22,114,81,531,557,885
24,20,66,39,496,514,885
41,24,69,35,488,501,885
37,24,60,35,502,509,885
89,42,192,100,608,625,885
17,23,59,63,500,532,885
59,30,154,67,578,598,885
43,30,68,40,528,535,885
66,42,110,59,555,579,885
57,34,168,116,602,633,885
43,22,147,49,572,564,885
45,20,154,80,592,639,885
23,20,48,37,467,474,885
34,22,62,51,520,542,885
34,28,131,97,549,561,885
18,23,38,54,458,500,886
27,22,111,65,553,564,886
190,57,522,142,711,727,886
44,24,129,75,568,588,886
20,25,29,49,444,475,886
32,21,107,54,560,579,886
10,20,24,59,449,464,886
38,21,86,44,525,544,886
41,31,127,107,578,603,886
48,27,105,77,569,594,886
25,20,62,47,499,517,886
29,20,77,60,528,537,886
63,34,141,90,583,591,886
35,32,72,54,528,529,886
61,22,106,43,558,549,886
58,25,156,68,596,609,887
26,28,49,52,472,502,887
85,51,242,117,642,650,887
64,38,199,118,617,632,887
68,33,194,85,602,631,887
128,41,344,93,669,691,887
34,24,60,38,497,526,887
19,22,39,43,469,499,887
55,29,110,55,537,573,887
74,50,187,110,616,621,887
33,31,91,83,529,545,887
54,31,110,51,552,551,887
29,25,57,53,509,523,887
49,23,171,96,600,620,887
74,35,150,79,579,592,887
52,20,160,60,581,600,887
55,28,232,146,621,624,887
20,22,13,35,422,424,888
38,20,51,24,490,524,888
25,25,52,64,507,539,888
174,59,482,181,711,721,888
93,43,293,148,653,674,888
53,28,124,62,558,585,888
51,40,168,148,605,625,888
30,23,67,55,514,515,888
75,31,143,55,577,605,888
68,27,151,59,596,585,888
83,43,292,165,642,664,888
49,24,134,52,543,557,888
39,26,68,47,513,533,888
95,45,261,120,650,671,888
123,63,312,145,664,681,888
99,59,194,141,629,655,888
26,24,37,55,484,501,888
84,41,293,136,654,672,888
20,21,37,38,456,467,889
64,41,155,75,585,605,889
56,27,123,67,573,601,889
105,41,244,96,640,658,889
77,49,213,135,616,633,889
52,27,95,51,529,551,889
222,91,478,214,715,733,889
81,41,265,122,634,650,889
130,39,435,140,693,706,889
41,23,51,34,510,532,889
43,23,107,60,560,577,889
91,50,350,168,672,686,889
64,40,203,138,613,633,889
29,21,48,38,487,498,889
34,22,98,74,551,565,889
62,38,110,66,578,592,889
46,23,111,67,575,572,889
15,20,24,30,445,438,889
128,62,338,126,666,679,889
43,20,101,46,543,546,889
25,23,50,41,493,520,889
22,20,54,50,492,528,889
26,20,105,57,513,526,889
153,56,564,276,784,802,889
41,22,102,43,545,569,890
97,47,334,162,675,695,890
45,21,107,40,527,543,890
34,23,56,42,497,512,890
53,28,191,96,592,612,890
48,20,116,59,543,562,890
22,22,25,47,454,503,890
51,30,141,64,571,586,890
70,38,229,140,642,655,890
96,33,309,128,647,664,890
116,59,326,193,675,687,891
34,25,48,39,520,579,891
76,40,192,110,615,619,891
66,21,168,61,600,614,891
18,20,65,61,507,501,891
56,20,133,33,571,572,891
26,20,36,30,482,526,891
75,48,173,109,606,617,891
135,61,306,102,660,672,891
36,23,135,80,573,582,891
72,41,301,184,662,677,891
142,65,307,159,661,681,891
112,55,333,174,671,687,891
27,20,30,43,469,489,891
40,26,86,46,504,516,891
89,37,241,111,642,656,891
172,74,487,277,722,744,891
76,41,292,179,652,667,891
37,21,88,38,517,513,892
34,21,108,48,548,578,892
101,40,261,119,652,674,892
48,34,106,87,550,566,892
52,25,94,52,537,529,892
28,20,41,41,456,496,892
140,66,416,230,699,713,892
107,51,194,99,617,630,892
65,47,195,124,609,620,892
24,23,66,45,495,498,892
100,47,235,122,641,659,892
113,63,269,146,638,653,892
26,25,39,34,469,451,892
39,21,129,66,556,574,892
46,39,78,65,535,539,892
38,24,162,92,591,603,892
27,21,58,44,503,507,893
32,28,37,46,457,475,893
46,24,205,90,606,631,893
30,24,35,32,473,500,893
48,37,103,70,565,589,893
36,31,83,58,530,531,893
68,24,177,68,601,604,893
623,137,915,206,847,868,893
53,26,198,88,620,634,893
53,31,72,29,534,570,893
72,37,192,86,610,626,893
20,20,78,69,510,530,893
46,28,148,90,583,613,893
21,20,32,29,470,467,893
38,20,106,48,539,540,893
142,50,347,158,680,696,893
126,43,414,119,682,696,894
54,31,209,139,616,637,894
64,39,206,133,613,628,894
62,20,104,33,541,535,894
24,21,73,56,511,530,894
51,29,201,117,593,595,894
20,20,40,30,458,475,894
35,21,71,44,504,513,894
413,74,963,184,798,813,894
23,21,37,41,458,460,894
40,21,69,35,488,512,895
24,25,19,28,451,488,895
68,28,171,83,597,607,895
59,30,148,77,589,599,895
275,67,662,159,752,771,895
170,61,450,154,705,724,895
22,23,37,49,462,460,895
24,20,36,22,441,462,895
56,23,122,48,580,603,895
57,30,191,128,611,621,895
33,31,63,57,505,508,895
29,23,89,74,544,567,895
19,24,56,61,489,505,895
32,22,78,56,521,540,895
24,27,52,46,510,500,896
61,37,188,121,603,620,896
39,20,99,48,554,567,896
39,27,94,56,509,517,896
34,24,79,64,523,550,896
34,32,72,60,513,517,896
20,20,34,34,465,506,896
37,27,118,94,574,589,896
20,21,43,47,483,514,896
139,56,332,121,669,683,896
32,24,80,68,549,550,896
39,36,58,51,508,529,897
104,37,313,151,654,670,897
92,50,186,87,606,627,897
53,24,165,86,603,618,897
31,22,88,55,538,545,897
85,29,219,77,616,630,897
35,21,107,42,533,525,897
40,30,77,40,522,533,897
47,26,173,89,591,600,897
39,21,126,72,562,571,897
67,37,232,127,644,663,897
34,25,48,27,497,512,897
40,28,121,88,562,595,897
44,25,160,78,567,585,897
53,24,182,103,608,626,897
65,40,148,75,574,593,897
33,21,83,52,520,542,897
94,46,235,119,629,646,897
25,20,78,46,507,512,898
30,26,43,37,449,468,898
33,22,120,75,540,557,898
29,20,85,45,509,520,898
31,22,107,71,547,572,899
28,21,52,42,475,519,899
21,20,41,41,449,473,899
90,40,260,110,633,646,899
86,52,337,196,677,688,899
53,27,137,75,568,581,899
32,20,52,38,482,517,899
35,27,76,50,500,509,899
32,28,64,50,513,521,899
27,24,78,69,540,558,899
33,23,81,53,517,544,899
38,24,114,51,554,573,899
41,23,96,43,543,517,899
45,29,148,100,597,610,899
29,24,46,36,508,486,899
38,21,108,65,552,562,899
22,21,51,37,478,464,899
25,20,71,49,516,512,899
36,21,55,24,491,442,899
19,21,15,20,440,490,899
76,31,209,87,618,625,899
50,25,71,39,537,518,899
42,23,113,59,548,562,899
67,33,189,112,614,627,900
35,27,79,74,535,542,900
76,37,153,62,591,595,900
46,21,100,58,557,570,900
32,22,86,56,536,557,900
25,25,28,51,461,506,900
24,21,25,37,441,452,900
83,37,223,125,633,648,900
33,22,36,30,483,516,900
37,25,113,63,556,551,900
53,31,98,71,554,578,900
21,20,59,31,487,481,900
61,28,174,54,574,604,900
39,20,158,85,579,602,900
29,20,86,39,522,521,900
30,25,97,80,550,577,901
44,28,182,137,611,625,901
72,41,206,113,616,635,901
38,23,79,71,545,592,901
30,23,45,49,485,511,901
82,34,232,116,633,638,901
73,46,170,100,596,619,901
24,22,52,57,491,497,901
42,21,99,30,529,531,901
39,23,69,28,520,549,901
45,20,188,92,606,605,901
39,25,160,95,593,600,901
69,33,133,77,567,583,901
32,24,83,60,530,518,901
46,21,116,54,563,590,901
72,38,274,121,636,658,901
129,59,461,218,710,726,901
39,20,66,41,527,565,901
41,20,97,41,539,553,901
67,38,189,137,619,635,902
120,52,397,211,687,703,902
44,22,146,83,588,597,902
141,64,322,129,672,690,902
49,29,120,77,573,594,902
32,30,57,52,521,535,902
57,41,134,98,583,591,902
32,26,91,73,553,581,902
20,24,63,53,509,509,902
25,20,41,34,466,543,902
18,20,38,34,467,431,902
282,107,680,308,846,863,902
35,20,57,31,479,503,902
36,23,87,50,545,563,902
78,37,183,81,610,622,902
35,29,102,77,550,560,902
32,26,60,40,502,520,903
55,21,80,35,528,543,903
23,22,66,47,517,540,903
30,32,42,67,513,527,903
531,131,793,296,844,861,903
39,25,105,57,529,551,903
462,115,727,270,818,840,903
113,45,279,71,634,648,903
66,31,154,66,585,597,903
54,27,150,70,571,585,903
49,34,90,64,564,583,903
80,43,227,113,627,645,903
59,30,128,72,573,586,903
60,31,83,53,550,568,903
50,34,143,103,589,612,903
126,53,369,155,679,696,903
42,33,97,94,537,551,903
30,28,149,105,583,602,903
17,20,22,25,362,390,903
43,25,100,39,527,536,904
39,27,84,49,524,531,904
25,23,85,66,538,564,904
68,35,197,89,609,619,904
459,105,826,154,817,835,904
39,23,107,52,546,546,904
30,30,59,60,515,542,904
61,30,170,91,603,615,904
220,89,519,243,748,764,904
48,34,128,78,564,576,904
27,24,29,27,473,502,904
27,22,28,29,413,442,904
72,40,195,124,628,644,904
31,25,67,47,537,548,905
26,21,81,58,516,539,905
50,33,135,84,574,591,905
70,41,181,111,611,629,905
394,126,651,213,781,799,905
328,85,704,269,833,848,905
43,33,98,77,549,569,905
22,23,42,41,478,481,905
46,34,164,139,596,616,905
44,23,109,49,537,552,905
49,31,144,72,563,578,905
361,93,688,256,813,832,905
56,24,87,34,530,532,905
77,29,245,106,634,654,905
19,25,49,65,489,485,905
46,20,91,46,544,588,905
56,29,145,81,576,587,905
27,23,47,31,482,460,905
31,21,79,53,511,516,905
31,22,46,24,471,472,905
176,56,479,164,708,724,905
237,89,573,220,735,752,906
35,30,101,71,546,565,906
15,20,24,28,442,444,906
42,27,37,27,470,536,906
79,36,218,120,629,632,906
136,61,406,237,705,721,906
36,20,54,30,498,481,906
59,25,171,77,586,627,906
48,30,171,109,599,615,906
49,35,106,66,552,578,907
58,27,187,65,597,604,907
43,24,110,65,532,551,907
35,26,85,51,511,534,907
34,22,111,73,551,569,907
70,37,216,113,621,619,907
30,20,85,59,540,568,907
29,22,68,63,531,513,907
36,38,67,50,507,523,907
28,29,29,38,490,495,907
46,31,157,120,592,598,907
121,48,389,150,686,705,907
42,25,122,74,571,581,907
178,79,465,205,717,731,907
60,33,235,135,638,653,907
25,21,88,61,548,569,907
19,21,22,21,429,376,908
20,22,71,73,524,547,908
47,22,163,72,573,586,908
24,23,26,25,419,424,908
41,29,157,95,568,570,908
16,20,36,47,427,403,908
13,20,16,32,367,460,908
52,38,139,99,575,599,909
27,22,47,48,479,482,909
55,28,164,91,605,624,909
47,23,284,113,642,665,909
31,21,15,19,419,485,909
113,48,305,157,659,674,909
53,25,168,83,592,616,909
49,28,130,93,565,579,909
51,26,151,84,586,607,909
22,25,39,49,495,512,909
23,20,49,40,468,534,909
34,22,67,42,502,541,909
54,24,79,31,522,548,909
279,108,564,313,788,802,909
112,58,339,143,665,683,909
89,27,310,91,643,661,909
71,30,228,86,618,631,909
104,59,270,124,660,677,910
22,20,20,24,446,401,910
56,28,179,93,601,625,910
42,26,59,35,515,512,910
24,24,46,47,504,556,910
27,21,59,51,489,519,910
22,20,23,31,403,391,910
63,50,148,123,608,632,910
36,29,74,62,513,523,910
36,22,109,69,554,571,910
273,65,628,243,764,783,910
24,20,56,32,482,490,910
30,27,24,22,439,462,910
66,24,131,47,566,583,910
40,21,71,36,518,533,911
19,21,59,63,500,527,911
25,24,92,74,529,556,911
30,28,80,73,529,550,911
62,35,135,77,588,605,911
23,23,36,44,460,507,911
89,42,283,153,647,668,911
25,23,104,85,557,569,911
59,29,123,57,544,588,911
306,80,659,187,738,753,911
33,21,96,46,524,523,911
91,47,207,98,619,639,911
73,27,440,149,684,696,911
20,26,53,64,484,478,911
91,42,283,160,667,676,911
60,34,181,127,617,643,911
65,30,186,91,614,633,912
67,35,121,65,570,592,912
273,87,571,257,784,800,912
100,45,306,150,676,693,912
46,29,156,82,584,586,912
30,32,44,58,502,505,912
52,26,111,70,544,574,912
132,52,386,119,682,702,912
39,26,119,74,577,591,913
26,21,59,28,446,407,913
20,22,69,55,468,497,913
25,21,33,33,432,503,913
30,20,53,31,487,515,913
60,32,89,42,537,545,913
48,22,120,42,541,564,913
36,24,107,75,540,589,913
27,20,35,37,478,507,913
22,22,57,56,530,531,913
25,23,28,25,451,461,913
42,37,128,91,562,561,913
88,35,261,106,645,665,913
56,27,188,105,597,604,913
31,25,56,45,477,517,913
74,28,192,51,595,605,913
27,21,99,64,530,551,913
24,22,88,73,531,556,913
26,22,92,70,525,550,913
33,20,68,44,513,508,913
27,25,66,64,527,543,913
46,29,108,66,547,560,913
17,21,13,35,416,431,913
66,41,169,83,596,619,914
33,20,40,18,463,495,914
26,26,59,56,503,517,914
42,21,116,55,558,582,914
85,47,251,155,642,663,914
49,32,140,71,583,599,914
73,39,218,136,620,637,914
29,20,80,49,527,533,914
34,21,90,45,525,539,914
30,20,69,48,527,557,915
38,29,83,52,520,511,915
61,39,188,140,615,631,915
16,22,28,30,438,454,915
28,29,71,49,485,498,915
37,31,102,82,550,565,915
55,25,187,85,599,615,915
31,23,83,42,508,465,915
19,20,36,41,472,463,915
41,24,79,34,521,565,915
34,22,60,35,511,513,915
16,23,52,53,463,458,915
61,29,161,71,598,610,915
23,20,82,64,515,530,915
24,20,62,50,509,529,915
69,42,195,134,627,639,915
25,20,38,34,445,467,915
29,21,83,58,518,544,916
45,27,101,63,535,555,916
68,22,152,52,572,585,916
43,32,108,88,556,584,916
34,27,56,63,523,553,916
101,50,295,189,670,690,916
38,23,171,105,604,602,916
37,27,136,117,582,620,916
35,26,67,50,489,488,916
58,36,163,93,604,612,916
46,22,162,94,603,622,916
61,31,199,97,604,622,916
207,46,662,157,741,757,917
27,22,62,50,488,521,917
129,39,367,145,674,693,917
28,23,43,24,460,435,917
41,31,154,112,597,614,917
115,54,206,92,629,645,917
20,21,50,36,481,499,917
49,25,149,99,579,610,917
35,23,57,45,515,541,917
67,25,214,96,627,643,917
39,23,130,79,580,588,917
65,46,133,90,572,597,917
46,27,109,49,536,547,917
89,32,258,103,639,657,917
224,68,623,192,755,771,917
146,43,276,109,660,681,917
23,20,56,33,487,506,917
48,24,72,33,515,538,917
59,24,198,76,616,637,918
331,82,788,189,772,786,918
21,20,37,37,472,480,918
101,51,256,128,644,662,918
42,26,108,76,550,581,918
94,23,286,72,645,656,918
29,25,48,35,486,499,918
163,68,450,233,707,724,918
87,43,382,195,670,690,918
28,20,54,44,486,515,918
43,28,82,52,531,543,918
70,33,213,109,621,634,919
25,21,74,56,511,528,919
78,26,233,102,609,621,919
33,22,111,70,546,557,919
75,41,171,79,606,606,919
81,39,235,126,648,677,919
45,31,153,93,584,593,919
31,27,22,28,444,465,919
32,30,56,64,515,527,919
207,81,507,266,745,758,919
48,23,150,81,585,599,919
52,22,191,97,622,641,919
47,27,162,107,582,603,919
40,21,92,56,560,581,919
29,33,57,68,504,523,920
58,22,135,58,566,583,920
17,23,57,76,514,528,920
21,21,32,57,492,509,920
55,20,71,25,520,523,920
26,20,69,37,497,494,920
47,24,101,59,553,573,920
60,29,173,84,593,598,920
29,22,48,29,478,487,920
44,28,93,68,562,571,920
279,72,600,195,764,782,920
79,26,234,81,625,642,920
36,21,76,31,499,539,920
50,28,96,70,545,557,920
51,29,89,54,543,575,920
19,21,36,32,464,505,920
43,21,71,42,530,551,920
33,29,50,37,482,511,920
34,27,48,38,483,487,920
52,21,107,44,537,578,920
53,29,111,60,568,586,920
68,41,171,114,603,618,921
28,29,36,42,458,478,921
36,25,52,37,487,433,921
77,35,232,116,644,661,921
47,33,127,79,567,581,921
52,24,158,108,591,608,921
168,62,533,224,741,756,921
28,24,44,44,497,502,921
55,36,98,82,564,578,921
68,37,162,71,601,617,921
34,20,70,34,523,522,922
47,24,129,84,594,616,922
22,21,23,32,447,435,922
45,20,62,26,504,541,922
65,46,149,102,587,605,922
22,20,43,48,495,535,922
57,35,157,94,594,609,922
46,21,103,40,525,547,923
30,25,95,73,534,540,923
29,21,78,48,520,530,923
35,20,116,48,562,571,923
18,20,55,67,495,507,923
83,39,231,107,630,644,923
22,21,27,26,401,437,923
40,33,145,110,582,598,923
41,27,102,66,580,602,923
31,25,77,56,506,499,923
48,21,139,78,564,574,923
65,34,220,103,611,624,923
60,30,200,94,603,611,923
26,21,43,38,465,482,923
138,58,434,238,714,735,924
33,25,66,47,513,528,924
48,24,155,77,585,606,924
106,55,343,224,675,692,924
97,55,250,143,644,655,924
43,20,116,61,562,557,924
15,20,13,31,338,394,924
20,21,38,34,482,514,924
49,29,138,91,576,584,924
32,22,60,58,507,513,924
83,44,319,161,666,675,924
49,30,107,72,564,586,924
38,28,74,56,515,538,924
48,20,123,41,547,520,924
36,26,77,67,511,520,924
46,22,109,56,564,574,924
45,21,106,67,571,616,925
96,33,215,90,633,646,925
35,25,90,56,525,532,925
252,74,617,140,738,755,925
26,21,39,25,472,434,925
31,32,95,86,549,568,925
90,38,244,109,638,661,925
92,27,321,92,646,657,925
54,24,129,78,587,618,925
37,27,135,99,578,576,925
34,28,72,58,527,545,925
31,23,46,45,484,558,925
40,33,121,98,562,582,926
85,39,234,109,640,654,926
62,33,158,69,598,616,926
31,27,59,59,525,541,926
464,119,833,256,851,869,926
32,25,76,65,540,558,926
92,46,235,129,632,644,927
67,31,120,60,548,573,927
33,20,58,38,500,529,927
93,54,358,189,681,690,927
400,62,939,186,779,796,927
111,54,443,226,712,728,927
71,27,202,90,605,632,927
46,30,115,72,551,567,927
51,21,69,37,556,559,927
601,134,796,250,837,861,927
34,20,77,38,525,519,927
32,23,70,80,523,565,927
68,36,186,95,609,626,927
25,27,43,55,475,452,927
25,22,61,62,499,504,927
47,25,137,58,572,594,927
22,20,34,41,489,488,927
25,20,103,74,541,560,927
197,58,594,225,750,768,927
48,35,149,130,596,611,927
488,108,868,214,830,851,927
147,59,349,148,681,702,927
460,84,806,180,819,838,928
39,29,90,67,528,549,928
39,24,99,64,548,569,928
88,37,278,133,649,665,928
40,21,151,79,579,592,928
38,20,90,41,521,543,928
35,20,107,41,530,535,928
54,20,150,42,567,582,928
42,21,101,55,547,576,928
134,37,336,83,642,656,928
70,31,212,58,595,587,928
91,43,261,106,633,658,928
38,20,133,42,544,559,928
40,22,110,43,540,536,928
63,22,190,61,606,609,928
76,30,169,51,597,612,928
31,23,48,32,445,481,928
20,21,58,51,483,503,928
78,35,194,98,615,631,929
32,23,68,46,508,503,929
73,54,170,136,624,634,929
28,24,56,59,502,524,929
36,27,70,52,515,513,929
56,48,178,152,603,621,929
16,22,60,69,488,511,929
541,117,991,294,869,886,929
329,60,789,174,759,776,929
40,31,129,68,560,575,929
29,31,108,112,564,586,930
31,25,147,114,582,596,930
19,26,48,59,456,470,930
58,48,139,109,568,590,930
20,20,61,54,482,539,930
56,37,174,102,608,615,930
37,24,125,79,550,570,930
54,24,98,43,550,563,930
39,28,94,63,552,553,930
36,21,45,30,486,545,930
29,22,93,63,555,571,930
30,26,75,52,495,520,931
51,23,100,42,545,561,931
27,23,69,38,498,514,931
33,24,87,64,504,500,931
40,23,124,45,552,532,931
32,21,81,51,535,541,931
37,22,102,55,534,539,931
44,33,101,69,534,564,931
22,20,69,36,494,493,931
54,31,190,94,602,631,931
38,20,107,60,548,580,932
35,23,80,37,499,510,932
51,21,130,56,566,584,932
28,25,95,73,547,565,932
38,22,120,54,545,560,932
18,20,34,40,454,419,932
34,21,88,53,521,513,932
33,21,100,49,539,537,932
47,23,109,48,557,559,932
27,20,92,56,528,530,932
29,22,65,33,486,506,932
35,25,56,27,497,484,932
41,21,121,59,559,557,932
110,48,316,130,667,685,933
39,21,96,39,540,559,933
25,24,64,53,510,505,933
39,21,109,34,527,511,933
20,21,21,41,423,454,933
38,26,111,59,538,545,933
40,26,63,47,511,538,933
38,21,171,90,582,605,933
88,38,271,153,651,664,933
16,20,43,27,439,440,934
78,28,168,55,587,591,934
21,20,64,65,515,544,934
43,21,85,36,531,533,934
30,20,101,74,526,550,934
47,28,61,28,510,537,934
20,20,49,37,476,495,934
43,31,81,59,518,529,934
29,29,48,54,486,515,934
40,23,140,77,567,591,934
27,20,38,29,459,491,934
39,28,51,35,491,536,934
87,31,306,133,648,654,935
55,22,122,55,557,596,935
44,30,129,69,550,550,935
40,26,120,79,573,593,935
52,23,118,48,582,575,935
30,21,57,35,485,442,935
24,20,30,23,456,507,935
18,20,29,24,375,403,935
31,22,44,31,490,507,935
33,21,97,58,550,579,935
42,24,137,90,568,594,935
30,20,58,30,450,440,935
171,65,488,171,710,731,935
29,26,34,48,461,493,935
102,47,348,207,686,706,935
41,28,74,52,507,528,935
37,25,119,81,554,562,936
47,26,68,41,518,538,936
29,22,66,31,491,531,936
51,23,135,60,573,577,936
27,22,75,46,477,498,936
90,40,306,138,650,657,936
52,23,133,60,577,601,936
100,48,262,113,635,651,936
73,28,205,67,609,628,936
34,20,86,28,494,468,936
52,25,103,42,531,555,936
29,20,64,32,505,545,937
60,30,158,103,584,598,937
51,21,145,43,564,564,937
46,27,104,49,554,562,937
20,22,42,35,468,491,937
39,20,89,52,537,541,937
39,24,93,49,515,529,937
30,21,23,36,467,501,937
20,24,19,40,424,473,937
26,22,63,41,491,512,937
42,23,69,28,518,545,938
29,20,86,62,525,530,938
45,25,88,33,547,543,938
50,27,125,73,574,596,938
31,20,124,68,557,557,938
17,20,39,35,441,438,938
97,45,318,138,650,666,938
16,20,24,32,385,409,938
27,20,85,58,531,559,939
57,28,120,56,569,577,939
95,32,195,63,607,629,939
65,42,171,122,601,614,939
62,34,126,61,585,603,939
39,21,127,77,548,589,939
29,29,38,50,480,487,939
29,21,64,55,530,529,939
48,31,118,72,588,605,939
147,43,450,137,696,714,939
64,36,172,64,578,581,939
56,30,114,71,557,568,940
28,26,46,61,501,526,940
68,29,171,68,592,607,940
20,21,30,36,415,392,940
53,27,84,45,570,587,940
34,24,64,38,507,511,940
64,22,117,48,565,593,940
80,34,179,64,598,598,940
44,30,151,89,563,586,940
61,31,194,102,607,628,940
26,20,57,44,520,514,940
83,46,249,139,634,653,940
47,20,150,48,581,589,940
47,29,74,59,537,565,940
112,57,325,193,668,685,940
43,32,86,56,536,555,940
40,25,130,81,570,577,940
45,24,172,77,582,590,940
41,24,53,39,503,532,940
91,36,240,87,639,653,940
73,39,212,84,618,630,941
32,25,53,39,486,469,941
45,33,126,59,568,551,941
30,21,69,43,483,512,941
26,20,55,38,492,512,941
14,22,21,32,353,328,941
26,21,65,66,509,530,941
30,25,81,58,527,529,941
32,29,30,41,496,506,941
30,20,76,54,516,542,941
12,20,14,31,329,365,941
26,25,71,60,509,529,941
88,44,297,150,655,673,942
44,26,135,79,581,593,942
27,27,47,43,474,509,942
31,31,78,63,512,537,942
54,30,124,88,566,578,942
65,27,178,61,598,616,942
56,31,113,50,549,574,942
103,35,350,99,662,675,942
34,24,86,49,506,530,942
41,23,53,29,502,517,942
45,21,132,61,578,580,942
27,26,62,45,512,535,942
61,39,170,117,602,610,942
30,23,36,28,482,500,942
43,23,199,112,598,611,942
37,30,78,64,513,538,943
41,27,175,115,575,607,943
105,37,329,104,666,683,943
31,23,43,27,474,510,943
20,24,18,37,409,472,943
26,22,38,31,465,471,943
39,22,80,54,531,563,943
29,26,79,69,526,556,943
59,29,155,97,599,615,943
52,36,135,100,577,590,943
79,33,265,97,633,653,943
32,28,105,82,558,583,944
27,20,64,60,512,528,944
48,20,131,57,572,584,944
43,26,67,42,521,552,944
45,34,69,63,538,577,944
21,20,32,31,447,466,944
47,22,103,40,536,561,944
31,24,109,48,530,553,944
23,20,91,57,533,556,944
75,34,191,94,599,625,945
48,30,152,75,577,578,945
33,23,24,29,467,497,945
45,21,132,76,567,591,945
24,24,56,68,517,558,945
21,21,48,42,499,518,945
95,33,219,74,623,641,945
27,22,43,43,495,523,945
47,23,134,82,576,594,945
29,22,62,42,526,541,945
37,20,86,50,544,552,945
34,22,69,32,502,518,945
50,25,122,49,555,537,945
39,28,48,39,486,484,945
34,21,95,38,533,541,945
63,29,263,121,635,639,945
87,46,263,128,642,663,945
19,26,71,72,496,522,945
81,46,342,213,674,692,945
42,23,64,29,489,499,946
35,23,46,28,457,485,946
22,20,25,28,423,440,946
17,20,27,33,467,454,946
147,64,509,223,721,737,946
245,56,643,157,736,755,946
42,24,121,50,551,582,946
42,20,124,43,557,583,946
27,27,73,74,518,532,946
62,28,195,101,612,635,946
35,28,40,33,455,491,946
33,22,87,50,521,531,946
65,31,214,112,621,624,946
68,33,215,106,624,646,947
49,26,112,50,545,553,947
60,27,206,88,619,627,947
21,20,24,30,449,467,947
14,22,47,69,470,482,947
40,27,165,116,586,599,947
18,23,51,61,497,525,947
19,20,51,49,470,472,947
42,26,103,45,534,541,947
123,42,346,108,656,676,947
72,42,194,124,619,633,948
59,30,150,63,578,591,948
30,21,53,40,495,531,948
48,27,139,70,582,599,948
61,30,181,100,609,631,948
33,27,68,51,503,519,948
85,44,206,123,623,640,948
48,28,103,81,553,582,948
30,22,52,34,486,487,948
31,20,54,32,508,543,948
28,25,97,75,550,557,948
110,40,410,166,693,713,948
29,20,97,55,533,552,948
31,24,44,40,490,526,948
40,34,90,90,549,570,949
43,25,125,80,574,586,949
40,32,93,80,536,541,949
52,25,107,46,548,562,949
66,42,153,111,593,616,950
30,21,54,34,492,516,950
146,62,360,134,687,701,950
52,23,129,72,552,560,950
171,70,420,163,695,715,950
50,24,171,76,584,598,950
38,26,56,49,527,557,950
114,52,449,220,700,714,950
45,22,109,39,551,557,950
48,26,65,33,525,530,950
399,95,861,204,777,793,950
38,21,92,57,516,527,950
49,20,140,41,561,550,950
34,23,86,35,523,534,950
51,28,124,60,555,562,950
171,75,492,228,719,734,950
56,23,181,71,589,581,950
54,22,163,57,571,576,951
30,21,64,45,492,503,951
104,59,277,140,648,663,951
52,36,89,66,548,560,951
26,21,52,40,487,510,951
21,20,46,37,493,479,951
34,25,83,56,518,541,951
55,29,122,58,558,572,951
153,53,449,191,700,714,951
191,66,462,140,703,718,951
33,23,108,67,541,564,951
15,20,14,31,374,332,951
33,22,35,30,465,425,952
186,43,591,157,723,743,952
26,23,116,85,551,566,952
53,26,129,74,576,570,952
50,30,39,35,483,519,952
30,20,59,45,495,517,952
26,21,56,31,495,499,952
46,21,85,56,526,559,952
117,55,277,149,660,685,952
152,75,429,266,718,735,952
43,24,93,80,561,595,952
23,21,56,46,484,492,952
89,41,174,75,600,631,952
23,20,22,27,434,465,952
52,20,130,67,573,602,952
59,38,129,81,576,593,953
72,38,150,79,591,590,953
113,46,288,130,657,670,953
35,25,59,44,508,537,953
32,22,48,59,527,526,953
41,27,80,42,514,519,953
38,20,82,33,511,498,953
64,27,172,84,602,621,953
96,46,311,149,661,680,954
545,128,963,270,858,878,954
65,33,180,74,599,610,954
61,24,168,50,581,608,954
351,60,861,213,774,793,954
33,23,88,48,517,535,954
48,25,145,61,567,596,954
37,24,32,20,471,480,954
124,54,364,154,684,704,954
51,31,164,115,593,609,954
27,21,60,42,484,517,954
47,30,80,52,517,531,954
41,25,67,38,495,527,954
207,79,497,290,764,781,954
28,27,82,63,507,542,954
78,35,159,81,596,611,954
33,29,80,67,519,529,954
161,71,492,235,724,742,954
55,40,100,63,554,565,954
109,42,220,81,615,635,954
376,118,605,276,792,815,954
31,21,63,35,466,485,954
42,31,80,79,551,579,955
42,21,156,82,582,603,955
18,21,68,68,507,530,955
59,31,232,147,627,634,955
48,34,111,75,567,574,955
60,28,135,69,586,605,955
43,24,72,46,524,546,955
25,20,54,52,464,499,955
34,24,83,69,533,544,955
335,120,573,314,797,814,955
349,61,874,209,821,840,956
137,57,403,140,687,709,956
37,21,91,41,515,545,956
55,28,123,66,568,585,956
124,46,353,99,658,678,956
113,42,455,222,718,733,956
65,25,165,63,587,617,956
57,37,142,99,591,613,956
37,23,93,53,551,574,956
83,45,210,98,620,636,956
53,22,286,141,635,648,956
76,32,195,63,601,622,956
29,26,28,44,445,467,956
22,22,28,40,470,490,956
29,22,65,62,533,541,956
30,24,113,80,547,566,956
225,58,635,167,729,745,956
24,23,65,63,496,490,956
176,53,522,207,719,738,956
138,61,451,255,727,744,956
53,33,136,82,582,599,956
78,40,200,96,607,625,956
81,53,232,179,641,664,957
135,41,416,103,671,688,957
130,62,335,168,673,693,957
40,23,76,36,530,533,957
49,23,122,45,549,561,957
319,87,640,194,758,776,957
86,33,383,187,684,709,957
39,21,97,66,531,556,957
35,21,59,27,486,468,957
23,21,30,36,458,450,957
41,28,92,67,546,567,957
30,23,78,55,536,548,958
32,22,77,67,521,548,958
75,49,204,136,627,646,958
22,20,49,42,501,491,958
51,23,118,53,568,579,958
29,22,51,41,453,461,958
34,21,63,31,488,506,958
28,25,76,49,517,514,958
63,28,209,99,616,626,959
49,22,144,69,581,603,959
36,28,103,78,564,582,959
26,24,43,48,490,496,959
36,25,107,50,538,546,959
36,24,91,74,560,570,959
45,25,121,60,558,577,959
106,41,419,158,697,714,959
82,45,223,135,625,636,959
24,24,56,52,474,518,959
37,23,111,81,559,587,960
46,22,179,87,586,596,960
202,72,516,215,729,747,960
28,26,42,38,468,506,960
40,28,96,69,537,569,960
90,35,290,134,649,667,960
334,98,658,213,766,784,960
238,79,585,297,799,817,960
23,21,47,42,481,489,960
48,21,118,36,538,552,960
29,20,49,30,450,499,960
29,21,35,30,458,471,960
44,25,70,28,495,518,961
19,20,63,63,509,523,961
121,59,347,173,673,695,961
52,37,167,113,594,614,961
51,27,137,65,574,604,961
35,22,59,38,516,543,961
20,22,37,36,438,463,961
69,25,221,103,627,641,961
32,22,96,45,524,538,961
32,21,37,24,471,447,961
110,50,360,216,683,698,961
39,30,87,57,542,554,961
19,20,39,47,473,505,962
29,20,53,37,486,445,962
40,34,95,77,534,561,962
93,43,286,147,664,674,962
26,20,65,55,482,535,962
48,28,174,122,609,632,962
26,25,92,49,513,519,962
26,20,83,58,518,549,962
48,23,136,57,547,574,962
102,49,346,184,671,690,962
37,25,124,59,536,569,962
139,52,367,129,671,690,962
476,84,855,198,815,831,962
204,76,556,293,787,802,962
20,25,43,37,467,455,962
30,20,54,41,497,535,962
43,32,83,53,512,553,962
45,21,229,106,614,627,962
23,21,64,50,483,459,962
69,36,181,104,608,623,963
32,29,75,66,530,552,963
38,22,79,42,515,548,963
30,30,91,71,533,548,963
15,23,68,61,495,519,963
86,51,244,107,644,661,963
602,115,922,268,850,866,963
57,38,119,81,566,570,963
27,24,85,60,529,563,963
176,56,591,264,748,761,964
508,121,766,274,833,852,964
181,56,431,137,694,715,964
47,22,122,46,562,586,964
34,31,88,69,524,532,964
42,24,73,35,474,491,964
51,31,134,85,565,597,964
46,29,99,56,543,539,964
122,59,340,169,668,683,964
28,21,117,61,528,527,964
43,29,99,55,544,562,964
45,29,106,52,544,542,965
40,25,78,45,527,551,965
79,35,208,88,619,632,965
22,21,49,45,455,458,965
166,63,479,185,709,726,965
107,49,305,168,653,675,965
53,40,132,112,579,604,965
31,20,59,29,471,460,965
66,32,249,109,629,644,965
44,27,96,66,537,568,965
47,22,114,49,537,579,965
64,32,145,72,584,608,965
71,28,155,49,577,575,966
50,24,133,61,575,603,966
27,20,80,61,521,550,966
75,44,141,67,579,590,966
87,49,236,99,624,643,966
175,59,542,269,768,782,966
33,20,51,29,480,503,966
30,20,54,44,472,481,966
46,20,156,72,562,580,966
29,27,79,58,511,504,966
32,23,99,74,525,556,966
32,23,75,34,484,518,966
51,39,85,65,546,553,966
42,20,102,38,552,562,966
42,28,104,84,545,570,966
293,76,746,185,779,794,966
34,20,69,30,497,524,966
51,28,80,36,540,554,966
62,34,182,99,604,617,966
60,26,144,63,571,582,967
42,25,128,65,565,584,967
45,21,156,73,590,598,967
76,39,263,149,646,655,967
62,38,102,61,567,585,967
58,34,127,62,558,575,967
41,21,102,40,548,554,967
34,25,104,74,542,545,967
27,24,32,50,469,478,968
45,29,143,101,576,575,968
37,28,141,75,569,576,968
50,30,102,38,559,560,968
21,21,77,54,503,497,968
40,23,91,48,532,564,968
42,36,133,105,569,589,968
27,25,61,48,490,528,968
32,25,108,70,534,534,968
22,20,41,36,480,465,968
27,20,75,39,483,502,968
30,20,82,43,496,524,968
22,24,73,67,490,504,968
41,25,113,57,536,542,968
32,23,63,45,509,517,968
54,32,124,65,559,573,968
36,28,83,55,521,542,968
25,23,55,40,470,481,968
26,20,58,35,498,504,968
77,39,257,108,635,655,968
18,22,29,50,464,514,968
25,20,67,54,494,495,968
30,25,27,37,454,489,969
34,21,44,41,474,519,969
32,23,45,26,488,532,969
48,21,128,48,561,565,969
43,31,148,90,567,600,969
45,21,141,70,568,580,969
17,21,41,41,457,487,969
31,34,68,70,521,543,970
21,20,49,39,486,496,970
20,20,39,40,426,472,970
52,25,115,45,556,561,970
48,21,91,46,541,552,970
45,34,122,82,562,573,970
36,24,72,51,518,542,970
70,33,170,98,592,611,970
38,23,150,75,553,562,970
49,26,132,67,556,567,971
50,34,171,122,595,619,971
55,35,138,64,556,554,971
37,22,53,30,486,475,971
37,27,44,56,485,498,971
23,21,51,41,484,495,971
30,20,80,42,513,511,971
17,21,65,72,508,513,971
104,35,219,74,620,635,971
29,26,47,52,477,505,971
68,38,218,116,614,626,972
52,23,107,58,547,574,972
27,20,59,34,489,516,972
36,25,91,63,540,540,972
42,31,96,44,532,504,972
30,21,36,32,465,481,972
31,27,84,62,515,522,972
22,21,30,34,435,434,972
16,20,15,27,387,409,972
64,32,146,68,591,604,972
57,21,137,62,562,591,972
43,33,115,84,564,582,972
37,20,77,48,519,543,972
35,33,47,37,468,474,972
27,22,43,46,488,502,972
34,22,78,56,507,517,972
20,20,40,58,464,500,972
32,24,53,39,478,500,973
35,29,68,50,496,517,973
110,38,247,69,631,644,973
33,24,70,49,489,501,973
50,27,76,37,533,556,973
37,23,85,56,541,542,973
31,21,63,33,513,521,973
74,26,163,55,591,595,973
29,24,37,33,446,472,973
77,40,195,86,594,608,973
25,21,38,38,459,446,973
92,37,282,137,664,678,973
82,28,196,64,601,616,973
39,24,124,46,538,536,973
39,22,75,51,530,557,973
32,22,52,39,472,487,973
39,21,84,30,517,518,974
13,20,36,47,460,485,974
53,44,73,58,533,553,974
118,48,358,174,689,709,974
31,20,84,52,527,534,974
26,21,101,70,538,549,974
25,20,59,34,496,496,974
55,41,127,93,579,595,974
33,23,54,43,508,515,974
131,42,458,118,682,699,974
31,27,91,74,521,534,974
38,37,73,80,535,559,974
18,21,43,55,441,473,974
110,35,280,79,637,658,975
82,40,241,119,632,672,975
19,23,44,27,445,454,975
37,23,16,31,475,514,975
30,21,85,49,529,537,975
90,29,176,59,596,624,975
74,29,188,84,610,625,975
154,67,422,191,690,714,975
43,25,88,48,524,536,975
50,31,185,114,619,634,976
32,20,64,38,504,557,976
36,26,81,63,533,536,976
106,41,296,129,654,678,976
28,22,65,48,495,503,976
32,26,57,41,486,467,976
30,21,31,31,482,511,976
30,20,61,30,465,465,976
42,24,96,53,540,552,976
30,22,40,26,433,475,976
44,28,124,69,570,576,976
41,25,83,44,510,551,976
46,21,112,40,549,535,976
40,24,75,53,517,521,976
42,28,71,49,532,549,977
28,26,69,63,531,526,977
33,23,104,76,552,575,977
31,21,77,32,490,468,977
112,36,408,179,685,699,977
42,36,70,62,512,531,977
42,22,90,48,533,556,977
42,22,88,59,529,544,977
22,23,29,43,453,452,977
43,25,77,48,514,537,977
31,22,81,75,528,544,977
58,28,243,95,631,643,977
73,30,183,81,597,604,977
43,29,100,67,549,564,978
32,20,62,36,496,506,978
24,24,72,43,499,528,978
22,21,81,65,511,522,978
26,21,77,46,496,516,978
101,47,290,190,656,676,978
23,21,49,40,470,478,978
46,25,100,64,557,575,978
136,48,414,127,688,702,978
25,22,59,52,480,494,978
59,43,130,87,596,615,978
34,21,85,53,514,545,979
34,24,32,23,477,526,979
49,26,141,62,566,578,979
36,27,74,35,501,514,979
32,25,64,34,496,520,979
42,21,115,55,549,558,979
77,37,160,72,587,581,979
147,71,287,144,657,674,979
34,21,104,56,530,545,979
45,25,109,52,546,554,979
118,39,346,81,668,683,979
30,25,38,42,465,506,979
55,21,150,66,573,585,979
32,32,77,85,546,576,980
49,23,143,73,583,592,980
12,21,18,36,398,449,980
34,28,64,48,490,510,980
42,30,68,38,506,552,980
37,25,85,61,535,566,980
101,46,249,108,636,655,980
33,28,123,91,557,573,980
35,22,102,59,561,584,980
20,20,23,37,421,456,980
57,38,130,106,583,603,980
81,43,199,87,614,617,980
29,24,64,48,503,508,981
49,23,66,39,506,511,981
22,20,36,33,414,457,981
29,23,58,53,502,529,981
29,29,69,74,518,529,981
33,22,75,52,523,566,981
25,22,41,32,478,465,981
47,26,179,92,588,603,981
56,29,141,49,568,582,981
54,28,160,70,575,590,981
20,20,33,27,421,419,982
34,27,118,101,565,589,982
71,33,181,63,593,594,982
45,36,124,95,568,591,982
26,20,50,32,463,518,982
77,34,183,97,609,615,982
37,33,125,101,556,568,982
40,29,108,86,565,569,982
82,27,164,62,592,618,982
88,41,411,202,692,710,982
27,20,66,30,504,526,982
34,26,101,70,545,542,982
37,33,73,67,538,557,982
44,34,113,79,576,594,983
41,25,122,80,559,565,983
176,79,456,236,727,742,983
20,20,30,29,428,494,983
28,21,49,39,503,534,983
99,37,340,128,666,687,983
126,59,413,232,685,706,983
45,25,103,51,549,557,984
22,20,32,30,430,448,984
27,22,39,36,461,502,984
34,33,59,75,523,549,984
33,29,63,59,518,544,984
36,21,113,59,554,566,984
20,22,64,72,522,543,984
71,45,199,141,615,635,984
108,46,353,159,668,686,984
38,31,91,67,548,568,984
64,28,183,71,593,602,984
82,40,248,171,644,655,984
152,51,390,153,688,709,984
17,26,23,46,432,431,984
34,22,88,41,526,536,984
16,23,35,38,458,482,984
110,46,484,246,736,751,985
53,33,104,51,546,571,985
18,20,35,30,476,494,985
36,22,100,43,544,556,985
24,21,28,33,426,463,985
31,25,82,61,516,536,985
26,24,101,93,551,575,985
56,37,138,117,580,605,985
50,23,116,50,565,579,985
60,29,137,58,578,592,985
62,33,140,92,585,609,986
30,20,78,46,515,528,986
40,31,93,61,556,574,986
42,22,79,44,529,536,986
37,25,55,35,486,497,986
160,53,470,184,709,729,986
42,25,108,49,556,568,986
49,28,126,67,566,563,986
75,42,189,97,608,637,986
22,20,65,49,501,515,986
59,37,117,90,570,601,986
21,24,36,41,458,471,986
33,26,52,50,503,540,986
61,32,133,67,576,573,986
33,20,65,43,492,501,986
80,41,216,117,632,644,986
50,28,113,59,553,574,986
35,22,86,39,533,562,986
29,20,70,58,531,529,987
30,20,111,43,541,519,987
26,23,46,41,497,500,987
53,33,100,70,566,581,987
26,24,75,55,497,514,987
92,38,296,121,654,666,987
40,24,102,62,566,583,987
38,21,86,35,525,540,987
31,23,64,55,509,522,987
51,30,98,76,571,590,987
62,26,164,82,591,633,987
65,24,137,56,585,606,987
29,21,33,35,432,464,987
34,20,61,39,496,511,987
59,30,137,88,573,592,987
22,26,81,91,515,548,987
67,44,156,107,590,621,988
36,23,84,45,522,522,988
38,23,135,74,579,599,988
42,23,145,95,574,618,988
15,20,14,29,416,430,988
55,40,138,101,579,602,988
39,25,92,56,537,561,988
26,24,74,65,506,533,988
45,23,168,103,585,609,988
39,24,101,55,525,532,988
50,28,167,87,590,606,988
34,20,96,66,558,576,988
26,20,59,48,516,523,989
25,23,18,32,403,412,989
60,34,206,143,618,631,989
33,27,78,63,530,539,989
72,42,176,132,608,624,989
14,20,22,39,447,486,989
40,20,138,76,577,592,989
60,29,115,50,565,576,989
48,26,90,45,522,549,989
37,24,100,42,543,567,990
43,24,67,31,515,557,990
89,38,210,115,622,643,990
50,22,132,53,575,593,990
35,23,46,23,460,464,990
125,42,323,111,654,668,990
36,29,146,108,572,585,990
63,32,113,54,563,585,990
30,22,55,32,484,486,990
189,57,502,176,712,724,990
38,21,153,83,581,598,990
76,27,277,84,634,643,990
34,25,57,48,453,532,990
469,88,883,188,799,817,990
29,26,38,37,412,431,990
77,41,200,118,614,628,991
69,46,251,187,635,656,991
35,23,35,23,485,469,991
56,40,144,102,582,608,991
28,25,49,47,475,506,991
43,27,106,57,550,572,991
98,54,285,186,669,684,991
56,25,172,86,605,621,991
39,21,113,75,564,585,991
88,37,220,70,627,644,991
29,23,102,62,526,559,991
70,43,186,120,616,639,991
26,25,69,63,515,529,991
222,72,540,292,758,776,991
264,57,736,161,750,769,991
24,24,83,65,527,537,992
21,25,52,47,459,443,992
32,26,108,74,536,574,992
41,26,141,92,592,604,992
48,27,101,40,542,513,992
106,46,329,182,664,679,992
29,23,47,41,491,454,992
73,34,173,79,588,598,992
43,34,94,60,555,562,992
419,108,771,192,805,827,992
158,66,481,285,728,740,992
399,119,644,231,787,807,992
53,36,169,84,587,597,992
47,22,57,30,526,534,992
121,54,385,194,696,713,993
606,128,876,296,861,876,993
56,38,174,126,592,619,993
39,20,130,61,565,559,993
91,33,211,91,640,659,993
47,22,117,61,553,548,993
33,22,75,42,506,531,993
139,54,408,149,679,686,993
209,67,593,276,783,803,993
48,21,116,50,555,586,993
34,29,64,42,501,538,993
62,26,102,67,553,571,993
46,25,113,60,562,574,993
37,22,112,68,557,570,994
47,29,69,50,505,507,994
142,52,351,143,671,688,994
19,24,32,45,480,497,994
238,72,639,168,756,769,994
380,103,619,203,787,801,994
35,27,87,73,532,554,994
39,20,92,34,512,550,994
36,25,79,62,531,559,994
41,23,111,77,557,587,994
43,25,71,48,509,543,994
70,42,286,159,649,660,995
32,21,70,48,535,567,995
38,31,136,101,581,596,995
41,22,70,48,520,546,995
23,23,60,53,483,468,995
64,33,211,125,626,651,995
41,28,94,56,520,546,995
94,41,233,91,627,638,995
114,42,463,210,708,724,996
55,32,198,128,622,647,996
62,34,171,84,581,598,996
28,22,75,56,507,541,996
35,29,43,42,471,514,996
132,51,363,126,664,688,996
42,26,75,45,517,563,996
45,23,108,50,539,541,996
100,48,202,60,604,609,997
80,50,171,105,610,632,997
35,22,46,26,477,528,997
28,21,62,51,487,515,997
47,37,101,71,562,580,997
44,21,122,49,551,567,997
85,46,279,120,641,660,997
35,21,78,53,513,541,997
39,21,91,49,543,565,997
77,43,184,112,616,642,997
31,22,125,85,559,576,997
59,30,111,54,560,580,997
31,22,75,47,507,535,997
86,42,248,117,624,639,997
33,29,79,59,513,527,998
29,23,76,45,505,526,998
45,20,126,46,548,567,998
63,24,186,75,603,620,998
36,24,93,46,525,534,998
52,31,70,46,510,533,998
54,27,154,69,563,586,998
49,33,169,109,590,611,998
42,31,126,89,558,582,998
43,30,88,43,537,551,998
48,34,109,78,548,560,998
25,23,65,49,508,522,998
21,27,60,52,508,529,998
21,22,43,36,466,496,998
47,29,70,41,524,515,999
83,36,207,109,615,633,999
49,20,143,50,582,598,999
160,65,456,170,710,726,999
87,33,332,123,662,677,999
27,23,27,29,423,505,999
47,31,96,44,533,545,999
38,21,91,43,534,537,999
60,41,149,110,586,602,999
36,26,67,42,515,534,999
28,20,62,42,520,530,999
33,21,109,64,551,556,999
57,25,137,67,574,566,999
34,24,104,62,543,560,999
40,29,86,57,551,570,999
28,21,55,31,481,495,999
42,26,98,71,570,567,999
78,41,230,103,618,639,999
27,21,32,24,460,508,999
64,33,107,41,547,550,999
44,28,92,55,542,569,1000
84,47,187,94,607,616,1000
60,27,187,74,587,606,1000
26,24,50,39,481,505,1000
56,30,158,99,578,587,1000
41,25,114,59,555,567,1000
135,65,473,239,729,741,1000
36,26,142,94,575,586,1000
39,20,82,52,533,536,1000
35,22,97,68,527,552,1000
41,24,118,65,569,600,1000
50,20,107,40,542,549,1000
74,36,156,68,595,613,1000
30,23,61,53,514,523,1000
31,21,84,58,527,541,1000
85,40,200,104,609,631,1000
27,20,58,55,518,535,1001
107,47,300,106,655,671,1001
55,28,287,153,649,664,1001
43,25,119,69,561,594,1001
64,32,181,109,605,623,1001
30,21,72,53,505,537,1001
45,22,105,43,552,553,1001
40,30,111,80,549,569,1001
17,20,35,44,472,494,1001
43,33,129,73,570,568,1001
37,21,87,50,539,494,1001
37,31,87,70,530,572,1001
39,21,95,62,540,571,1002
23,21,97,59,504,515,1002
114,49,368,201,681,695,1002
21,21,52,43,469,481,1002
36,27,109,86,566,581,1002
33,20,86,42,534,527,1002
30,23,47,38,482,520,1002
24,24,87,82,515,517,1002
42,32,70,60,530,558,1002
31,24,86,56,527,544,1002
44,28,130,75,570,576,1002
25,21,57,36,495,492,1002
22,22,72,57,490,516,1002
40,26,82,52,540,553,1002
72,50,155,99,588,608,1002
145,68,353,158,686,703,1002
28,23,92,59,514,535,1002
20,20,37,33,448,475,1003
59,23,145,59,574,570,1003
50,27,110,57,548,544,1003
62,32,185,100,599,608,1003
59,29,433,196,702,718,1003
24,21,61,52,498,539,1003
39,21,99,49,548,575,1003
45,28,111,62,541,541,1003
29,22,49,43,513,529,1003
24,20,52,44,488,501,1003
15,22,23,34,434,433,1003
29,21,34,27,471,494,1003
131,57,285,175,660,678,1003
85,25,229,68,623,629,1003
34,21,90,44,547,571,1003
25,23,35,38,456,488,1003
69,28,219,86,604,613,1003
63,32,155,69,575,578,1004
154,46,520,155,725,741,1004
35,23,52,46,476,495,1004
157,81,461,249,719,737,1005
32,24,83,55,524,546,1005
31,26,103,72,534,555,1005
43,22,106,50,541,566,1005
21,22,59,61,472,507,1005
121,51,479,253,724,740,1005
265,71,633,187,750,771,1005
46,25,106,72,558,576,1005
32,23,60,37,512,539,1005
67,30,214,112,612,616,1005
118,41,291,75,652,671,1005
231,67,595,180,740,757,1005
56,32,123,87,567,577,1006
23,21,43,48,464,481,1006
32,23,74,60,540,556,1006
26,21,31,26,427,433,1006
53,23,155,49,566,574,1006
31,20,77,45,521,543,1006
36,23,98,60,556,577,1006
39,26,94,60,535,557,1006
41,31,63,49,493,501,1006
46,33,173,95,612,628,1007
45,31,102,72,558,585,1007
58,30,148,99,582,609,1007
19,28,22,51,441,478,1007
30,31,106,89,546,570,1007
81,25,204,58,608,629,1007
27,23,23,34,481,513,1007
26,21,46,34,465,488,1007
49,35,105,79,561,586,1007
238,97,510,321,779,796,1007
92,37,290,122,646,652,1007
35,20,127,98,561,584,1007
59,30,102,47,552,560,1007
34,23,109,62,543,563,1008
30,23,26,23,426,452,1008
56,30,101,62,546,573,1008
45,27,76,49,523,533,1008
50,20,123,57,574,552,1008
31,24,65,43,517,526,1008
35,29,87,62,533,521,1008
57,23,167,59,585,597,1008
19,25,27,54,462,477,1008
38,21,92,36,536,567,1008
106,48,335,190,673,688,1008
23,21,43,35,461,496,1008
49,20,86,33,565,568,1009
48,24,65,28,513,535,1009
79,38,209,110,616,629,1009
29,24,71,58,506,518,1009
36,26,132,107,571,583,1009
46,33,115,94,579,604,1009
25,24,43,29,444,454,1009
94,55,216,119,627,645,1009
29,22,28,28,452,480,1009
75,51,212,153,619,635,1009
62,37,121,76,575,590,1009
50,24,241,103,618,627,1009
93,44,230,134,640,655,1009
22,20,57,41,499,514,1010
43,20,143,81,571,587,1010
44,25,67,37,534,547,1010
43,22,157,77,589,587,1010
23,20,57,41,490,516,1010
31,24,56,36,497,511,1010
26,21,47,33,457,462,1010
30,20,43,31,465,499,1010
20,22,30,33,453,469,1010
39,30,77,56,520,532,1011
62,28,165,78,607,619,1011
28,28,26,40,481,474,1011
85,50,263,143,647,662,1011
160,53,449,138,693,711,1011
76,44,223,143,628,647,1011
57,23,132,34,560,562,1011
59,37,134,84,578,605,1011
218,80,576,219,754,769,1011
85,36,239,99,622,636,1011
60,37,138,108,578,602,1011
32,20,43,34,494,522,1011
55,28,134,79,573,590,1011
43,23,82,33,537,552,1012
22,22,33,32,435,419,1012
21,21,50,46,498,503,1012
22,24,37,38,474,488,1012
80,55,163,114,608,633,1012
115,38,306,135,655,670,1012
118,49,297,127,649,669,1013
153,77,425,201,697,714,1013
37,22,63,38,513,490,1013
74,43,157,101,585,597,1013
22,23,30,44,459,456,1013
93,28,293,77,645,669,1014
106,41,329,148,668,678,1014
114,45,271,111,638,652,1014
41,27,110,81,565,586,1014
35,26,43,37,475,505,1014
30,24,69,61,520,515,1014
71,31,228,96,623,640,1014
158,79,465,260,727,743,1014
155,78,416,215,696,716,1014
338,87,686,200,769,786,1014
172,62,447,162,710,733,1014
54,23,135,62,586,594,1014
27,23,85,55,547,563,1014
50,30,112,62,564,574,1014
60,28,123,38,558,560,1014
34,22,62,27,514,518,1014
34,22,82,45,507,505,1015
39,22,81,33,517,499,1015
37,20,69,38,525,533,1015
33,21,74,35,525,553,1015
51,23,198,99,602,606,1015
27,22,17,29,440,487,1015
40,24,101,60,537,559,1015
53,40,144,103,588,589,1015
27,23,51,59,502,527,1015
28,20,70,48,515,532,1015
24,26,76,57,517,518,1015
29,24,41,45,489,491,1015
36,27,62,51,500,497,1015
37,20,92,50,536,532,1015
67,34,163,96,588,612,1016
37,26,107,59,541,547,1016
17,20,48,59,461,501,1016
25,29,15,35,408,446,1016
35,21,133,64,558,590,1016
29,20,56,52,464,503,1016
35,21,85,63,541,574,1016
147,36,371,83,667,689,1016
82,41,266,163,659,678,1016
33,23,83,64,509,537,1016
27,22,68,36,492,521,1016
41,28,164,96,572,590,1016
50,24,110,54,546,580,1016
63,31,130,48,572,569,1016
38,24,71,49,508,527,1017
31,24,73,68,538,551,1017
29,24,84,45,532,527,1017
26,28,34,61,502,541,1017
35,25,117,66,550,580,1017
26,22,61,48,523,546,1017
17,20,34,42,427,428,1017
14,21,38,51,440,478,1017
34,21,86,63,547,570,1017
33,23,108,62,541,539,1017
41,22,54,39,517,552,1017
10,20,13,39,351,342,1017
20,20,19,24,401,399,1018
35,20,77,39,511,535,1018
30,21,63,50,498,514,1018
58,22,172,71,587,597,1018
86,39,198,90,613,627,1018
92,37,271,101,650,658,1018
47,26,92,46,544,574,1018
42,22,92,40,544,562,1018
34,27,129,94,561,586,1018
30,20,40,29,487,487,1018
31,21,27,22,477,549,1019
25,23,71,65,537,564,1019
29,21,102,75,525,554,1019
32,20,93,56,541,535,1019
37,30,62,54,520,564,1019
39,22,73,31,513,479,1019
96,38,276,137,645,654,1019
41,27,78,39,522,526,1019
43,23,95,48,530,565,1019
34,23,74,63,520,537,1019
110,46,411,191,687,701,1019
93,32,261,132,643,659,1019
45,32,94,67,538,592,1019
58,22,144,46,572,592,1019
76,33,100,37,548,548,1020
36,20,45,27,511,496,1020
60,21,89,26,550,581,1020
41,31,132,94,566,572,1020
60,32,160,99,591,612,1020
50,30,89,56,559,550,1020
26,25,53,40,466,479,1020
58,30,80,52,546,561,1020
45,23,107,46,555,536,1020
35,30,83,61,522,556,1020
71,29,228,71,616,633,1020
80,42,207,79,621,630,1021
44,31,155,107,580,608,1021
28,21,31,29,494,482,1021
47,24,105,41,545,536,1021
22,20,48,33,466,443,1021
38,28,83,50,516,526,1021
44,24,100,56,554,585,1021
68,25,143,63,583,583,1021
22,22,14,23,363,336,1021
58,21,161,61,587,583,1021
105,51,240,146,631,652,1021
30,27,81,64,524,543,1021
59,31,105,75,557,580,1021
35,21,77,43,517,534,1021
24,26,36,47,437,450,1021
30,23,69,54,528,545,1021
34,23,87,67,535,562,1022
28,29,17,32,435,420,1022
46,27,107,49,558,574,1022
44,23,140,54,562,575,1022
54,30,130,74,551,573,1022
153,62,516,239,724,740,1022
47,30,164,93,574,593,1022
64,24,211,92,620,622,1023
59,25,229,129,624,633,1023
41,25,75,42,514,533,1023
60,36,232,150,627,649,1023
34,21,76,55,538,559,1023
31,26,58,49,514,479,1023
88,37,207,86,616,632,1023
44,26,107,65,539,549,1023
41,28,102,66,548,561,1023
59,32,175,79,610,633,1023
24,31,38,55,462,475,1023
43,30,77,70,555,582,1023
21,23,42,32,467,507,1023
23,21,69,58,493,507,1023
59,24,119,37,553,570,1023
51,24,80,41,552,559,1023
