"FSC-A","FSC-H","SSC-A","SSC-H","530_30-Blue-A","582_15-Yellow-A","Time"
77,75,122,119,451,514,0
70,42,100,77,413,442,0
43,29,117,106,433,510,0
51,31,65,79,403,438,0
55,33,57,68,358,402,0
84,46,157,75,449,488,0
77,49,157,128,401,438,0
136,96,287,239,350,380,0
86,75,271,270,478,538,0
20,25,95,95,363,383,0
116,103,395,342,523,592,1
36,30,107,108,343,471,1
70,60,112,124,446,486,1
206,197,410,377,529,600,1
11,29,112,124,347,451,1
30,38,205,200,469,526,1
18,28,84,73,420,462,1
29,39,171,166,393,475,1
425,381,848,743,624,685,1
325,254,131,87,378,329,1
59,46,151,96,496,536,1
117,70,288,222,530,567,1
263,185,360,286,491,522,1
102,79,259,244,488,524,1
121,84,155,125,458,503,2
78,52,131,138,480,516,2
70,45,130,109,449,493,2
71,42,126,113,351,324,2
638,520,167,161,469,486,2
35,25,139,125,377,461,2
74,45,133,91,453,517,2
31,21,126,122,413,457,2
50,35,90,83,391,470,2
257,226,178,160,544,620,2
79,52,122,120,399,472,2
43,31,70,69,354,442,2
28,20,31,37,366,408,2
82,75,186,167,415,501,2
30,24,82,92,398,470,2
45,31,62,67,391,410,2
35,20,58,55,317,409,2
46,28,35,44,193,399,3
50,25,41,37,327,382,3
37,20,54,35,391,412,3
41,22,35,38,275,396,3
39,31,71,85,436,431,3
132,99,371,342,517,580,3
282,271,541,499,563,637,3
123,88,212,190,482,549,4
186,150,243,228,490,548,4
431,317,728,433,490,522,4
107,85,233,213,458,533,4
101,79,154,152,410,463,4
39,25,77,63,369,441,4
176,149,206,190,533,594,4
28,24,96,97,284,393,4
127,113,50,43,322,358,4
35,25,51,56,319,413,5
60,47,64,55,364,384,5
58,38,123,90,400,453,5
218,195,114,79,518,571,5
45,23,88,58,387,432,5
58,32,118,129,420,471,5
154,114,228,195,496,563,5
63,35,255,187,467,524,5
62,51,107,105,374,433,5
43,23,124,95,400,437,5
349,163,238,81,454,487,5
31,20,72,58,283,376,5
198,184,291,299,473,544,5
46,26,50,63,381,438,6
30,34,115,109,397,421,6
187,170,557,506,565,643,6
33,22,53,51,360,425,6
53,48,117,86,390,349,6
38,28,110,92,384,461,6
20,20,61,52,344,407,6
119,96,192,111,490,526,6
45,31,52,55,293,409,6
275,205,581,504,581,647,6
31,25,46,44,354,401,6
127,99,125,147,414,498,6
29,20,66,70,384,401,7
21,25,90,100,354,466,7
15,22,106,105,417,500,7
411,298,187,153,459,488,7
52,44,111,113,424,493,7
32,22,66,71,315,392,8
64,47,202,178,427,513,8
35,22,67,85,371,421,8
100,54,183,101,440,485,8
61,44,204,157,473,531,8
56,52,110,95,386,439,8
30,21,64,58,341,415,8
54,42,90,100,387,443,8
45,42,116,117,401,482,8
43,41,73,84,429,491,8
20,23,135,114,339,460,8
25,23,55,65,360,431,8
28,37,144,122,398,462,8
34,31,119,121,440,465,8
42,39,139,138,440,482,8
94,65,374,278,482,359,8
28,34,59,68,388,447,8
71,58,116,102,456,514,8
45,27,57,75,402,429,9
56,30,73,84,375,418,9
37,23,98,81,346,362,9
32,21,30,39,359,415,9
80,53,98,112,423,497,9
48,26,51,29,298,394,9
74,47,246,170,430,517,9
38,26,93,68,327,430,9
33,21,81,89,386,466,9
45,41,91,94,407,460,9
25,22,114,94,286,404,9
146,135,133,151,475,539,9
320,292,448,421,561,649,9
61,54,129,95,479,549,9
85,92,116,112,442,491,9
416,404,480,469,566,636,10
246,212,267,270,537,598,10
44,25,116,99,411,460,10
71,51,83,73,420,489,10
39,22,82,70,356,374,10
251,212,222,221,489,567,10
41,26,60,67,398,417,10
122,91,108,66,448,501,10
66,55,162,141,472,528,10
742,600,861,745,637,707,10
280,243,571,484,560,628,10
52,39,85,93,454,526,10
17,25,62,78,402,449,10
45,38,248,127,432,470,11
46,41,210,123,467,540,11
22,35,99,77,327,449,11
35,41,121,78,432,495,11
15,27,100,112,439,479,11
10,23,69,55,343,410,11
20,24,122,102,430,531,11
151,120,283,233,524,599,11
69,53,161,92,438,505,11
88,75,64,78,375,448,11
33,20,67,73,334,441,11
71,52,115,103,435,470,11
43,28,91,87,340,445,11
103,79,199,188,450,506,11
48,35,122,109,431,514,11
86,55,216,130,428,522,11
42,26,87,95,428,484,11
49,37,162,132,394,463,12
90,67,369,239,531,582,12
96,79,373,336,563,600,12
148,136,93,94,479,519,12
131,101,500,411,553,583,12
312,260,430,367,539,621,12
63,33,109,113,378,433,12
73,46,102,112,397,453,12
50,31,57,74,377,455,12
111,78,157,159,450,513,12
360,248,397,305,497,349,13
130,84,325,266,501,580,13
85,58,121,125,386,446,13
37,20,69,42,409,386,13
40,20,78,79,246,351,13
48,36,104,101,421,452,13
193,135,533,403,454,484,13
43,28,90,94,406,437,13
81,64,112,98,478,528,13
126,104,236,168,470,556,13
29,22,37,44,373,428,13
61,56,118,130,375,478,13
31,21,103,57,376,409,13
36,23,50,37,288,334,13
150,129,140,140,448,519,13
115,93,156,120,465,535,13
36,27,134,104,382,460,13
133,83,446,323,459,423,13
46,32,72,50,369,461,13
91,60,225,182,459,537,14
90,69,178,194,443,505,14
272,167,93,94,419,403,14
107,91,222,204,450,524,14
130,90,260,223,510,576,14
48,31,108,109,297,381,14
44,23,68,67,402,471,14
55,32,84,89,345,428,14
87,66,127,119,420,503,14
250,207,424,373,506,588,14
60,39,36,47,165,430,14
45,30,60,72,262,386,14
275,135,257,101,440,457,14
42,45,146,130,425,488,14
397,294,158,136,428,413,14
107,102,251,238,503,573,14
192,173,266,246,551,615,14
44,44,67,75,404,487,15
49,27,31,31,382,433,15
46,29,65,61,307,399,15
38,20,79,77,439,461,15
57,33,99,113,397,455,15
55,33,62,76,360,388,15
92,59,184,120,417,481,15
50,28,83,91,395,437,15
34,30,109,122,385,419,15
19,20,56,49,307,401,15
40,29,134,120,414,472,16
61,39,96,67,439,468,16
46,25,89,80,401,424,16
44,24,109,81,337,425,16
269,156,171,102,436,424,16
61,40,83,92,441,486,16
36,21,45,59,358,392,16
47,24,69,73,404,475,16
115,95,139,132,357,377,17
24,24,65,61,353,428,17
57,48,214,192,450,527,17
80,77,234,218,455,510,17
43,34,81,93,400,473,17
55,42,130,129,402,455,17
32,20,70,51,398,426,17
70,58,74,55,302,420,17
54,57,57,69,348,391,17
49,34,125,123,424,495,17
29,29,146,150,475,509,17
35,26,34,58,338,423,17
36,25,43,45,397,384,17
49,34,77,71,396,441,17
52,31,35,38,384,474,17
99,91,123,108,320,387,18
24,25,68,72,401,428,18
156,156,235,217,502,568,18
674,644,280,233,453,350,18
163,166,348,246,482,555,18
22,35,111,116,405,488,18
69,80,154,135,428,394,18
18,35,83,98,404,474,18
20,28,95,86,400,438,18
21,21,48,52,374,417,18
45,42,145,117,416,469,18
76,65,163,152,443,517,18
212,166,540,455,576,640,18
56,45,61,78,381,484,18
37,26,91,73,388,433,18
75,39,295,246,409,358,18
37,28,76,79,404,442,19
36,27,138,85,387,461,19
19,20,58,50,379,396,19
50,30,89,80,361,441,19
137,102,290,254,517,590,19
33,21,117,58,396,454,19
171,154,137,163,473,543,19
63,48,167,154,474,527,19
385,330,606,548,589,644,19
28,21,66,64,287,362,19
28,20,86,68,395,384,19
45,41,49,67,393,441,19
31,20,84,81,365,425,19
95,69,118,109,428,497,20
45,33,113,111,446,500,20
29,21,105,100,411,464,20
39,24,72,73,348,441,20
55,38,171,155,368,368,20
38,21,93,94,372,458,20
65,41,212,177,398,491,20
29,20,78,71,356,407,20
64,70,158,153,447,499,20
244,172,136,78,359,341,20
31,31,108,104,426,453,20
115,110,235,249,403,440,20
113,107,239,187,467,535,20
34,25,58,59,362,443,20
74,62,148,162,417,487,20
182,176,453,401,554,616,20
34,33,158,117,524,320,20
703,657,831,774,602,671,21
29,35,115,105,422,488,21
61,51,166,96,418,484,21
57,53,35,63,416,442,21
48,34,73,67,359,445,21
36,21,81,80,412,428,21
43,23,73,43,396,447,21
26,24,44,33,400,478,21
21,20,64,86,326,390,21
32,20,147,117,434,490,21
123,99,198,185,417,513,21
103,104,97,101,468,547,21
10,21,80,87,384,418,21
85,86,262,221,492,556,21
35,35,100,85,420,478,21
201,186,439,395,537,602,21
115,110,521,464,363,348,22
20,20,89,59,359,416,22
16,24,100,108,406,424,22
20,31,94,99,367,403,22
58,54,355,272,541,587,22
119,103,129,113,417,488,22
66,50,192,173,415,480,22
56,46,99,60,299,349,22
52,32,73,74,324,420,22
75,48,215,151,394,393,22
83,52,95,63,499,551,23
71,48,91,84,390,468,23
252,220,115,127,493,555,23
141,71,787,452,464,428,23
377,331,344,241,432,439,23
108,91,132,148,451,513,23
34,28,86,99,371,480,23
511,393,498,412,606,671,23
74,47,143,77,439,514,23
24,21,108,87,359,411,23
120,104,252,223,460,543,23
108,83,221,206,484,531,23
331,277,333,283,515,577,23
60,37,69,71,295,407,23
77,48,107,103,422,489,23
435,383,383,375,556,619,23
58,34,170,121,443,501,23
90,60,183,171,477,515,23
311,215,610,462,596,637,23
87,58,52,72,401,440,23
75,46,199,196,465,534,23
74,47,65,83,443,536,23
41,20,84,78,427,443,24
56,36,72,83,417,465,24
58,40,110,107,350,402,24
33,24,32,43,398,421,24
31,20,134,124,331,427,24
21,25,56,61,357,450,24
49,47,106,110,369,434,24
234,214,536,448,551,623,24
126,109,269,186,483,554,24
41,52,98,97,404,481,24
24,23,103,100,379,459,24
47,45,74,91,259,424,24
20,25,60,60,338,384,24
41,40,121,110,392,444,24
317,243,632,502,597,663,24
36,27,36,63,410,437,24
36,23,48,45,284,319,25
55,33,56,78,339,442,25
234,194,301,296,505,574,25
37,22,62,71,366,391,25
34,23,33,38,363,363,25
35,24,51,72,354,399,25
50,24,140,92,256,421,25
49,31,87,101,275,402,25
101,73,186,183,402,421,25
21,21,28,49,403,404,25
53,44,97,94,422,464,25
48,34,71,74,359,440,25
55,46,86,116,455,504,25
92,86,144,145,438,508,25
62,41,136,83,400,438,25
50,33,177,165,447,510,26
42,21,205,106,441,488,26
19,20,73,80,353,418,26
43,29,85,97,436,470,26
28,22,74,80,347,435,26
48,34,148,113,418,462,26
46,35,74,75,425,469,26
587,510,377,340,501,528,26
55,25,85,66,357,414,26
47,35,128,116,396,474,26
203,172,239,234,502,571,26
44,26,119,111,463,498,26
86,58,139,149,440,497,26
100,74,105,114,378,481,26
54,32,45,57,399,480,26
48,25,59,71,381,397,26
48,27,41,36,405,454,26
197,165,463,401,535,604,26
34,24,31,37,356,457,26
33,25,125,112,431,465,27
43,29,118,115,409,449,27
47,27,64,87,349,412,27
164,121,215,160,518,543,27
49,27,46,71,416,427,27
44,24,107,88,391,452,27
40,24,61,65,411,468,27
77,54,200,156,425,488,27
36,23,150,149,420,496,27
273,231,588,531,546,589,28
23,25,55,75,389,441,28
181,179,229,201,484,541,28
339,267,603,500,600,671,28
254,213,635,531,602,670,28
8,25,86,99,292,424,28
33,29,65,80,368,395,28
49,28,154,96,395,473,28
23,22,61,82,422,415,28
51,49,100,100,401,469,28
34,41,51,47,402,482,28
21,22,86,83,249,421,28
27,25,101,97,310,441,28
115,97,264,250,503,574,28
630,524,466,401,605,683,28
52,40,97,106,384,420,28
34,23,130,123,415,454,28
110,77,393,338,503,571,28
445,396,388,367,562,620,28
110,91,131,123,430,520,29
51,37,140,151,422,493,29
556,503,513,472,573,645,29
42,23,113,90,426,439,29
120,81,304,253,487,556,29
28,21,46,41,243,417,29
32,24,148,130,413,480,29
85,72,191,171,437,526,29
91,84,159,135,462,534,29
16,28,41,67,364,447,29
35,34,237,229,473,525,29
57,42,305,236,486,558,29
26,20,69,55,262,356,29
64,50,132,127,413,498,29
45,29,95,99,395,441,29
47,30,70,70,382,442,29
76,56,102,106,423,467,29
43,25,45,65,365,412,29
48,27,93,62,338,426,30
43,26,64,68,406,440,30
126,98,123,127,462,540,30
44,25,117,106,418,486,30
68,40,149,146,440,512,30
20,20,31,33,308,395,30
83,63,170,146,446,528,30
58,47,97,94,450,496,30
42,36,76,90,388,446,30
34,27,81,90,340,426,30
32,25,72,75,425,432,30
30,34,81,80,391,444,30
31,24,83,73,372,445,30
340,310,239,251,515,563,30
50,30,92,77,440,387,31
36,22,72,72,313,399,31
79,50,203,184,472,520,31
54,35,126,109,416,485,31
82,58,141,127,459,511,31
40,28,92,88,340,380,31
36,23,86,57,397,397,31
81,61,74,88,417,453,31
53,46,97,101,372,426,31
128,94,418,328,544,602,31
19,27,170,172,437,494,31
42,51,194,156,466,526,32
32,25,104,103,394,455,32
52,30,112,62,384,460,32
592,466,672,594,617,690,32
62,39,218,181,403,475,32
51,31,90,77,302,442,32
42,31,47,39,389,478,33
43,29,93,96,419,476,33
13,22,79,69,398,421,33
54,36,132,103,429,475,33
69,52,57,53,362,446,33
36,26,116,97,294,377,33
88,63,346,310,501,575,33
26,21,56,79,328,395,33
204,138,462,413,546,622,33
174,115,512,443,546,627,33
66,32,253,198,515,555,33
37,24,110,98,351,451,33
204,160,366,309,361,361,34
48,29,64,61,252,423,34
30,39,136,130,445,498,34
56,32,177,159,437,510,34
51,32,161,124,453,490,34
43,28,69,86,347,434,34
51,39,101,118,399,456,34
37,23,128,132,407,460,35
27,21,92,86,407,468,35
107,92,160,176,408,498,35
223,181,466,413,527,589,35
13,20,68,85,392,423,35
32,35,77,91,363,440,35
415,346,701,614,592,673,35
41,30,76,64,391,431,36
43,31,64,74,375,398,36
64,38,74,80,406,490,36
57,32,150,137,397,477,36
42,22,86,58,317,437,36
35,24,108,115,362,446,36
100,81,114,118,418,481,36
46,23,129,50,416,430,36
51,41,66,72,387,465,36
43,32,52,62,362,444,36
43,31,109,93,429,492,36
42,25,59,64,348,416,37
37,24,45,64,361,340,37
40,25,104,98,428,449,37
155,75,311,201,496,568,37
44,26,41,36,246,357,37
129,102,104,104,457,541,37
91,55,137,111,354,324,37
47,28,128,123,433,492,37
43,24,44,63,331,395,37
37,24,125,102,421,413,37
85,70,152,150,478,537,38
257,214,633,608,582,650,38
52,41,112,79,398,435,38
120,105,144,119,465,524,38
64,46,183,148,450,496,38
47,39,79,86,367,467,38
47,30,81,52,374,404,38
58,39,99,109,414,462,38
45,28,53,71,356,440,38
40,28,84,104,412,467,38
37,22,129,118,446,467,39
387,338,467,438,555,635,39
42,32,133,120,375,414,39
29,23,78,66,422,444,39
54,49,104,106,374,443,39
20,25,96,95,374,440,39
54,57,53,71,382,438,39
22,34,99,111,370,457,39
33,35,120,116,389,464,39
26,25,72,89,387,439,39
64,45,197,158,424,485,39
38,27,257,255,455,506,39
60,35,177,110,526,601,39
44,31,96,97,440,481,39
47,33,276,247,495,524,39
67,62,98,111,370,429,39
32,23,74,66,199,418,39
77,61,139,136,406,476,39
38,26,117,114,357,413,39
194,161,230,230,489,547,39
148,118,293,264,466,529,39
44,26,84,63,373,444,40
48,30,71,77,379,464,40
345,307,415,402,550,611,40
240,196,472,421,533,618,40
54,23,165,104,401,482,40
33,21,66,66,299,395,40
33,36,116,105,375,402,40
60,49,239,231,468,547,40
72,55,188,168,472,553,40
31,25,88,99,359,439,40
117,99,162,171,470,541,40
47,37,153,160,433,483,40
42,31,86,85,386,421,40
140,74,586,410,528,395,41
87,65,131,110,503,570,41
36,22,78,80,313,421,41
169,142,115,122,328,329,41
41,23,90,89,259,388,41
59,40,140,116,370,478,41
54,31,159,120,421,486,41
40,26,46,43,401,452,41
62,50,233,205,464,520,41
25,30,120,138,377,465,41
24,31,120,108,289,455,41
70,72,161,154,434,506,41
31,32,70,53,336,390,42
36,30,165,172,234,353,42
151,115,198,160,469,542,42
33,21,143,116,368,438,42
98,62,329,261,523,569,42
148,131,210,205,490,561,42
54,39,80,98,369,441,42
85,52,331,299,487,560,42
49,39,102,114,414,454,42
75,59,119,97,484,527,42
126,98,360,302,548,605,42
31,22,37,55,223,388,42
73,54,221,201,501,580,42
218,182,528,502,562,634,42
40,29,121,99,415,492,42
30,24,76,86,411,441,42
28,24,97,93,422,477,42
23,25,122,90,405,484,42
51,34,150,155,445,509,43
17,23,108,95,297,424,43
38,22,128,65,286,430,43
110,88,212,192,448,514,43
34,23,137,123,346,479,43
32,28,75,80,343,455,43
29,21,78,81,394,429,43
39,24,93,103,346,430,43
39,24,78,81,375,432,43
51,33,101,87,353,435,43
30,23,80,75,408,472,43
38,25,58,67,298,378,43
39,32,127,126,406,465,43
42,24,77,63,269,432,43
83,60,129,118,402,455,43
77,68,121,93,416,501,43
72,64,202,186,448,530,43
28,20,34,41,384,400,44
365,300,823,692,623,695,44
26,23,189,159,425,490,44
587,459,472,449,528,577,44
44,38,159,120,427,493,44
40,27,132,143,393,492,44
49,30,109,100,399,460,44
127,111,330,314,472,545,44
50,43,232,212,480,527,44
44,29,73,56,412,426,44
47,33,81,81,381,449,44
109,79,174,166,466,549,44
43,26,64,78,356,440,44
182,125,612,533,575,642,45
66,44,186,122,434,520,45
289,171,342,152,497,544,45
284,256,389,382,534,611,45
28,35,65,67,401,464,45
104,92,142,134,456,489,45
30,25,67,59,388,465,45
193,160,349,279,512,562,45
34,22,130,101,325,432,45
115,76,186,133,414,503,45
95,75,141,146,403,504,46
103,76,239,213,493,546,46
34,24,75,60,350,412,46
77,49,161,98,478,531,46
39,21,63,58,292,359,46
51,31,79,72,373,468,46
22,25,68,60,373,400,46
57,62,219,229,479,524,46
566,455,657,500,545,486,46
129,104,549,441,546,620,46
70,49,223,130,425,443,46
25,25,61,68,338,456,46
25,23,58,56,325,435,46
29,31,76,71,352,408,46
25,26,108,101,328,352,46
88,83,118,121,447,505,46
97,86,249,228,485,538,46
28,20,85,85,333,399,47
42,32,105,115,360,442,47
101,86,210,212,364,418,47
76,60,171,154,418,494,47
36,28,52,56,365,431,47
53,45,89,76,354,434,47
32,22,132,110,405,455,47
81,65,168,128,459,511,47
281,200,500,313,568,643,47
40,32,178,151,422,468,47
38,31,60,69,381,421,47
473,395,802,724,614,689,47
31,27,55,74,276,391,47
55,36,104,61,337,350,47
32,27,61,59,404,450,48
19,20,42,62,325,403,48
182,160,233,233,463,528,48
44,29,174,151,411,504,48
110,74,315,253,502,545,48
318,216,137,112,385,333,48
250,208,208,127,413,441,48
56,48,126,103,379,459,48
32,28,262,196,507,565,48
63,65,87,92,411,467,48
13,21,71,59,262,389,48
18,25,217,102,390,407,49
9,26,59,59,355,409,49
16,34,101,95,340,449,49
49,69,566,547,411,329,49
55,75,159,151,425,489,49
154,161,271,276,504,567,49
25,24,115,101,412,472,49
263,223,440,414,539,617,49
147,115,58,48,357,399,49
20,22,67,60,403,453,49
45,30,139,133,450,509,49
32,22,122,132,433,510,49
34,24,89,83,376,429,49
56,38,98,102,364,442,49
72,52,99,118,427,498,49
44,45,218,201,420,413,49
122,120,140,121,161,319,49
90,76,347,304,542,607,50
92,85,196,163,464,526,50
24,25,95,92,389,478,50
42,42,82,83,344,450,50
35,31,100,97,422,463,50
18,30,111,92,409,488,50
218,200,572,520,561,625,50
72,61,176,183,472,511,50
184,164,304,287,491,564,50
246,159,285,246,458,452,50
41,39,153,155,423,499,50
85,76,163,172,409,479,50
39,28,94,85,425,444,50
33,24,53,39,329,407,50
49,33,74,91,401,467,51
71,55,51,72,460,514,51
42,33,58,62,354,453,51
35,30,75,87,333,398,51
60,49,175,171,483,535,51
88,76,224,212,350,491,51
63,52,152,125,460,532,51
359,252,804,606,615,688,51
23,25,173,153,412,488,51
24,22,91,69,391,441,51
62,63,198,175,435,488,51
23,22,26,48,368,410,51
40,35,54,70,444,453,51
36,34,107,100,445,487,51
91,78,149,155,456,525,51
45,40,173,152,446,487,51
55,45,98,99,456,552,51
46,33,78,99,362,424,51
35,23,67,74,273,398,52
46,31,55,54,372,424,52
78,65,120,125,421,475,52
48,40,98,98,413,497,52
16,21,61,51,360,371,52
41,36,103,103,364,450,52
48,45,128,143,423,485,52
102,103,268,232,485,556,52
29,55,205,192,411,477,52
418,421,343,335,556,610,52
29,26,72,51,369,440,53
91,78,118,123,433,535,53
58,38,66,50,416,493,53
147,124,286,265,506,570,53
33,23,57,42,307,439,53
40,30,55,50,334,434,53
76,65,173,153,422,482,53
414,319,884,689,527,461,53
43,28,222,147,443,503,53
150,139,292,276,488,558,53
17,23,100,102,402,433,53
69,76,103,100,475,530,53
102,94,151,152,476,552,53
180,123,455,371,507,557,54
25,31,97,101,423,460,54
53,43,78,101,409,458,54
41,32,84,70,451,493,54
128,107,113,92,353,322,54
63,31,245,214,479,530,54
75,57,149,135,345,421,54
81,56,232,205,484,555,54
50,36,127,108,307,420,54
47,31,69,78,393,426,54
40,22,57,71,372,430,54
28,21,53,51,229,325,54
47,34,94,92,383,430,54
47,40,93,99,388,414,54
42,29,66,76,340,372,54
62,32,244,192,495,573,54
69,40,214,113,408,465,54
43,42,153,149,453,532,54
20,24,70,62,337,449,55
50,45,108,96,433,488,55
344,325,607,551,571,640,55
388,291,391,313,597,665,55
461,319,144,63,430,447,55
34,26,60,78,349,429,55
59,52,150,128,409,438,55
295,251,422,363,559,616,55
114,86,146,121,517,571,55
124,69,177,92,429,521,55
639,566,383,349,485,515,55
72,56,97,90,439,493,55
53,29,331,294,489,556,55
51,37,117,110,379,428,55
14,29,122,91,444,498,56
14,33,80,86,406,456,56
146,121,452,216,532,598,56
9,21,72,69,377,434,56
32,40,138,118,363,353,56
56,66,255,244,466,542,56
21,32,173,155,392,418,56
159,143,296,301,523,560,56
260,168,566,362,503,564,56
42,30,83,76,322,445,57
26,20,55,52,373,453,57
64,49,78,83,451,462,57
103,75,206,163,475,563,57
211,185,187,155,492,564,57
38,26,132,140,414,450,57
78,60,106,122,388,476,57
45,31,76,94,369,428,57
28,20,69,61,377,438,57
45,42,141,142,444,479,57
80,80,91,90,439,517,57
268,256,255,253,514,581,57
62,49,78,73,417,470,57
35,32,108,106,297,443,57
43,37,152,120,420,506,57
390,359,534,530,577,636,57
24,23,84,82,368,423,57
39,28,105,106,385,442,57
32,24,52,65,387,454,57
73,58,208,181,377,466,57
95,82,266,241,416,486,57
39,23,77,78,380,443,58
200,135,682,523,538,528,58
39,20,93,82,360,408,58
85,52,137,78,429,457,58
26,24,38,54,457,526,58
74,88,95,110,432,499,58
24,21,156,146,429,499,58
15,25,160,109,391,473,58
31,42,111,119,434,496,58
65,66,108,123,435,476,58
29,27,67,55,355,392,59
33,29,154,104,409,493,59
60,47,198,213,464,506,59
116,91,288,276,499,578,59
28,26,121,91,439,432,59
407,365,590,558,575,647,59
40,33,74,61,396,427,59
34,24,56,57,367,390,59
31,22,42,55,379,423,59
46,30,79,94,367,468,59
82,66,62,63,393,422,59
47,42,78,84,347,448,59
119,88,269,180,502,553,59
168,163,308,281,500,548,59
43,48,114,121,401,464,60
10,24,69,92,438,469,60
133,126,303,283,447,536,60
56,56,100,120,453,531,60
17,23,114,111,463,508,60
19,21,67,81,352,423,60
206,197,348,314,515,587,60
71,59,243,219,432,498,60
52,34,149,135,463,512,60
42,33,126,128,421,464,60
43,27,92,103,440,492,60
143,78,254,128,493,577,60
44,28,77,86,333,448,60
69,53,119,117,387,462,60
55,34,100,115,336,448,60
45,35,166,154,399,467,60
43,27,64,67,350,397,61
148,140,136,143,451,542,61
106,69,262,197,482,561,61
41,25,101,89,387,443,61
48,30,94,98,414,453,61
76,51,120,136,401,445,61
35,20,72,79,408,422,61
255,227,269,273,477,546,61
49,31,54,78,311,432,61
33,20,108,100,382,439,61
128,106,133,136,390,463,61
37,23,71,72,256,385,61
44,23,118,133,420,512,61
54,30,73,50,343,388,62
54,39,104,105,330,458,62
588,481,809,605,485,371,62
154,126,275,246,521,588,62
39,28,212,135,435,504,62
34,28,119,120,401,442,62
29,34,191,155,467,505,62
22,28,118,140,419,483,62
12,22,63,88,362,425,62
51,41,142,122,400,466,62
63,66,123,114,290,457,62
23,32,51,76,333,439,62
97,88,228,206,433,532,62
33,25,122,63,144,342,62
168,133,375,348,575,638,63
28,20,71,61,298,416,63
180,162,256,210,475,548,63
24,20,46,57,314,375,63
52,36,138,121,383,455,63
618,488,419,298,467,521,63
39,32,88,87,327,455,63
30,22,52,64,253,399,63
44,32,71,80,364,410,63
51,38,250,215,498,566,63
26,23,68,69,420,506,63
52,38,151,96,468,524,63
41,51,195,197,475,530,63
39,51,164,156,469,551,63
118,120,374,323,501,560,63
12,20,113,78,397,424,64
75,51,148,108,456,511,64
36,27,71,66,385,418,64
229,193,561,418,555,626,64
35,22,47,56,338,393,64
709,670,675,694,437,492,64
118,96,145,157,430,482,64
65,40,80,94,353,453,64
147,112,173,166,479,547,64
46,26,115,89,443,463,64
170,127,212,199,488,538,64
153,127,140,155,486,530,64
77,61,117,132,476,559,64
102,79,211,181,459,540,64
47,39,73,91,402,451,64
175,142,220,200,497,561,65
257,213,442,334,542,606,65
36,25,95,89,406,469,65
35,33,72,95,234,428,65
33,24,156,138,461,479,65
41,35,38,58,368,430,65
39,23,84,97,388,433,65
153,101,288,224,558,608,65
60,38,70,84,310,432,65
80,56,128,106,393,446,65
44,27,49,57,285,414,65
55,38,70,77,442,496,65
76,61,278,270,431,512,65
46,39,124,111,428,507,65
14,22,110,76,422,464,66
22,28,94,77,361,433,66
37,31,30,43,377,432,66
52,36,135,135,407,456,66
73,60,184,150,451,520,66
52,66,99,71,406,484,66
9,25,71,68,348,421,66
38,38,128,126,365,464,66
32,31,125,129,420,480,66
55,43,129,99,411,482,66
26,29,239,197,465,512,67
31,23,90,91,382,421,67
84,66,160,158,451,514,67
62,49,292,232,508,560,67
38,32,60,72,407,466,67
32,29,90,87,344,437,67
39,31,97,103,393,447,67
85,75,221,216,473,530,67
36,36,124,83,394,479,67
38,26,111,72,383,363,67
34,25,148,130,407,446,67
24,24,74,93,360,426,67
136,101,257,240,520,587,67
36,20,142,139,395,439,67
79,62,105,107,350,464,67
55,37,155,136,398,473,67
115,93,165,169,418,490,67
68,41,216,174,469,514,68
68,43,146,120,392,473,68
119,83,369,303,503,573,68
43,29,139,127,361,447,68
53,30,197,178,489,535,68
70,48,86,79,436,501,68
164,132,300,253,490,559,68
80,54,201,191,494,539,68
71,57,136,141,485,525,68
30,37,75,92,417,489,68
103,96,206,220,475,539,68
124,107,260,262,442,531,68
56,44,149,133,422,471,68
38,32,51,68,387,478,68
43,25,161,115,423,494,68
37,35,106,89,362,459,68
43,28,132,94,406,473,68
28,24,91,114,400,480,69
192,147,304,226,501,578,69
48,35,110,100,290,440,69
41,28,104,108,385,474,69
30,21,44,60,353,402,69
331,220,93,64,327,341,69
56,41,123,91,416,484,69
29,21,99,102,426,452,69
116,94,220,221,448,519,69
29,27,93,86,370,455,69
77,86,146,142,476,530,69
118,84,289,197,442,349,69
91,86,136,155,410,494,69
26,43,337,286,298,324,69
23,45,144,156,433,487,69
151,124,293,208,498,562,69
37,56,127,137,411,459,69
10,29,92,93,402,484,70
30,36,244,161,445,505,70
54,67,226,210,483,555,70
19,21,53,64,241,416,70
59,31,95,52,403,475,70
30,26,48,75,316,453,70
130,112,137,117,456,513,70
28,20,104,93,408,471,70
44,44,75,95,372,434,70
227,121,156,76,429,431,70
25,20,63,69,338,453,70
33,26,88,77,355,413,70
55,47,92,99,392,444,70
39,35,102,96,331,459,70
41,35,85,89,339,451,70
26,33,110,116,410,435,71
45,47,122,134,390,449,71
82,46,202,104,447,487,71
57,57,226,203,489,547,71
58,49,115,128,472,532,71
359,314,346,349,559,635,71
48,34,111,92,360,460,71
38,21,117,69,367,427,71
55,35,146,118,367,416,71
89,49,115,84,389,420,71
137,86,174,109,439,476,71
52,35,66,81,342,400,71
31,22,33,34,327,379,71
46,29,113,97,438,489,71
50,35,122,126,446,488,71
159,129,280,237,488,570,71
75,58,146,158,439,502,72
47,29,114,99,405,461,72
26,22,92,93,334,394,72
23,20,108,112,416,463,72
94,90,248,250,502,545,72
21,21,163,148,476,538,72
27,28,127,101,250,427,72
90,82,126,131,272,348,72
28,22,27,48,303,445,72
67,51,102,108,406,488,72
131,108,187,172,451,544,73
460,299,878,584,670,615,73
130,112,137,160,430,502,73
62,48,145,140,464,537,73
66,57,150,143,359,476,73
21,20,127,111,375,421,73
64,34,143,100,374,445,73
74,58,264,149,461,516,73
362,338,548,453,597,663,73
160,166,425,393,530,595,73
25,31,124,109,403,438,73
58,51,91,89,408,478,74
52,35,202,172,486,533,74
32,21,45,64,324,402,74
36,24,88,83,374,456,74
46,36,82,92,360,442,74
71,65,170,151,432,488,74
25,20,78,68,354,425,74
31,22,63,45,188,352,74
29,22,86,71,360,421,74
38,27,73,64,347,454,74
18,27,48,57,172,401,74
38,28,149,117,417,497,74
20,21,55,57,354,423,74
36,30,41,70,346,387,75
48,34,114,97,409,467,75
82,60,108,129,442,514,75
36,20,147,68,330,420,75
75,66,73,86,360,449,75
32,27,35,53,356,449,75
33,31,105,101,318,444,75
480,307,442,241,479,560,76
83,86,146,143,395,445,76
53,50,61,53,215,352,76
138,112,229,225,465,473,76
132,103,308,269,479,561,76
181,155,195,211,489,544,76
34,22,41,50,365,441,76
26,23,70,67,293,397,76
78,75,122,138,407,475,76
340,335,275,253,440,340,77
115,81,511,420,559,630,77
93,96,157,162,424,503,77
91,93,150,125,522,564,77
60,68,153,155,426,470,77
25,22,113,90,345,448,77
47,59,120,119,367,472,77
29,31,81,42,376,455,77
19,23,88,92,422,450,77
243,218,287,269,507,585,77
73,58,169,169,444,481,77
51,36,98,81,354,435,77
97,72,251,191,461,534,77
56,35,116,95,433,496,77
49,31,139,150,365,473,77
39,26,96,97,431,449,78
38,27,32,50,356,434,78
208,187,306,288,505,573,78
29,21,73,55,349,425,78
46,40,195,184,457,508,78
45,41,207,194,413,521,78
50,50,100,101,376,453,78
33,25,95,65,391,464,78
232,222,276,248,389,436,78
37,41,123,136,401,502,78
42,33,138,126,432,484,78
47,39,42,61,412,473,78
53,36,58,56,426,437,78
227,174,401,296,530,598,78
55,34,84,101,441,476,78
35,20,56,56,387,442,79
38,27,78,84,413,450,79
55,33,154,156,444,497,79
125,90,412,370,510,579,79
57,38,132,119,415,494,79
56,44,103,111,416,489,79
36,23,48,55,350,451,79
75,53,130,106,379,425,79
42,29,137,111,367,450,79
140,119,353,309,486,579,79
142,130,236,206,447,520,79
36,24,100,59,387,461,79
52,39,147,120,397,464,79
152,127,461,437,550,613,79
154,138,283,249,494,559,79
26,22,85,77,414,443,79
23,27,83,105,442,477,79
30,35,102,76,414,458,79
205,85,681,394,526,482,79
691,252,273,155,422,334,80
95,77,189,177,453,504,80
39,25,87,80,403,475,80
105,83,92,77,465,525,80
97,82,195,171,458,520,80
70,60,164,153,439,494,80
126,110,126,113,464,537,80
363,377,253,271,534,419,80
100,106,349,310,507,569,80
14,30,165,160,407,485,81
38,29,158,147,430,484,81
90,45,264,133,423,440,81
47,33,65,76,368,426,81
35,24,114,111,333,449,81
82,76,90,84,381,455,81
97,89,204,189,434,504,81
32,29,107,100,407,479,81
31,28,108,99,333,470,81
28,24,91,88,369,431,82
51,41,74,75,413,477,82
369,232,275,137,429,472,82
59,47,143,97,375,380,82
95,91,198,189,451,513,82
32,25,71,77,377,446,82
88,64,240,222,497,568,82
51,45,174,125,484,543,82
52,41,65,95,369,485,82
82,64,168,163,404,505,82
42,32,43,37,338,430,82
33,20,58,73,362,442,82
37,22,56,53,350,390,82
719,621,703,601,606,677,82
42,29,116,97,410,476,82
37,24,91,92,349,412,82
112,93,227,206,439,524,82
46,25,92,61,349,376,82
27,24,98,106,418,441,82
31,21,93,68,208,445,83
60,52,86,56,407,496,83
27,25,137,120,417,482,83
24,26,75,75,331,421,83
24,26,124,131,389,411,83
30,46,95,78,384,443,83
14,28,87,103,427,451,83
62,65,331,285,542,585,83
24,23,59,56,390,436,83
28,21,64,50,298,390,83
64,38,258,176,477,525,83
41,30,83,97,374,457,83
45,25,110,72,404,468,83
45,36,106,87,346,415,84
408,318,790,675,620,685,84
52,45,157,114,402,483,84
149,152,214,208,478,518,84
373,290,116,111,376,323,84
126,111,289,248,519,584,84
59,58,165,130,421,480,84
165,106,316,191,505,574,85
67,52,217,227,480,544,85
53,37,152,100,342,464,85
86,56,170,128,434,507,85
36,29,70,67,337,386,85
33,22,93,98,415,475,85
23,25,186,162,478,515,85
23,25,77,56,440,474,85
86,70,147,152,364,467,85
44,27,63,76,234,441,85
37,35,83,102,367,434,86
50,30,88,72,355,437,86
152,137,181,175,494,548,86
73,61,183,168,444,530,86
215,130,301,140,589,384,86
40,24,60,69,362,398,86
29,20,132,97,415,482,86
94,105,156,143,397,475,86
39,48,107,119,444,497,86
10,25,81,80,246,445,86
234,209,446,391,532,615,86
142,169,291,271,511,582,86
9,55,214,224,477,543,86
67,97,187,173,479,551,87
240,281,240,245,498,581,87
29,57,181,189,474,537,87
82,84,170,179,413,499,87
78,93,96,112,369,498,87
13,23,36,55,286,332,87
120,128,163,153,477,552,87
25,30,151,109,367,472,88
27,44,46,57,319,434,88
77,93,203,222,420,505,88
110,119,194,209,492,553,88
19,27,152,91,357,483,88
38,60,67,85,339,488,88
158,150,383,329,526,584,88
28,31,116,104,365,470,88
34,31,146,124,451,538,88
35,24,150,80,234,390,88
68,58,124,87,434,475,89
596,499,775,671,621,689,89
13,23,45,42,370,377,89
22,41,99,112,413,513,89
13,35,149,156,463,513,89
23,37,112,104,386,486,89
8,26,71,81,286,424,89
31,35,100,97,384,410,89
49,49,223,192,454,520,89
273,264,230,208,282,402,89
264,168,277,162,319,432,89
69,59,193,144,404,477,90
38,37,181,158,378,455,90
23,24,101,114,339,480,90
24,30,152,159,410,487,90
64,60,130,117,523,564,90
173,176,267,258,488,542,90
252,259,251,260,510,566,90
71,72,209,181,513,581,90
80,100,110,145,455,552,90
21,54,128,150,389,475,90
61,66,129,117,424,478,91
50,48,144,133,451,482,91
59,56,179,165,451,512,91
22,27,123,89,346,410,91
127,94,273,157,529,590,91
48,52,118,103,389,439,91
125,137,291,280,501,573,91
59,79,105,98,282,323,92
240,165,851,622,623,696,92
531,390,152,120,381,354,92
388,359,698,626,574,644,92
60,58,436,331,439,386,92
82,71,193,173,517,580,92
17,21,44,40,324,394,92
54,44,149,136,407,468,92
25,24,90,95,287,444,92
33,28,60,56,373,417,92
58,43,192,98,437,482,92
54,51,56,44,415,462,92
363,303,346,336,600,666,92
74,65,294,267,500,582,92
43,48,86,110,413,482,92
739,659,729,586,463,378,92
41,49,157,148,458,511,93
34,37,100,84,385,450,93
25,32,82,93,387,461,93
99,98,269,196,386,335,93
44,41,92,82,427,480,93
87,76,181,177,372,445,93
36,43,102,99,410,484,94
19,21,94,80,404,458,94
31,41,166,149,437,491,94
22,28,77,73,409,412,94
94,83,321,275,484,566,94
24,32,215,204,437,479,94
40,35,244,105,441,491,94
84,84,272,257,501,579,94
11,26,59,40,404,447,94
26,30,66,67,349,459,94
25,27,283,273,476,543,94
22,23,121,91,383,458,94
27,22,85,97,309,472,94
199,163,446,383,554,609,94
99,92,135,150,457,511,95
59,50,104,96,379,457,95
103,69,395,313,551,618,95
32,27,75,88,417,475,95
29,23,82,74,329,422,95
81,69,182,176,423,515,95
32,31,69,89,378,428,95
58,62,139,135,415,495,95
60,58,115,128,474,507,95
32,32,73,76,382,439,95
276,240,296,308,534,590,95
45,29,154,119,416,477,95
39,28,117,77,394,424,95
283,250,168,137,511,562,95
67,38,266,169,476,536,96
177,106,597,316,623,458,96
71,63,154,117,376,464,96
51,49,164,163,429,494,96
37,32,75,79,381,452,96
276,240,251,226,467,337,96
454,417,448,382,534,599,96
122,124,278,270,481,537,96
78,76,105,72,443,492,96
515,446,645,542,606,684,96
34,39,86,72,377,449,96
21,21,27,35,332,371,96
101,90,132,124,471,545,96
445,333,78,57,380,411,96
43,53,203,174,423,500,96
9,20,112,92,393,442,96
103,87,180,140,387,484,97
122,103,183,177,469,548,97
30,24,103,81,334,435,97
31,33,146,147,360,449,97
32,36,107,104,451,508,97
51,44,89,95,374,431,97
37,22,174,113,415,504,97
32,24,75,46,358,466,97
32,23,89,70,406,455,97
170,138,227,177,470,534,97
55,62,123,129,397,490,97
12,24,81,85,435,475,97
45,52,267,239,500,541,98
32,36,265,232,445,533,98
23,21,75,87,356,484,98
33,23,90,69,364,445,98
103,100,186,189,397,434,98
30,22,53,67,379,425,98
61,53,101,98,372,452,98
321,273,544,447,539,622,98
57,42,125,116,453,520,98
47,36,133,128,415,474,98
117,102,245,235,489,558,98
86,72,175,178,475,521,98
94,82,141,131,447,512,98
38,28,76,79,394,438,98
42,36,88,62,360,397,98
44,33,140,105,372,449,98
32,25,112,122,429,477,98
26,20,76,89,322,423,98
29,21,73,81,337,367,98
34,24,92,71,400,448,98
56,40,133,127,389,485,98
125,101,352,308,517,564,99
115,99,176,196,427,509,99
216,182,319,264,494,572,99
302,193,151,113,377,325,99
35,32,64,65,420,462,99
33,24,67,65,365,402,100
47,32,163,161,455,525,100
34,23,134,81,416,492,100
48,43,100,108,397,472,100
24,25,47,50,231,371,100
248,230,315,320,529,610,100
45,33,243,186,483,531,100
63,60,131,114,379,455,100
203,185,198,226,492,560,101
73,63,148,151,401,485,101
25,22,100,112,424,518,101
101,89,362,289,540,585,101
257,181,351,249,528,599,101
86,71,99,82,411,489,101
41,43,116,107,378,408,101
39,44,72,78,384,475,101
211,209,239,163,324,405,101
23,25,93,93,351,451,101
16,21,74,69,415,486,101
55,45,152,102,473,527,101
54,35,291,236,456,523,101
56,39,140,145,453,520,102
33,29,82,86,403,481,102
34,32,56,72,384,449,102
82,74,191,189,424,484,102
30,24,36,51,400,448,102
93,82,224,189,472,520,102
31,30,93,112,423,476,102
108,88,157,159,481,543,102
73,44,429,306,520,591,102
51,35,135,98,429,463,102
71,50,214,189,507,557,102
27,20,54,75,389,470,102
196,165,432,382,513,564,102
35,26,76,75,389,444,102
49,34,140,137,469,513,102
26,20,88,74,377,439,103
240,206,382,357,432,462,103
32,25,53,55,338,412,103
111,89,188,182,490,558,103
190,164,283,268,513,579,103
58,47,112,104,378,482,103
34,30,102,122,372,447,103
164,152,289,211,500,574,103
19,26,75,89,360,453,103
45,45,110,93,426,462,103
28,30,68,69,421,420,103
60,47,58,66,337,427,103
234,213,238,243,512,571,103
52,40,86,103,414,447,103
41,26,127,80,410,483,104
308,275,191,145,414,436,104
38,38,80,91,397,450,104
330,296,283,282,550,627,104
33,34,46,69,370,445,104
29,27,67,54,327,419,104
28,25,88,92,383,440,104
22,20,81,59,417,434,104
45,31,168,156,384,488,104
30,21,69,86,310,408,104
169,137,511,354,560,607,104
60,47,139,151,449,514,104
48,40,41,59,387,453,104
44,38,93,90,363,440,104
35,32,106,90,460,471,105
167,128,234,195,456,511,105
63,38,216,101,470,497,105
126,110,304,285,478,551,105
700,571,768,679,649,706,105
30,27,135,138,403,464,105
76,76,235,245,460,504,105
24,22,43,52,369,401,105
23,20,62,64,339,440,105
43,36,154,112,364,431,105
69,44,349,311,516,577,105
779,639,878,700,653,724,105
47,41,160,175,438,474,105
158,147,302,296,473,537,106
18,21,63,64,300,406,106
22,26,156,146,445,494,106
39,39,105,96,424,444,106
70,66,155,162,461,517,106
41,27,76,77,168,436,106
55,37,222,194,472,553,106
217,188,430,358,526,596,107
219,194,253,231,547,608,107
46,24,178,74,441,403,107
149,150,240,235,484,547,107
313,267,432,371,472,332,107
109,78,311,236,506,552,107
158,135,170,116,464,550,107
106,88,140,143,464,512,107
89,85,130,111,409,481,107
25,23,38,51,345,410,107
500,461,494,460,577,636,107
38,42,129,112,427,483,107
138,124,135,121,460,534,107
18,21,54,64,398,430,107
32,27,60,72,303,445,107
28,31,86,67,398,431,107
388,267,124,66,355,324,107
34,24,112,115,347,424,107
75,61,189,183,427,503,108
169,130,373,294,514,589,108
46,33,63,70,372,453,108
50,36,79,79,427,460,108
37,28,69,72,356,392,108
44,28,56,63,459,517,108
64,47,270,252,479,533,108
125,105,225,216,447,515,108
228,193,340,321,512,570,108
93,69,250,238,502,586,108
39,25,121,98,427,470,108
58,33,146,94,410,448,108
33,26,91,95,406,466,108
16,24,108,87,388,461,109
47,46,98,94,370,461,109
31,21,97,100,342,432,109
210,187,128,137,384,404,109
29,25,72,92,421,446,109
189,147,135,57,337,373,109
46,46,147,159,427,502,110
30,29,102,97,361,460,110
501,465,571,522,584,651,110
274,264,341,292,526,608,110
194,188,270,273,526,615,110
35,49,110,97,426,486,110
15,24,202,161,390,490,110
18,22,57,53,243,455,110
14,23,28,54,313,420,110
14,21,63,67,370,414,110
34,27,120,81,406,498,110
22,25,55,48,355,417,110
157,143,381,364,523,593,110
37,34,265,222,509,552,110
230,181,504,435,568,603,110
119,119,162,167,414,492,110
45,42,114,106,433,508,111
261,248,383,368,523,599,111
90,78,267,169,489,565,111
16,20,62,69,368,473,111
26,25,177,147,445,479,111
21,24,99,91,395,448,111
48,54,118,133,433,481,111
12,22,90,70,351,439,111
57,79,115,113,454,523,111
51,59,191,189,500,566,111
18,25,114,104,391,430,111
19,22,62,64,368,381,111
113,112,154,168,445,525,111
17,22,114,85,435,451,111
29,24,130,105,459,518,111
42,42,44,48,369,445,111
30,30,115,124,414,501,111
44,35,178,116,473,532,111
22,22,145,126,426,523,111
27,33,62,73,312,419,112
494,468,542,514,547,605,112
23,24,126,139,410,455,112
12,20,114,97,389,444,112
143,136,191,184,467,524,112
17,26,87,85,387,448,112
27,33,142,124,440,510,112
58,72,213,206,452,498,112
14,23,72,76,413,470,112
499,416,368,275,510,544,113
53,50,153,153,434,505,113
61,60,85,97,407,448,113
55,56,92,97,402,469,113
23,23,77,77,366,430,113
25,24,92,88,408,429,113
57,34,230,100,450,490,113
20,21,90,88,404,428,114
42,39,174,182,455,494,114
36,26,167,125,401,481,114
31,28,134,106,379,459,114
21,21,42,58,358,422,114
26,26,104,103,352,433,114
44,37,133,111,420,467,114
176,145,585,489,382,378,114
86,74,195,198,504,544,114
29,39,88,93,403,424,115
33,30,139,92,433,496,115
22,32,40,45,397,482,115
15,20,84,75,322,438,115
164,162,290,277,486,554,115
166,159,225,234,469,557,115
35,34,83,88,377,455,115
16,20,45,50,373,416,115
11,21,133,96,319,424,115
15,21,67,81,311,407,115
19,25,47,62,402,416,115
20,20,57,65,299,406,115
31,32,191,179,284,405,116
54,51,173,173,463,498,116
96,76,173,140,514,559,116
34,30,99,97,352,433,116
249,217,242,234,454,452,116
163,126,407,377,534,595,116
18,21,55,56,347,393,116
23,22,92,92,410,460,116
20,28,72,77,369,418,116
105,58,507,336,540,606,117
22,29,67,74,400,462,117
27,25,122,135,437,463,117
25,27,131,128,407,447,117
163,135,343,280,463,377,117
39,26,170,110,451,506,117
76,69,189,159,421,503,117
63,63,138,118,472,511,117
56,56,203,194,445,497,117
15,21,99,82,234,397,117
45,51,113,132,431,485,117
21,22,79,70,351,417,118
100,91,71,93,387,408,118
20,21,90,91,360,440,118
68,58,212,207,461,547,118
18,24,29,41,385,450,118
653,384,429,274,448,442,118
76,84,200,177,442,534,118
29,37,116,118,382,479,118
18,22,56,56,274,411,118
28,36,155,124,460,519,118
19,24,134,105,351,447,118
67,57,203,162,460,498,119
37,31,185,184,438,492,119
27,22,158,154,404,468,119
42,36,47,62,408,466,119
49,52,73,84,380,466,119
50,50,134,115,412,491,119
54,47,40,42,413,473,119
46,36,192,177,440,527,119
60,42,67,55,417,491,119
54,43,77,92,418,503,119
148,118,268,242,512,583,119
124,113,192,183,479,562,119
31,24,92,78,318,458,119
237,211,465,409,540,619,119
61,46,352,299,505,596,120
314,217,832,677,617,681,120
74,61,151,121,443,516,120
90,59,220,166,438,512,120
37,33,81,88,402,477,120
87,67,368,271,514,569,120
30,29,97,78,406,450,120
80,77,248,225,495,560,120
170,150,296,290,550,612,120
38,54,106,107,459,506,120
555,368,202,157,464,492,120
40,37,90,78,452,477,121
31,33,152,146,470,504,121
21,23,93,93,417,460,121
93,92,110,121,421,464,121
445,409,438,410,575,641,121
310,282,343,324,502,575,121
23,24,118,123,382,387,121
83,78,140,141,441,523,121
19,22,49,46,386,416,121
82,48,291,167,480,549,121
36,29,123,130,311,452,121
88,66,220,186,531,592,121
108,88,298,271,395,362,121
29,22,74,66,374,391,122
48,40,127,130,474,498,122
95,74,316,289,534,579,122
34,39,70,78,429,511,122
31,27,82,87,298,436,122
87,80,99,102,401,460,122
43,39,86,75,385,463,122
346,196,225,187,414,441,122
98,93,210,185,378,492,122
46,50,148,136,455,520,122
28,25,119,99,371,449,122
31,33,104,88,352,456,122
13,20,64,67,274,438,122
368,336,428,395,548,616,122
58,54,248,190,435,494,122
25,22,30,49,362,428,122
71,60,160,158,427,482,122
37,31,79,72,433,443,123
311,258,501,450,562,629,123
34,28,123,116,423,446,123
314,282,206,212,513,563,123
208,185,290,259,509,578,123
24,23,48,50,325,385,123
93,67,361,312,535,616,123
64,37,170,137,427,503,123
250,233,397,356,538,604,123
29,24,49,53,339,396,123
26,22,106,110,378,404,123
20,20,84,98,329,426,123
397,326,293,248,480,489,123
141,130,259,205,469,525,123
20,25,88,70,364,477,123
36,28,53,58,372,413,123
31,28,43,62,369,428,123
37,27,80,80,406,457,124
34,24,118,95,412,475,124
39,34,73,70,324,429,124
36,22,56,43,376,429,124
94,63,216,170,513,558,124
38,26,131,130,389,345,124
33,31,92,96,418,443,124
43,39,157,152,424,499,124
30,33,108,121,428,464,124
23,23,92,98,345,429,124
59,56,153,150,436,523,125
38,39,119,123,375,428,125
77,59,134,107,404,355,125
144,139,176,180,479,547,125
55,38,111,88,392,471,125
48,34,151,140,462,509,125
99,83,163,143,432,481,125
81,68,152,153,449,521,125
121,109,162,153,513,587,125
39,32,155,139,373,445,126
131,115,275,230,491,536,126
35,24,119,109,382,479,126
18,20,63,78,385,437,126
28,34,162,131,431,488,126
51,43,152,140,460,514,126
90,92,199,186,454,520,126
46,49,86,111,318,464,126
37,29,82,71,432,476,126
66,59,253,223,466,546,126
44,40,163,146,467,480,126
51,37,124,130,408,431,126
105,89,265,248,496,550,126
36,34,57,66,355,430,126
765,387,458,201,517,550,126
114,91,461,394,545,598,126
239,219,621,572,443,370,126
44,37,105,105,290,442,126
131,112,242,235,508,565,126
32,22,65,71,299,389,127
19,23,96,97,410,468,127
22,22,78,76,437,439,127
19,20,84,75,188,400,127
28,20,80,81,437,378,127
28,21,68,78,397,458,127
24,22,63,81,382,432,127
65,54,107,97,453,493,127
83,68,184,189,458,525,127
34,24,42,43,350,443,127
28,20,116,85,318,412,127
110,86,252,190,491,550,127
110,98,189,175,433,507,127
49,35,77,58,326,381,128
41,28,82,75,419,495,128
34,26,71,70,353,446,128
65,52,116,117,345,452,128
32,26,79,81,422,422,128
38,31,65,91,360,438,128
21,21,67,87,329,349,128
19,24,54,79,385,387,128
29,39,58,70,391,460,128
24,24,69,52,301,433,128
59,64,378,303,524,602,128
36,39,167,150,445,509,128
26,26,82,73,363,437,128
25,27,83,90,399,496,128
36,30,124,116,359,482,129
171,158,178,161,347,350,129
60,44,244,211,465,541,129
187,114,83,84,357,336,129
27,22,79,77,283,410,129
39,24,156,123,397,449,129
26,20,54,60,193,392,129
124,95,385,331,540,594,129
34,27,91,80,377,458,129
75,65,204,178,424,463,129
31,22,140,123,425,443,129
36,43,140,125,451,501,129
382,293,161,98,343,333,129
244,230,373,346,533,607,129
89,76,247,201,531,587,130
34,24,70,74,337,450,130
382,344,377,351,541,616,130
251,224,140,97,359,323,130
379,352,190,180,382,339,130
103,82,241,204,484,549,130
34,22,112,82,372,457,130
176,126,397,350,536,617,130
50,38,130,87,392,475,130
32,26,66,73,322,428,130
60,50,238,201,433,493,131
106,112,140,157,430,522,131
34,36,96,122,349,437,131
122,104,150,149,468,517,131
36,27,86,64,367,435,131
89,80,99,105,422,488,131
270,231,566,434,554,615,131
55,43,75,76,375,417,132
44,39,111,113,379,472,132
71,67,154,168,440,503,132
156,145,346,335,508,568,132
403,289,612,407,472,442,132
16,34,112,113,327,483,132
14,21,83,74,397,449,132
18,25,94,70,371,471,132
635,572,710,674,585,642,132
29,23,149,134,406,501,132
106,82,218,201,522,575,132
30,28,84,72,343,406,132
35,21,28,22,410,445,132
205,186,267,280,500,560,132
56,44,53,59,377,438,132
37,31,57,71,335,422,133
536,459,670,613,614,673,133
30,23,36,46,217,375,133
24,26,73,71,343,443,133
40,41,28,18,306,423,133
11,20,40,53,316,428,133
21,25,84,92,306,398,133
22,23,93,87,401,470,133
38,31,101,78,371,457,133
253,186,602,500,579,647,133
22,30,99,122,418,465,133
60,53,35,45,377,468,133
52,39,80,66,310,342,133
33,27,44,60,348,461,133
28,20,86,48,408,453,133
31,26,83,61,373,400,134
246,174,405,179,530,588,134
99,78,208,189,509,557,134
70,40,72,65,325,398,134
48,30,158,80,440,454,134
27,24,77,78,354,381,134
55,59,278,246,502,579,134
20,35,343,267,436,452,134
16,39,222,196,391,481,134
36,87,164,165,441,534,135
289,305,320,281,495,572,136
26,43,49,60,296,414,136
100,108,180,166,439,519,136
43,58,153,144,414,500,136
29,56,110,137,356,449,136
296,258,897,709,558,582,137
9,26,126,140,404,452,137
26,44,122,119,422,473,137
61,70,198,169,393,510,137
10,20,61,53,312,442,137
80,87,196,190,454,541,137
37,46,170,153,414,481,137
11,27,85,100,384,421,137
15,26,159,145,405,464,137
292,210,86,99,376,399,137
59,68,136,129,397,478,138
17,26,140,124,459,527,138
21,38,103,83,424,478,138
140,160,200,206,523,580,138
28,55,91,112,398,498,138
13,37,107,91,387,458,138
69,83,199,180,483,545,138
8,20,124,64,383,468,138
24,34,120,97,421,510,138
20,24,153,137,448,498,138
100,93,474,388,522,596,138
102,96,390,331,532,611,138
61,73,166,142,427,473,139
80,71,304,251,386,384,139
120,112,246,132,456,538,139
101,66,635,302,583,649,139
99,104,415,285,537,615,139
86,98,353,268,539,607,139
47,81,213,200,465,526,139
13,22,188,108,444,517,139
43,48,178,115,446,518,139
48,37,205,150,482,507,140
21,34,98,90,395,465,140
17,20,52,60,380,430,140
21,23,69,66,406,430,140
127,120,143,142,428,516,140
38,34,129,63,403,471,140
37,39,122,116,422,469,140
20,28,109,122,468,522,140
98,96,296,274,495,562,141
11,20,78,90,391,467,141
39,26,142,72,460,526,141
299,255,408,324,534,597,141
20,21,135,140,393,458,141
35,31,78,96,424,451,141
43,26,211,134,475,531,141
44,47,176,151,518,568,141
23,38,114,104,426,477,141
239,243,340,330,518,575,141
9,31,64,90,350,405,142
20,36,84,97,403,452,142
16,21,131,135,455,511,142
22,32,122,124,395,471,142
74,55,281,161,460,504,142
52,57,49,69,405,499,142
27,25,55,49,329,398,142
39,41,187,181,438,500,143
166,177,267,233,498,564,143
28,52,75,74,284,389,143
38,68,135,141,478,522,143
29,27,46,59,204,399,143
29,25,92,87,409,416,143
25,26,57,62,444,517,143
42,33,161,96,302,446,143
27,20,47,57,393,441,143
107,90,146,108,454,503,143
39,35,49,51,389,480,144
34,27,90,85,397,489,144
28,23,56,64,360,439,144
42,45,99,87,409,448,144
26,21,34,49,360,440,144
20,20,52,68,347,427,144
174,133,353,321,475,466,144
26,24,113,107,411,439,144
26,23,125,114,379,479,145
47,42,52,53,351,433,145
26,30,142,149,449,490,145
18,40,201,176,444,505,145
43,53,221,204,450,519,145
11,24,191,174,441,503,145
16,33,117,108,409,452,145
82,100,123,130,457,497,145
17,34,58,63,330,417,145
26,45,145,147,423,483,146
39,60,46,72,423,494,146
65,69,54,70,447,466,146
64,46,200,164,484,549,146
43,37,111,85,396,480,146
50,37,204,158,399,512,146
50,55,110,123,416,485,146
183,181,389,374,533,603,146
34,40,271,181,508,566,147
187,197,329,305,530,584,147
24,36,184,176,492,547,147
410,375,364,324,599,666,147
229,236,127,118,517,380,147
18,24,91,89,347,444,147
203,158,346,291,533,585,147
51,33,111,110,435,485,147
86,57,221,213,505,548,147
89,73,126,122,399,484,147
34,31,104,104,456,491,147
39,30,214,189,439,518,147
113,93,402,319,515,582,148
42,35,150,141,390,439,148
18,28,50,63,372,454,148
36,23,143,123,433,495,148
59,47,107,105,427,477,148
37,37,83,87,371,447,148
31,29,61,60,422,453,148
70,60,121,127,422,460,148
29,24,44,62,412,445,148
58,39,146,127,404,489,148
120,92,261,226,507,544,148
42,31,91,90,370,447,148
69,42,248,228,445,450,148
52,28,81,36,364,428,148
49,36,122,113,444,496,148
52,33,189,149,404,439,148
91,73,139,135,423,473,149
150,131,189,177,474,532,149
756,656,311,260,471,394,149
12,25,142,108,422,491,149
44,39,238,124,474,540,149
74,63,242,200,429,540,149
775,681,678,626,612,684,149
421,365,638,563,561,636,150
163,135,250,192,470,530,150
35,21,86,68,320,442,150
16,22,122,107,346,443,150
44,30,55,68,391,421,150
36,26,134,125,370,481,150
25,24,71,82,342,433,150
213,140,860,677,632,705,150
77,68,185,187,458,507,150
52,51,153,135,406,477,150
90,96,130,151,437,498,150
15,24,130,107,417,489,150
53,52,253,232,431,442,150
111,114,152,167,429,504,150
29,40,174,152,384,358,150
54,47,110,100,356,425,150
30,20,112,101,384,427,150
71,56,116,97,422,487,150
145,122,410,369,514,578,151
31,22,84,80,382,441,151
52,40,108,124,429,476,151
134,114,105,119,443,512,151
36,22,116,105,362,460,151
56,33,107,61,369,471,151
41,27,49,60,376,453,151
93,75,125,140,471,530,151
33,23,77,87,375,351,151
61,44,48,75,412,459,151
171,150,238,239,444,509,151
31,23,99,90,405,475,151
265,254,375,337,519,579,152
56,40,194,151,449,524,152
44,27,149,109,439,485,152
29,20,68,50,316,378,152
71,54,133,105,414,477,152
100,87,165,164,432,494,152
31,23,84,75,382,470,152
80,73,201,184,470,524,152
125,151,248,263,487,539,153
14,31,58,49,370,426,153
545,509,667,559,611,682,153
20,35,119,115,397,470,153
71,58,98,102,410,504,153
20,24,121,123,369,431,153
289,201,631,511,477,436,153
22,20,33,33,369,445,153
140,113,269,237,498,578,154
54,45,89,90,445,496,154
43,42,134,127,437,493,154
32,26,104,91,385,490,154
30,26,71,63,320,365,154
389,344,409,341,568,648,154
84,73,157,146,438,502,154
228,205,274,259,520,593,154
34,24,203,176,457,509,154
28,22,76,92,417,394,154
160,141,386,351,519,583,154
55,39,155,134,423,492,154
203,161,396,361,546,614,154
29,25,129,117,433,482,154
52,33,120,83,436,484,154
141,111,207,163,484,534,154
53,35,92,84,443,447,154
121,82,391,338,512,567,155
122,104,167,173,427,491,155
130,118,304,264,503,585,155
31,27,94,70,308,428,155
91,73,326,281,469,549,155
45,40,135,138,381,483,155
32,28,222,160,469,517,155
55,44,282,259,486,556,155
177,157,154,144,288,357,155
106,90,176,162,419,496,156
43,21,147,101,456,469,156
39,24,92,75,387,452,156
42,28,273,239,518,556,156
28,23,91,78,406,474,156
41,29,113,66,410,473,156
44,50,125,116,319,418,156
26,23,118,116,398,452,156
70,74,205,179,444,527,156
22,26,91,102,411,475,156
75,84,196,193,466,520,156
30,33,154,137,281,341,157
84,77,97,111,436,495,157
30,20,72,61,253,378,157
39,20,43,39,337,377,157
273,237,258,244,529,590,157
39,23,80,65,338,398,157
50,33,136,127,414,491,157
83,58,109,111,439,506,157
76,54,116,128,436,495,157
161,144,197,207,461,521,157
42,31,123,122,417,485,157
150,124,387,336,515,601,157
74,67,51,60,412,488,157
30,26,48,55,371,452,158
99,81,129,138,453,451,158
127,103,251,205,544,601,158
132,110,247,232,479,546,158
33,22,33,41,221,372,158
172,142,217,207,503,575,158
104,91,112,114,414,496,158
28,21,70,84,397,418,158
62,50,131,118,429,464,158
143,117,212,167,442,519,158
33,26,51,51,381,444,158
62,40,114,127,459,564,158
76,52,189,180,461,515,158
74,55,132,125,409,459,158
311,258,373,348,550,622,158
38,30,121,118,416,464,158
24,21,74,67,356,417,159
58,46,140,152,396,499,159
33,28,119,93,389,436,159
90,71,176,140,440,487,159
20,20,53,51,390,426,159
24,24,29,26,365,351,159
27,20,59,58,375,453,159
40,32,113,114,439,494,159
38,28,82,78,406,481,159
67,52,163,158,419,455,159
37,22,93,60,357,392,160
49,36,63,72,350,426,160
76,68,117,113,404,477,160
68,57,127,134,447,509,160
603,475,652,562,617,658,160
44,43,126,127,422,451,160
244,217,459,394,476,415,160
22,21,37,50,376,335,160
29,26,166,143,462,531,160
19,31,71,92,403,475,160
22,40,87,84,304,465,160
91,86,312,258,518,594,160
42,40,154,147,390,472,160
364,338,268,264,562,620,160
104,89,180,162,446,513,160
34,21,167,157,515,568,160
37,23,74,78,373,423,160
59,37,172,155,446,502,161
254,175,357,210,550,601,161
34,21,118,93,393,378,161
37,25,188,148,426,506,161
41,30,98,101,272,416,161
48,32,100,68,384,471,161
67,55,164,131,376,453,161
464,339,825,676,574,602,162
33,22,112,110,399,460,162
141,84,418,246,515,591,162
106,87,128,130,402,483,162
167,145,117,132,418,506,162
443,343,724,598,624,682,162
57,35,132,120,396,437,162
71,55,231,226,496,548,162
143,135,113,107,404,501,162
32,31,142,107,409,474,162
40,33,101,104,372,452,162
236,145,173,149,380,364,162
38,34,150,122,406,466,162
19,21,81,76,403,419,162
42,54,223,214,391,483,163
125,105,630,459,579,612,163
26,25,163,122,349,470,163
120,104,184,167,472,550,163
126,113,168,173,469,553,163
75,57,112,123,417,421,163
34,23,69,76,309,399,163
718,470,849,553,687,712,163
38,28,68,84,350,416,163
74,58,121,88,366,376,163
16,20,52,59,342,391,163
300,235,670,551,613,687,163
110,112,191,179,454,534,164
169,140,242,223,493,555,164
98,82,129,140,470,526,164
25,21,76,72,327,362,164
23,23,61,54,279,442,164
54,39,163,107,370,475,164
33,23,45,64,390,440,164
41,25,83,83,416,447,164
67,50,91,73,380,438,164
350,275,498,378,531,597,164
132,109,45,53,479,525,164
42,24,130,78,327,409,164
33,21,78,78,298,398,164
42,28,105,95,391,431,164
36,20,31,48,331,369,164
39,22,79,94,382,450,164
37,24,61,68,389,423,165
329,151,663,314,575,650,165
160,119,438,398,535,611,165
33,20,45,51,375,390,165
361,248,170,83,421,440,165
114,89,196,180,413,540,166
70,42,129,67,409,480,166
34,22,114,107,405,453,166
45,35,76,83,325,426,166
34,37,82,94,386,471,166
33,29,99,78,380,447,166
28,36,124,111,389,479,166
166,148,520,431,581,629,166
28,34,316,222,462,535,166
10,24,98,91,374,442,166
24,22,93,76,432,469,166
74,62,172,171,457,527,167
35,36,75,97,391,414,167
46,33,79,82,191,379,167
28,20,109,98,437,502,167
34,28,78,58,356,428,167
62,51,182,163,419,488,167
101,89,181,161,452,500,167
62,58,72,83,370,465,167
91,69,297,241,504,576,167
61,51,181,155,442,490,167
54,45,152,149,434,493,167
275,240,312,244,528,588,167
29,26,133,128,393,472,167
32,29,107,84,351,408,167
45,32,150,113,400,463,167
372,276,226,196,472,521,168
40,36,69,69,375,480,168
90,73,89,84,270,322,168
161,138,80,63,454,534,168
86,62,172,141,476,547,168
169,131,370,344,511,601,168
39,23,82,87,379,414,168
33,21,27,36,325,391,168
107,90,139,134,447,515,168
36,24,56,69,315,425,168
151,128,254,253,498,553,168
51,37,70,73,392,452,168
38,22,89,98,420,465,168
263,153,125,61,419,401,168
42,20,105,63,389,448,168
50,48,157,159,412,444,168
28,25,31,45,365,408,169
236,216,294,266,526,616,169
43,47,89,69,373,452,169
46,41,140,132,460,470,169
177,160,188,198,465,538,169
114,92,196,170,424,527,169
56,40,52,70,352,446,169
52,35,76,97,476,494,169
36,23,80,63,356,434,169
61,36,207,131,456,520,169
298,231,770,625,575,626,169
50,32,77,84,359,431,169
420,369,395,368,550,619,169
63,44,93,81,372,453,169
28,20,77,78,379,428,169
126,126,192,198,466,534,169
77,60,334,278,499,568,169
19,35,55,57,332,455,169
20,25,204,102,391,476,170
10,21,118,112,398,476,170
208,214,405,385,496,596,170
65,63,282,127,458,530,170
26,42,165,158,466,550,170
154,160,246,243,496,549,170
27,26,74,70,254,348,170
35,28,75,77,365,381,170
31,25,107,81,402,445,170
23,23,124,139,346,431,171
114,87,478,367,544,611,171
91,82,176,152,466,530,171
85,104,251,230,356,335,171
15,21,53,46,303,397,171
88,95,187,132,476,534,171
32,26,65,65,376,437,171
43,36,66,64,396,395,171
61,35,190,143,481,524,171
74,49,159,138,421,502,172
90,68,211,171,489,549,172
35,30,72,78,405,450,172
245,202,217,195,540,615,172
69,54,160,160,455,519,172
32,20,78,66,382,453,172
29,20,49,67,236,398,172
35,22,92,99,353,430,172
32,21,66,67,325,405,172
34,24,80,78,390,431,172
331,304,256,245,483,460,172
12,27,45,53,404,444,172
31,30,196,103,463,535,172
27,33,108,100,404,481,172
11,22,43,52,371,421,172
36,39,120,129,421,448,172
32,23,59,56,352,443,173
45,46,102,95,346,453,173
28,28,138,133,430,517,173
127,117,246,235,461,531,173
35,32,109,85,424,456,173
82,69,206,189,469,520,173
40,41,125,125,370,457,173
40,38,141,143,423,495,173
15,36,66,64,355,432,173
12,29,117,98,462,514,174
17,35,70,71,363,437,174
37,53,98,94,435,478,174
14,30,106,106,380,460,174
76,88,210,191,443,506,174
33,31,93,113,395,464,174
47,35,151,140,436,486,174
50,41,90,84,342,457,174
65,48,128,118,375,460,174
47,33,98,116,315,435,174
38,25,187,102,482,534,174
25,33,108,115,384,486,175
14,22,67,73,326,388,175
21,37,72,77,423,455,175
672,606,898,768,595,632,175
60,47,65,75,420,470,175
190,136,727,605,492,340,175
49,31,97,95,353,400,175
54,32,97,93,329,441,175
99,73,163,137,446,507,175
65,51,172,156,406,458,175
76,46,154,77,387,452,175
46,27,62,47,342,423,175
37,23,53,67,394,459,175
40,31,30,57,388,434,175
40,32,54,62,385,473,176
20,27,74,86,407,476,176
45,34,88,77,420,449,176
64,61,55,78,371,465,176
41,25,85,73,397,436,176
30,21,73,80,276,439,176
48,31,94,99,388,480,176
50,39,68,75,373,417,176
38,28,72,80,349,437,177
50,33,107,112,409,498,177
35,25,116,95,264,438,177
54,58,144,137,412,468,177
14,33,126,122,369,469,177
13,24,97,82,404,442,177
40,35,203,180,447,502,177
27,20,75,80,380,419,178
35,29,77,75,376,459,178
63,46,162,167,426,507,178
63,39,95,106,434,459,178
307,197,175,133,411,408,178
464,368,817,693,610,679,178
60,39,190,134,483,404,178
24,24,184,164,368,448,178
77,67,144,126,451,499,178
117,105,254,234,491,558,178
62,45,54,64,413,485,178
59,42,119,109,393,454,179
91,69,132,136,457,521,179
49,25,86,84,365,462,179
144,125,251,254,502,582,179
552,489,403,389,561,636,179
53,31,71,64,370,446,179
367,304,453,385,568,636,179
134,97,279,228,496,562,179
115,91,296,263,503,562,179
23,20,47,54,328,400,179
39,49,220,202,463,538,180
28,37,79,74,409,451,180
522,439,398,324,600,666,180
599,508,435,397,459,357,180
33,24,106,75,372,431,180
36,20,55,53,282,382,180
43,25,64,77,322,411,180
33,21,76,69,381,420,180
65,50,229,222,467,534,180
84,80,182,184,488,537,181
21,23,67,68,360,435,181
49,58,137,137,422,475,181
56,73,149,136,426,497,181
95,104,270,245,501,558,181
23,36,194,196,440,491,181
23,33,62,73,356,426,181
36,28,199,188,440,502,181
57,38,107,110,435,519,181
40,24,68,72,283,421,181
51,30,61,58,340,434,181
62,39,87,86,487,534,181
41,23,141,134,405,451,181
67,37,129,80,368,441,182
38,26,58,60,313,381,182
49,34,71,78,339,427,182
47,35,137,102,409,496,182
167,142,259,232,488,538,182
34,21,39,49,383,450,182
35,23,37,54,300,420,182
159,135,76,85,473,525,182
43,25,62,72,364,389,182
51,28,74,69,358,440,182
70,49,61,77,430,469,182
41,24,72,70,363,396,183
42,24,110,112,364,421,183
76,50,136,109,392,460,183
44,26,73,56,363,335,183
58,33,190,184,378,441,183
48,23,67,33,386,465,183
164,148,180,175,466,542,183
116,94,148,88,301,330,183
133,111,214,153,434,526,183
215,184,620,527,579,643,183
121,137,153,157,481,542,183
10,23,45,47,409,437,183
21,30,122,130,460,511,184
33,29,66,80,430,466,184
157,114,156,164,427,453,184
40,29,112,80,349,450,184
250,206,262,232,516,579,184
400,317,807,712,608,674,184
46,37,68,76,360,437,184
151,121,328,301,520,592,184
44,32,69,50,406,436,184
142,99,412,369,556,619,184
27,20,60,60,367,421,184
33,27,43,56,370,362,184
94,83,235,233,481,533,184
34,24,109,108,409,495,185
61,41,152,125,372,440,185
37,21,67,57,358,423,185
67,41,177,143,405,474,185
300,188,453,269,542,604,185
95,68,139,130,431,457,185
67,40,165,159,422,479,185
33,20,64,57,381,423,185
44,25,53,53,249,413,185
66,34,115,88,467,485,185
128,90,187,116,438,526,185
74,51,80,94,429,454,185
69,49,90,97,358,459,186
42,32,67,63,298,402,186
50,41,131,133,437,485,186
49,38,81,100,372,450,186
59,41,271,252,460,538,186
96,71,269,256,487,576,186
40,27,64,60,354,398,186
74,53,121,123,402,455,186
36,22,60,40,365,393,186
84,64,112,100,400,474,186
31,24,34,50,414,426,186
187,152,244,247,517,563,186
39,25,80,80,303,396,186
100,77,209,207,421,493,186
31,24,164,174,306,436,187
66,67,99,112,407,465,187
78,65,187,177,416,471,187
69,70,210,212,477,538,187
14,20,92,87,382,422,187
33,40,91,95,400,472,187
50,46,118,120,414,487,187
30,32,102,102,356,430,187
43,26,129,55,343,374,187
37,26,98,100,402,438,187
183,149,328,303,519,577,187
68,42,88,72,420,492,188
52,30,74,46,373,429,188
58,36,94,89,414,485,188
114,96,122,134,420,470,188
31,21,51,48,285,409,188
190,157,425,370,545,604,188
115,97,265,258,439,535,188
33,24,62,61,403,423,188
83,71,107,118,442,464,188
25,21,60,58,329,436,188
40,30,93,101,380,446,188
142,103,357,309,542,615,188
54,34,162,122,434,512,188
143,106,261,201,502,574,188
27,23,86,84,391,431,188
37,22,86,98,411,476,188
37,22,48,44,291,382,188
203,175,179,188,447,546,189
31,20,73,65,383,388,189
85,64,280,264,491,534,189
63,48,76,88,440,454,189
9,21,76,56,265,410,189
142,90,575,478,582,643,189
63,40,166,169,453,511,189
32,26,111,107,322,437,189
428,402,295,321,520,583,189
39,20,132,91,470,530,190
38,27,57,78,374,427,190
56,25,133,65,415,454,190
47,25,122,67,395,473,190
39,25,37,51,355,438,190
119,82,337,299,467,532,190
56,43,138,143,391,454,190
26,24,42,53,365,434,190
19,22,77,70,401,449,191
30,23,120,95,396,419,191
92,90,151,127,419,494,191
444,397,274,240,458,477,191
45,38,226,208,451,519,191
50,42,51,66,341,429,191
55,47,227,228,462,506,191
46,40,82,78,376,422,191
37,26,103,76,409,434,191
40,25,172,154,420,513,191
45,27,125,135,474,502,191
73,52,142,124,362,440,191
49,29,78,94,332,468,191
333,246,482,430,603,680,191
153,123,247,202,479,542,191
45,26,96,101,358,406,191
135,101,431,334,532,595,191
61,45,80,89,407,488,192
22,20,104,110,327,421,192
30,23,52,61,384,457,192
43,39,161,153,410,495,192
33,24,77,80,397,412,192
129,101,212,191,438,517,192
29,20,62,66,348,420,192
46,27,65,63,325,415,192
357,326,297,270,530,595,192
98,77,117,109,434,487,193
31,23,86,66,374,462,193
89,73,235,193,484,537,193
28,22,117,116,343,428,193
120,107,293,298,511,567,193
148,111,357,324,528,597,193
37,27,65,79,401,423,193
156,133,251,220,523,568,193
53,38,28,33,387,478,194
89,66,164,174,467,531,194
47,31,99,112,410,436,194
54,27,125,74,425,394,194
71,41,177,125,416,485,194
46,33,75,60,431,468,194
16,22,81,85,372,418,194
35,21,78,56,429,464,194
42,27,153,121,320,501,194
149,139,247,253,529,598,194
21,25,120,107,337,482,194
30,30,82,81,370,453,194
95,87,191,195,434,487,194
57,45,222,195,474,535,194
75,58,337,289,472,571,194
34,30,46,55,366,432,194
27,23,70,78,290,431,194
40,22,97,58,351,434,194
40,30,163,113,409,469,195
42,29,90,75,371,403,195
34,23,63,63,279,422,195
47,32,46,56,320,409,195
87,65,148,152,418,459,195
46,30,52,78,361,445,195
55,41,83,99,409,460,195
60,42,85,80,357,438,195
34,24,41,40,395,387,195
47,28,41,48,380,407,195
42,27,82,76,369,423,195
61,41,135,115,458,488,195
107,85,163,141,424,493,195
79,72,51,65,445,525,195
298,270,391,347,529,591,195
50,35,153,108,410,497,195
44,30,140,107,446,505,195
52,36,67,69,344,451,196
59,42,174,156,423,451,196
50,37,96,87,349,454,196
94,61,190,100,471,534,196
268,232,515,441,538,573,196
59,39,156,131,391,487,196
70,48,146,152,474,543,196
53,31,100,96,436,509,196
85,58,207,205,461,501,196
46,29,127,129,383,426,196
71,47,145,103,398,463,197
35,31,106,118,356,451,197
91,68,259,182,437,340,197
324,231,873,626,601,669,197
22,20,55,54,353,454,197
29,38,116,118,303,478,197
26,28,158,150,440,516,197
105,96,182,188,428,499,197
31,29,49,44,354,425,197
29,22,107,82,387,436,197
37,20,116,71,406,471,197
43,27,61,63,392,426,197
156,125,486,396,535,590,197
51,38,118,104,394,442,197
34,21,37,47,358,398,197
33,22,66,66,417,472,197
52,25,181,95,400,480,197
187,168,182,186,485,543,197
61,48,26,41,412,433,197
27,21,53,52,392,411,198
40,42,107,116,377,470,198
54,55,154,147,428,503,198
40,42,82,99,400,484,198
54,49,71,80,431,506,198
101,77,475,380,567,644,198
155,154,239,234,483,555,198
188,105,409,212,535,580,198
120,98,126,128,445,476,199
39,24,59,76,409,472,199
49,38,47,57,388,460,199
58,41,98,70,382,458,199
33,22,83,71,331,407,199
47,36,35,50,415,489,199
31,22,68,68,276,430,200
63,47,83,93,444,494,200
85,74,105,101,470,525,200
43,30,95,85,332,409,200
66,48,80,65,423,438,200
42,27,101,95,352,422,200
75,47,55,75,381,431,200
275,251,311,256,552,614,200
100,84,358,297,429,348,200
172,152,299,261,525,576,200
90,70,157,123,394,463,201
32,23,75,75,356,376,201
42,28,78,83,387,430,201
133,115,102,113,393,501,201
33,25,66,81,399,435,201
141,112,197,181,484,554,201
206,180,292,262,477,543,201
80,64,98,104,430,516,201
24,24,66,55,401,450,201
45,32,187,167,391,469,202
84,69,112,127,406,480,202
38,30,101,105,382,445,202
41,27,111,80,182,443,202
39,26,111,116,409,479,202
65,49,146,136,444,469,202
46,40,188,182,440,511,202
56,43,182,132,445,467,203
42,31,123,125,399,463,203
68,50,83,98,427,490,203
150,79,233,111,476,537,203
73,38,207,165,463,517,203
77,56,209,171,480,458,203
706,647,217,207,443,367,203
80,73,207,214,479,549,203
43,30,101,102,393,457,203
107,90,159,172,393,492,203
97,79,122,129,410,489,203
34,25,102,81,396,464,203
65,58,96,91,326,399,203
29,24,33,44,394,382,203
545,481,494,464,586,652,204
20,22,43,58,215,365,204
28,25,105,102,451,492,204
91,84,151,155,489,526,204
33,30,93,97,389,466,204
122,106,222,216,459,517,204
27,22,35,45,359,403,204
39,26,92,63,378,432,204
262,226,257,248,504,577,204
162,129,245,228,522,584,204
471,393,500,441,583,638,204
41,25,78,75,423,479,204
131,103,274,214,502,549,204
42,30,160,162,365,425,205
45,31,74,73,385,443,205
193,149,325,281,511,567,205
98,79,172,171,440,536,205
55,21,190,75,461,508,205
71,60,154,131,422,476,205
21,23,71,80,376,457,205
101,88,71,74,390,501,205
28,23,76,92,365,459,206
36,23,109,77,335,396,206
153,138,186,184,462,520,206
42,31,110,106,394,442,206
24,22,106,50,398,397,206
34,42,134,92,369,463,206
138,131,168,166,459,502,206
67,54,344,311,478,552,206
45,44,130,121,407,472,206
189,135,403,332,526,596,206
149,114,296,275,503,573,206
38,22,64,71,347,437,206
40,26,95,85,363,422,206
33,23,48,66,393,429,206
32,21,136,111,356,435,206
36,29,100,89,411,447,206
113,94,196,178,477,556,206
39,29,99,85,403,449,206
25,21,61,85,380,441,206
89,80,121,121,407,499,207
35,27,89,75,383,390,207
39,20,151,90,324,351,207
93,72,189,167,418,506,207
88,54,255,144,482,536,207
35,29,42,49,391,403,207
43,22,96,75,365,479,207
96,75,191,178,424,476,207
58,40,79,73,336,467,207
74,55,267,230,468,557,207
31,28,218,184,449,526,207
154,137,210,177,400,420,208
38,36,107,103,390,463,208
102,88,169,144,481,562,208
44,32,161,137,503,542,208
105,67,468,382,539,617,208
98,78,240,190,459,525,208
37,23,142,140,420,507,208
40,23,30,38,406,449,208
35,23,36,42,373,448,208
34,27,76,80,392,413,208
48,40,139,117,343,440,208
81,57,208,188,456,526,209
31,21,54,55,272,413,209
46,32,122,118,361,420,209
43,26,144,141,439,485,209
39,22,65,40,372,434,209
41,29,69,73,370,425,209
32,28,75,73,381,424,209
21,25,47,62,374,451,209
70,62,158,157,423,487,209
93,70,244,220,494,567,209
70,49,179,161,463,517,209
105,93,194,214,460,521,209
39,26,166,158,419,516,209
23,32,135,122,441,485,209
76,79,165,172,451,514,209
31,33,78,93,333,416,209
79,61,214,200,408,497,210
29,20,45,46,372,421,210
88,65,271,245,502,557,210
118,93,132,142,465,502,210
28,21,92,102,360,426,210
41,28,114,81,346,432,210
13,20,92,98,411,459,210
748,673,753,735,601,667,210
56,46,200,205,466,519,210
140,121,402,318,496,554,210
28,24,58,70,346,394,210
100,82,298,249,492,529,211
35,22,84,88,392,456,211
54,41,93,109,417,462,211
50,36,96,101,196,411,211
36,23,51,64,366,435,211
50,37,148,133,418,479,211
81,66,110,120,402,473,211
16,21,106,110,451,474,211
41,44,143,153,432,495,211
49,30,160,103,419,496,211
256,252,327,319,538,590,211
21,20,89,81,415,443,211
21,23,74,78,296,408,211
22,26,171,135,432,494,211
38,33,89,68,360,409,211
89,81,59,70,435,357,212
60,56,166,146,447,516,212
60,47,128,124,446,500,212
37,26,116,110,416,480,212
42,34,216,207,500,544,212
27,25,83,80,407,487,212
27,25,83,74,406,462,212
67,60,112,104,393,482,212
48,36,122,101,431,491,212
73,54,159,152,447,521,212
28,20,30,45,315,376,212
106,82,186,152,442,505,212
79,51,217,161,456,544,212
43,36,141,145,406,456,212
83,69,113,114,415,481,212
69,58,72,61,457,504,213
23,21,68,74,312,449,213
117,96,251,162,384,418,213
51,51,114,109,449,488,213
21,23,78,61,341,429,213
31,24,59,63,366,433,213
53,45,164,140,450,497,213
92,79,39,60,410,483,213
47,37,101,103,418,485,213
43,31,60,69,316,443,213
391,350,429,416,541,619,213
33,27,74,75,390,461,213
119,93,247,238,497,557,213
45,33,63,75,378,441,213
68,54,103,124,419,478,213
88,68,128,117,443,480,213
35,24,101,93,399,446,213
77,56,161,131,463,510,213
187,158,418,332,552,622,214
33,34,66,71,295,442,214
57,58,194,182,435,498,214
250,155,190,113,417,319,214
34,32,86,96,351,440,214
25,23,136,115,343,452,214
392,352,445,412,538,602,214
34,20,115,89,298,417,214
85,69,82,101,417,500,214
237,202,537,456,580,636,215
96,76,181,141,477,525,215
59,41,163,128,450,519,215
112,114,195,203,486,562,215
34,31,104,117,330,477,215
51,45,108,84,619,392,215
38,32,88,81,413,467,215
64,47,84,75,423,467,215
35,25,74,73,397,435,216
34,21,98,73,274,384,216
23,20,53,54,355,424,216
56,49,109,103,392,480,216
110,88,279,256,502,574,216
33,23,109,110,367,429,216
81,65,175,154,456,486,216
308,214,777,648,630,701,216
31,24,69,70,356,415,216
445,272,841,624,638,714,216
763,578,157,96,413,345,216
74,68,126,126,432,500,216
23,27,46,60,288,433,216
301,317,300,311,505,587,216
16,22,91,84,327,433,217
63,72,123,141,439,504,217
88,61,338,169,445,498,217
220,202,403,369,528,600,217
20,25,135,114,343,431,217
17,28,69,59,412,442,217
29,42,134,150,362,471,217
18,25,125,104,403,437,217
215,212,109,115,475,552,217
19,27,121,117,389,489,217
24,35,66,83,363,437,217
23,27,93,106,398,454,217
19,35,154,136,429,498,217
20,24,136,116,422,501,217
19,37,178,147,440,507,218
58,74,103,98,406,493,218
58,55,135,94,344,476,218
162,137,112,73,496,554,218
13,24,130,136,450,490,218
17,36,36,41,429,484,219
18,31,82,84,362,406,219
73,87,130,134,416,481,219
21,25,146,75,345,421,219
27,29,178,124,337,325,219
9,29,73,78,305,429,219
9,28,76,88,405,469,219
265,240,364,333,546,597,219
20,23,89,87,335,424,219
56,48,162,157,461,534,219
14,23,119,120,434,496,219
19,28,124,120,459,514,219
210,195,279,260,536,612,219
85,89,145,149,419,492,219
18,20,63,60,391,425,220
101,106,116,110,477,323,220
30,41,56,71,423,477,220
82,72,289,249,485,571,220
85,82,120,108,350,457,220
32,30,143,135,453,499,220
23,22,96,79,371,439,221
482,330,477,400,536,604,221
31,44,102,91,406,458,221
10,21,60,58,359,407,221
84,97,241,237,487,560,221
34,45,50,45,380,467,221
42,49,156,127,421,488,222
68,64,130,124,455,529,222
23,21,102,98,427,475,222
74,57,240,142,476,525,222
30,24,54,64,448,454,222
46,42,158,144,415,455,222
36,42,116,80,426,484,222
25,24,57,58,358,425,222
45,50,261,218,464,553,222
31,28,179,97,432,491,222
21,33,124,94,350,442,222
91,91,202,174,456,525,222
122,119,118,91,431,530,223
27,22,68,61,349,429,223
39,27,97,54,393,464,223
25,21,116,97,331,448,223
49,47,68,77,367,483,223
81,62,277,215,501,566,223
23,21,73,56,359,398,223
98,90,213,207,491,545,223
45,47,94,88,411,448,223
53,49,120,128,413,470,223
78,87,265,235,482,563,223
15,20,33,43,381,398,224
20,28,42,55,365,429,224
198,198,250,241,266,397,224
50,37,70,46,355,337,224
34,26,75,50,338,436,224
26,24,87,86,343,422,224
27,23,159,150,423,476,224
76,69,94,83,388,464,224
32,30,136,144,366,390,224
36,50,187,181,462,517,225
84,89,240,241,419,499,225
193,196,157,158,447,537,225
354,318,865,740,596,653,225
35,38,130,103,391,466,225
23,22,119,75,404,480,225
39,44,91,96,427,509,225
15,20,48,41,234,382,225
55,42,150,119,400,402,225
108,97,185,177,469,515,225
28,21,79,78,349,438,225
80,64,168,138,436,509,225
111,93,247,243,516,581,226
29,34,42,58,374,420,226
32,32,167,158,476,535,226
15,20,27,33,274,412,226
56,60,160,160,433,514,226
352,322,391,378,555,627,226
25,25,91,99,432,448,226
676,514,117,84,247,387,226
30,26,162,119,391,498,226
49,48,239,199,441,514,226
399,358,480,392,537,603,226
27,23,49,58,297,403,226
124,110,277,251,501,561,227
86,80,158,169,365,438,227
43,34,59,79,400,479,227
21,22,50,57,334,384,227
9,20,65,78,359,435,227
30,35,70,76,395,469,227
96,81,350,296,528,577,227
35,47,108,108,380,466,227
20,24,85,88,342,466,227
59,60,106,116,494,591,227
494,395,878,706,637,708,228
25,23,74,73,378,430,228
36,32,98,86,399,459,228
26,23,45,66,367,389,228
23,23,53,60,355,348,228
32,28,65,68,273,461,228
120,72,601,450,449,320,228
52,43,88,98,440,504,228
50,43,112,119,387,485,228
86,70,225,206,512,559,228
26,21,61,45,406,440,228
102,97,212,217,497,567,228
199,179,263,242,449,549,228
23,21,85,64,387,431,228
207,196,205,212,488,551,228
424,397,455,397,590,656,228
111,118,163,173,467,535,229
33,34,91,116,420,459,229
231,216,101,123,468,562,229
27,21,64,62,367,427,229
118,104,161,156,378,451,229
24,21,42,59,366,374,229
33,28,74,80,322,457,229
76,70,195,181,454,529,229
83,70,145,157,418,511,229
61,43,238,195,448,532,229
51,43,219,185,418,500,229
203,176,493,459,535,607,230
169,173,234,238,508,565,230
103,94,172,159,477,531,230
29,26,70,54,325,414,230
34,33,111,98,409,451,230
67,58,56,73,447,517,230
35,28,91,109,369,458,230
74,44,249,137,438,458,230
89,80,228,217,467,540,230
43,33,106,90,397,422,230
47,37,232,195,477,535,230
25,20,60,62,399,434,230
45,20,184,110,367,367,230
35,28,98,89,182,420,231
124,111,272,240,489,518,231
32,25,100,120,416,460,231
25,27,120,105,377,446,231
16,34,166,158,457,526,231
76,87,186,183,486,564,231
25,29,81,73,352,450,231
82,99,199,158,423,499,231
334,328,177,160,569,641,231
75,56,382,261,526,592,231
23,37,106,109,431,487,231
35,30,145,137,400,506,231
60,54,75,89,422,484,231
193,150,275,229,456,419,231
188,151,470,380,573,640,232
10,20,86,83,361,460,232
27,39,127,119,392,321,232
477,453,601,535,563,637,232
31,35,173,169,434,510,232
135,136,257,251,472,546,232
135,113,406,334,557,625,232
210,196,308,308,502,570,232
22,23,69,79,361,424,232
211,193,396,358,482,512,232
50,32,217,155,426,498,232
57,43,94,78,410,452,233
103,83,331,284,501,571,233
39,30,125,95,401,469,233
47,33,80,104,419,487,233
64,50,122,132,427,470,233
222,174,518,394,605,669,233
39,28,247,205,483,541,233
67,59,116,126,398,472,233
30,24,45,51,376,421,233
50,41,142,127,365,467,233
58,65,181,159,406,526,233
36,36,64,68,426,476,234
29,28,104,105,407,473,234
75,63,124,102,430,481,234
24,20,78,50,287,393,234
29,21,97,65,343,430,234
50,40,117,59,368,463,234
237,151,133,94,365,350,234
43,50,146,139,447,469,234
48,53,215,199,334,353,234
32,50,176,156,385,402,235
45,50,123,115,448,477,235
92,93,156,168,458,542,235
94,87,143,87,344,431,235
69,59,92,103,426,476,235
129,113,193,189,457,542,235
195,175,183,185,458,535,235
27,20,41,45,261,409,235
22,26,144,132,455,490,235
105,96,238,206,495,561,235
59,56,130,121,391,501,236
103,46,453,250,527,586,236
134,113,330,272,543,605,236
63,53,93,99,380,429,236
54,31,140,81,411,494,236
67,37,236,174,451,511,236
49,35,86,82,387,441,237
86,59,294,241,471,549,237
33,22,80,62,358,405,237
73,63,174,164,426,482,237
19,22,89,77,432,472,237
51,50,95,92,381,443,237
751,683,538,488,616,697,237
40,33,168,161,457,528,237
27,25,99,80,402,443,237
22,21,58,66,295,399,237
35,28,160,120,437,368,237
33,25,41,52,351,417,237
211,185,315,291,522,576,237
184,160,322,306,524,586,238
42,29,102,89,398,418,238
66,49,165,166,524,594,238
30,22,63,47,340,424,238
168,107,565,452,565,643,238
24,23,82,72,376,405,238
38,44,94,90,404,472,238
17,23,100,113,411,471,238
187,160,248,230,490,528,238
17,20,71,77,432,455,238
66,70,236,206,479,539,238
61,67,280,233,506,588,238
53,73,145,138,453,527,238
211,199,133,131,493,575,238
89,96,87,103,449,501,238
532,480,573,551,540,586,239
264,260,331,310,487,571,239
37,23,69,82,380,434,239
47,37,43,67,420,461,239
53,40,243,224,489,553,239
35,32,70,73,367,437,239
50,24,149,89,379,410,239
46,31,125,71,340,414,239
54,31,125,47,388,469,239
34,24,45,41,361,413,239
23,20,73,70,380,410,239
131,105,514,421,436,381,239
141,150,192,199,451,530,239
25,22,138,133,462,493,239
30,24,131,105,403,468,239
18,21,36,58,361,416,240
39,31,90,103,457,485,240
28,25,82,78,423,454,240
80,62,123,114,469,519,240
33,23,52,49,388,413,240
78,63,124,130,415,482,240
39,27,44,69,345,397,240
41,29,50,70,367,419,240
43,30,82,54,371,440,240
69,55,165,131,478,553,240
19,22,37,55,409,402,241
70,74,116,115,407,494,241
92,90,191,172,456,527,241
40,35,155,117,441,507,241
167,150,198,156,418,391,241
22,22,166,148,443,492,241
135,99,175,89,453,481,241
155,126,340,295,538,585,241
34,35,91,107,438,475,241
39,28,108,120,409,417,241
40,26,97,102,342,461,241
44,35,130,115,441,500,241
52,38,220,184,461,523,241
69,57,146,128,440,476,241
47,30,196,133,397,478,241
30,40,178,153,418,490,241
21,25,77,80,456,532,242
82,74,306,284,528,599,242
171,174,205,179,495,558,242
44,53,149,136,400,475,242
130,127,143,144,430,478,242
121,109,270,245,495,560,242
316,258,413,334,576,641,243
36,22,112,117,435,468,243
31,22,66,61,340,405,243
82,63,127,111,439,464,243
36,25,80,89,345,380,243
107,61,197,136,368,384,243
121,103,178,183,451,538,243
41,30,50,56,385,441,243
39,34,109,118,392,470,243
562,501,725,658,605,666,243
87,68,271,239,499,565,243
28,24,183,151,449,504,243
74,37,220,161,471,498,244
45,22,117,61,386,489,244
214,170,597,508,554,626,244
43,30,66,71,390,461,244
30,25,117,108,366,430,244
300,216,194,155,333,409,244
307,262,448,395,555,627,244
20,24,105,100,380,443,244
280,257,373,354,557,410,244
73,57,286,235,504,558,244
63,53,120,111,403,504,244
78,47,201,110,385,479,245
48,39,157,136,345,444,245
97,84,128,142,426,508,245
40,25,126,76,421,506,245
99,85,152,152,448,517,245
146,129,161,163,448,490,245
31,25,60,79,359,430,245
31,20,65,68,320,400,245
125,107,232,237,452,525,245
30,26,123,108,396,491,245
166,128,311,274,518,557,245
52,43,127,133,409,478,245
41,39,155,138,446,486,245
71,66,108,119,412,487,245
37,30,122,53,298,397,246
115,110,258,223,514,576,246
36,49,314,254,470,552,246
44,60,70,91,367,468,246
45,41,107,80,383,445,246
29,27,90,96,378,473,246
70,57,114,115,373,495,246
33,21,162,113,420,496,246
28,20,52,52,368,397,246
121,103,172,178,450,552,246
85,36,144,91,434,510,246
34,22,36,58,409,391,246
40,29,91,97,380,457,246
41,31,38,24,327,435,246
57,42,158,164,382,478,246
101,79,173,179,454,522,247
28,27,106,86,320,413,247
693,606,862,717,636,708,247
20,20,60,60,261,413,247
409,306,890,729,652,755,247
29,24,111,112,399,435,247
54,47,138,130,396,454,247
19,20,60,62,283,399,247
41,35,116,101,433,417,247
30,25,34,48,148,395,247
33,24,109,54,396,445,247
37,26,95,89,369,438,247
54,40,105,88,357,479,247
86,68,196,200,480,547,247
105,56,247,154,487,543,247
43,28,130,127,421,483,248
60,39,185,145,468,535,248
102,80,239,231,455,530,248
39,21,79,42,350,426,248
36,33,162,105,409,459,248
35,34,72,64,336,416,248
37,33,125,104,392,472,248
25,22,137,130,392,490,248
52,51,78,39,385,354,248
13,22,153,126,372,475,248
244,238,308,314,535,597,248
14,24,91,94,390,434,248
716,607,133,59,375,399,248
40,53,184,181,475,518,248
28,36,83,106,376,478,248
53,49,130,128,471,532,248
45,38,141,108,453,505,248
52,46,106,97,347,338,248
209,118,173,105,397,395,248
39,30,174,158,489,539,249
27,21,53,64,409,400,249
27,22,59,65,362,405,249
220,199,293,266,535,609,249
150,142,272,236,481,560,249
93,88,204,162,477,529,249
308,300,230,232,501,582,249
345,277,634,540,594,666,249
37,37,69,89,305,440,249
19,26,77,89,371,412,249
27,40,93,90,401,458,249
12,30,96,88,398,470,249
109,124,117,116,459,513,249
35,29,132,134,356,475,250
735,656,604,554,590,668,250
43,29,88,103,376,434,250
35,24,59,66,415,448,250
44,28,68,79,384,430,250
37,25,129,107,331,443,250
41,25,135,118,472,516,250
46,34,60,77,420,475,250
78,66,86,88,383,457,250
18,31,161,162,396,464,250
28,20,82,86,322,443,250
258,162,329,218,424,320,251
25,22,66,29,281,347,251
90,84,243,239,402,496,251
167,152,348,331,501,574,251
26,22,140,136,403,443,251
25,25,85,101,338,431,251
57,34,90,85,418,440,251
81,73,177,160,438,503,251
328,217,158,84,367,363,251
184,135,646,541,564,632,251
108,88,95,98,435,509,251
87,47,216,125,464,541,251
166,142,229,230,529,600,251
42,26,46,58,333,400,251
54,41,112,117,455,477,251
56,61,312,273,463,516,251
33,35,99,75,387,480,252
26,36,78,81,378,470,252
10,31,64,82,355,443,252
27,30,124,64,387,454,252
190,177,359,328,491,557,252
28,24,112,98,411,425,252
29,21,70,70,405,431,252
44,36,84,80,370,448,252
23,21,70,59,311,374,252
40,29,55,41,388,470,252
285,267,528,515,422,397,253
27,22,96,81,329,410,253
38,39,63,69,381,449,253
56,36,187,84,482,538,253
23,34,106,117,395,471,253
64,73,189,173,440,536,253
34,38,82,86,406,457,253
24,30,153,127,453,523,253
74,66,193,180,449,528,253
57,63,326,287,471,548,253
38,31,112,102,395,415,253
110,111,162,171,666,418,253
35,29,141,103,382,459,253
71,57,143,141,440,523,253
63,62,199,181,445,533,253
69,58,95,96,392,450,253
38,31,92,94,400,454,253
221,133,124,91,376,406,253
41,29,89,88,335,437,253
209,175,327,298,516,568,254
46,29,104,105,395,477,254
43,25,123,86,350,418,254
135,110,178,168,449,546,254
49,32,92,82,382,473,254
36,34,102,67,414,484,254
44,51,166,123,435,512,254
27,20,126,106,392,464,255
26,23,87,88,421,450,255
38,26,169,165,460,499,255
192,150,351,280,480,555,255
39,43,116,110,385,470,255
58,50,113,105,396,449,255
42,38,64,60,340,471,255
23,34,241,206,424,498,255
23,20,28,41,325,379,256
68,53,138,139,442,489,256
67,57,88,82,387,424,256
32,23,33,43,373,451,256
34,23,102,103,256,403,256
50,42,91,82,360,429,256
26,24,56,70,281,422,256
36,21,81,46,369,461,256
30,21,142,127,456,489,257
34,36,128,123,412,455,257
25,24,142,132,403,492,257
280,161,165,104,447,480,257
43,38,80,94,423,485,257
23,22,65,79,227,344,257
61,48,158,160,413,459,257
74,66,124,126,446,516,257
115,97,256,236,529,563,257
50,43,74,66,385,460,257
38,29,79,78,347,449,257
108,91,151,147,423,417,257
29,21,93,95,401,425,257
79,67,79,80,444,487,257
48,39,96,90,316,436,257
93,78,138,128,421,499,258
39,38,199,186,478,550,258
14,31,115,109,428,469,258
146,118,153,138,377,403,258
20,40,152,167,401,497,258
69,97,184,159,478,538,258
9,29,137,127,365,447,258
17,40,121,109,449,484,258
687,637,698,586,491,467,258
22,22,74,63,333,404,258
30,20,217,186,444,535,258
26,22,88,67,333,437,258
59,55,51,45,417,456,258
93,85,173,146,420,497,259
75,61,197,130,327,364,259
686,520,723,592,620,689,259
23,27,94,89,372,386,259
10,22,143,111,398,461,259
16,36,147,145,396,490,259
34,54,248,235,460,518,259
11,28,186,155,466,521,259
42,62,121,124,378,412,259
9,27,94,97,444,475,259
42,37,187,171,427,508,259
40,37,73,75,349,457,259
27,22,91,71,314,410,260
87,79,80,91,429,478,260
147,87,524,402,558,635,260
109,96,186,182,463,507,260
75,60,106,113,430,483,260
24,26,131,137,426,505,260
15,21,77,71,313,407,260
41,46,74,94,391,439,260
442,385,729,637,624,695,260
56,54,109,119,418,484,260
589,552,497,457,610,672,260
12,24,159,151,465,496,261
101,81,527,413,555,622,261
23,21,47,57,410,424,261
48,35,57,56,436,459,261
53,42,142,86,420,386,261
143,118,292,275,535,605,261
103,85,176,176,448,491,261
77,59,162,139,405,491,261
37,21,125,81,406,437,261
37,24,37,60,376,420,261
39,23,48,56,298,399,261
114,89,186,156,478,543,261
102,68,256,253,498,559,261
36,41,139,140,441,485,261
140,147,379,357,526,574,262
98,109,267,246,512,581,262
32,27,155,146,430,492,262
101,90,186,156,435,474,262
36,28,117,107,442,503,262
240,185,192,141,439,493,262
30,35,109,91,416,469,262
11,24,70,77,372,444,262
76,96,111,120,506,571,263
77,61,219,164,447,528,263
25,43,116,90,365,453,263
33,47,133,128,372,478,263
14,28,58,75,397,471,263
56,72,122,124,390,459,263
117,106,120,124,381,415,263
56,42,85,78,404,429,263
35,29,62,66,367,407,263
58,33,117,74,385,469,263
64,59,125,114,436,480,264
54,39,107,102,444,470,264
34,23,66,87,361,445,264
56,29,153,94,449,492,264
85,70,211,197,468,541,264
38,32,61,83,342,409,264
61,68,116,103,401,454,264
179,167,220,190,439,481,264
36,32,105,86,367,455,264
17,21,99,87,430,467,264
17,22,49,59,362,450,264
31,30,29,41,398,440,264
14,22,78,87,416,488,264
27,22,67,50,339,377,264
33,23,90,78,384,426,264
53,39,176,171,430,484,265
492,423,747,577,488,503,265
471,333,247,133,483,497,265
353,321,681,602,578,649,265
52,61,227,213,427,498,265
166,165,321,292,541,607,265
258,240,605,543,562,645,265
40,57,105,116,430,485,265
12,24,155,152,411,441,266
27,37,101,98,399,493,266
39,28,119,115,413,498,266
40,40,81,91,404,470,266
98,82,265,159,500,552,266
76,86,190,150,425,504,266
18,28,112,97,383,449,266
65,82,145,157,379,477,266
76,72,204,190,504,556,267
190,149,266,254,522,581,267
475,404,626,561,581,653,267
58,43,98,122,426,486,267
48,27,68,70,312,384,267
269,236,360,338,479,554,267
48,32,93,100,422,468,267
43,26,104,107,393,480,267
92,58,189,98,468,533,267
159,112,400,332,521,585,268
16,21,58,57,367,428,268
23,29,63,61,388,421,268
46,24,87,56,385,457,268
48,33,57,59,413,497,268
277,209,714,626,584,655,268
45,30,120,110,372,454,268
200,148,430,354,531,593,268
63,41,115,114,351,464,268
85,68,157,136,464,532,268
396,338,463,435,525,543,268
28,24,80,86,403,434,268
403,386,308,297,516,585,268
48,48,140,137,449,506,269
16,21,107,104,409,453,269
12,21,97,73,406,435,269
73,79,120,101,417,487,269
108,102,170,173,483,546,269
257,225,126,97,376,339,269
99,75,253,247,494,554,269
39,25,78,75,345,433,269
60,43,76,79,321,443,270
17,25,68,73,423,484,270
47,54,28,44,391,490,270
300,300,387,355,550,625,270
16,27,136,101,403,463,270
704,690,640,621,456,528,270
36,24,76,70,320,442,270
42,29,92,102,405,462,271
48,29,74,79,286,414,271
54,36,122,128,431,489,271
53,30,42,56,320,434,271
102,75,127,120,419,505,271
58,56,84,78,431,513,271
43,44,85,92,427,426,271
71,74,169,146,499,556,272
54,63,177,181,454,503,272
22,29,123,115,426,441,272
37,23,75,83,339,401,272
83,59,130,119,423,490,272
52,31,107,65,412,448,272
37,20,92,71,394,443,272
82,59,144,129,421,464,272
84,61,64,86,395,458,272
45,26,104,108,387,469,272
60,43,69,81,389,437,272
78,57,91,105,420,461,272
132,100,455,334,562,626,272
28,35,110,128,448,495,272
142,149,174,169,454,516,272
59,68,134,130,449,510,272
434,298,278,246,511,535,272
22,33,126,104,440,469,273
562,434,128,80,348,375,273
101,76,548,374,537,588,273
18,25,48,65,272,411,273
202,188,251,215,528,605,273
51,47,123,142,388,481,273
73,48,142,146,424,487,273
87,68,94,103,436,487,273
33,20,32,45,327,392,273
44,28,80,75,339,386,273
419,353,681,585,619,690,273
54,33,174,105,454,519,273
140,112,266,239,540,568,274
162,149,305,247,512,575,274
59,49,163,109,311,372,274
70,63,390,335,506,569,274
17,21,145,143,421,441,274
150,123,166,154,475,559,274
39,23,57,45,347,381,274
43,29,37,59,427,446,274
52,31,96,102,454,460,274
694,573,635,586,616,692,274
126,74,261,202,385,362,275
54,36,130,116,419,481,275
92,65,193,181,491,535,275
195,147,283,265,515,572,275
47,30,205,157,394,471,275
42,49,138,125,399,488,275
16,26,70,78,330,406,275
511,435,716,613,632,718,275
46,55,177,171,461,541,275
25,24,142,136,327,456,275
47,32,106,92,450,486,275
30,21,51,60,350,417,276
33,24,101,95,381,436,276
36,28,60,65,401,449,276
46,46,152,154,436,504,276
23,24,84,83,286,430,276
143,139,218,195,503,560,276
19,24,131,140,348,448,276
70,79,179,175,478,548,276
20,29,121,110,391,475,276
45,50,239,220,494,533,276
17,28,120,99,416,481,276
138,141,166,174,471,533,276
27,33,135,146,451,500,276
15,26,55,64,244,403,276
461,424,601,554,579,629,276
12,20,74,83,322,424,276
107,108,288,272,474,543,277
98,96,300,286,504,570,277
49,28,49,52,352,410,277
281,208,415,292,503,573,277
80,55,88,82,370,420,277
96,51,135,106,436,504,277
64,34,107,101,414,476,277
70,28,109,68,412,469,277
27,21,113,98,387,425,277
15,24,92,102,391,475,277
16,26,167,157,551,618,277
114,95,385,329,542,599,278
24,31,64,72,436,463,278
246,201,433,282,546,612,278
264,240,357,354,540,609,278
47,29,61,78,351,451,278
34,27,102,93,311,413,278
37,26,53,64,338,427,278
95,52,457,287,423,338,278
47,27,70,87,382,444,278
89,73,176,143,442,508,278
38,23,103,84,367,447,278
13,20,60,72,393,427,278
18,22,40,38,303,434,279
21,30,75,84,420,433,279
25,33,138,124,421,490,279
24,33,118,103,391,428,279
161,147,478,441,543,610,279
143,145,159,165,490,548,279
43,55,88,98,390,446,279
59,54,342,282,532,586,279
28,37,111,108,394,445,279
15,20,90,75,347,467,279
59,47,175,100,423,521,279
14,22,75,79,387,460,279
25,23,48,71,290,394,279
91,67,302,264,523,584,279
57,32,160,99,429,513,279
192,156,420,370,519,600,279
383,305,544,476,537,594,279
37,24,64,70,370,445,280
63,45,38,62,384,468,280
78,55,106,101,404,467,280
46,36,199,127,418,499,280
194,158,491,326,557,613,280
64,69,207,184,439,502,280
28,29,72,73,300,452,280
18,24,43,54,370,431,280
64,40,63,62,389,428,280
62,33,42,36,358,393,280
54,32,237,206,475,518,280
91,42,260,202,491,547,281
54,21,147,126,365,471,281
53,26,48,61,338,428,281
60,32,130,90,338,455,281
295,237,518,452,576,626,281
219,173,366,334,537,601,281
40,26,56,68,256,407,281
41,22,115,68,144,400,281
25,27,90,98,326,406,281
19,24,53,63,369,451,281
65,50,312,248,436,403,281
136,111,281,254,487,545,281
53,50,157,142,415,479,281
21,20,57,42,148,336,281
47,24,26,41,250,400,281
52,27,117,116,489,534,281
154,73,128,60,431,484,282
64,38,178,154,460,533,282
126,98,104,112,424,507,282
139,108,185,177,488,519,282
269,208,656,578,588,658,282
36,21,156,125,239,359,282
24,22,93,93,409,464,282
107,95,487,428,446,382,282
241,213,553,490,576,642,282
25,33,106,97,410,439,282
64,67,150,145,449,535,282
36,41,104,94,440,461,283
26,24,163,147,462,478,283
32,25,113,112,435,505,283
60,37,96,82,367,477,283
100,75,153,158,377,449,283
70,44,106,79,427,469,283
153,124,163,132,462,524,283
231,94,731,348,581,655,283
55,29,58,66,400,420,283
512,438,428,392,564,643,283
38,20,79,52,161,371,283
31,28,194,195,449,547,283
420,374,569,518,591,659,283
22,21,109,80,420,506,284
18,25,105,80,217,419,284
495,461,538,502,592,653,284
27,27,206,158,491,513,284
56,25,85,74,407,426,284
55,25,125,109,399,482,284
138,97,200,212,448,526,284
125,67,273,197,469,507,284
54,25,53,47,358,376,284
107,79,103,79,349,319,284
77,55,125,68,386,480,284
102,79,296,285,478,548,284
43,31,95,91,411,436,285
73,40,149,79,409,483,285
221,183,388,350,536,621,285
50,29,46,59,349,356,285
63,40,143,102,338,424,286
119,92,304,246,505,562,286
71,69,294,257,490,543,286
31,30,189,172,407,455,286
32,36,141,149,426,483,286
18,22,113,92,395,472,286
158,124,154,144,492,559,287
54,32,78,95,376,426,287
72,48,117,105,379,460,287
104,86,174,165,419,491,287
50,30,53,63,363,410,287
21,21,141,114,431,452,287
58,56,204,171,457,538,287
222,189,392,334,560,642,287
18,22,45,67,266,389,287
42,23,61,41,384,402,288
73,49,112,94,340,469,288
47,24,73,64,317,399,288
197,105,147,90,380,430,288
48,22,42,42,350,349,288
51,29,65,60,306,459,288
98,77,125,121,436,504,288
146,127,248,245,517,552,288
35,39,76,82,368,456,288
29,28,79,88,363,395,288
522,498,293,276,482,402,288
49,35,169,86,455,498,289
18,21,100,79,481,533,289
87,90,182,149,453,520,289
105,105,143,135,422,490,289
44,21,66,76,377,454,289
64,41,114,132,433,479,289
516,450,716,646,600,672,289
75,72,689,615,336,398,289
19,29,130,128,426,454,290
36,40,140,118,411,487,290
16,20,67,69,320,370,290
18,21,97,75,315,427,290
18,23,112,101,411,405,290
540,273,878,594,569,438,290
36,25,71,89,371,455,290
45,28,52,68,376,479,290
157,110,584,506,559,602,290
73,51,123,118,426,500,290
77,62,150,155,456,502,291
36,26,57,65,359,451,291
35,35,105,109,378,459,291
51,46,213,193,458,512,291
54,36,107,108,415,471,291
81,48,168,124,453,497,291
69,40,98,107,315,447,292
67,33,160,132,396,449,292
57,30,60,62,283,411,292
54,31,87,76,340,419,292
99,75,152,116,409,505,292
325,315,312,321,522,585,292
298,230,863,681,615,662,292
43,46,298,238,497,554,292
110,111,284,270,485,560,292
94,101,215,206,476,537,292
21,26,144,132,417,484,292
38,24,70,60,244,383,293
36,21,40,56,336,425,293
156,113,242,208,472,543,293
73,46,260,219,521,574,293
118,102,142,146,368,454,293
69,68,147,129,433,508,293
23,28,117,122,403,455,293
29,45,80,96,374,483,293
26,25,210,143,431,517,293
48,62,95,107,384,465,293
88,88,291,256,489,547,294
40,44,119,109,406,464,294
37,22,55,63,239,417,294
239,176,431,378,570,616,294
54,33,56,59,422,460,294
43,22,64,81,367,421,294
39,24,51,72,398,418,294
159,113,217,230,361,395,294
77,41,62,73,369,460,294
41,27,83,79,358,411,294
301,251,227,222,514,576,294
30,22,67,60,134,392,294
36,21,240,187,492,565,294
93,57,98,62,302,361,294
20,20,65,71,299,399,294
88,49,389,130,525,584,294
65,76,186,180,477,533,295
17,23,105,111,421,461,295
71,67,309,290,531,580,295
48,51,128,118,462,492,295
51,36,45,49,298,456,295
72,37,142,93,374,444,295
162,121,174,176,454,527,295
46,28,70,71,346,420,295
144,109,148,108,461,483,295
44,26,132,103,383,456,295
42,25,60,62,231,393,295
83,59,230,201,496,543,295
37,20,107,63,396,475,296
43,33,118,83,384,407,296
54,49,150,168,417,504,296
17,27,82,74,347,429,296
14,22,89,94,334,384,296
105,95,501,392,522,592,296
112,116,217,178,460,548,296
31,44,99,87,410,454,296
17,27,117,115,371,473,296
26,35,116,114,260,449,296
36,48,59,55,395,464,296
113,126,191,176,440,533,296
35,33,121,92,400,468,296
38,27,192,107,476,529,296
55,41,144,117,400,466,296
63,48,73,54,395,450,296
84,60,194,196,474,534,296
49,35,123,110,432,455,296
53,36,113,117,353,420,296
95,69,168,154,460,503,297
158,133,128,121,468,518,297
40,31,112,108,332,456,297
57,38,254,169,503,557,297
430,302,342,225,524,581,297
53,40,84,83,408,487,297
14,20,67,61,326,410,297
20,22,68,60,398,423,297
23,28,175,174,466,505,297
16,24,52,63,420,466,297
15,23,81,83,350,432,297
134,136,82,89,432,521,297
24,22,194,110,412,460,297
37,40,157,133,490,526,297
80,73,341,294,514,567,297
56,29,49,60,385,466,298
105,69,142,157,464,519,298
43,24,89,72,386,449,298
93,69,93,98,387,451,298
46,23,42,53,234,407,298
123,87,110,110,449,539,298
171,147,184,177,463,547,298
40,23,51,46,340,423,298
84,63,211,148,407,518,298
25,23,108,102,420,473,298
115,103,157,171,428,514,298
19,21,67,63,406,438,298
65,73,91,83,470,510,298
62,48,127,139,436,507,298
136,107,286,262,523,590,299
35,31,40,64,364,410,299
54,34,111,91,431,431,299
45,22,54,51,326,411,299
65,38,86,69,351,430,299
85,64,133,152,397,473,299
143,118,230,238,491,554,299
33,24,94,76,356,455,299
181,141,268,264,509,594,299
137,99,607,445,489,400,299
13,24,56,58,397,442,299
44,53,125,117,438,495,299
62,74,147,143,467,539,299
42,50,184,175,448,500,299
530,441,541,411,514,457,299
11,27,53,50,360,415,300
22,32,101,113,390,390,300
18,30,81,89,431,467,300
51,54,350,251,528,582,300
39,28,122,130,327,443,300
83,50,80,65,403,434,300
28,22,73,79,388,476,300
85,69,228,221,494,552,300
93,70,163,157,465,532,300
152,111,162,176,504,549,300
147,124,111,111,489,574,300
47,33,108,109,409,428,300
85,59,142,148,439,486,300
17,24,47,55,371,379,300
35,48,110,101,403,466,301
25,27,162,110,433,454,301
24,23,155,150,386,474,301
31,33,51,62,387,455,301
46,45,184,155,489,541,301
88,85,158,160,443,520,301
289,195,658,546,633,727,301
58,30,77,82,315,444,301
83,51,127,117,399,447,301
79,64,156,166,483,562,302
48,30,97,87,383,405,302
39,49,168,135,476,519,302
291,219,587,513,502,534,302
31,30,137,117,409,477,302
73,47,221,174,414,486,302
87,46,247,143,416,480,302
145,114,296,269,497,561,302
162,121,314,278,512,570,302
40,21,145,139,453,498,302
47,31,72,58,394,423,302
40,27,82,62,416,447,303
47,26,79,80,391,442,303
97,60,132,82,369,451,303
126,91,293,260,517,584,303
190,132,585,453,589,654,303
156,93,406,346,534,607,303
59,31,63,68,343,424,303
109,84,213,194,488,555,303
57,36,67,53,339,385,303
64,41,111,110,443,467,303
21,30,148,126,401,477,303
28,29,194,146,444,509,303
40,46,102,97,415,456,303
25,35,73,81,372,440,303
49,24,73,51,338,419,304
49,26,108,107,409,462,304
41,23,26,45,223,367,304
35,23,56,69,364,439,304
38,28,67,62,378,449,304
70,71,53,64,403,475,304
38,35,118,110,430,468,304
32,27,46,54,343,402,304
30,30,84,84,379,445,304
404,364,490,353,564,633,304
101,78,120,91,375,356,304
55,35,109,90,421,459,305
74,32,178,103,452,523,305
48,27,126,121,443,501,305
50,22,51,39,300,373,305
60,34,87,83,372,488,305
49,30,92,98,406,442,305
49,20,76,48,378,418,305
68,38,78,79,373,438,305
63,34,121,96,427,463,305
102,59,140,125,435,502,305
45,21,50,56,350,337,305
82,50,122,118,447,537,305
45,20,70,62,211,413,305
62,30,147,139,389,455,305
70,35,59,48,370,435,305
168,125,144,146,370,414,305
37,29,80,71,363,431,306
133,93,467,405,550,621,306
24,23,54,48,280,400,306
436,425,538,448,559,615,306
57,63,47,61,418,493,306
51,60,90,106,467,514,306
29,34,68,89,390,417,306
52,52,120,124,447,503,306
56,39,169,150,457,503,306
60,29,79,86,273,368,306
40,23,40,54,337,396,306
622,564,288,274,413,333,306
764,684,723,670,633,698,307
51,63,263,238,448,541,307
445,433,462,441,548,616,307
65,66,126,132,386,500,307
15,22,89,79,430,449,307
83,90,142,130,418,484,307
27,32,142,133,438,487,307
32,40,179,163,421,459,307
17,23,65,57,427,457,307
67,42,153,109,324,471,307
72,57,181,142,465,504,307
585,472,876,738,625,700,307
56,30,78,80,406,450,307
53,51,78,86,427,480,307
77,64,134,140,451,477,307
47,29,62,67,367,423,307
213,175,166,148,454,498,308
184,133,284,267,536,587,308
280,209,523,445,570,646,308
79,57,153,112,386,466,308
35,26,123,105,371,461,308
19,22,102,111,353,429,308
37,26,263,229,460,528,308
29,32,86,85,358,426,308
30,22,66,79,379,423,308
40,27,64,44,378,460,308
61,34,157,127,395,491,308
86,51,80,63,401,455,309
77,46,98,92,380,454,309
149,107,162,163,486,539,309
46,20,114,94,384,438,309
63,29,91,79,352,398,309
83,49,172,170,416,497,309
46,31,76,79,398,431,309
57,33,84,86,353,443,309
73,56,114,116,465,517,309
36,24,76,71,361,431,309
515,351,296,180,490,537,309
44,31,80,86,393,445,309
20,22,129,107,375,465,309
37,55,62,83,423,443,309
26,36,206,186,444,512,309
103,104,85,107,437,508,309
57,68,90,84,329,428,309
20,21,174,152,448,537,309
72,72,220,162,450,521,309
40,26,84,96,369,455,310
68,46,156,144,407,460,310
323,240,817,679,600,675,310
31,22,102,106,419,453,310
28,20,30,29,157,390,310
36,41,36,55,328,399,310
190,183,325,314,514,569,310
45,57,117,94,437,484,310
23,34,90,101,411,432,311
24,25,76,73,290,359,311
16,20,35,49,357,428,311
106,83,154,145,427,502,311
44,30,93,88,401,454,311
47,29,83,59,365,410,311
46,21,73,56,382,421,311
348,281,400,357,548,614,311
50,29,44,45,297,394,311
37,22,58,61,373,377,312
58,44,116,123,422,511,312
26,22,72,48,272,397,312
30,20,74,64,318,379,312
33,34,143,151,416,511,312
605,421,829,535,550,430,312
74,32,154,78,420,377,312
61,34,44,46,402,455,312
61,35,64,64,379,436,312
176,135,327,277,460,520,312
57,39,102,104,428,479,312
82,65,191,148,424,475,312
36,24,58,65,405,443,313
41,34,90,84,319,435,313
42,48,44,42,400,466,313
31,33,114,114,433,481,313
44,29,95,106,436,471,313
187,138,205,202,545,610,313
52,32,69,67,423,451,314
61,40,101,77,424,460,314
67,50,153,144,441,514,314
36,26,118,124,372,446,314
28,25,69,61,333,431,314
35,33,66,48,396,415,314
47,43,102,104,458,539,314
272,158,809,514,554,523,314
47,42,87,87,303,332,314
101,63,135,85,396,363,314
46,29,76,84,410,496,314
100,84,177,176,439,516,314
221,123,96,58,399,381,314
133,97,348,315,533,602,315
35,23,62,62,421,454,315
36,22,62,58,370,401,315
72,46,165,143,463,488,315
39,20,53,63,415,456,315
46,27,65,58,364,420,315
38,20,83,77,441,534,315
72,46,176,127,418,502,315
39,21,68,70,231,373,315
85,53,192,146,411,500,315
37,22,38,46,352,408,315
40,26,70,67,315,373,315
89,56,439,289,529,592,315
72,48,77,63,438,481,316
21,25,119,113,404,449,316
42,24,128,88,369,455,316
87,49,371,324,534,582,316
68,44,105,76,415,475,316
35,21,61,68,274,395,316
177,148,175,143,469,490,316
82,55,121,123,469,534,316
512,431,683,583,577,645,316
750,671,279,250,472,472,316
31,21,45,67,416,475,316
18,23,46,65,385,414,316
22,23,49,43,391,424,316
25,21,78,73,391,437,316
20,20,134,96,382,447,316
30,23,116,118,372,452,316
22,27,58,72,333,412,317
43,43,112,109,409,465,317
52,35,237,171,443,501,317
108,86,267,238,500,580,317
109,90,142,121,464,528,317
58,36,87,88,367,475,317
134,91,436,343,538,617,317
57,37,132,122,447,505,317
39,24,54,52,403,392,317
288,236,260,207,513,567,317
150,92,532,426,573,634,317
51,38,51,69,401,470,317
41,25,197,175,434,491,317
53,50,100,90,394,494,318
54,49,110,103,400,490,318
26,23,54,65,367,402,318
43,45,107,115,430,469,318
118,98,243,237,433,455,318
55,49,113,114,391,476,318
47,35,84,99,405,464,318
51,34,85,86,329,425,318
43,26,86,86,353,379,318
134,107,160,124,451,535,318
42,28,83,81,346,429,318
327,108,267,133,356,389,318
43,24,100,77,392,439,318
145,95,334,280,525,595,318
103,81,148,173,418,479,318
88,64,192,177,458,515,319
41,24,116,79,342,409,319
21,22,61,69,175,392,319
53,39,74,64,317,470,319
53,33,142,133,390,449,319
65,57,177,167,453,533,319
54,49,157,164,443,486,319
42,36,26,31,383,401,319
22,26,36,55,343,435,319
437,362,709,596,604,685,319
33,28,85,97,383,439,319
35,29,88,97,319,402,319
89,76,174,169,432,519,319
33,24,59,65,558,323,319
26,23,74,68,320,441,319
67,48,56,61,292,359,319
39,24,85,72,373,415,320
142,121,134,149,426,500,320
99,79,157,133,451,517,320
102,81,174,164,483,503,320
39,26,65,65,340,410,320
42,29,56,66,406,454,320
19,20,64,76,374,431,320
195,147,575,439,554,620,320
63,51,184,180,488,567,320
51,45,101,74,345,362,321
39,36,189,166,457,519,321
104,82,198,145,460,522,321
49,31,165,115,376,482,321
29,20,65,77,384,426,321
39,24,57,65,400,445,321
52,36,106,73,421,455,321
100,79,199,198,533,599,321
202,165,175,127,485,557,321
73,51,106,72,437,470,321
61,45,203,170,490,559,321
35,28,72,79,418,493,321
33,27,54,73,362,351,321
109,81,288,254,493,569,321
49,34,162,164,282,405,322
27,20,49,54,239,399,322
51,38,193,126,495,552,322
43,27,76,58,351,400,322
144,102,272,255,484,562,322
33,21,99,97,413,466,322
129,103,290,241,468,531,322
87,73,210,188,431,501,322
73,58,187,176,391,476,322
69,50,185,149,402,481,322
46,35,90,82,338,454,322
39,27,69,80,367,422,322
26,22,47,41,325,406,323
53,43,98,112,402,480,323
156,137,173,166,483,566,323
42,34,65,80,400,464,323
39,27,65,69,365,410,323
31,21,61,66,400,440,323
145,129,164,173,465,539,323
59,43,87,104,396,484,323
43,27,106,101,414,448,323
112,103,257,232,497,556,324
44,36,87,64,378,432,324
32,25,98,88,313,415,324
27,30,96,88,399,447,324
23,23,58,71,368,359,324
14,23,152,156,447,490,324
28,22,110,70,307,438,324
34,24,59,57,321,406,324
38,27,92,98,432,459,324
43,29,51,60,298,415,324
47,33,68,73,313,409,325
82,57,117,120,479,526,325
37,21,201,122,415,377,325
79,58,142,120,445,517,325
33,21,56,59,402,456,325
38,28,99,79,259,424,325
39,27,35,32,311,405,325
63,55,77,61,386,479,325
41,28,97,64,416,483,325
72,56,43,38,422,495,325
43,26,140,147,464,496,325
47,34,65,81,356,419,325
53,38,69,78,423,485,326
61,44,136,136,414,525,326
31,25,129,126,377,476,326
56,40,210,116,463,500,326
44,32,270,225,484,538,326
34,22,76,68,215,408,326
36,25,74,77,253,412,326
50,34,104,99,382,446,326
91,71,129,124,412,475,326
46,34,85,83,414,473,326
21,20,59,69,256,369,326
75,65,167,172,426,508,326
24,21,130,107,374,477,326
22,22,99,99,381,452,326
26,23,87,75,391,429,327
91,74,237,214,514,559,327
172,143,194,183,467,531,327
47,34,92,68,327,430,327
30,20,79,55,346,432,327
38,30,68,58,377,420,327
208,122,108,99,298,333,327
45,41,45,58,361,406,327
543,424,706,600,536,583,328
38,34,72,75,418,427,328
74,69,97,102,426,481,328
52,41,176,165,442,495,328
31,22,107,97,340,371,328
44,34,62,60,373,443,328
45,29,109,101,376,445,328
35,22,62,76,357,439,328
109,85,202,181,453,507,328
63,67,142,141,453,508,328
394,308,655,526,615,680,328
42,37,152,154,446,504,328
64,63,167,150,436,479,328
87,70,192,158,456,512,328
386,301,443,355,466,400,328
220,196,304,289,485,569,329
40,30,91,88,372,478,329
31,24,132,84,344,453,329
69,51,184,147,429,488,329
35,28,71,93,359,454,329
330,313,329,317,499,557,329
267,222,361,330,569,624,330
46,31,59,59,270,434,330
175,139,407,354,552,628,330
193,179,241,203,465,521,330
38,43,87,89,436,481,330
30,25,73,63,419,490,330
29,27,71,68,335,446,330
44,44,114,108,430,475,330
35,21,146,98,429,484,330
41,29,87,82,437,480,330
31,20,92,82,327,433,331
79,59,213,188,400,410,331
92,68,318,254,485,555,331
109,81,209,194,467,548,331
312,250,682,522,598,676,331
88,79,135,105,453,513,331
53,42,126,96,446,508,331
26,26,54,57,411,459,331
21,26,61,63,360,442,331
47,55,253,228,463,520,331
48,62,81,93,396,448,331
110,107,185,165,465,517,331
75,72,84,94,305,385,331
28,24,46,59,394,465,332
31,26,84,86,337,398,332
66,55,169,160,444,501,332
39,30,73,45,419,457,332
44,38,83,71,433,482,332
34,54,86,82,402,485,332
53,43,139,128,457,520,332
89,56,362,328,504,561,332
182,155,307,270,499,557,332
35,22,69,66,316,401,332
52,36,88,92,384,455,332
302,241,334,268,541,598,332
55,43,108,84,421,481,332
40,28,81,73,334,429,332
36,29,104,86,398,483,332
32,23,28,24,270,412,332
369,331,315,292,385,415,332
76,52,312,278,494,528,333
36,27,100,98,397,446,333
604,569,511,487,547,603,333
248,219,396,338,479,521,333
133,94,358,305,442,466,333
665,598,357,328,501,491,333
57,44,65,67,416,502,333
91,74,245,253,455,515,333
152,140,246,131,429,454,334
39,39,79,86,350,470,334
16,20,69,74,406,444,334
27,27,78,67,404,423,334
45,47,93,85,428,486,334
220,210,191,178,505,582,334
76,65,262,247,520,573,334
109,92,199,195,504,563,334
35,22,133,90,434,484,334
25,21,66,53,318,382,334
223,130,125,67,404,457,334
43,32,185,151,474,513,334
32,25,72,77,387,407,335
37,27,80,86,351,437,335
69,55,58,69,369,452,335
52,40,85,77,356,458,335
47,33,102,84,417,446,335
26,32,105,106,401,410,335
48,50,156,163,481,549,335
129,120,152,163,443,533,335
25,24,67,71,401,389,335
150,127,291,245,511,590,335
218,202,167,160,506,546,335
43,25,205,105,424,521,335
31,24,130,119,406,456,335
226,148,363,275,541,613,335
33,24,91,81,347,428,335
92,72,299,276,470,524,335
46,40,44,37,391,435,335
17,24,38,50,397,435,335
386,363,497,459,548,613,336
77,82,216,196,438,503,336
17,23,53,68,299,405,336
71,68,144,122,430,499,336
70,53,142,122,354,469,336
69,50,118,107,411,476,336
66,50,158,137,428,496,336
366,333,294,269,514,584,336
425,383,255,198,424,378,336
48,29,146,63,366,397,336
193,120,112,93,306,335,336
54,43,167,129,417,498,336
16,20,47,52,318,440,336
82,84,241,234,434,529,336
40,37,102,110,413,469,336
58,46,88,96,365,445,337
52,38,171,146,465,519,337
50,42,125,91,422,469,337
33,23,64,60,364,413,337
24,30,173,152,423,473,337
60,43,122,120,438,461,338
176,155,171,139,468,537,338
43,37,79,85,397,452,338
36,25,86,87,201,403,338
32,25,60,56,428,443,338
397,300,621,520,534,509,338
219,198,248,245,501,572,339
247,228,183,166,517,593,339
157,136,181,168,444,512,339
61,43,164,122,443,486,339
267,154,157,88,424,429,339
147,123,221,199,499,537,339
146,135,101,102,486,549,339
45,38,114,94,386,441,340
47,31,111,86,381,449,340
47,42,123,103,351,429,340
35,29,270,233,501,556,340
221,198,382,337,535,599,340
14,29,70,77,412,449,340
36,38,88,87,153,342,340
54,56,115,114,476,529,340
27,26,96,83,425,452,340
35,32,50,56,347,376,340
129,117,215,181,483,555,340
39,39,94,84,315,428,340
128,107,205,187,463,521,340
88,73,114,126,435,481,340
37,22,119,91,401,473,340
34,24,85,65,351,442,340
77,75,283,275,483,571,341
22,31,79,93,413,404,341
75,77,156,154,456,520,341
122,87,563,329,619,435,341
68,58,147,98,426,510,341
18,20,53,64,345,407,341
16,22,46,54,361,411,341
88,56,465,386,524,569,341
16,24,102,106,454,484,341
29,20,90,72,386,402,341
466,428,279,230,563,620,341
37,37,79,81,370,454,341
42,32,143,143,435,513,341
28,23,69,65,402,441,342
49,32,106,67,366,475,342
157,136,201,198,463,519,342
45,31,183,176,421,521,342
51,36,104,97,406,448,342
60,53,244,231,508,569,342
239,209,442,405,570,612,342
143,122,409,365,542,615,343
47,39,104,99,345,454,343
54,39,108,90,369,461,343
18,26,138,104,390,449,343
31,45,140,122,435,503,343
32,27,85,80,380,468,343
51,42,117,109,409,475,343
23,21,92,82,298,395,343
64,43,163,125,435,498,343
30,24,162,136,466,485,343
46,41,48,43,327,428,344
50,42,108,132,405,454,344
74,57,122,117,315,351,344
80,66,171,164,436,495,344
29,20,89,80,386,399,344
42,32,138,140,392,493,344
30,22,52,44,365,457,344
47,24,196,110,425,481,344
376,318,558,504,614,655,344
408,293,155,110,376,403,344
53,47,160,168,454,518,345
33,36,73,82,374,457,345
49,44,56,69,351,436,345
28,22,179,156,484,533,345
15,21,46,49,315,443,345
57,55,123,114,461,499,345
27,24,81,90,350,411,345
41,33,75,89,316,397,345
517,338,545,417,472,482,345
23,22,133,124,339,442,345
40,27,136,95,371,439,346
21,22,88,98,452,476,346
55,51,129,141,392,485,346
58,55,140,134,425,497,346
37,26,163,131,451,484,346
29,26,183,163,454,500,346
46,33,132,118,405,451,346
61,51,110,58,449,518,346
155,131,626,533,465,407,346
32,25,99,87,371,439,346
238,192,362,328,550,617,347
73,34,224,156,467,487,347
33,22,112,104,400,405,347
24,20,52,72,356,420,347
57,55,155,112,423,484,347
60,55,178,167,431,513,347
56,46,147,127,465,517,347
21,21,101,62,359,467,347
106,75,498,413,550,622,347
18,24,73,81,370,456,347
93,79,235,214,492,542,347
23,21,70,64,349,411,347
28,20,56,69,372,404,348
31,25,177,143,394,458,348
58,53,171,169,465,528,348
33,35,62,75,414,467,348
47,31,233,201,437,491,348
33,23,84,83,400,425,348
41,28,99,92,389,453,348
32,24,45,56,374,413,348
40,33,86,91,349,376,348
162,164,220,205,485,557,348
48,40,100,93,416,472,348
64,55,242,213,445,483,349
549,516,355,337,550,628,349
24,22,77,84,375,454,349
52,40,171,161,417,471,349
21,22,132,132,364,453,349
10,20,113,90,450,467,349
36,25,70,87,409,451,349
88,76,106,128,420,508,349
15,21,96,95,315,447,349
109,91,260,250,448,519,350
55,53,106,100,365,342,350
58,53,77,96,436,475,350
342,298,896,775,483,495,350
57,43,113,109,439,465,350
86,79,215,224,477,534,350
48,25,124,75,375,485,350
29,21,76,54,221,416,350
30,21,107,93,334,440,350
45,34,147,93,379,475,350
76,71,128,128,386,467,350
45,38,70,77,377,456,350
48,37,38,42,359,471,350
488,411,262,199,414,424,350
31,29,72,61,410,408,351
25,27,56,66,409,451,351
62,75,165,163,460,519,351
175,160,413,387,533,590,351
81,72,138,148,431,483,351
116,100,245,254,461,525,352
37,30,94,94,398,443,352
32,28,100,79,356,467,352
29,21,68,78,383,458,352
21,20,37,44,382,447,352
27,24,94,71,408,434,352
40,45,167,140,434,492,352
29,39,130,105,435,523,352
109,107,302,268,534,597,352
142,89,124,73,297,339,352
122,121,157,161,446,506,352
59,50,252,168,351,393,352
65,36,186,79,456,513,353
73,63,68,77,387,452,353
47,37,103,112,393,457,353
42,32,111,100,359,388,353
104,87,95,100,444,479,353
43,31,79,79,409,476,353
77,59,90,63,376,475,353
29,24,34,49,358,436,353
16,32,73,71,372,478,353
20,21,225,216,460,518,353
21,22,50,45,301,404,353
131,124,212,190,481,558,353
76,73,175,169,479,546,354
27,25,111,93,387,456,354
37,32,51,59,369,419,354
145,119,274,254,491,579,354
43,31,146,126,453,508,354
93,83,162,146,441,496,354
37,20,121,59,374,419,354
36,29,125,105,413,488,354
116,113,140,120,402,454,354
27,24,89,85,371,466,354
40,36,196,150,440,510,355
25,24,46,62,234,400,355
484,384,778,666,636,705,355
59,42,211,145,495,546,355
36,28,56,67,363,413,355
44,32,104,89,421,461,355
53,37,206,167,481,538,355
28,22,69,80,307,429,355
38,30,30,45,401,437,355
100,70,225,195,517,590,355
125,106,288,291,487,542,355
37,35,105,115,399,447,356
30,27,117,122,451,481,356
79,79,163,128,460,518,356
61,55,190,182,452,517,356
582,495,786,636,592,667,356
96,59,339,287,453,431,356
106,89,105,96,426,502,356
47,31,101,105,403,477,356
166,141,305,290,521,592,356
177,160,166,187,493,553,356
48,30,188,123,467,511,356
32,28,56,74,353,459,356
43,40,128,123,338,461,356
52,45,134,129,380,475,356
292,268,456,416,510,573,356
27,21,41,46,272,414,357
54,47,176,160,458,550,357
44,32,158,147,446,479,357
118,97,216,188,459,529,357
91,79,122,121,345,437,357
147,144,215,231,416,517,357
24,29,97,104,325,444,357
547,473,804,589,604,670,357
87,68,130,134,464,531,358
95,83,165,165,459,487,358
30,20,61,74,460,466,358
137,90,423,359,545,622,358
35,24,137,121,458,499,358
40,26,107,92,324,415,358
37,23,87,91,439,496,358
66,55,154,144,453,505,358
21,24,72,69,396,433,358
87,89,147,134,480,501,358
136,126,127,129,399,321,358
16,29,134,121,449,493,358
23,28,82,80,372,436,358
274,259,311,297,520,585,358
17,22,72,80,337,457,358
75,25,362,157,507,587,358
161,149,329,289,504,574,358
34,27,84,94,394,421,358
91,73,171,169,475,532,359
30,22,55,66,386,482,359
36,25,85,53,356,420,359
62,49,70,68,351,414,359
45,23,171,111,452,520,359
58,43,77,69,445,519,359
441,399,301,269,528,609,359
36,23,66,73,320,363,359
53,25,238,121,454,514,359
43,30,75,96,371,455,359
41,36,123,108,307,382,359
48,43,88,77,417,472,360
33,34,102,107,322,437,360
49,25,98,49,296,432,360
32,20,89,86,371,413,360
54,37,40,65,401,415,360
424,330,738,613,592,657,360
56,40,167,151,412,457,360
54,43,77,83,378,473,360
77,57,208,198,499,538,360
27,23,112,111,358,448,360
41,31,57,51,436,444,360
40,28,181,134,463,547,360
14,24,100,89,446,511,361
676,517,146,107,436,487,361
32,27,60,58,281,372,361
34,26,77,64,247,439,361
61,33,191,99,465,526,361
41,26,162,133,413,494,361
32,20,97,85,393,477,361
33,27,123,126,413,444,361
110,98,96,88,464,520,361
136,122,159,176,434,535,361
476,410,772,696,579,655,361
66,63,130,110,459,532,362
45,43,121,128,290,359,362
173,151,252,210,495,565,362
97,88,146,122,448,518,362
123,109,207,179,455,502,362
34,28,200,159,407,514,362
51,42,161,130,438,495,362
227,187,344,305,522,598,362
309,219,885,738,485,387,362
315,287,548,492,563,630,363
53,38,114,131,401,463,363
28,28,95,93,378,463,363
47,46,57,78,391,465,363
227,204,354,333,513,575,363
58,27,182,91,446,500,363
27,20,39,53,360,422,363
35,29,85,85,356,424,363
31,20,125,108,361,414,363
504,436,468,445,597,658,364
49,29,141,142,444,505,364
45,28,170,145,442,498,364
33,22,69,51,369,330,364
578,530,523,469,582,649,364
97,92,220,196,475,549,364
297,211,355,220,468,474,364
35,31,92,80,387,442,364
66,53,240,188,503,551,364
25,20,130,107,400,438,364
24,22,124,87,320,431,365
32,22,38,51,418,453,365
30,22,57,66,329,369,365
24,21,48,66,415,455,365
37,30,100,67,296,372,365
178,133,513,434,546,621,365
44,33,110,132,404,452,365
39,24,100,51,381,446,365
51,36,116,88,394,418,365
36,41,83,87,373,446,365
28,27,71,87,342,395,365
28,27,134,108,387,471,366
74,74,204,204,455,523,366
107,86,130,126,474,519,366
67,49,195,188,495,539,366
62,46,83,83,379,439,366
61,41,102,104,393,448,366
45,40,187,164,431,512,367
28,23,84,66,428,461,367
196,175,471,421,418,333,367
57,41,270,239,517,570,367
13,21,111,115,383,450,367
681,273,241,101,419,375,367
122,87,153,106,457,515,367
32,22,39,46,266,414,368
66,51,139,112,444,505,368
23,24,294,251,435,465,368
20,25,112,104,435,497,368
27,23,118,54,425,469,368
25,23,67,81,397,443,368
25,33,114,91,375,468,368
33,34,94,100,425,452,368
267,208,440,319,628,681,368
434,393,526,476,598,678,368
51,55,89,102,421,494,368
46,34,119,120,405,463,368
48,37,39,63,406,465,369
56,41,53,55,355,438,369
65,40,97,43,412,483,369
62,66,180,200,260,338,369
26,29,74,80,320,424,369
693,521,196,170,469,495,370
81,61,206,163,423,350,370
32,22,83,91,302,411,370
123,112,140,126,431,494,370
26,21,71,70,338,415,370
34,23,72,66,418,418,370
63,44,146,98,395,464,370
68,56,98,116,421,491,370
40,26,118,89,414,478,370
160,122,578,462,558,611,370
61,44,119,121,390,422,370
30,22,40,53,360,407,370
23,20,78,91,406,397,370
26,26,77,82,310,426,370
24,31,111,118,424,474,370
289,249,327,298,574,628,370
23,34,116,120,381,443,370
74,73,202,182,458,540,371
27,34,72,76,382,460,371
623,549,689,586,605,674,371
76,68,179,189,489,528,371
22,20,132,113,429,490,371
71,67,94,108,407,474,371
309,279,465,433,538,610,371
48,34,122,101,434,503,371
37,29,107,92,427,466,371
35,24,123,93,333,369,371
69,55,122,119,431,489,371
419,386,766,717,629,691,371
280,216,221,176,487,520,371
35,48,122,129,414,483,372
28,42,49,40,374,379,372
15,23,90,87,376,417,372
69,71,162,103,433,513,372
10,29,121,111,443,488,372
245,229,408,360,521,600,372
23,41,92,76,424,470,372
25,25,163,163,462,516,372
32,25,71,80,392,413,372
84,74,144,136,439,478,372
165,142,147,156,461,507,372
19,24,99,86,428,455,373
86,72,210,199,464,513,373
200,183,165,90,366,438,373
27,21,200,129,454,521,373
36,28,92,90,394,407,373
53,40,102,93,429,467,373
42,33,72,88,382,447,373
42,32,73,82,416,449,373
228,135,148,89,405,421,374
117,97,111,95,428,484,374
60,49,53,62,394,452,374
75,60,149,137,412,458,374
36,23,75,65,343,433,374
53,41,102,114,402,457,374
19,23,50,41,369,479,374
365,291,522,419,522,582,374
42,40,175,154,418,502,374
31,31,83,87,413,442,374
109,100,231,203,459,550,374
38,29,53,57,219,376,375
27,20,53,54,346,399,375
77,74,165,162,455,534,375
21,21,32,51,410,420,375
700,648,255,231,462,453,376
35,22,70,68,363,446,376
45,33,108,111,432,474,376
34,25,51,48,356,417,376
46,29,121,124,442,511,376
232,185,451,328,546,611,376
42,27,130,116,387,398,376
31,33,203,195,475,528,377
34,32,86,82,406,462,377
687,412,510,402,511,559,377
399,362,167,133,506,583,377
264,163,140,109,398,410,377
157,126,207,161,501,563,377
165,120,503,345,579,614,377
284,243,668,566,566,637,377
28,20,78,72,360,410,377
54,43,70,81,394,465,377
234,145,410,240,502,547,377
34,21,87,52,313,369,377
68,48,313,237,439,371,377
32,35,162,155,320,337,377
27,25,104,106,444,475,378
46,65,84,94,392,494,378
107,124,211,172,481,550,378
81,78,65,83,401,485,378
354,288,631,559,460,329,378
19,20,38,38,335,419,378
117,98,177,168,462,532,378
80,70,162,161,477,515,378
39,31,55,69,406,468,378
129,118,137,152,502,573,378
35,30,72,62,356,429,378
26,22,66,79,391,465,378
54,51,201,187,409,460,378
131,94,627,485,546,634,379
23,23,47,45,412,452,379
353,270,90,73,359,339,379
41,34,228,203,525,566,379
57,51,189,160,448,519,379
83,68,147,160,418,505,379
57,42,121,119,454,504,380
33,21,113,100,400,490,380
63,47,74,71,425,501,380
44,28,117,101,399,360,380
279,251,328,314,526,601,380
32,20,29,42,334,365,380
71,53,174,171,395,482,380
210,177,261,242,502,576,380
57,45,98,104,376,451,380
118,69,297,195,503,557,380
33,25,82,91,329,399,380
30,25,109,91,437,459,380
28,26,39,52,345,425,380
45,44,109,86,356,374,380
36,26,57,40,363,382,380
34,24,102,92,433,462,381
171,147,259,239,467,544,381
42,27,102,84,363,434,381
53,39,62,44,204,338,381
39,22,93,65,396,451,381
35,21,75,70,400,418,381
81,71,184,175,450,480,381
24,26,89,96,334,437,381
22,24,65,75,384,389,381
46,53,80,94,370,494,381
131,98,363,314,463,377,382
32,39,35,52,415,459,382
18,24,74,61,357,407,382
28,29,106,118,412,481,382
24,25,103,102,390,443,382
51,41,101,113,392,481,382
64,58,101,104,405,468,382
25,20,57,60,310,398,382
50,37,86,91,414,472,382
69,52,77,82,347,437,382
40,34,134,113,422,469,382
34,21,180,165,450,495,382
39,31,66,89,283,467,382
110,108,292,269,447,541,383
87,89,137,142,377,388,383
130,117,183,194,474,507,383
47,26,189,142,456,513,383
37,23,68,72,356,440,383
86,80,158,140,469,525,383
90,75,230,201,493,530,383
32,25,50,48,306,418,383
54,31,136,112,431,493,383
122,103,146,147,432,496,383
39,34,89,94,420,496,383
32,21,99,88,322,430,384
219,199,268,261,499,557,384
24,23,83,74,352,443,384
80,59,137,139,462,520,384
135,127,311,264,368,424,384
32,23,140,137,439,504,384
34,22,56,55,398,432,384
150,125,229,185,477,539,384
216,128,241,129,505,526,384
30,25,85,71,389,420,384
90,73,162,162,381,482,385
422,345,433,364,582,654,385
106,94,133,91,333,372,385
268,249,384,356,522,593,385
166,90,282,136,469,542,385
20,27,103,76,423,490,385
96,108,173,190,448,516,385
72,53,187,167,492,518,386
50,46,53,71,378,440,386
337,223,159,92,310,369,386
32,27,99,108,418,496,386
143,134,135,157,447,530,386
28,20,34,50,405,468,386
29,23,73,84,305,438,386
53,38,318,226,495,556,386
69,59,180,169,431,513,386
58,42,141,135,411,470,387
27,21,61,74,439,443,387
53,35,157,142,417,481,387
43,27,159,81,422,474,387
182,77,408,165,559,609,387
326,278,398,371,543,617,387
44,27,79,74,322,448,387
40,22,251,207,438,498,387
337,282,352,338,536,615,387
140,109,306,248,523,586,387
69,56,123,123,464,504,387
46,59,107,114,420,473,388
45,42,105,110,387,453,388
152,143,225,201,453,537,388
73,68,108,121,427,476,388
39,30,101,100,403,470,388
32,31,85,79,336,444,388
29,23,108,93,414,411,388
60,51,108,121,411,484,388
69,55,99,114,315,456,388
26,21,40,50,380,439,388
33,23,70,59,365,335,388
28,23,189,161,473,522,388
65,73,150,153,424,509,389
17,20,51,62,292,420,389
95,100,199,189,482,550,389
49,58,99,105,378,462,389
72,48,339,252,526,587,389
15,23,60,52,287,422,389
73,62,187,151,467,542,389
447,250,222,152,461,521,389
35,23,45,62,341,402,389
107,93,294,256,513,578,389
197,168,330,320,515,567,389
99,72,246,221,496,570,389
29,25,65,56,397,459,389
382,338,395,357,543,616,390
37,35,107,108,413,485,390
72,61,319,287,505,555,390
22,23,92,46,351,412,390
123,113,163,164,450,529,390
102,94,154,152,492,536,390
33,20,45,45,361,394,390
34,24,99,112,376,452,390
89,56,295,260,530,587,390
33,20,54,50,339,382,390
100,77,180,190,475,544,391
86,78,75,81,441,495,391
25,34,192,121,363,475,391
21,31,90,77,406,466,391
251,216,252,220,545,625,392
148,128,199,193,481,537,392
193,146,470,406,453,404,392
29,23,33,54,307,416,392
30,20,93,78,391,411,392
331,243,484,431,580,661,392
162,150,206,188,455,478,392
35,27,44,39,383,438,392
55,56,92,115,448,497,392
20,23,298,257,505,558,392
31,39,218,205,474,523,392
17,20,81,91,432,469,393
43,30,228,210,478,516,393
18,20,85,88,304,448,393
269,160,214,152,402,348,393
51,44,192,157,400,416,393
421,353,699,576,594,651,393
38,24,88,90,388,452,393
89,67,207,203,456,510,393
82,61,118,101,406,472,393
469,391,678,579,594,655,393
435,359,314,285,567,636,393
35,26,66,76,261,419,393
43,49,107,107,420,471,394
26,25,101,88,213,360,394
42,45,99,86,437,451,394
37,45,95,120,411,466,394
31,31,51,47,307,416,394
65,51,366,313,498,576,394
233,218,205,214,477,538,394
29,20,87,70,344,445,394
33,27,184,166,440,489,394
216,125,125,83,343,398,394
196,173,280,266,515,592,394
35,28,60,79,376,461,394
68,49,172,181,461,498,394
131,105,272,248,480,543,394
44,30,92,106,424,445,394
40,22,101,70,430,465,394
225,163,473,396,528,571,394
41,21,72,60,356,406,394
123,105,140,158,434,478,395
38,22,44,57,436,473,395
57,62,75,87,457,513,395
21,41,163,159,437,476,395
587,545,693,654,587,650,395
25,31,88,82,350,456,395
14,21,34,40,325,321,395
33,27,87,85,423,427,395
69,57,62,88,407,447,396
23,20,73,44,300,431,396
98,87,202,173,459,502,396
24,24,87,77,412,454,396
46,47,113,124,414,480,396
22,20,42,59,331,411,396
212,153,423,249,527,591,396
13,22,49,50,372,396,396
175,103,135,67,411,448,396
14,26,59,68,377,450,396
41,36,103,105,413,469,396
44,33,162,81,426,503,396
29,21,53,49,393,422,396
114,99,161,160,445,516,396
87,72,130,134,450,497,397
354,238,438,239,545,581,397
46,31,92,83,356,428,397
68,49,127,128,412,452,397
44,29,92,100,300,405,397
49,29,104,93,402,409,397
513,439,617,549,599,674,397
109,88,106,111,419,481,397
43,32,64,73,414,438,397
65,44,60,39,346,390,397
50,26,216,105,409,494,397
82,41,150,89,491,529,397
32,32,106,106,360,413,397
105,107,255,216,501,559,397
22,26,115,98,397,460,398
50,33,79,91,363,427,398
194,147,437,382,549,614,398
42,28,88,89,380,423,398
378,336,366,364,540,592,398
60,44,122,126,401,444,398
77,59,177,157,423,485,398
641,425,416,261,539,605,398
111,77,295,204,503,542,398
78,60,90,77,421,472,398
32,20,30,38,401,412,398
44,40,103,93,387,463,398
290,309,262,260,529,596,399
9,27,110,105,429,461,399
503,476,577,536,463,441,399
58,58,186,104,396,421,399
44,39,121,116,392,470,399
36,38,175,164,420,495,399
48,34,132,125,413,448,399
30,22,92,104,365,400,399
34,28,94,85,415,469,399
37,34,121,125,432,489,400
109,104,199,189,461,532,400
104,101,220,197,487,543,400
40,57,127,109,453,506,400
95,108,173,145,430,510,400
13,25,75,77,344,432,400
46,38,180,169,346,471,400
131,118,141,114,396,321,400
206,192,185,169,439,521,400
35,23,69,88,374,435,400
36,28,92,74,340,434,400
54,41,89,98,430,470,400
272,154,692,400,505,473,400
54,32,119,114,390,489,400
38,24,71,80,396,416,400
507,326,844,517,591,660,400
30,20,49,58,349,414,401
23,23,65,58,365,417,401
141,133,156,157,483,549,401
32,31,136,122,479,543,401
185,173,303,251,491,569,401
292,122,615,297,559,554,401
59,52,98,99,414,462,401
340,230,96,109,387,324,401
128,106,238,202,482,549,401
59,46,201,206,437,541,401
23,20,59,58,382,411,401
23,20,67,42,168,358,401
34,31,123,125,429,510,402
449,331,691,578,603,675,402
42,36,93,90,380,473,402
23,22,103,93,376,424,402
30,23,93,65,408,398,402
44,37,171,143,412,478,402
112,117,340,293,497,545,402
302,285,728,597,579,659,402
78,85,177,165,520,597,403
53,46,169,177,433,482,403
166,149,259,234,499,564,403
80,61,165,154,410,472,403
108,85,245,197,513,584,403
64,35,137,71,359,392,403
31,20,100,72,433,464,403
47,38,150,132,389,449,403
21,25,94,99,434,512,403
253,235,426,369,556,628,403
549,482,784,678,593,666,403
39,32,105,79,433,498,404
23,26,92,80,381,452,404
71,61,120,91,420,497,404
168,114,538,420,548,623,404
40,27,71,69,388,410,404
41,29,111,97,423,469,404
188,158,148,124,452,477,404
40,23,97,93,262,443,404
36,25,61,74,362,410,404
51,37,90,100,429,508,404
67,43,175,135,464,511,404
43,37,83,86,469,494,404
274,229,406,385,577,649,404
126,110,185,159,446,511,405
59,54,127,125,478,521,405
24,26,65,74,418,497,405
25,37,140,136,424,507,405
14,21,144,151,417,496,405
66,58,98,55,384,398,405
90,96,283,262,493,553,405
67,59,145,140,461,526,405
47,36,112,97,452,474,405
48,39,155,139,329,410,405
72,59,184,159,425,513,405
35,23,121,114,442,489,405
38,25,46,33,370,346,405
140,123,137,146,428,506,405
75,57,48,28,433,472,405
209,169,188,161,447,446,405
87,74,249,219,496,564,405
181,167,206,190,503,572,405
386,345,333,322,531,596,405
30,21,57,69,327,436,405
607,519,890,767,625,693,405
16,20,52,68,341,403,406
14,21,91,88,386,463,406
23,27,327,245,437,451,406
63,48,305,254,479,555,406
160,129,270,242,509,582,406
395,292,122,96,340,390,406
196,166,168,183,516,581,406
43,22,155,112,436,479,406
282,228,398,372,578,646,407
86,65,282,242,504,575,407
33,27,88,98,419,496,407
184,145,486,420,557,631,407
35,27,78,73,382,461,407
53,43,159,159,452,503,407
43,30,116,112,412,535,407
52,42,76,94,384,451,407
75,72,131,127,374,438,407
39,42,67,53,341,397,407
36,22,113,86,303,442,408
51,28,109,63,290,454,408
55,45,74,74,397,442,408
75,60,103,101,416,476,408
40,28,109,103,399,459,408
68,55,198,172,425,495,408
38,29,116,119,385,448,408
305,246,686,594,585,663,408
281,254,268,259,523,585,408
65,70,227,150,421,385,408
192,205,361,345,484,543,408
45,59,198,186,422,481,408
74,63,242,150,488,532,409
72,49,146,116,301,344,409
26,21,93,62,367,423,409
39,34,106,104,363,423,409
48,42,77,62,420,438,409
20,22,71,71,369,397,409
70,76,135,91,432,504,409
24,34,118,106,444,482,409
9,24,129,109,387,468,409
51,69,102,87,441,469,410
87,90,226,166,438,395,410
15,28,64,79,380,430,410
141,138,203,185,453,522,410
83,68,165,151,373,500,410
59,43,70,76,393,472,410
70,53,149,122,472,524,410
79,65,103,113,419,491,410
68,52,74,93,409,496,410
34,24,65,68,266,402,411
33,33,106,116,427,502,411
40,27,59,49,347,446,411
39,37,92,68,416,492,411
385,320,739,657,600,686,411
55,46,118,119,407,494,411
30,23,66,53,324,421,411
16,23,61,81,359,448,411
191,137,223,138,443,364,411
30,22,106,88,371,394,411
203,183,102,115,488,555,411
51,38,108,107,472,503,411
318,245,370,310,605,670,411
65,48,107,108,462,525,411
49,29,75,87,337,433,411
28,34,156,142,427,490,412
22,24,89,72,304,408,412
121,127,281,293,367,325,412
155,112,113,102,397,329,412
19,35,104,107,428,490,412
18,34,101,113,420,470,412
25,38,160,134,444,509,412
25,32,103,86,401,494,412
41,20,117,78,341,320,413
69,46,350,278,489,551,413
83,72,99,104,385,482,413
73,74,191,198,439,492,413
38,29,78,77,341,407,413
61,43,271,197,452,519,413
32,46,133,124,398,487,413
237,222,257,201,531,590,413
295,284,484,452,579,632,413
47,58,166,150,407,437,414
9,23,59,78,395,427,414
102,112,189,192,428,491,414
41,22,116,95,424,455,414
52,32,121,99,414,487,414
44,31,79,80,314,413,414
65,48,99,86,417,492,414
193,166,205,213,480,545,414
45,23,132,134,355,466,414
38,20,41,50,408,416,414
34,20,69,59,355,397,414
101,68,59,69,437,472,414
41,31,129,129,425,434,414
145,85,358,275,538,592,414
187,147,240,215,540,605,414
151,120,276,243,514,585,414
47,21,174,94,469,530,414
96,84,184,152,478,504,414
44,29,96,105,369,457,414
26,22,54,56,310,382,414
93,82,101,112,445,512,415
38,21,150,98,393,508,415
31,23,33,53,313,421,415
42,38,135,143,422,514,415
444,236,218,159,422,348,415
43,32,69,56,330,439,415
34,23,53,75,370,453,415
75,64,149,134,449,499,415
97,106,216,197,480,545,416
142,147,124,134,494,546,416
40,51,161,154,436,510,416
125,136,192,143,239,364,416
11,22,35,37,368,432,416
16,29,70,79,403,437,416
23,40,109,116,413,457,416
33,29,164,72,458,525,416
26,36,165,90,326,371,416
48,32,67,62,256,419,417
114,93,141,140,458,536,417
45,29,97,75,432,488,417
324,258,285,180,439,409,417
40,23,102,90,409,461,417
41,29,92,83,279,403,417
99,80,390,325,516,590,417
15,28,84,78,393,442,417
182,177,465,404,546,607,417
42,53,144,154,436,519,417
37,47,141,148,383,378,417
78,75,349,272,486,528,417
21,24,110,84,402,438,417
33,25,79,81,418,437,417
46,23,89,105,397,473,417
76,43,108,76,460,497,417
78,52,134,102,437,479,418
34,25,52,44,336,412,418
44,26,232,202,488,559,418
31,28,98,65,382,456,418
27,33,128,116,387,480,418
22,22,153,106,384,385,418
149,110,115,103,399,388,418
43,43,123,127,363,461,418
35,29,69,83,417,433,418
24,25,48,41,262,337,418
29,24,79,74,377,420,419
127,106,137,134,501,564,419
35,26,89,80,342,454,419
102,72,178,129,453,500,419
64,44,175,191,406,517,419
92,72,112,127,394,493,419
62,47,93,85,426,504,419
18,21,74,73,401,446,419
318,262,877,784,578,659,419
21,27,110,122,402,458,419
15,34,99,103,448,491,419
16,23,124,94,460,531,420
80,95,219,207,458,520,420
171,159,542,434,554,602,420
12,23,61,75,374,440,420
10,21,42,62,348,426,420
34,22,71,62,337,409,420
67,44,233,197,486,562,420
44,30,72,61,379,488,420
41,48,140,144,430,492,420
53,53,77,95,406,466,420
76,83,144,136,376,489,420
21,32,83,91,409,475,420
42,55,109,93,465,487,421
12,20,76,67,396,436,421
110,123,127,140,450,511,421
83,59,146,114,464,535,421
89,73,151,153,465,525,421
33,21,49,65,351,403,421
95,67,190,185,447,495,421
323,285,399,387,515,567,421
161,130,140,141,480,549,421
133,107,214,195,502,542,422
39,83,584,449,576,646,422
31,75,143,144,387,480,423
77,117,365,313,511,604,423
150,189,328,270,486,582,424
172,163,528,450,580,653,424
436,428,478,391,581,659,424
287,264,704,589,603,670,424
28,59,144,139,438,497,425
242,241,504,446,530,609,425
18,39,129,120,356,466,425
54,68,140,129,399,476,425
67,95,252,226,501,575,425
12,60,103,100,486,534,426
19,72,97,105,346,478,426
141,146,414,379,515,593,426
39,87,137,131,451,535,427
111,152,304,250,532,613,427
51,73,473,386,550,620,427
26,36,203,182,453,521,427
77,82,222,196,466,552,427
70,82,103,106,431,478,427
8,22,73,79,383,452,427
12,35,68,77,372,444,428
18,28,106,111,369,419,428
10,32,321,280,513,586,428
180,214,357,324,512,578,428
13,38,143,141,419,527,428
33,40,136,127,428,468,428
34,46,90,110,408,457,428
40,50,323,275,489,570,429
36,61,196,174,487,552,429
50,88,154,155,456,517,429
12,39,201,181,480,538,429
23,53,88,83,437,508,429
123,130,191,178,457,534,430
33,41,216,195,454,526,430
42,53,109,103,372,489,430
15,26,49,51,311,428,430
20,26,61,84,369,470,430
21,23,254,218,465,561,430
36,42,106,102,418,449,430
13,21,69,86,359,381,430
33,32,164,87,429,504,430
91,95,185,188,450,524,430
31,39,86,70,381,462,430
93,80,177,130,367,396,431
31,26,49,31,321,415,431
65,57,94,108,394,465,431
77,73,110,119,410,500,431
320,296,647,572,581,654,432
26,22,115,107,387,437,432
73,74,118,109,380,486,432
34,38,176,125,476,515,432
46,35,111,103,388,446,432
42,28,30,28,372,394,432
67,54,191,181,491,560,432
29,33,113,106,374,461,432
170,78,304,153,457,506,432
44,39,60,66,362,445,432
54,45,326,274,503,585,433
39,42,172,145,439,490,433
31,37,43,49,416,451,433
71,71,163,158,440,504,433
18,23,54,62,405,476,433
297,282,336,321,563,636,433
113,118,379,325,536,591,433
50,64,241,224,478,526,433
48,70,149,148,482,538,433
26,46,158,151,399,394,433
69,80,323,287,505,557,433
10,30,152,106,390,459,433
292,304,117,115,519,579,433
29,23,190,169,415,490,433
15,25,90,86,312,430,434
112,98,342,294,521,590,434
36,50,185,110,390,377,434
33,55,126,110,394,459,434
57,76,185,182,340,339,434
14,32,102,100,388,456,434
41,30,73,53,375,430,435
50,31,61,63,337,420,435
51,29,182,163,407,488,435
41,26,96,83,351,413,435
63,48,57,65,382,458,435
46,30,99,73,387,461,435
33,22,73,58,373,378,435
51,29,129,82,423,481,435
70,58,247,220,448,517,435
24,20,68,64,395,428,435
337,275,644,529,595,664,435
37,28,122,105,377,453,435
747,687,323,304,446,450,435
38,32,160,137,454,501,435
43,29,178,126,420,492,436
37,42,244,226,538,583,436
29,31,78,65,340,400,436
29,21,137,99,409,449,436
57,42,153,143,450,505,436
57,52,119,98,458,493,436
258,216,494,442,566,631,436
46,29,160,135,471,511,436
117,114,96,108,415,474,436
27,26,55,69,313,422,436
28,20,170,150,427,540,436
69,38,81,57,370,374,436
61,60,144,138,418,524,436
83,84,116,73,208,346,436
16,24,68,66,374,391,436
47,69,103,82,432,495,436
17,22,125,109,399,511,436
85,98,240,248,442,516,437
16,31,151,104,404,475,437
163,176,269,262,516,575,437
18,37,111,112,446,467,437
34,44,114,113,442,491,437
37,26,119,119,405,480,437
206,160,476,370,572,637,437
58,37,139,121,440,504,437
107,95,254,240,471,551,437
15,21,64,65,397,426,437
198,134,404,207,526,577,438
286,295,340,337,515,583,438
42,52,286,217,478,558,438
12,21,103,80,373,447,438
29,20,54,48,404,423,438
46,37,148,130,429,475,438
46,29,145,74,370,384,438
87,64,290,201,494,567,438
57,35,151,124,435,501,438
49,35,74,74,315,415,438
29,23,55,68,349,465,438
51,34,116,114,405,428,438
34,28,49,42,390,450,438
68,61,112,112,422,485,439
44,37,79,81,462,497,439
54,42,203,167,453,545,439
36,30,94,85,419,467,439
150,132,242,226,521,571,439
9,22,119,110,350,438,439
167,172,418,391,560,627,439
9,28,92,85,402,493,439
135,117,285,258,511,564,440
41,31,130,121,429,490,440
50,46,180,168,428,509,440
32,35,102,95,409,439,440
76,86,248,225,534,575,440
14,25,58,66,292,389,440
87,79,162,162,436,504,441
32,24,71,80,376,426,441
33,20,43,56,428,429,441
139,90,265,161,484,555,441
22,22,99,98,426,454,441
31,29,120,124,413,477,441
106,82,191,129,457,515,441
32,24,79,76,351,418,441
26,21,93,76,294,411,441
36,31,115,116,406,473,441
22,23,61,51,352,403,441
92,77,131,147,411,475,441
197,179,279,256,514,578,441
64,41,206,170,430,417,441
45,23,202,119,388,467,442
29,23,75,83,349,439,442
34,22,55,59,265,432,442
31,21,94,85,326,445,442
58,37,82,63,400,470,442
93,58,236,170,446,523,442
238,137,753,568,620,690,442
17,22,61,64,387,442,442
17,33,159,135,387,474,443
49,41,63,77,335,452,443
27,21,57,70,256,400,443
41,25,83,48,409,438,443
36,26,119,98,455,471,443
292,288,254,266,339,370,444
17,37,87,84,440,491,444
70,45,231,115,486,559,444
18,31,169,157,449,506,444
47,37,118,88,386,484,444
71,42,363,215,498,522,444
36,21,64,64,333,436,445
164,128,450,393,535,618,445
39,28,35,47,423,424,445
60,48,67,73,401,462,445
40,26,84,94,371,415,445
52,30,197,152,453,521,445
39,32,84,102,373,426,445
83,79,186,173,470,564,445
24,22,69,80,393,437,445
199,154,392,325,563,639,446
34,21,44,59,382,405,446
54,33,66,77,400,452,446
43,38,96,106,392,467,446
304,256,535,470,589,656,446
232,225,278,271,496,563,446
136,86,523,236,511,571,446
17,32,91,93,436,481,446
12,28,115,125,399,449,446
24,35,85,78,454,471,446
28,37,104,95,384,460,446
10,26,90,73,366,469,447
29,36,260,216,544,615,447
33,33,112,122,316,416,447
167,120,256,161,508,569,447
202,179,506,446,553,608,447
436,387,530,432,545,623,447
186,161,309,322,487,577,447
41,27,71,79,307,449,447
66,57,55,59,423,492,447
68,48,163,143,417,489,447
84,60,215,164,469,546,447
150,134,352,334,527,602,447
41,43,148,135,406,470,447
30,24,69,87,383,498,447
300,270,385,367,531,585,447
84,101,187,183,429,490,448
35,37,116,114,420,465,448
36,28,95,70,395,441,448
51,30,207,185,473,527,448
103,83,129,114,478,535,448
40,20,87,68,336,321,448
726,648,673,645,601,679,448
42,36,109,103,426,455,449
70,69,100,110,389,483,449
54,39,69,77,396,461,449
99,57,362,311,535,604,449
104,64,328,307,492,551,449
532,400,682,495,613,674,449
30,21,57,60,381,434,449
25,23,60,66,415,423,450
41,40,60,72,376,453,450
217,206,402,377,541,601,450
16,21,80,45,446,451,450
153,155,412,395,505,545,450
26,37,100,97,370,466,450
35,20,77,76,266,425,451
83,90,173,162,439,497,451
84,74,144,139,483,532,451
32,44,173,158,424,493,451
10,20,63,74,344,410,451
106,76,105,86,470,533,452
58,33,223,206,456,525,452
67,40,105,107,424,450,452
49,24,38,18,391,428,452
65,43,108,78,453,471,452
47,23,62,62,283,381,452
462,395,629,567,573,639,452
52,27,77,87,341,465,452
99,86,94,99,397,479,452
36,37,66,60,344,418,452
57,45,83,102,430,464,452
367,289,656,519,575,654,452
567,462,814,693,630,703,452
30,22,150,126,431,504,452
57,61,131,126,397,481,453
39,24,136,130,408,470,453
46,24,89,59,351,353,453
30,22,132,123,427,465,453
51,26,198,162,470,526,453
45,37,111,105,385,448,453
37,28,65,71,382,464,453
36,30,150,161,442,484,453
40,30,77,81,394,466,453
40,22,124,94,441,490,453
88,80,120,109,384,489,453
520,465,624,565,580,647,453
39,28,88,81,334,456,453
49,41,184,182,483,548,454
27,33,145,134,433,502,454
70,78,221,191,501,572,454
23,36,87,96,389,465,454
28,45,124,114,420,519,454
20,29,107,104,398,489,454
36,47,240,234,463,504,454
96,98,198,197,426,498,454
19,21,54,65,345,430,454
64,46,130,118,427,504,454
36,21,41,62,383,414,454
67,41,131,116,413,458,454
41,23,92,71,139,398,454
34,30,72,81,416,472,455
51,49,112,114,421,479,455
98,84,361,231,537,586,455
57,67,155,159,427,482,455
27,34,74,76,351,418,455
125,127,248,226,483,539,455
25,36,128,113,369,461,455
51,39,85,85,423,499,455
40,26,64,56,269,340,455
38,21,64,72,341,426,455
83,72,83,88,392,474,456
31,22,30,51,358,438,456
40,26,103,95,303,426,456
116,87,157,98,465,540,456
35,26,124,103,260,443,456
41,28,113,107,365,415,456
187,159,259,237,514,569,456
37,24,108,76,382,465,456
31,38,94,96,338,414,456
10,23,100,109,340,470,456
36,28,214,175,455,506,456
214,203,195,198,492,566,457
76,75,205,194,488,553,457
50,35,228,185,407,505,457
505,480,290,281,543,622,457
29,26,156,91,451,489,457
25,35,83,76,229,329,457
85,73,202,162,442,519,457
36,38,205,200,468,504,457
63,72,180,182,459,524,457
69,79,178,170,374,482,457
15,23,94,89,410,499,458
40,27,78,77,394,442,458
117,89,118,113,495,576,458
46,34,235,215,461,510,458
80,55,248,170,456,432,458
42,50,205,190,445,518,459
43,32,188,175,446,503,459
48,30,153,128,423,417,459
202,121,428,264,493,561,459
80,59,139,137,455,506,459
42,24,72,68,290,373,459
51,30,108,110,339,455,459
53,31,80,79,427,470,459
39,20,94,102,473,532,459
54,28,153,126,458,501,459
48,23,34,24,372,439,459
82,68,315,293,461,519,460
34,30,88,70,390,470,460
26,40,43,69,404,453,460
203,185,390,344,540,608,460
177,174,376,353,524,596,460
273,255,479,428,519,585,460
24,36,128,141,460,490,460
11,22,107,72,336,391,460
15,24,169,171,436,488,460
29,35,132,112,368,477,460
49,30,100,85,294,422,460
24,31,74,76,403,455,461
17,21,78,88,421,454,461
30,25,112,126,404,489,461
19,26,55,69,392,421,461
15,21,73,78,368,397,461
72,71,173,167,488,516,461
28,28,110,107,453,509,461
33,35,209,137,438,475,461
68,55,239,133,471,541,461
57,68,158,162,448,520,461
36,43,130,135,414,482,461
76,84,174,173,427,496,461
219,185,230,225,512,572,462
51,20,139,57,388,455,462
60,40,69,68,304,430,462
62,37,103,107,434,485,462
77,50,122,97,409,468,462
44,25,69,62,403,433,462
41,20,103,86,349,401,462
49,26,96,68,333,429,462
192,156,186,171,450,502,462
125,53,165,109,439,511,462
56,44,91,88,376,482,462
29,30,42,24,161,332,462
26,35,82,73,329,460,462
72,53,89,107,406,477,463
38,20,52,46,153,368,463
82,53,76,50,370,428,463
98,66,89,102,374,454,463
71,51,125,99,384,483,463
149,116,246,230,496,568,463
43,25,38,45,247,412,463
50,31,116,90,372,443,463
22,21,57,62,274,405,463
33,39,76,66,393,451,463
13,23,108,131,369,376,463
24,24,50,55,272,380,463
46,54,59,62,416,460,464
16,25,89,89,422,496,464
82,75,152,139,463,538,464
29,40,173,156,394,454,464
137,136,334,297,501,585,464
43,43,211,178,501,562,464
46,52,72,83,381,452,464
16,23,58,71,339,437,464
17,20,85,71,403,479,464
113,92,275,267,520,584,464
128,100,257,209,490,561,464
20,20,97,80,392,449,464
46,50,146,104,391,450,464
13,23,60,68,250,416,464
267,178,104,104,273,353,464
43,46,116,132,416,457,464
226,209,166,163,431,415,465
50,47,173,181,470,540,465
20,20,97,74,397,469,465
19,25,49,43,372,415,465
70,57,303,224,423,319,465
26,23,148,137,468,531,465
69,62,95,61,437,497,465
163,124,238,225,470,514,465
45,20,77,75,319,401,465
60,27,166,89,414,446,465
47,23,53,72,410,435,466
50,25,65,74,350,445,466
62,56,129,87,380,481,466
25,29,70,54,448,468,466
31,35,131,115,429,450,466
173,170,241,200,503,553,466
45,44,203,189,470,530,466
41,45,117,121,439,498,466
63,47,55,60,331,336,466
39,21,38,52,355,413,466
135,110,91,114,425,497,467
41,24,47,69,324,414,467
113,113,416,373,551,618,467
26,27,124,104,437,504,467
46,48,161,125,403,461,467
85,92,233,211,449,529,467
29,32,103,96,383,457,467
18,25,85,78,338,446,467
49,57,100,114,371,471,467
168,169,189,179,451,529,467
17,22,63,73,415,445,467
38,41,107,98,440,486,467
21,22,95,84,422,466,467
15,20,36,39,367,447,468
72,52,135,125,456,485,468
29,20,92,68,365,450,468
39,30,90,72,440,462,468
28,24,87,78,355,430,468
38,45,145,137,437,481,468
100,95,330,285,513,575,468
34,33,105,108,414,493,468
21,24,56,72,325,411,468
20,27,86,76,401,485,469
239,189,174,149,515,563,469
85,54,118,129,445,497,469
40,24,45,43,318,355,469
153,120,145,144,395,470,469
95,60,64,55,360,484,469
76,44,160,139,346,319,469
75,42,160,103,433,522,469
103,58,415,316,506,580,469
42,30,91,99,393,442,469
55,45,107,108,444,479,469
63,60,99,108,429,490,469
24,24,87,69,360,447,470
21,24,51,72,338,428,470
19,24,70,73,350,420,470
93,93,141,114,422,490,470
37,39,69,77,390,447,470
381,366,155,140,528,607,470
18,22,49,66,374,438,470
41,25,114,91,416,482,470
46,29,107,109,354,460,470
392,357,304,293,533,592,470
117,79,378,275,531,601,470
64,53,43,61,367,405,470
75,64,99,108,429,442,470
64,50,218,198,481,548,470
57,49,90,89,361,437,470
34,28,64,67,358,429,470
187,155,322,268,535,608,470
34,33,87,85,424,453,470
18,24,80,64,400,454,470
61,42,177,79,431,502,471
52,39,63,73,411,428,471
31,22,101,54,383,458,471
329,197,245,133,434,350,471
40,23,71,74,281,387,471
36,20,73,75,272,444,472
297,275,398,363,529,593,472
20,22,78,81,397,452,472
34,34,120,122,387,484,472
16,21,77,56,356,416,472
152,138,266,254,392,322,472
26,27,138,145,412,472,472
55,34,135,127,411,470,472
36,27,63,70,343,351,472
99,59,313,174,452,528,473
377,252,147,60,407,395,473
49,24,124,114,385,383,473
47,25,78,81,377,382,473
83,65,111,107,310,420,473
46,38,100,83,408,452,473
113,84,259,230,516,579,473
285,177,157,74,419,450,473
68,56,250,227,508,559,473
18,22,142,139,422,481,473
130,108,325,251,500,553,474
94,84,124,142,498,557,474
19,21,69,59,392,438,474
33,29,107,96,346,437,474
51,26,76,70,378,396,474
71,37,172,109,471,537,474
79,70,199,188,474,544,474
35,35,82,63,359,450,474
99,99,213,185,477,547,474
30,23,99,99,367,427,474
17,22,106,83,324,428,475
129,102,510,412,543,607,475
53,55,183,148,410,479,475
34,31,56,72,414,396,475
140,95,312,298,524,580,475
124,89,204,172,475,571,475
67,48,121,132,428,517,475
39,28,100,110,432,503,475
18,22,81,84,320,417,476
50,51,95,67,416,446,476
24,22,40,62,393,412,476
25,28,77,86,384,453,476
16,21,83,88,340,438,476
41,44,31,55,355,439,476
43,42,124,126,410,468,476
118,118,170,167,464,537,476
159,118,136,125,510,569,476
40,20,45,60,380,382,476
22,35,58,72,303,398,477
31,56,99,110,381,498,477
28,44,470,415,346,409,477
28,49,153,132,393,482,477
17,42,26,45,282,393,477
114,133,168,159,400,488,477
12,34,133,121,376,452,477
97,109,297,271,477,545,477
46,46,113,101,390,424,478
14,33,105,92,424,476,478
33,59,158,156,424,493,478
17,26,106,81,372,419,478
24,49,59,75,404,469,478
540,482,895,778,611,677,478
15,37,100,72,453,509,478
26,27,138,125,436,470,479
73,54,126,122,415,501,479
220,143,388,195,505,584,479
15,35,83,103,342,462,479
32,29,228,167,496,562,479
23,38,111,84,409,463,479
90,85,695,535,558,632,479
181,138,513,437,545,624,480
301,253,504,471,551,631,480
67,50,164,130,433,480,480
46,27,93,91,340,408,480
110,69,157,84,388,426,480
39,30,85,80,407,486,480
254,214,208,182,508,569,480
97,83,124,138,458,518,480
67,53,68,83,346,433,480
28,23,94,101,413,500,480
73,85,210,184,453,542,480
19,30,174,148,397,490,480
58,69,229,229,443,523,480
13,26,103,104,406,467,480
16,25,92,112,348,396,481
36,46,117,118,384,327,481
9,22,107,95,402,453,481
89,91,218,208,512,561,481
23,38,192,158,456,498,481
9,23,109,125,415,466,481
151,151,250,254,483,543,481
24,38,156,159,432,501,481
15,24,148,117,453,495,481
60,71,140,118,425,486,482
22,33,58,75,317,446,482
78,83,126,131,427,519,482
16,21,56,74,356,436,482
22,34,113,115,356,470,482
11,26,228,210,456,499,482
14,28,128,118,461,494,482
32,40,107,111,432,484,482
24,32,47,52,406,471,482
21,26,214,192,418,479,482
26,22,130,93,367,354,482
92,56,256,191,157,362,482
27,26,52,57,383,422,483
278,233,276,248,545,612,483
29,37,217,204,418,429,483
170,160,361,281,528,577,483
25,36,88,86,289,355,483
14,20,165,153,412,509,483
105,79,89,87,429,483,483
134,111,133,97,444,516,483
222,197,265,243,488,551,483
50,33,125,135,408,493,484
44,28,176,151,444,469,484
97,67,280,223,514,569,484
54,28,143,104,454,508,484
80,75,123,105,451,525,484
14,25,66,74,430,467,484
281,276,169,167,547,596,484
144,140,293,278,466,513,484
16,26,77,77,377,399,485
48,46,173,141,385,351,485
28,36,49,65,387,444,485
36,44,42,58,403,470,485
20,25,157,84,490,425,485
78,77,155,162,468,535,485
16,22,89,94,400,435,485
56,59,92,93,353,459,485
147,138,450,376,565,642,485
226,224,270,271,503,568,485
16,24,41,58,326,409,485
33,34,130,113,420,451,485
31,36,107,113,369,457,485
61,60,293,250,513,571,486
302,201,138,71,394,387,486
22,25,83,73,430,459,486
99,75,114,115,432,482,486
54,31,79,73,385,442,486
50,26,67,73,325,427,486
39,20,45,54,333,386,486
41,22,50,70,299,441,486
124,89,416,320,498,570,486
30,20,80,82,389,417,486
65,46,265,206,451,409,486
70,56,327,234,490,551,486
71,69,171,169,428,517,486
64,70,72,91,407,463,486
16,23,71,76,302,416,486
12,20,58,59,342,438,487
80,62,234,141,425,494,487
19,26,60,76,298,430,487
50,51,191,159,398,487,487
126,127,128,118,479,534,487
32,37,76,93,401,450,487
34,40,77,97,373,464,487
163,126,375,272,522,600,487
199,197,255,230,468,549,487
210,143,94,71,325,343,487
18,20,61,76,367,420,487
29,32,116,82,363,413,488
130,115,384,340,535,625,488
88,67,214,167,422,412,488
78,85,148,131,429,484,488
30,28,66,30,352,359,488
90,61,243,222,482,565,489
23,22,58,59,381,446,489
22,24,103,103,398,480,489
43,45,75,72,399,432,489
17,22,36,58,340,411,489
451,423,455,402,541,618,489
38,40,58,65,321,373,489
40,36,234,173,371,464,489
174,121,452,395,557,613,490
47,22,78,71,345,415,490
78,42,264,210,493,540,490
113,64,290,253,504,578,490
74,43,104,91,405,478,490
173,123,402,352,530,592,490
84,72,166,131,389,479,490
31,23,132,109,384,443,490
40,20,153,103,454,480,490
39,34,70,78,356,413,490
14,21,41,55,196,430,490
24,21,89,63,362,464,490
30,25,70,76,385,426,490
58,55,169,168,409,493,490
53,47,76,88,367,462,491
179,158,459,429,548,617,491
23,30,71,77,420,449,491
45,31,138,90,446,475,491
59,53,190,193,499,557,492
33,29,109,82,408,444,492
29,21,67,61,340,418,492
83,63,303,264,475,514,492
37,27,150,115,397,447,492
63,51,120,108,413,489,492
107,85,110,114,424,454,492
200,179,339,266,543,600,492
212,184,255,229,501,568,492
352,334,543,503,555,607,493
34,33,180,169,473,544,493
71,71,157,169,447,529,493
23,26,50,69,370,410,493
50,48,176,144,438,496,493
18,22,85,91,403,397,493
17,21,55,61,383,430,493
60,59,99,95,391,424,493
189,161,356,315,539,597,493
26,23,92,87,369,442,493
46,24,41,49,384,458,493
77,54,140,132,415,491,493
127,92,220,189,453,534,493
46,23,72,60,373,398,493
73,29,257,192,516,566,493
81,52,68,74,419,483,494
64,33,70,78,365,456,494
20,25,81,78,368,431,494
75,68,186,173,430,485,494
24,32,89,86,368,411,494
73,77,139,127,426,481,494
145,136,216,198,520,564,494
25,23,100,76,415,446,494
36,37,90,84,342,419,495
95,89,186,188,486,527,495
112,90,84,101,449,515,495
131,105,323,293,501,551,495
39,37,119,125,438,481,495
24,21,191,177,385,353,495
32,31,127,133,410,459,495
82,82,167,167,450,527,495
110,94,347,278,524,602,495
62,42,117,112,373,454,496
55,41,123,125,297,440,496
88,65,242,224,507,551,496
15,23,65,55,227,427,496
26,22,123,98,432,483,496
10,24,118,115,397,458,496
59,64,111,114,400,458,497
24,23,93,109,400,442,497
22,20,103,101,415,470,497
100,79,145,159,435,521,497
222,183,347,316,544,611,497
129,109,215,189,436,521,497
61,70,165,140,450,511,498
61,57,108,114,434,482,498
14,27,84,77,391,417,498
18,28,77,64,264,420,498
86,90,194,174,446,525,498
91,72,259,158,503,568,498
33,25,92,83,345,423,498
29,25,147,126,439,504,498
32,24,83,87,392,429,498
32,31,186,166,408,482,498
54,36,127,100,378,449,498
162,100,149,118,405,388,499
104,105,269,261,453,512,499
17,25,109,114,367,476,499
169,172,293,274,508,578,499
52,60,148,156,421,482,499
33,36,176,138,473,533,499
136,102,202,208,509,555,499
362,282,471,401,592,666,500
81,40,193,108,435,499,500
50,32,78,63,409,451,500
59,26,152,147,455,350,500
31,29,113,117,423,461,500
70,67,105,83,337,355,500
98,96,312,312,489,569,500
17,20,82,93,372,404,500
29,24,185,160,439,485,500
34,26,34,42,300,419,501
159,121,324,300,517,573,501
66,43,108,110,387,476,501
40,22,34,45,284,396,501
334,278,526,458,556,627,501
28,29,169,152,431,461,501
25,22,158,109,446,499,501
39,32,195,162,460,527,501
31,38,52,70,455,522,501
33,32,126,114,431,506,501
59,61,163,149,499,580,502
23,26,117,124,414,476,502
28,30,125,80,423,499,502
118,123,164,165,582,467,502
43,30,35,18,386,411,502
180,151,150,155,448,519,502
71,49,138,128,337,414,502
38,20,51,57,298,410,502
49,29,78,82,337,406,502
52,32,140,127,453,478,502
32,26,97,94,372,442,502
166,118,690,546,570,655,503
113,113,168,160,445,521,503
46,37,97,92,369,464,503
580,515,535,430,569,645,503
96,62,177,169,448,488,503
45,30,52,66,340,401,503
510,408,326,325,343,393,503
184,135,248,224,471,547,503
46,24,53,48,337,437,503
58,32,49,52,354,417,504
52,36,122,116,408,476,504
53,34,119,106,266,367,504
65,72,162,171,442,506,504
44,37,145,144,453,519,504
20,26,87,103,410,459,504
133,64,191,112,497,557,504
50,25,235,180,453,511,504
254,204,393,282,537,604,504
47,37,65,75,458,458,504
54,37,144,133,423,477,504
439,269,262,115,459,505,504
131,100,133,71,448,516,504
49,29,87,87,400,476,504
101,77,366,331,522,590,505
31,25,81,49,363,407,505
30,23,98,81,384,415,505
164,135,375,353,528,593,505
18,27,123,102,408,494,505
19,28,78,74,400,414,505
25,32,129,123,415,498,505
20,26,179,178,473,516,505
23,30,92,92,414,413,505
239,238,219,177,369,434,505
41,30,89,106,381,458,505
36,30,113,107,434,496,506
48,28,101,89,420,500,506
42,21,44,56,339,356,506
37,23,34,44,411,442,506
17,23,140,135,451,470,506
58,40,108,118,422,472,507
32,20,38,59,363,371,507
95,66,63,76,374,455,507
76,48,98,81,425,430,507
48,25,132,111,404,448,507
253,127,189,170,409,435,507
62,22,143,114,468,495,507
75,50,178,142,445,483,507
47,23,96,104,393,411,507
75,41,108,83,430,491,507
71,50,178,114,427,470,507
51,32,52,54,371,456,507
43,32,155,110,387,497,507
79,48,257,143,449,517,508
383,321,591,524,568,641,508
540,408,748,661,482,393,508
39,26,45,65,313,443,508
20,30,119,109,455,495,509
23,35,96,101,409,447,509
61,65,163,175,471,515,509
55,43,188,177,441,518,509
75,49,151,132,463,533,509
35,20,71,70,407,423,509
46,36,115,90,445,469,509
47,24,195,175,441,510,509
38,24,77,87,299,387,509
92,68,109,132,435,471,510
57,41,60,58,365,436,510
126,98,242,205,490,546,510
168,142,211,207,443,502,510
32,26,93,96,420,455,510
30,22,84,85,369,453,510
49,34,114,109,429,470,510
265,198,451,261,494,550,510
125,99,211,211,490,554,510
132,106,247,233,446,552,510
48,29,103,79,303,404,510
67,47,212,168,448,512,510
54,32,66,70,408,442,510
95,52,155,111,450,491,511
94,72,136,124,386,399,511
58,52,110,118,394,492,511
16,24,127,90,300,442,511
27,29,93,90,422,459,511
27,36,215,207,433,478,511
18,30,131,105,423,467,511
18,27,50,55,422,443,512
107,76,212,174,486,549,512
17,20,61,74,362,395,512
139,129,192,182,477,553,512
34,23,91,62,371,476,512
53,29,72,71,292,434,512
27,24,88,91,425,449,512
79,55,258,228,467,540,512
35,44,82,86,368,458,512
24,34,64,79,413,448,512
32,40,154,135,469,528,512
65,69,200,185,433,505,512
94,56,210,192,495,542,513
145,105,197,182,471,540,513
94,68,158,145,425,484,513
60,34,94,94,400,406,513
47,23,94,97,419,436,513
207,159,376,339,535,604,513
88,60,185,126,408,461,513
61,29,93,35,324,357,513
45,29,91,72,391,444,514
52,21,149,88,443,508,514
227,196,437,409,582,665,514
103,74,127,134,395,463,514
38,20,43,60,338,419,514
138,131,146,124,439,496,514
333,307,400,400,540,615,514
61,46,76,63,388,455,514
88,49,190,187,465,521,514
44,24,69,56,370,410,514
52,26,110,97,382,454,514
117,51,275,140,502,550,514
40,21,38,39,343,398,514
104,76,291,217,499,566,515
279,231,637,533,586,657,515
76,43,341,253,536,575,515
40,31,45,57,361,447,515
14,20,122,91,384,395,515
63,63,224,221,510,553,515
25,27,71,81,420,417,515
327,280,440,386,555,609,515
28,21,52,59,395,430,515
50,40,140,129,440,467,515
31,24,73,83,351,332,516
40,36,93,87,395,477,516
74,47,60,32,423,499,516
36,28,132,121,397,474,516
29,20,190,153,429,484,516
24,26,136,157,378,461,516
22,35,93,96,404,447,516
22,25,150,126,385,478,516
344,311,444,410,576,643,516
29,25,70,49,331,335,517
599,501,476,434,441,442,517
61,37,81,74,360,444,517
117,51,196,108,445,527,517
49,26,105,102,383,458,517
42,20,56,49,333,377,517
57,33,89,61,400,485,517
163,124,250,225,462,531,517
84,58,172,146,422,503,517
124,99,212,214,459,528,517
73,52,109,99,429,473,518
195,131,501,369,567,656,518
145,113,369,332,527,594,518
60,35,124,129,375,441,518
193,130,297,193,490,523,518
31,34,98,78,381,462,518
39,40,224,204,453,524,518
23,21,115,67,367,453,518
145,128,209,198,471,539,518
24,20,77,80,369,454,518
60,61,139,145,400,499,519
79,78,179,135,441,504,519
19,23,100,98,405,454,519
10,21,70,65,372,389,519
90,87,324,257,540,591,519
23,21,59,56,383,404,519
58,37,68,55,335,425,519
44,33,123,121,405,479,519
49,27,69,44,428,500,519
41,23,68,63,459,502,519
70,60,238,170,456,538,520
713,590,832,744,628,698,520
94,84,162,150,458,511,520
36,50,88,102,466,514,520
65,71,273,258,433,457,520
96,95,165,178,476,539,520
34,32,98,77,434,466,520
55,43,202,154,459,515,520
78,60,107,115,398,472,520
45,26,68,68,391,438,520
98,70,113,112,386,479,520
69,35,112,97,375,404,520
120,91,167,162,462,498,520
35,21,67,51,415,428,521
42,32,53,70,384,379,521
116,95,172,135,395,399,521
40,26,153,134,456,490,521
62,52,127,116,470,492,521
37,23,88,91,325,433,521
62,41,114,107,436,507,522
285,185,131,99,401,379,522
138,98,254,194,497,571,522
45,21,107,91,372,435,522
320,304,247,228,510,572,522
17,27,75,80,376,405,523
58,37,101,62,401,483,523
53,32,139,141,418,469,523
43,21,43,47,345,412,523
47,48,299,260,452,537,523
63,56,345,286,413,389,524
54,34,81,89,415,423,524
90,53,238,210,503,572,524
76,40,151,138,493,520,524
51,27,87,59,373,340,524
77,39,166,103,423,492,524
374,310,305,284,547,620,524
92,51,184,127,426,498,524
49,25,36,44,257,408,524
105,74,124,125,420,491,524
56,32,99,106,392,468,524
188,142,210,177,531,597,524
66,65,149,131,432,470,525
409,327,796,625,635,738,525
310,289,496,489,528,609,525
73,56,134,122,424,506,525
176,123,532,448,546,625,525
117,88,277,253,397,336,525
89,64,93,105,369,437,525
81,57,105,89,418,485,525
111,82,120,129,399,477,525
28,25,72,78,364,457,526
51,60,171,163,471,543,526
115,115,308,307,493,553,526
22,32,143,131,426,476,526
58,60,243,225,489,547,526
43,51,164,149,464,522,526
57,65,91,52,402,469,526
11,23,75,77,256,440,526
62,44,156,146,456,507,526
164,134,214,164,482,533,526
140,104,308,239,514,569,527
37,26,116,127,385,444,527
214,149,717,574,582,648,527
36,26,53,42,290,384,527
37,24,59,75,365,451,527
35,20,68,79,325,438,527
52,33,121,131,428,509,527
46,27,116,96,404,431,527
54,25,114,57,407,445,527
43,21,42,49,329,408,527
56,29,112,88,417,472,528
119,77,251,226,473,516,528
58,29,63,36,193,344,528
100,64,91,93,326,352,528
65,36,165,124,455,511,528
96,69,96,97,327,388,528
231,197,161,157,426,434,528
121,87,354,262,502,557,528
53,66,139,128,409,479,528
80,85,151,151,436,510,529
40,44,206,139,418,498,529
21,21,85,74,400,459,529
57,37,134,130,412,482,529
74,46,297,232,506,569,529
41,36,180,159,416,484,529
92,96,251,229,462,554,529
54,56,109,80,434,477,529
80,85,191,192,424,372,530
46,55,136,135,380,417,530
19,22,94,57,444,482,530
93,84,126,99,419,488,530
44,29,65,69,355,451,530
82,60,103,116,422,506,530
377,324,429,411,529,614,530
41,23,88,74,309,431,530
43,25,62,61,327,426,530
89,72,67,77,415,464,530
32,21,55,57,350,406,530
101,73,127,123,456,501,530
36,23,56,68,310,404,530
147,125,85,64,490,532,530
725,569,790,584,643,717,531
46,36,76,69,272,407,531
75,71,77,86,413,468,531
27,28,89,71,369,457,531
34,32,48,57,324,449,531
29,23,92,69,385,433,531
46,35,57,70,318,427,531
43,27,86,88,340,437,531
230,158,457,354,475,464,531
91,61,94,99,363,450,531
110,80,125,107,429,468,532
234,153,193,112,440,401,532
30,27,44,62,339,418,532
39,28,104,111,374,440,532
44,25,83,94,351,428,532
74,39,414,294,454,377,532
64,57,105,116,401,468,533
32,24,143,139,430,463,533
18,20,52,62,384,408,533
47,50,70,79,369,467,533
19,28,107,123,381,455,533
27,38,85,99,432,447,533
34,25,136,78,382,485,533
43,40,164,128,434,488,533
47,31,65,44,374,414,534
270,167,115,80,345,346,534
81,65,89,83,413,462,534
99,63,193,172,455,502,534
77,49,106,105,410,488,534
520,439,701,607,544,633,534
750,625,823,727,646,678,534
123,90,172,157,417,426,534
54,30,93,67,379,450,534
82,66,63,65,382,495,534
70,78,195,214,425,484,534
162,95,116,90,388,342,534
49,42,71,81,405,446,535
67,54,70,86,394,476,535
94,57,202,116,419,461,535
309,271,214,219,504,578,535
58,44,77,71,394,485,535
71,51,85,96,415,466,535
188,143,312,235,500,580,535
425,384,411,399,555,627,535
52,51,185,187,478,520,535
15,26,72,74,423,474,536
41,51,48,63,412,459,536
139,139,362,323,525,566,536
52,58,105,91,384,479,536
97,99,134,147,483,572,536
138,129,409,369,529,602,536
9,21,45,54,311,404,536
32,44,80,90,376,438,536
302,278,519,463,558,621,536
652,574,799,695,622,688,536
67,53,107,115,409,461,537
65,73,140,147,460,497,537
69,82,94,109,428,483,537
33,43,100,111,428,487,537
32,37,124,84,432,484,537
82,60,195,170,377,354,537
36,23,67,74,395,485,537
49,35,59,69,360,440,537
62,40,50,45,340,416,537
174,152,148,163,448,521,538
75,42,153,98,416,472,538
25,20,57,48,379,397,538
731,644,482,459,553,604,538
124,115,230,221,492,550,538
34,21,49,65,324,441,538
94,63,330,285,508,561,538
328,281,782,689,601,683,538
51,34,130,122,417,489,539
59,34,220,130,476,528,539
45,30,72,65,315,389,539
46,44,162,154,461,502,539
736,699,241,218,463,442,539
26,32,107,100,289,433,539
32,43,138,133,403,477,539
56,54,122,104,436,511,539
21,20,112,108,408,461,540
53,34,87,70,438,499,540
29,21,61,55,367,441,540
96,102,220,206,447,504,540
25,34,78,59,398,460,540
15,23,84,82,412,421,541
19,27,68,65,468,490,541
353,215,188,87,425,425,541
440,370,402,336,447,401,541
49,27,104,77,403,455,541
55,39,183,195,427,469,541
76,49,218,211,483,569,541
40,22,77,73,280,394,541
46,24,68,74,403,415,541
476,430,684,617,591,658,541
38,20,149,64,400,468,541
495,336,166,81,418,452,541
22,27,41,60,381,440,542
78,69,190,188,474,524,542
62,58,164,163,450,513,542
28,31,162,114,429,481,542
35,47,105,114,439,485,542
247,238,299,291,516,587,542
91,63,233,151,436,459,542
79,57,214,165,467,520,542
41,27,52,58,223,440,542
99,81,219,197,432,510,542
118,103,85,88,488,537,542
85,39,195,98,464,530,542
46,28,123,118,381,485,542
27,25,54,63,352,418,543
487,423,312,255,581,643,543
105,86,196,189,471,540,543
24,20,133,89,450,481,543
41,50,109,109,422,460,543
15,23,62,76,373,422,543
24,29,102,86,411,446,543
15,22,180,181,442,498,543
83,86,273,253,503,572,543
183,117,130,89,385,351,543
40,34,224,172,463,493,543
21,30,139,126,377,437,543
17,23,147,140,452,514,543
121,103,388,318,437,481,544
37,22,94,77,325,432,544
50,35,120,125,447,495,544
28,24,66,71,350,446,544
42,24,40,55,351,445,544
27,21,39,45,383,423,544
27,23,155,101,369,425,544
34,30,135,138,389,455,544
32,37,130,110,405,376,544
386,300,81,60,412,403,544
155,132,571,500,578,627,544
87,98,112,121,436,496,544
56,34,227,84,448,520,544
106,79,110,128,383,472,545
51,33,193,159,492,553,545
121,93,378,338,500,556,545
18,21,77,63,359,421,545
32,45,118,121,425,455,545
28,41,104,90,236,448,545
450,442,330,304,546,626,545
99,111,298,303,471,520,546
82,58,265,148,465,560,546
20,27,127,98,388,459,546
79,77,196,198,493,572,546
25,24,36,48,206,389,546
56,46,195,182,450,509,546
466,352,678,525,624,704,546
172,156,447,401,513,591,546
58,68,233,188,481,552,547
115,69,382,134,547,593,547
36,47,108,94,412,484,547
48,62,113,117,414,489,547
26,38,73,81,403,455,547
82,72,129,128,430,500,547
397,300,739,654,431,393,548
44,24,119,84,376,392,548
63,49,91,102,358,437,548
306,280,360,358,517,574,548
88,88,253,192,514,565,548
72,80,244,214,478,512,548
25,29,123,110,430,493,548
69,70,68,43,239,374,548
72,48,170,126,341,377,548
37,22,84,94,311,398,548
78,33,83,55,432,467,549
92,64,190,123,432,504,549
59,43,104,101,424,495,549
428,374,592,523,587,656,549
151,145,307,283,532,603,549
10,25,94,82,415,464,549
99,114,183,155,453,516,549
55,45,202,158,462,517,549
79,79,285,234,511,578,550
27,43,112,102,375,473,550
169,148,742,565,609,664,550
66,79,149,143,455,499,550
147,126,506,405,565,634,550
474,388,142,124,362,375,550
25,38,48,37,410,468,550
18,30,111,94,456,546,551
16,27,164,149,437,500,551
10,24,74,79,309,417,551
82,96,308,284,503,567,551
12,23,62,66,343,442,551
244,177,680,525,581,657,551
200,179,220,218,426,526,551
24,36,91,88,365,454,551
130,122,492,412,547,616,552
45,55,116,131,447,501,552
75,88,116,115,455,486,552
13,23,85,83,322,465,552
56,38,93,76,418,466,552
88,71,152,169,357,431,552
32,22,64,68,416,484,552
77,54,214,189,512,585,552
157,164,124,123,497,555,553
101,111,173,180,490,568,553
14,24,88,94,366,428,553
27,39,160,145,420,481,553
10,23,103,104,428,520,553
287,287,340,308,538,602,553
13,21,160,145,434,473,553
25,32,180,167,397,502,554
20,25,100,95,339,445,554
92,88,135,136,428,510,554
28,22,65,66,267,385,554
116,120,225,197,468,538,554
26,28,164,151,445,537,554
186,167,475,440,546,612,554
73,53,79,85,406,493,554
42,23,84,91,369,460,555
42,44,93,78,383,447,555
18,21,77,81,305,406,555
18,28,63,75,324,440,555
19,28,69,72,383,471,555
77,67,371,314,575,644,555
21,25,138,104,387,477,555
196,190,289,242,481,547,556
17,20,48,46,270,417,556
40,34,145,135,431,499,556
55,37,105,102,375,460,556
51,36,69,74,355,467,556
83,62,111,91,443,500,556
88,64,139,119,444,509,556
28,23,139,140,440,495,556
31,31,102,74,413,473,556
35,28,84,88,358,451,557
22,21,108,104,374,474,557
62,69,201,191,447,515,557
66,54,300,220,466,500,557
33,28,78,90,365,438,557
88,76,210,212,452,515,557
56,52,371,310,492,555,557
23,26,58,74,351,436,557
25,31,84,90,418,427,557
33,31,30,26,348,326,558
17,21,61,81,368,425,558
53,44,191,108,410,476,558
104,103,231,200,444,521,558
22,24,76,77,379,432,558
78,71,177,177,429,507,558
25,22,81,84,358,417,558
18,20,100,105,401,456,558
89,53,198,177,443,515,558
51,26,96,100,451,481,558
66,33,99,93,451,521,558
54,29,79,76,409,457,558
81,53,185,166,448,498,559
26,34,43,40,385,461,559
116,98,251,228,520,580,559
24,35,119,104,407,478,559
39,42,115,127,428,468,559
44,51,118,121,429,508,559
78,64,147,152,393,478,560
39,22,61,53,389,426,560
44,26,139,150,433,518,560
83,59,245,244,454,506,560
35,37,157,155,465,502,560
122,101,250,240,458,540,560
32,28,109,98,397,433,560
86,86,240,213,507,581,560
23,30,134,101,391,483,560
91,85,150,138,517,574,560
166,145,266,243,502,577,560
40,33,75,70,430,483,560
40,33,75,89,358,460,560
64,74,100,105,404,493,560
16,22,111,90,362,450,560
198,189,296,176,512,562,560
37,34,223,200,482,548,560
22,30,170,129,439,500,560
35,20,41,60,303,417,561
131,121,104,103,485,557,561
57,38,82,91,344,414,561
79,48,174,171,485,544,561
71,53,94,90,428,527,561
52,43,136,138,423,493,561
70,63,71,82,448,512,561
29,36,100,98,433,471,561
62,47,226,142,489,531,561
69,64,253,180,429,341,561
52,44,190,120,439,519,561
117,109,240,223,482,553,561
30,30,111,103,350,436,562
122,110,419,358,450,432,562
65,39,132,132,435,518,562
66,38,116,97,408,469,562
54,25,50,61,409,455,562
61,38,152,141,469,503,562
91,55,116,72,397,487,562
50,20,84,53,371,458,562
43,29,80,72,354,442,562
83,66,123,137,443,513,562
58,62,169,177,445,514,562
45,46,129,138,433,505,563
28,33,84,106,407,442,563
20,24,103,103,400,462,563
16,21,97,75,395,416,563
87,55,179,138,430,478,563
45,28,55,52,265,421,563
52,26,113,122,414,449,563
64,56,174,161,435,507,563
96,86,139,131,438,517,563
64,72,150,145,424,508,564
47,56,122,116,416,484,564
26,37,143,134,460,535,564
34,43,94,86,370,439,564
41,41,108,99,435,488,564
73,64,142,141,480,506,564
37,23,91,94,404,445,564
42,20,107,71,324,352,564
46,26,145,94,437,510,564
46,25,91,77,396,456,564
47,23,64,85,403,461,565
54,31,121,104,415,488,565
119,75,218,189,476,543,565
61,63,129,126,427,475,565
13,22,90,89,378,455,565
90,67,471,371,564,631,565
42,41,87,95,370,428,565
25,22,139,133,416,480,565
129,117,273,274,520,584,565
44,20,55,51,213,359,566
58,31,95,68,259,447,566
77,39,54,48,418,435,566
64,30,56,64,353,418,566
36,23,68,61,436,460,566
35,27,44,53,371,414,566
93,63,86,102,449,509,566
96,80,113,113,409,483,566
113,97,262,229,503,573,566
49,46,246,225,477,530,566
31,34,63,79,419,507,566
107,110,254,239,470,533,566
97,63,234,224,457,516,567
62,37,131,130,424,492,567
43,26,59,72,370,415,567
42,25,85,95,297,420,567
71,33,324,257,507,579,567
82,52,66,74,421,461,567
50,27,58,47,298,413,567
49,38,62,70,329,409,567
194,160,640,491,470,321,567
50,52,103,116,406,464,567
329,332,438,429,345,412,567
65,58,310,280,508,577,568
17,22,83,65,300,429,568
80,82,203,209,422,502,568
110,83,200,184,444,514,568
98,57,241,225,497,552,568
48,27,107,103,396,432,568
38,23,106,101,366,469,568
83,61,165,164,383,478,569
33,31,91,91,407,466,569
55,29,245,145,447,531,569
120,92,298,229,527,582,569
40,22,42,47,310,388,569
29,25,70,76,302,411,569
66,37,94,104,423,476,569
43,23,94,63,396,449,569
52,28,67,75,396,407,569
34,22,48,52,368,430,569
58,26,65,79,384,401,569
92,58,189,150,432,505,569
47,24,38,47,225,407,569
106,59,320,261,528,590,569
108,66,245,136,476,536,569
81,42,269,220,503,580,569
39,22,46,58,384,404,569
45,32,126,111,417,447,569
44,28,49,55,349,418,570
21,27,36,36,389,435,570
25,33,38,36,412,478,570
24,27,88,62,389,462,570
133,103,187,130,257,396,570
67,47,89,99,279,374,571
47,27,58,65,324,366,571
53,36,56,53,347,393,571
158,113,559,435,570,631,571
25,24,42,46,375,409,571
105,75,146,132,492,569,571
19,22,79,94,362,409,571
98,101,131,120,498,601,571
20,25,115,104,356,458,571
122,124,296,258,516,567,571
74,72,149,125,440,496,571
34,39,148,116,455,479,571
22,24,66,71,370,431,571
104,104,221,201,457,539,571
257,236,238,242,518,583,571
161,112,361,351,543,607,572
48,31,87,87,424,465,572
57,24,140,135,408,468,572
77,39,114,116,426,486,572
78,43,180,167,433,513,572
51,23,105,99,411,464,572
717,583,457,381,489,411,572
125,91,154,151,516,571,572
49,31,121,103,360,389,572
30,20,100,81,406,435,573
46,28,83,73,144,398,573
57,34,68,43,352,432,573
55,40,83,82,436,479,573
53,39,69,85,398,437,573
75,44,180,163,456,525,573
57,39,94,109,398,476,573
36,20,107,94,422,455,573
51,37,92,91,374,403,573
133,94,190,105,414,420,573
310,247,537,477,592,661,573
33,31,138,85,367,492,573
43,47,148,118,438,492,573
31,41,122,109,410,473,573
23,30,83,91,430,466,574
25,33,101,119,432,475,574
39,48,90,91,438,509,574
27,33,155,142,483,553,574
38,38,180,131,444,487,574
103,108,246,198,465,531,574
14,22,73,79,324,456,574
44,50,135,135,408,484,574
46,39,129,106,412,486,574
61,39,83,82,400,460,574
52,25,102,88,291,409,574
86,57,148,148,376,327,574
57,38,158,130,446,489,574
107,90,173,165,465,562,575
130,133,168,158,465,550,575
40,20,89,96,362,418,575
54,27,134,108,447,476,575
34,23,75,83,287,391,575
74,43,51,63,301,434,575
47,23,44,57,358,443,576
56,31,85,92,393,463,576
51,25,100,85,411,436,576
69,42,54,62,343,424,576
54,35,129,132,435,468,576
45,25,175,127,440,517,576
298,259,453,413,538,602,576
95,71,165,139,429,510,576
135,108,91,98,441,490,576
123,92,225,214,473,544,576
41,21,31,48,346,414,576
41,33,49,69,371,428,576
248,207,304,281,514,592,576
194,168,458,465,507,340,576
41,24,99,81,395,437,576
65,43,109,69,437,384,577
40,28,135,107,346,450,577
94,74,243,232,424,502,577
48,28,105,111,424,463,577
34,27,108,83,406,452,577
30,23,111,85,302,445,577
33,37,219,191,456,534,577
55,52,215,152,461,497,577
281,154,622,426,560,613,577
15,22,71,70,382,450,577
47,52,131,139,470,518,577
16,21,105,111,443,494,578
109,108,123,142,435,511,578
35,35,93,104,395,448,578
47,47,73,79,418,466,578
53,23,124,91,387,469,578
54,33,92,103,387,444,578
62,50,142,82,409,475,578
55,33,92,88,441,480,578
203,168,361,364,496,557,578
49,23,50,58,352,419,578
38,27,39,52,368,421,578
34,34,63,62,336,431,578
18,22,50,66,368,417,578
126,111,368,347,513,582,578
29,38,66,69,358,454,579
181,168,206,175,466,534,579
635,513,771,640,612,689,579
54,55,90,86,386,433,579
13,22,41,54,332,384,579
54,41,101,94,401,440,579
65,50,125,142,428,480,579
52,34,250,225,502,541,579
38,28,74,81,346,400,579
69,57,60,83,355,442,579
96,71,154,92,444,513,579
49,32,133,99,361,432,579
55,45,82,100,428,477,579
62,46,69,84,337,367,579
144,111,326,283,530,588,579
34,22,73,60,267,425,579
44,48,86,83,312,438,579
53,56,156,157,420,494,579
18,30,147,124,439,517,580
64,64,186,113,374,354,580
9,25,107,75,322,409,580
24,36,92,96,267,444,580
81,69,168,160,477,542,580
50,34,177,149,426,436,580
9,20,77,66,384,419,580
25,34,78,76,436,501,580
21,26,125,129,463,507,581
18,39,144,143,424,489,581
19,38,137,106,345,422,581
45,57,128,66,394,358,581
24,44,125,124,372,415,581
13,28,159,161,414,505,581
98,109,260,268,525,576,581
196,182,269,233,480,549,581
58,49,85,79,422,475,582
46,36,82,96,408,474,582
33,23,119,121,422,465,582
30,24,61,41,390,413,582
39,30,43,57,375,467,582
45,24,136,91,383,444,582
34,34,111,101,366,436,582
168,128,549,475,569,642,582
96,103,143,147,485,541,582
109,85,335,295,504,552,582
35,23,89,92,391,384,583
64,34,215,151,415,493,583
104,82,265,234,506,559,583
38,33,89,97,380,444,583
93,75,94,109,437,493,583
149,126,124,147,409,477,583
42,31,84,88,372,447,583
75,87,156,155,471,518,583
13,22,153,123,359,447,583
35,42,97,86,420,461,583
70,55,225,205,469,545,584
109,62,175,111,393,465,584
213,195,265,221,459,547,584
48,35,113,71,452,517,584
169,136,231,185,423,469,584
31,27,116,123,421,488,584
33,26,96,91,394,446,584
93,90,219,203,464,529,584
266,231,751,597,503,414,584
63,48,482,351,550,593,585
31,46,218,206,463,518,585
54,39,245,167,396,344,585
56,52,64,89,368,412,585
60,45,132,133,415,473,585
68,47,190,178,461,520,585
61,39,190,180,415,483,585
54,32,253,199,458,517,585
50,52,114,99,419,470,585
320,237,696,586,582,669,586
22,22,85,76,404,449,586
61,66,215,215,466,522,586
44,36,88,91,385,458,586
70,55,236,223,429,511,586
28,22,82,64,359,387,586
44,32,96,103,436,486,586
47,31,56,56,393,437,587
63,45,95,104,387,421,587
42,39,149,138,457,528,587
13,27,162,155,487,533,587
22,22,50,61,372,442,587
66,81,211,214,492,555,587
33,46,93,91,536,577,587
51,58,240,171,443,477,587
37,39,61,62,370,447,587
45,43,146,115,447,474,587
72,64,192,177,455,535,588
85,57,90,94,353,384,588
26,20,90,88,429,497,588
46,30,88,46,400,456,588
152,106,237,150,538,594,588
96,63,224,173,488,566,588
56,46,166,151,472,539,588
61,50,85,105,379,436,588
27,30,142,146,459,515,588
190,182,319,323,486,561,588
36,55,108,113,424,469,588
28,23,130,121,423,461,589
42,32,143,125,482,560,589
272,222,326,264,557,598,589
57,30,120,72,420,407,589
44,32,71,61,413,451,589
30,21,45,57,355,398,589
43,22,83,86,206,464,589
98,81,143,144,409,513,589
31,21,37,49,372,414,589
42,36,64,71,378,446,589
84,65,157,148,444,487,589
23,23,167,155,449,530,589
34,33,37,47,389,472,590
34,23,47,54,402,473,590
20,21,50,49,377,405,590
139,118,144,135,450,535,590
83,62,108,83,450,508,590
27,21,62,60,377,452,590
120,89,396,346,499,533,590
29,22,42,52,340,423,590
33,20,81,65,399,451,590
85,64,343,286,507,569,590
31,21,97,74,363,418,591
24,26,108,111,415,468,591
101,107,272,236,491,555,591
44,33,219,176,448,518,591
26,21,71,58,139,406,591
43,26,134,114,376,451,591
34,20,89,47,382,426,591
27,23,100,112,239,379,592
17,22,117,97,402,471,592
89,77,131,127,443,494,592
97,76,328,265,527,575,592
102,79,192,186,490,569,592
46,31,54,56,359,425,592
68,49,40,45,417,471,592
201,157,288,277,501,556,593
78,57,139,142,439,509,593
63,41,81,73,286,396,593
88,66,116,128,432,492,593
108,88,290,271,464,550,593
85,65,136,136,461,515,593
40,26,72,79,391,476,593
47,31,96,104,426,469,593
77,57,139,103,427,486,593
38,26,65,74,333,421,593
43,22,59,43,247,380,593
92,56,257,151,434,468,593
35,32,147,149,468,516,593
25,20,43,61,322,381,593
33,26,137,138,337,470,593
27,29,65,57,378,453,593
35,31,247,204,306,330,593
110,84,167,125,322,377,593
49,25,126,74,408,483,594
95,65,149,111,476,554,594
40,43,102,114,384,452,594
27,38,193,169,462,526,594
32,53,120,137,428,492,594
18,33,129,131,398,458,595
19,28,117,100,353,433,595
68,55,144,124,454,493,595
34,23,68,58,351,417,595
41,34,97,101,315,447,595
35,24,105,84,359,466,595
25,23,60,74,407,434,595
14,22,60,47,360,425,596
59,54,184,170,417,516,596
38,39,121,73,223,352,596
81,64,162,171,457,523,596
42,28,121,122,435,498,596
42,23,107,89,405,465,596
48,27,69,52,264,402,596
89,49,98,92,376,384,596
54,31,136,143,457,501,596
85,52,208,202,476,544,596
147,91,562,506,552,628,596
84,73,149,144,422,490,597
48,27,104,69,394,421,597
61,56,120,114,401,462,597
472,440,628,557,595,672,597
78,69,103,80,437,501,597
56,44,105,60,402,488,597
31,27,85,95,406,437,597
39,29,77,79,363,420,597
45,35,84,96,396,417,597
186,150,319,297,457,523,597
127,97,204,194,458,505,597
60,41,84,63,290,332,597
30,26,56,49,337,408,597
29,20,89,80,356,422,598
34,31,142,136,376,458,598
29,23,83,88,428,450,598
53,51,165,120,446,489,598
21,24,89,88,393,424,598
32,29,135,121,473,518,598
201,174,291,269,531,609,598
32,20,51,37,343,400,599
51,33,78,61,414,471,599
33,22,62,65,290,391,599
84,70,88,102,417,490,599
48,36,100,98,394,443,599
37,31,87,66,356,414,599
31,25,170,143,433,508,599
32,23,76,82,356,418,600
264,204,392,358,420,390,600
40,20,85,87,342,406,600
44,20,114,97,419,460,600
56,34,145,121,426,513,600
43,21,56,71,371,404,600
121,83,201,141,481,543,600
35,21,93,96,324,442,600
46,21,126,79,366,451,600
38,23,90,84,386,440,600
70,50,153,101,436,475,600
19,21,50,60,392,456,600
573,511,576,522,580,643,600
44,42,126,127,424,472,600
34,22,68,85,390,423,601
99,73,193,192,475,537,601
67,45,80,59,371,429,601
33,20,88,80,330,439,601
57,51,107,94,461,514,601
31,20,45,44,310,384,601
96,71,159,146,480,540,601
83,62,272,249,483,548,601
248,229,297,293,500,565,601
34,24,83,76,363,418,601
34,21,162,133,467,512,601
9,23,148,141,420,493,602
61,70,373,300,509,574,602
13,24,116,97,346,453,602
40,55,105,94,406,452,602
88,70,147,113,382,476,602
47,26,115,111,432,480,602
58,35,82,77,350,447,602
58,30,111,99,397,452,602
252,152,756,353,430,399,603
32,26,119,67,389,437,603
61,34,196,106,435,443,603
24,23,101,100,351,373,603
39,35,93,98,432,448,603
39,26,61,78,347,391,603
34,24,88,58,375,432,603
40,23,68,70,382,372,603
45,28,72,77,299,359,604
54,29,108,78,439,474,604
40,21,114,106,411,501,604
74,46,184,136,439,529,604
50,27,64,68,386,434,604
48,29,116,108,404,473,604
88,62,71,72,473,485,604
80,35,164,128,410,445,604
20,21,46,55,412,445,604
98,82,144,133,390,324,604
179,151,517,451,463,436,604
18,22,115,97,408,469,604
56,63,140,108,437,510,604
142,126,467,410,547,610,604
55,48,231,194,494,558,604
64,66,120,126,448,494,604
40,43,164,150,463,506,605
172,146,272,204,522,586,605
63,57,128,123,427,495,605
610,563,494,478,555,636,605
59,42,110,99,396,427,605
25,29,94,107,409,446,605
50,45,270,134,502,554,605
153,154,401,377,524,605,605
221,233,255,239,483,546,605
10,21,83,68,428,460,605
79,70,522,451,552,618,605
40,20,43,58,323,431,606
34,26,123,118,385,459,606
41,25,70,72,382,414,606
52,34,70,75,356,434,606
28,21,92,90,372,439,606
34,27,93,91,334,431,607
30,31,99,76,389,407,607
139,108,255,206,458,523,607
54,45,204,179,485,537,607
48,44,168,148,474,519,607
90,79,94,109,474,537,607
99,64,248,201,479,558,607
92,71,216,187,458,526,607
37,24,78,66,328,434,607
404,281,854,674,640,708,607
118,69,399,314,523,585,607
130,93,250,206,498,572,607
36,20,91,95,404,454,607
63,45,173,146,468,518,607
38,20,62,61,324,409,607
42,25,48,58,275,422,607
45,37,77,86,409,443,607
45,29,158,113,372,337,607
61,51,159,160,415,505,608
34,39,91,90,368,486,608
11,27,119,123,403,467,608
45,45,211,139,455,522,608
537,491,707,656,603,678,608
19,35,104,112,424,483,608
116,103,82,70,474,533,608
44,24,90,79,390,442,608
137,113,141,150,458,519,608
779,698,646,616,603,676,609
36,29,45,59,345,402,609
87,74,103,115,428,475,609
25,24,30,35,403,472,609
29,21,61,69,350,410,609
56,62,145,126,416,499,609
130,132,125,139,470,542,609
28,30,131,136,406,465,609
131,114,397,240,511,545,609
19,29,154,141,352,465,609
50,52,86,92,348,413,609
150,122,215,210,472,554,610
41,28,67,55,365,455,610
99,74,157,162,387,480,610
56,34,146,128,399,465,610
46,23,59,76,325,411,610
34,20,60,72,389,414,610
59,45,94,70,336,330,610
223,194,232,231,517,595,610
275,249,383,375,299,338,610
48,31,76,72,358,460,610
58,55,91,81,394,450,610
27,28,68,57,395,465,610
103,94,140,140,422,512,610
92,70,174,127,495,547,610
113,100,135,116,439,516,610
43,25,107,69,355,455,611
33,21,100,67,274,409,611
66,44,224,193,492,547,611
50,33,103,102,367,445,611
78,48,236,211,494,549,611
50,28,72,80,357,469,611
73,39,174,136,452,530,611
32,20,92,84,417,464,611
37,27,73,85,295,407,611
75,57,269,255,510,591,611
338,278,543,408,576,644,611
39,36,209,193,482,547,611
22,28,87,90,407,478,611
25,41,159,167,434,497,612
24,36,81,90,386,456,612
92,109,112,114,449,501,612
26,38,128,115,412,476,612
107,108,174,131,473,531,612
245,207,386,364,506,571,612
75,54,144,119,472,536,612
58,40,110,108,420,469,612
46,34,70,80,376,443,612
181,109,489,403,562,637,612
48,39,104,103,405,465,613
66,58,100,119,467,488,613
39,24,77,67,455,506,613
127,80,258,177,457,519,613
54,43,101,106,423,472,613
108,93,274,235,472,539,613
108,88,132,145,407,496,613
96,74,132,139,451,512,613
171,141,276,274,520,573,613
55,42,194,163,455,507,613
226,204,149,154,521,577,613
62,44,108,110,422,486,613
35,22,64,61,295,427,613
70,48,110,117,411,448,613
152,117,159,174,449,504,613
127,76,347,286,541,601,613
58,34,183,164,416,492,613
87,52,292,180,523,599,614
172,128,317,243,526,587,614
176,150,458,395,526,590,614
26,23,89,78,284,433,614
22,27,70,81,404,409,614
20,21,104,66,386,466,614
113,114,127,134,461,483,614
38,37,142,140,502,561,614
42,29,82,80,417,449,614
57,44,81,81,387,465,614
41,27,74,81,367,441,615
44,31,61,68,387,438,615
45,22,138,109,415,428,615
120,132,150,154,469,523,615
24,36,191,169,348,457,615
44,57,69,54,292,383,615
61,66,132,89,469,533,615
43,56,80,99,415,490,616
21,21,69,84,243,385,616
51,40,238,221,451,510,616
46,31,102,81,395,394,616
479,384,598,514,604,683,616
34,21,37,57,390,429,616
30,22,74,48,302,350,616
77,86,153,143,459,528,616
99,83,109,108,422,489,617
82,63,126,97,436,499,617
32,22,86,86,285,374,617
135,98,284,197,529,607,617
42,27,113,99,356,382,617
115,84,148,127,445,514,617
56,31,86,81,454,492,617
83,59,172,140,477,550,617
25,20,47,39,386,409,617
40,28,92,78,336,433,617
45,41,121,111,447,503,618
698,659,870,796,633,426,618
19,21,70,79,349,428,618
24,20,77,72,313,420,618
80,65,108,83,266,364,618
49,33,145,116,406,505,618
15,23,72,74,388,437,618
40,33,83,100,372,450,618
468,268,622,395,512,473,618
44,23,171,143,466,533,618
239,134,76,78,193,346,618
31,20,60,54,388,433,618
47,33,90,67,353,432,618
48,30,172,100,384,487,618
35,21,76,85,238,438,619
29,24,81,72,343,421,619
35,32,183,129,422,486,619
23,38,165,166,434,518,619
32,42,149,140,390,448,619
14,29,229,225,469,524,619
27,28,68,74,386,449,619
311,275,447,395,524,598,619
36,24,127,116,416,460,619
35,20,41,56,320,409,619
48,27,59,69,346,395,619
44,41,28,45,428,488,620
75,52,97,90,387,461,620
113,92,320,279,520,580,620
610,523,370,340,596,667,620
10,24,77,50,382,424,620
167,110,110,92,334,349,620
83,67,226,223,474,548,620
31,29,89,103,367,464,620
46,26,50,41,342,392,620
89,73,89,112,401,457,621
37,20,79,78,310,435,621
36,21,90,58,260,407,621
49,28,67,61,318,399,621
38,23,49,60,354,421,621
419,376,269,280,539,616,621
52,29,107,99,391,444,621
29,20,73,61,389,392,621
29,22,89,97,404,448,621
85,75,189,184,431,501,621
19,29,74,71,393,410,622
51,34,80,79,380,461,622
132,97,370,334,521,594,622
49,29,29,46,412,491,622
75,55,72,94,465,525,622
46,35,64,65,415,465,622
42,27,149,73,427,469,622
26,29,289,251,521,568,623
50,30,122,121,390,489,623
57,27,131,92,394,473,623
39,25,33,49,424,443,623
76,51,158,146,482,535,623
141,117,313,264,533,604,624
47,34,58,31,339,410,624
49,34,50,62,378,428,624
29,20,67,71,213,383,624
51,30,92,66,398,462,624
68,54,132,126,410,486,624
43,26,30,47,360,359,624
40,22,63,68,290,346,624
114,86,174,179,446,522,624
45,22,84,81,379,469,624
185,131,363,202,505,371,625
545,308,331,153,516,544,625
22,20,47,55,358,422,625
10,22,72,73,395,437,625
43,54,87,89,429,488,625
76,78,141,141,416,491,625
20,21,92,63,306,351,625
42,25,147,125,432,468,625
42,32,67,58,372,448,625
46,33,130,86,401,470,625
76,34,88,75,384,455,625
122,96,123,97,297,364,626
29,20,155,78,431,474,626
352,322,487,461,565,637,626
347,310,572,526,595,650,626
46,41,282,159,499,546,626
61,74,199,162,494,536,626
480,389,595,507,540,613,626
12,25,65,82,377,449,626
17,22,56,53,343,438,626
39,34,384,264,494,563,626
68,50,132,92,436,486,627
35,22,80,86,383,426,627
68,38,123,97,471,524,627
63,45,171,171,415,486,627
78,51,171,164,418,492,627
56,39,183,171,438,523,627
52,30,119,103,384,473,627
66,49,201,203,411,468,627
106,66,256,204,466,542,627
74,63,96,91,430,482,627
118,101,115,131,399,518,627
235,206,286,286,482,563,627
144,123,279,239,514,586,627
89,71,113,118,392,481,627
109,87,295,270,511,560,628
40,35,109,105,400,491,628
26,32,106,95,391,370,628
503,356,885,572,621,660,628
77,64,313,272,516,586,628
323,207,607,348,565,628,628
51,32,68,73,396,425,628
44,23,90,69,375,407,628
67,44,87,75,381,411,628
63,38,106,73,426,471,628
77,54,228,206,460,524,628
39,20,71,67,356,388,628
80,66,187,168,432,487,628
132,132,186,178,503,571,628
21,26,78,82,417,391,628
28,27,66,71,400,407,628
59,74,127,129,420,483,629
29,37,292,192,445,510,629
26,21,174,97,426,504,629
168,143,270,265,507,582,629
221,179,207,186,501,563,629
43,30,65,59,367,416,629
226,185,264,194,503,567,629
76,54,135,137,470,544,629
205,164,433,386,533,606,630
38,28,91,69,279,435,630
11,25,149,143,436,496,630
155,149,263,201,415,514,630
65,47,182,105,431,348,630
39,26,104,103,404,410,630
69,44,200,188,423,478,630
52,27,65,56,332,432,630
62,37,142,130,432,451,630
46,27,59,49,144,385,630
57,30,97,104,346,432,631
140,93,301,279,507,581,631
214,161,470,428,567,631,631
98,77,140,152,438,511,631
201,163,236,214,485,546,631
101,74,116,119,407,460,631
57,33,208,179,444,483,631
34,22,114,108,313,467,631
503,426,544,440,595,640,631
42,33,104,83,361,430,631
29,22,62,62,296,411,631
55,35,240,193,444,520,631
67,44,185,176,462,506,631
75,47,89,104,406,485,632
38,29,94,98,377,479,632
56,38,62,64,374,418,632
69,51,115,102,416,474,632
290,244,383,362,520,602,632
27,27,113,108,446,469,632
25,22,113,94,398,424,632
71,72,86,88,397,479,632
19,30,119,100,362,404,632
71,57,172,139,358,353,632
27,24,102,65,391,453,632
52,49,177,121,461,528,633
28,27,52,72,346,419,633
341,314,389,326,368,359,633
41,32,51,61,355,423,633
29,21,69,77,327,413,633
80,58,212,160,446,510,633
36,32,129,133,432,509,633
71,50,142,90,440,514,634
28,22,55,69,259,414,634
147,132,266,193,511,588,634
72,72,134,144,436,503,634
33,23,102,79,407,462,634
52,32,96,102,400,481,634
40,29,150,115,418,474,634
115,80,553,441,415,425,634
39,26,151,127,412,466,634
60,37,121,127,423,545,634
49,25,196,180,401,476,634
114,91,220,202,478,529,635
121,107,244,213,478,536,635
26,22,71,76,325,435,635
99,84,261,238,483,567,635
85,77,79,79,373,444,635
128,105,241,241,511,572,635
55,44,115,105,398,457,635
106,86,163,148,412,492,635
37,22,40,61,331,399,635
45,39,117,92,452,532,635
121,64,124,65,369,430,636
140,124,167,123,431,519,636
28,25,82,79,378,444,636
34,41,113,122,407,468,636
13,20,43,48,351,418,636
232,243,282,278,482,568,636
77,90,226,238,445,543,636
26,20,87,92,395,452,636
19,21,115,85,416,423,636
41,28,87,78,392,459,636
44,30,128,132,458,521,637
66,44,231,212,444,527,637
66,42,89,82,366,491,637
71,38,144,102,419,473,637
46,24,99,81,438,478,637
94,50,120,74,412,503,637
345,199,215,97,405,436,637
93,64,133,129,434,512,637
75,59,192,176,431,503,637
71,58,160,150,412,491,637
44,36,84,101,406,472,637
60,54,69,83,390,467,637
49,43,69,75,357,460,637
389,324,623,590,601,676,637
46,49,138,123,421,490,637
33,35,49,64,390,432,637
32,24,93,98,349,429,638
81,64,176,152,419,489,638
46,29,100,59,399,479,638
68,47,86,92,402,454,638
66,43,102,99,331,448,638
78,56,97,112,393,441,638
184,156,167,148,467,535,638
166,134,279,231,454,528,638
45,27,62,61,347,395,638
81,59,76,81,391,436,638
50,25,63,38,339,397,638
97,67,183,142,480,543,638
96,59,261,217,378,347,638
51,31,83,95,412,458,638
36,20,86,76,374,410,638
86,71,197,160,481,544,638
30,21,39,50,384,377,638
381,315,668,574,579,649,638
23,23,93,91,280,359,638
20,20,127,79,357,466,639
83,74,136,124,443,522,639
34,26,62,53,313,443,639
34,25,69,73,368,429,639
276,246,689,634,648,702,639
28,24,67,57,375,419,639
629,627,373,362,504,541,640
36,43,183,160,448,512,640
35,27,94,86,275,426,640
38,25,68,80,356,402,640
55,24,130,70,326,386,640
229,189,333,313,475,561,640
43,28,58,75,395,421,641
65,36,116,66,469,525,641
89,64,183,184,436,494,641
57,47,99,102,407,462,641
100,88,164,136,458,533,641
39,29,75,86,395,403,641
73,63,118,103,367,433,641
616,368,352,239,487,548,641
332,296,203,196,533,587,641
45,28,92,78,366,423,641
98,67,190,113,445,501,641
225,183,267,237,487,577,642
41,36,66,75,355,424,642
28,21,72,82,351,422,642
20,29,127,127,471,517,642
22,25,98,90,362,461,642
47,26,97,69,354,442,643
40,24,41,55,346,402,643
39,31,160,131,431,500,643
45,22,132,132,474,504,643
265,180,115,87,369,367,643
53,40,172,100,451,516,643
50,35,156,87,478,518,643
42,31,87,66,323,430,643
17,20,78,79,397,450,643
10,22,87,65,452,569,643
28,42,130,135,421,497,643
40,57,122,127,440,521,643
331,277,614,505,571,648,644
60,54,107,101,440,492,644
35,25,41,48,325,423,644
95,68,339,308,511,583,644
73,50,67,72,396,451,644
104,76,119,104,440,486,644
41,27,70,84,401,450,644
52,35,81,90,413,439,644
124,97,239,201,497,539,644
44,24,80,90,423,456,644
37,21,87,102,416,467,644
112,94,134,137,414,491,644
37,25,47,64,302,370,644
31,29,97,99,366,445,644
50,41,122,84,373,478,644
176,169,152,154,490,574,645
118,109,198,197,494,552,645
29,22,57,52,421,455,645
52,37,167,132,420,492,645
57,41,143,114,411,463,645
43,28,140,143,429,480,645
48,37,149,148,390,504,645
116,90,73,83,436,474,645
48,29,86,102,350,440,645
37,20,79,59,343,406,645
24,24,125,119,398,470,645
133,130,204,215,467,535,645
22,20,43,55,313,418,646
35,57,56,70,399,472,646
221,224,472,438,582,652,646
27,45,106,99,380,458,646
22,23,72,68,360,423,646
93,76,151,152,446,479,646
70,64,132,120,425,462,646
41,38,94,67,433,479,646
49,41,172,177,439,489,647
71,57,242,213,440,512,647
128,111,263,255,476,542,647
17,21,194,137,421,469,647
49,55,193,186,468,513,647
25,27,69,65,350,421,647
31,27,133,91,357,419,647
27,20,84,57,416,460,647
63,50,198,181,444,521,647
143,115,213,156,498,556,647
92,69,148,153,442,513,647
65,45,122,127,473,541,647
127,102,165,174,409,514,648
51,33,99,95,422,455,648
77,52,35,58,400,413,648
99,63,206,160,489,564,648
124,80,318,249,476,556,648
169,136,208,215,477,556,648
47,39,120,106,392,469,648
117,114,302,292,495,568,648
92,70,229,205,506,566,649
73,60,81,88,432,504,649
78,67,148,158,424,502,649
53,36,107,78,384,418,649
12,24,74,79,333,416,649
32,42,199,187,423,506,649
15,24,133,123,403,421,649
468,435,402,365,429,457,649
16,26,190,167,459,515,649
14,26,118,77,395,448,650
57,49,153,140,441,518,650
30,34,79,91,407,463,650
83,72,148,159,439,490,650
324,212,681,502,593,664,650
56,38,154,132,430,511,650
49,41,84,101,409,443,651
45,26,143,65,422,490,651
175,158,527,466,574,642,651
255,217,429,371,553,621,651
49,36,123,111,421,454,651
40,24,70,73,274,394,651
45,22,127,127,400,465,651
80,49,228,219,484,537,651
159,115,347,312,512,587,651
68,46,121,95,437,494,651
79,38,129,115,327,409,651
41,26,78,85,325,420,652
23,25,52,45,411,481,652
19,20,37,47,334,421,652
136,126,232,221,456,548,652
48,37,114,116,368,475,652
48,41,102,84,377,456,652
29,32,72,79,392,457,652
89,67,140,139,442,513,652
81,58,206,172,438,518,653
44,35,60,62,386,413,653
68,48,154,154,441,498,653
61,55,224,207,496,549,653
67,53,272,260,499,531,653
56,50,61,83,396,459,653
28,23,208,165,496,555,653
116,107,442,376,554,609,653
78,68,357,321,523,589,653
200,168,291,134,530,593,653
52,33,111,113,411,475,654
38,33,84,97,409,499,654
26,31,195,190,475,512,654
33,33,165,138,458,512,654
167,134,261,230,498,566,655
34,20,47,49,301,368,655
251,189,506,452,575,637,655
38,21,55,74,394,416,655
229,188,282,260,423,403,655
40,26,66,69,275,409,655
126,96,284,263,504,555,655
42,26,155,138,457,487,655
558,470,707,652,614,679,655
63,39,202,186,426,465,655
44,35,80,65,359,438,655
50,36,274,218,472,539,655
169,163,126,141,472,538,656
37,32,95,92,375,399,656
114,71,211,112,392,447,656
48,52,254,230,502,566,656
34,38,95,95,381,455,656
41,38,96,102,382,461,656
68,50,218,125,436,507,656
24,20,52,64,412,454,656
27,21,98,72,356,415,656
35,24,73,66,316,372,656
48,29,144,137,446,510,656
30,20,62,64,391,460,656
17,37,92,66,418,509,657
150,160,260,254,486,558,657
280,255,596,513,465,401,657
19,35,92,101,388,435,657
80,71,224,208,481,552,657
40,34,74,64,351,456,657
43,31,95,103,406,490,657
47,27,94,88,369,461,657
92,66,209,194,413,506,657
75,49,210,189,485,546,657
45,31,134,115,364,453,658
38,26,157,124,393,453,658
46,42,113,95,358,420,658
281,256,228,242,499,568,658
322,224,150,106,424,444,658
32,22,33,48,370,416,658
38,23,161,107,427,498,658
28,20,87,66,390,419,658
50,33,193,195,467,522,659
222,198,115,118,381,489,659
41,24,144,120,413,499,659
39,23,46,62,369,385,659
41,33,30,32,271,405,659
644,558,355,316,588,652,659
212,171,188,190,436,432,659
62,31,237,99,450,521,659
58,43,118,89,458,495,659
78,68,193,152,510,580,659
13,20,52,71,399,433,659
81,74,161,162,466,501,659
195,187,205,210,469,537,659
168,179,211,173,296,426,659
58,67,201,176,467,555,659
12,24,79,66,467,505,659
47,44,214,191,508,552,660
39,36,84,96,407,461,660
28,21,95,99,383,427,660
34,32,162,102,459,505,660
132,89,359,248,526,576,660
35,29,180,174,409,479,660
35,23,65,67,327,374,660
81,71,194,200,462,521,660
14,21,85,92,406,508,660
21,25,106,96,418,482,661
64,54,141,157,419,498,661
36,20,75,65,373,427,661
54,40,73,69,441,503,661
44,23,59,49,329,410,661
42,30,63,78,317,446,661
87,76,298,259,502,561,662
72,54,110,117,406,472,662
25,27,116,107,409,495,662
36,25,111,82,352,428,662
464,367,657,501,615,684,662
31,20,58,61,191,361,662
25,20,61,66,211,409,662
89,83,222,186,466,534,663
37,29,102,104,394,443,663
310,298,267,245,581,605,663
69,86,206,173,478,549,663
17,36,95,103,414,445,663
27,23,143,109,441,483,663
181,178,483,442,552,624,663
13,22,73,56,376,389,663
24,31,112,105,408,466,663
79,61,183,192,493,548,663
31,26,70,76,318,422,664
39,31,82,90,395,438,664
16,25,76,91,330,449,664
36,46,207,187,438,529,664
16,28,156,150,437,479,664
20,36,67,65,411,461,664
146,109,365,170,516,580,665
63,52,195,201,462,545,665
35,23,63,63,398,421,665
138,66,422,203,541,607,665
81,47,285,257,503,564,665
75,48,78,86,401,437,665
275,209,443,389,553,610,665
179,121,299,261,554,609,665
39,20,71,37,358,420,665
27,31,101,106,364,474,665
26,39,53,64,378,458,665
474,431,579,441,486,427,666
47,52,185,193,405,475,666
35,32,88,98,412,475,666
195,164,400,374,546,610,666
111,106,209,177,475,556,666
14,29,129,127,422,487,666
19,38,97,87,352,415,666
44,62,116,130,468,557,666
28,43,114,129,458,524,667
12,26,126,137,369,451,667
46,54,341,256,519,549,667
170,178,310,319,427,501,667
103,89,462,365,577,644,667
34,24,144,120,419,500,667
40,20,169,87,454,499,667
22,32,129,134,413,463,668
284,286,349,345,512,586,668
13,27,137,121,387,477,668
52,64,190,195,450,495,668
15,22,60,67,476,540,668
82,83,213,210,518,571,668
91,58,318,190,477,530,668
83,44,251,139,512,549,668
86,63,208,177,453,506,668
50,36,81,92,445,524,668
25,20,49,52,304,402,669
40,29,119,113,337,400,669
142,118,290,265,537,585,669
153,136,163,162,484,556,669
67,56,255,210,488,539,669
36,24,187,113,459,519,669
155,159,321,319,512,588,669
55,66,80,77,404,474,669
70,75,160,139,404,483,669
153,140,390,374,521,604,669
54,24,123,62,449,364,669
31,21,92,59,361,388,670
33,28,40,46,381,454,670
295,209,278,133,485,555,670
367,210,582,397,564,637,670
108,108,194,188,457,531,670
63,65,119,123,447,501,670
35,23,153,90,434,486,670
20,25,115,122,358,399,670
151,157,167,140,474,565,670
18,22,79,75,407,449,671
43,56,75,79,404,480,671
50,51,282,217,340,346,671
28,21,74,90,391,400,671
69,47,91,105,445,496,671
63,37,209,147,463,535,671
50,39,142,141,433,508,671
57,42,141,153,378,498,671
37,20,72,50,330,439,671
91,83,184,159,456,516,671
399,331,699,517,446,496,671
131,107,500,374,578,623,671
66,74,128,138,422,458,672
29,38,119,102,415,485,672
34,40,196,176,415,488,672
44,25,98,89,337,423,672
35,21,32,48,355,405,672
663,509,695,361,612,672,672
121,94,144,134,445,495,672
174,144,229,221,478,547,672
148,90,228,140,471,558,672
351,250,96,69,289,323,672
106,80,186,164,424,531,672
101,77,134,136,346,433,672
31,24,40,48,347,415,672
141,110,369,315,496,563,672
86,71,148,141,453,499,672
18,29,65,86,356,465,672
45,49,129,113,402,499,673
42,45,89,78,339,438,673
98,97,158,141,467,550,673
34,41,191,193,458,540,673
34,41,201,181,472,540,673
664,526,301,173,484,523,673
82,90,240,236,467,531,673
31,43,87,79,430,495,673
29,44,86,95,416,449,673
27,32,283,255,498,567,673
54,47,97,95,330,456,673
41,27,81,81,384,435,673
37,48,94,84,371,403,674
37,46,110,108,381,435,674
40,50,154,143,461,525,674
36,42,163,170,452,506,674
22,28,97,95,452,486,674
13,25,104,94,451,541,674
9,21,103,110,308,448,674
88,75,390,295,548,619,674
104,105,223,188,430,528,674
17,22,114,83,380,407,674
154,127,262,257,476,558,675
42,35,94,70,399,456,675
26,25,130,132,385,478,675
33,23,268,218,496,566,675
23,33,74,74,385,450,675
29,30,105,74,438,478,675
16,27,79,97,398,415,675
12,22,59,65,381,426,675
46,40,99,105,421,481,676
338,243,696,583,609,685,676
257,192,847,721,607,670,676
52,37,171,160,408,474,676
90,58,162,128,470,518,676
75,54,100,78,168,328,676
49,32,107,106,418,489,676
40,22,69,56,269,426,676
311,173,156,113,428,404,676
90,65,152,127,452,528,676
116,83,215,188,423,386,676
36,21,29,45,219,425,676
50,32,101,87,351,455,676
30,22,44,61,406,404,676
161,146,154,147,504,570,676
75,60,141,152,409,488,676
25,20,129,77,306,448,676
33,46,151,133,406,491,676
16,26,70,62,356,447,676
138,143,182,189,473,542,676
72,78,124,126,417,466,676
28,36,125,109,402,475,677
105,108,159,153,467,527,677
40,30,98,90,451,501,677
44,48,122,141,344,453,677
130,123,160,176,461,542,677
504,319,182,62,432,458,677
57,48,198,165,491,550,678
61,46,274,151,457,509,678
11,21,129,118,442,510,678
27,42,121,121,416,479,678
210,182,574,485,576,626,678
34,40,106,113,413,496,678
78,80,102,119,442,499,678
61,61,130,145,425,487,678
30,20,54,68,398,440,678
33,22,59,65,370,427,678
16,23,159,159,437,502,679
18,22,62,60,279,412,679
18,27,106,109,400,471,679
17,22,61,73,394,394,679
79,55,150,149,436,496,679
67,43,74,60,415,479,679
85,54,210,202,432,504,679
35,20,64,56,266,392,680
39,20,41,53,324,405,680
34,37,46,59,417,440,680
34,40,133,133,389,466,680
13,20,104,104,342,453,680
222,217,343,332,503,581,680
371,346,449,392,561,634,680
21,26,130,89,385,410,680
15,21,180,131,297,436,681
28,38,62,75,382,462,681
25,28,150,110,409,474,681
122,79,476,244,576,628,681
19,24,89,69,384,437,681
157,142,616,552,494,499,681
17,24,63,84,338,340,681
28,28,165,147,438,502,681
25,30,152,160,427,494,681
15,24,47,67,374,395,681
42,39,100,111,376,480,681
225,143,101,54,393,395,681
96,90,159,163,412,502,681
95,92,244,227,428,519,681
133,135,263,257,486,576,681
21,33,74,80,387,450,682
19,27,100,104,398,454,682
16,21,76,69,370,440,682
35,39,134,107,404,461,682
206,151,560,462,484,469,682
57,35,114,91,380,451,682
36,20,53,61,361,417,682
33,26,101,106,355,470,682
76,50,170,150,452,505,682
71,78,175,170,401,502,682
42,40,146,130,431,495,683
73,76,177,174,413,470,683
171,142,455,390,551,611,683
348,339,291,240,553,614,683
61,60,166,143,434,498,683
55,24,104,62,435,472,683
51,26,94,76,334,457,683
40,24,39,55,282,393,683
40,22,141,112,410,472,683
54,33,57,65,380,428,683
37,25,41,53,383,411,683
222,163,647,562,579,650,683
31,34,86,73,405,464,683
19,28,97,98,305,394,684
41,44,85,100,382,442,684
63,55,106,127,409,501,684
49,37,43,58,412,461,684
91,81,115,116,545,637,684
254,223,530,397,558,620,684
46,59,79,96,428,468,684
32,35,100,88,415,489,684
16,22,88,86,343,450,684
42,43,105,106,389,372,685
85,63,87,98,406,461,685
646,592,687,596,588,650,685
55,56,183,184,425,493,685
202,154,272,258,488,564,685
176,138,316,309,503,583,686
62,43,133,106,415,421,686
56,30,48,62,353,430,686
62,42,98,112,437,510,686
41,48,142,148,457,481,686
225,206,617,508,458,386,686
242,152,705,439,521,509,686
36,42,97,105,384,465,686
64,35,242,105,420,466,686
25,31,65,54,274,411,687
68,61,81,75,405,484,687
45,44,198,172,478,513,687
40,44,96,91,394,465,687
114,108,326,311,486,553,687
49,45,235,190,510,553,687
20,22,89,88,356,455,687
42,32,105,108,386,472,687
75,80,240,211,442,513,687
118,113,162,146,391,499,687
60,34,88,88,293,401,687
78,41,94,96,383,451,687
46,22,126,70,297,390,687
35,20,56,75,348,417,688
38,34,148,140,464,495,688
35,30,118,86,497,355,688
50,56,116,119,405,488,688
57,37,244,163,455,512,688
33,37,200,148,416,480,688
46,44,330,285,508,554,688
28,27,138,66,369,441,688
74,77,134,132,423,499,688
175,156,342,284,531,596,688
72,68,297,275,500,556,688
83,74,173,170,416,501,688
70,59,146,139,421,493,688
39,43,126,90,435,486,688
14,20,84,88,351,398,688
21,21,37,51,412,465,689
33,37,204,129,452,504,689
88,87,125,117,410,488,689
479,400,467,398,587,665,689
39,23,127,110,397,477,689
49,44,141,115,384,477,689
144,107,394,315,513,591,689
20,21,68,74,372,452,690
58,52,189,136,481,546,690
18,25,93,101,364,484,690
34,37,89,92,362,461,690
73,56,371,318,555,602,690
33,32,82,77,397,438,690
14,20,54,66,398,453,690
178,109,281,145,514,522,690
54,45,241,198,472,527,690
20,21,85,91,391,464,690
42,38,116,88,438,485,691
64,60,145,130,438,494,691
18,22,56,51,301,422,691
213,176,386,343,558,626,691
68,53,280,266,508,559,691
107,91,179,180,458,524,691
124,86,172,176,423,486,691
48,25,45,48,504,579,691
119,82,191,170,412,477,691
163,107,631,509,574,633,691
35,37,78,87,398,460,692
24,26,108,97,384,453,692
26,29,77,85,356,429,692
34,30,89,75,441,439,692
49,51,147,151,415,503,692
15,22,76,72,405,421,692
30,29,52,53,415,431,692
28,31,44,52,365,469,692
36,30,102,60,287,341,692
82,80,264,244,516,555,692
181,155,291,267,526,581,693
95,85,333,313,523,585,693
164,154,597,565,515,359,693
49,33,76,86,348,447,693
51,32,121,111,407,474,693
60,44,96,81,362,411,693
34,27,50,66,364,423,693
40,32,107,112,372,423,693
90,78,103,78,322,440,693
36,22,61,82,398,434,694
56,50,114,105,392,461,694
256,156,76,46,358,404,694
49,37,98,88,363,432,694
14,22,194,185,429,505,694
373,369,466,461,373,477,694
106,101,225,208,464,473,694
32,29,97,82,375,438,694
57,59,80,48,307,347,694
62,39,462,345,571,614,694
158,155,229,247,478,536,694
210,192,332,299,533,593,694
40,29,84,79,266,416,695
85,73,126,115,465,518,695
54,40,179,156,470,526,695
28,25,78,65,383,397,695
45,36,123,127,451,487,695
30,23,101,97,412,470,695
55,41,104,82,406,483,695
10,20,65,70,405,465,695
67,69,127,125,459,508,695
23,25,43,66,367,441,695
30,27,182,184,473,503,695
63,52,185,174,440,530,695
181,161,188,173,528,589,695
68,69,102,125,395,435,696
34,33,103,110,320,442,696
643,596,635,580,447,437,696
216,166,433,312,453,480,696
512,442,783,674,604,659,696
70,47,116,113,463,511,697
34,20,53,54,345,402,697
64,48,60,76,388,448,697
99,96,186,189,427,513,697
35,34,55,50,348,428,697
26,20,83,86,256,408,697
47,37,31,44,386,443,697
83,64,154,147,333,326,697
75,50,114,120,391,471,697
75,54,176,173,425,462,697
32,37,85,90,397,435,697
23,25,136,126,399,455,698
37,31,104,72,419,488,698
18,21,67,66,344,436,698
65,62,114,79,421,408,698
23,26,71,67,363,451,698
69,68,162,148,464,516,698
60,40,72,71,313,398,698
46,26,150,128,409,502,698
25,24,206,174,439,487,698
45,41,112,115,432,479,698
60,38,80,80,325,451,699
163,97,546,344,474,462,699
23,23,118,92,416,450,699
19,24,47,59,405,416,699
36,34,119,121,431,503,699
27,30,85,98,384,433,700
160,152,188,187,515,580,700
64,60,92,73,442,475,700
158,144,458,423,542,605,700
56,44,150,138,458,491,700
24,24,101,78,371,395,700
49,36,31,53,342,450,700
100,68,142,145,428,475,700
55,37,104,97,447,493,700
100,81,140,143,433,480,700
29,25,107,100,451,505,700
38,32,172,123,405,500,701
90,67,118,117,380,460,701
78,71,87,93,402,490,701
98,90,176,174,474,545,701
41,36,260,172,437,515,701
31,36,144,108,423,507,701
29,35,85,68,358,329,701
30,33,69,89,327,387,701
145,139,258,250,470,530,702
31,30,107,100,366,455,702
47,41,179,142,412,493,702
26,21,134,104,428,494,702
24,21,81,87,355,443,702
35,22,29,44,339,349,702
74,51,156,110,450,501,702
54,43,239,200,437,529,702
51,37,230,154,367,434,702
63,54,264,232,469,539,703
44,26,83,98,399,482,703
94,67,70,84,458,523,703
37,20,101,91,358,452,703
37,26,58,66,330,456,703
102,93,219,193,473,553,704
48,41,139,127,404,492,704
28,29,166,154,420,508,704
75,65,166,112,437,514,704
55,50,133,132,372,490,704
31,30,129,119,420,488,704
24,24,172,123,404,468,704
37,35,68,62,404,448,704
23,25,80,85,381,423,704
44,40,112,123,396,485,704
22,21,156,152,402,437,704
45,33,137,131,426,501,704
75,44,126,136,415,499,705
89,74,228,222,486,560,705
35,26,53,72,400,445,705
26,33,118,103,391,482,705
90,83,263,251,503,543,705
101,91,128,131,440,528,705
35,27,79,82,422,496,705
71,67,73,91,372,472,706
20,20,57,57,353,403,706
114,105,307,256,506,566,706
40,41,116,105,419,499,706
59,56,138,135,460,506,706
55,53,145,148,403,487,706
40,35,168,136,463,530,706
53,28,270,224,500,562,706
43,34,76,63,381,481,706
44,25,107,107,391,473,706
47,23,55,51,325,362,706
271,228,416,375,518,588,706
42,42,141,125,427,505,707
77,75,84,100,438,497,707
22,24,71,67,388,437,707
134,109,197,77,463,532,707
33,33,109,120,407,480,707
51,53,99,116,412,467,707
42,34,176,142,442,499,707
21,21,84,72,403,445,708
23,21,42,59,409,426,708
23,21,46,37,353,417,708
185,178,257,214,505,560,708
158,108,151,131,389,329,708
169,148,231,195,372,387,708
25,27,82,94,418,451,708
138,117,230,233,460,538,708
47,33,81,84,391,458,708
188,141,595,499,562,591,708
82,67,79,81,389,469,708
24,27,70,77,423,509,709
223,212,544,489,573,622,709
78,75,155,152,455,519,709
39,40,106,94,409,485,709
63,59,48,52,378,485,709
57,52,233,198,478,548,709
48,39,60,75,288,421,709
87,61,264,227,509,571,709
20,21,152,133,386,490,709
30,28,179,153,447,520,709
53,46,219,188,446,524,709
41,27,76,45,411,449,709
67,64,113,122,397,449,709
40,32,185,167,455,494,709
74,35,113,81,349,424,710
118,67,389,317,522,591,710
40,20,168,161,456,527,710
24,23,122,108,382,432,711
30,29,57,75,402,444,711
55,44,140,107,429,475,711
30,22,125,94,407,469,711
39,30,145,134,447,490,711
99,87,57,77,422,475,711
30,28,47,53,259,410,711
69,63,82,87,435,495,711
24,23,85,62,337,406,711
60,42,117,115,434,514,711
79,61,207,203,480,542,712
27,28,148,127,392,493,712
248,225,418,357,528,601,712
22,20,152,140,440,497,712
65,64,113,121,445,515,712
179,169,225,138,494,554,712
43,34,103,103,417,489,712
18,24,76,85,337,440,712
41,42,89,95,405,484,712
38,34,90,96,333,449,713
39,23,76,84,234,407,713
40,27,147,139,438,501,713
52,49,110,114,404,480,713
20,27,59,64,299,356,713
224,192,452,403,571,629,713
20,24,66,75,433,494,713
39,21,57,45,231,401,714
85,57,149,132,415,505,714
61,30,77,66,334,419,714
42,24,84,87,384,497,714
116,60,347,279,527,571,714
39,24,78,86,410,454,714
83,47,195,189,415,502,714
154,126,160,154,466,503,714
63,43,97,68,422,468,714
42,30,91,97,382,481,714
159,108,805,639,612,680,714
328,274,542,482,599,664,714
35,36,156,94,431,468,714
92,91,144,151,411,464,714
164,165,230,235,509,566,715
37,22,361,311,533,595,715
47,50,178,167,474,524,715
236,197,614,512,467,325,715
44,48,72,75,426,479,715
18,24,60,64,385,450,715
20,21,77,58,331,426,715
26,27,115,120,387,483,715
86,89,176,199,411,465,715
19,25,62,63,356,374,715
37,35,126,136,413,469,715
78,75,90,85,379,385,716
41,38,109,109,417,450,716
472,427,410,341,569,635,716
317,297,456,397,554,624,716
169,158,274,221,524,568,716
112,101,304,263,506,571,716
44,44,170,166,451,493,716
34,29,76,96,430,426,716
61,32,85,92,396,416,716
94,60,108,103,408,496,716
59,27,123,75,388,463,716
33,23,82,96,313,436,717
34,33,123,113,409,485,717
22,23,173,167,427,516,717
245,228,348,321,519,596,717
26,28,86,84,386,441,717
75,70,220,180,493,535,717
18,22,53,38,340,417,717
22,24,77,93,330,411,717
24,25,142,126,407,489,717
70,41,137,130,455,514,717
59,24,86,44,388,446,717
102,65,197,181,433,471,717
52,34,112,104,429,483,718
48,29,91,85,350,458,718
37,28,80,85,340,435,718
70,65,278,255,480,542,718
28,31,106,121,386,477,718
119,112,142,120,465,544,718
27,31,98,99,423,472,718
78,75,251,245,528,617,718
26,29,262,221,372,448,718
23,27,80,86,382,465,718
52,49,213,204,469,526,719
102,91,302,233,483,547,719
51,52,147,140,461,522,719
162,132,241,223,499,581,719
77,50,340,287,528,583,719
26,29,85,77,370,435,720
64,62,164,166,438,481,720
48,28,84,89,382,467,720
241,176,434,361,614,660,720
43,23,76,60,309,363,720
52,32,110,91,331,394,720
23,27,89,93,385,446,720
36,34,65,69,409,471,720
43,44,178,186,444,508,720
39,41,90,90,411,423,721
57,52,120,112,433,492,721
73,56,448,361,554,603,721
55,34,50,49,337,414,721
44,27,137,134,397,455,721
45,25,98,78,383,439,721
26,21,67,74,253,418,722
30,31,117,72,421,476,722
17,21,49,48,397,415,722
38,37,113,104,381,465,722
34,26,212,128,478,509,722
29,25,35,47,357,401,722
65,57,190,191,391,477,723
104,101,205,193,454,534,723
31,33,92,98,292,457,723
18,21,58,59,188,426,723
51,44,69,85,352,475,723
28,27,138,79,403,465,723
19,23,97,83,327,459,723
25,24,99,110,401,443,723
23,23,98,84,321,417,723
94,59,176,155,458,525,723
59,31,98,72,421,470,723
53,27,59,60,385,406,723
543,406,764,608,499,452,724
259,194,476,402,552,606,724
44,24,52,32,367,377,724
62,30,68,73,394,476,724
42,21,126,103,377,402,724
62,34,101,99,403,502,724
112,84,169,155,492,546,724
28,21,59,76,239,432,724
68,54,210,199,470,525,724
18,24,52,62,399,452,724
55,50,187,185,492,537,724
34,38,86,88,352,435,725
127,84,397,342,487,572,725
45,24,52,36,307,410,725
43,24,66,68,417,423,725
72,45,87,71,377,456,725
39,48,125,132,423,482,725
29,33,34,46,398,436,725
80,62,149,100,363,408,725
78,70,257,233,474,542,725
17,21,127,118,446,476,725
88,77,199,157,461,525,726
44,25,70,68,403,479,726
50,29,181,154,449,483,726
97,74,172,165,385,495,726
44,29,90,67,391,437,726
59,42,205,180,488,522,726
29,33,113,103,403,454,726
35,28,119,88,464,509,726
37,40,89,81,401,467,726
243,216,454,430,549,613,727
102,97,306,277,515,559,727
71,70,155,156,294,401,727
416,222,371,274,427,409,727
44,23,53,52,360,411,727
47,24,66,80,310,435,727
50,27,65,67,310,412,727
84,44,204,167,430,492,727
120,83,139,149,449,514,727
91,62,126,120,475,549,727
37,20,49,55,344,394,728
50,24,171,150,471,494,728
141,76,339,200,514,573,728
268,221,355,323,543,622,728
45,52,58,67,383,454,728
84,88,155,164,450,500,728
17,22,75,60,355,410,728
29,25,121,110,415,499,728
41,36,86,99,397,453,728
68,41,88,94,426,484,728
115,87,94,101,415,492,728
88,96,126,122,309,349,729
34,37,152,155,449,501,729
30,24,118,66,417,442,729
130,130,147,148,496,555,729
18,21,146,107,395,486,729
30,37,62,69,337,467,729
16,21,52,66,337,374,729
524,428,829,711,637,701,729
203,178,452,390,541,615,729
50,31,155,84,397,489,729
39,40,159,144,414,479,729
43,35,89,96,419,494,730
170,149,313,294,466,544,730
54,36,109,124,398,462,730
66,44,130,111,429,494,730
35,35,200,187,490,534,730
124,101,481,356,564,622,730
26,28,98,77,387,433,731
69,56,234,142,479,535,731
36,30,102,93,414,466,731
255,181,582,489,575,633,731
86,62,197,163,453,530,731
793,448,370,254,502,557,731
45,25,27,45,356,368,731
51,26,140,129,372,460,731
25,20,44,46,368,430,731
68,69,138,153,439,489,731
56,54,168,148,457,527,731
24,25,84,74,324,420,732
32,34,138,132,379,466,732
28,30,133,124,458,487,732
280,251,516,472,565,635,732
336,238,181,130,371,400,732
68,41,106,72,413,489,732
51,38,159,139,469,530,732
58,41,220,200,464,544,732
80,70,250,224,430,514,732
62,57,140,111,406,455,732
63,60,218,221,430,508,733
339,326,303,313,545,597,733
70,72,140,139,396,485,733
30,34,159,145,451,541,733
31,26,64,73,384,465,733
24,27,65,73,356,429,733
131,119,245,230,503,571,733
20,29,46,50,406,462,733
15,24,113,101,338,438,733
31,33,172,137,436,487,733
143,119,164,128,468,538,733
128,95,231,188,459,538,733
54,26,69,61,273,358,733
45,21,44,54,329,418,733
66,42,198,153,479,526,734
101,81,178,155,460,527,734
21,28,74,64,362,412,734
50,48,76,80,397,465,734
41,41,154,147,438,508,734
44,43,107,116,417,469,734
45,31,69,61,278,425,734
250,181,209,143,495,562,734
56,33,153,117,412,484,734
257,208,225,214,500,569,734
68,38,131,111,400,467,734
59,24,60,60,274,378,734
63,28,66,58,182,383,734
70,42,81,67,411,418,734
60,28,100,96,369,467,735
107,75,180,152,428,498,735
51,29,54,54,413,462,735
46,27,51,60,315,410,735
17,21,73,76,259,440,735
14,22,68,74,325,419,735
41,41,126,118,401,441,735
32,25,163,103,399,452,736
21,22,122,120,349,456,736
59,48,73,63,410,500,736
370,244,146,107,319,341,736
43,34,118,126,375,477,736
43,34,89,99,426,456,736
70,68,197,192,438,539,736
147,123,170,110,376,439,736
76,74,170,176,459,503,736
17,20,50,60,357,386,736
41,39,96,94,385,486,737
33,33,88,82,416,482,737
274,258,255,233,553,593,737
72,47,110,123,339,462,737
108,74,427,337,524,585,737
61,40,103,108,408,457,737
108,79,113,104,388,489,737
50,27,88,93,400,406,737
76,54,188,168,469,537,737
28,20,55,63,421,452,737
71,52,144,113,432,493,737
59,64,134,149,394,465,737
61,62,192,191,389,486,738
70,44,28,34,422,473,738
46,25,135,112,451,482,738
58,37,87,84,421,466,738
74,47,102,93,385,437,738
282,241,269,262,513,583,738
53,28,75,86,362,442,738
126,81,255,166,443,530,738
46,23,52,60,290,391,738
118,104,197,174,447,509,738
28,29,122,117,389,473,739
170,164,366,291,493,558,739
35,22,162,95,383,372,739
133,132,158,153,443,522,739
24,25,149,144,424,503,739
70,48,195,170,522,610,740
89,59,73,88,405,483,740
73,73,220,179,456,497,740
18,25,66,78,354,441,740
45,50,214,209,475,532,740
34,44,98,101,384,458,740
76,62,167,176,459,545,741
29,20,59,63,310,390,741
35,23,112,110,385,469,741
253,217,211,154,543,596,741
12,21,51,58,370,433,741
12,22,65,76,372,426,741
273,273,372,309,505,573,741
19,31,68,80,357,454,742
171,171,341,319,519,592,742
23,28,115,67,400,415,742
103,111,213,208,453,513,742
63,47,107,103,424,479,742
59,56,155,147,414,467,742
21,22,94,82,406,451,742
110,104,97,64,375,380,742
89,58,306,217,521,586,742
41,44,75,80,358,424,742
289,249,592,522,558,628,743
17,23,64,72,402,431,743
24,30,115,117,405,472,743
28,36,119,103,231,326,743
92,110,159,167,441,507,743
28,39,126,129,428,507,743
16,29,70,76,339,470,743
152,128,405,280,550,623,743
40,37,54,66,188,387,743
42,34,81,72,369,415,743
211,193,221,179,482,554,743
43,52,102,92,427,474,743
25,34,40,52,409,455,743
18,30,80,77,370,474,744
9,22,71,64,371,468,744
15,25,88,86,410,421,744
51,60,225,216,458,506,744
22,27,212,195,355,388,744
23,31,111,107,424,481,744
30,37,62,77,435,492,744
36,22,28,49,297,392,745
100,102,259,242,504,560,745
19,26,132,95,405,439,745
90,84,376,315,517,579,745
142,90,440,271,519,514,745
34,22,57,59,374,409,746
89,64,218,215,492,558,746
79,60,110,111,392,445,746
68,67,112,118,398,461,746
32,30,99,87,391,435,746
24,27,51,56,323,433,746
23,30,53,57,353,426,746
544,481,749,669,596,662,746
19,33,95,90,438,456,746
17,30,118,106,364,449,746
116,89,524,442,562,643,746
51,60,158,156,467,547,746
643,588,773,700,626,695,746
212,176,375,320,547,619,747
127,126,116,119,459,506,747
23,26,119,101,418,465,747
48,51,182,169,429,502,747
31,22,111,57,426,483,747
92,91,305,299,498,572,748
17,22,39,51,320,414,748
27,29,64,58,334,442,748
138,115,120,136,422,514,748
118,86,289,230,477,549,748
70,39,178,175,467,519,748
30,30,75,81,313,444,748
235,183,209,187,427,389,748
33,22,64,48,229,423,748
46,37,83,72,442,515,748
25,21,53,51,244,402,748
122,120,268,233,465,529,749
42,49,77,94,424,455,749
31,28,98,82,324,373,749
35,43,149,155,399,484,749
34,39,152,143,415,483,749
37,43,138,135,426,484,749
23,29,55,47,359,373,749
326,256,603,471,542,573,749
57,52,114,111,365,466,749
43,25,139,107,359,446,749
30,22,70,83,238,427,749
46,53,186,159,457,514,749
80,79,302,281,505,553,749
25,27,134,97,421,481,749
22,31,89,97,407,487,749
16,22,89,80,392,424,750
39,27,70,75,424,427,750
34,34,243,218,474,538,750
77,74,133,108,463,512,750
19,24,41,62,305,353,750
58,47,136,130,436,485,751
43,30,57,68,403,436,751
18,27,80,90,391,459,751
71,55,88,87,431,491,751
38,39,84,70,396,467,751
39,44,120,133,427,490,751
88,82,179,168,469,543,751
18,22,60,58,349,417,751
98,88,294,239,491,557,751
125,99,320,248,438,423,751
27,21,110,62,399,469,751
39,43,134,121,385,452,751
52,37,101,109,443,495,752
37,26,83,95,351,457,752
49,38,101,103,415,466,752
18,23,48,44,304,426,752
16,22,35,45,341,414,752
78,74,282,248,491,552,753
13,20,68,56,357,437,753
76,106,225,218,415,539,753
61,69,155,154,402,510,753
43,72,79,84,377,489,754
22,35,161,135,445,538,754
458,425,833,781,622,688,755
16,39,124,106,401,470,755
245,191,251,138,414,405,755
120,145,189,167,465,545,755
49,48,95,107,394,475,755
50,49,172,177,406,497,755
19,22,175,156,346,465,756
22,22,143,90,270,427,756
107,102,374,330,512,584,756
16,34,118,98,347,464,756
115,133,250,232,477,536,756
10,35,106,124,403,486,756
113,118,441,377,545,600,756
20,35,68,79,344,433,756
178,191,367,336,528,585,756
60,54,135,126,391,478,757
102,94,147,129,409,482,757
60,54,229,218,495,557,757
24,26,41,61,422,428,757
64,70,373,335,565,617,757
45,63,95,107,355,431,757
30,50,170,175,436,521,757
11,28,94,85,337,434,758
192,161,592,474,555,624,758
39,34,59,68,358,463,758
39,26,131,104,395,480,758
140,129,102,113,407,496,758
28,22,76,76,379,418,758
266,168,870,628,489,501,758
12,23,63,62,334,439,758
77,90,128,132,441,529,758
141,152,196,165,506,576,759
112,93,348,252,510,576,759
49,38,167,147,389,448,759
64,69,164,170,483,520,760
17,21,164,131,413,516,760
16,23,178,158,477,533,760
73,79,373,342,551,610,760
28,42,130,98,406,488,760
74,84,188,178,456,507,760
488,476,278,294,522,597,760
19,30,173,168,440,504,761
100,84,834,622,627,675,761
83,93,405,344,508,578,761
113,86,420,308,501,562,761
46,39,120,128,410,480,762
40,22,77,79,425,466,762
58,44,93,89,425,489,762
239,206,220,205,499,568,762
57,41,95,81,370,416,762
79,77,262,224,423,434,762
57,69,210,193,435,495,762
77,62,305,157,514,573,762
532,446,159,101,384,378,762
121,85,610,427,476,423,762
10,25,139,146,368,471,762
76,85,128,103,446,521,762
35,27,75,74,144,394,763
87,96,291,277,351,372,763
40,27,201,120,472,528,763
34,44,133,135,374,458,763
267,169,436,306,550,611,763
46,49,61,59,404,446,763
17,20,42,53,348,387,763
22,32,53,74,324,444,764
18,23,115,120,410,486,764
185,182,199,194,484,542,764
27,36,90,97,375,457,764
33,36,191,169,441,497,765
20,26,94,112,446,485,765
54,59,206,178,486,560,765
61,67,114,125,431,489,765
84,80,259,234,509,576,765
26,32,95,93,385,454,765
506,471,333,339,459,461,765
73,49,88,107,394,485,765
45,28,79,84,290,420,765
18,27,86,86,355,439,766
18,27,43,54,347,427,766
37,46,38,41,371,413,766
159,158,336,331,479,537,766
416,356,389,321,584,631,766
30,21,83,64,374,475,766
53,35,63,82,305,398,766
87,68,108,118,470,534,766
32,30,82,85,382,427,766
39,46,160,152,438,526,767
13,24,185,184,454,507,767
75,70,451,369,530,594,767
182,130,73,62,307,357,767
167,151,343,283,549,623,767
14,22,102,77,420,456,767
281,275,381,356,542,599,767
17,25,57,68,340,420,767
41,22,77,62,311,408,768
45,26,69,56,380,410,768
108,91,266,218,493,558,768
89,38,155,120,445,506,768
14,20,102,103,387,456,768
20,28,166,140,463,509,768
45,42,347,293,527,606,768
38,43,104,103,414,443,768
32,20,69,41,380,382,768
47,27,88,68,390,437,769
101,62,370,308,523,580,769
50,31,109,116,419,450,769
83,54,120,104,410,471,769
60,38,70,89,422,451,769
80,73,227,224,486,563,769
261,212,831,710,606,676,769
19,30,53,75,420,427,769
26,30,133,114,406,439,770
24,33,40,51,429,479,770
26,31,86,99,351,457,770
67,69,164,154,432,492,770
69,53,228,136,422,401,770
34,38,85,87,392,431,770
102,78,461,330,524,579,770
56,50,167,143,458,515,770
31,36,86,95,439,465,771
280,267,346,332,533,598,771
39,31,231,192,480,549,771
166,124,428,378,541,601,771
69,51,172,146,423,494,771
45,24,170,73,434,502,771
116,104,182,153,432,509,771
31,28,30,40,513,330,771
80,70,201,99,509,547,771
90,84,144,101,443,494,772
41,28,183,107,468,522,772
32,35,143,118,446,494,772
33,36,104,106,395,475,772
60,35,182,83,454,492,772
61,32,118,80,413,463,772
523,364,194,146,391,428,772
171,118,459,359,444,377,773
54,36,130,112,415,481,773
67,48,129,124,231,320,773
87,71,235,198,448,505,773
52,42,93,95,359,446,773
18,26,70,79,348,477,773
18,22,70,54,331,392,773
48,57,156,158,463,535,773
22,25,78,80,427,475,773
33,25,67,61,315,399,774
42,31,72,80,349,422,774
73,55,93,91,398,494,774
145,134,236,133,379,430,774
46,37,220,200,471,525,774
11,23,70,72,193,415,774
118,89,65,62,357,353,774
317,268,192,179,509,578,775
42,22,109,111,406,458,775
112,69,334,303,485,542,775
51,38,64,77,339,408,775
315,126,235,112,411,494,775
29,33,81,98,420,485,775
25,26,47,50,303,401,776
239,223,480,451,537,606,776
106,94,161,142,390,415,776
62,35,68,72,408,436,776
88,55,117,115,439,485,776
58,32,81,74,333,439,776
46,26,104,103,350,429,776
367,324,544,516,564,636,776
41,23,65,75,347,415,776
65,51,192,182,466,531,777
65,71,47,46,388,459,777
24,30,163,144,456,503,777
18,24,98,108,392,469,777
27,25,139,133,355,461,777
94,78,175,164,448,535,777
51,31,60,57,356,446,777
770,656,801,703,639,694,777
519,489,397,372,590,661,778
20,23,141,142,430,486,778
33,23,402,261,534,561,778
15,21,201,189,445,507,778
52,55,61,71,400,461,778
14,25,55,71,382,427,778
15,26,41,55,376,441,778
61,54,265,228,470,565,778
23,27,77,70,384,442,778
174,173,203,224,499,548,778
31,31,158,102,399,469,778
39,38,59,72,382,434,778
38,38,107,121,425,454,778
35,35,88,81,375,401,778
540,499,526,493,582,642,778
194,156,670,632,327,361,779
48,25,45,55,345,420,779
46,22,44,66,405,435,779
26,22,94,74,369,430,779
86,76,301,260,502,580,779
27,29,76,57,337,438,779
34,32,144,119,418,511,779
51,51,166,161,450,507,779
16,22,53,61,252,320,779
88,81,216,217,458,540,780
48,27,131,67,382,389,780
76,50,105,112,405,452,780
110,75,70,61,382,485,780
41,27,107,71,399,481,780
29,28,138,127,393,449,780
18,24,103,107,379,437,780
27,28,84,101,423,460,781
21,22,82,76,415,389,781
45,46,85,71,414,466,781
165,151,356,338,532,590,781
42,43,107,95,395,470,781
53,52,109,120,391,492,781
38,38,105,101,260,430,781
179,164,258,235,517,575,782
219,203,424,408,522,594,782
37,42,59,76,338,442,782
44,50,183,170,414,492,782
90,77,269,189,483,541,782
180,172,281,247,464,531,782
44,40,66,79,350,424,782
55,32,73,80,385,460,782
107,72,145,133,436,505,782
43,21,61,49,320,383,782
54,25,64,74,354,414,782
272,157,632,503,585,639,782
218,104,320,167,528,593,782
29,20,62,77,355,438,783
49,33,39,52,307,416,783
45,33,213,149,394,351,783
64,39,237,123,470,542,783
84,81,195,175,451,489,783
42,38,96,81,373,457,783
51,46,225,196,473,537,783
227,192,239,244,511,583,783
48,35,136,140,518,349,784
36,24,65,47,244,393,784
23,23,82,63,300,417,784
33,33,67,72,347,439,784
31,35,127,113,389,448,784
25,26,148,91,435,497,784
50,46,165,166,492,551,784
121,154,282,248,502,571,784
15,40,160,123,435,505,784
8,21,65,75,353,387,785
87,101,189,200,437,511,785
19,34,78,78,329,440,785
216,225,383,363,544,624,785
17,42,148,130,385,476,785
16,36,81,76,423,465,785
110,135,227,239,462,513,785
49,65,140,145,455,510,786
19,20,135,137,439,517,786
24,28,96,101,413,439,786
209,188,269,269,508,565,786
42,25,52,47,254,377,786
33,37,112,118,420,495,786
247,197,353,310,568,641,786
48,46,246,229,483,543,786
20,39,107,119,358,470,787
27,34,220,192,403,367,787
9,26,83,82,404,466,787
159,156,314,285,506,577,787
13,20,117,124,400,479,787
50,47,178,185,464,522,787
14,20,65,72,409,468,788
9,21,94,98,364,372,788
34,30,174,120,464,461,788
81,109,191,196,457,506,788
31,45,207,175,472,515,788
41,29,156,149,414,451,788
43,42,92,98,387,450,789
49,50,147,129,413,480,789
107,89,309,264,412,391,789
176,182,347,325,514,572,789
27,32,103,60,300,331,789
20,21,198,118,468,513,789
51,67,157,156,415,491,789
84,100,187,176,459,519,789
27,20,56,62,374,439,789
51,41,113,99,377,477,790
30,23,40,52,369,445,790
96,75,149,138,463,531,790
56,36,178,190,457,531,790
33,25,41,33,346,431,790
37,23,71,64,372,411,790
175,139,301,299,521,603,790
22,25,63,83,370,447,790
40,54,107,100,415,485,790
8,23,106,102,352,455,790
42,55,171,160,412,503,790
162,174,190,173,509,572,790
225,141,276,174,502,524,791
22,24,43,53,400,425,791
90,76,237,191,470,523,791
17,28,107,98,333,397,791
38,49,147,153,399,470,791
13,25,46,60,368,451,791
55,60,76,87,409,429,791
227,223,273,272,429,422,792
36,32,172,76,382,426,792
38,44,220,206,472,537,792
32,30,214,196,459,519,792
48,54,128,119,438,499,792
46,37,133,102,396,474,792
22,28,92,101,403,482,792
9,24,65,69,351,433,793
74,82,217,220,422,496,793
26,36,117,129,365,488,793
724,712,625,616,520,580,793
10,20,56,63,279,431,793
58,67,134,135,386,484,793
81,70,208,201,484,557,793
24,22,161,155,274,339,793
28,44,116,139,364,470,794
13,21,157,166,436,476,794
13,23,143,111,404,459,794
26,29,206,202,460,513,794
14,26,106,96,284,421,794
38,38,44,49,408,455,794
50,33,131,129,351,466,794
33,30,148,95,375,447,795
137,133,319,271,540,590,795
19,32,79,88,425,437,795
33,20,80,76,219,379,796
637,566,334,307,575,652,796
57,44,162,75,385,460,796
37,35,91,81,357,445,796
42,34,155,113,419,497,796
49,46,140,137,423,496,796
14,24,66,82,309,414,796
220,204,283,245,549,625,796
69,62,107,110,438,497,797
169,123,518,404,557,630,797
181,101,156,138,484,544,797
87,50,148,127,453,528,797
39,25,72,67,356,462,797
21,21,43,64,356,413,797
44,28,67,61,430,460,797
30,31,92,70,364,440,797
14,24,87,72,313,432,797
17,23,171,147,438,482,798
18,24,103,88,375,413,798
27,30,104,67,444,487,798
91,88,122,117,450,523,798
29,30,106,89,401,446,798
109,101,90,102,457,508,798
68,51,167,162,416,481,798
101,69,295,266,502,583,798
73,60,198,165,443,519,798
25,23,102,99,397,467,799
23,26,126,91,389,448,799
57,55,139,85,440,488,799
99,91,279,264,510,566,799
24,23,100,52,349,435,799
45,44,166,177,458,508,799
204,172,426,368,531,594,799
205,208,268,279,494,559,799
30,38,198,185,483,517,799
131,98,159,150,474,525,799
44,24,58,51,322,425,799
88,58,144,153,370,379,799
51,28,64,59,325,419,799
40,26,67,53,373,461,799
55,25,68,80,369,420,799
52,25,60,66,219,422,800
46,25,31,42,355,377,800
43,27,128,96,427,486,800
37,30,86,96,404,445,800
131,93,192,162,421,495,800
51,58,128,146,454,501,800
217,204,478,450,483,511,800
38,32,97,110,426,469,800
48,22,255,203,454,495,801
43,28,94,100,406,446,801
75,59,228,190,493,532,801
54,45,180,166,460,527,801
67,59,71,90,421,470,801
41,34,203,196,420,501,801
17,20,105,105,397,414,801
29,36,172,174,391,463,801
24,20,125,105,349,369,801
46,57,96,104,438,500,802
29,40,92,103,417,439,802
86,71,157,103,523,591,802
34,21,58,67,376,408,802
73,33,135,77,395,371,802
75,78,277,269,518,574,802
120,97,431,240,442,386,802
27,23,156,136,385,434,802
37,40,115,108,383,463,803
18,23,104,91,430,474,803
19,28,67,74,354,430,803
43,48,58,70,365,439,803
44,43,138,148,439,481,803
52,43,59,70,339,447,803
47,32,98,78,388,413,803
58,33,102,101,403,452,803
42,23,55,66,405,401,803
24,25,103,73,405,459,803
53,59,100,104,393,501,804
24,21,119,79,396,463,804
29,35,88,100,399,440,804
29,30,41,46,410,493,804
17,22,117,103,427,469,804
41,26,71,50,390,430,804
44,29,93,83,342,435,804
16,22,50,66,346,421,805
267,243,576,486,580,643,805
76,78,219,191,445,514,805
30,34,76,85,366,434,805
37,30,141,125,403,478,805
21,20,58,73,314,376,805
18,23,80,84,404,439,805
34,29,126,93,387,461,805
39,35,115,128,377,472,805
35,36,96,79,398,420,805
27,28,68,52,421,417,805
38,37,129,129,473,529,805
30,37,40,43,450,448,805
62,59,201,198,453,539,805
91,72,158,144,456,503,805
44,23,110,115,368,473,805
61,36,62,73,390,475,805
55,32,95,99,370,465,806
83,51,190,134,469,538,806
41,24,101,101,396,462,806
50,35,116,118,313,443,806
297,261,349,250,543,623,806
13,22,59,77,363,389,806
131,110,211,147,479,528,806
26,30,100,101,443,469,806
41,32,95,102,389,463,806
66,58,223,205,492,523,806
40,20,94,102,328,394,807
49,26,60,56,353,402,807
53,31,71,77,390,447,807
226,191,173,184,493,568,807
47,26,59,70,355,420,807
43,32,32,46,411,449,807
16,22,112,119,364,433,807
22,22,94,88,382,437,807
49,28,27,44,254,416,808
50,39,55,59,391,441,808
40,25,88,71,315,443,808
40,41,158,157,416,516,808
119,111,160,150,473,542,808
45,45,32,37,430,477,809
36,27,65,67,312,429,809
49,28,84,96,386,401,809
46,23,83,71,361,454,809
323,270,219,157,453,386,809
51,32,78,88,290,432,809
78,49,112,99,288,371,809
57,34,186,179,438,493,809
38,22,77,67,423,456,809
26,22,38,53,352,383,810
39,27,100,83,374,440,810
34,27,92,88,381,400,810
325,261,508,460,545,629,810
21,27,76,69,341,415,810
45,46,130,124,412,489,810
330,204,167,95,360,366,810
105,68,185,164,502,521,810
44,20,59,60,366,389,810
100,77,512,395,581,637,811
271,253,429,409,539,614,811
49,49,132,113,436,490,811
36,21,30,33,325,413,812
13,20,93,84,373,445,812
20,22,79,71,313,399,812
116,108,319,298,502,571,812
60,60,138,125,442,495,812
253,251,415,401,533,588,812
22,34,57,63,369,442,812
30,33,263,205,492,544,812
51,31,108,100,379,467,813
127,96,222,233,455,526,813
81,50,164,150,429,488,813
38,21,109,89,418,460,813
35,40,91,85,388,434,813
29,31,141,135,441,511,813
159,144,235,219,501,564,814
53,34,41,35,414,462,814
350,284,383,368,420,422,814
68,47,96,86,431,488,814
202,174,150,152,449,548,814
89,55,158,122,439,479,814
84,55,175,150,478,532,814
38,35,55,66,320,403,814
29,30,108,93,391,422,815
238,224,376,339,536,590,815
354,256,204,148,437,507,815
32,35,176,173,452,492,815
46,52,72,85,428,485,815
32,26,128,128,392,469,815
21,26,60,70,305,361,815
42,44,97,101,412,458,815
144,140,268,245,511,563,815
39,22,134,77,376,461,816
21,20,136,76,406,492,816
58,59,197,194,410,466,816
65,56,114,103,373,433,816
143,140,207,206,465,519,816
75,40,114,91,387,460,817
52,22,83,65,347,437,817
326,270,330,274,527,609,817
61,44,186,168,446,536,817
91,64,104,101,377,474,817
60,43,98,85,344,379,817
17,20,96,93,342,424,817
197,192,314,312,429,527,817
46,51,172,173,444,500,817
34,38,113,125,393,466,817
52,46,105,96,404,493,818
55,27,150,93,410,491,818
772,640,403,363,538,556,818
30,23,82,87,410,464,818
33,20,60,69,300,384,818
424,398,501,452,436,370,818
53,39,66,71,389,450,818
139,127,235,250,482,533,818
39,34,156,157,448,482,819
12,23,109,121,351,429,819
19,27,67,83,193,425,819
87,69,230,149,479,529,819
31,43,129,128,415,467,819
63,51,232,214,480,538,819
521,490,463,425,572,640,819
248,230,301,284,518,577,820
24,26,87,97,355,450,820
55,48,205,154,458,524,820
39,24,152,94,449,495,820
24,26,62,62,267,379,820
22,22,28,44,139,381,820
413,369,166,153,535,589,820
65,35,89,83,397,439,820
96,60,141,157,474,513,820
41,21,57,57,331,411,820
58,38,60,53,352,395,820
109,76,332,320,552,617,820
135,111,177,114,479,528,821
73,50,227,167,470,561,821
68,73,168,178,430,499,821
18,24,69,83,303,441,821
31,27,228,208,503,571,821
31,31,118,126,441,499,821
40,33,112,87,409,458,821
25,32,63,71,411,414,821
18,23,76,72,345,417,821
19,22,104,106,414,488,821
80,55,519,407,550,628,821
37,34,263,192,457,521,821
195,175,319,300,524,588,821
41,35,107,99,398,453,821
45,34,85,95,382,454,821
33,23,101,101,413,470,822
34,20,101,97,310,430,822
69,68,141,119,466,517,822
15,20,48,67,384,423,822
83,79,92,86,320,416,822
44,29,132,91,425,425,822
43,27,66,63,417,443,822
26,26,59,69,284,406,822
25,20,57,71,426,468,822
18,20,96,57,179,378,822
41,34,189,181,430,496,823
23,20,133,104,415,499,823
109,91,217,193,429,514,823
165,101,335,261,519,580,823
45,54,101,98,411,468,823
20,27,85,82,397,440,823
61,65,142,153,422,479,823
36,35,73,69,335,446,823
17,26,62,77,359,393,823
37,42,132,125,383,494,823
29,36,150,120,445,461,823
33,28,176,117,455,491,823
267,182,556,464,581,673,824
49,28,71,75,369,435,824
50,31,57,71,238,409,824
92,63,102,101,392,472,824
37,26,121,123,416,475,824
90,67,395,327,518,587,824
372,273,99,70,354,373,824
17,22,136,132,414,479,825
16,21,87,81,175,427,825
44,44,94,100,374,451,825
261,251,362,337,504,573,825
31,35,60,50,309,412,825
21,23,83,74,348,427,825
20,24,71,74,280,435,825
67,64,106,106,546,620,825
45,24,63,74,349,435,825
24,20,74,79,311,445,825
18,21,115,119,451,491,825
61,64,192,188,463,519,826
101,95,341,312,508,562,826
63,57,101,72,427,485,826
761,702,687,560,586,652,826
36,22,90,76,380,474,826
95,75,160,157,480,532,826
61,51,74,66,392,449,826
41,32,134,109,431,490,827
33,22,71,80,375,430,827
107,107,180,191,470,520,827
20,20,86,79,407,456,827
19,20,43,28,329,405,827
24,24,67,72,223,385,827
59,33,105,111,368,459,827
120,82,321,316,506,573,827
53,31,122,91,393,424,827
210,158,68,74,260,328,827
117,75,242,230,478,555,828
353,257,583,512,582,656,828
122,87,139,136,404,512,828
42,20,44,50,356,388,828
53,30,82,78,381,478,828
45,50,105,117,381,481,828
47,50,255,220,473,538,828
31,29,82,85,412,452,828
17,25,36,47,385,421,828
74,77,159,157,445,507,828
298,199,302,191,592,449,828
68,67,171,176,445,473,829
162,137,157,182,458,540,829
38,27,46,46,393,441,829
90,59,277,260,491,565,829
33,22,68,78,374,436,829
65,49,162,153,436,531,829
58,56,141,155,426,485,829
47,47,101,109,411,441,829
189,136,203,157,476,521,829
18,24,114,107,372,445,829
20,25,101,99,412,481,829
177,174,268,265,474,554,829
54,47,275,233,496,566,830
33,37,61,82,420,491,830
30,31,85,101,390,466,830
33,28,121,88,456,506,830
32,25,56,58,297,434,830
86,51,101,103,436,522,830
62,33,96,86,414,449,830
112,84,406,368,485,464,830
116,91,235,237,477,553,830
32,29,192,174,468,512,830
211,202,175,167,461,542,830
21,22,94,72,419,410,831
105,83,448,348,532,620,831
32,33,64,83,270,436,831
58,42,86,76,381,454,831
91,59,133,127,460,521,831
78,40,117,96,442,505,831
120,79,260,223,515,569,831
58,23,113,75,408,488,831
728,650,703,575,604,651,831
39,20,100,69,372,424,831
65,39,78,84,420,489,831
45,26,86,99,327,405,831
88,70,153,160,428,493,831
38,28,61,67,385,393,831
63,59,179,157,406,480,832
30,30,96,72,410,468,832
95,97,192,187,457,521,832
25,24,174,170,476,500,832
21,22,72,68,431,491,833
292,198,121,80,349,338,833
23,25,188,173,475,528,833
25,25,78,45,387,412,833
30,28,94,75,352,422,833
204,192,385,358,518,582,833
35,36,129,114,421,521,833
85,72,398,328,539,605,833
68,64,155,119,421,506,833
52,41,124,127,424,485,833
28,21,32,38,393,443,833
56,33,112,106,388,449,833
76,45,81,75,473,569,834
61,35,99,92,433,481,834
107,61,213,204,526,591,834
289,249,210,148,516,555,834
265,211,384,343,553,625,834
100,100,110,114,459,513,834
331,228,88,70,393,375,834
70,47,228,169,487,539,835
96,88,98,104,402,459,835
75,41,77,68,381,415,835
86,53,107,91,344,427,835
70,37,106,74,409,461,835
71,41,163,144,493,550,835
41,24,59,68,369,445,835
127,102,178,171,488,542,835
64,34,218,202,488,545,835
64,43,138,140,392,469,835
98,27,230,162,438,491,835
321,246,719,569,531,499,835
27,21,58,51,404,456,835
46,33,225,177,413,440,835
475,383,59,66,411,379,835
34,38,132,149,438,485,835
197,180,340,305,531,596,836
48,40,136,89,465,529,836
28,30,127,131,427,475,836
15,20,52,60,396,459,836
31,20,45,44,328,384,836
62,44,113,116,410,473,836
44,24,127,132,384,447,836
145,128,191,170,453,531,836
61,43,115,87,403,470,836
73,44,142,123,472,520,836
69,48,203,176,420,505,836
136,107,185,129,404,389,836
699,591,562,471,468,469,837
15,21,108,108,418,437,837
24,20,143,88,386,438,837
68,29,96,43,233,332,837
137,88,258,199,509,566,838
68,39,71,89,462,517,838
42,30,57,68,338,418,838
25,21,157,98,420,477,838
37,32,130,72,444,487,838
178,157,256,171,491,545,838
14,22,84,100,376,453,838
50,30,317,130,502,568,838
128,122,80,100,456,511,838
289,204,627,496,494,352,838
38,22,128,91,413,477,838
40,26,66,88,389,440,839
53,26,63,53,343,416,839
126,76,284,257,344,464,839
100,72,166,159,440,516,839
38,44,124,113,434,477,839
61,64,74,94,326,446,839
80,55,61,69,363,451,840
38,21,39,51,148,383,840
74,44,107,111,398,470,840
28,21,104,91,343,416,840
44,24,107,115,412,453,840
265,238,212,208,431,429,840
37,24,101,105,423,477,840
29,34,94,94,391,449,840
22,24,149,117,445,508,840
26,29,90,79,427,507,840
28,28,37,50,413,433,840
31,31,75,90,379,454,840
16,21,45,43,371,389,840
62,61,98,111,428,483,840
93,73,80,96,493,552,841
32,24,33,56,372,438,841
33,20,38,43,372,437,841
49,34,186,173,441,519,841
53,27,102,104,391,458,841
41,20,78,65,392,420,841
50,24,113,98,397,450,841
114,86,250,227,486,549,841
49,24,58,78,325,387,841
65,39,90,91,397,492,841
43,25,69,75,304,390,841
74,83,116,126,451,497,842
82,77,171,167,463,534,842
660,578,586,520,596,663,842
19,24,128,134,409,457,842
22,25,142,117,458,480,842
582,464,844,669,583,352,842
81,73,175,119,471,543,842
27,27,125,121,422,480,842
226,191,199,179,515,572,842
50,33,123,131,379,464,842
44,30,140,139,412,496,842
72,36,112,88,363,438,842
149,150,308,285,478,535,843
22,29,153,154,405,485,843
24,27,75,78,373,416,843
196,183,420,390,566,603,843
23,29,74,69,414,422,843
39,22,57,74,349,435,843
162,127,247,238,458,512,843
54,37,124,117,370,453,844
37,32,94,72,401,486,844
34,22,176,161,491,536,844
176,131,442,287,570,645,844
52,39,138,94,233,345,844
48,31,63,56,422,463,844
84,68,152,142,408,502,844
30,24,60,60,365,427,844
92,100,224,224,475,538,844
36,32,119,83,417,467,844
63,58,130,120,356,467,844
49,28,89,86,391,438,844
70,44,111,117,359,435,844
40,21,99,82,370,433,845
55,28,80,91,340,435,845
52,26,44,40,325,392,845
165,96,352,244,514,570,845
58,29,69,67,385,419,845
24,24,107,119,416,466,845
23,21,48,44,379,447,845
81,65,108,123,409,459,845
61,67,201,182,482,546,845
97,95,180,167,491,536,845
29,32,51,54,350,403,845
259,236,601,553,571,631,846
34,27,59,33,327,443,846
48,21,118,105,441,499,846
108,78,112,108,398,471,846
98,74,297,273,503,556,846
118,57,166,106,436,503,846
89,77,414,345,534,599,847
133,117,465,389,487,556,847
34,39,177,162,441,494,847
97,95,148,122,442,526,847
58,26,160,100,438,480,847
259,198,552,480,564,631,847
46,24,61,61,388,407,847
101,65,307,276,463,493,847
73,51,227,225,535,596,847
108,95,127,142,430,515,847
35,21,112,60,313,449,848
61,38,83,63,343,440,848
26,20,42,56,370,425,848
28,24,135,119,410,430,848
32,39,109,104,395,468,848
64,58,112,128,423,452,848
25,20,82,95,337,435,848
75,37,169,143,445,502,848
287,236,244,246,492,573,848
72,44,171,158,371,455,848
45,23,48,44,329,343,849
54,24,73,65,365,421,849
107,68,84,54,406,497,849
81,59,150,143,440,524,849
231,124,230,122,412,410,849
18,26,174,176,404,469,849
13,21,73,66,425,458,849
19,25,171,158,481,536,849
87,58,187,176,440,513,849
79,69,106,106,423,454,849
39,28,59,44,398,405,849
36,20,42,52,390,396,849
43,23,107,88,286,454,850
87,58,147,119,450,496,850
106,67,291,194,497,571,850
33,30,230,161,453,509,850
60,55,246,221,506,539,850
32,27,168,158,463,535,850
78,63,159,102,428,503,850
84,79,127,118,442,511,850
61,72,173,189,441,489,850
22,21,242,203,475,522,850
323,230,123,125,382,352,850
27,25,107,84,400,459,850
44,41,154,157,445,506,850
151,132,215,185,459,541,851
403,372,360,328,521,579,851
87,63,102,121,402,490,851
49,27,112,88,318,466,851
157,118,121,112,430,502,851
48,22,46,49,369,419,851
413,250,210,148,334,359,851
48,21,76,64,345,427,851
80,61,220,189,438,517,851
93,78,140,150,428,492,851
41,23,130,66,433,447,851
31,21,103,93,377,430,851
36,30,82,99,397,395,851
115,53,266,144,512,581,851
40,24,83,69,417,416,852
80,64,103,86,409,491,852
60,30,67,64,357,410,852
55,25,57,50,375,386,852
90,56,93,68,392,421,852
60,30,142,134,411,496,852
95,63,65,54,449,499,852
186,139,357,317,518,586,852
51,29,165,166,449,507,852
65,38,69,60,397,460,852
48,24,62,73,349,419,852
156,101,218,176,462,510,852
38,24,87,82,367,417,852
115,90,98,97,436,521,852
35,26,104,101,360,396,852
35,26,55,60,377,399,852
162,158,204,208,488,562,853
100,95,100,117,458,514,853
27,23,103,105,309,449,853
549,518,163,175,537,609,853
69,48,159,147,434,491,853
38,23,36,43,349,399,853
39,24,126,116,382,439,853
36,22,69,59,351,375,853
97,76,174,180,430,515,853
94,73,117,129,331,329,853
102,87,108,112,427,499,853
36,27,47,61,333,406,854
45,38,74,75,313,404,854
161,129,620,514,567,636,854
20,22,75,50,215,347,854
267,204,136,95,428,388,854
161,157,246,240,528,574,854
126,134,298,279,508,583,854
14,26,99,95,367,448,854
49,28,71,87,333,423,854
174,130,391,341,526,597,854
45,25,45,49,396,411,855
39,22,26,37,346,385,855
100,64,167,116,418,420,855
40,27,93,92,390,464,855
128,105,191,187,470,549,855
63,49,78,94,417,470,855
37,24,86,90,411,446,855
28,24,37,41,339,370,855
67,54,172,92,447,521,855
543,469,856,673,625,689,855
581,532,215,191,420,380,855
434,380,533,498,567,627,855
120,83,327,235,496,554,855
66,47,159,167,415,507,855
47,31,116,124,441,481,855
179,127,489,409,563,630,855
44,25,104,100,429,468,855
69,44,101,110,388,433,855
82,60,128,105,401,493,856
45,33,80,77,392,452,856
20,25,74,92,333,468,856
83,61,106,104,365,458,856
34,20,84,52,153,341,856
549,502,673,632,589,663,856
39,45,159,151,480,559,856
30,38,280,239,502,561,856
19,20,199,162,452,503,856
12,24,78,75,375,423,857
354,281,759,657,457,346,857
33,23,129,119,454,504,857
152,142,83,84,447,526,857
78,63,170,173,470,526,857
39,32,37,57,406,454,857
41,35,50,50,355,342,857
62,64,105,110,416,478,857
17,30,105,101,396,422,858
52,58,72,85,460,472,858
35,32,125,95,360,475,858
59,49,347,281,510,585,858
49,52,102,110,375,481,858
54,37,135,99,484,540,858
54,34,143,94,406,455,858
112,97,150,142,467,530,858
41,30,77,86,385,436,858
49,27,130,86,411,447,858
46,29,105,109,351,441,858
38,21,78,87,390,459,858
106,56,222,141,428,519,858
48,24,80,67,366,436,858
56,38,72,86,407,484,858
56,31,148,128,405,488,858
77,49,104,93,423,475,858
47,29,56,66,327,454,858
34,28,93,107,411,474,858
30,20,90,77,336,443,859
38,30,93,93,410,444,859
85,66,138,118,494,561,859
26,23,141,121,351,422,859
65,58,224,207,475,523,859
187,174,195,167,525,585,859
174,98,162,104,381,450,859
60,38,251,165,495,536,859
118,64,774,489,587,654,859
33,21,85,80,329,461,859
42,27,101,88,360,409,859
39,24,74,58,199,432,859
118,80,295,237,546,593,859
149,123,232,237,492,561,859
191,168,201,186,463,527,860
35,29,65,68,246,440,860
184,136,320,203,533,582,860
75,80,190,157,438,526,860
29,34,31,41,388,463,860
44,39,77,91,320,412,860
52,40,71,84,402,455,860
31,25,66,66,341,401,861
50,31,238,226,490,537,861
157,133,193,153,431,474,861
69,60,80,99,411,496,861
25,21,53,54,373,408,861
48,52,119,126,468,533,861
36,27,82,81,359,427,861
46,42,159,137,454,509,861
47,31,143,71,458,502,861
104,70,245,192,460,530,861
60,41,130,118,423,489,862
73,50,157,130,437,511,862
78,66,210,211,517,587,862
36,23,78,88,388,459,862
28,20,57,73,283,392,862
57,47,86,82,375,460,862
68,57,107,102,442,479,862
25,22,68,79,373,408,862
20,22,86,60,394,432,862
452,377,419,371,590,656,863
32,24,77,86,383,470,863
45,31,57,62,339,404,863
35,20,107,103,361,431,863
73,49,252,211,470,537,863
93,97,115,116,461,502,863
23,27,141,84,437,496,863
196,147,511,292,528,581,864
161,93,238,123,494,567,864
44,59,135,114,443,455,864
23,45,74,73,397,468,864
21,21,71,68,343,422,864
15,22,108,114,396,455,864
269,214,640,557,577,657,864
52,44,144,132,400,486,864
24,20,81,83,406,428,864
37,20,130,122,453,477,864
48,31,35,42,356,425,864
15,24,49,49,371,423,865
82,92,160,160,425,512,865
33,43,135,107,416,465,865
38,35,98,96,336,451,865
159,143,244,259,436,517,865
32,23,249,207,499,541,865
64,49,89,53,433,487,865
46,33,148,127,439,499,865
57,45,67,84,352,465,865
73,50,64,85,351,442,865
44,26,89,86,375,438,865
77,51,127,100,398,494,865
140,107,184,144,476,526,865
120,90,254,242,522,562,866
43,26,72,62,344,440,866
66,33,391,325,539,600,866
99,87,151,151,448,521,866
89,79,346,307,497,580,866
23,23,110,65,405,481,866
25,24,234,195,403,367,866
93,70,168,108,471,522,866
27,26,77,80,370,403,866
38,23,57,40,315,393,866
187,156,235,196,289,336,866
44,30,77,76,308,431,866
259,250,254,247,472,554,867
36,30,103,104,427,488,867
38,24,71,79,416,443,867
159,121,249,223,523,589,867
43,38,64,60,415,482,867
35,33,235,194,471,512,867
68,60,142,142,407,480,867
50,35,111,93,375,428,867
60,45,168,148,418,374,867
18,44,121,120,417,453,867
9,21,64,80,412,429,867
50,48,255,238,485,535,867
616,525,808,655,623,695,868
63,46,50,67,378,377,868
38,30,74,71,372,423,868
69,48,105,78,341,454,868
60,38,113,113,429,475,868
41,24,100,85,293,410,868
165,135,175,178,438,530,868
44,31,108,103,318,429,868
48,31,123,114,351,440,868
177,147,172,157,455,543,868
39,23,63,56,382,447,868
41,38,74,71,383,475,868
49,35,240,202,400,413,868
79,63,133,129,429,476,869
30,22,84,91,349,396,869
53,42,129,118,406,461,869
197,172,254,245,470,537,869
59,50,77,78,420,455,869
88,62,123,120,445,494,869
36,21,135,124,338,433,869
41,24,159,138,418,492,869
22,20,48,56,225,335,870
198,182,242,222,463,546,870
45,37,104,97,389,501,870
271,225,429,306,630,686,870
36,29,105,101,374,441,870
36,31,128,103,386,454,870
45,35,123,119,368,458,870
59,41,151,100,437,457,870
44,30,61,48,396,426,870
110,91,217,138,422,497,871
11,23,99,94,425,432,871
13,31,92,104,380,464,871
392,310,76,67,377,410,871
25,23,178,174,431,507,871
525,430,677,626,621,684,871
50,40,185,187,404,470,871
48,23,115,80,356,426,871
76,60,131,145,400,463,871
35,20,70,86,347,424,872
35,20,80,63,385,447,872
69,58,95,85,483,567,872
31,24,80,90,429,502,872
24,22,75,73,317,416,872
57,45,80,70,340,392,872
41,30,99,60,211,344,872
34,25,101,109,448,496,872
39,25,83,58,429,463,872
229,192,275,249,518,578,873
38,31,72,82,395,421,873
37,23,70,58,335,435,873
54,25,154,81,489,553,873
163,137,230,203,452,516,873
49,32,88,96,375,430,873
45,29,67,69,381,444,873
47,39,94,91,436,479,873
70,72,70,64,441,509,873
107,105,237,178,459,551,874
201,210,167,111,428,490,874
21,21,112,93,411,444,874
139,134,314,294,490,556,874
26,20,69,81,278,321,874
140,126,199,167,454,504,874
43,33,107,83,420,481,874
107,91,169,169,439,530,874
46,31,56,58,405,410,874
136,99,232,162,568,595,874
25,20,62,62,287,398,874
21,20,116,91,413,452,874
12,23,46,52,392,440,875
42,36,136,119,424,467,875
27,21,68,62,223,424,875
154,141,155,154,361,430,875
45,23,169,100,413,462,875
49,32,100,70,409,474,875
73,53,184,171,474,559,875
312,271,407,372,515,596,875
286,159,345,209,531,591,875
45,32,104,102,354,429,876
36,29,70,61,299,320,876
32,25,181,143,471,523,876
100,81,247,229,487,562,876
470,439,245,237,541,604,876
36,23,83,68,324,437,876
34,25,44,58,345,410,876
47,60,176,176,453,517,877
43,42,94,109,341,480,877
28,28,30,36,376,414,877
50,48,306,209,516,568,877
24,24,63,68,389,438,877
44,34,78,69,393,441,878
35,31,78,87,384,428,878
59,45,189,176,427,496,878
23,25,79,77,368,435,878
144,133,298,244,432,478,878
39,36,109,110,397,460,878
64,49,195,191,443,522,878
87,75,134,121,430,488,878
34,30,42,51,399,419,879
174,148,405,361,507,573,879
91,84,88,100,406,468,879
54,42,163,152,410,476,879
78,61,129,115,407,475,879
97,68,194,180,500,567,879
44,29,84,84,380,447,879
36,22,38,51,363,375,879
233,172,466,403,566,642,879
44,30,74,71,368,388,879
72,65,119,107,425,469,879
34,23,171,90,402,472,879
28,29,61,58,339,418,879
50,39,142,139,411,492,879
85,83,114,116,387,452,880
89,59,559,385,549,618,880
61,53,114,134,403,490,880
329,231,757,594,610,687,880
42,37,65,68,360,443,880
34,27,65,71,342,409,880
41,29,92,71,373,413,880
98,80,133,127,411,488,880
146,103,382,315,571,640,880
45,42,94,80,414,461,880
38,25,140,106,418,484,880
43,46,156,131,448,519,881
216,232,272,269,524,576,881
23,28,66,69,338,445,881
20,21,31,30,327,384,881
41,38,124,87,426,494,881
150,145,146,144,472,528,881
34,25,46,65,369,437,881
42,30,40,54,346,435,881
93,81,172,158,400,487,881
37,26,80,76,300,432,881
105,86,225,207,467,519,882
107,93,232,210,494,584,882
250,206,472,429,538,592,882
35,23,70,63,335,432,882
50,40,82,69,453,468,882
50,44,57,81,355,442,882
163,125,288,197,537,609,882
48,48,78,46,281,384,882
30,24,81,80,364,430,882
38,20,89,47,366,407,882
413,344,430,382,596,659,883
508,441,438,347,447,419,883
34,21,138,126,394,456,883
52,39,38,50,436,480,883
246,230,321,275,513,584,883
169,128,451,367,542,597,883
26,21,84,89,356,451,883
151,104,466,398,545,626,883
46,34,99,105,179,342,883
62,57,256,238,502,540,883
32,21,110,86,395,468,883
73,66,114,98,355,350,883
29,26,87,72,365,454,883
111,92,193,176,453,504,884
28,31,47,57,217,432,884
192,164,326,315,509,581,884
63,52,106,108,413,476,884
19,37,134,134,431,471,884
19,34,128,104,445,474,884
31,44,79,92,395,459,884
14,36,162,152,441,506,885
25,22,89,95,457,493,885
35,23,139,137,414,464,885
50,42,121,123,421,454,885
21,20,100,102,375,438,885
35,38,115,98,399,473,886
153,133,333,295,531,601,886
67,59,190,130,364,445,886
377,351,578,548,609,677,886
105,83,88,110,455,531,886
73,61,121,133,422,509,886
36,21,129,123,419,438,886
60,42,178,178,438,520,886
55,38,89,102,408,488,886
37,22,30,49,239,394,886
32,21,109,89,330,373,886
43,34,127,118,379,470,886
34,24,76,70,358,443,887
16,20,90,66,418,447,887
47,50,80,78,400,454,887
8,23,56,26,344,442,887
127,115,314,265,518,575,887
111,111,181,173,437,502,887
84,75,76,70,468,529,887
57,48,164,146,440,493,887
53,30,105,66,337,449,887
38,29,49,63,412,437,887
39,22,81,68,346,457,888
33,23,47,59,353,413,888
63,45,82,91,411,486,888
28,20,69,78,369,431,888
61,53,64,54,374,444,888
40,36,109,117,391,467,888
241,191,198,104,420,422,888
295,298,272,262,544,618,888
21,40,137,135,446,473,888
354,336,697,616,594,653,888
37,52,215,183,446,515,888
22,22,49,55,280,444,888
40,40,91,76,418,453,888
62,44,108,127,443,501,889
45,31,63,70,325,423,889
236,175,741,639,604,677,889
26,23,116,115,393,461,889
53,57,72,64,435,511,889
22,25,73,81,367,390,890
51,32,89,72,343,421,890
89,73,46,60,378,461,890
93,71,98,114,442,518,890
100,79,135,128,406,486,890
176,150,163,160,450,513,890
39,24,171,136,398,429,890
55,37,82,57,381,406,890
118,97,93,109,470,530,890
77,59,126,117,398,449,890
26,21,54,58,318,405,890
39,30,95,88,357,355,890
58,48,107,101,478,533,890
202,186,388,377,541,607,890
56,50,190,162,482,552,891
41,34,221,194,490,557,891
148,127,183,176,396,517,891
39,30,79,71,362,449,891
58,42,83,87,379,442,891
27,26,70,75,391,460,891
72,73,108,121,434,466,892
29,37,96,92,392,457,892
54,48,223,188,438,511,892
147,129,290,281,525,596,892
93,89,123,122,452,518,892
277,210,156,135,396,422,892
41,25,250,157,454,508,892
18,20,45,61,381,443,892
35,28,93,69,362,407,892
34,23,83,97,372,427,892
77,59,179,143,438,497,892
375,353,344,336,454,509,893
172,161,197,203,460,524,893
38,29,84,99,380,462,893
31,22,95,94,413,466,893
32,25,56,58,400,431,893
28,23,56,67,345,446,893
67,50,99,100,441,492,893
240,150,352,182,530,589,893
65,53,98,100,369,460,894
157,137,93,94,463,515,894
63,46,133,128,400,443,894
32,20,117,84,307,428,894
21,30,164,160,402,462,894
17,30,117,99,394,417,894
308,301,442,446,522,593,894
34,47,85,92,419,502,894
10,23,67,74,373,413,894
65,64,159,159,447,546,894
289,218,783,617,605,664,894
27,26,101,74,452,489,894
24,24,104,99,434,439,894
40,37,116,129,376,483,894
34,26,52,69,357,416,895
42,31,102,100,339,451,895
268,208,876,669,601,672,895
39,37,128,124,452,529,895
20,22,87,81,413,422,895
159,143,234,237,516,593,895
19,20,68,76,319,411,895
720,573,178,84,396,417,896
37,34,54,68,386,417,896
45,39,88,94,386,462,896
333,298,435,331,531,591,896
141,130,340,300,504,562,896
133,112,203,178,453,509,896
64,58,101,110,402,474,896
54,39,85,80,356,324,896
697,611,307,245,466,396,896
125,104,136,132,427,495,896
203,174,365,345,504,574,896
131,85,268,147,442,449,896
48,38,97,117,414,474,896
231,206,324,305,538,601,897
32,29,78,76,241,402,897
20,24,62,65,350,416,897
25,26,49,72,363,440,897
70,65,134,105,450,498,897
36,35,199,188,387,490,897
49,46,52,57,338,435,897
132,110,266,243,437,474,897
37,26,67,60,302,396,897
79,54,425,296,502,515,897
27,20,91,76,422,428,897
51,34,238,207,442,509,897
62,49,73,86,438,477,897
118,105,116,124,463,507,897
74,61,81,77,396,489,897
101,98,76,81,434,505,897
49,50,138,127,489,540,898
98,100,224,211,529,573,898
19,28,80,70,419,465,898
203,190,253,243,500,571,898
51,47,73,61,303,420,898
30,29,93,96,360,409,898
36,33,93,98,402,463,898
61,42,171,128,462,506,898
67,55,104,117,448,511,899
32,22,102,107,369,420,899
128,105,299,280,470,551,899
106,91,75,82,428,512,899
47,44,172,151,440,511,899
24,21,106,95,406,456,899
23,23,112,96,334,443,899
49,53,189,178,423,421,899
73,67,558,439,564,639,899
29,39,145,144,419,489,899
60,49,235,169,418,494,899
32,28,108,87,433,468,899
26,20,47,51,295,419,899
27,21,56,48,378,415,899
311,267,873,692,585,644,900
156,137,155,153,468,535,900
113,91,110,78,444,512,900
22,20,103,79,335,432,900
45,29,113,109,427,479,900
30,23,64,61,330,339,900
67,51,63,83,401,460,900
410,318,480,425,602,675,900
43,30,76,87,405,460,900
188,149,294,256,480,503,900
43,43,60,68,382,451,900
83,68,296,277,511,567,900
181,175,208,213,428,487,900
30,27,68,76,377,433,900
128,121,162,151,436,511,900
85,67,151,128,424,527,901
130,121,25,39,442,521,901
68,57,135,127,468,533,901
261,235,207,202,499,557,901
57,46,127,103,420,419,901
38,28,89,88,400,500,901
32,24,95,71,381,448,901
26,23,112,100,410,470,902
24,31,89,78,319,444,903
36,34,106,120,347,474,903
18,20,130,83,431,427,903
406,316,36,57,390,361,903
31,24,66,74,338,444,903
109,87,196,152,489,536,903
355,205,708,413,579,643,903
93,64,352,307,383,347,903
97,80,187,150,427,469,904
82,63,116,80,185,364,904
101,73,375,322,536,608,904
51,29,207,118,497,529,904
34,25,84,96,351,448,904
18,25,128,89,360,441,904
185,181,197,183,479,518,904
42,48,91,94,407,448,904
23,21,99,107,397,431,904
27,27,43,60,405,452,904
86,75,194,181,441,496,905
34,25,70,67,372,423,905
74,57,128,131,428,498,905
131,105,311,276,542,595,905
93,79,187,189,477,515,905
38,26,95,77,355,418,905
33,23,64,65,340,379,905
61,46,120,138,461,512,905
36,23,98,103,359,447,905
53,36,61,51,290,323,905
49,38,145,149,466,503,905
97,76,270,239,504,550,905
134,119,157,154,448,517,905
25,20,109,105,379,443,905
76,93,223,227,486,536,905
23,38,120,124,436,495,905
15,29,338,286,469,550,905
54,41,159,118,434,491,905
23,22,60,59,399,435,905
392,239,49,39,333,319,905
116,101,309,252,502,569,905
31,26,84,78,351,438,905
301,261,470,413,578,430,906
162,99,437,225,524,552,906
99,76,188,169,436,523,906
38,25,71,88,313,426,906
64,51,122,137,423,487,906
373,323,839,634,628,699,906
24,21,106,93,378,469,906
51,44,101,106,324,466,906
54,46,202,180,443,507,906
35,20,164,112,459,515,906
81,53,213,145,401,341,907
32,20,194,123,439,432,907
238,231,298,278,500,569,907
34,23,59,55,370,434,907
78,60,110,81,416,474,907
244,211,532,471,561,629,907
35,24,98,75,411,467,907
31,21,76,58,273,400,907
107,91,191,185,481,522,907
81,68,252,230,445,517,907
37,38,87,105,363,458,908
36,32,75,82,424,457,908
10,22,57,60,396,442,908
197,187,366,314,542,598,908
36,26,74,68,403,446,908
91,76,130,119,414,513,908
41,37,69,66,365,434,908
29,23,101,94,319,435,908
48,31,122,114,439,539,908
43,44,216,184,412,374,909
67,64,192,165,458,526,909
89,74,152,153,427,490,909
35,25,75,42,366,434,910
33,21,79,74,408,432,910
96,79,29,51,463,536,910
39,39,112,114,376,445,910
27,24,30,51,380,428,910
35,26,100,93,387,443,910
42,21,109,59,358,363,910
40,22,136,106,440,520,910
32,24,43,61,352,386,910
24,23,108,97,386,471,910
46,35,93,104,434,449,911
34,20,79,67,351,428,911
46,32,147,100,463,498,911
34,23,67,47,352,407,911
48,42,111,113,476,531,911
65,52,155,132,385,472,911
22,34,85,95,419,437,911
60,47,228,201,510,577,911
27,24,65,47,369,443,911
19,25,134,143,372,482,911
101,90,215,202,439,533,911
21,21,65,76,356,397,911
78,74,182,194,453,523,911
68,55,111,119,421,501,912
26,20,64,68,363,414,912
38,28,110,105,391,470,912
264,232,333,320,513,571,912
29,22,65,68,351,429,912
350,318,296,283,535,597,912
80,72,154,171,450,530,912
27,28,73,56,385,437,912
27,26,169,98,447,514,913
153,140,171,187,446,532,913
42,30,36,41,329,402,913
55,37,168,158,460,503,913
73,59,158,141,451,507,913
38,24,96,92,348,419,913
37,28,36,47,377,453,913
132,106,350,286,513,589,913
32,27,79,83,368,410,913
65,56,112,125,434,460,913
25,20,52,59,320,407,913
28,26,132,96,389,447,913
131,103,339,282,538,591,913
38,27,64,73,398,417,913
25,20,62,65,343,426,913
33,21,97,109,406,483,913
617,486,688,518,608,675,914
94,80,182,177,440,504,914
113,101,284,228,485,544,914
87,72,122,118,427,523,914
56,27,103,67,377,447,914
105,86,217,192,444,506,914
173,137,317,285,523,594,914
116,81,423,324,522,600,914
46,27,119,87,376,461,914
90,71,42,45,413,501,914
75,56,94,85,433,478,914
28,26,76,87,139,423,915
29,22,92,87,372,437,915
32,30,139,147,362,420,915
51,24,175,124,443,515,915
36,24,61,64,339,377,916
116,94,131,121,469,497,916
30,25,55,68,339,427,916
40,20,193,111,441,473,916
19,21,38,49,297,439,916
22,24,50,55,370,436,916
19,21,69,63,348,445,916
28,21,92,62,270,420,917
55,34,172,98,476,527,917
30,22,121,98,374,481,917
46,43,121,99,388,449,917
30,24,106,83,380,384,917
33,22,71,78,330,430,917
48,41,72,54,356,432,917
31,35,164,135,446,520,917
22,28,72,76,399,475,917
57,60,78,97,426,496,917
27,21,85,81,383,447,917
20,20,61,45,323,348,917
387,351,615,538,574,651,917
163,143,439,387,556,619,917
80,65,156,155,426,493,918
707,594,414,237,494,498,918
129,110,236,226,469,534,918
50,37,139,129,368,470,918
65,52,90,82,399,462,918
35,29,61,63,415,451,918
397,363,330,242,568,554,919
19,26,79,98,408,455,919
70,73,169,161,400,450,919
117,124,190,196,437,510,919
59,59,148,157,446,535,919
83,75,288,244,495,567,919
48,44,100,103,418,480,919
22,21,69,62,339,427,919
157,102,131,100,362,345,919
34,29,145,118,406,434,919
26,20,35,55,286,371,919
57,49,90,84,406,490,919
56,48,38,53,422,456,919
219,145,144,135,419,411,919
30,24,100,94,369,445,919
35,25,74,74,369,436,919
253,205,419,376,559,617,919
60,47,192,182,452,509,919
38,36,151,153,416,429,920
32,28,29,40,377,440,920
63,62,122,105,391,476,920
432,219,428,282,510,517,920
44,34,136,123,349,474,920
55,52,145,109,382,479,920
39,35,110,107,422,478,920
68,58,186,160,465,524,920
92,69,230,211,462,551,920
28,20,84,76,370,457,920
60,42,130,98,416,468,920
47,41,93,101,367,451,920
52,35,148,89,465,507,920
93,69,243,198,412,425,921
64,50,114,106,452,494,921
90,78,115,120,427,502,921
143,92,642,543,576,661,921
50,36,139,119,419,481,921
42,30,50,43,360,435,921
83,67,135,109,434,519,921
174,145,329,304,527,595,921
490,458,356,359,534,608,921
207,190,222,183,369,360,921
63,65,76,83,439,501,921
103,70,493,379,546,613,921
73,77,141,152,399,479,921
108,109,234,235,491,547,921
82,86,109,107,422,494,921
54,32,228,106,496,507,921
25,21,49,49,372,416,921
182,179,188,176,486,515,921
45,22,175,90,417,430,922
88,69,433,351,540,576,922
26,21,62,67,447,451,922
36,27,126,96,383,417,922
27,22,34,47,297,405,922
54,47,59,82,367,444,923
31,25,76,78,369,459,923
61,55,120,121,463,502,923
56,50,42,56,408,448,923
25,23,157,140,452,545,923
80,67,171,172,434,477,923
61,50,192,141,385,481,923
125,92,228,168,491,544,923
32,25,68,77,371,424,923
60,53,94,92,427,485,923
82,45,361,198,490,555,923
16,25,40,45,338,447,923
231,171,896,748,600,664,924
203,188,198,192,510,565,924
38,37,80,94,372,464,924
43,36,71,77,382,421,924
52,36,190,176,396,416,924
62,60,187,179,436,504,925
33,37,71,63,377,451,925
29,32,169,162,448,502,925
108,97,143,150,415,492,925
51,42,120,117,369,462,925
21,21,101,87,282,425,925
122,99,275,254,489,541,925
82,63,137,122,495,562,926
28,22,62,76,364,345,926
23,26,104,84,381,445,926
50,40,286,157,470,547,926
110,96,503,409,542,603,926
43,34,134,143,401,446,926
38,29,91,94,430,500,926
56,37,182,140,463,521,926
80,70,188,181,417,510,927
65,54,71,85,494,571,927
116,83,308,223,507,569,927
30,21,183,168,435,500,927
45,30,177,156,407,497,927
36,26,121,99,409,445,927
75,44,97,70,458,502,927
90,82,157,146,439,524,927
109,88,243,217,482,547,928
30,22,109,90,368,433,928
77,70,81,99,423,483,928
115,124,337,303,520,579,928
13,22,70,74,314,422,928
30,24,120,125,435,485,928
23,20,83,68,383,432,928
395,329,704,636,587,658,928
71,61,149,136,429,463,928
25,20,86,84,380,431,928
116,107,216,210,517,581,928
39,36,126,98,442,460,929
53,52,93,94,391,470,929
41,28,185,82,445,496,929
274,238,488,466,547,603,929
63,54,95,103,396,460,929
608,467,88,79,405,322,929
105,86,290,282,497,573,929
54,42,172,157,386,407,929
10,23,32,37,363,411,929
347,348,274,262,532,611,929
67,65,176,162,467,536,929
18,26,59,76,364,422,930
135,126,132,130,474,556,930
58,42,85,58,335,372,930
516,448,518,470,577,647,930
149,138,174,161,478,563,931
100,85,92,90,418,494,931
91,74,216,191,463,526,931
38,38,92,87,375,431,931
21,21,48,63,355,436,931
42,34,88,96,411,458,931
51,35,172,99,453,527,931
152,141,163,148,479,538,932
28,23,54,61,342,419,932
44,33,61,60,395,423,932
64,50,163,142,471,529,932
231,172,313,178,505,572,932
28,34,101,96,374,484,932
84,80,217,204,498,562,932
45,28,164,110,405,435,932
21,35,88,109,380,456,932
22,20,49,49,309,428,932
57,65,180,191,424,508,932
23,25,67,79,377,441,932
27,24,150,139,449,507,932
253,232,449,434,535,608,932
117,103,178,148,478,538,932
51,28,116,73,418,463,933
63,42,235,130,489,545,933
35,25,116,83,421,471,933
40,30,99,104,423,481,933
37,31,90,78,373,447,933
34,36,54,70,345,470,933
19,21,113,115,382,438,933
90,58,162,133,398,419,934
36,25,84,82,395,471,934
60,72,209,182,441,459,934
361,347,360,351,544,619,934
45,38,91,104,360,429,934
18,21,118,84,444,460,934
29,28,154,137,474,541,934
21,27,69,69,415,436,934
21,30,60,62,384,405,934
25,28,84,85,310,421,934
98,90,128,146,427,503,934
32,23,93,95,363,434,934
278,255,219,199,337,368,935
35,24,176,153,444,498,935
29,23,100,108,363,466,935
49,39,226,214,446,530,935
44,36,25,44,267,421,935
25,23,54,65,330,398,935
61,55,88,102,373,446,935
26,20,73,74,370,411,935
33,27,207,183,459,528,935
97,85,166,171,479,528,936
41,34,57,69,334,442,936
218,148,121,112,419,414,936
22,24,119,109,347,438,936
83,83,166,145,448,490,936
79,82,150,148,433,509,936
21,24,129,138,461,496,936
63,66,171,183,447,542,936
223,110,264,99,543,604,936
24,25,79,93,396,439,936
355,258,101,44,417,449,936
41,30,101,87,356,403,936
41,33,105,117,382,451,936
30,30,123,116,422,490,936
21,22,57,51,354,437,936
26,26,70,75,376,361,937
70,70,85,85,424,484,937
15,43,115,127,434,474,937
146,164,258,268,461,558,937
27,42,165,169,401,516,937
125,144,218,219,444,523,937
19,42,202,197,484,530,938
19,35,166,168,410,493,939
44,49,362,265,516,564,939
18,35,80,83,336,429,939
289,291,297,278,507,594,939
44,59,170,184,475,586,939
9,28,112,95,397,455,939
13,30,96,94,376,427,939
37,50,90,92,441,473,939
54,44,191,131,365,508,939
92,100,247,245,487,546,940
48,60,296,263,482,558,940
54,71,100,117,417,499,940
78,87,266,239,479,548,940
43,48,177,184,448,499,940
58,47,175,80,388,447,941
35,57,134,132,440,484,941
17,22,119,133,449,490,941
25,36,85,96,413,486,941
68,75,98,116,372,459,941
12,21,74,76,347,406,941
26,34,96,95,431,465,941
25,49,172,166,452,515,941
26,45,123,108,431,492,941
83,102,196,174,476,542,941
48,87,120,118,442,486,942
98,110,161,175,446,537,942
136,120,153,121,491,559,942
74,89,156,158,410,499,942
12,27,104,108,399,459,942
18,25,92,89,402,441,942
37,41,75,89,393,486,942
70,89,117,130,424,468,942
49,68,82,92,437,508,942
38,54,116,134,442,467,943
50,55,94,89,390,454,943
43,42,180,176,463,508,943
19,22,105,108,379,459,943
25,26,88,79,376,400,943
15,26,72,91,443,468,943
16,23,156,150,449,505,943
148,148,160,124,431,425,943
22,31,117,108,432,467,943
119,113,275,254,475,542,943
30,34,112,87,360,455,943
24,26,102,81,395,407,943
110,109,212,191,473,531,944
18,26,193,181,449,495,944
17,27,83,75,405,484,944
43,42,323,218,510,582,944
683,621,780,695,625,694,944
21,22,34,36,303,353,944
29,29,56,63,380,403,944
115,52,364,200,533,585,944
100,97,130,135,474,535,944
23,31,123,97,401,454,945
14,37,183,174,442,493,945
8,25,78,74,315,430,945
46,58,152,129,453,535,945
61,50,170,168,475,535,945
26,22,90,107,405,446,945
99,90,165,151,459,526,945
38,37,117,126,417,470,945
158,146,149,150,465,524,945
91,80,213,216,464,513,945
360,276,709,495,476,456,946
66,63,163,165,426,480,946
145,131,265,246,535,590,946
61,57,74,78,292,334,946
18,20,56,65,260,411,946
184,177,400,375,548,612,946
23,29,92,92,344,415,946
47,61,142,140,468,528,946
68,64,212,124,447,529,946
17,22,88,64,343,428,946
39,37,50,34,324,368,946
93,82,209,167,484,541,947
142,136,253,249,364,321,947
12,22,58,60,321,393,947
34,30,81,76,424,441,947
153,138,317,289,490,569,947
333,222,272,139,447,450,947
18,20,44,54,360,403,947
25,29,42,37,341,430,947
47,75,280,228,493,545,948
18,24,39,57,327,407,948
37,32,101,98,373,461,948
20,20,99,87,387,419,948
79,71,145,128,400,490,948
63,53,302,256,515,564,948
94,89,195,175,446,527,948
630,508,116,59,425,430,949
82,75,165,153,484,538,949
228,210,256,267,504,582,949
23,20,115,103,425,438,949
61,54,226,211,404,453,949
59,55,114,95,431,475,949
341,319,493,454,548,617,949
23,26,70,76,339,399,949
60,53,86,76,368,429,950
28,25,174,115,409,495,950
701,632,776,721,617,682,950
35,36,117,131,441,483,950
28,34,151,150,386,445,951
51,48,96,107,443,511,951
30,31,155,138,451,468,951
141,127,417,311,481,536,951
21,21,65,65,383,419,951
140,123,367,341,562,612,951
137,125,478,411,512,405,951
42,75,211,208,500,569,951
56,55,133,112,403,464,951
23,22,63,70,434,455,951
315,287,332,322,532,597,952
47,38,162,135,448,485,952
23,21,77,64,293,386,952
25,22,117,93,366,442,952
38,47,68,78,400,454,952
150,160,256,257,512,574,952
12,30,104,102,306,429,952
30,20,126,58,422,469,953
23,24,50,34,379,438,953
27,21,38,37,386,378,953
124,120,237,202,453,537,953
140,94,380,266,620,665,953
180,114,134,67,358,407,953
793,590,350,314,464,339,953
23,22,68,70,320,423,953
85,80,84,103,418,474,953
48,34,212,158,487,523,953
31,28,60,67,315,414,953
11,22,93,99,406,485,954
238,206,425,406,562,610,954
69,73,335,286,535,595,954
25,22,86,75,368,427,954
28,21,73,84,349,471,954
51,42,100,95,386,449,954
101,78,262,229,479,534,954
23,23,48,52,317,412,954
110,101,206,203,457,514,954
43,38,102,115,398,471,954
35,26,52,75,393,445,954
80,63,178,155,434,488,954
59,49,93,105,402,460,954
274,246,403,391,554,621,955
38,59,103,114,407,476,955
145,133,215,215,481,528,955
185,173,143,161,483,526,955
45,28,217,185,468,523,955
52,28,238,134,409,496,955
126,114,107,124,430,494,955
36,27,71,83,410,461,955
49,37,45,58,410,426,955
47,31,190,166,465,535,955
26,20,51,59,369,435,956
98,80,195,183,453,534,956
338,224,157,124,409,450,956
40,32,59,66,328,395,956
25,23,65,61,172,353,956
32,21,54,60,351,405,956
109,73,331,251,431,462,956
350,288,303,274,581,645,956
165,151,284,262,497,562,957
48,43,39,58,343,392,957
29,25,87,77,405,437,957
48,34,131,103,453,493,957
22,26,143,131,474,543,957
14,23,72,66,416,448,957
232,144,138,98,361,326,957
95,89,165,130,462,522,957
196,178,148,130,493,546,957
24,23,68,85,371,432,957
156,136,316,267,497,562,957
34,23,146,126,429,481,957
74,56,234,212,477,536,957
54,42,70,85,384,473,957
40,25,73,57,355,390,957
168,140,262,250,503,565,958
113,91,204,191,460,515,958
72,56,184,160,415,479,958
47,36,54,71,386,401,958
672,532,888,725,628,698,958
41,31,113,111,376,448,958
35,25,43,53,339,420,958
35,24,115,116,433,487,958
584,517,607,544,596,658,958
46,39,152,153,445,514,958
213,197,289,241,517,597,958
27,29,147,128,377,470,958
18,31,325,259,522,565,958
15,40,186,171,462,578,958
24,45,145,148,433,498,959
145,121,286,264,509,577,959
32,22,41,50,342,428,959
334,274,590,517,591,665,959
80,71,163,155,487,528,959
26,29,85,76,313,423,959
72,47,216,171,564,648,960
193,118,322,176,500,567,960
41,31,95,81,381,455,960
52,40,162,128,420,488,961
31,24,162,142,456,477,961
117,104,346,329,523,576,961
38,35,156,158,418,500,961
143,130,191,195,498,565,961
64,48,356,245,542,341,961
40,30,97,87,347,433,962
70,47,93,47,388,411,962
80,66,192,186,436,489,962
29,20,133,138,450,495,962
273,240,262,259,506,579,962
51,40,155,145,416,450,962
113,56,128,48,394,410,962
410,390,394,329,553,613,962
47,64,186,167,451,533,962
62,72,204,201,356,347,962
174,160,512,465,574,641,962
44,54,138,107,398,334,962
63,76,185,141,409,466,962
103,92,303,260,465,344,962
94,87,296,193,510,556,962
81,66,108,96,387,483,963
33,22,88,58,382,427,963
44,33,54,52,397,424,963
45,32,97,110,425,470,963
59,59,139,148,441,482,963
31,21,111,78,339,423,963
28,20,70,78,391,434,963
32,26,68,69,244,397,963
40,26,89,86,382,427,964
108,92,125,133,460,517,964
45,40,69,64,357,411,964
105,65,393,266,530,595,964
33,26,98,85,348,451,964
432,337,608,553,609,677,964
114,93,218,205,470,523,964
53,45,114,124,405,446,964
68,48,132,123,443,498,964
65,53,117,99,406,479,964
43,28,50,55,387,416,964
42,29,70,82,381,453,964
44,33,89,101,380,359,964
28,21,88,69,365,437,964
165,127,260,251,523,575,964
56,40,114,103,458,520,964
81,74,87,109,439,485,964
70,61,286,273,488,533,964
65,57,161,160,489,545,964
297,248,534,440,575,643,965
51,38,98,102,429,477,965
30,22,54,62,324,412,965
41,27,93,51,246,337,966
91,118,255,246,422,489,966
30,45,302,250,499,553,966
41,74,143,130,402,496,966
41,58,154,140,469,521,966
39,40,117,119,345,453,966
33,32,80,87,325,412,966
37,22,71,66,433,454,966
47,35,66,84,367,441,966
30,21,58,64,329,403,967
46,33,115,107,396,475,967
38,26,64,56,365,433,967
229,182,444,375,527,579,967
35,24,109,95,353,451,967
104,89,90,91,383,458,967
142,122,278,259,478,549,967
55,60,203,190,489,549,967
89,83,147,158,442,526,967
30,29,172,171,478,522,967
33,23,78,46,376,412,967
41,28,65,68,359,431,967
35,25,77,73,372,409,968
128,101,256,197,485,543,968
39,28,44,56,373,442,968
94,55,393,289,503,577,968
118,113,317,263,545,606,968
239,202,767,565,608,677,968
14,44,88,100,422,472,968
14,29,172,175,447,491,968
171,180,203,201,487,544,968
19,32,71,79,407,437,968
56,50,173,134,450,504,968
42,36,124,90,365,470,969
29,22,41,46,298,401,969
27,21,41,48,351,349,969
39,23,74,60,408,415,969
155,119,215,159,501,547,969
50,38,105,91,335,430,969
28,30,122,118,415,487,969
75,81,211,180,466,516,969
22,28,84,79,398,432,969
16,20,43,57,399,407,969
36,39,118,124,420,458,970
37,44,92,103,436,496,970
115,110,373,345,569,632,970
45,42,158,115,437,488,970
51,40,69,78,331,432,970
281,194,388,238,497,572,970
77,60,37,37,379,430,970
42,28,80,86,433,475,970
57,43,134,145,439,495,970
47,40,100,96,374,427,970
39,26,117,85,389,453,970
30,26,83,78,421,446,970
9,20,116,93,355,401,971
134,152,172,174,468,524,971
40,27,83,76,407,452,971
65,63,58,44,243,391,971
246,198,471,412,558,611,971
77,56,115,115,436,531,971
67,27,176,82,478,548,971
80,59,210,204,484,558,971
57,45,82,96,483,571,971
49,33,59,38,382,396,971
62,45,200,195,394,480,972
206,216,335,282,515,582,972
22,36,85,78,408,465,972
80,80,396,378,504,575,972
29,38,97,94,421,485,972
39,45,176,166,456,513,972
22,25,58,57,403,446,972
62,46,52,64,344,430,973
127,103,334,306,525,584,973
110,69,403,337,522,582,973
70,49,150,127,317,369,973
129,120,178,177,447,527,973
42,36,48,51,307,409,973
45,45,93,106,395,438,973
97,91,480,415,404,392,973
45,58,199,176,419,473,973
189,133,227,121,412,364,973
529,453,556,470,669,695,973
40,26,64,56,381,440,973
41,26,95,76,324,428,974
54,33,143,76,439,496,974
41,28,126,102,404,459,974
359,313,394,389,543,620,974
41,31,70,77,363,398,974
22,25,81,83,372,424,974
33,24,72,79,369,440,974
154,138,163,176,501,554,974
55,62,177,122,415,500,974
182,194,172,180,489,534,974
565,536,570,517,570,641,974
31,23,51,56,377,389,974
31,23,193,151,465,518,974
135,71,281,149,521,562,975
132,98,406,370,542,610,975
127,107,112,117,458,524,975
30,21,72,62,266,368,975
110,93,154,140,445,525,975
68,55,120,135,399,477,975
96,85,149,148,413,474,975
37,26,146,143,417,485,975
43,31,76,86,376,450,975
30,28,25,48,307,378,975
23,20,115,86,370,481,975
207,202,549,459,579,637,976
68,74,176,177,494,549,976
27,45,161,133,483,510,976
60,57,110,121,422,477,976
36,35,225,203,486,540,976
30,24,28,40,383,397,976
53,38,98,99,414,458,976
49,32,78,88,403,446,976
45,33,82,78,364,428,976
55,43,57,46,337,433,976
33,26,60,63,425,478,976
257,171,103,78,313,369,976
52,44,252,229,547,624,977
31,23,109,103,373,434,977
81,59,191,182,415,468,977
31,20,26,25,215,400,978
45,28,86,87,355,433,978
38,29,74,72,352,401,978
76,60,209,190,449,534,978
359,318,448,433,551,622,978
171,149,274,259,491,547,978
111,54,358,182,513,580,978
28,27,97,113,411,447,978
37,21,115,113,376,457,979
47,27,160,72,393,464,979
42,28,94,92,286,429,979
55,34,106,76,424,454,979
139,90,538,400,565,638,979
70,66,103,110,452,513,979
21,25,162,138,413,470,979
23,20,77,73,403,384,979
41,25,125,118,435,458,980
87,65,172,173,445,538,980
47,33,52,65,377,426,980
64,50,112,106,423,456,980
364,301,655,595,582,654,980
115,100,187,188,495,544,980
46,28,166,125,528,590,980
36,26,75,85,348,395,981
98,82,213,181,460,472,981
67,52,69,81,415,464,981
71,54,202,119,421,484,981
382,334,391,378,545,624,981
164,153,219,211,458,540,981
140,128,273,263,486,535,981
39,28,186,140,410,499,981
29,24,71,60,391,413,981
33,26,84,79,304,387,981
235,211,220,229,491,561,981
45,32,95,97,377,439,981
33,28,113,92,370,405,982
384,288,139,103,363,402,982
23,34,134,131,409,457,982
56,47,183,133,400,353,982
61,71,151,157,396,492,982
59,69,182,177,488,561,982
57,58,171,143,423,470,982
33,32,66,66,342,458,982
24,20,56,64,333,389,982
148,119,226,228,499,583,982
36,25,62,67,362,416,982
39,36,99,87,413,461,982
43,25,123,77,389,458,982
29,21,59,47,330,372,982
38,31,82,87,349,415,983
167,159,509,400,557,624,983
121,101,211,212,463,518,983
31,21,49,53,421,440,983
35,21,44,55,367,445,983
45,28,52,62,390,438,983
527,433,614,545,602,667,983
38,20,70,52,398,439,983
384,355,301,272,531,596,983
41,30,98,113,411,477,984
53,41,153,149,446,502,984
36,27,78,77,441,497,984
38,23,139,142,411,488,984
33,22,68,69,379,403,984
196,176,234,221,474,554,984
54,44,128,132,424,505,984
29,29,118,109,373,405,984
37,41,81,83,373,433,984
30,24,97,72,407,469,984
73,82,165,165,450,524,984
107,92,226,227,415,416,985
33,21,64,43,233,390,985
72,58,150,124,461,536,985
170,175,186,185,432,490,985
35,22,106,77,388,450,985
50,30,206,107,425,483,985
29,21,82,92,380,464,985
61,46,133,139,409,517,985
31,34,92,65,371,431,985
75,92,193,166,469,525,985
19,26,150,146,425,500,985
385,335,461,402,553,613,986
67,49,112,112,444,489,986
46,33,123,131,417,473,986
17,22,116,87,429,469,986
52,44,104,83,329,446,986
212,213,219,232,495,547,986
23,31,35,55,381,449,986
98,127,219,200,467,514,987
75,91,195,184,438,522,987
46,46,89,54,414,457,987
242,122,147,137,499,573,987
363,331,317,281,558,624,987
29,22,104,91,325,396,988
71,54,226,193,506,585,988
455,309,148,107,389,360,988
52,49,248,157,491,526,988
64,57,174,144,387,426,988
33,30,129,115,386,502,988
256,240,211,199,467,529,988
296,269,276,279,503,578,988
34,25,156,139,351,444,988
54,35,512,390,559,615,988
29,20,127,97,411,477,989
68,57,262,250,485,526,989
14,30,30,41,431,453,989
23,26,67,77,383,450,989
50,51,173,159,448,514,989
100,92,220,224,509,583,989
82,61,324,273,501,573,989
25,21,115,102,365,455,989
22,22,87,86,339,452,990
35,29,93,81,338,386,990
25,23,134,112,403,466,990
183,201,290,275,490,559,990
32,38,130,102,468,502,990
60,74,157,168,407,483,990
18,27,182,165,430,501,991
15,21,70,87,348,409,991
16,21,68,85,377,458,991
423,387,153,144,438,387,991
30,26,114,100,383,430,991
36,33,58,82,377,428,991
37,40,82,85,345,448,991
70,64,152,139,439,519,992
555,422,133,118,383,330,992
49,35,92,100,426,471,992
38,28,77,75,351,438,992
30,25,36,42,374,399,992
37,30,96,95,361,435,992
29,21,182,141,424,469,992
19,20,71,76,389,443,992
42,35,128,112,411,470,992
63,51,211,192,486,517,992
29,21,137,101,380,427,992
32,26,131,87,399,478,992
47,34,58,79,412,467,992
35,25,109,96,386,414,992
52,27,160,104,426,499,992
52,39,94,82,401,459,992
30,24,92,88,332,414,992
42,31,88,84,384,416,992
36,29,102,101,351,481,992
27,38,184,134,440,509,993
21,34,110,106,435,481,993
37,54,168,160,404,446,993
13,21,191,148,461,518,993
10,24,157,103,407,484,993
33,28,179,135,448,506,993
190,173,423,365,586,645,993
50,35,68,82,443,492,993
105,86,160,163,457,527,993
32,25,135,115,391,479,993
132,108,197,186,464,548,993
95,84,161,161,477,549,994
31,43,105,109,373,452,994
56,76,172,171,448,507,994
221,168,762,587,584,654,994
339,276,576,526,558,624,994
40,20,120,81,382,427,994
47,40,154,165,433,489,995
300,180,173,84,421,438,995
68,59,159,141,444,484,995
99,94,124,90,431,524,995
91,73,170,142,443,510,995
36,28,60,68,430,454,995
107,100,203,206,447,517,995
352,267,526,401,584,653,995
260,194,436,355,428,411,995
46,40,92,65,301,366,995
32,33,31,44,408,465,995
16,23,83,84,391,455,995
64,51,274,241,465,533,995
28,21,102,112,409,460,995
38,30,115,121,380,356,995
30,22,59,49,397,423,996
133,112,247,239,499,572,996
43,34,139,131,353,446,996
180,159,218,220,490,541,996
63,47,79,82,448,495,996
64,58,65,82,418,475,996
27,24,119,112,339,429,996
39,30,74,86,333,446,996
54,43,232,215,481,516,996
461,433,827,694,619,685,996
215,143,238,118,475,544,997
64,63,162,143,463,521,997
88,78,221,190,466,520,997
135,113,267,251,436,498,997
44,29,162,130,435,501,997
44,28,95,79,401,449,997
35,25,79,70,385,454,997
39,24,144,137,457,522,997
39,29,108,92,387,443,997
29,27,131,123,447,500,998
159,159,144,105,479,511,998
27,23,76,71,313,424,998
228,190,510,472,546,616,998
56,24,125,62,414,465,998
27,20,115,104,366,454,998
53,38,165,155,444,483,998
114,98,176,157,424,502,998
92,73,240,227,500,557,998
60,48,144,149,372,462,998
31,23,97,80,320,395,998
54,43,124,136,454,512,999
40,27,175,162,413,489,999
60,59,103,125,401,484,999
17,27,57,78,404,459,999
51,53,41,36,432,473,999
43,29,78,79,425,461,999
44,29,154,161,435,469,999
123,115,131,149,451,522,1000
10,22,98,111,367,463,1000
334,260,528,365,491,500,1000
53,51,166,178,390,480,1000
538,463,623,555,618,695,1000
56,53,165,150,450,494,1000
42,40,128,124,426,475,1000
40,31,55,64,317,407,1000
54,46,125,112,385,464,1001
44,29,81,93,357,349,1001
37,35,100,103,360,430,1001
52,45,89,79,348,468,1001
162,128,161,121,495,562,1001
32,20,87,88,420,455,1001
33,22,52,58,397,417,1001
21,24,98,91,313,452,1001
32,36,73,93,417,439,1001
19,30,111,118,414,432,1001
43,49,161,120,401,499,1001
32,21,103,63,384,447,1001
51,41,120,114,388,460,1002
37,29,57,72,420,470,1002
253,191,234,221,491,576,1002
46,38,135,91,340,451,1002
138,130,243,253,501,565,1002
18,22,78,64,266,415,1003
44,39,142,123,388,459,1003
36,23,80,58,357,438,1003
69,49,160,157,460,503,1003
73,59,67,89,418,461,1003
83,66,90,83,402,497,1003
35,27,68,79,432,461,1003
23,22,58,65,370,436,1003
48,64,100,114,450,511,1004
13,33,64,82,359,431,1004
49,56,128,115,427,449,1004
29,26,58,66,442,482,1004
32,20,29,45,329,420,1004
76,56,174,133,433,490,1004
42,27,147,109,421,505,1005
32,22,68,50,342,466,1005
31,23,117,97,397,450,1005
17,32,181,159,386,399,1005
37,23,48,56,389,390,1005
114,90,261,224,500,574,1005
133,114,151,159,437,526,1005
195,171,240,192,499,551,1006
51,36,168,165,410,508,1006
52,41,111,115,377,417,1006
78,59,188,177,483,540,1006
532,502,590,564,560,625,1006
75,66,566,536,384,485,1006
12,21,171,152,408,458,1006
26,42,120,111,351,441,1006
377,298,759,655,570,639,1007
62,51,137,124,447,498,1007
31,25,55,55,391,426,1007
58,41,40,49,372,429,1007
53,43,93,78,354,442,1007
40,31,98,97,396,403,1007
28,20,27,32,241,364,1007
220,221,554,466,580,648,1007
136,159,430,410,520,595,1007
46,62,159,135,455,527,1007
30,55,122,130,409,471,1008
54,58,90,111,391,478,1008
59,42,58,69,380,425,1008
60,40,105,98,415,451,1008
68,44,168,118,424,456,1008
86,64,177,152,477,547,1008
40,45,104,120,355,432,1009
8,27,35,46,357,434,1009
198,167,324,273,558,626,1009
70,69,189,178,468,546,1009
57,37,133,108,351,443,1009
220,119,468,254,529,580,1009
40,23,103,91,410,447,1009
93,70,99,92,448,501,1009
54,38,59,57,333,421,1009
32,20,39,43,359,407,1009
547,408,150,118,369,433,1009
32,20,57,54,357,409,1010
131,104,269,261,487,540,1010
60,46,154,167,431,507,1010
31,25,63,66,332,427,1010
30,32,89,96,351,458,1010
10,27,82,84,388,433,1010
21,24,84,86,295,442,1010
43,41,222,197,466,527,1010
34,33,82,87,325,417,1010
99,57,407,325,554,610,1010
44,30,99,100,412,419,1010
38,23,76,66,433,539,1010
58,42,63,65,419,467,1011
35,23,31,49,227,390,1011
20,20,43,58,296,398,1011
39,48,133,123,416,485,1011
24,20,53,57,333,410,1011
86,61,132,115,293,458,1012
51,30,96,95,414,486,1012
44,29,96,100,314,427,1012
47,35,87,84,375,418,1012
84,71,172,132,434,499,1012
83,65,137,108,443,506,1012
35,23,61,60,324,418,1012
167,136,215,198,507,557,1012
230,199,169,166,486,535,1012
105,89,158,166,431,500,1012
33,26,89,78,335,446,1012
58,40,187,140,383,447,1012
33,24,144,116,404,481,1012
89,55,345,262,489,547,1013
40,25,88,79,342,446,1013
27,27,88,89,394,461,1013
61,44,165,168,420,493,1013
100,63,363,316,549,604,1013
74,62,82,100,349,478,1013
27,35,280,235,489,559,1013
23,26,73,73,394,452,1013
33,41,272,211,470,518,1014
27,34,109,121,465,495,1014
100,85,152,151,438,487,1014
33,22,34,46,380,408,1014
50,31,55,61,342,443,1014
87,51,186,144,437,509,1014
374,317,440,351,529,575,1014
24,28,122,119,411,458,1015
22,22,72,55,267,396,1015
51,33,44,55,405,398,1015
34,20,117,114,385,476,1015
32,24,110,87,412,463,1015
158,119,440,346,587,655,1015
45,32,64,56,384,448,1015
42,44,120,114,391,484,1015
66,55,99,97,404,448,1016
33,22,43,57,349,411,1016
19,20,100,103,388,442,1016
31,29,65,67,430,450,1016
167,105,500,428,558,627,1016
36,21,82,84,380,444,1016
51,25,178,107,395,493,1016
41,33,58,71,386,414,1016
299,206,573,287,607,669,1016
28,20,88,67,392,447,1016
52,43,46,52,320,341,1017
36,24,39,52,340,390,1017
69,63,153,143,392,441,1017
45,40,72,78,369,449,1017
81,63,46,61,404,470,1017
17,24,90,94,325,431,1017
47,62,231,221,460,520,1017
14,22,46,66,213,396,1017
30,41,69,86,398,464,1017
33,23,66,60,385,415,1017
40,25,105,112,445,473,1018
31,21,91,79,231,370,1018
94,66,181,153,477,552,1018
62,38,68,43,310,345,1018
32,21,170,125,399,481,1018
51,41,90,75,346,457,1018
275,146,186,85,404,476,1018
51,55,60,74,393,458,1019
17,23,99,99,387,460,1019
424,315,378,290,433,354,1019
273,231,437,392,547,627,1019
142,64,417,280,516,578,1019
35,34,40,58,359,424,1019
38,28,65,53,435,490,1019
42,40,64,58,239,386,1019
60,44,134,136,443,498,1019
78,51,216,162,439,452,1019
116,114,98,101,457,543,1020
25,32,121,126,456,479,1020
26,27,80,78,398,443,1020
34,24,47,64,356,409,1020
36,29,93,103,307,436,1020
134,104,191,176,466,529,1020
43,26,81,73,346,392,1020
56,36,146,135,428,511,1020
49,31,81,70,402,447,1020
44,28,105,109,386,459,1020
39,21,78,71,333,427,1020
66,46,140,111,377,366,1020
41,29,167,141,373,440,1020
110,91,155,153,470,504,1020
41,31,121,82,392,443,1020
98,77,156,160,448,525,1020
103,104,122,130,436,525,1021
21,20,72,72,391,426,1021
173,159,168,150,492,565,1021
46,52,89,99,438,439,1021
21,20,106,102,410,483,1021
11,23,80,83,407,437,1021
82,93,214,203,424,505,1021
45,31,46,62,376,438,1021
62,50,166,172,466,505,1022
24,21,76,56,286,371,1022
46,32,181,179,462,495,1022
58,45,84,98,318,428,1022
146,111,465,395,405,374,1022
220,148,780,639,598,674,1022
228,199,277,274,548,599,1022
51,63,146,155,437,480,1022
62,57,62,73,388,470,1022
32,23,77,74,354,434,1023
39,32,85,70,333,403,1023
195,159,438,395,545,598,1023
44,31,99,103,420,465,1023
120,94,199,202,518,573,1023
51,39,83,78,389,478,1023
64,49,85,94,410,464,1023
62,50,81,87,387,477,1023
113,88,229,205,379,332,1023
33,20,77,90,410,449,1023
168,128,408,352,522,587,1023
115,86,400,386,494,547,1023
35,24,90,95,372,437,1023
192,167,430,385,446,430,1023
