"FSC-A","FSC-H","SSC-A","SSC-H","530_30-Blue-A","582_15-Yellow-A","Time"
57,56,127,102,754,861,0
22,24,31,28,672,752,0
165,148,114,84,774,889,0
364,160,457,194,906,1023,0
69,80,169,160,662,755,0
7,25,37,64,641,680,0
861,575,859,543,1023,1023,0
11,29,37,46,635,722,0
87,57,109,53,786,894,0
31,31,83,43,746,823,0
97,112,119,122,777,894,0
38,42,64,51,693,770,0
113,88,159,112,815,931,0
119,87,81,83,812,918,0
578,234,539,181,931,1023,0
16,22,58,49,676,758,0
30,50,34,43,636,672,0
100,58,135,93,796,907,0
73,77,124,116,744,840,0
117,101,129,86,776,867,0
16,31,44,71,658,730,0
14,33,76,100,644,697,0
92,90,109,101,749,848,0
83,93,100,103,762,853,0
61,65,74,64,705,791,0
15,24,40,43,599,681,0
6,21,41,48,620,695,0
191,161,182,176,833,959,0
92,74,63,51,712,810,0
45,33,84,39,741,815,1
131,112,156,125,823,931,1
78,63,144,55,761,846,1
185,170,121,128,821,932,1
51,61,71,61,731,840,1
844,629,535,433,969,1023,1
28,44,17,45,620,686,1
110,115,119,131,772,891,1
258,193,179,105,825,931,1
203,168,49,35,777,871,1
82,82,51,39,686,751,1
148,136,192,150,806,923,1
16,21,32,36,574,640,1
10,25,8,28,501,572,1
40,40,30,31,667,715,1
15,23,10,24,551,597,1
99,99,84,96,745,830,1
111,96,102,74,778,874,1
55,54,69,68,727,820,1
30,31,36,33,638,688,1
60,37,74,50,712,778,1
14,30,0,41,526,577,1
146,119,190,177,830,952,1
276,175,242,180,884,1018,1
161,163,116,113,750,840,1
23,39,0,22,465,604,1
19,30,18,30,630,720,1
23,21,41,34,619,676,1
46,52,8,29,650,731,1
58,41,161,120,792,873,2
32,39,22,29,678,768,2
16,32,11,44,581,654,2
120,122,180,149,805,917,2
47,56,76,53,709,784,2
105,90,146,101,768,863,2
5,21,0,18,361,452,2
13,32,0,31,492,493,2
48,33,49,33,715,780,2
701,482,669,457,969,1023,2
97,84,137,63,785,878,2
52,54,5,26,692,765,2
10,24,5,25,613,652,2
47,53,44,60,657,732,2
8,23,5,26,530,601,2
880,595,827,559,1018,1023,2
24,37,101,82,705,791,2
4,21,11,39,541,607,2
27,50,27,55,570,664,2
73,90,60,96,680,742,2
40,42,36,32,725,800,2
80,101,0,32,675,723,2
43,62,40,66,685,775,2
194,180,103,101,820,923,2
249,117,288,134,843,962,2
76,42,152,55,778,874,2
148,138,263,217,858,980,2
8,26,11,31,588,649,2
35,53,72,98,704,790,2
31,31,28,35,631,686,2
34,41,106,78,735,820,2
321,277,288,289,886,1008,2
60,69,154,129,792,896,3
124,110,147,115,795,911,3
27,40,29,48,633,735,3
285,137,441,153,907,1023,3
509,376,469,282,936,1023,3
41,51,0,15,610,667,3
46,41,90,39,749,848,3
94,77,96,64,745,863,3
106,94,95,66,741,848,3
85,73,194,122,830,944,3
247,160,153,110,817,936,3
1023,1020,1023,540,1023,1023,3
41,44,41,68,620,710,3
112,86,118,75,782,893,3
107,111,134,89,767,871,3
47,62,83,81,693,781,3
164,175,172,149,784,881,3
59,68,71,65,658,739,3
124,109,159,107,796,906,3
20,37,56,79,679,747,3
103,97,194,157,806,904,3
282,260,281,244,853,971,3
122,91,214,102,808,909,3
24,44,28,50,627,743,3
42,59,37,55,670,744,3
207,207,152,174,819,922,3
441,225,325,195,886,1012,3
27,44,5,43,599,635,3
74,88,85,94,734,821,3
62,74,128,107,766,857,3
160,155,210,153,820,921,3
61,71,82,54,734,816,3
741,420,775,459,978,1023,3
15,23,39,28,666,762,3
12,26,53,49,653,728,3
47,61,46,58,703,758,3
252,150,242,110,847,959,3
407,254,299,148,889,1022,3
38,39,41,34,655,737,3
18,35,26,44,626,679,3
9,20,74,71,663,713,3
34,37,85,83,735,804,4
30,33,28,23,592,626,4
71,78,106,103,743,823,4
10,26,0,27,549,589,4
196,171,233,192,854,970,4
181,137,215,117,839,967,4
37,39,101,68,700,770,4
55,64,103,91,754,844,4
17,28,19,29,604,654,4
35,37,21,28,615,696,4
38,30,38,28,694,773,4
53,62,102,111,783,875,4
9,21,54,50,684,770,4
124,96,130,82,771,864,4
408,296,542,407,954,1023,4
24,36,73,76,679,756,4
7,23,0,31,499,495,4
35,53,33,45,665,735,4
172,138,180,124,816,911,4
17,26,103,72,743,834,4
26,24,17,19,633,712,4
291,163,298,165,865,987,4
47,50,90,83,735,830,4
115,98,135,108,746,841,4
33,33,26,39,679,746,4
200,202,104,113,798,905,4
94,93,84,100,682,763,4
9,22,37,42,629,685,4
62,74,80,108,728,822,4
299,212,391,280,879,1015,4
25,45,25,38,632,721,4
48,66,58,90,642,696,4
106,105,102,70,745,840,4
1023,911,950,602,1023,1023,4
19,27,12,22,633,745,5
137,146,94,125,784,892,5
14,22,34,32,652,716,5
9,23,69,82,662,739,5
381,311,490,367,942,1023,5
548,298,709,442,987,1023,5
250,187,250,150,839,952,5
30,49,23,40,637,705,5
292,277,284,255,876,1005,5
49,45,173,74,771,870,5
578,437,656,491,978,1023,5
202,150,315,138,865,989,5
52,61,66,72,655,723,5
8,21,37,58,582,660,5
4,21,11,44,457,543,5
223,145,327,193,879,1010,5
81,77,110,84,727,809,5
24,44,41,63,620,710,5
219,218,163,111,831,950,5
81,90,42,64,671,749,5
8,27,53,42,683,771,5
183,159,263,209,862,991,5
17,38,19,46,607,651,5
534,413,484,398,930,1023,5
52,55,154,103,728,796,5
267,248,265,216,866,990,6
191,203,121,148,787,889,6
150,87,223,126,848,968,6
312,278,320,208,871,1000,6
77,80,166,114,778,880,6
355,304,345,280,888,1013,6
17,29,62,48,688,774,6
4,24,0,15,0,0,6
19,39,0,18,470,584,6
28,35,118,86,711,796,6
49,47,70,65,681,751,6
81,90,107,129,739,821,6
6,20,26,37,636,720,6
182,168,206,158,835,942,6
39,47,113,62,740,827,6
261,223,220,221,851,964,6
23,40,23,60,638,706,6
9,26,23,43,571,634,6
42,48,109,76,773,873,6
112,95,102,70,731,823,6
88,42,144,78,766,868,6
558,352,597,305,955,1023,6
142,108,124,74,771,854,6
7,22,3,21,438,552,6
11,24,0,16,542,608,6
151,124,166,145,850,983,6
129,62,165,65,803,909,6
276,241,268,236,871,993,6
84,99,59,59,715,791,6
1023,452,841,293,999,1023,6
125,135,66,100,779,883,6
82,72,147,123,765,862,6
149,137,187,177,811,905,6
25,36,23,43,696,757,6
22,27,48,50,631,712,6
81,79,100,63,778,878,6
220,185,214,137,836,958,6
15,30,25,52,588,683,6
40,37,17,37,625,702,6
47,59,94,95,735,823,6
223,91,206,105,834,951,7
421,280,612,457,959,1023,7
593,328,590,347,961,1023,7
14,26,8,31,511,598,7
256,135,234,138,863,994,7
34,47,7,29,584,621,7
52,64,22,44,589,651,7
154,100,212,120,814,928,7
133,118,144,89,762,854,7
11,28,0,27,446,497,7
346,297,118,134,838,959,7
141,143,131,130,751,860,7
179,125,222,108,824,933,7
18,30,0,15,524,605,7
84,84,96,108,760,853,7
513,240,596,233,956,1023,7
45,51,66,47,693,774,7
206,159,270,202,849,973,7
136,127,124,139,781,882,7
139,130,205,183,821,942,7
39,41,62,50,695,771,7
24,43,12,41,449,562,7
27,25,73,57,703,770,7
20,30,80,64,715,796,7
176,162,321,289,852,971,7
252,176,389,232,879,1011,7
36,39,58,53,670,722,7
1023,561,1023,389,1023,1023,7
48,59,65,93,707,812,7
15,33,16,49,548,647,7
27,40,83,80,707,763,7
106,123,24,50,740,841,7
58,73,77,89,698,754,7
9,24,16,34,639,729,7
119,111,170,129,800,910,7
40,27,132,78,759,848,8
37,47,24,21,586,655,8
27,44,49,83,648,726,8
35,45,28,33,609,686,8
242,229,146,129,817,934,8
5,25,0,30,0,335,8
63,79,52,77,649,732,8
29,36,66,50,703,774,8
7,27,24,51,482,574,8
163,138,205,124,832,953,8
7,26,3,36,547,623,8
19,34,95,93,704,793,8
136,112,225,164,818,929,8
22,40,0,19,554,642,8
215,177,243,160,841,952,8
186,177,290,263,829,951,8
28,51,0,49,399,557,8
109,79,265,145,838,948,8
201,179,263,215,844,965,8
113,108,204,146,827,940,8
1023,577,1023,513,1023,1023,8
114,118,144,137,772,869,8
15,20,29,31,630,743,8
11,25,33,46,686,752,8
8,25,13,22,570,621,9
64,69,75,68,733,833,9
39,38,96,73,769,865,9
124,107,122,105,732,837,9
20,36,45,44,658,759,9
415,252,328,217,912,1023,9
16,34,34,73,622,692,9
20,35,71,86,672,759,9
410,119,725,176,956,1023,9
33,44,124,120,745,838,9
831,621,614,436,967,1023,9
48,64,28,60,657,715,9
373,268,504,343,929,1023,9
1023,1020,1023,437,1023,1023,9
1023,716,1023,554,1023,1023,9
61,65,71,62,687,778,9
59,64,104,98,724,822,9
164,119,262,132,845,976,9
151,80,187,96,809,923,9
355,289,283,220,874,1008,9
13,20,31,39,617,697,9
15,29,44,65,608,674,9
4,20,18,44,474,581,9
55,32,143,84,761,866,9
140,131,269,268,829,943,9
125,133,67,103,707,800,10
42,48,53,50,663,752,10
27,28,57,53,640,717,10
23,32,0,26,561,627,10
427,314,478,306,932,1023,10
170,156,149,100,799,891,10
83,99,80,111,687,762,10
67,71,78,106,725,808,10
68,57,93,58,712,839,10
31,49,10,30,480,561,10
40,27,44,50,693,795,10
55,67,53,71,704,790,10
11,28,0,20,0,492,10
125,121,115,130,781,875,10
683,326,563,277,953,1023,10
29,44,20,46,643,721,10
81,53,120,71,769,887,10
112,107,96,77,725,814,10
10,25,31,33,657,742,10
44,61,4,49,593,682,10
158,72,255,146,842,963,10
66,79,32,66,628,736,10
10,21,61,60,634,686,10
30,48,83,90,681,755,10
22,23,43,33,685,754,10
29,42,107,115,750,844,10
1023,915,1023,737,1023,1023,10
25,47,45,70,632,695,10
140,99,193,130,835,946,10
7,27,2,27,413,363,10
3,20,17,24,573,640,10
63,81,67,56,708,794,10
258,227,391,323,876,1010,10
32,41,123,121,765,842,10
3,21,35,67,546,614,10
142,125,186,123,839,960,10
166,112,276,120,834,959,10
183,90,225,108,830,958,10
34,43,106,98,692,781,10
265,217,238,108,846,974,11
309,264,384,326,888,1023,11
24,31,37,50,624,675,11
225,132,334,196,876,1010,11
501,270,481,282,920,1023,11
30,35,61,43,672,764,11
278,248,339,297,888,1023,11
34,55,18,65,583,649,11
16,36,0,20,576,665,11
64,67,117,95,759,849,11
24,46,27,69,374,556,11
314,131,360,171,889,1023,11
26,36,30,25,629,704,11
63,77,93,79,715,810,11
11,21,20,30,638,694,11
75,57,110,114,806,914,11
155,151,272,237,844,964,11
123,121,139,131,791,900,11
29,30,42,32,704,790,11
65,73,57,78,690,779,11
42,48,128,112,764,869,11
38,56,64,80,704,801,11
57,70,65,90,692,784,11
71,71,81,63,732,821,11
539,356,581,403,956,1023,11
25,28,50,41,641,726,11
318,323,113,123,811,918,11
70,77,56,67,661,743,11
18,36,46,54,634,695,11
482,200,543,201,937,1023,11
328,206,433,253,925,1023,11
47,67,18,60,590,668,12
190,148,307,236,854,977,12
570,348,694,466,989,1023,12
162,152,234,201,841,956,12
24,31,27,48,666,771,12
22,41,34,62,636,716,12
338,276,435,306,915,1023,12
314,186,480,316,929,1023,12
159,121,261,176,859,988,12
123,93,111,81,770,867,12
18,29,64,70,697,777,12
7,23,0,26,497,574,12
21,39,7,36,532,658,12
29,48,56,79,654,731,12
114,127,128,129,766,873,12
34,36,41,41,639,720,12
28,22,21,20,604,665,12
5,23,0,8,0,375,12
9,23,28,42,648,670,12
7,25,0,34,461,512,12
205,194,124,98,800,912,12
451,241,248,134,880,1007,13
22,27,42,39,610,687,13
39,55,43,65,674,726,13
451,264,343,186,910,1023,13
235,215,131,136,805,913,13
339,299,304,286,906,1023,13
97,91,72,78,733,827,13
29,40,31,46,613,673,13
20,27,62,39,693,771,13
91,44,84,33,772,872,13
89,83,74,52,762,852,13
185,153,266,177,855,969,13
22,22,99,58,712,816,13
14,22,25,27,568,636,13
7,20,27,35,658,749,13
185,95,242,105,827,945,13
71,64,183,104,784,870,13
23,39,47,56,613,693,13
240,224,233,224,857,973,13
24,41,0,22,585,664,13
301,289,210,208,831,942,13
392,370,214,205,860,994,13
89,83,151,96,748,831,13
24,37,60,77,718,778,13
364,332,249,240,842,962,13
643,270,545,194,943,1023,13
200,171,251,219,851,976,13
6,23,0,24,566,609,13
28,46,26,50,600,690,13
44,40,46,37,675,742,13
204,126,326,201,865,992,13
116,125,93,90,721,813,13
36,53,21,52,630,699,13
21,39,19,48,641,706,13
351,322,317,288,881,1006,13
327,233,359,211,873,1006,13
26,34,99,97,730,818,13
55,45,135,75,758,861,13
34,29,111,74,725,803,13
109,109,97,82,766,869,13
192,191,142,152,803,908,13
36,57,60,81,669,733,13
285,207,424,291,888,1018,13
25,42,75,85,669,746,13
345,306,350,287,907,1023,13
502,189,727,255,991,1023,13
3,20,0,28,419,565,13
36,30,110,44,751,842,13
14,32,8,32,563,642,13
18,38,20,54,592,652,13
61,79,30,63,681,779,13
1023,824,931,647,1023,1023,13
21,32,54,60,634,712,13
32,41,45,35,668,750,13
41,62,24,66,593,666,13
76,83,52,70,737,819,13
8,28,26,26,649,734,14
25,39,34,35,639,738,14
55,64,66,70,679,765,14
132,131,180,136,825,938,14
127,119,168,163,800,905,14
38,53,43,65,680,758,14
180,170,141,128,793,903,14
35,37,76,43,727,817,14
78,93,47,77,695,789,14
230,122,191,99,866,1013,14
41,38,73,59,685,765,14
52,66,71,42,740,846,14
28,33,69,44,704,797,14
8,25,15,33,546,648,14
153,152,160,154,816,935,14
65,81,28,57,702,822,14
9,25,0,18,581,665,14
163,141,192,124,799,911,14
90,101,105,107,778,868,14
60,68,72,85,771,866,14
27,45,28,53,628,724,14
334,204,323,207,879,1010,14
10,20,61,33,668,734,14
931,676,719,536,1012,1023,14
300,252,340,264,881,1003,14
92,88,180,150,807,907,14
84,95,46,61,760,842,14
94,91,111,108,728,794,14
133,153,51,94,721,807,14
16,25,86,72,727,814,14
11,27,25,25,664,742,14
28,37,55,54,650,730,14
133,126,190,190,813,918,15
47,53,114,88,717,803,15
579,287,679,399,981,1023,15
57,53,87,62,707,797,15
209,156,190,146,834,958,15
14,32,0,38,0,469,15
50,57,77,70,0,464,15
378,250,426,251,906,1023,15
453,329,364,244,886,1013,15
92,67,82,79,715,806,15
50,58,83,76,665,743,15
43,39,120,86,735,834,15
49,46,58,57,714,795,15
71,38,113,59,741,834,15
55,64,47,60,655,725,15
456,239,310,144,886,1012,15
416,163,463,183,936,1023,15
213,197,170,149,828,937,15
33,50,21,49,629,685,15
105,110,37,74,737,814,15
1023,808,1023,584,1023,1023,15
59,57,38,35,656,749,15
142,112,155,110,784,891,15
54,41,100,41,738,833,15
18,23,43,41,654,707,15
40,51,19,41,563,686,15
108,101,161,119,776,874,15
282,113,370,180,884,1013,15
225,83,260,99,830,954,15
28,21,60,34,667,759,15
288,198,226,141,831,949,15
17,30,0,28,511,561,15
320,280,180,154,848,975,15
117,131,58,88,737,810,16
263,192,296,240,885,1018,16
453,195,415,227,919,1023,16
39,40,103,101,734,831,16
9,24,11,46,485,578,16
21,32,49,62,678,762,16
204,146,190,103,836,951,16
96,58,84,62,721,822,16
238,171,298,174,856,975,16
62,58,26,37,663,730,16
44,44,114,59,702,789,16
14,32,3,30,497,515,16
106,70,115,100,741,839,16
82,70,270,144,820,931,16
39,24,97,43,743,838,16
12,28,0,20,542,651,16
120,92,217,120,820,936,16
58,62,223,179,824,933,16
103,75,149,84,774,883,16
83,89,93,82,739,812,16
76,94,67,87,711,800,16
100,108,81,76,700,805,16
155,147,177,166,825,943,16
49,34,122,58,775,864,16
24,44,21,69,547,689,16
34,56,32,72,619,707,16
7,22,30,47,572,663,16
165,92,207,86,812,942,16
18,35,35,38,649,715,16
81,78,32,36,711,807,16
31,48,28,41,639,692,16
35,50,57,61,683,764,16
23,42,17,46,618,682,17
501,369,421,298,905,1023,17
63,74,53,69,686,778,17
38,28,103,65,711,803,17
32,42,75,53,677,754,17
122,86,207,101,811,910,17
418,291,521,350,925,1023,17
58,64,59,43,708,779,17
183,165,234,207,840,958,17
38,51,69,84,704,786,17
66,81,72,92,688,771,17
48,46,139,132,772,877,17
48,61,26,36,616,693,17
45,33,79,39,737,816,17
700,460,555,342,946,1023,17
363,242,258,158,897,1023,17
23,39,28,55,600,680,17
44,51,62,56,696,767,17
797,504,789,532,1023,1023,17
7,26,5,43,0,428,17
265,197,412,228,902,1023,17
113,116,130,108,803,909,18
34,41,65,52,693,775,18
21,29,52,43,703,788,18
109,84,128,84,782,867,18
34,28,24,28,688,774,18
7,20,32,33,585,708,18
332,168,343,175,897,1023,18
49,51,58,68,691,773,18
64,52,130,69,775,879,18
23,33,31,60,662,741,18
324,281,324,227,873,1001,18
74,86,99,97,762,852,18
32,24,72,45,709,786,18
128,89,274,198,867,984,18
12,24,10,24,581,644,18
63,80,7,27,619,695,18
38,37,63,37,712,794,18
73,63,105,43,726,823,18
42,43,68,48,698,801,18
48,60,27,46,645,728,18
13,22,52,42,664,737,18
1023,1020,1023,842,1023,1023,18
13,30,0,14,522,603,18
30,22,44,27,672,735,18
34,46,51,47,685,739,18
501,206,530,231,926,1023,19
414,357,422,370,912,1023,19
13,22,19,9,656,734,19
32,33,70,48,736,817,19
9,22,87,90,708,791,19
35,35,78,84,687,794,19
332,300,203,204,870,988,19
40,59,19,62,692,774,19
32,45,97,83,725,808,19
10,26,20,52,620,708,19
51,64,90,97,773,861,19
17,20,9,28,624,679,19
18,36,26,54,613,679,19
568,415,534,407,929,1023,19
152,138,240,188,846,959,19
9,29,36,54,633,712,19
922,328,910,410,1013,1023,19
5,20,36,46,630,710,19
705,576,610,517,968,1023,19
84,94,139,123,768,863,19
562,290,500,187,931,1023,19
376,295,400,304,894,1023,19
364,339,227,207,866,993,19
9,27,0,28,602,684,19
700,546,582,492,980,1023,19
78,92,66,97,723,824,19
142,138,117,118,792,903,19
51,49,68,59,682,770,19
8,25,3,26,561,616,19
33,47,33,47,675,771,19
98,73,167,116,818,923,19
161,131,228,200,846,969,19
269,134,379,188,901,1023,19
71,82,68,84,713,805,19
248,143,267,139,850,969,19
33,47,76,61,704,780,19
46,61,41,65,667,758,19
90,67,196,88,803,913,19
18,38,0,22,294,568,19
33,52,4,45,621,711,19
39,37,44,39,652,734,19
20,41,26,51,629,695,19
17,26,101,95,745,824,19
84,97,75,85,762,851,19
38,57,55,101,695,791,19
93,114,25,59,669,760,19
25,35,79,81,685,780,19
642,468,550,376,966,1023,20
41,61,26,58,608,691,20
97,85,154,107,778,885,20
110,93,160,137,782,892,20
31,52,59,70,661,729,20
26,44,27,43,618,698,20
52,63,84,56,722,807,20
1023,1020,1023,907,1023,1023,20
31,43,30,42,654,712,20
156,143,201,151,824,928,20
57,69,82,94,745,839,20
35,49,72,74,686,769,20
1023,1020,1023,985,1023,1023,20
28,21,85,36,706,774,20
117,97,124,92,810,915,20
212,204,143,152,796,904,20
67,84,77,78,717,808,20
88,64,115,76,770,876,20
524,364,507,322,935,1023,20
54,60,59,80,677,742,20
105,73,153,70,756,850,20
12,30,14,40,545,641,20
18,35,8,36,516,600,21
813,531,952,670,1016,1023,21
404,247,358,209,898,1023,21
4,20,40,56,0,0,21
47,39,67,40,699,770,21
7,23,30,53,549,625,21
50,65,97,81,735,821,21
37,51,120,115,719,813,21
439,334,358,246,923,1023,21
1023,811,921,515,1023,1023,21
92,99,79,81,724,810,21
74,66,99,76,727,823,21
29,34,49,40,614,687,21
53,63,69,80,713,809,21
101,72,13,43,689,771,21
359,317,315,270,885,1022,21
35,28,93,57,713,791,21
82,76,159,134,762,860,21
153,123,128,88,763,863,21
36,47,37,41,665,734,21
105,103,65,69,709,803,21
24,33,34,38,563,586,21
32,27,129,68,751,843,21
410,281,267,163,884,1013,21
11,24,29,27,580,659,21
924,629,576,387,972,1023,21
264,205,308,206,851,971,21
34,50,60,92,614,725,21
20,32,60,54,670,754,21
39,48,103,98,709,786,21
59,72,64,94,760,851,21
182,192,66,68,742,836,22
383,150,277,131,891,1023,22
21,39,52,72,682,783,22
17,35,53,67,670,768,22
19,21,38,31,658,751,22
14,20,65,30,675,752,22
52,48,100,56,737,826,22
346,293,340,266,873,1005,22
5,20,32,41,552,624,22
177,106,202,125,826,951,22
606,437,499,357,958,1023,22
122,113,238,161,821,943,22
75,87,114,78,761,859,22
30,41,85,53,686,764,22
36,39,45,50,673,753,22
13,34,14,37,604,661,22
84,76,153,108,765,877,22
11,29,0,34,475,598,22
16,24,85,69,671,761,22
85,72,196,92,800,914,22
155,91,217,147,811,932,22
7,25,0,27,168,365,22
33,52,34,58,687,756,22
118,94,153,94,767,870,22
75,94,84,63,709,788,22
12,32,14,30,531,625,23
69,60,71,57,734,835,23
23,38,33,58,616,694,23
12,26,78,77,685,781,23
40,28,79,52,721,835,23
107,123,115,128,769,865,23
7,26,8,41,439,588,23
1023,943,1023,766,1023,1023,23
36,55,76,79,678,773,23
18,29,26,45,622,695,23
33,48,31,71,662,728,23
27,44,59,50,670,751,23
374,340,377,334,889,1017,23
57,70,79,91,739,814,23
7,27,9,22,578,636,23
126,106,228,170,842,959,23
20,21,90,47,702,789,23
704,340,541,247,962,1023,23
11,27,0,17,592,660,23
96,104,118,122,775,890,23
27,45,24,42,662,724,23
1023,1020,1023,576,1023,1023,23
154,131,257,227,856,970,23
24,21,17,33,578,668,23
266,213,423,315,892,1023,23
303,212,464,284,935,1023,23
852,402,950,470,1023,1023,23
70,76,102,70,728,815,23
52,56,84,76,716,800,23
345,296,284,253,896,1023,23
605,303,567,236,938,1023,23
141,137,115,118,752,845,23
170,173,119,119,786,905,23
39,59,33,60,639,705,23
513,413,549,454,945,1023,23
64,68,137,125,774,879,23
123,131,98,104,742,847,23
20,31,15,35,581,615,23
113,129,60,112,692,769,23
10,21,0,18,551,603,23
104,96,152,114,793,886,23
288,198,300,191,849,975,23
139,89,275,143,854,981,23
44,51,37,52,681,736,23
106,90,125,89,756,867,23
187,148,218,143,833,956,23
275,114,326,144,871,1005,23
101,93,68,58,768,897,23
96,98,107,99,734,824,23
272,180,392,205,895,1023,24
44,60,66,85,663,757,24
26,25,24,32,611,679,24
525,282,377,152,892,1023,24
7,22,2,17,450,556,24
244,128,158,101,837,965,24
19,36,18,40,582,663,24
61,76,54,53,688,763,24
29,35,51,46,703,792,24
15,33,0,38,449,586,24
44,49,75,69,676,762,24
156,116,139,71,783,879,24
347,285,242,197,872,995,24
201,143,140,79,792,900,24
95,93,75,63,737,839,24
271,203,226,153,841,961,24
39,52,57,65,718,825,24
13,25,65,80,700,800,24
103,109,142,128,759,858,24
54,64,155,114,766,865,24
3,20,0,26,451,541,24
40,54,32,77,700,773,24
30,38,50,55,654,745,24
21,27,33,30,640,736,24
350,265,342,290,899,1023,24
6,25,27,54,536,617,24
173,122,270,189,842,961,25
21,28,43,40,643,735,25
244,158,369,216,856,982,25
8,23,31,50,603,663,25
70,83,59,73,731,832,25
32,34,58,50,683,779,25
103,78,226,181,845,956,25
14,22,41,33,643,728,25
79,78,148,135,749,845,25
50,51,118,110,760,869,25
131,147,140,167,757,855,25
50,61,69,46,687,765,25
5,23,3,25,549,576,25
202,161,157,87,832,948,25
24,39,46,66,668,753,25
198,120,200,148,813,928,25
69,76,104,109,767,864,25
8,24,10,33,609,698,25
894,591,700,416,992,1023,25
70,63,64,72,748,836,25
5,24,4,38,418,540,25
205,185,169,165,816,937,25
15,33,45,69,627,702,25
18,32,92,68,723,801,25
14,26,32,32,665,711,25
123,118,113,76,759,866,25
95,116,37,56,690,774,25
54,39,119,49,773,878,25
107,118,85,90,743,833,25
41,60,72,55,654,749,25
11,28,1,42,602,665,25
61,61,104,90,747,845,25
57,65,62,63,666,762,25
36,48,97,97,709,790,25
104,98,161,124,779,874,25
122,135,94,101,733,849,25
27,48,9,33,548,627,26
4,21,18,47,486,570,26
61,60,115,70,712,796,26
27,35,104,78,733,837,26
37,57,54,73,665,753,26
22,40,40,28,620,680,26
8,21,1,23,588,664,26
74,74,73,55,748,823,26
55,62,30,49,711,794,26
113,104,81,56,753,853,26
341,160,512,308,926,1023,26
156,148,227,147,821,939,26
3,20,6,30,519,584,26
39,58,82,119,629,714,26
166,116,199,112,825,942,26
146,115,330,181,866,988,26
18,22,68,44,674,764,26
52,59,159,142,760,850,26
164,165,152,114,796,893,26
34,31,46,36,700,794,26
13,21,59,27,706,788,26
16,33,3,26,616,681,26
17,28,54,43,660,721,26
9,23,49,52,629,721,26
1023,755,1014,639,1023,1023,26
6,24,9,32,569,623,26
360,223,386,206,896,1023,26
29,43,46,32,686,774,26
22,33,21,39,501,600,26
71,79,69,72,722,826,26
206,214,107,136,795,903,26
16,29,11,34,531,638,26
421,334,265,186,870,1000,26
606,443,598,421,979,1023,26
42,32,78,39,732,806,26
34,41,97,72,721,804,26
5,21,8,39,547,619,26
59,63,94,80,748,843,26
166,120,104,64,789,890,26
110,117,63,74,729,821,26
436,331,566,449,952,1023,27
240,210,216,149,841,952,27
40,49,58,62,717,794,27
63,74,54,97,703,794,27
24,26,24,28,589,694,27
26,21,57,41,663,738,27
72,81,63,60,698,784,27
326,294,337,288,884,1010,27
35,33,38,22,660,734,27
11,25,0,27,366,455,27
823,546,512,249,937,1023,27
130,118,181,98,779,890,27
25,36,12,27,616,674,27
86,64,150,104,790,894,27
446,365,502,317,926,1023,27
23,41,5,40,602,666,27
39,51,89,116,721,792,27
17,33,44,41,652,730,27
21,36,42,54,641,723,27
11,29,0,9,525,616,27
15,32,33,57,602,655,27
283,246,308,216,870,987,27
70,62,78,96,779,877,27
34,26,107,85,768,870,27
125,134,172,184,789,887,27
7,23,23,34,639,716,27
74,84,134,113,753,834,27
1023,752,913,555,1023,1023,27
361,311,415,398,917,1023,27
44,48,111,57,742,839,27
173,169,152,160,811,920,27
391,314,492,336,908,1023,27
19,23,44,43,662,742,27
12,31,21,43,572,657,28
13,23,37,30,641,720,28
351,246,274,206,890,1023,28
630,292,629,323,964,1023,28
13,26,24,26,665,736,28
462,304,398,249,916,1023,28
33,44,51,76,690,785,28
32,51,31,45,612,674,28
280,240,339,277,902,1023,28
51,68,63,85,673,765,28
18,31,54,68,660,736,28
180,108,207,139,851,974,28
22,32,40,28,677,761,28
24,22,20,34,559,634,28
67,69,144,133,766,864,28
93,93,130,98,807,925,28
13,29,76,93,661,737,28
134,123,238,199,847,952,28
96,87,149,119,786,888,28
84,97,62,67,711,787,28
33,52,0,14,577,669,28
52,63,63,83,639,722,28
8,20,44,27,661,746,28
50,56,70,86,758,873,28
157,157,189,202,822,933,28
326,239,409,233,897,1023,28
630,387,574,353,977,1023,28
85,82,33,37,686,765,28
5,22,0,24,489,549,28
33,44,27,22,645,729,28
4,21,26,34,574,617,28
6,21,25,38,669,724,28
332,275,488,429,913,1023,29
154,132,147,125,790,897,29
216,150,300,204,873,999,29
123,139,145,164,722,809,29
346,301,330,279,899,1023,29
109,82,106,59,746,837,29
86,80,102,82,761,842,29
32,47,37,44,613,661,29
88,96,87,85,735,818,29
6,23,18,34,539,648,29
38,51,84,104,698,785,29
48,53,74,79,746,826,29
36,39,57,63,658,755,29
145,70,240,99,823,942,29
383,311,177,140,804,904,29
54,71,33,66,678,745,29
168,141,238,197,839,955,29
62,65,63,72,732,818,29
62,61,103,87,752,834,29
83,82,95,68,722,799,29
40,58,39,69,644,712,29
555,249,282,135,934,1023,29
54,47,118,54,751,838,29
108,93,141,144,796,895,29
94,82,123,117,758,849,29
33,26,99,69,738,830,29
60,69,67,57,705,783,29
55,27,117,48,741,820,29
197,125,173,109,813,919,29
123,118,55,67,747,841,29
11,28,5,27,588,655,29
21,36,19,50,597,664,29
124,123,91,101,756,852,29
142,137,183,174,793,893,29
25,39,0,27,576,664,29
115,91,149,78,799,905,29
71,63,71,63,706,793,29
32,27,76,59,702,777,29
30,37,36,39,746,877,29
20,36,0,33,481,551,29
516,238,509,216,938,1023,29
165,163,174,172,786,884,29
10,23,12,33,551,578,29
33,49,11,40,660,731,29
124,122,143,134,787,887,29
16,20,51,28,659,729,29
79,85,93,112,752,846,29
139,120,83,78,744,835,30
34,40,95,101,750,846,30
29,44,36,65,621,709,30
64,71,45,43,687,784,30
233,197,220,175,844,962,30
1023,727,680,372,1003,1023,30
182,119,122,83,825,936,30
17,32,60,48,687,737,30
15,26,15,29,563,641,30
32,22,84,38,719,795,30
25,24,148,106,749,849,30
54,54,103,97,742,834,30
29,37,74,52,726,804,30
18,24,26,36,658,741,30
101,110,100,102,749,835,30
79,40,213,112,834,941,30
392,223,322,196,873,994,30
8,21,15,25,635,715,30
4,20,12,29,429,508,31
59,77,81,55,726,812,31
44,45,83,62,715,802,31
221,178,306,215,890,1017,31
73,53,114,62,778,883,31
132,117,132,109,792,902,31
260,126,286,128,847,970,31
77,93,43,65,719,810,31
451,353,373,237,899,1023,31
127,78,188,132,802,910,31
56,72,83,64,706,781,31
52,65,89,83,743,824,31
126,97,311,183,851,971,31
25,39,55,82,725,795,31
12,30,37,54,654,733,31
124,114,134,127,826,937,31
119,85,152,81,782,884,31
220,178,250,152,835,953,31
139,109,176,110,777,876,31
45,65,34,51,675,738,31
31,48,47,35,722,794,31
77,64,164,118,803,904,31
16,20,52,33,670,755,31
158,139,293,259,843,959,31
36,56,26,55,640,707,31
122,109,167,142,803,898,31
47,62,42,46,680,758,31
274,214,333,279,921,1023,32
25,38,67,74,676,759,32
117,103,159,145,815,927,32
9,26,15,43,611,681,32
24,41,27,26,665,744,32
51,70,25,59,600,662,32
40,39,114,79,749,848,32
81,90,64,68,694,763,32
80,94,32,61,698,769,32
42,57,41,62,703,784,32
255,186,219,169,870,997,32
171,123,221,160,849,975,32
88,88,129,116,743,832,32
61,73,103,99,746,854,32
22,21,37,26,590,633,32
151,139,220,214,856,972,32
1023,1000,930,503,1023,1023,32
154,118,171,152,819,930,32
505,348,541,365,953,1023,32
122,100,117,89,775,870,32
52,52,98,67,735,818,32
157,131,116,103,784,889,32
75,59,35,44,672,768,32
33,35,37,39,645,757,32
176,87,214,98,833,938,32
77,87,66,92,697,779,32
16,28,23,25,652,747,32
14,25,0,16,532,570,32
99,96,107,126,761,846,32
291,209,327,239,901,1023,32
331,286,255,223,854,974,32
73,41,92,51,765,865,32
9,20,28,21,622,704,32
37,53,11,43,541,605,32
22,35,81,65,712,773,32
39,42,76,56,717,795,33
57,65,71,57,736,813,33
116,98,60,73,747,842,33
12,25,31,40,596,678,33
16,24,33,41,631,692,33
29,38,121,90,724,805,33
16,31,0,24,488,565,33
39,58,11,44,596,656,33
29,20,88,46,704,791,33
27,38,73,74,655,741,33
62,76,99,94,729,819,33
5,23,0,25,421,525,33
17,26,16,32,599,654,33
38,45,48,40,684,772,33
159,88,245,116,839,960,33
14,20,47,42,667,768,33
513,311,545,392,947,1023,33
130,89,205,110,819,938,33
8,23,14,36,619,697,33
232,113,295,131,866,994,33
169,132,210,140,822,926,33
30,38,101,89,742,831,33
171,176,188,211,813,934,33
74,67,78,88,703,776,33
11,24,15,29,382,512,33
131,112,304,223,850,972,33
200,154,159,138,814,934,34
66,71,84,50,749,840,34
143,150,152,145,798,890,34
61,70,124,106,749,853,34
8,23,0,23,616,694,34
216,149,191,69,862,984,34
51,70,22,60,663,765,34
9,21,8,27,590,580,34
30,34,67,69,710,791,34
240,151,293,130,863,991,34
175,148,211,149,827,936,34
52,56,50,41,708,786,34
229,206,236,180,833,946,34
108,90,182,73,820,940,34
61,49,86,37,751,874,34
23,38,9,34,612,664,34
97,73,174,117,779,880,34
42,50,68,50,740,827,34
125,142,84,116,756,853,34
105,109,162,171,794,895,34
115,66,229,144,821,933,34
86,85,132,94,774,857,34
18,34,23,47,598,659,34
18,34,4,25,629,735,34
107,111,180,169,811,927,35
396,309,236,137,872,1001,35
21,30,25,27,661,722,35
149,122,163,162,811,931,35
88,86,116,88,775,877,35
28,39,61,61,717,810,35
28,28,77,32,700,779,35
177,153,148,111,821,930,35
54,62,26,44,713,782,35
151,151,131,150,807,902,35
67,75,51,56,716,796,35
99,63,135,68,760,863,35
54,52,117,87,752,841,35
37,43,34,38,663,768,35
137,107,302,225,836,954,35
201,96,184,94,820,923,35
180,101,294,129,870,995,35
176,171,66,84,755,849,35
52,50,78,69,687,747,35
62,77,66,85,679,766,35
203,129,200,104,830,930,35
555,238,454,207,920,1023,35
148,122,158,114,800,897,35
40,50,44,53,654,756,35
52,70,24,36,687,754,35
286,214,518,418,920,1023,35
32,36,7,24,617,651,35
96,61,81,61,761,857,35
13,29,4,30,607,681,35
29,33,52,52,697,779,35
175,169,117,131,812,920,35
105,112,132,118,773,875,35
110,100,128,77,757,837,35
13,23,24,28,635,661,35
115,114,100,116,769,865,35
21,31,32,32,660,739,35
47,65,59,56,688,770,35
151,149,116,127,780,883,35
263,228,365,294,889,1023,35
290,212,254,191,889,1019,35
81,98,35,57,684,756,35
64,46,110,58,751,857,35
97,111,64,78,741,823,36
129,82,126,71,767,869,36
28,39,124,88,762,862,36
18,26,35,33,654,721,36
34,30,57,30,707,776,36
150,140,195,183,831,943,36
133,138,72,80,766,873,36
53,62,82,76,724,812,36
64,61,139,85,765,858,36
113,73,177,84,807,912,36
295,267,273,223,860,971,36
175,145,107,73,766,864,36
36,52,0,37,524,607,36
46,55,79,88,703,787,36
492,323,481,265,917,1023,36
59,77,28,53,669,720,36
28,41,50,69,714,794,36
8,24,60,58,632,702,36
227,115,253,163,852,965,36
293,214,225,127,852,971,36
24,27,17,34,669,754,36
18,30,85,72,744,813,36
23,37,22,37,618,704,36
16,26,66,67,675,758,36
51,49,66,54,727,822,36
254,246,216,229,830,949,36
200,148,226,127,845,965,37
224,104,326,203,859,986,37
150,107,170,92,787,890,37
91,96,107,122,767,854,37
39,56,11,36,619,702,37
20,26,110,73,715,774,37
56,41,147,80,757,851,37
73,82,63,81,747,821,37
162,135,119,108,770,869,37
182,177,164,163,797,895,37
1004,756,728,538,999,1023,37
149,159,146,138,777,867,37
17,32,59,73,650,738,37
38,54,38,42,687,741,37
59,40,112,53,728,805,37
78,97,37,62,666,723,37
122,94,107,68,803,913,37
16,29,54,62,583,643,37
699,451,733,477,983,1023,37
132,73,78,49,773,874,37
8,23,24,26,652,729,37
85,98,51,58,678,758,37
105,79,140,62,792,892,37
250,233,242,171,828,940,37
16,31,74,65,680,766,37
60,66,115,101,724,814,37
255,195,268,187,873,990,37
533,341,561,333,984,1023,37
38,34,119,68,750,831,37
104,97,182,163,818,933,37
68,77,84,105,713,779,37
174,156,156,124,790,893,37
15,29,30,47,652,739,37
17,35,21,41,613,672,37
185,103,282,124,860,973,37
36,35,23,38,639,716,37
72,84,60,79,776,885,37
22,39,10,33,570,619,37
120,125,111,114,794,887,37
211,109,312,149,868,993,38
62,53,93,68,760,850,38
25,34,63,56,686,761,38
188,177,170,180,805,902,38
6,21,16,29,613,667,38
378,350,248,213,859,970,38
40,54,41,57,681,758,38
398,295,551,423,953,1023,38
751,317,594,260,970,1023,38
54,63,21,51,675,756,38
126,107,191,141,768,860,38
42,53,36,59,661,729,38
45,49,115,91,765,864,38
54,66,51,50,712,782,38
77,72,42,37,730,818,38
1023,1021,1023,869,1023,1023,38
42,46,66,64,721,794,38
12,24,41,47,627,706,38
36,43,65,86,702,775,38
20,20,87,44,732,822,39
531,312,256,156,874,999,39
13,29,6,47,478,532,39
53,72,14,48,561,647,39
66,74,81,88,709,789,39
28,25,28,36,584,644,39
64,52,89,81,725,800,39
33,43,59,41,675,751,39
240,150,251,165,842,966,39
53,62,47,50,659,735,39
8,24,13,38,496,572,39
23,37,21,53,574,612,39
84,69,158,76,793,892,39
128,119,152,111,802,912,39
88,55,149,55,773,871,39
62,78,86,74,718,779,39
126,106,180,154,809,919,39
263,164,330,191,850,972,39
98,105,30,42,708,792,39
11,22,12,23,572,652,39
579,422,606,429,962,1023,39
30,38,144,104,759,849,39
25,27,63,56,662,772,39
762,502,642,415,969,1023,39
543,224,606,228,944,1023,39
28,32,131,94,772,877,39
334,309,371,336,892,1023,39
82,85,128,104,757,861,39
180,172,85,104,798,901,39
45,46,110,84,747,835,39
78,65,143,85,791,891,39
163,144,155,103,805,921,39
174,133,181,122,840,940,39
1023,780,1023,680,1023,1023,39
354,280,463,329,923,1023,39
28,22,105,48,725,794,39
14,20,93,62,709,794,39
301,215,252,199,889,1018,39
222,171,403,243,889,1015,40
55,64,51,72,664,746,40
75,93,36,53,698,768,40
238,178,394,230,880,1001,40
19,30,58,60,702,785,40
14,28,54,47,664,731,40
55,73,47,59,695,782,40
276,234,299,225,862,981,40
170,157,225,195,835,948,40
240,233,201,160,813,926,40
341,287,214,142,848,969,40
44,52,63,72,697,771,40
350,235,524,383,933,1023,40
26,31,67,59,676,738,40
195,142,128,112,790,889,40
20,32,26,27,634,696,40
22,23,68,44,672,756,40
130,110,173,141,825,933,40
38,49,45,64,701,757,40
149,141,200,167,839,945,40
204,166,115,111,812,924,40
322,165,257,155,866,991,40
17,33,0,32,528,599,40
102,80,80,102,778,868,41
60,71,55,65,671,761,41
55,71,0,33,610,681,41
100,82,162,143,792,891,41
32,33,36,50,653,745,41
185,176,219,202,843,951,41
30,43,64,60,676,733,41
116,119,85,108,748,834,41
284,244,237,158,854,962,41
417,375,403,326,885,1012,41
47,52,61,57,666,730,41
390,288,388,270,901,1023,41
186,159,166,126,795,898,41
19,37,7,19,622,684,41
87,88,56,48,729,830,41
146,79,188,91,823,927,41
17,33,46,62,629,691,41
92,59,53,42,743,838,41
88,74,124,93,767,851,41
144,151,93,79,764,856,41
97,83,89,93,738,834,41
61,77,75,77,675,751,42
614,453,513,384,953,1023,42
443,246,541,323,955,1023,42
20,39,22,45,589,635,42
11,25,25,28,644,706,42
105,52,180,58,805,915,42
32,21,51,30,701,765,42
730,437,724,480,1023,1023,42
316,310,165,190,813,922,42
16,20,66,61,691,765,42
59,63,98,70,744,833,42
7,25,7,40,571,633,42
21,36,0,22,576,642,42
141,150,140,140,777,871,42
62,76,60,79,702,794,42
49,45,37,34,679,746,42
39,49,42,47,664,748,42
236,248,106,103,780,850,42
112,105,217,172,819,922,42
1023,566,959,489,1023,1023,42
59,50,68,39,694,788,42
33,45,36,49,643,713,42
7,24,2,24,528,587,42
554,350,482,222,934,1023,42
35,40,76,31,682,753,42
167,120,187,145,812,927,42
15,31,36,71,565,648,42
240,243,190,203,816,928,42
14,27,13,39,590,666,42
118,72,93,57,751,855,42
96,42,143,53,794,894,42
84,73,124,65,755,854,42
29,49,32,68,633,700,42
116,107,131,113,770,866,42
146,148,143,144,772,870,42
336,175,482,260,917,1023,42
637,306,532,282,942,1023,42
254,119,307,96,859,984,43
246,217,201,110,829,942,43
32,34,72,62,652,713,43
10,25,21,32,631,650,43
53,62,70,68,720,790,43
9,21,18,43,583,661,43
33,48,54,45,665,745,43
12,24,46,50,657,721,43
19,30,48,64,677,743,43
13,25,10,36,631,689,43
139,142,143,149,772,871,43
106,119,62,81,760,840,43
47,30,100,65,741,833,43
158,167,54,67,768,857,43
210,151,267,228,874,1004,43
160,170,80,107,755,848,43
55,60,106,63,737,813,43
260,217,225,164,845,961,43
18,34,56,86,689,762,43
7,23,15,28,636,685,43
271,250,285,219,882,1007,43
10,22,47,42,666,731,43
459,249,442,230,919,1023,43
108,80,119,76,771,875,43
377,251,586,412,954,1023,43
191,187,95,117,762,851,43
6,21,10,41,559,646,43
55,50,123,79,790,905,43
56,59,84,48,739,833,43
420,157,474,174,909,1023,43
20,40,0,41,485,564,44
50,55,104,79,745,830,44
37,34,44,24,636,714,44
34,35,74,40,679,738,44
6,24,35,60,610,671,44
74,90,35,49,729,798,44
37,55,24,60,649,707,44
389,278,508,350,925,1023,44
210,132,191,107,843,965,44
34,46,94,93,743,824,44
173,134,160,88,810,908,44
122,122,160,110,779,866,44
86,90,75,56,739,811,44
68,67,84,71,737,820,44
50,62,159,143,771,864,44
720,577,564,387,971,1023,44
7,25,0,11,300,491,44
147,111,127,101,799,897,44
618,462,580,467,972,1023,44
297,127,497,238,919,1023,45
9,21,23,26,668,708,45
517,349,558,449,975,1023,45
259,148,323,166,873,1002,45
211,153,173,107,808,904,45
16,29,22,30,623,698,45
7,24,11,44,587,640,45
136,139,130,118,770,855,45
23,28,37,37,674,737,45
57,65,86,104,711,789,45
50,68,17,28,690,764,45
208,197,189,136,833,947,45
94,63,132,105,766,882,45
46,59,57,67,701,776,45
58,57,59,39,716,798,45
42,52,85,62,707,786,45
29,22,114,68,730,833,45
339,281,378,311,896,1023,45
11,22,27,34,655,741,45
187,186,179,169,804,915,45
111,95,217,183,816,928,45
151,147,180,169,810,921,45
120,131,69,92,754,857,45
128,122,206,174,794,897,45
675,603,462,383,931,1023,45
22,38,27,38,667,766,45
29,39,48,50,663,752,45
66,58,94,71,701,785,45
102,106,137,133,779,874,45
150,100,184,143,791,902,45
266,145,280,125,865,989,45
65,67,68,58,702,793,45
33,44,79,90,697,766,45
197,183,163,170,804,914,45
35,46,54,41,664,728,45
19,37,0,28,573,629,45
12,21,31,29,605,688,45
47,61,23,31,649,707,45
99,68,129,65,775,869,45
97,86,86,61,751,848,45
109,79,188,133,816,927,45
236,251,88,126,768,874,45
79,45,194,133,812,912,45
283,185,277,141,876,1005,45
188,86,146,82,773,870,45
124,122,150,147,770,864,45
282,136,323,90,893,1023,46
22,40,24,58,616,668,46
295,281,141,132,848,965,46
317,269,354,306,905,1023,46
4,21,2,26,370,540,46
43,51,94,53,769,891,46
35,41,26,32,649,738,46
37,41,39,56,639,742,46
27,41,38,57,665,732,46
11,29,0,17,0,391,46
260,186,431,326,900,1023,46
24,39,0,6,574,607,46
265,163,213,102,838,953,46
84,52,102,61,748,832,46
84,62,79,42,732,814,46
41,37,34,32,636,684,46
18,27,20,29,610,671,46
169,78,165,83,818,935,46
79,83,34,59,702,784,46
54,71,26,51,649,715,46
495,386,591,466,932,1023,46
11,27,0,39,535,572,46
168,139,203,174,841,964,46
37,37,52,50,701,774,46
50,41,69,49,704,795,46
333,175,295,148,862,978,47
35,42,43,35,637,698,47
20,32,0,7,525,590,47
69,58,90,65,739,818,47
104,94,110,91,768,872,47
10,26,0,21,601,666,47
283,172,323,143,875,997,47
281,174,415,305,906,1023,47
107,89,224,145,810,911,47
306,239,488,399,919,1023,47
32,46,54,73,667,739,47
28,39,52,72,709,776,47
73,88,41,59,678,728,47
161,113,287,151,868,981,47
14,25,40,37,662,730,47
13,20,16,22,642,659,47
58,61,34,40,645,720,47
173,125,239,155,820,934,47
207,200,179,159,811,912,47
23,35,25,34,659,729,47
282,219,366,252,890,1023,47
61,77,42,37,707,774,48
53,65,22,52,668,736,48
48,41,99,66,743,820,48
19,37,12,43,621,719,48
75,80,60,61,706,798,48
36,49,61,63,710,775,48
17,34,71,62,668,741,48
146,150,146,166,804,902,48
141,139,97,107,784,897,48
114,113,65,70,719,804,48
22,38,21,35,645,719,48
22,24,64,34,688,748,48
213,123,226,139,853,977,48
167,176,132,143,795,897,48
169,165,108,127,799,911,48
267,88,343,127,879,1011,48
185,157,239,170,847,969,48
172,153,165,127,809,914,48
67,60,86,93,760,858,48
209,188,234,229,864,989,48
26,24,82,50,697,797,48
155,162,94,79,803,902,48
253,178,308,121,857,968,48
20,31,42,43,643,706,48
54,69,48,62,670,714,48
102,102,152,139,776,893,48
60,67,89,84,728,789,48
47,34,82,36,754,825,48
25,38,58,74,657,712,48
34,49,0,25,656,694,48
18,25,92,80,711,782,48
29,38,59,44,653,728,48
42,49,39,36,668,744,48
17,21,59,33,672,714,49
127,140,64,101,685,765,49
40,51,43,57,676,732,49
125,114,148,88,778,870,49
68,65,55,51,709,782,49
53,47,77,56,724,820,49
338,200,421,181,923,1023,49
74,69,72,56,729,818,49
464,184,591,216,947,1023,49
48,54,93,90,738,829,49
43,31,53,47,692,758,49
92,97,154,139,765,863,49
95,110,51,83,684,745,49
154,141,245,205,826,932,49
33,45,37,36,693,779,49
88,47,112,63,746,840,49
126,97,160,105,818,932,49
48,43,48,46,721,800,49
81,75,129,103,763,861,49
21,31,70,75,698,763,49
21,21,77,65,713,780,49
38,40,88,67,736,841,49
101,88,43,62,728,800,49
7,24,0,15,0,427,49
9,25,23,55,599,644,50
108,47,181,93,811,921,50
7,25,15,43,515,553,50
13,24,45,36,663,719,50
24,40,41,68,669,733,50
502,296,460,335,934,1023,50
82,66,170,130,778,864,50
19,29,39,27,684,772,50
194,116,271,122,852,970,50
29,42,76,53,710,778,50
75,82,42,51,713,793,50
117,114,165,127,791,892,50
31,47,26,32,685,761,50
38,46,93,52,746,830,50
119,121,236,202,828,946,50
44,37,19,31,632,708,50
258,208,336,307,887,1023,50
24,37,72,69,723,801,50
21,29,30,38,630,709,50
23,32,86,74,701,775,50
466,381,313,244,906,1023,50
374,155,528,184,948,1023,50
43,61,17,56,670,736,50
18,28,24,56,657,713,50
53,56,115,95,729,825,50
17,23,26,22,587,684,50
68,44,132,55,766,867,50
16,20,60,37,700,766,50
6,22,9,31,559,570,50
80,76,83,65,735,837,51
146,115,144,103,798,912,51
41,28,90,51,721,801,51
41,39,184,122,793,890,51
28,30,41,33,651,734,51
49,64,13,34,653,711,51
10,24,4,18,563,651,51
319,241,186,142,845,978,51
44,60,58,72,641,691,51
150,103,250,199,847,971,51
186,135,159,102,805,913,51
87,75,96,65,731,841,51
9,26,51,54,615,682,51
76,44,122,68,761,849,51
90,82,85,52,761,851,51
297,162,307,136,884,1009,51
111,85,83,57,733,823,51
137,111,113,77,785,892,51
75,69,122,105,749,849,51
19,32,82,81,684,766,51
38,53,6,24,591,643,51
301,283,210,200,848,966,51
26,25,80,45,708,772,51
20,20,49,25,711,789,51
16,21,41,33,673,742,52
152,136,129,98,784,882,52
52,45,58,38,695,782,52
5,21,0,25,519,556,52
27,30,57,55,684,756,52
207,118,148,91,807,907,52
39,30,56,30,693,749,52
16,32,21,41,634,742,52
234,179,168,119,824,934,52
316,253,357,237,879,1009,52
9,25,18,40,567,602,52
39,41,64,41,733,807,52
105,81,206,129,811,926,52
5,22,22,49,512,548,52
35,54,17,49,664,711,52
148,126,199,110,826,944,52
393,361,291,255,883,1011,52
160,115,172,109,793,888,52
106,77,218,164,824,934,52
182,153,171,137,802,912,52
185,147,205,128,843,963,52
40,47,42,41,658,726,52
480,285,362,151,876,996,52
10,28,9,26,511,530,52
17,26,101,65,717,792,52
379,257,320,179,897,1023,52
52,41,94,46,720,815,52
147,101,195,118,814,919,52
31,46,28,61,643,704,52
78,91,65,95,715,791,52
175,190,119,149,759,850,52
332,248,320,245,916,1023,52
23,31,37,55,711,786,52
223,188,225,227,878,1003,52
31,25,23,24,656,710,52
12,28,5,35,562,562,52
682,432,731,387,988,1023,52
124,125,194,147,809,911,52
104,117,79,100,754,837,52
108,95,55,77,784,892,52
31,28,94,69,714,781,53
119,84,218,138,854,984,53
71,88,41,63,673,757,53
5,21,6,37,604,655,53
4,20,0,4,450,514,53
34,51,23,46,585,658,53
190,167,136,119,812,922,53
131,106,166,124,818,918,53
53,49,25,27,665,747,53
10,24,31,46,577,632,53
14,20,17,30,615,647,53
7,22,32,36,594,625,53
46,39,112,64,735,805,53
349,313,253,191,864,990,53
270,249,165,139,847,957,53
59,62,139,143,789,893,53
511,316,380,202,914,1023,53
88,83,89,77,734,824,53
45,46,38,35,672,731,53
67,45,91,37,757,867,53
420,290,423,248,928,1023,53
32,48,43,73,680,748,53
143,131,202,170,847,957,53
75,82,146,132,773,864,53
176,123,212,162,846,961,53
13,26,16,28,587,644,53
41,49,96,92,733,820,53
317,245,298,204,873,1001,53
16,31,14,33,627,681,53
83,65,106,98,737,823,53
290,263,214,214,846,964,54
99,112,80,82,736,820,54
369,182,499,253,913,1023,54
94,85,71,59,746,845,54
29,38,25,40,640,719,54
207,145,208,106,818,947,54
565,326,533,248,947,1023,54
19,21,34,22,653,715,54
1023,457,998,464,1019,1023,54
282,271,189,150,896,1023,54
143,141,170,166,792,901,54
20,34,11,31,617,674,54
84,57,52,53,754,845,54
371,317,317,281,882,1008,54
31,48,1,24,614,684,54
37,49,36,78,697,757,54
47,36,87,65,748,812,54
160,134,206,184,826,935,54
31,37,60,50,670,756,54
122,71,158,66,783,869,54
32,37,67,44,722,784,54
75,89,88,85,731,809,54
125,137,93,98,766,856,54
16,21,35,46,657,736,54
14,20,102,63,706,767,54
23,23,36,41,645,721,54
45,40,56,48,739,817,55
54,54,68,54,712,794,55
50,52,55,60,694,772,55
11,25,33,42,620,684,55
28,27,57,31,705,780,55
563,419,483,327,937,1023,55
49,51,79,76,733,821,55
566,481,438,370,946,1023,55
99,55,180,100,827,944,55
12,24,28,37,678,723,55
40,34,82,59,748,844,55
106,59,155,106,776,860,55
67,76,46,67,709,776,55
101,104,90,115,774,863,55
35,40,40,41,623,686,55
146,141,98,98,789,890,55
114,121,66,84,704,783,55
48,40,77,71,710,779,55
355,301,350,258,870,996,55
89,75,119,76,780,884,55
708,574,502,412,950,1023,55
35,54,19,46,613,690,55
93,77,122,74,770,845,55
36,48,31,33,644,722,55
12,27,2,27,499,624,55
345,158,417,178,903,1023,55
55,52,104,86,734,838,55
71,65,59,47,753,838,55
88,98,66,73,707,782,55
41,54,14,47,636,721,55
31,40,93,97,717,781,55
55,73,52,86,673,747,55
225,170,190,158,849,963,56
193,198,161,197,795,885,56
41,61,0,40,598,649,56
128,135,133,124,776,864,56
59,72,34,49,668,717,56
97,72,137,70,787,885,56
36,51,33,46,672,728,56
111,130,87,96,717,794,56
16,27,48,42,646,725,56
40,23,67,36,727,796,56
60,50,88,50,721,806,56
29,21,72,30,703,774,56
25,33,45,46,665,708,56
32,30,72,62,739,834,56
896,650,919,612,1023,1023,56
64,54,97,104,769,867,56
284,229,210,176,844,966,56
30,34,90,52,742,818,56
129,138,86,68,747,841,56
72,80,102,102,741,828,56
31,44,19,48,649,739,56
21,21,53,33,699,784,56
165,134,167,140,816,919,56
118,117,137,96,770,859,56
213,187,206,214,847,962,57
78,65,211,154,857,975,57
9,21,20,27,560,618,57
140,105,169,61,828,936,57
38,45,81,82,707,799,57
115,108,130,136,780,891,57
397,168,517,204,914,1023,57
74,75,83,71,718,788,57
100,96,100,76,752,848,57
13,30,35,55,619,672,57
25,35,115,66,740,823,57
11,27,0,26,463,534,57
73,84,9,35,728,788,57
36,45,23,36,680,746,57
20,31,13,24,636,660,57
142,88,208,142,841,960,57
170,162,139,99,827,960,57
313,262,314,216,883,1004,57
340,285,267,212,879,997,57
159,168,102,145,759,861,57
19,27,58,52,687,746,57
92,57,61,49,739,812,57
42,48,128,81,733,817,58
11,23,0,15,519,589,58
104,80,158,112,780,878,58
61,59,56,48,682,777,58
37,51,20,66,642,703,58
71,75,68,62,739,826,58
188,156,258,195,856,973,58
71,72,103,88,746,834,58
68,56,59,39,712,798,58
242,239,123,135,790,894,58
11,26,19,26,599,658,58
84,74,86,59,729,813,58
102,102,96,109,755,838,58
763,356,658,271,960,1023,58
45,46,96,76,708,770,58
130,74,205,90,818,926,58
116,56,170,66,827,930,58
23,34,58,64,698,777,58
52,46,106,59,736,815,58
90,104,71,106,742,830,58
22,35,58,68,699,789,58
219,110,337,128,889,1016,58
374,175,401,135,937,1023,58
13,24,10,20,580,660,58
11,23,59,60,662,724,58
119,66,196,99,801,907,58
138,97,170,119,836,962,58
232,182,201,121,830,931,58
38,53,63,31,709,790,58
14,22,12,24,563,613,58
13,32,16,51,568,580,58
175,167,236,249,877,1022,58
27,30,68,38,711,789,58
32,38,94,74,731,822,58
244,239,278,240,851,969,58
62,30,138,79,800,904,58
308,211,182,130,862,987,58
113,122,71,65,735,819,58
34,48,56,82,682,742,58
26,44,43,63,625,653,58
14,30,48,62,655,727,59
183,172,83,91,761,855,59
29,41,0,32,643,722,59
70,86,42,54,677,782,59
69,70,75,95,760,862,59
44,36,72,43,708,794,59
25,37,31,57,619,691,59
28,46,0,23,588,670,59
122,96,103,52,770,854,59
12,24,0,6,481,499,59
342,334,259,250,845,972,59
9,20,18,37,575,658,59
49,42,27,36,657,762,59
54,50,115,67,756,859,59
75,77,85,101,742,840,59
33,37,145,145,792,882,59
59,67,81,88,703,793,59
28,38,31,42,666,721,59
34,48,83,86,702,800,59
191,182,137,122,824,934,59
43,59,31,51,606,672,59
77,63,131,96,749,858,59
346,237,430,291,918,1023,59
208,201,146,159,807,911,59
89,105,51,74,696,775,59
101,105,166,157,765,865,59
147,127,119,116,802,905,60
31,47,11,28,599,636,60
661,367,582,332,988,1023,60
39,41,76,60,741,835,60
29,32,74,67,701,781,60
313,131,370,105,877,1008,60
63,60,167,129,801,903,60
104,110,121,118,761,858,60
16,33,12,51,627,656,60
25,33,76,42,713,788,60
8,24,23,32,650,695,60
90,88,98,92,752,860,60
70,79,92,85,733,820,60
52,63,55,87,672,747,60
95,48,123,45,748,845,60
74,85,61,96,711,786,60
173,102,146,114,832,936,60
583,451,415,290,936,1023,60
26,35,60,59,660,735,60
10,28,0,33,530,563,60
20,36,47,64,648,670,60
30,45,42,64,686,765,60
20,32,67,66,676,737,60
38,36,81,57,734,821,60
56,71,26,44,677,739,60
253,165,294,181,875,1001,61
128,132,129,138,789,888,61
23,20,31,28,641,683,61
30,48,17,51,607,669,61
1023,749,989,576,1023,1023,61
466,387,359,268,911,1023,61
22,40,2,36,512,550,61
355,192,354,143,871,997,61
563,430,538,440,953,1023,61
60,70,61,94,686,754,61
14,24,35,44,635,708,61
132,80,190,102,825,946,61
34,44,32,46,668,725,61
19,23,6,19,571,601,61
14,30,0,33,410,462,61
498,305,341,202,898,1023,61
46,42,83,53,734,836,61
9,22,21,49,651,715,61
119,108,104,72,806,912,61
24,30,61,61,679,749,61
645,535,320,288,909,1023,61
11,26,8,36,600,615,61
9,25,10,41,609,579,61
25,36,67,49,682,729,61
195,199,88,107,778,868,61
129,136,88,117,785,887,61
68,77,8,20,703,773,61
143,121,91,76,778,883,61
60,69,53,52,697,767,61
103,97,118,108,755,852,61
13,29,0,21,615,729,61
11,24,11,26,585,625,61
122,72,92,70,791,890,61
104,72,170,113,805,916,62
1023,665,1023,703,1023,1023,62
93,81,96,72,726,811,62
51,41,79,55,711,797,62
57,49,43,42,681,762,62
36,42,26,47,614,659,62
125,111,187,135,786,883,62
49,56,103,68,814,958,62
430,254,486,340,928,1023,62
11,28,10,41,391,502,62
223,116,260,118,842,967,62
822,618,655,427,986,1023,62
30,41,56,64,705,790,62
127,128,112,113,777,876,62
69,52,102,55,787,872,62
52,64,3,31,671,751,62
40,46,77,55,709,781,62
137,137,119,118,791,907,62
90,55,215,115,812,913,62
352,309,371,335,917,1023,62
12,23,76,78,704,770,63
647,274,712,262,967,1023,63
61,60,29,36,701,793,63
52,67,114,137,704,785,63
156,149,118,120,805,916,63
13,23,90,59,691,753,63
47,42,98,92,731,802,63
74,72,77,52,741,815,63
75,77,158,139,792,901,63
22,25,18,30,622,693,63
41,41,33,38,676,753,63
118,118,92,95,747,819,63
250,205,279,262,874,993,63
309,203,234,154,861,977,63
143,123,95,76,775,856,63
73,50,93,61,735,819,63
131,87,182,115,808,912,63
23,35,12,33,636,673,63
11,21,29,44,625,666,63
85,85,71,75,730,797,63
14,22,23,22,651,693,63
21,21,26,29,647,704,63
659,216,683,193,1000,1023,63
98,103,37,45,646,713,63
18,27,36,40,589,669,63
187,161,139,130,797,904,63
1023,894,1023,800,1023,1023,63
66,40,69,49,751,834,64
510,384,519,415,930,1023,64
45,35,133,84,762,849,64
130,87,92,59,734,819,64
47,57,67,66,726,804,64
194,134,262,170,833,946,64
16,30,31,58,635,719,64
5,20,0,18,430,462,64
40,43,44,25,638,690,64
31,45,19,55,649,695,64
23,25,59,65,714,777,64
100,114,156,145,777,868,64
28,43,24,39,659,716,64
73,89,29,62,670,731,64
105,77,119,66,776,881,64
38,50,81,89,714,785,64
46,31,68,39,703,780,64
78,97,7,54,637,675,64
57,68,55,61,713,792,64
15,31,0,34,603,663,64
353,179,323,137,870,992,64
17,27,9,32,585,626,64
36,46,14,53,707,804,64
268,173,254,150,888,1023,64
61,68,136,148,763,844,64
1023,453,1023,517,1023,1023,64
46,45,71,58,694,754,64
105,90,101,64,742,821,64
19,31,42,36,664,720,64
41,39,107,87,742,823,64
16,27,22,21,667,734,64
96,68,110,69,795,911,64
59,53,118,78,756,854,64
1023,777,1023,726,1023,1023,64
60,61,143,106,784,880,64
305,230,306,245,871,997,64
51,51,93,59,758,838,64
211,143,143,93,819,925,64
14,31,2,23,556,592,64
95,95,147,122,762,870,64
75,87,100,77,739,823,64
114,59,118,58,775,881,65
41,51,76,93,759,858,65
222,111,228,163,831,947,65
22,40,0,15,552,596,65
26,35,71,53,717,802,65
18,21,11,27,648,739,65
333,230,313,204,884,1009,65
433,342,453,304,914,1023,65
32,45,67,68,676,747,65
170,122,209,134,838,957,65
59,45,120,89,736,834,65
17,28,0,13,472,537,65
173,157,217,155,821,930,65
192,113,309,192,854,973,65
167,111,182,107,814,918,65
56,41,128,64,740,835,65
38,34,98,42,702,788,65
68,65,82,44,743,831,65
41,59,0,20,542,569,65
221,151,259,152,865,995,65
14,30,52,60,668,704,65
235,171,209,148,855,974,65
191,89,167,76,821,928,65
5,20,24,28,612,679,65
67,53,127,58,758,845,65
80,93,60,79,715,783,66
126,118,355,268,872,994,66
52,49,89,78,728,807,66
43,37,62,56,693,786,66
9,24,8,23,578,601,66
18,34,21,30,636,690,66
92,108,65,86,709,788,66
48,56,31,44,694,760,66
13,20,43,45,635,711,66
20,34,17,43,615,658,66
53,59,53,58,734,811,66
53,62,65,81,753,835,66
81,89,70,39,725,808,66
318,287,233,242,849,967,66
59,36,122,68,796,902,66
45,57,24,43,682,748,66
9,23,26,41,632,671,66
15,27,29,31,617,673,66
165,148,299,230,849,965,66
77,80,62,61,728,818,66
360,255,345,223,883,1006,66
106,101,104,99,762,845,66
35,44,75,83,725,793,66
92,97,48,67,716,792,66
85,89,148,145,770,860,66
201,184,171,151,811,923,66
88,90,176,160,762,877,66
95,89,105,65,772,859,66
83,77,67,69,727,814,66
66,75,30,60,683,760,66
288,252,267,205,858,979,66
63,70,62,88,704,786,66
68,83,135,126,733,812,66
212,186,224,146,855,975,67
299,250,275,203,894,1023,67
128,91,278,172,847,956,67
116,60,181,88,834,962,67
54,36,123,68,752,839,67
16,25,14,34,643,681,67
414,226,435,203,917,1023,67
8,23,0,29,544,572,67
184,96,222,93,828,936,67
154,103,84,65,769,873,67
15,30,30,30,608,665,67
511,264,491,220,921,1023,67
22,37,39,69,658,729,67
57,56,105,62,749,833,67
34,48,46,43,634,707,67
47,33,109,51,743,842,67
306,261,212,165,854,978,67
245,231,167,172,864,974,67
49,31,66,36,731,816,67
55,64,63,73,721,823,67
176,120,294,213,863,987,67
445,365,480,431,930,1023,67
38,35,74,51,725,810,67
58,38,70,32,722,810,67
20,27,46,43,687,758,67
107,101,66,74,747,835,67
39,47,67,63,714,789,67
281,224,226,182,850,967,67
343,245,245,171,847,969,67
210,136,235,137,831,950,67
397,211,421,269,912,1023,68
138,105,197,156,849,974,68
58,72,86,101,726,795,68
25,39,7,44,601,631,68
19,23,39,54,681,762,68
27,37,11,23,646,720,68
31,29,30,20,642,708,68
34,29,16,22,612,725,68
235,218,210,164,823,938,68
89,51,71,40,735,834,68
57,63,111,103,752,853,68
20,37,0,29,530,598,68
10,24,49,63,654,732,68
113,115,158,159,790,882,68
219,157,242,121,842,965,68
77,78,101,76,761,854,68
25,41,9,48,599,631,68
163,170,116,148,760,865,68
426,335,463,314,926,1023,68
208,185,264,229,837,961,68
57,63,57,59,708,777,68
11,23,0,22,574,611,68
83,71,85,75,733,829,68
142,133,127,143,817,922,68
36,45,23,34,652,703,68
265,198,307,189,883,1008,68
88,55,139,66,777,870,68
156,147,163,171,804,894,68
37,45,50,46,714,802,68
9,23,33,54,644,685,68
198,150,162,91,844,967,68
445,367,332,225,905,1023,68
162,108,132,101,835,940,68
51,60,79,91,714,793,68
225,178,263,231,869,996,68
378,192,548,283,921,1023,68
234,143,276,145,855,977,68
60,57,83,55,746,819,68
238,184,314,240,876,1002,69
245,178,300,194,870,992,69
18,33,28,53,575,663,69
45,35,78,56,718,802,69
26,34,74,74,695,766,69
50,47,29,25,680,723,69
28,36,20,33,601,697,69
82,69,72,74,712,801,69
54,31,111,68,765,854,69
25,42,11,50,542,585,69
165,115,145,99,829,935,69
51,56,50,48,712,791,69
38,41,7,35,636,693,69
667,448,753,510,996,1023,69
146,79,213,132,803,904,69
606,315,641,378,966,1023,69
7,22,0,28,546,612,69
10,24,25,52,563,640,69
30,28,38,40,647,715,69
197,170,172,123,823,935,69
36,40,77,70,686,762,69
53,48,54,44,701,762,69
137,67,201,79,807,906,69
45,55,65,76,720,795,69
116,121,126,102,744,840,69
60,53,53,36,731,809,69
13,29,18,34,629,700,69
134,127,187,147,819,922,70
42,43,58,49,718,812,70
204,201,161,139,812,921,70
35,31,16,24,636,652,70
112,72,288,220,840,955,70
44,58,42,45,668,713,70
13,24,47,78,676,777,70
55,51,56,58,708,792,70
46,55,59,64,713,813,70
22,29,45,38,700,808,70
183,161,230,108,831,944,70
68,52,152,97,762,852,70
138,136,143,104,796,906,70
18,21,36,36,703,798,70
23,25,48,45,680,748,70
162,118,260,190,853,977,70
23,40,16,37,561,640,70
23,27,29,31,638,727,70
292,228,357,310,903,1023,70
14,23,6,24,518,579,70
98,108,68,90,732,806,70
53,65,56,80,705,809,70
23,39,1,36,653,724,70
321,277,339,280,877,1003,70
146,101,139,82,795,906,71
80,71,58,54,737,817,71
44,52,49,50,681,743,71
83,81,69,72,721,801,71
41,40,64,37,708,789,71
16,29,17,35,644,695,71
243,199,268,223,871,1001,71
114,115,82,115,773,869,71
61,67,75,64,753,836,71
346,223,428,253,923,1023,71
25,27,70,62,737,832,71
20,30,24,30,681,761,71
41,41,63,55,699,790,71
69,79,73,51,741,822,71
31,49,0,31,553,593,71
138,129,191,165,825,951,71
10,20,0,13,542,566,71
384,309,285,262,890,1018,71
27,42,32,45,674,756,71
179,141,147,90,795,902,71
61,53,138,116,777,879,71
137,114,167,140,824,921,71
76,84,106,121,739,825,71
15,25,0,17,504,611,71
75,73,47,72,725,802,71
278,252,285,284,879,1015,71
152,69,177,62,839,951,71
73,54,97,71,757,861,71
251,130,196,115,859,984,71
376,270,361,250,911,1023,71
52,35,80,44,732,829,71
28,41,15,31,653,726,71
12,24,25,37,613,669,71
469,256,349,226,898,1023,71
46,57,25,49,645,696,71
1023,1021,1023,875,1023,1023,71
34,32,78,70,698,777,71
46,44,83,61,708,794,71
51,54,50,45,697,762,71
37,37,84,56,702,779,71
24,33,45,58,677,759,71
30,37,22,47,590,661,71
60,46,87,54,734,815,71
10,26,0,29,466,506,71
159,164,66,86,766,862,71
116,90,171,125,776,872,71
98,96,164,133,783,868,71
8,20,8,33,587,640,71
105,70,102,80,752,839,72
48,46,106,70,739,819,72
28,37,56,73,683,743,72
119,97,170,118,807,910,72
42,33,71,43,675,749,72
50,29,86,49,708,799,72
153,116,303,216,846,965,72
16,29,0,25,414,504,72
165,125,162,96,811,918,72
29,43,1,30,553,629,72
46,33,62,54,688,787,72
26,20,36,21,629,689,72
105,106,114,113,763,850,72
190,100,202,104,840,957,72
24,36,36,54,655,702,72
27,38,43,54,677,731,72
73,76,136,124,750,846,72
110,99,145,130,873,1023,72
108,93,138,100,783,871,72
250,198,187,151,818,939,72
63,52,84,53,741,822,72
398,254,383,205,894,1020,72
260,151,178,108,839,961,73
9,24,24,28,624,639,73
49,41,103,71,749,844,73
63,41,77,50,725,795,73
37,43,46,65,692,747,73
244,142,375,230,907,1023,73
16,31,13,42,589,653,73
18,26,41,41,653,712,73
200,115,279,186,854,985,73
17,29,23,31,606,672,73
942,422,849,330,1012,1023,73
17,26,27,30,625,699,73
95,77,141,88,804,915,73
94,79,196,152,823,964,73
29,26,57,39,714,797,73
18,29,3,22,604,675,73
161,139,201,176,825,940,73
47,46,53,41,695,778,73
58,73,44,54,680,759,73
13,25,5,43,664,761,73
148,117,131,92,790,907,73
15,27,57,53,647,692,73
82,78,96,80,741,828,73
34,46,70,83,702,774,73
33,37,62,65,673,735,73
22,29,38,37,666,712,73
86,55,123,71,780,883,73
187,152,319,262,838,952,73
157,168,68,108,735,815,74
73,68,193,151,791,897,74
98,109,33,54,740,834,74
48,51,43,55,692,784,74
37,29,67,29,705,783,74
45,41,40,29,721,822,74
183,81,223,99,837,948,74
385,325,274,196,857,985,74
133,93,93,63,751,847,74
191,120,270,149,853,975,74
36,26,52,54,693,771,74
169,155,214,177,840,953,74
86,87,94,96,741,821,74
816,332,826,408,1023,1023,74
6,21,0,35,526,642,74
27,35,27,37,661,717,74
64,45,93,57,719,800,74
197,119,265,210,841,959,74
166,85,203,82,844,958,74
10,21,49,46,687,742,74
16,26,47,59,678,753,74
232,209,190,178,814,920,74
67,50,166,103,805,904,74
51,65,20,54,613,663,74
210,197,172,150,817,928,74
24,40,9,50,586,647,74
90,84,88,88,730,819,74
67,51,61,56,756,832,74
11,22,15,33,551,599,74
43,44,108,83,738,823,74
31,46,24,21,697,758,74
149,104,228,145,842,947,74
26,37,84,77,688,764,75
249,235,202,170,819,925,75
93,70,171,103,783,891,75
71,63,59,34,708,811,75
105,98,151,121,773,861,75
44,41,89,44,723,796,75
66,75,108,105,736,810,75
164,152,129,113,810,910,75
582,402,359,224,945,1023,75
17,27,55,59,715,780,75
8,23,10,25,487,575,75
31,31,66,42,715,769,75
123,117,137,133,783,884,75
19,20,90,65,733,813,75
173,171,136,107,778,872,75
37,44,48,57,670,759,75
100,78,126,95,788,880,75
123,127,111,107,768,868,75
111,111,63,67,759,851,75
58,68,24,37,721,787,75
54,61,49,58,679,722,75
40,49,70,79,667,741,75
720,510,580,369,960,1023,75
28,25,65,41,678,723,75
27,27,46,23,659,710,75
210,179,232,201,856,970,76
28,28,64,56,695,753,76
24,33,43,45,646,704,76
67,62,69,81,757,843,76
11,20,44,41,646,704,76
105,74,139,70,807,913,76
404,201,470,213,937,1023,76
327,259,347,238,896,1023,76
26,40,9,39,609,697,76
30,25,87,69,731,813,76
58,70,91,116,731,816,76
6,20,0,22,622,709,76
84,76,100,83,767,867,76
10,24,0,17,532,590,76
37,51,25,39,656,728,76
94,97,109,105,750,850,76
587,446,484,378,957,1023,76
157,138,119,108,797,903,76
28,40,62,77,708,784,76
94,89,137,116,779,884,76
23,24,58,57,673,736,76
40,44,49,48,728,816,76
45,54,60,71,707,786,76
277,228,269,215,863,987,77
86,90,156,139,812,912,77
26,44,5,39,589,641,77
99,93,64,79,711,789,77
158,79,213,104,821,930,77
545,424,538,443,948,1023,77
132,138,71,87,725,818,77
44,57,11,48,687,766,77
91,51,138,49,791,882,77
20,22,27,27,649,717,77
17,25,57,46,689,767,77
42,42,39,35,686,747,77
6,20,0,10,557,587,77
11,20,20,20,654,705,77
193,206,52,86,751,838,77
16,33,0,28,0,328,77
736,517,538,384,973,1023,77
35,34,5,16,662,736,77
41,53,36,69,700,781,77
23,22,54,27,702,770,77
20,37,16,45,583,647,77
167,163,190,192,849,960,77
142,131,172,176,808,897,77
69,70,66,77,737,820,77
18,33,39,53,655,707,77
20,23,41,24,691,738,77
16,26,30,38,666,740,77
11,23,4,31,559,606,77
44,27,55,34,698,759,77
54,44,65,69,702,770,77
59,57,52,39,706,786,77
12,24,17,41,551,617,77
54,58,84,71,742,817,77
63,80,24,58,674,741,77
331,236,373,245,908,1023,77
74,67,69,46,770,863,77
59,74,33,69,647,702,77
42,54,37,63,653,723,77
537,322,470,284,924,1023,77
76,75,108,108,757,840,77
48,65,0,46,628,688,78
388,336,328,313,889,1021,78
34,23,66,43,701,775,78
206,158,203,128,801,909,78
102,51,130,67,774,882,78
123,136,58,80,698,786,78
15,30,20,43,550,606,78
21,33,6,21,640,755,78
29,31,72,46,708,792,78
14,26,18,26,625,700,78
43,47,79,76,710,774,78
38,49,31,48,652,708,78
7,21,0,19,436,488,78
24,35,47,59,672,732,78
41,56,28,44,663,714,78
26,20,59,54,709,770,78
108,106,119,127,763,855,78
173,113,132,108,830,949,78
333,223,244,147,879,1010,78
26,23,66,32,704,769,78
303,143,345,167,858,990,78
15,26,42,53,648,713,78
30,35,43,32,667,755,78
10,23,10,22,391,475,78
9,22,9,19,556,589,78
173,108,167,74,820,944,78
40,35,51,53,656,725,78
155,135,124,103,791,893,79
40,41,80,91,713,807,79
211,198,145,117,809,908,79
7,20,20,30,571,658,79
9,21,0,21,580,602,79
28,30,78,40,698,766,79
170,120,126,79,804,904,79
60,74,75,84,711,800,79
40,55,6,46,683,756,79
27,40,11,39,657,731,79
53,45,164,159,796,905,79
21,37,31,50,653,745,79
90,96,129,119,751,838,79
203,142,257,211,890,1023,79
300,164,281,146,862,989,79
176,79,175,58,817,921,79
70,77,101,112,766,854,79
185,155,255,187,838,945,79
67,66,86,89,761,860,79
96,83,169,137,792,888,80
19,25,20,28,607,701,80
57,67,28,50,687,772,80
71,85,70,86,707,781,80
26,42,0,38,566,627,80
64,54,71,54,730,803,80
95,83,117,109,769,860,80
74,81,69,70,749,828,80
42,49,100,95,739,819,80
153,121,166,89,828,958,80
126,54,110,41,765,867,80
47,50,46,41,671,741,80
53,42,72,46,717,800,80
16,22,33,32,606,631,80
11,24,0,26,520,599,80
106,96,118,116,785,890,80
46,53,28,43,701,763,80
44,48,35,46,687,753,80
68,65,45,57,700,782,80
16,21,19,21,623,680,80
148,132,142,111,766,850,80
329,191,540,363,939,1023,80
211,170,273,216,849,971,80
174,171,109,117,773,852,80
22,30,31,45,651,700,80
68,71,24,43,686,769,81
106,80,80,67,765,847,81
40,29,39,50,704,765,81
322,220,469,311,902,1023,81
295,264,195,143,827,939,81
538,405,434,283,906,1023,81
58,65,80,110,729,811,81
31,29,83,81,705,783,81
32,37,37,53,675,733,81
287,248,209,197,852,967,81
70,56,161,117,818,924,81
12,26,0,21,523,581,81
58,55,91,40,719,771,81
19,23,65,40,660,724,81
9,25,0,11,423,477,81
37,44,54,66,636,706,81
183,95,238,127,833,949,81
179,185,105,126,777,870,81
21,28,19,21,623,666,81
41,57,25,45,639,711,81
77,66,88,66,746,834,81
32,42,43,51,699,781,81
169,172,161,161,798,909,81
42,49,71,46,708,794,81
88,81,161,147,791,897,81
138,68,247,109,845,962,81
27,35,18,31,687,771,81
214,177,172,127,833,947,81
1022,668,759,429,1013,1023,81
171,122,182,112,801,913,81
206,164,318,237,884,1016,81
169,160,198,211,824,944,81
204,132,249,132,863,986,81
202,82,243,101,852,981,81
25,27,82,73,726,820,82
37,21,57,39,735,828,82
19,20,38,27,649,708,82
29,30,49,36,687,773,82
740,580,569,447,971,1023,82
78,91,37,63,680,773,82
94,81,179,150,817,932,82
402,194,508,221,916,1023,82
693,430,658,336,971,1023,82
25,36,46,75,702,783,82
50,62,48,71,723,816,82
55,47,85,64,726,801,82
89,106,19,47,668,736,82
164,77,182,101,811,928,82
111,69,121,79,772,874,82
61,68,109,103,749,844,82
35,29,69,42,685,764,82
62,44,66,54,679,764,82
305,249,213,161,846,977,82
17,31,48,62,662,739,82
882,584,770,468,1013,1023,82
287,256,255,219,886,1023,82
73,73,161,121,785,880,82
76,77,133,116,770,861,82
74,78,64,78,719,803,82
341,317,389,305,910,1023,83
38,52,25,45,653,751,83
51,62,85,105,712,785,83
1023,660,857,459,1015,1023,83
26,35,1,21,586,624,83
13,20,38,38,626,757,83
74,83,76,110,732,820,83
208,195,125,126,811,916,83
286,235,223,188,857,981,83
208,210,141,125,786,887,83
32,42,35,49,657,714,83
187,157,155,90,809,920,83
11,21,50,43,687,772,83
370,271,214,162,874,997,83
27,45,0,26,591,637,83
63,50,73,47,733,815,83
48,52,35,31,664,726,83
80,97,63,88,689,742,83
29,46,18,44,609,657,83
65,47,91,46,739,818,83
460,241,531,236,926,1023,83
830,415,780,432,1010,1023,83
35,31,65,32,699,773,83
124,125,89,105,738,819,83
1023,1021,973,718,1023,1023,83
154,159,68,94,783,887,83
83,89,62,87,687,757,83
29,32,89,57,726,797,83
130,106,120,69,775,875,83
381,185,379,170,920,1023,83
42,37,49,32,701,795,83
86,56,110,71,814,918,83
156,163,153,178,785,883,84
128,103,304,230,861,977,84
6,22,4,33,495,557,84
21,21,35,37,642,694,84
42,44,54,49,696,739,84
9,21,37,45,620,680,84
168,113,177,88,823,927,84
115,109,123,116,779,883,84
109,69,149,78,793,898,84
93,75,94,64,757,844,84
69,25,156,64,784,879,84
78,94,61,75,702,770,84
1023,1021,1023,814,1023,1023,84
13,27,32,38,629,721,84
420,326,613,413,953,1023,84
322,138,339,177,909,1023,84
8,21,0,18,523,624,84
64,80,61,83,710,784,84
162,121,144,101,759,853,84
137,63,155,62,814,913,84
74,50,159,67,784,888,84
189,141,181,108,828,945,84
422,205,385,166,891,1023,84
83,85,73,75,751,847,84
119,74,141,80,789,888,84
270,206,241,171,858,987,84
43,44,108,115,791,885,84
71,65,55,39,693,787,84
24,25,36,43,662,717,84
233,187,262,158,831,941,84
50,47,111,99,773,865,84
31,21,93,46,705,786,84
13,25,36,58,661,739,84
85,101,31,68,684,753,84
13,20,16,29,600,652,84
88,100,30,58,724,812,84
73,58,141,75,771,860,84
143,124,185,95,817,927,84
37,49,11,38,599,666,84
124,122,104,108,780,876,84
68,77,67,49,723,807,85
551,382,740,440,973,1023,85
240,91,272,107,874,1006,85
64,59,85,51,728,790,85
45,49,79,90,706,787,85
59,59,51,52,701,772,85
16,28,20,35,612,685,85
673,414,595,333,967,1023,85
62,52,106,78,736,829,85
312,237,278,170,918,1023,85
51,66,32,40,645,711,85
161,102,131,79,773,863,85
24,40,0,36,489,591,85
166,145,101,99,754,852,85
132,123,119,103,759,856,85
7,22,13,39,485,535,85
161,91,190,106,805,927,85
144,126,159,141,820,933,85
87,94,77,86,754,864,85
240,95,329,113,863,998,85
303,291,215,205,833,949,85
1023,797,935,554,1023,1023,85
112,68,144,98,785,873,85
100,117,60,99,713,785,85
15,25,7,25,558,601,85
205,143,319,204,865,986,85
1023,1021,1023,520,1023,1023,85
463,345,353,239,883,1011,86
73,70,57,55,732,816,86
58,69,103,120,727,806,86
61,66,39,49,687,743,86
80,76,101,81,724,816,86
440,165,468,185,922,1023,86
32,38,83,100,686,760,86
199,164,210,150,840,965,86
314,171,343,195,860,981,86
299,221,258,192,863,981,86
142,86,117,76,777,879,86
11,26,11,43,511,567,86
56,65,23,42,694,769,86
43,27,59,37,696,785,86
448,415,245,228,844,959,86
545,329,559,350,938,1023,86
42,44,55,48,689,776,86
261,209,338,257,864,990,86
516,268,689,396,968,1023,86
566,243,554,185,935,1023,86
193,173,172,192,830,942,86
22,23,8,15,630,663,86
25,21,51,45,653,724,86
318,259,295,196,866,989,87
84,97,106,120,738,828,87
5,20,5,35,585,639,87
28,28,33,35,662,743,87
55,60,51,43,705,783,87
5,20,0,19,581,644,87
60,51,53,35,708,787,87
67,76,120,137,770,860,87
283,228,305,244,880,1011,87
175,142,188,123,820,927,87
12,24,4,16,590,640,87
555,225,606,223,935,1023,87
49,62,52,78,702,779,87
14,28,18,35,622,666,87
214,117,303,120,871,999,87
86,94,95,97,719,804,87
13,24,0,37,669,763,87
51,55,20,29,685,735,87
13,24,28,33,637,673,87
53,60,98,94,712,809,87
37,33,74,65,725,808,87
163,156,67,48,759,860,87
63,83,11,60,605,679,87
42,40,48,43,717,814,87
126,80,216,80,832,948,87
39,47,25,29,637,707,87
235,122,196,120,847,974,87
156,129,127,101,791,895,87
66,61,56,37,704,767,87
42,25,120,67,766,880,87
18,25,46,55,635,714,87
90,55,180,124,786,881,87
587,477,495,383,941,1023,87
769,249,694,264,978,1023,87
37,26,136,79,735,824,87
17,32,51,75,661,728,87
36,40,24,45,682,802,87
17,33,32,67,608,686,87
118,82,264,151,835,938,88
76,93,44,74,650,749,88
532,482,306,278,874,998,88
40,51,52,65,675,746,88
66,73,39,61,709,776,88
109,118,62,63,721,801,88
405,328,543,435,934,1023,88
148,151,114,116,795,902,88
267,179,299,191,864,985,88
74,78,35,68,697,786,88
138,123,106,98,781,874,88
39,34,45,35,694,760,88
37,42,79,70,706,787,88
43,27,66,33,717,778,88
133,138,88,64,751,845,88
125,69,247,180,852,972,88
19,26,4,37,605,654,88
56,55,142,135,802,913,88
123,104,112,90,761,845,88
21,37,38,45,638,703,88
376,317,395,317,900,1023,88
178,176,164,183,798,911,88
26,42,0,35,551,608,88
154,147,173,183,830,942,89
306,205,257,136,872,996,89
39,52,63,80,687,776,89
17,33,0,25,429,533,89
42,43,51,60,674,726,89
10,21,21,33,622,688,89
91,73,187,136,795,892,89
5,20,7,38,544,577,89
77,85,76,85,729,792,89
230,204,210,182,833,954,89
71,64,77,70,735,822,89
46,38,105,72,754,849,89
120,133,88,108,736,832,89
52,43,66,56,737,826,89
103,101,127,146,794,901,89
421,172,428,143,926,1023,89
116,96,149,114,815,914,89
273,126,299,142,869,991,89
29,43,39,53,646,727,89
78,54,67,42,729,817,90
371,191,291,135,875,1009,90
17,22,5,19,609,645,90
215,208,150,160,809,908,90
489,327,505,360,944,1023,90
123,116,109,115,798,897,90
67,80,82,119,719,804,90
147,152,95,104,763,858,90
122,78,195,170,806,911,90
65,55,97,62,741,838,90
58,47,66,42,692,765,90
45,54,62,77,700,771,90
211,168,170,155,844,965,90
69,74,111,114,740,829,90
166,56,240,88,839,958,90
47,56,90,74,685,762,90
31,43,65,82,685,766,90
27,42,0,28,595,656,90
30,38,41,33,672,736,90
147,124,192,111,807,919,90
23,40,2,33,530,631,90
23,29,68,58,662,735,90
35,51,9,44,649,728,90
175,166,90,95,791,892,90
69,61,74,59,705,785,90
13,20,46,39,657,756,90
15,20,34,41,672,741,90
135,67,153,45,798,885,90
127,130,123,99,769,862,90
247,227,205,142,849,964,90
55,59,85,83,734,835,90
11,27,9,34,549,594,90
35,53,37,48,621,697,90
12,26,3,33,597,672,90
9,21,9,27,571,640,90
32,22,81,56,698,778,90
129,125,120,142,785,889,90
244,174,258,176,837,957,90
228,153,248,141,846,968,90
25,38,84,74,708,780,90
27,35,42,44,662,727,90
92,61,133,93,762,852,90
82,47,101,53,740,832,90
80,75,60,35,721,807,90
14,22,19,24,628,687,90
218,174,281,219,856,982,90
35,44,64,54,689,767,90
147,124,159,171,814,927,90
43,50,94,88,747,830,90
48,60,6,41,651,735,90
86,102,40,33,706,793,90
529,223,502,201,941,1023,90
14,26,31,35,615,669,91
97,86,88,61,749,851,91
51,45,127,93,745,830,91
82,86,137,117,785,885,91
50,48,57,60,679,779,91
365,221,412,249,908,1023,91
29,29,51,27,647,728,91
207,124,177,123,807,926,91
21,36,31,43,631,718,91
55,70,19,47,697,777,91
672,292,624,238,970,1023,91
34,31,10,33,601,679,91
238,165,312,181,891,1023,91
15,27,68,63,680,736,91
240,123,236,146,848,974,91
35,53,32,55,576,661,91
177,169,160,161,812,921,91
631,207,745,389,963,1023,91
613,351,534,284,951,1023,91
20,27,24,25,619,658,91
343,193,466,283,937,1023,91
55,63,57,62,687,756,91
548,190,557,216,963,1023,91
227,222,248,227,831,943,91
171,152,194,166,819,928,91
16,31,17,47,537,623,92
50,64,47,52,686,766,92
17,25,55,52,649,731,92
32,28,44,38,667,740,92
50,43,47,35,680,747,92
582,438,456,343,941,1023,92
197,186,189,177,825,935,92
31,40,45,55,642,706,92
516,376,495,353,937,1023,92
303,220,323,166,877,999,92
200,176,182,121,809,911,92
17,34,0,23,324,322,92
97,89,62,50,754,861,92
57,66,75,77,698,772,92
130,87,132,68,773,871,92
24,36,40,65,651,701,92
34,25,68,47,741,828,92
47,62,49,79,678,734,92
24,41,16,55,502,551,92
150,104,182,92,785,877,92
110,60,183,132,789,902,92
7,22,31,53,613,674,92
27,36,31,26,665,739,92
54,70,38,72,688,769,92
24,26,79,47,714,784,92
258,213,398,288,888,1020,92
30,45,38,67,642,721,92
468,351,349,225,916,1023,92
118,121,87,98,769,868,92
53,43,65,45,700,789,92
25,33,55,50,666,716,92
14,21,50,38,692,775,92
43,50,65,60,683,773,93
51,53,98,86,730,827,93
114,103,170,143,793,896,93
27,46,0,32,559,597,93
57,68,107,73,722,814,93
30,47,13,19,651,700,93
1023,595,1023,484,1023,1023,93
29,29,65,62,705,770,93
61,46,128,61,766,866,93
547,336,512,251,933,1023,93
30,25,26,29,601,683,93
9,21,15,32,604,673,93
731,391,547,279,953,1023,93
90,64,143,71,800,906,93
27,39,59,75,641,729,93
163,145,148,159,798,917,93
22,32,50,32,686,775,93
54,34,94,69,741,825,93
262,87,248,107,835,961,93
30,27,60,45,689,776,93
36,52,27,55,639,720,93
166,120,152,66,840,984,93
74,78,103,106,743,835,93
148,152,174,178,793,897,93
95,81,125,93,747,849,93
52,60,43,56,704,797,93
11,27,0,26,357,435,93
10,20,25,29,614,704,93
55,59,44,69,725,809,93
30,32,84,88,724,825,93
44,58,57,75,731,811,93
50,60,80,71,701,782,93
52,42,71,61,730,826,93
203,134,128,86,806,924,93
299,223,246,235,874,1005,93
109,101,100,79,731,822,93
16,23,32,37,643,707,93
51,54,70,72,740,842,93
91,103,109,105,752,838,93
90,106,76,102,712,787,93
91,72,223,136,835,945,93
42,37,64,52,762,860,93
51,52,88,69,716,797,93
74,45,204,71,803,910,93
213,172,186,146,831,940,93
58,55,46,47,684,760,93
174,144,232,178,826,946,93
26,43,0,19,530,584,93
51,53,64,59,715,788,93
76,58,198,145,806,906,93
68,80,36,69,682,764,93
7,20,24,35,633,671,93
286,254,205,155,813,924,93
36,35,81,66,706,786,93
31,33,59,52,665,738,94
41,39,36,31,694,785,94
26,41,36,43,663,727,94
116,65,94,47,774,867,94
158,73,263,120,845,963,94
63,76,46,81,696,767,94
21,37,0,25,590,639,94
64,80,34,73,669,720,94
59,42,50,45,706,777,94
23,31,11,23,566,672,94
61,45,70,63,721,793,94
31,23,51,35,656,736,94
538,211,613,273,949,1023,94
73,64,98,76,749,842,94
17,27,1,16,603,653,94
30,34,31,54,661,730,94
83,71,19,43,712,796,94
133,140,78,94,710,788,94
26,29,59,60,657,716,94
17,24,47,37,646,714,94
201,174,112,88,788,895,94
14,25,37,53,606,649,94
43,36,2,19,622,676,94
35,28,79,56,702,763,94
30,22,46,35,671,713,94
592,412,456,323,943,1023,94
42,28,65,56,719,800,94
420,259,524,324,944,1023,94
163,127,223,158,821,923,94
40,55,18,43,579,638,94
160,166,124,142,788,878,94
50,44,25,45,676,727,94
11,25,0,36,522,581,94
99,109,91,117,735,823,95
235,124,256,112,844,964,95
151,133,179,156,813,926,95
20,20,20,20,643,694,95
35,37,40,54,684,750,95
351,212,259,189,872,995,95
14,20,51,42,655,675,95
322,166,456,291,924,1023,95
661,212,677,219,966,1023,95
33,33,4,22,633,680,95
155,102,175,91,814,924,95
34,48,77,75,696,773,95
80,42,79,47,730,822,95
851,360,705,304,986,1023,95
92,104,65,96,710,779,95
31,47,23,49,623,691,95
30,42,44,49,706,807,95
28,24,52,44,685,749,95
591,529,404,347,922,1023,95
65,33,118,42,790,888,95
80,60,33,27,685,776,95
35,42,59,56,683,769,95
44,43,134,106,762,853,96
59,73,65,85,693,783,96
27,35,37,45,637,692,96
15,20,37,29,658,727,96
44,52,112,83,747,817,96
112,61,119,79,760,846,96
181,123,158,69,793,896,96
33,30,22,26,637,701,96
206,106,185,81,803,906,96
231,220,158,160,838,961,96
109,75,101,60,744,845,96
24,23,45,38,633,706,96
108,81,145,94,796,893,96
160,131,201,156,819,928,96
11,20,44,35,642,714,96
160,95,229,131,829,948,96
129,138,87,129,770,866,96
129,80,132,70,812,930,96
83,66,86,56,752,851,96
278,177,249,153,837,960,96
46,60,51,87,613,661,96
36,44,0,20,599,650,96
70,75,57,62,682,763,96
92,99,106,120,759,850,96
26,22,47,35,657,742,96
16,26,11,29,614,690,96
32,42,63,65,708,790,97
44,61,26,53,578,656,97
110,98,89,88,763,866,97
281,234,205,142,853,977,97
23,26,70,47,669,765,97
312,228,365,271,921,1023,97
12,24,32,51,658,710,97
23,36,24,43,604,616,97
146,72,200,82,818,933,97
100,64,148,71,801,898,97
39,22,41,39,658,728,97
22,36,25,54,634,694,97
93,70,98,60,755,841,97
8,22,0,25,578,651,97
664,523,586,410,959,1023,97
65,68,41,36,694,755,97
37,40,19,26,645,706,97
59,66,150,147,747,843,97
21,35,59,87,689,779,97
20,34,4,33,536,604,97
108,99,117,102,817,917,97
28,38,59,53,697,786,97
17,26,86,98,729,795,97
57,54,47,35,685,750,97
92,80,194,163,816,927,97
101,98,83,93,748,832,97
10,24,0,7,491,546,97
67,70,58,53,698,785,97
1023,1021,947,716,1023,1023,97
67,60,117,88,752,830,97
150,138,73,83,730,821,97
24,37,0,18,537,592,97
264,204,228,193,846,961,97
22,36,50,78,648,749,97
40,52,145,120,773,865,97
132,114,179,155,803,922,97
16,32,5,37,599,676,97
101,92,101,112,736,839,97
33,42,17,41,665,749,97
192,87,166,91,833,947,97
215,174,203,142,817,923,97
229,224,176,125,807,906,97
188,177,187,158,795,890,98
63,74,37,50,669,740,98
20,26,0,16,539,578,98
18,32,38,39,639,710,98
449,302,518,417,960,1023,98
19,23,2,20,613,694,98
11,27,3,24,548,602,98
23,28,67,64,696,797,98
57,69,67,88,696,760,98
20,21,50,37,667,728,98
208,114,201,111,818,932,98
43,39,94,89,748,842,98
19,28,30,26,619,685,98
130,143,75,105,730,811,98
11,22,41,35,652,728,98
370,282,346,230,871,1002,98
24,34,15,38,542,629,98
10,22,45,54,637,714,98
30,41,44,56,668,746,98
11,26,2,27,524,593,98
877,511,848,521,1023,1023,98
753,387,666,328,967,1023,98
113,83,163,96,804,916,98
527,381,507,387,957,1023,98
79,53,56,43,740,819,98
11,24,0,23,508,565,98
102,98,127,93,763,876,98
76,76,94,75,734,814,98
436,339,503,397,928,1023,98
45,41,93,83,728,807,99
76,68,46,48,699,769,99
15,21,8,19,609,677,99
103,71,125,100,736,827,99
146,112,134,81,786,891,99
108,57,215,141,816,920,99
18,29,20,28,593,641,99
293,208,292,163,883,1016,99
39,51,37,56,626,694,99
15,20,32,20,663,749,99
25,32,60,54,689,759,99
71,61,134,121,746,857,99
79,86,67,84,743,855,99
66,60,76,80,737,851,99
46,41,74,53,730,828,99
25,36,55,66,688,766,99
33,37,42,34,723,800,99
135,130,131,142,780,881,99
14,27,40,51,619,702,99
109,119,70,77,735,824,99
15,34,0,31,440,506,99
25,26,82,57,698,766,99
35,34,73,45,703,770,100
16,27,82,75,707,787,100
17,29,21,51,641,709,100
52,50,93,42,720,799,100
471,225,380,214,886,1014,100
243,181,273,194,840,957,100
26,27,54,44,715,784,100
29,37,22,34,614,680,100
234,136,237,102,858,983,100
278,190,235,125,862,989,100
85,77,101,93,800,898,100
72,83,30,43,656,720,100
115,126,97,133,756,852,100
868,559,745,474,1009,1023,100
71,54,100,80,741,827,100
282,265,190,212,857,974,100
71,62,138,124,764,865,100
118,62,117,59,781,896,100
109,102,74,74,754,850,100
68,58,32,38,660,747,100
39,34,91,55,700,781,100
488,312,467,284,918,1023,100
69,67,122,95,754,842,100
45,50,38,51,615,699,100
136,139,98,134,761,857,100
503,408,497,406,939,1023,100
84,60,163,82,810,900,100
99,88,162,117,792,912,100
44,29,124,87,755,845,100
63,76,46,81,631,720,100
747,382,924,424,1022,1023,100
52,50,24,40,650,710,100
71,45,89,60,741,826,100
15,22,11,30,586,651,100
76,81,104,100,752,832,100
128,107,252,223,830,940,100
987,743,698,530,1014,1023,100
48,52,23,37,666,740,100
184,121,197,116,829,941,100
28,44,25,33,622,691,100
266,176,261,198,869,996,100
23,38,39,60,651,713,100
165,119,107,62,796,907,100
27,28,72,33,702,785,100
25,38,30,25,643,736,100
27,34,27,24,648,712,100
20,27,27,32,664,738,100
61,74,54,76,702,766,100
33,30,68,36,702,751,101
24,41,19,46,510,589,101
372,192,469,313,903,1023,101
88,71,164,110,806,925,101
33,43,95,113,725,814,101
57,71,1,29,632,708,101
291,165,450,270,885,1014,101
9,21,47,73,645,728,101
247,219,277,234,859,975,101
801,492,934,557,1015,1023,101
340,266,297,261,894,1023,101
39,25,54,25,736,820,101
23,41,0,32,278,534,101
85,95,108,127,738,822,101
29,38,66,93,711,803,101
107,65,192,106,790,894,101
482,209,425,243,920,1023,101
39,53,51,65,680,769,101
268,209,303,231,880,1019,101
30,48,0,23,554,627,101
537,284,616,396,958,1023,101
19,30,16,43,613,697,101
47,28,77,36,707,788,101
117,96,114,75,771,881,101
11,24,13,30,622,658,101
75,86,71,60,750,855,101
288,208,293,162,860,982,101
200,79,149,64,779,888,101
40,54,14,27,611,659,101
79,97,29,58,678,751,101
242,113,297,163,859,985,101
102,109,86,110,724,809,101
48,43,120,103,751,836,101
44,35,71,49,701,787,101
17,32,19,37,582,678,101
183,163,254,253,844,966,102
59,71,12,48,661,749,102
14,24,13,27,575,674,102
84,84,55,79,735,834,102
89,94,69,65,739,831,102
45,52,70,80,730,791,102
67,69,117,75,753,872,102
844,535,833,527,1012,1023,102
14,28,12,39,621,690,102
85,55,73,52,768,858,102
42,54,68,59,684,753,102
93,75,128,86,769,870,102
364,269,448,318,923,1023,102
38,55,51,80,573,651,102
213,172,300,238,875,1003,102
90,87,151,149,789,895,102
16,23,25,27,613,656,102
157,133,90,76,792,897,102
323,253,387,245,885,1015,102
183,147,181,146,799,908,102
205,153,185,113,811,918,102
11,24,9,36,634,689,102
22,29,48,44,655,712,102
343,271,270,164,891,1020,102
143,120,141,108,824,940,102
338,324,227,195,839,948,103
258,238,239,203,862,978,103
216,186,215,167,842,962,103
5,20,0,24,435,510,103
11,26,35,52,580,652,103
126,133,141,123,795,914,103
202,149,142,97,805,913,103
82,64,76,55,693,782,103
140,136,163,166,811,916,103
46,53,37,65,713,807,103
74,85,66,78,704,778,103
81,74,58,29,751,841,103
74,75,88,86,718,809,103
14,29,12,52,555,655,103
627,551,439,346,929,1023,103
26,40,33,48,645,719,103
22,20,93,62,726,809,103
11,26,0,18,517,576,103
66,48,97,72,755,853,103
15,30,8,39,576,648,103
232,108,356,172,881,1009,103
18,26,4,34,647,713,103
20,21,57,41,644,720,103
175,122,146,119,815,915,103
194,165,336,270,856,982,103
33,31,82,75,725,795,103
290,229,254,199,873,993,103
157,141,185,166,817,922,103
276,237,295,223,866,990,103
58,55,31,53,674,763,103
393,149,321,112,882,1018,103
16,25,47,47,629,678,103
1023,703,1023,562,1023,1023,103
90,101,55,66,713,790,103
107,119,59,68,691,754,103
112,117,123,105,766,856,103
449,352,482,277,902,1023,103
57,45,60,52,720,805,103
40,54,49,78,692,766,103
1022,618,1022,598,1023,1023,103
57,51,118,77,757,840,103
190,112,277,188,843,955,103
28,29,40,56,673,742,104
64,32,84,50,755,856,104
31,47,41,54,645,718,104
41,37,24,35,662,742,104
224,201,231,177,841,957,104
280,231,258,171,834,957,104
93,68,182,144,819,935,104
52,65,43,57,709,799,104
220,179,199,139,816,928,104
62,45,20,37,713,798,104
37,39,90,87,741,823,104
411,214,590,301,936,1023,104
34,33,104,84,731,825,104
380,306,309,222,873,1002,104
113,87,118,110,775,876,104
24,38,36,32,684,786,104
50,66,20,54,685,757,104
63,62,37,55,603,697,104
10,22,21,29,615,705,104
109,95,136,134,801,905,104
79,89,86,115,719,794,104
125,101,270,219,853,975,104
30,45,7,31,592,662,104
1023,530,887,481,1023,1023,104
18,31,18,48,539,673,104
94,83,80,47,739,829,105
98,79,128,81,781,888,105
123,85,194,79,810,922,105
19,29,27,34,658,733,105
43,39,76,49,739,820,105
50,62,47,52,659,715,105
603,341,681,350,954,1023,105
34,37,41,40,676,754,105
8,21,28,35,653,714,105
124,110,238,212,824,942,105
270,201,233,187,847,963,105
56,55,64,66,717,791,105
211,133,362,188,885,1021,105
22,38,48,76,653,720,105
45,58,45,69,679,757,105
25,30,13,25,591,661,105
123,93,116,71,776,875,105
23,25,47,54,688,785,105
140,139,154,137,810,921,105
63,74,34,59,680,759,105
282,242,263,234,863,974,105
406,326,513,383,927,1023,105
63,76,28,50,649,709,105
36,34,50,48,660,728,105
23,21,36,32,625,708,105
233,172,265,163,835,960,105
33,23,12,21,614,656,105
33,28,77,45,701,772,105
24,30,17,17,619,684,105
259,256,129,134,783,889,106
113,64,239,116,833,960,106
64,64,26,30,678,745,106
123,71,122,62,782,865,106
169,126,202,123,807,916,106
709,395,538,281,943,1023,106
54,37,55,44,723,817,106
56,66,10,36,641,704,106
33,31,26,33,666,730,106
471,301,494,296,941,1023,106
23,22,31,32,661,705,106
154,161,99,98,745,832,106
43,25,91,51,713,803,106
122,115,72,67,748,850,106
547,445,469,380,920,1023,106
299,285,231,244,820,931,106
37,45,26,46,589,691,106
175,173,140,140,790,884,106
63,76,61,87,707,780,106
357,194,329,171,858,977,106
144,133,113,117,746,826,106
466,387,510,374,939,1023,106
476,402,349,274,900,1023,106
41,58,14,40,584,665,106
59,67,107,130,751,836,106
30,41,86,97,718,804,106
9,26,0,16,504,580,106
7,22,7,41,513,565,106
328,281,270,222,865,993,106
62,75,60,62,653,711,106
197,129,221,110,837,954,106
26,36,47,47,640,714,106
136,98,227,164,833,958,106
106,107,113,110,751,850,106
13,26,20,40,541,625,106
90,72,140,75,746,854,106
71,84,67,98,698,780,106
68,60,113,76,709,787,106
69,80,39,68,682,777,106
35,29,73,54,715,801,106
56,62,107,81,739,822,106
52,72,15,47,552,623,106
46,62,38,38,692,750,106
21,37,6,29,583,663,106
177,133,223,108,824,938,106
18,30,17,35,620,691,107
142,151,122,152,758,845,107
950,515,1023,595,1023,1023,107
30,37,55,56,665,746,107
50,50,98,108,741,837,107
19,28,38,58,662,730,107
132,95,149,130,793,917,107
56,61,51,51,706,783,107
39,25,123,44,719,811,107
389,246,477,305,930,1023,107
54,54,85,70,723,807,107
14,22,24,32,596,678,107
15,20,18,28,610,648,107
42,46,68,59,704,784,107
206,120,189,57,853,995,107
78,84,128,133,760,867,107
24,27,47,33,687,762,107
270,239,302,263,850,968,107
47,55,84,62,684,763,107
30,29,69,56,706,789,107
169,178,112,136,790,884,107
102,102,60,74,755,855,107
44,60,21,52,682,744,107
16,23,58,38,670,753,107
109,116,144,161,790,893,107
263,216,458,301,905,1023,108
536,307,402,221,926,1023,108
358,321,371,324,887,1016,108
264,199,190,140,825,941,108
52,62,26,44,672,750,108
106,73,164,130,767,869,108
28,30,78,59,682,774,108
77,51,111,63,738,832,108
66,70,81,78,725,811,108
81,89,84,78,709,804,108
33,38,99,51,735,810,108
252,206,254,209,864,979,108
716,385,688,360,980,1023,108
100,52,223,107,810,918,108
58,61,80,88,712,788,108
281,139,273,179,876,1005,108
101,97,145,113,764,872,108
453,423,312,303,898,1023,108
38,46,71,64,699,752,108
29,42,36,53,664,732,108
388,275,527,408,911,1023,108
144,83,162,106,777,865,108
69,64,13,29,677,800,108
144,81,265,113,829,939,108
21,28,41,70,643,716,108
435,275,509,293,928,1023,108
72,78,85,83,728,811,108
237,201,177,102,827,949,108
83,45,130,51,799,917,108
25,29,33,40,699,756,108
185,153,190,143,830,937,108
18,31,28,53,633,711,109
123,112,89,84,753,846,109
247,206,286,235,857,978,109
23,35,37,41,652,703,109
9,20,26,26,578,660,109
596,479,471,410,937,1023,109
23,22,29,40,661,711,109
56,49,56,42,713,790,109
91,90,56,62,701,787,109
50,59,57,75,685,787,109
11,28,0,24,521,624,109
18,22,52,45,685,771,109
264,233,185,185,850,985,109
125,124,44,62,705,785,109
33,46,69,85,703,804,109
32,44,54,74,681,735,109
601,345,550,318,943,1023,109
130,116,164,132,780,879,109
438,324,366,266,913,1023,109
46,54,54,44,680,760,109
195,156,193,115,831,929,109
49,43,69,44,726,793,109
128,76,154,69,797,911,109
33,28,61,41,717,799,109
51,33,92,78,727,815,109
53,57,116,107,763,866,109
6,21,6,32,470,599,109
62,50,66,62,728,827,109
162,129,247,186,828,945,109
18,27,33,35,661,723,109
28,24,71,34,679,757,109
6,22,0,25,386,533,109
812,494,729,336,1006,1023,110
69,61,70,46,724,817,110
42,55,52,49,699,773,110
57,64,51,91,728,814,110
30,23,70,55,672,753,110
85,88,84,81,730,794,110
20,28,33,38,639,712,110
131,91,81,86,723,802,110
50,59,55,51,699,776,110
203,122,276,157,850,980,110
29,22,71,30,704,789,110
11,25,5,31,455,523,110
33,39,87,78,699,791,110
126,128,53,65,705,781,110
163,161,157,137,808,917,110
646,488,605,494,953,1023,110
58,64,71,71,716,805,110
102,96,140,101,772,873,110
146,82,139,65,791,901,110
31,32,17,35,633,715,110
542,249,948,402,1003,1023,110
46,37,42,43,697,780,110
25,42,10,40,580,658,110
9,22,18,47,596,642,110
75,79,94,71,738,832,110
156,98,140,68,826,941,110
81,71,86,81,737,829,110
31,24,52,35,677,751,110
192,175,104,111,789,888,110
144,142,129,129,772,880,110
141,104,227,176,833,947,111
33,42,33,51,643,732,111
38,35,40,27,677,733,111
241,152,169,80,810,914,111
62,67,89,82,781,910,111
106,98,128,103,753,838,111
8,21,11,46,571,672,111
30,41,20,45,667,735,111
94,54,105,69,789,895,111
219,192,211,149,823,933,111
64,78,60,76,683,764,111
45,32,42,33,682,756,111
723,460,649,389,995,1023,111
8,24,0,14,0,458,111
39,45,69,70,701,768,111
966,545,823,405,1008,1023,111
361,329,310,305,895,1023,111
133,136,114,119,803,891,111
116,104,102,109,747,839,111
263,234,226,194,849,964,111
162,166,100,129,760,852,111
9,23,19,50,598,636,111
65,66,96,111,755,849,111
155,111,221,97,816,925,111
387,166,561,356,924,1023,111
549,313,521,359,944,1023,111
26,29,36,39,606,674,111
172,180,82,118,742,839,112
77,73,74,94,710,804,112
36,38,64,55,663,718,112
42,39,74,57,663,735,112
13,22,19,42,578,636,112
40,48,102,84,721,800,112
346,168,373,151,902,1023,112
135,154,82,111,707,782,112
226,112,191,94,813,929,112
428,190,591,331,937,1023,112
23,32,23,30,685,764,112
23,32,51,52,664,731,112
145,107,209,125,823,930,112
32,39,33,48,673,740,112
114,120,116,82,736,836,112
62,78,46,60,659,753,112
169,104,219,89,818,935,112
113,100,25,37,731,812,112
177,145,223,160,857,973,112
211,140,270,155,854,978,112
42,40,45,32,689,768,112
30,47,20,52,581,674,112
41,31,64,32,717,795,112
49,45,56,36,706,814,112
128,97,132,81,755,858,112
54,65,29,61,652,743,112
449,238,546,280,934,1023,112
61,77,11,49,626,715,113
43,38,55,44,696,756,113
24,40,24,46,614,685,113
347,257,310,152,844,973,113
141,124,163,124,800,916,113
272,224,224,154,858,977,113
196,195,233,207,851,970,113
320,268,280,192,869,988,113
13,28,12,27,573,670,113
70,50,97,59,743,830,113
142,97,84,96,771,869,113
38,48,26,60,697,791,113
24,28,35,44,644,720,113
34,41,55,75,702,784,113
37,41,56,40,687,769,113
70,73,82,78,749,852,113
33,44,14,32,606,687,113
27,43,0,14,580,651,113
123,109,111,97,778,878,113
80,94,42,78,681,762,113
38,52,32,51,664,747,113
12,27,0,14,0,351,113
595,270,579,321,952,1023,113
66,81,25,64,651,724,113
239,211,171,153,811,926,113
45,51,114,90,762,856,113
66,60,104,93,735,823,113
112,124,90,113,727,816,113
32,46,48,83,668,751,113
26,30,13,21,642,706,113
18,30,39,52,638,700,113
189,124,191,91,835,947,113
93,73,122,93,776,871,113
20,28,14,27,643,704,113
302,277,278,241,850,969,113
64,71,96,79,726,826,113
1023,819,761,516,1023,1023,113
52,55,78,86,726,807,113
1023,807,819,542,1023,1023,113
291,252,241,182,866,981,114
295,179,366,153,880,1008,114
11,28,0,23,340,524,114
922,611,630,400,980,1023,114
223,170,243,192,841,961,114
78,69,115,67,720,813,114
13,26,65,68,645,720,114
78,79,98,96,737,828,114
204,165,234,155,854,975,114
75,76,91,89,730,807,114
372,297,294,202,864,985,114
56,46,73,43,720,796,114
251,120,257,139,860,979,114
39,38,79,54,715,798,114
114,99,63,73,732,826,114
176,102,249,129,831,950,114
573,327,761,383,980,1023,114
562,360,683,507,980,1023,114
12,22,6,25,579,668,114
189,164,184,154,816,931,114
283,282,165,175,845,966,114
559,369,471,255,919,1023,114
48,52,38,59,705,780,114
67,62,120,73,761,861,115
155,114,209,138,808,926,115
408,281,341,241,892,1019,115
101,113,146,90,768,867,115
14,29,22,39,608,678,115
19,27,14,30,605,647,115
185,84,312,125,865,994,115
53,43,114,78,749,872,115
119,63,224,95,798,908,115
260,243,239,241,857,977,115
15,30,23,28,519,577,115
19,31,41,53,620,714,115
309,242,259,165,878,999,115
122,126,106,130,763,867,115
136,135,112,118,765,860,115
17,30,17,46,578,653,115
691,364,798,421,1013,1023,115
170,98,231,120,838,954,115
29,29,75,31,721,814,115
37,47,39,40,669,752,115
32,31,50,43,641,712,115
95,50,112,64,781,887,115
14,29,0,34,487,587,115
30,36,64,44,703,782,115
16,21,32,30,610,681,115
111,74,142,94,757,839,115
25,23,41,39,651,737,115
43,53,80,62,710,786,115
16,27,39,42,665,750,116
40,42,12,24,591,686,116
26,23,38,29,668,757,116
79,67,115,102,746,844,116
96,60,150,73,794,912,116
32,29,99,61,734,812,116
200,187,160,155,833,956,116
16,20,46,31,639,678,116
102,90,161,153,788,910,116
40,42,42,46,681,764,116
12,20,25,31,605,678,116
98,77,158,77,768,874,116
17,25,51,56,701,774,116
230,127,188,110,825,948,116
98,97,91,110,799,908,116
545,326,509,346,939,1023,116
205,214,95,100,756,867,116
254,205,235,180,854,976,116
262,211,174,150,829,951,116
63,66,30,49,693,766,116
116,61,251,96,842,973,116
25,20,33,23,658,737,116
55,57,71,42,695,798,116
56,54,89,56,728,804,116
333,285,306,232,880,1009,116
246,236,252,246,848,975,116
151,109,180,131,789,892,116
142,135,124,121,796,917,116
109,106,150,111,781,895,116
123,114,149,118,808,901,116
88,91,118,89,747,844,116
20,37,37,68,648,718,116
66,67,76,57,721,789,116
62,57,61,49,700,804,116
12,27,0,12,496,640,116
159,156,106,108,771,874,116
401,343,396,307,908,1023,116
199,147,239,155,842,959,116
106,65,179,76,808,923,116
137,99,144,68,777,888,116
120,101,101,95,777,875,116
250,167,376,262,889,1023,117
12,25,30,30,616,677,117
143,92,154,95,778,881,117
49,60,103,108,723,821,117
1023,662,961,450,1023,1023,117
25,27,20,34,625,718,117
80,58,151,52,764,848,117
167,114,132,63,762,878,117
17,33,13,23,598,681,117
102,68,127,67,755,838,117
58,65,108,90,705,793,117
8,22,16,22,579,670,117
365,331,346,277,902,1023,117
30,45,48,71,637,722,117
208,153,284,175,873,997,117
751,289,569,289,964,1023,117
32,45,15,24,592,666,117
35,42,86,101,742,836,117
24,27,74,32,683,759,117
36,50,35,56,611,676,117
41,35,86,54,693,757,117
40,51,129,147,721,820,117
452,355,491,385,931,1023,117
10,27,20,37,591,626,117
47,55,51,50,691,774,117
20,21,38,25,628,681,117
163,111,269,135,860,979,117
80,87,135,109,752,859,117
77,78,137,149,773,871,117
47,54,70,60,698,775,117
86,97,74,112,709,779,117
131,113,106,75,773,870,117
357,228,383,229,878,1002,117
1023,1021,1023,671,1023,1023,118
88,96,99,91,741,851,118
18,32,19,36,543,604,118
1023,489,1023,337,1023,1023,118
15,24,31,36,624,689,118
33,20,89,31,719,809,118
138,136,84,103,768,879,118
21,33,44,41,694,773,118
342,255,270,149,879,1012,118
282,182,241,121,856,970,118
39,56,10,47,607,683,118
268,166,181,132,841,966,118
94,93,86,63,729,827,118
55,57,77,79,699,793,118
264,257,200,211,826,938,118
44,30,64,38,684,785,118
104,99,134,143,761,872,118
14,22,35,36,644,746,118
30,35,122,93,752,859,118
78,96,53,82,666,755,118
283,261,339,315,876,1014,118
474,319,414,261,931,1023,118
230,179,241,147,850,975,118
124,124,129,132,795,891,118
34,26,77,55,729,816,118
489,328,353,210,930,1023,119
14,30,0,23,528,605,119
130,126,104,112,763,868,119
68,58,20,36,650,758,119
36,48,40,61,631,696,119
10,25,1,21,507,600,119
36,42,65,80,741,833,119
86,79,63,72,714,808,119
499,362,555,419,969,1023,119
104,101,135,109,779,886,119
138,134,182,161,803,920,119
125,109,146,112,796,889,119
55,61,67,76,726,821,119
36,31,50,29,701,778,119
29,32,65,39,666,743,119
33,45,48,54,626,731,119
16,31,46,56,662,777,119
32,48,24,47,611,670,119
77,54,189,124,806,930,119
28,34,25,28,632,719,119
80,85,112,101,743,832,119
219,115,290,140,853,975,119
13,20,0,27,361,543,119
8,21,14,32,567,622,119
157,141,144,114,745,843,119
12,23,46,52,653,686,119
7,22,48,42,601,664,119
344,287,225,143,862,996,119
156,58,181,70,823,948,119
18,32,14,39,541,633,119
194,145,156,145,792,898,119
107,98,121,90,753,847,119
71,80,99,125,750,846,119
23,39,8,45,710,815,119
34,28,69,53,694,791,119
164,71,173,61,803,914,119
153,130,194,145,793,894,119
15,22,38,36,658,731,119
53,52,117,95,794,893,119
172,150,117,112,795,903,119
11,21,45,57,606,679,119
183,116,157,83,803,904,119
66,38,72,53,693,783,119
53,48,36,42,659,726,119
91,78,135,120,773,867,119
433,281,505,281,919,1023,120
433,169,372,156,921,1023,120
52,68,27,54,606,698,120
65,77,43,85,640,736,120
15,29,26,39,600,672,120
268,217,267,177,867,990,120
247,233,220,168,802,914,120
367,226,419,273,917,1023,120
119,87,90,74,788,894,120
72,76,67,47,676,754,120
95,75,189,139,786,899,120
69,75,88,107,716,811,120
43,56,0,14,563,656,120
162,114,138,91,790,906,120
14,24,56,44,632,689,120
9,25,0,9,541,543,120
273,183,203,157,863,979,120
47,49,25,41,625,727,120
9,21,32,28,588,662,120
7,23,0,26,372,574,120
6,21,0,32,408,514,120
72,79,160,140,787,873,120
61,61,81,65,686,784,120
19,31,19,45,603,654,120
70,76,82,74,705,783,120
288,243,230,173,867,993,120
20,35,42,74,588,669,120
38,24,99,38,721,811,120
44,53,69,77,676,769,120
75,76,58,43,664,750,120
67,50,49,34,690,782,120
22,35,6,31,560,628,120
112,96,129,117,742,832,121
418,306,249,171,841,956,121
128,92,223,127,841,972,121
76,73,101,62,742,842,121
446,355,321,263,923,1023,121
67,57,91,82,741,830,121
104,76,120,80,819,958,121
167,118,116,67,764,857,121
44,28,54,28,700,783,121
9,23,0,29,458,598,121
50,54,48,42,645,754,121
90,48,161,74,756,871,121
69,72,135,89,744,830,121
132,85,151,82,798,915,121
44,56,17,29,677,768,121
34,51,19,61,609,689,121
80,81,58,58,678,760,121
24,40,0,36,477,592,121
8,22,5,39,492,599,121
22,32,28,46,618,685,121
55,59,63,64,748,833,121
512,426,403,325,925,1023,121
115,95,134,74,767,882,121
110,107,91,82,774,879,121
36,50,97,95,728,826,121
77,58,126,75,745,855,121
108,97,140,90,776,878,121
42,48,35,38,667,762,121
41,55,21,41,646,743,121
15,31,16,40,575,636,121
15,20,53,50,672,745,121
14,28,0,20,576,662,121
29,30,151,127,766,858,121
52,35,98,64,745,830,121
12,26,6,26,581,657,121
116,60,154,63,802,914,121
81,76,48,49,712,797,121
31,26,39,31,663,731,121
78,67,70,63,724,811,122
251,112,268,103,862,996,122
15,26,50,28,655,735,122
69,57,109,77,734,817,122
400,303,515,369,935,1023,122
25,24,81,64,714,818,122
156,143,126,106,766,869,122
64,82,12,23,636,714,122
551,388,354,250,918,1023,122
15,29,0,24,579,624,122
34,38,52,39,664,754,122
20,33,9,31,523,573,122
49,54,0,18,590,699,122
30,40,68,78,676,756,122
21,36,24,56,619,684,122
126,112,98,81,765,858,122
643,264,637,283,967,1023,122
21,36,11,28,643,706,122
244,175,371,250,912,1023,122
32,26,88,44,725,797,122
45,50,131,113,728,832,122
66,66,80,78,737,825,122
189,163,156,147,818,934,122
116,78,131,92,794,906,122
60,67,77,61,728,832,122
27,37,54,57,678,774,122
683,442,659,389,974,1023,122
38,50,70,82,690,773,123
81,81,125,84,752,856,123
80,92,53,68,696,778,123
66,46,143,74,789,890,123
7,23,8,29,547,626,123
200,142,327,228,881,1011,123
34,44,104,88,721,817,123
132,128,93,98,744,827,123
72,80,85,66,752,855,123
105,115,103,98,735,820,123
28,27,80,38,717,814,123
1023,668,893,630,1023,1023,123
237,110,317,167,871,997,123
22,22,26,31,607,693,123
33,34,97,87,715,825,123
35,31,70,45,712,797,123
216,165,312,252,860,980,123
15,30,23,54,543,588,123
143,125,127,124,804,921,123
112,111,77,73,766,866,123
102,94,114,86,769,883,123
1023,362,1023,394,1023,1023,123
52,54,67,68,729,813,123
82,78,111,63,753,848,123
65,77,24,62,701,797,123
19,35,29,64,544,633,123
155,63,130,71,782,897,123
103,87,76,72,685,782,123
116,94,69,77,738,833,123
13,29,14,36,575,629,123
19,33,0,27,559,655,123
85,73,92,67,730,812,124
7,22,0,31,404,558,124
88,102,43,68,688,761,124
26,41,30,34,655,768,124
559,333,488,284,925,1023,124
51,61,46,37,673,769,124
99,60,66,71,769,888,124
130,80,187,105,816,923,124
25,41,8,23,632,687,124
256,210,239,171,828,957,124
37,53,0,13,540,637,124
117,103,85,91,757,855,124
165,115,112,81,782,904,124
59,57,112,96,731,825,124
44,55,44,57,668,774,124
85,76,119,100,753,861,124
8,20,44,53,650,761,124
218,179,136,92,791,908,124
33,45,62,86,650,728,124
51,46,94,77,740,830,124
46,38,34,29,665,752,124
100,112,33,52,685,782,124
65,74,63,97,717,822,125
65,73,81,69,725,832,125
50,36,81,62,681,778,125
13,31,0,31,370,487,125
72,53,93,86,730,822,125
261,237,223,215,834,948,125
91,82,176,144,802,912,125
29,45,32,52,616,703,125
112,63,106,67,792,908,125
54,42,77,37,721,806,125
169,138,262,172,853,978,125
11,23,62,61,668,739,125
31,43,56,69,672,745,125
25,32,44,58,657,735,125
131,114,202,132,811,915,125
10,20,19,48,590,676,125
70,77,49,67,671,753,125
150,159,100,108,755,844,125
954,658,862,583,1005,1023,125
18,28,39,48,667,737,125
141,101,229,154,836,949,125
148,113,184,79,807,910,125
146,93,121,52,761,857,126
327,169,339,162,893,1023,126
111,106,120,139,784,871,126
111,97,178,181,818,929,126
101,103,80,108,745,830,126
349,284,384,308,894,1023,126
101,57,169,77,783,873,126
71,88,21,46,619,682,126
12,24,8,29,492,578,126
21,32,17,25,553,664,126
1023,1021,1023,790,1023,1023,126
238,140,232,122,832,950,126
473,375,433,346,950,1023,126
300,230,197,124,844,965,126
268,245,252,236,852,969,126
44,45,31,47,607,696,126
141,114,113,80,776,890,126
337,250,436,345,908,1023,126
333,237,241,150,827,931,126
160,87,226,127,821,931,126
116,65,150,101,804,915,126
38,43,62,56,700,771,126
68,79,63,57,685,766,126
77,62,130,85,765,869,126
15,21,67,45,665,753,126
122,82,135,76,788,922,126
134,114,141,100,788,892,126
15,25,20,27,596,697,126
388,194,252,169,897,1023,126
20,34,50,70,658,745,126
23,22,37,19,624,671,126
54,45,91,58,731,827,126
110,108,124,121,788,901,126
39,53,33,40,612,716,126
52,36,60,39,722,813,126
167,132,159,109,800,911,126
57,67,43,69,696,789,126
56,44,84,64,732,828,126
61,61,124,105,749,840,126
129,79,116,63,778,882,127
50,67,0,40,661,729,127
125,127,135,135,753,856,127
118,131,131,144,761,869,127
9,24,7,38,546,628,127
112,64,159,69,793,899,127
113,70,122,76,767,875,127
8,23,0,27,484,585,127
113,107,83,78,739,852,127
37,50,24,38,639,729,127
45,47,88,70,704,787,127
31,41,81,78,710,797,127
14,29,33,54,604,673,127
13,21,28,43,617,712,127
51,47,97,64,749,839,127
164,93,226,86,840,958,127
147,59,203,74,793,911,127
112,70,134,54,763,857,127
21,21,45,34,621,688,128
133,133,153,146,807,922,128
17,31,20,49,593,671,128
25,41,33,46,591,661,128
55,61,108,111,756,851,128
30,38,38,33,628,703,128
110,84,163,72,791,887,128
75,57,100,72,760,848,128
105,76,154,112,767,876,128
48,60,31,49,662,726,128
423,291,343,179,886,1012,128
89,95,97,72,694,775,128
105,81,135,81,752,839,128
74,56,126,62,760,857,128
256,192,260,179,867,986,128
271,215,290,218,867,988,128
281,172,350,137,890,1017,128
244,189,155,128,846,973,128
58,51,89,77,724,816,128
64,57,66,33,707,787,128
435,263,373,234,892,1021,128
102,43,133,64,767,884,128
68,60,165,141,767,872,129
73,78,48,26,695,789,129
32,45,16,45,599,694,129
20,31,69,47,672,770,129
31,37,65,62,666,742,129
24,28,38,38,653,721,129
27,21,47,28,731,817,129
248,176,302,174,883,1017,129
7,22,30,32,606,666,129
20,20,39,38,626,721,129
49,45,131,83,763,881,129
237,212,318,307,863,983,129
90,98,82,106,746,838,129
186,180,103,101,775,868,129
14,24,20,27,589,655,129
57,64,39,30,693,776,129
71,90,27,64,671,743,129
81,79,110,89,754,827,129
237,194,261,151,870,1008,129
165,141,239,183,828,947,129
61,72,101,113,740,823,129
29,44,59,67,695,780,129
58,40,65,45,677,770,129
377,291,383,306,890,1023,129
44,25,111,40,725,834,129
6,20,0,20,361,542,129
53,39,88,51,705,797,129
59,54,182,137,781,887,129
15,27,44,44,632,746,129
158,137,172,121,766,872,129
261,228,231,204,850,977,129
54,41,89,55,738,849,129
32,38,78,66,726,817,129
25,31,64,70,681,772,129
270,194,255,161,863,994,129
171,157,178,119,816,928,130
125,108,182,134,811,923,130
135,78,124,67,782,902,130
277,223,295,214,847,976,130
194,96,186,93,802,928,130
149,107,212,172,834,960,130
276,232,312,270,886,1023,130
84,83,177,151,821,962,130
32,24,80,39,696,793,130
8,20,24,26,542,654,130
29,23,45,51,643,738,130
50,56,26,33,660,753,130
49,47,23,42,688,772,130
252,240,194,189,828,946,130
591,361,800,410,973,1023,130
19,27,51,62,657,736,130
46,35,81,40,728,833,130
63,50,95,67,744,839,130
207,174,193,160,831,950,130
50,51,87,47,716,819,130
73,82,78,82,724,797,130
306,263,226,169,851,979,130
45,38,80,42,724,812,130
33,47,38,51,590,676,130
164,140,97,73,798,906,130
48,37,67,30,712,800,130
45,64,27,60,591,656,131
86,52,102,68,739,828,131
134,91,289,129,826,944,131
17,30,65,64,629,719,131
69,62,62,49,718,820,131
26,35,38,41,686,777,131
184,168,201,201,798,903,131
12,21,37,39,624,686,131
30,43,16,42,573,679,131
131,94,155,123,781,873,131
44,47,42,47,686,792,131
436,324,396,299,912,1023,131
56,57,110,81,738,821,131
247,230,184,179,833,946,131
23,33,51,39,709,793,131
38,53,35,65,640,734,131
54,48,61,47,699,780,131
130,111,159,153,813,924,131
240,219,193,162,831,932,132
27,46,0,45,292,526,132
61,54,34,28,710,803,132
164,118,240,140,823,945,132
18,32,42,77,624,699,132
12,26,36,35,662,735,132
206,179,250,209,833,954,132
31,24,106,51,691,797,132
171,131,202,132,848,1004,132
56,37,116,59,749,837,132
50,69,22,52,572,666,132
80,79,113,98,752,846,132
124,129,148,161,792,896,132
20,35,0,19,496,637,132
277,256,275,242,861,988,132
79,58,104,57,764,868,132
69,72,32,41,679,769,132
82,74,118,85,731,822,132
100,99,110,107,784,889,132
22,33,52,60,627,717,132
34,46,33,53,651,743,132
41,43,78,59,713,807,132
35,32,43,47,642,738,132
65,55,60,44,728,818,132
27,30,67,48,699,771,132
218,169,287,252,850,986,132
211,174,343,265,856,986,132
55,66,52,56,667,770,132
133,76,189,86,805,913,132
258,241,263,227,847,963,132
32,50,0,30,579,667,132
389,279,416,247,915,1023,132
256,111,278,116,859,981,132
25,38,41,45,645,721,132
36,43,33,37,654,717,132
133,119,216,164,800,926,132
256,204,216,168,859,996,132
68,71,70,88,706,804,132
48,33,101,53,724,824,132
35,48,46,77,649,747,132
7,22,0,19,296,524,132
25,32,20,38,613,709,132
36,44,21,46,619,721,132
82,91,90,68,729,827,132
12,27,8,42,415,593,132
25,27,37,41,620,693,132
85,57,228,90,801,903,132
22,20,27,32,616,701,133
15,27,20,38,515,672,133
16,30,0,22,517,642,133
20,22,79,31,671,786,133
128,96,225,124,803,911,133
258,211,263,178,840,962,133
13,29,0,30,485,609,133
14,27,34,29,637,720,133
239,180,327,182,870,1005,133
32,27,61,35,682,762,133
29,37,71,62,714,811,133
53,50,81,56,710,798,133
96,83,93,80,731,819,133
56,28,140,59,757,857,133
48,43,58,47,692,787,133
35,43,50,53,616,697,133
238,167,204,109,824,944,133
14,25,45,59,647,727,133
107,101,166,114,779,883,133
90,84,160,160,793,899,133
146,143,113,123,784,890,133
42,38,79,70,737,835,133
41,22,24,18,627,673,133
246,128,284,105,864,989,133
10,20,16,23,591,679,133
379,158,332,120,884,1020,133
23,28,94,91,712,793,133
61,49,134,105,783,887,134
254,106,332,121,870,991,134
251,189,219,188,859,992,134
56,53,52,37,683,753,134
127,81,199,175,801,922,134
36,37,48,46,600,681,134
79,96,6,51,572,679,134
40,43,107,91,742,819,134
61,50,66,52,695,793,134
35,48,71,55,661,737,134
674,357,766,337,995,1023,134
21,21,56,39,627,708,134
31,44,14,35,589,664,134
147,134,132,126,762,869,134
31,27,36,29,660,723,134
54,59,46,48,687,758,134
73,83,26,38,685,769,134
49,34,129,96,770,877,134
12,28,16,37,519,609,134
36,33,55,41,680,763,134
7,23,0,27,0,518,134
53,61,65,57,715,792,134
91,40,135,61,768,875,134
265,235,303,261,862,990,135
12,27,42,65,580,710,135
171,159,212,190,828,940,135
32,49,10,51,539,619,135
81,93,61,74,709,812,135
113,105,133,110,782,891,135
358,308,440,388,915,1023,135
157,80,200,70,803,914,135
14,22,10,22,579,672,135
12,21,55,44,622,735,135
18,29,0,20,546,631,135
331,324,150,168,833,952,135
329,210,272,175,868,994,135
102,114,51,57,708,801,135
58,73,38,64,667,731,135
19,25,14,25,647,719,135
120,112,138,136,803,914,135
38,56,7,48,507,598,135
47,46,114,80,735,835,135
168,153,179,130,789,905,135
145,85,412,227,881,1011,135
196,152,161,125,826,939,135
239,177,408,213,897,1023,135
97,103,85,119,740,845,135
123,133,117,98,761,852,135
1023,494,1023,543,1023,1023,135
68,60,140,85,739,840,135
17,35,10,33,576,652,135
71,76,114,112,722,802,135
41,47,42,45,674,749,135
74,90,19,39,685,745,135
60,72,72,83,699,805,135
18,23,19,37,577,648,135
32,29,92,56,686,782,135
110,89,93,49,763,862,135
44,59,40,71,563,699,135
65,56,140,115,763,859,135
62,47,112,52,770,868,135
431,291,506,346,926,1023,135
1023,810,1023,581,1023,1023,135
27,40,26,31,621,702,135
36,46,61,74,666,750,136
80,81,126,125,800,912,136
57,65,67,87,712,800,136
59,25,140,41,760,851,136
34,46,25,31,612,680,136
84,81,103,92,722,827,136
29,34,29,41,591,649,136
17,29,6,18,552,641,136
55,64,76,98,681,754,136
71,82,35,57,673,761,136
100,73,140,61,771,873,136
442,386,377,304,898,1023,136
32,26,47,38,669,754,136
48,53,82,46,712,783,136
138,131,117,110,774,880,136
56,60,54,60,689,764,136
60,65,46,46,685,782,136
176,139,160,113,827,943,136
90,78,179,141,796,903,136
180,177,122,124,782,882,136
23,36,20,33,643,736,136
36,48,85,92,710,799,136
452,348,387,256,918,1023,136
116,57,151,61,800,916,136
26,41,17,46,639,707,136
181,131,147,114,834,973,136
404,171,413,186,910,1023,136
22,28,66,49,673,749,137
14,20,7,23,516,613,137
83,69,78,59,727,827,137
172,158,143,146,799,900,137
134,148,41,76,697,759,137
228,227,174,191,812,918,137
42,58,32,77,629,704,137
135,103,152,131,825,940,137
45,27,86,39,725,827,137
197,145,183,113,820,936,137
50,47,68,53,700,803,137
55,54,65,60,691,792,137
231,120,249,104,864,994,137
470,196,572,280,945,1023,137
1023,724,1023,664,1023,1023,137
188,131,202,125,818,933,137
29,31,87,52,693,778,137
27,38,27,33,622,685,137
38,42,98,73,704,777,137
38,29,56,26,687,764,137
203,207,135,144,805,919,138
119,103,199,154,806,920,138
290,216,509,328,928,1023,138
55,55,66,33,731,810,138
47,48,95,93,709,809,138
18,35,14,15,594,693,138
241,122,242,93,845,975,138
81,80,85,72,733,835,138
8,24,42,36,629,698,138
52,43,19,32,681,764,138
70,84,71,64,709,803,138
6,20,8,40,399,578,138
13,27,7,36,562,705,138
66,53,120,88,738,844,138
91,44,141,40,768,863,138
224,171,255,196,872,1010,138
739,478,741,448,985,1023,138
53,51,117,94,781,897,138
226,142,278,180,852,983,138
228,159,190,104,835,961,138
18,35,0,19,502,568,138
89,58,97,46,727,838,138
235,210,169,138,837,960,138
681,218,611,236,956,1023,138
12,24,41,43,637,720,138
180,135,182,127,823,946,138
355,155,441,218,908,1023,138
22,38,47,61,671,771,138
40,56,0,33,565,688,138
83,77,61,69,721,822,138
128,101,153,122,795,900,138
49,38,58,30,687,784,138
136,144,65,77,773,870,138
113,107,92,76,740,835,138
69,67,161,131,749,852,138
65,78,28,59,674,764,138
31,47,24,42,560,674,138
95,102,80,68,728,804,138
117,132,59,84,693,781,138
39,37,46,45,650,726,138
43,38,116,66,743,850,138
158,133,194,185,789,906,139
35,40,61,46,701,780,139
618,318,678,320,964,1023,139
42,41,32,27,672,741,139
7,22,0,28,579,664,139
7,20,4,28,566,677,139
23,33,57,37,659,713,139
19,29,75,57,686,774,139
21,26,23,30,585,689,139
135,138,123,133,767,867,139
56,65,15,32,603,705,139
107,97,229,204,774,872,139
40,52,85,81,709,794,139
14,24,50,48,632,714,139
55,52,73,64,714,805,139
298,265,153,136,847,966,139
401,275,425,190,908,1023,139
11,25,21,41,511,629,139
100,67,83,33,766,866,139
1023,1021,1023,641,1023,1023,139
35,38,71,47,699,781,139
32,33,0,19,602,696,139
15,21,44,39,665,754,139
60,52,57,28,727,822,139
28,45,20,53,626,708,139
249,155,230,102,845,975,140
56,51,58,45,708,801,140
181,117,77,84,798,910,140
38,45,50,54,680,769,140
96,89,152,120,787,896,140
28,32,31,41,598,670,140
44,44,45,40,689,788,140
102,58,74,48,680,799,140
36,48,14,32,583,678,140
304,235,393,312,881,1009,140
219,145,234,94,853,970,140
301,275,344,288,886,1016,140
27,34,32,43,645,722,140
68,88,4,41,574,659,140
52,57,54,41,691,781,140
26,44,0,27,538,620,140
202,188,143,116,799,901,140
255,250,223,223,818,943,140
32,49,0,36,529,682,140
107,105,102,90,742,848,140
7,20,30,33,570,676,140
56,68,55,85,776,906,140
385,132,430,161,922,1023,140
215,154,421,338,918,1023,140
89,81,84,107,727,822,140
368,321,439,377,899,1023,141
12,25,16,29,495,594,141
387,344,188,133,849,980,141
74,77,63,66,707,799,141
69,81,81,81,734,848,141
1023,689,1023,584,1023,1023,141
18,22,76,76,700,803,141
43,36,143,125,762,861,141
63,62,104,80,742,823,141
72,46,93,59,761,873,141
17,24,36,29,613,704,141
689,463,672,460,1001,1023,141
135,135,100,101,751,847,141
28,30,57,44,662,730,141
1023,617,1023,525,1023,1023,141
195,149,301,211,866,987,141
21,21,17,24,584,679,141
52,57,59,59,646,707,141
6,23,0,14,0,500,141
8,23,28,51,503,586,141
46,39,54,37,653,726,141
6,22,0,33,361,535,141
36,47,25,53,662,757,141
70,47,46,32,696,785,141
8,23,2,35,538,654,141
26,38,16,36,615,709,142
71,68,117,75,715,807,142
111,124,71,94,748,848,142
26,28,39,36,656,743,142
65,77,23,41,677,767,142
11,26,8,20,626,731,142
227,183,273,199,873,991,142
8,23,1,35,463,604,142
7,20,25,30,479,579,142
79,73,111,91,758,855,142
235,194,177,140,808,920,142
82,91,61,65,681,763,142
319,258,221,150,874,1002,142
202,191,203,218,815,929,142
67,71,53,63,725,819,142
44,39,19,33,621,720,142
17,29,22,44,634,706,142
1023,643,758,406,1013,1023,142
45,58,38,42,660,733,142
39,46,40,51,665,749,142
135,97,114,72,775,881,142
45,55,65,85,723,830,142
67,38,96,54,745,854,142
359,241,376,244,906,1023,142
105,75,120,76,748,853,142
140,112,191,133,820,951,142
871,475,785,416,1002,1023,142
50,47,42,48,670,765,142
155,124,190,83,811,931,142
14,22,51,52,629,721,142
16,25,40,50,643,720,142
158,162,119,135,783,894,142
11,25,0,29,522,577,142
523,423,329,292,919,1023,142
29,44,42,68,636,719,142
53,62,44,51,647,717,142
48,48,94,58,718,809,142
33,20,83,48,655,728,142
125,115,197,142,795,903,142
234,191,213,170,847,970,142
71,66,48,62,718,805,142
83,75,28,49,668,772,143
41,53,9,53,514,609,143
56,65,71,96,728,815,143
20,20,34,28,588,672,143
20,37,0,27,0,416,143
59,59,139,128,764,859,143
63,60,60,42,663,739,143
26,39,12,21,581,644,143
92,89,181,163,793,889,143
9,24,16,40,505,609,143
139,147,76,90,747,855,143
474,197,366,131,900,1023,143
48,38,83,60,696,794,143
18,35,17,38,507,591,143
32,35,51,48,683,769,143
36,51,0,23,531,671,143
25,40,72,82,685,764,143
7,20,22,43,493,632,143
17,24,9,29,590,699,143
219,220,127,112,794,910,143
55,37,90,64,722,805,143
97,69,137,98,790,894,143
544,370,619,417,959,1023,143
94,82,162,161,780,888,143
23,32,62,53,685,764,143
115,103,177,112,773,885,143
18,27,69,77,691,778,144
16,28,43,40,641,731,144
89,92,91,79,746,851,144
31,46,69,76,646,725,144
20,32,39,57,631,717,144
519,244,597,223,947,1023,144
25,38,26,40,525,685,144
40,45,45,22,720,799,144
105,99,113,115,755,857,144
488,172,625,220,949,1023,144
64,29,122,48,768,866,144
13,25,46,50,671,767,144
94,103,71,90,721,830,144
228,173,267,214,849,977,144
31,31,50,39,643,719,144
121,123,92,78,781,886,144
20,20,32,24,643,731,144
57,72,44,62,675,771,144
79,90,36,45,672,773,144
99,102,127,107,764,875,144
80,77,101,70,710,797,145
48,51,71,73,709,794,145
161,157,100,103,787,897,145
1023,659,950,441,1023,1023,145
11,21,38,45,552,664,145
29,22,84,43,707,812,145
45,44,140,103,789,884,145
90,47,146,95,805,936,145
10,22,30,39,619,700,145
22,24,54,26,661,733,145
298,223,278,194,852,975,145
35,46,64,60,688,786,145
38,50,33,44,637,719,145
299,240,319,184,889,1011,145
189,173,143,121,809,919,145
131,124,131,106,776,875,145
27,22,71,51,704,793,145
32,36,61,47,719,790,145
248,218,241,171,840,962,145
47,41,89,61,715,792,145
130,126,112,104,717,799,145
11,23,0,27,435,556,145
25,20,140,65,720,799,145
76,85,86,115,708,798,145
33,34,62,58,664,754,145
100,104,95,55,732,830,145
373,152,470,208,887,1014,145
31,31,50,37,660,747,145
64,35,67,32,688,793,145
311,237,365,271,876,1005,145
74,79,102,85,732,815,145
94,72,171,90,797,900,145
189,81,215,91,817,936,145
41,46,80,55,661,718,145
314,273,251,231,859,983,145
101,100,114,126,758,856,145
132,94,237,144,823,936,145
140,122,192,146,810,922,145
19,25,83,75,707,791,145
48,49,35,48,643,731,145
41,33,68,40,703,788,145
91,67,128,81,758,857,145
50,53,62,71,713,799,145
28,36,38,30,641,721,146
611,345,472,281,932,1023,146
30,35,101,53,745,837,146
67,70,93,94,722,829,146
165,145,178,120,792,897,146
103,111,88,93,730,817,146
30,23,64,43,686,760,146
552,470,390,323,909,1023,146
90,105,12,59,681,763,146
78,67,115,77,737,839,146
36,39,53,59,699,802,146
44,54,91,84,713,804,146
439,339,453,279,956,1023,146
367,296,387,285,916,1023,146
118,105,204,150,818,929,146
77,56,119,65,763,869,146
674,278,539,189,946,1023,146
83,85,50,70,732,820,146
140,114,121,70,768,873,146
36,28,73,39,654,731,146
16,22,31,36,618,700,146
102,104,74,71,715,800,146
118,99,179,118,786,887,146
616,554,497,470,944,1023,147
117,127,58,85,710,824,147
441,152,392,95,903,1023,147
132,109,182,130,803,932,147
91,88,99,65,745,835,147
63,41,83,58,737,833,147
28,29,95,73,700,779,147
39,42,73,59,687,788,147
770,333,781,297,998,1023,147
143,138,158,171,819,920,147
258,201,332,250,878,1016,147
209,127,271,116,848,979,147
85,79,177,155,794,901,147
73,72,96,110,713,797,147
43,60,4,43,575,668,147
88,98,145,145,768,858,147
181,128,189,141,828,944,147
159,130,197,147,832,953,147
20,33,45,48,645,730,147
43,56,95,99,715,815,147
229,192,232,166,856,997,147
67,60,97,66,727,820,147
191,146,237,157,839,955,147
88,86,142,132,788,890,147
93,85,103,78,724,813,148
168,167,141,150,790,886,148
512,459,345,302,914,1023,148
37,44,74,74,655,763,148
758,395,807,357,1003,1023,148
232,214,132,131,817,929,148
71,68,62,39,700,803,148
138,80,173,84,801,904,148
90,91,40,52,699,770,148
43,49,68,70,645,758,148
10,26,0,38,495,618,148
10,23,29,65,539,634,148
120,121,129,129,773,868,148
225,184,224,163,878,1007,148
25,24,26,20,641,707,148
47,57,51,59,659,735,148
49,49,75,56,703,771,148
81,51,99,60,730,821,148
43,58,62,84,665,761,148
246,200,217,186,851,963,148
15,24,57,43,696,788,148
114,62,160,78,774,884,148
36,47,35,43,697,792,148
16,22,41,33,647,750,148
42,38,95,71,745,838,148
50,63,41,62,628,690,148
455,223,540,206,909,1023,148
968,518,978,528,1023,1023,148
320,299,260,239,858,979,148
20,34,15,26,545,599,148
38,32,75,61,703,788,148
28,28,68,47,705,784,148
103,95,96,99,753,854,148
111,97,231,190,836,959,148
185,183,158,146,823,937,148
235,127,331,150,866,992,148
13,20,19,37,582,684,149
10,25,34,55,603,661,149
22,29,61,51,665,744,149
120,123,130,154,775,884,149
22,27,31,14,642,725,149
11,27,0,18,461,523,149
320,145,341,195,892,1023,149
29,34,35,48,650,723,149
175,151,231,164,838,958,149
787,516,763,430,1001,1023,149
22,27,64,47,709,785,149
7,21,22,35,549,642,149
46,62,20,58,623,720,149
216,185,212,152,835,948,149
416,316,292,208,872,990,149
692,308,708,331,975,1023,149
88,93,111,108,767,869,149
40,27,63,32,687,790,149
135,89,123,84,768,871,149
135,110,127,107,784,894,149
770,596,677,500,985,1023,149
117,80,76,55,776,866,149
35,44,50,58,688,786,149
9,26,4,41,453,620,149
68,69,59,56,689,802,149
220,202,299,263,870,998,149
96,112,61,70,706,803,149
28,38,24,41,638,727,150
78,77,138,136,770,885,150
157,110,241,165,830,960,150
704,424,706,437,992,1023,150
73,86,74,76,713,799,150
73,58,108,79,756,847,150
29,34,40,44,660,765,150
415,238,447,244,908,1023,150
147,153,140,135,744,839,150
19,33,9,19,557,626,150
68,68,87,79,728,832,150
48,57,106,97,746,833,150
22,37,24,48,576,648,150
254,162,210,105,831,945,150
15,28,46,53,622,692,150
118,87,165,124,842,970,150
63,69,74,88,731,814,150
34,38,54,41,705,775,150
47,49,100,77,718,807,150
192,108,120,95,800,926,150
355,289,360,291,898,1023,151
266,214,267,241,877,1002,151
30,26,77,48,634,730,151
59,42,59,44,699,779,151
119,111,83,102,775,880,151
77,48,140,85,762,868,151
272,221,254,225,878,1001,151
8,20,12,35,581,647,151
174,120,209,138,835,947,151
29,34,21,46,646,739,151
9,22,0,27,538,565,151
41,43,51,51,661,730,151
108,98,69,68,740,840,151
534,403,427,362,933,1023,151
36,52,2,36,540,620,151
21,24,4,15,570,622,151
20,21,42,48,629,697,151
31,22,38,27,619,699,151
49,60,35,70,571,621,151
53,64,24,55,646,719,151
145,128,164,154,794,906,151
113,127,32,65,643,735,151
297,196,244,140,858,976,151
173,125,183,127,816,939,151
34,30,83,56,716,798,151
67,57,175,114,756,847,151
222,154,297,152,865,985,151
17,26,12,32,542,642,151
27,24,60,60,663,721,151
186,152,230,170,843,971,151
13,28,13,18,484,649,151
100,83,117,82,785,888,151
139,72,186,121,810,918,151
9,24,0,23,0,0,151
65,54,59,44,669,784,152
126,118,174,144,798,912,152
80,98,27,66,683,782,152
14,25,25,35,585,653,152
27,35,23,17,646,742,152
13,28,60,62,606,696,152
603,462,536,382,941,1023,152
24,36,37,27,635,695,152
235,195,233,158,837,965,152
19,34,38,25,665,719,152
38,55,54,90,626,715,152
36,51,59,66,645,730,152
249,126,266,131,847,983,152
162,134,325,231,865,993,152
47,39,63,49,676,780,152
20,33,20,32,629,674,152
249,203,222,160,828,950,152
27,31,43,33,606,682,152
58,68,51,73,700,777,152
86,73,109,106,805,914,152
57,53,72,81,688,779,152
20,22,0,8,567,660,153
221,115,186,89,827,951,153
22,30,35,44,657,720,153
97,98,196,181,805,908,153
138,147,88,119,765,871,153
15,22,48,48,633,720,153
165,165,174,193,817,929,153
109,103,155,142,767,881,153
43,49,97,75,744,852,153
33,30,73,44,681,783,153
268,141,290,137,864,991,153
24,40,29,50,636,705,153
101,98,56,72,734,809,153
23,25,61,38,649,733,153
57,51,133,108,747,851,153
31,32,46,55,631,684,153
28,45,10,46,514,594,153
139,101,130,84,787,884,153
125,136,8,35,742,838,153
25,36,72,75,671,741,153
31,25,74,49,691,772,153
7,24,0,15,0,260,153
259,207,284,179,848,967,153
22,36,11,43,531,610,153
530,220,475,173,917,1023,153
6,20,7,19,108,387,153
111,119,86,95,709,804,153
500,365,394,251,914,1023,153
72,51,76,44,710,804,154
31,20,53,39,684,756,154
290,247,214,188,846,961,154
42,45,68,67,715,799,154
44,28,86,45,750,873,154
83,79,88,68,735,832,154
25,29,27,36,684,808,154
114,123,73,78,735,816,154
83,65,153,129,766,866,154
202,166,258,171,829,934,154
59,68,38,51,667,726,154
10,23,35,36,563,603,154
12,21,39,40,657,705,154
163,147,225,190,822,934,154
51,44,105,73,725,780,154
318,208,482,363,924,1023,154
116,109,110,104,742,836,154
247,113,285,124,862,991,154
140,129,57,88,758,856,154
30,38,26,39,633,718,154
9,22,13,21,542,597,154
83,96,49,82,724,816,154
5,20,8,34,514,541,154
18,32,26,34,635,743,154
281,270,240,247,831,948,154
256,109,322,118,871,992,155
81,73,120,105,732,833,155
21,38,25,37,604,682,155
48,57,77,54,696,780,155
17,28,24,41,580,663,155
1023,1021,1023,585,1023,1023,155
30,45,60,78,663,733,155
231,131,320,129,849,971,155
101,113,90,101,710,811,155
56,72,26,57,639,728,155
109,85,113,82,763,868,155
94,97,101,115,735,828,155
149,78,182,100,805,915,155
126,66,190,89,799,913,155
249,213,256,197,843,965,155
12,27,0,28,485,590,155
43,46,43,40,661,753,155
136,102,157,101,773,883,155
208,138,213,145,812,929,155
67,60,141,105,763,860,155
127,129,151,131,772,865,155
125,76,130,67,782,894,155
51,67,22,43,602,697,155
79,70,115,90,750,845,155
144,125,208,194,855,975,155
112,108,114,124,792,891,155
10,20,9,36,541,673,155
40,36,71,38,692,775,155
846,463,997,523,1023,1023,155
46,55,59,72,673,777,155
930,579,819,602,1023,1023,155
31,24,65,31,733,795,155
90,46,132,70,753,855,155
1023,739,786,617,1023,1023,155
25,29,27,33,641,733,155
6,20,15,37,385,588,155
196,157,216,127,837,954,155
18,33,33,38,611,698,155
66,41,73,53,712,826,155
135,117,193,152,816,923,155
96,111,73,72,732,792,155
13,26,15,29,532,586,155
24,34,8,18,568,625,155
25,30,2,16,577,662,156
8,23,0,20,0,111,156
202,185,221,216,831,957,156
172,116,148,125,807,927,156
13,28,12,38,559,635,156
217,144,367,260,870,996,156
16,24,48,45,647,712,156
22,39,40,53,591,660,156
55,65,65,61,706,775,156
243,227,235,241,839,956,156
17,23,27,40,624,699,156
281,207,369,256,866,988,156
140,107,131,74,794,912,156
39,20,79,50,695,797,156
23,41,5,24,517,617,156
67,72,91,107,740,826,156
28,29,54,54,665,742,156
21,33,85,84,699,802,156
27,27,38,33,651,731,156
18,31,0,33,584,709,156
79,83,120,115,750,835,156
25,37,45,62,645,716,156
11,21,61,79,637,686,156
50,44,57,44,677,733,157
18,27,39,41,656,720,157
25,40,7,44,600,673,157
63,74,53,48,717,809,157
129,125,143,151,784,880,157
23,39,0,22,559,592,157
112,110,63,59,748,841,157
153,77,189,77,818,934,157
38,31,60,73,679,759,157
134,86,115,103,743,835,157
90,73,185,137,791,900,157
132,103,192,125,814,921,157
167,156,129,133,760,851,157
140,150,53,100,699,781,157
41,35,78,67,713,798,157
440,184,470,208,903,1023,157
119,110,109,96,744,835,157
403,272,380,242,894,1023,157
9,24,13,16,586,664,157
52,61,34,49,670,759,157
28,31,27,43,595,679,157
98,102,72,65,706,783,157
481,282,583,338,938,1023,157
28,36,28,33,683,757,157
278,242,199,121,833,946,157
287,212,301,239,854,974,157
9,23,9,25,587,640,157
200,200,92,124,762,860,158
105,103,118,91,786,878,158
265,196,304,233,891,1023,158
128,100,152,122,796,898,158
40,43,63,71,713,795,158
12,23,25,31,570,679,158
278,240,233,207,845,972,158
423,362,324,230,905,1023,158
278,219,218,144,857,971,158
77,78,49,42,707,799,158
406,344,339,312,881,1015,158
30,21,67,44,692,783,158
125,115,92,67,756,863,158
204,185,181,164,822,937,158
36,42,48,37,667,753,158
383,272,450,297,921,1023,158
15,30,0,29,504,562,158
264,202,320,231,877,1012,158
13,30,0,21,435,492,158
42,50,70,67,703,786,158
59,72,77,76,688,771,158
532,369,591,414,977,1023,158
34,50,34,51,640,706,158
75,88,22,62,671,744,158
47,44,52,55,679,765,158
11,26,9,27,516,591,158
20,25,24,33,639,695,158
148,75,152,76,784,899,158
114,86,164,103,815,932,158
120,103,119,111,759,856,158
386,132,335,134,906,1023,158
48,33,109,51,723,823,158
244,252,171,176,808,935,158
137,131,243,237,795,915,158
13,20,36,45,593,642,158
111,115,115,138,743,858,158
771,542,511,318,948,1023,158
26,27,62,49,662,749,158
20,33,36,51,648,721,158
28,45,11,35,557,641,158
29,32,49,59,706,774,158
22,32,15,18,597,650,158
498,388,600,449,949,1023,158
139,133,169,144,791,897,158
46,43,67,37,719,812,158
140,66,136,64,768,865,159
161,106,202,110,828,943,159
70,60,108,86,715,802,159
44,43,9,29,628,701,159
64,67,126,106,773,869,159
16,31,37,33,547,652,159
78,74,77,85,725,815,159
18,35,7,44,0,416,159
106,118,33,59,701,768,159
382,343,244,250,868,1003,159
38,52,0,34,487,572,159
43,52,52,66,645,753,159
26,35,0,18,554,631,159
10,23,0,21,470,558,159
25,30,46,54,653,724,159
57,61,94,81,731,844,159
73,62,39,43,708,774,160
17,32,3,35,603,658,160
181,159,121,112,801,903,160
17,24,0,33,520,555,160
708,414,833,578,1008,1023,160
8,21,2,19,577,642,160
59,58,70,48,671,751,160
19,32,47,39,651,724,160
61,68,65,59,689,751,160
30,28,65,39,656,735,160
97,75,194,147,776,884,160
150,127,184,118,826,939,160
205,97,273,124,850,980,160
34,33,78,52,718,800,160
92,96,106,98,722,815,160
21,30,53,51,640,722,160
52,63,80,86,678,775,160
89,90,53,47,706,796,160
35,35,122,82,738,847,160
314,200,303,189,879,1010,160
8,24,8,34,530,611,161
34,32,52,43,669,756,161
53,57,102,90,675,771,161
19,25,34,36,659,740,161
15,28,20,51,676,737,161
9,23,5,38,353,566,161
32,46,43,77,712,795,161
27,44,24,55,545,650,161
22,21,81,75,690,759,161
390,276,393,259,910,1023,161
21,35,32,59,644,751,161
44,60,49,74,652,733,161
73,84,92,111,752,839,161
56,52,40,33,668,778,161
59,56,149,118,769,878,161
21,30,56,66,648,733,161
168,177,84,112,739,818,161
88,55,128,77,761,863,161
353,242,329,158,883,1015,161
22,27,84,47,711,804,161
83,80,112,99,745,842,161
8,22,8,39,562,643,161
216,164,230,148,812,919,161
63,67,70,65,715,802,161
201,138,273,155,828,949,161
59,42,87,72,755,873,161
111,104,116,118,781,877,161
26,24,32,31,593,668,161
99,107,100,96,699,789,161
113,98,157,129,779,879,162
172,126,135,125,801,917,162
79,65,108,94,731,821,162
306,131,510,275,928,1023,162
109,97,153,90,786,891,162
57,60,54,48,644,707,162
204,155,232,159,848,964,162
95,73,116,110,773,869,162
57,57,66,61,723,806,162
64,62,100,83,745,843,162
129,103,230,151,806,916,162
11,26,8,21,583,628,162
321,180,371,158,863,988,162
148,159,101,120,769,879,162
238,194,212,159,875,1014,162
38,38,94,71,707,788,162
162,158,206,183,800,910,162
392,308,388,251,900,1023,162
41,27,107,44,768,858,162
42,39,48,29,685,763,163
137,139,105,110,765,861,163
29,31,58,67,703,787,163
155,150,128,153,800,895,163
28,28,11,32,558,638,163
9,20,23,30,597,654,163
1023,1021,1023,567,1023,1023,163
221,196,296,224,853,966,163
112,120,132,104,758,855,163
321,242,378,276,912,1023,163
162,155,171,157,811,920,163
67,51,51,46,695,773,163
134,127,118,107,761,878,163
133,98,38,50,736,831,163
28,30,54,48,712,816,163
110,118,96,111,723,825,163
9,25,12,39,561,633,163
44,63,2,34,470,556,163
50,37,88,40,710,801,163
16,31,15,30,518,611,163
100,90,125,86,747,852,163
1023,856,982,709,1023,1023,163
12,20,33,25,627,710,163
68,83,99,87,697,784,163
768,391,1023,393,1015,1023,163
18,20,59,57,650,668,163
209,196,236,226,856,987,163
48,61,33,59,618,716,163
18,32,41,59,649,697,163
102,79,137,101,741,846,163
17,29,61,70,653,737,164
10,24,11,38,536,551,164
11,21,27,26,649,707,164
65,55,155,74,772,894,164
12,24,9,28,549,666,164
12,23,18,40,607,686,164
131,75,136,68,774,880,164
16,21,31,75,648,742,164
187,117,235,103,815,944,164
198,155,277,192,851,980,164
26,35,34,45,655,750,164
16,20,34,32,648,733,164
67,45,90,70,723,822,164
52,61,131,97,760,848,164
227,144,165,115,857,982,164
16,27,61,60,660,747,164
205,132,203,122,820,927,164
81,40,127,51,760,856,164
115,103,92,82,759,850,164
56,62,71,65,685,762,164
41,47,71,45,697,780,164
1023,652,1023,499,1023,1023,164
106,93,147,128,788,882,164
18,26,50,51,759,873,164
301,179,230,128,867,1004,164
118,96,202,198,779,882,164
18,32,21,38,588,659,164
320,299,273,187,856,983,164
35,50,33,39,609,686,164
148,126,99,66,762,862,164
690,445,503,296,937,1023,164
138,111,108,104,780,878,164
51,57,86,67,720,808,164
57,57,146,102,776,868,164
168,140,296,199,874,1023,165
52,69,28,58,633,704,165
1023,899,1023,650,1023,1023,165
42,48,26,27,649,730,165
103,116,41,60,716,807,165
60,62,89,84,709,792,165
407,188,429,190,905,1023,165
131,111,149,118,802,899,165
332,272,380,286,894,1023,165
22,35,14,27,609,640,165
132,116,128,93,764,881,165
82,76,86,94,706,788,165
215,221,97,136,771,890,165
39,21,51,35,702,782,165
197,191,172,171,812,904,165
167,158,171,146,796,898,165
143,118,157,96,768,858,165
148,160,103,131,743,843,165
136,134,131,122,766,847,165
442,310,442,260,898,1023,165
15,27,74,90,675,763,165
52,67,96,124,696,786,166
671,348,689,396,967,1023,166
208,129,184,85,817,930,166
37,23,123,57,752,856,166
70,73,122,109,793,906,166
34,31,28,19,632,715,166
213,129,162,78,824,930,166
74,52,71,46,693,799,166
14,23,34,42,615,708,166
31,39,64,83,690,777,166
144,111,151,94,771,876,166
17,34,0,23,377,571,166
499,271,401,199,903,1023,166
314,239,479,344,897,1023,166
48,55,85,77,724,815,166
41,49,39,33,634,723,166
477,358,432,338,921,1023,166
250,161,240,152,840,953,166
70,72,105,120,733,829,166
46,42,82,61,698,791,166
460,342,474,346,927,1023,166
42,30,82,40,742,845,166
147,153,85,102,727,822,166
61,81,0,26,531,632,167
27,43,19,41,585,645,167
453,329,668,508,974,1023,167
43,49,144,107,778,875,167
85,75,84,78,719,817,167
228,204,221,193,837,960,167
67,77,104,96,711,807,167
222,210,265,257,853,980,167
8,22,0,8,499,604,167
243,102,300,127,869,992,167
151,107,190,128,829,952,167
53,54,126,98,759,864,167
46,40,38,21,683,769,167
459,343,402,310,925,1023,167
99,86,107,87,768,879,167
1023,697,1023,573,1023,1023,167
87,87,84,70,727,819,167
188,178,190,153,804,906,167
50,36,92,63,700,787,167
80,49,141,68,776,873,167
360,316,222,207,856,980,167
160,127,207,122,814,926,167
134,96,243,116,844,958,167
12,24,24,26,494,618,167
59,68,16,40,631,688,167
261,236,273,228,870,990,167
89,84,141,114,771,875,167
81,59,62,36,728,809,167
93,101,73,97,711,797,167
145,130,101,81,766,869,167
23,31,71,47,658,737,167
772,430,842,559,993,1023,167
168,148,213,179,837,947,167
70,51,93,60,739,834,167
26,28,66,68,632,708,167
143,133,142,159,805,913,167
19,20,64,30,637,743,168
81,66,109,74,779,876,168
88,60,125,78,739,846,168
201,171,92,85,791,886,168
1023,592,1000,399,1023,1023,168
218,178,179,191,846,966,168
89,66,112,75,749,838,168
82,82,102,78,764,857,168
27,22,50,35,696,784,168
24,25,39,54,643,696,168
186,117,249,136,825,937,168
12,24,0,23,444,577,168
133,145,71,94,741,822,168
97,99,116,107,747,821,168
29,24,93,52,707,801,168
50,34,77,59,686,776,168
105,78,115,76,769,854,168
275,190,221,165,840,953,168
855,507,751,448,1014,1023,168
8,20,10,17,565,651,169
98,71,223,111,825,935,169
158,142,171,146,789,900,169
34,44,38,28,627,676,169
48,50,76,64,685,745,169
7,21,23,44,511,579,169
118,124,113,132,778,888,169
22,31,40,36,659,738,169
123,56,199,96,838,974,169
30,29,22,22,638,707,169
68,54,91,67,734,826,169
25,35,41,37,650,732,169
20,21,50,25,655,725,169
159,86,268,174,866,985,169
49,47,89,83,721,814,169
13,25,28,53,590,662,169
28,30,74,60,714,801,169
32,26,53,42,694,775,169
211,130,248,112,832,955,169
181,95,213,148,821,944,170
35,50,23,46,603,711,170
86,87,88,48,743,852,170
88,90,96,89,734,841,170
38,53,19,42,644,743,170
29,46,22,51,636,700,170
102,117,57,88,696,766,170
62,63,125,117,747,844,170
87,94,94,107,751,844,170
542,258,556,278,955,1023,170
253,138,227,138,849,960,170
36,43,62,47,629,712,170
41,52,42,77,681,749,170
1023,861,1023,600,1023,1023,170
67,77,112,111,716,808,170
27,36,35,31,646,722,170
178,135,306,173,877,1011,170
31,33,83,64,727,819,170
22,29,72,54,698,768,170
72,64,122,105,758,853,170
413,342,249,231,879,1011,170
731,542,588,439,971,1023,170
311,135,340,156,886,1020,170
39,46,95,109,720,840,170
570,409,483,355,932,1023,170
35,50,46,47,656,729,170
25,26,0,28,512,589,170
63,69,64,61,678,747,170
160,109,331,209,858,985,170
61,58,72,74,683,749,170
54,68,89,97,701,792,170
82,70,186,120,775,864,170
47,42,28,23,684,752,170
14,30,0,31,496,568,170
68,66,71,53,695,777,171
102,103,137,90,782,890,171
50,42,65,44,705,769,171
38,33,89,46,718,815,171
17,32,0,11,450,509,171
195,152,284,184,864,990,171
12,24,28,30,507,588,171
418,213,393,220,900,1023,171
33,30,65,44,673,751,171
23,37,70,82,687,758,171
17,27,57,59,657,744,171
118,112,136,98,779,883,171
24,20,39,31,607,671,171
74,61,103,66,726,816,171
16,30,17,36,401,570,171
78,58,98,72,727,832,171
39,32,76,35,682,749,171
110,120,113,137,731,827,171
15,28,54,48,657,716,171
17,22,36,34,578,686,171
26,34,19,36,565,638,171
164,163,216,214,805,923,171
22,29,42,39,627,699,171
29,35,54,43,665,754,171
16,34,13,27,586,629,171
229,208,210,188,809,921,171
10,25,0,22,445,629,171
305,180,226,74,825,942,171
9,23,18,32,571,610,171
15,28,43,42,645,712,171
108,68,166,92,767,878,171
619,264,728,330,974,1023,171
50,69,8,30,636,717,171
5,21,8,44,0,467,171
36,51,46,65,676,746,171
14,23,5,25,443,618,171
48,41,80,40,684,741,171
9,25,0,28,510,599,171
8,21,10,30,574,621,171
23,32,55,46,683,770,171
318,307,252,245,839,971,171
77,44,147,70,784,886,172
396,247,380,265,914,1023,172
265,174,233,142,877,1014,172
141,82,113,60,763,876,172
407,278,464,351,899,1023,172
49,56,78,79,718,818,172
245,148,300,147,851,979,172
7,23,0,33,476,568,172
113,97,109,102,764,862,172
228,221,219,233,812,927,172
54,51,57,73,682,781,172
165,134,249,199,827,947,172
44,53,39,34,688,785,172
51,64,65,72,671,780,172
47,56,11,43,586,677,172
98,94,154,96,785,886,172
31,26,49,31,696,815,172
80,72,83,85,734,843,172
41,39,28,42,653,748,172
24,29,44,46,647,716,172
44,25,83,55,695,779,172
25,39,47,51,643,723,172
98,60,144,82,779,885,172
21,37,19,29,611,720,173
17,34,28,54,581,690,173
44,46,51,55,700,779,173
41,56,63,71,633,698,173
204,150,354,204,878,1001,173
336,189,553,344,918,1023,173
401,180,450,190,904,1023,173
170,87,225,79,828,947,173
85,58,157,80,787,914,173
13,27,9,44,602,683,173
21,25,35,31,679,759,173
207,156,211,136,822,941,173
43,37,94,60,703,770,173
20,25,46,26,610,698,173
38,50,54,71,704,779,173
30,40,33,37,662,712,173
153,96,271,154,831,937,173
14,24,65,57,633,695,173
25,32,65,42,692,761,173
108,58,159,60,782,880,173
102,95,156,111,790,892,173
100,97,120,114,762,862,173
55,67,29,52,600,693,173
76,70,131,123,735,826,173
524,259,577,365,972,1023,173
98,100,65,83,742,836,173
39,40,24,39,643,725,173
24,40,0,20,412,523,173
54,55,85,72,727,826,174
273,215,317,246,883,1005,174
184,139,251,183,814,924,174
52,69,23,61,639,709,174
40,36,49,41,649,726,174
8,20,7,31,560,644,174
124,98,124,85,776,874,174
13,21,8,29,553,631,174
163,147,136,138,797,906,174
278,217,247,191,860,988,174
17,25,1,29,619,694,174
36,30,67,31,675,759,174
51,70,0,41,490,616,174
13,24,52,45,669,738,174
1023,693,1023,517,1023,1023,174
182,133,311,229,859,984,174
234,133,282,116,846,954,174
238,220,95,108,826,939,174
21,31,47,48,672,743,174
18,31,47,58,671,735,174
34,43,88,104,709,782,174
40,53,37,39,655,734,174
27,44,54,48,663,766,174
200,152,400,254,887,1011,174
141,100,173,103,795,889,174
136,98,206,126,822,930,174
116,110,176,159,803,907,174
307,261,315,303,865,980,174
26,26,25,26,607,677,174
22,21,92,71,655,743,174
36,30,75,41,719,808,174
11,22,29,56,575,659,174
132,118,225,217,853,981,174
45,55,83,80,703,781,174
109,77,112,64,779,883,174
241,228,306,302,829,949,174
12,27,9,41,423,512,175
299,91,246,81,870,999,175
42,32,70,34,692,757,175
1023,474,1023,436,1023,1023,175
325,288,260,233,882,1003,175
120,115,130,107,765,861,175
70,72,89,98,698,787,175
104,102,102,95,756,853,175
17,34,0,40,514,552,175
25,26,61,45,669,757,175
245,119,212,100,842,964,175
27,23,63,34,704,766,175
10,21,54,58,665,719,175
136,100,115,95,783,891,175
31,46,0,26,555,679,175
969,573,814,427,1007,1023,175
38,22,102,47,687,771,175
197,182,187,188,839,950,175
161,110,257,157,838,958,175
14,23,49,42,649,714,175
34,38,43,31,646,707,175
760,395,869,493,987,1023,175
147,107,186,130,811,923,175
734,389,661,380,980,1023,175
32,30,94,52,694,769,175
86,84,75,46,713,803,175
162,150,116,117,784,877,176
61,69,101,108,708,786,176
37,43,15,26,648,741,176
10,26,0,39,455,522,176
94,95,109,104,757,834,176
180,150,189,139,792,889,176
574,363,377,150,979,1023,176
372,122,446,126,922,1023,176
11,25,44,42,582,661,176
15,26,55,67,629,692,176
91,91,88,76,762,843,176
91,95,126,125,750,852,176
161,108,132,60,790,895,176
21,29,20,36,625,692,176
55,60,66,85,718,794,176
418,348,276,183,879,1009,176
83,49,131,73,743,854,176
101,99,133,114,736,833,176
88,90,60,78,715,812,176
117,112,96,92,739,834,176
120,67,143,72,788,891,176
10,20,53,65,618,674,176
139,83,138,82,797,898,176
53,44,78,67,714,812,176
11,27,0,16,347,493,176
159,96,179,82,776,887,176
35,45,71,41,649,730,176
125,97,130,87,774,874,176
316,271,309,235,890,1023,176
32,33,14,24,614,692,176
31,34,31,30,643,727,176
98,74,100,97,759,855,176
73,79,42,63,712,801,176
120,107,153,120,768,862,176
189,158,269,247,850,976,177
216,153,208,110,836,941,177
110,68,81,60,733,837,177
18,28,21,44,632,712,177
19,23,22,44,601,664,177
106,55,149,76,778,883,177
59,68,117,143,722,803,177
23,27,36,29,624,687,177
138,130,93,95,791,887,177
105,60,194,97,787,886,177
16,24,43,51,614,681,177
8,21,0,14,633,760,177
65,72,8,28,585,683,177
43,44,101,86,720,794,177
140,144,107,122,749,855,177
196,181,128,101,814,914,177
56,73,42,62,668,761,177
13,21,72,56,673,748,177
144,141,158,145,762,858,177
242,166,228,107,814,937,177
608,435,628,446,976,1023,177
33,46,33,69,640,715,177
10,23,24,41,606,642,177
14,25,47,55,647,709,177
18,28,1,15,614,704,177
18,34,20,37,496,598,177
168,154,145,146,806,920,177
13,22,15,22,576,640,177
41,43,40,52,615,719,177
6,20,0,32,0,440,177
42,47,41,39,646,715,177
13,24,33,47,637,696,177
11,21,24,38,593,663,177
93,73,117,93,769,867,177
92,70,93,58,742,839,177
59,30,82,46,736,835,177
28,34,37,37,670,736,178
10,22,0,13,558,623,178
14,23,28,44,645,701,178
32,26,61,25,687,771,178
7,21,30,56,556,653,178
113,79,158,137,785,895,178
12,21,26,30,612,694,178
276,179,376,242,902,1023,178
64,71,45,74,723,835,178
75,89,32,76,646,721,178
83,88,100,86,720,818,178
50,38,75,52,682,792,178
8,23,0,30,450,583,178
42,47,30,25,695,800,178
46,31,154,67,760,866,178
48,38,32,29,697,761,178
29,23,45,32,684,753,178
40,32,26,26,612,700,178
188,95,273,111,836,960,178
155,107,174,85,798,906,178
289,233,360,275,879,1009,178
328,218,437,290,918,1023,178
20,36,11,32,592,702,178
200,117,166,96,789,890,178
31,34,51,29,702,781,178
29,37,61,48,670,757,178
152,101,110,68,793,902,178
64,81,32,77,638,712,178
34,46,70,77,697,783,179
117,115,139,128,786,887,179
43,40,127,82,771,866,179
32,49,54,69,665,743,179
52,52,93,71,709,811,179
116,117,110,139,777,883,179
28,20,62,31,703,769,179
264,242,200,196,826,938,179
55,61,99,109,738,819,179
655,364,905,558,1012,1023,179
86,60,78,55,734,808,179
14,20,0,11,516,578,179
196,93,278,147,827,951,179
409,271,564,383,952,1023,179
273,208,329,230,866,989,179
261,243,187,162,838,951,179
27,25,71,26,693,779,179
203,178,156,153,811,915,179
53,53,105,81,756,837,179
13,26,16,37,500,588,179
130,110,229,185,826,939,179
282,147,387,190,891,1020,179
28,45,0,41,168,574,179
40,55,57,73,652,724,179
130,88,134,71,804,906,179
17,31,24,40,655,727,179
199,142,216,173,808,913,179
214,200,196,183,829,951,180
82,68,110,69,744,848,180
27,20,40,31,650,734,180
202,154,330,211,856,975,180
24,39,0,36,587,611,180
56,47,127,90,742,825,180
18,25,63,37,695,763,180
177,113,172,99,790,888,180
13,22,36,39,630,692,180
43,51,13,17,605,693,180
5,20,0,25,285,401,180
36,41,34,44,598,696,180
59,66,65,80,722,820,180
100,107,120,134,759,846,180
73,79,98,112,739,836,180
38,37,63,60,697,783,180
687,231,879,301,994,1023,180
162,161,158,141,772,864,180
491,328,400,262,927,1023,180
220,219,115,146,795,903,180
185,104,202,80,827,953,180
20,23,55,49,660,723,180
87,78,107,93,752,841,180
57,46,101,72,731,824,180
63,65,81,75,724,814,180
32,34,93,73,728,816,180
144,96,180,86,818,921,180
502,309,497,254,906,1023,180
84,74,159,95,775,882,180
181,185,141,136,778,889,180
79,90,85,97,718,804,180
259,228,230,191,819,934,180
41,47,109,101,747,840,180
240,171,323,224,855,979,180
61,55,156,114,767,879,180
24,28,79,53,722,817,180
169,177,146,171,777,885,181
17,26,51,60,663,741,181
122,72,61,55,786,899,181
36,47,65,81,688,792,181
350,239,390,285,890,1023,181
44,48,110,90,715,807,181
62,77,81,92,696,780,181
105,99,151,81,768,880,181
54,35,148,61,783,890,181
184,129,139,105,793,910,181
13,26,30,55,584,674,181
13,22,47,39,632,685,181
36,51,24,53,608,667,181
252,210,255,213,861,988,181
72,88,49,82,664,764,181
111,107,104,96,726,821,181
59,78,0,36,594,670,181
260,197,268,218,865,995,181
80,56,107,83,760,869,181
23,26,40,22,679,750,181
20,33,47,44,660,759,181
63,51,86,41,735,836,181
16,28,13,38,487,585,181
32,37,71,88,678,745,181
74,79,99,88,714,830,181
89,86,75,57,715,789,181
45,63,26,67,516,649,181
14,27,87,100,705,769,182
20,27,51,47,682,754,182
122,70,82,44,755,853,182
61,63,57,65,716,807,182
86,80,95,110,752,853,182
29,24,22,33,586,619,182
119,57,134,54,807,916,182
48,44,18,29,639,723,182
71,52,115,89,768,856,182
71,43,51,43,707,801,182
267,196,258,162,857,980,182
38,45,85,84,671,758,182
31,25,42,45,647,740,182
134,123,89,85,759,847,182
20,20,11,21,642,688,182
241,109,236,98,839,948,182
35,32,29,28,663,760,182
14,28,54,53,634,688,182
34,51,25,59,624,715,182
730,259,800,286,993,1023,182
252,144,207,146,827,937,183
25,30,47,44,649,693,183
87,79,89,84,733,843,183
29,28,7,33,602,669,183
152,129,86,87,777,880,183
199,159,131,97,778,860,183
872,442,931,598,1023,1023,183
11,26,3,21,565,628,183
87,89,65,74,704,774,183
253,211,341,312,875,1002,183
24,35,47,61,676,745,183
25,24,4,22,609,662,183
85,57,193,114,833,958,183
37,42,39,41,622,708,183
49,56,91,101,724,833,183
31,43,45,57,701,775,183
103,61,211,118,803,924,183
86,94,52,68,689,754,183
11,28,13,45,0,515,183
24,32,28,40,561,620,183
68,54,106,72,741,848,183
365,134,355,136,894,1023,183
43,39,40,41,644,729,183
1023,609,750,435,1002,1023,183
67,53,56,56,662,756,183
159,109,222,94,824,943,184
39,55,10,37,629,696,184
70,69,93,66,752,840,184
27,23,67,47,681,779,184
213,150,202,80,834,945,184
54,66,25,34,692,779,184
98,111,85,78,739,817,184
637,343,641,319,982,1023,184
81,63,134,83,752,853,184
37,51,22,52,601,667,184
516,373,483,340,932,1023,184
1023,827,1023,777,1023,1023,184
187,168,206,182,814,923,184
10,24,22,40,575,672,184
85,66,110,54,737,817,184
21,30,26,43,548,583,184
303,229,288,188,873,1004,184
170,91,238,139,839,959,184
52,52,104,71,720,788,184
95,99,153,152,763,847,184
86,85,153,144,787,884,184
19,20,54,30,670,741,184
181,164,173,166,810,916,184
319,121,290,116,882,1014,184
30,33,135,97,767,856,184
155,135,116,98,816,934,184
81,62,163,109,778,883,184
48,59,43,70,672,731,184
34,45,71,89,728,809,184
17,20,26,32,571,674,184
18,30,28,49,532,585,184
34,31,41,30,618,715,184
19,34,18,55,395,553,184
76,86,39,48,693,769,184
102,69,125,88,737,829,184
57,47,98,67,723,821,185
1023,1021,1023,704,1023,1023,185
36,37,72,48,663,732,185
39,41,38,34,644,717,185
128,94,99,81,737,810,185
24,34,42,59,599,690,185
172,85,198,122,806,920,185
54,65,165,169,753,845,185
11,25,81,67,670,737,185
206,110,248,111,858,980,185
80,77,86,75,758,851,185
19,21,115,72,703,765,185
207,183,252,204,879,1020,185
119,122,115,103,762,857,185
46,58,60,84,702,775,185
81,89,95,64,700,787,185
21,28,36,34,609,711,185
11,26,2,20,534,607,185
258,112,293,120,866,987,185
20,24,33,34,623,674,185
39,39,59,49,704,765,185
17,26,5,12,549,615,185
201,155,167,127,808,919,185
35,53,1,42,528,650,185
25,28,58,37,653,722,185
56,43,85,42,740,832,185
28,23,80,49,677,751,185
35,49,88,83,691,792,186
52,57,37,45,670,760,186
35,24,80,52,721,814,186
19,23,37,33,602,679,186
105,100,120,101,731,829,186
11,22,45,32,596,633,186
27,44,9,47,618,657,186
13,22,25,25,611,675,186
36,46,55,38,688,771,186
289,225,333,264,891,1023,186
39,53,28,55,557,635,186
178,129,153,83,773,887,186
44,31,98,60,726,823,186
28,38,48,38,610,704,186
78,92,61,77,710,799,186
60,54,106,66,734,838,186
8,21,40,63,610,662,186
88,92,67,56,709,813,186
40,51,49,50,648,725,186
183,143,152,63,805,923,186
546,281,406,189,908,1023,187
40,35,105,60,696,758,187
83,50,140,85,778,881,187
49,37,117,70,759,854,187
363,277,394,296,907,1023,187
12,23,35,43,620,712,187
30,30,43,46,633,708,187
40,37,39,42,684,803,187
39,49,96,85,717,788,187
17,21,30,22,610,725,187
688,246,621,290,963,1023,187
180,141,200,136,804,918,187
61,62,84,66,735,823,187
51,57,92,103,715,811,187
62,25,92,38,746,844,187
33,46,22,38,640,706,187
90,84,65,69,644,745,187
17,27,4,19,527,614,187
73,83,89,89,703,812,187
13,23,43,58,582,647,187
55,68,53,68,661,737,187
205,140,311,205,872,1000,187
40,38,54,45,672,759,187
293,177,403,199,900,1023,187
35,43,93,72,697,787,187
14,28,35,52,617,690,187
180,187,82,104,746,852,187
34,20,108,68,724,814,187
482,280,376,186,905,1023,187
65,67,138,91,759,855,187
48,35,97,79,747,838,187
31,34,78,45,703,805,187
55,60,39,57,665,747,187
71,82,79,107,707,783,187
22,23,58,44,650,729,187
32,45,4,28,596,639,187
98,94,69,58,723,818,187
145,119,301,253,859,978,187
125,90,129,115,761,863,187
29,45,0,27,538,577,187
16,22,21,26,628,770,187
349,288,411,306,919,1023,187
275,255,203,184,848,977,188
12,24,20,33,609,709,188
53,64,72,89,673,764,188
492,291,551,327,936,1023,188
32,43,63,74,688,791,188
16,30,23,40,586,641,188
22,37,12,32,581,628,188
302,170,373,215,883,1011,188
52,61,67,47,702,788,188
110,80,128,107,766,862,188
30,45,15,42,527,625,188
103,56,109,77,760,877,188
23,20,52,42,675,752,188
703,340,793,349,990,1023,188
571,371,753,556,986,1023,188
168,110,223,93,852,976,188
166,157,197,163,814,930,188
207,170,177,163,792,898,188
157,76,233,82,809,927,188
235,171,119,118,807,907,188
57,74,15,48,599,663,188
208,155,273,190,839,956,188
104,112,84,117,717,808,188
197,202,141,157,783,876,188
449,340,332,230,891,1023,188
768,213,904,212,992,1023,188
194,108,202,122,836,957,189
456,225,408,232,909,1023,189
31,46,29,53,632,705,189
21,31,51,58,664,714,189
277,173,274,152,853,984,189
24,35,64,50,640,719,189
79,82,70,69,726,823,189
105,82,182,124,799,915,189
450,252,342,139,891,1023,189
82,58,105,66,768,896,189
148,100,175,86,817,936,189
405,201,394,163,897,1023,189
46,53,75,59,716,815,189
45,50,34,39,689,779,189
84,81,69,56,684,764,189
305,274,263,262,853,979,189
289,124,324,136,854,989,189
15,31,1,24,527,565,189
32,44,60,79,656,736,189
257,236,165,187,840,962,189
895,280,855,266,995,1023,189
15,24,21,38,585,681,189
133,113,113,79,748,850,189
55,67,70,62,717,814,189
24,28,52,42,694,799,190
66,69,43,31,656,731,190
637,543,523,411,955,1023,190
104,113,96,102,736,834,190
190,99,225,88,826,934,190
63,72,56,81,712,819,190
23,40,0,28,389,604,190
46,48,30,33,700,802,190
51,50,76,58,736,818,190
146,155,122,123,789,888,190
118,113,104,100,769,880,190
17,23,71,45,688,770,190
534,401,602,443,951,1023,190
60,60,82,72,703,788,190
39,33,54,49,597,670,190
531,405,475,349,930,1023,190
23,32,73,54,647,719,190
65,78,66,90,694,766,190
53,55,101,75,738,828,190
22,34,33,34,637,681,190
59,66,66,61,723,810,190
537,325,526,249,948,1023,190
237,221,174,150,840,945,190
172,116,329,199,862,989,190
20,34,0,23,566,653,190
23,28,32,37,657,728,190
1023,917,1023,591,1023,1023,190
611,500,368,302,942,1023,190
119,106,108,109,762,858,190
179,178,112,149,779,870,190
33,23,35,33,641,689,190
50,57,57,83,710,796,190
89,85,94,77,697,796,190
60,50,73,51,689,782,190
56,53,77,80,715,802,190
63,71,70,102,691,771,190
183,137,168,115,820,932,190
28,34,58,59,662,744,190
54,51,85,67,705,788,190
203,200,133,104,782,881,190
55,53,89,52,702,772,191
76,80,40,42,700,782,191
185,81,184,77,823,938,191
21,24,15,29,646,711,191
60,63,81,50,674,754,191
615,507,250,172,909,1023,191
172,134,186,126,808,919,191
369,190,248,117,867,987,191
180,144,222,161,842,960,191
703,324,697,264,962,1023,191
791,489,766,457,1011,1023,191
1023,1021,1023,600,1023,1023,191
46,48,43,40,648,722,191
207,188,208,181,825,933,191
56,46,73,47,740,844,191
1023,614,1023,477,1023,1023,191
47,39,129,74,747,835,191
219,172,314,257,871,1000,191
8,24,1,36,472,545,191
21,35,38,60,653,746,191
113,98,171,128,772,872,191
340,199,231,125,825,941,191
7,23,0,15,0,445,191
666,289,725,331,985,1023,191
31,49,30,37,637,722,192
92,94,149,140,786,894,192
39,53,63,65,670,765,192
50,60,20,33,679,801,192
376,132,464,218,916,1023,192
66,62,55,37,756,851,192
160,153,210,162,809,926,192
696,330,709,259,966,1023,192
16,33,19,55,383,538,192
28,39,45,63,596,700,192
217,159,146,83,789,887,192
42,48,87,74,662,756,192
31,27,95,53,721,803,192
114,83,180,101,811,914,192
20,33,32,44,644,708,192
42,43,42,29,654,733,192
82,76,96,67,748,870,192
259,207,270,214,875,995,192
123,113,80,55,750,860,192
124,114,141,114,779,871,192
45,37,45,38,653,722,192
30,46,45,53,604,696,192
38,34,71,40,660,744,192
8,23,21,47,533,571,192
94,94,45,57,667,766,192
215,204,152,117,811,928,192
135,109,171,88,794,902,192
11,26,29,62,119,550,192
6,22,10,33,530,612,192
108,58,126,80,789,884,193
217,192,354,293,870,1003,193
66,80,33,70,650,717,193
30,35,63,53,641,709,193
449,397,371,313,899,1023,193
294,138,299,125,871,998,193
200,181,201,175,850,964,193
38,50,56,70,647,696,193
12,23,28,34,590,679,193
15,24,7,24,588,652,193
736,449,713,363,979,1023,193
12,25,15,37,598,660,193
13,27,27,45,543,627,193
165,166,116,99,793,893,193
774,348,729,318,984,1023,193
56,61,47,51,675,728,193
67,49,104,81,715,779,193
121,100,129,115,779,875,193
24,36,29,36,628,719,193
194,194,181,185,820,932,193
22,24,36,32,664,752,193
79,87,64,73,695,807,193
587,545,413,359,911,1023,193
223,157,247,139,842,964,193
281,256,253,215,849,979,193
77,91,3,37,622,682,193
100,86,110,77,745,853,193
89,93,135,115,765,869,193
14,30,7,21,562,631,193
91,80,104,110,747,834,193
20,28,38,30,612,670,193
178,160,196,176,832,943,193
22,22,25,41,572,666,193
64,39,168,77,767,844,193
211,129,267,141,860,996,193
132,93,176,101,800,895,193
152,126,191,130,800,905,193
24,24,46,53,622,692,193
40,48,15,26,616,697,193
54,61,67,68,653,726,193
63,58,91,52,710,794,193
140,146,116,99,753,843,194
103,81,75,63,695,782,194
171,132,122,94,757,855,194
119,117,102,95,714,819,194
13,29,0,20,418,523,194
353,161,441,206,925,1023,194
128,99,112,81,741,830,194
24,29,12,30,607,704,194
828,500,887,522,1023,1023,194
22,38,34,60,624,673,194
19,30,30,52,633,732,194
22,38,2,20,530,632,194
67,50,122,75,771,865,194
29,22,74,49,708,806,194
24,38,21,43,666,748,194
19,34,49,68,607,663,194
245,161,317,236,865,1001,194
328,197,397,224,892,1017,194
13,26,14,32,558,658,194
10,26,25,47,491,604,194
34,31,18,28,585,664,194
68,69,120,124,784,886,194
33,20,77,34,716,805,194
17,25,42,40,612,677,194
159,141,151,130,777,885,194
45,36,121,59,727,800,194
115,110,85,95,740,849,194
20,29,45,47,647,740,195
101,97,111,76,746,828,195
21,33,58,63,621,671,195
494,394,406,327,932,1023,195
76,91,78,100,702,790,195
53,64,38,69,648,751,195
54,50,70,70,677,758,195
142,121,263,215,827,952,195
76,93,21,43,653,743,195
560,415,538,369,939,1023,195
23,31,40,47,607,678,195
36,38,45,55,735,836,195
112,62,138,69,840,974,195
270,136,250,142,863,990,195
119,97,117,99,796,912,195
46,60,43,55,598,706,195
29,40,9,40,573,693,195
23,22,52,40,626,732,195
46,42,106,56,698,780,195
57,47,123,46,756,850,195
79,89,56,89,756,863,195
84,80,165,100,780,890,195
110,115,90,91,741,831,195
734,218,709,231,954,1023,195
38,41,63,54,685,769,195
43,36,71,61,686,781,195
456,345,450,230,922,1023,195
142,117,213,154,816,944,195
68,44,120,52,740,847,195
15,29,49,52,625,723,195
78,71,108,72,751,848,195
61,54,55,33,725,812,195
164,150,173,120,805,920,195
72,85,58,60,693,772,195
309,269,203,172,833,947,196
487,458,456,406,900,1023,196
116,128,54,71,746,836,196
69,83,90,123,693,791,196
309,268,344,304,883,1017,196
116,125,103,110,738,834,196
14,29,25,27,617,668,196
82,80,56,62,728,819,196
35,30,39,26,665,743,196
86,91,123,89,755,844,196
22,32,53,63,679,786,196
163,120,162,109,814,924,196
11,26,1,37,530,546,196
500,243,469,190,923,1023,196
99,109,35,42,691,796,196
65,65,119,96,737,810,196
6,21,0,20,441,493,196
110,122,123,145,729,802,196
21,22,23,23,593,647,196
989,610,889,513,1021,1023,196
14,27,69,74,651,730,196
405,271,308,198,869,998,196
87,76,157,129,767,846,196
157,119,199,125,819,928,196
160,128,243,179,822,940,196
65,37,105,55,706,807,196
54,70,31,55,599,686,196
25,30,23,40,581,643,196
80,87,74,81,724,801,196
52,47,46,46,684,774,196
110,111,155,142,795,891,196
23,33,63,57,676,742,196
27,33,21,26,622,676,196
51,40,63,39,712,811,196
112,78,140,89,780,886,196
56,34,148,66,761,858,196
15,28,23,38,597,647,196
171,138,161,144,841,951,196
8,21,49,58,617,678,196
245,203,313,206,835,951,196
105,101,96,99,741,839,196
17,24,26,24,606,640,196
95,83,137,78,778,884,196
177,131,223,196,836,944,197
32,25,114,63,730,822,197
24,36,63,61,658,709,197
229,181,318,228,860,991,197
13,28,11,35,483,559,197
148,139,116,105,750,846,197
28,28,61,50,690,796,197
46,59,62,81,672,754,197
54,63,98,78,704,799,197
89,77,94,49,763,849,197
17,25,87,82,692,788,197
118,123,58,83,732,837,197
17,20,38,35,627,758,197
27,36,74,44,677,786,197
409,302,581,388,947,1023,197
44,46,26,40,632,719,197
201,183,231,181,830,947,197
86,45,95,36,736,855,197
15,31,6,31,489,592,197
44,34,3,27,658,724,197
22,32,0,20,546,649,197
41,56,44,62,667,746,198
55,61,96,100,729,801,198
104,71,117,86,769,872,198
56,61,43,45,647,757,198
73,71,106,98,736,824,198
145,111,136,89,761,872,198
608,276,678,314,984,1023,198
204,198,136,164,811,925,198
81,89,123,144,774,873,198
49,47,109,80,777,870,198
21,32,48,51,639,726,198
140,116,60,73,755,836,198
132,117,163,137,796,895,198
61,66,63,56,742,834,198
91,84,142,82,754,854,198
43,54,64,58,723,802,198
52,65,45,68,693,761,198
26,40,5,38,533,569,198
31,42,87,86,690,772,198
221,190,188,166,819,937,198
46,41,74,53,693,784,198
10,21,8,22,526,622,199
31,23,66,32,684,740,199
136,119,100,73,742,839,199
17,30,3,19,662,759,199
100,101,159,152,775,869,199
786,256,757,280,974,1023,199
1023,1021,1023,623,1023,1023,199
202,181,210,162,829,951,199
25,26,55,42,684,751,199
96,107,28,47,682,743,199
316,172,374,155,909,1023,199
90,59,150,89,775,865,199
23,30,30,53,596,658,199
89,85,58,79,724,804,199
51,60,57,94,683,769,199
208,192,259,225,858,970,199
724,454,518,349,942,1023,199
397,162,311,114,897,1023,199
215,143,135,82,803,919,200
37,56,0,27,338,576,200
138,145,67,81,737,821,200
143,93,238,128,842,955,200
92,95,101,129,711,803,200
78,73,91,83,740,820,200
54,56,107,79,744,842,200
209,146,150,95,826,940,200
259,205,191,156,843,965,200
20,28,69,61,686,770,200
44,52,22,20,633,714,200
641,424,447,246,927,1023,200
40,37,64,47,689,781,200
98,75,129,70,769,873,200
39,51,79,77,685,756,200
1023,770,882,608,1019,1023,200
530,381,375,213,905,1023,200
9,20,36,40,604,650,200
72,73,72,79,731,817,200
188,153,292,222,891,1021,200
32,51,25,53,514,617,200
285,214,239,179,864,984,200
17,32,59,62,633,720,200
20,31,51,68,656,732,200
882,609,491,310,985,1023,200
37,47,52,64,714,797,200
27,43,61,63,666,740,200
109,89,95,81,806,918,200
66,37,92,25,727,806,200
38,33,61,51,698,789,200
85,58,91,51,732,830,200
144,97,102,90,751,841,200
171,159,228,204,815,936,200
44,57,57,61,723,824,200
247,202,362,302,888,1023,200
26,36,72,49,664,749,200
526,275,484,227,930,1023,200
225,187,174,134,819,925,200
45,63,11,40,546,646,200
29,44,28,56,622,722,200
34,47,74,69,677,757,200
66,71,89,78,697,786,200
184,121,141,109,787,902,200
317,186,309,180,853,978,200
110,102,121,122,773,885,200
210,207,170,163,822,937,201
19,29,20,31,568,727,201
982,402,904,503,1023,1023,201
57,67,46,67,685,766,201
958,565,1004,691,1023,1023,201
173,138,155,103,792,895,201
219,146,265,124,844,963,201
59,67,90,75,720,807,201
81,74,46,46,654,732,201
37,40,34,33,574,683,201
33,42,64,60,647,721,201
17,29,20,43,627,707,201
99,92,134,129,774,877,201
169,67,215,68,803,918,201
36,47,36,57,672,743,201
563,434,511,314,957,1023,201
31,44,29,49,622,712,201
94,93,59,50,760,863,201
31,28,19,30,619,724,201
501,418,416,321,919,1023,201
90,76,72,60,681,752,201
34,42,63,59,667,768,201
350,226,363,242,891,1023,201
45,56,29,59,623,700,201
21,28,49,31,648,741,202
161,132,322,227,876,1000,202
43,40,57,31,693,763,202
41,48,72,64,682,754,202
14,29,26,41,623,671,202
237,153,448,266,904,1023,202
12,20,32,35,575,623,202
99,89,72,63,735,811,202
126,95,181,125,808,912,202
139,82,205,109,813,919,202
230,213,206,150,818,920,202
119,107,118,104,757,854,202
288,266,293,224,869,987,202
9,24,5,42,534,628,202
17,20,44,48,607,714,202
54,61,103,120,727,822,202
142,122,179,121,825,926,202
15,25,27,42,643,677,202
117,118,104,103,736,825,202
49,61,49,46,649,732,202
17,20,11,29,578,660,202
22,38,23,51,556,605,202
14,30,26,41,557,626,202
20,24,40,31,666,763,203
193,133,238,117,824,941,203
50,45,131,61,731,830,203
65,70,97,112,741,836,203
88,108,72,88,698,813,203
343,242,398,275,914,1023,203
17,32,50,40,571,694,203
42,46,41,58,692,767,203
80,92,78,88,701,780,203
7,21,40,56,545,654,203
37,50,46,36,674,739,203
559,207,769,300,978,1023,203
134,109,246,167,826,936,203
13,24,26,36,545,657,203
9,24,21,43,504,595,203
12,26,6,17,538,635,203
206,161,266,180,859,991,203
123,80,117,70,758,857,203
58,64,68,73,664,757,203
61,58,103,73,709,796,203
28,31,63,61,694,767,203
261,147,286,150,852,980,203
38,52,17,42,536,641,203
48,41,78,46,720,808,203
94,58,160,59,780,890,203
13,24,20,32,528,611,203
15,27,7,36,533,624,203
174,142,163,110,816,918,203
78,64,88,67,696,803,203
262,228,204,194,854,983,203
36,47,0,44,574,689,203
30,24,62,39,690,790,204
295,217,338,217,854,976,204
34,49,38,76,654,723,204
80,80,81,62,711,805,204
65,74,59,76,718,789,204
28,41,36,47,651,728,204
184,82,273,111,831,954,204
55,45,92,63,731,821,204
113,106,113,89,792,895,204
81,56,93,104,736,837,204
576,427,424,266,912,1023,204
50,53,17,44,669,761,204
53,55,79,80,701,789,204
51,64,76,85,675,764,204
21,35,8,36,526,579,204
46,61,41,61,645,688,204
65,53,139,96,776,871,204
36,29,64,38,652,742,204
52,51,56,55,682,762,204
65,62,126,99,763,846,204
613,280,551,278,943,1023,204
1023,1021,1023,856,1023,1023,204
125,127,89,106,781,875,204
33,35,7,27,549,601,204
46,35,70,48,677,773,204
28,20,48,36,646,706,204
358,279,250,202,867,996,205
52,38,100,36,744,840,205
100,95,114,93,767,868,205
144,74,122,76,776,876,205
340,147,284,130,873,995,205
224,184,271,238,859,974,205
509,329,753,561,990,1023,205
95,46,126,42,753,847,205
1023,828,1023,518,1023,1023,205
260,143,272,148,849,969,205
187,100,160,90,793,905,205
15,29,30,47,562,626,205
94,88,74,94,712,788,205
40,57,20,48,542,641,205
12,25,8,19,532,599,205
208,197,207,178,821,929,205
85,56,177,109,798,903,205
60,76,45,81,679,769,205
66,35,136,65,729,831,205
47,45,131,104,720,809,205
99,78,76,73,734,818,205
212,125,162,100,819,936,205
25,30,58,64,649,739,205
185,169,160,143,789,897,205
12,24,8,24,535,594,205
51,67,19,59,668,762,205
41,48,22,47,638,754,205
53,54,77,71,733,834,205
30,33,58,41,632,688,205
26,37,52,57,623,703,205
121,73,192,118,794,895,205
29,32,71,46,684,756,205
114,125,93,101,745,846,205
131,86,142,85,753,862,206
64,66,158,113,763,875,206
39,31,111,59,717,805,206
9,26,0,27,0,429,206
85,71,114,66,750,845,206
167,76,354,182,859,991,206
7,20,11,32,507,550,206
110,97,93,75,748,851,206
70,79,40,62,704,795,206
224,184,285,175,851,972,206
685,473,778,398,979,1023,206
102,112,40,61,677,775,206
11,24,2,31,512,624,206
39,57,21,48,617,692,206
565,291,464,285,913,1023,206
34,35,48,31,655,747,206
1023,1021,1023,509,1023,1023,206
288,222,243,117,878,1007,206
110,88,164,122,790,895,206
22,27,25,43,602,675,206
79,86,119,136,764,877,206
106,85,155,115,811,911,206
9,24,0,33,385,499,206
212,186,263,248,863,984,206
15,26,32,32,614,657,206
313,283,286,283,858,977,206
7,20,27,46,578,687,206
13,25,21,46,587,664,206
630,247,785,302,992,1023,206
514,206,534,206,948,1023,206
8,24,0,29,0,398,206
36,27,70,33,666,761,206
566,395,589,416,953,1023,206
37,51,32,39,670,764,207
48,66,47,74,626,701,207
87,91,102,97,755,849,207
207,202,166,143,813,918,207
32,29,70,44,683,760,207
521,488,305,320,883,1002,207
9,24,0,25,472,547,207
39,28,79,36,689,759,207
112,118,78,105,753,854,207
90,99,66,76,687,792,207
14,20,50,34,568,657,207
193,120,295,186,847,963,207
144,125,143,112,767,856,207
37,36,91,57,754,865,207
63,49,41,47,700,795,207
47,62,31,70,617,699,207
28,39,5,21,614,709,207
39,42,58,50,704,798,207
33,32,54,37,653,722,207
96,95,104,74,728,817,207
83,48,135,53,767,865,207
24,27,0,18,568,656,207
45,46,71,53,673,751,207
921,349,895,384,994,1023,207
177,143,208,148,818,922,207
63,54,99,78,728,821,207
401,302,311,229,891,1023,207
182,151,232,190,844,966,207
39,31,80,41,663,716,208
70,69,54,55,710,774,208
53,41,90,70,731,819,208
9,23,0,30,449,511,208
24,33,34,61,585,648,208
14,20,55,48,625,712,208
34,48,11,50,584,682,208
32,37,38,34,613,672,208
282,237,313,274,856,974,208
31,45,21,41,586,698,208
246,232,178,145,804,924,208
11,26,0,23,0,380,208
73,72,62,46,712,796,208
44,30,80,61,724,815,208
372,288,186,121,827,950,208
10,25,17,44,559,651,208
122,91,170,176,830,953,208
64,70,126,92,724,809,208
24,22,52,38,680,748,208
32,43,81,84,671,763,209
88,102,14,37,686,769,209
416,371,301,227,887,1019,209
30,41,66,64,695,773,209
8,24,0,40,146,516,209
36,39,29,50,679,748,209
95,73,131,91,729,827,209
39,38,13,34,532,636,209
1023,711,804,522,1002,1023,209
169,159,175,173,811,918,209
28,29,101,97,736,831,209
12,25,33,49,603,624,209
138,105,283,248,846,972,209
107,103,111,91,753,849,209
15,28,38,48,656,732,209
43,48,61,60,682,781,209
35,46,34,59,711,804,209
44,23,68,28,697,783,209
314,127,340,110,891,1023,209
49,64,36,78,596,674,209
232,217,278,234,838,957,209
13,28,0,36,0,513,209
11,25,27,42,612,663,209
115,66,155,79,789,904,209
353,313,373,322,895,1023,209
64,51,130,57,783,883,209
39,53,41,68,608,697,209
23,35,38,38,620,683,209
62,45,104,99,777,920,209
162,172,114,132,752,855,209
75,76,52,66,665,765,209
324,291,205,190,839,963,209
68,74,70,91,674,783,209
40,53,64,40,714,779,209
583,271,391,168,939,1023,209
50,68,56,41,666,745,209
33,28,125,91,708,816,209
62,60,78,57,732,839,209
26,40,1,21,481,639,209
57,54,59,56,682,775,209
69,87,67,102,632,679,209
72,73,194,184,784,882,209
39,47,55,44,670,759,209
861,608,783,519,1013,1023,209
16,30,24,52,593,657,209
60,31,86,47,719,794,209
20,23,86,40,721,805,210
140,132,105,92,783,885,210
39,55,29,60,604,687,210
39,57,0,31,555,648,210
107,62,150,69,775,877,210
175,152,155,71,797,904,210
168,172,70,104,775,872,210
727,538,667,510,990,1023,210
29,32,33,43,570,636,210
206,176,198,160,796,915,210
462,321,549,299,935,1023,210
202,195,102,135,765,867,210
47,47,68,60,707,794,210
84,71,109,78,748,850,210
59,68,71,67,685,772,210
83,58,94,60,738,828,210
74,66,121,99,721,804,210
578,484,504,410,946,1023,210
33,22,42,31,613,722,210
14,20,51,21,643,734,210
146,92,219,149,828,954,210
145,96,212,84,821,942,210
48,28,82,40,646,724,210
138,116,145,91,779,892,210
62,50,108,56,746,837,210
245,213,242,202,834,959,210
286,196,345,166,877,1002,210
118,114,121,111,731,807,210
1023,1021,1023,738,1023,1023,210
45,20,104,57,730,823,211
115,95,258,163,810,923,211
179,157,180,178,811,914,211
16,23,30,23,610,671,211
64,64,88,75,741,858,211
7,24,4,35,0,215,211
103,112,129,113,755,860,211
17,29,31,50,537,642,211
210,128,248,174,860,987,211
113,116,100,118,771,887,211
25,23,24,40,607,659,211
82,38,145,53,740,834,211
371,297,170,125,843,960,211
23,24,44,32,642,731,211
139,75,159,83,796,912,211
211,197,276,268,852,977,211
45,38,55,26,650,745,211
806,499,502,325,948,1023,211
43,50,41,50,710,832,211
129,111,185,121,819,935,211
44,55,71,80,649,769,211
110,106,94,67,748,840,211
211,129,220,133,803,930,211
35,50,36,50,655,759,211
158,154,184,194,791,904,211
70,39,90,47,699,802,212
62,56,46,35,678,777,212
318,181,333,121,888,1023,212
77,64,141,137,776,876,212
32,30,38,27,620,730,212
60,61,92,61,725,822,212
53,62,37,53,618,726,212
51,66,37,58,658,746,212
52,48,66,62,686,766,212
19,30,6,21,492,584,212
34,45,50,59,660,739,212
134,127,185,106,822,938,212
276,236,356,288,867,1003,212
21,35,16,45,540,626,212
136,153,92,119,728,811,212
55,70,38,41,678,778,212
180,166,183,164,805,915,212
392,236,396,198,924,1023,212
56,69,73,79,670,755,212
20,23,78,64,673,754,212
117,124,137,135,762,874,212
35,35,52,65,619,714,212
178,85,199,75,802,917,212
101,61,146,54,796,893,213
567,273,560,237,933,1023,213
299,124,272,125,864,994,213
16,21,94,73,703,806,213
27,40,32,49,556,630,213
43,44,110,78,720,809,213
88,55,66,55,734,844,213
139,149,98,102,765,870,213
47,58,30,60,582,676,213
50,59,126,79,729,821,213
178,173,103,90,797,897,213
152,107,356,219,877,1006,213
65,82,59,95,596,686,213
20,28,43,56,618,684,213
17,31,0,16,530,598,213
10,26,0,26,0,536,213
253,128,321,176,874,994,213
340,320,270,250,852,969,213
21,28,23,30,587,662,213
47,50,103,84,697,790,213
16,27,76,67,661,728,213
193,176,191,162,837,951,213
362,268,347,252,885,1017,213
46,57,0,23,605,666,213
88,78,118,110,765,863,213
186,150,206,146,834,951,213
61,69,91,100,714,808,213
257,209,311,239,867,1006,213
72,74,45,55,669,742,213
21,38,35,40,581,674,213
73,70,62,63,706,799,213
64,70,104,119,695,793,213
53,46,88,72,710,812,213
11,29,0,22,406,409,213
107,105,77,75,733,830,213
216,134,207,124,836,945,213
37,38,74,59,644,725,213
220,156,234,180,830,931,213
73,68,121,81,738,837,213
106,77,163,71,764,890,213
28,25,58,38,642,719,213
131,70,103,66,786,896,213
38,40,29,40,593,704,213
20,31,79,85,657,721,213
81,87,135,135,754,854,213
56,49,49,33,699,781,213
33,39,43,59,624,699,213
468,325,413,272,927,1023,214
59,74,37,68,689,780,214
127,118,96,91,753,848,214
1023,1021,1023,728,1023,1023,214
150,51,306,113,848,973,214
226,201,240,174,846,966,214
27,30,85,54,718,788,214
19,36,22,53,578,633,214
99,118,21,62,651,732,214
159,169,98,136,731,835,214
46,63,44,69,642,703,214
263,225,261,208,883,1014,214
17,24,54,36,613,698,214
28,23,93,55,669,765,214
220,187,203,163,827,946,214
126,109,201,177,821,933,214
135,66,159,91,788,906,214
136,105,117,67,751,844,214
126,127,88,118,795,914,214
12,20,38,44,590,686,214
144,80,121,73,799,903,214
84,84,123,116,778,871,214
29,46,10,49,506,620,214
188,125,157,109,801,900,214
109,103,114,127,808,928,214
20,30,20,33,481,585,215
282,263,257,217,849,974,215
183,109,183,85,807,927,215
210,131,230,104,856,983,215
9,25,0,23,232,510,215
329,236,307,171,888,1017,215
199,143,154,107,791,906,215
47,44,76,46,693,781,215
232,181,342,282,886,1016,215
96,74,78,70,735,835,215
442,190,531,169,924,1023,215
239,255,75,102,755,847,215
60,76,82,104,653,735,215
45,53,153,129,753,845,215
206,142,242,98,831,952,215
503,351,594,403,955,1023,215
75,67,129,101,750,857,215
29,26,90,35,736,829,215
92,43,180,75,789,895,215
66,58,127,76,745,841,215
610,402,603,365,953,1023,215
14,29,25,49,527,618,215
957,496,975,455,1023,1023,215
67,71,48,34,712,794,215
101,115,60,76,721,800,215
13,23,34,27,594,690,215
158,91,260,142,823,942,216
212,181,222,144,834,946,216
158,108,165,107,788,888,216
27,33,34,45,678,767,216
34,54,26,61,606,674,216
221,178,346,247,881,1008,216
399,110,480,108,905,1023,216
414,221,462,266,900,1023,216
22,30,16,17,566,646,216
100,60,145,95,755,852,216
38,54,15,59,396,547,216
104,84,118,74,769,861,216
34,43,36,49,626,701,216
25,39,0,17,358,534,216
7,20,3,28,315,525,216
27,42,21,57,555,640,216
99,106,125,123,724,819,216
59,67,19,48,656,741,216
105,79,115,56,714,814,216
55,34,68,46,684,761,216
29,22,61,22,674,775,216
1023,842,1023,693,1023,1023,216
127,95,121,57,769,857,216
9,21,0,30,239,542,216
152,113,183,102,781,883,216
17,34,0,21,317,470,216
324,141,449,221,887,1023,216
12,23,9,34,446,605,216
14,21,64,52,670,755,216
122,102,255,200,840,957,216
13,29,11,31,481,588,216
894,529,631,367,984,1023,216
28,34,68,64,665,767,216
502,176,632,264,944,1023,216
38,40,97,85,721,809,217
25,42,25,33,591,688,217
76,74,76,67,725,822,217
171,149,201,127,812,936,217
85,69,78,39,750,854,217
106,100,150,141,784,892,217
20,22,52,45,613,692,217
29,22,56,55,657,739,217
237,101,287,153,866,997,217
55,72,29,50,657,748,217
6,21,2,26,0,269,217
30,30,41,43,625,687,217
102,124,24,63,551,671,217
386,241,355,147,867,1002,217
130,70,91,37,748,850,217
142,148,101,111,753,839,217
217,172,204,163,849,977,217
315,159,460,209,897,1023,217
23,22,16,26,563,635,217
77,85,157,129,750,841,217
49,47,103,68,719,819,217
85,79,98,97,754,882,217
10,25,28,53,622,707,218
403,294,295,227,881,1011,218
76,84,113,124,757,858,218
171,171,127,81,789,891,218
18,32,32,51,591,675,218
172,101,201,145,840,963,218
112,96,91,73,771,887,218
39,41,58,54,653,737,218
14,28,11,32,543,596,218
9,23,26,49,524,656,218
45,40,51,46,694,800,218
63,63,83,74,691,788,218
182,155,217,164,825,946,218
61,71,44,49,668,789,218
185,174,145,135,812,925,218
227,181,222,180,843,969,218
278,243,338,279,845,964,218
45,62,65,81,673,742,218
215,151,154,108,796,898,218
56,43,94,39,725,810,218
19,30,36,41,570,663,218
115,86,304,239,849,966,218
141,130,184,124,790,888,218
13,24,19,25,558,659,218
86,81,102,75,793,907,218
139,85,216,118,831,946,218
36,38,24,40,569,635,218
80,65,68,63,734,818,218
90,71,148,113,764,871,218
38,40,30,40,660,741,218
114,62,139,71,802,917,218
425,299,483,287,935,1023,218
87,62,148,83,768,874,218
428,298,229,135,879,1005,218
18,22,25,25,642,737,219
42,54,25,30,601,692,219
586,374,694,435,969,1023,219
172,146,142,110,785,885,219
14,30,20,22,558,600,219
14,26,0,17,224,493,219
75,75,114,113,783,882,219
26,30,46,46,605,703,219
22,28,46,38,549,594,219
110,96,85,66,794,901,219
15,20,28,30,606,706,219
39,54,13,40,590,671,219
14,27,17,44,563,651,219
90,84,95,58,743,824,219
462,305,372,241,885,1015,219
41,40,49,40,613,715,219
27,38,38,63,629,714,219
25,29,62,48,672,761,219
235,144,177,87,838,949,219
349,223,253,184,861,993,219
79,74,157,111,775,876,219
114,102,100,119,752,853,219
36,45,85,75,706,806,219
63,80,36,56,626,664,219
62,73,47,65,699,768,219
40,35,63,33,690,771,219
32,47,19,38,555,627,219
136,128,156,140,808,915,219
88,83,137,120,781,871,219
33,27,91,71,699,797,219
24,20,95,64,701,786,219
1023,974,1023,791,1023,1023,219
14,27,13,39,593,646,219
58,68,18,45,715,806,219
41,46,23,37,605,716,219
426,191,431,176,908,1023,219
167,138,359,267,840,956,219
48,52,101,87,694,773,219
43,59,11,37,664,730,219
44,58,61,61,695,773,219
5,20,31,52,555,633,219
164,155,88,95,754,860,219
140,132,181,175,813,933,219
21,33,66,58,633,700,219
98,107,59,75,707,811,219
26,37,60,84,645,761,219
22,22,45,32,622,700,219
187,109,189,45,810,923,219
22,33,46,37,649,738,219
19,28,37,40,597,693,219
70,57,94,43,745,837,219
205,171,158,140,810,924,219
10,24,15,26,532,617,220
20,34,40,57,644,717,220
198,138,214,157,835,960,220
19,36,4,44,267,429,220
9,25,0,24,0,0,220
612,386,372,204,901,1023,220
44,57,79,102,705,790,220
42,44,39,52,632,717,220
45,59,25,54,661,731,220
7,22,8,25,556,653,220
16,25,65,47,656,717,220
99,76,123,73,726,829,220
19,35,0,21,548,623,221
22,33,17,29,521,650,221
32,35,139,125,749,843,221
286,265,170,153,849,969,221
165,97,248,125,819,933,221
363,264,296,234,908,1023,221
232,181,222,181,841,962,221
90,94,91,89,770,877,221
50,60,76,76,684,781,221
79,47,160,111,779,883,221
19,35,27,61,583,678,221
60,66,79,63,706,786,221
6,22,0,23,0,339,221
11,23,37,45,541,593,221
44,61,30,44,641,695,221
162,165,125,122,777,891,221
423,196,582,224,939,1023,221
127,131,122,125,736,831,221
145,90,129,84,737,834,221
101,70,43,46,627,729,221
52,49,113,82,723,807,221
9,20,35,49,637,714,221
26,22,89,57,687,740,221
21,22,28,34,634,719,221
17,23,17,27,574,649,221
59,78,28,61,569,611,221
15,20,34,54,604,679,221
53,44,31,46,683,776,221
307,247,399,336,904,1023,221
302,170,325,178,885,1014,221
135,129,101,94,761,842,221
12,26,39,41,575,608,221
17,32,13,32,457,520,221
16,31,9,35,537,579,221
280,266,192,168,827,931,221
17,30,15,48,589,668,222
13,26,10,31,464,573,222
440,290,651,361,944,1023,222
16,22,34,42,555,651,222
13,27,33,33,560,604,222
81,63,112,72,753,847,222
68,61,135,128,790,890,222
63,67,120,111,781,883,222
41,33,70,68,713,798,222
28,34,25,24,629,675,222
28,40,45,68,637,722,222
175,115,293,198,840,960,222
30,30,45,52,621,710,222
11,23,18,34,583,642,222
15,20,27,21,585,660,222
348,246,392,276,913,1023,222
8,21,45,50,590,692,222
40,50,59,55,657,733,222
23,39,0,35,280,566,222
42,55,57,77,635,719,222
168,137,217,178,813,917,222
188,167,223,176,831,942,222
23,34,22,26,575,673,222
37,33,168,120,768,863,222
44,30,48,30,676,773,222
39,44,100,81,706,779,222
16,20,71,64,646,727,222
39,42,30,26,642,736,222
49,50,79,81,725,810,222
55,31,90,34,733,832,222
148,75,384,197,877,1005,222
67,57,75,54,715,806,222
269,200,292,169,850,974,222
51,71,15,41,628,681,222
383,319,336,305,914,1023,222
62,72,57,53,672,749,222
11,22,23,36,580,654,222
121,136,80,95,719,810,222
210,152,153,80,807,923,223
165,111,111,82,758,865,223
25,32,4,20,596,622,223
21,34,32,51,551,593,223
26,42,29,30,582,651,223
9,21,45,58,660,743,223
66,68,72,69,736,831,223
13,25,30,47,485,576,223
74,82,79,72,694,787,223
35,27,87,54,724,820,223
7,23,22,52,525,614,223
188,196,78,95,753,861,223
47,52,145,131,753,846,223
197,189,134,135,796,894,223
56,62,47,61,622,670,223
138,135,128,140,772,870,223
30,34,57,41,671,761,223
7,21,47,48,584,675,223
975,591,795,544,1013,1023,223
93,80,69,46,694,764,223
161,153,139,118,783,886,223
228,191,221,157,846,968,223
22,38,16,50,395,513,224
15,32,17,37,180,578,224
41,40,40,37,684,776,224
78,88,147,136,751,841,224
37,46,6,25,580,691,224
207,164,226,159,854,973,224
171,179,156,157,775,872,224
8,23,15,31,371,519,224
1023,721,1023,524,1023,1023,224
160,154,190,161,787,882,224
60,44,97,53,722,801,224
56,40,157,115,790,887,224
925,378,872,377,986,1023,224
767,488,672,355,968,1023,224
54,69,46,75,648,713,224
26,29,45,34,633,692,224
1023,290,960,327,1020,1023,224
116,115,110,112,700,777,224
32,38,33,46,573,641,224
52,53,41,46,652,743,224
482,381,345,290,895,1023,224
145,126,217,180,818,931,224
58,35,103,75,736,834,225
12,20,30,34,653,722,225
118,134,28,74,583,646,225
270,161,161,123,825,948,225
418,365,338,282,876,1008,225
15,26,58,72,591,665,225
28,34,9,40,547,620,225
770,321,609,314,966,1023,225
50,46,48,35,672,742,225
188,156,136,104,832,951,225
27,39,17,31,473,605,225
11,25,21,36,515,612,225
33,45,64,65,657,732,225
9,23,0,23,282,505,225
76,45,86,45,711,814,225
32,37,47,36,639,721,225
230,148,207,105,814,933,225
88,75,155,124,757,867,225
16,33,34,63,603,647,225
121,107,111,88,741,835,225
21,37,14,49,614,739,225
33,37,43,31,654,723,225
14,30,24,33,531,611,225
41,30,108,44,729,802,225
49,56,64,67,611,680,225
41,50,107,115,706,808,225
121,138,71,86,743,838,225
29,27,29,27,606,684,225
275,230,216,135,838,961,225
63,53,70,60,724,839,225
98,83,171,123,783,882,225
5,22,0,18,365,481,225
34,41,71,64,724,823,225
22,29,64,61,660,757,225
183,148,278,239,864,983,225
53,53,97,93,723,815,225
79,83,79,81,711,799,225
45,62,44,55,582,706,225
30,41,89,74,727,821,225
87,86,151,150,783,898,225
21,37,38,59,623,709,225
42,30,93,44,713,805,225
63,58,101,49,730,827,225
11,23,63,67,675,762,225
28,33,7,18,612,700,226
47,60,14,46,619,699,226
263,207,266,236,877,1021,226
183,165,279,239,865,992,226
42,54,98,88,714,805,226
135,123,99,91,733,838,226
42,40,89,52,707,798,226
26,40,43,68,600,669,226
14,29,36,49,648,737,226
78,85,83,80,743,850,226
10,25,43,58,608,692,226
93,105,92,105,727,793,226
75,52,116,65,746,853,226
64,73,138,139,748,852,226
19,20,28,32,561,647,226
95,87,91,85,699,804,226
14,26,58,57,639,729,226
743,508,789,520,998,1023,226
48,52,46,56,583,655,226
61,55,60,62,679,761,226
546,143,524,136,929,1023,226
243,210,246,219,860,979,226
79,60,150,97,769,872,226
148,64,245,105,842,967,226
265,133,362,192,874,1007,226
465,290,578,366,954,1023,226
41,50,69,85,738,832,226
52,64,35,58,631,748,226
39,39,72,64,709,795,226
65,66,81,71,712,797,226
61,66,61,65,677,754,226
13,24,54,48,635,717,226
105,100,168,152,801,907,226
181,117,151,86,816,929,227
20,24,10,18,515,608,227
27,40,24,32,658,743,227
29,22,24,19,646,720,227
16,30,19,32,537,572,227
203,188,121,95,780,882,227
69,60,95,61,740,838,227
17,32,24,36,533,627,227
19,28,26,46,619,679,227
93,55,134,87,755,859,227
49,53,98,80,734,821,227
24,41,39,44,581,632,227
16,20,18,12,615,679,227
59,62,105,96,719,808,227
28,45,33,62,630,725,227
54,44,76,60,679,767,227
45,48,81,97,722,813,227
23,32,81,60,657,710,227
14,27,40,42,626,689,227
59,62,53,77,729,823,227
249,213,263,241,863,983,227
49,33,67,43,674,757,227
207,192,191,179,803,906,227
100,117,43,92,650,734,227
48,60,80,70,685,773,227
39,42,89,72,701,786,227
163,135,211,183,813,912,227
61,65,138,125,741,813,227
112,83,154,80,802,896,227
8,22,0,27,442,591,227
137,99,279,194,829,940,227
165,177,116,125,766,860,228
27,32,61,48,654,743,228
74,65,89,71,760,866,228
90,61,94,59,766,851,228
54,60,43,41,663,724,228
1023,640,1023,621,1023,1023,228
6,20,0,22,397,536,228
208,117,238,115,830,947,228
10,26,0,15,378,469,228
435,270,380,271,953,1023,228
165,120,288,149,838,958,228
15,24,22,44,642,717,228
569,243,642,285,978,1023,228
22,27,57,30,684,755,228
24,42,0,26,224,542,228
37,31,71,35,688,763,228
36,52,31,57,643,745,228
80,79,132,96,760,855,228
568,311,522,313,945,1023,228
24,34,53,72,672,747,228
33,37,27,40,591,685,228
258,187,237,194,898,1021,228
152,114,177,102,804,915,228
7,22,13,44,593,692,228
73,68,103,61,779,884,228
9,25,6,29,513,615,228
80,74,84,91,736,836,229
8,21,44,45,631,720,229
37,50,87,120,677,744,229
138,141,193,195,795,891,229
14,21,75,56,645,731,229
559,255,629,251,974,1023,229
14,26,58,68,622,746,229
135,136,87,97,691,801,229
57,68,94,97,723,810,229
83,82,188,167,769,894,229
362,239,308,223,890,1023,229
233,193,257,203,834,953,229
25,28,24,31,696,768,229
431,375,306,276,904,1023,229
452,365,261,223,888,1018,229
18,25,2,16,535,598,229
560,445,525,429,940,1023,229
23,23,18,19,580,602,229
239,128,287,129,874,1004,229
25,25,16,27,661,753,229
68,73,58,61,719,797,229
104,102,95,84,741,835,229
107,93,152,127,751,855,229
565,419,512,400,941,1023,229
59,61,62,31,726,826,229
28,38,21,34,582,712,229
42,56,36,53,677,749,229
80,64,86,79,749,852,229
39,40,50,36,697,786,229
14,25,40,27,669,742,229
67,75,76,76,704,787,229
85,95,99,109,735,818,229
53,60,62,81,712,798,229
245,178,315,242,888,1018,229
23,40,10,41,470,581,229
12,28,3,29,282,497,229
94,91,70,66,726,830,229
24,35,32,37,592,663,229
71,71,39,46,671,774,229
127,117,72,85,732,829,229
25,26,36,39,593,668,229
112,71,141,80,787,885,229
626,467,608,453,956,1023,229
254,219,216,197,858,979,229
84,94,66,100,677,775,229
25,43,29,43,563,618,229
25,32,40,50,635,693,229
347,282,240,200,866,992,229
107,83,134,109,760,849,229
15,23,12,25,544,636,229
344,283,459,357,861,993,230
1023,780,1023,523,1023,1023,230
26,31,56,42,634,697,230
30,22,77,42,692,755,230
20,27,44,41,582,665,230
353,299,327,296,907,1023,230
939,412,1003,524,1019,1023,230
31,40,40,61,554,635,230
191,130,135,77,786,898,230
43,40,90,61,710,804,230
186,162,256,239,810,918,230
39,35,144,109,743,844,230
121,116,76,75,726,823,230
14,20,54,61,583,671,230
32,43,38,62,584,658,230
179,133,237,232,869,1003,230
397,219,374,156,876,1012,230
265,220,242,198,844,960,230
44,27,94,55,681,772,230
116,87,160,122,788,891,230
74,74,120,107,736,838,230
22,28,26,29,595,641,230
30,30,58,50,669,746,230
360,158,378,237,902,1023,230
17,23,55,41,633,705,230
56,37,71,46,725,821,230
22,32,20,36,561,664,231
123,119,86,48,735,825,231
12,23,26,42,550,599,231
232,209,130,122,808,917,231
243,204,194,147,808,912,231
170,159,181,168,795,901,231
20,36,21,58,559,641,231
132,137,65,81,748,831,231
33,37,10,34,611,670,231
20,28,14,28,572,638,231
63,69,142,126,750,842,231
24,27,93,94,693,785,231
68,78,117,92,741,840,231
289,239,291,235,887,1019,231
176,161,147,99,795,890,231
36,52,39,58,575,678,231
266,244,157,175,853,984,231
70,70,87,62,712,799,231
440,257,393,215,916,1023,231
74,82,89,111,737,834,231
10,20,30,32,579,645,231
61,63,50,58,721,831,231
145,105,218,106,833,953,231
91,92,132,147,781,890,231
24,40,35,60,620,711,231
145,104,179,105,821,937,232
40,55,15,33,584,678,232
13,23,11,40,619,735,232
107,111,124,109,788,888,232
34,43,78,106,709,817,232
92,107,107,131,708,809,232
65,70,105,79,741,833,232
647,352,630,363,952,1023,232
32,36,92,69,723,814,232
767,306,859,408,971,1023,232
27,41,37,58,618,677,232
37,50,71,92,692,771,232
114,98,120,102,762,861,232
108,104,125,123,749,844,232
193,140,101,62,771,873,232
50,68,41,49,709,768,232
177,87,204,78,823,935,232
30,28,61,45,668,755,232
121,129,181,173,753,840,232
39,46,70,56,651,726,232
26,38,27,27,659,718,232
498,445,414,283,898,1023,232
45,50,72,63,704,773,232
30,35,13,18,577,661,232
575,495,313,266,903,1023,232
309,270,301,249,883,1007,232
253,184,323,194,856,985,232
568,370,454,228,926,1023,232
162,153,107,97,771,863,232
26,29,66,41,689,761,232
109,117,69,83,720,811,232
601,466,448,326,942,1023,232
12,27,0,33,455,513,232
149,133,195,154,803,905,232
24,22,26,32,587,612,232
57,48,92,68,729,806,232
67,81,27,63,580,659,233
23,35,8,33,0,513,233
48,64,16,54,573,637,233
37,53,40,63,576,664,233
87,73,69,73,715,825,233
232,156,220,132,833,950,233
322,308,168,187,824,925,233
381,255,611,343,928,1023,233
51,58,31,49,694,775,233
405,332,232,185,838,947,233
516,331,429,194,916,1023,233
60,46,111,81,725,815,233
40,50,43,52,626,694,233
217,176,240,187,827,935,233
1023,688,929,550,1023,1023,233
14,32,31,45,435,572,233
177,167,223,175,812,927,233
226,233,141,164,773,864,233
126,137,46,72,739,833,233
25,39,21,45,546,624,233
363,300,290,237,883,1015,233
57,63,140,136,757,853,233
60,53,75,54,685,754,233
40,41,122,66,762,849,233
180,193,148,170,739,813,233
561,377,471,328,933,1023,233
5,20,1,17,368,534,234
8,25,1,38,362,516,234
23,30,73,53,692,776,234
566,427,668,497,946,1023,234
538,430,470,387,932,1023,234
51,68,56,73,658,736,234
585,366,632,383,990,1023,234
40,51,85,79,719,822,234
11,28,0,24,0,454,234
14,32,25,62,353,510,234
77,80,83,50,730,831,234
13,24,27,28,528,607,234
151,99,129,72,778,887,234
35,47,13,37,591,668,234
158,131,144,92,779,883,234
102,83,143,66,801,901,234
22,39,50,61,643,710,234
36,41,100,74,678,764,234
11,20,35,31,559,661,234
248,241,191,200,822,942,234
79,90,146,152,733,849,234
47,59,89,80,689,767,234
19,21,22,28,628,704,234
140,152,83,89,725,832,234
65,79,68,96,722,800,234
208,174,317,257,871,993,234
89,88,112,110,745,856,234
104,93,128,98,772,877,235
310,106,286,94,849,981,235
132,121,115,104,765,870,235
25,24,66,45,667,772,235
4,20,0,5,0,420,235
14,27,25,31,570,663,235
44,50,70,55,666,776,235
26,34,36,43,643,729,235
946,737,724,529,992,1023,235
86,83,144,110,770,877,235
18,32,31,48,662,742,235
389,276,478,331,933,1023,235
62,56,79,53,692,784,235
330,301,220,189,853,977,235
200,189,193,207,826,941,235
32,50,64,69,633,729,235
45,55,44,37,646,730,235
92,65,129,87,746,837,235
124,103,134,102,782,891,235
31,40,23,32,602,691,235
69,57,118,77,742,834,235
177,101,186,81,805,925,235
260,228,250,176,844,964,235
5,21,4,30,358,541,235
151,93,114,66,771,890,235
70,48,111,64,745,837,235
17,32,47,58,619,709,235
19,36,11,31,551,664,235
54,70,2,51,575,655,235
71,72,54,51,672,748,235
246,236,141,144,788,884,235
84,87,115,99,740,826,235
349,290,403,253,899,1023,235
70,80,31,59,655,732,235
28,40,63,64,625,704,236
238,232,78,84,795,897,236
243,188,227,143,837,948,236
147,71,144,74,782,880,236
40,46,30,56,632,733,236
30,41,48,65,654,719,236
36,51,41,65,596,685,236
116,109,178,116,782,890,236
77,56,144,105,727,827,236
69,84,22,55,608,689,236
27,37,49,60,665,739,236
47,51,64,70,693,783,236
76,78,42,59,635,678,236
120,110,130,119,765,854,236
53,57,47,45,668,748,236
51,60,102,106,708,768,236
227,133,321,187,859,980,236
34,21,94,44,706,804,236
44,33,105,46,738,835,236
37,46,88,81,755,852,236
209,168,215,160,834,957,236
11,26,6,39,473,581,236
103,111,151,153,755,847,236
30,34,88,60,707,762,236
44,54,49,45,622,710,236
8,22,11,23,556,627,236
271,173,219,127,820,933,236
31,44,57,66,738,836,236
30,41,59,68,683,777,236
256,198,426,245,894,1023,236
349,285,323,229,871,998,237
26,41,19,32,579,675,237
104,75,236,110,813,928,237
548,352,676,392,957,1023,237
989,466,991,406,1023,1023,237
42,62,15,35,587,660,237
45,44,82,50,712,786,237
25,36,121,113,746,844,237
205,72,325,88,857,984,237
176,157,223,177,826,940,237
79,65,75,45,698,798,237
157,154,94,107,770,885,237
113,96,120,67,746,837,237
156,167,101,120,718,815,237
34,34,75,80,663,749,237
534,349,497,317,946,1023,237
20,28,30,35,577,666,237
150,109,208,130,826,936,237
270,136,235,120,821,939,237
13,32,36,56,541,617,237
209,157,269,139,842,961,237
13,28,8,36,476,585,237
21,33,26,58,559,639,237
40,25,68,28,719,823,237
269,223,286,178,871,1016,237
7,20,20,35,610,688,237
72,58,128,63,735,811,237
20,24,72,59,669,752,237
365,285,349,224,883,1018,237
10,24,52,52,658,728,237
228,220,286,265,856,979,238
536,407,371,301,914,1023,238
26,35,46,41,650,720,238
40,56,0,38,600,653,238
282,171,161,109,824,946,238
57,53,63,49,701,793,238
160,82,181,115,803,919,238
503,241,370,163,897,1023,238
19,28,41,32,646,716,238
179,147,248,186,844,965,238
53,60,50,53,685,770,238
27,28,38,29,632,670,238
21,25,67,55,704,779,238
46,52,60,79,718,798,238
30,28,33,25,618,682,238
88,101,48,65,679,762,238
99,89,91,77,718,808,238
183,90,163,105,784,890,238
38,52,28,51,680,762,238
22,26,60,62,607,697,238
31,29,84,65,679,750,238
155,127,101,54,748,847,238
144,62,253,155,824,949,238
76,89,65,88,690,759,238
281,249,244,149,841,965,238
148,157,67,102,736,831,238
21,29,35,32,602,699,238
18,24,39,29,623,695,238
53,48,68,45,677,760,238
35,32,93,70,714,788,238
127,79,295,195,862,982,238
13,22,45,37,643,683,238
152,128,248,201,832,935,238
26,33,19,46,622,688,238
345,301,233,211,864,986,238
261,129,296,137,876,1000,239
140,93,143,64,763,866,239
48,65,17,45,613,678,239
97,99,126,132,782,881,239
58,69,88,92,718,799,239
96,90,92,104,749,839,239
25,30,50,42,702,787,239
26,31,27,38,660,719,239
10,23,19,48,591,650,239
36,47,81,97,657,753,239
134,97,219,116,820,932,239
44,35,126,55,742,850,239
102,93,104,91,754,845,239
145,89,219,111,832,942,239
203,204,154,138,794,898,239
47,58,71,71,705,794,239
217,192,205,189,829,930,239
13,27,16,48,554,601,239
19,37,9,40,501,608,239
22,38,27,37,545,618,240
18,32,14,28,514,627,240
68,80,75,74,713,803,240
83,74,93,68,743,816,240
29,39,53,65,655,757,240
1019,790,817,556,1022,1023,240
31,41,72,67,653,735,240
263,131,302,110,862,995,240
25,28,85,59,696,773,240
158,95,129,78,780,893,240
147,144,88,93,758,854,240
33,35,101,55,657,736,240
159,173,118,139,719,806,240
223,184,219,181,849,967,240
49,60,44,54,641,743,240
12,27,19,39,512,546,240
11,20,74,69,688,768,240
244,206,324,280,879,1015,240
236,151,209,149,837,958,240
41,41,105,93,717,808,240
248,212,287,245,863,988,240
14,24,6,23,0,248,240
23,30,24,39,595,700,240
28,37,28,39,614,665,240
60,73,65,77,699,781,240
286,178,324,179,861,984,240
31,32,38,46,605,711,240
19,35,3,36,544,626,240
45,56,26,32,629,707,240
74,81,143,101,749,841,240
8,25,0,35,0,357,240
102,72,169,93,786,894,240
63,68,78,91,700,794,241
559,450,474,365,946,1023,241
23,37,37,65,585,697,241
312,142,321,108,869,991,241
81,97,8,48,659,750,241
222,182,158,108,812,935,241
52,42,106,54,723,815,241
316,259,217,191,858,987,241
171,161,152,140,797,902,241
274,185,176,111,836,949,241
18,26,14,19,464,549,241
19,34,0,37,0,303,241
35,41,47,39,672,736,241
64,75,92,114,721,807,241
187,150,168,114,840,953,241
89,74,86,67,705,806,241
243,181,309,227,886,1011,241
14,28,14,24,541,581,241
138,121,138,96,788,891,241
21,37,25,58,568,634,241
36,48,4,32,550,657,241
33,49,76,94,619,677,241
492,274,480,236,924,1023,241
233,194,254,223,832,947,241
97,55,118,61,770,865,241
364,313,341,305,894,1023,241
44,55,57,61,669,747,242
165,125,206,111,814,918,242
147,123,119,108,800,882,242
69,37,108,33,725,808,242
356,305,344,283,867,985,242
420,296,314,222,890,1023,242
43,44,58,58,680,772,242
152,74,289,94,826,946,242
186,132,224,147,830,943,242
81,83,91,125,754,844,242
37,55,0,23,0,0,242
14,24,36,46,664,749,242
411,359,361,304,886,1012,242
46,41,61,49,692,784,242
31,30,45,29,677,738,242
110,71,244,158,839,951,242
71,76,52,68,634,704,242
35,44,74,94,698,777,242
12,20,0,16,688,777,242
141,142,101,107,794,882,242
113,81,132,77,780,885,242
64,71,148,91,779,881,242
7,23,0,15,0,181,242
453,291,440,258,929,1023,242
116,101,148,122,775,873,242
394,153,444,172,911,1023,242
9,20,71,77,669,731,242
245,186,149,119,836,980,242
12,22,26,28,607,689,242
208,129,210,105,842,965,242
71,45,110,62,757,861,242
9,24,0,41,505,576,242
351,198,506,215,914,1023,242
640,447,567,394,943,1023,242
27,29,31,43,605,704,242
323,257,278,183,886,1020,242
37,38,82,77,701,793,243
40,29,61,44,696,787,243
45,38,70,41,710,806,243
62,76,18,46,479,634,243
22,29,65,45,665,761,243
195,187,125,134,812,921,243
369,278,368,299,916,1023,243
97,120,17,63,638,711,243
54,42,86,68,741,824,243
17,20,65,40,695,743,243
181,127,117,76,796,909,243
27,36,36,63,621,711,243
208,78,197,68,812,939,243
46,44,82,64,690,788,243
10,26,0,28,0,536,243
101,61,166,98,774,887,243
23,30,51,43,655,724,243
95,47,145,67,780,879,243
31,42,72,95,697,770,243
606,404,657,308,990,1023,243
66,82,76,103,652,741,243
26,40,70,77,671,761,243
154,165,108,128,742,841,244
78,84,93,101,718,803,244
11,21,19,24,595,594,244
173,126,246,145,828,938,244
31,34,71,77,709,797,244
39,40,78,44,677,749,244
134,101,220,146,807,900,244
50,45,58,51,711,788,244
1023,917,1023,567,1023,1023,244
30,21,79,36,647,716,244
19,26,40,42,577,655,244
161,103,292,169,833,939,244
375,246,328,211,894,1023,244
976,702,662,334,979,1023,244
60,78,41,68,583,673,244
37,52,47,57,663,707,244
9,22,11,32,542,651,244
1023,1021,1023,574,1023,1023,244
67,39,165,80,774,875,244
1002,630,1019,523,1023,1023,245
20,32,35,44,651,722,245
16,25,0,12,616,711,245
11,28,14,38,474,556,245
51,55,90,86,743,831,245
34,35,43,51,671,724,245
74,91,35,72,619,717,245
48,53,115,91,735,819,245
32,36,86,51,699,796,245
84,90,145,157,771,879,245
88,100,63,89,678,754,245
260,255,143,155,811,926,245
42,45,44,42,677,753,245
134,78,159,85,785,881,245
14,30,12,49,530,609,245
16,31,28,35,580,652,245
153,99,203,142,814,922,245
305,249,480,420,929,1023,245
50,63,47,47,638,763,245
866,710,624,535,990,1023,245
290,265,333,276,872,993,245
243,193,295,247,849,970,245
130,136,97,74,742,822,245
183,118,261,126,823,937,245
154,152,170,123,786,879,245
188,151,226,161,837,959,245
17,26,68,63,651,723,245
123,136,102,135,738,834,245
34,27,68,42,663,726,245
14,24,48,44,643,703,245
11,26,7,38,512,617,245
151,62,168,72,802,910,245
217,214,123,154,797,920,245
53,36,64,39,673,756,245
23,38,15,40,565,624,245
47,45,68,34,699,782,245
104,96,93,63,755,853,245
18,30,70,70,616,709,245
22,24,83,48,645,720,245
70,86,24,48,672,722,245
296,228,399,302,888,1023,245
26,42,9,39,620,702,245
10,26,14,27,588,663,246
29,34,30,41,608,676,246
368,230,419,232,908,1023,246
149,131,109,93,800,906,246
116,91,181,168,809,930,246
14,26,35,45,604,644,246
41,48,42,48,642,677,246
45,53,55,56,633,728,246
543,274,788,425,984,1023,246
11,28,0,33,272,478,246
30,32,104,100,688,767,246
42,44,43,38,635,727,246
487,390,395,324,907,1023,246
102,76,79,56,726,816,246
17,20,90,59,719,798,246
151,101,202,113,827,931,246
71,53,116,71,761,841,246
62,45,92,48,719,807,246
58,66,74,76,658,738,246
1023,749,1023,656,1023,1023,246
27,24,137,81,745,841,246
291,206,259,167,875,1002,246
37,48,54,83,725,812,246
112,113,88,92,737,816,246
154,99,157,82,776,866,246
23,39,26,56,544,608,246
285,182,246,160,847,963,247
16,23,0,22,469,492,247
459,242,403,149,903,1023,247
31,46,23,46,599,657,247
56,57,110,86,735,817,247
93,89,143,91,791,903,247
148,159,87,111,744,857,247
100,73,136,71,753,843,247
38,21,68,37,678,740,247
422,251,418,234,940,1023,247
23,35,7,28,552,652,247
124,87,133,92,791,899,247
11,25,0,30,0,423,247
8,20,0,24,458,529,247
260,234,228,197,839,954,247
21,27,30,40,600,655,247
38,45,52,38,695,774,247
68,74,62,62,664,739,247
157,127,175,96,801,911,247
109,59,159,80,768,868,247
42,53,68,83,699,781,247
469,309,448,264,952,1023,247
218,172,255,229,855,972,247
24,21,22,39,584,657,248
28,41,16,30,565,603,248
731,400,566,290,955,1023,248
470,242,422,161,913,1023,248
7,22,10,25,392,521,248
1023,370,1023,465,1023,1023,248
92,93,91,110,711,781,248
39,47,64,67,652,698,248
56,61,71,68,684,767,248
235,152,226,147,813,918,248
779,660,546,490,961,1023,248
176,162,221,200,820,929,248
10,26,8,24,600,660,248
371,166,411,221,874,1009,248
20,36,10,40,532,605,248
57,44,110,57,736,809,248
112,68,219,106,812,921,248
55,53,106,63,745,839,248
78,92,64,81,699,766,248
66,74,84,73,748,828,248
171,144,242,203,851,966,248
100,99,134,126,764,855,248
962,672,746,467,994,1023,248
39,40,36,36,670,747,248
88,97,145,159,748,846,248
482,311,480,246,913,1023,248
9,21,41,38,593,680,248
12,28,8,32,413,604,248
134,105,94,86,780,886,248
256,206,275,222,848,973,248
392,279,546,337,937,1023,248
32,51,27,59,0,306,248
284,204,384,218,896,1023,248
14,26,39,46,631,703,248
534,470,410,326,915,1023,248
85,91,191,147,791,904,248
32,42,50,49,606,688,249
69,64,40,58,695,781,249
161,157,160,128,805,909,249
17,32,24,41,553,632,249
26,34,30,22,636,729,249
316,220,275,168,858,975,249
19,26,23,46,594,664,249
155,148,189,184,817,930,249
16,25,50,56,658,714,249
53,66,58,82,721,815,249
51,48,64,37,750,819,249
80,60,186,143,790,885,249
51,51,131,108,715,795,249
376,279,374,288,897,1023,249
66,39,118,71,709,797,249
334,231,344,263,891,1023,249
66,73,24,48,697,774,249
25,38,79,105,678,738,249
29,22,27,31,581,682,249
76,72,150,110,771,878,249
235,190,205,155,818,919,249
233,136,264,127,856,979,249
28,41,47,58,649,738,249
28,34,44,31,660,727,249
41,54,33,72,586,660,249
68,65,86,77,718,801,249
92,48,201,99,798,899,250
118,114,101,105,732,818,250
274,200,194,137,825,943,250
108,66,123,81,736,821,250
11,25,38,51,579,647,250
124,114,123,110,798,902,250
9,20,0,22,527,630,250
18,27,11,39,498,576,250
7,20,0,13,518,609,250
130,120,114,105,777,871,250
16,20,32,24,577,618,250
58,49,129,70,751,838,250
32,20,62,29,650,694,250
16,31,28,29,613,663,250
22,33,27,28,656,725,250
35,44,89,107,686,746,250
11,23,41,52,568,634,250
32,22,106,69,717,811,250
107,104,76,102,716,795,250
30,44,43,71,622,690,250
16,25,18,31,576,590,250
107,54,236,101,832,945,250
39,38,49,37,686,768,250
11,23,26,47,660,721,250
30,45,46,61,663,735,250
75,63,62,51,740,835,250
13,24,26,27,593,649,250
98,75,133,73,772,875,250
110,109,145,120,785,898,251
11,25,48,45,662,733,251
70,57,109,74,743,839,251
138,105,220,105,817,924,251
481,231,495,225,912,1023,251
71,81,101,135,732,818,251
541,373,661,462,986,1023,251
92,72,81,71,746,844,251
33,49,14,39,586,663,251
23,30,57,37,683,757,251
54,45,32,29,672,760,251
57,72,83,63,728,819,251
36,50,49,57,676,744,251
59,46,74,60,714,811,251
29,44,54,49,700,800,251
29,36,41,35,635,733,251
141,76,233,125,809,928,251
185,171,115,118,823,940,251
44,28,107,41,722,813,251
145,97,252,103,840,958,251
232,210,205,168,863,987,251
65,50,128,75,779,884,251
13,20,66,56,653,735,251
25,30,67,58,706,776,251
50,35,175,100,793,904,251
246,189,339,260,888,1023,251
28,28,79,51,717,797,251
174,99,214,103,819,938,251
238,156,243,187,858,994,251
33,21,94,51,712,795,251
228,220,235,205,832,951,251
104,116,105,130,757,852,251
27,42,6,34,518,634,251
20,27,77,74,705,780,251
14,22,0,20,470,549,251
62,74,73,86,667,744,251
19,35,21,44,627,679,251
18,35,2,22,455,583,251
204,176,306,244,867,992,251
17,35,0,34,334,376,251
376,274,543,417,917,1023,251
52,68,76,75,669,750,252
106,81,139,63,798,908,252
25,44,9,45,475,627,252
10,22,31,25,619,714,252
177,156,181,151,767,858,252
231,180,208,154,827,937,252
265,210,284,228,875,1006,252
20,30,46,59,629,711,252
204,160,288,212,845,952,252
9,21,0,20,0,482,252
112,92,125,81,776,856,252
215,150,277,215,853,975,252
24,29,67,45,673,728,252
99,96,168,139,806,902,252
26,23,44,38,659,715,252
6,21,7,28,326,336,252
129,103,218,167,823,918,252
15,31,15,37,706,792,252
118,96,161,99,804,907,252
55,64,29,44,657,714,252
55,40,108,49,748,834,252
116,48,186,66,782,869,252
51,52,124,96,786,895,252
20,23,51,54,644,701,252
46,43,111,68,704,790,253
63,77,56,79,678,758,253
35,33,127,101,764,854,253
266,217,316,233,861,977,253
314,243,379,335,910,1023,253
156,150,182,175,812,922,253
51,49,71,72,711,796,253
72,61,206,194,817,913,253
58,59,88,64,774,879,253
117,83,178,84,790,888,253
174,143,186,157,795,892,253
220,214,140,155,844,983,253
38,47,26,51,606,687,253
153,83,141,107,810,898,253
264,221,140,112,789,889,253
320,271,326,279,883,1012,253
69,78,91,110,718,796,253
622,438,490,405,981,1023,253
46,49,94,110,747,845,253
34,28,104,57,736,814,253
21,35,5,43,602,647,253
16,27,48,64,662,728,253
1023,936,1023,657,1023,1023,253
102,102,103,123,755,836,253
203,175,268,234,851,962,253
75,57,80,43,729,806,253
382,194,614,396,958,1023,253
7,24,6,37,435,395,253
10,24,27,40,598,640,254
26,26,39,39,605,671,254
47,60,73,82,676,743,254
105,102,169,166,779,869,254
139,109,128,95,785,873,254
28,37,65,54,667,740,254
142,108,212,159,814,924,254
33,52,21,46,593,679,254
325,224,452,252,902,1023,254
93,48,159,62,800,910,254
38,39,128,78,752,846,254
163,131,176,133,802,906,254
74,75,111,110,719,812,254
21,33,54,42,640,707,254
5,20,29,44,580,645,254
19,32,51,57,657,754,254
45,41,88,63,686,768,254
63,51,104,83,733,817,254
94,92,128,78,745,834,254
67,73,68,80,660,746,254
96,100,90,81,736,822,254
377,162,421,188,891,1023,254
290,223,366,286,895,1023,254
144,155,103,110,767,867,254
258,200,246,188,852,970,254
52,55,100,54,735,813,254
188,159,150,106,796,899,254
64,69,51,55,668,753,254
30,33,52,42,653,726,254
154,124,271,205,869,1001,254
492,273,440,274,914,1023,254
113,118,101,114,721,805,254
65,81,30,66,681,770,254
148,135,156,123,793,887,254
120,133,42,75,717,787,254
76,91,45,76,685,767,254
29,35,109,88,766,861,254
115,55,128,53,757,859,254
92,87,136,109,794,905,254
148,130,161,149,812,910,255
85,91,66,69,693,756,255
109,121,72,69,724,792,255
13,22,14,18,619,699,255
52,64,57,59,665,732,255
91,58,143,66,768,865,255
97,92,145,148,784,880,255
43,33,40,37,668,779,255
20,30,48,62,598,660,255
114,100,121,118,786,881,255
48,37,129,93,716,812,255
236,193,195,171,830,939,255
175,77,252,114,860,978,255
29,46,0,23,0,423,255
63,69,47,56,671,767,255
595,171,660,318,953,1023,255
28,33,65,60,657,700,255
18,25,43,40,651,741,255
19,22,46,45,679,765,255
327,226,336,205,884,1016,255
67,66,56,51,658,728,255
37,24,28,25,629,695,255
37,43,35,42,637,678,255
86,77,131,106,771,859,255
88,80,108,80,768,857,255
89,84,64,75,717,797,256
105,52,160,90,791,910,256
47,51,52,67,634,667,256
115,111,113,105,719,828,256
186,182,133,125,800,903,256
350,285,374,334,911,1023,256
72,73,68,66,704,784,256
78,48,153,99,779,883,256
19,27,5,21,483,607,256
143,70,256,181,836,950,256
68,58,91,84,720,798,256
21,27,28,40,580,646,256
54,65,47,57,664,734,256
87,99,43,73,711,800,256
32,23,38,28,668,742,256
1023,1007,1023,705,1023,1023,256
12,27,25,50,576,606,256
22,26,39,33,636,686,256
208,191,177,117,808,909,256
34,37,29,45,634,732,256
40,57,57,68,663,756,256
334,209,311,200,859,989,256
79,71,54,62,695,779,256
78,73,142,70,755,844,256
21,21,76,46,707,780,256
102,101,138,151,809,907,256
277,143,390,185,877,1006,256
173,173,97,100,764,840,256
182,184,145,131,747,845,256
44,33,134,66,761,852,256
25,30,51,42,680,760,256
229,135,306,145,858,982,256
191,197,123,143,784,887,257
182,113,154,98,785,885,257
92,100,75,79,704,788,257
735,429,757,372,979,1023,257
437,267,368,237,915,1023,257
79,91,108,120,706,804,257
32,46,59,84,675,768,257
22,33,44,24,632,729,257
106,122,55,75,697,785,257
34,50,20,53,630,700,257
1023,415,1023,324,1023,1023,257
34,37,97,88,715,803,257
364,259,444,320,897,1023,257
248,218,225,210,864,992,257
26,20,38,21,671,722,257
30,47,21,52,434,556,257
26,38,18,33,628,698,257
167,167,127,112,798,906,257
101,110,50,91,742,826,257
100,108,58,70,732,810,257
23,40,18,48,551,592,257
22,22,37,34,669,717,257
9,25,31,65,419,503,257
200,143,229,160,825,943,257
71,54,198,151,817,929,257
31,27,68,40,684,780,257
52,28,94,44,720,805,257
7,21,20,46,606,659,257
341,280,353,298,902,1023,258
9,22,28,44,597,686,258
18,22,67,41,663,743,258
96,54,206,120,807,920,258
335,256,234,179,860,983,258
824,538,754,529,998,1023,258
29,42,45,26,636,727,258
25,41,34,62,603,648,258
14,28,15,40,579,639,258
78,94,81,83,710,771,258
313,149,281,90,855,974,258
76,83,57,63,682,749,258
204,132,246,190,874,1000,258
292,214,251,168,861,974,258
35,27,57,35,697,774,258
253,181,135,107,835,958,258
25,40,3,32,461,593,258
73,74,57,54,729,805,258
1023,757,884,558,1023,1023,258
133,81,177,109,789,891,258
159,116,199,110,805,910,258
10,21,15,21,607,641,258
315,228,262,135,865,1016,258
94,95,64,65,736,819,258
127,89,157,86,781,891,258
35,39,43,51,664,734,258
14,27,31,35,585,669,258
45,60,49,85,631,695,258
104,101,42,55,716,800,258
90,90,62,55,665,745,258
202,157,216,165,823,934,258
110,118,196,160,766,858,258
24,20,45,35,617,695,258
123,111,140,127,799,896,258
15,29,25,43,519,597,258
175,105,179,130,805,920,259
59,65,95,86,733,816,259
201,152,340,202,870,994,259
349,249,328,196,886,1016,259
55,57,120,78,715,786,259
5,21,0,27,0,0,259
126,135,126,139,766,870,259
197,196,122,88,802,912,259
660,438,529,343,951,1023,259
191,145,264,175,871,993,259
11,20,40,27,664,723,259
16,23,38,45,652,733,259
98,99,120,125,783,886,259
101,112,72,91,732,827,259
13,25,28,29,713,826,259
24,26,44,36,663,725,259
120,121,93,104,721,829,259
30,43,26,41,636,687,259
19,34,50,76,639,709,259
1023,707,1023,626,1023,1023,259
310,231,267,152,858,983,259
84,104,5,32,614,692,260
136,123,164,135,822,939,260
50,55,154,95,762,864,260
282,217,327,230,863,982,260
124,126,81,51,734,818,260
117,109,113,109,751,831,260
303,210,442,313,894,1023,260
152,158,149,148,770,854,260
81,59,129,74,784,889,260
51,54,106,111,655,727,260
7,24,0,14,0,0,260
1023,509,1010,504,1023,1023,260
17,32,21,29,557,617,260
915,331,881,278,1011,1023,260
139,106,202,183,826,944,260
66,44,155,54,759,859,260
62,77,76,78,682,787,260
16,34,0,30,341,513,260
37,56,30,64,601,688,260
83,85,88,91,731,828,260
317,190,266,150,859,985,260
197,120,370,275,878,1015,260
11,20,11,30,582,672,260
65,84,3,30,588,677,260
6,21,9,29,418,551,260
20,26,23,32,603,677,260
70,66,94,74,731,812,261
178,140,204,135,816,928,261
194,93,293,160,840,958,261
42,38,77,38,650,733,261
205,107,207,104,832,946,261
33,40,57,77,665,754,261
46,50,67,45,735,822,261
47,61,51,63,632,702,261
45,62,23,55,546,620,261
18,26,21,36,530,603,261
188,155,89,91,719,810,261
64,59,81,65,712,783,261
13,24,0,17,602,633,261
103,91,43,32,743,825,261
77,74,61,77,653,720,261
613,403,468,250,910,1023,261
155,121,85,59,738,841,261
28,44,12,44,556,648,261
244,178,256,164,855,970,261
104,116,82,83,713,795,261
13,23,17,30,501,566,261
78,57,108,72,744,843,261
50,28,112,39,744,836,261
15,23,34,27,561,636,261
33,45,39,64,611,701,261
123,129,90,87,718,797,261
34,29,60,37,685,762,261
70,77,66,83,671,758,261
21,31,72,86,647,720,261
352,181,492,212,909,1023,261
98,42,203,99,798,906,261
158,91,255,140,844,958,261
40,30,163,87,775,870,261
244,194,280,196,869,998,261
22,24,93,64,718,801,261
42,44,59,37,666,748,261
136,131,158,156,763,866,261
28,44,0,34,539,573,261
130,119,214,193,799,902,262
15,28,0,13,511,593,262
39,45,32,42,647,706,262
110,104,208,149,776,873,262
49,37,53,34,706,813,262
1023,1021,1023,807,1023,1023,262
680,566,497,364,940,1023,262
594,304,933,388,989,1023,262
15,31,18,35,578,621,262
38,35,56,45,707,802,262
6,21,45,61,605,677,262
64,72,74,49,705,790,262
325,213,379,239,875,1007,262
10,23,11,37,575,611,262
35,44,71,53,721,788,262
13,20,32,31,511,624,262
15,28,2,16,527,615,262
20,31,60,42,683,781,262
228,217,228,187,825,949,262
91,68,157,132,749,858,263
92,87,130,107,756,852,263
1023,490,1023,695,1023,1023,263
44,51,41,40,661,759,263
17,32,56,45,636,724,263
417,229,385,221,891,1023,263
35,52,47,71,649,726,263
173,174,117,134,768,863,263
39,28,126,75,744,842,263
278,236,261,181,857,979,263
46,58,112,80,724,809,263
30,42,88,70,699,792,263
34,35,90,76,708,784,263
267,209,262,170,848,962,263
27,21,49,50,636,702,263
158,122,95,77,741,849,263
4,21,0,27,468,485,264
94,92,79,78,729,815,264
55,29,124,45,749,831,264
90,98,104,117,754,850,264
114,116,96,122,758,847,264
19,22,53,32,676,737,264
78,90,48,53,690,787,264
550,269,670,253,955,1023,264
23,31,30,39,618,698,264
103,87,167,168,788,886,264
15,21,17,18,470,525,264
92,71,127,86,753,859,264
422,223,380,202,895,1023,264
177,172,178,188,782,872,264
107,100,141,122,780,893,264
38,45,157,110,775,873,264
30,37,92,56,679,742,264
79,44,174,66,756,867,264
22,32,14,32,641,710,264
8,21,15,21,521,631,264
11,24,4,42,509,575,264
24,26,29,38,567,638,264
1023,557,1023,392,1023,1023,264
15,23,42,39,593,658,264
89,106,43,78,672,763,264
129,147,40,55,720,801,264
56,70,70,91,653,732,264
162,76,237,89,816,932,264
20,31,34,40,667,734,264
53,72,29,33,671,733,264
17,31,43,37,544,642,264
72,76,98,72,707,797,264
28,40,55,45,668,774,265
88,80,116,66,748,841,265
51,64,105,108,726,813,265
115,92,138,108,802,919,265
24,30,60,62,692,768,265
297,113,344,103,879,1012,265
13,21,50,31,609,689,265
1023,646,1023,534,1023,1023,265
18,26,27,57,650,715,265
46,43,148,100,747,828,265
166,153,148,141,785,888,265
171,105,224,104,828,953,265
326,265,200,171,863,986,265
149,104,195,119,800,918,265
426,356,376,275,909,1023,265
106,70,141,98,767,865,265
53,69,44,79,642,740,265
108,108,186,168,836,965,265
806,347,769,385,994,1023,265
15,32,0,32,522,602,265
68,64,92,84,742,860,265
23,27,64,31,672,763,265
68,79,107,123,748,829,265
103,86,197,144,796,904,265
206,199,228,160,808,923,265
145,126,197,126,823,938,265
25,42,25,61,569,613,265
114,120,126,116,760,871,266
67,55,84,56,699,817,266
12,29,5,43,461,528,266
179,98,216,67,835,959,266
97,54,89,55,712,802,266
163,140,173,148,830,951,266
75,82,129,98,765,851,266
85,75,147,104,748,847,266
101,75,226,157,824,932,266
52,67,32,51,694,783,266
38,49,52,57,644,724,266
878,490,963,502,1020,1023,266
39,48,43,51,621,702,266
39,42,44,39,682,772,266
246,170,274,171,840,956,266
367,199,500,244,928,1023,266
270,143,367,179,866,988,266
7,20,43,55,625,689,267
45,49,122,114,754,849,267
169,97,265,158,832,941,267
96,106,66,97,682,783,267
62,60,56,40,721,805,267
145,163,41,91,640,727,267
34,46,40,53,575,667,267
13,28,0,19,0,449,267
47,32,82,39,688,791,267
70,79,113,126,748,844,267
53,47,57,48,677,766,267
147,151,67,90,718,801,267
211,94,238,60,830,952,267
52,64,135,124,732,832,267
108,117,119,125,764,838,267
55,49,131,74,755,860,267
103,104,185,160,766,868,267
476,424,324,275,890,1019,267
110,102,86,59,747,851,267
907,377,858,274,1006,1023,267
19,37,39,45,607,660,267
115,102,123,47,809,920,267
23,29,82,47,701,758,267
149,153,158,127,785,885,267
46,56,33,40,661,762,267
290,210,274,190,827,942,267
74,63,101,82,680,787,267
17,31,47,55,604,685,267
118,105,105,81,768,860,267
25,37,40,40,641,725,267
116,106,198,156,814,936,267
63,69,24,30,626,708,268
152,151,146,172,815,932,268
34,53,31,48,598,678,268
243,214,230,195,848,965,268
110,110,131,124,778,869,268
75,81,49,55,697,773,268
21,29,15,30,577,717,268
173,99,206,87,801,931,268
68,61,90,80,761,868,268
13,22,30,43,593,666,268
71,72,110,82,736,838,268
200,205,131,144,792,901,268
48,35,115,67,749,838,268
35,45,45,29,630,715,268
144,140,95,85,763,865,268
56,62,89,101,725,821,268
265,229,309,255,859,978,268
30,33,33,39,630,732,268
610,488,556,459,940,1023,268
82,68,75,67,704,804,268
224,167,265,161,833,956,268
66,82,84,97,676,781,268
41,54,61,53,705,811,268
40,33,77,46,694,785,268
210,181,323,247,850,978,268
11,20,43,54,570,652,268
90,83,77,91,759,878,268
31,47,40,54,641,736,268
111,107,187,188,794,913,268
181,131,272,177,833,959,268
38,21,102,55,720,812,268
36,53,34,41,638,711,268
89,101,142,146,744,838,268
85,88,111,80,734,831,269
186,172,133,113,764,869,269
99,88,153,123,765,870,269
23,40,15,48,491,560,269
28,42,39,61,629,711,269
63,81,59,66,653,742,269
118,96,74,60,759,862,269
28,45,11,46,460,568,269
360,282,352,237,914,1023,269
115,71,56,59,717,792,269
62,56,136,54,742,824,269
66,69,61,58,668,742,269
25,35,94,89,683,751,269
26,29,54,30,660,751,269
307,290,200,201,841,966,269
40,56,39,47,673,771,269
123,108,95,82,744,847,269
291,173,396,240,896,1023,269
51,32,91,30,742,825,269
29,21,57,26,697,800,269
248,214,351,290,863,988,269
162,159,177,172,794,894,269
70,62,141,100,758,872,269
22,25,80,48,691,770,269
18,24,76,63,686,767,269
256,238,217,171,822,943,269
69,50,173,139,779,871,269
594,244,640,206,960,1023,269
25,20,54,29,675,726,269
606,373,549,328,975,1023,269
45,59,46,61,679,763,269
13,24,51,36,580,665,269
9,24,8,25,370,485,270
85,87,205,142,822,931,270
39,48,78,85,581,639,270
49,67,66,97,612,688,270
14,26,27,35,522,614,270
38,34,29,26,636,697,270
37,39,50,44,649,723,270
19,23,64,30,648,709,270
97,98,79,67,716,812,270
25,28,24,27,493,495,270
89,98,100,117,740,818,270
35,40,43,35,654,720,270
17,33,12,29,579,691,270
421,223,390,200,914,1023,270
65,76,110,119,718,812,270
50,47,63,56,670,755,270
97,112,54,82,692,758,270
351,245,492,370,938,1023,270
184,163,180,158,851,964,270
72,83,97,97,761,840,270
117,115,166,139,766,869,270
40,55,46,51,666,748,270
69,71,145,107,762,853,270
28,32,80,81,711,797,270
100,86,126,85,756,846,270
47,37,97,56,693,766,270
1023,1021,1023,697,1023,1023,270
8,25,41,60,581,616,270
77,53,59,60,682,778,270
330,195,455,221,895,1023,270
9,23,48,64,559,650,270
412,266,680,436,978,1023,270
38,36,138,79,729,802,270
118,93,184,91,806,910,270
33,49,0,32,555,660,270
39,34,87,60,699,771,270
40,44,53,36,663,718,270
141,94,240,168,856,971,270
254,160,344,160,866,992,270
400,251,522,270,914,1023,270
161,118,144,85,762,875,270
86,74,162,85,771,866,270
116,120,127,115,779,882,270
21,31,54,56,627,695,270
282,186,419,249,894,1023,270
301,163,252,136,835,967,270
56,60,115,83,750,850,270
62,40,120,83,755,846,271
158,163,79,80,745,838,271
45,40,83,42,728,836,271
441,310,514,348,923,1023,271
4,20,9,30,332,491,271
433,341,948,814,721,825,271
26,24,34,45,665,725,271
27,43,11,42,602,655,271
62,74,97,85,676,752,271
184,179,224,231,812,918,271
445,367,357,260,904,1023,271
52,68,46,58,608,699,271
63,63,77,44,681,749,271
18,34,17,50,476,579,271
89,91,107,89,731,828,271
20,26,52,36,685,764,271
90,97,120,93,740,848,271
46,42,88,64,710,809,271
16,32,79,82,673,767,271
24,42,17,55,611,685,271
351,274,247,194,863,999,271
52,52,61,49,681,755,271
43,34,66,54,679,763,271
91,85,152,98,765,857,271
334,259,346,237,885,1015,271
46,50,56,59,635,730,271
73,85,45,66,664,744,271
50,63,53,62,622,714,271
31,36,54,53,656,733,271
175,161,207,164,811,913,272
79,54,126,66,759,854,272
16,30,81,76,663,726,272
58,56,75,47,710,810,272
14,30,0,11,441,565,272
142,138,157,125,806,917,272
32,50,29,72,499,596,272
624,347,555,277,941,1023,272
206,192,289,267,831,956,272
625,287,696,315,963,1023,272
196,138,265,172,836,942,272
101,87,214,188,822,939,272
11,25,27,28,539,609,272
97,98,72,105,747,834,272
174,144,147,100,805,903,272
105,67,119,68,729,815,272
226,107,321,142,861,991,272
22,30,49,32,657,719,272
39,55,71,89,726,832,272
7,23,1,15,452,535,272
14,24,91,61,660,735,272
280,133,224,113,841,960,272
151,108,206,133,817,932,272
99,105,86,101,711,789,272
36,56,0,39,357,474,272
141,155,93,117,694,785,272
30,46,15,49,536,596,272
20,24,52,38,675,757,272
71,51,139,85,789,891,272
31,35,80,43,699,787,272
1023,1009,1023,787,1023,1023,272
445,342,319,225,889,1018,273
1023,746,1023,518,1023,1023,273
958,385,970,429,1016,1023,273
13,21,30,32,608,664,273
246,117,323,191,892,1023,273
24,29,90,63,701,791,273
144,142,232,213,802,908,273
186,99,230,103,812,923,273
588,410,560,395,967,1023,273
255,217,453,363,902,1023,273
140,122,114,112,754,853,273
67,51,117,90,773,869,273
159,152,140,109,794,898,273
64,67,60,39,679,744,273
144,81,208,122,800,911,273
97,112,64,87,653,717,273
5,20,17,33,489,607,273
9,26,0,27,0,106,273
121,142,35,74,605,703,274
151,88,184,86,799,914,274
172,98,193,109,828,968,274
46,56,57,74,699,771,274
20,25,87,49,670,762,274
59,61,161,140,767,867,274
157,111,215,149,844,963,274
162,158,216,210,838,963,274
166,144,176,137,795,907,274
115,108,153,106,810,906,274
84,79,86,89,757,869,274
52,54,75,49,692,786,274
25,26,58,42,664,779,274
19,29,100,111,713,799,274
135,147,111,129,770,874,274
29,22,31,28,644,735,274
95,105,42,76,681,767,274
12,25,28,27,585,665,274
151,140,186,179,797,908,274
13,28,26,41,456,582,274
296,271,359,297,889,1023,274
24,27,35,32,609,687,274
24,25,26,26,630,693,274
92,83,121,72,773,867,274
43,47,98,76,693,759,274
12,27,33,44,571,674,274
213,178,199,146,816,944,274
43,54,45,67,652,748,274
8,24,0,11,0,517,274
51,35,104,60,714,812,274
22,31,23,42,578,667,274
22,33,16,37,586,659,274
19,29,26,48,578,659,274
22,25,70,64,690,771,274
30,21,108,60,720,824,274
166,152,119,107,797,912,274
52,51,48,33,618,720,274
366,227,462,248,909,1023,274
197,89,324,137,855,986,274
151,110,138,115,805,919,274
78,79,89,86,702,774,274
166,175,174,177,766,874,275
344,189,350,135,871,997,275
24,39,36,60,585,705,275
23,40,39,47,587,640,275
1023,553,1023,436,1023,1023,275
154,119,236,150,820,940,275
62,55,112,74,766,855,275
139,112,222,156,831,954,275
20,28,14,17,611,699,275
105,106,98,97,748,852,275
26,38,43,65,613,680,275
176,169,194,199,804,911,275
12,29,0,17,197,430,275
83,62,74,33,720,804,275
1023,1021,1023,642,1023,1023,275
98,92,92,51,720,812,275
18,27,44,38,652,726,275
27,28,89,52,654,754,275
77,57,83,57,731,820,275
46,37,72,55,694,777,275
51,48,65,35,692,750,275
173,119,265,195,864,982,275
10,25,7,20,555,611,275
19,36,7,34,512,557,275
124,112,71,58,787,895,275
94,86,160,121,788,898,275
175,137,173,114,823,932,275
17,20,45,25,648,711,275
21,32,0,9,0,402,275
133,61,96,50,748,836,275
1023,884,982,650,1023,1023,275
131,126,122,96,782,883,276
10,26,30,30,619,671,276
59,52,163,120,760,852,276
225,164,357,279,888,1016,276
33,29,116,60,709,786,276
134,96,119,82,704,782,276
1023,1021,1023,621,1023,1023,276
53,54,96,39,711,809,276
16,27,24,32,576,653,276
84,96,95,124,696,799,276
22,22,52,37,656,718,276
16,24,15,26,598,649,276
13,27,18,35,573,688,276
56,22,198,58,790,893,276
154,124,143,115,817,929,276
93,93,177,118,780,891,276
177,108,246,185,845,972,276
195,128,171,124,856,985,276
121,102,149,100,752,855,276
207,122,236,172,828,937,276
27,37,67,45,695,783,276
14,21,87,71,638,723,276
8,23,4,42,616,709,276
45,59,39,70,694,783,276
6,22,4,30,0,512,276
14,28,14,44,590,685,276
63,76,65,99,683,763,276
61,80,11,49,635,722,276
72,73,113,111,751,850,276
20,28,67,45,680,743,276
223,165,380,272,884,1019,276
52,41,77,51,696,774,276
146,138,159,138,803,929,276
41,40,40,32,629,692,276
6,20,14,27,539,663,277
109,113,99,110,740,835,277
15,26,16,34,585,680,277
27,44,25,35,603,688,277
12,20,35,25,604,728,277
49,46,21,31,656,723,277
310,228,342,259,884,1023,277
155,135,173,120,798,916,277
56,60,39,53,644,721,277
76,56,178,94,784,890,277
206,114,176,98,811,933,277
74,89,41,79,673,767,277
366,291,278,213,888,1022,277
37,41,29,35,641,700,277
99,88,118,131,735,862,277
9,22,51,81,541,628,277
29,33,45,63,675,760,277
274,187,229,132,831,943,277
61,59,53,51,693,768,277
91,93,159,170,785,894,277
29,45,38,46,609,671,277
89,75,111,89,732,816,277
106,104,136,95,775,869,277
49,48,93,75,699,787,277
68,78,110,85,698,781,277
12,24,27,33,606,619,277
55,59,75,45,717,818,277
12,27,12,44,573,617,277
76,91,54,65,702,778,277
164,160,182,183,806,926,277
26,40,54,67,627,696,277
105,59,186,114,810,924,277
180,176,248,240,815,939,277
6,20,37,41,614,688,277
820,409,787,374,994,1023,277
71,78,41,63,684,765,277
437,248,329,172,892,1023,277
501,177,505,142,929,1023,277
71,84,50,58,677,764,277
148,143,89,92,702,791,278
38,50,49,75,652,725,278
67,77,144,120,768,852,278
162,149,185,173,808,905,278
104,107,137,135,759,863,278
151,115,207,94,815,929,278
97,65,73,49,750,858,278
264,184,279,152,862,981,278
14,21,80,53,654,738,278
25,44,31,52,493,634,278
39,47,37,63,691,776,278
79,91,78,80,717,794,278
91,92,198,187,813,914,278
104,107,123,125,752,852,278
13,30,0,17,433,486,278
423,206,306,97,893,1023,278
23,38,56,61,661,728,278
214,124,295,144,861,979,278
19,34,58,70,655,731,278
95,77,123,88,761,854,278
428,398,277,236,876,998,278
133,137,84,97,725,831,278
47,60,50,62,651,701,278
348,290,277,211,869,999,279
288,157,298,183,889,1023,279
41,40,105,57,734,809,279
104,92,154,121,770,866,279
1023,680,1023,475,1023,1023,279
218,191,197,198,851,969,279
127,106,149,121,799,907,279
54,46,123,100,766,887,279
1023,679,1023,552,1023,1023,279
32,48,62,75,665,740,279
23,27,6,29,564,612,279
271,190,325,195,868,988,279
40,53,49,59,637,702,279
32,43,53,66,644,731,279
115,80,119,80,754,853,279
21,29,44,43,614,689,279
134,111,72,64,720,821,279
248,157,247,121,837,953,279
151,91,193,86,803,918,279
133,145,93,94,742,856,279
97,93,175,125,773,877,279
78,74,113,97,714,811,279
27,36,71,64,683,749,279
71,68,147,86,750,857,279
95,105,71,79,699,806,279
189,164,225,158,828,947,279
467,283,650,404,956,1023,279
160,138,161,119,814,936,279
54,64,67,72,664,765,279
448,247,551,310,925,1023,279
117,72,111,53,761,849,279
42,47,117,84,723,827,279
12,26,4,30,555,646,279
65,60,113,79,737,828,279
49,69,15,49,604,728,279
37,51,70,59,667,724,279
31,34,49,39,651,743,279
78,92,71,111,687,759,279
72,84,89,84,720,818,279
16,35,9,36,327,534,279
38,54,29,48,677,778,280
248,175,330,229,875,1001,280
875,553,750,467,999,1023,280
22,28,69,53,658,742,280
39,53,14,32,546,651,280
124,133,113,134,750,848,280
25,38,37,58,627,718,280
243,238,197,168,818,936,280
265,200,281,259,893,1023,280
269,136,275,107,858,976,280
17,21,69,49,641,718,280
47,58,76,103,682,791,280
209,201,148,149,813,917,280
62,66,79,79,722,810,280
4,20,0,29,398,534,280
103,60,79,67,722,825,280
262,235,191,168,846,972,280
176,152,204,189,851,979,280
57,63,43,70,721,821,280
12,28,11,31,498,589,280
28,34,50,52,675,752,280
61,34,82,40,698,789,280
203,209,121,158,789,889,280
16,29,21,50,666,735,280
120,136,19,63,709,806,280
87,70,124,80,723,834,280
35,36,85,70,706,783,280
78,82,157,113,790,894,280
36,33,82,57,695,785,280
48,66,36,41,650,727,280
26,34,34,42,649,726,280
65,57,110,65,757,848,280
141,138,163,161,791,898,280
35,42,76,42,644,729,280
82,65,200,154,786,886,280
253,139,303,130,878,1001,280
175,134,236,125,810,925,280
5,22,22,29,554,588,280
102,108,184,154,802,900,280
1023,1021,1023,694,1023,1023,280
56,58,104,89,781,890,280
84,64,195,145,818,936,280
57,68,76,70,705,802,280
25,43,0,40,486,552,280
104,103,143,151,773,871,280
140,133,137,121,799,911,280
43,36,83,74,735,831,280
117,106,163,115,767,881,280
130,145,106,111,744,841,280
46,63,47,79,597,686,280
65,38,120,46,765,869,280
109,85,82,58,746,833,280
399,377,241,208,856,977,281
121,125,152,124,749,836,281
8,20,19,16,583,655,281
53,47,89,67,697,780,281
73,85,19,36,673,776,281
5,20,0,23,0,121,281
21,31,28,50,542,586,281
774,395,452,226,942,1023,281
55,67,85,96,695,776,281
8,21,11,20,463,508,281
1023,709,982,492,1023,1023,281
27,39,42,48,637,729,281
134,123,128,102,782,884,281
163,166,123,100,797,896,281
237,152,261,175,856,988,281
1023,452,787,334,1018,1023,281
21,30,57,56,685,756,281
11,24,21,41,572,618,281
117,115,170,164,766,858,281
42,61,34,64,588,642,281
32,36,45,39,639,719,281
153,113,274,176,841,966,281
103,106,112,98,756,854,281
249,159,216,187,822,942,281
54,65,74,80,702,788,281
125,121,222,208,807,924,281
55,65,56,73,687,765,281
73,79,49,54,688,766,281
183,92,278,123,846,965,281
56,76,24,31,634,697,282
126,123,179,129,788,887,282
10,26,29,38,545,623,282
476,327,491,360,951,1023,282
43,53,38,56,699,769,282
25,30,55,59,701,798,282
8,21,11,34,527,655,282
54,34,51,49,691,775,282
620,475,492,413,961,1023,282
237,152,229,120,832,953,282
49,63,57,86,636,700,282
30,32,77,51,705,797,282
8,24,18,46,580,645,282
23,40,16,37,620,681,282
10,23,43,58,639,729,282
34,38,52,40,695,775,282
231,232,184,191,800,900,282
570,300,680,384,960,1023,282
122,118,108,98,766,875,282
294,204,411,313,922,1023,282
62,75,92,69,714,796,282
25,39,44,77,581,671,282
39,47,80,92,732,821,282
22,24,58,40,718,814,282
20,27,25,32,606,692,282
143,89,180,126,789,908,282
62,70,43,87,686,768,282
73,66,129,103,770,875,282
69,71,35,62,638,737,282
61,56,37,47,630,717,282
122,108,148,141,726,802,283
13,22,12,32,505,602,283
74,69,68,87,707,793,283
46,48,63,62,710,798,283
59,77,39,66,666,749,283
16,31,12,35,523,615,283
127,103,189,153,803,915,283
70,70,80,76,699,789,283
16,29,50,39,627,700,283
98,99,146,112,777,856,283
73,73,103,93,716,805,283
8,23,0,18,521,606,283
1023,654,1007,686,1023,1023,283
99,95,200,134,807,907,283
20,36,17,47,605,699,283
88,81,135,122,775,870,283
121,125,70,76,721,810,283
7,21,0,35,477,547,283
69,74,51,67,683,779,283
367,293,206,156,855,978,283
36,53,50,73,631,714,283
126,111,177,159,799,915,283
40,50,8,22,656,726,283
65,54,69,53,694,791,283
113,81,122,48,765,878,283
348,226,447,312,938,1023,283
204,193,171,174,795,911,283
59,43,76,37,725,788,283
1023,1021,1023,580,1023,1023,283
41,48,88,99,706,781,283
32,38,75,58,668,752,283
13,26,20,26,581,611,283
104,103,123,120,749,827,283
26,39,29,49,614,668,283
7,23,0,10,448,592,283
66,79,39,54,690,780,283
118,118,53,66,703,785,283
262,124,262,114,863,984,284
760,501,454,296,967,1023,284
103,79,166,68,761,866,284
22,20,39,34,644,687,284
144,122,155,114,784,876,284
22,20,22,21,619,684,284
240,212,292,232,881,1018,284
52,48,84,57,683,768,284
66,67,186,130,770,864,284
611,395,716,395,968,1023,284
585,374,610,397,966,1023,284
16,31,29,30,617,681,284
30,36,25,27,629,663,284
212,203,130,116,782,884,284
33,21,54,40,709,792,284
157,148,134,133,766,875,284
93,95,139,97,731,829,284
103,73,117,78,781,896,284
32,30,49,53,599,682,284
390,200,299,139,864,992,284
169,166,215,181,795,895,284
55,73,16,55,619,685,284
131,143,198,198,770,875,284
95,75,134,54,764,856,284
6,22,0,24,379,494,284
49,47,97,52,714,801,285
16,31,44,47,614,705,285
19,27,32,29,652,734,285
148,151,92,82,725,829,285
118,117,103,103,765,873,285
206,197,269,268,845,973,285
117,98,172,143,769,866,285
371,271,427,284,915,1023,285
161,129,156,101,819,920,285
14,32,0,25,0,461,285
91,63,220,167,836,955,285
229,174,215,159,828,950,285
105,89,161,121,806,912,285
77,43,121,52,782,893,285
86,90,85,95,728,821,285
50,52,127,104,741,828,285
148,99,197,100,819,935,285
17,31,23,41,614,686,285
18,31,9,41,488,572,285
238,145,233,142,829,943,285
54,56,106,101,765,869,285
79,78,85,87,736,834,285
103,113,71,82,695,790,285
168,130,233,152,846,973,285
581,418,516,319,935,1023,285
99,86,107,93,737,848,285
66,63,59,65,672,751,286
888,500,902,591,1023,1023,286
103,57,188,99,813,937,286
1023,1021,1023,765,1023,1023,286
27,23,79,32,661,735,286
42,53,105,73,732,820,286
23,39,5,35,575,654,286
13,24,27,43,562,635,286
308,194,404,266,907,1023,286
158,172,65,98,743,825,286
325,231,235,129,861,1009,286
616,334,713,416,984,1023,286
224,152,280,175,887,1023,286
45,39,87,42,719,788,286
13,22,46,31,612,657,286
82,64,104,43,738,822,286
131,112,166,131,802,911,286
31,34,91,74,723,811,286
527,368,425,241,910,1023,286
56,70,85,115,711,784,286
37,35,32,32,642,711,286
23,36,33,50,629,700,286
132,133,183,172,811,913,286
20,35,32,46,581,640,286
10,20,54,48,660,700,286
777,327,860,247,992,1023,286
82,86,116,100,745,841,286
27,40,25,56,604,673,286
43,43,78,46,736,846,286
105,101,169,148,787,893,286
1023,923,1023,609,1023,1023,286
27,35,74,56,688,777,287
56,61,166,123,765,869,287
173,179,112,143,790,880,287
23,30,76,50,660,720,287
49,51,108,72,704,783,287
520,407,612,459,963,1023,287
6,22,7,36,453,509,287
127,121,139,112,796,897,287
57,63,57,59,670,728,287
30,38,69,64,709,806,287
47,65,1,49,549,634,287
22,33,24,32,632,720,287
79,67,66,57,740,819,287
288,247,434,332,886,1011,287
105,69,189,98,778,872,287
149,136,207,192,831,941,287
8,26,0,22,0,478,287
11,25,21,41,577,622,287
1023,769,1023,496,1023,1023,287
678,311,679,281,970,1023,287
7,20,0,29,493,537,287
35,33,65,56,691,789,287
61,72,66,67,660,708,287
22,34,50,39,641,673,287
53,63,47,57,654,754,287
41,57,18,50,561,610,287
57,52,116,64,721,794,287
40,51,144,98,745,836,287
46,53,128,129,705,785,287
30,43,30,45,579,643,287
41,43,66,46,712,790,287
32,50,11,39,593,645,287
13,24,26,31,510,549,287
89,96,184,134,782,884,287
28,38,3,25,663,797,287
57,44,77,38,741,830,287
127,115,225,186,810,918,287
32,36,40,53,717,804,287
73,70,243,210,811,920,287
74,91,114,121,733,824,287
21,33,55,55,664,747,287
554,378,560,292,956,1023,287
29,47,10,30,525,563,287
597,496,424,323,920,1023,287
31,39,0,24,563,648,287
21,33,20,39,539,614,287
162,95,166,87,801,907,287
27,41,5,37,607,678,288
306,245,292,230,865,995,288
17,24,35,28,595,678,288
111,103,151,106,794,901,288
15,33,0,14,389,556,288
154,136,145,105,834,950,288
177,178,119,129,770,880,288
168,141,274,252,866,1003,288
53,52,85,60,710,796,288
247,189,436,340,902,1023,288
25,21,50,49,678,762,288
328,241,364,202,877,1012,288
208,97,295,121,859,983,288
184,129,256,148,847,972,288
51,40,136,81,760,856,288
71,53,26,32,629,734,288
44,55,42,50,689,762,288
34,52,7,41,547,601,288
66,66,65,68,676,772,288
162,146,281,222,841,965,288
59,77,54,62,649,720,288
133,123,172,123,811,927,288
36,20,62,31,656,764,288
517,364,366,237,900,1023,288
268,176,189,123,870,1007,288
45,29,132,49,735,834,288
546,363,522,333,931,1023,288
1023,908,882,634,1023,1023,288
350,281,394,297,902,1023,288
62,40,206,120,813,923,288
14,31,22,33,546,620,288
63,54,97,61,735,797,288
15,23,27,37,601,666,289
8,22,36,43,584,620,289
83,102,88,120,675,733,289
417,265,485,259,918,1023,289
20,37,43,47,613,708,289
261,184,225,116,844,967,289
1003,511,928,514,1010,1023,289
58,65,83,81,760,837,289
17,22,28,22,585,654,289
36,26,84,65,695,766,289
23,25,58,41,664,731,289
60,60,106,110,708,796,289
88,50,131,55,797,894,289
21,38,42,56,595,644,289
11,22,59,59,653,728,289
90,77,200,142,813,931,289
167,134,309,237,820,928,289
99,97,91,92,714,793,289
622,500,382,300,920,1023,289
45,39,117,58,725,830,289
476,172,562,178,930,1023,289
31,49,19,60,512,551,290
65,84,27,53,648,702,290
250,203,246,147,824,942,290
75,90,54,48,697,775,290
1023,778,903,596,1023,1023,290
33,43,17,48,564,622,290
9,22,35,24,601,630,290
184,174,174,149,809,912,290
24,21,119,72,716,796,290
303,231,405,338,914,1023,290
66,41,72,34,690,756,290
155,152,202,170,833,936,290
271,219,267,159,834,940,290
101,94,95,54,772,851,290
231,178,217,165,822,941,290
287,221,276,206,874,1006,290
217,215,161,159,820,927,290
173,150,101,63,775,880,290
65,55,115,49,758,839,290
108,108,123,116,771,847,290
72,70,71,66,752,836,290
26,34,72,51,663,701,290
48,58,114,118,736,832,290
167,162,183,165,789,903,290
80,91,61,83,707,801,290
372,276,434,321,924,1023,290
506,352,479,276,934,1023,290
72,49,61,48,725,817,290
138,124,139,120,761,860,290
34,48,18,43,590,644,290
71,56,119,88,756,859,290
12,25,0,27,344,575,290
1023,1021,1023,669,1023,1023,290
30,39,45,50,678,764,290
802,495,802,445,972,1023,290
11,22,63,41,626,713,290
49,54,70,55,633,723,290
32,51,20,65,477,586,290
468,310,310,214,889,1023,290
932,578,883,571,1023,1023,290
176,76,303,139,858,994,290
1023,383,1023,390,1023,1023,290
7,20,0,15,0,376,290
114,101,128,78,752,847,290
78,88,58,78,712,829,290
227,156,272,145,870,995,290
96,112,50,90,661,753,290
139,100,106,75,765,860,290
85,77,91,78,720,827,290
34,42,108,81,739,837,290
11,25,6,40,600,673,290
261,175,272,150,839,964,290
77,77,96,82,724,813,290
14,23,40,41,619,677,290
423,274,381,193,895,1023,290
18,24,40,33,610,658,291
31,37,64,39,713,833,291
32,43,75,72,670,753,291
1023,706,1023,595,1023,1023,291
89,71,143,86,760,860,291
24,29,4,21,471,565,291
64,63,60,40,668,750,291
21,36,6,32,573,654,291
16,25,60,63,627,683,291
15,27,46,55,635,696,291
551,236,557,190,917,1023,291
41,48,98,54,707,769,291
222,148,464,363,905,1023,291
55,66,59,66,645,724,291
431,221,319,197,882,1020,291
36,26,69,64,701,778,291
142,103,137,119,764,867,291
33,29,38,33,652,734,291
8,23,14,43,723,862,291
27,30,66,38,688,770,291
242,185,213,166,856,989,291
69,83,54,83,694,773,291
71,58,138,87,744,830,291
21,25,61,74,662,734,291
211,148,311,187,857,990,291
139,134,134,164,786,887,291
11,23,8,42,508,558,291
336,211,599,397,946,1023,291
124,88,160,122,770,880,291
154,128,175,107,813,937,291
331,294,242,229,855,970,291
313,216,536,375,934,1023,291
111,120,103,110,729,820,291
270,230,201,182,845,959,291
210,170,360,273,904,1023,291
121,79,183,87,775,879,291
74,86,26,54,631,707,291
232,182,272,213,872,1002,291
744,244,752,356,976,1023,291
914,617,906,556,1023,1023,292
35,27,74,51,705,802,292
15,25,24,44,566,609,292
52,45,64,51,716,790,292
318,242,296,234,870,991,292
223,178,264,173,878,1011,292
56,74,18,40,600,655,292
300,178,233,142,854,979,292
21,36,56,36,625,690,292
7,20,50,62,647,709,292
123,100,236,184,832,937,292
87,93,72,63,719,820,292
28,26,58,34,677,750,292
94,79,127,114,732,814,292
23,34,80,104,668,704,292
101,64,72,52,688,760,292
194,133,340,229,863,992,292
296,212,279,197,845,971,292
77,56,147,65,775,869,292
14,31,5,19,524,607,292
72,38,148,63,781,872,292
15,24,45,41,618,685,292
227,142,231,105,853,974,292
140,83,149,81,768,858,292
139,135,155,109,808,906,292
63,76,73,106,696,776,292
29,46,2,41,0,0,292
12,26,70,68,682,765,293
155,159,139,133,789,881,293
291,201,660,476,963,1023,293
16,23,125,101,731,798,293
26,42,29,40,597,690,293
14,22,34,27,607,664,293
74,63,181,111,782,884,293
36,47,39,45,678,757,293
592,393,518,280,954,1023,293
114,115,118,131,802,902,293
46,54,79,58,678,730,293
10,24,18,26,608,658,293
35,51,22,28,661,738,293
99,87,127,97,765,845,293
94,99,118,133,770,875,293
92,84,116,70,781,877,293
13,29,16,37,564,615,293
40,31,20,15,626,683,293
34,52,33,64,622,688,293
69,65,82,63,703,777,293
181,140,142,71,808,917,293
52,55,42,34,663,753,293
51,55,41,43,637,714,293
49,57,70,74,664,748,293
166,173,86,81,747,829,293
55,52,36,40,673,738,293
36,21,38,23,661,728,293
64,39,77,58,696,772,293
341,293,341,297,892,1023,293
120,136,46,90,710,789,293
342,229,429,338,902,1023,293
42,50,63,75,712,784,293
40,46,54,46,618,683,293
74,71,112,81,725,811,294
23,26,16,22,526,623,294
58,58,89,78,709,790,294
78,85,60,88,714,819,294
110,113,147,135,762,857,294
380,284,391,297,885,1016,294
475,373,421,304,925,1023,294
34,37,54,47,688,769,294
268,278,116,147,778,875,294
61,55,124,61,772,880,294
116,99,131,74,776,866,294
10,24,19,31,563,643,294
19,36,1,34,443,453,294
21,26,45,47,593,618,294
15,27,1,29,615,683,294
65,69,87,99,741,828,294
325,219,445,316,935,1023,294
60,70,92,77,704,785,294
37,52,74,96,720,809,294
117,72,112,57,770,863,294
7,23,12,43,418,454,294
10,26,3,21,531,659,294
185,167,151,97,797,895,294
79,85,113,89,756,842,294
35,53,34,38,627,673,295
37,52,38,61,679,742,295
68,79,86,95,722,804,295
358,280,420,324,905,1023,295
56,62,63,63,713,816,295
10,24,18,51,592,619,295
113,117,41,55,735,835,295
25,39,40,67,743,853,295
176,168,210,188,813,928,295
358,236,274,135,878,1003,295
19,30,61,50,645,675,295
166,134,146,109,804,904,295
52,53,118,72,751,836,295
30,48,57,74,670,758,295
13,28,8,50,467,553,295
19,33,28,36,595,641,295
40,49,38,48,592,697,295
7,20,11,26,587,632,295
47,45,57,64,667,727,295
352,149,401,183,882,1002,295
18,22,60,40,648,698,295
182,173,188,160,820,936,295
35,40,36,37,565,655,295
66,76,0,20,661,726,295
21,24,56,37,675,741,295
34,51,25,57,536,598,295
138,148,104,106,770,850,295
9,22,11,32,561,628,295
51,67,73,67,668,746,295
91,98,130,143,752,827,295
113,87,116,84,736,820,295
43,48,82,70,721,796,296
93,99,121,127,765,856,296
80,84,129,123,773,851,296
330,245,247,170,861,985,296
18,24,31,42,610,661,296
94,102,76,84,739,828,296
154,134,201,174,838,950,296
19,20,46,25,644,700,296
104,51,117,40,772,878,296
274,223,329,208,890,1018,296
353,321,228,157,858,973,296
119,58,153,72,787,893,296
55,63,65,60,642,726,296
27,35,75,64,686,755,296
21,26,89,55,696,740,296
467,325,475,272,922,1023,296
96,80,240,204,813,926,296
85,96,33,44,666,760,296
69,82,82,104,687,748,296
120,117,86,73,744,838,296
92,79,113,77,743,831,296
38,56,0,36,566,651,296
60,45,115,54,745,848,296
31,44,68,59,697,764,296
48,59,60,73,641,714,296
49,42,53,47,701,805,296
54,33,167,114,716,816,296
104,100,135,140,778,866,296
70,80,51,48,692,777,296
29,26,70,62,721,808,296
61,59,66,56,700,773,296
189,159,220,156,836,957,296
7,21,4,26,511,593,296
69,54,141,111,768,866,296
14,22,43,34,641,719,296
130,144,30,69,721,794,296
30,33,63,56,677,761,296
24,29,47,41,630,729,296
111,93,207,191,828,937,296
8,21,17,22,569,636,296
201,136,310,220,856,977,297
269,192,396,222,895,1023,297
71,82,128,122,741,839,297
41,41,60,44,688,796,297
195,152,233,160,884,1015,297
33,49,33,63,620,682,297
139,107,127,81,791,891,297
27,39,26,30,595,676,297
87,83,192,166,830,939,297
6,22,0,31,280,420,297
780,453,728,519,1000,1023,297
37,33,59,37,688,770,297
241,231,213,223,827,942,297
10,27,21,41,438,534,297
131,98,124,91,771,862,297
398,226,378,195,880,1018,297
83,85,134,139,758,844,297
46,37,79,44,700,784,297
217,181,261,218,850,980,297
27,33,77,49,681,730,297
13,26,12,26,594,665,297
29,43,30,42,661,754,297
1023,713,1023,531,1023,1023,297
25,28,49,49,628,699,298
297,258,239,206,868,992,298
39,57,7,34,535,631,298
267,200,387,262,887,1020,298
17,22,126,114,727,812,298
15,20,29,31,594,659,298
218,167,152,125,815,920,298
52,69,64,65,710,781,298
91,70,68,39,737,825,298
192,174,189,142,800,910,298
416,318,349,240,899,1023,298
394,200,284,131,859,993,298
52,55,73,76,742,828,298
64,55,127,105,738,817,298
213,142,236,152,834,949,298
32,42,98,86,697,784,298
239,203,330,256,884,1009,298
63,67,55,56,695,768,298
170,100,423,303,899,1023,298
43,51,59,62,713,784,298
557,358,479,271,920,1023,298
211,158,335,224,906,1023,298
32,34,237,199,807,918,298
39,35,71,55,736,814,298
45,61,95,108,715,791,298
6,22,16,48,501,528,298
19,27,88,91,725,816,298
864,753,482,430,963,1023,298
103,73,199,106,809,924,299
192,163,178,173,813,924,299
880,572,703,387,971,1023,299
50,47,85,49,726,821,299
13,28,0,12,459,515,299
166,139,213,129,821,947,299
116,93,189,119,792,899,299
55,59,52,49,709,793,299
48,49,42,52,602,682,299
26,39,26,39,641,698,299
117,108,96,58,744,824,299
5,20,4,17,416,525,299
9,23,3,20,563,625,299
111,113,52,49,744,833,299
16,25,32,37,593,683,299
15,28,33,31,588,619,299
413,258,538,318,965,1023,299
20,33,5,27,552,615,299
68,74,75,90,696,784,299
39,37,51,35,676,771,299
40,32,31,22,635,703,299
30,23,49,40,669,736,299
37,48,22,40,605,712,299
203,155,321,214,858,983,299
30,36,40,43,637,664,299
17,32,0,29,0,497,299
85,76,43,63,686,758,299
362,231,333,241,884,1023,299
45,28,33,38,652,720,299
106,108,49,84,724,833,299
15,22,29,36,504,558,299
16,27,12,25,601,652,299
207,188,202,173,849,972,299
127,62,165,65,792,910,299
22,28,0,19,584,649,299
58,45,105,55,719,804,299
46,42,50,43,682,773,299
319,262,425,335,894,1023,300
18,25,18,41,616,684,300
350,265,309,207,874,1006,300
12,26,0,25,457,499,300
185,114,152,94,819,941,300
42,48,0,12,619,707,300
172,180,87,116,745,845,300
130,101,190,159,812,930,300
43,45,56,56,670,733,300
38,40,36,39,684,754,300
112,124,144,157,720,802,300
40,43,68,62,683,752,300
735,579,576,397,972,1023,300
38,58,0,34,522,528,300
59,62,102,102,725,803,300
82,93,111,101,729,813,300
7,22,2,24,413,480,300
353,350,259,271,839,953,300
232,236,196,169,826,933,300
265,159,437,178,885,1011,300
153,127,204,157,800,924,300
121,121,105,103,726,807,300
8,20,29,32,641,686,301
24,24,54,32,673,743,301
47,44,110,79,721,788,301
68,72,110,128,752,843,301
32,41,55,55,655,708,301
220,218,230,198,832,940,301
294,245,303,208,870,992,301
82,81,121,94,766,862,301
45,47,77,58,691,758,301
76,74,104,91,738,816,301
8,24,0,16,490,434,301
302,217,370,220,877,1000,301
15,30,1,29,521,637,301
46,55,75,86,701,792,301
28,44,24,58,603,672,301
89,79,120,70,762,864,301
226,213,204,166,831,942,301
45,52,108,90,731,812,301
59,60,119,100,761,838,301
172,177,107,138,799,910,302
42,33,46,38,665,740,302
100,82,120,74,763,840,302
30,25,33,29,666,738,302
117,99,138,122,766,865,302
25,24,33,23,627,680,302
279,195,218,145,837,957,302
50,69,54,62,575,677,302
82,94,68,88,700,776,302
204,107,298,114,849,981,302
26,30,59,39,661,720,302
46,33,71,65,646,731,302
596,407,622,377,956,1023,302
35,48,70,83,664,749,302
935,554,1023,699,1023,1023,302
28,37,31,42,644,702,302
18,35,0,39,0,473,302
117,89,136,99,822,928,302
20,21,48,60,619,678,302
90,83,182,170,768,882,302
19,32,4,29,519,557,302
195,183,215,191,807,924,302
21,21,40,42,682,747,302
287,248,322,293,884,1023,302
46,64,6,36,597,629,303
31,49,36,50,609,664,303
133,84,88,46,746,852,303
131,72,100,46,771,868,303
93,101,87,82,747,864,303
40,52,81,85,708,786,303
78,76,110,98,749,848,303
174,70,269,127,831,952,303
9,21,40,40,611,670,303
11,22,47,44,596,677,303
13,31,0,22,523,510,303
75,83,91,112,776,882,303
242,186,246,162,850,983,303
55,60,120,106,741,829,303
59,57,115,85,740,844,303
23,27,57,39,605,676,303
62,68,79,73,698,771,303
78,87,119,119,747,832,303
84,71,124,113,765,851,303
223,156,199,104,826,940,303
30,28,81,44,732,810,303
32,40,60,59,656,716,303
255,237,240,223,834,938,303
29,35,86,57,685,748,303
645,577,439,368,949,1023,303
103,95,171,152,795,902,303
74,63,118,67,756,857,303
13,27,53,48,669,744,303
63,65,103,85,750,842,303
35,35,54,46,697,746,303
857,367,845,306,1020,1023,303
29,28,64,54,659,728,303
64,69,94,76,732,826,303
644,362,646,331,977,1023,303
134,123,158,99,793,891,303
52,68,46,73,636,693,303
97,76,185,106,828,942,303
48,57,58,37,693,776,303
62,57,90,50,734,821,303
16,28,37,54,666,751,303
11,26,40,52,622,670,303
147,146,136,126,790,886,303
125,78,164,107,807,908,303
21,24,39,43,606,699,303
13,25,7,24,591,653,303
7,22,17,42,611,688,303
31,44,67,75,702,775,303
32,49,31,48,630,671,304
65,59,95,67,714,820,304
25,22,64,48,677,728,304
67,68,113,113,780,869,304
469,396,469,362,899,1023,304
23,40,14,48,0,371,304
40,32,111,51,733,830,304
75,68,84,51,763,850,304
144,141,126,104,744,819,304
212,181,217,145,820,946,304
48,54,13,25,625,664,304
157,92,204,94,782,879,304
10,21,44,39,659,727,304
26,34,41,36,613,636,304
31,21,97,55,720,797,304
168,177,112,130,800,909,304
19,32,48,39,629,701,304
320,269,432,355,887,1013,304
255,260,191,208,784,889,304
265,159,432,256,904,1023,304
28,37,60,54,664,735,304
11,26,13,23,573,587,304
35,39,35,41,689,788,304
163,85,182,87,796,896,304
12,26,6,35,472,562,304
40,45,10,35,658,744,304
130,97,135,83,772,875,304
132,115,145,76,769,861,304
20,37,5,32,485,546,305
20,29,62,44,656,735,305
393,281,505,348,919,1023,305
163,127,273,224,843,963,305
36,48,31,43,622,716,305
27,35,76,87,706,783,305
77,69,121,99,788,888,305
27,43,23,57,581,643,305
225,182,309,247,865,999,305
74,67,139,98,771,872,305
279,136,315,169,866,994,305
83,54,156,66,750,842,305
127,99,199,167,819,929,305
248,194,190,118,824,939,305
142,142,190,136,785,891,305
27,39,35,58,644,732,305
10,24,36,52,567,620,305
101,94,80,75,728,838,305
188,172,173,170,820,935,305
189,149,182,150,815,921,305
23,28,30,26,597,654,305
169,133,224,179,817,936,305
27,20,41,22,656,707,305
51,48,63,51,647,725,305
14,22,51,31,660,715,305
307,225,394,284,899,1023,305
29,44,0,25,628,668,305
55,43,80,47,739,821,305
166,102,154,74,817,932,305
34,48,67,77,684,760,305
718,450,433,305,945,1023,305
33,30,43,30,622,690,305
31,43,61,60,657,705,305
263,251,147,136,814,936,305
262,189,229,111,822,938,306
384,264,224,150,854,983,306
102,90,92,79,740,823,306
79,90,43,62,689,787,306
66,55,109,110,748,847,306
68,52,62,45,697,797,306
31,29,13,27,644,710,306
24,22,53,30,656,698,306
117,118,157,140,790,890,306
389,317,262,220,866,984,306
62,75,10,41,612,684,306
215,207,157,127,792,899,306
72,70,161,154,771,873,306
64,44,72,48,711,811,306
28,36,40,47,640,695,306
122,128,132,149,791,893,306
174,153,145,114,800,922,306
211,190,191,154,837,956,306
50,65,23,30,652,692,306
15,27,26,51,574,578,306
23,35,11,24,648,704,306
56,74,82,72,684,754,306
59,58,142,101,754,833,306
19,30,47,57,640,722,306
18,27,26,33,682,725,306
17,29,0,20,584,660,306
28,42,31,58,614,691,306
134,108,204,145,815,921,306
73,93,0,26,677,749,306
257,137,226,170,843,962,306
52,53,82,57,728,795,306
7,22,25,41,593,635,306
23,37,20,54,618,671,306
92,84,127,71,754,854,306
55,66,92,101,716,789,306
59,79,39,75,645,668,306
34,38,27,49,656,708,306
8,21,17,18,590,597,306
100,100,109,105,747,848,306
205,148,354,270,865,991,306
276,226,262,209,878,1012,306
103,57,86,80,754,847,306
25,42,12,45,646,704,306
161,119,222,150,834,952,306
122,114,119,78,747,838,306
50,43,57,39,687,762,306
38,31,20,26,618,714,306
594,433,515,408,938,1023,306
18,30,60,64,665,729,306
129,128,98,97,789,880,306
384,258,454,252,903,1023,306
22,37,40,44,629,649,307
155,92,109,72,785,877,307
132,131,123,110,765,877,307
36,33,60,45,692,739,307
76,71,121,73,750,837,307
73,78,46,77,700,768,307
72,65,138,96,774,872,307
129,143,54,81,729,794,307
104,105,119,100,754,840,307
17,27,51,59,658,721,307
48,64,55,68,638,691,307
25,36,49,56,680,740,307
16,32,20,50,624,662,307
175,169,157,133,821,938,307
11,21,46,62,605,670,307
123,76,180,82,787,900,307
76,71,98,70,757,841,307
34,44,72,83,723,799,307
26,41,21,57,604,662,307
89,77,78,88,705,799,307
18,23,50,24,657,711,307
324,270,315,266,858,986,307
51,42,37,45,609,697,307
22,24,13,21,599,685,307
833,300,878,349,982,1023,308
26,33,17,31,559,614,308
85,66,108,75,770,867,308
36,45,37,61,679,769,308
407,242,475,257,937,1023,308
132,109,101,73,759,869,308
195,129,163,95,806,922,308
488,393,304,193,891,1022,308
27,30,16,37,661,770,308
80,59,18,34,685,762,308
103,80,120,112,746,852,308
136,81,111,99,753,852,308
82,70,237,169,800,916,308
90,62,101,79,747,828,308
145,116,118,74,746,810,308
59,35,109,50,735,840,308
43,45,79,62,682,726,308
58,66,40,69,674,738,308
80,95,0,39,621,685,308
12,23,17,40,546,603,308
171,167,115,121,801,903,308
148,83,189,138,803,915,308
71,74,91,99,754,836,308
45,24,120,50,754,848,308
105,93,101,64,744,828,308
16,24,5,16,631,681,308
437,324,456,344,923,1023,308
56,43,55,45,701,772,308
119,94,205,136,804,910,308
21,26,74,79,702,773,309
101,93,70,47,721,799,309
32,48,70,62,636,694,309
121,134,123,131,756,846,309
18,34,15,35,621,649,309
107,107,167,151,782,869,309
81,54,134,92,751,847,309
125,101,180,125,803,912,309
7,21,0,24,390,339,309
81,69,96,38,760,838,309
150,142,236,207,826,930,309
92,89,124,72,783,880,309
84,69,99,71,772,876,309
9,21,6,19,548,606,309
98,92,188,152,824,925,309
289,230,306,236,886,1011,309
4,20,9,26,522,504,309
10,21,20,39,592,664,309
20,26,40,32,687,761,309
119,116,109,111,742,823,309
31,42,75,77,695,773,309
40,27,50,36,661,714,309
49,45,84,53,767,888,309
29,24,69,47,685,747,309
660,525,602,471,976,1023,309
48,65,18,56,657,730,309
166,91,221,106,839,946,309
11,26,25,41,595,626,309
155,156,133,106,775,860,309
476,378,470,389,929,1023,309
66,56,103,66,747,827,309
244,117,264,129,859,988,309
50,44,103,50,718,799,309
65,43,108,55,746,822,309
143,83,192,75,805,899,309
155,124,247,185,820,925,309
16,30,36,51,618,679,309
159,96,166,76,793,887,309
48,45,75,77,734,802,309
242,106,280,169,854,971,309
38,54,26,55,610,668,309
28,42,23,37,634,678,309
102,49,143,56,791,892,310
94,69,141,93,762,862,310
94,77,170,120,787,878,310
71,62,107,67,751,835,310
37,52,19,52,639,694,310
396,300,392,303,926,1023,310
187,136,246,189,837,947,310
161,144,191,159,803,905,310
35,34,47,58,691,759,310
91,90,113,102,770,868,310
12,29,0,25,492,525,310
94,40,129,84,765,865,310
92,68,115,50,769,863,310
17,23,38,27,621,705,310
194,111,308,126,842,957,310
39,48,35,37,676,748,310
103,56,112,84,730,834,310
25,23,88,55,706,802,310
42,42,110,71,736,818,310
160,152,96,104,737,831,310
43,43,43,42,668,735,310
56,36,94,42,721,791,310
47,57,27,38,676,746,310
44,53,24,45,633,684,310
34,38,50,40,673,735,310
52,34,111,54,720,795,310
80,86,147,137,753,852,310
81,87,141,120,769,849,310
10,21,2,28,631,658,310
137,77,195,79,800,905,310
87,83,132,125,770,887,310
458,292,320,175,894,1023,310
1023,631,1023,579,1023,1023,310
13,29,0,29,452,451,310
101,103,93,86,752,847,310
133,138,141,135,774,870,311
619,455,623,389,959,1023,311
112,67,204,110,815,911,311
103,87,193,160,809,920,311
185,63,239,124,851,996,311
46,34,84,71,732,826,311
12,23,31,37,599,645,311
57,47,75,41,738,828,311
139,140,171,152,800,911,311
10,24,18,17,637,667,311
43,36,86,51,729,805,311
25,29,92,62,718,773,311
148,134,120,117,758,862,311
139,139,81,93,760,856,311
75,82,38,70,684,752,311
12,26,28,37,633,672,311
134,131,208,193,830,933,311
500,341,591,371,948,1023,311
13,26,6,28,438,483,311
196,173,151,144,802,908,311
236,190,231,191,848,962,311
26,42,43,56,635,698,311
133,85,270,180,827,936,311
644,407,921,608,1018,1023,311
21,31,36,39,624,656,312
25,32,46,33,651,712,312
73,86,92,106,728,807,312
33,44,44,40,653,709,312
33,30,38,44,610,699,312
22,38,15,34,588,630,312
39,33,81,45,730,791,312
27,23,52,51,682,730,312
40,53,60,77,676,723,312
113,123,108,91,774,878,312
78,94,86,111,701,775,312
75,80,101,97,735,804,312
40,51,79,79,725,801,312
96,48,137,59,758,845,312
13,27,16,41,622,657,312
39,44,102,95,695,774,312
128,125,154,137,784,884,312
77,50,154,55,780,862,312
23,39,4,41,499,537,312
407,334,406,329,928,1023,312
277,132,224,129,829,942,312
202,144,374,233,896,1015,312
67,65,106,87,747,825,312
94,87,223,178,809,917,312
76,80,146,103,745,815,312
118,91,82,73,769,855,312
49,60,122,111,749,830,312
679,510,473,286,943,1023,312
51,50,58,46,698,751,312
36,36,66,65,679,752,312
93,73,108,55,740,812,312
92,71,152,77,786,877,313
907,664,670,447,964,1023,313
35,52,12,41,624,672,313
105,61,123,65,744,833,313
108,98,124,92,755,855,313
377,308,311,255,895,1023,313
44,45,31,19,702,757,313
371,262,435,334,932,1023,313
11,21,37,57,613,675,313
91,67,129,78,774,883,313
259,137,266,121,857,983,313
70,69,106,84,739,822,313
311,145,320,141,880,1011,313
242,194,216,144,872,997,313
32,38,18,44,653,705,313
21,34,36,31,632,670,313
39,39,102,98,741,819,313
409,318,390,297,899,1023,313
142,131,95,86,757,856,313
50,51,33,50,703,768,313
35,25,63,45,699,769,313
22,37,24,50,608,669,313
27,40,48,44,672,741,313
130,100,87,73,756,847,314
40,21,67,42,689,772,314
204,135,111,70,798,905,314
13,23,48,45,653,720,314
142,137,130,116,789,898,314
76,72,77,94,741,815,314
49,51,48,51,649,734,314
55,64,19,36,640,676,314
34,34,34,41,659,725,314
41,53,69,77,698,756,314
373,273,312,220,934,1023,314
332,203,329,192,879,1019,314
376,245,381,247,921,1023,314
808,502,758,531,1002,1023,314
97,77,123,108,783,872,314
21,30,72,56,683,744,314
56,44,77,58,700,778,314
189,152,137,90,801,911,314
146,82,152,56,811,924,314
863,476,1014,487,1013,1023,314
76,61,105,62,766,870,314
665,292,571,196,937,1023,314
21,34,48,61,704,773,314
56,64,79,90,761,855,314
57,34,83,31,747,834,315
32,38,34,32,647,688,315
155,138,160,107,795,890,315
35,43,56,48,701,770,315
49,44,73,61,750,832,315
39,49,79,82,670,714,315
438,243,537,240,940,1023,315
665,251,736,256,967,1023,315
42,49,62,53,711,768,315
162,132,235,165,829,945,315
1015,623,808,456,1018,1023,315
161,162,141,154,784,873,315
16,28,19,28,601,660,315
47,38,81,52,722,785,315
27,33,73,55,623,655,315
152,89,115,64,790,882,315
32,49,0,38,381,313,315
60,60,43,31,719,781,315
59,65,50,30,695,764,315
158,155,164,144,784,892,315
40,47,96,83,729,800,315
102,98,87,82,692,770,315
26,28,34,23,636,721,315
185,111,204,84,819,930,315
20,24,48,37,645,686,315
610,375,563,347,969,1023,315
15,24,17,31,597,608,315
39,32,86,55,704,762,315
17,33,32,47,579,652,315
65,61,126,69,777,861,316
1023,527,1023,500,1023,1023,316
8,24,6,39,522,562,316
25,42,31,43,649,687,316
116,96,115,98,767,858,316
107,77,220,120,838,964,316
55,43,56,50,716,800,316
355,307,315,276,881,1014,316
36,50,30,43,605,715,316
160,126,179,128,802,918,316
20,28,23,43,605,671,316
11,24,14,36,535,559,316
55,57,86,89,726,808,316
37,47,63,58,660,751,316
182,184,153,120,798,900,316
1023,1021,1018,729,1023,1023,316
22,28,49,52,674,725,316
396,269,379,220,903,1023,316
16,22,51,68,623,693,316
31,39,48,55,672,712,316
62,68,73,88,675,766,316
52,57,52,45,742,832,316
21,33,20,46,562,631,316
127,108,112,88,802,902,316
29,33,60,40,674,717,316
176,75,225,85,828,932,316
225,164,250,151,850,972,316
181,82,214,113,853,975,316
114,117,83,98,757,850,316
124,76,192,91,831,961,316
14,24,10,34,520,598,316
28,34,40,40,656,717,316
17,26,36,45,658,721,316
25,39,11,37,562,577,316
41,34,107,80,716,796,316
46,44,52,54,700,775,316
27,21,132,84,742,827,316
372,330,280,260,880,1011,316
262,240,180,152,844,953,316
39,43,66,52,688,760,316
16,22,11,37,553,632,316
180,161,213,191,873,1008,316
201,188,152,151,773,869,316
303,189,316,199,881,1015,317
774,535,692,511,995,1023,317
34,46,70,73,687,755,317
16,23,20,33,624,653,317
297,228,411,298,883,1023,317
43,44,59,48,716,792,317
395,340,256,212,864,983,317
32,24,46,40,658,737,317
55,52,89,50,728,805,317
45,54,60,70,700,758,317
149,114,183,121,811,915,317
114,86,121,57,784,887,317
64,76,65,89,692,757,317
117,61,216,93,826,934,317
221,173,270,201,863,987,317
14,30,42,61,635,682,317
16,31,23,38,517,590,317
105,51,187,127,794,880,317
117,123,68,84,766,856,317
42,52,79,65,691,741,317
44,40,100,58,727,786,317
127,100,198,135,802,897,317
7,23,0,8,407,261,318
41,39,87,50,699,763,318
64,60,138,87,754,834,318
75,83,111,134,744,814,318
129,81,109,44,778,888,318
35,48,40,66,682,742,318
35,32,69,37,707,769,318
20,27,28,31,577,657,318
104,104,122,125,785,898,318
149,140,205,188,839,949,318
18,28,45,43,619,675,318
464,390,343,307,901,1023,318
21,27,19,32,575,597,318
23,31,12,32,600,606,318
155,106,160,83,809,912,318
9,23,0,19,501,582,318
175,111,213,128,812,914,318
25,29,67,57,684,731,318
188,157,196,148,821,925,318
17,21,28,33,611,627,318
30,41,58,47,645,697,318
33,44,58,68,703,785,318
26,38,23,40,578,606,318
5,20,0,32,278,0,318
344,317,239,207,878,1005,318
24,40,16,35,527,572,318
235,177,215,167,831,945,318
108,112,90,112,735,822,318
46,45,63,49,671,721,319
63,77,25,66,701,777,319
82,55,155,82,767,853,319
24,31,40,38,637,709,319
298,287,248,238,868,981,319
39,44,109,100,767,856,319
158,140,237,179,827,927,319
51,43,93,76,736,815,319
30,43,62,78,695,745,319
24,28,53,54,645,736,319
27,26,51,32,654,708,319
77,84,51,78,692,770,319
387,316,337,212,884,1013,319
64,70,76,90,740,834,319
114,112,211,187,790,875,319
21,22,44,41,655,699,319
47,46,54,34,666,726,319
12,28,0,6,548,583,319
167,104,187,128,829,932,319
258,142,352,203,872,996,319
50,51,84,82,722,792,319
34,37,88,70,760,853,319
10,22,0,23,539,595,319
60,56,125,109,764,862,319
16,22,22,25,647,701,319
48,47,40,57,699,776,319
44,46,73,66,682,752,319
56,40,74,39,724,820,319
195,186,158,152,799,910,319
122,111,129,107,756,849,319
485,241,366,179,912,1023,319
156,57,228,90,819,932,319
565,371,380,229,917,1023,319
19,33,37,40,639,723,319
157,162,61,74,728,822,319
346,161,335,192,872,1008,319
124,120,147,134,778,857,319
55,54,67,68,691,762,319
42,33,74,42,693,770,319
25,35,18,28,653,643,319
211,106,238,88,826,944,319
79,84,117,94,754,838,320
247,132,176,78,853,983,320
13,24,17,42,547,616,320
93,75,122,105,770,861,320
174,79,270,126,849,974,320
55,68,51,54,714,801,320
165,85,312,160,848,968,320
76,86,76,114,741,833,320
52,66,25,57,662,715,320
38,37,86,68,736,804,320
144,128,205,185,817,924,320
77,81,143,114,739,819,320
20,27,23,46,629,679,320
25,40,26,63,614,675,320
24,31,54,49,663,701,320
31,22,58,33,692,754,320
26,34,62,65,655,702,320
23,29,39,28,679,728,320
8,23,0,21,420,268,320
43,42,80,58,721,809,320
65,70,68,68,715,798,320
100,98,143,136,805,898,320
945,506,893,542,1023,1023,320
294,254,250,202,878,1002,320
96,56,77,60,746,842,320
20,26,1,23,614,611,320
245,144,232,106,823,913,320
52,43,84,63,722,784,320
504,282,441,194,924,1023,320
49,63,20,49,695,751,321
74,74,99,70,762,828,321
89,96,100,100,720,798,321
77,78,126,123,777,861,321
75,68,201,155,829,946,321
43,41,44,43,682,737,321
184,167,186,163,839,949,321
103,113,118,107,768,880,321
248,115,239,108,854,970,321
32,40,41,46,701,745,321
50,44,58,52,734,808,321
184,151,258,209,855,984,321
50,41,72,59,691,757,321
58,68,80,63,743,809,321
7,20,18,47,574,566,321
27,43,43,60,604,636,321
12,23,44,43,654,704,321
20,34,21,56,629,667,321
39,29,67,39,725,804,321
63,51,108,53,742,818,321
152,145,145,96,786,876,321
95,90,81,80,761,862,321
30,25,70,47,700,784,321
134,90,140,74,786,873,321
21,35,14,30,630,656,321
40,56,30,62,663,718,321
1023,1021,1023,509,1023,1023,321
70,53,137,52,748,831,321
12,23,13,32,641,684,321
647,264,757,290,961,1023,321
50,62,60,56,680,738,321
17,30,17,20,637,672,322
14,20,40,34,643,678,322
207,112,248,147,848,969,322
125,99,144,114,784,878,322
103,65,160,83,767,868,322
69,63,130,110,746,833,322
53,41,60,55,680,756,322
48,46,92,83,728,822,322
93,89,67,63,681,766,322
174,157,206,203,816,926,322
44,44,44,44,624,686,322
1023,468,1023,523,1023,1023,322
23,32,0,29,566,623,322
121,100,114,121,759,853,322
35,49,23,47,561,579,322
386,264,485,343,939,1023,322
847,500,686,278,964,1023,322
101,87,125,106,746,841,322
188,125,263,159,831,954,322
61,72,50,69,644,719,322
100,111,70,91,730,811,322
21,20,27,36,609,696,322
865,602,766,526,1023,1023,322
60,57,58,57,646,726,322
19,29,29,33,596,625,322
88,79,118,98,766,863,322
10,20,21,17,629,694,322
32,44,55,61,696,771,322
20,29,68,63,655,725,322
102,98,128,108,773,852,322
29,28,62,33,701,758,322
148,135,141,113,765,868,322
7,20,21,47,515,570,322
61,69,74,68,691,756,322
11,25,2,17,613,634,322
68,74,48,64,725,782,323
325,290,156,154,836,938,323
69,56,86,45,765,839,323
558,383,463,283,937,1023,323
274,264,234,198,844,958,323
181,116,367,238,877,1000,323
80,69,120,87,771,863,323
47,36,95,72,761,847,323
143,152,106,117,768,853,323
80,90,71,54,706,784,323
49,56,71,86,708,765,323
191,139,245,150,830,942,323
21,22,50,40,652,681,323
194,168,220,169,852,966,323
348,205,390,217,900,1023,323
250,206,268,201,838,961,323
101,70,109,73,767,854,323
280,221,307,216,884,1004,323
226,175,212,151,831,939,323
139,78,93,67,786,876,323
62,54,107,80,752,843,323
55,63,71,82,729,814,323
361,214,431,242,924,1023,323
68,83,24,46,612,662,323
165,140,206,142,827,924,323
203,163,225,138,814,913,323
8,20,18,40,621,643,324
46,45,52,49,727,790,324
207,157,159,124,847,950,324
452,368,417,318,924,1023,324
15,23,41,40,611,676,324
14,30,0,26,0,498,324
83,72,132,119,780,883,324
144,79,167,101,802,913,324
95,107,81,111,727,803,324
57,66,49,59,693,755,324
382,336,373,333,909,1023,324
51,37,117,82,742,832,324
58,76,23,57,602,663,324
26,34,75,55,674,736,324
1023,699,917,573,1023,1023,324
59,58,83,88,715,802,324
168,80,238,107,858,980,324
52,34,58,39,726,798,324
33,37,40,33,683,725,324
269,131,381,262,868,997,324
63,70,103,94,728,807,324
12,21,17,34,576,591,324
42,26,39,33,699,771,324
12,26,3,32,521,500,324
78,67,102,100,749,835,324
35,39,17,17,653,720,325
318,197,349,215,888,1019,325
256,210,236,186,830,945,325
17,27,69,54,696,759,325
252,119,330,171,887,1021,325
198,169,207,173,807,921,325
102,79,92,89,768,869,325
265,130,360,220,873,1005,325
36,39,64,62,662,736,325
91,79,115,76,743,845,325
86,70,113,91,746,837,325
81,80,143,138,752,853,325
20,35,0,26,526,489,325
464,335,400,276,882,1013,325
45,44,66,52,707,761,325
47,56,49,49,672,734,325
85,72,46,31,727,796,325
35,39,22,32,636,690,325
491,305,456,329,928,1023,325
35,50,7,38,709,793,325
48,34,29,25,645,716,325
32,28,40,30,630,688,325
67,54,211,123,793,892,325
49,57,42,33,646,695,325
138,117,184,119,820,933,325
14,23,46,40,652,717,325
70,61,70,72,761,852,325
35,37,62,57,664,706,325
28,27,42,50,629,666,325
94,61,151,87,800,898,325
9,22,35,56,632,721,325
76,69,115,70,749,828,325
68,79,88,87,737,805,325
198,131,205,112,793,891,325
63,46,129,68,759,838,325
26,22,55,42,680,752,326
169,166,157,178,811,905,326
27,41,30,56,629,677,326
308,199,283,167,864,982,326
99,57,146,62,773,879,326
29,24,63,56,665,720,326
76,38,122,45,755,845,326
146,102,210,116,792,893,326
18,32,17,39,571,623,326
270,114,270,73,865,982,326
19,30,86,83,637,687,326
25,36,54,65,660,731,326
166,165,94,70,762,859,326
115,99,215,132,809,903,326
25,35,84,73,695,752,326
24,27,132,102,741,832,326
31,29,52,36,689,737,326
57,32,112,51,758,830,326
51,51,54,55,697,761,326
49,41,54,39,719,793,326
102,111,119,139,724,785,326
97,101,112,96,743,831,326
23,36,3,30,652,701,326
51,33,111,90,756,846,326
147,134,149,143,808,912,326
134,139,149,120,794,887,326
365,214,632,419,957,1023,326
36,53,19,44,547,552,326
19,36,0,32,529,578,326
11,25,0,24,491,487,327
24,36,30,56,676,719,327
289,206,262,192,880,1003,327
28,26,54,37,667,733,327
145,141,154,132,770,866,327
28,33,69,38,695,758,327
41,37,90,63,709,793,327
156,153,178,163,825,938,327
229,178,293,222,858,980,327
15,20,86,72,701,759,327
61,77,31,49,692,767,327
24,30,30,23,625,668,327
605,263,642,285,946,1023,327
1023,604,1023,505,1023,1023,327
62,61,33,38,706,778,327
12,26,22,37,614,637,327
161,112,143,94,811,920,327
30,42,34,40,676,746,327
22,38,0,21,563,576,327
48,53,96,83,736,821,327
55,68,70,63,726,791,327
156,136,149,109,795,901,327
86,67,212,122,816,935,327
25,38,27,56,579,611,327
56,57,99,101,721,818,327
224,115,253,140,844,967,328
228,177,192,136,876,1023,328
45,34,61,37,705,771,328
126,80,153,86,787,884,328
20,28,47,39,659,716,328
21,30,13,25,599,629,328
40,23,87,38,709,772,328
10,22,0,26,498,477,328
44,30,88,42,724,801,328
34,41,46,38,687,772,328
32,30,51,38,704,768,328
67,61,107,59,739,827,328
16,25,14,28,559,609,328
186,155,297,239,859,987,328
242,136,304,150,852,975,328
34,45,28,26,618,666,328
40,38,89,80,729,806,328
79,49,102,54,755,838,328
57,32,96,46,715,810,328
141,123,212,211,842,964,328
18,33,24,25,622,704,328
426,249,444,238,896,1023,328
36,40,29,45,626,666,328
303,159,220,116,839,944,328
35,40,49,38,652,689,328
199,157,176,143,823,941,328
174,105,266,150,860,980,328
21,20,47,28,625,658,328
66,65,35,42,652,714,328
135,124,110,112,772,869,328
87,78,70,61,701,782,328
15,30,5,17,608,623,328
84,62,91,62,750,834,328
50,41,92,48,757,848,328
29,43,54,84,668,718,328
23,29,51,48,680,734,329
13,26,21,51,580,624,329
15,25,53,55,683,732,329
99,106,106,93,769,849,329
91,76,134,102,779,869,329
352,216,227,150,867,983,329
45,44,50,65,755,812,329
425,316,545,404,947,1023,329
153,130,224,176,836,940,329
128,116,230,155,815,910,329
21,38,0,13,431,527,329
166,156,125,114,818,922,329
7,22,0,25,168,0,329
126,90,257,134,827,937,329
43,57,1,25,611,650,329
114,128,82,109,724,791,329
10,26,19,31,575,622,329
56,58,98,97,713,789,329
82,89,107,116,774,891,329
60,74,75,97,675,746,329
169,134,340,247,887,1016,329
274,180,328,144,863,990,329
374,225,237,123,884,1015,329
140,105,155,86,791,890,329
453,303,390,234,895,1021,329
113,117,74,98,743,833,329
32,39,21,31,642,703,330
6,20,6,30,308,436,330
28,23,70,32,668,715,330
189,189,134,164,790,889,330
205,213,98,125,749,835,330
132,125,110,123,763,846,330
23,26,0,8,536,544,330
136,70,123,83,771,863,330
106,92,83,79,722,801,330
413,210,345,210,920,1023,330
79,45,97,45,729,828,330
333,231,279,177,858,983,330
133,73,117,65,784,888,330
9,22,0,17,511,472,330
32,25,30,34,669,719,330
199,146,144,76,790,893,330
39,52,54,84,632,677,330
55,60,69,50,710,782,330
35,22,93,71,720,785,330
56,61,23,31,692,758,330
88,70,92,69,741,826,330
113,95,128,103,779,892,330
134,124,84,76,757,852,330
25,25,45,34,648,698,330
47,47,70,65,688,757,330
30,42,20,33,550,605,330
34,23,111,96,711,798,331
125,80,157,76,771,878,331
317,106,463,226,908,1023,331
37,38,65,59,688,762,331
24,20,28,26,634,704,331
120,71,203,124,818,937,331
275,176,452,297,888,1016,331
1023,994,1023,617,1023,1023,331
212,122,196,85,821,931,331
44,57,5,32,586,567,331
147,129,143,100,804,903,331
55,49,93,65,712,810,331
68,81,45,62,697,769,331
940,530,857,424,999,1023,331
998,631,905,646,1023,1023,331
192,159,243,175,851,969,331
289,199,336,212,881,1019,331
71,71,174,159,767,858,331
80,75,97,103,766,853,331
82,91,91,61,720,780,331
153,127,195,135,817,935,331
116,97,157,121,775,872,331
117,106,114,125,808,906,331
31,34,132,92,782,874,331
189,158,197,185,838,955,332
21,29,44,56,652,714,332
24,36,60,79,669,712,332
509,224,542,200,929,1023,332
28,45,14,47,475,428,332
53,59,130,116,772,863,332
202,190,155,155,836,941,332
43,38,84,33,685,735,332
97,99,154,152,777,865,332
85,61,146,117,778,869,332
48,56,52,61,715,776,332
101,87,106,79,763,852,332
91,96,61,77,688,772,332
71,72,63,46,696,751,332
14,27,11,42,607,672,332
58,62,69,70,701,783,332
102,82,115,76,738,830,332
102,84,143,73,752,829,332
99,100,150,102,760,854,332
137,101,179,89,809,901,332
13,29,27,53,594,643,332
37,48,70,87,716,789,332
941,564,775,544,1023,1023,332
859,449,790,547,1010,1023,332
18,23,60,57,688,748,332
57,64,87,82,745,830,332
189,173,91,75,751,840,332
98,74,163,79,830,929,332
68,63,82,36,742,814,332
282,226,249,155,858,973,332
30,30,100,82,753,874,332
44,40,121,58,754,836,332
40,27,126,58,745,839,332
86,73,109,69,767,868,332
35,42,46,60,655,704,332
267,198,354,232,886,1002,332
346,330,227,243,850,963,332
255,242,214,218,851,960,332
170,100,154,78,812,916,332
46,36,108,54,766,844,332
176,169,108,96,807,913,332
29,44,0,29,573,569,332
14,28,22,41,632,665,332
554,301,658,296,972,1023,332
583,247,464,239,944,1023,332
103,89,98,69,767,834,332
114,92,116,68,781,888,333
43,45,68,69,697,784,333
44,56,18,48,629,713,333
45,46,111,63,755,851,333
314,293,245,260,849,966,333
154,93,200,112,817,916,333
11,25,21,38,581,610,333
1023,690,1023,797,1023,1023,333
590,382,610,390,968,1023,333
32,44,0,34,586,654,333
16,24,19,35,584,579,333
230,139,193,132,827,937,333
22,22,18,26,628,691,333
181,165,182,131,788,887,333
14,24,6,18,535,622,333
14,21,13,14,595,653,333
26,42,0,28,518,515,333
69,80,46,51,704,792,333
184,115,189,101,833,960,333
22,21,28,42,645,709,333
60,46,42,41,663,726,333
70,62,87,65,694,771,333
34,31,8,16,615,633,333
95,72,192,130,799,903,333
253,194,174,121,817,923,333
32,47,2,33,523,546,334
26,22,34,28,636,708,334
109,85,87,68,752,852,334
20,31,18,45,625,656,334
168,63,181,67,773,884,334
19,35,13,39,573,643,334
219,194,180,154,812,919,334
57,55,68,57,691,764,334
73,66,72,54,702,792,334
97,105,77,67,717,794,334
27,31,48,34,637,706,334
196,148,249,167,834,940,334
24,39,39,51,631,664,334
28,35,55,56,669,720,334
59,57,91,103,784,871,334
805,508,879,587,1023,1023,334
68,56,112,84,740,818,334
148,112,156,116,788,888,334
52,64,56,71,654,725,334
408,290,405,275,919,1023,334
25,40,23,43,637,696,334
97,105,28,48,720,780,334
48,47,40,50,704,752,334
262,234,298,240,862,981,334
129,68,177,70,805,902,334
29,35,35,53,592,619,334
402,287,367,209,894,1021,335
44,37,57,50,634,681,335
51,51,38,45,644,705,335
34,40,0,17,602,618,335
189,146,203,159,818,926,335
24,29,46,51,667,732,335
101,104,121,139,759,851,335
314,160,470,171,918,1023,335
22,24,66,45,724,791,335
82,76,181,127,795,878,335
16,21,37,44,649,692,335
18,21,35,40,640,701,335
39,56,19,58,639,686,335
31,31,46,44,647,700,335
126,115,178,166,812,903,335
96,35,205,69,806,908,335
36,29,81,46,704,770,335
20,27,25,25,602,586,335
37,45,109,105,732,819,335
9,20,0,11,507,529,335
47,58,21,60,665,749,335
9,21,12,36,593,641,335
101,110,77,103,751,858,335
460,434,291,311,867,978,335
279,172,207,120,844,964,335
9,20,30,30,555,628,335
40,35,151,107,782,875,335
211,143,250,190,837,949,335
42,53,77,96,694,744,335
95,86,169,142,782,872,335
282,278,196,203,822,937,335
161,159,123,130,799,909,335
52,61,66,90,667,740,335
70,80,71,82,688,743,335
43,31,67,31,701,752,335
131,117,102,86,791,897,335
30,32,116,102,757,848,335
69,76,105,101,733,815,335
472,343,653,445,969,1023,335
11,20,15,25,586,651,336
36,44,12,33,611,715,336
30,29,39,37,639,692,336
45,42,61,43,708,790,336
15,26,0,19,514,582,336
30,35,101,92,721,787,336
15,23,19,31,625,667,336
9,23,36,46,626,681,336
160,143,124,104,814,912,336
247,79,174,73,818,930,336
224,228,194,187,791,880,336
517,428,490,407,944,1023,336
78,45,144,76,768,875,336
86,77,91,65,750,845,336
22,32,5,30,569,624,336
53,51,65,47,699,755,336
12,23,35,46,607,633,336
21,27,61,64,686,776,336
84,64,132,103,760,860,336
53,49,48,43,678,753,336
192,175,109,100,813,930,336
10,21,17,35,583,617,336
639,268,784,295,975,1023,336
110,95,152,114,800,909,336
40,37,69,35,705,780,336
27,34,37,47,655,694,336
131,109,112,98,766,854,337
393,292,379,252,896,1020,337
21,29,35,30,667,705,337
86,101,63,72,685,747,337
17,25,46,44,630,684,337
29,34,50,57,677,741,337
16,26,23,30,590,630,337
455,366,504,330,926,1023,337
6,20,15,22,597,616,337
15,28,16,35,591,650,337
260,115,308,100,878,1012,337
53,47,121,74,757,833,337
44,44,98,80,730,793,337
7,21,0,19,0,326,337
82,30,89,37,742,826,337
36,37,83,53,676,728,337
298,180,333,207,893,1015,337
14,29,0,27,520,559,337
38,47,55,83,708,780,337
220,223,177,180,809,903,337
119,67,191,131,802,896,337
13,27,15,19,535,574,338
45,58,25,58,666,731,338
22,28,49,37,656,684,338
54,60,52,54,705,763,338
89,68,125,124,754,828,338
221,164,255,129,830,937,338
27,36,49,52,644,689,338
97,87,138,86,792,879,338
96,106,68,75,721,797,338
40,34,74,33,700,769,338
9,23,2,28,613,625,338
160,55,276,77,822,927,338
30,37,72,73,682,740,338
38,40,72,72,690,763,338
262,121,369,162,892,1022,338
37,45,46,67,699,756,338
523,213,554,198,937,1023,338
26,35,35,33,679,751,338
86,84,107,83,724,805,338
179,181,152,143,762,853,338
380,248,405,255,916,1023,338
7,21,2,30,490,511,338
46,60,40,59,652,703,338
10,22,16,36,543,577,338
335,221,314,237,872,992,338
21,32,12,33,633,712,338
43,55,73,65,678,725,338
60,68,65,75,716,803,338
30,24,64,31,678,756,338
100,74,152,74,767,854,338
48,61,32,50,655,731,338
43,37,53,31,688,747,338
43,22,84,33,712,784,338
11,23,22,49,542,557,338
1023,781,1002,488,1023,1023,338
58,66,121,127,753,838,339
54,60,33,57,663,709,339
55,50,81,67,678,742,339
16,30,0,19,560,599,339
59,53,73,64,724,801,339
146,85,260,191,840,965,339
47,55,47,76,652,728,339
202,162,275,254,852,977,339
660,474,775,532,993,1023,339
36,27,61,46,678,755,339
62,54,127,88,753,854,339
62,52,69,55,711,797,339
65,55,33,44,678,747,339
73,72,25,24,691,778,339
101,88,105,73,726,809,339
498,396,330,231,908,1023,339
48,58,34,54,703,761,339
61,64,18,32,674,730,339
14,21,36,35,606,665,339
8,23,0,19,391,308,339
101,103,85,46,738,841,339
459,287,565,363,924,1023,339
129,138,100,125,752,846,339
476,288,515,285,934,1023,339
73,67,81,58,728,802,339
146,129,115,108,778,867,339
41,51,32,59,680,748,339
52,49,78,78,707,771,339
36,44,51,49,658,720,339
19,22,68,44,656,691,339
28,25,42,50,653,719,339
51,50,77,58,647,699,340
129,134,78,86,734,810,340
785,599,614,475,974,1023,340
156,104,187,115,819,928,340
220,209,167,150,807,906,340
814,547,718,440,996,1023,340
192,132,202,137,831,946,340
98,98,130,122,749,826,340
269,96,288,130,870,994,340
213,191,293,217,849,969,340
21,31,19,33,624,685,340
55,60,40,42,705,771,340
94,101,73,74,744,812,340
164,133,140,129,784,885,340
140,68,144,69,817,909,340
172,148,172,136,818,911,340
173,109,170,136,807,906,340
59,61,92,53,738,806,340
16,31,33,50,615,655,341
10,22,7,28,632,684,341
48,55,96,89,747,827,341
69,64,85,77,709,772,341
371,314,312,231,885,1010,341
168,148,179,148,849,961,341
92,81,99,52,736,823,341
481,400,375,308,920,1023,341
101,92,117,82,766,875,341
11,24,24,41,581,589,341
222,151,238,145,834,952,341
72,89,0,25,593,622,341
363,232,460,240,923,1023,341
43,58,36,59,641,684,341
55,51,45,28,675,751,341
60,63,51,51,709,755,341
17,33,2,33,470,329,341
14,26,43,44,658,709,341
57,38,112,49,747,835,341
116,73,235,127,827,939,341
222,143,355,259,876,995,341
126,81,91,90,771,855,341
63,59,86,70,746,817,341
96,89,164,128,803,910,341
243,162,247,126,835,939,341
307,190,244,152,871,1004,341
86,96,78,82,692,767,341
50,58,58,58,708,767,341
33,39,60,57,651,697,341
474,288,573,434,943,1023,341
65,59,97,83,748,853,341
14,30,10,33,544,596,341
401,338,268,211,861,986,341
43,38,48,31,689,767,341
12,24,1,21,529,603,342
249,192,197,117,820,933,342
11,26,0,23,270,500,342
1023,458,847,350,1016,1023,342
34,42,42,46,696,767,342
15,30,38,32,652,695,342
19,34,16,39,654,691,342
40,53,12,30,645,714,342
194,97,289,114,883,1011,342
60,59,40,33,707,779,342
31,46,1,31,573,612,342
111,75,94,56,758,847,342
68,75,103,96,729,793,342
36,49,36,43,627,665,342
92,65,68,41,743,825,342
345,231,330,251,905,1023,342
216,108,257,119,829,940,342
34,26,107,56,704,785,343
50,34,84,54,710,782,343
31,20,39,29,669,733,343
289,239,363,300,896,1023,343
42,38,40,30,671,732,343
325,242,344,271,895,1018,343
364,215,376,261,906,1023,343
39,47,20,46,614,699,343
42,39,27,22,677,735,343
52,47,59,54,702,759,343
268,101,454,213,903,1023,343
286,97,232,113,851,967,343
93,79,107,78,735,823,343
63,55,35,29,661,700,343
93,71,113,48,735,815,343
46,45,74,66,718,794,343
44,35,80,72,722,804,343
35,51,10,29,568,592,343
114,114,118,103,833,976,343
14,27,15,38,470,447,343
210,140,219,138,834,937,343
71,57,271,214,834,943,343
55,47,85,53,735,831,343
89,95,49,58,689,759,343
45,31,105,50,725,794,343
123,136,64,82,690,757,343
67,66,74,60,704,781,344
22,31,56,63,709,775,344
276,226,357,262,878,996,344
315,256,437,319,899,1021,344
10,20,40,23,622,645,344
23,33,14,36,534,614,344
35,47,50,78,657,708,344
46,36,59,28,686,759,344
64,77,54,68,710,784,344
25,38,47,53,640,680,344
53,45,48,48,695,759,344
60,56,18,27,678,753,344
467,386,361,245,897,1023,344
28,22,14,21,640,693,344
125,66,142,71,778,870,344
19,27,50,40,614,684,344
60,43,122,55,750,825,344
26,26,85,59,716,789,345
28,39,54,69,651,709,345
33,47,40,63,681,741,345
17,29,44,47,641,707,345
177,176,135,139,800,906,345
67,42,97,51,725,822,345
65,56,72,70,728,802,345
23,37,12,25,586,644,345
63,75,93,117,702,760,345
338,278,290,218,897,1023,345
130,79,149,85,809,904,345
23,27,73,62,689,764,345
109,108,130,145,801,906,345
52,61,64,66,727,820,345
93,107,45,86,693,755,345
74,78,130,133,771,873,345
17,25,30,29,640,693,345
52,64,51,80,671,735,345
52,46,65,60,674,742,345
7,20,1,18,531,548,345
65,77,69,71,714,791,345
91,96,86,102,729,830,345
338,174,372,174,898,1023,345
99,82,207,147,805,912,345
18,28,38,33,679,744,345
132,134,157,177,784,886,345
40,52,125,113,756,847,345
74,79,80,61,717,799,345
20,22,34,32,600,667,345
114,51,163,91,742,822,345
91,104,68,103,706,787,345
12,22,51,53,678,746,345
25,27,24,29,642,692,345
122,117,149,115,821,946,345
65,62,106,101,750,828,345
49,32,75,55,702,788,345
561,406,485,301,944,1023,345
694,422,583,255,960,1023,345
105,115,83,73,683,754,345
47,54,90,49,734,815,345
403,212,321,142,908,1023,345
49,45,46,41,637,696,345
16,23,29,42,592,625,346
65,70,73,91,690,763,346
23,25,49,44,628,671,346
1023,707,1023,657,1023,1023,346
15,21,49,46,681,740,346
230,177,212,151,821,927,346
17,24,11,35,555,595,346
44,39,37,43,619,637,346
46,40,48,46,659,702,346
78,46,62,53,746,833,346
46,60,24,55,607,633,346
124,97,206,165,826,944,346
58,41,87,42,719,796,346
61,70,55,58,722,806,346
9,20,42,53,674,713,346
27,41,18,43,567,608,346
34,36,71,61,710,789,346
38,44,35,55,606,619,346
96,109,41,79,705,775,346
530,474,345,296,918,1023,346
92,105,110,127,717,798,346
35,42,58,42,719,791,346
53,59,25,41,676,747,346
60,37,145,67,766,860,346
431,313,399,275,909,1023,346
271,262,268,224,839,953,346
10,22,0,15,553,601,347
126,109,239,207,852,969,347
38,45,30,43,618,656,347
69,78,27,39,704,765,347
39,44,64,57,697,779,347
833,502,790,485,979,1023,347
145,112,232,139,814,923,347
95,95,130,114,756,826,347
756,522,697,501,991,1023,347
164,151,181,149,797,900,347
43,49,54,57,710,776,347
82,77,88,84,714,808,347
12,22,22,28,503,411,347
292,178,169,100,806,930,347
28,34,55,38,696,792,347
202,117,242,125,840,947,347
21,25,41,38,623,670,347
275,211,329,230,857,990,347
27,35,5,29,555,626,347
1023,1021,1023,754,1023,1023,347
28,33,37,26,622,690,347
158,144,139,127,784,876,347
40,29,66,50,704,780,347
31,36,35,66,643,723,347
91,86,77,83,743,834,347
86,78,146,125,771,861,348
68,71,111,94,732,823,348
70,68,156,129,802,910,348
16,30,9,43,578,632,348
88,95,133,130,766,859,348
18,33,10,35,540,583,348
37,50,24,35,622,703,348
54,62,66,67,706,801,348
151,100,153,105,799,890,348
128,135,94,99,764,862,348
61,52,86,52,704,779,348
254,203,187,114,825,938,348
330,248,341,221,903,1023,348
245,223,240,174,820,925,348
59,70,46,66,704,759,348
37,23,19,21,612,692,348
31,44,28,47,669,715,348
160,117,62,60,742,829,348
59,66,90,56,712,782,348
282,224,282,220,874,994,348
12,22,15,30,537,601,348
199,167,318,256,887,1015,348
653,471,644,496,984,1023,348
6,20,0,8,0,0,348
198,141,228,162,804,910,348
412,313,538,427,960,1023,348
11,25,29,56,617,642,348
135,64,167,71,796,896,348
66,75,94,66,698,765,348
89,76,166,146,806,903,349
14,28,9,31,544,604,349
49,29,110,47,734,828,349
220,198,222,177,826,945,349
15,30,38,42,586,660,349
31,33,51,46,658,726,349
146,120,148,129,783,867,349
37,30,69,62,675,741,349
44,37,85,42,732,807,349
93,84,126,79,743,809,349
47,34,109,43,719,810,349
310,253,321,253,896,1023,349
24,32,26,43,519,555,349
941,480,969,558,1023,1023,349
161,87,168,81,795,890,349
28,46,10,43,433,452,349
31,24,109,47,734,810,349
10,24,5,12,485,545,349
49,65,54,42,656,743,349
52,59,9,20,642,703,349
134,126,155,132,812,921,349
157,136,97,41,758,845,349
23,41,0,24,351,488,349
665,438,722,481,989,1023,349
470,193,617,287,947,1023,349
79,64,70,47,705,777,349
776,569,673,505,1005,1023,349
59,66,92,70,746,839,350
469,205,387,165,891,1023,350
107,99,133,94,774,862,350
156,135,217,175,821,922,350
186,149,188,131,804,905,350
363,292,308,261,882,1012,350
18,29,34,46,631,687,350
302,242,253,203,858,993,350
35,41,68,66,682,777,350
139,123,155,137,781,866,350
194,124,264,183,856,974,350
650,394,658,358,966,1023,350
51,65,45,69,691,762,350
18,20,36,44,634,711,350
178,107,274,166,865,994,350
11,23,10,23,618,632,350
91,84,136,93,784,879,350
220,192,188,177,827,942,350
63,61,37,46,631,682,350
57,48,116,77,744,830,350
156,157,112,112,796,897,351
81,75,112,95,710,791,351
52,35,167,88,782,880,351
557,297,657,436,980,1023,351
7,22,7,39,332,250,351
102,106,81,86,738,825,351
256,212,185,150,812,905,351
198,197,182,154,795,897,351
78,91,80,101,709,782,351
24,28,33,26,636,690,351
34,34,82,48,706,761,351
30,42,45,43,642,693,351
241,186,273,188,870,985,351
83,87,108,116,725,801,351
30,46,22,48,570,613,351
50,54,78,49,698,764,351
337,191,238,153,856,980,351
86,49,55,49,723,811,351
189,153,252,201,857,976,351
48,66,31,46,652,693,351
15,29,21,48,628,667,351
116,118,130,131,763,871,351
54,72,21,58,395,492,351
55,67,2,35,568,622,351
218,209,160,147,826,942,351
484,306,461,323,931,1023,351
52,48,57,55,640,691,351
53,39,66,48,733,810,351
15,24,51,60,655,696,351
20,21,10,34,586,639,351
83,91,14,42,626,701,351
58,59,54,69,667,737,351
87,86,157,173,763,846,351
69,77,79,99,692,756,351
230,187,330,246,860,986,352
27,28,28,31,615,671,352
29,30,73,53,676,714,352
215,177,232,205,860,976,352
324,279,254,231,867,990,352
25,28,42,43,624,659,352
57,57,58,62,711,762,352
103,99,71,84,722,809,352
222,184,219,162,825,927,352
56,64,95,99,710,774,352
649,502,585,442,960,1023,352
618,320,704,410,1005,1023,352
25,38,19,19,632,689,352
82,82,51,67,695,756,352
284,277,108,123,821,930,352
48,52,78,59,703,765,352
52,39,52,30,685,748,352
47,53,89,80,739,810,352
1018,396,976,335,1016,1023,352
1023,565,1023,510,1023,1023,352
198,158,257,186,825,936,352
11,27,9,34,573,578,352
39,39,54,53,703,780,352
54,64,64,80,673,732,352
38,27,36,33,641,725,353
74,70,119,112,756,854,353
31,39,53,45,642,708,353
107,65,132,97,763,875,353
11,26,0,31,228,227,353
20,26,58,53,668,753,353
84,70,68,62,713,820,353
32,40,54,49,681,746,353
16,27,9,28,618,684,353
38,35,102,44,754,837,353
18,34,0,36,0,0,353
130,121,115,106,758,856,353
44,42,57,36,703,788,353
45,30,58,38,674,750,353
21,32,104,82,730,817,353
116,116,109,91,784,878,353
162,168,93,103,759,854,353
44,37,67,43,691,772,353
170,161,204,174,819,927,353
63,72,60,99,703,783,353
35,38,99,47,727,800,353
58,60,115,107,760,858,353
67,54,69,64,725,820,353
31,41,40,48,642,712,353
13,29,0,30,306,325,353
25,38,3,32,599,645,353
138,95,194,133,801,917,353
32,26,21,18,616,671,353
20,23,37,30,648,704,353
126,116,147,112,791,887,353
640,447,382,264,939,1023,353
140,119,205,158,815,925,354
181,184,87,102,751,838,354
138,113,195,155,811,916,354
121,102,167,129,805,902,354
47,64,91,96,652,708,354
482,284,450,252,922,1023,354
372,291,368,284,917,1023,354
11,21,33,47,559,633,354
532,279,666,298,955,1023,354
99,87,135,120,760,842,354
255,225,227,167,835,958,354
203,193,190,189,832,941,354
102,105,92,95,764,856,354
11,20,17,16,584,586,354
28,26,54,48,627,701,354
28,25,35,39,616,663,354
15,24,83,72,703,767,354
347,141,357,123,885,1016,354
20,33,32,54,586,648,354
127,128,87,116,763,845,354
683,230,909,338,988,1023,354
490,424,427,405,930,1023,354
55,58,71,55,701,773,354
13,24,51,57,595,650,354
163,135,251,225,878,998,354
162,157,135,147,796,883,354
192,139,167,111,801,891,354
273,138,223,115,852,965,354
47,49,95,86,707,769,354
599,409,512,393,953,1023,354
31,42,47,50,659,733,354
68,31,82,28,721,808,354
428,390,336,289,900,1023,354
285,224,428,342,905,1023,354
95,110,17,60,609,672,354
213,150,216,168,835,951,354
10,20,26,24,602,655,354
714,417,822,456,1005,1023,354
244,191,320,254,879,994,354
20,33,0,22,530,616,354
143,146,128,136,768,858,355
78,87,99,107,749,833,355
127,100,152,95,818,925,355
71,71,168,149,799,915,355
63,77,65,90,704,771,355
20,22,53,31,666,699,355
54,53,24,37,663,715,355
91,77,150,119,773,869,355
70,57,178,131,770,860,355
128,112,194,133,816,926,355
171,148,187,153,816,915,355
959,642,645,471,1004,1023,355
23,34,40,64,584,663,355
18,21,27,19,662,736,355
61,76,19,48,551,586,355
29,38,42,39,663,728,355
136,104,119,61,786,892,355
93,87,92,83,747,817,355
281,212,378,282,891,1023,355
55,58,92,85,717,809,355
60,40,85,54,713,810,355
16,27,6,24,463,574,355
90,100,49,68,719,791,355
151,79,201,96,819,930,355
71,71,137,128,755,848,355
33,39,2,37,624,670,356
23,38,24,38,578,644,356
33,21,66,52,667,736,356
391,237,314,201,882,1010,356
81,85,81,84,751,847,356
336,210,296,115,864,989,356
139,118,196,193,798,906,356
55,60,68,41,719,805,356
49,57,33,45,675,720,356
86,61,96,53,747,839,356
128,119,101,114,767,867,356
10,23,12,29,601,663,356
88,81,66,57,707,782,356
63,71,82,92,714,806,356
56,53,117,71,736,819,356
33,42,29,36,668,721,356
163,145,152,148,785,882,356
311,306,153,183,823,928,356
348,253,278,215,892,1022,356
21,28,101,69,708,804,356
83,95,56,77,710,777,356
54,46,82,48,710,781,356
569,449,430,319,918,1023,356
71,55,112,47,736,827,356
174,147,122,65,792,885,357
140,147,121,126,750,831,357
134,103,192,152,791,893,357
15,31,0,26,220,353,357
116,102,93,84,724,796,357
62,77,10,57,659,741,357
109,117,108,116,733,798,357
246,198,282,238,881,1005,357
45,50,55,58,684,749,357
33,46,83,85,697,778,357
414,150,516,248,922,1023,357
123,112,127,85,763,833,357
37,34,48,31,660,722,357
76,63,111,63,739,824,357
237,119,151,112,838,950,357
135,137,91,111,763,847,357
78,51,129,83,741,828,357
25,38,4,35,562,608,357
36,49,54,63,664,701,357
47,50,65,68,667,711,357
116,127,44,60,680,727,357
389,331,234,199,854,970,357
21,24,33,20,670,736,357
1023,496,1023,657,1023,1023,357
42,43,83,39,706,764,357
744,326,710,276,972,1023,357
213,105,214,98,849,966,357
33,35,53,57,644,686,357
149,130,136,118,794,881,357
77,49,60,34,730,795,358
91,93,129,123,731,811,358
74,54,69,46,713,793,358
62,61,80,72,705,765,358
186,162,229,170,889,1020,358
26,31,58,46,646,686,358
225,147,218,105,847,969,358
14,23,11,24,541,597,358
124,96,174,120,782,874,358
20,35,26,37,590,610,358
21,34,16,41,613,686,358
22,24,26,27,619,682,358
260,208,374,272,883,1010,358
162,164,100,107,752,834,358
71,51,116,55,749,830,358
599,554,446,395,900,1023,358
42,35,129,60,745,817,358
38,48,36,52,623,710,358
30,31,19,23,586,645,358
19,35,0,21,526,557,358
88,79,66,67,692,744,358
120,111,132,106,756,839,359
26,28,61,51,652,722,359
74,77,96,103,726,815,359
13,23,18,29,619,673,359
120,124,130,98,760,840,359
50,48,68,56,673,763,359
25,42,48,78,623,676,359
279,232,291,237,846,959,359
41,29,82,35,718,798,359
164,158,164,122,827,951,359
440,353,422,366,931,1023,359
56,66,58,93,691,780,359
12,20,40,50,664,745,359
35,38,72,62,676,769,359
335,125,358,170,878,999,359
34,50,0,9,625,754,359
49,41,48,43,675,736,359
11,23,0,32,458,452,359
67,56,62,47,720,779,359
16,26,70,78,710,769,359
20,32,24,60,614,681,359
51,62,74,91,731,806,359
24,26,21,25,627,681,360
185,154,211,184,798,896,360
236,201,162,142,773,863,360
43,29,52,24,654,709,360
418,239,417,220,916,1023,360
22,34,4,32,608,594,360
15,30,0,15,0,0,360
244,194,239,178,814,919,360
91,96,24,57,680,735,360
187,154,189,135,811,915,360
83,72,80,64,710,778,360
116,67,169,122,804,908,360
54,57,70,80,728,791,360
165,147,170,133,801,901,360
22,27,5,24,582,591,360
94,80,84,66,717,789,360
635,443,565,417,965,1023,360
92,83,73,52,695,767,361
254,171,183,104,794,878,361
12,21,20,25,588,594,361
59,73,14,50,601,635,361
122,46,184,70,801,890,361
102,88,105,83,733,818,361
16,30,0,33,574,637,361
57,71,46,67,628,696,361
75,43,174,92,784,876,361
91,102,62,82,714,804,361
405,339,343,277,896,1022,361
35,38,30,41,672,734,361
72,61,77,56,706,755,361
14,25,25,31,577,628,361
167,132,227,169,822,929,361
91,87,237,182,817,927,361
54,35,51,28,686,768,361
12,25,0,19,547,572,361
140,118,118,109,772,860,361
51,60,28,39,624,654,361
828,647,756,568,1013,1023,361
39,27,98,38,734,812,361
30,36,79,73,700,771,361
107,78,98,76,771,865,361
21,31,49,36,651,687,361
46,51,64,74,659,725,361
40,47,56,60,616,668,361
29,20,52,35,700,757,361
132,79,137,93,787,888,361
36,45,48,62,644,692,361
79,50,63,48,692,762,361
284,143,345,206,879,1004,361
21,32,37,48,618,640,361
1023,1003,1023,733,1023,1023,361
13,26,29,61,630,679,362
20,32,30,41,657,714,362
28,25,106,65,735,807,362
66,76,74,87,730,812,362
347,245,421,302,898,1023,362
55,38,95,40,697,805,362
103,89,90,54,753,841,362
31,36,57,44,639,712,362
45,31,80,49,728,787,362
31,30,37,27,601,662,362
9,23,15,54,541,555,362
69,80,60,79,687,747,362
25,24,35,40,629,671,362
59,54,69,46,727,796,362
67,53,39,50,652,703,362
22,27,64,53,659,714,362
89,95,109,100,767,851,363
11,24,5,31,553,545,363
28,39,69,61,666,725,363
117,70,124,76,766,854,363
183,133,135,73,801,891,363
98,81,204,136,811,915,363
29,39,23,47,537,521,363
721,384,673,291,971,1023,363
39,32,78,44,686,732,363
14,22,66,44,667,739,363
219,112,186,141,832,942,363
194,98,197,93,825,936,363
84,60,134,107,766,864,363
158,136,179,137,837,961,363
129,129,72,106,743,836,363
122,92,124,81,807,905,363
90,96,114,111,746,847,363
7,20,15,34,568,601,363
12,26,36,65,594,637,363
49,49,44,45,625,672,363
46,51,35,42,659,700,363
32,49,10,41,497,562,363
18,21,95,53,694,743,363
13,29,17,45,502,565,363
16,22,43,45,625,651,363
87,103,78,86,692,762,363
225,167,209,125,810,918,363
19,31,16,34,603,624,363
46,37,31,43,644,672,363
96,104,100,104,747,827,363
101,91,171,156,782,869,363
333,225,376,234,919,1023,363
29,40,12,36,552,556,363
251,192,216,136,835,946,363
19,25,80,86,691,763,363
11,25,13,30,558,586,363
134,79,80,59,779,865,364
26,42,36,57,582,623,364
147,135,162,151,823,928,364
267,224,304,251,868,985,364
326,246,341,252,879,1005,364
144,66,127,47,793,892,364
59,43,168,92,770,857,364
407,258,363,226,889,1013,364
23,21,48,35,668,694,364
379,223,410,256,916,1023,364
343,172,311,134,876,1002,364
9,22,8,25,515,521,364
25,29,47,33,640,695,364
96,74,121,95,783,876,364
483,206,568,302,942,1023,364
138,113,183,136,802,906,364
42,57,22,58,620,675,364
16,28,31,37,627,679,364
76,83,41,53,682,755,364
54,54,90,66,714,785,364
72,65,138,132,766,849,364
227,148,235,149,834,948,364
17,23,52,46,640,699,364
339,172,500,258,922,1023,364
104,109,62,80,754,849,364
30,30,0,17,603,658,364
58,59,38,31,669,741,364
52,64,78,90,720,791,364
85,42,165,60,781,879,364
286,232,253,224,858,977,364
215,131,270,181,841,956,364
17,27,23,45,640,659,364
521,246,566,307,935,1023,364
29,42,54,60,684,738,364
1023,886,1023,729,1023,1023,364
21,27,75,51,680,759,365
276,168,399,311,920,1023,365
247,242,216,200,836,953,365
188,159,206,161,832,944,365
115,83,107,46,743,841,365
52,66,43,82,648,715,365
46,28,87,39,691,752,365
19,33,23,39,608,685,365
104,111,138,133,748,823,365
411,226,330,139,877,1001,365
26,33,41,25,622,710,365
70,74,70,79,686,751,365
109,119,97,125,722,807,365
385,322,265,199,896,1023,365
289,281,185,180,831,927,365
57,72,77,90,631,660,365
108,97,145,139,804,897,365
339,238,241,194,879,994,365
169,148,207,204,812,933,365
59,53,71,44,720,794,365
222,196,287,233,858,979,365
508,350,607,444,955,1023,365
135,84,128,46,749,839,365
113,93,185,157,778,877,365
101,87,90,79,726,790,365
41,36,139,105,750,847,366
24,29,67,49,697,750,366
109,67,113,66,773,861,366
86,68,91,47,710,782,366
58,64,45,63,660,727,366
747,532,667,455,980,1023,366
12,23,0,17,0,0,366
22,28,8,31,455,534,366
92,84,87,84,731,811,366
119,98,147,111,760,842,366
18,29,57,77,617,673,366
32,47,0,23,340,463,366
316,148,387,184,897,1023,366
234,217,184,194,842,949,366
32,25,53,35,647,741,366
705,442,855,513,992,1023,366
116,105,115,107,785,879,366
159,152,173,165,807,897,366
40,53,41,47,664,721,366
31,31,42,59,674,741,366
234,88,229,107,851,963,366
211,131,271,96,841,951,366
24,36,36,44,635,691,366
24,31,49,49,661,738,366
67,46,91,58,680,749,367
48,61,54,80,682,756,367
23,36,37,59,630,689,367
22,20,97,45,699,774,367
56,52,93,66,745,815,367
335,257,342,249,882,1010,367
533,328,641,382,962,1023,367
973,539,766,310,997,1023,367
313,247,360,226,887,1010,367
81,80,84,82,734,799,367
112,125,70,76,727,803,367
27,20,60,40,656,727,367
375,268,375,254,886,1016,367
410,309,443,333,916,1023,367
33,23,106,64,704,777,367
651,456,622,354,972,1023,367
131,134,110,119,752,851,367
543,293,555,277,934,1023,367
11,24,0,35,504,560,367
289,259,215,189,863,977,367
410,146,548,222,938,1023,367
71,83,45,70,695,756,367
37,27,76,52,727,816,367
446,145,373,99,901,1023,367
359,192,324,200,862,984,367
356,253,464,276,897,1023,367
38,40,62,45,650,716,367
128,119,76,57,746,833,367
99,102,18,37,632,698,367
52,52,77,64,707,784,367
39,53,9,33,627,672,367
348,246,239,147,856,980,367
244,106,348,160,863,984,367
29,43,23,61,608,658,367
356,187,296,131,894,1023,367
92,105,107,114,731,805,367
66,43,67,51,696,776,367
191,146,216,176,830,935,367
23,23,41,38,588,619,367
70,79,62,74,708,787,367
285,251,209,193,841,953,367
40,49,118,122,769,845,367
19,26,71,65,677,735,367
77,73,135,114,776,853,367
94,98,121,132,748,820,368
100,107,98,93,749,817,368
132,137,117,124,734,828,368
140,128,142,117,785,887,368
64,65,163,123,781,874,368
15,24,16,25,522,524,368
47,64,12,48,444,547,368
70,51,125,60,739,808,368
197,182,152,119,813,910,368
12,22,13,45,595,660,368
31,42,5,33,595,585,368
50,62,51,75,628,674,368
34,24,94,55,720,806,368
89,94,53,69,707,785,368
230,195,284,230,865,983,368
38,37,58,42,701,762,368
225,99,277,83,842,959,369
292,230,338,238,860,975,369
432,351,309,251,898,1023,369
55,59,10,31,637,681,369
201,112,209,119,825,927,369
180,126,206,159,831,930,369
17,23,80,69,656,703,369
17,28,56,65,633,707,369
12,20,17,24,525,527,369
140,136,171,162,811,903,369
57,38,68,34,712,792,369
179,163,161,147,803,905,369
466,232,342,134,899,1023,369
16,31,0,32,298,474,369
144,102,226,178,828,938,369
25,25,61,64,674,741,369
303,228,380,280,893,1023,369
97,64,160,74,782,884,369
29,41,31,50,638,686,369
208,96,195,102,816,944,369
133,119,136,95,840,978,369
88,77,168,111,767,852,369
811,541,683,429,1004,1023,369
26,24,41,46,693,756,369
29,26,38,31,688,759,369
25,36,51,47,663,721,369
1023,897,923,559,1023,1023,369
20,34,27,46,485,542,369
68,62,96,68,744,830,369
451,228,454,232,918,1023,369
31,37,0,30,603,666,369
74,74,135,108,748,841,369
71,90,0,47,481,561,370
95,90,48,30,725,792,370
39,53,53,82,654,692,370
364,277,406,321,924,1023,370
49,40,79,50,714,793,370
43,51,91,104,713,785,370
146,103,204,105,800,911,370
22,37,28,53,411,502,370
44,36,120,70,750,838,370
205,196,66,76,768,862,370
11,23,22,43,551,538,370
33,41,39,53,656,724,370
7,23,0,19,0,222,370
167,87,95,65,779,871,370
29,40,29,34,648,716,370
22,21,55,35,653,699,370
249,215,166,159,819,930,370
41,51,51,63,672,742,370
95,95,70,64,749,828,370
121,118,148,142,782,884,370
47,39,71,44,706,796,370
867,587,649,383,972,1023,370
12,25,0,9,502,589,370
71,47,120,92,743,839,370
468,322,372,233,909,1023,370
45,52,25,39,648,696,370
80,50,132,85,766,854,370
532,292,699,369,974,1023,370
290,213,250,171,863,983,370
77,78,65,73,712,795,370
13,28,0,7,413,446,370
13,24,27,48,584,630,370
57,65,58,66,696,763,370
13,28,7,38,564,547,370
21,26,55,47,693,800,370
23,29,44,44,624,682,370
31,38,68,56,685,758,370
87,69,109,73,771,872,370
101,99,109,112,777,877,370
29,24,89,52,715,772,370
21,29,33,37,594,677,370
509,426,394,316,921,1023,370
10,24,16,46,530,565,370
129,100,125,78,778,868,370
1023,1021,1023,819,1023,1023,370
247,124,279,226,844,957,371
77,72,147,135,755,832,371
41,54,69,96,678,745,371
10,22,18,23,555,549,371
52,61,2,33,590,651,371
172,141,225,171,826,945,371
27,24,88,60,701,753,371
32,46,4,42,520,552,371
41,47,55,54,664,713,371
61,80,0,25,465,474,371
33,37,97,83,692,763,371
120,100,196,153,806,911,371
207,190,167,124,792,883,371
35,43,72,81,725,799,371
14,28,0,32,449,455,371
268,218,271,223,865,987,371
26,25,28,27,588,639,371
38,39,37,31,637,690,371
7,20,5,43,558,635,371
222,163,295,228,874,989,371
25,25,31,47,618,642,371
32,42,40,62,661,715,371
65,48,101,62,735,820,371
19,35,6,40,474,503,371
113,121,111,122,748,830,371
882,614,706,439,1010,1023,371
40,51,50,61,662,755,371
27,42,27,36,607,666,371
38,53,4,43,613,699,371
107,77,143,75,776,872,371
24,20,27,27,639,725,371
89,91,24,58,715,819,371
331,267,314,215,885,1002,372
42,47,59,60,645,693,372
108,81,161,122,798,891,372
264,244,217,190,844,960,372
159,95,221,162,800,901,372
64,81,17,51,614,646,372
21,23,63,30,662,723,372
15,29,33,50,603,655,372
96,63,146,64,781,882,372
152,121,241,166,836,950,372
71,47,142,91,753,841,372
84,72,141,72,736,808,372
143,79,196,93,809,919,372
81,95,67,105,670,724,372
11,23,32,28,654,737,372
36,37,83,54,716,795,372
72,87,36,66,670,739,372
56,52,101,93,706,792,372
122,113,188,161,792,896,372
89,94,101,105,736,824,372
369,205,353,224,879,1013,372
14,21,12,26,607,657,373
99,103,84,73,736,824,373
13,27,25,33,600,610,373
19,23,19,20,594,647,373
225,169,225,118,838,946,373
620,450,443,344,931,1023,373
165,119,150,113,802,937,373
431,338,297,243,873,1003,373
622,332,501,245,936,1023,373
33,23,28,30,675,764,373
26,21,45,31,631,687,373
92,89,88,97,748,846,373
20,23,41,54,639,724,373
21,33,20,41,573,618,373
69,80,77,67,725,824,373
102,110,66,103,741,819,373
70,88,69,103,663,747,373
10,24,17,29,547,580,373
55,45,80,46,684,762,373
48,38,37,38,679,739,373
174,163,220,212,821,934,373
28,40,21,47,576,617,373
25,22,36,27,644,728,373
56,67,41,74,655,734,373
31,42,46,64,625,708,373
27,23,43,34,635,709,373
140,82,131,88,748,838,373
22,28,11,31,534,639,373
76,85,82,95,723,801,373
51,55,71,60,727,809,373
213,161,353,238,882,1005,374
9,21,31,36,622,716,374
25,31,53,35,653,721,374
154,159,172,191,786,888,374
38,51,30,67,596,655,374
133,141,53,43,712,789,374
29,34,65,61,698,769,374
40,27,51,43,695,777,374
738,314,739,405,976,1023,374
46,31,67,31,741,816,374
47,28,64,41,671,739,374
11,24,33,54,606,634,374
133,115,147,128,777,873,374
353,158,419,179,893,1023,374
29,20,40,50,621,688,374
81,70,85,71,712,776,374
196,123,367,150,885,1009,374
10,22,0,8,319,464,374
14,20,45,19,654,717,374
70,48,60,45,702,775,374
36,40,64,56,712,791,374
413,328,380,324,911,1023,374
16,23,12,34,473,522,374
217,187,200,184,834,943,374
92,86,113,102,784,888,374
10,20,47,36,640,702,374
37,54,5,48,452,434,374
195,153,274,236,847,963,374
56,49,86,67,698,750,374
154,154,125,138,767,859,374
14,28,18,41,433,443,374
551,377,474,279,965,1023,374
60,40,63,58,694,768,374
429,385,383,347,898,1023,374
33,44,45,61,616,659,374
858,593,788,463,1009,1023,375
132,128,138,139,768,848,375
117,89,126,84,758,834,375
404,200,418,213,900,1023,375
57,51,59,51,701,745,375
465,237,598,324,948,1023,375
70,74,14,53,650,716,375
28,44,24,52,600,648,375
315,257,312,254,883,1017,375
10,24,6,22,520,591,375
146,125,242,167,844,962,375
91,96,71,88,696,759,375
12,23,50,49,642,682,375
34,31,36,30,703,785,375
30,32,42,33,672,733,375
85,89,57,47,733,811,375
25,28,93,71,706,766,375
74,93,5,52,493,601,375
39,27,70,28,697,774,375
49,47,80,72,712,788,375
33,46,26,23,580,652,375
60,57,114,77,707,798,375
256,112,294,116,862,994,375
187,101,228,102,833,956,375
12,23,63,38,641,703,375
265,221,158,149,827,932,375
101,111,58,81,687,757,375
37,44,62,63,712,775,376
291,171,280,118,858,988,376
17,32,51,49,650,695,376
50,38,76,43,707,792,376
91,95,79,107,725,822,376
35,39,49,44,695,774,376
122,117,161,129,809,909,376
423,232,442,174,905,1023,376
56,56,59,52,683,741,376
184,187,89,116,765,862,376
162,125,184,139,823,936,376
42,52,55,48,694,772,376
24,25,20,19,627,662,376
86,56,71,56,735,819,376
224,210,68,78,771,857,376
20,31,41,46,653,698,376
40,50,58,64,633,706,376
12,20,0,11,0,428,376
160,142,178,129,806,905,376
27,34,36,43,590,647,376
120,96,106,61,744,831,376
75,65,65,78,768,863,376
24,21,61,37,670,720,376
103,108,97,106,715,789,377
45,37,64,40,684,730,377
13,27,2,37,492,490,377
110,113,144,162,748,834,377
27,42,0,26,381,484,377
8,21,39,34,632,677,377
215,102,167,78,800,895,377
73,84,74,108,653,716,377
137,138,107,124,795,905,377
10,26,0,25,0,0,377
21,29,11,39,567,622,377
86,66,155,45,787,888,377
27,26,29,34,573,609,377
27,24,56,53,687,746,377
39,41,74,68,653,727,377
100,86,157,123,781,869,377
189,121,330,242,863,982,377
80,83,82,70,737,806,377
39,31,37,41,637,717,377
537,197,538,164,942,1023,377
93,61,133,91,730,788,377
135,76,196,107,799,882,377
16,24,33,32,620,673,377
29,31,56,43,670,741,377
401,276,418,245,922,1023,377
40,55,0,36,578,628,377
153,115,196,121,799,893,377
668,490,500,373,965,1023,377
53,63,106,79,733,818,377
9,22,14,26,537,546,377
144,58,230,103,818,933,377
34,30,48,31,595,664,377
10,25,20,49,485,542,377
492,254,515,296,937,1023,377
345,253,363,287,888,1015,377
20,30,56,74,646,707,377
43,61,9,47,631,642,377
60,73,63,76,700,763,377
494,181,516,152,926,1023,377
12,24,21,28,591,653,377
61,64,85,76,717,799,378
198,189,196,195,818,910,378
95,71,58,39,651,693,378
54,55,48,37,711,768,378
295,262,174,174,837,947,378
249,225,307,287,868,998,378
326,198,283,114,836,959,378
383,227,365,187,909,1023,378
93,43,175,73,781,884,378
44,34,52,28,664,729,378
47,37,46,32,670,711,378
314,168,469,226,914,1023,378
34,49,6,49,524,562,378
97,109,76,103,691,760,378
58,61,72,74,678,765,378
22,27,18,28,625,675,378
170,158,107,97,769,859,378
51,52,60,53,699,780,378
21,34,50,55,656,709,378
142,130,135,124,798,908,378
37,45,45,34,669,740,378
53,54,71,63,680,750,378
56,68,0,16,621,705,378
359,116,405,116,898,1023,378
39,42,42,54,680,770,378
42,52,39,64,648,724,378
24,27,65,58,655,725,379
49,59,78,91,687,768,379
20,33,1,19,570,680,379
33,41,28,37,666,721,379
29,36,80,93,696,774,379
57,46,62,40,650,733,379
63,47,55,43,718,801,379
458,285,486,253,929,1023,379
86,72,53,38,721,803,379
32,37,30,36,690,759,379
100,65,136,98,793,900,379
35,50,42,60,598,681,379
14,31,0,24,0,0,379
49,47,80,88,712,804,379
72,70,53,55,718,817,379
131,116,191,158,803,907,379
21,21,8,18,583,632,379
12,24,31,39,594,649,379
63,57,73,66,712,799,379
1007,493,945,372,1009,1023,379
263,109,230,82,846,965,379
7,20,0,19,423,438,379
52,51,13,22,680,752,379
169,79,248,98,815,915,379
16,28,16,46,638,697,379
103,73,151,64,759,844,379
297,278,224,210,862,984,379
55,64,66,84,678,732,379
216,222,89,106,773,867,380
83,83,28,37,641,714,380
34,47,53,79,681,740,380
162,116,178,87,792,888,380
6,21,18,40,494,427,380
33,32,52,53,664,726,380
17,32,0,32,446,556,380
188,73,190,59,836,945,380
340,274,291,240,859,976,380
753,318,619,236,934,1023,380
68,63,62,54,679,750,380
8,20,0,26,0,0,380
215,114,214,78,832,937,380
48,58,87,98,722,799,380
91,75,193,162,778,859,380
74,62,126,92,748,825,380
138,131,147,134,766,845,380
52,38,100,66,727,807,380
66,59,80,66,700,752,380
75,88,100,109,735,806,380
114,90,165,92,806,911,380
52,58,54,63,726,801,380
184,149,223,128,845,956,380
341,270,213,168,858,973,380
197,172,129,105,776,869,380
250,226,233,210,856,973,380
59,75,40,76,620,668,381
162,153,82,92,774,865,381
35,40,96,73,716,798,381
20,26,31,36,617,690,381
65,58,114,103,747,828,381
38,52,27,40,649,703,381
465,344,530,384,941,1023,381
204,183,200,196,808,914,381
272,145,302,171,868,992,381
12,25,22,52,578,633,381
93,103,90,96,717,787,381
141,105,143,129,786,880,381
83,70,119,84,748,823,381
46,41,105,57,753,838,381
194,115,304,165,857,974,381
549,276,579,278,950,1023,381
34,43,33,62,649,737,381
42,49,61,47,682,766,381
136,125,172,100,783,868,381
235,175,182,134,826,935,381
19,31,7,23,637,714,381
16,29,22,39,494,526,381
12,26,20,37,577,656,381
75,64,101,62,741,824,381
25,35,0,20,500,582,381
30,44,3,27,549,524,381
59,75,23,43,646,704,381
38,54,41,79,627,671,381
127,127,140,111,785,890,381
39,30,81,53,724,799,381
186,149,276,225,857,971,381
90,97,83,81,720,804,381
80,66,157,134,804,916,381
220,101,290,146,864,981,381
85,74,117,122,763,859,381
54,54,113,104,737,821,382
42,34,105,62,718,801,382
46,37,94,56,739,828,382
21,37,30,62,539,586,382
352,245,506,414,954,1023,382
64,42,87,52,725,797,382
180,112,248,140,835,942,382
174,108,274,156,853,975,382
134,133,183,172,801,892,382
680,400,502,287,959,1023,382
29,26,27,27,656,699,382
32,28,56,36,716,775,382
54,27,159,48,763,840,382
19,20,51,35,686,754,382
101,83,163,100,775,867,382
27,30,65,48,679,755,382
32,30,40,37,650,714,382
249,179,312,197,876,989,382
13,25,0,13,474,522,382
139,110,66,60,770,856,382
104,105,104,86,768,850,382
260,209,285,236,864,981,382
54,51,28,36,600,651,383
105,94,110,72,734,803,383
16,26,26,29,616,662,383
59,51,170,129,775,872,383
10,23,0,26,0,392,383
134,140,64,88,739,819,383
100,108,51,73,716,783,383
99,93,126,100,761,843,383
17,30,0,5,478,576,383
11,21,18,37,557,593,383
48,57,42,64,603,654,383
10,22,9,25,554,552,383
22,25,106,87,720,795,383
7,20,0,17,533,599,383
101,86,161,120,811,911,383
299,229,316,284,910,1023,383
28,26,94,61,699,754,383
131,133,86,94,747,826,383
28,37,37,54,639,689,383
184,174,162,138,825,928,383
38,52,45,53,675,748,383
138,91,122,75,738,815,383
162,102,130,54,767,871,383
460,199,557,202,923,1023,383
8,21,12,40,119,429,383
300,254,214,174,848,970,383
9,24,14,50,447,526,383
5,21,0,12,0,0,383
15,31,0,20,449,538,383
26,22,49,32,653,724,383
225,184,283,250,863,987,383
56,54,71,81,722,803,383
9,22,0,26,0,171,383
17,33,17,21,516,554,383
75,65,102,78,739,812,383
42,48,29,51,665,716,383
14,23,39,36,619,700,384
206,167,135,109,813,907,384
11,24,35,50,613,651,384
578,340,577,312,940,1023,384
1023,773,865,597,1023,1023,384
15,23,26,18,629,675,384
30,27,70,48,691,742,384
1023,841,1023,698,1023,1023,384
26,27,44,41,646,696,384
408,326,367,298,889,1017,384
40,54,6,46,560,610,384
40,44,64,85,740,823,384
31,38,23,29,584,643,384
1023,567,1023,385,1023,1023,384
347,233,531,377,934,1023,384
53,45,31,32,693,757,384
30,37,21,39,586,668,384
188,169,197,161,828,936,384
94,80,167,95,805,909,384
16,24,9,26,481,376,384
23,36,58,66,681,750,384
218,194,180,150,811,924,384
134,45,179,55,805,908,384
65,54,76,41,702,790,384
53,64,63,97,702,795,384
189,166,195,162,825,932,384
93,93,135,150,739,816,384
17,27,26,30,614,633,385
8,20,13,21,514,573,385
8,21,0,31,495,550,385
132,120,82,85,786,885,385
26,38,55,59,652,698,385
102,88,109,72,795,886,385
56,35,149,48,767,858,385
9,20,46,60,583,624,385
18,21,22,22,566,619,385
16,25,40,44,560,644,385
1023,1021,1023,653,1023,1023,385
715,396,798,477,987,1023,385
44,37,96,54,699,781,385
269,195,277,158,857,974,385
28,32,57,37,686,755,385
307,131,363,130,888,1013,385
221,184,218,187,868,990,385
170,130,184,113,786,883,385
22,34,15,46,611,658,385
153,64,216,120,854,974,385
303,245,420,345,904,1023,385
141,105,250,195,834,939,385
25,40,11,42,549,578,385
356,245,254,136,871,995,385
84,91,102,89,748,809,385
71,58,91,63,717,783,385
1023,815,941,602,1023,1023,385
39,53,15,48,616,691,385
49,62,12,42,603,653,385
35,41,21,49,646,702,385
59,44,58,52,697,752,385
534,357,496,306,936,1023,385
116,116,120,93,768,863,386
174,176,87,104,777,874,386
44,31,62,34,688,727,386
21,33,19,43,570,540,386
33,36,42,31,661,729,386
57,68,18,31,643,720,386
529,374,630,363,957,1023,386
195,106,293,155,855,976,386
232,173,333,209,896,1021,386
17,30,35,37,632,681,386
29,43,14,54,546,559,386
37,33,74,64,737,817,386
38,46,59,49,663,719,386
621,453,579,419,974,1023,386
28,21,29,32,583,628,386
139,68,167,93,803,906,386
51,63,57,85,744,877,386
15,30,6,34,520,538,386
522,321,572,288,956,1023,386
242,201,262,209,838,953,386
53,67,16,59,630,694,386
58,69,69,84,701,758,386
240,190,268,205,866,974,386
126,112,193,176,796,876,386
101,88,117,100,778,878,386
96,90,94,92,754,843,386
24,25,61,38,669,737,386
52,56,26,43,632,663,386
17,25,35,28,630,663,386
43,47,76,36,737,822,386
121,119,128,142,785,887,386
147,130,142,114,814,922,386
27,40,47,71,653,731,386
45,51,64,46,721,816,386
68,74,81,81,741,851,386
330,151,303,171,874,1001,386
63,51,120,87,743,838,386
163,133,201,180,829,936,386
123,53,213,70,812,926,386
38,47,28,56,624,676,386
48,58,17,39,645,704,386
74,62,52,67,672,761,386
8,21,5,36,381,494,386
13,20,21,27,589,624,386
47,59,36,58,673,748,387
127,57,239,85,811,917,387
27,26,0,16,567,637,387
30,41,17,29,642,707,387
105,66,123,51,750,838,387
91,96,82,98,716,809,387
27,33,13,36,572,618,387
27,40,26,49,639,692,387
155,109,161,132,798,909,387
47,64,18,47,588,621,387
10,22,14,26,521,598,387
172,79,223,84,819,926,387
126,105,235,215,852,981,387
147,116,214,164,802,927,387
108,109,89,75,712,790,387
12,21,19,22,586,641,387
133,135,90,88,754,856,387
100,111,84,106,738,818,387
111,83,100,81,743,832,387
74,87,36,55,682,764,387
242,222,211,218,802,894,387
17,22,26,33,633,687,387
561,393,472,388,956,1023,387
59,49,90,55,724,795,387
59,48,74,51,689,799,387
186,118,216,100,839,954,387
157,155,98,120,810,911,387
633,403,632,353,981,1023,387
32,49,32,51,538,602,387
81,78,90,90,746,819,388
48,38,88,70,738,815,388
172,109,183,108,844,960,388
52,63,47,64,677,743,388
137,95,124,90,761,862,388
50,40,48,40,641,725,388
701,227,721,277,971,1023,388
14,24,18,41,589,611,388
159,138,191,141,830,934,388
78,86,100,77,693,739,388
71,83,58,63,676,715,388
55,51,67,53,717,787,388
43,51,60,65,673,734,388
146,90,186,95,800,908,388
147,112,123,80,781,882,388
51,51,91,85,739,826,388
13,27,15,49,536,590,388
69,65,80,69,737,809,388
21,29,32,40,595,670,388
14,29,0,27,410,401,388
59,64,58,44,726,796,388
232,174,275,197,850,975,388
408,280,502,324,916,1023,388
205,179,273,244,845,958,388
22,26,16,30,595,628,388
74,84,19,54,631,713,389
36,31,29,32,616,656,389
148,132,119,91,787,874,389
20,32,49,44,650,689,389
78,90,77,97,692,765,389
22,29,44,64,593,628,389
99,117,53,82,667,732,389
22,35,47,52,645,699,389
47,44,72,53,671,733,389
43,29,70,31,695,766,389
24,34,72,77,714,795,389
73,80,47,47,687,754,389
284,167,280,148,875,1004,389
230,164,271,147,867,989,389
732,266,650,211,970,1023,389
158,74,154,65,787,892,389
15,31,3,8,527,570,389
128,119,152,123,774,852,389
116,91,47,43,752,835,389
454,305,498,349,942,1023,389
483,415,387,353,917,1023,389
40,46,54,40,675,759,389
43,40,79,50,653,750,389
62,62,185,113,747,835,389
34,33,129,76,718,787,389
182,132,57,42,739,822,389
214,109,376,168,877,1013,390
235,227,164,158,816,911,390
39,34,68,46,687,754,390
161,158,150,164,804,912,390
33,40,38,40,646,714,390
35,36,51,32,681,751,390
41,55,20,52,621,660,390
103,115,93,110,705,786,390
128,49,155,47,791,898,390
113,73,114,52,758,850,390
253,174,333,229,876,1001,390
34,30,61,39,679,740,390
198,199,116,127,800,909,390
127,109,145,75,790,900,390
32,34,44,43,691,745,390
74,63,103,83,720,811,390
61,75,42,80,678,748,390
72,61,178,146,791,895,390
102,50,126,52,759,843,390
117,128,89,123,734,801,390
20,30,26,35,645,686,390
15,21,41,42,642,688,390
78,46,80,51,759,877,390
380,344,231,215,877,1002,390
85,90,34,54,713,783,390
284,226,274,180,872,991,390
15,27,40,66,651,708,390
24,36,21,51,581,631,390
109,84,80,54,753,854,390
238,159,213,139,832,939,390
37,32,55,40,683,749,391
52,62,25,46,634,712,391
35,34,82,38,716,813,391
70,81,78,96,726,797,391
22,28,61,52,681,736,391
502,327,443,239,918,1023,391
30,45,27,41,623,692,391
23,21,45,34,649,676,391
5,20,0,18,0,0,391
45,49,144,102,762,847,391
22,31,22,26,603,670,391
59,60,34,47,720,798,391
60,41,102,67,732,812,391
168,151,195,179,804,908,391
93,86,150,153,774,860,391
17,21,33,28,655,717,391
102,103,125,114,764,847,391
150,153,86,119,761,857,391
37,34,74,55,668,719,391
16,23,23,21,624,644,391
77,72,101,108,729,803,391
14,22,26,29,631,696,391
158,110,185,111,786,882,391
140,132,86,71,738,812,391
78,70,134,103,742,820,391
345,271,236,201,849,962,391
79,62,139,65,784,872,392
584,487,446,407,945,1023,392
44,53,58,77,680,738,392
1023,770,1023,667,1023,1023,392
344,316,252,209,859,974,392
145,88,126,88,743,816,392
80,88,111,95,758,840,392
79,93,72,86,703,755,392
52,42,141,89,740,815,392
19,31,13,50,625,679,392
36,37,55,27,689,770,392
211,150,238,190,866,986,392
39,27,89,70,723,808,392
171,169,160,139,814,914,392
25,25,81,51,695,751,392
31,38,52,48,675,727,392
15,27,3,33,475,485,392
11,27,1,27,501,511,392
16,32,8,31,550,594,392
184,173,149,143,832,938,392
30,38,71,67,673,727,392
259,156,360,174,878,1007,392
40,47,32,32,652,714,392
69,70,75,65,714,791,392
33,27,71,32,703,775,392
211,148,180,158,826,949,392
126,135,86,102,718,802,392
109,92,187,160,805,916,392
64,52,119,73,754,834,392
22,27,72,62,687,765,393
169,167,169,171,783,873,393
16,22,24,41,586,623,393
38,28,56,29,672,731,393
312,190,183,141,830,942,393
35,33,78,47,688,771,393
52,63,58,80,673,731,393
201,192,181,196,817,908,393
156,135,257,218,866,986,393
28,28,93,62,701,784,393
148,138,149,143,765,854,393
67,58,109,105,752,841,393
37,34,38,42,639,704,393
20,25,35,43,542,636,393
42,53,30,57,707,798,393
107,104,61,53,721,803,393
160,129,125,111,798,903,393
165,153,198,164,802,916,393
125,91,164,99,793,914,393
164,123,174,126,820,921,393
266,122,218,103,854,975,393
918,380,1023,460,1023,1023,393
194,174,148,125,807,908,393
45,46,78,71,702,788,393
33,24,85,70,722,819,393
113,109,82,76,748,818,393
75,70,98,87,784,882,393
21,37,0,39,473,493,393
307,171,280,137,859,978,393
67,57,99,76,704,780,393
344,169,310,108,886,1022,393
181,101,168,89,803,903,393
125,106,110,97,796,886,393
264,183,493,400,910,1023,393
153,76,232,105,832,944,393
22,26,79,76,718,794,393
300,202,437,310,906,1023,393
260,177,345,281,847,964,393
29,40,65,61,687,746,394
91,95,119,112,753,842,394
8,20,47,40,609,656,394
8,21,0,19,522,603,394
29,36,49,50,648,707,394
476,406,318,275,888,1013,394
100,107,71,63,729,805,394
11,23,1,22,522,559,394
47,45,95,60,713,788,394
791,587,740,557,1011,1023,394
57,56,100,72,752,844,394
100,73,196,113,789,884,394
60,75,21,43,656,703,394
757,520,721,450,984,1023,394
151,144,129,87,785,881,394
98,61,97,91,693,769,394
122,128,127,144,784,888,394
100,114,77,104,704,786,394
15,26,42,35,603,645,394
112,68,129,84,752,835,394
204,83,180,69,817,913,394
236,188,247,170,836,950,394
31,40,11,22,601,618,394
104,114,96,121,757,838,394
50,50,74,56,686,742,394
77,74,105,84,743,822,394
127,102,132,101,784,887,395
301,226,318,233,861,979,395
100,65,187,102,779,866,395
1023,690,831,472,1023,1023,395
228,201,135,99,788,882,395
24,32,63,57,678,726,395
61,68,65,82,690,770,395
243,195,178,131,805,911,395
37,22,52,29,670,745,395
34,28,60,34,633,709,395
94,89,101,92,771,861,395
368,221,311,171,884,1022,395
188,163,189,161,831,951,395
123,95,173,79,796,905,395
44,51,38,60,684,726,395
79,52,121,81,787,882,395
1014,683,743,414,994,1023,395
79,45,57,35,695,761,395
26,29,52,36,641,726,395
325,115,517,179,924,1023,395
102,71,213,152,800,911,395
276,199,144,80,802,911,395
148,95,165,119,814,920,396
345,228,268,195,853,965,396
389,326,341,301,901,1023,396
67,76,76,90,699,771,396
319,165,348,113,875,1016,396
25,32,49,29,660,717,396
172,165,114,106,759,849,396
61,61,48,47,708,785,396
26,42,0,31,417,457,396
40,33,57,48,639,709,396
91,67,126,111,786,888,396
48,53,109,103,744,841,396
115,113,204,210,805,905,396
14,26,0,30,593,711,396
93,108,26,27,717,785,396
101,44,147,60,781,877,396
141,58,178,69,801,913,396
741,472,718,362,979,1023,396
152,122,239,181,825,930,396
32,44,0,27,633,692,396
35,24,114,59,727,808,396
30,45,15,27,663,717,396
27,24,73,49,688,731,396
70,65,105,66,716,804,396
116,90,105,70,773,864,396
229,220,180,152,832,950,396
47,31,109,75,721,797,396
1023,561,1023,571,1023,1023,396
120,106,190,188,828,936,396
90,89,136,129,762,859,396
192,156,176,145,818,927,396
31,37,34,46,627,684,396
28,28,92,51,694,774,396
48,40,67,43,671,722,397
165,157,110,104,798,892,397
28,35,32,36,642,702,397
77,92,48,78,685,746,397
46,44,55,54,666,742,397
379,308,351,263,924,1023,397
258,112,398,235,883,1007,397
531,312,503,287,923,1023,397
706,522,504,340,946,1023,397
23,39,8,37,582,621,397
137,90,111,84,739,813,397
215,123,325,190,844,954,397
63,76,38,73,636,685,397
39,41,101,90,750,833,397
411,207,233,126,857,974,397
54,62,63,81,713,757,397
39,53,25,39,672,747,397
81,88,73,58,733,829,397
232,194,222,157,824,919,397
1023,982,1023,747,1023,1023,397
302,177,326,196,893,1018,397
28,28,113,74,726,820,397
106,107,154,153,760,856,397
133,76,254,113,839,955,397
47,40,120,108,762,852,398
11,21,17,34,551,616,398
31,40,3,29,688,752,398
66,47,79,46,721,789,398
52,53,76,70,735,822,398
70,44,89,35,727,807,398
72,60,113,83,783,875,398
48,59,19,45,657,732,398
37,49,63,53,672,771,398
117,123,68,99,733,815,398
104,108,196,172,800,897,398
25,30,42,36,619,668,398
20,26,53,36,636,684,398
464,220,518,282,931,1023,398
175,77,288,119,850,965,398
77,56,161,85,782,865,398
35,33,42,46,647,714,398
107,95,145,88,774,878,398
47,63,4,33,619,654,398
28,31,30,41,631,691,398
152,130,184,150,820,937,398
10,20,19,38,587,580,398
23,32,35,46,580,633,398
61,63,82,49,718,792,398
157,117,198,153,824,939,398
267,218,238,172,835,955,398
22,26,51,65,641,697,398
224,202,196,163,831,949,399
88,73,128,102,748,846,399
50,38,53,41,702,780,399
7,20,0,30,354,474,399
30,32,39,50,657,697,399
77,79,105,64,740,814,399
415,289,402,246,900,1023,399
52,51,55,61,646,707,399
201,102,209,82,813,925,399
31,47,15,53,573,602,399
10,23,18,28,570,614,399
47,63,17,62,542,607,399
10,21,18,43,583,630,399
291,227,245,170,847,962,399
40,32,61,46,705,796,399
10,23,15,50,512,517,399
45,45,58,48,692,759,399
61,62,89,28,707,751,399
25,40,32,32,636,682,399
114,127,40,80,687,742,399
1023,754,946,652,1023,1023,399
20,32,0,21,407,431,399
91,87,71,86,714,784,399
65,31,104,44,752,828,399
124,95,167,84,802,902,399
98,75,174,102,803,911,399
78,75,58,50,663,737,399
109,104,151,170,807,906,399
28,42,0,25,616,689,399
105,96,78,53,740,824,399
182,101,106,54,797,898,399
218,190,164,117,832,935,399
52,61,39,59,672,739,399
954,411,695,298,985,1023,399
133,127,99,85,787,907,399
70,49,103,43,755,836,399
661,303,550,265,956,1023,399
243,160,175,106,831,943,399
57,63,48,64,685,759,399
54,60,53,56,670,723,399
80,91,57,83,701,765,399
39,51,13,53,621,686,400
146,124,75,59,739,806,400
90,78,117,73,795,887,400
223,155,130,82,809,932,400
14,25,40,59,635,665,400
255,180,302,240,907,1023,400
963,460,819,369,1000,1023,400
115,116,96,116,744,821,400
513,429,422,333,936,1023,400
629,375,689,345,974,1023,400
136,120,159,105,808,918,400
101,101,59,81,724,812,400
23,30,35,53,624,689,400
501,367,503,330,924,1023,400
19,30,52,35,681,730,400
118,118,98,119,735,826,400
1023,1021,1023,617,1023,1023,400
86,86,76,82,704,780,400
91,89,140,128,748,818,400
274,187,360,272,891,1020,400
45,55,47,59,673,738,400
991,736,729,554,1022,1023,400
15,20,35,37,616,652,401
191,134,153,102,791,901,401
18,20,42,33,633,670,401
10,22,0,26,327,443,401
55,41,40,43,677,773,401
906,431,502,220,953,1023,401
34,44,16,46,605,687,401
325,199,273,152,867,995,401
63,55,126,84,807,933,401
12,23,9,22,575,594,401
26,20,57,35,662,725,401
575,242,427,164,913,1023,401
74,42,146,84,775,869,401
13,21,45,61,590,656,401
107,68,200,139,820,938,401
32,33,61,36,642,703,401
50,50,101,88,714,811,401
71,73,64,57,700,754,401
20,33,0,26,489,509,401
71,59,121,95,733,830,401
34,39,37,45,641,707,401
158,80,192,68,815,926,401
487,398,470,396,924,1023,401
157,103,239,108,808,912,401
8,22,0,23,298,0,401
24,38,0,35,609,658,402
32,46,15,40,596,652,402
168,161,215,194,801,909,402
86,99,52,87,673,742,402
89,50,115,71,772,878,402
42,39,37,53,650,713,402
199,173,190,120,817,926,402
23,20,67,38,663,718,402
70,39,166,104,781,872,402
239,163,230,171,836,957,402
34,49,23,65,585,650,402
11,23,6,33,512,576,402
301,242,272,170,846,964,402
114,121,197,185,787,906,402
223,163,237,175,844,965,402
439,198,439,228,915,1023,402
246,123,268,157,841,960,402
112,107,139,94,773,872,402
27,37,73,54,702,783,402
80,81,76,78,696,774,402
72,66,125,86,792,878,402
367,327,339,294,883,1012,402
39,52,58,63,650,725,402
48,55,81,75,737,790,402
208,180,212,174,861,990,402
28,23,83,63,730,806,402
8,20,37,46,588,628,402
24,26,60,35,648,706,402
887,479,786,356,998,1023,402
24,23,39,30,623,703,402
143,116,151,90,781,874,402
372,246,422,256,911,1023,402
39,51,50,68,682,736,402
22,29,47,34,641,686,402
11,22,43,46,664,709,402
245,209,265,220,852,968,402
121,121,141,112,756,836,402
70,41,150,91,774,865,403
643,302,529,264,972,1023,403
13,28,20,40,595,664,403
125,94,189,126,800,900,403
266,229,186,177,838,954,403
177,102,210,105,796,898,403
152,131,153,93,815,921,403
24,35,69,40,665,727,403
37,26,73,34,722,793,403
16,26,49,48,687,735,403
90,99,151,138,734,825,403
111,74,137,62,785,872,403
62,60,102,65,734,803,403
518,336,576,263,938,1023,403
75,87,62,96,695,773,403
59,44,61,42,689,753,403
259,171,314,245,880,1007,403
167,178,85,119,743,808,403
154,144,136,148,797,893,403
66,73,84,93,725,800,403
217,126,263,129,834,943,403
83,79,185,161,777,865,403
42,57,29,55,641,706,403
133,132,130,110,813,935,403
28,24,69,40,710,777,403
186,160,162,141,806,907,403
268,192,285,184,860,974,403
360,227,346,140,875,1003,403
95,92,46,71,692,766,403
1023,823,1023,556,1023,1023,403
123,116,146,110,779,876,403
87,75,35,56,731,815,403
98,86,118,112,762,855,403
339,213,262,160,863,978,403
120,118,94,77,726,812,403
25,23,64,60,650,732,403
87,99,101,113,720,798,403
20,29,61,49,662,724,403
157,122,80,57,739,848,403
215,135,231,159,849,971,403
10,23,12,36,545,611,403
1023,761,938,618,1023,1023,403
232,195,331,231,851,967,403
263,135,247,135,861,986,403
136,135,131,139,766,869,403
175,104,201,156,810,913,404
107,61,152,96,809,911,404
47,44,26,45,635,701,404
518,269,443,210,905,1023,404
499,368,384,225,908,1023,404
108,119,56,91,711,795,404
312,243,366,288,890,1023,404
119,93,202,138,769,882,404
50,57,14,38,619,712,404
67,74,88,107,732,808,404
72,81,45,55,677,748,404
35,30,54,41,655,735,404
25,30,53,55,653,708,404
23,23,38,48,612,642,404
52,30,87,53,715,800,404
237,110,272,121,831,956,404
74,86,44,64,707,765,404
153,156,106,114,748,862,404
29,40,20,45,618,672,404
175,91,177,62,799,911,404
38,43,57,40,680,740,404
54,39,28,32,658,734,404
142,147,89,89,749,829,404
153,135,148,105,770,868,404
470,166,427,131,910,1023,404
67,47,72,37,696,773,404
205,189,145,139,801,910,404
57,38,163,120,781,888,405
29,46,0,40,473,534,405
332,277,228,166,848,972,405
15,29,15,41,566,605,405
21,27,30,33,668,711,405
179,152,195,156,820,925,405
25,36,31,56,546,605,405
24,40,38,53,574,604,405
129,80,134,78,761,873,405
28,43,34,66,641,720,405
8,21,18,39,561,587,405
1023,1021,1023,585,1023,1023,405
89,105,34,60,663,752,405
15,24,27,19,508,581,405
55,56,58,62,689,746,405
22,35,0,28,499,434,405
26,40,11,41,509,604,405
172,144,174,156,840,951,405
62,40,57,40,679,758,406
42,50,81,98,719,795,406
38,53,32,55,592,633,406
123,96,95,74,755,839,406
57,58,55,52,681,742,406
138,132,104,115,771,856,406
68,78,77,87,682,755,406
35,45,91,99,708,789,406
238,125,279,116,847,973,406
46,59,74,111,665,750,406
22,26,51,46,700,781,406
25,34,5,34,581,635,406
145,72,186,52,810,918,406
152,109,109,64,766,857,406
60,48,221,199,815,936,406
153,80,228,111,830,947,406
460,350,624,500,952,1023,406
242,137,224,121,845,961,406
141,99,124,76,756,852,406
7,20,5,20,511,546,406
59,52,118,72,710,793,406
10,21,7,39,591,684,406
42,53,21,40,563,630,406
186,128,196,121,805,931,406
759,460,755,427,985,1023,407
37,52,19,39,589,622,407
326,232,527,401,915,1023,407
29,44,10,45,559,635,407
91,84,75,54,720,819,407
91,65,155,83,789,886,407
13,29,0,19,275,465,407
10,20,33,31,599,634,407
295,227,324,241,888,1014,407
146,129,99,71,773,868,407
55,68,55,66,697,746,407
187,152,211,168,812,924,407
28,35,23,44,629,687,407
14,28,45,52,628,680,407
29,26,26,26,665,713,407
64,66,78,45,689,769,407
15,22,3,27,435,486,407
65,55,87,72,691,783,408
25,37,37,57,620,683,408
84,93,51,74,673,726,408
156,82,166,124,818,924,408
9,22,0,20,548,567,408
286,166,290,175,865,989,408
63,60,108,95,735,823,408
1023,367,1023,429,1023,1023,408
16,23,45,46,655,706,408
23,28,18,25,598,611,408
28,43,0,25,537,643,408
28,32,46,47,641,711,408
22,32,0,18,459,567,408
327,231,430,350,918,1023,408
35,39,78,72,672,713,408
15,22,64,65,606,672,408
170,141,174,123,778,872,408
211,214,145,165,785,879,408
74,85,95,117,722,801,408
30,39,49,41,611,686,408
599,318,626,357,960,1023,408
81,60,160,79,761,851,408
17,30,40,63,645,709,408
193,135,450,337,895,1023,408
709,526,698,486,987,1023,408
41,49,75,82,631,689,409
31,24,49,38,636,708,409
167,122,137,77,802,893,409
935,480,570,293,964,1023,409
39,52,33,59,658,739,409
87,100,64,86,706,775,409
445,237,432,250,918,1023,409
48,53,100,89,716,813,409
52,68,24,48,667,720,409
218,126,257,123,852,965,409
24,25,162,95,749,847,409
351,192,366,218,885,1013,409
259,93,320,134,879,1004,409
178,113,198,149,834,954,409
8,21,27,53,574,589,409
58,67,60,73,662,713,409
203,149,165,115,803,901,409
33,45,48,47,642,719,409
61,47,65,51,727,813,409
824,575,576,358,970,1023,409
58,50,50,38,723,806,409
41,37,56,47,645,715,409
210,145,208,123,816,921,409
11,22,0,21,460,514,409
68,79,45,74,711,778,409
111,81,199,130,816,923,409
119,132,71,103,683,776,409
137,52,189,58,810,924,409
25,20,17,19,604,613,409
294,235,400,351,912,1023,409
8,22,0,28,272,536,409
177,119,273,186,856,975,409
54,60,60,62,629,707,409
13,20,27,39,573,608,409
37,47,57,56,681,758,409
23,32,38,58,680,746,409
27,29,40,31,655,742,409
19,33,22,55,547,581,409
408,247,640,329,960,1023,409
25,33,51,49,657,724,409
90,105,95,88,709,791,409
201,117,270,134,835,946,409
84,93,51,53,677,755,409
39,47,64,59,681,759,409
111,93,131,79,775,875,409
55,53,89,97,697,779,409
56,59,70,71,752,834,409
129,67,178,103,791,888,409
117,103,121,104,778,872,409
1023,1021,912,682,1023,1023,409
59,43,29,34,704,779,409
65,71,58,58,694,760,410
39,43,52,38,712,806,410
37,34,69,67,716,798,410
62,56,105,80,721,805,410
25,32,21,27,586,622,410
37,48,34,64,595,651,410
145,96,262,180,865,981,410
9,20,26,43,559,601,410
75,58,171,121,800,912,410
13,24,33,42,599,655,410
253,172,380,219,882,1020,410
34,43,28,35,651,706,410
52,32,98,34,724,809,410
11,25,20,36,490,511,410
21,27,22,37,627,690,410
69,68,39,47,608,663,410
129,125,81,104,744,834,410
122,123,92,101,737,823,410
180,168,163,147,801,915,410
154,107,306,192,859,973,410
29,35,6,36,625,697,410
7,22,13,28,532,562,410
299,247,222,162,849,960,410
44,51,51,65,636,699,410
20,34,21,33,646,689,410
87,89,155,121,769,845,410
134,99,150,120,802,896,410
792,584,472,308,936,1023,411
173,118,181,125,838,940,411
57,75,2,38,505,593,411
69,66,93,67,727,812,411
13,25,32,51,485,471,411
75,74,99,113,729,810,411
230,220,160,167,810,912,411
272,199,180,77,819,924,411
31,45,78,75,695,739,411
15,24,50,53,657,726,411
312,173,216,93,850,972,411
32,39,44,38,679,726,411
69,71,98,108,729,797,411
154,132,167,162,835,940,411
54,64,27,37,642,686,411
50,58,61,81,677,736,411
33,44,15,27,585,647,411
31,23,72,30,678,741,411
97,111,88,89,726,801,411
25,22,89,57,666,724,411
35,50,15,37,632,723,411
106,104,152,147,804,897,411
386,176,353,156,915,1023,411
28,23,54,35,696,768,412
116,105,124,93,759,841,412
34,49,106,106,723,797,412
138,106,182,150,794,895,412
52,50,71,54,709,779,412
99,103,115,119,771,860,412
121,112,118,75,754,830,412
26,37,21,34,578,630,412
51,49,89,51,723,806,412
92,79,65,43,705,771,412
29,27,58,43,679,729,412
363,226,345,209,886,1016,412
33,40,39,35,693,769,412
155,128,300,269,860,984,412
39,54,20,56,596,681,412
75,82,86,97,695,750,412
24,34,63,86,670,731,412
50,57,52,78,665,713,412
33,44,26,46,590,615,412
70,60,65,54,693,780,412
155,146,116,133,831,944,412
84,81,54,65,739,819,412
21,22,20,26,626,697,412
98,86,93,73,730,817,412
25,31,17,29,569,569,412
244,129,360,211,886,1022,412
43,27,73,36,708,784,412
225,159,277,170,830,944,412
204,179,271,224,842,954,412
188,190,156,172,772,865,412
113,108,69,91,739,835,412
156,108,170,101,816,927,412
63,58,32,35,677,749,412
39,44,38,36,650,730,412
163,106,205,133,820,946,412
148,120,160,163,816,931,412
21,25,26,38,577,598,412
44,55,54,73,657,723,412
178,141,172,131,808,902,413
26,39,3,41,561,618,413
80,77,25,31,662,725,413
30,45,0,25,551,577,413
188,139,332,199,877,994,413
33,40,63,54,667,727,413
152,94,151,87,808,904,413
76,80,131,146,742,822,413
13,28,39,52,614,670,413
71,59,125,76,751,847,413
82,96,46,67,662,728,413
79,61,141,90,772,848,413
278,174,308,179,868,1004,413
9,23,4,27,458,507,413
504,293,500,216,950,1023,413
798,337,771,317,988,1023,413
206,141,249,171,845,954,413
31,31,63,35,649,702,413
442,259,474,246,921,1023,413
56,55,62,53,705,753,414
255,173,276,185,844,954,414
45,54,28,52,676,770,414
1023,647,722,455,981,1023,414
12,21,0,14,536,523,414
62,78,21,70,653,729,414
243,216,197,192,838,937,414
107,106,71,81,742,816,414
293,183,273,180,858,975,414
25,29,87,67,745,823,414
256,173,282,173,898,1023,414
231,107,273,104,844,955,414
198,166,257,204,836,940,414
46,58,57,77,701,762,414
15,27,0,29,575,641,414
42,47,18,19,619,669,414
101,61,114,69,756,857,414
110,120,25,56,715,788,414
15,20,10,17,586,663,414
471,262,480,253,918,1023,414
155,95,176,89,826,923,414
909,689,664,525,988,1023,414
72,71,119,110,753,828,414
24,37,21,26,614,643,414
20,21,9,18,602,616,415
250,198,288,221,883,1014,415
20,29,43,60,596,643,415
71,54,122,54,754,839,415
59,53,53,48,683,756,415
9,20,11,15,630,680,415
22,32,40,55,608,679,415
35,48,31,49,620,663,415
235,216,171,145,827,940,415
131,65,245,92,827,942,415
408,270,466,270,944,1023,415
20,32,19,39,527,607,415
40,49,58,61,638,677,415
78,71,126,108,771,869,415
101,111,85,92,696,756,415
55,40,70,55,690,777,415
182,137,275,190,822,928,415
99,107,78,111,741,836,415
567,376,795,571,995,1023,415
137,121,148,126,793,894,415
6,20,11,35,490,471,415
46,49,55,47,675,726,415
62,60,46,47,684,742,415
85,96,46,55,664,735,415
180,160,99,65,803,895,415
64,68,72,73,739,818,415
96,84,128,127,779,866,415
171,126,163,128,827,927,415
17,22,68,56,728,809,415
73,34,113,50,781,891,415
100,113,44,82,696,793,415
261,246,150,157,847,972,415
59,62,61,68,680,728,415
88,86,70,70,727,803,415
1023,653,1023,495,1023,1023,415
14,24,45,40,632,650,415
28,44,4,30,584,562,415
178,125,294,190,857,977,415
725,455,666,389,976,1023,415
591,344,500,235,919,1023,415
69,37,118,39,734,805,416
64,62,78,71,692,756,416
89,62,181,135,775,864,416
178,146,286,255,851,971,416
243,201,208,165,832,942,416
70,71,63,85,695,771,416
142,142,184,180,799,902,416
53,55,0,16,597,637,416
177,95,276,113,836,944,416
7,21,17,28,542,527,416
41,34,65,30,686,728,416
97,110,85,123,675,721,416
14,24,2,13,590,668,416
94,76,154,79,787,876,416
99,98,123,112,764,856,416
97,52,179,111,778,873,416
125,114,186,159,808,912,416
251,137,222,118,841,943,416
107,112,82,90,764,855,416
12,22,12,23,544,595,416
19,34,22,36,572,587,416
200,110,231,86,848,954,416
115,53,166,94,822,944,416
100,70,148,87,777,885,416
37,50,2,31,540,592,416
29,35,14,34,651,687,416
163,156,145,152,775,869,416
111,58,198,84,830,933,417
279,225,196,134,828,927,417
37,37,63,42,687,734,417
56,52,82,61,725,771,417
555,215,424,111,903,1023,417
108,87,172,99,782,896,417
34,32,61,27,700,750,417
61,41,36,39,619,741,417
79,82,116,107,756,843,417
43,40,69,27,714,799,417
12,27,0,40,496,544,417
503,350,477,333,935,1023,417
139,108,99,83,738,831,417
36,50,18,44,649,716,417
13,25,0,17,369,418,417
32,44,53,80,648,690,417
119,113,160,146,772,850,417
27,26,44,28,642,666,417
55,54,102,56,724,791,417
195,174,187,135,791,885,417
109,101,54,77,738,801,417
23,36,41,36,654,718,417
18,29,51,80,684,742,417
156,128,222,146,805,899,417
27,40,10,40,548,569,417
16,23,37,30,662,717,417
23,20,54,43,634,711,417
11,25,2,30,504,431,417
83,88,128,123,742,828,417
43,54,24,43,668,716,418
24,34,15,34,622,673,418
31,22,52,46,687,777,418
76,84,94,99,733,815,418
106,82,123,94,758,845,418
258,136,328,127,858,972,418
85,78,125,119,744,846,418
14,27,16,30,441,484,418
80,66,55,81,692,775,418
867,548,814,516,1002,1023,418
43,52,65,70,692,731,418
45,46,75,71,694,758,418
86,94,52,79,722,801,418
19,29,5,27,542,587,418
20,22,32,23,618,685,418
69,73,24,41,678,741,418
120,91,213,170,804,903,418
18,31,0,24,395,315,418
193,87,226,107,823,934,418
116,113,122,135,755,833,418
93,78,80,95,720,804,418
18,26,15,32,569,594,418
45,39,27,33,640,683,418
76,74,134,114,773,871,418
90,55,27,42,641,730,418
97,90,105,99,742,827,418
174,138,224,155,808,920,418
476,362,488,383,925,1023,419
129,97,111,68,775,872,419
189,104,194,96,821,930,419
9,24,0,19,0,0,419
10,22,23,17,620,650,419
31,39,57,70,676,712,419
30,27,62,57,648,744,419
28,38,2,23,538,583,419
97,85,161,104,766,854,419
452,272,651,418,935,1023,419
153,124,212,189,822,948,419
33,42,105,95,727,811,419
13,25,0,22,552,594,419
1023,988,1023,633,1023,1023,419
107,111,112,119,778,878,419
1023,938,1023,784,1023,1023,419
20,34,46,64,598,658,419
11,23,16,34,563,534,419
53,66,29,29,648,704,419
277,183,325,232,886,1017,419
30,40,22,28,564,648,419
366,265,347,238,884,1005,419
45,47,76,62,664,718,419
9,21,17,45,525,597,419
11,20,15,27,634,674,419
76,60,146,125,764,861,419
569,289,744,331,970,1023,419
1023,667,920,489,1023,1023,419
14,29,10,36,0,452,419
278,145,333,146,887,1020,419
295,237,240,181,848,963,419
34,31,55,40,729,810,419
317,283,267,218,836,948,419
77,75,108,83,771,870,419
212,163,338,272,863,988,419
47,39,100,72,744,833,419
40,51,69,62,713,805,419
60,64,98,92,732,808,419
66,65,70,62,714,804,419
26,36,67,64,719,786,419
214,131,299,162,857,975,419
14,20,22,23,687,787,419
81,75,108,74,803,902,419
7,20,7,24,504,582,419
69,67,126,140,726,817,420
375,188,376,241,922,1023,420
106,103,25,22,702,773,420
16,28,19,36,599,682,420
218,173,165,161,798,904,420
217,177,223,167,857,982,420
105,95,127,135,793,908,420
65,59,62,30,718,800,420
208,157,284,197,882,1014,420
18,31,22,28,575,625,420
82,84,107,96,739,835,420
228,120,248,137,853,958,420
326,243,281,222,902,1023,420
8,20,0,19,473,469,420
35,30,99,52,708,788,420
25,40,3,37,538,567,420
142,134,174,164,805,905,420
303,157,280,146,862,981,420
53,65,19,51,667,731,420
89,94,29,48,711,784,420
46,53,51,38,646,732,420
286,260,257,240,870,996,420
42,39,51,50,646,676,420
24,39,9,49,519,523,420
352,341,224,241,842,970,420
105,111,82,91,715,794,420
30,29,38,27,655,713,420
89,90,114,112,710,789,420
21,25,3,20,508,560,421
33,37,18,34,559,632,421
131,124,177,197,796,910,421
12,27,0,36,0,423,421
32,36,58,56,655,738,421
100,80,96,69,733,816,421
83,43,84,37,722,803,421
430,338,523,410,923,1023,421
176,131,170,129,794,898,421
70,38,151,67,757,845,421
20,25,74,46,644,722,421
58,71,22,62,643,721,421
22,23,56,45,648,699,421
1023,1021,1023,569,1023,1023,421
49,53,84,96,729,800,421
14,26,37,43,632,665,421
7,20,2,24,545,630,421
55,29,91,53,738,849,421
607,377,562,407,951,1023,421
73,48,61,66,719,805,421
74,85,73,100,713,770,421
370,253,371,175,876,1007,421
608,426,719,539,995,1023,421
37,34,36,45,677,731,421
12,23,45,45,643,723,421
198,107,327,204,864,999,421
28,40,45,47,628,682,421
43,50,46,54,706,778,421
121,102,68,67,745,832,421
16,29,40,34,616,680,421
25,39,40,64,658,720,421
148,127,155,132,792,888,422
173,130,314,253,875,1000,422
42,58,0,43,565,605,422
21,37,39,42,593,652,422
21,33,54,65,669,745,422
185,129,244,173,860,982,422
36,32,104,41,731,807,422
102,116,58,72,700,773,422
998,576,654,407,979,1023,422
32,34,67,63,699,761,422
73,48,132,80,776,881,422
187,170,184,166,800,905,422
72,53,96,56,733,802,422
1023,623,819,308,1001,1023,422
403,153,534,259,938,1023,422
12,20,52,31,654,728,422
33,37,53,40,623,667,422
14,27,27,52,548,598,422
113,95,158,106,792,881,422
508,386,381,303,928,1023,422
841,445,906,372,999,1023,422
197,184,118,114,760,845,422
120,131,91,119,738,808,422
62,55,46,34,685,762,422
10,25,0,26,459,478,422
173,171,125,158,768,858,422
71,89,17,40,644,679,422
30,43,53,76,672,730,422
241,127,246,113,832,946,422
93,54,94,64,783,865,422
12,21,74,61,677,739,422
103,74,126,84,775,867,422
215,181,105,69,798,896,422
35,45,54,50,605,630,422
220,207,189,162,837,947,422
48,41,85,49,651,723,422
111,109,179,146,815,913,423
1023,639,1023,432,1023,1023,423
25,24,59,32,669,741,423
38,52,27,50,660,701,423
23,34,49,54,649,729,423
31,47,0,33,539,614,423
149,62,133,64,790,894,423
197,99,226,110,810,934,423
139,77,132,77,742,837,423
135,96,114,94,817,940,423
29,33,105,83,733,823,423
52,45,164,82,749,840,423
192,134,269,124,858,985,423
50,40,52,46,680,743,423
72,89,39,69,643,710,423
57,44,124,77,789,893,423
66,64,67,53,688,767,423
21,30,74,63,663,724,423
116,109,202,208,805,909,423
852,404,726,350,994,1023,423
17,29,27,57,654,722,423
67,59,125,61,736,805,423
21,27,81,66,689,767,423
70,63,133,113,780,881,423
52,41,50,38,677,762,423
252,230,235,244,841,954,424
277,220,291,203,856,983,424
572,361,408,182,908,1023,424
41,44,23,24,606,678,424
26,37,30,37,661,717,424
83,85,127,130,772,861,424
121,75,144,82,764,862,424
14,26,11,43,347,502,424
22,26,70,56,677,736,424
14,28,0,23,475,565,424
52,42,46,46,638,686,424
42,29,121,55,737,816,424
60,73,62,72,708,776,424
187,109,184,113,811,922,424
24,35,45,58,630,719,424
89,82,86,69,750,832,424
271,148,183,83,820,921,424
39,48,46,43,589,627,424
540,408,370,326,935,1023,424
161,92,250,112,826,936,424
93,88,128,81,776,878,424
26,35,75,79,731,793,424
151,141,193,178,823,928,424
162,84,197,91,815,932,424
36,46,38,56,690,749,425
39,31,91,58,721,782,425
20,26,29,31,601,673,425
26,28,100,46,726,808,425
144,149,117,118,787,876,425
41,51,64,53,676,725,425
51,44,112,64,728,790,425
139,129,133,126,779,875,425
110,100,180,130,788,881,425
49,30,74,46,703,783,425
82,39,134,61,756,852,425
617,384,727,541,1001,1023,425
92,70,99,84,724,788,425
17,24,62,53,670,748,425
70,62,63,60,682,717,425
1023,833,1023,432,1023,1023,425
202,156,251,179,839,950,425
786,428,686,362,976,1023,425
122,117,131,153,815,917,425
189,91,106,53,775,867,425
33,27,88,43,699,763,425
198,164,335,238,857,966,425
33,50,14,30,620,614,425
111,115,122,86,733,793,425
82,76,139,111,758,841,425
89,70,124,70,765,850,425
278,162,253,117,838,954,425
162,158,129,131,791,891,425
12,21,27,40,559,607,425
783,558,827,485,1015,1023,425
57,54,61,56,707,775,425
144,123,226,208,845,958,425
16,24,50,36,621,661,425
60,64,98,90,769,852,425
111,64,161,111,834,960,425
259,123,269,156,857,977,425
56,59,98,88,715,794,426
60,55,64,32,712,797,426
49,36,142,120,752,837,426
38,44,32,41,626,685,426
25,32,14,24,579,636,426
72,83,61,84,666,739,426
852,315,775,318,976,1023,426
8,21,8,14,575,583,426
253,237,231,204,830,947,426
92,89,90,77,750,823,426
232,115,138,66,792,911,426
63,59,137,157,759,859,426
106,118,48,93,684,765,426
35,24,56,49,667,747,426
174,151,96,99,778,883,426
112,89,138,122,746,832,426
144,83,212,99,832,943,426
558,408,552,393,941,1023,426
254,121,214,119,835,954,426
53,29,58,36,671,747,426
17,23,35,46,582,599,427
286,244,278,245,861,992,427
32,40,20,49,607,638,427
170,155,222,195,821,926,427
154,119,114,98,766,852,427
188,176,225,177,820,926,427
56,54,80,90,695,752,427
533,320,439,209,939,1023,427
47,51,41,57,651,727,427
873,599,745,523,1023,1023,427
70,65,79,58,821,948,427
23,32,5,24,599,640,427
363,266,424,298,947,1023,427
66,60,127,50,722,800,427
211,107,246,118,864,989,427
12,28,0,31,0,318,427
52,32,95,36,704,790,427
82,93,78,106,719,802,427
183,139,228,152,854,984,427
105,68,116,97,763,859,427
86,54,76,36,741,828,427
492,288,352,222,896,1023,427
9,20,0,10,478,470,428
26,26,37,32,606,632,428
65,75,39,67,648,696,428
30,46,36,69,542,599,428
12,26,9,38,556,586,428
92,73,173,116,775,862,428
13,25,28,50,603,732,428
256,208,271,222,882,1011,428
43,35,109,68,702,772,428
57,48,62,46,677,747,428
133,93,131,95,749,845,428
25,23,148,94,745,847,428
8,21,0,17,402,244,428
95,93,157,150,782,876,428
167,78,246,146,811,916,428
112,102,163,125,796,899,428
77,80,86,101,741,823,428
22,36,17,58,490,584,428
36,44,29,39,643,713,428
6,21,0,25,0,104,428
55,34,83,48,724,809,428
85,79,129,108,743,821,428
17,23,63,67,701,733,428
267,103,293,98,866,987,428
130,89,213,131,814,918,428
36,45,90,99,704,800,428
370,209,288,111,873,999,428
140,135,121,115,784,867,428
89,105,75,85,742,819,428
126,139,42,67,713,781,428
68,70,128,94,736,814,428
461,356,388,280,899,1023,428
349,196,228,112,853,982,428
34,48,21,25,621,666,428
174,150,233,173,829,934,428
15,21,65,30,652,738,428
326,232,278,166,854,969,428
189,151,204,165,822,923,428
63,65,47,48,676,753,428
99,60,132,74,747,849,428
765,458,704,340,979,1023,428
31,21,51,34,677,739,428
139,124,137,115,785,876,428
40,29,118,66,723,812,429
35,40,68,66,672,737,429
21,25,59,46,682,740,429
180,111,188,105,796,902,429
18,26,24,28,657,702,429
119,61,167,66,782,884,429
30,47,0,31,407,429,429
128,96,101,82,714,788,429
63,50,88,48,732,810,429
385,267,296,178,881,1021,429
29,36,20,46,556,575,429
34,48,45,41,668,716,429
124,116,146,126,788,888,429
24,36,20,35,550,595,429
17,33,24,44,542,580,429
135,129,146,134,799,903,429
351,176,309,172,863,996,429
211,180,182,138,847,964,429
1023,799,1023,511,1023,1023,429
15,22,26,34,557,572,429
19,29,43,40,612,659,429
399,318,375,293,898,1023,429
20,31,23,54,621,641,429
31,23,73,39,667,725,429
135,110,107,71,752,850,429
238,193,247,178,845,958,430
94,68,186,74,800,906,430
73,65,93,72,724,796,430
28,38,37,40,631,637,430
53,61,57,44,686,754,430
36,44,37,44,564,573,430
83,79,168,143,775,889,430
72,88,76,106,660,707,430
278,197,428,279,893,1023,430
238,133,180,80,817,924,430
23,36,22,25,607,645,430
105,80,128,66,783,884,430
8,23,0,30,389,422,430
46,62,23,50,596,670,430
335,302,344,314,915,1023,430
22,27,58,41,659,699,430
124,66,166,64,837,985,430
142,143,134,153,761,864,430
10,24,1,24,383,395,430
38,50,27,60,618,668,430
34,34,61,40,680,737,430
92,86,82,80,743,829,430
420,143,355,114,896,1022,430
31,32,42,43,622,681,431
33,24,84,69,729,821,431
381,162,306,92,869,988,431
22,31,84,88,707,780,431
131,132,167,148,794,887,431
13,28,0,13,485,529,431
74,47,83,60,716,791,431
127,97,106,70,765,849,431
44,43,56,42,663,707,431
82,80,119,103,780,859,431
74,45,130,67,744,825,431
230,142,349,255,865,980,431
26,25,52,48,654,718,431
53,55,12,38,618,630,431
119,125,111,102,762,850,431
56,44,74,56,712,797,431
17,27,43,41,585,657,431
74,61,118,87,738,815,431
508,275,707,386,982,1023,431
33,50,23,40,581,646,431
150,137,209,207,833,941,431
84,60,79,55,692,774,431
22,30,22,31,609,678,431
25,33,48,44,631,701,431
243,87,191,78,821,932,431
30,24,63,43,685,754,431
85,45,125,44,756,845,431
95,79,128,75,809,948,431
26,41,9,32,572,627,431
27,37,30,46,669,718,431
30,42,43,62,618,677,431
185,108,181,135,840,963,432
45,39,73,79,704,807,432
232,131,260,152,845,967,432
70,73,62,46,715,796,432
55,34,72,30,722,801,432
157,99,145,85,760,856,432
37,38,48,54,671,747,432
389,353,222,203,853,973,432
90,66,131,54,761,846,432
21,34,5,22,436,422,432
76,81,114,126,746,827,432
653,505,463,376,944,1023,432
140,105,166,110,786,898,432
24,25,27,33,601,660,432
582,379,505,266,925,1023,432
96,79,182,134,801,914,432
24,20,35,31,658,697,432
62,75,50,74,665,735,432
73,54,36,48,651,762,432
33,29,49,27,673,731,432
27,20,31,25,629,707,432
155,98,179,105,803,904,432
513,264,347,130,883,1015,432
44,45,35,31,701,772,432
50,59,57,51,713,778,432
87,76,116,103,775,872,432
15,22,8,22,557,621,432
47,54,30,63,630,683,432
18,31,10,33,514,530,432
13,23,43,56,682,732,433
34,24,47,35,692,780,433
109,66,185,90,778,863,433
361,156,525,222,940,1023,433
180,162,206,189,828,933,433
69,77,38,66,700,764,433
28,36,92,86,733,826,433
89,79,148,98,803,896,433
122,69,144,129,763,852,433
19,32,25,34,635,668,433
33,35,85,75,682,741,433
41,36,70,48,723,789,433
8,20,26,36,562,610,433
26,27,39,40,617,650,433
209,177,205,152,828,930,433
24,28,59,70,660,711,433
339,235,298,196,883,1009,433
27,26,86,63,720,795,433
22,26,45,33,655,707,433
38,37,23,23,657,710,433
39,45,37,42,641,703,433
264,186,260,178,837,942,433
91,92,164,175,757,850,433
309,236,389,300,903,1023,433
20,27,53,79,645,692,433
26,28,61,45,691,752,434
151,143,140,137,797,889,434
249,190,265,221,845,960,434
26,22,49,27,615,630,434
15,26,27,29,623,655,434
58,64,74,70,678,745,434
93,40,186,61,806,915,434
45,54,117,96,760,833,434
16,30,10,40,538,491,434
582,281,593,272,949,1023,434
114,104,110,74,763,841,434
26,34,5,24,603,666,434
92,87,92,81,753,840,434
17,24,52,37,628,668,434
10,22,26,47,574,589,434
7,20,49,50,609,668,434
50,61,79,86,695,749,434
69,74,70,66,733,824,434
20,23,43,48,670,751,434
20,27,53,30,641,687,434
41,43,123,128,744,832,434
98,81,128,105,771,851,434
23,35,19,28,539,544,434
276,180,310,167,877,1000,434
45,57,70,92,712,772,434
108,107,84,77,693,761,434
25,27,102,91,692,767,434
21,30,19,34,547,607,434
35,50,12,34,603,655,434
35,36,62,44,660,708,435
681,387,912,495,1023,1023,435
21,24,42,27,644,721,435
247,166,294,201,858,980,435
78,38,96,34,733,833,435
28,40,39,52,596,602,435
39,38,55,42,660,714,435
14,21,52,63,597,660,435
107,101,200,140,815,926,435
315,164,237,131,857,990,435
465,275,552,308,958,1023,435
31,45,2,33,603,632,435
344,168,287,157,885,1019,435
25,38,19,27,562,595,435
68,83,3,25,622,665,435
9,22,26,40,522,501,435
50,49,132,123,751,842,435
190,135,217,127,814,927,435
35,22,63,43,684,745,435
25,29,46,33,638,734,435
225,201,267,194,834,945,435
61,73,40,46,672,718,435
303,281,234,162,839,959,435
15,27,28,59,585,644,435
182,185,90,98,739,821,435
147,153,119,125,745,830,435
165,138,259,228,850,977,435
62,67,66,60,727,807,435
15,29,7,37,589,639,435
365,321,293,272,872,1005,435
1023,879,1023,700,1023,1023,435
265,126,230,114,840,951,435
201,165,271,229,845,967,435
107,80,94,69,755,850,436
206,135,204,144,849,1004,436
9,20,24,40,610,640,436
143,83,136,69,785,876,436
89,65,241,188,810,917,436
39,56,30,56,636,714,436
25,38,50,84,648,712,436
13,24,25,36,531,560,436
11,20,59,48,663,732,436
353,207,393,237,917,1023,436
25,30,43,36,681,738,436
41,33,57,39,672,740,436
102,97,104,93,771,867,436
427,315,470,336,903,1023,436
10,24,14,34,570,608,436
34,40,36,35,595,663,436
15,27,0,21,540,568,436
53,68,77,97,677,753,436
58,30,76,49,711,793,436
536,417,578,392,962,1023,436
56,61,74,74,710,780,436
274,112,286,85,859,987,437
19,22,15,23,549,536,437
5,20,0,16,0,0,437
363,259,387,268,917,1023,437
149,119,164,103,790,894,437
63,60,40,44,684,736,437
40,45,36,61,557,634,437
28,45,0,13,0,0,437
45,60,28,60,594,657,437
91,60,158,66,782,877,437
73,48,117,70,729,830,437
142,92,235,128,829,946,437
429,338,395,309,926,1023,437
49,40,70,28,687,738,437
30,38,63,62,682,746,437
27,43,15,52,504,530,437
256,235,223,199,854,978,437
1023,1014,1023,746,1023,1023,437
29,25,78,34,670,727,437
318,160,385,209,879,1007,437
348,303,250,242,854,976,437
268,218,282,212,857,982,437
232,146,166,100,812,920,437
52,56,21,35,650,712,437
210,136,359,256,877,1006,437
34,48,15,56,583,624,437
254,214,317,273,878,1006,438
1023,1021,1023,885,1023,1023,438
74,66,158,129,775,870,438
41,34,67,51,672,748,438
233,158,333,192,880,1011,438
59,35,122,55,749,833,438
152,71,201,87,829,955,438
72,52,134,59,749,850,438
9,23,22,45,481,604,438
155,147,52,64,727,835,438
38,37,48,41,649,724,438
227,155,236,129,863,1007,438
54,36,83,38,696,777,438
50,65,25,50,655,720,438
129,83,101,68,734,835,438
12,20,45,38,662,717,438
501,439,280,270,890,1022,438
153,161,116,129,764,856,438
29,46,22,58,504,517,438
12,27,6,29,368,525,438
36,29,100,71,694,782,438
112,105,106,109,741,838,438
133,133,197,152,801,902,438
23,39,7,30,574,621,438
33,39,78,60,694,770,438
276,193,292,193,872,992,438
21,32,53,64,679,746,438
151,97,201,131,836,953,438
149,131,178,110,795,887,438
30,41,51,63,683,749,438
780,530,749,483,992,1023,438
49,59,132,122,761,841,438
96,100,51,68,706,763,438
16,20,75,68,685,749,438
313,182,247,131,849,962,438
73,55,136,77,761,842,438
53,45,37,39,610,664,438
933,547,802,527,1023,1023,438
33,45,86,67,701,758,438
145,65,182,85,795,891,438
567,450,517,418,958,1023,438
44,57,52,57,681,736,438
99,102,105,101,717,795,438
111,74,133,75,746,835,438
42,38,53,40,694,754,438
98,59,160,86,755,832,438
40,37,12,22,595,596,438
110,100,132,86,760,838,438
190,173,162,172,817,910,439
128,102,138,97,758,854,439
54,48,146,129,754,845,439
12,20,8,12,608,635,439
260,112,345,203,871,992,439
133,105,125,92,779,864,439
73,77,112,122,718,792,439
90,95,80,72,738,812,439
53,48,58,58,684,743,439
19,25,57,40,677,748,439
21,31,0,15,544,639,439
1023,770,1023,535,1023,1023,439
540,513,296,305,868,973,439
33,38,59,49,652,702,439
16,26,27,44,678,740,439
139,134,113,120,759,859,439
23,27,27,31,620,683,439
37,52,32,59,596,638,439
16,28,17,43,613,669,439
53,34,118,54,723,793,439
67,44,108,58,739,833,439
278,220,145,129,838,947,439
67,40,83,43,723,799,439
105,115,80,97,753,829,439
40,49,133,110,742,817,439
56,60,88,104,713,784,439
41,53,18,28,600,627,439
36,47,21,51,547,620,439
106,113,61,102,734,829,439
45,55,22,41,632,676,439
26,25,103,66,702,767,439
60,72,54,74,686,750,439
67,47,147,113,730,805,439
16,22,24,32,549,649,440
59,65,61,68,722,802,440
570,381,429,248,942,1023,440
129,101,236,169,819,925,440
76,78,104,110,736,818,440
1023,640,1023,608,1023,1023,440
14,28,3,37,514,571,440
21,29,83,42,697,772,440
37,33,54,31,678,737,440
18,28,6,23,537,571,440
33,38,48,57,643,719,440
91,99,120,144,759,836,440
37,51,32,71,628,708,440
47,57,36,55,662,736,440
20,32,96,87,669,722,440
18,28,34,39,601,665,440
338,198,415,290,921,1023,440
195,151,152,123,833,949,440
22,34,59,41,677,750,440
13,27,22,49,439,521,440
218,209,202,212,814,916,440
327,178,443,175,900,1023,440
1023,519,1023,698,1023,1023,440
46,61,13,41,661,705,440
323,175,379,215,913,1023,440
62,53,160,119,757,849,440
10,22,37,66,566,597,440
34,29,68,32,690,789,441
47,61,0,46,602,655,441
224,110,263,150,834,958,441
38,38,61,63,718,795,441
38,35,47,47,652,729,441
121,95,213,157,816,922,441
166,152,262,197,846,958,441
6,21,6,31,577,607,441
102,65,176,78,793,891,441
36,39,62,56,667,748,441
309,247,353,276,871,996,441
9,23,41,49,607,675,441
694,544,580,465,976,1023,441
13,24,24,26,556,610,441
198,203,161,134,764,852,441
13,28,4,33,566,683,441
39,40,73,75,685,755,441
49,52,88,86,706,782,441
80,73,127,110,799,898,441
76,62,134,78,768,850,441
75,58,78,65,721,793,441
219,197,126,109,800,906,441
688,576,465,403,944,1023,441
22,20,65,49,631,685,441
48,59,76,82,693,775,441
618,366,596,387,980,1023,441
47,50,93,83,699,761,441
15,29,8,45,487,497,441
42,55,38,55,651,722,441
14,20,46,32,611,687,442
14,25,17,36,436,557,442
65,66,53,51,663,723,442
1023,847,1023,491,1023,1023,442
276,137,356,147,878,1009,442
25,38,26,31,591,641,442
57,61,127,122,739,820,442
25,25,32,40,547,587,442
73,83,109,111,742,832,442
10,24,14,44,0,248,442
836,622,733,608,1023,1023,442
39,50,52,77,621,666,442
123,77,161,54,775,867,442
7,22,4,35,353,478,442
27,42,39,69,570,598,442
402,296,545,371,946,1023,442
65,46,109,50,740,823,442
235,177,183,121,806,908,442
213,112,243,102,846,964,442
62,68,42,48,740,818,443
215,88,154,56,808,924,443
86,90,88,107,767,859,443
114,90,211,116,797,893,443
138,125,88,69,757,851,443
51,41,70,58,712,776,443
44,59,25,47,629,691,443
42,50,68,58,681,762,443
92,61,60,35,732,813,443
105,103,140,113,770,872,443
178,112,201,126,819,929,443
21,37,2,37,161,432,443
134,96,134,71,759,850,443
33,31,87,58,721,788,443
129,78,190,114,766,864,443
14,20,14,36,529,570,443
137,140,130,113,768,866,443
17,27,51,43,689,761,443
35,27,46,26,629,679,443
39,50,9,38,569,624,443
232,135,189,91,810,912,443
54,45,72,43,695,752,443
865,508,879,558,1023,1023,443
168,115,251,175,846,963,443
49,55,60,64,636,690,443
40,37,73,57,675,779,443
106,58,90,48,780,874,443
114,91,88,67,708,796,443
26,41,0,12,560,571,444
13,26,2,24,523,592,444
110,88,217,138,789,895,444
186,142,228,168,841,965,444
122,110,109,114,755,838,444
32,24,8,18,584,678,444
334,260,308,252,889,1023,444
63,75,48,76,661,751,444
237,83,284,92,831,949,444
207,202,181,152,817,926,444
57,52,75,83,676,759,444
729,523,585,324,953,1023,444
15,30,10,38,483,580,444
105,105,118,138,776,884,444
38,45,52,56,660,730,444
182,164,100,82,781,880,444
68,65,83,65,717,802,444
406,247,306,229,880,1014,444
50,61,48,46,627,715,444
221,156,258,154,845,969,444
14,25,32,46,591,655,444
23,25,46,43,653,701,444
158,165,119,104,773,859,444
41,33,42,35,609,679,444
79,86,115,109,742,822,444
11,22,0,24,529,512,444
107,94,90,73,745,836,444
705,486,762,479,1000,1023,444
76,87,93,114,717,797,444
512,265,423,212,916,1023,444
17,29,15,39,525,559,444
35,52,5,37,503,549,445
87,72,156,98,787,877,445
72,83,98,103,725,804,445
116,103,101,68,752,825,445
323,249,425,266,904,1023,445
83,70,152,145,774,874,445
102,68,112,85,787,918,445
10,26,0,28,0,0,445
69,64,100,64,761,852,445
28,38,46,61,617,683,445
26,26,53,27,641,675,445
170,157,150,141,738,822,445
52,61,34,53,659,721,445
48,61,62,63,640,694,445
77,67,89,51,716,804,445
17,33,15,48,590,641,445
154,141,236,208,813,924,445
161,136,152,99,774,878,445
108,84,142,105,768,857,445
58,67,64,72,656,706,445
280,200,172,98,844,963,445
26,25,51,46,688,769,445
81,77,95,80,726,810,445
57,61,116,107,746,837,445
13,23,23,27,564,636,445
78,72,83,81,720,796,445
42,59,34,68,545,628,445
41,50,84,77,734,825,445
497,404,362,322,915,1023,446
49,44,101,82,705,777,446
221,104,301,107,882,1011,446
295,227,348,294,892,1023,446
17,28,45,42,654,691,446
120,116,106,101,773,872,446
9,25,0,20,0,323,446
18,31,67,71,656,718,446
69,52,126,79,752,832,446
50,47,147,91,753,833,446
184,187,142,155,805,903,446
20,31,35,49,594,657,446
29,45,25,51,595,639,446
66,72,66,58,724,807,446
40,55,50,85,648,720,446
12,22,1,27,438,534,446
61,37,94,49,731,816,446
1023,869,1005,586,1023,1023,446
35,40,32,31,612,647,446
25,40,32,38,632,666,446
304,151,448,178,896,1023,446
55,59,75,78,706,786,446
48,53,87,67,711,795,446
191,98,319,158,870,1001,446
14,28,43,33,556,627,446
301,256,204,174,854,969,446
299,273,314,232,860,988,446
41,59,7,42,469,507,446
33,25,34,19,642,702,446
101,108,123,130,751,821,446
87,75,172,145,796,902,446
264,272,133,160,772,890,446
41,41,36,28,656,742,447
24,35,10,24,574,651,447
35,45,43,57,653,700,447
39,49,11,30,631,650,447
1023,1021,1023,784,1023,1023,447
89,81,124,90,715,794,447
82,50,136,68,785,883,447
338,285,416,304,881,1008,447
306,109,426,117,889,1018,447
37,54,5,38,584,620,447
171,159,164,169,850,983,447
480,245,551,291,931,1023,447
165,100,422,294,882,1006,447
43,47,36,54,615,678,447
7,21,2,31,457,499,447
198,133,201,106,825,931,447
114,52,112,59,792,912,447
224,225,149,149,763,868,447
103,113,79,97,743,820,447
15,27,99,76,674,735,447
149,136,102,83,767,869,447
64,54,130,74,724,799,447
1023,588,889,568,1023,1023,448
61,70,62,90,704,759,448
66,62,75,78,690,770,448
62,78,37,73,604,638,448
82,85,159,141,771,872,448
13,26,16,45,575,588,448
55,46,85,52,738,822,448
25,33,38,36,671,726,448
129,74,149,100,769,863,448
20,31,8,25,581,591,448
735,603,689,566,986,1023,448
135,106,214,144,805,902,448
34,49,42,48,428,481,448
401,245,285,171,889,1017,448
93,77,101,43,719,803,448
146,88,141,107,770,874,448
49,49,10,26,616,648,448
64,65,85,72,719,783,448
129,121,85,71,690,741,448
54,55,81,91,701,788,448
29,46,0,31,492,443,448
65,40,104,56,703,776,448
15,32,12,35,363,313,448
124,99,109,75,755,845,448
63,65,87,57,705,776,448
227,207,157,117,791,878,448
30,40,23,42,654,697,448
31,33,38,34,642,700,448
17,29,60,25,656,731,448
87,95,58,69,695,769,448
77,76,122,76,734,840,448
70,53,172,106,781,880,448
19,35,25,38,452,507,448
421,268,598,434,959,1023,448
64,54,51,43,681,744,448
26,41,0,33,473,564,448
219,130,207,76,839,965,449
28,29,64,47,665,725,449
80,97,43,68,608,667,449
642,498,643,515,962,1023,449
154,131,143,109,769,869,449
205,171,269,207,840,977,449
37,51,45,77,644,707,449
940,410,830,444,1023,1023,449
27,40,45,57,578,628,449
45,45,103,86,697,774,449
9,24,2,45,0,379,449
318,135,390,208,913,1023,449
78,65,93,90,727,820,449
93,89,77,72,719,808,449
91,90,129,87,746,830,449
58,44,120,82,750,841,449
632,362,577,335,957,1023,449
567,316,286,159,912,1023,449
91,89,99,94,758,882,449
9,21,24,25,610,630,449
61,73,70,66,681,773,449
50,57,74,74,706,772,449
45,54,46,33,691,764,449
44,29,83,54,717,796,449
110,97,180,147,807,913,449
627,464,463,320,926,1023,449
11,23,0,19,446,394,449
238,189,310,189,872,991,449
11,22,18,32,585,649,449
219,192,321,271,857,992,449
56,69,66,81,682,773,449
65,62,72,74,704,819,449
328,232,289,190,862,988,449
120,115,155,135,814,939,450
86,72,89,80,766,856,450
111,120,27,36,703,774,450
95,79,138,97,773,880,450
17,23,51,29,647,709,450
226,140,315,179,850,970,450
203,206,195,176,807,902,450
35,21,92,66,712,791,450
17,23,34,36,634,688,450
171,158,179,139,816,928,450
98,83,184,115,778,868,450
42,57,34,50,673,712,450
10,21,21,22,605,666,450
37,33,14,21,599,710,450
22,22,27,32,600,688,450
123,110,130,115,813,956,450
30,32,67,56,718,768,450
214,168,349,224,867,982,450
80,61,117,74,715,808,450
60,71,35,75,681,758,450
63,66,72,73,706,809,450
623,387,569,288,949,1023,450
44,46,80,32,710,757,450
7,20,3,17,0,349,450
209,191,228,150,823,938,451
248,159,326,194,866,983,451
116,97,113,49,763,850,451
16,26,50,48,640,690,451
17,23,78,55,702,782,451
18,33,34,65,619,681,451
151,115,182,138,819,924,451
211,191,204,177,846,960,451
127,83,84,73,765,884,451
123,114,153,147,799,901,451
57,60,64,77,704,779,451
47,58,42,46,681,725,451
51,67,26,61,667,731,451
308,253,413,350,911,1023,451
26,39,9,32,561,612,451
201,166,293,254,875,1002,451
19,27,17,25,634,679,451
24,24,33,47,630,685,451
119,131,59,75,723,805,451
93,67,169,111,790,901,451
185,121,268,168,849,969,451
105,58,203,103,778,872,451
291,266,155,143,839,961,451
255,217,197,151,830,940,451
138,117,163,78,811,909,451
28,37,25,44,623,698,451
9,23,0,28,387,465,451
163,88,151,100,832,946,451
310,257,334,268,889,1022,451
270,236,198,160,856,996,451
13,20,6,22,488,543,451
34,47,26,49,662,722,451
73,69,74,55,706,804,451
60,64,60,32,686,754,451
35,42,96,81,700,767,451
118,103,184,165,798,897,451
13,26,70,77,628,690,451
31,42,46,47,609,684,451
31,30,75,64,673,765,451
35,30,96,94,730,815,452
26,37,49,51,588,638,452
187,156,143,141,788,895,452
30,31,69,40,661,748,452
10,24,0,19,0,0,452
58,63,34,63,667,751,452
28,27,61,40,620,694,452
193,121,319,173,844,965,452
60,37,101,43,710,793,452
375,340,229,207,862,982,452
16,23,28,36,544,610,452
167,142,161,138,781,879,452
50,37,77,32,699,774,452
31,34,64,48,656,723,452
117,57,162,66,805,912,452
112,109,177,187,774,868,452
67,63,102,116,768,873,452
17,33,42,44,633,667,452
42,31,103,89,729,816,452
116,117,103,74,781,877,452
57,47,71,34,716,790,452
148,117,268,223,827,943,452
137,125,136,94,788,892,453
41,52,11,30,600,618,453
241,125,191,119,825,936,453
166,131,171,137,850,966,453
35,33,50,43,667,735,453
180,110,265,147,831,937,453
8,23,35,55,571,600,453
69,79,78,64,737,833,453
44,58,61,83,629,711,453
35,26,83,47,721,794,453
37,40,70,70,684,767,453
187,139,233,151,824,942,453
165,129,201,149,824,933,453
129,131,207,170,792,889,453
39,37,48,46,649,728,453
126,123,147,136,781,882,453
89,79,190,142,763,861,453
830,485,847,478,982,1023,453
26,27,33,34,628,672,453
51,56,56,44,713,795,453
78,92,33,74,658,745,453
46,50,40,58,596,651,454
63,73,90,86,721,796,454
31,40,96,100,707,777,454
65,81,33,60,645,688,454
382,195,415,226,918,1023,454
280,252,178,160,835,933,454
12,25,12,30,192,429,454
102,97,146,107,794,884,454
77,62,103,56,734,813,454
111,111,159,138,793,888,454
105,76,72,47,739,821,454
20,34,41,44,649,708,454
83,34,116,45,746,841,454
134,96,237,196,839,955,454
38,32,94,56,690,742,454
11,26,8,38,0,360,454
315,235,326,188,866,995,454
58,76,21,55,571,631,454
202,183,232,201,845,958,454
13,29,14,27,521,592,454
27,23,60,44,662,724,454
80,80,102,113,732,837,454
10,20,25,29,570,586,454
7,21,24,37,469,521,454
194,163,206,171,831,937,454
10,23,28,50,705,822,454
136,140,122,97,758,835,454
70,83,85,87,676,754,454
11,24,20,25,589,659,454
60,63,98,62,706,775,454
141,149,134,160,721,820,454
48,56,34,55,654,698,454
125,129,86,81,746,829,454
54,62,82,91,690,759,454
180,141,283,175,843,966,454
27,20,43,37,688,761,455
15,25,65,66,682,732,455
94,57,143,78,738,838,455
626,448,562,334,950,1023,455
81,84,100,103,740,840,455
115,98,103,73,733,834,455
31,29,77,51,706,766,455
14,26,33,46,635,709,455
102,108,146,138,779,875,455
20,22,48,43,646,742,455
94,99,137,128,762,852,455
36,22,102,46,679,763,455
17,23,44,37,621,681,455
1023,673,892,574,1023,1023,455
1023,1021,1023,735,1023,1023,455
130,80,164,83,773,871,455
119,123,61,99,763,841,455
28,35,70,57,668,757,455
159,100,302,180,864,977,455
56,71,31,72,615,658,455
299,212,329,189,858,982,455
67,82,42,38,685,744,455
27,33,65,53,680,758,455
185,170,142,127,791,890,455
559,241,614,343,950,1023,455
266,174,356,190,945,1023,455
78,72,124,97,753,831,456
53,63,53,88,677,734,456
631,502,641,423,948,1023,456
41,49,116,114,745,826,456
26,28,36,25,643,693,456
23,28,53,59,619,692,456
15,21,0,10,540,501,456
1023,707,1023,579,1023,1023,456
23,30,2,26,427,472,456
233,92,289,98,848,962,456
89,75,121,61,735,818,456
925,586,890,607,1017,1023,456
38,52,43,54,646,684,456
1023,666,1023,427,1023,1023,456
75,65,116,117,755,851,456
33,49,38,61,446,480,456
27,36,53,57,631,713,456
63,66,71,48,660,723,456
18,28,40,40,600,617,456
18,32,3,27,588,646,457
259,202,316,222,875,993,457
80,76,88,82,740,810,457
16,27,25,41,509,471,457
37,45,46,48,687,778,457
100,92,160,151,786,888,457
132,128,186,144,792,888,457
22,38,5,37,658,762,457
39,53,15,31,598,660,457
117,122,100,114,757,843,457
15,31,17,37,547,650,457
66,35,118,50,669,734,457
159,147,177,147,804,892,457
19,36,7,43,0,0,457
443,312,496,372,967,1023,457
48,53,68,79,723,805,457
125,67,235,136,824,943,457
9,20,12,19,530,536,457
14,20,107,88,708,786,457
88,97,65,66,704,767,457
269,195,357,246,860,987,457
38,52,36,46,640,704,457
35,42,20,27,568,646,457
435,338,499,338,936,1023,457
20,32,48,68,705,793,457
59,60,31,34,687,750,457
41,40,91,59,725,802,457
80,73,91,88,765,876,457
54,49,70,73,683,763,457
33,35,45,31,659,705,457
723,429,635,408,982,1023,457
335,284,341,318,889,1023,457
67,54,95,71,730,822,457
614,408,668,412,963,1023,457
282,193,258,177,873,1002,457
170,166,158,154,800,907,458
250,165,360,187,869,997,458
141,55,257,101,807,921,458
36,42,60,38,657,738,458
16,24,29,32,512,583,458
24,24,84,45,748,845,458
109,69,144,111,785,887,458
49,46,79,58,717,792,458
393,166,600,306,933,1023,458
94,90,190,145,786,872,458
930,441,865,426,988,1023,458
183,141,235,139,837,947,458
427,323,338,238,874,1003,458
48,42,101,85,767,852,458
472,212,500,196,912,1023,459
94,101,72,83,672,732,459
22,21,121,62,702,775,459
86,95,73,69,696,760,459
81,92,80,95,683,765,459
139,100,126,84,757,833,459
40,47,112,95,732,812,459
18,35,0,24,0,438,459
12,20,21,23,588,586,459
164,159,144,112,741,819,459
237,216,252,208,876,1016,459
41,57,17,53,546,589,459
178,155,107,91,798,903,459
296,212,263,147,860,982,459
33,47,73,74,694,751,459
22,29,67,47,660,709,459
37,53,16,56,559,614,459
24,39,0,24,626,689,459
117,112,179,156,809,899,459
19,31,0,11,580,642,459
66,75,36,49,732,791,459
122,106,111,81,769,852,459
112,87,160,119,786,885,459
409,185,493,260,932,1023,459
563,387,565,418,977,1023,459
196,168,240,140,819,933,459
70,50,146,91,756,845,460
30,36,78,82,678,747,460
45,59,27,43,549,625,460
468,364,350,238,904,1023,460
256,245,162,158,823,946,460
67,83,3,28,635,694,460
25,37,28,55,588,663,460
231,209,201,172,840,963,460
283,246,248,237,883,1012,460
11,25,2,17,255,454,460
50,46,58,31,685,766,460
38,36,65,59,655,721,460
76,68,65,35,721,815,460
77,39,136,71,740,834,460
14,27,17,42,471,548,460
148,145,120,127,776,892,460
211,198,209,183,837,958,460
360,238,510,355,934,1023,460
19,21,22,31,558,627,460
52,60,64,76,638,685,460
60,63,38,51,654,722,460
104,98,156,124,759,851,460
98,75,55,39,700,782,460
133,137,149,159,747,851,460
48,44,23,29,546,624,460
142,148,68,85,739,825,460
12,24,53,69,627,664,460
171,129,176,157,808,923,460
22,22,34,22,648,734,460
801,480,807,468,1000,1023,460
95,96,59,65,734,835,460
79,77,85,63,686,768,460
18,32,1,38,332,430,460
21,33,29,50,589,654,460
38,39,49,29,705,779,460
190,170,183,154,792,902,460
27,29,50,43,682,749,460
28,40,49,57,600,650,460
31,44,109,87,708,772,460
71,51,127,65,758,845,460
77,78,70,70,706,794,460
35,29,31,39,638,715,460
1023,733,1023,701,1023,1023,460
21,29,73,56,679,744,460
151,78,360,218,861,991,461
38,52,87,87,719,802,461
31,31,85,88,692,762,461
11,22,14,23,513,538,461
24,37,37,34,598,634,461
621,276,920,515,1003,1023,461
51,52,75,72,653,725,461
136,69,184,74,806,911,461
38,53,45,60,678,759,461
13,26,16,32,533,601,461
44,28,90,67,707,796,461
13,21,11,28,603,641,461
13,28,25,60,501,451,461
163,159,95,94,732,827,461
70,76,59,92,716,782,461
279,269,232,220,831,969,461
312,236,285,191,881,1005,461
11,23,30,42,625,687,461
34,28,48,41,642,702,461
176,137,254,205,824,932,461
16,29,46,27,582,627,461
337,303,234,180,843,962,461
33,32,40,35,660,722,461
61,52,123,77,741,829,461
278,250,312,308,885,1019,461
7,20,11,43,432,508,461
53,49,108,70,764,851,461
45,52,49,39,618,660,461
44,53,42,52,670,749,461
155,108,245,148,827,925,462
23,39,36,48,618,663,462
315,277,339,333,889,1014,462
26,41,17,48,407,474,462
52,42,54,46,708,780,462
31,32,48,37,649,691,462
9,21,22,31,577,604,462
141,122,120,95,798,908,462
499,295,506,298,913,1023,462
59,46,117,66,743,824,462
347,307,218,196,871,996,462
45,56,38,48,631,667,462
11,23,0,11,536,557,462
26,36,14,28,486,547,462
87,49,148,73,795,884,462
317,280,208,202,849,967,462
41,42,60,40,666,719,462
51,37,144,76,747,826,463
35,49,40,42,648,691,463
51,59,76,84,680,741,463
7,20,14,34,405,397,463
81,94,86,104,681,739,463
550,277,547,158,928,1023,463
48,47,76,70,671,727,463
26,35,47,36,677,725,463
7,21,22,40,531,587,463
13,23,43,46,650,683,463
16,26,25,28,643,698,463
11,23,27,33,582,621,463
21,28,25,37,573,629,463
33,44,3,20,570,618,463
23,36,23,24,632,698,463
354,290,357,234,926,1023,463
50,37,78,36,756,850,463
140,130,109,104,787,886,463
406,310,537,418,930,1023,463
53,65,43,38,669,731,463
173,172,183,184,822,926,463
58,58,56,37,669,723,463
135,83,117,71,774,874,463
163,143,245,182,824,927,463
14,28,20,44,522,568,463
23,38,39,77,605,656,464
240,177,322,243,908,1023,464
13,27,3,33,462,455,464
131,143,56,90,695,770,464
41,22,160,102,749,853,464
54,67,34,61,631,680,464
97,101,114,111,755,844,464
117,85,176,85,786,884,464
87,96,145,102,755,852,464
115,102,177,177,802,909,464
25,37,35,48,554,617,464
66,60,102,83,762,855,464
38,40,70,39,659,727,464
220,203,304,249,852,971,464
523,393,507,407,932,1023,464
132,132,82,100,753,838,464
1010,780,862,591,1011,1023,464
16,28,18,39,616,695,464
25,34,43,62,621,726,464
56,41,103,66,744,831,464
16,28,44,39,639,660,464
249,212,169,120,807,907,464
210,177,141,106,787,881,464
16,27,6,31,542,570,464
112,101,131,126,764,855,464
7,20,21,25,567,580,464
125,111,104,83,758,838,464
371,189,336,160,897,1023,464
517,406,509,391,936,1023,464
409,301,360,306,921,1023,464
29,43,51,82,689,752,464
8,21,17,23,544,539,464
292,112,247,92,829,930,464
169,139,354,314,869,994,464
118,93,100,84,747,842,464
15,20,34,32,646,692,464
273,146,337,176,874,990,464
362,129,359,170,894,1016,464
81,49,49,36,681,729,464
833,486,817,411,983,1023,464
216,158,272,129,827,932,465
33,37,7,34,617,677,465
1023,1021,1023,623,1023,1023,465
111,109,140,125,773,878,465
503,233,600,267,928,1023,465
291,236,343,282,875,992,465
156,148,224,207,813,914,465
36,53,17,38,517,571,465
259,203,380,297,908,1023,465
107,68,127,64,758,859,465
14,24,52,36,633,668,465
51,62,112,125,707,773,465
184,178,187,184,823,938,465
283,158,255,172,846,973,465
462,304,509,307,923,1023,465
9,24,0,13,491,505,465
12,22,14,37,556,603,466
547,332,526,284,928,1023,466
29,33,39,33,591,661,466
30,26,50,38,671,769,466
59,71,31,51,594,673,466
1023,942,1023,724,1023,1023,466
719,428,827,520,1022,1023,466
34,38,24,36,489,531,466
58,69,47,82,644,722,466
24,26,39,46,620,685,466
454,225,426,219,901,1023,466
72,61,140,107,734,821,466
27,31,29,28,644,698,466
240,161,223,110,821,938,466
17,26,56,40,629,698,466
11,23,20,36,396,490,466
21,25,59,65,637,699,466
60,46,96,74,733,821,466
309,215,354,238,907,1023,466
317,276,279,252,877,1005,466
60,69,73,88,682,782,466
180,139,229,166,805,915,466
55,65,30,34,625,690,466
35,24,78,33,679,779,466
213,167,210,146,821,934,466
113,110,62,42,753,848,466
47,26,94,41,697,774,466
20,27,0,22,243,546,466
821,412,690,392,972,1023,466
24,33,86,76,673,757,466
448,281,490,340,924,1023,466
785,605,557,487,973,1023,467
758,410,954,590,1023,1023,467
7,21,0,18,0,317,467
99,100,138,151,748,834,467
191,109,208,116,817,922,467
36,50,21,42,612,676,467
1023,881,1004,702,1023,1023,467
153,168,119,149,728,789,467
620,440,405,253,922,1023,467
87,87,81,74,711,777,467
157,73,264,119,832,937,467
20,37,0,19,518,551,467
23,29,93,69,719,789,467
304,228,252,172,816,921,467
182,167,183,170,814,913,467
29,28,64,53,627,684,467
302,240,276,165,867,990,467
133,98,98,55,736,824,467
17,30,19,51,546,604,467
103,81,133,90,743,821,467
90,83,148,117,745,843,467
1023,592,902,387,1023,1023,467
88,78,67,67,721,783,467
187,183,163,145,802,906,467
109,86,194,129,794,893,467
28,22,41,22,621,698,467
161,89,161,108,788,887,467
12,24,27,35,469,607,467
23,24,32,31,653,694,467
144,127,102,89,775,865,467
257,125,200,133,854,973,467
21,30,0,24,444,536,467
605,328,719,337,973,1023,467
264,182,255,180,876,1001,467
7,21,0,31,0,16,467
52,36,101,54,677,736,468
322,183,455,242,898,1023,468
180,113,247,126,852,975,468
37,31,68,33,667,718,468
87,61,129,113,735,811,468
50,50,84,107,736,824,468
25,41,0,35,0,452,468
116,108,110,114,783,889,468
86,67,220,135,790,893,468
75,71,87,72,716,798,468
20,30,7,35,465,503,468
15,30,26,36,634,654,468
20,29,50,47,696,772,468
31,29,24,27,624,686,468
49,44,94,46,703,787,468
19,31,50,56,548,612,468
61,71,92,112,743,828,468
191,123,258,125,815,916,468
77,88,76,62,722,807,468
60,72,58,73,628,683,468
132,130,74,65,734,807,468
36,38,59,37,646,698,468
211,221,126,154,774,877,468
16,29,42,48,539,619,468
261,245,263,260,855,976,468
31,24,41,40,697,778,468
27,38,40,60,669,717,468
340,217,320,193,906,1023,468
98,93,157,145,772,873,468
678,462,737,457,985,1023,468
18,34,28,33,557,612,469
339,271,367,306,912,1023,469
30,22,72,45,672,729,469
201,176,262,199,841,959,469
50,56,64,67,722,825,469
142,100,107,77,786,884,469
43,35,65,41,689,770,469
102,79,115,106,722,803,469
139,87,132,82,772,877,469
29,41,4,26,518,576,469
29,33,36,31,621,681,469
37,48,0,17,587,666,469
29,27,39,36,628,684,469
40,51,0,31,620,664,469
56,46,75,52,673,752,469
304,233,215,154,852,970,469
52,62,33,71,673,749,469
55,68,13,35,578,592,469
44,46,17,31,562,650,470
120,140,42,64,662,718,470
100,110,90,108,732,819,470
106,107,85,65,740,825,470
39,45,142,101,755,849,470
1023,700,1023,539,1023,1023,470
40,49,55,39,646,705,470
41,24,95,50,730,807,470
68,58,144,118,792,895,470
13,28,8,36,465,490,470
16,25,50,51,598,653,470
166,155,187,142,809,907,470
190,166,165,121,799,906,470
33,20,100,39,729,814,470
39,41,58,48,674,774,470
194,164,277,184,835,947,470
14,26,13,28,592,635,470
197,185,158,170,780,871,470
61,59,48,57,626,683,470
791,377,820,374,981,1023,470
64,77,45,71,661,718,470
80,55,168,98,771,855,470
50,40,108,62,715,780,470
84,61,108,60,713,777,470
129,130,115,126,756,839,470
69,79,84,87,719,795,470
70,78,108,98,750,841,470
83,94,61,83,685,789,470
142,137,137,128,846,979,470
102,78,151,98,750,840,470
27,39,11,23,466,528,470
40,47,72,60,659,715,470
216,141,271,200,845,957,470
1023,784,960,652,1023,1023,470
89,60,129,98,744,824,470
18,31,63,73,597,652,470
73,67,129,86,731,819,470
295,221,389,247,903,1023,470
26,23,71,38,682,747,470
291,214,344,229,887,1011,470
452,320,517,338,933,1023,470
70,46,127,76,738,834,471
45,60,29,45,615,671,471
210,131,314,199,875,997,471
97,72,133,65,711,783,471
111,111,79,81,741,819,471
123,99,239,169,767,856,471
369,280,388,265,898,1023,471
291,252,119,134,784,902,471
80,85,135,109,768,853,471
602,282,480,284,921,1023,471
20,37,42,47,562,616,471
14,22,72,44,648,740,471
16,29,22,39,600,695,471
78,61,113,56,744,834,471
66,57,129,94,748,840,471
137,133,126,114,762,849,471
104,110,123,139,761,847,471
21,24,41,45,641,712,471
54,61,81,80,730,805,471
58,49,45,36,656,748,471
730,469,639,458,969,1023,471
145,43,230,86,828,942,471
136,76,183,73,800,907,471
13,27,0,21,0,0,472
243,200,258,226,859,983,472
11,23,9,31,519,553,472
106,84,206,104,810,925,472
27,29,17,39,639,699,472
49,61,17,46,503,584,472
88,64,114,54,743,830,472
25,33,9,39,239,487,472
15,30,22,39,519,549,472
9,20,27,39,610,668,472
18,31,11,51,517,571,472
97,70,168,127,761,862,472
138,145,82,111,773,871,472
7,23,0,10,0,46,472
189,162,228,152,831,940,472
67,78,102,94,730,810,472
927,464,685,288,976,1023,472
400,183,419,248,893,1023,472
33,44,115,111,729,822,472
127,86,238,155,823,935,472
8,20,29,45,659,772,472
32,29,111,77,758,834,472
204,202,112,92,844,984,472
137,145,130,122,745,830,472
109,68,197,146,800,900,472
124,137,95,130,721,809,472
20,28,31,49,594,651,472
148,91,174,84,782,869,472
152,147,171,158,819,932,473
101,93,257,226,820,920,473
20,33,38,50,631,700,473
183,134,184,123,801,914,473
37,55,0,22,478,477,473
30,40,60,62,713,770,473
329,267,333,280,888,1007,473
108,79,165,102,784,882,473
127,108,152,118,778,888,473
477,270,608,410,940,1023,473
477,384,531,417,925,1023,473
259,215,377,324,890,1023,473
25,38,59,77,687,771,473
54,59,87,99,715,793,473
66,77,68,88,746,824,473
139,115,219,144,802,910,473
114,108,104,95,738,831,473
80,56,147,81,788,889,473
89,88,62,57,708,774,473
175,109,159,117,780,885,473
316,155,446,219,896,1023,473
50,65,44,62,613,664,473
55,64,31,44,611,662,473
27,30,74,49,672,734,473
101,76,166,94,773,865,473
32,36,77,60,677,760,473
28,35,59,60,710,783,473
65,68,174,151,796,910,473
103,113,132,137,763,848,473
20,36,26,51,602,636,473
32,26,114,93,742,819,473
19,34,29,47,565,635,473
220,159,310,171,873,993,473
40,47,56,57,733,825,473
14,24,0,13,0,169,473
25,23,58,28,694,767,473
104,106,145,126,759,848,473
61,43,121,52,727,795,473
21,26,124,94,729,806,473
26,34,30,31,651,707,474
63,42,116,61,744,833,474
27,27,79,42,738,817,474
217,225,152,187,788,878,474
24,24,72,53,688,744,474
15,30,0,23,550,506,474
30,34,79,54,680,739,474
51,66,10,36,608,650,474
238,162,292,178,837,959,474
216,200,56,57,764,874,474
18,23,56,38,638,687,474
70,69,24,51,598,665,474
39,50,42,65,672,729,474
159,159,70,83,779,880,474
433,239,347,160,896,1023,474
96,75,128,74,770,868,474
300,232,284,216,828,947,474
76,81,90,85,727,814,474
78,44,209,132,781,877,474
418,257,450,245,928,1023,474
22,24,0,22,598,655,474
18,31,23,56,407,451,474
103,70,151,109,782,884,474
41,23,36,27,672,739,475
33,25,87,41,725,790,475
118,119,120,135,742,842,475
43,54,3,19,502,597,475
76,63,134,104,740,836,475
119,123,87,86,877,1023,475
31,30,34,23,650,750,475
60,56,51,38,668,731,475
83,71,103,83,784,890,475
19,31,0,14,304,400,475
36,50,18,50,532,602,475
401,285,296,186,873,1002,475
365,256,271,181,864,991,475
96,111,27,47,660,738,475
1023,1021,1023,749,1023,1023,475
121,102,228,114,813,918,475
42,28,93,59,726,805,475
11,24,24,38,567,578,475
214,194,194,159,824,925,475
210,167,220,195,853,972,475
66,68,103,102,709,776,475
92,55,191,127,788,901,475
13,27,8,29,377,538,475
1023,1021,1023,805,1023,1023,475
16,23,18,28,547,591,475
344,169,243,82,879,1019,475
268,139,233,113,830,951,475
923,528,803,390,1007,1023,475
67,62,156,122,736,831,475
50,35,92,52,718,808,475
104,71,103,70,733,826,475
9,20,30,35,633,680,475
28,44,32,54,586,628,476
373,271,417,268,905,1023,476
197,168,250,174,833,956,476
101,69,133,73,773,856,476
13,30,0,22,417,391,476
54,72,0,45,487,450,476
10,21,45,53,543,608,476
156,144,202,165,807,915,476
24,21,15,21,565,652,476
149,60,184,87,796,905,476
30,30,47,35,673,762,476
749,627,536,444,949,1023,476
101,91,127,87,743,841,476
54,69,89,114,660,739,476
116,107,165,104,794,899,476
69,59,128,75,721,810,476
20,33,71,60,654,734,476
85,98,70,64,681,760,476
122,112,146,152,759,853,476
10,22,11,31,456,542,476
16,30,27,49,585,603,476
17,25,52,53,594,632,477
40,47,60,81,688,740,477
113,104,82,69,749,834,477
57,47,80,76,712,788,477
23,29,53,47,699,756,477
18,29,38,55,626,701,477
120,125,66,73,702,770,477
62,69,118,105,727,834,477
26,28,22,26,614,707,477
127,101,87,91,748,824,477
9,21,0,20,68,405,477
44,60,0,43,501,513,477
158,110,280,175,854,973,477
74,88,78,88,696,773,477
25,38,41,53,666,747,477
177,96,265,126,832,949,477
30,48,0,34,292,456,477
61,77,27,62,682,753,477
49,29,70,39,697,784,477
7,21,27,48,575,607,477
71,63,122,56,726,816,477
52,50,101,75,743,839,477
48,51,45,42,615,673,477
80,80,95,92,698,767,477
58,55,110,102,748,818,477
132,101,84,59,778,867,477
123,69,139,60,780,872,477
58,69,64,77,640,744,477
56,64,27,57,618,690,477
50,58,31,45,695,749,477
104,60,110,94,762,859,477
32,32,35,47,595,688,477
23,27,0,18,477,520,477
39,38,35,51,658,755,477
407,276,550,433,953,1023,477
40,39,47,61,648,716,477
208,101,252,105,849,976,477
55,59,72,90,687,764,477
121,126,104,113,747,857,477
87,75,128,80,756,860,477
8,22,8,28,332,454,477
30,31,0,12,573,608,477
19,28,0,23,463,619,477
15,27,0,21,356,369,477
550,486,358,339,910,1023,477
42,46,73,66,682,773,477
91,60,56,52,712,822,478
155,111,201,122,824,934,478
37,53,23,59,514,584,478
112,114,172,148,743,841,478
202,126,281,137,834,950,478
21,25,49,53,636,688,478
66,50,117,80,784,889,478
37,31,78,39,704,792,478
12,21,36,29,633,703,478
64,78,52,84,689,772,478
27,44,21,58,0,0,478
45,51,89,68,720,827,478
730,568,558,468,989,1023,478
42,41,38,42,596,607,478
18,28,32,46,590,625,478
105,114,44,57,737,805,478
70,41,65,37,729,849,478
68,84,61,80,662,750,478
26,42,36,65,589,639,478
83,51,55,36,709,788,478
14,27,5,18,541,489,478
48,62,64,84,652,723,478
238,230,137,109,792,890,478
123,118,87,96,732,816,478
502,264,401,245,895,1023,478
160,148,89,102,770,867,479
47,63,74,82,685,770,479
140,116,63,51,718,798,479
24,26,51,44,643,690,479
156,117,262,215,864,983,479
56,73,8,42,643,698,479
36,54,19,51,580,586,479
65,61,90,66,722,812,479
48,65,26,58,484,517,479
1023,544,1016,581,1023,1023,479
58,64,55,66,720,812,479
6,22,0,19,0,0,479
9,23,7,36,492,506,479
184,96,250,162,819,925,479
133,109,114,107,764,848,479
21,34,66,68,742,823,479
43,20,103,40,719,792,479
56,44,131,99,760,842,479
23,30,72,77,715,797,480
144,67,156,88,781,903,480
9,22,22,42,537,561,480
51,45,82,74,722,786,480
28,37,36,49,613,638,480
29,25,103,45,735,800,480
1023,1021,1023,781,1023,1023,480
140,154,53,65,729,813,480
102,88,147,77,773,878,480
53,66,53,73,673,750,480
71,37,158,91,773,876,480
32,39,80,48,690,774,480
37,45,51,49,585,611,480
312,228,475,353,919,1023,480
87,59,121,84,735,816,480
120,131,143,124,777,878,480
12,21,67,60,690,752,480
111,97,140,118,794,901,480
20,36,29,31,559,655,480
26,39,36,58,638,725,480
216,211,133,131,766,867,480
701,297,1005,514,1014,1023,480
159,78,249,156,844,982,480
33,45,28,55,577,665,480
10,21,42,64,613,680,480
28,35,22,25,533,589,480
31,49,37,64,534,595,480
24,39,9,27,499,558,480
115,95,200,151,814,915,480
143,104,183,144,819,929,480
13,27,20,38,516,592,480
345,240,276,138,884,1018,480
26,34,30,46,640,713,480
23,28,38,47,582,696,480
23,29,32,27,659,720,480
80,54,147,82,782,878,480
253,162,297,130,852,982,480
20,32,25,35,568,635,480
74,84,123,108,727,815,480
65,54,125,67,713,797,480
59,74,71,84,701,785,480
327,254,337,231,900,1023,480
49,54,87,58,727,812,480
79,67,83,59,708,787,480
32,22,107,33,713,791,480
176,179,132,151,783,888,480
558,381,579,271,962,1023,480
36,52,18,41,590,643,481
200,179,192,172,834,944,481
482,296,734,466,969,1023,481
158,136,223,195,847,950,481
169,170,128,129,800,895,481
71,47,87,61,701,773,481
80,69,111,87,780,871,481
13,26,40,45,588,637,481
88,70,87,63,755,833,481
329,168,344,171,876,1013,481
79,79,189,147,780,870,481
1023,751,1023,650,1023,1023,481
44,31,103,50,731,798,481
32,43,55,58,652,716,481
229,147,260,111,835,954,481
102,88,155,130,790,891,481
38,22,76,40,679,751,481
36,39,41,32,675,740,481
198,199,142,160,774,872,482
26,28,88,69,722,817,482
280,206,289,166,857,979,482
52,60,104,103,679,727,482
74,67,126,126,768,856,482
48,54,73,66,681,754,482
27,45,8,37,224,301,482
72,80,110,107,722,800,482
235,93,265,128,857,976,482
52,70,13,47,537,586,482
224,116,243,88,820,923,482
27,38,20,43,516,547,482
178,161,272,214,846,961,482
18,33,0,14,536,585,482
82,76,72,75,726,796,482
41,45,83,87,734,819,482
81,67,108,95,737,809,482
572,389,575,363,951,1023,482
1023,523,1023,545,1023,1023,482
25,22,79,55,717,797,482
182,107,203,106,813,921,482
15,30,38,41,596,636,482
148,147,192,169,792,886,482
93,101,126,128,739,833,482
87,101,102,128,706,779,482
19,35,7,31,518,531,482
203,174,183,149,855,971,482
55,49,24,19,654,725,483
13,27,25,48,511,576,483
218,101,221,126,838,955,483
9,23,0,22,294,469,483
44,58,42,79,635,669,483
1023,530,1023,426,1023,1023,483
37,28,17,17,646,703,483
258,237,176,188,823,942,483
22,33,50,41,628,709,483
488,378,492,336,933,1023,483
540,372,316,231,914,1023,483
58,68,45,70,674,759,483
17,30,29,52,626,661,483
72,53,76,32,733,835,483
71,60,127,87,741,840,483
252,141,213,115,816,936,483
112,90,121,92,751,844,483
320,165,241,119,859,984,483
68,41,149,114,766,874,483
190,172,120,130,795,903,483
230,180,327,191,871,999,483
26,33,32,43,609,638,483
120,93,169,99,804,912,483
268,206,368,245,888,1017,483
1023,1021,1023,761,1023,1023,483
93,92,75,69,738,838,483
192,115,239,95,841,957,483
31,40,78,44,669,723,483
251,205,319,262,872,994,483
24,30,14,27,658,726,483
65,56,40,41,653,731,483
179,172,129,139,764,850,483
454,335,450,302,918,1023,483
88,84,101,84,728,807,483
87,91,72,106,757,851,483
40,33,46,41,638,717,483
288,197,366,149,889,1023,483
80,83,46,77,694,787,484
42,28,60,38,681,771,484
418,231,720,368,959,1023,484
965,666,748,498,1001,1023,484
71,81,52,77,727,807,484
6,21,33,31,611,653,484
77,86,139,151,752,849,484
1003,491,1023,441,1023,1023,484
214,179,248,204,857,983,484
36,30,74,45,713,752,484
18,24,65,55,665,729,484
45,55,56,58,659,733,484
49,49,78,45,709,764,484
55,46,75,61,693,761,484
21,24,41,33,634,673,484
21,35,12,39,582,676,484
45,43,62,20,699,774,484
29,30,47,45,645,698,484
15,30,19,28,523,591,484
531,406,590,433,948,1023,484
332,225,412,261,910,1023,484
34,38,44,46,642,705,484
291,273,253,245,844,959,484
278,218,332,266,884,1014,484
176,147,194,135,806,908,484
97,70,112,67,770,843,485
27,27,59,40,681,733,485
10,27,0,30,406,435,485
386,185,357,154,891,1021,485
7,20,0,8,68,477,485
124,107,157,85,795,903,485
55,48,44,39,707,772,485
17,34,2,31,0,94,485
50,44,102,72,733,824,485
176,87,135,70,781,882,485
205,180,223,161,853,974,485
1023,994,1023,810,1023,1023,485
277,249,69,93,845,957,485
325,268,377,315,884,1014,485
179,120,295,206,872,997,485
34,39,54,45,703,766,485
279,64,614,163,923,1023,485
16,32,0,30,285,0,485
101,90,71,80,678,776,485
9,22,0,17,493,487,485
100,64,118,65,736,822,485
63,41,98,52,708,812,486
136,82,189,78,818,942,486
21,38,23,58,489,577,486
262,231,226,152,823,933,486
106,91,77,77,765,848,486
41,54,9,48,558,633,486
801,356,1023,428,1004,1023,486
16,27,54,68,643,702,486
24,38,21,45,581,674,486
20,27,80,58,642,724,486
98,94,109,96,731,820,486
59,42,89,41,728,821,486
61,72,39,53,640,703,486
46,36,73,65,690,749,486
72,42,180,89,788,909,486
38,45,18,24,514,587,486
111,119,108,122,745,831,486
132,142,80,116,714,809,486
748,340,760,377,998,1023,486
114,98,107,84,737,853,486
70,43,118,72,740,841,486
98,71,129,83,766,862,486
12,25,26,39,561,605,486
60,74,64,99,670,755,486
198,164,279,243,855,978,486
38,50,22,47,546,648,486
59,73,31,57,643,748,486
79,91,52,52,724,832,486
78,90,80,92,715,787,486
633,498,438,325,904,1023,486
44,38,86,54,731,837,486
28,38,49,56,686,746,486
216,140,287,137,853,972,486
25,41,40,72,573,589,486
16,31,56,55,586,640,486
19,31,66,65,664,733,486
13,25,74,59,649,707,486
58,69,37,57,625,689,486
12,26,20,32,540,541,486
39,29,76,42,669,775,487
95,96,124,120,797,899,487
108,82,83,50,729,809,487
40,45,112,116,740,813,487
106,92,201,159,797,883,487
101,116,75,99,720,805,487
7,21,9,39,557,570,487
64,71,41,37,690,756,487
110,70,178,100,800,903,487
72,69,119,92,732,813,487
734,428,828,495,990,1023,487
17,28,58,56,660,721,487
227,216,257,233,829,946,487
86,82,135,135,775,865,487
331,269,319,222,851,965,487
31,43,35,54,658,728,487
54,34,79,35,720,770,487
90,91,46,33,668,738,487
132,45,237,113,833,947,487
182,160,175,113,788,881,487
72,60,130,64,765,866,487
67,62,156,124,775,866,487
402,264,337,201,916,1023,487
75,72,158,91,780,885,487
164,108,206,99,855,973,487
80,70,113,72,739,827,488
66,68,115,94,719,801,488
51,39,88,50,707,777,488
104,112,150,140,764,868,488
72,57,145,59,762,850,488
132,86,232,146,828,932,488
48,30,57,45,691,768,488
7,23,0,25,475,440,488
242,190,261,164,871,983,488
64,70,57,54,658,724,488
20,34,23,50,579,632,488
171,142,133,83,774,874,488
108,70,64,38,744,819,488
263,129,230,86,832,941,488
68,76,61,85,681,751,488
67,79,66,96,716,782,488
69,59,159,111,768,872,488
154,110,240,173,822,927,488
527,320,578,316,967,1023,488
108,67,200,146,766,876,488
56,69,75,102,691,764,488
55,71,76,97,676,764,488
48,37,83,70,696,763,488
344,193,462,269,893,1023,489
25,30,85,70,712,808,489
111,119,77,71,749,842,489
71,85,46,61,668,711,489
127,100,151,101,800,897,489
222,208,167,173,823,940,489
10,22,1,31,468,539,489
312,233,245,131,854,977,489
19,33,21,37,551,600,489
33,40,45,68,644,719,489
222,121,222,137,832,946,489
156,90,118,78,751,841,489
35,35,39,36,687,785,489
454,366,331,269,898,1023,489
189,180,183,181,820,922,489
28,38,83,79,716,790,489
47,40,105,62,733,815,489
54,51,16,32,640,694,489
9,23,0,13,224,369,489
41,37,56,36,666,731,489
10,21,36,33,584,622,489
144,119,239,127,811,922,489
222,167,311,213,879,1003,489
29,31,69,40,652,711,489
17,26,18,35,559,609,489
10,25,23,35,442,474,489
37,44,46,48,618,702,489
39,31,132,67,741,815,489
152,159,129,150,785,874,489
159,174,122,147,727,815,489
40,42,159,84,752,838,489
37,47,63,55,642,704,489
13,25,22,26,582,617,489
32,22,94,67,697,761,489
34,38,62,57,642,681,489
82,82,74,56,736,818,490
14,29,25,38,612,715,490
7,23,0,28,0,0,490
108,111,127,108,761,840,490
15,21,81,94,706,800,490
33,32,76,42,715,810,490
202,208,99,130,770,873,490
238,182,282,157,839,944,490
19,25,33,26,628,681,490
17,28,81,96,678,726,490
210,185,194,143,822,922,490
22,31,28,44,553,585,490
6,20,0,20,427,374,490
13,27,40,50,661,763,490
25,29,54,39,680,740,490
16,29,56,56,652,723,490
48,61,63,67,703,774,490
21,28,45,41,643,702,490
62,67,106,85,749,823,490
21,32,46,57,622,677,490
34,44,69,55,690,750,490
33,27,87,49,711,808,490
126,122,213,166,813,931,490
159,145,181,118,785,881,490
359,187,409,205,899,1023,490
59,74,73,91,707,799,490
207,126,274,208,891,1023,491
97,87,130,82,760,842,491
31,35,53,47,644,713,491
32,42,41,55,608,645,491
80,52,87,47,725,797,491
218,163,179,98,797,908,491
97,90,120,95,777,877,491
38,38,59,34,606,651,491
54,42,92,48,715,773,491
79,88,136,144,744,853,491
50,39,81,61,692,761,491
111,103,183,191,806,906,491
36,47,32,35,636,713,491
73,86,31,77,665,747,491
32,41,38,25,690,776,491
17,29,30,55,588,629,491
33,42,74,55,674,736,491
73,55,162,128,743,842,491
57,46,96,57,712,806,491
30,46,0,30,0,0,491
74,87,51,82,552,594,491
43,52,36,57,592,674,491
30,41,25,53,602,685,491
162,66,234,118,838,958,491
207,184,129,102,802,901,491
396,122,333,121,903,1023,491
186,174,178,135,815,928,491
22,23,25,35,605,672,491
98,96,32,34,678,765,491
208,111,368,171,865,994,491
21,33,20,43,538,555,491
72,48,193,111,795,903,491
40,36,74,35,678,727,491
111,117,114,122,745,832,491
23,32,35,50,581,648,492
15,23,4,15,480,523,492
40,40,22,35,624,713,492
342,212,363,281,902,1023,492
176,138,204,160,827,948,492
15,30,17,36,554,617,492
84,92,50,76,628,671,492
10,21,6,32,522,636,492
26,24,31,39,605,663,492
13,24,47,62,620,706,492
50,51,104,82,722,779,492
83,89,86,83,740,834,492
29,45,21,60,510,552,492
28,26,49,26,657,706,492
232,204,218,135,823,935,492
80,84,71,73,706,777,492
210,167,255,161,842,967,492
33,29,9,26,607,656,492
45,45,82,60,692,758,492
51,40,42,36,663,746,492
53,49,98,60,688,771,492
90,88,143,127,771,870,492
68,73,120,95,724,789,492
1023,619,833,391,1010,1023,492
49,58,100,97,715,793,493
46,56,73,68,662,709,493
40,54,54,81,641,691,493
99,119,30,51,657,716,493
52,50,164,150,752,852,493
232,123,336,158,865,990,493
15,29,0,20,588,630,493
417,356,302,259,844,958,493
194,151,248,171,825,936,493
34,21,67,36,677,717,493
77,53,57,38,746,825,493
167,165,176,166,837,959,493
76,37,123,59,771,872,493
67,74,88,79,758,845,493
13,23,18,24,575,611,493
93,105,87,111,721,796,493
34,50,30,58,521,596,493
49,44,68,60,665,750,493
33,49,32,38,606,649,493
55,45,47,51,663,722,493
41,28,52,29,675,728,493
20,39,0,34,0,0,493
111,119,33,52,709,770,493
613,438,641,471,964,1023,493
66,75,93,81,693,749,493
276,232,302,155,860,986,493
51,58,81,91,716,779,493
9,24,0,37,0,0,493
31,35,50,57,670,718,493
21,24,53,34,671,725,493
11,22,41,39,555,565,493
92,107,26,43,691,758,493
11,23,66,52,636,689,493
123,90,176,116,791,883,493
188,174,219,191,822,939,493
39,47,39,29,602,664,493
27,37,20,47,558,603,493
52,49,154,106,739,834,493
221,172,336,273,878,1001,493
17,31,12,16,640,691,493
93,89,120,109,766,845,493
10,20,21,37,527,526,493
39,54,41,72,674,734,494
203,197,95,122,797,892,494
318,298,236,223,871,997,494
349,334,168,193,849,969,494
140,155,120,147,722,805,494
12,25,70,73,676,756,494
117,95,189,109,800,899,494
105,98,99,103,716,807,494
13,24,44,51,606,658,494
105,102,117,115,767,879,494
69,82,50,72,669,757,494
1023,1021,1023,807,1023,1023,494
70,82,123,125,744,828,494
108,108,130,80,773,879,494
28,37,46,82,637,714,494
374,336,313,300,874,1006,494
82,93,81,97,710,801,494
90,85,72,64,731,820,494
16,25,40,37,608,648,494
85,73,115,82,732,824,494
71,79,55,60,658,730,495
100,101,65,49,711,804,495
69,53,123,78,755,852,495
37,34,41,33,661,728,495
34,47,19,36,547,614,495
27,41,48,55,638,696,495
80,85,113,139,747,837,495
27,33,77,74,663,725,495
39,37,37,43,639,742,495
117,115,123,107,777,871,495
76,83,100,114,727,814,495
129,80,204,95,787,894,495
13,28,11,40,479,483,495
111,118,133,150,781,866,495
111,86,158,95,776,862,495
89,78,127,92,766,868,495
281,150,275,154,875,1008,495
69,63,82,55,743,842,495
41,53,31,45,607,668,495
25,42,17,45,605,646,495
398,366,325,301,882,1011,495
10,23,25,35,568,601,495
20,29,9,17,547,547,495
292,222,309,220,847,970,495
36,34,72,68,749,827,495
258,163,604,376,936,1023,495
138,149,67,99,723,791,495
101,38,94,36,756,850,495
52,59,79,49,693,762,496
36,49,41,36,662,727,496
188,131,222,90,835,940,496
22,40,22,45,612,668,496
555,390,523,348,932,1023,496
158,155,125,134,770,845,496
6,22,16,18,491,508,496
22,37,40,62,643,695,496
61,54,78,57,714,798,496
74,84,54,70,669,738,496
195,176,111,73,783,890,496
613,228,563,195,950,1023,496
125,108,136,90,768,844,496
28,31,69,74,676,722,496
41,38,84,64,727,783,496
325,298,255,213,864,987,496
34,23,27,35,605,671,496
36,38,61,42,644,701,496
265,176,275,166,855,974,496
22,38,54,60,670,707,496
428,356,446,364,926,1023,496
18,26,33,32,612,657,496
18,23,38,55,603,618,496
1023,1021,1023,775,1023,1023,496
47,45,66,55,658,712,496
65,62,59,59,718,796,496
54,55,84,62,686,731,496
72,70,63,70,711,788,496
21,28,60,36,668,716,496
49,41,73,43,693,769,496
38,56,44,66,603,689,496
483,211,458,210,943,1023,496
365,284,431,365,895,1023,496
12,28,0,13,531,552,496
22,37,0,25,616,654,496
946,639,1014,578,1023,1023,496
390,277,351,245,898,1023,496
18,22,55,42,660,742,496
241,234,202,180,848,963,496
34,47,34,37,606,663,496
454,238,517,259,940,1023,497
145,90,124,101,784,875,497
220,195,179,138,820,927,497
176,63,321,105,860,989,497
93,65,109,74,758,836,497
18,30,36,53,626,676,497
40,44,50,48,680,758,497
35,23,67,43,698,773,497
35,27,97,53,697,779,497
159,115,160,102,782,894,497
863,555,829,403,1000,1023,497
10,21,13,33,572,648,497
45,60,0,28,511,505,497
307,199,315,153,846,974,497
29,32,8,26,594,633,497
23,24,53,45,633,689,497
413,252,374,258,924,1023,497
140,119,109,75,757,851,497
42,32,86,46,724,801,497
107,82,125,79,759,863,497
21,20,81,46,694,767,497
27,25,58,26,685,759,497
699,306,714,320,967,1023,497
9,20,21,36,553,609,497
36,20,74,39,666,748,497
52,35,50,38,654,719,497
407,195,420,177,904,1023,497
15,25,29,36,585,656,497
111,121,20,67,672,735,497
994,568,739,361,986,1023,498
41,44,91,86,706,777,498
1023,768,827,541,1023,1023,498
821,474,869,461,1023,1023,498
31,40,64,62,626,704,498
105,56,238,101,826,945,498
37,39,49,42,676,776,498
36,40,68,57,716,774,498
22,37,40,45,586,629,498
163,150,113,109,787,897,498
136,120,170,124,785,882,498
40,56,16,43,582,682,498
78,77,102,85,757,870,498
73,76,52,66,733,817,498
13,29,0,37,0,0,498
379,324,409,347,907,1023,498
89,50,112,53,748,831,498
55,31,124,48,748,832,498
24,21,95,77,711,790,498
467,430,409,374,915,1023,498
71,89,37,71,632,669,498
13,24,57,70,621,652,498
56,56,103,90,723,808,498
10,20,56,44,659,729,498
33,43,35,62,629,636,498
498,443,303,295,905,1023,498
80,47,109,37,758,843,498
9,24,34,42,517,557,498
429,209,647,368,975,1023,498
91,72,161,76,779,869,498
110,91,158,115,803,907,499
312,246,326,254,899,1023,499
161,138,119,108,771,869,499
65,52,70,48,674,757,499
111,102,129,64,769,855,499
72,50,104,61,751,849,499
94,56,182,73,786,885,499
24,22,68,40,662,703,499
13,30,5,28,392,513,499
408,296,209,147,878,1008,499
46,61,44,48,640,702,499
29,48,0,30,0,0,499
82,50,126,53,730,822,499
40,47,73,48,683,736,499
19,22,21,23,546,580,499
82,68,49,47,689,768,499
307,230,345,249,895,1023,499
136,78,219,93,807,916,499
373,245,230,96,868,996,499
22,34,8,34,492,503,499
43,33,58,34,685,762,499
99,58,146,98,739,841,499
33,47,68,39,664,741,499
12,25,26,48,650,682,499
54,38,88,60,727,810,499
27,42,52,46,616,651,499
76,79,120,105,747,846,499
456,217,359,181,900,1023,499
37,50,56,65,687,757,499
25,29,21,33,617,707,499
74,49,95,59,707,790,499
95,82,171,145,815,926,499
61,45,73,48,715,796,499
295,163,254,129,857,975,499
43,55,32,55,698,789,499
187,134,251,146,856,992,499
419,231,433,243,906,1023,499
47,31,98,57,724,820,499
17,32,13,33,423,506,499
32,43,23,51,627,692,499
14,22,32,39,654,730,499
32,33,70,68,645,713,499
74,79,40,60,708,774,499
20,32,24,55,599,656,499
127,81,142,90,751,855,500
486,203,474,184,920,1023,500
21,33,31,42,618,672,500
57,44,90,42,714,809,500
29,24,66,65,694,766,500
115,110,107,110,767,860,500
104,108,117,115,725,805,500
52,37,70,30,706,799,500
11,24,28,38,545,636,500
38,38,63,59,697,794,500
206,130,203,147,820,938,500
12,27,1,29,287,232,500
42,55,9,53,619,666,500
140,135,135,124,783,880,500
54,52,59,34,689,766,500
68,69,114,90,729,825,500
1023,742,915,485,1023,1023,500
31,24,67,59,668,750,500
37,30,40,33,649,709,500
715,493,628,429,969,1023,500
56,54,31,36,650,716,500
159,145,203,168,820,932,500
18,33,2,41,543,576,500
866,448,679,336,976,1023,500
28,33,70,76,626,700,500
37,29,47,30,642,697,501
72,59,135,99,738,828,501
53,68,56,73,628,705,501
6,20,49,57,591,611,501
561,339,625,395,951,1023,501
54,57,96,88,744,820,501
57,46,93,69,711,789,501
101,99,71,64,731,811,501
322,274,242,215,858,978,501
305,164,478,311,903,1023,501
63,44,61,65,710,816,501
34,34,79,59,707,799,501
70,66,103,67,725,815,501
20,21,48,25,672,728,501
134,74,180,137,809,920,501
53,58,84,80,728,813,501
47,62,15,43,679,749,501
604,416,528,271,938,1023,501
30,33,61,35,665,749,501
76,87,103,118,704,793,501
5,21,0,17,0,393,501
213,199,230,218,832,945,501
7,22,1,23,480,522,501
24,26,81,64,680,768,501
174,163,195,146,817,914,501
116,113,177,131,773,870,501
14,24,26,25,594,606,501
22,36,55,51,642,678,501
303,209,479,320,912,1023,501
379,299,447,386,931,1023,501
244,144,196,86,823,933,501
22,23,61,61,686,745,501
100,112,58,86,731,831,501
189,192,133,125,786,885,501
30,29,84,73,719,796,502
43,59,46,58,597,673,502
605,515,442,387,956,1023,502
48,62,24,41,584,622,502
9,25,0,17,0,316,502
147,124,200,156,839,949,502
31,20,62,21,675,731,502
326,270,273,217,866,1000,502
42,40,118,96,739,824,502
714,483,828,571,1023,1023,502
24,27,104,78,725,810,502
379,165,507,197,922,1023,502
876,600,778,582,1002,1023,502
73,39,111,39,761,846,502
254,214,274,209,842,966,502
19,25,59,47,659,729,502
9,24,21,43,483,520,502
18,28,53,52,675,722,502
11,24,41,60,600,676,502
315,256,302,215,911,1023,502
22,36,64,89,559,620,502
72,83,61,96,728,798,502
182,124,340,225,874,1001,502
391,253,446,246,930,1023,502
198,117,262,99,824,934,502
13,27,0,30,489,506,502
153,111,223,120,817,931,502
11,26,8,40,243,460,502
53,46,118,77,740,831,502
144,145,115,123,776,868,502
31,27,111,56,718,804,502
214,159,405,328,885,1023,502
248,204,278,219,850,965,502
43,34,49,40,671,741,502
56,51,105,84,748,841,502
14,28,12,23,548,540,502
146,141,137,117,779,887,502
355,321,279,250,832,967,502
194,140,178,118,804,918,502
194,175,122,116,802,913,502
513,342,550,371,979,1023,502
13,23,4,15,477,442,502
8,20,20,49,429,553,503
178,142,295,270,855,983,503
181,108,217,121,812,937,503
380,280,539,401,952,1023,503
523,297,589,295,956,1023,503
26,22,27,20,640,707,503
268,221,201,172,848,972,503
307,252,219,154,864,989,503
19,35,0,8,445,497,503
97,70,164,135,777,876,503
96,91,132,134,753,848,503
62,61,86,70,719,821,503
209,186,166,130,819,930,503
88,104,34,60,693,762,503
12,27,66,41,645,672,503
101,119,51,71,717,791,503
14,20,23,32,606,647,503
183,168,114,96,789,897,503
107,68,98,55,754,860,503
40,48,42,51,647,724,503
42,48,42,55,669,757,503
22,28,34,39,659,726,503
132,133,129,136,788,891,503
16,32,43,58,643,684,503
63,65,89,70,739,818,504
59,71,63,64,734,812,504
28,25,77,51,672,731,504
96,92,152,120,800,903,504
263,153,368,182,880,1009,504
43,55,24,48,604,660,504
96,98,77,94,782,874,504
87,61,169,113,785,868,504
1023,1021,1023,667,1023,1023,504
29,28,47,31,643,697,504
140,140,135,138,793,905,504
12,21,44,55,677,751,504
90,88,106,73,728,816,504
16,34,10,22,579,598,504
258,107,415,217,902,1023,504
64,84,8,41,558,646,504
197,120,304,127,851,975,504
40,45,109,72,692,749,505
174,169,283,216,843,950,505
209,144,203,116,819,922,505
559,307,483,271,932,1023,505
813,603,518,376,946,1023,505
20,38,22,34,551,623,505
51,71,8,39,550,588,505
113,130,75,64,712,798,505
24,32,74,51,677,746,505
179,143,172,112,787,896,505
18,34,11,44,220,508,505
36,51,9,40,480,526,505
73,61,122,92,733,829,505
13,21,70,60,680,758,505
63,55,149,86,764,856,505
27,27,29,32,604,665,505
58,59,77,48,693,785,505
12,24,56,62,656,755,505
21,36,14,46,512,593,505
275,194,210,120,840,964,505
114,91,104,74,733,825,505
54,54,73,66,684,782,505
243,136,320,218,836,953,505
38,46,37,32,635,701,505
143,150,52,85,685,760,505
126,109,58,68,681,771,505
22,21,42,25,612,694,505
374,198,457,197,903,1023,505
454,192,397,166,914,1023,505
474,311,398,262,935,1023,506
45,36,78,58,703,777,506
16,32,1,31,569,630,506
389,230,361,175,882,1017,506
14,24,38,42,629,688,506
65,49,97,61,751,857,506
154,146,145,129,784,902,506
151,107,281,163,833,958,506
468,368,339,280,880,1013,506
8,21,1,33,275,429,506
33,34,63,50,674,738,506
241,203,323,246,870,1011,506
26,30,52,50,652,746,506
103,101,102,64,782,894,506
12,23,14,33,496,597,506
13,28,0,31,0,101,506
279,218,268,147,853,978,506
177,137,176,123,826,936,506
50,44,68,64,664,736,506
10,21,15,20,547,632,506
28,28,30,37,608,648,506
44,27,140,98,726,813,506
136,134,132,115,780,880,506
247,172,198,151,815,931,506
247,193,217,153,833,953,506
45,56,71,70,676,765,506
49,48,63,39,689,762,506
67,83,24,59,608,657,506
118,91,215,165,816,943,506
476,356,532,286,936,1023,506
370,348,305,266,870,998,506
29,44,33,48,626,679,506
37,47,50,49,668,730,506
776,526,671,363,970,1023,506
225,224,140,142,797,916,506
12,28,0,13,0,381,506
39,47,21,29,622,691,506
110,97,109,83,780,884,506
44,53,68,77,683,739,506
40,42,127,75,755,843,506
258,116,333,170,853,980,506
23,37,56,55,653,714,506
39,55,38,55,650,730,506
188,143,345,242,849,975,506
488,390,405,298,903,1023,506
78,77,111,102,763,858,506
409,287,362,253,906,1023,506
69,72,108,67,733,812,506
126,97,239,190,836,952,506
294,206,369,190,882,1007,506
272,162,263,137,847,973,506
15,29,39,57,423,527,507
261,177,314,196,858,985,507
70,76,136,123,772,866,507
44,49,85,79,708,803,507
76,65,74,59,688,775,507
35,52,41,77,670,735,507
44,49,63,70,679,693,507
25,42,54,76,603,641,507
34,44,45,66,675,750,507
88,107,32,73,643,697,507
96,87,122,117,803,908,507
52,66,58,87,671,753,507
446,290,532,376,957,1023,507
143,77,206,135,819,955,507
171,104,169,78,812,913,507
43,55,47,49,661,735,507
23,40,36,52,640,705,507
30,47,21,64,551,647,507
158,102,224,103,821,923,507
26,46,9,46,96,498,507
153,79,171,91,809,917,507
125,98,164,110,778,883,507
16,23,141,114,690,757,507
63,76,57,78,674,718,507
17,22,55,44,646,695,507
53,62,21,60,688,756,507
74,82,146,132,757,840,507
25,42,17,43,486,603,507
59,66,83,95,720,798,507
105,100,117,84,763,849,507
268,242,185,144,822,940,507
17,30,20,34,489,524,508
107,107,114,121,776,885,508
352,259,348,246,873,1006,508
88,67,42,74,722,811,508
105,85,204,149,841,963,508
87,97,147,145,752,835,508
147,75,313,132,830,940,508
77,78,78,68,726,803,508
153,131,118,94,767,874,508
106,93,138,119,770,883,508
36,48,64,54,650,706,508
92,94,49,79,762,847,508
324,249,433,366,928,1023,508
120,129,93,79,735,815,508
27,43,1,36,590,678,508
17,26,43,38,623,677,508
59,74,73,88,691,755,508
165,110,248,203,831,943,508
38,46,17,29,505,541,508
230,193,163,127,814,926,508
50,40,130,77,748,842,508
20,28,36,48,668,753,508
29,26,37,30,564,671,508
12,23,26,24,592,644,508
136,141,99,123,754,847,508
24,22,71,45,635,698,508
463,198,645,333,944,1023,508
31,40,5,24,506,566,508
275,183,374,265,906,1023,509
25,34,18,42,635,702,509
24,23,49,42,602,673,509
498,345,463,282,925,1023,509
73,76,81,112,728,827,509
16,31,7,27,540,514,509
15,27,0,24,0,269,509
38,45,31,29,630,711,509
8,21,0,25,468,474,509
103,94,107,100,717,817,509
429,311,524,363,925,1023,509
28,41,0,35,537,574,509
64,76,24,52,651,715,509
309,175,287,122,824,949,509
28,31,18,26,543,591,509
198,179,116,97,763,868,509
81,56,151,70,750,852,509
26,28,10,19,442,539,509
72,81,80,88,723,788,509
59,57,82,83,683,751,509
12,25,10,20,563,580,509
360,333,284,287,881,1009,509
78,65,55,52,723,811,509
215,203,184,187,816,932,509
39,48,9,30,593,634,509
30,41,30,36,642,705,509
141,115,160,136,798,906,509
154,103,161,87,774,876,509
147,154,105,130,771,890,509
40,49,77,92,657,751,509
186,172,169,159,817,914,509
43,53,19,35,630,692,509
80,54,94,63,725,799,509
157,127,228,155,828,944,509
304,196,366,175,873,1006,509
1023,636,918,566,1023,1023,509
289,138,370,200,875,1004,509
42,43,119,95,722,796,509
75,74,143,144,751,865,509
41,55,72,64,662,725,509
50,42,145,92,762,845,509
40,54,15,56,627,686,509
11,22,13,20,519,577,509
44,53,86,78,711,807,509
59,70,64,72,643,705,509
52,53,83,51,708,777,509
1023,539,1023,514,1023,1023,509
52,53,86,79,714,795,509
42,44,70,62,703,777,509
73,87,40,51,721,771,510
119,109,153,146,784,886,510
59,76,6,35,590,654,510
34,50,10,43,585,607,510
74,82,61,39,683,768,510
36,38,70,72,707,759,510
45,48,99,82,718,774,510
510,376,565,366,937,1023,510
32,32,58,37,683,748,510
34,22,76,53,701,747,510
96,75,63,63,719,797,510
296,195,404,227,894,1023,510
53,62,93,70,707,766,510
36,40,43,59,642,681,510
19,34,21,33,571,602,510
213,104,256,128,851,969,510
14,26,47,52,640,724,510
11,20,56,46,655,695,510
524,264,662,273,966,1023,510
157,153,238,204,827,939,510
22,25,30,30,618,678,510
111,111,105,84,733,810,510
8,22,0,27,447,527,510
25,36,43,51,677,739,510
129,137,117,115,752,856,510
99,93,65,67,711,765,510
425,250,430,313,921,1023,510
95,109,32,42,696,766,510
77,86,78,80,723,792,510
128,113,156,137,761,854,510
38,46,42,65,713,784,510
39,43,120,103,765,854,510
86,79,158,132,767,857,510
12,26,23,26,609,661,510
102,107,128,119,767,865,511
17,29,28,37,622,675,511
40,41,11,25,617,684,511
192,149,237,187,827,931,511
46,59,77,94,707,781,511
97,76,141,122,804,906,511
148,94,244,109,827,940,511
38,29,30,32,618,674,511
15,20,45,40,635,692,511
24,32,6,13,600,643,511
57,66,48,62,665,749,511
54,41,73,57,687,746,511
22,24,22,30,623,663,511
165,107,199,124,831,945,511
177,155,236,222,813,911,511
179,164,189,162,816,931,511
108,80,73,85,736,817,511
38,39,35,31,611,658,511
78,81,45,66,657,714,511
56,62,44,62,685,757,512
58,48,42,39,655,733,512
250,213,303,279,864,989,512
22,25,41,29,642,682,512
52,62,79,101,708,794,512
213,209,198,194,812,921,512
27,40,0,20,522,510,512
9,23,25,51,536,545,512
261,208,283,226,861,987,512
27,31,80,48,703,775,512
203,143,168,125,823,935,512
17,26,32,26,670,743,512
54,64,42,65,723,784,512
263,222,195,135,843,955,512
23,22,62,28,685,745,512
594,379,568,351,959,1023,512
200,181,177,134,804,918,512
56,71,39,71,654,703,512
664,462,574,423,955,1023,512
37,47,77,52,690,748,512
56,71,73,91,683,749,512
8,23,0,25,0,0,512
80,89,115,143,729,804,512
63,76,101,93,700,776,512
266,186,315,187,859,974,512
28,39,66,74,716,782,512
218,145,142,99,796,898,512
59,52,64,50,708,784,512
84,79,65,45,710,768,512
15,31,0,18,422,413,512
35,48,44,39,633,697,512
13,28,0,20,576,591,512
130,147,56,80,723,769,512
228,187,269,248,874,999,512
8,21,10,35,534,552,512
155,95,201,110,810,921,512
98,93,92,84,751,828,512
270,143,278,140,853,971,512
368,171,535,258,919,1023,512
17,25,36,30,649,714,512
89,79,129,113,767,861,512
46,60,84,81,678,728,512
128,133,121,126,765,856,512
8,21,0,12,463,544,513
26,35,2,17,523,561,513
84,87,217,184,816,934,513
7,20,28,36,577,615,513
188,189,123,150,800,900,513
43,40,110,65,719,788,513
33,41,76,82,701,785,513
99,111,48,72,681,765,513
79,63,122,48,773,850,513
30,31,89,64,724,813,513
217,169,271,212,875,999,513
51,50,139,113,745,833,513
129,116,174,142,797,899,513
56,65,80,85,700,759,513
1023,1021,951,646,1023,1023,513
110,91,211,204,825,934,513
30,25,73,43,729,825,513
72,82,98,94,716,797,513
240,223,251,213,840,946,513
58,62,72,65,692,775,513
30,34,44,30,679,751,513
27,36,80,57,681,751,513
95,76,174,129,815,926,513
19,25,31,23,639,683,513
181,139,184,122,815,923,513
80,88,108,113,739,815,513
27,39,23,32,657,723,514
26,39,91,105,650,706,514
267,104,302,133,879,1013,514
113,83,152,81,783,870,514
335,196,233,120,854,972,514
32,26,102,65,701,776,514
31,26,42,38,678,733,514
21,21,54,50,688,751,514
32,35,56,47,680,759,514
65,60,191,131,794,899,514
304,246,216,183,853,972,514
18,29,33,47,570,613,514
22,33,41,54,650,697,514
45,58,7,42,572,588,514
75,59,94,75,716,782,514
14,22,1,21,537,533,514
91,76,82,85,736,807,514
31,30,54,42,677,749,514
54,67,5,30,624,688,514
79,58,79,64,756,838,514
136,135,111,143,748,838,514
43,31,56,33,651,732,514
40,26,55,30,657,752,514
51,57,86,102,725,807,514
292,169,296,167,877,1011,514
259,91,345,200,876,1005,514
1023,1021,1023,711,1023,1023,514
58,51,71,50,694,781,514
81,82,54,52,701,767,514
85,66,85,45,709,787,514
364,209,464,270,917,1023,514
63,71,5,25,639,666,514
101,96,77,82,764,854,514
15,20,45,44,644,708,514
42,30,107,63,735,809,515
115,98,177,134,796,906,515
110,108,113,103,755,833,515
351,189,293,162,860,991,515
33,34,56,37,687,743,515
18,20,39,35,618,686,515
107,89,131,95,781,879,515
21,28,54,42,621,685,515
413,339,263,204,872,1000,515
50,44,100,82,732,821,515
124,108,166,99,808,929,515
503,249,666,394,950,1023,515
16,21,23,31,532,578,515
179,155,213,213,843,957,515
102,108,100,109,778,868,515
33,28,40,30,628,691,515
485,374,332,238,903,1023,515
96,82,125,126,765,850,515
58,64,84,94,711,798,515
47,29,97,38,694,779,515
207,162,165,130,817,920,515
37,49,36,47,684,732,515
52,64,115,101,737,821,515
47,55,77,61,757,838,515
32,30,88,61,700,758,515
425,332,311,223,917,1023,515
50,64,40,70,676,730,515
19,21,39,29,637,707,515
281,200,400,321,922,1023,515
132,149,43,78,680,746,515
108,93,132,97,779,873,515
14,24,82,78,703,751,515
61,67,52,69,657,713,515
84,55,161,94,791,882,515
26,33,39,35,663,703,515
34,39,43,45,649,735,515
322,282,279,184,849,964,515
89,96,88,95,730,795,515
69,42,103,76,755,844,516
95,98,131,140,761,835,516
130,78,244,136,843,954,516
63,49,117,76,759,837,516
6,20,9,29,513,503,516
253,198,321,242,870,994,516
30,31,51,43,664,732,516
25,38,37,46,678,751,516
13,28,0,13,0,0,516
30,29,47,44,649,725,516
24,29,8,16,593,668,516
47,50,163,172,766,855,516
24,22,45,34,665,705,516
78,50,171,84,784,882,516
68,57,86,65,709,791,516
146,142,143,101,774,868,516
50,27,65,24,712,775,516
266,120,335,117,886,1023,516
9,21,7,24,506,517,516
119,119,104,111,759,845,516
53,54,36,34,648,709,516
49,33,68,29,683,740,516
227,106,303,136,856,971,516
1023,756,905,475,1023,1023,516
938,436,753,298,978,1023,516
55,42,67,43,691,748,517
122,118,106,64,763,860,517
80,66,99,69,711,787,517
94,91,88,77,744,814,517
138,117,238,208,843,965,517
55,40,87,63,713,802,517
25,30,29,46,620,680,517
49,49,47,40,656,738,517
88,53,86,46,763,853,517
160,142,141,124,771,873,517
227,195,181,146,791,894,517
121,112,103,92,739,831,517
139,63,120,67,754,849,517
14,23,10,35,570,633,517
75,60,107,52,744,828,517
19,29,23,43,600,640,517
59,60,54,49,682,752,517
893,630,664,450,993,1023,517
10,22,9,34,514,466,517
271,223,305,222,886,1020,517
24,31,30,35,633,657,517
74,69,145,107,785,882,517
276,229,242,177,857,970,517
437,326,501,358,896,1023,517
192,185,192,199,821,936,517
201,144,284,195,860,979,517
36,41,60,49,683,764,517
25,20,23,26,600,663,517
39,55,15,53,611,615,517
29,37,77,51,686,742,517
639,428,621,434,977,1023,517
179,169,171,156,821,936,518
24,27,57,50,675,749,518
348,291,352,268,903,1023,518
47,60,37,33,667,734,518
294,145,285,141,884,1007,518
50,45,159,107,776,862,518
97,100,95,62,760,839,518
282,174,347,212,866,979,518
264,161,205,129,833,946,518
195,167,257,243,850,964,518
22,34,25,41,617,632,518
41,49,33,34,644,693,518
54,48,96,83,731,821,518
177,86,201,146,800,895,518
28,29,52,48,672,728,518
538,312,437,216,923,1023,518
328,157,489,231,909,1023,518
50,45,59,55,692,731,518
115,58,176,68,809,914,518
104,93,128,89,761,846,518
607,390,563,295,955,1023,518
15,29,18,44,616,675,518
58,46,97,50,725,798,518
399,117,411,138,904,1023,518
55,69,85,93,708,780,518
12,25,5,31,609,618,518
93,68,217,121,834,943,518
62,54,136,113,786,880,518
650,450,619,430,966,1023,518
18,33,10,33,593,661,518
24,35,64,78,718,809,519
167,145,213,149,827,939,519
103,93,133,81,766,845,519
12,23,28,42,625,650,519
309,125,415,126,899,1023,519
95,66,135,95,780,869,519
30,36,48,44,684,764,519
17,28,57,66,660,742,519
43,39,120,70,754,830,519
112,117,81,93,719,803,519
20,26,36,36,624,686,519
10,23,1,26,537,544,519
188,152,268,163,836,954,519
91,53,91,63,723,803,519
39,41,63,42,686,725,519
373,223,424,237,913,1023,519
62,55,79,56,762,872,519
87,70,96,61,738,825,519
231,215,156,123,803,904,519
578,422,524,234,935,1023,519
14,20,28,35,542,584,519
25,24,65,44,688,769,519
55,36,73,54,686,747,519
267,139,304,189,866,992,519
141,117,193,146,769,873,519
48,55,34,48,589,623,519
122,84,111,54,755,856,520
166,115,260,156,854,984,520
21,34,28,37,605,622,520
35,50,39,67,621,671,520
119,119,156,134,790,895,520
386,146,468,156,923,1023,520
175,75,234,91,836,953,520
24,29,39,29,647,725,520
873,634,608,403,964,1023,520
97,59,135,61,780,868,520
104,113,110,111,760,840,520
86,65,222,167,817,925,520
78,81,119,108,750,844,520
392,322,323,274,886,1023,520
63,70,84,76,688,754,520
315,297,199,171,857,971,520
29,40,42,48,656,709,520
32,33,73,45,734,817,520
25,25,22,41,582,675,520
541,288,525,296,944,1023,520
148,140,157,108,803,917,520
18,24,55,54,602,658,520
58,59,121,83,745,827,520
21,33,67,63,665,713,520
86,67,199,133,780,887,520
86,86,119,101,765,858,521
221,157,204,142,797,905,521
19,26,52,42,693,740,521
267,258,248,265,848,961,521
53,70,31,43,664,700,521
10,24,18,47,446,519,521
38,51,55,65,662,721,521
156,122,158,123,811,922,521
308,265,327,298,901,1023,521
101,73,98,70,751,826,521
15,31,7,30,565,570,521
78,84,100,104,754,836,521
22,35,9,47,601,645,521
62,72,52,52,705,796,521
249,199,269,173,855,973,521
10,26,1,34,252,318,521
140,71,230,99,856,970,521
123,101,243,194,824,917,521
130,107,213,149,827,942,521
44,29,117,56,727,820,521
119,108,166,152,787,883,521
37,54,42,64,622,647,522
121,111,151,142,803,904,522
58,66,71,84,728,811,522
82,74,154,106,782,898,522
23,28,80,70,686,756,522
53,44,103,83,730,800,522
86,58,171,77,796,895,522
32,48,37,46,586,609,522
25,27,29,29,643,656,522
110,104,134,110,787,885,522
39,49,49,69,691,735,522
38,52,32,51,652,685,522
499,346,542,338,937,1023,522
125,137,88,106,754,826,522
131,97,174,126,814,916,522
38,42,98,69,711,779,522
66,70,148,144,748,847,522
62,58,92,65,736,822,522
294,219,420,330,893,1018,522
131,93,244,174,853,977,522
15,22,17,29,634,697,522
99,88,149,145,755,836,522
145,131,145,98,786,868,522
202,176,133,95,802,913,522
52,26,71,36,709,796,522
103,110,113,118,737,819,522
29,44,24,49,535,560,522
246,197,240,213,848,954,522
173,156,119,122,757,851,522
88,60,125,85,753,843,522
340,191,426,223,919,1023,522
565,222,492,166,942,1023,522
144,86,223,150,822,940,522
51,49,39,42,639,685,522
19,26,48,69,653,704,522
133,138,74,113,726,802,522
106,90,154,105,798,902,523
130,67,198,132,794,895,523
121,90,104,74,773,864,523
783,288,658,218,961,1023,523
20,26,0,20,517,527,523
224,117,196,98,827,947,523
148,152,70,93,721,802,523
65,66,61,91,717,800,523
56,68,27,59,656,697,523
52,30,61,32,685,764,523
23,29,15,38,567,612,523
12,21,1,32,512,518,523
79,71,136,83,755,848,523
30,35,37,32,647,709,523
374,261,409,264,921,1023,523
25,20,23,32,560,558,523
73,78,70,62,683,751,523
157,92,131,68,812,923,523
489,265,403,325,912,1023,523
54,67,50,70,659,715,523
9,23,20,53,527,527,523
123,131,106,125,752,825,524
23,28,59,48,692,745,524
53,58,111,123,739,813,524
73,83,97,114,706,791,524
21,27,82,65,680,759,524
27,36,81,53,719,777,524
35,29,61,44,656,717,524
18,22,24,25,617,638,524
19,30,49,53,649,682,524
289,241,172,168,839,947,524
72,56,114,77,758,838,524
128,137,100,118,751,830,524
42,28,108,52,728,815,524
27,25,71,48,674,721,524
71,61,99,44,739,812,524
33,45,9,29,586,611,524
455,359,433,346,932,1023,524
22,35,27,55,601,634,524
233,152,273,214,871,995,524
194,90,346,167,863,985,524
337,264,356,285,918,1023,524
44,28,82,50,728,807,524
54,41,75,49,734,817,524
24,36,35,55,682,714,524
36,49,49,46,652,696,524
63,72,74,71,727,792,524
31,44,20,38,601,648,524
83,64,81,35,715,781,524
69,46,103,61,733,811,524
412,155,345,132,885,1023,525
143,120,198,161,816,922,525
46,34,97,64,725,796,525
361,224,350,195,888,1023,525
196,122,216,115,832,950,525
238,147,361,178,878,1009,525
267,212,396,302,888,1017,525
165,174,124,154,721,804,525
79,54,80,48,722,803,525
53,57,57,76,664,723,525
109,73,212,137,817,913,525
101,89,116,82,780,870,525
139,115,161,120,802,914,525
89,60,139,109,766,862,525
232,104,283,116,869,1002,525
21,22,21,25,639,688,525
46,45,58,49,678,772,525
23,34,27,34,654,717,525
98,91,87,79,755,850,525
105,96,111,109,763,857,525
84,41,125,50,748,841,525
13,24,21,40,584,619,525
75,87,33,41,700,786,525
87,76,113,100,767,843,525
95,97,87,103,724,812,525
50,46,93,76,701,771,525
156,142,140,101,765,859,525
24,28,70,68,677,717,525
18,21,19,23,616,639,525
31,32,51,49,665,725,525
24,38,0,23,568,585,525
212,181,188,154,817,935,525
25,29,60,49,696,737,525
79,63,168,118,771,874,525
80,56,123,80,735,831,525
82,77,92,94,758,842,525
1023,680,885,537,1023,1023,525
74,58,148,114,777,877,525
21,35,47,61,622,683,525
33,29,79,55,663,733,525
125,95,176,112,789,883,525
30,25,64,35,703,764,526
316,210,199,122,819,933,526
88,89,64,63,690,756,526
81,74,113,104,759,855,526
35,49,52,41,648,700,526
71,64,125,72,728,797,526
73,55,102,80,741,825,526
1023,682,1023,580,1023,1023,526
15,29,7,33,536,589,526
28,35,60,39,686,748,526
73,86,33,45,688,710,526
55,65,63,77,673,731,526
27,37,81,80,686,750,526
242,207,192,148,839,960,526
32,22,62,32,696,771,526
53,53,31,46,656,693,526
18,23,69,63,663,711,526
314,217,325,194,860,977,526
54,70,30,40,645,702,526
17,32,25,52,640,665,526
937,567,862,515,1023,1023,526
39,42,102,116,725,800,526
17,31,56,71,657,696,526
98,97,140,133,801,906,526
21,20,34,20,619,679,526
270,211,365,308,904,1023,526
27,42,0,23,521,606,526
424,240,449,238,907,1023,526
64,60,124,67,759,846,526
113,103,149,130,792,892,526
23,31,70,73,666,736,526
222,120,275,82,835,951,527
1023,651,1023,613,1023,1023,527
26,38,23,40,591,631,527
62,38,70,56,740,824,527
219,194,205,155,825,923,527
16,30,2,29,385,449,527
272,264,170,180,839,957,527
30,38,61,74,644,698,527
83,65,132,73,765,866,527
49,44,81,53,729,783,527
355,279,458,318,923,1023,527
102,95,103,120,807,907,527
120,108,150,80,780,874,527
110,63,209,86,821,935,527
305,224,215,130,854,973,527
116,117,158,142,773,866,527
21,21,64,58,670,736,527
129,102,185,124,815,922,527
197,122,167,90,790,874,527
12,23,11,35,580,594,527
378,342,336,287,876,1005,527
19,34,24,43,604,611,527
126,125,89,83,716,799,527
90,97,116,111,737,812,527
287,246,250,170,838,947,527
51,64,72,91,660,716,527
266,260,175,185,828,943,527
369,254,514,353,937,1023,527
60,33,93,64,712,771,527
229,132,191,79,830,935,527
11,24,19,38,519,512,528
153,123,322,265,862,979,528
39,50,26,33,658,706,528
33,29,0,25,588,631,528
25,40,36,47,614,630,528
195,121,307,174,843,954,528
25,27,72,72,721,795,528
112,113,135,154,767,865,528
666,480,449,286,929,1023,528
322,267,274,183,850,971,528
42,51,64,63,710,757,528
438,196,480,259,943,1023,528
217,119,269,143,858,980,528
121,97,105,59,842,980,528
541,328,485,278,936,1023,528
45,46,62,57,668,714,528
54,44,71,33,728,819,528
33,45,24,31,667,734,528
178,144,194,175,824,933,528
21,38,23,28,568,623,528
44,46,54,48,712,772,528
32,43,15,19,631,674,528
43,23,50,25,674,747,528
925,540,801,435,995,1023,528
130,96,173,113,791,898,528
291,244,255,221,901,1023,528
20,35,12,45,484,515,528
186,178,152,140,764,857,528
69,69,71,65,711,786,528
10,23,0,9,406,457,528
25,36,37,52,595,601,528
27,36,11,30,585,654,528
777,499,832,487,1005,1023,528
502,383,439,369,942,1023,528
48,50,35,33,661,716,528
440,279,442,297,933,1023,528
158,91,204,99,835,950,528
187,156,191,164,820,932,528
17,24,44,50,587,612,528
196,141,172,135,824,933,528
132,84,173,108,802,916,528
80,62,113,79,736,828,528
171,137,167,78,801,896,528
46,60,14,40,576,610,528
49,54,90,72,701,779,528
23,23,25,27,656,690,528
26,31,16,31,604,694,528
21,33,26,41,542,548,528
23,30,46,55,621,645,528
19,26,19,35,628,682,528
36,40,86,59,688,737,528
24,31,9,20,607,616,529
81,61,128,110,753,850,529
50,55,52,73,702,774,529
22,36,0,3,402,319,529
81,61,122,103,769,857,529
30,38,62,56,679,761,529
52,64,32,65,645,685,529
359,178,285,159,864,997,529
18,26,52,70,655,730,529
40,52,26,49,652,708,529
51,62,92,101,698,797,529
88,67,79,53,722,798,529
49,46,47,40,666,706,529
91,92,190,191,779,874,529
73,70,88,86,763,857,529
115,114,134,121,782,865,529
29,37,13,20,661,689,529
32,32,61,58,686,744,529
10,24,11,19,614,658,529
38,52,36,43,599,632,529
81,87,92,102,732,809,529
349,273,362,310,917,1023,529
103,69,132,78,775,865,529
30,39,51,40,661,685,529
30,43,39,62,598,620,529
136,123,105,78,735,819,529
7,21,0,0,0,0,529
116,96,88,80,761,847,529
440,224,540,261,933,1023,529
7,21,0,27,0,0,529
779,586,406,334,937,1023,530
281,274,179,170,816,915,530
16,25,23,26,623,649,530
23,20,78,43,694,762,530
335,264,414,235,907,1023,530
94,92,136,118,771,862,530
40,24,90,36,715,784,530
121,61,80,46,776,861,530
48,57,72,93,706,794,530
132,141,96,100,759,848,530
89,102,79,96,678,744,530
130,102,197,159,818,925,530
12,24,29,50,613,680,530
137,131,95,76,775,875,530
191,170,183,194,828,935,530
260,239,285,201,835,935,530
9,23,26,43,559,571,530
20,30,28,43,593,663,530
75,88,90,106,730,788,530
28,42,40,63,558,575,530
142,117,176,96,790,900,530
12,22,14,33,587,660,530
19,32,19,35,555,600,530
99,107,118,125,751,860,530
792,626,643,559,976,1023,531
33,41,41,49,679,725,531
239,208,256,212,858,994,531
778,459,586,309,962,1023,531
62,65,138,129,748,827,531
1023,1021,1023,620,1023,1023,531
25,39,11,46,611,630,531
162,96,170,63,848,965,531
41,55,64,72,653,735,531
45,57,23,51,552,600,531
24,34,18,39,592,618,531
49,40,48,48,670,726,531
25,32,6,30,454,477,531
277,155,357,147,891,1022,531
65,69,33,50,682,767,531
91,54,130,51,746,831,531
20,28,27,26,620,695,531
193,136,237,169,837,969,531
78,43,110,66,756,857,531
36,20,56,29,663,736,531
44,44,37,39,632,683,531
195,144,162,86,765,855,531
528,237,478,208,941,1023,531
97,83,112,94,768,861,531
18,29,0,22,523,537,531
426,299,524,337,932,1023,531
44,52,62,65,664,753,531
10,20,32,37,603,656,531
14,21,12,29,558,554,531
46,53,31,52,643,688,531
43,55,11,41,617,661,531
262,111,266,118,878,1011,531
26,25,41,34,631,670,531
105,92,97,97,756,862,531
38,49,49,76,678,730,531
45,41,94,73,728,810,531
219,193,216,197,821,918,531
190,156,168,130,816,918,531
175,142,159,117,799,893,531
299,252,360,256,879,1001,531
20,34,5,25,582,585,531
23,20,45,42,631,667,531
46,48,49,50,695,791,532
12,21,29,26,622,645,532
241,192,247,204,859,982,532
95,57,120,46,755,849,532
140,129,108,97,768,856,532
111,101,105,98,741,809,532
63,77,39,70,623,647,532
98,98,78,69,716,792,532
103,111,80,78,766,839,532
30,31,56,53,675,738,532
65,65,67,44,728,806,532
21,26,43,43,616,651,532
501,177,708,259,942,1023,532
66,60,100,87,741,822,532
144,92,185,113,814,918,532
68,53,167,128,770,864,532
25,31,31,35,609,637,532
15,23,37,30,581,592,532
58,68,25,38,642,704,532
93,98,124,106,729,818,532
54,50,100,74,742,827,533
54,62,55,55,647,686,533
243,235,129,92,815,923,533
33,44,55,56,667,719,533
15,25,30,41,587,606,533
36,30,79,49,720,774,533
960,593,942,570,1023,1023,533
18,23,57,48,663,687,533
85,86,69,89,757,857,533
94,81,155,119,779,874,533
160,151,128,120,786,875,533
125,59,156,58,791,889,533
312,170,421,200,889,1019,533
24,37,24,56,577,583,533
291,215,313,229,852,957,533
66,67,145,112,758,848,533
74,72,115,98,749,834,533
11,26,0,14,448,349,533
12,23,12,26,587,602,533
43,46,54,41,702,772,533
21,33,43,32,651,702,533
97,86,116,65,769,862,533
20,27,23,32,620,669,533
46,60,48,74,662,725,533
96,69,102,61,720,809,534
171,170,145,137,800,894,534
235,149,239,132,839,953,534
57,40,64,31,721,796,534
21,30,43,41,646,696,534
9,23,2,31,564,577,534
380,235,341,151,884,1016,534
305,183,206,101,848,972,534
122,96,79,42,749,842,534
245,156,209,106,812,923,534
196,186,213,197,816,923,534
75,76,86,71,704,771,534
105,89,176,165,818,924,534
44,53,22,55,630,668,534
67,37,191,73,814,921,534
387,224,412,209,915,1023,534
210,164,238,162,836,953,534
42,48,32,42,719,788,534
27,32,30,28,588,608,534
61,60,69,70,761,847,534
31,38,43,39,638,697,534
313,197,395,236,931,1023,534
82,71,92,64,744,822,534
81,83,122,129,783,871,534
8,21,1,14,421,543,534
124,122,178,173,793,899,534
9,22,14,43,591,610,534
152,163,39,63,708,766,534
288,142,339,207,852,979,534
121,52,175,64,783,872,534
762,390,656,333,960,1023,534
860,296,769,202,998,1023,534
526,314,599,382,956,1023,535
83,87,110,98,749,827,535
27,20,70,54,708,771,535
47,27,66,54,700,774,535
346,225,409,224,888,1023,535
19,27,33,39,654,700,535
58,70,6,30,694,752,535
34,38,87,81,714,770,535
24,30,47,53,624,654,535
78,87,37,60,708,774,535
253,203,390,325,878,1013,535
142,138,202,191,805,900,535
724,440,906,414,995,1023,535
53,69,9,44,536,535,535
134,94,121,84,794,900,535
370,250,371,262,882,1005,535
30,46,23,36,635,632,535
70,82,51,71,697,748,535
102,97,126,109,772,850,535
12,25,9,33,558,602,535
54,47,177,120,780,860,535
10,21,20,47,595,627,535
111,78,111,88,774,870,535
29,27,66,49,691,758,535
28,41,5,40,603,623,535
70,37,136,54,759,834,535
488,348,392,280,900,1023,535
16,25,58,61,696,751,535
22,30,29,38,633,696,535
156,162,170,154,774,862,535
284,182,328,226,879,1013,535
53,47,72,40,705,771,535
46,59,61,63,694,729,535
16,25,39,27,637,659,535
253,199,283,211,862,968,535
34,47,11,33,565,537,535
238,191,272,255,872,994,535
50,64,44,56,628,628,535
56,68,45,69,677,723,535
102,91,123,108,767,860,535
393,196,453,178,895,1022,535
34,23,52,43,687,751,535
20,30,32,41,617,657,535
23,29,33,26,613,613,536
74,83,53,64,679,729,536
18,22,29,26,573,613,536
87,99,58,78,721,796,536
73,70,62,76,672,710,536
18,20,58,25,661,699,536
36,24,99,39,713,780,536
1023,1021,1023,644,1023,1023,536
16,26,65,70,682,763,536
8,21,29,45,592,613,536
44,48,66,60,684,768,536
29,41,30,44,602,668,536
405,274,478,319,939,1023,536
80,65,98,81,746,840,536
73,61,78,50,723,786,536
38,38,78,66,722,770,536
13,24,18,42,607,634,536
9,20,1,18,560,565,536
49,44,28,31,644,682,536
1023,472,1023,701,1023,1023,536
35,37,35,30,646,723,536
30,38,56,52,708,762,536
34,31,81,39,703,771,536
15,22,22,23,579,570,536
28,40,70,75,685,759,536
37,44,13,25,605,646,536
120,115,85,71,712,784,536
44,47,94,101,732,826,536
64,79,37,71,632,700,536
149,138,171,158,796,905,537
98,94,63,64,745,834,537
393,307,334,265,904,1023,537
87,77,162,133,767,846,537
273,191,286,165,859,990,537
44,49,13,48,673,708,537
39,21,101,65,724,803,537
15,23,11,28,616,636,537
144,103,129,101,819,928,537
27,38,40,62,599,658,537
32,37,88,66,669,725,537
458,211,321,153,872,1001,537
31,33,23,25,612,675,537
188,189,113,119,783,879,537
13,21,17,21,634,679,537
89,73,93,67,740,819,537
90,104,45,81,689,744,537
12,25,0,26,618,682,537
1023,951,1023,660,1023,1023,537
623,387,488,331,969,1023,537
183,169,230,205,853,976,537
147,85,196,87,814,912,537
127,103,104,68,738,821,537
114,126,56,91,712,769,538
7,20,39,48,614,656,538
79,90,105,133,699,767,538
304,214,336,216,888,1018,538
32,35,63,40,634,689,538
66,75,64,78,753,832,538
69,83,18,47,589,654,538
501,369,430,315,933,1023,538
164,156,177,145,807,910,538
17,22,57,41,665,726,538
25,35,35,54,592,630,538
288,244,205,179,847,967,538
152,128,239,196,819,927,538
260,152,206,167,835,940,538
16,30,3,32,516,482,538
277,252,218,209,839,947,538
1023,948,1023,466,1023,1023,538
39,31,63,52,699,760,538
52,49,92,75,734,815,538
181,155,229,120,817,910,538
18,33,22,45,532,537,538
42,44,51,44,643,683,538
11,24,18,48,506,502,538
348,281,334,262,891,1017,538
99,52,104,59,782,886,538
350,328,225,218,834,946,538
206,192,126,104,821,925,538
213,190,210,177,838,950,538
46,39,91,52,707,785,538
18,22,17,28,583,620,538
54,42,146,88,762,829,538
49,60,37,50,621,677,538
174,118,107,50,797,904,538
19,23,51,40,677,711,538
484,206,467,175,925,1023,538
68,67,85,61,717,804,538
19,34,0,26,544,595,538
110,74,142,106,786,879,538
56,46,48,31,690,748,538
13,27,16,21,576,518,538
21,32,57,68,643,678,538
197,169,207,159,830,936,538
57,58,74,58,707,788,538
22,25,38,22,634,677,538
23,34,38,56,583,615,538
21,30,18,36,559,593,538
24,39,7,24,589,610,539
49,44,163,92,767,848,539
277,230,196,147,820,921,539
37,51,20,50,643,722,539
249,236,143,139,815,912,539
86,80,86,81,738,823,539
27,29,58,41,665,702,539
312,280,277,207,870,1002,539
802,534,912,642,1019,1023,539
162,167,106,121,739,819,539
28,27,37,29,631,696,539
50,56,66,77,717,800,539
146,135,157,133,804,913,539
26,30,42,53,584,636,539
41,38,64,57,700,766,539
14,20,12,27,623,649,539
401,222,263,185,864,995,539
34,34,36,38,572,629,539
806,583,672,525,979,1023,539
73,76,64,76,713,794,539
271,250,202,162,813,930,539
53,44,53,47,657,741,539
33,29,70,51,685,752,539
19,25,53,54,642,709,539
52,60,46,76,650,698,539
237,208,229,210,853,978,539
624,461,668,482,974,1023,539
30,35,3,25,490,581,539
935,439,980,323,1013,1023,539
17,21,5,19,563,648,539
278,198,360,236,892,1023,539
43,39,91,71,726,801,539
20,28,17,31,631,688,540
27,24,36,44,634,708,540
106,105,115,97,761,843,540
16,22,60,55,680,758,540
253,173,140,96,848,961,540
1023,966,1023,581,1023,1023,540
38,48,51,71,657,736,540
540,277,470,254,933,1023,540
32,44,0,24,395,438,540
133,128,112,118,786,882,540
86,85,61,43,713,779,540
22,22,21,16,606,651,540
37,35,77,66,695,762,540
89,57,96,59,704,790,540
410,351,224,139,887,1017,540
46,59,14,31,610,636,540
73,54,77,76,750,841,540
1023,659,794,574,1019,1023,541
69,62,118,70,747,839,541
42,55,79,75,713,787,541
67,50,100,58,748,845,541
61,49,71,51,717,789,541
129,128,129,124,752,834,541
37,26,41,29,663,712,541
11,20,30,46,636,701,541
226,160,198,141,841,950,541
66,51,66,36,712,779,541
16,31,12,31,548,524,541
120,81,205,131,836,958,541
17,29,43,40,649,696,541
35,50,26,54,614,659,541
23,36,69,77,668,704,541
79,47,80,46,685,735,541
61,54,74,64,693,745,541
8,20,32,34,600,627,541
34,49,16,29,630,680,541
179,178,137,124,776,852,541
78,77,69,47,670,747,541
42,47,75,77,706,796,541
31,37,36,28,682,753,541
20,27,60,63,668,728,541
53,48,137,92,754,827,541
178,131,203,117,826,942,541
31,29,27,29,646,679,541
8,21,0,15,361,0,541
88,89,106,103,755,845,541
54,64,119,111,725,795,541
25,28,39,32,662,725,542
121,121,94,96,742,826,542
79,77,54,58,708,772,542
15,29,14,38,570,584,542
130,118,86,68,766,852,542
119,103,187,194,807,924,542
51,67,0,31,572,616,542
46,56,14,47,687,750,542
142,88,189,96,817,923,542
1023,864,868,496,1023,1023,542
76,67,87,89,749,832,542
49,49,80,55,716,778,542
52,44,52,58,627,692,542
100,82,108,50,745,817,542
14,25,16,38,628,708,542
62,49,164,90,768,867,542
78,80,33,37,693,744,542
36,36,59,40,672,722,542
55,41,51,49,679,748,543
27,28,24,36,558,613,543
63,71,33,67,652,696,543
153,133,155,119,791,888,543
54,34,62,49,678,736,543
20,26,9,18,583,565,543
49,61,64,86,660,711,543
34,37,43,38,671,725,543
42,40,37,25,646,686,543
68,79,67,80,729,783,543
111,99,209,176,816,912,543
22,32,49,58,671,747,543
218,152,273,197,876,996,543
42,34,118,111,758,843,543
80,85,112,118,778,868,543
342,246,377,217,867,991,543
143,147,114,144,728,813,543
129,117,142,107,795,898,543
70,67,121,114,769,857,543
42,55,29,46,585,628,543
23,22,49,29,629,680,543
103,93,198,142,797,898,543
101,87,138,97,740,819,543
1023,769,824,580,1008,1023,543
197,134,151,91,790,887,543
41,53,9,37,644,674,543
50,44,100,48,740,804,543
89,97,97,83,736,817,543
48,39,71,47,723,805,543
318,263,304,243,864,980,543
22,27,62,69,755,896,544
787,187,861,223,982,1023,544
72,60,122,69,750,828,544
42,44,87,66,696,747,544
85,68,197,135,807,905,544
35,21,66,47,687,757,544
45,57,40,54,626,660,544
106,110,152,141,752,833,544
68,62,88,55,740,828,544
517,400,515,431,944,1023,544
165,110,202,123,812,911,544
37,36,30,24,672,720,544
25,29,33,19,653,689,544
109,90,165,91,778,870,544
28,39,19,30,660,706,544
64,53,72,49,702,758,544
56,56,40,43,693,737,544
27,34,65,66,708,780,544
199,146,141,106,873,1000,544
136,121,60,49,766,846,544
77,87,77,84,684,740,544
136,120,153,116,765,849,544
23,36,40,23,647,665,544
331,284,268,164,867,983,544
41,48,41,59,684,749,544
60,58,42,37,677,722,544
20,21,54,42,596,637,544
177,167,221,188,851,980,544
286,214,316,208,921,1023,544
99,94,226,190,793,888,544
133,141,117,135,750,823,544
170,142,171,149,824,928,544
172,79,293,135,868,986,544
930,617,814,595,1016,1023,544
85,75,135,101,747,831,544
47,49,91,53,722,795,544
352,218,373,181,908,1023,544
11,22,32,36,627,669,544
17,26,62,71,666,721,544
66,70,79,68,695,751,544
24,27,36,44,629,697,545
29,25,58,30,671,708,545
154,132,133,66,800,904,545
265,172,163,107,833,943,545
82,90,74,90,717,796,545
553,416,261,216,884,1005,545
206,156,234,120,829,940,545
45,32,47,34,680,757,545
315,162,329,193,888,1012,545
15,22,7,17,595,621,545
78,51,93,43,739,826,545
68,48,111,72,737,814,545
475,139,511,135,947,1023,545
91,73,116,54,748,835,545
37,23,86,45,706,767,545
141,124,77,67,727,787,545
207,163,138,102,821,936,545
109,70,85,65,752,825,545
92,88,109,102,754,842,545
133,106,153,90,770,870,545
150,82,192,101,799,899,545
177,165,132,146,752,847,545
36,26,98,53,704,782,545
56,55,28,41,641,716,545
19,20,58,57,689,767,545
26,27,53,43,651,734,545
224,184,285,215,843,955,545
32,21,63,42,646,707,545
1023,996,1023,710,1023,1023,546
62,54,45,30,685,744,546
149,117,247,202,846,952,546
7,20,0,18,207,162,546
114,77,171,109,799,899,546
22,32,47,52,667,726,546
20,21,61,41,671,716,546
55,52,96,69,717,801,546
25,36,46,43,628,686,546
80,61,141,50,764,854,546
122,78,199,104,812,920,546
758,420,799,354,985,1023,546
249,230,200,142,833,949,546
76,57,126,73,740,820,546
21,20,72,35,680,740,546
188,180,157,147,805,901,546
102,69,88,66,728,819,546
34,46,9,37,584,627,546
48,41,112,84,725,806,546
50,62,73,86,723,797,546
64,75,55,67,710,777,546
327,310,225,205,830,941,546
35,38,91,85,692,738,546
26,38,54,55,668,722,546
157,117,142,63,805,908,546
97,102,83,83,717,787,546
56,49,108,64,760,838,546
116,76,130,58,778,865,546
464,142,488,123,933,1023,546
52,35,82,63,750,831,546
49,49,56,40,664,684,547
49,53,69,82,702,781,547
31,46,0,33,466,354,547
85,76,93,74,775,861,547
46,55,63,70,690,739,547
11,21,14,27,601,643,547
455,333,361,205,916,1023,547
67,76,102,101,715,779,547
22,34,26,46,632,642,547
35,37,78,37,702,753,547
252,169,266,158,859,971,547
329,266,333,236,893,1023,547
59,40,97,68,751,852,547
9,21,0,9,509,495,547
106,95,117,86,757,833,547
124,123,98,98,772,851,547
59,39,83,57,702,754,547
148,145,93,101,749,843,547
914,703,772,636,1008,1023,547
507,352,501,357,944,1023,547
9,20,22,33,615,675,547
79,64,83,66,734,804,547
58,71,66,60,683,729,547
12,23,28,42,533,563,547
13,25,0,15,477,434,547
143,106,173,95,806,896,547
72,57,110,82,739,815,547
113,99,115,79,756,849,547
30,22,68,60,679,740,547
37,37,44,34,653,723,547
277,231,295,228,859,983,547
33,42,43,50,670,726,547
192,165,182,119,796,899,547
109,111,56,51,737,818,547
117,105,133,85,766,859,547
111,94,123,99,766,851,547
91,94,130,132,743,826,547
73,81,74,57,698,754,547
19,27,43,40,651,689,547
116,119,84,85,744,839,547
621,387,699,430,991,1023,547
438,347,552,436,956,1023,547
124,111,104,122,752,846,547
50,56,61,68,691,759,547
64,63,86,69,713,802,547
296,130,334,146,871,1005,547
432,291,585,427,941,1023,547
54,47,58,50,681,752,547
543,445,432,319,923,1023,547
109,116,53,85,732,802,547
402,299,354,266,883,1016,548
547,289,572,235,931,1023,548
83,45,73,54,733,824,548
13,21,0,20,471,400,548
97,74,79,55,737,803,548
23,27,16,31,492,501,548
689,431,618,359,964,1023,548
207,195,113,130,778,858,548
315,225,306,218,869,991,548
75,62,90,92,746,832,548
494,321,574,341,947,1023,548
60,58,83,80,706,783,548
90,63,124,75,764,862,548
21,22,30,31,626,670,548
253,218,166,138,826,934,548
56,41,122,73,726,809,548
41,37,28,25,638,671,548
95,79,68,78,732,813,548
62,48,72,40,682,750,548
27,37,50,73,604,674,548
917,614,915,632,1023,1023,548
30,31,47,52,663,713,548
68,61,50,56,678,723,548
55,55,60,72,706,788,548
17,24,31,44,618,653,548
54,32,89,50,693,747,548
161,158,172,178,782,879,548
13,22,3,31,539,512,548
210,109,327,196,870,1005,548
105,92,98,83,784,881,549
74,44,79,42,723,803,549
34,44,62,59,646,694,549
50,54,61,43,680,722,549
53,50,72,61,734,819,549
117,111,120,108,750,836,549
236,145,284,142,844,950,549
82,63,131,77,755,822,549
52,37,84,44,705,769,549
58,62,32,44,702,740,549
44,28,74,33,683,731,549
72,87,33,59,672,724,549
157,77,304,169,846,965,549
70,80,46,44,702,773,549
91,68,123,72,776,865,549
439,338,401,319,932,1023,549
149,75,225,111,817,933,549
21,21,33,39,643,655,549
46,49,51,60,677,723,549
55,61,54,54,705,751,549
166,85,252,123,836,945,549
15,21,48,30,642,688,549
502,325,527,299,939,1023,549
32,42,58,66,682,716,549
330,282,320,276,885,1008,550
106,87,176,142,791,899,550
21,32,42,60,658,685,550
41,33,116,76,725,792,550
80,63,64,57,698,757,550
133,74,185,127,809,920,550
35,36,111,73,743,821,550
128,81,84,51,740,806,550
204,132,181,125,825,927,550
146,90,113,82,743,819,550
58,58,62,57,703,776,550
87,67,165,130,808,901,550
103,102,138,97,770,852,550
90,69,129,72,756,839,550
18,28,25,35,655,673,550
408,231,404,176,911,1023,550
22,22,45,37,708,772,550
29,40,0,20,532,505,550
72,52,89,69,719,795,550
171,145,218,199,840,955,550
20,31,2,25,604,628,550
312,185,366,237,912,1023,550
315,125,518,195,946,1023,550
10,21,0,22,532,461,550
31,22,119,62,737,808,550
27,34,43,56,673,749,550
168,80,195,70,818,911,550
24,24,62,41,666,726,550
56,58,91,94,763,844,550
209,197,173,182,813,914,550
14,26,20,30,597,638,550
80,81,92,104,764,850,550
601,365,695,399,997,1023,550
16,20,58,51,632,673,551
338,308,188,179,846,965,551
19,27,16,36,589,590,551
284,209,284,200,893,1023,551
98,94,68,79,709,793,551
106,60,53,37,741,819,551
39,34,78,50,721,785,551
15,25,15,28,548,516,551
102,75,101,65,741,833,551
83,85,84,76,700,764,551
31,37,0,23,565,630,551
20,29,7,22,585,588,551
90,93,77,84,722,805,551
42,46,36,49,674,713,551
124,100,168,119,803,898,551
221,132,192,117,837,948,551
183,179,154,145,780,872,551
18,22,57,38,670,717,551
111,86,135,105,793,897,551
17,22,26,19,624,662,551
148,111,148,77,766,840,551
163,79,227,104,830,933,551
258,152,237,120,865,987,551
30,30,33,35,663,686,551
36,22,62,26,715,783,551
61,69,50,53,690,751,551
61,50,68,53,716,791,551
1023,609,1023,601,1023,1023,551
40,50,50,50,644,664,551
49,51,54,48,722,789,551
682,358,409,248,929,1023,551
38,25,51,25,684,729,551
47,59,35,36,679,737,551
19,23,54,51,669,718,552
17,30,24,39,645,667,552
181,154,126,111,794,886,552
23,25,49,20,693,742,552
104,84,126,91,757,843,552
26,26,34,32,638,678,552
17,20,4,22,602,630,552
90,90,62,72,706,760,552
93,58,188,132,818,920,552
27,31,19,24,564,597,552
31,28,29,28,653,666,552
223,204,228,185,832,935,552
31,36,44,35,668,737,552
135,76,133,61,798,889,552
592,496,540,446,924,1023,552
706,311,902,425,997,1023,552
104,82,99,66,732,807,552
633,458,790,618,1009,1023,552
28,37,35,35,625,630,552
571,260,557,264,950,1023,552
13,28,12,24,556,504,552
27,33,57,65,697,739,552
74,74,98,92,741,820,552
47,54,110,110,749,824,552
12,26,8,26,568,556,552
16,23,54,31,648,678,552
30,38,58,55,684,732,552
29,36,30,42,607,657,552
180,113,227,121,831,936,553
20,30,36,48,596,600,553
615,314,797,508,1001,1023,553
106,77,130,110,768,863,553
9,21,37,49,580,566,553
53,41,132,63,774,836,553
211,161,224,139,822,925,553
41,48,32,49,661,689,553
11,21,28,41,606,655,553
123,100,175,113,787,877,553
105,104,77,55,713,781,553
16,27,22,41,591,629,553
348,288,296,250,919,1023,553
8,20,18,33,580,598,553
33,31,86,76,739,824,553
117,105,133,113,781,878,553
362,291,357,290,892,1016,553
20,27,40,37,576,655,553
118,116,129,107,760,859,553
16,23,59,65,670,710,553
42,54,16,52,526,536,553
48,53,16,24,635,650,553
198,161,132,86,817,923,553
51,52,112,74,729,804,554
348,114,472,131,905,1023,554
18,25,9,27,549,541,554
30,31,61,39,662,703,554
34,35,48,39,654,703,554
96,88,171,152,779,866,554
44,50,20,44,752,838,554
34,33,71,78,713,801,554
238,124,215,87,805,901,554
38,22,37,20,650,674,554
170,142,183,124,816,909,554
59,44,118,74,738,824,554
49,45,82,82,689,772,554
451,195,389,173,914,1023,554
11,21,0,23,532,500,554
73,68,133,105,727,797,554
123,61,180,99,804,913,554
228,175,331,252,889,1022,554
51,33,94,56,732,803,554
658,388,557,400,967,1023,554
25,36,28,37,703,796,554
182,141,243,217,840,965,554
79,52,104,65,743,818,554
59,34,114,66,755,845,554
589,438,544,433,962,1023,554
26,27,51,49,605,688,554
13,23,13,32,523,528,554
50,49,159,131,794,886,554
41,55,32,42,648,699,554
502,413,502,364,926,1023,554
78,89,51,84,694,761,554
32,35,51,40,691,743,554
17,26,44,48,655,668,554
49,52,70,62,670,719,555
1023,970,1023,586,1023,1023,555
59,69,64,87,693,747,555
29,37,98,68,699,750,555
27,39,40,63,646,687,555
105,105,92,105,768,830,555
30,39,19,41,582,639,555
19,29,49,58,675,728,555
591,327,616,328,947,1023,555
73,58,106,48,769,848,555
133,140,68,100,727,802,555
486,328,562,381,932,1023,555
23,23,39,38,683,722,555
476,324,526,352,932,1023,555
20,23,58,34,644,668,555
399,318,334,258,909,1023,555
155,141,166,174,799,903,555
21,21,29,33,661,671,555
412,256,372,154,883,1002,555
73,69,126,89,754,821,555
183,86,193,101,806,906,555
33,30,59,44,685,761,555
38,48,19,45,638,681,555
15,27,28,48,622,667,555
332,309,358,336,880,1005,555
84,92,110,97,752,828,555
217,104,257,136,851,967,555
131,63,125,53,796,893,555
49,49,55,35,678,757,556
23,30,35,38,667,721,556
44,50,44,51,637,663,556
135,105,116,65,783,876,556
38,24,83,32,708,775,556
102,100,101,92,755,841,556
85,78,125,123,766,858,556
302,117,207,105,840,953,556
358,176,279,91,893,1023,556
55,50,41,47,684,745,556
49,43,78,69,688,755,556
72,64,96,55,727,793,556
63,66,46,55,732,806,556
13,20,42,60,618,685,556
33,21,69,47,710,768,556
46,48,42,59,666,725,556
894,341,705,274,973,1023,556
51,45,88,73,707,772,556
193,131,91,52,796,903,556
18,28,5,37,174,296,556
55,67,14,57,561,559,556
93,97,44,57,747,838,557
160,77,128,51,780,869,557
156,139,130,113,788,892,557
56,33,41,30,672,732,557
21,25,5,22,528,518,557
66,32,91,43,745,821,557
106,98,72,72,700,764,557
63,37,51,37,707,772,557
259,158,167,115,812,912,557
345,235,407,336,928,1023,557
266,151,243,162,831,950,557
33,34,28,25,640,696,557
480,196,502,273,943,1023,557
82,82,49,51,712,786,557
51,59,48,63,663,704,557
119,119,63,65,722,806,557
33,30,66,58,684,760,557
42,52,35,38,645,668,557
23,23,13,22,553,593,557
125,105,111,93,743,835,557
44,41,38,50,693,751,557
35,32,38,31,643,675,557
21,22,70,54,682,749,557
189,145,282,177,834,939,557
21,22,39,31,639,649,557
322,203,289,146,880,1012,557
36,24,89,47,697,755,557
52,64,34,37,667,706,557
16,27,15,29,610,640,557
135,141,88,80,763,838,557
150,56,136,75,798,894,557
178,141,242,175,849,956,557
71,79,62,93,704,764,557
64,62,120,78,712,776,557
78,82,52,77,792,927,557
70,74,52,80,696,763,557
135,123,137,89,787,876,558
56,58,163,131,755,823,558
694,262,703,281,980,1023,558
967,485,1023,646,1023,1023,558
45,42,53,47,655,705,558
183,166,193,163,839,940,558
20,32,22,26,597,658,558
129,118,153,136,796,904,558
137,106,70,58,747,825,558
40,52,7,38,596,602,558
109,111,91,102,770,856,558
55,58,104,94,715,779,558
173,107,151,65,813,914,558
20,30,24,28,647,685,558
70,78,82,87,718,797,558
119,42,196,48,822,937,558
502,403,366,288,935,1023,558
14,22,24,36,627,648,558
503,381,502,291,920,1023,558
74,84,50,60,674,735,558
806,588,617,396,985,1023,558
62,64,61,51,689,727,558
92,68,94,73,744,852,558
20,32,31,46,638,667,558
342,259,297,242,847,959,558
39,48,64,62,701,779,558
86,81,51,37,708,791,558
13,26,0,1,345,263,559
178,151,213,188,837,948,559
22,27,81,57,671,717,559
1023,928,1023,635,1023,1023,559
103,104,54,73,721,797,559
836,502,748,343,969,1023,559
56,38,124,68,745,831,559
79,90,49,80,687,762,559
371,313,304,225,871,1003,559
164,155,125,134,803,904,559
117,81,254,218,856,987,559
17,32,2,33,565,600,559
96,107,71,98,712,791,559
84,79,154,138,776,863,559
61,75,58,65,661,699,559
197,147,345,259,895,1023,559
35,40,50,51,601,616,559
135,118,172,125,820,929,559
86,91,50,74,723,806,559
97,79,163,131,774,865,559
147,134,225,200,817,928,559
72,66,156,131,803,896,559
793,388,862,476,1016,1023,559
242,209,217,168,844,962,559
133,74,122,74,785,892,559
267,164,201,93,832,937,559
99,74,126,88,769,849,559
233,223,134,140,805,910,559
42,38,95,91,707,771,559
16,22,13,24,579,620,559
26,28,49,32,674,719,559
73,71,117,103,727,806,559
70,71,65,65,696,746,559
133,95,88,48,725,789,560
273,193,523,369,883,1019,560
216,188,219,187,834,951,560
62,66,36,56,692,765,560
62,43,96,52,729,807,560
29,41,11,32,650,718,560
33,33,75,45,666,728,560
31,27,117,76,747,834,560
17,30,1,19,378,295,560
617,488,504,390,938,1023,560
34,44,38,32,622,646,560
146,120,146,89,811,917,560
153,118,223,161,852,970,560
138,67,237,102,828,944,560
26,33,31,51,631,673,560
72,84,90,87,709,761,560
179,168,195,167,829,934,560
35,32,70,70,683,738,560
83,53,136,97,770,855,560
24,32,57,36,628,692,560
31,46,11,33,616,594,560
893,574,955,530,1023,1023,560
1023,379,906,341,1014,1023,560
143,142,149,153,775,863,560
126,107,205,147,801,904,560
45,56,74,49,719,775,560
38,35,75,59,691,736,560
180,142,193,111,808,908,560
158,117,159,120,784,876,560
540,411,585,396,933,1023,560
96,84,165,141,800,892,560
145,145,90,108,769,845,560
11,20,18,26,615,623,560
740,491,768,412,994,1023,560
209,166,227,156,833,933,561
26,28,55,50,653,686,561
35,47,44,69,623,662,561
51,61,84,92,699,750,561
216,184,337,300,876,994,561
38,37,80,82,694,758,561
200,191,120,119,796,889,561
199,155,162,156,856,967,561
11,23,9,24,641,654,561
492,233,552,362,951,1023,561
94,69,91,64,733,782,561
95,110,0,19,642,691,561
46,50,100,67,740,791,561
104,98,89,69,773,881,561
225,181,162,120,778,873,561
52,54,88,93,739,814,561
59,66,71,64,700,775,561
179,157,145,137,822,924,561
35,49,49,77,597,651,561
29,28,26,23,613,648,561
166,127,264,177,876,1006,561
180,98,271,117,844,968,561
28,24,17,26,648,698,561
110,124,28,66,693,748,561
109,91,214,135,820,929,561
99,106,56,42,786,913,561
53,62,23,43,708,771,561
43,44,40,33,698,752,561
10,22,0,9,522,541,562
67,70,111,77,734,798,562
638,376,633,368,993,1023,562
129,85,152,91,788,896,562
102,113,79,109,678,759,562
58,29,97,33,732,829,562
170,161,136,146,825,964,562
95,51,131,54,758,844,562
62,72,0,36,599,636,562
77,77,52,64,684,749,562
52,40,85,59,707,790,562
123,89,131,112,786,898,562
64,73,0,19,562,599,562
557,322,527,368,950,1023,562
115,50,186,63,784,887,562
23,27,20,28,585,637,562
203,154,162,117,808,899,562
66,54,97,73,688,754,562
51,40,90,49,692,770,562
61,60,82,94,722,796,562
42,31,40,34,670,733,562
239,203,297,247,840,953,562
110,92,78,51,726,809,563
330,149,292,85,883,1015,563
99,103,93,112,745,827,563
489,313,369,239,933,1023,563
26,34,66,81,690,780,563
20,27,39,40,646,702,563
46,43,55,45,700,752,563
176,144,220,155,812,930,563
48,42,97,79,720,789,563
40,52,20,45,648,684,563
66,59,165,104,749,842,563
154,114,96,111,764,851,563
46,33,117,65,742,810,563
90,103,19,46,667,720,563
34,32,88,74,729,811,563
140,61,219,86,814,919,563
78,78,79,67,721,811,563
37,32,90,59,704,785,563
12,24,27,28,694,790,563
39,49,61,65,671,719,563
152,75,191,90,815,924,563
132,93,135,79,782,872,563
14,25,40,39,613,690,563
25,23,19,27,603,616,563
60,65,196,177,789,881,563
31,39,40,46,662,727,563
53,46,18,29,583,607,563
25,26,26,34,615,617,563
34,23,68,30,696,746,563
26,26,81,41,692,746,563
70,70,101,96,732,803,564
1023,409,845,281,988,1023,564
67,65,112,106,754,832,564
507,300,477,207,916,1023,564
33,36,25,20,673,713,564
85,82,87,78,715,778,564
68,66,174,157,763,856,564
21,31,39,45,644,677,564
84,55,135,72,764,851,564
48,62,0,28,558,562,564
75,67,67,75,708,781,564
130,94,215,156,808,895,564
32,24,71,37,673,746,564
99,75,71,48,749,821,564
35,36,46,45,663,715,564
70,78,89,94,727,821,564
570,398,656,436,966,1023,564
31,31,58,42,676,743,564
53,62,23,51,638,709,564
183,125,141,94,816,920,564
27,28,49,42,667,717,564
75,55,99,54,739,811,564
178,90,230,99,828,940,564
274,190,364,257,886,1023,564
120,110,69,82,720,789,564
64,63,59,59,689,746,564
26,25,46,26,675,712,564
215,173,248,199,825,936,564
24,28,82,92,691,785,564
32,42,62,57,700,780,564
56,35,74,38,702,751,564
71,81,36,72,678,736,564
89,90,93,101,704,780,564
581,408,480,361,939,1023,564
63,51,74,59,729,807,564
43,48,67,66,691,762,564
255,195,245,170,859,978,564
11,20,43,38,564,577,564
49,52,76,69,705,763,564
69,62,77,77,682,740,564
118,97,82,68,741,810,564
410,222,516,273,925,1023,564
416,244,351,210,927,1023,565
26,35,0,26,643,717,565
34,31,64,55,677,744,565
49,37,39,37,674,720,565
932,650,642,359,980,1023,565
1023,626,1023,514,1023,1023,565
66,54,81,76,703,771,565
37,25,44,23,627,665,565
38,24,61,39,657,716,565
76,53,150,101,752,829,565
303,184,228,101,867,982,565
329,239,227,169,880,1006,565
101,85,144,137,769,852,565
18,21,38,32,651,724,565
20,25,8,32,544,586,565
728,522,632,443,955,1023,565
106,100,112,103,749,830,565
605,159,671,180,949,1023,565
45,27,87,43,704,779,565
63,74,50,80,671,743,566
140,72,117,64,797,891,566
888,508,1023,647,1023,1023,566
1023,1021,1023,897,1023,1023,566
20,25,22,23,576,624,566
171,118,264,183,842,966,566
99,105,141,147,775,857,566
190,170,166,147,818,915,566
184,173,147,165,799,899,566
321,195,296,155,866,981,566
33,49,13,41,471,456,566
45,50,65,35,712,782,566
16,26,36,43,637,626,566
58,62,80,76,727,805,566
54,42,81,35,713,789,566
540,334,576,400,947,1023,566
29,37,31,34,638,688,567
143,116,171,134,789,880,567
11,20,31,32,589,641,567
12,23,22,45,561,619,567
405,279,469,330,938,1023,567
145,102,165,98,785,887,567
796,648,674,531,996,1023,567
224,214,192,158,808,909,567
71,34,185,56,772,850,567
32,44,35,65,664,704,567
111,88,230,149,802,917,567
214,157,331,234,854,963,567
67,59,110,99,725,813,567
45,54,62,69,680,756,567
81,87,141,146,731,811,567
498,444,407,338,903,1023,567
123,106,190,118,825,940,567
282,241,191,154,829,942,567
72,65,71,65,741,828,567
31,39,34,52,657,694,567
21,30,30,48,644,700,567
61,66,57,54,665,729,567
48,34,73,46,687,757,567
332,279,451,369,902,1023,567
59,67,95,95,717,793,567
90,67,110,95,757,856,567
67,63,97,84,720,813,567
35,27,89,47,701,755,567
214,108,250,116,859,990,567
99,109,102,119,746,826,567
45,49,100,81,711,791,567
37,36,75,70,702,752,567
71,76,35,44,644,703,568
38,52,23,54,542,579,568
17,23,14,28,478,514,568
204,123,190,135,838,948,568
21,28,55,72,651,701,568
117,90,155,92,761,857,568
151,144,116,105,764,866,568
26,20,36,38,662,735,568
55,50,100,94,727,816,568
31,36,81,83,697,764,568
33,46,52,55,609,674,568
96,82,108,52,755,859,568
38,49,60,64,685,749,568
189,158,246,193,848,969,568
45,31,55,31,666,749,568
73,63,85,43,694,762,568
191,191,116,122,780,881,568
11,21,43,41,587,636,568
34,22,85,42,703,765,568
52,58,131,131,751,838,568
27,36,7,30,469,560,568
45,59,45,69,627,682,569
63,66,31,47,675,749,569
555,350,691,452,961,1023,569
182,135,290,205,877,1001,569
17,28,72,68,691,730,569
87,85,115,113,755,842,569
27,40,47,58,630,674,569
46,55,60,74,653,714,569
53,67,34,56,617,587,569
91,94,87,84,715,787,569
80,68,130,83,729,795,569
8,22,38,51,579,596,569
45,56,78,75,678,732,569
12,25,25,37,618,649,569
74,75,80,78,715,772,569
423,234,369,169,892,1009,569
41,31,77,42,648,692,569
29,41,32,37,625,680,569
265,182,200,126,852,964,569
131,99,195,113,806,900,569
74,52,159,120,772,870,570
19,29,33,54,597,652,570
223,158,270,188,844,960,570
189,154,285,162,850,964,570
532,297,555,206,942,1023,570
24,30,59,43,668,737,570
51,60,87,85,690,746,570
24,29,43,48,600,651,570
47,61,5,41,584,642,570
12,25,17,44,643,742,570
17,28,56,58,644,708,570
199,122,182,109,791,893,570
36,35,82,50,709,785,570
123,114,53,68,706,776,570
75,56,91,47,753,832,570
33,45,28,51,625,692,570
61,35,88,45,737,829,570
77,65,56,53,698,761,570
29,22,44,31,623,674,570
141,84,308,161,836,948,570
545,327,595,387,956,1023,570
35,43,34,61,588,651,570
436,309,434,288,906,1023,570
103,76,141,113,773,871,570
378,248,423,245,902,1023,570
236,215,213,160,842,962,570
141,119,168,156,809,918,570
43,33,17,23,590,651,570
151,127,68,59,758,830,570
153,110,204,135,823,934,570
546,505,362,312,897,1023,570
34,27,23,26,644,705,570
70,62,53,68,692,767,570
66,26,70,37,697,764,570
13,22,2,23,491,557,570
63,68,34,52,654,708,571
26,36,47,73,622,692,571
52,43,56,41,715,777,571
28,40,7,46,427,308,571
40,46,26,38,579,612,571
29,41,39,46,621,705,571
955,535,924,602,1023,1023,571
195,117,109,61,780,887,571
13,23,6,29,405,401,571
50,55,88,105,724,797,571
140,128,154,136,784,875,571
98,90,128,122,756,840,571
71,81,35,61,685,753,571
13,24,3,33,533,503,571
70,54,121,83,737,833,571
92,86,83,74,738,811,571
61,74,13,50,575,644,571
275,149,256,116,835,950,571
546,364,479,343,931,1023,571
323,142,464,194,910,1023,571
1023,709,1023,570,1023,1023,571
40,42,72,71,685,767,571
19,33,19,38,570,564,571
137,83,120,65,756,845,571
327,143,327,119,879,1009,571
34,48,0,33,494,560,571
92,76,122,95,764,859,571
39,26,71,39,703,780,571
1023,1021,1023,763,1023,1023,571
144,89,154,61,807,915,571
20,31,0,25,576,628,571
146,118,127,82,742,830,572
30,37,87,97,703,771,572
96,83,166,109,817,932,572
88,85,138,116,775,861,572
25,33,66,68,667,704,572
15,22,8,17,561,634,572
17,28,32,48,575,648,572
26,39,26,56,564,635,572
35,48,35,69,599,660,572
416,258,353,160,881,1011,572
16,20,30,47,611,673,572
248,144,275,145,855,983,572
34,30,45,46,663,725,572
938,748,755,528,1001,1023,572
340,310,198,167,851,968,572
102,92,87,71,712,779,572
85,74,118,97,818,928,572
83,65,116,105,762,851,572
336,180,274,184,874,1003,572
33,37,56,38,581,610,572
71,39,101,55,749,839,572
406,321,489,336,922,1023,573
26,35,58,67,669,726,573
19,31,54,44,631,674,573
87,93,69,77,740,822,573
870,605,670,423,990,1023,573
101,86,136,94,762,844,573
150,144,180,186,800,905,573
28,36,78,84,686,743,573
155,84,137,85,791,897,573
18,30,0,27,500,478,573
29,27,69,46,685,781,573
66,73,114,98,727,799,573
34,36,51,37,679,741,573
66,69,131,113,761,856,573
132,126,183,159,785,881,573
176,183,109,136,767,852,573
1023,896,1023,621,1023,1023,573
105,61,73,47,739,821,573
276,192,380,258,934,1023,573
138,128,230,186,821,934,573
74,76,82,92,775,873,573
114,52,162,65,790,899,573
105,98,92,95,787,881,573
86,96,62,78,674,736,573
214,193,195,169,794,908,573
66,60,57,50,699,763,573
101,85,153,91,780,873,573
144,149,127,141,756,849,573
30,35,42,41,607,666,573
91,82,93,108,711,817,573
55,65,35,72,578,651,573
9,20,0,4,0,137,573
296,205,185,95,835,954,573
24,37,3,35,540,587,573
74,74,166,148,752,827,573
140,71,167,66,790,893,573
76,82,78,101,703,771,573
72,49,81,64,723,798,573
15,24,9,22,483,562,573
54,36,84,37,720,811,573
187,73,236,85,823,945,573
42,39,80,79,692,756,573
117,68,178,97,745,829,573
150,155,31,60,734,809,573
36,37,33,29,657,728,573
11,24,0,7,0,0,573
58,62,105,120,738,813,573
52,29,36,41,652,709,573
1023,751,1023,666,1023,1023,573
356,191,426,191,902,1023,574
111,89,125,85,802,908,574
205,103,218,100,829,947,574
39,27,79,47,692,782,574
15,22,11,28,520,584,574
16,22,8,24,568,580,574
40,50,33,57,592,598,574
290,197,343,195,929,1023,574
149,97,248,132,823,926,574
117,126,119,127,732,821,574
37,30,120,61,734,829,574
417,208,402,167,889,1021,574
22,27,34,35,630,701,574
144,154,121,95,756,848,574
254,151,337,171,869,998,574
21,28,51,60,650,682,574
201,111,136,90,797,907,574
60,68,73,86,651,715,574
149,152,102,117,749,848,574
32,35,41,50,658,738,574
30,43,5,13,574,601,574
109,56,185,85,804,912,574
34,45,55,51,672,726,574
53,51,122,56,760,838,574
25,27,64,61,697,771,574
17,22,32,36,632,690,574
73,81,64,74,701,781,574
654,521,653,561,961,1023,574
130,76,206,149,820,937,574
18,31,22,49,607,641,574
542,417,468,316,935,1023,574
18,30,46,68,643,689,574
59,76,56,58,615,687,574
157,107,93,73,779,872,574
254,132,255,148,837,940,574
66,63,77,71,693,749,575
46,38,84,57,717,815,575
76,74,95,91,760,845,575
23,36,30,42,625,678,575
9,22,2,15,534,545,575
17,31,53,27,649,695,575
27,23,12,23,598,621,575
80,86,107,92,743,821,575
82,90,88,85,745,815,575
31,36,73,86,686,745,575
272,229,259,211,845,957,575
343,159,526,238,929,1023,575
75,46,86,47,754,834,575
75,87,99,101,700,781,575
207,195,141,132,799,904,575
108,99,46,56,705,778,575
15,20,27,29,659,724,575
45,35,54,40,699,770,575
148,139,162,122,800,891,575
72,86,57,62,718,798,575
12,28,7,13,547,565,575
62,60,119,107,725,830,575
249,134,357,137,884,1016,575
283,235,259,199,897,1023,575
27,26,94,58,697,753,575
64,67,120,106,705,779,575
94,99,104,102,714,791,575
318,227,281,116,867,996,575
31,43,90,64,738,818,576
250,222,216,162,824,941,576
20,28,33,48,602,673,576
43,35,65,39,690,760,576
7,21,8,21,535,523,576
255,172,352,252,917,1023,576
34,45,41,56,665,747,576
57,61,71,57,736,814,576
113,79,132,68,740,824,576
29,20,74,32,669,714,576
65,60,126,138,735,822,576
62,61,80,90,713,802,576
59,59,122,122,755,838,576
54,57,103,104,742,830,576
25,30,52,49,681,744,576
140,110,171,117,792,905,576
20,27,47,65,598,651,576
845,287,917,266,989,1023,576
27,28,74,80,663,733,576
69,63,34,41,674,758,576
30,41,13,29,599,657,576
63,51,98,75,742,833,576
57,53,46,44,675,764,576
39,37,25,34,628,689,576
46,33,70,54,655,751,576
15,26,0,20,375,36,576
272,175,399,276,905,1023,576
126,79,90,65,757,841,576
15,27,0,30,377,457,576
119,92,141,123,803,936,576
121,96,140,89,781,873,576
56,38,76,66,696,757,576
37,37,52,48,715,850,576
73,60,74,56,716,805,576
49,44,50,43,639,715,576
583,385,453,222,953,1023,576
256,219,238,221,844,960,576
58,67,56,84,672,739,576
40,27,121,88,761,884,576
19,20,60,43,642,684,576
76,65,122,84,745,834,576
39,38,54,55,661,697,576
37,50,27,48,701,812,576
73,61,91,88,735,814,576
22,32,44,59,616,686,576
193,164,168,135,748,841,576
129,136,41,73,740,840,576
310,179,364,188,883,1011,576
83,82,96,106,759,823,576
232,205,341,280,873,992,577
586,346,546,279,957,1023,577
150,126,151,111,794,901,577
12,27,9,40,347,396,577
23,34,43,49,656,723,577
54,41,77,65,726,798,577
69,66,122,90,721,804,577
60,77,20,51,644,709,577
58,44,82,42,713,781,577
98,88,85,92,762,854,577
770,373,772,438,983,1023,577
35,47,41,61,605,682,577
31,31,73,38,706,768,577
256,190,215,162,862,974,577
48,41,78,50,718,788,577
337,184,332,177,878,998,577
282,149,262,168,843,954,577
64,41,115,69,763,851,577
30,41,54,50,646,692,577
99,92,110,112,767,858,577
246,225,189,157,839,949,577
34,43,79,76,695,759,577
15,20,49,37,652,726,577
349,204,323,130,871,1002,577
181,134,165,128,820,940,577
258,203,261,199,852,959,578
107,98,50,45,712,792,578
22,27,12,28,622,684,578
23,35,1,25,546,564,578
132,124,136,145,758,847,578
79,67,87,50,717,787,578
86,81,87,63,745,831,578
90,79,115,126,794,903,578
138,145,97,116,752,848,578
313,240,421,296,897,1023,578
41,47,70,87,731,793,578
223,158,157,78,839,944,578
110,79,188,136,800,896,578
29,29,19,22,514,552,578
282,237,169,170,814,924,578
128,90,265,181,824,942,578
26,37,64,76,657,686,578
233,195,186,180,811,925,578
39,32,68,39,707,799,578
21,32,29,47,619,664,578
35,40,53,60,694,778,578
112,67,188,78,805,917,578
99,95,84,90,736,810,578
211,169,134,121,818,922,578
37,46,13,27,637,680,579
210,137,268,175,854,974,579
23,20,20,20,581,624,579
30,32,6,24,568,631,579
537,209,582,251,923,1023,579
71,67,70,52,715,794,579
99,94,92,82,740,826,579
427,343,485,412,928,1023,579
113,95,119,118,760,839,580
40,27,57,54,627,676,580
82,83,100,104,726,804,580
33,40,72,73,672,711,580
29,28,38,31,610,669,580
11,21,19,29,567,619,580
28,40,0,31,589,639,580
113,99,133,134,787,895,580
37,33,71,51,671,743,580
63,60,60,57,664,736,580
41,42,57,63,670,746,580
77,78,118,125,775,873,580
181,153,122,89,773,874,580
120,114,34,52,723,792,580
26,36,31,53,660,692,580
125,88,122,111,744,833,580
279,218,254,110,842,959,580
33,36,37,52,672,759,580
78,64,77,50,725,798,580
1023,675,948,529,1023,1023,580
230,120,282,144,853,980,580
74,70,78,53,718,777,580
26,33,35,19,621,672,580
13,25,32,37,603,658,580
33,39,100,97,703,761,580
53,51,88,63,774,869,580
566,387,607,476,965,1023,580
17,20,65,28,654,703,580
30,30,46,50,659,702,580
263,182,225,154,847,973,580
101,55,206,104,803,912,580
57,69,33,40,651,705,580
204,169,286,253,880,1009,580
106,96,97,85,766,853,580
94,100,97,69,769,850,580
127,128,128,108,760,851,580
170,147,136,140,818,934,580
213,118,153,82,799,905,580
116,79,106,96,755,837,580
20,25,68,47,668,709,580
61,67,66,71,663,733,580
62,64,47,39,582,613,580
89,89,60,47,712,799,581
119,95,92,84,763,879,581
21,27,16,32,581,585,581
52,57,67,40,701,775,581
28,24,39,30,622,676,581
65,77,53,86,717,793,581
17,28,39,50,649,711,581
48,27,59,50,681,753,581
153,158,104,126,750,825,581
486,397,411,331,914,1023,581
36,23,96,50,735,834,581
187,141,185,99,779,871,581
243,163,199,99,829,943,581
160,166,74,98,767,853,581
80,85,90,91,714,780,581
26,31,15,26,586,661,581
15,27,14,34,607,679,581
21,26,32,38,635,727,581
573,322,461,173,916,1023,581
44,54,42,60,659,728,581
24,30,50,53,643,678,581
163,150,158,128,807,915,581
310,274,302,298,881,1004,581
87,68,66,67,715,801,581
71,71,68,60,688,740,581
30,40,36,27,637,696,581
175,171,188,185,793,899,581
38,40,80,64,717,836,582
32,38,50,58,752,859,582
38,42,28,47,614,668,582
113,100,98,88,754,850,582
51,61,41,60,642,696,582
72,43,65,26,692,766,582
205,184,209,209,813,921,582
274,224,275,246,871,1004,582
91,56,109,59,741,817,582
66,60,95,64,717,783,582
80,61,89,76,704,772,582
489,261,416,205,919,1023,582
18,25,26,37,593,633,582
35,31,69,59,769,917,582
168,124,183,80,769,871,582
28,34,42,62,596,619,582
556,425,502,386,926,1023,582
31,39,70,72,675,745,582
140,140,146,160,789,878,582
106,81,203,117,805,909,582
36,50,20,50,619,652,582
503,442,314,241,899,1023,582
134,129,145,88,764,845,582
32,32,54,43,638,719,583
45,52,102,106,718,806,583
147,109,156,81,804,907,583
260,163,362,223,888,1017,583
444,230,664,322,970,1023,583
32,31,67,55,651,723,583
131,107,290,202,828,944,583
31,39,90,81,695,773,583
34,43,33,50,633,677,583
162,145,160,116,799,904,583
588,332,684,427,965,1023,583
12,20,21,38,557,616,583
13,26,49,65,624,691,583
281,232,365,297,897,1023,583
21,35,13,35,566,590,583
18,34,2,35,0,0,583
25,34,46,63,607,617,583
105,67,194,81,786,893,583
62,51,131,78,762,849,583
127,71,120,78,770,838,583
25,38,19,31,581,608,583
361,286,437,317,906,1023,583
62,51,68,51,688,751,583
40,38,53,54,678,725,583
17,27,0,21,539,502,583
23,23,46,40,654,689,583
23,24,33,25,605,632,583
275,215,346,295,876,996,583
17,31,9,37,489,539,583
80,69,76,72,727,775,583
20,21,41,25,628,638,583
772,529,763,420,986,1023,583
29,39,37,64,608,659,583
37,55,0,19,511,545,583
61,76,45,58,633,670,583
93,76,78,37,734,802,583
165,109,221,98,817,930,583
438,123,651,241,943,1023,583
85,89,108,103,757,816,583
39,42,54,48,637,678,583
48,26,111,61,719,804,583
427,265,529,255,921,1023,583
153,141,176,183,820,924,583
409,274,325,176,903,1023,583
68,78,40,62,663,709,583
26,33,35,42,690,746,583
541,293,593,318,964,1023,583
34,34,52,35,661,759,583
28,43,0,26,486,429,584
240,153,275,141,854,983,584
42,25,116,41,711,800,584
54,61,98,91,717,793,584
9,21,23,21,531,568,584
26,38,27,43,634,669,584
22,25,51,46,673,710,584
52,64,49,71,672,751,584
99,86,59,61,708,777,584
30,46,14,46,562,594,584
31,48,0,29,453,472,584
76,79,93,80,702,780,584
26,41,27,44,582,609,584
1023,705,876,529,1018,1023,584
34,41,64,64,703,785,584
49,37,146,97,772,858,584
23,27,44,39,627,656,584
52,64,75,85,686,754,584
33,39,75,74,680,779,584
124,134,40,51,692,789,584
115,103,105,76,739,824,584
95,99,99,95,701,774,584
52,61,0,34,624,685,584
32,28,23,27,638,686,584
63,58,96,81,720,818,585
72,83,34,70,691,753,585
1023,1021,915,648,1023,1023,585
80,83,49,66,705,773,585
34,41,6,20,499,581,585
174,115,111,72,784,895,585
26,22,39,20,650,708,585
509,327,496,323,935,1023,585
47,52,83,90,709,783,585
61,58,108,77,704,793,585
45,37,89,80,723,800,585
28,26,38,41,692,783,585
312,225,400,275,892,1023,585
34,34,34,38,641,676,585
20,29,12,26,557,560,585
60,64,28,42,643,682,585
75,77,33,64,708,792,585
33,37,44,45,649,710,585
24,32,15,35,446,575,585
128,73,158,63,794,906,585
40,55,17,30,607,652,585
31,45,25,32,579,657,585
224,190,183,174,806,912,585
95,101,157,149,752,847,585
13,21,35,25,604,646,585
14,22,50,57,640,691,585
30,37,44,62,599,659,585
66,76,56,65,683,744,585
137,106,202,132,812,922,585
79,67,62,40,719,795,585
334,144,397,199,879,1013,585
15,28,41,47,604,690,585
329,224,430,310,909,1023,585
57,47,64,57,711,778,586
83,71,124,88,734,836,586
63,42,60,52,695,781,586
647,530,659,555,955,1023,586
148,115,265,197,841,958,586
26,40,18,32,560,631,586
25,26,50,34,665,746,586
1023,1021,1023,642,1023,1023,586
295,237,259,209,889,1015,586
38,50,69,86,647,711,586
40,56,62,78,596,646,586
35,41,125,113,714,798,586
83,80,134,139,768,862,586
33,28,59,37,661,728,586
58,63,51,46,674,737,586
253,191,281,241,856,978,586
8,20,25,43,520,573,586
151,131,184,140,796,911,586
270,227,230,150,847,974,586
45,57,60,74,694,758,586
16,25,60,61,600,628,586
24,29,55,38,671,718,586
173,89,197,100,827,934,586
18,29,29,50,590,654,586
57,66,72,60,717,792,586
337,288,259,206,877,1001,586
212,116,264,138,837,950,586
48,30,54,40,668,759,586
8,20,38,32,559,602,586
134,114,269,223,835,944,586
131,129,131,150,789,882,586
68,54,110,83,736,817,586
13,22,22,20,554,552,586
72,78,56,56,695,770,586
96,91,75,56,750,840,586
36,42,81,85,686,747,586
214,169,176,139,823,927,586
30,42,11,37,535,577,586
27,35,60,74,667,731,586
21,28,98,80,703,759,586
219,176,237,150,829,953,586
284,275,169,168,839,960,586
32,24,42,23,676,736,587
41,40,40,36,677,732,587
66,42,87,40,709,792,587
79,88,48,66,714,805,587
72,82,75,103,715,796,587
103,96,116,118,768,862,587
21,24,61,35,644,708,587
26,21,31,26,631,695,587
31,23,28,24,608,698,587
565,350,613,342,966,1023,587
32,36,132,121,747,836,587
93,101,103,101,749,835,587
92,80,115,89,749,838,587
184,138,332,227,859,988,587
180,122,222,129,801,902,587
37,47,42,52,621,673,587
28,36,68,86,642,701,587
42,46,30,31,625,642,587
90,95,35,67,703,774,587
30,35,0,29,562,575,587
133,107,146,96,794,899,587
120,89,140,120,798,908,587
148,64,171,87,794,893,587
38,26,62,44,662,740,587
44,44,27,33,610,619,587
33,34,42,52,649,691,587
140,116,145,132,783,888,587
28,22,11,12,569,556,587
245,204,213,193,835,947,588
80,67,72,48,705,794,588
55,34,65,45,670,727,588
75,62,100,103,726,816,588
171,131,175,135,799,910,588
163,139,71,59,746,850,588
42,35,69,59,706,781,588
60,54,68,57,721,808,588
43,26,112,58,738,837,588
281,130,185,82,834,955,588
18,22,3,24,531,577,588
28,39,9,44,574,548,588
415,298,433,259,920,1023,588
97,81,144,110,771,861,588
781,461,519,290,944,1023,588
26,35,57,56,635,716,589
188,132,214,98,812,917,589
690,374,802,253,985,1023,589
53,66,52,71,704,773,589
39,54,21,59,511,555,589
22,23,50,44,687,748,589
234,218,206,159,823,924,589
112,113,95,99,753,839,589
26,22,81,37,642,698,589
11,20,5,24,524,568,589
36,36,88,65,699,733,589
94,87,90,58,746,822,589
97,96,170,161,822,934,589
17,24,26,37,582,589,589
19,27,34,32,596,639,589
116,86,98,63,783,884,589
20,28,19,29,605,616,589
102,91,186,141,797,900,589
317,285,203,168,853,964,589
97,82,135,104,745,818,589
296,225,285,174,820,932,589
15,22,19,30,586,669,589
55,57,51,35,668,734,589
29,37,48,45,661,711,589
144,115,174,138,816,928,589
24,33,37,34,672,723,589
71,78,99,104,716,788,589
166,68,222,93,827,940,589
136,125,136,118,755,845,589
30,38,66,73,673,758,589
95,68,126,59,770,854,589
256,167,283,169,842,950,589
22,26,75,55,674,747,589
8,20,63,62,633,698,589
261,177,298,174,842,962,589
62,65,131,71,737,825,589
172,118,236,141,841,962,589
83,75,163,126,786,884,589
123,92,287,217,853,970,589
136,95,182,113,812,922,589
40,51,30,43,611,685,589
21,35,18,30,539,530,589
81,83,96,83,674,750,589
7,21,18,41,476,509,590
146,75,136,69,753,848,590
54,64,25,61,635,686,590
124,109,219,194,808,922,590
20,26,62,63,651,725,590
1023,1021,1023,623,1023,1023,590
536,255,499,211,935,1023,590
10,24,0,8,400,482,590
276,219,296,234,856,987,590
854,540,740,554,1023,1023,590
49,42,74,61,735,831,590
17,25,33,44,579,628,590
60,54,75,64,684,760,590
85,89,77,97,675,749,590
85,77,63,61,759,863,590
47,59,16,51,564,660,590
43,52,71,70,660,730,590
86,84,71,66,682,752,590
32,41,9,29,589,714,590
45,38,143,102,734,835,590
59,46,87,47,735,814,590
88,93,62,57,680,759,590
100,96,80,65,736,839,590
14,29,5,34,180,455,590
23,36,20,36,608,689,590
252,211,173,145,846,961,590
82,72,114,102,707,795,590
20,30,28,61,627,692,590
121,82,135,94,779,889,590
115,86,69,57,734,812,590
39,48,41,54,672,754,591
41,37,71,39,673,759,591
132,93,106,83,753,854,591
26,28,29,33,538,588,591
30,40,31,43,578,649,591
552,351,491,303,946,1023,591
28,31,33,44,641,726,591
77,54,129,56,735,825,591
149,127,93,73,801,911,591
124,93,206,171,826,939,591
95,98,67,76,712,769,591
27,38,18,43,605,687,591
17,32,17,45,513,629,591
484,395,443,417,938,1023,591
326,302,272,255,863,981,591
34,42,79,79,661,740,591
11,22,19,17,541,634,591
334,295,235,208,871,998,591
13,24,29,24,551,588,591
51,43,51,47,649,706,591
36,53,19,49,493,549,591
106,103,155,126,771,867,591
52,53,85,56,719,797,591
115,115,173,152,778,879,591
481,219,551,224,941,1023,591
18,32,39,52,582,668,591
282,277,177,172,834,948,591
19,29,26,37,607,651,591
67,69,90,103,731,820,591
33,49,15,34,596,661,591
52,58,77,62,675,746,591
36,28,25,21,624,685,591
533,360,469,271,913,1023,591
108,116,137,123,774,870,591
276,255,384,346,866,999,591
144,134,167,127,770,857,591
35,32,67,64,711,792,591
47,41,89,55,775,901,592
1023,968,1023,554,1023,1023,592
34,23,41,23,662,726,592
282,98,409,165,867,997,592
86,83,71,54,720,794,592
61,51,146,87,757,845,592
225,121,220,118,842,968,592
153,121,271,209,834,954,592
183,143,216,143,839,955,592
63,79,55,54,680,752,592
125,115,135,123,752,845,592
100,97,118,108,769,849,592
30,43,70,83,665,732,592
61,39,102,36,743,828,592
137,133,95,100,755,839,592
16,29,48,53,659,713,592
212,147,291,216,881,1003,592
240,223,283,275,845,963,592
18,31,70,73,642,712,592
175,162,238,171,891,1023,592
13,22,59,58,668,726,592
48,60,62,56,660,716,592
25,38,18,46,535,602,592
62,60,60,58,681,747,592
661,421,588,364,956,1023,592
16,28,45,39,616,676,592
110,83,192,136,797,898,592
27,29,41,29,668,734,592
103,119,19,48,687,757,592
681,392,393,204,905,1023,592
12,26,23,41,708,818,593
25,25,45,28,649,714,593
109,114,103,106,739,830,593
125,77,215,150,819,933,593
7,20,16,33,524,581,593
52,50,131,96,712,787,593
267,107,460,251,924,1023,593
91,85,77,64,747,832,593
109,103,130,116,777,873,593
70,71,59,80,677,747,593
41,32,64,52,635,690,593
82,96,43,56,707,776,593
37,43,51,35,651,693,593
309,240,424,323,891,1023,593
56,70,27,52,685,746,593
32,34,53,53,606,682,593
140,91,181,99,764,868,593
67,63,71,59,697,764,593
15,23,32,46,523,613,593
44,35,40,34,689,774,593
33,21,50,29,639,717,593
145,61,175,72,781,882,593
11,25,18,35,537,539,593
33,39,56,58,669,766,593
185,150,140,125,823,931,593
50,51,67,65,667,768,593
69,80,39,72,624,677,593
153,158,93,97,704,784,593
481,296,630,413,974,1023,593
77,67,45,39,688,775,593
32,28,55,33,658,751,593
232,126,298,200,865,1001,593
12,24,1,18,461,503,593
29,43,10,29,419,507,593
340,224,421,288,910,1023,593
74,66,92,81,729,809,593
15,25,32,55,545,611,593
81,77,61,60,715,807,593
199,160,230,211,842,958,593
101,96,54,58,682,753,593
292,158,278,117,848,975,593
12,24,0,24,0,0,593
277,230,326,287,859,982,594
17,25,23,44,535,582,594
130,87,177,105,760,856,594
42,45,176,156,724,802,594
137,126,221,202,800,905,594
107,113,109,135,694,775,594
194,118,172,92,813,924,594
169,151,250,200,827,946,594
181,128,227,145,828,943,594
51,54,7,9,614,691,594
111,93,134,124,740,845,594
231,166,258,196,842,961,594
19,26,5,20,615,689,594
24,20,88,65,678,751,594
88,99,68,63,694,778,594
142,110,149,88,783,887,594
73,62,196,85,819,925,594
55,26,83,43,682,765,594
179,121,199,109,798,908,594
25,35,56,70,694,769,594
219,132,287,162,845,963,594
29,38,15,36,620,659,594
61,77,47,66,654,717,594
121,129,115,116,764,852,594
153,134,138,130,788,889,594
25,32,23,35,546,589,594
15,30,25,45,606,657,594
54,54,100,74,741,814,594
314,286,371,282,888,1010,594
32,32,48,40,660,744,594
119,58,136,66,795,893,595
23,32,27,36,628,681,595
121,124,124,126,755,847,595
126,128,122,107,792,895,595
318,253,275,219,887,1012,595
56,62,25,23,655,709,595
337,196,333,201,895,1023,595
102,108,137,107,756,841,595
232,220,114,124,767,864,595
12,22,18,33,523,585,595
46,60,38,47,663,715,595
24,31,46,36,641,676,595
15,27,30,38,579,633,595
76,49,170,69,781,874,595
28,27,61,40,684,740,595
128,118,101,94,791,899,595
47,60,50,38,654,744,595
18,21,8,19,597,628,595
38,44,17,30,581,676,595
358,283,244,228,850,966,595
80,72,83,66,739,825,595
24,24,129,89,725,812,595
681,475,524,399,984,1023,595
395,270,535,369,942,1023,595
51,66,48,63,647,709,595
16,24,35,40,645,692,595
128,124,202,185,821,924,595
111,118,87,71,747,854,595
13,25,21,46,633,680,595
18,27,24,47,593,652,595
24,35,14,39,546,606,595
43,50,109,116,723,806,595
32,30,74,60,673,751,595
317,231,433,318,896,1023,595
181,159,250,236,864,993,595
16,23,5,28,450,488,595
56,60,57,68,655,728,596
249,225,151,150,801,917,596
59,49,101,80,713,797,596
25,31,28,45,582,635,596
145,150,74,95,714,802,596
189,109,130,80,798,905,596
72,71,97,68,735,814,596
17,27,42,41,615,667,596
32,40,52,60,662,750,596
37,22,63,37,667,715,596
50,58,17,33,505,494,596
246,79,278,79,843,962,596
33,40,43,49,584,604,596
44,42,2,22,531,601,596
232,122,172,98,816,923,596
163,104,212,143,845,960,596
164,107,197,84,802,909,596
39,50,0,42,483,510,596
25,27,19,26,549,598,596
41,52,24,51,575,607,596
44,50,49,70,687,768,596
12,22,10,31,517,587,596
46,47,72,53,691,751,596
102,99,126,120,759,858,596
131,95,165,109,798,899,596
21,21,10,24,471,517,596
15,22,22,47,491,536,596
464,202,502,236,924,1023,596
54,61,0,30,582,591,596
116,95,167,145,774,858,596
58,46,63,49,648,726,596
32,46,7,40,0,402,596
30,33,48,39,628,697,596
72,74,79,101,719,793,596
94,104,25,62,696,805,596
20,32,15,35,586,636,596
154,144,212,194,790,897,596
215,179,164,154,845,980,596
28,22,85,76,706,791,596
64,52,61,54,701,770,596
76,78,94,113,721,779,596
25,20,20,26,525,531,596
18,23,13,42,572,591,596
92,81,115,91,712,792,596
86,71,76,58,758,858,596
38,24,76,54,674,776,596
42,46,46,51,682,768,596
28,27,80,51,688,742,596
92,93,74,81,718,803,596
17,22,44,36,532,596,596
86,86,164,144,734,811,596
117,94,119,106,770,874,596
67,68,121,121,776,868,596
159,145,137,134,807,920,596
100,48,138,96,784,881,596
1023,887,1023,455,1023,1023,596
175,175,112,106,765,845,596
28,39,34,59,642,683,596
18,22,60,36,645,698,596
127,98,228,166,842,961,597
71,62,76,37,748,838,597
125,126,111,102,769,856,597
177,173,146,120,781,898,597
71,76,50,54,673,734,597
273,255,212,206,836,947,597
73,51,112,76,754,858,597
18,32,0,12,308,416,597
241,205,286,224,854,974,597
183,144,143,89,794,902,597
114,102,182,143,776,868,597
38,26,104,71,717,801,597
70,73,33,38,688,767,597
20,29,39,50,708,771,597
29,34,11,19,613,630,597
63,64,21,25,651,712,597
13,21,36,42,631,699,597
342,196,255,136,852,979,597
101,91,123,78,720,800,597
90,90,63,55,742,821,597
103,115,49,73,682,754,597
192,202,137,127,779,861,597
9,20,17,23,545,594,597
53,33,100,52,728,805,597
140,119,132,116,786,885,597
70,64,40,40,697,771,597
130,139,68,84,706,762,597
24,34,62,70,675,738,597
38,55,21,47,615,673,597
77,79,57,74,691,775,597
100,106,82,89,737,813,597
42,54,60,58,674,754,598
61,58,102,66,739,813,598
148,148,114,94,762,851,598
184,164,145,109,796,901,598
91,103,33,32,722,797,598
230,181,201,137,830,946,598
474,350,407,298,925,1023,598
14,26,21,40,621,660,598
31,42,41,42,603,634,598
128,115,235,180,810,922,598
6,20,0,14,0,220,598
387,329,376,333,906,1023,598
14,24,55,40,650,706,598
1023,563,981,656,1023,1023,598
32,45,46,59,619,664,598
35,41,48,51,698,764,598
24,21,64,34,708,778,598
555,416,480,378,941,1023,598
61,75,68,95,699,781,598
48,38,63,49,738,807,598
48,56,97,117,726,802,598
12,23,13,39,587,633,598
21,24,26,37,560,604,598
70,75,69,68,675,756,598
44,58,25,59,638,710,598
42,34,72,60,680,748,598
668,525,377,280,951,1023,598
19,26,15,26,529,563,598
135,83,159,78,801,917,598
86,74,102,82,747,826,598
270,152,296,185,884,1019,598
32,36,39,34,705,762,598
536,448,538,426,945,1023,598
36,37,87,58,718,792,598
33,21,92,37,729,797,598
11,25,18,27,548,584,598
16,25,21,34,615,669,598
129,131,71,75,757,842,598
36,32,101,85,715,784,599
340,265,341,241,908,1023,599
87,86,71,75,736,820,599
248,232,176,140,834,944,599
110,96,66,72,750,824,599
68,79,43,67,687,757,599
58,54,78,60,699,777,599
35,45,18,32,597,606,599
94,101,118,128,751,846,599
192,103,180,73,822,931,599
55,57,73,65,693,797,599
171,154,122,98,778,868,599
102,90,103,95,774,863,599
575,144,523,146,948,1023,599
850,587,803,519,1023,1023,599
100,87,102,97,739,832,599
124,111,90,64,729,806,599
53,46,60,49,654,721,599
187,167,142,152,796,909,599
107,69,212,155,801,911,599
268,208,227,166,837,959,599
175,143,189,190,865,1012,599
38,46,72,78,671,752,599
1023,1021,1023,866,1023,1023,599
15,24,5,21,481,579,599
27,24,43,26,599,663,599
423,318,543,409,947,1023,599
22,27,18,34,485,518,599
51,46,50,35,709,783,599
55,66,21,59,583,653,599
45,42,75,49,691,778,599
45,45,97,80,709,775,599
235,134,177,97,821,936,599
24,20,38,22,661,722,599
37,35,45,35,719,805,599
41,25,84,37,735,821,599
60,56,30,36,703,802,599
221,196,192,143,833,949,599
72,80,128,146,756,841,599
40,51,34,61,687,753,599
23,30,12,22,612,662,599
332,185,433,199,897,1023,599
25,22,38,28,616,679,600
77,79,124,117,760,848,600
31,33,53,33,686,761,600
401,286,279,179,862,987,600
101,103,101,60,752,835,600
55,52,77,58,693,774,600
91,84,131,82,762,855,600
16,31,0,22,0,0,600
25,36,36,45,588,626,600
136,73,205,84,813,916,600
93,105,66,88,713,796,600
41,40,69,64,687,762,600
175,141,290,218,839,956,600
441,406,221,224,866,990,600
31,46,31,59,610,627,600
46,39,128,78,729,792,600
22,31,45,54,622,687,600
74,83,72,79,712,795,600
74,68,145,91,741,838,600
1023,1015,988,529,1023,1023,600
11,24,0,28,353,348,600
94,74,150,92,768,858,600
30,35,69,63,692,753,600
29,30,57,40,731,862,600
12,23,25,51,625,688,600
21,31,70,66,651,712,600
140,138,182,181,797,897,600
225,166,238,123,832,950,600
56,68,36,59,661,720,601
916,428,770,304,1005,1023,601
29,31,80,67,667,744,601
19,30,49,71,673,722,601
91,96,72,64,709,782,601
99,111,34,41,723,800,601
24,20,36,29,603,670,601
163,159,166,169,785,881,601
23,36,22,39,605,657,601
15,29,23,38,582,635,601
56,52,59,47,722,813,601
70,62,92,44,733,821,601
7,21,10,31,432,498,601
291,265,311,274,876,1013,601
63,68,65,53,710,790,601
33,23,28,36,622,693,601
124,64,270,115,830,945,601
9,21,0,30,476,527,601
23,28,51,50,661,735,601
123,127,74,84,749,838,601
100,81,108,78,780,881,601
86,71,61,53,666,753,601
166,154,127,106,796,898,601
27,25,28,32,642,719,601
78,72,72,47,726,831,601
117,96,72,82,707,795,601
65,38,77,61,694,783,601
178,92,187,86,804,910,601
215,144,126,57,776,882,601
219,164,234,150,843,958,601
13,22,8,25,361,386,602
27,23,38,32,632,714,602
26,30,19,26,611,662,602
118,74,175,82,819,927,602
49,33,131,95,728,839,602
70,80,29,60,546,623,602
44,36,63,73,665,752,602
87,77,78,63,729,824,602
67,60,49,55,661,740,602
25,20,12,16,514,552,602
10,22,0,27,552,640,602
1023,865,919,597,1023,1023,602
15,22,7,18,530,604,602
121,109,133,134,785,887,602
46,58,18,29,610,685,602
14,21,19,21,651,728,602
26,38,0,32,570,651,602
26,28,34,34,573,649,602
46,30,32,22,657,726,602
10,22,0,17,424,491,602
34,37,53,38,650,724,602
88,74,111,109,774,878,602
82,77,139,101,773,881,602
44,49,87,77,713,792,602
88,73,131,89,765,867,602
11,25,0,20,292,417,602
33,30,13,28,562,630,602
85,74,79,94,748,845,602
126,102,119,73,762,860,602
195,154,146,107,796,899,602
23,20,64,41,655,749,602
424,383,306,285,874,1008,602
302,257,293,245,877,1007,602
155,164,98,98,744,832,602
102,69,189,91,789,900,602
200,182,176,135,822,931,603
116,120,160,124,796,901,603
1023,593,830,454,1014,1023,603
57,69,31,48,702,788,603
8,21,30,24,541,587,603
10,23,2,26,586,622,603
118,107,119,99,761,863,603
62,49,97,43,752,843,603
130,85,323,184,831,947,603
233,210,170,132,815,923,603
58,54,104,52,743,862,603
135,94,121,65,782,879,603
42,57,33,61,590,623,603
306,151,362,151,880,1014,603
209,199,163,162,823,931,603
30,38,60,56,655,725,603
122,109,103,101,763,873,603
89,71,76,39,718,799,603
82,82,82,74,736,829,603
64,56,60,65,733,821,603
21,36,2,31,544,626,603
77,80,87,59,730,821,603
351,155,218,93,840,964,603
56,58,91,96,742,824,603
544,399,529,377,936,1023,603
35,37,66,51,715,794,603
42,45,46,39,663,717,603
39,33,91,43,685,752,603
32,45,32,42,570,617,603
56,60,87,82,721,806,603
12,23,35,40,608,689,603
190,179,204,142,827,949,603
143,61,234,104,840,968,603
147,115,202,130,794,916,603
34,48,76,85,701,772,603
37,49,45,55,698,771,603
660,233,478,123,924,1023,604
37,34,49,49,685,760,604
894,528,954,487,1022,1023,604
36,48,10,22,541,617,604
201,167,256,224,847,967,604
27,38,10,21,563,630,604
87,92,110,101,702,787,604
103,77,122,73,768,856,604
59,59,49,32,689,777,604
48,46,84,47,687,769,604
63,67,64,69,692,766,604
28,41,85,93,661,728,604
68,78,29,67,589,653,604
92,99,60,70,510,429,604
137,112,213,157,788,889,604
21,25,40,42,651,725,604
230,204,218,178,822,940,604
119,127,68,72,712,790,604
348,230,452,303,903,1023,604
125,126,72,104,743,837,604
139,102,120,75,784,891,604
26,24,50,35,632,691,604
139,123,144,122,789,899,604
13,22,12,21,563,577,604
36,35,55,50,635,694,604
17,27,53,37,673,740,604
15,27,52,64,581,638,604
92,88,163,159,792,901,604
33,38,71,52,694,770,604
23,20,14,21,571,639,604
78,81,91,95,700,769,604
40,27,40,34,654,719,604
153,133,116,110,747,861,604
32,28,43,40,646,689,604
82,33,127,46,763,875,604
11,22,0,13,368,451,604
18,29,19,37,488,571,605
28,22,32,19,632,682,605
179,146,242,196,825,932,605
354,323,229,206,847,962,605
74,54,62,26,726,823,605
28,24,31,25,609,656,605
125,111,95,97,753,857,605
132,96,176,107,796,897,605
96,83,68,64,674,760,605
35,32,101,63,718,819,605
103,99,66,57,716,793,605
342,149,313,143,873,1000,605
250,98,325,142,861,986,605
75,66,76,55,757,852,605
70,62,121,76,724,805,605
45,31,70,42,695,777,605
133,111,172,86,777,876,605
48,57,33,49,673,754,605
44,31,51,42,680,769,605
11,23,0,25,425,426,605
43,53,63,93,689,754,605
44,50,40,60,663,717,605
262,250,229,175,827,930,605
182,102,257,111,836,955,605
40,48,42,52,611,706,605
242,241,142,142,805,909,605
160,93,222,102,827,933,605
91,87,130,82,760,859,605
73,50,133,98,760,848,605
24,37,1,31,592,661,605
209,161,146,98,796,909,605
13,21,91,98,709,773,605
26,23,59,39,614,676,605
101,104,124,113,733,823,605
29,42,30,43,735,873,605
171,133,209,154,838,951,605
773,450,607,293,978,1023,605
102,106,147,139,790,893,605
20,26,49,39,634,713,606
61,52,56,43,718,791,606
18,28,28,18,634,696,606
377,357,266,270,865,984,606
151,117,328,249,872,1000,606
188,185,121,123,813,919,606
23,36,36,32,588,623,606
94,98,97,91,734,802,606
67,60,60,60,691,748,606
319,253,244,202,851,972,606
52,64,33,46,672,715,606
125,125,101,101,766,831,606
8,21,14,24,405,432,606
21,33,36,30,610,643,606
84,66,174,152,822,929,606
121,88,170,134,798,898,606
48,56,54,67,720,793,606
244,217,213,184,850,971,606
29,36,70,45,719,798,606
154,87,174,101,792,903,606
35,29,55,25,664,712,606
141,124,166,145,803,897,606
441,375,503,381,917,1023,606
163,175,103,107,751,837,606
83,78,175,137,789,876,606
48,38,100,52,725,812,606
46,50,67,62,704,767,606
24,29,66,58,649,726,606
352,289,359,274,883,1011,606
32,24,86,39,716,791,607
15,29,22,46,521,532,607
30,33,46,38,619,671,607
65,70,83,76,721,809,607
18,29,1,34,585,624,607
51,46,159,134,765,866,607
247,142,216,148,830,951,607
27,37,24,44,659,728,607
300,172,308,154,881,1015,607
26,38,16,42,614,675,607
67,60,88,79,715,790,607
112,80,204,110,804,917,607
64,44,106,42,760,859,607
148,125,135,129,826,941,607
47,42,74,86,727,814,607
83,72,113,85,712,807,607
129,98,59,47,750,826,607
284,234,198,150,842,961,607
172,110,146,97,796,900,607
15,23,30,38,612,647,607
10,22,0,28,516,521,607
142,141,107,124,762,854,607
31,26,50,21,671,752,607
33,40,42,63,659,744,607
1023,833,1023,646,1023,1023,607
30,25,26,28,661,746,607
52,46,50,50,709,788,607
122,103,194,152,792,899,607
21,29,43,46,666,726,607
224,139,332,153,824,935,607
283,197,293,192,853,969,607
39,37,41,43,667,716,607
16,23,7,25,512,574,607
45,53,41,61,664,723,608
113,115,80,79,735,809,608
50,50,60,73,668,741,608
24,25,32,36,663,708,608
113,76,187,122,776,870,608
14,21,26,35,582,590,608
16,26,35,40,624,660,608
20,27,50,44,625,688,608
50,56,59,58,688,753,608
147,126,122,72,778,878,608
87,69,120,99,776,898,608
144,124,195,157,814,926,608
15,22,31,36,641,681,608
135,109,131,88,774,873,608
165,151,175,175,845,1007,608
164,87,120,64,781,889,608
308,196,230,161,864,989,608
14,26,0,21,464,468,608
22,23,82,72,683,722,608
245,207,286,237,862,980,608
42,31,60,34,685,764,608
24,22,53,28,656,717,608
29,37,53,63,685,721,608
154,118,238,183,854,971,608
13,26,27,40,588,610,608
543,244,350,164,911,1023,608
25,31,76,55,701,774,608
76,80,114,94,758,845,608
43,54,67,85,707,772,608
20,28,43,41,672,714,608
25,25,53,43,710,756,608
97,86,92,76,757,863,608
152,148,204,202,803,905,608
64,76,37,59,677,742,608
210,147,304,218,855,973,609
60,38,121,43,748,829,609
50,54,56,71,708,787,609
273,252,276,249,855,981,609
83,65,107,70,768,853,609
39,46,77,86,697,752,609
58,67,67,97,685,754,609
147,147,116,123,798,892,609
131,124,107,99,772,865,609
9,21,0,18,525,582,609
300,184,140,92,841,949,609
36,42,81,83,722,791,609
147,148,97,126,783,872,609
74,74,112,101,782,863,609
34,38,48,34,673,690,609
21,22,67,41,703,770,609
117,74,149,101,814,929,609
146,150,168,156,784,884,609
504,451,458,411,895,1023,609
23,34,9,33,591,630,609
56,67,23,53,680,746,609
66,71,25,40,636,676,609
23,32,4,27,463,556,609
45,59,26,57,650,708,609
25,32,55,69,659,727,609
19,28,22,34,615,669,609
43,43,82,81,718,810,609
35,39,58,49,693,764,609
283,190,208,140,856,989,609
55,65,51,59,660,722,609
219,193,140,137,849,962,609
142,119,124,116,766,847,609
295,186,280,196,870,991,609
58,28,67,40,708,784,609
177,126,198,125,807,913,609
203,128,184,136,821,934,610
80,74,110,88,757,843,610
197,127,212,123,843,963,610
86,44,89,58,713,793,610
30,28,53,40,650,715,610
26,24,112,80,731,810,610
38,43,38,31,609,632,610
93,59,95,65,737,821,610
35,28,60,33,699,742,610
279,265,204,201,826,946,610
230,148,342,247,880,1005,610
35,35,42,35,648,706,610
63,58,51,36,680,748,610
47,26,27,14,670,732,610
67,54,86,47,713,775,610
103,84,90,74,728,820,610
206,158,110,73,766,861,610
116,102,69,48,721,808,610
341,208,461,277,928,1023,610
127,131,103,126,755,837,610
17,20,49,39,672,739,610
12,20,5,30,530,554,610
14,21,0,17,498,456,610
83,69,153,148,783,874,610
61,64,72,99,721,798,610
556,379,654,452,968,1023,610
95,78,118,79,736,818,610
58,37,78,47,721,803,610
56,60,44,50,665,713,610
104,70,212,152,812,925,610
24,28,31,47,612,675,610
314,276,335,310,864,987,610
57,34,80,48,726,803,610
50,51,49,57,661,688,610
77,71,99,83,748,830,611
48,44,105,82,727,798,611
137,114,205,168,827,942,611
12,23,16,32,522,559,611
195,89,308,156,872,1001,611
25,34,18,40,575,628,611
80,49,141,91,777,891,611
31,30,72,42,670,724,611
36,32,33,32,649,711,611
26,27,34,32,668,730,611
274,164,232,122,848,962,611
57,35,72,33,704,774,611
246,145,193,113,838,954,611
30,23,35,31,682,766,611
45,39,37,33,681,759,611
55,67,20,43,633,652,611
304,194,263,129,855,980,611
109,107,110,111,765,860,611
42,55,35,48,686,760,611
311,262,267,175,861,985,611
21,20,77,60,666,701,611
375,282,365,271,915,1023,611
115,116,114,115,757,836,611
26,28,52,35,694,759,611
29,27,57,48,686,741,611
155,147,137,107,772,858,611
368,305,382,315,895,1023,611
22,23,16,26,612,690,612
106,102,139,138,788,883,612
38,26,88,41,730,797,612
353,255,376,282,901,1023,612
17,23,47,35,660,712,612
85,95,75,68,704,776,612
259,220,210,161,851,963,612
26,28,63,55,682,718,612
14,26,0,24,632,664,612
77,79,47,70,687,741,612
51,43,19,35,684,750,612
17,20,37,33,631,682,612
16,26,41,44,598,659,612
101,100,61,78,742,815,612
140,131,143,139,780,878,612
122,116,83,93,818,931,612
17,23,62,30,704,779,612
49,45,84,51,740,807,612
77,75,104,108,770,868,612
125,116,149,128,789,875,612
99,102,105,102,732,818,612
164,136,112,80,796,899,612
66,55,79,51,731,805,612
315,262,256,203,887,1010,612
164,86,172,84,823,927,612
44,39,113,80,731,812,612
75,76,82,66,715,792,612
31,40,57,74,660,708,612
77,48,25,29,688,745,612
104,88,186,130,788,885,612
35,25,65,41,678,735,612
106,99,220,180,819,932,612
53,46,134,85,773,861,612
200,86,271,80,863,977,612
12,21,33,26,601,639,612
79,75,89,71,720,792,612
43,33,72,35,714,787,612
60,41,72,45,728,782,612
106,111,77,91,727,814,612
461,387,416,340,915,1023,612
58,52,86,62,709,763,612
27,20,49,30,667,715,612
514,271,473,218,913,1023,612
514,404,232,176,883,1015,612
16,27,1,29,568,580,612
50,45,94,57,713,800,612
108,92,213,194,829,937,612
186,87,295,130,860,987,612
200,137,214,145,825,938,613
25,31,19,40,637,681,613
21,23,31,32,641,698,613
40,24,53,47,675,744,613
845,574,701,487,978,1023,613
102,82,161,98,773,863,613
45,39,53,50,710,768,613
30,40,17,37,597,633,613
95,79,114,102,755,835,613
113,87,99,62,747,835,613
26,32,31,47,642,691,613
265,179,253,164,849,970,613
129,93,80,54,739,817,613
146,78,118,76,767,866,613
228,131,225,142,832,944,613
238,123,294,122,866,997,613
667,480,570,456,989,1023,613
633,439,548,370,938,1023,613
61,55,42,33,689,754,613
29,23,51,43,683,738,613
687,481,448,302,936,1023,613
132,121,115,114,761,848,613
210,194,142,136,818,915,613
27,23,65,40,703,771,613
40,36,57,44,658,735,613
267,158,268,170,852,971,614
115,67,146,86,797,888,614
395,312,427,356,917,1023,614
102,53,133,51,776,871,614
33,26,77,36,672,721,614
155,147,159,134,817,921,614
224,188,255,196,837,954,614
437,297,484,299,914,1023,614
217,174,154,117,794,901,614
55,58,79,66,714,775,614
37,31,93,43,720,780,614
28,21,95,35,711,765,614
92,95,72,70,726,792,614
30,39,60,35,665,717,614
156,148,94,85,770,859,614
272,215,300,232,902,1023,614
88,93,78,78,719,812,614
30,26,110,49,720,788,614
20,30,43,55,653,693,614
957,655,773,558,997,1023,614
81,84,68,76,758,839,614
23,20,47,23,639,673,615
248,135,173,97,832,937,615
33,30,48,27,680,748,615
32,33,75,62,714,777,615
15,22,32,45,644,683,615
27,32,54,46,658,714,615
332,259,188,156,846,958,615
72,71,87,58,710,779,615
206,148,259,205,857,981,615
22,30,67,79,680,740,615
20,31,25,39,659,719,615
59,43,92,45,741,812,615
47,26,114,88,776,864,615
59,50,94,55,726,808,615
392,286,434,290,901,1023,615
35,50,15,32,600,606,615
120,129,122,98,732,790,615
35,27,62,37,680,741,615
25,21,29,22,630,672,615
78,64,129,75,763,849,615
711,504,645,443,997,1023,615
114,96,213,182,824,926,615
103,90,192,148,811,913,615
42,47,89,72,721,793,615
22,28,60,40,664,731,615
154,130,266,229,838,959,615
231,174,272,215,854,967,615
32,42,33,56,623,703,615
130,84,167,106,772,859,615
187,92,170,66,802,906,615
69,62,53,48,696,761,615
18,22,65,46,658,713,615
41,28,98,62,725,800,615
47,59,36,63,662,736,615
19,29,34,39,623,679,615
80,76,119,110,749,845,615
28,37,35,62,646,691,615
163,130,169,112,807,916,615
22,26,61,45,679,747,615
64,77,34,66,645,693,615
59,62,142,131,760,851,615
88,97,34,47,681,756,615
116,98,153,122,789,893,615
355,222,297,150,877,1003,615
383,269,306,233,875,1003,615
79,42,110,56,741,820,615
451,383,272,228,900,1023,615
540,301,621,329,967,1023,615
27,21,48,32,630,693,615
23,29,31,44,598,619,615
87,67,85,64,731,815,615
1023,919,1023,537,1023,1023,615
37,39,60,36,653,724,615
139,94,178,121,781,889,616
36,43,50,50,691,759,616
311,265,256,226,849,968,616
157,119,163,97,801,905,616
253,195,168,118,833,946,616
136,83,113,77,752,829,616
94,79,110,74,775,871,616
62,51,65,38,698,748,616
54,51,61,51,683,756,616
27,20,58,44,629,695,616
47,34,58,40,687,749,616
42,35,43,33,666,733,616
24,24,49,42,665,735,616
27,39,2,34,512,569,616
84,69,88,86,704,770,616
88,70,96,56,734,805,616
33,31,37,36,658,750,616
216,196,197,170,836,949,616
49,49,87,70,741,815,616
39,41,93,62,713,802,616
91,88,117,114,811,915,616
1023,583,985,380,1019,1023,616
24,37,7,23,614,622,616
84,84,86,77,735,809,616
320,220,269,147,851,969,616
101,101,93,77,754,819,616
541,365,617,409,953,1023,616
73,59,142,96,738,802,617
26,34,1,23,609,647,617
56,54,90,56,732,807,617
48,63,49,69,653,715,617
20,27,39,37,579,606,617
23,31,0,11,579,600,617
19,23,22,31,585,636,617
74,69,87,67,753,826,617
36,22,52,24,682,743,617
355,303,308,226,883,1002,617
58,63,60,45,679,761,617
16,26,43,29,636,679,617
250,149,421,224,885,1010,617
23,35,35,41,592,652,617
16,27,50,64,644,671,617
128,120,125,126,796,887,617
15,28,0,4,457,518,617
252,134,189,77,832,944,617
101,108,54,78,731,815,617
304,284,201,212,854,975,617
114,108,122,78,763,839,617
84,48,96,57,726,807,617
145,130,306,275,821,933,617
36,31,78,62,681,737,618
58,59,45,57,720,776,618
114,106,130,144,782,872,618
392,131,347,135,892,1018,618
91,93,100,82,751,838,618
212,180,291,210,848,963,618
145,119,240,192,841,950,618
286,174,263,159,841,952,618
33,28,54,35,691,756,618
171,176,103,99,760,854,618
164,165,140,157,771,868,618
37,38,103,84,719,784,618
454,256,379,192,924,1023,618
679,194,525,161,942,1023,618
49,44,72,60,710,790,618
896,412,993,335,1023,1023,618
222,201,146,149,788,894,618
1023,686,1023,721,1023,1023,618
34,45,29,42,624,668,618
47,46,40,41,611,641,618
79,59,171,119,780,872,618
185,156,214,187,837,941,618
101,80,98,77,764,845,618
171,151,135,124,790,888,618
22,30,37,41,643,713,618
68,57,54,49,696,768,618
568,383,618,455,973,1023,618
333,139,254,81,853,972,618
100,95,108,103,760,847,618
14,24,44,55,655,694,618
560,318,643,358,1007,1023,618
34,21,98,36,733,806,618
46,24,79,47,696,779,618
82,90,38,59,624,686,618
29,29,24,41,572,601,618
237,173,193,132,811,926,618
180,134,336,280,878,1001,618
295,234,256,226,857,983,618
32,27,58,40,700,768,619
47,34,59,47,701,781,619
27,29,7,29,624,674,619
54,37,90,44,692,772,619
48,41,39,39,634,726,619
303,219,256,158,840,958,619
133,115,124,96,758,838,619
347,274,326,244,880,1005,619
91,61,103,62,745,844,619
314,213,217,185,865,983,619
34,20,117,34,715,780,619
87,62,24,30,701,769,619
29,37,58,53,679,735,619
31,37,59,50,668,738,619
117,87,93,59,746,833,619
156,146,124,122,784,889,619
58,47,54,54,649,747,619
131,77,181,99,794,880,619
119,81,141,83,777,882,619
63,49,132,64,740,812,619
184,113,280,179,873,998,619
55,45,91,60,736,824,619
182,89,183,90,834,941,619
46,55,35,40,624,686,619
29,34,57,51,698,790,619
16,21,42,35,647,698,619
24,22,62,43,671,720,619
29,40,33,60,613,679,619
21,33,0,22,563,555,620
1023,756,984,611,1023,1023,620
45,41,129,76,753,828,620
43,41,40,45,675,765,620
151,115,269,192,845,960,620
30,40,59,61,668,744,620
237,134,307,192,846,971,620
34,46,3,27,575,609,620
113,99,111,61,755,850,620
220,117,209,112,830,937,620
76,57,90,43,728,798,620
180,156,110,105,757,832,620
257,190,142,63,806,909,620
36,34,84,70,697,763,620
275,222,166,134,813,904,620
73,83,31,60,636,697,620
208,136,226,123,840,947,620
14,24,22,50,597,649,620
130,112,91,84,743,818,620
76,87,69,62,704,777,620
22,31,17,25,606,619,620
367,307,362,314,899,1023,620
118,105,92,71,722,815,620
27,31,53,41,672,715,620
153,83,244,143,823,936,620
56,64,56,54,696,758,620
32,35,56,60,672,745,620
403,257,350,231,867,990,620
63,71,59,72,719,791,620
128,76,124,67,761,851,620
77,74,137,124,727,810,620
26,34,32,50,662,707,620
56,54,80,68,669,717,620
105,111,94,74,763,849,620
21,32,13,38,607,642,620
40,49,51,76,671,742,621
19,22,32,30,655,701,621
206,198,108,104,792,904,621
11,20,12,19,616,644,621
29,38,20,36,579,626,621
103,91,113,77,769,850,621
15,25,25,40,574,604,621
207,166,263,203,861,981,621
36,29,63,30,696,746,621
50,57,77,86,689,747,621
148,62,243,76,832,941,621
41,30,76,46,676,745,621
182,90,285,159,863,974,621
105,62,100,51,756,839,621
190,149,172,120,818,923,621
150,144,129,121,763,869,621
17,23,23,24,632,696,621
46,51,38,40,642,709,621
153,149,118,94,776,887,621
22,27,41,45,652,694,621
54,47,40,55,680,748,621
67,68,119,109,731,816,621
88,63,93,82,752,831,621
17,26,15,18,585,623,621
34,35,28,23,632,666,621
123,77,144,75,780,883,621
270,96,323,146,874,997,621
184,130,263,206,846,960,621
289,156,347,149,883,1012,621
196,152,148,94,761,862,621
74,51,83,73,737,819,621
22,33,0,16,489,545,621
31,36,41,37,683,736,621
26,27,32,34,640,677,621
20,22,8,32,586,634,621
83,70,99,84,736,818,621
20,22,18,19,592,620,621
57,27,79,33,677,756,621
31,27,82,74,709,766,621
52,49,128,132,776,872,621
54,40,108,64,735,810,621
38,30,48,52,670,726,621
74,63,101,78,759,866,621
62,41,91,50,741,815,621
33,32,118,74,719,784,621
13,20,0,14,518,518,621
278,227,343,290,897,1023,621
183,112,211,118,819,932,622
19,21,2,16,533,547,622
326,219,349,234,885,1023,622
44,45,48,59,660,720,622
157,111,142,109,802,908,622
40,46,12,33,627,701,622
261,142,330,122,862,991,622
17,27,21,32,671,709,622
94,81,95,65,742,826,622
240,226,140,132,804,910,622
28,39,20,33,608,648,622
79,66,109,91,766,850,622
65,43,75,51,735,821,622
349,178,420,247,900,1023,622
57,59,106,99,725,797,622
39,35,74,39,707,775,622
151,126,118,69,766,865,622
37,47,42,56,629,636,622
147,145,102,82,738,815,622
105,103,83,95,765,851,622
107,93,99,91,744,822,622
119,86,186,86,781,868,622
460,315,414,189,898,1020,622
31,35,68,68,696,780,622
147,141,116,120,766,845,623
64,62,86,81,721,793,623
42,32,53,32,698,758,623
46,40,84,60,691,768,623
15,23,24,27,602,629,623
62,71,80,91,718,773,623
79,59,69,37,712,775,623
179,150,209,161,814,909,623
106,85,143,116,777,863,623
43,55,67,84,688,732,623
13,21,12,21,607,630,623
48,53,68,82,708,771,623
39,52,41,49,630,662,623
94,82,78,59,739,812,623
66,72,35,47,656,725,623
85,72,34,47,672,729,623
552,222,617,216,951,1023,623
59,59,77,48,692,747,623
20,27,41,42,661,708,623
15,23,36,44,663,709,623
116,103,248,205,848,959,623
126,114,94,76,762,851,623
118,73,265,163,847,960,623
122,92,155,72,786,884,623
24,22,81,51,690,765,623
57,64,70,88,698,760,623
37,48,43,51,635,664,624
117,97,128,92,798,902,624
492,415,465,331,921,1023,624
26,36,0,11,574,610,624
227,152,193,49,814,926,624
177,130,169,130,843,950,624
365,231,536,294,937,1023,624
1023,601,977,301,1013,1023,624
108,71,116,46,785,873,624
23,22,34,32,657,690,624
93,94,79,86,702,762,624
103,108,113,114,748,837,624
137,121,66,52,755,837,624
77,62,111,61,749,823,624
1023,894,1023,656,1023,1023,624
120,90,70,40,754,852,624
83,48,130,49,762,854,624
37,47,38,58,649,689,624
74,74,73,64,707,772,624
31,26,28,32,659,702,625
56,54,50,37,666,723,625
29,33,81,86,726,795,625
277,201,333,220,884,1010,625
28,22,75,45,677,730,625
100,67,107,58,763,862,625
1023,624,1010,513,1023,1023,625
48,50,66,75,702,747,625
134,111,77,44,773,864,625
78,80,36,60,683,743,625
140,101,190,82,798,900,625
121,39,239,61,823,935,625
64,57,138,140,771,862,625
130,114,134,110,786,893,625
29,35,44,45,667,738,625
29,38,67,68,666,726,625
126,106,170,140,792,897,625
108,77,141,88,788,867,625
176,165,237,205,820,936,625
34,27,26,27,640,685,625
49,50,70,55,716,792,625
38,32,65,42,646,712,625
196,176,206,185,821,933,625
198,157,132,106,794,889,625
163,102,106,62,770,859,625
159,137,152,133,798,896,625
818,336,836,351,999,1023,625
43,29,110,54,731,794,625
49,36,117,94,758,846,625
198,165,245,210,834,940,625
47,39,103,69,735,803,625
126,99,208,159,838,978,625
366,137,470,142,910,1023,625
43,43,60,45,691,767,625
98,97,123,95,777,865,625
29,25,64,44,671,728,625
125,122,103,97,751,833,625
86,77,72,50,729,802,625
42,21,98,51,727,805,625
22,24,46,29,670,713,625
61,70,47,62,645,671,625
16,20,38,39,667,720,625
20,21,49,37,641,693,625
545,423,622,485,982,1023,625
41,42,78,55,734,796,625
502,365,493,369,946,1023,625
107,102,115,98,771,860,625
50,50,87,72,708,785,625
37,32,102,75,708,781,625
31,24,64,38,685,744,625
157,103,205,107,807,905,625
280,153,305,173,877,996,625
46,51,81,55,710,779,626
808,480,720,411,991,1023,626
35,36,31,26,645,681,626
160,70,214,92,824,921,626
166,119,137,91,781,865,626
115,98,223,162,805,905,626
318,157,304,107,866,982,626
348,265,277,138,895,1023,626
34,34,71,67,706,764,626
95,76,146,88,767,852,626
215,143,367,228,902,1023,626
44,32,100,52,709,764,626
79,76,88,52,742,825,626
136,128,119,93,746,835,626
114,107,96,95,747,855,626
46,33,90,41,730,828,626
37,46,13,33,637,698,626
57,51,39,22,683,752,627
111,103,161,174,798,910,627
157,83,172,59,801,903,627
92,86,100,73,725,798,627
111,118,73,78,736,799,627
62,66,31,45,642,697,627
167,103,139,95,785,886,627
88,56,57,47,727,805,627
66,58,38,47,668,727,627
32,25,10,18,632,665,627
375,226,430,297,940,1023,627
170,114,192,138,811,918,627
165,151,85,109,750,846,627
32,28,20,34,605,631,627
53,24,38,22,634,679,627
57,36,88,59,711,771,627
71,65,47,62,687,756,627
374,237,521,327,940,1023,627
16,20,18,34,565,586,627
315,209,240,175,855,974,627
193,95,111,81,784,886,627
157,141,66,59,754,841,628
117,69,85,47,747,844,628
33,38,0,26,483,485,628
74,76,33,60,676,731,628
474,137,401,129,906,1023,628
58,27,67,39,682,750,628
204,180,119,134,802,903,628
74,68,75,92,765,849,628
76,68,88,84,732,813,628
1023,1021,1023,748,1023,1023,628
168,130,221,182,781,869,628
492,309,545,377,963,1023,628
42,33,32,44,609,647,628
37,33,11,27,567,606,628
40,39,31,41,682,746,628
16,23,13,37,565,577,628
419,168,443,131,927,1023,628
71,68,75,53,736,807,628
113,102,83,80,794,885,628
175,116,165,78,819,923,628
77,83,91,93,736,825,628
51,43,42,36,694,733,628
298,171,243,117,847,967,628
313,167,331,169,875,1005,628
65,65,55,76,723,799,628
55,48,89,62,713,784,628
31,32,33,26,638,690,628
97,82,189,163,816,908,628
56,69,30,51,637,665,628
46,49,89,55,712,786,628
121,102,197,152,805,896,628
93,97,55,61,701,762,628
39,41,88,71,736,806,628
52,36,121,85,759,840,628
126,119,132,133,782,871,628
95,101,65,97,751,832,628
191,162,155,113,810,915,628
357,218,374,212,911,1023,628
28,26,31,28,688,727,628
28,30,75,50,709,743,628
24,29,17,20,624,665,628
805,463,765,410,997,1023,628
68,54,129,112,757,838,628
1023,638,1023,546,1023,1023,628
26,38,11,39,550,601,629
111,107,120,99,779,862,629
284,138,351,179,884,1009,629
24,33,38,37,638,671,629
144,90,167,83,800,892,629
468,290,359,205,900,1023,629
74,79,120,126,730,809,629
240,91,280,101,870,997,629
12,23,16,24,530,547,629
232,168,232,142,853,972,629
142,78,232,105,821,933,629
32,27,60,42,695,754,629
53,31,143,87,771,861,629
272,179,298,172,879,1005,629
24,25,7,14,576,613,629
55,35,62,38,690,767,629
50,38,53,52,675,729,629
85,86,114,119,757,844,629
35,41,49,54,664,731,629
151,104,275,163,827,936,630
120,82,85,37,716,788,630
67,66,55,64,727,810,630
43,28,54,28,702,786,630
96,79,121,72,731,814,630
144,104,172,109,807,913,630
23,30,45,49,652,695,630
48,36,104,65,749,816,630
46,58,21,47,630,669,630
190,131,154,65,799,896,630
882,511,815,451,1010,1023,630
72,47,77,62,689,771,630
53,48,42,46,680,750,630
205,165,236,216,836,952,630
45,33,45,24,713,774,630
66,51,155,108,793,894,630
45,39,58,60,697,753,630
244,143,314,156,859,978,630
18,30,13,43,546,584,630
382,343,224,193,853,968,630
70,66,84,82,724,806,630
131,59,158,104,828,945,630
53,56,44,59,658,728,630
474,252,338,147,896,1023,630
34,28,57,43,707,769,630
415,289,368,264,906,1023,631
77,76,91,80,748,827,631
59,31,91,47,753,862,631
185,155,181,125,796,893,631
183,182,134,132,757,840,631
356,190,389,176,888,1019,631
176,123,180,133,825,941,631
55,65,32,42,669,714,631
547,329,465,264,912,1023,631
33,35,51,39,704,781,631
53,37,94,42,715,793,631
188,130,221,116,830,947,631
62,57,122,77,750,827,631
10,20,3,30,475,510,631
234,173,317,175,861,969,631
181,158,191,142,795,887,631
190,116,267,154,857,966,631
47,47,32,29,657,705,631
130,117,153,152,793,908,631
37,37,50,54,670,741,631
258,165,299,163,877,999,631
19,22,56,63,632,698,631
422,189,423,159,898,1023,631
49,33,68,34,684,754,631
16,20,36,30,631,651,631
25,29,35,27,647,689,631
10,21,5,17,567,539,631
113,103,36,38,709,780,631
55,47,98,48,725,799,631
49,52,70,75,679,756,631
16,25,42,44,645,698,631
89,79,170,144,776,863,631
278,177,192,103,820,925,631
433,301,429,290,930,1023,631
34,37,68,50,705,787,631
175,103,224,154,852,965,631
255,204,228,187,857,969,631
287,160,449,257,894,1013,631
81,45,123,55,762,846,632
47,29,58,35,693,767,632
109,85,90,64,764,840,632
78,46,124,62,765,842,632
18,22,24,18,606,654,632
113,97,207,183,815,914,632
115,105,118,100,773,863,632
248,132,245,126,853,966,632
31,37,51,66,682,742,632
82,63,125,58,744,820,632
941,435,645,328,968,1023,632
375,251,423,261,905,1023,632
13,21,23,35,568,609,632
326,280,319,240,881,1007,632
208,189,181,142,807,900,632
296,266,279,265,869,986,632
28,35,36,38,626,649,632
16,25,53,62,679,724,632
21,23,40,52,688,735,632
62,64,79,85,715,808,632
130,114,111,62,778,864,632
53,45,94,70,730,803,632
88,78,145,116,765,843,632
438,181,354,139,905,1023,632
135,113,91,84,773,860,632
602,402,584,351,960,1023,632
26,21,55,28,673,727,632
89,65,117,71,768,847,632
22,20,46,39,674,723,633
65,43,51,35,693,765,633
169,128,200,152,809,916,633
18,23,28,30,620,654,633
207,108,269,163,857,977,633
174,163,81,89,753,852,633
71,53,74,52,701,772,633
22,30,8,32,565,607,633
39,26,36,31,649,691,633
116,57,114,61,768,859,633
23,26,39,44,638,677,633
68,51,87,56,747,826,633
841,618,683,528,982,1023,633
81,45,78,44,723,806,633
264,183,125,135,818,926,633
102,83,116,89,762,852,633
30,27,30,30,641,671,633
103,76,78,78,746,816,633
48,52,40,67,604,652,633
32,33,32,34,629,655,633
23,31,54,64,644,714,633
46,48,46,47,680,764,633
191,155,216,183,841,951,633
237,173,196,133,824,934,633
343,272,288,141,879,1005,633
278,191,261,177,864,990,633
37,24,74,37,690,746,634
487,348,438,349,954,1023,634
103,102,128,128,780,873,634
23,30,4,14,577,617,634
249,224,263,227,841,954,634
101,92,110,121,782,887,634
56,36,59,28,671,741,634
997,384,859,407,1009,1023,634
137,97,84,40,757,830,634
116,63,260,178,834,939,634
93,101,95,101,744,808,634
86,49,198,130,820,929,634
21,28,34,49,639,670,634
18,26,18,36,589,631,634
518,430,388,310,907,1023,634
237,176,275,218,884,1023,634
454,321,306,152,876,988,634
69,50,114,80,739,805,634
212,165,238,169,852,966,634
34,32,46,46,691,719,634
1023,951,1023,648,1023,1023,634
49,37,132,64,748,813,634
593,504,561,474,942,1023,634
812,363,724,279,982,1023,634
155,135,247,216,835,934,634
489,354,550,339,937,1023,634
20,27,49,56,699,743,634
44,42,52,42,700,749,634
26,22,33,24,637,680,634
75,70,62,43,709,785,634
440,151,497,169,925,1023,635
85,69,125,84,743,818,635
19,25,30,36,642,701,635
58,40,87,45,709,778,635
296,182,246,150,843,966,635
40,39,53,40,643,699,635
293,183,376,206,874,1001,635
114,100,156,91,747,846,635
24,28,14,30,543,572,635
53,42,52,34,703,777,635
26,25,46,27,672,721,635
312,202,247,163,861,987,635
423,256,385,224,908,1023,635
27,24,10,23,557,621,635
212,122,233,135,844,958,635
352,236,426,326,896,1023,635
85,66,90,70,700,778,635
44,27,43,36,652,701,635
175,104,203,138,808,912,635
453,269,397,253,907,1023,635
226,190,241,197,822,926,635
141,108,104,97,761,861,635
46,31,49,38,657,716,635
71,44,35,34,676,718,635
227,97,223,91,831,941,636
87,66,144,92,785,881,636
266,198,299,223,869,988,636
39,24,48,20,636,708,636
28,36,3,31,573,617,636
39,22,43,39,630,682,636
501,373,402,308,929,1023,636
367,278,272,197,867,988,636
113,72,117,87,803,911,636
19,20,26,32,592,617,636
143,89,169,80,778,861,636
32,29,57,63,670,742,636
43,39,70,40,692,760,636
30,33,33,46,627,671,636
43,49,13,28,607,667,636
109,100,57,63,657,733,636
114,105,61,66,712,811,636
248,201,166,114,834,954,636
79,77,112,80,735,812,636
14,22,21,28,596,602,636
137,70,121,67,772,871,636
21,34,0,22,568,598,636
39,27,79,53,700,792,636
34,34,79,75,716,793,636
43,52,33,42,654,715,636
28,31,48,45,676,733,636
25,20,60,53,681,736,636
52,53,43,52,702,777,637
24,36,8,39,584,607,637
263,138,234,91,836,955,637
137,89,143,82,793,913,637
33,45,0,24,644,712,637
51,52,58,35,689,760,637
74,79,95,101,622,635,637
164,162,136,135,790,882,637
90,100,30,39,697,768,637
42,24,135,85,753,829,637
131,104,157,96,770,871,637
23,32,28,52,650,711,637
18,30,12,37,554,598,637
56,49,72,51,692,749,637
17,21,32,27,642,677,637
114,89,111,93,786,896,637
90,78,55,52,702,771,637
55,43,49,36,718,798,637
266,200,401,298,890,1017,637
41,42,90,72,709,785,637
13,22,17,30,574,603,637
24,35,22,50,620,668,637
696,516,550,381,955,1023,637
111,76,198,91,794,893,637
95,65,85,45,734,819,637
153,122,167,130,800,900,637
13,24,23,42,618,676,638
320,299,173,170,847,960,638
1023,1021,1023,559,1023,1023,638
57,70,9,40,618,658,638
77,64,164,105,783,880,638
80,72,178,163,787,868,638
13,22,26,36,625,649,638
30,20,46,27,668,725,638
731,403,684,326,982,1023,638
55,49,78,40,722,782,638
73,36,185,75,781,880,638
278,219,223,185,844,956,638
104,99,119,95,736,804,638
247,223,249,238,844,961,638
110,113,114,96,731,828,638
101,98,115,73,762,851,638
91,92,99,104,730,816,638
87,66,94,64,745,817,638
12,20,34,28,604,669,638
29,24,76,57,728,786,638
28,31,23,26,617,667,638
121,128,68,93,716,797,638
115,91,179,147,780,879,638
86,81,84,83,761,846,638
191,126,361,255,880,1008,638
101,74,101,71,739,825,638
245,93,212,104,835,942,638
123,92,158,96,776,871,638
21,33,0,24,512,504,638
149,123,218,169,827,942,638
26,32,2,25,596,660,638
24,28,42,45,707,790,638
80,79,55,42,684,756,638
79,67,107,68,746,841,638
19,23,30,32,512,571,638
120,94,110,43,769,862,638
84,80,93,80,735,823,638
55,44,68,54,705,792,638
54,67,47,45,673,744,638
101,69,116,84,777,868,638
23,32,21,47,642,679,638
691,356,555,311,946,1023,638
49,28,52,40,663,729,638
66,50,84,52,726,808,638
107,109,113,129,778,883,639
165,150,155,142,787,890,639
61,66,61,72,719,796,639
149,103,159,110,794,901,639
295,205,270,141,856,980,639
226,164,260,162,835,962,639
55,52,73,85,718,820,639
182,164,182,166,813,918,639
30,27,35,40,647,720,639
87,81,11,21,693,777,639
85,75,124,95,746,837,639
56,48,114,83,751,837,639
227,190,141,120,828,932,639
70,51,143,102,784,877,639
35,39,23,28,629,697,639
13,22,13,24,497,539,639
112,81,90,78,767,846,639
29,38,36,45,620,670,639
42,46,36,50,619,683,639
31,36,61,40,674,718,639
109,119,73,100,726,808,639
392,306,306,240,884,1011,639
80,75,124,69,756,828,640
129,72,99,72,781,881,640
84,84,104,79,741,826,640
18,26,27,40,551,512,640
249,206,200,128,805,910,640
48,41,89,70,712,780,640
17,22,24,23,590,635,640
34,37,92,73,708,778,640
154,91,253,102,819,919,640
44,55,12,26,598,649,640
47,46,116,101,750,822,640
70,78,72,91,718,787,640
288,195,290,183,861,980,640
236,178,230,168,820,926,640
31,26,69,39,686,753,640
18,30,17,29,605,618,640
54,66,29,54,627,675,640
27,28,42,31,650,704,640
26,27,39,26,637,696,640
216,133,179,81,816,911,640
121,102,165,127,781,873,640
52,50,29,32,674,745,640
1023,733,985,399,1023,1023,640
210,164,187,148,873,998,640
42,29,110,74,772,869,640
220,98,249,87,849,968,640
227,193,219,165,847,959,640
261,227,251,243,869,989,640
31,26,15,29,656,721,640
225,99,323,142,855,977,640
14,21,26,25,592,622,640
129,87,142,49,781,886,640
171,117,111,88,795,889,640
42,53,16,18,672,735,640
42,38,117,88,744,838,640
97,110,38,56,667,716,640
56,39,95,64,740,826,640
13,24,42,41,637,698,641
125,57,171,68,792,876,641
55,68,40,44,668,717,641
178,107,233,114,825,933,641
27,32,26,31,615,631,641
111,112,97,75,722,803,641
128,84,180,114,804,910,641
89,67,155,115,777,864,641
62,40,59,57,745,823,641
81,81,63,80,740,821,641
134,132,128,129,795,901,641
217,176,319,241,864,993,641
34,34,140,122,747,817,641
37,42,36,51,676,725,641
37,30,88,60,712,776,641
95,84,140,129,746,840,641
17,25,20,41,546,629,641
42,38,47,36,696,758,641
13,22,22,36,592,618,641
318,299,201,199,839,952,641
75,62,76,72,746,843,641
142,58,82,42,791,880,641
25,26,33,42,592,611,641
52,24,87,50,710,776,641
71,74,82,87,719,795,641
134,119,103,97,733,815,641
50,40,30,32,608,663,641
95,60,73,36,715,796,641
43,23,81,45,708,787,641
759,457,681,369,977,1023,641
56,44,82,74,733,805,641
46,50,20,21,642,695,641
104,94,167,121,791,897,641
17,22,32,28,595,685,641
34,37,76,94,663,735,642
26,37,0,28,482,512,642
60,57,89,84,703,776,642
29,41,23,18,635,699,642
55,58,87,92,705,775,642
40,29,90,46,718,789,642
61,65,79,53,721,797,642
48,55,81,88,693,762,642
42,46,50,46,692,766,642
1023,631,1023,509,1023,1023,642
48,54,70,56,700,773,642
45,50,50,51,700,760,642
174,135,256,200,888,1021,642
105,103,99,84,757,836,642
108,86,112,70,759,843,642
40,51,37,56,653,732,642
50,58,91,107,712,776,642
332,233,409,270,905,1023,642
48,39,70,40,719,807,642
59,50,60,52,704,773,642
19,25,23,37,615,644,642
43,20,100,62,736,824,642
481,403,325,246,901,1023,642
105,100,176,139,805,901,642
14,26,23,31,575,638,642
279,176,195,86,832,945,643
183,160,151,146,776,861,643
40,42,81,88,678,731,643
32,21,22,20,666,718,643
329,318,172,173,815,923,643
11,22,6,28,601,681,643
69,60,103,80,724,802,643
65,72,72,81,732,807,643
31,28,62,49,667,728,643
97,90,80,73,734,797,643
226,87,193,77,797,901,643
75,65,178,138,766,856,643
93,87,84,78,758,842,643
53,63,31,56,692,762,643
33,31,45,27,662,697,643
184,132,261,118,821,926,643
52,52,166,149,768,880,643
275,184,337,184,885,1008,643
10,21,0,17,484,415,643
17,21,17,12,641,699,643
83,48,59,49,673,725,643
101,101,111,96,745,831,643
18,28,12,32,590,622,643
114,102,130,111,769,858,643
63,40,91,44,728,788,643
18,26,37,58,600,638,643
111,95,175,137,773,864,644
17,28,21,34,590,597,644
16,20,37,22,624,658,644
50,48,91,68,721,779,644
27,22,48,29,633,686,644
68,38,79,46,738,835,644
67,63,87,94,717,792,644
116,111,109,113,761,854,644
28,34,10,23,602,646,644
46,38,74,38,728,808,644
68,61,94,90,737,814,644
14,22,10,21,518,569,644
98,105,37,76,709,787,644
262,216,250,214,842,959,644
38,34,42,28,666,721,644
81,72,67,54,718,786,644
57,61,41,47,724,789,644
34,34,21,30,649,705,644
19,31,0,15,512,457,644
57,50,63,49,702,789,644
177,94,145,74,795,887,644
35,29,17,22,600,643,644
93,63,67,57,712,790,644
32,35,0,21,588,614,644
82,71,61,77,726,804,644
271,247,196,184,821,933,644
197,191,169,169,781,878,644
21,24,10,26,635,667,644
110,64,125,83,760,848,644
207,157,153,105,848,983,644
42,41,48,53,678,750,644
86,73,71,74,723,788,644
52,42,87,72,734,802,644
27,28,48,43,639,695,644
130,103,114,92,787,878,644
77,31,115,48,743,832,644
131,83,247,185,830,945,644
36,34,44,46,659,716,644
48,42,31,36,686,740,644
571,340,514,329,940,1023,644
109,103,80,47,709,783,644
40,25,61,41,690,745,644
35,38,33,54,634,689,644
18,21,24,37,568,630,644
137,57,241,96,833,942,645
95,101,87,97,687,760,645
73,63,72,51,745,827,645
36,23,37,30,615,646,645
416,213,275,214,888,1017,645
19,21,26,37,602,647,645
28,31,69,41,714,780,645
59,58,85,70,712,781,645
51,54,52,43,715,794,645
67,68,71,81,726,796,645
380,221,376,192,899,1023,645
30,26,23,22,605,652,645
61,54,153,143,772,868,645
184,119,355,278,895,1023,645
147,132,141,103,799,893,645
268,221,283,231,875,1001,645
53,57,36,36,685,758,645
194,106,243,151,867,986,645
85,62,138,86,764,856,645
889,460,762,480,999,1023,645
18,23,43,50,637,695,645
55,50,52,36,697,757,645
194,164,213,184,820,928,645
129,120,96,81,758,861,645
49,53,73,71,697,763,645
172,83,162,64,819,928,645
24,30,23,25,620,649,646
73,79,17,40,697,749,646
15,27,6,21,575,570,646
231,197,290,246,861,976,646
887,655,608,382,966,1023,646
278,256,293,251,866,977,646
27,27,35,18,651,677,646
33,32,89,52,704,764,646
87,85,86,75,736,824,646
47,53,92,104,687,734,646
487,166,555,187,935,1023,646
131,64,186,78,799,903,646
111,105,111,82,764,841,646
31,36,46,50,664,710,646
21,30,24,33,594,639,646
215,121,383,188,879,1002,646
700,488,519,338,951,1023,646
99,86,86,84,760,852,646
51,60,60,68,658,694,646
14,24,0,19,491,550,646
22,23,81,55,669,723,646
67,42,119,65,751,833,646
574,381,413,257,923,1023,646
23,22,22,27,644,710,646
272,217,164,118,830,936,646
31,21,41,23,676,725,646
36,34,51,35,651,692,646
49,54,77,91,711,778,646
177,178,101,109,774,870,646
63,69,82,111,703,780,646
55,42,67,47,668,748,646
39,34,41,42,667,728,647
46,48,52,49,676,732,647
213,182,138,100,844,983,647
105,108,83,98,716,779,647
102,109,92,118,731,815,647
54,63,63,83,678,739,647
37,42,43,65,651,703,647
40,30,48,56,679,735,647
121,117,108,112,754,844,647
84,89,87,82,693,749,647
343,240,397,302,893,1023,647
78,74,72,89,714,808,647
36,27,34,22,643,694,647
102,52,81,39,749,837,647
45,39,45,35,668,727,647
455,296,347,233,890,1023,647
242,137,193,112,826,938,647
648,471,547,358,932,1023,647
335,305,261,234,794,897,647
229,179,98,84,792,907,647
107,95,131,133,778,883,647
416,279,356,217,899,1023,647
86,46,64,26,704,781,647
44,36,74,73,720,794,647
92,76,79,47,719,792,647
122,82,112,83,761,855,647
141,135,114,94,748,820,647
41,40,66,63,691,771,647
68,51,75,40,739,799,647
72,75,77,71,684,765,647
52,49,55,32,684,742,648
35,47,33,58,624,683,648
67,44,85,41,731,794,648
130,91,136,88,806,907,648
86,56,102,58,765,842,648
48,40,49,39,693,766,648
16,20,37,40,620,670,648
133,77,175,95,795,894,648
525,341,345,177,909,1023,648
19,27,5,28,514,555,648
25,26,44,29,646,671,648
96,83,129,109,778,857,648
178,147,158,138,834,936,648
101,102,119,116,723,786,648
39,34,57,51,710,773,648
65,59,119,116,780,862,648
53,29,89,38,751,818,648
38,28,62,40,682,755,648
385,239,217,138,859,965,648
924,614,763,491,980,1023,648
11,20,10,17,615,636,649
14,23,17,34,542,580,649
932,791,526,453,984,1023,649
154,67,174,91,808,902,649
54,60,66,55,692,772,649
34,32,41,38,671,727,649
38,31,37,21,668,709,649
17,27,6,17,565,523,649
189,79,185,59,835,945,649
346,296,397,327,910,1023,649
111,104,91,81,730,805,649
431,197,343,134,898,1023,649
46,52,46,74,630,659,649
1023,680,1023,532,1023,1023,649
243,129,295,108,864,995,649
46,34,80,46,713,760,649
54,43,108,55,739,818,649
50,39,65,45,695,751,649
250,168,188,109,810,919,649
48,20,65,24,674,723,649
18,21,14,31,563,598,649
34,33,49,44,640,717,650
62,69,25,56,610,608,650
84,75,77,87,791,914,650
41,36,21,16,611,684,650
40,29,45,52,662,711,650
130,120,97,92,766,847,650
341,216,479,362,936,1023,650
74,80,82,100,721,794,650
17,25,7,23,381,472,650
61,46,69,55,721,800,650
46,54,43,58,664,708,650
134,91,231,156,835,947,650
302,140,352,142,873,999,650
56,41,59,27,731,800,650
44,29,20,18,671,726,650
19,29,8,32,576,592,650
18,24,18,38,682,741,650
192,185,148,145,789,886,650
98,88,109,96,731,814,650
98,73,123,71,754,835,650
317,204,246,172,866,993,650
35,32,53,35,644,701,650
25,20,38,38,619,646,650
156,133,99,98,744,822,650
25,22,75,54,662,720,650
44,46,14,34,598,645,650
53,47,58,53,679,736,650
43,30,29,23,647,709,650
35,29,67,37,686,769,650
137,99,136,82,789,892,650
175,149,159,126,800,899,650
387,148,472,179,900,1023,650
158,138,166,161,801,907,650
216,120,302,136,880,1012,650
110,100,116,103,766,861,650
120,88,111,62,789,892,650
103,80,130,100,768,854,650
108,68,101,64,764,872,650
108,113,80,84,745,817,650
46,57,21,48,639,679,650
736,463,583,324,969,1023,650
127,65,121,36,759,839,650
124,120,123,137,774,863,650
106,107,128,117,739,832,651
301,229,333,261,883,1002,651
71,48,84,47,730,793,651
21,34,4,37,629,623,651
88,95,44,52,716,775,651
37,48,20,44,632,689,651
186,184,143,129,785,876,651
53,54,101,108,718,799,651
78,74,103,80,755,839,651
1010,579,791,437,1005,1023,651
66,47,105,54,755,842,651
63,73,39,59,669,719,651
158,71,182,80,799,892,651
46,32,73,38,699,782,651
55,32,116,69,735,814,651
30,23,45,47,632,672,651
108,97,105,82,764,848,651
44,30,87,64,718,791,651
16,25,2,16,507,523,651
55,52,80,85,710,782,651
34,43,64,89,670,733,651
66,58,77,60,703,783,651
110,66,129,56,756,853,651
27,31,33,30,622,682,651
226,206,275,209,849,965,651
97,92,78,82,706,772,651
36,25,53,33,662,715,652
78,78,76,62,739,799,652
90,47,142,52,751,834,652
1023,768,878,602,1023,1023,652
41,38,93,69,718,807,652
64,72,58,78,708,768,652
59,64,43,39,686,746,652
157,117,131,97,793,885,652
42,44,107,104,737,821,652
99,81,168,125,831,935,652
66,61,40,18,669,727,652
655,359,846,448,999,1023,652
40,35,56,47,683,729,652
21,24,50,51,631,692,652
36,32,46,48,677,744,652
48,39,47,45,679,745,652
27,30,41,46,681,742,652
152,145,96,122,770,868,652
91,37,211,124,808,903,652
60,54,35,41,691,766,652
60,55,35,45,622,660,652
79,79,40,72,720,794,652
195,161,144,139,797,898,652
58,60,40,41,681,761,652
101,90,87,73,709,775,652
48,38,74,56,732,799,652
233,174,167,143,802,900,653
152,107,101,81,761,853,653
38,23,61,40,655,692,653
114,103,68,69,722,799,653
34,22,81,42,679,727,653
67,54,67,66,711,812,653
474,279,571,397,960,1023,653
48,28,61,46,707,797,653
545,220,829,347,975,1023,653
48,25,63,33,652,708,653
115,102,43,50,680,745,653
31,21,9,12,525,537,653
57,24,85,38,703,764,653
37,24,38,38,631,687,653
488,312,482,256,912,1023,653
52,38,36,41,682,729,653
32,33,33,46,658,715,653
235,104,285,190,861,989,653
100,71,89,64,752,847,653
90,85,54,45,671,734,653
20,21,10,25,573,593,653
64,54,117,102,740,827,654
19,25,35,31,616,646,654
215,171,165,79,803,903,654
67,61,80,60,766,859,654
89,80,71,57,738,814,654
39,40,58,45,692,754,654
63,56,48,35,670,712,654
53,66,46,42,665,699,654
89,88,76,66,716,793,654
251,188,255,178,859,968,654
90,97,115,118,724,794,654
474,304,319,137,902,1023,654
17,29,5,16,598,618,654
119,100,130,66,796,885,654
18,20,38,35,618,657,654
15,24,15,39,578,622,654
43,43,72,81,684,740,654
52,57,69,71,677,751,654
1023,1021,1023,613,1023,1023,654
38,25,127,81,739,819,654
63,71,106,106,734,806,654
112,84,224,187,834,935,654
46,52,66,74,694,746,654
115,121,110,124,743,805,654
39,40,35,42,613,654,654
37,33,93,56,722,797,654
377,267,319,210,864,981,654
14,28,13,35,568,564,654
29,34,53,43,659,714,654
115,107,182,159,813,912,654
130,132,126,130,760,851,654
71,74,91,89,759,842,654
97,74,113,71,749,855,654
64,70,103,107,743,823,654
61,63,110,118,745,821,654
116,62,137,84,783,872,654
56,53,73,62,709,776,654
64,73,62,75,684,736,654
358,193,423,258,904,1023,654
77,68,263,225,811,911,654
41,22,80,51,721,781,654
38,28,51,38,684,768,654
18,21,16,22,550,562,654
154,105,159,84,786,876,654
114,102,114,101,797,909,654
211,207,203,210,814,917,654
10,21,21,31,553,539,654
25,33,42,27,663,720,654
130,130,94,105,790,882,654
117,86,227,155,835,949,654
27,26,55,30,705,774,654
57,49,114,80,717,803,655
91,73,118,102,762,854,655
85,80,108,87,725,787,655
45,55,49,57,640,699,655
130,108,133,112,773,873,655
238,102,193,102,857,976,655
136,122,164,164,812,918,655
14,24,0,7,523,539,655
33,46,0,27,494,536,655
40,30,55,33,672,746,655
43,54,37,35,629,693,655
53,42,62,52,664,710,655
42,22,86,44,699,760,655
127,105,183,171,805,909,655
99,63,92,63,746,831,655
23,23,37,37,657,710,655
18,20,82,68,678,741,655
188,109,229,132,860,983,655
45,29,86,50,725,800,655
89,72,127,68,758,829,655
80,80,83,91,735,819,655
60,41,66,41,703,766,655
78,43,83,50,744,835,655
59,52,73,48,679,749,656
199,146,225,135,825,929,656
22,29,45,54,624,712,656
23,21,45,28,619,653,656
374,295,333,246,896,1023,656
97,82,140,141,780,888,656
29,22,22,21,627,676,656
86,58,58,48,706,787,656
20,20,44,38,648,686,656
78,52,126,70,805,925,656
57,48,65,56,686,755,656
20,20,57,27,690,748,656
272,245,318,275,858,977,656
34,46,4,34,591,627,656
47,44,67,43,687,760,656
65,61,45,39,652,710,656
220,143,214,140,820,931,656
96,105,60,85,709,782,656
56,64,35,60,668,746,656
156,149,131,112,780,874,656
24,25,61,37,664,728,656
18,20,50,46,660,717,656
128,104,134,115,780,874,656
138,144,98,101,746,831,656
224,125,270,143,854,971,656
128,118,115,118,796,891,656
33,26,28,30,649,710,656
19,28,27,37,654,709,656
442,212,671,300,953,1023,656
64,44,68,50,694,750,657
206,146,329,261,869,995,657
36,48,6,37,549,556,657
164,122,281,204,855,975,657
12,20,30,36,611,618,657
43,44,42,39,658,689,657
148,128,199,153,798,906,657
1023,675,980,491,1023,1023,657
145,105,151,92,797,894,657
20,26,24,21,624,662,657
117,96,68,67,727,788,657
26,24,52,38,628,689,657
24,24,85,54,730,785,657
30,23,50,25,633,657,657
141,144,71,68,721,791,657
32,25,45,21,684,730,657
20,27,43,44,695,759,657
36,39,24,29,614,697,657
133,95,184,96,843,962,657
630,322,660,265,956,1023,657
30,34,38,29,627,680,657
31,23,0,13,613,654,657
65,49,69,56,705,764,657
98,89,82,60,730,788,657
28,39,0,24,553,561,657
54,64,13,38,693,737,657
87,75,89,55,727,796,657
274,224,200,138,835,949,657
150,108,99,80,758,838,657
38,38,95,76,727,805,657
192,155,132,87,786,873,657
36,44,57,74,685,742,657
22,28,60,57,637,690,657
82,66,69,55,702,777,657
26,22,71,47,666,732,657
120,93,139,112,756,857,657
248,204,199,182,870,998,657
147,121,239,159,811,917,658
69,70,63,63,697,768,658
46,48,62,57,686,752,658
58,56,47,52,668,716,658
80,52,159,110,796,893,658
57,51,39,24,706,770,658
34,22,14,18,568,600,658
47,51,12,40,628,673,658
109,66,138,64,777,868,658
64,71,26,52,669,739,658
33,43,0,33,595,619,658
154,90,187,92,807,913,658
52,46,55,62,662,711,658
169,118,124,107,788,880,658
124,81,105,82,766,866,658
64,40,14,28,633,694,658
53,40,58,36,702,765,658
48,31,101,82,719,820,658
348,168,545,210,928,1023,658
24,29,28,41,616,672,658
137,128,58,66,722,813,658
56,47,89,64,713,790,658
69,39,126,66,737,838,658
252,135,289,157,880,1018,658
31,27,49,73,632,699,658
58,43,10,19,598,620,658
439,344,358,292,902,1023,659
89,64,86,62,724,794,659
64,36,89,58,737,814,659
31,27,17,17,643,682,659
163,138,142,114,806,906,659
33,27,65,56,711,788,659
123,116,65,74,725,800,659
232,185,185,137,851,975,659
84,71,177,159,787,881,659
69,61,65,40,673,754,659
160,71,286,157,856,973,659
63,47,48,40,677,741,659
18,22,37,35,659,687,659
167,153,139,125,783,885,659
36,47,32,41,634,676,659
124,122,163,149,774,866,659
52,55,67,82,701,771,659
166,90,164,93,791,885,659
52,49,55,45,676,755,659
45,29,87,80,732,821,659
39,21,39,29,675,724,659
208,193,151,130,821,920,659
309,174,231,146,874,1005,659
241,134,299,139,860,987,659
42,56,18,38,582,572,659
92,96,90,98,723,809,659
119,105,164,142,787,875,659
268,249,186,135,832,947,659
44,43,62,39,742,860,659
43,43,63,59,684,724,659
33,24,45,35,694,761,659
47,54,39,45,639,705,659
82,72,49,38,714,767,660
129,134,47,77,730,801,660
65,70,56,64,692,753,660
29,36,44,49,665,731,660
27,24,50,36,619,663,660
50,53,72,73,721,777,660
39,27,46,29,694,771,660
34,46,41,60,619,665,660
55,59,43,44,690,741,660
94,69,149,118,780,873,660
62,46,75,55,688,763,660
54,65,11,21,616,630,660
84,62,115,95,759,843,660
228,111,250,143,849,962,660
117,120,82,90,714,791,660
667,325,674,360,961,1023,660
106,88,85,57,747,818,660
36,42,26,39,631,705,660
309,263,299,257,873,992,660
11,21,14,36,538,538,660
132,95,151,83,788,885,660
495,372,429,359,937,1023,660
33,32,66,31,657,722,660
783,310,776,372,1002,1023,660
41,39,82,63,677,757,660
33,41,35,44,626,678,660
125,110,130,97,779,876,660
71,80,58,90,690,753,660
751,574,557,407,957,1023,660
69,55,120,90,732,795,660
70,78,76,81,708,769,660
23,25,15,18,623,649,660
121,123,61,86,708,779,660
150,108,121,63,767,859,660
64,62,61,61,691,746,660
22,22,32,17,670,709,660
932,659,746,501,1008,1023,660
327,231,320,245,908,1023,660
109,109,88,98,727,813,660
167,101,181,86,804,911,660
116,113,77,60,715,775,660
23,26,37,50,618,684,660
166,109,248,162,836,956,660
43,24,62,34,664,715,661
28,23,30,35,647,694,661
39,35,53,56,656,713,661
177,127,105,75,767,852,661
114,103,85,92,770,864,661
35,21,21,25,570,604,661
138,71,174,131,802,900,661
57,44,21,18,671,736,661
58,61,40,60,652,696,661
26,29,54,61,653,709,661
49,45,58,46,690,755,661
216,185,138,105,814,919,661
35,31,18,16,615,646,661
52,44,115,61,753,849,661
120,104,171,148,811,914,661
188,163,240,189,827,941,661
1013,500,928,481,1023,1023,661
24,24,51,48,666,707,662
81,80,68,53,681,751,662
100,73,152,66,777,883,662
18,27,8,24,615,656,662
141,136,98,110,755,845,662
11,20,19,29,604,625,662
84,90,95,84,746,838,662
318,273,342,291,878,1008,662
21,30,43,46,614,657,662
36,49,15,35,610,633,662
233,202,257,212,868,983,662
30,21,177,95,768,854,662
145,70,221,124,819,927,662
53,36,40,22,732,785,662
45,39,68,53,702,780,662
396,205,342,144,915,1023,662
107,109,93,99,729,802,662
58,49,93,55,720,797,662
15,26,17,41,510,537,662
21,32,7,25,601,655,662
47,52,87,89,711,786,662
22,21,60,37,673,727,662
40,37,67,53,672,730,662
191,134,221,153,843,949,662
36,41,80,95,704,761,662
66,42,74,35,719,790,662
41,39,31,36,655,704,662
178,138,237,194,849,962,662
22,34,22,51,580,594,662
16,22,55,46,647,718,663
195,120,361,242,871,993,663
108,80,59,51,730,797,663
326,251,331,224,902,1023,663
222,208,244,216,834,941,663
29,21,53,40,672,723,663
16,23,28,32,496,534,663
37,46,20,45,653,717,663
619,313,754,278,953,1023,663
17,25,17,35,556,512,663
31,41,18,43,587,593,663
955,332,1023,372,1023,1023,663
28,39,31,43,614,642,663
11,21,10,24,567,558,663
58,58,128,98,753,843,663
94,76,107,64,766,854,663
50,43,86,63,780,882,663
47,26,65,31,704,776,663
112,120,105,132,734,817,663
180,116,172,95,786,884,663
125,119,121,105,792,893,663
45,56,58,75,635,698,663
41,27,78,47,715,806,663
250,206,214,179,840,952,663
109,101,90,86,765,844,663
30,22,32,20,640,700,663
44,52,39,68,655,707,663
120,93,99,68,764,866,663
37,47,16,31,599,639,663
226,113,156,87,822,944,663
18,25,51,51,652,723,663
282,147,405,237,904,1023,663
44,29,71,53,710,769,663
74,43,60,32,707,769,663
635,258,734,331,964,1023,664
39,30,57,31,646,720,664
163,71,279,127,849,964,664
19,27,23,31,576,581,664
430,200,511,267,945,1023,664
99,72,108,70,753,852,664
43,20,67,42,692,763,664
51,53,45,61,685,745,664
417,341,437,364,900,1023,664
114,106,100,67,766,854,664
323,173,352,189,895,1023,664
21,23,52,50,671,727,664
204,183,253,237,839,959,664
80,59,85,76,709,785,664
434,189,404,183,890,1023,664
41,46,33,50,678,734,664
20,24,21,29,542,598,664
26,21,45,31,648,716,664
203,128,171,104,797,898,664
217,129,260,126,871,990,664
15,23,16,31,619,664,664
52,59,46,63,680,748,664
25,31,43,48,612,675,664
186,143,160,121,790,881,664
37,45,0,28,620,676,664
188,133,184,107,822,933,664
84,87,59,72,716,785,664
83,81,97,70,748,828,664
242,223,164,166,819,925,665
341,297,247,221,866,983,665
162,155,58,57,738,796,665
140,148,66,84,720,816,665
31,42,28,55,608,658,665
36,46,20,46,615,638,665
84,80,102,102,764,838,665
14,23,38,51,603,657,665
49,51,50,51,644,670,665
39,42,40,27,677,723,665
14,25,13,44,530,518,665
103,86,82,35,757,872,665
382,284,300,260,877,996,665
44,39,45,40,688,756,665
106,83,85,46,750,831,665
42,24,81,45,688,761,665
55,50,144,131,774,865,665
213,205,142,145,781,867,665
11,22,15,37,562,556,665
161,100,194,111,841,955,665
75,66,120,93,728,804,665
153,129,149,111,818,923,665
695,315,977,528,1023,1023,665
41,34,36,32,696,753,666
365,306,319,256,876,1000,666
102,70,111,76,754,826,666
66,75,40,50,671,709,666
45,46,53,51,706,785,666
11,20,3,26,522,525,666
75,76,68,65,723,789,666
108,110,71,76,739,818,666
25,28,55,53,693,759,666
55,58,49,61,798,965,666
43,48,84,84,695,762,666
18,25,24,29,502,555,666
288,260,181,160,825,940,666
48,52,41,39,648,698,666
884,553,990,664,1023,1023,666
247,177,316,229,884,1012,666
67,40,131,71,744,823,666
66,72,68,87,710,773,666
60,52,77,57,701,785,666
292,213,248,148,859,982,666
28,28,46,41,630,672,666
16,22,22,41,592,645,666
123,61,109,51,752,849,666
120,60,138,99,798,891,666
59,30,32,24,642,697,666
224,117,233,115,824,942,667
37,31,15,25,572,596,667
71,30,93,46,769,877,667
53,43,74,46,647,706,667
19,27,30,45,589,644,667
53,28,98,51,720,806,667
84,60,73,62,726,788,667
39,24,33,24,666,717,667
619,339,483,237,939,1023,667
45,45,18,40,608,637,667
220,129,186,98,827,937,667
69,55,65,65,688,770,667
154,116,197,178,882,1023,667
239,188,266,211,842,958,667
323,228,295,229,886,1023,667
28,24,0,17,337,336,667
92,34,149,76,781,879,667
76,73,113,88,725,803,667
35,27,27,27,630,665,667
13,25,0,26,413,511,667
269,148,308,138,860,978,667
55,38,60,46,686,760,667
185,148,212,200,826,927,667
123,68,106,60,762,856,667
147,87,184,120,794,891,667
289,243,172,129,828,947,667
24,27,27,41,613,676,667
32,23,42,27,651,698,667
690,499,563,427,967,1023,667
121,101,92,67,766,860,667
70,76,55,55,670,748,667
16,22,46,47,653,697,667
51,46,66,53,705,778,667
98,93,54,54,748,842,667
34,24,69,38,677,758,667
49,48,25,19,701,767,667
62,64,115,116,731,806,667
47,58,32,48,626,665,667
77,77,115,85,763,841,668
109,99,134,113,773,867,668
32,39,14,26,686,770,668
73,61,32,19,691,739,668
313,160,325,137,900,1023,668
55,48,109,93,719,782,668
467,274,458,229,911,1023,668
43,45,29,38,673,730,668
31,41,32,53,631,695,668
209,196,91,102,782,874,668
72,73,34,44,648,718,668
142,132,126,104,776,861,668
15,24,8,24,564,597,668
209,145,241,183,844,954,668
99,96,67,51,713,790,668
77,61,73,61,735,815,668
100,65,84,51,734,813,668
118,111,101,90,748,840,668
23,28,14,20,591,632,668
26,29,4,11,603,666,668
29,37,37,60,656,707,668
31,38,32,38,648,695,668
15,26,32,45,608,640,668
94,63,117,94,770,870,668
97,88,162,135,784,869,668
59,56,49,32,673,730,668
41,35,44,42,642,682,668
94,68,174,110,757,844,668
35,39,52,77,695,768,668
18,28,37,51,600,627,668
21,26,15,31,580,640,668
23,20,42,50,588,630,668
39,39,40,42,651,722,668
39,33,76,43,677,721,669
25,33,43,47,656,714,669
70,43,116,56,750,845,669
30,38,57,47,668,709,669
61,59,88,74,688,781,669
93,70,96,78,703,769,669
56,60,39,41,665,730,669
404,272,377,200,905,1023,669
46,43,19,23,638,692,669
51,41,56,56,671,731,669
16,27,16,45,510,584,669
102,72,78,48,724,799,669
127,112,133,102,796,903,669
142,116,213,202,814,910,669
17,26,4,26,526,556,669
78,57,87,57,752,828,669
263,201,247,194,856,981,669
45,47,83,64,708,793,669
12,20,5,26,537,562,669
419,200,482,211,902,1023,669
69,67,78,96,729,794,669
38,37,53,55,646,711,669
205,120,184,131,833,948,669
41,37,12,29,557,584,669
323,240,333,241,895,1023,669
61,59,24,33,663,704,669
75,79,40,66,633,686,669
126,64,130,75,689,739,669
68,36,53,34,677,738,669
707,293,566,236,936,1023,669
315,257,278,239,921,1023,669
64,61,68,71,703,777,670
22,24,11,22,593,638,670
68,45,139,94,760,860,670
34,30,32,31,620,674,670
1023,623,1023,486,1023,1023,670
28,25,57,48,645,695,670
40,29,31,25,649,715,670
50,43,95,81,734,807,670
77,62,124,108,761,857,670
416,229,413,238,902,1023,670
62,60,39,47,634,690,670
35,24,51,25,657,718,670
25,31,35,49,650,737,670
50,41,86,80,686,758,670
76,43,116,60,755,845,670
52,39,77,39,711,771,670
43,38,52,43,639,679,670
44,26,98,37,712,799,670
39,43,70,79,671,736,670
31,31,10,33,570,616,670
14,21,26,39,572,617,670
41,39,82,78,695,772,670
154,132,156,136,810,925,670
20,31,6,24,499,584,670
334,214,243,127,870,996,670
50,44,90,77,729,805,670
45,21,42,16,683,744,670
247,207,218,168,847,954,670
57,50,100,70,736,816,670
34,29,36,29,632,656,670
192,81,127,63,785,884,670
51,35,100,54,708,780,670
109,94,141,106,775,866,670
455,325,515,390,914,1023,670
46,42,47,42,679,732,670
31,35,18,27,608,612,670
109,100,69,58,736,821,670
72,46,90,34,730,823,670
26,24,38,33,656,722,670
246,215,173,166,834,947,671
104,55,114,49,749,833,671
113,74,158,86,777,859,671
103,47,228,109,810,915,671
269,244,225,197,846,959,671
183,101,166,63,803,904,671
31,41,31,60,686,752,671
192,140,307,237,872,997,671
43,40,136,132,750,837,671
48,54,71,75,681,747,671
269,211,204,162,831,938,671
579,388,449,294,943,1023,671
46,30,117,57,738,812,671
75,62,97,83,730,804,671
128,133,65,73,744,836,671
385,270,222,134,888,1008,671
167,137,201,182,846,961,671
65,50,93,54,750,819,671
109,73,134,84,770,870,671
44,24,59,25,673,743,671
120,102,168,131,775,867,671
101,96,81,56,740,824,671
85,73,94,76,719,807,671
63,67,62,74,730,797,672
21,28,36,41,598,639,672
205,194,146,153,792,879,672
87,87,57,56,730,800,672
49,31,77,49,702,787,672
39,29,68,59,716,795,672
61,39,31,43,671,731,672
174,155,166,162,810,923,672
76,85,41,61,725,799,672
78,69,139,124,749,840,672
30,31,66,36,664,719,672
151,118,181,156,823,928,672
52,36,85,46,706,775,672
446,268,362,202,909,1023,672
110,66,86,52,727,811,672
55,54,46,62,678,746,672
326,237,322,228,878,997,672
26,21,56,38,670,745,672
37,27,80,81,709,770,673
29,22,50,32,639,689,673
264,207,244,195,842,957,673
63,42,81,50,717,795,673
109,99,167,149,802,904,673
36,38,26,34,625,659,673
74,84,17,47,613,674,673
33,37,36,28,661,725,673
388,261,311,204,874,1003,673
122,120,53,70,718,793,673
13,21,52,51,619,678,673
102,85,186,156,800,905,673
141,84,128,64,774,863,673
231,162,165,133,819,925,673
900,525,944,515,1016,1023,673
59,69,79,94,690,751,673
14,24,50,55,642,704,673
198,149,176,119,808,913,673
76,74,47,55,690,734,673
94,61,118,72,744,836,673
66,49,116,64,756,846,673
15,22,17,28,596,637,673
18,28,18,36,528,541,673
564,248,597,252,948,1023,673
49,37,49,40,716,790,673
1023,661,1023,580,1023,1023,673
660,455,712,463,993,1023,673
91,65,74,31,753,847,673
28,21,84,39,697,814,673
49,58,42,65,686,756,673
141,145,139,141,750,826,673
718,549,630,493,978,1023,673
100,94,66,74,723,807,673
15,23,40,56,612,648,673
154,140,54,46,768,846,673
48,23,47,36,705,800,673
32,41,40,40,640,666,673
67,61,63,65,701,781,674
43,30,61,54,685,750,674
55,53,55,62,699,758,674
24,33,47,55,620,661,674
265,181,267,185,862,976,674
61,59,88,71,702,783,674
59,42,73,52,702,762,674
118,81,187,138,816,915,674
61,57,74,61,734,820,674
355,209,289,169,869,992,674
161,95,152,68,805,921,674
17,21,21,31,630,673,674
500,241,461,213,921,1023,674
1023,830,795,675,1023,1023,674
391,335,306,253,883,1008,674
240,187,308,240,848,955,674
189,160,111,88,815,915,674
52,57,16,20,618,649,674
27,38,7,33,589,648,674
74,73,91,80,686,754,674
162,161,143,155,772,859,674
61,48,61,47,725,790,674
35,43,14,41,514,551,674
165,138,205,140,817,914,674
168,71,156,71,796,916,674
30,21,20,19,617,654,675
174,140,161,104,775,874,675
23,25,13,35,580,598,675
80,60,114,79,750,834,675
69,30,76,47,707,784,675
374,199,409,277,918,1023,675
46,36,59,49,660,722,675
16,22,33,52,636,717,675
142,117,191,146,818,932,675
174,152,182,189,824,936,675
137,118,133,129,738,821,675
49,55,25,51,647,715,675
45,40,33,38,632,680,675
53,39,49,52,696,774,675
255,236,168,153,837,952,675
182,116,201,123,813,920,675
651,426,783,559,1012,1023,675
61,61,56,75,683,764,675
99,70,98,51,706,798,675
44,40,30,31,606,639,675
48,41,50,54,674,723,675
23,23,41,37,587,584,675
388,219,267,136,859,993,675
99,97,40,40,646,714,675
28,33,21,38,570,626,675
213,200,93,86,774,866,676
51,41,75,42,665,746,676
75,48,19,26,661,736,676
36,27,82,59,686,772,676
82,67,78,52,726,802,676
15,22,17,30,540,517,676
117,108,111,115,770,861,676
54,45,43,34,635,693,676
29,21,37,37,634,709,676
148,137,153,134,823,953,676
59,67,73,74,690,771,676
432,380,331,276,896,1023,676
66,64,86,71,702,772,676
29,27,18,20,587,611,676
327,231,290,130,876,1002,676
73,72,65,69,633,688,676
137,84,245,147,848,966,676
290,233,291,240,830,950,676
239,215,132,130,786,884,676
158,133,154,100,800,907,676
120,80,89,64,763,851,676
14,23,28,51,644,692,676
173,166,144,133,807,911,676
17,21,15,24,571,630,676
59,63,45,56,671,746,676
61,58,65,69,709,790,676
33,37,58,63,622,678,676
49,56,39,46,634,681,676
70,66,62,65,684,776,676
65,61,107,91,741,828,676
43,53,35,54,622,650,676
126,129,78,96,745,820,676
42,48,52,69,671,751,676
166,104,200,130,797,893,676
19,28,42,44,609,664,676
29,26,80,46,705,772,676
383,309,345,192,887,1021,676
81,69,104,60,740,822,676
19,22,70,58,662,712,676
239,185,334,258,862,994,676
36,45,23,41,645,707,676
122,101,130,103,807,907,676
22,23,42,33,632,678,677
31,27,79,47,689,766,677
133,123,130,118,779,871,677
207,190,116,122,792,893,677
94,88,130,79,772,854,677
76,80,99,103,747,815,677
105,87,77,68,785,890,677
337,232,437,284,881,999,677
87,76,81,83,741,816,677
20,20,69,50,635,698,677
108,93,190,161,793,888,677
18,23,51,48,644,696,677
65,65,73,70,730,797,677
41,53,0,19,576,615,677
74,85,63,91,667,693,677
99,93,115,101,763,856,677
22,30,0,15,542,551,677
36,34,58,53,588,624,677
18,24,53,54,681,731,677
165,129,199,174,879,1023,677
899,574,834,569,1017,1023,677
61,64,28,26,675,730,677
37,37,74,41,668,710,677
135,113,169,124,784,887,677
57,51,24,37,658,724,677
14,24,4,26,487,516,678
113,106,53,60,733,811,678
442,368,347,281,888,1018,678
29,37,11,31,595,665,678
147,62,193,77,826,934,678
31,32,72,75,687,783,678
16,20,18,22,577,624,678
74,76,69,89,695,760,678
223,185,213,173,848,966,678
44,25,66,27,660,714,678
115,72,110,55,761,852,678
29,22,74,55,678,737,678
94,72,85,81,728,803,678
41,42,64,50,674,739,678
115,97,59,65,718,799,678
180,171,60,63,750,839,678
17,21,8,32,568,576,678
336,196,314,212,873,1005,678
50,25,60,27,672,731,678
55,60,54,70,686,753,678
24,27,31,42,591,656,678
33,37,71,73,683,736,678
46,26,64,38,648,706,678
24,21,23,25,604,601,678
18,29,0,29,478,462,679
166,127,186,130,849,969,679
123,72,107,81,759,852,679
30,39,27,47,677,766,679
31,39,28,40,583,621,679
70,55,64,55,711,790,679
65,64,129,113,748,838,679
31,42,14,43,582,624,679
56,39,111,75,737,807,679
475,237,489,272,922,1023,679
24,25,67,46,645,716,679
610,371,634,376,961,1023,679
99,87,97,86,736,809,679
216,173,208,166,836,946,679
22,20,67,38,651,705,679
507,291,454,258,922,1023,679
368,253,290,165,861,975,679
24,20,47,33,653,715,679
198,146,164,124,818,923,679
63,61,160,136,774,869,679
260,250,174,178,812,910,679
75,70,56,49,703,775,679
108,91,115,86,750,848,679
549,408,343,237,923,1023,679
60,55,106,76,723,802,679
36,41,51,57,651,707,679
72,61,105,77,727,798,679
51,43,75,60,698,759,679
25,32,29,27,607,664,679
41,30,51,30,668,756,679
60,40,109,70,722,800,679
596,463,481,405,960,1023,679
704,479,528,401,949,1023,679
67,58,111,87,756,833,679
93,71,111,54,768,850,679
21,28,32,32,653,715,679
30,41,7,28,566,585,679
29,34,71,51,676,732,679
22,23,43,41,639,720,680
85,36,145,52,781,866,680
76,52,119,68,745,828,680
43,52,47,58,669,725,680
40,52,0,28,586,651,680
132,114,161,142,823,929,680
165,135,162,115,804,901,680
105,83,135,99,785,863,680
338,273,367,308,883,1007,680
56,59,69,85,672,749,680
216,189,223,164,824,930,680
562,502,324,276,922,1023,680
103,77,149,86,769,857,680
25,32,38,47,641,691,680
104,40,194,69,791,896,680
138,97,108,85,793,888,680
128,94,167,121,775,871,680
88,58,153,85,792,890,680
213,121,232,118,856,980,680
54,45,81,68,740,805,680
98,80,116,98,785,916,680
29,32,16,36,569,639,680
67,58,93,82,702,769,680
225,182,221,183,863,992,680
227,174,197,81,834,952,680
54,52,58,73,728,816,680
100,80,153,105,770,867,680
305,237,294,244,889,1023,680
69,48,39,46,650,722,680
114,98,69,70,704,797,680
70,57,59,46,684,765,680
46,49,46,70,605,665,681
112,89,119,76,773,876,681
34,30,47,38,641,683,681
27,21,14,17,595,666,681
42,28,51,38,658,716,681
25,21,32,35,606,676,681
73,67,39,48,650,718,681
187,160,129,119,762,869,681
86,55,91,47,728,808,681
221,202,211,209,833,950,681
96,53,142,58,768,860,681
44,42,33,34,637,698,681
182,172,135,152,755,853,681
59,34,56,29,677,727,681
92,85,72,78,707,776,681
41,35,79,76,687,762,681
186,165,210,177,820,927,681
22,21,86,84,693,772,681
268,242,204,196,835,951,681
352,211,423,216,904,1023,681
1023,455,1023,592,1023,1023,681
256,130,349,202,884,1015,681
48,47,60,72,673,736,681
136,109,175,146,807,919,682
66,74,35,68,684,733,682
26,29,32,47,596,639,682
311,239,277,204,893,1023,682
291,175,241,134,852,959,682
90,92,33,47,704,797,682
44,45,76,69,680,737,682
59,46,116,84,758,841,682
18,25,31,29,660,718,682
1023,587,1003,396,1014,1023,682
1023,1021,1023,584,1023,1023,682
58,54,76,64,661,707,682
21,27,35,36,611,667,682
170,106,202,110,818,913,682
138,103,159,104,772,863,682
95,88,78,75,696,783,682
199,165,185,139,779,869,682
1023,779,850,599,1023,1023,682
218,192,144,141,823,932,682
12,21,10,25,551,589,682
57,38,95,45,709,786,682
75,43,73,43,699,777,682
252,197,239,190,867,977,682
56,56,84,71,712,799,682
32,35,71,77,701,780,682
68,77,28,50,649,703,682
38,50,20,40,623,649,682
13,20,21,35,562,594,682
173,132,156,105,813,911,682
45,32,78,46,706,762,682
12,21,30,51,596,624,682
24,28,19,24,563,601,682
107,54,166,79,764,848,683
183,173,130,133,806,901,683
188,101,237,123,827,944,683
99,57,129,59,728,815,683
47,33,68,38,659,733,683
492,422,473,378,921,1023,683
564,228,520,217,921,1023,683
764,540,577,405,953,1023,683
30,24,57,36,660,736,683
63,53,122,110,763,845,683
16,23,12,26,546,582,683
34,37,50,50,669,723,683
26,28,51,34,632,714,683
67,29,88,40,723,805,683
88,84,91,100,739,823,683
34,20,77,48,680,739,683
102,52,160,80,787,892,683
18,24,13,21,606,604,683
779,552,769,459,1009,1023,683
251,150,283,135,851,972,683
114,112,84,87,745,837,683
76,52,122,96,745,830,683
77,74,75,78,738,816,683
15,21,15,32,551,565,683
139,78,138,70,771,868,683
56,53,62,72,713,785,683
220,191,229,192,833,953,683
39,20,59,33,695,762,683
38,31,75,54,706,782,683
408,327,342,297,895,1023,683
210,140,206,107,822,936,683
37,22,59,42,647,741,683
29,31,27,49,594,629,683
81,53,106,73,718,799,683
38,37,0,33,504,509,683
40,35,15,21,601,676,683
53,51,24,40,652,716,683
42,22,51,31,657,725,683
159,118,198,163,797,907,683
154,102,103,73,754,842,683
31,29,47,50,619,677,683
42,23,30,31,658,741,684
177,133,196,168,828,952,684
141,86,144,80,791,888,684
106,85,141,100,762,851,684
34,25,59,52,664,708,684
84,62,82,56,713,776,684
46,51,15,30,649,750,684
107,48,172,79,767,856,684
53,35,55,44,681,760,684
118,103,110,109,759,850,684
115,105,92,79,746,827,684
38,40,57,58,657,716,684
131,102,77,76,770,877,684
308,216,306,237,870,991,684
304,238,336,273,877,1007,684
104,70,120,73,769,864,684
118,49,148,60,776,870,685
668,424,529,310,954,1023,685
47,56,62,70,656,713,685
148,137,137,109,759,849,685
40,24,62,36,682,733,685
21,20,61,35,690,740,685
21,28,41,40,617,696,685
118,112,119,100,781,865,685
175,138,244,164,834,944,685
309,228,274,201,865,987,685
57,35,108,56,738,824,685
31,24,43,26,694,737,685
253,111,336,138,867,991,685
28,38,22,39,608,641,685
221,177,216,181,860,977,685
35,42,40,51,628,674,685
314,261,282,220,874,990,685
115,112,46,52,706,771,685
46,49,63,64,686,751,685
38,35,61,57,700,769,685
269,190,240,153,860,983,685
70,55,85,42,748,821,685
45,51,58,50,676,748,686
26,32,53,49,655,702,686
44,42,45,46,663,708,686
110,56,163,76,785,879,686
94,83,122,92,756,844,686
28,34,41,37,614,656,686
158,142,143,142,776,866,686
41,31,82,51,709,768,686
34,26,24,19,620,665,686
107,75,78,54,731,814,686
49,30,66,28,703,760,686
33,24,48,39,676,735,686
59,61,21,33,592,632,686
180,164,163,161,823,935,686
260,200,283,194,859,981,686
19,25,37,22,584,613,686
22,29,25,37,663,705,686
110,66,113,64,740,826,686
179,92,133,64,791,894,686
190,89,131,67,782,875,686
20,29,0,15,517,572,686
64,52,113,83,745,819,686
597,348,444,226,913,1023,686
285,182,263,179,847,968,686
161,143,175,168,810,920,686
151,61,139,72,792,898,686
22,21,1,18,517,516,686
48,30,101,64,709,787,686
163,87,172,85,808,923,686
36,36,37,31,636,693,686
176,117,199,115,831,942,686
19,24,56,63,621,667,686
38,24,36,28,634,683,686
149,97,227,156,814,921,686
333,223,507,376,930,1023,686
237,110,305,114,867,992,686
83,47,46,29,712,802,686
158,124,144,110,805,913,687
100,80,67,73,777,885,687
65,67,48,63,692,776,687
69,61,100,92,754,850,687
170,144,158,135,789,883,687
68,50,94,82,718,799,687
32,35,55,39,669,736,687
638,424,347,271,947,1023,687
28,21,44,25,660,718,687
129,80,93,64,719,797,687
172,123,285,190,832,948,687
75,70,122,97,748,847,687
16,24,29,22,588,673,687
186,151,300,245,867,988,687
32,44,1,25,610,654,687
142,105,112,90,771,865,687
58,43,85,42,700,759,687
62,48,67,53,680,747,687
331,203,293,146,867,986,687
61,71,31,53,658,729,687
157,132,158,128,815,924,687
72,52,67,37,718,769,687
503,320,565,394,947,1023,687
367,263,334,205,879,1013,687
76,75,41,39,672,713,687
339,186,557,240,927,1023,688
63,67,39,42,703,749,688
11,20,0,22,568,588,688
268,159,357,213,909,1023,688
70,31,87,37,733,809,688
87,83,86,77,708,772,688
15,25,14,26,591,616,688
46,46,52,54,676,742,688
43,56,0,22,511,483,688
509,393,473,370,941,1023,688
265,180,286,206,877,999,688
289,228,188,149,833,933,688
26,25,54,42,657,717,688
200,155,284,177,844,955,688
39,34,37,36,683,747,688
97,52,135,65,781,868,688
85,75,151,125,744,817,688
30,41,28,45,653,711,688
27,36,47,52,627,667,688
45,36,55,31,695,771,688
58,69,21,39,622,681,688
39,31,50,33,655,712,688
37,44,39,45,613,650,688
179,92,227,120,821,924,688
206,179,123,104,809,921,688
31,33,43,40,631,668,688
136,113,75,55,745,824,688
40,45,44,46,653,709,689
14,21,29,46,581,623,689
43,25,88,62,726,807,689
79,52,40,34,718,794,689
29,25,46,31,631,676,689
437,294,476,368,924,1023,689
760,621,597,512,969,1023,689
57,55,55,66,712,773,689
22,24,4,28,597,654,689
42,34,89,51,720,811,689
75,37,77,31,726,805,689
159,109,218,128,811,918,689
508,400,479,397,929,1023,689
133,100,157,112,798,898,689
21,25,52,54,697,765,689
310,164,278,171,887,1019,689
189,176,81,85,792,894,689
147,142,124,129,791,888,689
23,27,10,31,607,667,689
35,41,55,63,665,741,689
70,82,22,49,651,703,689
1020,432,1023,367,1022,1023,689
132,60,148,72,790,899,689
68,36,83,44,708,793,689
31,37,9,37,633,684,689
57,43,65,50,719,801,689
88,72,67,48,716,789,689
205,182,220,178,834,936,689
57,58,55,51,681,762,689
28,25,8,22,570,635,689
194,176,116,126,805,899,689
17,21,0,25,495,568,689
155,84,202,95,821,923,689
119,109,131,120,739,835,689
91,75,90,51,733,831,689
45,35,83,48,709,795,689
135,90,199,142,825,938,689
51,44,44,45,647,723,689
228,132,141,90,801,900,689
282,149,387,231,899,1023,689
151,80,194,135,816,930,689
28,23,66,48,657,701,690
51,35,53,33,685,761,690
28,26,60,61,657,725,690
49,52,48,60,667,751,690
30,37,2,33,513,595,690
67,42,75,54,723,810,690
121,68,119,75,776,879,690
148,94,196,131,801,915,690
36,21,47,33,615,671,690
115,98,103,96,787,887,690
217,137,209,158,800,906,690
95,64,144,79,770,863,690
67,65,31,39,672,726,690
286,162,360,207,904,1023,690
52,48,81,65,688,758,690
43,38,55,33,682,767,690
166,124,233,173,836,953,690
89,68,106,84,749,846,690
56,28,86,33,730,799,690
19,21,26,28,640,698,690
51,53,53,53,668,751,690
643,213,551,207,938,1023,690
116,108,71,68,725,801,690
34,35,96,88,723,802,690
33,30,52,37,700,773,691
105,69,162,110,780,873,691
352,186,533,336,913,1023,691
104,85,159,160,806,917,691
116,113,74,77,759,853,691
56,44,80,37,683,741,691
82,84,105,123,752,842,691
180,174,119,80,773,872,691
58,50,140,92,752,833,691
91,85,83,81,736,827,691
70,71,85,62,771,856,691
447,307,350,224,903,1023,691
203,137,217,112,813,931,691
65,71,63,70,673,766,691
86,66,100,56,744,837,691
43,34,82,73,703,779,691
38,41,64,68,697,766,691
40,32,32,43,694,764,691
65,42,125,60,757,838,691
270,242,126,136,821,931,691
45,23,77,43,691,767,691
59,39,98,75,730,823,691
132,128,96,93,733,819,691
190,132,265,179,860,985,691
115,105,101,107,743,830,691
111,108,61,38,753,839,691
63,62,67,59,681,740,691
130,101,159,119,800,912,691
376,240,239,116,856,979,691
54,47,92,43,722,799,692
123,71,210,101,811,916,692
18,24,1,18,474,490,692
38,24,48,26,638,691,692
43,46,28,36,623,692,692
89,73,68,44,740,819,692
98,83,57,70,711,795,692
64,45,28,39,660,719,692
66,29,86,28,713,796,692
155,53,139,53,779,877,692
30,34,15,36,679,765,692
54,40,105,72,732,825,692
28,27,0,19,186,263,692
34,27,0,21,480,521,692
135,105,159,130,766,862,692
80,55,107,86,741,834,692
92,69,68,60,693,763,692
137,103,125,119,771,873,692
442,231,229,109,859,987,692
63,50,30,45,688,765,692
29,22,14,24,572,590,692
28,29,0,23,503,550,692
127,61,143,75,774,880,692
44,24,69,42,682,754,692
26,24,12,25,523,559,692
36,26,10,22,539,572,692
102,78,99,72,750,842,692
39,24,28,19,596,625,692
24,21,0,17,443,459,692
153,111,100,64,759,847,692
52,43,32,52,632,675,692
273,236,200,214,855,975,692
45,23,35,15,643,698,692
244,230,200,200,814,925,692
109,85,93,74,743,824,692
100,59,126,75,751,852,692
1005,448,888,375,1011,1023,692
51,45,25,27,645,691,693
73,54,97,74,746,848,693
317,217,243,154,873,1001,693
25,23,9,16,549,612,693
112,122,25,59,685,757,693
51,47,125,111,737,818,693
23,21,53,36,650,690,693
412,253,558,414,967,1023,693
58,66,93,74,699,768,693
111,97,153,114,778,868,693
30,37,57,73,624,705,693
33,35,66,57,689,752,693
28,23,16,19,602,627,693
15,22,21,29,561,600,693
56,63,49,77,702,762,693
32,40,29,35,628,676,693
116,108,110,67,740,817,693
538,344,491,239,919,1023,693
196,133,141,125,808,920,693
44,46,43,39,682,761,693
18,26,13,29,559,629,693
132,79,106,68,773,868,693
39,31,113,58,717,788,693
128,120,112,100,737,824,694
22,23,42,26,609,655,694
31,34,51,55,680,760,694
307,233,433,332,902,1023,694
331,239,544,385,951,1023,694
139,145,68,95,731,809,694
30,20,42,34,613,662,694
14,20,34,35,612,663,694
44,48,72,84,719,793,694
45,28,84,61,705,786,694
289,155,264,122,869,999,694
46,35,95,62,702,778,694
14,23,32,44,595,637,694
51,33,68,41,702,768,694
24,27,18,21,545,626,694
315,199,184,103,838,958,694
101,65,142,83,780,867,694
61,65,32,41,705,776,694
40,47,64,65,700,751,694
184,152,172,168,813,915,694
32,28,46,41,675,726,694
18,20,33,39,599,667,694
157,91,275,117,836,950,694
10,21,6,32,479,522,694
198,200,209,197,781,869,694
131,120,182,178,808,913,694
147,91,213,132,821,944,694
60,55,54,51,707,786,694
651,408,653,486,986,1023,695
138,121,117,96,747,854,695
58,51,102,79,745,821,695
167,133,125,88,775,869,695
1023,658,1023,645,1023,1023,695
192,92,199,119,822,936,695
113,100,107,91,731,820,695
532,346,682,517,961,1023,695
718,500,694,469,992,1023,695
440,243,345,162,889,1020,695
53,49,84,83,694,778,695
76,49,79,50,723,798,695
40,31,81,56,686,762,695
55,49,83,78,680,755,695
30,34,32,40,595,683,695
27,34,20,39,554,639,695
24,24,33,17,621,646,695
27,30,41,46,597,619,695
30,25,12,17,605,624,695
64,42,117,46,729,810,695
93,73,121,87,757,847,695
136,103,174,104,801,911,695
429,278,381,233,911,1023,695
17,21,35,38,635,662,695
652,448,586,444,984,1023,695
56,25,84,30,693,773,695
62,56,93,96,750,828,695
376,221,455,264,916,1023,695
21,32,1,29,498,517,695
131,131,56,64,716,788,695
58,49,113,73,749,827,695
32,23,66,39,686,745,695
721,545,483,407,962,1023,696
35,36,39,44,641,687,696
111,93,210,153,789,887,696
70,53,100,73,762,851,696
82,85,89,80,703,774,696
32,36,41,49,637,676,696
333,277,296,255,866,991,696
127,127,144,164,765,852,696
149,135,143,85,793,885,696
326,207,297,153,850,977,696
98,85,111,109,750,832,696
156,152,56,45,737,818,696
263,180,230,121,822,937,696
140,108,112,97,783,885,696
41,53,9,23,631,676,696
53,58,48,58,679,740,696
145,123,170,137,793,894,696
43,26,51,29,671,718,696
756,257,893,359,999,1023,696
415,330,311,234,896,1023,696
122,119,110,119,795,887,696
92,51,110,48,733,819,696
18,25,35,43,637,676,696
100,80,96,79,728,816,696
59,25,66,29,706,795,696
27,36,20,36,620,681,696
172,140,208,173,816,925,696
124,111,111,96,738,832,696
43,26,87,69,698,791,696
56,56,67,71,698,786,696
19,24,23,20,518,569,696
66,48,80,42,717,774,696
44,24,78,30,679,726,696
460,343,512,355,926,1023,696
497,383,338,283,907,1023,696
32,37,32,45,668,724,696
158,156,150,148,760,866,696
87,41,126,43,759,853,696
289,148,479,253,901,1023,696
36,43,54,66,684,740,696
84,77,85,72,713,794,696
267,170,323,224,864,992,696
182,151,264,199,841,956,697
59,58,99,88,735,812,697
33,21,89,54,702,765,697
47,53,49,54,707,764,697
21,23,42,24,633,661,697
23,20,42,18,668,694,697
138,79,85,55,763,851,697
405,292,437,355,922,1023,697
208,108,270,138,837,959,697
30,33,57,70,685,757,697
113,69,184,124,808,917,697
27,21,41,25,644,702,697
61,62,114,100,685,757,697
90,59,89,55,747,812,697
25,27,11,13,608,680,697
75,77,87,83,726,818,697
92,63,102,62,766,866,697
53,31,115,56,756,847,697
76,85,60,84,705,817,697
130,114,110,105,761,862,697
88,56,105,54,737,813,697
29,34,48,55,657,739,697
43,43,38,34,633,675,697
43,35,83,61,756,927,697
372,272,562,412,901,1023,697
113,101,82,75,736,817,697
49,57,34,64,580,642,698
35,26,75,48,689,762,698
835,396,937,408,1023,1023,698
161,94,196,110,778,895,698
255,179,297,200,848,963,698
15,20,0,21,423,483,698
32,31,25,40,591,646,698
48,23,56,39,635,678,698
32,24,27,32,601,647,698
580,373,470,225,925,1023,698
144,110,120,80,778,886,698
37,39,15,42,560,581,698
82,48,142,91,760,855,698
78,69,73,58,733,822,698
40,22,28,18,627,666,698
88,57,138,115,769,866,698
18,24,1,26,0,391,698
51,47,41,61,643,714,698
140,114,145,104,764,860,698
91,54,101,56,739,816,698
100,79,110,105,758,840,698
32,28,54,45,662,747,698
46,26,30,27,657,698,698
78,61,78,70,712,786,698
76,62,24,30,635,692,698
287,179,263,147,869,990,698
35,45,27,50,590,614,698
66,49,165,120,786,887,699
49,40,55,43,656,715,699
66,55,33,42,646,706,699
66,60,76,64,705,789,699
87,71,97,94,715,798,699
23,25,37,42,646,711,699
96,71,140,84,798,896,699
114,96,130,69,756,847,699
93,95,63,50,702,781,699
37,48,15,46,613,646,699
138,61,187,76,779,883,699
29,35,57,38,633,687,699
72,60,119,95,722,806,699
38,43,57,60,675,735,699
43,49,58,73,661,737,699
39,29,55,31,661,710,699
135,119,68,56,761,841,699
86,80,162,144,782,880,699
104,57,239,130,822,931,699
49,27,84,35,727,807,699
62,65,77,80,704,772,699
16,23,26,26,591,633,699
94,57,153,92,781,871,699
1023,856,1002,690,1023,1023,699
794,520,827,580,998,1023,699
92,78,89,69,738,824,699
43,38,70,40,708,776,699
18,25,27,34,565,622,699
47,31,75,34,712,796,699
46,50,65,76,709,792,699
125,99,291,239,844,960,699
404,261,438,214,909,1023,699
165,100,129,94,791,898,699
33,30,72,58,660,713,699
25,26,28,30,607,666,699
223,162,236,142,850,971,699
25,36,2,18,585,615,699
825,622,707,544,985,1023,699
52,50,22,31,647,722,699
38,46,53,76,656,722,699
64,67,74,76,733,825,700
40,30,70,50,644,710,700
87,67,68,63,734,813,700
98,76,147,116,785,884,700
114,106,51,69,736,836,700
26,20,27,32,590,635,700
253,174,223,182,838,954,700
249,158,262,204,871,1001,700
255,215,172,158,834,948,700
183,117,217,142,831,948,700
164,97,182,79,790,900,700
77,76,33,53,621,673,700
57,50,42,54,657,711,700
563,397,421,287,927,1023,700
26,20,1,18,459,534,700
87,68,57,49,670,746,700
65,55,46,40,683,742,700
45,51,17,47,536,572,701
81,58,118,95,784,886,701
122,86,65,52,738,830,701
37,38,24,45,617,658,701
53,40,21,26,603,701,701
106,86,65,50,698,780,701
129,100,135,115,781,896,701
31,27,75,73,695,760,701
38,31,29,29,578,621,701
105,97,77,82,732,816,701
58,44,49,47,693,776,701
334,214,343,208,891,1023,701
107,107,43,47,699,778,701
44,24,91,54,686,789,701
41,32,86,73,693,775,701
144,111,196,112,797,904,701
28,39,28,53,634,687,701
27,35,8,20,609,653,701
87,69,69,54,729,819,701
309,240,224,150,825,940,701
150,94,109,89,788,890,701
150,92,221,119,838,956,701
40,31,89,68,716,794,701
80,63,105,81,736,832,701
126,97,130,80,767,867,702
53,59,68,83,688,772,702
93,52,69,44,731,826,702
127,119,90,80,713,800,702
30,29,36,45,640,698,702
194,167,226,170,813,920,702
218,174,412,312,907,1023,702
40,23,72,38,726,772,702
82,89,86,111,729,799,702
19,27,59,60,699,769,702
88,59,107,59,773,860,702
134,86,101,53,810,919,702
56,49,59,34,741,811,702
791,400,679,282,969,1023,702
119,106,95,78,743,816,702
84,67,74,54,736,812,702
54,50,69,60,705,767,702
48,36,39,33,654,710,702
70,58,95,83,753,822,702
190,106,358,195,862,994,702
511,355,385,178,900,1023,702
64,62,84,79,734,819,702
42,47,47,54,652,697,702
566,379,399,202,916,1023,702
15,25,24,40,564,602,702
382,352,279,234,855,973,702
65,48,73,50,686,760,702
443,370,283,206,881,1009,702
45,36,87,50,699,771,702
67,56,104,64,728,819,702
26,37,7,33,604,617,702
211,141,239,157,836,946,702
62,60,102,53,700,760,702
289,233,285,221,862,982,702
57,35,70,33,704,784,702
690,355,780,471,991,1023,702
35,44,60,64,624,650,702
29,27,48,42,649,725,702
717,526,596,399,967,1023,702
155,122,136,78,813,914,702
19,22,54,57,682,759,703
168,50,227,74,829,944,703
185,121,243,132,837,955,703
86,75,159,114,769,855,703
206,195,61,74,787,881,703
101,104,97,83,775,870,703
154,120,175,108,784,894,703
34,40,65,70,664,717,703
79,43,116,43,750,843,703
24,32,60,60,666,719,703
36,24,81,51,689,752,703
71,46,109,47,741,834,703
29,22,61,35,689,753,703
19,20,27,21,624,690,703
60,27,114,55,756,838,703
36,25,90,44,702,762,703
56,44,88,46,721,800,703
211,159,166,126,812,921,703
294,113,302,104,871,1000,703
41,23,73,40,664,746,703
205,127,371,277,870,1000,703
185,128,288,222,855,976,703
182,128,173,116,815,929,703
236,175,192,105,837,956,703
15,21,11,25,567,620,703
27,35,3,25,534,586,703
39,29,39,29,668,726,703
333,217,342,201,882,1016,703
22,25,10,20,555,593,703
262,106,335,137,864,997,704
22,26,14,36,580,659,704
40,44,44,62,622,691,704
44,49,62,78,657,732,704
35,47,0,21,493,549,704
106,106,104,114,741,817,704
399,304,286,153,871,1009,704
47,21,43,25,715,795,704
61,50,69,56,668,731,704
187,148,118,126,814,924,704
25,24,28,20,613,681,704
199,99,263,154,841,958,704
87,44,80,44,735,812,704
54,46,69,57,727,814,704
33,40,10,35,537,594,704
24,33,18,30,624,685,704
399,216,343,165,867,1000,704
33,31,60,37,659,738,704
526,246,379,168,905,1023,704
102,95,132,123,751,849,704
95,80,133,127,782,873,704
1023,800,977,653,1023,1023,704
149,134,220,182,816,922,704
219,165,238,114,820,921,704
138,97,151,81,812,911,705
583,464,521,404,934,1023,705
23,20,37,24,599,650,705
44,29,87,42,718,780,705
120,86,146,101,757,839,705
55,36,123,60,735,808,705
22,22,10,13,583,643,705
578,444,528,425,961,1023,705
71,61,64,63,690,748,705
279,142,239,124,853,972,705
24,28,52,45,666,736,705
53,37,122,91,728,811,705
114,96,123,111,761,855,705
48,41,60,36,681,733,705
54,50,93,55,740,822,705
707,427,599,411,957,1023,705
46,49,38,45,634,709,705
37,29,54,41,652,712,705
22,31,25,27,572,619,705
25,27,60,49,768,891,705
99,80,126,72,771,866,705
146,141,126,144,789,883,705
155,101,319,250,899,1023,705
17,25,34,34,573,647,705
55,52,42,40,636,701,705
19,29,9,28,545,605,705
49,46,88,59,696,776,705
95,92,63,52,694,779,705
60,42,131,77,752,842,705
125,129,59,65,723,805,705
110,75,119,77,769,864,705
127,116,86,74,719,800,705
169,102,250,138,820,937,705
42,38,62,56,653,737,705
609,454,366,237,904,1023,705
65,49,95,66,747,832,705
92,72,71,51,719,791,706
24,24,20,38,620,672,706
12,20,0,25,660,721,706
161,106,98,63,760,870,706
17,21,10,12,539,587,706
85,91,67,81,699,773,706
169,163,71,90,767,850,706
220,148,244,208,860,993,706
53,21,49,28,670,736,706
448,291,435,268,904,1023,706
186,142,193,169,844,961,706
81,78,76,85,712,799,706
53,45,76,61,693,764,706
31,32,15,25,567,624,706
48,46,4,23,556,602,706
90,72,100,66,745,832,706
116,112,98,100,732,817,706
18,27,0,19,523,600,706
24,26,41,47,597,661,706
45,36,82,74,700,778,706
25,26,0,23,556,577,706
73,51,70,43,689,777,706
49,40,53,48,666,702,707
95,74,62,55,684,769,707
178,143,195,170,818,934,707
64,68,45,62,640,701,707
143,85,92,69,746,845,707
33,36,50,68,693,771,707
150,124,188,156,769,873,707
104,95,126,128,761,852,707
13,20,13,36,552,608,707
35,33,24,25,636,697,707
31,32,42,54,620,694,707
24,21,6,20,600,640,707
229,172,174,121,836,955,707
819,394,603,302,970,1023,707
66,69,90,86,712,794,707
16,23,29,31,618,660,707
20,27,37,57,593,664,707
56,30,118,48,727,816,707
59,69,57,77,673,736,707
41,42,26,40,582,651,707
23,33,38,54,654,720,707
129,122,89,80,735,813,707
47,44,79,64,714,798,708
221,191,204,149,823,934,708
98,108,69,99,709,800,708
60,34,175,57,778,872,708
59,66,56,61,663,731,708
31,31,30,28,615,681,708
36,44,44,57,621,709,708
159,130,144,123,826,943,708
75,81,63,64,698,779,708
54,51,12,28,626,681,708
115,95,154,129,846,1000,708
274,227,199,173,861,982,708
16,23,36,40,561,630,708
9,21,47,43,593,594,708
160,119,274,150,847,966,708
83,89,76,60,779,890,708
27,23,47,28,617,670,708
37,24,59,44,692,764,708
42,47,52,60,684,760,708
102,50,126,49,787,893,708
146,117,175,153,806,924,708
1023,693,905,579,1023,1023,708
197,101,148,74,790,901,708
164,127,219,170,841,961,708
30,36,24,33,605,672,708
25,25,26,20,624,652,708
136,98,150,101,771,848,708
226,133,176,101,827,946,708
267,185,264,209,881,1011,708
65,50,131,106,751,830,708
148,102,132,87,782,882,708
37,30,44,54,660,736,708
56,26,58,23,669,744,709
45,42,81,75,684,772,709
42,42,28,35,594,659,709
21,20,38,35,577,643,709
295,176,310,193,857,983,709
425,313,583,427,958,1023,709
23,25,23,40,618,699,709
194,84,145,68,780,897,709
253,195,146,126,829,947,709
67,38,49,32,694,776,709
21,20,24,26,604,665,709
29,23,34,25,634,694,709
126,124,134,133,752,833,709
104,86,173,126,787,883,709
110,71,127,81,751,836,709
99,41,177,80,785,892,709
305,207,198,132,845,967,709
59,50,30,43,658,713,709
43,26,47,42,629,668,709
331,122,364,127,855,989,709
404,258,385,248,909,1023,709
167,75,129,77,785,896,709
141,83,139,74,751,849,709
316,263,276,267,870,1000,709
38,24,54,30,649,697,709
44,31,46,42,624,694,709
25,28,46,45,641,720,710
97,99,73,94,680,743,710
45,51,38,53,642,697,710
41,41,51,40,668,727,710
22,30,0,30,507,511,710
34,21,41,28,655,729,710
186,91,165,93,808,925,710
759,462,706,494,982,1023,710
10,20,22,31,490,524,710
332,248,358,218,896,1023,710
109,85,81,49,712,810,710
135,57,179,63,834,956,710
116,89,94,69,733,821,710
457,386,281,235,892,1023,710
54,61,101,109,706,791,710
217,139,263,155,845,960,710
93,96,93,71,722,802,710
59,63,40,53,684,747,710
45,57,19,41,619,693,710
215,214,123,145,761,853,710
11,21,21,26,586,637,710
322,293,231,184,822,930,710
30,28,28,28,621,648,711
32,20,81,30,710,784,711
19,28,24,37,628,671,711
10,20,23,43,469,497,711
37,47,47,57,645,685,711
68,59,104,88,719,800,711
57,61,62,71,670,746,711
145,117,247,186,855,969,711
73,38,137,66,773,857,711
435,335,384,287,897,1023,711
54,44,61,43,702,772,711
183,167,112,84,768,860,711
84,83,115,86,752,828,711
31,32,81,61,705,768,711
72,80,27,58,702,774,711
12,20,19,36,524,573,711
47,38,83,48,709,786,711
45,32,43,42,645,697,711
267,142,267,129,844,957,711
43,28,76,51,719,800,711
149,147,51,56,737,833,711
37,47,45,62,641,707,711
28,35,58,39,641,692,711
91,68,109,75,750,841,711
32,31,42,43,633,688,711
50,40,106,83,719,796,711
10,20,0,16,474,517,711
22,31,47,52,643,715,711
15,22,31,26,614,683,711
91,95,47,71,675,757,711
40,26,30,44,661,727,711
850,434,611,323,966,1023,711
71,58,86,54,729,820,711
32,34,47,46,618,691,712
188,165,97,89,810,919,712
80,76,97,95,742,829,712
95,41,134,56,753,847,712
67,70,45,43,714,798,712
60,50,108,77,685,767,712
415,197,386,170,902,1023,712
58,29,98,86,723,812,712
349,217,377,182,864,993,712
76,83,19,42,637,682,712
246,142,433,340,917,1023,712
63,42,79,42,700,766,712
26,22,1,22,511,541,712
37,32,29,29,617,651,712
69,61,64,68,712,802,712
51,52,28,47,577,638,712
35,25,20,19,551,592,712
48,31,59,32,640,701,712
20,21,11,28,476,498,712
315,199,299,155,862,988,712
86,49,66,38,686,756,712
40,40,70,74,662,739,712
79,77,46,54,631,686,712
34,21,22,19,592,647,712
356,244,340,248,888,1023,712
397,253,395,254,905,1023,712
384,298,322,262,860,989,712
46,41,94,61,696,755,712
73,49,91,53,758,868,712
62,70,81,88,643,698,712
60,40,53,49,694,765,712
96,97,81,86,713,807,712
24,22,22,27,568,642,712
24,24,49,30,646,719,712
20,22,22,18,604,684,712
27,26,40,37,622,684,713
48,60,36,61,566,625,713
254,215,337,300,888,1011,713
24,34,70,81,637,694,713
61,58,51,55,700,788,713
56,36,88,45,676,760,713
27,20,71,53,667,731,713
149,132,120,110,781,894,713
297,242,242,187,869,984,713
66,53,87,76,704,767,713
49,31,76,26,682,768,713
259,195,182,139,853,968,713
18,22,50,48,619,654,713
31,21,59,32,650,729,713
96,86,97,77,747,835,713
39,34,43,23,646,700,713
37,46,32,58,617,672,713
21,34,15,50,471,579,713
1023,783,870,650,1023,1023,713
1023,872,1019,597,1023,1023,713
149,110,257,210,832,946,713
61,70,34,57,653,713,713
67,57,121,87,731,796,713
55,59,81,86,700,783,713
110,66,141,77,759,845,713
145,144,114,128,745,830,713
38,33,14,22,603,640,713
38,47,31,44,649,713,714
63,31,78,36,695,804,714
55,52,44,43,612,679,714
104,82,159,132,789,889,714
18,20,24,35,632,694,714
359,287,247,154,852,976,714
70,62,81,75,712,802,714
106,66,135,65,772,866,714
32,21,51,30,655,705,714
14,23,32,36,574,648,714
21,31,7,21,570,638,714
37,49,23,51,500,518,714
125,95,140,123,806,910,714
85,80,52,42,694,796,714
70,39,104,51,739,820,714
246,162,322,243,875,1014,714
51,56,69,90,656,749,714
51,34,109,82,728,815,714
151,112,179,124,804,919,714
64,36,61,34,685,779,715
316,159,240,131,845,975,715
58,53,48,50,681,738,715
262,107,244,86,835,953,715
151,138,88,90,773,878,715
98,82,118,90,715,803,715
29,23,45,36,660,727,715
24,30,27,50,552,635,715
102,60,129,94,750,857,715
43,42,15,29,539,595,715
44,28,45,39,648,688,715
179,85,100,64,770,867,715
27,23,22,30,542,579,715
118,91,73,57,720,806,715
282,202,194,111,843,968,715
1023,651,1023,532,1023,1023,715
121,112,50,52,687,772,715
16,24,7,27,550,633,715
59,52,50,34,662,721,715
150,108,75,31,747,839,715
162,122,154,85,805,912,715
79,60,119,87,755,865,715
45,37,137,110,752,858,715
304,189,253,111,854,987,715
561,303,559,270,939,1023,715
249,217,175,161,817,934,715
27,32,3,31,542,638,715
48,46,35,51,704,772,715
111,83,198,152,797,902,715
23,26,0,21,517,593,715
47,41,56,56,614,686,715
30,26,33,27,617,676,715
167,89,174,73,831,959,715
48,55,4,23,596,655,715
206,120,236,136,824,936,715
45,37,25,15,658,726,715
28,29,45,39,647,709,715
16,20,30,35,585,633,715
31,27,32,26,611,652,715
159,147,53,58,725,811,715
156,124,102,66,765,871,715
45,41,44,38,693,773,716
25,29,35,41,586,649,716
58,68,76,88,665,727,716
188,120,190,105,831,941,716
32,23,46,51,652,696,716
46,33,73,50,702,772,716
22,21,48,38,617,691,716
384,341,338,311,876,1005,716
128,105,164,121,781,891,716
21,24,68,41,670,734,716
12,22,28,43,592,628,716
27,22,32,28,587,654,716
372,193,259,133,851,978,716
44,35,44,46,646,728,716
39,37,32,32,605,668,716
98,80,112,80,743,843,716
132,139,76,86,733,837,716
138,103,306,237,855,981,716
228,212,136,137,813,922,716
18,31,0,27,0,415,716
131,114,177,98,708,753,716
1023,938,1023,724,1023,1023,716
190,138,257,179,860,980,716
40,42,31,35,621,683,716
57,47,57,36,674,766,716
240,169,332,222,907,1023,716
17,28,7,32,562,621,716
123,104,87,69,723,820,716
36,27,42,40,687,782,716
337,161,397,197,885,1016,716
26,22,5,15,578,614,716
83,57,72,51,698,772,717
55,45,96,71,734,826,717
92,70,95,61,727,811,717
496,351,580,407,961,1023,717
19,28,34,40,612,688,717
634,469,714,515,985,1023,717
48,54,47,58,702,786,717
102,85,86,69,722,806,717
56,35,77,49,678,746,717
501,226,571,241,950,1023,717
672,472,501,289,946,1023,717
48,31,80,31,717,800,717
264,209,270,201,866,993,717
295,186,231,142,864,996,717
500,451,212,186,880,1013,717
294,151,247,113,839,963,717
1011,595,952,704,1023,1023,717
15,23,0,23,0,285,718
89,77,69,68,700,788,718
76,77,29,46,639,705,718
33,21,11,19,548,570,718
22,27,0,17,0,0,718
54,48,50,46,614,667,718
212,140,213,134,825,948,718
77,60,75,61,686,796,718
93,91,58,87,656,719,718
19,20,10,22,474,596,718
170,153,69,87,735,822,718
90,73,51,50,661,743,718
30,23,70,59,603,657,718
160,87,112,55,789,894,718
31,23,0,13,578,652,718
308,209,313,243,874,1001,718
16,24,8,26,401,526,718
393,136,456,197,892,1023,718
138,128,70,75,711,801,718
885,610,716,414,978,1023,718
46,36,52,44,654,714,718
121,96,143,106,764,853,718
385,219,265,114,871,1001,718
161,168,78,89,721,799,718
121,115,121,119,756,850,718
285,228,229,143,828,948,718
19,29,12,20,537,592,718
73,60,101,65,736,831,718
174,140,152,95,803,915,718
66,64,117,98,724,789,718
29,28,59,46,663,720,718
26,36,30,53,582,661,719
110,110,49,50,690,770,719
42,34,70,37,685,738,719
229,216,170,159,804,927,719
135,108,216,154,798,913,719
41,48,34,36,608,656,719
11,22,23,36,554,561,719
218,142,235,108,840,956,719
43,26,92,53,702,786,719
201,146,125,65,808,914,719
96,73,119,59,747,839,719
18,30,6,24,556,560,719
110,74,111,83,753,848,719
19,23,21,31,624,709,719
562,332,415,227,914,1023,719
322,287,237,210,882,1000,719
74,86,55,79,660,728,719
33,46,10,31,546,630,719
203,181,68,46,766,858,719
137,132,164,163,799,904,719
331,198,262,120,849,971,719
366,288,445,350,914,1023,719
66,44,85,38,729,809,719
179,121,159,79,786,896,719
104,67,172,120,840,964,719
114,113,84,63,740,822,719
45,32,76,44,720,803,719
29,25,40,36,641,692,719
35,24,42,21,634,693,719
381,271,543,381,942,1023,719
13,24,19,23,521,597,719
55,67,35,48,602,648,720
290,257,238,181,868,978,720
44,55,31,48,620,695,720
304,156,158,109,817,942,720
36,46,55,63,659,715,720
49,36,56,35,672,743,720
50,39,102,68,680,749,720
46,57,8,42,596,658,720
33,39,62,45,639,722,720
117,104,134,83,758,855,720
77,69,62,53,721,803,720
123,66,125,54,737,819,720
66,32,65,32,660,740,720
318,141,276,122,865,998,720
134,65,105,87,771,872,720
28,34,16,31,576,631,720
240,122,182,74,822,944,720
422,356,340,304,902,1023,720
32,25,68,35,650,741,720
28,32,12,24,567,641,720
64,68,32,52,609,690,720
250,196,197,155,842,968,720
81,50,167,128,757,865,720
100,87,173,162,772,859,720
36,31,26,25,615,671,720
189,119,139,83,784,899,720
23,24,15,23,508,604,720
22,23,38,31,597,675,720
49,37,59,32,670,763,720
73,58,90,53,687,780,721
47,49,37,39,619,679,721
85,82,65,68,678,760,721
64,72,66,65,685,756,721
79,81,107,119,713,811,721
19,24,13,26,540,603,721
145,122,88,73,742,834,721
185,154,199,159,811,926,721
25,25,57,45,671,752,721
67,54,157,86,788,894,721
17,22,10,20,613,617,721
29,29,19,21,623,665,721
147,114,173,115,786,878,721
29,32,58,47,677,751,721
47,40,113,83,738,823,721
64,47,115,63,737,837,721
87,66,150,123,783,890,721
165,147,157,123,778,877,721
31,28,41,44,640,694,721
137,132,108,90,773,872,721
286,235,288,196,851,966,721
120,57,200,78,816,926,721
162,155,81,101,782,875,721
63,61,104,69,709,787,721
89,97,32,34,698,783,721
155,119,196,147,817,922,721
29,30,44,51,648,723,721
102,100,97,98,729,805,721
44,58,51,71,618,698,721
50,50,38,30,640,700,721
185,154,234,161,822,927,721
233,111,365,223,876,998,721
23,35,12,23,564,599,721
94,80,77,49,743,841,721
225,138,228,145,829,942,721
45,43,51,40,647,698,721
306,269,284,236,856,973,721
24,36,28,49,534,618,721
318,187,170,111,832,938,721
17,22,49,53,648,692,721
88,84,134,98,782,888,721
20,25,27,37,549,626,722
36,30,56,30,643,700,722
95,41,118,46,746,841,722
28,30,42,28,645,716,722
86,82,74,68,704,793,722
39,27,73,48,681,748,722
19,27,20,37,589,675,722
93,93,72,82,700,794,722
124,96,154,127,767,852,722
1023,875,1023,620,1023,1023,722
18,24,28,28,646,706,722
24,25,71,55,618,684,722
55,63,53,61,641,727,722
24,30,50,36,634,689,722
335,114,332,107,858,983,722
112,100,127,100,792,902,722
235,187,160,109,830,947,722
38,37,92,61,676,735,722
775,507,695,400,987,1023,722
439,313,425,328,927,1023,722
253,133,264,158,847,970,722
83,76,115,103,743,831,722
179,166,138,127,797,903,722
67,74,23,44,635,719,722
103,64,179,127,768,863,722
33,36,127,118,735,826,723
42,33,64,46,655,722,723
43,35,47,29,666,756,723
59,53,56,66,697,789,723
112,70,107,91,770,870,723
85,84,100,110,731,817,723
64,67,32,48,588,651,723
57,31,71,36,687,762,723
263,235,195,174,809,917,723
323,247,441,285,905,1023,723
15,21,19,31,596,627,723
137,105,197,173,827,938,723
145,111,173,131,796,904,723
30,32,37,51,591,653,723
41,25,57,33,600,660,723
24,24,3,15,525,583,723
61,25,45,25,663,737,723
71,57,67,60,675,745,723
32,28,55,66,639,720,723
194,131,110,89,779,885,723
97,72,158,89,772,867,723
44,44,25,42,578,630,723
85,43,104,61,766,868,723
238,190,225,164,827,943,723
144,129,95,73,737,826,723
22,20,0,22,338,482,723
170,103,74,75,725,828,723
19,21,0,18,146,406,723
66,46,60,46,685,761,723
36,22,49,27,625,685,723
179,80,289,155,854,980,723
27,20,29,33,568,643,723
27,29,5,22,436,491,723
77,54,75,58,654,734,724
128,91,146,111,795,903,724
217,183,205,184,782,880,724
64,56,42,57,664,733,724
33,25,48,35,649,735,724
217,178,276,223,832,958,724
478,315,517,359,948,1023,724
274,176,236,147,831,954,724
62,63,80,88,673,732,724
31,21,27,25,567,602,724
42,32,6,15,567,614,724
64,61,43,47,709,802,724
39,31,32,23,613,660,724
112,112,143,113,780,881,724
37,32,6,28,584,664,724
493,399,386,299,915,1023,724
156,140,181,162,764,860,724
66,67,100,106,730,814,724
65,60,128,122,743,837,724
29,34,9,21,544,617,724
92,73,98,59,717,804,724
27,32,39,55,629,706,724
55,55,55,49,694,786,724
12,23,0,13,347,378,724
19,29,22,29,588,634,724
17,29,23,38,543,662,724
38,38,73,53,733,815,724
202,175,234,192,835,962,724
125,85,89,62,739,834,724
108,50,166,101,778,880,724
32,33,32,21,596,679,725
69,54,109,93,734,810,725
287,108,368,155,893,1023,725
22,23,37,30,607,687,725
77,76,65,60,713,789,725
62,71,78,88,702,750,725
20,23,36,41,626,674,725
23,32,33,45,628,680,725
37,38,20,14,647,705,725
49,32,69,39,736,813,725
291,247,224,161,850,971,725
14,22,40,39,613,653,725
23,21,35,30,638,668,725
37,36,58,52,640,705,725
109,110,95,106,730,809,725
44,41,59,47,662,738,725
93,92,124,127,761,857,725
30,38,84,89,689,769,725
43,43,48,46,713,786,725
24,34,27,31,575,644,725
411,353,344,276,884,1016,725
67,44,114,64,728,813,725
16,26,28,41,626,693,725
35,31,56,43,691,759,725
163,147,182,148,801,899,725
259,213,276,248,879,998,725
501,351,460,359,929,1023,725
238,180,297,217,852,965,725
124,76,165,83,777,869,725
32,38,45,46,596,654,725
84,97,45,65,656,731,725
28,30,65,64,679,769,725
76,67,114,85,719,804,725
171,100,160,119,792,909,725
109,97,99,91,760,855,725
63,36,101,55,722,815,725
24,22,33,33,627,692,725
23,27,20,30,486,567,725
58,60,67,77,657,715,726
186,148,212,190,820,938,726
198,69,167,86,815,922,726
53,49,95,73,688,773,726
526,418,401,362,951,1023,726
182,148,116,95,770,869,726
59,47,61,57,646,709,726
28,29,0,9,501,554,726
186,137,110,85,762,856,726
418,287,220,160,836,946,726
111,62,108,92,750,844,726
251,139,275,125,843,964,726
78,35,122,48,739,845,726
62,53,80,50,735,821,726
103,89,153,122,785,885,726
102,103,99,110,719,811,726
30,32,0,17,523,549,726
27,25,21,38,560,635,726
57,48,78,66,689,756,726
746,409,509,307,934,1023,726
56,35,59,25,685,758,726
1014,615,889,522,1023,1023,726
26,25,21,34,607,664,726
213,122,208,104,856,985,726
379,324,296,240,857,982,726
15,26,21,49,503,545,726
73,67,74,75,695,769,726
34,41,49,58,631,699,726
43,47,15,30,574,640,727
47,51,26,30,667,736,727
37,43,53,64,671,732,727
291,243,235,182,838,964,727
18,27,22,41,672,732,727
355,132,284,144,882,1013,727
47,40,62,42,680,752,727
72,63,92,90,778,875,727
45,44,67,36,693,765,727
15,27,6,31,446,521,727
17,20,49,33,651,719,727
16,23,49,50,618,683,727
301,249,304,237,856,983,727
178,184,83,108,783,893,727
15,22,31,42,615,671,727
35,25,43,39,657,713,727
21,27,31,28,658,731,727
127,104,82,58,749,842,727
49,45,64,57,697,784,727
76,70,125,93,766,849,727
40,52,36,59,561,598,727
51,47,100,60,702,778,727
68,76,39,56,676,738,727
89,99,40,56,667,746,727
33,32,53,50,650,702,727
83,78,89,70,728,795,727
17,25,17,28,597,643,727
113,91,143,122,761,854,727
116,101,152,106,787,880,727
164,109,217,134,844,955,727
118,85,255,184,812,922,727
31,29,36,24,632,703,727
16,20,26,25,635,682,727
29,41,26,48,528,591,727
19,21,32,45,573,614,728
124,100,225,154,812,913,728
26,35,42,64,646,685,728
23,25,54,34,658,726,728
206,114,272,142,842,964,728
181,148,224,171,824,926,728
84,83,115,98,738,812,728
23,23,46,32,611,670,728
223,125,234,132,817,929,728
108,90,105,94,756,849,728
37,33,51,35,668,749,728
165,136,195,134,805,909,728
19,27,34,38,649,677,728
181,157,214,171,850,969,728
78,68,122,72,742,831,728
50,59,65,74,660,728,728
128,106,188,140,783,873,728
31,30,20,27,567,594,728
124,73,133,63,740,817,728
62,57,66,58,690,759,728
709,351,643,317,974,1023,728
515,257,696,433,983,1023,728
54,48,48,35,692,779,728
380,236,459,287,912,1023,728
26,31,14,28,573,643,728
18,20,81,51,680,735,728
119,97,166,107,800,901,728
62,73,59,73,706,783,728
37,39,81,66,663,738,728
35,25,45,34,677,732,728
83,68,103,101,750,849,728
261,236,162,141,808,908,728
36,46,40,44,650,719,728
271,219,371,284,890,1019,728
74,65,76,71,696,762,728
45,33,134,69,742,814,728
25,37,15,42,591,667,728
57,58,86,81,757,846,728
100,89,112,71,749,838,728
20,24,21,16,581,637,728
791,370,820,395,1000,1023,728
80,74,88,84,734,815,728
28,24,53,28,654,719,728
431,271,329,151,884,1021,728
43,46,33,39,648,690,728
257,232,233,201,836,952,728
394,217,446,219,900,1023,728
112,115,138,131,748,826,728
46,40,63,33,676,757,728
105,105,96,81,713,819,728
21,23,42,33,590,670,728
25,33,0,23,500,549,729
48,40,76,54,688,747,729
357,225,245,187,843,967,729
229,193,244,177,850,980,729
34,20,40,30,621,705,729
23,21,54,44,632,697,729
29,29,23,34,638,707,729
803,363,869,383,1005,1023,729
64,54,99,51,708,804,729
61,71,39,67,635,706,729
75,74,10,24,659,724,729
68,41,67,37,672,746,729
39,36,103,107,729,814,729
36,26,62,35,670,743,729
70,41,57,26,703,772,729
147,121,91,51,753,855,729
37,28,49,30,645,719,729
16,20,3,14,429,546,729
36,28,43,32,587,643,729
416,264,270,193,886,1023,729
245,208,241,247,825,938,729
852,399,788,297,979,1023,729
132,103,94,51,751,845,729
66,48,84,52,736,813,729
20,23,29,38,600,663,729
345,242,341,257,899,1023,729
12,22,1,24,487,523,729
71,56,109,63,744,848,730
731,505,512,406,997,1023,730
59,58,72,68,685,764,730
124,84,110,63,751,837,730
50,49,73,67,698,771,730
139,118,92,73,747,831,730
189,155,279,239,853,979,730
323,225,504,353,925,1023,730
13,24,36,55,556,616,730
118,125,112,120,760,854,730
33,38,52,45,630,687,730
84,88,60,80,698,766,730
96,82,111,65,728,814,730
228,210,154,140,805,913,730
276,219,240,202,865,994,730
98,93,71,69,702,766,730
271,132,387,205,904,1023,730
11,23,20,20,516,580,730
99,89,117,108,763,862,730
22,31,32,52,624,665,730
90,69,153,90,741,835,730
306,242,305,240,870,993,730
85,84,119,130,729,828,730
87,51,198,99,796,897,730
1023,922,1023,732,1023,1023,730
35,28,76,35,701,783,730
40,48,68,67,657,725,730
31,35,55,51,670,750,730
55,54,58,55,668,726,730
13,24,24,41,564,616,730
175,122,179,78,830,956,730
42,38,69,38,684,769,730
33,36,36,31,660,732,731
26,39,6,20,562,636,731
104,102,105,121,776,859,731
19,27,5,22,535,628,731
241,171,233,168,848,958,731
31,27,31,33,601,663,731
59,28,70,33,715,788,731
28,35,26,42,575,613,731
39,24,46,24,637,693,731
266,228,231,213,857,969,731
26,37,0,25,545,518,731
36,47,17,39,628,685,731
196,175,249,230,820,943,731
79,79,102,70,724,808,731
55,56,42,47,654,712,731
13,22,25,24,565,614,731
125,112,161,130,864,1013,731
22,23,22,21,610,642,731
16,26,3,31,562,621,731
166,131,231,206,821,923,731
33,27,40,30,627,678,731
17,23,33,30,614,672,731
128,77,85,49,767,858,731
72,67,73,74,745,838,731
136,107,162,91,773,884,731
20,30,0,12,512,557,731
27,32,18,27,641,712,731
14,20,13,26,495,526,731
378,233,472,310,922,1023,731
39,41,17,32,546,587,731
196,162,160,138,811,933,731
15,22,14,28,564,622,731
36,42,16,34,604,681,731
64,53,133,115,758,850,731
89,61,113,82,730,833,731
58,32,51,27,648,726,731
49,37,60,60,653,725,731
159,124,128,78,772,868,731
106,89,83,90,717,822,731
82,54,70,50,686,752,731
28,28,7,26,450,527,731
126,104,124,120,773,883,731
98,67,93,75,704,793,731
78,42,94,60,730,846,731
85,56,90,82,661,737,731
63,48,50,45,669,740,731
152,105,187,156,832,947,732
29,31,5,25,513,565,732
41,27,21,26,576,640,732
264,183,168,137,821,937,732
82,69,59,73,681,768,732
46,31,44,45,668,741,732
152,135,71,108,735,821,732
105,55,65,65,702,798,732
1023,431,807,300,999,1023,732
57,48,40,36,655,715,732
45,37,77,48,664,749,732
194,108,212,115,827,942,732
22,22,12,26,556,615,732
79,50,46,41,658,749,732
132,130,114,133,735,829,732
251,187,284,239,862,994,732
21,24,38,37,643,719,732
87,59,105,71,756,851,732
42,29,47,41,688,754,732
32,34,64,62,687,775,732
490,174,527,203,950,1023,732
119,103,148,124,784,897,732
86,77,79,84,728,800,732
23,33,54,56,676,747,732
35,30,49,37,629,689,732
121,86,117,79,775,867,732
65,56,74,39,726,805,732
115,97,121,101,785,898,733
27,41,1,25,418,521,733
51,41,40,29,650,737,733
181,158,205,157,809,908,733
111,85,141,117,772,868,733
102,79,167,136,812,919,733
38,30,92,60,719,804,733
12,20,24,38,544,609,733
74,28,107,33,729,820,733
73,73,119,117,741,837,733
38,43,39,32,651,723,733
69,44,146,90,732,821,733
27,26,34,31,607,642,733
220,185,164,108,810,913,733
183,145,204,163,845,964,733
99,94,113,91,737,841,733
49,53,49,41,687,758,733
227,115,330,151,868,988,733
11,20,14,28,555,604,733
40,34,45,34,666,726,733
132,84,241,115,817,927,733
186,172,82,82,758,850,733
29,30,61,43,702,803,733
171,118,160,109,821,932,733
68,73,37,43,684,791,733
128,125,177,149,780,890,733
23,22,35,28,618,678,733
67,75,67,62,676,775,733
22,33,4,29,515,491,733
94,49,62,43,700,801,733
235,214,228,197,869,996,734
1023,456,1023,520,1023,1023,734
117,71,186,75,801,914,734
142,118,116,110,800,904,734
26,22,64,34,677,733,734
134,125,157,147,778,877,734
72,56,64,49,722,808,734
75,64,68,56,742,827,734
39,47,31,44,672,738,734
149,107,194,139,800,918,734
24,29,45,49,586,674,734
76,36,108,45,764,870,734
48,33,87,43,696,750,734
54,53,48,47,691,789,734
348,175,226,81,868,994,734
41,40,77,64,706,784,734
415,263,397,232,904,1023,734
37,26,73,48,693,771,734
26,32,55,66,648,729,734
94,41,78,32,726,810,734
54,48,81,35,674,752,734
103,101,116,103,760,860,734
36,47,42,66,610,677,734
20,23,39,21,620,706,734
138,139,98,104,765,862,734
63,39,42,20,685,750,734
36,24,19,17,594,656,734
12,20,23,36,476,573,734
41,53,14,48,568,601,734
311,244,267,221,873,1003,734
106,110,72,75,730,826,734
26,22,38,21,633,689,734
31,37,62,72,649,716,734
34,37,19,37,618,688,734
118,90,95,84,776,882,734
119,101,75,71,721,815,734
208,187,132,133,792,908,734
30,24,83,71,724,794,734
16,20,3,27,502,623,734
251,127,313,137,853,970,734
87,86,113,110,765,857,734
19,23,33,41,613,672,734
42,41,15,16,641,718,735
178,158,164,159,800,901,735
24,25,21,20,560,618,735
166,142,182,136,797,899,735
75,74,78,75,702,792,735
20,21,10,15,560,601,735
19,28,7,32,583,642,735
224,212,195,185,812,918,735
19,22,28,34,573,646,735
194,160,168,109,787,901,735
147,128,139,93,777,876,735
15,21,27,32,586,629,735
70,63,99,73,740,823,735
33,45,19,41,512,578,735
65,69,59,60,706,792,735
199,181,164,155,821,939,735
127,82,120,61,781,869,735
72,72,81,101,733,853,735
71,82,75,99,654,736,735
170,127,206,153,802,920,735
202,197,63,64,799,910,735
21,21,59,31,666,730,735
12,21,15,23,530,605,735
123,124,181,154,768,858,735
25,31,50,49,615,695,735
365,292,386,328,891,1020,735
155,117,215,180,829,948,735
27,21,69,45,694,767,735
202,180,203,200,847,962,735
116,82,138,92,774,870,735
27,29,34,27,608,680,735
157,140,205,195,810,913,735
28,21,52,46,595,672,736
63,62,108,88,729,825,736
291,255,200,152,809,914,736
314,285,284,257,873,995,736
169,90,227,108,851,971,736
127,101,187,96,816,925,736
492,296,632,381,963,1023,736
129,86,110,69,731,822,736
196,143,180,129,807,912,736
303,266,241,198,830,941,736
122,103,170,132,780,877,736
23,21,44,39,615,685,736
12,21,60,69,646,688,736
51,58,73,72,709,787,736
158,102,158,95,771,863,736
286,234,344,287,894,1020,736
260,165,196,134,828,935,736
46,30,93,39,693,772,736
20,32,15,43,570,604,736
60,71,50,66,676,781,736
144,126,150,112,785,874,736
409,176,382,169,898,1023,736
48,42,75,41,729,810,736
139,138,88,91,728,802,736
28,34,31,26,595,662,736
115,100,145,104,791,882,736
128,94,167,91,788,893,736
34,38,66,49,640,688,736
154,116,183,103,787,889,736
46,56,31,39,643,685,736
13,24,15,36,465,589,736
189,109,220,129,834,949,737
116,72,135,60,757,844,737
39,46,31,33,634,701,737
378,242,449,295,921,1023,737
12,23,7,13,505,582,737
88,84,121,82,778,875,737
42,34,41,29,668,743,737
66,52,61,37,691,785,737
23,30,0,10,549,613,737
57,60,64,45,674,761,737
106,95,108,57,757,874,737
80,80,80,61,704,763,737
73,71,77,68,688,748,737
27,22,50,50,579,610,737
413,371,269,251,861,988,737
69,61,58,46,699,774,737
129,117,111,109,739,837,737
522,276,347,164,908,1023,737
58,47,107,63,720,800,737
54,37,87,40,692,767,737
74,54,95,67,695,784,737
53,49,34,52,664,715,737
116,110,35,58,687,764,737
58,50,56,60,643,730,737
27,21,38,31,580,636,737
15,23,28,47,485,563,737
101,68,97,58,696,793,737
964,592,746,448,988,1023,737
180,179,92,102,728,820,737
38,48,23,51,614,680,737
106,86,157,117,758,863,737
92,76,71,78,747,835,737
363,166,250,152,842,977,738
194,163,233,210,820,928,738
54,28,90,43,694,783,738
888,337,658,265,983,1023,738
38,25,39,30,658,737,738
151,74,90,44,737,826,738
193,145,239,213,833,945,738
32,34,37,46,655,745,738
66,70,83,82,745,859,738
16,28,0,18,468,571,738
116,100,126,104,802,911,738
301,205,346,231,877,1007,738
146,137,79,75,766,860,738
13,21,37,46,612,677,738
639,306,679,284,951,1023,738
53,38,111,58,721,810,738
85,46,148,60,789,896,738
39,44,65,76,700,777,738
45,57,56,68,653,733,738
83,83,112,89,733,821,738
179,157,170,163,819,926,738
563,410,427,276,941,1023,738
173,121,115,88,793,896,738
38,32,91,49,713,777,738
452,299,332,195,885,1012,738
73,42,106,62,678,744,738
21,25,51,28,636,687,738
134,133,124,113,768,869,739
61,47,50,47,678,758,739
95,94,134,135,774,865,739
39,32,69,37,676,760,739
151,106,154,88,784,871,739
65,44,99,62,716,809,739
10,21,0,7,462,537,739
27,24,55,37,637,734,739
25,27,25,35,604,675,739
76,49,102,76,738,827,739
10,23,0,24,410,460,739
119,119,117,126,730,813,739
52,59,49,71,658,725,739
372,251,324,185,872,998,739
26,34,14,23,551,607,739
75,83,74,91,690,754,739
16,25,19,46,587,624,739
14,22,3,17,504,571,739
24,35,0,7,532,562,739
27,38,31,44,554,608,739
25,38,0,24,321,481,739
200,116,192,111,827,936,739
226,114,237,104,831,932,739
132,110,227,178,833,943,739
855,516,780,474,991,1023,739
321,278,334,282,878,1009,739
119,91,196,140,809,918,739
67,43,73,48,717,803,739
16,21,29,43,566,618,739
702,495,589,412,944,1023,739
46,46,57,49,638,721,739
67,60,88,69,722,814,739
53,44,57,36,691,769,739
29,41,14,27,549,582,739
69,67,100,103,737,825,739
24,34,54,66,670,758,739
129,135,100,94,738,825,739
532,308,644,369,952,1023,739
42,41,66,58,634,714,739
91,74,93,68,701,766,739
81,74,80,67,705,793,740
106,37,129,72,784,900,740
31,26,26,24,588,673,740
71,41,32,34,675,761,740
117,64,164,115,807,925,740
70,65,82,66,738,821,740
158,122,134,115,793,901,740
284,220,362,304,879,1010,740
64,45,96,87,756,859,740
140,104,88,73,746,836,740
40,36,37,31,552,628,740
44,40,80,55,646,712,740
58,36,45,40,661,740,740
61,43,14,13,607,669,740
120,99,63,57,696,780,740
56,37,44,33,624,689,740
48,39,45,59,640,714,740
90,68,64,56,720,793,740
48,29,46,47,621,687,740
103,89,56,60,738,824,740
115,101,90,101,737,840,740
58,46,44,55,633,727,740
174,148,126,107,773,867,740
178,141,149,148,823,943,740
26,27,30,43,516,593,741
59,34,92,48,713,801,741
182,114,144,76,802,915,741
40,37,9,29,540,607,741
86,78,106,106,715,790,741
214,176,166,101,855,987,741
158,144,109,114,758,853,741
15,25,0,17,0,314,741
670,338,584,230,952,1023,741
17,21,42,31,614,671,741
40,36,114,103,732,825,741
29,24,57,38,629,697,741
14,20,21,34,576,600,741
131,103,136,125,792,889,741
23,22,33,30,545,619,741
276,227,352,286,895,1023,741
48,43,73,45,789,911,741
52,44,77,62,678,748,741
235,193,163,117,835,954,741
76,68,63,62,715,793,741
36,43,65,72,708,780,741
42,50,84,93,711,806,741
37,39,95,64,733,814,741
37,44,26,36,662,726,741
157,95,147,96,788,902,741
66,55,88,74,678,774,741
1023,556,1023,673,1023,1023,741
42,46,64,41,678,748,741
1023,1021,1023,629,1023,1023,741
123,115,109,74,754,857,741
115,84,194,104,807,918,741
72,63,89,68,731,800,741
11,24,9,36,484,547,741
31,23,50,28,669,733,741
50,38,81,50,693,782,741
25,34,11,31,593,633,741
87,52,134,50,748,841,741
20,32,28,56,598,649,741
37,36,80,62,686,762,741
23,28,51,36,607,654,741
80,86,52,68,679,752,741
76,54,125,81,756,861,742
40,53,18,33,607,664,742
9,20,9,26,450,577,742
330,211,313,143,896,1023,742
20,26,58,49,638,702,742
35,43,51,46,629,674,742
153,132,238,205,827,928,742
36,26,61,34,705,806,742
23,24,53,45,647,712,742
589,453,478,368,944,1023,742
26,28,24,37,563,636,742
220,173,224,154,841,968,742
38,48,25,41,600,651,742
479,379,577,439,943,1023,742
89,81,99,81,726,807,742
63,39,100,74,744,825,742
23,33,44,72,598,696,742
270,178,381,243,905,1023,742
205,168,252,170,823,943,742
34,32,87,78,678,744,742
46,51,73,85,704,774,742
145,144,83,93,766,865,742
265,112,279,110,854,973,742
133,83,140,59,804,912,742
25,23,31,26,659,729,742
1023,763,818,488,1023,1023,742
599,341,521,302,945,1023,742
50,60,40,56,641,694,742
16,24,39,31,609,682,742
20,22,41,35,651,713,742
270,191,250,150,832,950,742
30,33,59,63,617,694,742
41,32,65,49,679,741,742
37,45,26,33,644,726,743
67,68,88,80,735,832,743
17,22,89,62,698,776,743
83,85,42,63,702,770,743
43,43,84,64,648,729,743
201,161,171,138,785,893,743
98,65,110,68,738,838,743
82,65,95,71,726,812,743
51,54,56,65,629,690,743
91,82,183,147,778,874,743
21,23,38,34,581,643,743
24,34,20,45,570,647,743
236,204,222,174,819,920,743
34,36,42,37,580,652,743
61,51,86,82,705,782,743
548,267,563,191,945,1023,743
39,39,44,49,626,660,743
112,89,111,74,730,828,743
20,28,21,39,583,614,743
100,65,119,78,756,859,743
226,119,230,147,819,939,743
15,22,19,33,544,568,743
31,25,33,35,585,653,743
145,116,145,141,782,885,743
168,166,87,96,721,808,743
134,112,86,90,768,871,743
54,56,66,67,716,812,743
30,26,34,23,632,705,744
600,474,567,462,943,1023,744
233,104,301,166,859,987,744
32,36,43,58,643,709,744
37,26,38,34,624,700,744
452,208,506,260,923,1023,744
35,30,37,29,631,669,744
133,106,134,90,766,854,744
258,212,226,156,843,960,744
76,45,56,46,645,716,744
45,35,87,40,688,757,744
29,38,32,52,620,670,744
102,95,122,101,752,858,744
12,24,7,33,504,615,744
15,20,18,13,584,605,744
21,32,32,55,637,732,744
178,128,168,122,786,885,744
70,62,86,58,704,785,744
114,124,106,126,711,809,744
36,43,44,38,646,714,744
37,24,76,35,698,780,744
219,198,180,172,825,943,744
153,105,126,76,796,896,744
126,64,152,66,752,859,744
413,190,379,163,901,1023,744
145,132,167,149,796,898,744
118,63,110,82,751,847,744
51,40,87,64,700,785,744
47,51,98,89,721,814,744
161,94,193,104,797,904,744
570,479,445,325,925,1023,744
18,23,31,32,632,706,744
36,39,65,60,627,720,744
52,50,70,59,687,764,744
85,56,135,77,744,826,744
85,87,74,73,721,781,744
71,44,96,50,714,789,744
73,81,87,96,677,763,744
318,192,282,191,868,992,744
75,56,135,78,753,850,744
59,56,54,44,707,791,744
183,141,134,69,786,878,744
140,130,168,155,784,873,744
70,73,88,73,712,813,744
444,342,411,329,906,1023,744
16,23,22,34,605,659,744
137,91,143,84,776,877,744
55,57,110,92,725,817,744
185,180,156,160,771,857,745
94,89,129,99,723,801,745
313,165,380,160,901,1023,745
73,44,106,54,734,837,745
373,234,389,193,883,1015,745
108,76,105,82,765,866,745
15,25,24,36,581,610,745
36,39,51,49,678,753,745
18,25,18,26,593,661,745
157,140,133,135,795,900,745
86,76,86,73,726,818,745
56,54,44,50,680,759,745
44,54,46,59,656,709,745
210,192,166,153,804,923,745
36,41,107,106,669,757,745
18,21,36,38,593,657,745
199,69,167,48,808,929,745
22,28,17,36,560,632,745
241,177,279,179,814,934,745
176,121,360,282,878,1007,745
36,38,75,78,684,777,745
13,22,0,10,326,471,745
119,63,131,81,771,885,745
39,37,30,44,620,667,745
77,56,102,79,759,849,745
358,259,274,184,829,940,745
23,25,53,48,601,684,745
42,40,67,61,656,736,746
69,60,68,69,618,684,746
274,171,228,128,810,933,746
71,65,77,83,676,751,746
52,42,90,90,705,797,746
41,38,22,35,529,601,746
105,93,80,97,709,789,746
50,46,58,73,643,733,746
242,201,148,140,815,931,746
30,20,31,22,544,634,746
45,24,66,52,661,758,746
26,24,47,52,637,701,746
473,340,369,222,922,1023,746
60,44,72,71,707,791,746
14,22,5,32,433,478,746
21,25,17,32,530,634,746
23,29,28,38,603,670,746
103,105,86,103,711,818,746
18,24,20,39,520,605,746
73,45,101,65,733,841,746
122,101,130,128,786,893,746
35,39,63,75,687,777,746
398,196,397,194,892,1023,746
34,21,38,18,633,688,746
35,28,38,31,636,701,746
56,29,118,53,736,821,746
1004,593,747,338,983,1023,746
93,95,68,78,687,781,747
23,26,61,70,657,712,747
14,24,31,34,617,670,747
43,51,67,84,633,719,747
259,252,304,272,863,994,747
62,54,63,58,685,774,747
46,25,62,27,690,773,747
41,49,50,63,597,653,747
41,38,53,34,641,688,747
109,80,94,58,741,823,747
151,98,232,171,835,951,747
107,77,115,70,765,863,747
49,59,40,55,637,718,747
123,98,201,139,811,919,747
181,186,167,147,780,875,747
29,24,37,32,647,719,747
30,29,59,35,654,737,747
67,61,85,38,706,799,747
430,374,307,273,893,1023,747
60,45,65,33,696,775,747
31,27,44,22,624,681,747
56,67,89,93,714,796,747
27,36,47,61,619,723,747
59,69,38,58,666,757,747
431,224,452,205,908,1023,747
31,24,47,39,673,751,747
66,67,54,65,718,814,747
332,227,259,154,861,985,747
154,135,91,74,747,825,747
197,185,281,199,801,915,747
240,211,204,179,840,958,747
92,91,106,90,752,854,747
132,129,51,46,731,828,747
29,39,21,38,532,579,747
19,22,27,20,543,610,747
50,42,112,62,730,842,747
33,42,29,52,637,699,747
59,60,81,86,709,779,747
19,30,23,36,494,545,747
94,77,152,87,771,867,747
115,93,58,41,727,817,747
20,28,11,20,572,653,747
15,22,19,30,520,600,747
47,32,89,35,717,810,747
92,67,93,78,732,829,747
71,72,92,88,734,828,747
51,34,87,46,710,799,747
22,27,16,38,592,657,748
36,47,22,42,584,639,748
200,143,228,133,836,955,748
49,48,78,85,669,749,748
235,182,210,146,823,938,748
28,40,18,32,527,571,748
210,157,166,91,799,908,748
72,66,95,80,713,801,748
50,58,51,59,680,756,748
938,594,720,452,1000,1023,748
55,49,73,51,692,780,748
179,169,177,173,804,919,748
344,133,247,109,856,985,748
80,80,17,43,658,752,748
20,22,29,24,603,646,748
108,108,93,113,705,794,748
47,48,0,15,527,622,748
182,140,120,82,726,826,748
38,27,59,45,646,723,748
18,26,5,32,490,548,748
112,95,145,137,773,879,748
34,39,34,50,543,602,748
37,23,74,32,667,759,748
408,261,373,216,882,1020,748
20,21,14,22,478,454,748
67,51,76,51,666,732,748
100,80,146,103,790,890,748
15,22,21,31,544,625,748
57,44,28,22,674,740,748
31,31,30,29,561,642,748
118,37,102,34,715,824,748
60,51,60,58,656,725,749
35,22,39,32,627,688,749
25,23,26,37,650,720,749
173,81,106,48,813,922,749
132,98,91,56,747,846,749
43,24,101,66,735,807,749
46,48,30,50,612,700,749
73,36,83,48,682,780,749
411,200,430,261,927,1023,749
38,32,26,35,557,615,749
60,31,16,18,602,667,749
42,33,18,26,533,584,749
110,45,124,60,778,880,749
90,88,106,120,719,814,749
432,310,438,277,916,1023,749
19,25,22,41,613,661,749
47,40,44,39,625,699,749
191,131,178,107,796,911,749
91,68,51,43,661,734,749
342,242,302,160,862,988,749
21,24,39,46,653,701,749
252,209,207,178,849,978,749
86,89,74,100,755,850,750
14,22,20,32,536,584,750
24,28,13,20,575,623,750
33,38,45,52,622,701,750
16,20,8,21,536,585,750
244,226,144,110,803,924,750
37,31,82,45,691,763,750
129,94,188,129,807,921,750
73,79,59,62,692,777,750
254,132,213,131,813,924,750
411,345,379,263,923,1023,750
68,61,68,41,722,806,750
33,29,56,42,651,729,750
1023,722,1023,540,1023,1023,750
43,39,53,42,637,719,750
88,56,126,72,760,850,750
252,214,293,257,856,976,750
45,37,73,45,712,820,750
295,176,299,121,866,993,750
127,105,148,107,782,885,750
130,77,151,83,772,873,750
37,28,97,60,726,814,750
158,97,111,60,763,855,750
20,24,19,22,544,618,750
199,173,166,112,810,927,750
31,40,56,57,632,674,750
80,65,78,53,714,801,750
75,62,113,61,745,852,750
79,81,117,110,722,807,750
45,39,86,44,693,784,750
112,110,107,82,736,828,750
202,183,156,107,797,902,750
35,34,25,30,574,669,750
134,90,129,79,793,893,750
9,20,19,29,510,590,750
318,180,455,238,927,1023,750
244,160,393,249,890,1019,750
102,94,142,112,757,861,750
147,86,191,80,797,913,750
173,73,194,88,810,919,750
26,21,98,44,685,748,751
159,88,163,89,804,919,751
12,23,25,49,489,555,751
1023,1021,1023,837,1023,1023,751
99,103,105,92,731,824,751
880,375,857,379,999,1023,751
24,29,11,21,579,641,751
15,27,4,31,454,564,751
41,46,74,87,674,746,751
139,138,94,90,747,834,751
124,102,142,102,764,866,751
138,109,132,90,797,900,751
30,25,52,40,564,659,751
188,152,187,163,825,943,751
42,30,39,25,618,698,751
27,24,15,19,552,624,751
21,32,26,40,481,564,751
45,41,84,75,701,754,751
96,88,89,68,700,781,751
21,22,43,45,613,696,751
21,26,35,34,594,664,751
52,27,71,45,676,755,751
166,136,112,120,782,892,751
22,23,5,14,0,323,751
26,29,12,37,473,583,751
87,69,84,68,683,768,751
296,210,235,177,849,984,751
46,30,44,29,626,711,751
39,35,19,14,606,681,751
37,24,63,30,622,695,752
17,23,9,31,544,611,752
16,20,43,46,640,691,752
76,41,137,67,742,853,752
104,88,67,55,701,790,752
620,373,663,401,967,1023,752
306,133,319,179,845,976,752
45,40,50,57,627,691,752
99,50,93,51,738,832,752
700,351,593,269,956,1023,752
196,198,64,87,716,828,752
25,29,4,11,629,713,752
150,147,155,143,781,879,752
348,268,244,186,838,962,752
27,22,27,19,615,689,752
43,46,57,52,655,729,752
59,53,24,28,606,700,752
202,177,134,143,803,918,752
41,37,59,54,643,727,752
53,54,91,83,708,801,752
36,45,31,33,595,658,752
496,317,410,228,899,1023,752
39,43,42,46,601,694,752
547,410,491,290,937,1023,752
40,46,55,48,670,736,752
31,32,78,78,690,761,752
53,40,69,67,672,738,752
163,127,180,155,816,932,752
17,20,48,29,614,647,753
322,274,308,229,876,1003,753
78,86,44,56,664,744,753
39,47,25,48,615,650,753
16,27,19,44,577,621,753
131,87,102,81,758,860,753
231,158,429,334,912,1023,753
111,111,144,151,741,839,753
128,117,55,46,718,785,753
29,23,41,37,622,726,753
380,270,312,197,865,987,753
39,42,41,44,596,690,753
112,84,95,39,740,847,753
233,199,117,82,809,909,753
253,178,187,115,796,917,753
63,39,42,31,633,734,753
22,31,14,35,522,613,753
53,58,66,49,654,733,753
48,52,53,42,646,716,753
48,55,40,44,638,699,753
130,123,130,137,759,865,753
33,25,85,63,705,794,753
686,448,654,456,968,1023,753
258,116,205,91,832,950,754
22,31,67,53,676,749,754
11,21,0,19,462,497,754
213,183,211,136,801,914,754
43,37,66,42,674,742,754
34,43,19,30,531,624,754
71,74,47,57,644,747,754
33,38,59,52,625,707,754
45,31,153,82,734,829,754
55,67,18,40,652,718,754
116,97,98,90,752,842,754
14,24,13,21,514,567,754
61,60,75,73,716,819,754
124,109,232,205,790,909,754
163,140,140,134,791,890,754
51,35,57,42,692,755,754
492,264,406,208,908,1023,754
545,373,503,301,942,1023,754
166,124,183,117,803,914,754
426,314,523,311,924,1023,754
85,65,56,65,737,827,754
203,132,182,147,806,920,754
201,138,349,251,880,1012,754
72,76,61,76,678,749,754
72,61,70,34,684,770,754
153,115,146,107,743,836,754
20,20,6,22,366,444,754
52,38,51,39,664,736,754
144,86,153,83,757,866,754
111,97,53,57,719,822,754
72,55,124,82,747,845,754
127,99,103,64,746,849,754
35,38,63,63,667,754,754
148,115,127,81,775,876,754
177,94,176,95,789,897,754
78,69,70,53,681,769,754
49,47,73,79,663,749,754
69,60,45,39,613,698,754
41,29,25,19,620,697,754
180,134,190,165,799,906,754
196,178,198,187,785,901,754
527,217,444,171,908,1023,754
207,115,143,86,791,903,754
11,20,0,19,0,363,754
401,169,329,139,854,987,755
38,31,36,31,606,660,755
66,46,71,54,691,795,755
152,121,127,97,788,886,755
59,51,53,54,625,712,755
41,45,29,44,612,708,755
71,50,85,68,679,768,755
57,27,80,52,725,835,755
43,24,30,30,606,672,755
87,51,101,39,720,807,755
56,57,30,50,623,715,755
62,65,67,76,712,790,755
215,175,308,233,859,982,755
188,152,239,194,838,958,755
69,58,116,106,746,832,755
30,20,25,20,560,615,755
52,36,49,40,649,724,755
18,28,13,25,597,665,755
32,38,26,30,658,723,755
294,142,225,87,856,989,755
15,21,61,61,649,740,755
58,58,49,44,666,736,755
201,194,90,89,772,876,755
649,551,454,397,909,1023,755
93,82,129,102,766,864,755
69,48,72,45,701,796,756
242,129,246,114,844,968,756
21,31,24,46,624,697,756
22,29,45,42,665,733,756
13,21,9,23,619,659,756
33,30,80,51,683,771,756
65,70,49,54,647,724,756
20,22,60,40,664,745,756
144,148,95,93,725,803,756
33,33,44,34,657,712,756
34,35,69,57,672,752,756
327,283,221,166,865,985,756
24,30,15,27,577,637,756
83,64,148,104,756,856,756
37,41,50,34,677,766,756
290,196,247,161,847,970,756
349,289,342,274,894,1022,756
548,367,528,298,952,1023,756
12,24,20,36,431,541,756
49,33,75,35,699,774,756
71,76,165,173,748,835,756
36,35,78,61,671,738,756
15,24,33,25,582,652,756
63,72,59,76,670,740,756
55,39,116,82,751,855,756
107,97,154,150,770,867,756
228,176,246,174,827,943,756
185,121,140,79,790,894,757
10,20,29,37,554,603,757
134,148,55,86,648,727,757
112,110,84,65,706,786,757
39,50,29,48,614,687,757
149,107,196,123,807,918,757
43,51,21,43,583,661,757
48,31,25,28,721,828,757
28,34,18,30,541,617,757
124,107,141,86,774,871,757
64,47,86,50,661,733,757
86,33,110,39,745,845,757
1023,888,1023,596,1023,1023,757
151,141,137,121,766,870,757
107,100,92,78,742,836,757
22,21,38,29,624,686,757
192,133,159,115,805,912,757
45,51,18,40,516,559,757
62,51,27,48,631,688,757
217,134,200,92,814,928,757
264,182,256,186,854,984,757
178,157,149,125,770,875,757
123,87,78,58,736,833,757
73,63,84,90,702,786,757
622,452,392,242,900,1023,757
44,31,40,24,602,684,757
219,146,343,266,845,978,757
95,66,107,68,736,831,757
166,140,181,137,819,931,757
300,215,259,176,864,993,757
21,21,18,32,553,610,757
30,27,16,18,544,613,757
65,48,68,41,687,767,757
59,60,38,38,670,735,757
45,47,76,78,652,729,757
145,140,85,89,744,841,757
17,25,0,24,0,328,757
81,82,80,43,689,776,758
55,43,84,57,721,803,758
111,79,50,45,746,835,758
91,72,74,48,715,788,758
51,38,102,84,752,847,758
40,24,89,35,674,772,758
76,77,157,152,757,849,758
20,27,37,33,597,669,758
175,146,142,103,802,909,758
20,31,41,36,615,698,758
55,44,126,91,748,841,758
85,67,122,80,730,806,758
31,37,57,65,665,741,758
357,197,256,133,864,996,758
17,23,17,27,577,618,758
1023,466,1023,384,1023,1023,758
36,41,43,64,643,708,758
132,127,121,96,761,850,758
35,37,51,54,656,703,758
90,82,83,61,738,833,758
99,90,140,120,804,899,758
95,81,106,76,769,865,758
147,129,161,107,774,867,759
41,36,53,28,646,715,759
400,288,548,418,936,1023,759
340,260,243,143,869,987,759
59,42,51,29,677,750,759
30,40,14,36,511,567,759
15,20,54,55,672,747,759
19,27,23,30,594,625,759
234,151,214,116,820,921,759
121,102,166,137,804,902,759
239,174,250,193,849,959,759
32,32,38,31,648,720,759
44,47,20,38,642,707,759
86,58,102,47,724,811,759
160,85,169,64,789,899,759
53,45,86,52,704,784,759
440,285,525,305,922,1023,759
1023,481,853,417,1023,1023,759
67,46,56,58,717,812,759
20,31,22,28,558,607,759
238,210,315,247,873,1001,759
535,417,378,285,901,1023,759
21,20,47,26,609,684,759
15,20,35,29,567,622,759
110,97,165,150,797,910,759
296,176,363,246,916,1023,759
21,28,5,17,490,592,760
79,51,73,52,722,812,760
29,23,45,35,619,675,760
54,54,74,65,673,732,760
33,31,35,33,599,655,760
304,179,207,113,833,947,760
168,153,110,88,787,898,760
71,65,204,169,808,920,760
229,226,133,139,793,897,760
122,109,130,96,782,889,760
21,27,18,30,558,622,760
165,127,176,134,800,905,760
342,283,241,206,866,1006,760
32,26,53,30,663,717,760
96,58,99,51,719,813,760
1023,1021,1023,765,1023,1023,760
412,260,654,512,965,1023,760
49,46,54,67,660,737,760
61,41,40,21,684,765,760
1023,758,1023,651,1023,1023,760
35,45,15,35,559,643,760
113,64,96,62,733,834,760
1023,680,1023,582,1023,1023,760
231,193,185,148,833,956,760
97,96,86,101,758,850,760
35,36,79,50,656,731,760
76,85,45,65,649,703,760
189,173,198,177,794,896,760
124,123,98,97,746,821,760
26,28,32,41,620,694,760
51,56,42,44,632,708,760
13,20,39,50,653,731,760
545,390,577,351,939,1023,760
111,67,91,46,722,821,760
76,78,62,79,690,761,760
180,128,158,116,823,940,760
38,25,90,38,701,780,760
95,84,125,104,759,858,760
87,92,80,84,701,778,761
11,21,6,18,547,590,761
18,24,92,45,679,762,761
500,323,533,361,936,1023,761
32,28,69,39,660,718,761
209,187,240,179,819,928,761
37,43,29,35,646,722,761
226,215,151,140,800,906,761
136,100,253,176,827,935,761
135,145,44,55,596,660,761
63,54,106,68,747,848,761
24,34,74,81,647,740,761
278,195,258,146,871,985,761
74,77,132,148,734,815,761
20,28,28,32,604,661,761
103,82,109,45,750,839,761
75,74,113,106,764,852,761
21,22,44,36,599,659,761
82,79,120,109,711,800,761
119,90,89,56,690,752,761
34,41,56,49,671,738,761
26,29,77,75,683,748,761
27,32,22,29,649,716,761
24,22,41,30,617,700,762
55,66,25,41,536,629,762
287,217,345,210,864,997,762
21,31,44,42,641,713,762
63,39,111,60,722,813,762
336,151,319,129,868,990,762
385,206,292,166,892,1023,762
236,139,244,155,829,947,762
12,22,0,14,454,563,762
262,133,240,111,849,967,762
91,83,113,84,737,822,762
33,43,35,55,626,682,762
42,46,31,30,648,715,762
11,23,5,35,0,383,762
22,27,20,34,611,692,762
101,89,131,95,754,862,762
14,23,0,17,544,585,762
41,51,51,77,662,729,762
52,59,52,80,612,710,762
1023,496,913,469,1023,1023,762
43,30,66,43,659,744,763
76,69,87,96,713,801,763
23,24,36,33,564,621,763
51,42,88,84,709,783,763
139,116,106,92,732,830,763
39,32,71,71,652,717,763
46,26,72,45,667,738,763
95,74,131,82,781,884,763
76,60,55,48,698,815,763
59,53,67,60,680,759,763
54,61,45,60,658,752,763
139,132,158,127,764,868,763
95,96,92,104,766,888,763
179,160,155,102,778,887,763
201,96,177,89,790,903,763
86,52,112,72,732,841,763
167,140,117,82,755,873,763
120,85,127,95,781,886,763
180,136,190,155,820,942,763
177,73,268,109,835,972,763
51,45,25,37,610,676,763
140,112,145,109,769,877,763
120,122,78,105,686,781,763
36,28,62,41,624,696,763
109,68,151,111,752,851,763
108,105,57,83,678,752,763
80,54,30,22,652,731,763
155,113,161,140,767,876,763
29,25,35,42,549,617,763
122,117,108,101,723,817,763
41,34,0,18,487,571,763
126,68,152,71,773,875,763
88,52,123,68,759,854,763
33,41,34,48,637,700,763
23,30,22,33,525,570,763
218,158,197,89,801,913,763
42,49,47,56,621,693,763
21,30,20,45,435,490,763
291,276,228,241,822,954,763
203,173,161,134,826,940,764
278,160,207,90,823,944,764
109,102,72,72,746,840,764
102,87,144,140,830,948,764
15,26,52,70,624,698,764
83,85,83,90,744,829,764
36,51,24,59,498,530,764
80,49,121,47,738,843,764
96,100,152,160,754,850,764
15,21,45,32,617,713,764
82,75,179,152,774,886,764
216,96,334,127,819,942,764
292,235,298,213,869,995,764
111,94,167,150,773,885,764
24,22,48,26,609,665,764
31,29,36,36,642,723,764
490,315,347,210,889,1023,764
16,27,45,43,576,638,764
100,84,169,122,757,847,764
39,27,78,49,654,728,764
89,79,187,145,784,892,764
510,230,478,209,926,1023,764
19,23,32,16,633,714,764
71,71,41,45,683,761,764
78,87,47,47,692,821,764
17,25,36,42,599,630,764
100,72,109,61,744,853,764
211,166,232,157,859,988,765
35,45,53,68,591,664,765
39,30,78,54,683,744,765
121,66,146,53,789,898,765
218,177,167,123,827,947,765
219,193,115,110,808,920,765
23,33,14,13,609,690,765
112,63,112,48,760,863,765
58,61,70,75,641,725,765
71,77,72,88,707,793,765
49,41,109,71,713,791,765
33,37,50,61,666,754,765
249,144,300,117,854,978,765
180,133,166,141,827,948,765
163,117,150,91,769,870,765
64,56,105,78,727,803,765
22,25,78,30,652,717,765
314,254,363,305,892,1023,765
234,209,218,200,846,984,765
73,79,11,33,617,673,765
105,95,115,123,750,850,765
71,64,93,70,677,757,765
114,74,181,134,786,898,765
24,23,15,25,553,612,765
95,95,47,71,710,793,765
26,30,40,48,556,634,765
38,47,19,38,527,620,765
317,238,325,262,863,993,765
33,37,0,5,553,641,765
64,54,68,56,646,742,765
55,46,66,47,647,734,765
100,43,109,62,732,854,765
52,48,45,58,641,751,766
27,25,99,63,676,753,766
77,37,120,79,728,818,766
16,22,8,23,497,569,766
136,64,154,73,780,891,766
20,26,0,16,559,605,766
537,391,407,292,919,1023,766
263,99,343,114,868,998,766
26,26,32,30,584,666,766
152,131,147,137,797,914,766
14,21,35,26,598,656,766
19,30,18,36,477,551,766
45,43,99,78,698,774,766
70,65,32,34,684,754,766
48,53,56,63,674,741,766
114,111,123,122,716,818,766
30,30,57,53,615,712,766
42,50,65,72,683,753,766
63,52,66,45,676,751,766
175,120,237,102,816,933,766
33,25,22,20,605,674,766
94,45,178,71,784,892,766
16,26,23,36,600,663,766
112,123,98,122,745,839,766
135,101,211,148,805,914,766
122,106,194,169,811,922,766
33,41,60,62,640,683,766
16,24,38,43,576,621,766
117,103,139,120,769,872,766
462,355,323,136,904,1023,766
84,91,111,120,707,802,766
14,22,67,68,628,688,767
222,208,133,127,797,894,767
212,110,306,141,870,991,767
42,52,66,69,661,719,767
49,40,107,57,702,784,767
135,105,130,76,763,877,767
27,30,58,51,679,761,767
234,184,298,255,871,1006,767
39,24,65,38,642,724,767
17,20,28,25,610,662,767
98,88,209,201,782,888,767
23,28,37,57,586,690,767
564,456,444,357,990,1023,767
63,66,73,81,709,782,767
256,224,258,230,843,957,767
108,74,143,74,777,884,767
100,80,165,106,786,887,767
20,23,67,41,700,782,767
32,45,5,33,577,625,767
209,159,230,144,825,931,767
477,252,605,338,963,1023,767
14,21,12,23,575,637,767
11,20,17,31,536,604,767
34,41,35,38,563,638,767
110,90,148,91,760,851,767
163,92,233,93,822,938,767
503,411,398,243,898,1023,767
28,27,48,41,672,755,767
145,93,155,96,791,894,767
121,83,141,85,762,861,767
17,22,70,72,684,761,767
606,298,672,334,958,1023,767
75,75,60,75,696,780,767
132,122,76,57,739,833,768
15,23,24,28,567,621,768
134,107,236,182,820,932,768
26,31,60,55,684,748,768
95,69,84,64,705,784,768
17,27,7,13,587,630,768
394,329,364,266,882,1000,768
79,63,30,33,618,703,768
21,20,46,34,631,693,768
69,64,121,92,753,853,768
93,91,80,87,740,826,768
563,382,359,264,940,1023,768
68,75,23,42,675,734,768
46,45,66,56,669,729,768
92,86,98,62,699,769,768
429,355,499,355,927,1023,768
43,48,59,52,661,761,768
28,34,61,66,643,724,768
391,220,481,300,926,1023,768
26,29,56,40,636,705,768
165,140,192,149,792,893,768
23,30,5,25,457,549,768
38,39,99,86,671,750,768
70,54,106,59,712,803,768
123,86,204,144,839,957,768
84,81,68,63,692,765,768
24,35,5,13,483,550,768
12,23,22,37,542,573,768
103,81,260,191,807,917,768
42,49,41,68,630,710,768
39,39,54,59,626,697,768
109,87,136,84,755,853,768
636,282,578,202,944,1023,768
14,21,17,26,542,534,769
279,232,218,177,859,979,769
95,98,28,43,637,713,769
100,62,106,71,743,832,769
37,43,55,64,522,602,769
78,78,60,69,699,787,769
81,67,93,74,738,836,769
253,133,219,64,846,968,769
205,161,142,117,829,937,769
49,42,37,37,696,771,769
143,131,132,125,765,855,769
45,44,90,67,711,788,769
32,31,54,46,635,702,769
31,35,23,30,541,617,769
135,127,137,136,760,873,769
42,31,42,40,660,719,769
15,24,15,24,544,581,769
262,159,350,169,848,978,769
85,70,112,74,713,795,769
40,25,99,72,711,797,769
252,191,146,91,799,917,769
31,23,38,28,598,689,769
74,61,76,66,716,801,769
22,20,20,25,581,672,769
694,271,665,236,978,1023,769
235,172,350,244,889,1020,769
10,20,4,19,478,536,769
62,67,78,83,649,726,769
25,36,34,51,603,641,769
85,85,100,88,763,872,769
125,109,146,111,767,851,769
101,65,126,62,789,912,769
25,33,19,28,594,626,770
156,141,211,178,809,924,770
18,26,20,25,541,621,770
113,123,53,72,703,804,770
18,23,52,42,705,784,770
468,312,352,250,901,1023,770
293,152,258,123,858,981,770
137,115,170,139,788,882,770
495,322,302,200,902,1023,770
26,21,36,25,606,683,770
187,175,210,177,814,926,770
110,107,135,142,752,851,770
20,22,29,34,577,662,770
56,27,96,50,711,796,770
187,153,182,117,827,933,770
105,81,214,166,811,918,770
57,26,90,37,707,785,770
148,131,140,131,796,893,770
19,25,43,41,635,716,770
68,59,80,42,731,833,770
114,98,106,71,738,827,770
334,232,301,188,871,991,770
188,137,252,174,814,929,770
33,31,38,27,661,734,770
27,23,69,41,678,742,770
26,24,54,36,679,726,770
47,28,67,46,718,806,770
208,181,111,80,777,852,770
151,128,125,85,773,876,770
73,69,85,51,733,831,770
26,38,7,28,0,292,770
22,20,45,25,613,692,770
41,32,58,35,706,775,770
1023,1021,1023,689,1023,1023,770
447,343,442,363,924,1023,770
38,37,49,39,630,686,770
55,62,34,44,614,677,771
64,61,67,41,690,767,771
32,32,35,39,632,689,771
163,158,145,135,770,861,771
138,137,87,105,761,857,771
220,150,208,128,824,953,771
178,129,189,149,813,931,771
37,30,31,27,663,711,771
30,37,0,26,512,582,771
179,108,164,82,790,897,771
86,78,69,54,688,773,771
40,23,38,31,627,696,771
50,36,46,37,689,774,771
123,74,121,72,716,829,771
229,188,179,130,825,948,771
63,56,35,50,659,733,771
41,24,29,30,154,412,771
47,41,59,74,636,722,771
39,30,55,45,675,747,771
40,26,35,36,645,749,771
98,79,122,81,739,849,771
210,98,238,127,840,962,771
81,70,132,105,737,830,771
185,87,167,86,805,921,771
61,55,101,106,732,853,771
136,58,133,79,783,898,772
240,164,247,190,844,977,772
102,40,143,77,738,835,772
37,28,60,64,662,738,772
151,107,125,60,745,858,772
130,73,145,74,772,859,772
69,36,94,47,731,828,772
174,110,220,98,809,929,772
200,112,350,207,854,984,772
35,22,43,26,663,717,772
20,22,35,34,635,680,772
16,25,9,35,733,855,772
761,488,691,426,961,1023,772
90,70,93,50,748,834,772
13,22,0,22,471,497,772
212,160,195,158,808,929,772
36,46,8,41,502,590,772
50,48,85,81,697,777,772
122,67,229,104,817,932,772
96,56,108,61,838,972,772
25,38,0,29,0,484,772
11,21,26,40,517,542,772
95,65,107,49,761,842,772
20,30,19,40,582,673,772
14,23,27,30,542,623,772
27,20,50,30,666,741,772
133,77,239,157,838,961,772
68,66,51,55,640,722,772
105,79,149,85,754,849,772
39,35,45,30,660,742,772
80,83,84,74,724,800,772
147,94,189,104,782,874,772
21,23,34,28,592,644,772
28,26,33,23,596,669,773
13,23,0,14,508,566,773
87,70,114,75,767,867,773
652,464,574,392,966,1023,773
75,68,57,66,677,757,773
54,26,120,38,741,853,773
63,60,76,58,664,735,773
14,23,20,30,508,551,773
16,23,21,30,574,642,773
25,24,70,67,647,693,773
28,23,28,19,605,668,773
68,39,94,55,723,784,773
13,23,10,21,456,502,773
10,21,24,35,518,552,773
22,30,80,83,671,740,773
192,112,178,76,807,913,773
14,21,38,53,624,678,773
213,147,249,186,855,976,773
42,26,84,32,708,772,773
85,50,129,74,756,844,773
55,45,115,86,724,802,773
234,222,114,107,770,868,773
140,99,147,75,795,900,773
388,176,417,210,905,1023,773
188,167,193,164,813,915,773
52,53,53,56,646,717,773
159,140,133,94,765,869,773
78,74,87,63,689,754,773
102,96,61,52,682,756,773
76,62,52,46,729,804,773
51,61,18,47,636,769,773
1023,836,1023,545,1023,1023,773
131,67,177,72,810,911,773
425,357,227,173,878,1008,773
48,50,63,54,648,714,773
160,89,80,70,765,862,773
13,22,15,26,453,550,774
15,21,5,18,386,470,774
80,48,89,34,737,825,774
37,36,67,46,611,709,774
37,33,50,37,667,732,774
22,28,61,55,653,704,774
25,21,54,48,650,742,774
45,48,47,57,672,745,774
36,43,36,60,603,676,774
126,110,134,101,767,878,774
115,46,210,97,811,937,774
22,29,24,39,474,567,774
326,224,320,174,864,990,774
88,69,111,73,706,795,774
56,57,33,46,633,706,774
258,163,331,189,863,988,774
31,34,32,33,627,690,774
30,35,43,35,630,678,774
29,30,64,55,679,752,774
41,28,35,30,662,728,774
21,32,5,31,517,647,774
45,45,64,58,687,770,774
163,144,117,103,769,873,774
28,32,18,37,518,596,774
144,120,154,138,823,931,774
24,22,41,29,561,637,774
20,29,6,20,499,516,774
79,72,60,68,714,795,774
19,20,51,31,655,708,774
325,170,288,110,856,977,774
51,57,96,87,733,813,774
280,259,211,187,830,936,774
61,46,72,57,708,790,775
557,369,593,442,977,1023,775
56,64,38,43,682,757,775
29,28,15,12,582,645,775
75,82,91,101,733,830,775
440,208,418,249,907,1023,775
55,48,43,29,671,746,775
851,587,588,406,976,1023,775
34,36,28,34,604,695,775
82,79,70,66,754,847,775
198,157,288,221,836,949,775
36,31,39,35,690,776,775
13,24,0,20,0,308,775
277,268,151,160,807,924,775
112,108,86,78,713,801,775
60,38,92,38,704,781,775
21,30,63,63,683,765,775
197,196,134,125,774,878,775
14,22,49,46,616,694,775
24,26,31,37,626,696,775
136,79,157,78,781,880,775
24,23,28,25,618,655,776
87,78,106,78,738,816,776
60,65,32,39,634,670,776
252,123,209,99,854,976,776
169,165,137,137,745,838,776
214,200,128,119,814,913,776
57,53,49,43,638,688,776
207,170,195,144,837,952,776
65,60,83,74,708,781,776
50,36,75,53,702,793,776
12,22,18,19,583,609,776
83,71,116,44,736,806,776
117,122,76,77,765,857,776
194,120,187,103,801,907,776
274,225,220,197,879,1004,776
84,67,207,132,780,875,776
19,27,61,49,634,704,776
538,228,700,346,959,1023,776
82,71,125,101,757,861,776
822,418,641,333,976,1023,776
119,119,50,70,712,807,776
27,38,15,40,588,631,776
10,20,22,35,535,583,776
138,123,141,139,767,872,776
24,34,18,40,445,547,776
151,133,144,103,786,875,776
57,60,31,56,650,745,776
541,259,526,194,957,1023,776
68,68,127,118,728,797,776
33,28,64,32,713,834,776
106,105,90,77,746,840,776
220,112,213,78,826,937,776
28,30,36,31,590,633,776
89,65,78,54,722,808,776
41,50,0,15,529,596,776
19,25,31,40,598,644,776
12,21,17,35,526,585,776
58,58,122,124,752,841,776
66,60,49,55,648,720,777
152,100,178,106,771,859,777
26,28,30,38,520,600,777
35,33,19,14,573,666,777
48,37,68,60,677,757,777
36,32,61,60,646,735,777
40,38,50,46,632,723,777
79,83,63,81,706,788,777
465,376,369,322,906,1023,777
147,61,220,70,798,918,777
116,97,188,182,800,901,777
91,49,86,48,717,812,777
34,28,37,38,630,707,777
86,73,109,96,728,806,777
43,54,28,57,512,624,777
25,27,37,38,617,693,777
398,247,569,382,956,1023,777
70,69,46,66,650,731,777
44,34,21,29,588,655,777
23,25,37,34,641,726,777
20,28,39,55,605,690,777
18,20,19,18,535,590,777
27,27,11,30,508,622,777
110,74,76,50,715,817,777
482,325,603,389,966,1023,778
103,71,127,47,743,864,778
44,48,25,36,600,699,778
289,176,298,226,859,989,778
81,74,71,57,669,740,778
33,25,78,53,683,763,778
21,32,36,38,612,682,778
99,71,278,215,828,940,778
20,27,24,44,635,720,778
67,68,41,50,702,786,778
12,21,23,31,519,619,778
309,222,276,212,883,1015,778
27,24,27,22,632,712,778
232,180,236,172,863,985,778
206,201,119,117,767,866,778
29,29,30,39,588,648,778
27,32,27,28,618,669,778
91,64,74,36,715,802,778
67,44,110,68,741,831,778
19,26,51,52,609,664,778
72,57,130,77,739,834,778
9,21,7,29,50,434,778
137,100,168,101,778,871,778
36,45,54,64,625,690,778
219,116,202,111,809,915,778
30,26,53,56,667,748,778
39,40,50,54,604,667,778
47,44,58,35,644,695,778
22,32,41,42,608,663,778
251,217,259,207,835,950,778
835,164,728,146,969,1023,778
17,24,33,49,588,653,779
47,54,37,51,666,735,779
48,50,53,50,702,796,779
119,64,174,83,792,903,779
136,95,147,84,785,880,779
199,167,107,89,786,895,779
215,207,141,122,796,903,779
58,51,81,63,682,748,779
153,70,148,86,782,888,779
27,34,35,40,643,702,779
66,60,133,103,746,835,779
31,31,51,33,700,770,779
124,93,155,114,791,908,779
37,20,50,27,657,739,779
24,36,4,37,496,566,779
54,56,76,65,697,780,779
128,94,171,138,799,913,779
34,38,14,23,597,687,779
62,51,51,38,653,723,779
49,51,2,25,611,682,779
14,20,0,17,349,480,779
53,49,12,24,597,708,779
76,58,33,25,661,726,779
103,89,55,68,693,781,779
93,69,59,48,723,823,779
55,38,57,47,680,761,779
54,41,22,29,586,672,779
75,60,117,104,759,864,779
19,26,44,53,588,662,779
115,82,108,83,759,858,779
38,39,4,29,474,584,779
36,32,27,40,614,693,779
84,56,81,35,724,822,779
259,207,204,190,853,979,779
49,35,19,22,645,703,779
82,68,27,23,652,747,780
88,58,121,80,751,856,780
497,355,577,383,957,1023,780
46,30,46,26,628,701,780
241,108,190,82,816,936,780
50,44,52,43,657,728,780
223,155,161,105,799,912,780
150,117,105,95,757,855,780
34,35,34,53,630,713,780
121,119,94,118,715,796,780
86,62,68,55,709,795,780
127,83,113,68,769,870,780
133,135,60,59,695,783,780
198,141,316,252,876,1013,780
53,27,70,46,683,759,780
367,197,580,263,930,1023,780
137,113,104,88,730,821,780
34,24,43,29,657,727,780
514,403,533,430,927,1023,780
170,82,182,94,785,900,780
1023,1021,1023,750,1023,1023,780
165,127,147,92,769,863,780
58,66,58,70,629,710,780
85,36,116,34,731,829,780
31,37,31,47,572,664,780
100,67,157,61,758,849,780
277,232,275,205,848,975,780
61,50,44,39,681,747,780
32,28,119,87,755,859,781
234,145,389,190,877,1007,781
38,34,54,44,670,723,781
50,24,82,34,693,753,781
63,57,78,69,717,807,781
39,27,73,44,693,790,781
84,58,116,86,758,846,781
23,28,23,23,644,719,781
21,32,12,25,517,585,781
710,432,490,284,930,1023,781
45,37,23,29,618,689,781
25,32,32,30,589,650,781
32,30,48,38,665,736,781
24,29,65,47,640,718,781
37,48,22,38,569,628,781
37,43,46,60,661,771,781
28,21,52,22,603,667,781
77,87,62,74,699,764,781
45,45,58,41,689,772,781
156,117,203,121,817,939,781
32,23,63,32,659,715,781
118,112,154,133,751,834,781
1023,742,1023,641,1023,1023,781
29,36,28,44,590,677,781
43,40,37,57,635,687,782
49,57,38,56,690,761,782
184,176,147,140,787,882,782
209,151,192,106,805,921,782
154,154,160,156,783,885,782
93,107,0,29,631,705,782
77,84,50,57,672,755,782
28,28,54,35,639,706,782
36,27,79,36,687,759,782
521,233,336,159,899,1023,782
59,36,91,47,703,802,782
86,41,131,42,749,842,782
1023,1021,1023,798,1023,1023,782
50,43,75,57,686,767,782
292,234,401,343,906,1023,782
293,228,321,267,880,1013,782
119,115,51,64,727,813,782
37,36,59,39,657,724,782
130,121,119,123,783,872,782
86,80,133,104,743,835,782
85,87,41,48,677,764,782
1023,1021,1023,668,1023,1023,782
240,165,305,169,857,979,782
46,28,138,73,741,836,782
187,173,208,189,823,928,782
16,20,75,52,625,692,782
51,44,82,75,691,773,782
23,34,41,58,564,642,782
42,31,53,32,669,745,782
29,25,92,62,689,763,782
120,109,100,94,726,815,782
179,101,242,145,825,944,782
1023,1021,1023,626,1023,1023,782
22,20,40,28,574,622,782
44,30,62,32,688,766,782
118,94,100,64,740,842,782
230,140,213,115,832,950,782
768,464,450,283,933,1023,782
58,62,33,49,610,690,782
325,285,233,201,856,983,782
16,22,40,42,603,656,782
102,62,181,90,795,909,782
128,85,93,68,720,819,782
140,129,206,177,816,932,782
24,31,48,44,648,723,782
179,106,188,130,783,906,782
93,82,66,68,679,781,782
40,43,29,42,594,675,782
59,48,120,100,701,791,782
221,140,150,81,773,883,782
181,146,147,95,811,922,783
21,21,27,27,597,653,783
431,327,400,272,899,1023,783
39,49,26,27,597,660,783
65,46,78,66,728,814,783
161,146,192,193,787,895,783
65,66,73,59,701,771,783
12,24,19,39,531,602,783
79,91,31,46,631,710,783
34,28,81,55,675,744,783
53,39,91,59,671,754,783
82,63,152,109,751,842,783
43,34,69,56,604,706,783
104,110,60,61,716,793,783
92,72,55,41,763,866,783
84,79,87,62,711,808,783
74,75,44,50,651,734,783
13,25,31,49,513,560,783
671,422,648,412,974,1023,783
106,66,73,47,719,814,783
33,23,40,35,657,701,783
35,45,49,57,589,678,783
83,87,110,112,739,833,784
143,143,136,142,694,782,784
76,47,123,55,716,794,784
310,251,282,225,850,976,784
165,129,118,65,768,865,784
362,289,428,336,900,1023,784
191,101,178,59,784,885,784
17,28,10,29,228,496,784
57,53,90,59,674,750,784
498,289,483,205,912,1023,784
28,31,25,36,647,708,784
98,72,70,30,719,789,784
215,191,152,115,784,881,784
53,64,55,57,658,730,784
102,90,99,70,759,867,784
94,67,109,57,731,829,784
170,159,131,105,756,849,784
19,24,46,33,624,699,784
99,108,85,95,708,794,784
47,52,98,86,702,783,784
184,135,234,159,822,930,784
462,416,273,220,877,1010,784
80,89,49,65,657,750,784
84,93,77,82,723,811,784
68,72,62,63,720,812,784
152,136,193,123,784,892,784
212,129,207,109,830,945,784
66,79,65,79,625,720,784
84,88,55,42,713,803,784
293,245,263,197,864,982,784
47,55,55,61,632,675,785
39,41,46,33,663,714,785
284,182,206,108,830,949,785
179,158,140,148,792,890,785
52,32,84,30,699,761,785
38,42,23,22,637,689,785
27,23,49,34,606,665,785
68,44,152,83,785,868,785
25,22,41,30,619,703,785
28,38,18,38,544,646,785
26,25,30,21,596,641,785
63,66,25,31,654,726,785
255,214,160,153,821,943,785
37,41,29,28,561,669,785
501,286,408,244,904,1023,785
96,63,150,80,779,884,785
42,35,84,56,688,773,785
33,30,30,30,590,671,785
49,26,35,19,668,765,785
267,235,174,137,815,936,785
81,64,36,45,720,815,785
54,21,52,23,667,741,785
49,37,65,66,660,764,785
190,123,214,129,850,973,785
265,212,339,247,890,1021,785
286,238,253,196,843,955,785
43,25,63,46,680,756,786
27,24,19,31,551,625,786
74,59,93,69,682,770,786
108,70,149,140,784,891,786
22,22,48,47,607,660,786
36,25,19,22,564,636,786
80,81,92,105,705,800,786
67,47,81,61,734,816,786
35,31,64,38,647,738,786
77,58,90,59,697,800,786
34,36,45,39,653,740,786
92,96,50,52,642,719,786
29,29,50,50,648,710,786
99,73,165,107,777,890,786
40,49,24,47,556,647,786
78,66,132,112,750,848,786
343,157,258,124,859,989,786
33,40,22,33,557,604,786
29,34,38,39,597,696,786
45,23,72,29,688,761,786
88,41,154,52,765,872,786
160,146,191,184,812,925,786
39,48,35,33,591,696,786
35,36,54,63,705,790,786
121,127,68,83,730,806,786
253,79,260,76,852,979,786
21,29,52,45,635,695,786
73,82,107,88,720,806,786
42,50,38,43,645,733,786
221,84,252,96,850,975,786
16,25,15,24,583,674,786
45,32,96,67,702,779,786
66,70,56,57,669,742,786
54,39,120,72,749,841,786
99,104,66,80,736,827,786
524,213,528,169,930,1023,786
37,47,71,87,657,741,786
47,49,15,26,583,630,786
37,45,32,42,629,675,786
29,38,41,47,640,702,786
289,142,375,130,900,1023,786
227,184,179,142,816,921,786
121,104,176,158,813,925,786
111,68,153,110,770,872,786
93,90,84,85,707,785,786
92,100,75,101,692,771,787
411,215,355,141,874,1003,787
69,54,83,70,716,812,787
70,45,97,42,743,823,787
330,277,283,247,867,995,787
114,80,139,82,796,906,787
40,46,34,49,600,695,787
48,46,118,71,729,818,787
392,243,438,277,882,1020,787
143,123,187,135,772,874,787
26,24,39,29,647,713,787
80,82,101,100,711,810,787
18,23,70,57,659,736,787
27,28,75,64,643,739,787
151,115,165,131,793,912,787
31,34,90,70,694,777,787
17,26,39,29,605,658,787
275,74,613,241,915,1023,787
131,105,120,88,759,855,787
50,61,48,67,605,679,787
53,53,27,37,635,688,787
119,125,115,112,710,809,787
87,95,37,41,715,802,787
138,113,185,145,809,918,787
331,257,319,227,859,986,787
89,68,115,94,737,840,787
90,86,107,83,736,831,787
19,29,24,37,635,693,787
94,72,219,142,800,910,788
738,571,359,218,926,1023,788
37,38,60,68,679,779,788
79,77,61,65,667,773,788
102,70,108,71,750,866,788
25,31,3,17,243,516,788
67,40,106,54,751,847,788
32,26,9,14,623,715,788
52,43,83,74,674,757,788
161,101,328,198,850,982,788
132,75,185,147,833,950,788
352,257,271,186,846,970,788
95,81,83,79,737,845,788
186,101,193,85,808,911,788
103,62,96,56,737,837,788
53,45,29,40,627,727,788
69,70,42,58,665,734,788
54,33,39,23,636,727,788
101,68,92,59,710,809,788
123,108,84,85,745,850,788
130,107,111,96,747,832,788
37,34,49,51,612,707,788
44,34,67,65,693,772,788
290,165,280,162,852,984,788
100,68,116,76,727,818,788
61,55,34,33,664,768,788
26,22,30,37,476,586,788
41,24,13,20,585,661,788
40,35,8,25,369,535,789
79,69,58,63,660,758,789
26,20,20,22,358,544,789
46,24,36,24,624,718,789
51,38,99,73,699,782,789
112,74,125,100,760,848,789
559,335,447,238,896,1023,789
74,60,80,75,717,808,789
109,95,88,95,665,757,789
148,107,160,82,769,874,789
44,37,60,43,650,729,789
64,72,49,72,639,723,789
41,28,38,31,621,691,789
22,27,37,42,514,607,789
61,34,106,53,694,788,789
624,379,458,273,936,1023,789
377,273,459,323,946,1023,789
14,26,21,44,479,547,789
30,38,89,72,644,715,789
912,491,641,414,991,1023,789
44,48,53,55,696,775,789
60,49,89,57,707,777,789
21,30,31,31,622,700,789
139,113,157,110,810,922,789
50,50,60,32,672,744,789
27,29,32,23,618,707,789
28,39,29,39,638,716,789
63,32,108,44,720,797,789
15,23,30,42,556,626,789
13,23,29,30,553,617,789
83,93,99,119,670,740,789
45,22,96,38,680,774,789
480,333,501,321,932,1023,789
60,45,99,53,733,822,790
115,58,124,48,762,861,790
33,35,59,51,697,795,790
652,476,570,391,918,1023,790
31,37,31,36,625,702,790
252,240,157,167,812,919,790
240,229,137,108,770,865,790
30,37,13,18,561,626,790
26,24,36,32,653,717,790
40,32,53,41,641,715,790
82,63,132,68,767,855,790
36,41,62,56,654,729,790
72,61,86,48,742,849,790
483,304,508,207,929,1023,790
11,22,2,20,480,496,790
39,28,112,68,742,832,790
208,154,294,207,853,973,790
129,137,58,76,662,731,790
213,191,143,129,792,904,790
15,22,25,26,580,657,790
40,30,90,49,685,772,790
16,23,26,32,557,639,790
47,51,48,38,679,755,790
32,42,15,29,625,691,790
49,43,31,33,672,763,790
343,227,523,374,916,1023,790
51,54,55,60,702,767,790
132,66,218,128,809,927,790
27,28,27,29,567,619,790
19,27,47,58,658,721,790
53,28,50,34,673,754,790
240,121,312,155,839,952,790
23,31,34,51,589,668,790
33,35,64,52,689,768,790
22,28,61,48,596,676,790
82,64,98,66,722,816,790
97,83,102,70,721,844,790
40,35,93,54,678,777,790
64,67,49,58,662,758,790
289,206,316,192,884,1021,791
408,324,414,325,905,1023,791
64,61,72,65,691,759,791
158,134,147,107,790,900,791
154,146,192,188,806,908,791
216,75,279,97,843,963,791
167,137,112,104,795,910,791
25,27,13,34,578,634,791
145,91,188,114,784,900,791
81,75,34,50,701,784,791
81,43,74,48,683,781,791
125,105,105,81,729,830,791
17,22,28,28,592,635,791
27,21,14,16,507,609,791
115,84,198,178,828,941,791
44,44,10,25,551,615,791
537,346,413,276,901,1023,791
49,37,41,26,626,732,791
32,29,20,33,541,602,791
24,22,5,18,575,662,791
178,162,129,127,773,876,791
113,91,108,74,763,873,791
20,21,47,34,646,713,791
178,85,185,72,812,937,791
80,45,73,44,732,825,791
278,123,335,127,867,998,791
84,62,65,59,666,746,791
29,25,18,23,517,575,791
326,190,238,154,863,1023,791
43,43,51,46,693,766,792
19,22,6,22,566,625,792
44,45,58,55,653,748,792
64,58,82,48,709,788,792
49,54,41,45,693,755,792
31,41,4,26,539,632,792
18,20,31,22,590,670,792
25,20,34,29,622,659,792
179,154,160,112,803,921,792
16,26,30,44,568,648,792
262,140,192,100,834,949,792
101,94,91,99,750,845,792
106,103,32,44,678,755,792
91,85,101,82,739,840,792
177,148,305,227,835,951,792
66,78,18,43,645,711,792
48,61,29,58,586,629,792
58,62,61,60,701,768,792
36,47,33,46,625,693,792
59,59,125,113,753,829,792
83,92,75,73,703,766,792
78,68,82,44,708,773,792
106,98,163,105,808,923,792
37,33,56,60,641,709,792
62,42,57,27,699,786,792
50,45,134,105,738,834,792
394,314,346,269,888,1021,792
82,75,142,109,767,861,792
97,70,69,54,692,788,792
122,121,187,174,779,866,792
110,105,131,103,755,851,792
52,42,112,74,745,845,792
82,71,162,115,765,857,792
52,51,75,54,681,764,792
228,210,158,135,808,906,792
72,72,41,50,667,737,792
120,96,119,86,791,893,792
16,27,0,12,525,537,792
235,229,134,140,818,921,792
64,66,89,82,722,811,792
67,38,76,37,706,801,792
18,27,10,15,473,601,792
61,55,62,36,670,758,792
30,26,71,48,669,735,792
175,129,145,98,773,880,793
80,90,48,71,695,770,793
25,24,38,32,465,599,793
174,144,156,146,783,893,793
52,48,67,40,690,768,793
12,23,20,41,461,528,793
36,48,42,50,573,609,793
50,53,77,48,651,714,793
570,404,742,478,991,1023,793
21,33,43,56,575,658,793
50,53,41,24,655,751,793
125,93,255,216,838,965,793
35,31,70,48,675,755,793
38,41,21,40,543,636,793
45,52,53,65,665,779,793
107,86,155,107,783,880,793
47,49,55,54,578,679,793
106,103,96,100,700,784,793
61,62,86,85,707,797,793
677,394,554,277,950,1023,793
58,48,57,30,700,791,793
54,34,78,40,703,788,793
38,31,43,41,596,683,793
199,147,224,176,826,946,793
196,126,188,91,820,938,793
326,191,557,319,932,1023,793
105,93,119,82,742,833,793
45,38,58,33,663,757,793
46,30,37,34,595,669,793
155,103,137,113,756,854,794
16,25,0,26,0,460,794
72,60,88,66,729,841,794
47,33,65,38,648,749,794
60,27,94,43,722,822,794
30,28,62,70,631,709,794
118,62,137,48,744,858,794
49,43,39,36,647,721,794
37,27,33,27,555,647,794
50,29,95,53,684,777,794
369,174,372,178,881,1020,794
52,35,31,26,600,643,794
53,43,84,47,685,761,794
389,246,202,129,831,956,794
45,38,34,37,612,678,794
167,102,235,146,824,941,794
86,84,74,94,716,816,794
32,32,56,56,636,733,794
43,27,56,43,638,717,794
16,21,11,31,462,579,794
467,296,465,294,944,1023,794
250,155,372,287,866,998,794
68,45,66,52,679,750,794
55,44,79,71,707,834,794
955,513,907,582,1023,1023,794
432,164,461,199,907,1023,794
272,227,207,184,852,978,795
48,38,22,31,528,592,795
33,21,34,24,594,708,795
246,178,266,157,858,979,795
363,271,390,180,918,1023,795
169,129,214,122,830,948,795
33,24,49,35,617,695,795
93,81,96,90,709,778,795
247,148,326,204,866,1000,795
104,99,80,72,664,765,795
43,50,53,54,676,769,795
11,21,0,14,287,460,795
13,22,22,33,616,670,795
89,72,175,155,796,912,795
48,47,58,55,661,741,795
64,59,54,62,682,782,795
96,82,119,115,725,839,795
104,83,153,136,783,891,795
37,40,60,76,653,734,795
194,104,258,126,852,996,795
179,159,103,102,769,871,795
238,111,247,121,826,955,795
52,57,62,59,672,748,795
35,38,62,63,643,733,795
21,30,31,48,639,722,795
283,254,254,199,847,962,795
11,20,56,60,648,711,795
188,163,154,128,813,936,795
79,69,108,78,721,812,795
16,21,57,43,599,674,795
34,39,29,45,560,627,795
17,25,22,31,505,566,795
49,52,54,70,682,757,795
22,26,35,32,631,711,795
319,197,284,133,864,997,795
13,20,34,49,647,703,795
91,102,64,84,639,716,795
30,41,36,40,634,714,795
483,316,502,354,940,1023,795
79,85,49,63,696,768,795
589,349,461,317,954,1023,795
142,143,114,111,789,896,795
19,31,7,32,608,686,795
167,86,284,137,838,960,795
264,184,313,148,858,979,796
78,84,55,75,693,786,796
56,42,77,49,717,817,796
145,65,172,72,771,877,796
53,47,78,40,672,758,796
63,71,52,60,667,719,796
31,24,73,43,670,760,796
29,21,42,38,649,714,796
39,31,34,36,557,649,796
60,35,66,43,680,744,796
101,79,78,67,707,793,796
51,38,63,52,696,809,796
320,193,151,81,823,949,796
82,76,106,111,726,815,796
135,121,110,94,701,781,796
41,39,32,53,585,663,796
55,26,44,27,669,756,796
217,171,233,212,828,946,796
51,35,41,23,610,691,796
44,24,41,24,562,648,796
77,65,84,87,692,806,796
27,25,7,24,0,470,796
75,63,58,60,661,734,796
162,81,188,106,798,914,796
50,29,34,27,613,686,796
114,106,119,131,729,832,796
40,21,59,38,643,732,796
25,24,18,27,559,586,796
319,206,452,300,915,1023,796
495,336,471,301,925,1023,796
28,23,34,23,616,740,796
75,55,69,51,728,838,797
193,70,274,152,833,955,797
231,194,172,172,801,916,797
243,123,199,114,825,944,797
144,89,121,98,772,872,797
78,52,81,44,698,771,797
198,177,95,109,762,872,797
29,22,42,33,610,679,797
26,23,6,21,369,497,797
70,43,92,61,710,803,797
95,88,53,67,699,784,797
52,42,35,30,607,686,797
269,235,300,290,851,975,797
16,21,30,44,525,573,797
666,522,468,364,926,1023,797
124,85,124,60,750,846,797
477,217,575,266,949,1023,797
55,30,63,44,660,732,797
208,114,199,126,842,965,797
29,37,37,54,505,593,797
85,56,130,88,782,882,798
59,51,88,69,710,781,798
95,96,71,71,753,842,798
275,239,220,188,842,972,798
36,36,104,93,723,795,798
25,29,54,50,645,724,798
119,99,157,138,796,898,798
218,192,199,192,801,908,798
31,40,55,42,631,691,798
52,58,107,95,712,804,798
66,48,81,41,724,796,798
74,76,112,107,683,774,798
176,104,286,155,829,943,798
30,33,73,56,650,718,798
41,49,56,71,665,740,798
25,33,62,53,627,711,798
36,39,32,32,642,694,798
120,93,133,102,781,880,798
77,69,82,67,719,800,798
37,41,41,37,655,720,798
34,21,41,24,630,715,798
18,20,43,33,543,617,798
26,22,37,28,538,645,798
41,49,44,59,632,697,798
1023,801,1023,509,1023,1023,798
171,135,92,89,761,862,798
86,66,179,122,811,918,798
74,46,228,99,806,917,798
29,34,29,26,625,670,798
41,42,120,113,688,776,798
60,63,92,75,651,733,799
345,214,231,120,852,969,799
35,29,71,55,684,763,799
117,117,143,142,768,871,799
103,108,57,70,704,784,799
141,115,125,87,770,869,799
48,54,48,48,642,729,799
193,133,235,139,840,954,799
114,102,129,97,762,846,799
160,136,207,141,816,936,799
19,22,9,18,450,542,799
27,34,49,64,665,728,799
234,111,247,142,851,977,799
32,30,64,52,632,697,799
98,85,97,77,726,808,799
88,85,88,101,748,841,799
30,25,48,27,624,702,799
116,43,165,67,777,879,799
57,31,53,36,674,749,799
63,46,28,28,615,697,799
77,67,0,10,621,698,799
193,165,179,146,809,919,799
22,28,29,36,629,709,799
84,57,105,86,744,843,799
316,116,318,107,859,991,799
110,73,152,92,779,887,799
135,113,74,77,741,832,799
30,24,49,32,619,692,799
72,48,90,62,753,857,799
35,28,31,36,603,672,799
240,224,180,188,803,915,799
144,90,215,90,796,904,800
30,25,18,18,580,660,800
1023,1021,1023,784,1023,1023,800
106,109,14,37,681,763,800
67,53,43,30,733,826,800
23,24,44,36,522,627,800
279,235,171,150,801,902,800
33,20,19,20,541,595,800
603,417,443,323,933,1023,800
33,30,7,14,549,660,800
18,23,5,27,507,558,800
39,32,64,58,649,729,800
64,39,105,55,741,836,800
20,31,23,33,577,618,800
129,88,107,54,779,874,800
20,30,1,27,612,711,800
106,82,131,77,786,901,800
60,61,93,90,711,794,800
99,53,98,57,720,801,800
25,29,5,16,543,620,800
104,104,56,70,709,803,800
51,45,27,24,630,696,800
87,79,69,63,735,828,800
44,46,82,81,642,726,800
55,60,37,55,630,714,800
24,26,84,61,692,779,800
41,50,31,55,620,694,800
44,44,63,59,651,734,800
10,20,7,19,540,632,800
33,32,59,50,669,763,800
128,124,61,72,726,822,800
52,35,83,38,691,768,800
27,25,31,26,584,639,800
33,42,55,60,642,735,801
1023,580,1023,474,1023,1023,801
57,37,129,64,723,805,801
129,92,213,150,818,920,801
36,44,9,36,654,709,801
204,167,208,162,830,953,801
167,153,164,138,806,908,801
170,73,243,97,846,963,801
22,32,38,50,575,652,801
35,45,28,35,597,623,801
673,447,531,337,958,1023,801
37,28,57,29,668,749,801
135,88,198,137,805,917,801
548,430,456,357,923,1023,801
14,24,16,38,559,619,801
131,123,145,115,782,884,801
262,184,217,166,844,971,801
650,373,659,365,964,1023,801
103,90,112,99,799,899,801
15,24,49,60,649,749,801
21,22,60,46,655,739,801
52,45,84,42,712,795,801
28,35,40,52,662,709,801
165,161,126,119,749,835,801
128,102,172,117,776,874,801
283,245,213,180,833,946,801
43,21,87,44,700,793,801
126,74,143,81,770,874,801
376,117,457,129,905,1023,802
885,646,627,454,994,1023,802
314,238,261,195,831,960,802
20,27,50,34,654,739,802
100,78,59,42,688,775,802
51,47,63,62,634,693,802
170,157,114,104,740,839,802
78,78,87,89,721,829,802
25,25,13,21,592,683,802
22,33,0,26,0,255,802
341,211,264,129,896,1023,802
62,51,67,64,639,729,802
85,57,115,65,726,828,802
50,44,62,59,685,773,802
69,66,39,49,629,713,802
923,486,909,444,1023,1023,802
44,30,72,71,691,758,802
40,26,23,21,629,706,802
101,80,93,83,735,816,802
41,32,26,26,608,657,802
100,70,153,122,759,866,802
26,23,22,29,617,689,802
26,26,0,16,563,618,802
184,126,181,112,804,914,802
28,29,43,55,625,703,802
81,70,87,70,699,786,802
267,189,304,224,868,997,802
74,33,88,31,729,814,802
235,192,254,198,842,959,802
61,54,29,34,629,703,802
109,90,110,102,730,833,802
387,147,439,166,894,1023,802
401,266,495,335,937,1023,802
79,56,93,57,753,862,802
78,52,66,53,695,813,802
50,31,48,43,653,732,802
29,21,21,25,498,568,802
51,42,22,39,572,641,802
81,51,46,37,649,729,802
117,99,64,74,721,813,803
55,29,71,40,669,745,803
746,497,732,543,984,1023,803
51,44,0,16,378,503,803
49,39,27,44,521,629,803
265,198,193,143,831,955,803
39,24,12,19,522,587,803
40,20,66,47,670,727,803
20,22,5,26,312,427,803
136,75,177,104,795,905,803
84,50,110,60,747,847,803
79,41,122,54,758,863,803
23,23,0,16,370,484,803
80,45,60,38,713,808,803
162,116,242,186,840,953,803
105,64,109,92,782,894,803
35,40,44,58,596,681,803
508,306,482,323,920,1023,803
537,357,509,343,953,1023,803
18,23,21,25,511,602,803
25,21,59,48,620,719,803
25,32,35,44,545,642,803
29,34,14,34,580,623,803
483,185,351,125,886,1023,803
126,53,196,94,832,941,803
42,31,65,49,660,738,803
101,90,119,112,765,868,803
73,67,91,93,735,830,803
457,288,361,208,892,1022,803
30,34,18,32,508,611,804
193,183,78,92,788,895,804
23,21,0,8,484,549,804
32,24,42,22,621,705,804
12,21,9,22,404,517,804
65,53,64,56,673,753,804
186,134,147,122,781,878,804
61,70,63,76,642,729,804
124,112,109,105,715,820,804
1023,813,1023,588,1023,1023,804
100,86,110,69,734,821,804
1023,1021,1023,663,1023,1023,804
26,28,53,50,650,729,804
134,111,164,99,765,870,804
187,127,184,127,819,934,804
55,58,83,90,678,776,804
113,68,97,56,745,848,804
96,70,222,172,809,917,804
454,343,354,298,907,1023,804
35,23,78,37,706,809,804
125,114,117,110,784,889,804
77,70,96,39,688,776,804
20,31,32,47,615,683,804
148,82,203,91,821,928,804
55,65,53,69,650,739,804
163,111,277,200,837,960,804
30,27,24,25,567,660,804
51,57,10,30,587,715,804
43,43,76,74,677,762,804
104,101,39,51,717,825,804
108,74,121,69,754,848,804
82,55,93,49,704,776,805
62,63,45,39,682,755,805
100,61,137,76,777,884,805
26,23,62,60,603,682,805
721,307,627,255,955,1023,805
146,121,105,95,771,864,805
72,63,68,59,677,750,805
68,61,45,27,716,795,805
49,30,61,36,662,764,805
128,104,180,133,801,915,805
344,171,344,160,868,1000,805
230,197,182,140,781,889,805
40,33,43,36,623,698,805
39,20,36,26,593,660,805
45,33,41,37,688,791,805
270,112,351,166,854,983,805
65,52,73,49,667,746,805
210,132,183,96,785,908,805
40,30,42,45,595,677,805
41,44,0,13,0,570,805
82,52,109,65,729,830,805
99,93,64,55,674,784,805
68,55,81,76,694,790,805
648,442,476,257,933,1023,805
76,56,74,54,684,764,805
238,176,196,135,799,921,805
34,30,42,27,568,666,805
34,25,38,31,571,676,805
113,109,45,51,693,796,805
98,83,111,96,728,841,805
50,54,55,67,682,763,805
21,30,13,34,522,591,805
68,46,130,75,731,820,805
58,63,34,45,627,699,806
70,61,51,51,715,816,806
29,24,29,24,587,633,806
67,29,118,47,722,837,806
21,24,30,22,620,715,806
17,22,40,25,631,706,806
27,25,32,27,592,648,806
1023,734,1023,600,1023,1023,806
362,211,274,151,862,985,806
29,25,52,35,644,738,806
43,41,58,60,653,740,806
38,38,127,93,732,836,806
10,21,20,22,561,616,806
150,104,159,137,751,863,806
142,109,166,108,804,922,806
60,63,62,57,691,793,806
45,47,115,95,720,824,806
389,345,184,176,863,988,806
206,146,179,142,826,950,806
53,64,85,100,667,747,806
49,63,33,54,594,687,806
43,56,27,49,577,663,806
30,42,53,62,622,705,806
55,63,77,63,665,782,806
30,38,82,60,670,753,806
281,217,186,131,847,978,806
157,93,225,103,813,923,806
45,52,69,75,645,743,807
61,61,138,113,743,846,807
50,43,79,59,700,787,807
79,76,92,89,700,792,807
46,30,84,35,693,762,807
333,159,302,146,856,995,807
62,56,118,105,753,859,807
12,20,27,27,486,578,807
113,105,90,62,710,789,807
40,31,84,46,692,777,807
40,49,36,43,639,716,807
46,53,78,59,696,789,807
90,90,165,104,745,842,807
124,112,156,112,755,861,807
72,41,105,67,736,820,807
31,26,62,37,662,762,807
52,53,26,36,635,739,807
27,38,49,52,568,669,807
256,196,180,144,812,924,807
208,196,163,122,792,891,807
57,70,60,60,692,767,807
395,370,236,199,858,977,807
116,123,60,67,724,816,807
59,70,47,77,652,728,807
105,116,55,59,686,766,807
93,79,115,68,757,874,807
22,32,32,30,555,633,807
30,42,22,37,506,631,807
19,29,29,32,535,641,807
48,54,41,50,580,680,807
14,22,27,24,563,662,808
80,71,185,133,780,887,808
94,61,146,97,772,889,808
166,152,207,177,848,967,808
99,83,124,96,736,835,808
153,124,103,80,745,857,808
75,52,77,58,728,825,808
89,61,127,65,764,867,808
83,57,92,72,711,797,808
45,46,37,40,650,740,808
593,350,671,477,989,1023,808
70,74,90,88,672,764,808
53,36,52,37,665,751,808
116,58,223,94,789,891,808
70,69,40,51,675,754,808
17,25,38,50,578,646,808
315,281,219,167,831,954,808
68,77,52,71,625,692,808
38,37,33,37,587,695,808
60,66,46,56,651,730,808
164,153,228,205,800,911,808
95,69,94,60,737,835,808
971,512,634,335,987,1023,808
16,23,0,15,0,337,808
202,170,160,124,784,890,808
57,40,56,59,660,755,808
48,48,32,37,642,714,808
150,98,123,80,800,926,808
16,21,2,23,418,539,808
38,39,49,50,629,697,808
116,102,64,72,700,778,808
86,53,140,104,766,867,808
434,272,288,175,870,1004,808
20,21,0,20,0,389,808
103,57,76,47,707,800,808
27,23,52,56,629,710,808
19,24,23,42,583,632,808
48,36,50,49,652,744,808
146,119,124,120,752,848,808
75,57,53,53,683,754,808
86,89,92,113,699,801,808
42,35,64,55,666,764,808
11,21,0,12,0,308,808
101,103,64,88,715,807,808
182,127,163,114,796,908,808
12,22,0,22,0,411,808
1023,1021,1023,594,1023,1023,808
36,37,46,49,586,645,809
454,403,407,340,939,1023,809
36,47,36,56,583,677,809
24,22,67,53,640,742,809
21,28,19,17,474,613,809
51,42,66,50,720,823,809
125,122,109,99,765,859,809
244,216,155,144,827,948,809
29,32,33,41,622,687,809
40,21,65,34,675,763,809
40,36,79,50,698,782,809
442,313,449,280,919,1023,809
280,191,167,69,816,942,809
47,46,63,49,677,746,809
56,55,37,35,616,659,809
40,34,49,27,638,712,809
114,119,53,58,710,795,809
232,118,293,155,837,955,809
120,92,176,114,777,873,809
47,33,135,83,742,838,809
173,164,142,129,801,927,809
65,49,108,67,733,821,809
366,239,401,248,897,1023,809
16,21,34,42,538,624,809
142,145,79,90,717,814,809
17,24,32,39,558,656,810
45,45,83,73,711,830,810
80,60,122,94,735,832,810
48,49,153,146,765,844,810
23,26,43,48,578,683,810
53,45,17,21,590,679,810
19,25,7,24,495,593,810
17,21,48,42,620,695,810
24,32,50,37,605,670,810
21,28,38,40,595,654,810
271,222,266,198,847,973,810
185,132,196,143,809,915,810
37,20,47,24,622,688,810
75,49,43,29,689,764,810
40,31,70,50,666,754,810
19,27,10,36,0,523,810
17,26,7,32,357,464,810
214,181,172,160,830,959,810
36,32,68,71,681,773,810
74,55,87,52,701,797,810
41,34,40,45,668,754,810
106,64,119,63,739,830,811
229,184,160,148,828,947,811
104,72,95,67,691,801,811
27,29,23,35,497,581,811
143,102,56,55,735,835,811
101,46,153,99,767,862,811
54,39,58,26,657,735,811
48,31,45,29,679,755,811
176,105,94,67,758,865,811
142,125,70,53,709,799,811
30,25,34,34,548,658,811
19,21,1,25,448,535,811
53,33,53,42,629,715,811
105,88,33,50,688,769,811
587,322,665,323,953,1023,811
32,20,55,39,653,727,811
137,84,144,78,738,845,811
31,24,33,39,624,687,811
136,102,136,94,750,850,811
81,64,37,49,640,733,811
52,25,2,11,585,666,811
161,129,147,119,754,858,811
1023,1021,878,589,1023,1023,811
23,20,15,39,485,548,811
48,43,19,39,537,618,811
132,85,107,66,746,849,811
51,31,33,15,658,747,811
56,48,54,61,632,712,811
53,25,63,31,679,761,811
70,63,48,49,651,742,811
51,28,74,75,689,781,811
35,26,64,52,643,742,811
57,50,27,30,626,692,811
138,125,105,105,767,868,811
45,26,72,45,657,750,811
24,20,0,17,475,540,811
131,104,75,71,715,804,811
129,64,154,104,770,878,811
251,185,179,158,831,955,811
26,23,58,61,661,722,811
222,194,225,218,838,958,811
135,111,126,75,772,865,811
24,25,59,55,621,685,811
285,206,207,145,832,958,811
256,218,198,163,828,942,811
76,62,99,95,718,806,811
25,24,33,46,616,668,811
32,33,49,46,636,716,811
111,96,85,56,744,834,811
61,45,102,58,718,798,811
162,96,212,123,804,924,811
43,41,52,46,628,710,811
51,34,85,41,697,789,812
216,211,148,138,779,883,812
108,94,109,100,724,825,812
30,24,54,25,612,699,812
53,46,82,69,697,796,812
25,30,68,58,661,752,812
38,40,26,42,619,698,812
18,23,28,28,552,621,812
54,61,10,25,602,671,812
62,67,74,66,665,761,812
53,55,49,50,649,721,812
100,92,154,142,759,862,812
112,60,233,139,837,962,812
80,80,52,42,737,823,812
26,35,65,72,605,682,812
11,22,15,19,612,695,812
51,52,99,87,706,811,812
41,53,31,49,586,664,812
17,21,28,26,606,680,812
114,98,92,64,766,880,812
492,413,375,276,889,1023,812
47,36,83,61,667,747,812
191,162,118,93,809,926,812
46,35,29,35,606,676,812
26,20,23,26,646,711,812
38,36,46,29,629,703,812
94,80,121,97,749,849,812
66,65,126,115,732,829,812
35,35,47,53,664,757,812
94,73,129,88,798,919,812
19,30,39,46,577,655,812
20,32,4,23,450,543,812
116,102,88,68,779,877,812
202,178,192,160,819,930,812
300,220,260,163,863,994,812
107,111,64,89,695,775,813
62,58,57,50,657,748,813
229,161,268,188,878,1014,813
400,293,302,176,880,1008,813
87,59,149,71,739,839,813
35,41,89,65,700,778,813
14,21,28,36,753,873,813
38,36,93,57,706,791,813
112,112,134,131,725,821,813
173,130,287,206,865,995,813
233,207,222,214,823,939,813
51,29,84,42,698,791,813
80,59,181,124,764,867,813
52,58,62,69,681,776,813
424,259,394,271,892,1023,813
232,162,251,179,863,984,813
38,40,23,36,654,731,813
42,37,66,70,663,712,813
142,119,118,117,797,914,813
19,22,18,36,598,654,813
28,26,22,17,584,646,813
70,58,68,81,696,774,813
32,25,9,12,513,644,813
265,121,238,133,826,950,814
78,49,111,69,760,859,814
121,102,101,108,748,827,814
93,64,53,48,719,805,814
421,210,342,166,906,1023,814
195,155,118,88,770,869,814
274,172,323,225,883,1015,814
190,103,159,92,806,925,814
44,30,11,20,598,681,814
50,37,36,29,623,702,814
63,58,15,38,587,635,814
74,52,53,45,641,719,814
81,50,141,66,738,840,814
104,50,122,74,731,831,814
37,27,26,32,586,671,814
155,135,99,98,746,848,814
50,45,53,74,645,753,814
101,58,185,123,783,883,814
266,141,250,105,822,944,814
125,73,102,63,772,867,814
54,23,55,24,687,794,814
45,20,58,29,658,741,814
223,194,170,121,809,926,814
49,45,26,29,651,719,814
584,238,595,320,981,1023,814
525,305,596,352,953,1023,814
21,22,19,32,544,635,814
706,341,681,344,961,1023,814
42,49,20,46,587,616,814
576,368,576,329,961,1023,815
22,20,16,20,579,653,815
40,30,63,55,650,730,815
61,64,0,29,585,606,815
102,89,82,67,728,827,815
157,155,120,125,762,866,815
22,23,20,28,581,592,815
29,39,10,35,376,590,815
91,66,119,79,758,845,815
200,133,163,92,801,908,815
31,28,9,17,599,679,815
64,68,76,69,650,748,815
15,23,42,43,612,661,815
25,33,68,71,578,636,815
40,40,34,16,666,746,815
14,21,27,34,598,633,815
159,156,178,150,773,884,815
322,120,443,161,899,1023,815
187,181,151,156,794,898,815
21,32,35,51,595,663,815
76,58,92,52,725,822,815
1023,588,1023,511,1023,1023,815
29,34,87,77,695,776,815
33,29,47,31,654,728,815
21,24,44,41,645,706,815
126,119,170,140,781,874,815
35,45,48,62,611,702,815
11,20,23,25,557,614,815
164,137,192,181,825,942,815
203,170,184,140,809,922,815
157,127,163,110,779,889,815
44,24,55,33,686,740,815
41,46,72,72,694,768,815
23,32,29,40,607,672,815
491,202,407,157,917,1023,815
123,110,198,180,810,911,815
137,98,214,131,810,914,815
42,44,56,46,661,742,815
31,22,45,33,669,743,815
58,40,72,31,714,790,815
112,66,126,79,748,843,815
34,33,15,18,642,710,815
13,21,35,39,643,698,815
62,71,47,65,671,760,815
1023,1021,1023,729,1023,1023,815
214,161,226,134,831,941,815
67,68,66,64,711,794,815
59,67,29,32,663,742,816
50,59,62,59,656,735,816
106,66,139,69,780,877,816
26,30,29,26,609,683,816
45,45,94,93,744,830,816
173,169,130,140,789,899,816
369,291,417,332,901,1023,816
63,49,98,81,710,814,816
133,104,181,139,784,899,816
160,104,102,53,774,896,816
362,250,327,241,896,1023,816
161,143,169,124,803,906,816
101,97,75,74,689,764,816
30,25,22,25,0,294,816
120,76,203,131,797,897,816
32,32,24,35,627,698,816
147,91,127,95,759,851,816
186,108,205,109,806,934,816
25,25,37,54,640,706,816
36,20,39,24,630,711,816
48,37,75,60,677,762,816
31,33,9,24,536,579,816
36,29,22,25,553,653,816
33,35,34,51,627,702,816
28,29,0,19,536,564,816
19,27,0,18,186,326,816
52,51,29,52,595,642,816
65,39,62,49,668,739,816
377,305,275,205,858,990,816
151,108,207,151,809,919,816
61,23,75,24,709,801,816
41,27,58,46,623,692,816
44,47,33,56,626,700,816
27,34,19,38,564,622,816
27,28,26,30,563,612,816
52,47,23,26,633,698,816
104,67,88,52,715,822,816
36,20,61,56,675,758,817
441,343,327,248,898,1023,817
291,250,166,174,819,935,817
35,23,23,26,557,655,817
56,34,57,61,626,730,817
146,88,163,96,806,921,817
48,35,70,68,721,814,817
160,90,205,98,813,941,817
85,50,99,84,742,852,817
940,594,954,562,1023,1023,817
147,110,146,115,813,930,817
57,54,67,74,672,750,817
106,78,143,105,774,866,817
88,39,131,73,773,872,817
568,421,385,218,890,1023,817
19,22,71,60,691,771,817
28,37,42,48,653,730,817
84,45,96,44,728,827,817
112,95,134,120,769,869,817
88,79,94,65,712,778,817
335,139,391,174,903,1023,817
31,28,8,10,606,689,817
39,31,22,17,628,687,817
39,34,30,31,566,647,817
281,178,258,138,838,964,817
250,155,253,117,833,953,817
1023,929,1023,673,1023,1023,817
366,294,484,364,922,1023,818
27,30,26,22,626,701,818
18,25,44,54,617,681,818
65,70,70,72,689,763,818
99,66,203,106,782,875,818
40,26,61,37,640,730,818
195,120,167,83,826,936,818
72,56,97,65,731,812,818
267,147,213,122,811,926,818
286,255,259,210,871,997,818
28,38,22,40,627,687,818
518,473,338,309,901,1023,818
19,33,6,17,553,619,818
51,48,128,92,745,836,818
384,290,282,222,903,1023,818
42,36,51,34,646,719,818
200,152,207,108,823,944,818
34,20,88,32,679,764,818
281,231,360,302,880,1017,818
117,102,113,110,794,900,818
206,165,156,124,813,933,818
17,25,50,49,646,709,818
19,20,23,11,593,663,818
41,39,87,60,684,770,818
46,46,52,44,668,738,818
146,108,160,114,814,941,818
40,48,61,68,643,718,818
59,27,140,52,750,844,818
56,47,100,76,704,784,818
232,189,248,239,846,970,818
20,28,17,34,529,625,818
236,181,576,433,921,1023,818
45,49,46,51,693,764,818
92,79,95,53,724,805,818
92,79,41,25,732,804,818
88,60,149,69,794,901,818
24,31,56,62,658,713,818
75,62,56,53,661,743,818
107,92,107,85,779,885,818
137,139,128,139,747,833,818
166,132,161,117,771,867,818
67,67,94,71,746,836,818
53,40,34,41,618,702,818
156,93,129,95,774,877,818
70,60,49,64,614,692,818
105,84,131,77,771,875,818
36,22,78,35,699,785,818
28,29,40,38,642,697,818
33,35,40,34,642,720,819
23,21,21,21,591,638,819
242,190,229,187,836,960,819
1023,1021,1023,690,1023,1023,819
834,463,945,606,1023,1023,819
213,186,196,175,802,905,819
39,25,40,22,600,676,819
262,169,237,177,822,946,819
275,159,318,176,856,981,819
29,24,25,30,586,644,819
22,23,17,22,529,607,819
886,308,627,201,960,1023,819
39,34,37,34,609,660,819
14,21,15,34,489,537,819
39,32,23,30,608,676,819
114,98,74,64,691,786,819
21,22,15,29,516,558,819
178,157,186,191,794,904,819
195,128,149,82,778,882,819
339,279,286,261,846,969,819
64,36,61,34,622,700,819
113,83,106,63,731,819,819
55,32,42,31,648,708,819
49,37,41,39,632,717,819
119,102,90,110,724,798,819
98,67,93,79,751,851,819
75,38,123,68,739,838,819
251,205,163,154,798,913,819
376,147,248,78,854,973,819
77,65,44,61,649,715,819
56,44,36,51,613,687,820
461,341,444,325,920,1023,820
51,41,67,70,653,739,820
38,27,34,33,603,639,820
26,23,29,22,549,608,820
80,59,105,96,704,810,820
46,30,50,41,638,715,820
46,21,53,28,657,728,820
67,54,80,81,692,787,820
21,26,7,14,502,568,820
80,58,86,49,710,806,820
285,161,236,125,857,1004,820
25,21,49,30,647,739,820
28,22,62,38,604,688,820
222,177,190,126,823,941,820
12,20,26,35,649,709,820
163,91,123,69,756,858,820
338,267,277,214,866,992,820
20,29,26,45,530,623,820
50,58,63,55,658,734,821
141,100,153,99,781,890,821
697,474,677,500,991,1023,821
16,20,33,25,616,687,821
53,53,103,91,727,822,821
48,50,37,36,634,704,821
26,25,62,44,681,744,821
93,60,190,131,823,941,821
28,33,81,61,668,740,821
50,62,44,66,615,702,821
11,20,21,26,559,625,821
58,61,42,30,669,769,821
270,259,141,142,808,936,821
30,22,73,41,671,754,821
36,35,67,59,661,736,821
443,287,375,231,922,1023,821
54,34,65,37,695,791,821
148,137,182,148,803,906,821
130,86,179,88,841,973,821
83,57,152,77,792,895,821
170,170,89,100,762,862,821
417,166,476,152,909,1023,821
57,59,66,68,695,784,821
69,66,54,47,695,764,821
55,61,91,96,713,803,821
105,85,90,72,745,844,821
73,64,120,101,752,848,821
93,100,74,93,697,782,821
108,75,105,64,765,868,821
32,29,50,21,667,739,821
45,32,58,41,691,783,821
50,36,51,29,655,735,821
29,31,38,43,642,711,821
51,33,59,40,677,755,821
39,43,42,42,635,703,821
17,20,32,23,591,653,821
120,112,78,87,777,873,821
111,105,38,28,688,762,821
62,72,44,62,604,687,821
68,65,51,46,706,779,821
42,27,42,18,599,672,821
54,35,29,37,674,768,822
97,74,136,106,756,854,822
25,22,39,36,688,781,822
66,48,70,43,671,754,822
61,39,67,44,688,785,822
44,32,64,68,662,748,822
30,24,19,31,527,591,822
198,99,183,120,824,941,822
239,180,242,184,826,953,822
49,23,97,67,697,775,822
96,65,152,124,767,867,822
65,45,68,62,696,786,822
106,86,94,77,727,817,822
29,20,26,26,535,578,822
124,105,62,55,728,826,822
58,44,69,55,654,716,822
115,103,40,58,712,800,822
297,208,197,169,821,935,822
34,35,7,30,535,606,822
49,29,42,22,626,711,822
46,38,19,39,573,649,822
68,61,24,49,521,575,822
66,49,38,24,661,736,822
264,116,235,99,844,966,822
214,109,180,85,803,905,822
308,150,285,154,835,952,822
88,44,82,48,730,828,822
121,93,79,52,717,810,822
181,129,142,74,804,914,823
108,54,133,79,756,849,823
17,22,56,44,677,756,823
150,112,125,84,760,859,823
377,326,269,203,877,1011,823
29,24,34,28,622,711,823
290,200,219,137,859,985,823
18,30,0,19,211,492,823
23,32,18,24,575,671,823
39,30,76,56,667,753,823
264,207,275,160,874,1000,823
244,239,112,108,794,900,823
78,52,129,50,731,828,823
200,137,257,187,876,1014,823
338,105,371,119,885,1023,823
292,209,314,234,875,1010,823
135,87,150,90,738,824,823
79,67,66,32,696,776,823
111,108,108,81,755,850,823
445,216,316,175,879,1006,823
166,150,126,104,789,883,823
39,23,96,48,715,801,823
233,196,197,153,837,945,823
388,326,454,359,885,1014,823
56,69,6,18,621,679,823
173,93,149,67,801,914,823
56,55,87,62,746,847,823
19,27,38,40,620,677,824
14,23,33,47,609,672,824
55,50,84,65,725,813,824
41,34,83,56,693,769,824
29,37,34,42,628,722,824
14,24,18,33,556,646,824
102,107,89,99,717,788,824
24,22,37,20,597,641,824
58,58,83,58,695,762,824
25,33,18,35,533,592,824
160,82,129,78,779,876,824
23,29,39,31,597,661,824
95,76,99,64,729,825,824
225,151,201,108,830,953,824
43,49,49,43,647,722,824
21,23,24,32,672,731,824
75,74,63,60,666,736,824
57,66,93,90,699,796,824
52,48,49,36,588,673,824
707,322,557,203,969,1023,824
12,22,8,17,573,607,824
22,22,29,26,579,635,824
156,66,219,59,811,926,824
80,66,148,131,797,900,824
68,44,66,26,706,790,824
84,39,119,45,751,844,824
399,350,336,306,892,1022,824
169,93,190,89,816,926,824
75,84,42,67,635,709,824
27,32,43,31,614,657,824
39,37,47,46,635,720,824
56,51,119,97,718,809,824
175,175,111,120,741,828,824
71,44,85,55,693,771,824
149,85,268,171,824,951,824
240,191,160,134,818,938,824
171,150,129,116,772,879,824
71,64,67,57,667,728,824
14,23,0,13,0,435,824
181,101,268,126,823,944,824
82,56,158,124,779,878,824
66,52,73,84,732,824,825
322,249,280,210,868,990,825
156,111,91,49,758,853,825
146,123,120,122,785,891,825
38,20,50,35,672,747,825
13,22,0,19,456,490,825
263,133,215,105,830,948,825
38,21,33,24,651,743,825
89,56,110,66,757,865,825
112,86,75,68,762,857,825
188,78,187,74,805,924,825
285,173,423,279,917,1023,825
276,209,245,161,852,980,825
101,64,152,88,754,853,825
22,30,7,27,540,551,825
32,20,73,32,687,756,825
544,367,420,210,918,1023,825
40,34,68,69,682,743,825
78,70,86,75,714,811,825
23,22,21,34,537,592,825
106,82,151,126,764,859,825
138,73,75,64,749,853,825
681,370,901,420,997,1023,825
263,90,305,99,864,984,825
169,143,205,156,829,957,825
39,42,56,54,603,674,825
54,41,71,32,686,752,826
56,32,72,39,678,747,826
759,411,630,293,956,1023,826
46,56,37,59,618,697,826
27,35,52,72,663,755,826
78,79,58,57,697,792,826
24,23,64,33,682,737,826
90,89,102,89,721,806,826
206,82,230,67,825,947,826
31,33,30,30,634,694,826
245,209,192,174,872,998,826
53,61,73,80,684,748,826
19,31,3,19,471,527,826
349,190,263,150,862,986,826
33,41,69,62,667,755,826
51,53,91,74,711,787,826
44,49,47,39,646,730,826
97,80,130,127,784,886,826
1023,795,673,529,993,1023,826
55,65,28,36,633,675,826
33,20,51,29,657,738,826
390,335,263,224,889,1015,826
40,26,80,38,692,791,826
21,31,10,26,536,617,827
16,20,36,28,606,664,827
50,22,101,42,727,821,827
465,233,497,255,930,1023,827
106,56,165,91,778,878,827
50,37,75,53,684,746,827
72,73,87,84,717,817,827
70,54,122,83,773,878,827
232,225,219,212,780,883,827
208,165,186,140,824,930,827
95,74,113,83,760,863,827
240,115,215,123,844,967,827
59,57,64,56,686,756,827
47,35,43,21,620,698,827
369,320,272,214,865,992,827
27,34,15,37,590,632,827
237,180,284,197,852,981,827
81,63,113,62,720,789,827
55,35,56,35,693,769,827
153,132,189,180,824,939,827
104,81,122,77,741,832,827
163,137,108,101,757,859,827
180,97,190,107,805,910,827
159,85,121,75,770,873,827
38,30,60,31,653,716,828
50,51,42,44,599,692,828
84,47,75,31,748,845,828
71,61,103,97,730,822,828
66,53,130,92,724,829,828
18,21,6,22,542,599,828
38,34,20,31,579,647,828
37,20,42,21,649,703,828
117,80,136,117,790,895,828
428,242,350,188,877,1010,828
134,100,61,39,721,805,828
92,77,36,51,644,724,828
71,52,52,37,697,750,828
114,77,194,121,805,927,828
40,22,39,30,575,633,828
83,64,65,79,690,768,828
171,123,176,150,805,913,828
33,20,16,21,612,648,828
52,33,81,83,707,791,828
68,43,57,62,665,733,828
319,169,222,132,815,930,828
628,215,513,157,935,1023,828
148,65,121,58,787,896,828
143,79,97,58,726,811,828
89,55,72,65,697,775,828
540,439,396,312,907,1023,828
42,20,44,31,643,724,828
67,47,31,28,656,722,828
62,37,54,31,663,739,828
296,133,469,230,897,1023,828
185,145,139,117,739,836,828
73,36,43,28,648,709,828
39,20,36,30,673,748,828
75,55,115,97,742,850,828
38,39,22,39,587,652,828
52,47,47,39,624,697,828
546,390,584,373,949,1023,828
76,56,115,86,757,854,828
120,92,96,72,718,804,828
207,182,179,167,813,922,829
50,40,80,53,692,777,829
18,27,0,16,543,579,829
28,22,58,39,701,769,829
29,20,53,35,660,732,829
32,36,37,34,641,689,829
123,113,40,52,755,839,829
161,131,170,127,786,888,829
66,52,82,53,721,806,829
130,90,168,114,802,895,829
18,26,26,32,599,648,829
76,51,83,45,727,827,829
74,56,101,82,755,854,829
32,23,51,35,653,734,829
171,172,74,73,756,834,829
46,46,45,34,649,687,829
384,313,226,174,837,951,829
17,21,20,38,584,649,829
19,21,15,27,543,594,829
36,38,47,50,633,679,829
104,94,149,138,780,865,829
31,37,47,34,609,681,829
22,26,47,52,666,733,829
16,24,12,29,458,537,829
14,20,11,14,567,601,829
226,91,235,106,846,963,829
47,37,44,29,659,746,829
45,38,48,38,682,745,829
110,85,87,51,752,869,829
29,39,60,64,622,682,829
127,97,93,61,726,823,829
130,112,126,97,765,850,830
47,52,76,73,678,758,830
71,74,28,47,638,711,830
166,133,114,84,805,914,830
49,43,67,44,700,777,830
110,96,78,75,721,821,830
15,26,4,20,394,426,830
30,37,85,85,672,732,830
22,21,44,38,616,700,830
26,28,18,23,610,658,830
204,145,213,155,841,968,830
31,27,49,44,638,707,830
27,21,60,37,677,755,830
148,127,143,112,764,845,830
103,49,155,61,791,894,830
111,75,142,74,793,891,830
173,124,221,158,822,932,830
19,20,51,34,663,738,830
168,98,182,92,806,917,830
40,28,14,24,620,677,830
126,108,90,58,737,820,830
37,31,4,10,639,681,830
199,158,213,182,837,959,830
91,89,69,90,749,828,830
116,89,117,82,749,834,830
24,30,9,29,551,609,830
92,58,87,45,711,790,830
27,22,42,41,632,705,830
41,37,35,44,690,767,830
49,37,58,55,667,767,830
68,47,112,82,753,843,830
356,283,297,250,857,977,831
23,22,46,37,642,704,831
448,266,547,371,941,1023,831
34,21,21,24,586,638,831
75,40,61,27,663,743,831
63,30,87,42,661,737,831
76,57,59,48,637,692,831
29,21,22,18,607,676,831
34,28,35,30,559,637,831
79,60,90,77,745,837,831
30,31,50,52,669,750,831
38,34,22,31,589,673,831
28,23,17,23,571,597,831
78,52,71,48,678,761,831
967,446,977,394,1023,1023,831
20,21,37,47,582,636,831
439,324,438,337,913,1023,831
21,23,35,43,620,661,831
167,168,133,126,766,857,831
60,56,44,27,686,763,831
21,29,21,31,534,616,831
20,28,5,31,576,648,831
467,261,642,414,970,1023,831
108,106,119,111,754,845,831
156,148,125,116,751,841,831
66,57,61,43,655,739,831
70,67,69,52,696,776,831
44,30,113,52,742,822,831
24,30,56,61,674,754,831
196,121,166,89,808,912,831
79,75,89,88,725,816,831
62,67,55,64,697,775,831
35,31,76,51,711,770,831
64,58,60,49,702,797,831
15,23,14,27,578,674,831
81,44,141,69,753,843,831
62,60,28,42,664,735,832
21,25,17,34,601,663,832
23,20,24,20,605,643,832
306,117,351,161,885,1010,832
195,123,301,189,860,990,832
659,494,633,496,967,1023,832
50,47,68,73,715,793,832
129,126,119,102,771,852,832
218,137,344,246,885,1018,832
79,86,33,43,600,665,832
157,101,121,71,829,974,832
42,35,96,75,734,812,832
45,50,79,80,698,767,832
99,48,113,49,708,794,832
22,30,21,33,580,619,832
50,47,45,39,693,759,832
52,39,55,33,697,763,832
200,155,148,107,789,899,832
210,106,175,62,849,980,832
35,26,29,26,603,684,832
159,97,199,140,819,935,832
428,327,361,210,883,1010,832
26,21,34,24,668,722,832
33,23,62,28,670,718,832
791,468,607,296,938,1023,832
88,76,68,56,702,777,832
46,44,27,39,662,738,833
79,67,89,63,716,817,833
52,44,80,66,703,794,833
49,40,78,57,695,781,833
38,40,41,26,630,679,833
519,393,373,278,909,1023,833
77,70,80,70,707,784,833
89,75,74,47,717,809,833
25,27,22,32,544,603,833
49,51,83,94,814,969,833
16,22,7,19,581,596,833
362,167,323,144,859,988,833
15,21,46,50,591,665,833
39,42,52,57,640,700,833
92,54,98,73,734,819,833
49,56,39,46,662,723,833
40,38,27,20,606,660,833
48,43,60,57,692,775,833
188,145,199,142,832,972,833
672,466,742,522,994,1023,833
192,130,205,123,825,943,833
56,43,43,38,645,734,833
78,75,55,75,680,761,833
29,32,12,37,540,612,833
181,139,183,143,847,968,833
377,287,280,231,877,1006,833
268,182,353,269,878,1013,833
398,280,291,207,897,1023,833
49,32,58,60,675,738,833
142,123,90,82,713,788,833
602,408,477,323,946,1023,834
52,43,52,38,637,700,834
85,54,96,45,742,834,834
396,205,702,455,968,1023,834
55,52,54,56,664,733,834
448,337,246,158,883,1017,834
201,133,166,99,755,867,834
77,71,42,55,662,734,834
94,68,115,99,774,879,834
24,24,18,30,516,555,834
185,142,175,160,835,957,834
135,60,117,61,768,870,834
93,80,31,43,768,881,834
368,127,587,298,944,1023,834
151,127,47,47,751,845,834
1023,674,899,531,1023,1023,834
49,46,19,30,622,689,834
112,102,104,113,739,835,834
26,26,32,34,559,656,834
118,106,90,98,737,828,834
136,106,130,100,779,894,834
57,44,63,57,694,769,834
164,108,254,170,850,974,834
56,34,68,34,709,786,834
87,63,57,44,662,727,834
130,117,78,99,746,835,834
47,28,81,69,648,733,834
36,35,35,24,594,656,834
160,62,242,130,842,969,834
23,20,24,26,589,629,834
26,35,5,22,452,313,834
126,39,159,48,788,896,834
59,64,104,107,747,848,834
207,172,252,192,823,946,834
181,141,204,154,822,939,834
169,123,176,82,787,903,834
221,213,133,104,786,883,834
65,63,124,120,728,833,834
29,36,15,30,524,579,835
91,91,93,98,734,816,835
50,24,75,52,708,786,835
162,103,154,86,796,905,835
22,21,75,59,682,759,835
16,26,36,41,613,689,835
27,28,60,36,638,701,835
71,66,104,88,741,830,835
55,63,39,46,666,771,835
404,288,389,283,938,1023,835
197,129,231,153,828,942,835
75,75,68,77,695,768,835
28,28,30,22,610,671,835
62,70,23,35,677,740,835
25,21,32,35,631,685,835
36,30,49,31,642,750,835
112,51,151,61,792,899,835
43,26,55,28,684,753,835
27,26,50,54,638,676,835
122,118,131,127,761,860,835
132,141,42,63,677,740,835
62,40,24,28,635,714,835
84,82,45,38,648,700,835
84,81,37,37,649,717,835
59,44,25,37,650,722,835
224,195,115,101,773,877,835
205,161,204,146,815,935,835
44,31,51,28,643,718,835
20,23,26,38,585,620,835
21,21,35,25,577,623,835
160,71,219,85,815,931,835
289,266,344,323,857,978,835
31,31,67,50,657,725,835
46,23,86,52,710,782,835
20,21,59,52,665,749,835
126,96,174,144,772,869,836
204,97,251,99,835,954,836
88,72,66,78,687,767,836
32,20,32,25,590,626,836
68,44,77,73,720,787,836
61,39,33,35,643,681,836
187,145,118,120,785,886,836
97,73,46,45,713,782,836
35,25,28,37,561,617,836
31,21,34,30,587,631,836
49,23,51,37,666,738,836
42,25,10,18,601,640,836
92,64,48,60,632,703,836
346,266,248,173,848,971,836
73,30,83,32,712,780,836
87,46,108,63,728,821,836
125,106,47,61,709,789,836
121,66,77,52,739,835,836
150,110,95,87,754,842,836
260,138,309,178,862,991,836
35,24,15,19,585,627,836
503,285,358,191,896,1023,836
79,26,80,23,712,784,836
156,114,65,47,720,811,836
145,58,204,71,790,912,836
246,158,217,111,843,963,836
58,28,79,41,715,789,837
43,33,31,31,590,656,837
47,41,3,19,543,595,837
185,141,166,137,763,856,837
120,68,136,87,727,825,837
62,35,55,34,664,737,837
128,91,60,54,738,838,837
272,232,192,180,867,1020,837
37,25,51,45,688,769,837
39,35,26,42,522,566,837
33,27,18,30,547,579,837
789,418,973,591,1023,1023,837
185,122,101,83,722,815,837
69,66,24,31,631,675,837
29,31,16,25,581,650,837
80,60,111,70,748,837,837
116,110,50,58,683,752,837
67,63,54,56,688,756,837
36,23,36,15,616,672,837
848,381,1023,490,1023,1023,837
217,144,278,161,847,976,837
102,93,116,94,742,832,837
33,38,26,35,0,381,837
355,215,394,193,914,1023,837
85,86,53,60,672,759,837
228,188,249,204,824,942,837
163,158,102,110,753,843,837
225,181,175,129,818,924,837
626,325,727,399,987,1023,837
14,23,32,44,542,614,837
79,81,73,58,679,765,837
278,213,212,166,843,980,837
18,25,18,32,562,596,837
116,120,96,100,755,866,837
50,47,73,58,698,782,837
109,90,104,72,763,850,837
13,25,0,14,391,448,837
107,89,72,66,731,818,837
166,147,139,85,775,871,837
23,20,51,28,646,712,837
31,33,34,26,618,674,837
156,91,158,81,792,877,837
79,54,82,49,703,803,837
27,34,18,27,551,618,837
63,53,102,74,705,777,837
124,74,152,86,812,921,837
170,164,91,106,746,829,837
28,26,35,28,610,662,837
232,129,213,112,850,971,838
510,398,555,466,945,1023,838
111,95,123,110,743,832,838
443,172,397,139,910,1023,838
37,33,76,75,676,764,838
35,26,41,24,642,686,838
83,62,94,53,728,818,838
91,42,119,41,768,853,838
32,26,57,43,666,745,838
38,25,61,34,678,741,838
97,94,95,80,730,812,838
363,236,264,129,864,998,838
59,40,76,45,706,777,838
306,228,353,309,919,1023,838
176,90,168,105,802,907,838
173,149,205,178,810,924,838
35,24,59,29,672,756,838
97,57,109,67,743,856,838
315,277,235,214,834,949,838
14,20,23,28,527,569,838
280,110,479,222,903,1023,839
124,67,104,54,735,829,839
84,65,113,108,771,864,839
136,76,87,47,732,823,839
30,26,59,60,635,667,839
55,30,67,28,686,771,839
43,40,26,30,611,665,839
116,79,173,125,800,901,839
37,35,27,43,558,621,839
287,140,284,188,896,1023,839
76,46,92,47,720,819,839
216,141,162,110,802,914,839
138,122,123,111,755,845,839
95,85,115,110,742,836,839
121,107,97,94,724,815,839
240,173,199,156,854,975,839
45,33,60,50,662,741,839
128,79,101,56,727,820,839
80,63,10,15,643,723,839
54,27,67,37,676,749,839
77,70,49,62,701,767,839
42,35,84,48,690,776,839
932,562,713,375,977,1023,839
87,74,46,34,668,752,839
54,46,22,32,602,684,839
34,35,49,63,606,658,839
124,114,124,106,747,839,839
174,130,184,136,803,920,839
52,37,33,21,676,756,839
98,92,87,73,739,817,840
33,26,18,23,572,636,840
46,38,50,40,686,735,840
325,196,422,221,910,1023,840
118,71,209,149,793,908,840
75,41,82,43,706,800,840
46,35,42,41,619,691,840
94,47,114,75,756,871,840
23,23,60,44,637,691,840
60,29,88,37,716,803,840
174,142,189,159,812,926,840
12,20,1,11,523,547,840
149,92,193,119,799,904,840
27,20,43,28,667,715,840
143,116,138,105,805,918,840
80,57,85,41,723,795,840
71,36,72,40,722,813,840
226,204,149,111,813,930,840
185,139,115,88,766,858,840
74,41,119,70,747,829,840
34,20,54,28,644,700,840
24,23,28,24,620,686,840
20,25,17,19,572,632,840
306,209,321,190,874,1006,840
34,40,64,63,682,769,840
42,34,50,30,655,731,840
60,40,68,34,700,777,840
16,24,15,32,585,647,840
172,99,181,86,811,939,840
57,48,85,76,704,773,840
128,98,148,110,796,906,840
74,80,79,98,711,795,840
51,59,43,60,630,672,840
335,272,353,306,887,1015,840
107,95,171,140,803,909,840
609,370,392,254,935,1023,840
22,28,17,36,637,689,840
91,89,110,85,734,816,840
38,42,54,51,669,719,840
274,165,320,214,864,993,840
36,40,39,39,650,705,840
230,197,147,124,826,934,840
27,26,44,37,631,702,840
56,49,64,41,653,719,840
65,70,60,79,678,746,840
163,132,104,96,773,874,840
53,47,96,80,702,772,840
445,291,430,223,926,1023,840
115,88,103,68,731,816,840
48,48,42,50,659,748,841
206,156,125,97,795,897,841
322,273,281,233,888,1016,841
64,44,97,69,719,804,841
104,102,91,110,740,838,841
512,373,494,337,948,1023,841
77,75,41,43,679,755,841
58,48,48,36,682,762,841
38,32,68,31,676,731,841
50,35,46,16,675,752,841
150,144,142,130,784,892,841
136,115,157,120,812,915,841
53,50,39,45,683,742,841
40,20,63,31,678,742,841
35,38,32,40,617,675,841
90,90,76,82,708,796,841
49,35,59,35,681,740,841
188,171,160,151,778,880,841
79,67,97,77,732,810,841
126,97,215,182,822,936,841
53,36,70,44,688,779,841
45,43,70,53,676,731,841
61,53,48,41,660,725,841
84,75,24,32,678,741,841
58,55,44,21,656,723,841
100,45,112,46,739,837,841
20,22,8,16,549,596,841
77,74,46,61,691,756,841
162,120,157,88,792,888,841
46,25,43,36,638,722,841
77,52,63,46,694,785,841
445,324,382,311,910,1023,841
44,26,47,51,568,646,841
135,70,193,124,800,907,842
95,80,76,68,736,833,842
68,56,117,110,752,867,842
183,74,216,103,817,934,842
77,50,50,29,693,790,842
323,143,363,211,887,1023,842
55,36,27,26,647,700,842
40,21,25,20,651,706,842
45,30,25,33,614,709,842
211,144,216,163,793,902,842
89,42,84,63,738,831,842
55,37,49,57,655,719,842
203,130,203,171,845,963,842
37,29,16,31,521,553,842
296,98,248,63,831,949,842
99,77,78,88,742,827,842
44,24,36,25,661,723,842
99,66,101,86,755,851,842
61,42,33,40,678,763,842
62,38,65,61,674,748,842
223,90,251,134,849,964,842
38,34,40,51,597,657,842
42,36,42,39,632,692,842
17,20,0,10,374,434,842
162,83,131,76,793,893,842
43,25,32,23,622,681,842
300,247,190,184,838,960,842
44,31,27,22,646,719,843
473,160,411,116,913,1023,843
43,20,59,24,668,755,843
95,72,67,69,698,781,843
865,410,980,581,1023,1023,843
151,113,201,126,811,920,843
69,39,81,33,690,767,843
80,59,50,35,693,790,843
32,25,44,36,629,681,843
39,21,52,28,668,735,843
238,201,248,199,826,944,843
17,21,21,25,612,640,843
37,36,49,46,632,687,843
178,153,179,149,804,915,843
108,95,148,113,775,863,843
31,25,15,19,578,644,843
215,179,130,102,800,905,843
170,138,141,102,767,869,843
59,43,113,95,757,843,843
22,29,41,57,619,657,843
81,75,52,56,724,796,843
61,39,171,106,762,854,843
381,215,417,145,914,1023,843
80,54,142,101,764,868,843
191,179,133,147,780,872,843
210,118,261,120,854,986,843
93,82,147,121,762,855,843
47,50,80,76,695,766,843
172,158,151,132,790,896,843
71,45,89,51,715,798,843
175,126,129,77,775,876,843
38,33,43,28,655,721,843
11,20,20,36,620,665,843
64,54,98,85,723,803,843
140,77,112,64,766,862,843
64,56,62,46,676,748,843
35,43,39,48,619,671,843
11,20,3,22,533,560,843
34,23,43,40,655,722,843
151,70,189,79,812,920,844
53,46,60,38,660,746,844
438,301,573,375,950,1023,844
59,47,38,24,665,741,844
52,51,40,41,653,710,844
187,167,169,128,815,915,844
80,73,99,98,736,813,844
165,144,137,122,795,902,844
89,90,34,39,683,755,844
94,80,116,65,726,817,844
177,80,248,105,805,928,844
35,32,16,35,551,601,844
191,88,254,124,837,953,844
127,91,114,57,771,863,844
210,149,180,121,830,944,844
81,57,103,68,763,856,844
23,22,27,30,625,687,844
89,82,63,73,700,778,844
193,156,167,143,798,906,844
57,40,80,77,736,845,844
174,90,138,107,816,933,844
75,45,59,34,673,750,844
120,67,97,70,735,834,844
343,220,252,129,829,947,844
39,23,21,16,581,638,844
180,75,170,97,806,913,844
162,130,191,179,794,912,844
35,21,48,40,612,707,844
214,143,172,102,794,905,844
45,29,51,46,662,725,844
40,28,9,27,560,614,844
81,44,63,42,692,779,844
61,44,26,41,627,691,844
189,165,109,124,760,860,844
24,24,0,15,0,400,844
204,179,114,105,788,885,844
63,33,76,50,711,791,844
114,73,73,50,722,801,844
42,40,8,31,526,618,844
316,251,197,176,822,940,844
625,425,631,469,949,1023,844
67,33,66,49,656,731,844
70,51,32,44,655,722,845
88,44,82,39,719,792,845
169,140,81,98,726,793,845
136,94,103,69,757,853,845
42,26,34,33,513,580,845
417,109,368,114,888,1022,845
53,20,41,24,659,737,845
72,47,105,80,757,858,845
149,87,158,88,793,894,845
121,50,162,98,780,887,845
66,56,54,62,669,759,845
330,220,308,232,908,1023,845
32,24,9,14,475,535,845
80,54,58,41,739,831,845
156,115,133,107,783,897,845
38,30,37,43,634,717,845
341,231,330,227,878,1006,845
42,39,23,36,607,673,845
23,23,0,24,525,564,845
76,49,82,35,698,772,845
51,29,64,38,691,753,845
41,33,28,29,603,657,845
1023,758,1002,695,1023,1023,845
38,26,56,48,642,715,845
101,69,171,118,767,874,845
110,76,93,66,732,826,845
131,110,101,93,721,811,845
26,28,33,38,630,692,845
67,53,86,77,720,791,845
28,28,26,30,644,694,846
129,69,158,65,793,897,846
58,60,51,58,666,730,846
79,74,77,79,726,807,846
48,35,34,27,642,699,846
132,93,384,271,850,964,846
24,26,31,20,652,702,846
29,32,47,41,609,660,846
62,61,84,79,716,802,846
1023,487,942,359,1010,1023,846
359,320,204,181,850,966,846
18,27,4,23,633,683,846
26,24,59,40,682,749,846
184,111,151,54,789,886,846
228,162,370,284,886,1017,846
122,90,218,157,807,918,846
14,21,4,17,542,569,846
34,35,64,55,676,745,846
226,159,178,132,826,937,846
62,62,88,90,712,784,846
45,51,38,40,627,699,846
19,21,37,47,619,653,846
32,36,42,32,660,716,846
52,56,38,40,668,732,846
25,33,35,49,627,676,846
56,42,83,51,703,785,846
117,76,136,74,771,871,847
239,127,216,114,841,959,847
27,30,41,43,623,679,847
222,164,180,126,809,920,847
461,337,429,307,934,1023,847
121,104,100,79,774,870,847
108,63,99,70,740,826,847
470,294,487,277,929,1023,847
37,33,43,29,613,672,847
25,25,37,40,639,713,847
60,52,89,73,710,768,847
186,163,131,104,762,862,847
201,181,159,134,815,919,847
107,96,89,57,770,868,847
37,37,47,55,687,740,847
36,40,43,49,662,728,847
142,78,160,84,794,901,847
68,56,94,68,704,796,847
244,191,191,146,830,940,847
79,81,71,85,707,781,847
228,121,323,165,868,996,847
75,77,38,41,653,712,847
41,43,28,41,601,672,847
79,76,59,61,631,692,847
680,446,692,489,974,1023,847
41,24,54,39,673,740,847
249,109,249,110,833,958,847
44,45,1,30,547,526,847
45,30,90,77,676,757,847
38,21,4,19,546,618,847
41,31,29,26,586,670,847
95,42,111,40,736,841,847
351,150,472,271,896,1023,847
31,23,30,45,657,735,847
155,88,105,63,749,843,848
290,155,395,230,884,1018,848
46,34,58,41,669,736,848
78,40,87,53,715,815,848
48,41,39,52,573,643,848
69,56,36,38,670,726,848
131,70,269,192,819,930,848
39,20,34,29,639,697,848
248,208,165,156,839,957,848
39,35,30,43,604,663,848
62,52,11,16,633,710,848
94,90,68,70,692,789,848
291,237,304,237,870,999,848
199,146,163,100,803,915,848
245,200,294,243,882,1017,848
31,33,23,31,585,601,848
97,84,96,79,742,840,848
538,348,424,216,925,1023,848
80,67,76,70,709,796,848
233,181,166,123,813,932,848
54,53,73,78,702,797,848
235,199,252,200,838,965,848
74,32,117,52,738,835,849
23,23,86,61,694,770,849
374,176,383,114,908,1023,849
21,29,4,13,575,630,849
55,36,115,59,740,821,849
919,610,679,340,1000,1023,849
475,202,653,394,944,1023,849
47,23,74,48,703,778,849
32,27,66,51,662,714,849
44,31,72,63,691,751,849
110,60,109,81,750,848,849
590,385,503,308,958,1023,849
31,39,5,23,485,575,849
47,39,66,45,679,750,849
106,81,106,66,748,835,849
180,161,100,88,801,904,849
78,44,77,46,711,786,849
534,350,521,299,917,1023,849
175,99,116,53,754,846,849
40,28,61,38,671,737,849
203,167,253,204,807,909,849
62,48,80,67,712,786,849
86,85,63,66,685,759,849
46,43,47,40,640,692,849
169,152,199,164,820,927,849
127,105,120,80,737,813,849
27,33,44,63,634,703,849
21,23,20,28,560,600,849
308,159,362,192,875,1006,849
730,442,408,221,961,1023,849
80,64,94,73,747,815,850
37,40,27,34,628,686,850
53,45,57,43,724,838,850
35,35,39,31,657,735,850
25,24,28,21,578,613,850
104,63,95,65,722,814,850
287,182,285,159,869,1009,850
48,24,52,32,671,733,850
54,48,43,57,726,802,850
217,179,137,95,766,868,850
94,82,85,100,734,817,850
65,60,32,42,677,733,850
57,34,73,38,717,806,850
29,21,14,20,597,641,850
73,61,17,40,632,701,850
244,140,391,209,873,1002,850
190,158,155,126,805,907,850
550,382,502,395,974,1023,850
50,27,80,42,702,781,850
92,45,121,59,742,825,850
32,26,6,22,471,555,850
568,330,676,417,967,1023,850
103,81,90,90,742,832,850
78,55,55,40,671,755,850
73,47,124,98,774,861,850
55,27,52,33,640,712,850
51,26,10,24,572,586,850
85,34,78,33,697,781,850
51,29,32,19,610,688,850
705,350,668,354,973,1023,850
284,128,311,129,858,990,850
124,83,167,108,779,877,850
295,225,279,205,860,983,850
63,26,53,26,705,774,850
271,203,192,146,807,914,850
319,259,254,225,851,963,850
240,141,88,87,759,875,850
274,165,283,171,845,975,850
310,214,258,198,856,983,850
46,38,29,49,599,666,850
95,83,26,42,601,636,850
237,185,260,224,842,963,850
78,67,90,99,716,797,850
132,56,141,50,773,865,851
25,20,4,25,442,544,851
29,26,18,20,541,603,851
41,27,37,24,602,673,851
35,26,0,7,569,626,851
102,75,81,56,731,814,851
85,62,63,50,696,774,851
42,31,36,40,592,648,851
37,26,19,15,591,617,851
62,45,64,56,693,769,851
46,33,41,40,648,711,851
109,98,92,87,755,841,851
141,122,95,83,777,887,851
482,319,370,233,894,1023,851
16,23,31,46,568,603,851
57,54,58,67,648,746,851
124,63,107,54,733,832,851
57,36,53,40,653,718,851
120,76,112,75,784,886,851
131,118,116,112,731,818,851
60,51,62,54,672,737,851
34,37,16,23,602,660,851
50,28,53,18,682,736,851
174,147,138,130,799,911,851
45,31,35,31,650,705,851
30,26,68,58,682,751,851
78,72,85,71,728,821,851
46,23,58,33,665,723,851
36,38,55,65,674,748,851
36,34,16,18,599,640,852
59,43,52,41,673,731,852
26,23,29,25,612,668,852
122,103,66,47,742,828,852
94,79,94,70,724,803,852
66,37,111,71,756,862,852
134,64,184,85,804,906,852
163,141,143,132,768,867,852
21,21,2,15,471,542,852
52,42,47,34,639,702,852
196,140,212,127,832,952,852
29,20,29,36,704,788,852
119,120,40,50,737,818,852
33,24,54,42,606,656,852
16,24,11,28,533,612,852
42,49,46,61,632,703,852
90,73,87,48,745,814,852
38,42,31,50,587,652,852
122,103,137,112,800,899,852
44,25,75,43,693,772,852
97,92,58,55,744,824,852
179,115,148,104,786,880,852
95,54,133,89,768,864,852
63,34,100,49,714,788,852
873,382,1023,478,1023,1023,852
158,84,127,55,760,855,853
65,50,90,70,717,810,853
530,395,477,365,940,1023,853
85,48,88,41,697,765,853
55,20,110,33,739,829,853
92,80,63,63,691,768,853
67,56,110,97,735,801,853
168,124,149,75,807,942,853
155,138,55,64,731,819,853
234,111,225,105,830,952,853
64,36,36,28,711,802,853
289,125,294,141,867,1006,853
207,136,145,112,775,873,853
88,46,63,40,662,740,853
215,113,150,84,797,897,853
170,156,84,78,736,827,853
49,42,28,51,571,629,853
103,64,184,158,796,901,853
101,44,85,37,690,761,853
74,56,26,38,641,713,853
477,166,325,100,864,988,853
39,31,3,16,531,586,853
77,60,77,83,730,823,853
91,62,147,105,757,852,853
35,25,22,31,489,561,853
47,31,33,34,625,689,853
36,20,42,40,637,685,853
68,34,71,35,689,759,853
102,63,107,76,743,831,853
36,25,0,15,485,606,853
265,139,261,140,853,975,853
32,24,20,26,541,597,853
272,144,228,161,834,946,853
171,104,179,131,819,931,853
96,70,75,66,688,785,853
26,20,14,36,483,562,853
94,68,86,78,690,783,853
57,29,39,21,684,742,853
121,84,113,87,750,851,853
49,33,49,48,610,699,853
143,84,103,68,758,857,853
33,26,17,27,609,674,854
348,108,347,118,874,1003,854
64,46,97,87,744,830,854
64,57,58,63,695,764,854
139,132,92,92,715,801,854
30,28,39,28,635,698,854
82,73,42,47,675,759,854
39,27,17,17,612,665,854
59,55,119,90,762,857,854
34,37,36,27,629,700,854
53,50,75,49,695,772,854
309,227,344,264,877,1001,854
116,49,152,46,769,865,854
188,116,149,72,802,913,854
32,25,36,41,594,684,854
72,69,77,66,707,790,854
24,32,14,31,557,590,854
45,42,50,36,650,712,854
241,112,291,152,845,963,854
32,32,98,96,723,811,854
34,42,40,62,619,672,854
29,22,56,31,648,712,854
20,29,13,27,531,566,854
534,377,666,477,981,1023,854
150,119,190,153,833,952,855
24,21,26,19,600,612,855
58,52,29,39,683,746,855
30,20,37,23,630,704,855
56,36,71,46,674,743,855
39,27,54,45,693,758,855
31,32,39,31,624,692,855
679,302,623,261,959,1023,855
32,22,51,39,642,709,855
447,268,487,296,932,1023,855
31,22,45,26,655,727,855
182,120,184,113,824,939,855
26,31,28,35,614,654,855
348,264,379,294,869,996,855
49,39,52,47,652,723,855
181,127,237,176,842,948,855
53,31,102,48,749,837,855
197,151,197,159,821,926,855
213,164,296,216,854,978,855
65,57,94,80,705,792,855
20,27,0,6,526,572,855
20,22,18,24,565,645,855
51,50,39,37,630,716,855
22,25,31,45,597,621,856
28,29,8,26,446,512,856
104,94,53,73,701,777,856
109,51,115,44,769,872,856
290,143,177,102,837,955,856
318,140,208,114,850,982,856
145,96,175,97,797,899,856
23,21,22,30,545,575,856
230,138,198,124,836,952,856
58,58,58,69,677,759,856
42,37,64,55,692,769,856
52,41,21,23,619,675,856
76,53,62,42,713,808,856
114,65,133,80,807,932,856
184,76,175,83,810,917,856
90,65,93,89,717,804,856
210,166,180,155,804,912,856
68,43,73,33,728,817,856
789,360,652,236,978,1023,856
49,20,63,30,687,781,856
35,27,8,18,490,567,856
476,195,415,171,917,1023,856
41,26,36,29,635,719,856
241,111,201,77,825,947,856
124,112,68,87,712,792,856
40,31,31,27,627,686,856
99,77,67,52,681,766,856
159,55,118,52,754,850,856
42,37,23,32,594,657,856
428,287,444,270,910,1023,856
223,166,313,241,899,1023,856
45,31,53,36,666,728,856
275,261,183,192,825,933,857
135,81,124,89,757,862,857
910,511,888,595,1023,1023,857
35,31,17,30,600,659,857
25,23,48,46,613,694,857
48,31,72,51,704,772,857
37,21,55,34,632,722,857
214,151,311,212,863,985,857
39,42,83,79,656,722,857
53,33,50,34,661,740,857
89,79,60,64,657,738,857
25,24,10,28,595,656,857
11,20,0,21,0,446,857
56,50,68,54,693,773,857
76,66,134,82,766,869,857
44,40,60,48,695,756,857
31,34,46,47,649,699,857
106,93,100,81,751,834,857
24,28,14,28,630,693,857
96,83,109,107,750,840,857
24,33,27,37,600,652,857
72,63,85,70,749,841,857
32,32,67,43,670,721,857
63,57,63,60,736,820,857
51,49,126,109,738,826,857
40,35,49,40,659,722,857
279,166,307,166,886,1013,857
652,518,388,231,921,1023,857
146,104,237,137,838,951,857
218,169,253,187,835,950,857
113,92,139,109,762,859,857
232,173,377,283,880,1007,857
258,114,236,119,847,963,857
155,123,89,65,767,856,857
98,91,63,71,742,819,858
18,25,30,49,575,619,858
166,132,84,57,741,835,858
120,93,95,64,749,849,858
70,52,50,30,684,763,858
33,30,25,25,589,614,858
12,21,19,28,516,552,858
25,25,34,36,685,767,858
83,55,108,40,759,835,858
154,155,102,108,735,819,858
59,65,16,44,640,695,858
32,23,42,27,593,650,858
273,192,266,201,834,949,858
31,32,25,26,565,635,858
12,20,21,29,516,525,858
162,105,108,61,753,836,858
27,35,31,48,612,699,858
45,29,27,20,607,672,858
22,25,50,49,574,639,858
180,166,105,93,788,885,858
396,226,416,269,905,1023,858
55,47,20,42,572,644,858
68,55,56,69,674,750,858
49,35,43,31,680,753,858
36,24,59,35,692,759,858
285,147,294,135,853,976,858
94,80,77,68,721,819,858
66,54,64,64,685,758,859
243,198,230,176,831,948,859
115,93,70,46,736,839,859
48,25,41,23,596,692,859
120,68,118,67,742,840,859
38,20,60,35,685,750,859
56,51,26,48,637,705,859
61,27,60,28,675,771,859
55,35,16,12,626,680,859
25,20,0,19,464,518,859
38,30,6,27,497,552,859
46,37,45,64,596,657,859
134,95,162,135,799,898,859
106,70,146,89,762,845,859
53,43,29,44,618,677,859
170,121,192,122,790,890,859
193,147,178,133,803,910,859
69,47,17,20,675,783,859
91,61,113,110,758,856,859
115,52,122,60,762,851,859
42,28,22,33,602,652,859
40,20,22,23,602,672,859
663,260,558,286,955,1023,859
244,132,160,92,818,921,859
63,54,18,43,551,624,859
71,48,88,78,679,777,859
38,34,3,22,512,577,859
116,97,126,118,760,848,859
63,41,75,65,676,745,859
490,334,438,325,946,1023,859
65,48,34,30,640,729,859
36,20,23,21,589,627,859
57,24,49,42,637,726,859
50,26,63,43,666,732,859
211,152,157,107,794,907,860
31,21,21,25,531,563,860
44,29,42,35,646,720,860
51,43,33,44,609,678,860
125,86,98,77,739,827,860
290,244,169,181,824,938,860
164,132,108,91,744,831,860
1023,939,1023,604,1023,1023,860
166,129,195,156,807,920,860
178,150,121,89,740,832,860
29,26,18,17,549,644,860
27,21,23,19,557,643,860
67,46,111,103,732,822,860
81,50,101,80,729,821,860
53,45,33,44,579,656,860
56,35,60,44,696,783,860
112,69,142,76,746,831,860
163,113,120,79,786,888,860
74,52,48,42,681,762,860
77,55,69,42,743,836,860
175,135,189,97,801,910,860
27,33,37,38,627,666,860
73,64,76,79,750,841,860
38,34,63,30,677,733,860
40,36,41,29,651,717,860
14,21,41,35,622,705,860
198,176,167,122,803,907,860
54,32,76,55,702,780,860
151,137,118,89,765,853,860
235,188,221,164,825,939,860
433,292,319,256,874,1007,860
36,34,62,53,693,775,860
40,36,75,40,685,763,860
23,28,43,42,639,698,860
345,184,422,209,891,1023,860
23,28,35,35,601,691,860
93,84,184,149,796,892,861
482,327,481,315,921,1023,861
33,33,94,72,711,782,861
26,25,56,50,647,715,861
36,38,80,82,690,758,861
29,27,19,30,526,597,861
1023,1021,1023,925,1023,1023,861
190,143,179,157,795,889,861
14,20,16,33,570,627,861
233,172,378,294,850,978,861
54,32,83,50,725,815,861
228,166,256,196,829,952,861
42,30,31,30,612,678,861
200,125,197,98,796,904,861
103,54,106,51,758,860,861
70,45,78,57,663,750,861
51,21,72,31,687,769,861
133,104,124,111,778,878,861
136,57,154,90,776,888,861
28,20,17,13,580,611,861
42,35,22,29,566,618,861
467,154,485,181,926,1023,861
58,24,80,62,686,755,861
133,88,83,60,747,855,862
230,159,151,123,792,899,862
420,239,483,319,951,1023,862
102,84,101,96,726,802,862
72,56,55,58,650,733,862
95,55,130,106,740,844,862
41,27,17,18,530,608,862
113,84,142,130,771,866,862
554,298,418,193,918,1023,862
107,60,80,46,690,777,862
97,62,122,91,767,872,862
226,126,184,64,808,931,862
115,81,158,146,792,892,862
69,44,77,51,726,805,862
112,91,87,74,749,834,862
41,35,13,26,610,675,862
53,56,50,64,650,708,862
104,85,58,52,723,819,862
143,64,134,56,746,851,862
104,80,121,99,741,832,862
116,97,196,167,795,917,863
34,20,33,32,664,734,863
176,143,263,230,836,948,863
45,26,53,47,644,711,863
24,21,55,34,669,727,863
37,29,55,27,672,766,863
27,31,36,46,679,760,863
300,185,302,144,857,1002,863
113,99,107,71,753,842,863
26,29,17,20,589,645,863
580,222,854,299,991,1023,863
26,29,20,31,551,638,863
45,38,97,62,704,802,863
32,21,47,27,635,701,863
52,40,78,72,712,803,863
35,35,17,28,625,699,863
96,92,75,91,733,825,863
180,178,150,155,747,847,863
319,129,322,155,893,1021,863
107,88,105,96,761,861,863
35,34,71,56,683,774,863
166,162,141,150,748,854,863
42,33,30,30,659,717,863
40,46,26,37,642,711,863
17,20,24,26,349,251,863
88,91,82,99,734,830,863
39,35,57,51,691,767,863
56,27,108,37,737,813,863
78,81,28,34,683,756,863
145,119,176,134,801,912,863
46,32,81,47,709,779,863
248,173,279,144,849,959,863
298,226,335,228,855,976,863
73,58,70,57,684,774,863
42,42,46,51,653,723,863
304,194,272,189,870,1001,863
37,33,55,49,648,719,863
105,99,123,128,794,900,863
50,41,108,95,727,813,863
73,75,50,58,660,716,863
24,28,41,40,634,674,863
42,43,36,34,649,725,863
27,33,38,46,620,672,863
105,96,92,75,731,796,863
167,119,187,145,825,938,863
134,114,248,217,833,943,863
76,50,158,65,794,907,863
42,43,62,66,707,788,863
153,76,169,105,791,900,863
118,90,131,119,775,872,864
144,86,168,88,792,914,864
501,355,347,269,900,1023,864
314,241,371,269,882,1017,864
49,45,54,43,631,692,864
81,74,75,77,722,821,864
92,85,94,111,723,807,864
19,23,13,20,529,571,864
68,42,128,93,734,826,864
156,141,132,140,769,873,864
51,37,85,77,679,766,864
78,55,82,55,722,816,864
354,262,296,188,849,982,864
89,72,75,62,680,768,864
127,66,176,120,794,901,864
54,27,51,24,667,746,864
145,103,182,151,808,920,864
14,20,10,30,587,693,864
49,39,71,43,683,763,864
237,149,311,196,856,984,864
25,33,3,24,527,577,864
34,29,41,59,593,667,864
1023,823,1023,725,1023,1023,864
38,29,8,17,486,549,864
51,31,80,47,701,783,864
145,72,140,77,783,881,864
69,60,78,79,727,840,864
31,26,32,32,676,762,865
48,30,26,24,587,655,865
126,110,65,79,737,838,865
168,87,81,62,722,827,865
31,20,26,24,615,706,865
53,28,46,33,661,728,865
82,63,30,42,686,759,865
109,70,91,57,752,848,865
51,42,37,44,637,709,865
48,40,37,44,629,724,865
29,25,7,15,561,594,865
168,106,243,167,843,973,865
227,201,200,200,821,937,865
89,66,98,82,731,813,865
92,73,50,29,690,788,865
45,22,59,25,675,749,865
31,21,39,21,616,684,865
99,78,94,64,732,819,865
43,28,95,41,712,784,865
25,24,18,32,573,677,865
24,20,57,39,618,695,866
55,51,80,63,704,774,866
35,32,34,36,645,723,866
36,21,63,59,655,744,866
138,122,106,107,798,913,866
70,58,90,71,737,834,866
30,26,37,42,581,656,866
69,45,104,66,730,824,866
49,33,79,48,680,759,866
96,61,114,59,723,807,866
102,86,73,67,681,761,866
31,22,10,20,633,678,866
128,82,154,80,775,864,866
26,27,56,40,661,721,866
21,25,52,53,666,735,866
168,145,104,67,777,894,866
172,115,199,136,806,909,866
32,23,37,24,632,657,866
189,168,156,156,829,944,866
110,104,95,100,778,883,866
44,47,38,48,644,725,866
20,27,40,52,595,660,866
158,110,167,100,775,877,866
49,59,0,28,564,632,866
65,75,3,28,595,648,866
48,58,2,17,607,645,866
164,120,171,137,795,895,866
15,23,23,40,598,646,866
52,46,67,49,694,767,866
104,66,126,71,752,845,866
140,85,187,84,787,896,866
37,35,46,46,630,684,866
45,22,87,38,705,762,866
162,121,147,113,784,888,866
75,56,78,44,722,795,866
36,30,56,47,686,757,866
178,151,162,152,794,901,866
47,39,56,43,648,720,866
27,20,53,28,654,709,866
91,83,78,85,718,808,866
18,24,10,29,502,581,866
37,21,55,28,664,735,867
50,25,80,52,708,787,867
77,57,140,105,771,856,867
45,30,37,38,574,645,867
212,159,160,138,819,933,867
52,40,93,83,712,800,867
21,22,15,35,550,590,867
48,38,66,65,681,763,867
75,65,52,53,638,692,867
134,57,94,49,746,838,867
56,24,27,24,622,682,867
44,21,35,28,592,650,867
54,34,31,31,671,781,867
50,37,20,46,593,662,867
71,46,104,99,718,801,867
104,85,70,84,695,773,867
117,81,66,59,691,771,867
142,100,144,121,760,860,867
134,93,148,116,768,878,867
309,224,297,215,871,1000,867
122,88,119,103,740,836,868
140,84,214,160,857,975,868
143,91,134,123,786,889,868
69,39,29,31,580,660,868
868,381,844,364,1004,1023,868
54,20,50,29,624,701,868
69,47,63,62,688,776,868
125,100,100,84,719,799,868
50,21,50,19,656,748,868
30,21,19,25,585,634,868
43,24,93,50,727,795,868
30,35,14,26,563,636,868
58,47,45,48,685,768,868
31,20,74,40,668,733,868
82,76,78,78,743,834,868
209,155,209,155,815,936,868
61,52,76,55,698,790,868
254,199,217,165,851,968,868
254,208,216,192,843,962,868
50,52,62,78,690,762,868
97,88,79,52,738,804,869
53,56,61,71,706,778,869
92,93,58,43,696,764,869
13,21,0,15,518,578,869
91,84,117,87,734,820,869
38,33,94,77,713,789,869
122,112,145,129,774,864,869
269,129,339,167,863,985,869
28,22,50,28,659,733,869
44,24,54,22,673,732,869
64,61,58,58,679,743,869
85,91,34,55,652,723,869
266,215,187,144,820,926,869
152,128,198,157,815,922,869
222,188,185,161,811,915,869
114,85,71,39,731,820,869
157,154,126,139,740,835,869
48,40,90,82,701,770,869
68,33,68,42,698,776,869
57,49,90,83,716,810,869
152,121,65,47,762,855,869
68,45,107,59,732,809,869
24,26,51,36,654,719,869
90,49,134,71,768,864,869
30,35,55,51,642,679,869
45,52,41,35,641,699,869
148,123,132,93,773,877,869
169,141,165,132,813,928,869
145,56,152,68,776,877,869
734,473,710,451,977,1023,869
97,54,162,104,745,842,869
304,210,412,269,885,1017,869
70,53,88,52,666,759,869
89,65,108,63,705,776,869
533,345,586,293,963,1023,869
476,359,367,288,901,1023,869
430,206,321,186,892,1023,869
29,26,30,27,621,706,869
86,68,59,60,676,754,869
29,32,34,35,647,724,869
27,27,14,21,563,644,869
43,38,33,34,583,658,869
25,21,0,18,457,483,869
78,36,112,54,735,839,869
44,29,75,57,694,770,869
152,63,180,80,785,884,869
22,20,18,27,538,608,869
129,60,170,125,792,904,870
62,38,54,43,729,836,870
80,51,34,44,630,720,870
88,76,40,63,623,685,870
37,30,0,16,544,572,870
132,57,92,48,748,840,870
141,90,206,153,797,901,870
108,65,163,100,775,873,870
108,75,111,103,742,832,870
55,36,21,35,594,678,870
45,20,47,18,618,689,870
155,118,141,129,786,902,870
71,46,78,55,706,787,870
25,22,32,30,588,640,870
266,228,183,134,790,907,870
70,45,72,56,715,805,870
62,49,87,71,715,798,870
38,27,44,49,604,662,870
38,25,29,35,593,661,870
38,21,19,21,612,653,870
216,167,325,276,862,990,870
64,53,25,41,623,696,870
213,169,222,182,829,941,871
128,48,189,65,797,906,871
39,21,44,23,619,682,871
286,208,263,171,869,1013,871
60,37,58,34,705,787,871
109,72,84,70,727,820,871
40,27,90,52,699,759,871
55,40,41,28,673,766,871
270,189,173,100,802,910,871
362,254,310,198,878,1011,871
38,33,41,33,621,676,871
46,53,11,23,607,687,871
152,75,210,101,829,972,871
144,141,95,98,724,827,871
101,69,110,73,762,862,871
38,43,43,42,640,702,871
79,78,49,38,713,801,871
82,39,128,40,739,820,871
32,31,33,44,641,712,872
112,96,88,75,756,855,872
289,185,525,328,927,1023,872
88,79,105,84,722,823,872
49,42,62,39,674,748,872
80,80,107,97,735,822,872
60,55,38,32,658,715,872
42,24,84,52,718,803,872
41,45,34,21,636,690,872
53,39,62,41,722,798,872
69,66,75,60,677,750,872
461,307,531,325,936,1023,872
78,46,98,37,702,788,872
90,82,121,115,740,820,872
24,29,53,49,609,664,872
87,71,41,27,698,766,872
30,28,45,42,660,732,872
234,218,163,154,809,920,872
1023,824,1023,511,1023,1023,872
77,79,90,101,723,824,872
332,257,309,204,858,982,872
42,39,63,62,658,723,872
96,46,147,52,756,852,872
203,140,234,104,837,949,872
36,24,40,25,595,648,872
183,144,173,82,800,910,872
38,45,15,32,635,703,872
37,36,65,48,645,701,872
20,23,52,55,609,698,873
59,49,120,87,661,736,873
48,23,94,49,696,762,873
88,74,71,58,698,766,873
144,107,121,73,759,857,873
46,46,45,56,660,747,873
116,105,129,125,750,846,873
339,305,208,169,822,933,873
54,46,86,71,697,783,873
327,220,281,161,855,971,873
27,21,46,45,609,682,873
58,56,50,47,692,767,873
69,72,66,81,681,752,873
30,25,47,27,692,770,873
50,24,57,30,670,752,873
58,33,62,33,679,748,873
38,20,23,20,621,684,873
109,96,65,82,715,794,873
83,65,56,65,691,794,873
77,43,89,52,704,801,873
879,554,691,397,991,1023,873
42,24,58,37,632,704,873
19,23,22,29,500,612,873
54,50,32,33,662,748,873
49,42,53,44,679,758,873
227,121,253,157,841,973,873
72,64,50,56,674,762,873
747,425,572,341,983,1023,873
44,29,28,24,614,719,873
211,119,179,117,786,894,873
63,34,119,72,767,874,873
26,24,30,32,544,641,873
90,59,46,36,640,716,873
79,50,52,47,648,715,873
231,102,225,105,813,929,873
378,196,342,169,880,1012,873
96,78,60,71,687,767,873
51,43,34,55,733,866,873
144,98,264,213,835,956,873
28,28,12,34,507,567,873
125,56,147,71,788,894,873
63,37,100,75,713,792,873
60,51,4,19,602,671,873
65,50,65,54,672,754,873
51,32,44,30,629,701,873
54,26,89,41,699,778,874
43,22,37,24,619,700,874
345,301,142,128,807,917,874
31,20,51,50,648,736,874
96,52,54,42,725,807,874
85,41,103,52,713,799,874
28,24,45,42,632,706,874
82,69,125,113,769,877,874
30,31,29,35,629,693,874
59,54,62,49,681,762,874
94,40,99,46,722,801,874
81,56,70,50,731,821,874
150,104,126,107,753,845,874
277,136,121,91,833,957,874
25,22,16,19,590,669,874
17,22,16,26,536,617,874
155,129,143,112,771,879,874
91,76,97,63,749,833,874
255,202,291,212,850,979,874
21,31,0,13,402,474,874
104,64,152,84,768,876,874
219,188,224,159,801,911,874
239,198,141,102,802,904,874
43,52,17,43,588,660,874
44,27,49,34,675,763,874
75,59,74,59,716,802,874
40,48,67,78,685,767,875
210,152,188,108,826,935,875
165,133,153,118,793,897,875
55,43,67,38,673,748,875
56,47,78,48,693,766,875
1023,861,1023,622,1023,1023,875
265,234,237,214,841,957,875
13,21,4,20,510,573,875
59,52,101,86,727,819,875
165,143,111,89,775,878,875
36,42,35,50,648,705,875
45,29,84,29,713,793,875
27,26,39,37,553,641,875
590,400,603,466,977,1023,875
13,21,13,23,538,598,875
1023,790,1023,692,1023,1023,875
34,20,59,35,674,769,875
22,20,27,17,517,608,875
48,41,83,64,681,767,875
113,81,221,177,842,958,875
67,52,105,60,726,818,875
61,61,34,44,684,780,875
40,25,60,35,692,781,875
766,451,786,481,1002,1023,875
139,127,165,159,766,884,875
54,48,77,63,668,752,875
120,69,180,110,784,893,875
55,21,32,21,637,740,875
81,62,83,47,688,763,875
222,134,164,80,799,922,875
96,77,94,74,731,826,876
43,33,0,17,296,494,876
93,73,59,73,663,745,876
227,158,265,190,844,969,876
30,27,0,21,0,434,876
55,38,66,44,672,753,876
138,104,48,35,713,792,876
217,134,157,125,809,932,876
67,44,73,63,669,772,876
47,36,17,37,541,652,876
60,43,43,44,629,712,876
145,96,113,78,781,892,876
102,78,127,135,745,839,876
42,24,19,23,502,576,876
82,60,66,71,674,757,876
57,41,43,52,641,704,876
59,35,79,72,692,773,876
58,24,67,20,639,715,876
44,26,27,14,580,684,876
46,25,19,22,626,697,876
256,129,293,182,858,989,876
27,22,24,34,510,631,876
155,109,178,153,780,893,876
164,146,70,72,731,838,876
39,35,10,25,500,622,876
243,218,122,109,778,884,876
25,27,12,29,602,685,876
76,57,57,43,674,758,876
96,93,66,79,697,790,876
198,73,197,62,819,934,876
102,40,154,63,778,880,876
186,156,138,102,772,874,876
65,57,23,26,631,698,876
19,26,0,11,472,551,876
594,449,448,357,938,1023,876
74,65,105,80,733,829,876
142,113,152,105,777,880,876
20,26,22,29,544,610,876
94,88,142,123,757,854,876
58,42,76,38,706,795,876
384,216,405,212,890,1023,877
32,29,55,36,628,707,877
102,49,108,47,744,860,877
32,34,44,46,632,692,877
31,34,22,26,522,608,877
86,74,108,87,763,860,877
78,70,48,49,717,824,877
76,75,63,66,675,741,877
78,75,43,49,687,753,877
298,252,283,211,850,981,877
141,108,150,125,797,914,877
73,69,103,76,715,800,877
54,48,74,72,709,787,877
39,31,77,60,693,777,877
333,277,359,307,906,1023,877
148,78,176,55,801,917,877
15,21,38,46,612,698,877
28,38,12,32,502,599,877
44,40,54,52,699,769,877
126,125,91,77,722,823,877
95,89,146,107,750,851,877
20,26,15,14,576,665,877
176,126,309,210,837,948,877
73,64,77,70,719,794,877
51,61,11,40,551,624,877
106,60,87,45,713,806,877
15,22,36,46,569,652,878
102,70,54,44,745,839,878
34,20,77,33,683,747,878
28,27,74,40,703,765,878
104,86,131,103,762,862,878
95,86,86,74,695,774,878
242,149,194,104,821,941,878
772,552,646,377,977,1023,878
40,32,74,33,657,743,878
68,55,154,112,765,872,878
583,501,479,418,930,1023,878
55,29,62,26,694,767,878
35,31,28,34,642,714,878
31,27,17,27,550,634,878
44,30,38,27,630,700,878
112,59,125,67,756,842,878
36,21,80,37,688,775,878
570,345,599,338,954,1023,878
53,42,57,38,649,706,878
243,208,130,112,823,940,878
76,66,21,33,676,802,878
60,38,62,42,649,747,879
31,26,20,20,528,613,879
64,40,74,42,716,808,879
120,59,167,89,793,901,879
47,42,59,57,690,770,879
137,127,105,96,762,863,879
71,46,59,34,687,785,879
232,191,279,237,855,977,879
45,30,85,62,718,804,879
56,32,63,34,652,722,879
47,44,31,51,587,675,879
208,98,169,98,796,897,879
291,242,202,174,821,937,879
105,74,90,54,730,818,879
93,69,63,53,689,757,879
194,110,157,122,811,939,879
43,33,43,47,659,756,879
22,21,24,31,575,636,879
41,21,65,35,667,726,879
27,24,21,29,631,708,879
55,37,84,66,684,767,879
277,226,140,134,808,927,879
47,31,41,40,649,720,879
102,66,111,80,724,824,879
39,28,49,52,627,679,879
41,27,6,19,547,618,879
83,67,105,93,738,828,879
497,218,555,224,926,1023,879
1023,885,1023,519,1023,1023,879
26,23,22,25,571,631,879
36,21,48,23,625,674,879
37,25,47,38,611,677,879
83,72,85,76,677,760,879
188,112,225,118,834,952,879
60,46,44,31,674,752,879
435,292,413,271,911,1023,879
378,339,283,253,851,978,879
198,122,214,147,836,950,879
90,75,109,91,740,832,879
204,134,269,133,840,966,879
48,33,78,52,708,782,879
46,41,77,76,666,767,879
122,66,157,73,776,871,879
47,35,86,39,687,776,879
15,20,30,33,550,641,879
14,21,39,34,596,643,880
29,37,37,55,647,714,880
95,56,132,68,738,832,880
62,66,36,39,674,732,880
93,69,192,103,796,902,880
51,51,85,79,722,811,880
104,85,128,90,789,898,880
103,97,96,102,741,832,880
17,24,20,38,570,630,880
121,112,47,51,700,794,880
150,136,131,114,775,874,880
61,49,127,80,744,831,880
203,122,161,68,798,893,880
37,37,20,25,623,671,880
11,20,0,12,438,493,880
26,22,59,34,668,729,880
115,81,145,101,780,876,880
23,25,25,32,549,612,880
47,33,83,58,703,801,880
15,20,36,43,599,668,880
35,30,70,64,662,736,880
140,116,87,71,756,856,880
255,207,199,171,839,951,880
70,63,54,49,691,769,880
17,22,21,35,476,556,880
63,45,97,71,713,805,880
126,121,127,106,768,861,880
64,69,58,68,655,727,880
592,294,597,312,935,1023,880
107,56,145,59,776,874,880
116,115,58,49,726,806,880
20,24,34,34,571,648,880
196,168,241,215,827,932,880
266,248,171,163,809,905,881
33,35,43,49,672,763,881
152,147,90,78,749,835,881
37,23,39,25,627,694,881
20,21,26,24,610,664,881
67,51,132,85,761,845,881
28,24,86,69,701,790,881
85,92,25,50,662,730,881
93,60,121,57,733,844,881
29,31,40,49,628,686,881
145,118,168,121,783,885,881
137,126,125,109,769,856,881
528,193,489,174,917,1023,881
42,37,42,37,600,685,881
47,51,25,28,608,665,881
127,76,132,63,770,865,881
32,25,48,42,608,679,881
685,481,517,308,945,1023,881
53,43,17,24,597,685,881
303,235,170,115,830,947,881
110,37,105,46,720,822,881
171,100,110,48,736,837,881
39,31,29,47,545,651,881
73,45,44,19,684,775,881
342,163,293,142,869,1004,881
975,510,893,531,1023,1023,881
117,77,101,69,718,806,881
73,42,65,42,679,764,881
57,28,42,26,636,715,881
137,104,107,87,712,803,881
143,114,145,123,760,850,882
52,21,58,29,638,732,882
139,66,115,66,766,872,882
594,259,467,161,917,1023,882
58,28,90,52,701,788,882
48,24,52,33,629,711,882
51,27,106,62,718,804,882
50,29,61,39,663,746,882
198,136,130,89,799,913,882
47,36,25,34,516,636,882
508,382,352,267,883,1023,882
167,59,151,57,822,944,882
361,265,420,330,902,1023,882
41,29,26,21,611,682,882
63,35,88,47,694,783,882
289,227,272,204,883,1017,882
50,20,83,32,665,739,882
46,29,97,69,697,775,882
75,53,67,41,635,724,882
40,28,64,43,649,737,882
311,251,236,195,858,984,882
156,96,160,90,775,877,882
25,21,19,24,638,675,882
36,36,48,54,660,754,882
27,28,22,26,570,642,882
18,23,30,42,538,585,882
56,47,84,85,673,762,882
44,36,68,50,675,759,882
17,21,27,27,590,634,882
40,21,41,31,623,698,882
363,252,230,117,855,976,882
49,50,43,41,654,746,882
141,81,243,116,817,925,882
27,31,20,31,512,616,882
152,121,142,119,821,945,882
83,78,102,81,736,827,882
360,330,273,226,845,960,882
29,26,26,31,608,718,882
55,45,76,51,733,817,882
30,38,20,29,545,637,882
40,31,50,26,653,735,882
81,61,166,94,761,857,882
155,135,116,84,760,849,882
202,71,289,120,837,956,882
415,115,389,92,895,1023,882
46,31,54,31,637,711,882
71,45,131,88,742,836,882
106,95,157,137,767,867,882
31,20,50,25,615,704,883
701,288,787,347,977,1023,883
261,205,203,170,824,945,883
84,74,67,66,692,782,883
80,86,46,64,630,717,883
24,31,8,27,562,624,883
147,135,140,123,788,885,883
68,67,37,38,662,751,883
28,35,27,41,637,694,883
143,94,257,170,831,949,883
17,20,32,37,621,701,883
58,47,61,31,663,737,883
100,77,67,57,693,771,883
41,33,60,54,664,741,883
76,68,148,99,742,833,883
43,36,107,74,675,763,883
525,401,528,382,954,1023,883
53,39,41,35,657,750,883
99,74,173,109,801,904,883
172,169,157,156,786,886,883
1023,1021,1023,746,1023,1023,883
79,40,123,66,731,837,883
32,28,62,42,668,734,883
49,39,78,63,674,770,883
41,21,47,28,678,753,883
42,28,70,43,662,762,883
44,30,94,70,724,824,883
41,35,33,39,639,736,883
122,107,57,60,742,842,884
108,54,200,141,774,879,884
75,54,127,113,727,817,884
58,24,76,31,683,761,884
348,218,251,120,860,993,884
35,32,19,29,475,555,884
184,153,161,137,800,929,884
27,21,25,19,530,610,884
31,22,20,25,564,622,884
30,26,2,12,556,615,884
93,76,50,59,711,812,884
233,162,257,164,834,945,884
45,28,45,35,622,689,884
117,102,58,68,729,828,884
82,59,68,54,655,738,884
56,46,3,24,542,603,884
44,33,24,31,522,596,884
136,109,190,185,780,884,884
44,26,41,40,615,698,884
50,22,44,35,622,693,884
71,52,33,42,630,717,884
123,77,96,65,712,804,884
127,97,92,76,723,804,884
171,88,204,119,808,921,884
75,62,38,53,614,701,884
72,42,76,47,703,782,884
150,108,178,152,784,890,884
49,25,61,49,672,755,885
26,20,6,14,560,631,885
72,64,17,40,615,697,885
41,26,37,22,599,675,885
228,195,217,186,821,949,885
55,37,37,22,649,731,885
24,25,8,28,455,580,885
240,143,231,107,806,927,885
89,39,105,40,739,825,885
36,36,6,22,465,603,885
60,47,66,73,717,805,885
99,42,130,45,750,855,885
46,53,42,60,618,674,885
725,545,696,526,966,1023,885
92,73,69,61,710,806,885
299,249,234,175,865,993,885
83,66,78,58,711,809,885
57,55,35,48,678,763,885
58,32,103,46,716,805,885
264,215,250,197,821,941,885
144,131,113,99,766,865,885
98,84,132,112,745,843,885
56,35,113,49,720,820,886
200,121,123,66,803,910,886
60,67,42,61,688,757,886
62,62,76,67,693,770,886
350,199,353,165,879,1011,886
21,27,25,21,554,646,886
125,107,156,135,775,881,886
131,117,145,137,774,873,886
222,116,221,139,832,943,886
54,45,47,34,682,775,886
35,35,35,31,661,753,886
34,25,52,31,618,697,886
77,75,70,61,705,772,886
286,257,195,150,827,940,886
32,25,93,73,704,778,886
39,34,52,27,673,754,886
46,41,74,49,725,810,886
648,472,598,465,984,1023,886
194,92,265,121,851,971,886
153,150,159,144,808,915,886
53,35,130,69,727,822,886
262,145,183,105,865,985,886
110,103,84,76,713,790,886
28,27,37,38,611,680,886
319,222,367,268,893,1021,886
26,20,74,56,711,792,886
94,80,80,70,626,712,886
105,93,60,39,703,781,886
114,86,112,63,742,829,886
120,108,198,179,797,903,886
159,128,206,185,793,909,886
191,121,236,154,811,926,886
15,23,0,7,526,560,886
45,40,57,48,670,732,886
387,289,298,199,878,1014,886
117,114,128,130,771,869,886
71,63,76,52,714,808,886
65,47,88,61,707,796,886
33,41,35,41,573,637,886
18,24,26,38,616,712,886
46,42,72,52,684,764,886
35,31,53,63,640,714,887
26,20,27,27,546,642,887
63,43,79,49,682,764,887
277,144,284,142,864,1001,887
73,33,49,26,657,745,887
307,92,288,86,852,980,887
62,46,94,69,716,790,887
40,37,39,34,645,693,887
68,65,87,93,709,791,887
54,44,45,39,628,711,887
27,30,49,44,608,684,887
28,26,9,20,511,620,887
62,44,48,31,658,746,887
384,261,335,253,893,1023,887
100,51,68,60,707,800,887
482,312,373,262,898,1023,887
31,22,18,20,561,627,887
26,20,16,23,516,603,887
39,21,48,23,631,695,887
108,78,63,46,669,777,887
25,23,27,31,587,673,887
34,33,16,27,563,616,887
344,240,345,282,897,1023,887
39,37,27,40,610,691,887
603,435,328,243,917,1023,887
91,50,102,53,722,816,887
216,118,296,212,860,987,887
89,37,65,38,714,813,887
90,45,60,37,696,772,887
50,26,63,47,676,765,887
35,23,27,40,585,648,887
152,123,133,108,759,862,887
43,40,23,37,542,607,887
74,53,83,56,693,776,888
64,49,55,65,703,785,888
23,20,14,22,478,574,888
370,201,469,283,927,1023,888
78,64,73,73,682,777,888
67,38,91,56,698,786,888
40,22,61,32,655,711,888
33,28,24,24,618,708,888
47,42,17,22,632,703,888
25,22,27,31,542,636,888
25,27,34,44,562,607,888
102,108,50,71,665,768,888
46,40,72,50,693,767,888
24,21,47,32,642,692,888
285,164,316,180,858,983,888
63,32,83,42,708,793,888
159,97,209,94,817,930,888
30,33,42,43,616,693,888
93,80,96,70,715,804,888
356,173,337,152,881,1012,888
104,93,74,52,712,796,888
84,68,182,137,782,883,888
145,128,146,127,775,864,888
44,22,44,22,650,725,888
10,20,12,18,523,564,888
29,35,17,18,549,659,888
35,42,23,33,608,700,888
156,136,114,96,758,851,888
210,113,152,66,781,884,888
22,23,21,21,569,633,888
172,121,229,100,817,927,888
24,31,42,58,663,764,888
282,215,264,129,862,1003,889
30,28,63,48,624,692,889
151,94,155,65,799,914,889
207,132,219,194,840,959,889
305,261,275,228,837,946,889
52,53,65,62,669,739,889
44,43,84,72,685,766,889
53,34,64,45,684,777,889
117,57,114,54,748,850,889
38,34,70,53,695,754,889
24,27,24,29,595,651,889
1023,621,1023,632,1023,1023,889
321,271,306,250,868,993,889
100,95,71,73,722,795,889
118,80,147,87,783,892,889
22,29,7,19,552,639,889
51,43,69,62,643,713,889
185,149,263,196,815,926,889
24,32,5,20,538,626,889
213,131,306,168,855,976,889
62,50,87,61,691,770,889
20,26,60,48,648,720,889
15,20,33,38,609,691,889
101,83,78,89,733,818,889
42,41,31,28,598,691,889
696,494,685,497,989,1023,889
83,49,64,48,677,758,889
93,71,122,104,752,857,889
108,91,119,103,746,845,889
349,229,326,204,874,1004,889
775,459,650,344,965,1023,889
68,63,99,99,675,761,889
118,51,152,60,777,888,889
152,104,78,72,744,858,889
32,28,13,33,485,555,889
39,32,64,70,681,758,890
125,60,127,77,783,891,890
1023,1021,1023,657,1023,1023,890
62,49,12,31,505,579,890
120,102,64,64,697,803,890
39,31,38,35,576,658,890
156,76,106,60,773,875,890
42,20,83,40,687,775,890
45,35,56,70,578,668,890
270,172,292,180,851,979,890
80,53,85,63,679,756,890
34,23,48,52,599,663,890
84,63,23,46,653,747,890
66,47,38,40,682,765,890
77,55,82,52,706,806,890
206,149,111,94,805,914,890
76,56,63,55,652,753,890
52,29,45,30,668,755,890
136,100,195,154,791,897,890
686,336,565,198,947,1023,891
210,126,344,255,881,1023,891
55,51,25,38,564,649,891
50,31,66,38,679,754,891
64,57,74,65,717,809,891
36,31,85,77,716,795,891
330,258,394,273,892,1023,891
35,32,27,38,600,645,891
118,99,112,70,723,817,891
84,78,76,68,744,848,891
28,35,9,30,480,583,891
289,132,285,138,853,983,891
88,83,97,95,706,794,891
1023,786,839,552,1009,1023,891
18,22,20,23,525,591,891
39,33,37,37,694,782,891
18,25,19,35,532,607,891
369,256,239,176,840,964,891
117,94,109,63,748,852,891
91,76,106,84,757,864,891
39,32,42,29,631,713,891
69,65,45,32,681,757,891
74,54,77,46,708,814,891
309,149,345,167,888,1023,891
17,22,22,28,492,593,891
16,22,17,18,561,662,891
85,29,152,41,745,840,891
204,144,129,67,797,898,891
114,61,102,60,749,843,891
33,39,45,31,624,712,891
60,42,96,46,721,796,891
108,85,91,70,732,834,891
33,41,34,49,596,689,892
25,20,43,37,604,691,892
63,28,85,41,721,814,892
248,146,277,135,860,986,892
277,97,364,129,878,1005,892
392,235,436,273,923,1023,892
99,42,109,47,748,839,892
475,346,457,313,925,1023,892
28,33,25,30,615,692,892
28,30,63,63,652,727,892
106,94,55,56,732,816,892
210,173,181,157,849,969,892
26,24,52,42,649,718,892
367,274,358,318,901,1023,892
460,177,495,191,923,1023,892
151,81,217,112,860,1007,892
142,114,178,143,784,889,892
113,90,157,146,778,883,892
97,78,109,76,722,817,892
267,217,181,138,822,938,892
507,394,453,354,914,1023,892
48,40,55,55,624,722,892
99,75,74,50,707,812,892
107,38,103,48,777,875,892
26,25,44,28,596,665,892
40,38,41,35,652,731,892
110,93,70,51,716,802,892
312,141,259,120,873,999,892
459,315,354,267,906,1023,892
595,340,638,394,933,1023,892
375,277,369,282,891,1023,892
53,46,32,35,619,692,892
145,108,156,108,753,863,892
46,45,13,41,395,584,892
27,21,12,25,512,583,892
146,121,90,65,707,800,892
35,20,27,15,612,687,892
75,54,73,55,674,749,892
106,79,101,68,709,799,892
303,112,287,108,868,1000,892
134,78,126,81,782,893,892
244,116,317,218,871,1006,892
257,211,257,192,830,946,892
38,24,45,26,600,662,892
26,23,19,29,555,650,892
67,56,69,67,690,777,892
550,318,292,151,910,1023,892
151,131,88,96,721,817,892
42,25,51,44,617,697,892
86,63,36,52,601,672,892
35,22,25,30,543,635,893
783,339,566,261,944,1023,893
54,22,65,36,684,770,893
41,28,28,34,614,674,893
39,30,26,33,553,615,893
52,21,86,34,695,759,893
99,66,119,89,727,825,893
64,43,82,53,715,796,893
33,20,70,60,687,766,893
178,93,208,108,825,941,893
53,37,20,20,616,674,893
378,252,332,226,881,1020,893
36,22,31,29,553,650,893
44,27,59,49,613,703,893
59,30,84,42,692,761,893
195,124,232,128,831,953,893
119,97,88,86,759,863,893
134,102,124,113,746,852,893
92,61,64,52,720,819,893
405,204,457,252,933,1023,893
43,26,18,14,465,575,893
95,90,60,73,672,752,893
57,43,105,72,710,804,893
63,61,67,64,695,792,894
1023,930,1023,682,1023,1023,894
114,74,142,83,760,862,894
267,137,234,105,817,934,894
29,26,9,23,482,583,894
348,279,226,138,852,987,894
85,79,133,123,752,846,894
73,64,94,83,734,825,894
110,53,122,55,759,849,894
190,104,247,145,824,937,894
108,94,79,40,778,887,894
51,33,53,36,650,745,894
91,85,82,68,725,800,894
127,90,111,78,781,885,894
43,43,69,63,712,798,894
11,20,23,36,481,561,894
69,49,76,52,708,798,894
32,29,54,39,632,717,894
53,55,17,25,626,703,894
73,81,63,85,669,745,894
81,52,101,54,725,827,894
61,34,102,38,724,817,894
25,22,10,13,590,646,894
36,29,56,39,663,748,894
60,64,76,77,682,754,894
35,35,48,56,659,740,895
76,42,133,53,758,859,895
57,37,105,76,708,796,895
211,180,275,229,840,954,895
71,58,121,89,753,838,895
210,203,110,110,782,887,895
237,221,185,168,806,907,895
90,82,90,88,730,817,895
232,184,333,254,887,1013,895
16,22,39,43,592,667,895
20,22,19,20,603,669,895
53,37,32,24,673,752,895
80,74,90,81,720,801,895
100,90,106,98,741,829,895
384,211,339,164,898,1023,895
48,21,83,46,726,814,895
32,27,67,44,672,737,895
59,53,82,90,797,944,895
110,114,61,79,697,789,895
27,23,46,42,600,670,895
28,22,32,25,604,694,895
28,27,56,47,653,722,895
27,20,36,18,618,671,895
15,21,29,37,506,624,895
78,58,95,58,739,828,895
36,40,42,55,645,734,895
17,21,23,24,566,633,895
91,69,125,108,758,859,895
44,32,67,45,652,752,895
344,210,460,311,918,1023,895
67,39,62,41,691,783,895
21,24,21,28,573,636,895
41,20,54,48,655,725,895
95,30,102,35,719,800,895
53,36,35,37,603,701,895
371,239,304,180,853,974,895
30,22,13,19,550,608,895
92,84,65,87,678,779,895
211,127,229,148,835,955,895
838,529,777,439,1007,1023,895
56,33,58,30,651,736,895
31,21,26,28,556,628,895
56,22,72,38,720,807,895
42,28,30,33,574,639,895
368,259,340,223,890,1023,895
224,152,190,150,837,944,895
43,29,57,40,604,695,895
93,47,85,49,738,820,895
136,72,107,53,761,856,895
27,20,0,7,30,462,895
30,25,0,21,0,470,895
46,36,26,29,618,685,895
50,35,60,39,659,739,895
22,23,0,21,507,617,895
199,186,120,124,760,857,896
643,486,457,374,929,1023,896
35,26,29,26,549,667,896
69,35,55,41,675,755,896
177,126,235,178,841,960,896
233,118,291,144,869,1009,896
288,222,255,197,858,978,896
27,31,0,21,434,579,896
69,46,88,54,701,795,896
90,66,86,65,693,783,896
280,210,429,370,890,1023,896
43,21,54,28,673,740,896
70,70,46,49,652,746,896
17,21,23,26,561,639,896
27,22,40,19,635,679,896
48,27,140,91,742,819,896
26,28,23,30,620,687,896
34,29,61,52,679,765,896
71,57,66,33,715,802,896
159,124,177,134,822,930,896
12,22,5,20,495,581,896
27,24,36,25,648,713,896
16,25,18,20,583,651,896
32,23,59,33,650,723,896
34,22,47,39,609,696,897
236,180,192,118,826,947,897
28,30,78,68,614,672,897
47,33,55,31,666,731,897
80,59,71,46,695,782,897
72,47,93,52,700,789,897
31,33,44,36,603,682,897
303,93,326,111,888,1023,897
297,221,213,137,829,943,897
279,210,279,215,852,974,897
34,36,41,47,673,768,897
79,63,81,65,697,784,897
227,169,271,204,841,954,897
64,63,89,80,689,753,897
131,117,181,164,799,904,897
146,128,190,154,808,913,897
224,165,156,126,815,927,897
28,26,45,36,583,683,897
160,130,142,93,786,893,897
478,380,380,302,893,1023,897
215,115,196,79,796,896,897
27,21,50,23,606,655,897
88,79,91,73,721,800,897
46,48,19,29,641,696,897
336,280,285,235,885,1008,897
20,25,0,16,306,502,897
131,72,160,66,773,874,897
25,20,39,33,621,711,897
48,33,20,17,635,709,897
87,85,154,151,779,886,897
514,225,390,169,900,1023,897
130,124,49,54,695,789,897
43,23,31,25,646,747,897
73,59,57,35,688,768,898
253,209,221,164,839,952,898
462,329,237,131,894,1023,898
227,138,152,70,769,874,898
46,43,28,52,688,762,898
42,23,48,28,658,718,898
39,27,66,59,667,746,898
41,32,54,61,631,697,898
121,92,131,95,760,869,898
405,281,441,282,888,1022,898
14,22,4,19,493,564,898
102,83,57,58,671,752,898
111,97,61,79,673,766,898
30,22,24,35,497,626,898
112,94,59,62,702,779,898
32,20,24,21,605,676,898
356,118,420,167,904,1023,898
41,32,1,16,485,621,898
52,20,76,45,696,786,898
40,26,37,26,558,644,898
139,106,105,106,764,866,898
74,51,98,85,714,796,898
77,46,115,59,735,839,898
102,46,89,52,705,789,898
41,24,31,31,607,671,898
53,40,52,40,599,687,898
84,56,113,89,768,866,898
74,47,111,74,747,833,898
62,26,65,33,681,774,898
298,231,300,242,865,995,898
341,197,280,150,854,972,898
35,20,11,18,504,613,898
89,68,78,70,691,782,898
33,23,30,33,572,651,898
54,26,45,28,611,692,898
559,400,438,309,900,1023,898
69,32,57,40,675,764,899
115,90,72,69,683,775,899
63,32,32,27,640,719,899
78,43,91,36,699,796,899
104,64,148,76,774,889,899
93,81,77,74,696,783,899
941,506,699,347,980,1023,899
88,50,75,64,718,818,899
103,78,49,47,634,723,899
71,54,60,47,670,749,899
44,33,23,27,575,672,899
83,59,93,56,731,832,899
37,20,117,67,732,831,899
119,96,117,97,749,855,899
72,45,71,29,677,763,899
110,95,87,80,732,829,899
472,337,390,323,919,1023,899
238,218,166,154,798,904,900
103,69,89,64,737,830,900
52,38,72,37,717,819,900
130,122,136,143,762,856,900
117,96,179,140,827,946,900
409,319,358,274,904,1023,900
296,210,321,214,871,999,900
158,148,122,110,731,831,900
33,33,26,30,619,683,900
27,22,36,20,584,664,900
33,37,36,39,612,703,900
34,36,30,27,531,613,900
63,60,66,59,675,773,900
70,42,83,34,687,779,900
34,32,34,44,643,719,900
161,127,202,147,815,925,900
414,269,310,157,906,1023,900
29,27,39,48,614,705,900
57,43,73,43,684,765,900
31,25,56,44,653,740,900
58,48,83,73,697,792,900
44,35,93,85,725,801,900
28,32,24,31,538,612,900
158,89,123,76,784,896,900
31,31,9,25,574,656,900
67,44,61,33,714,815,900
25,30,13,35,403,526,901
31,27,1,12,469,550,901
19,21,27,39,513,604,901
83,64,65,38,686,780,901
172,130,222,188,814,932,901
381,156,341,158,875,1017,901
86,65,90,91,724,826,901
278,191,178,128,811,928,901
180,165,14,39,687,781,901
40,31,15,33,525,598,901
127,89,139,110,756,848,901
124,104,99,85,703,788,901
60,33,71,52,666,759,901
77,40,93,71,716,793,901
190,135,161,116,815,933,901
67,44,52,52,607,705,901
56,29,66,43,655,727,901
68,46,82,78,673,779,901
215,175,120,117,784,882,901
41,26,23,17,558,636,901
66,45,22,36,609,707,901
226,73,212,82,794,912,901
47,32,27,23,582,644,901
43,29,10,18,348,512,901
359,189,368,232,898,1023,901
65,49,45,52,576,670,901
171,95,176,110,788,890,901
421,175,390,206,921,1023,901
355,198,340,196,877,1005,901
56,51,7,27,511,584,901
39,30,25,40,511,594,901
39,20,27,22,531,638,901
42,28,5,22,405,547,901
432,335,294,236,878,1011,901
119,95,47,62,654,746,902
440,341,392,302,887,1023,902
33,20,24,29,595,680,902
54,37,5,13,494,602,902
111,81,61,57,728,819,902
154,67,100,50,741,823,902
79,49,67,61,713,805,902
67,30,59,33,665,756,902
64,29,51,44,645,729,902
257,228,159,160,827,941,902
72,74,22,45,611,716,902
109,68,119,84,760,859,902
353,249,328,230,861,987,902
81,47,92,35,700,787,902
34,34,6,31,618,684,902
297,246,358,304,869,998,902
32,28,54,41,630,699,902
69,72,11,29,598,683,902
88,76,89,70,741,837,902
734,529,627,416,975,1023,902
197,139,253,147,823,948,902
190,108,161,58,792,898,902
21,23,52,39,606,689,902
107,62,152,78,797,884,902
35,44,37,50,651,736,902
183,100,130,73,787,884,902
60,49,114,99,723,837,902
24,21,45,38,638,707,902
676,457,570,353,947,1023,902
182,127,210,110,813,923,902
71,76,56,66,677,764,902
28,35,26,28,616,704,902
183,75,257,95,834,958,902
106,84,142,91,782,873,902
29,20,56,35,629,704,902
20,25,27,25,620,690,902
15,21,35,29,593,635,902
12,21,19,20,595,672,902
362,141,349,114,869,1002,902
77,61,133,98,786,894,902
28,34,28,30,554,632,902
98,87,88,73,741,837,902
82,67,129,102,763,843,902
936,715,835,583,1009,1023,903
196,105,181,140,815,931,903
126,86,144,64,769,848,903
82,85,49,74,694,779,903
148,130,195,165,786,888,903
49,50,43,51,636,704,903
41,29,86,49,689,781,903
38,25,43,22,649,709,903
87,75,65,58,709,796,903
307,218,278,164,856,976,903
71,61,79,62,680,779,903
84,80,55,59,706,805,903
28,30,46,48,634,686,903
98,67,99,56,803,941,903
32,35,47,38,601,674,903
40,35,24,22,620,715,903
42,33,60,39,626,704,903
1023,1021,1023,814,1023,1023,903
113,70,151,91,782,886,903
144,111,131,111,751,850,903
102,86,79,54,717,817,903
243,198,223,176,828,966,903
105,75,87,81,797,935,903
53,42,71,50,713,814,903
38,33,5,17,557,629,904
73,49,118,89,725,814,904
435,365,294,240,875,1008,904
84,73,84,86,673,758,904
30,27,44,39,624,725,904
36,21,41,21,627,721,904
183,163,99,103,788,903,904
133,95,193,176,796,913,904
61,27,82,33,721,809,904
39,24,44,37,604,682,904
34,26,34,41,563,676,904
135,127,76,83,737,815,904
27,21,55,44,625,701,904
89,84,72,81,684,773,904
137,72,186,103,807,913,904
51,44,39,49,672,763,904
514,254,525,294,937,1023,904
32,27,0,14,0,423,904
327,281,174,156,847,988,904
433,274,558,423,952,1023,904
237,104,190,98,815,932,904
119,108,18,25,650,747,904
235,160,288,187,852,980,904
1023,783,772,480,992,1023,904
52,36,35,38,621,689,904
479,288,309,196,875,1011,904
419,270,388,227,902,1023,904
75,55,41,51,681,762,904
742,511,659,501,977,1023,905
31,23,21,20,495,593,905
324,142,323,160,854,987,905
31,21,17,19,569,665,905
92,32,78,27,690,781,905
57,38,46,32,659,701,905
104,58,176,126,775,891,905
70,63,46,54,624,712,905
26,21,18,19,448,563,905
100,73,111,93,764,856,905
365,241,325,209,874,1015,905
468,341,353,276,909,1023,905
119,59,184,86,800,919,905
19,25,5,17,0,513,905
41,24,70,23,651,752,905
28,27,39,43,579,636,905
31,25,22,14,567,681,905
213,141,174,94,806,915,905
41,23,60,32,658,716,905
554,418,493,360,933,1023,905
23,24,14,18,543,596,905
23,24,39,33,632,706,905
103,105,81,80,714,795,905
73,61,141,101,746,849,905
15,21,6,23,359,499,905
253,106,287,123,846,972,905
334,292,250,206,857,986,905
137,111,175,134,793,889,905
94,95,74,76,699,773,905
36,42,7,33,539,623,905
18,20,21,22,535,569,906
15,21,32,42,496,596,906
28,33,26,38,570,647,906
53,45,66,36,656,739,906
22,24,47,41,590,651,906
87,50,97,43,741,838,906
147,107,143,90,779,881,906
97,80,95,54,710,797,906
81,42,98,57,721,822,906
454,364,460,383,926,1023,906
62,52,62,45,684,770,906
100,56,90,41,751,840,906
58,55,55,77,705,792,906
27,20,62,27,635,688,906
20,24,13,26,544,626,906
174,138,153,139,806,914,906
200,169,191,152,822,961,906
33,27,66,53,639,725,906
327,197,278,103,847,976,906
435,395,216,178,831,942,906
97,51,139,59,758,865,906
63,55,41,36,598,693,906
37,37,15,32,550,625,906
34,26,12,16,542,589,906
73,43,101,77,739,842,906
92,75,48,59,641,719,906
102,60,80,27,707,812,907
470,236,385,194,890,1023,907
146,88,127,57,774,873,907
82,54,87,59,679,761,907
52,42,26,38,567,641,907
102,62,79,56,670,748,907
62,32,73,37,651,722,907
330,230,237,169,845,963,907
102,31,119,40,726,841,907
51,32,38,45,603,687,907
903,493,636,408,983,1023,907
320,217,198,141,848,966,907
98,67,42,28,663,758,907
186,127,206,168,811,921,907
300,131,211,101,814,923,907
30,20,36,45,592,670,907
199,121,171,131,779,882,907
76,41,38,28,665,740,907
104,71,50,44,692,781,907
57,37,22,29,632,685,907
397,198,243,150,866,994,907
96,55,126,98,741,838,907
56,31,47,35,624,723,908
183,122,171,137,783,903,908
72,40,103,60,744,876,908
342,248,314,253,861,991,908
105,75,109,75,736,814,908
297,147,344,207,877,1008,908
34,25,17,29,473,584,908
43,34,14,29,372,574,908
60,45,48,54,645,741,908
145,68,185,88,810,924,908
126,109,79,73,713,811,908
32,32,15,29,547,655,908
48,30,52,35,654,733,908
88,60,128,79,741,841,908
204,168,250,211,836,947,908
27,26,12,23,536,621,908
179,157,120,116,752,843,908
45,40,41,24,612,696,908
64,64,62,86,619,722,908
342,244,339,259,882,1014,908
79,73,73,71,714,805,908
97,88,112,87,752,847,908
48,26,79,36,677,770,908
41,46,41,53,698,783,908
32,26,59,32,658,720,908
317,230,381,242,899,1023,908
18,22,37,41,605,665,908
350,199,232,148,844,974,908
15,20,35,44,593,689,908
28,24,52,38,649,717,908
52,41,44,32,687,768,908
42,50,16,39,551,646,908
70,50,88,59,686,776,908
65,50,96,81,740,837,908
25,32,20,23,598,671,908
76,34,105,63,694,789,908
160,155,142,147,778,894,908
548,305,522,266,925,1023,908
101,81,93,62,749,840,908
76,48,99,52,706,792,908
20,20,21,27,523,594,908
952,701,649,427,988,1023,908
91,85,51,57,709,799,908
87,84,67,71,677,761,908
572,379,405,220,922,1023,908
180,131,134,76,804,913,908
15,23,10,32,429,557,908
60,63,48,57,601,698,908
138,91,89,66,739,833,909
49,46,62,53,671,764,909
43,42,71,57,674,746,909
354,314,255,231,859,981,909
45,37,72,41,671,742,909
326,155,213,94,849,969,909
93,56,83,57,703,778,909
84,72,107,101,725,826,909
30,21,15,22,582,641,909
269,208,166,128,801,917,909
31,27,35,49,554,660,909
205,128,113,64,738,841,909
670,408,635,369,946,1023,909
41,37,56,54,637,732,909
235,166,245,203,829,948,909
289,134,321,172,887,1023,909
288,224,181,131,822,951,909
48,43,41,47,620,712,909
37,39,33,44,584,677,909
154,131,80,89,719,849,909
117,30,149,39,743,852,909
291,185,300,177,848,976,909
60,22,75,28,694,776,909
133,93,80,72,710,802,909
123,88,113,75,750,851,909
67,32,57,37,658,739,909
43,33,0,20,467,562,910
35,23,0,11,390,515,910
145,115,102,103,746,851,910
479,211,329,132,886,1019,910
31,20,6,22,435,516,910
76,54,68,48,674,755,910
34,28,35,56,568,686,910
53,45,56,58,637,710,910
87,68,85,84,713,814,910
219,134,119,70,772,887,910
197,162,118,110,768,874,910
102,33,101,32,743,831,910
387,201,455,237,908,1023,910
53,44,42,40,642,719,910
1023,719,839,502,1004,1023,910
65,43,68,45,701,799,910
73,42,51,37,643,736,910
158,95,204,163,804,918,910
40,26,33,30,579,679,910
29,21,22,14,543,613,910
43,22,51,26,638,712,910
154,111,172,114,797,906,910
44,30,50,50,623,705,910
100,83,71,68,712,804,910
42,20,77,43,666,727,910
261,132,129,56,826,953,910
82,58,57,41,681,771,910
226,167,184,143,833,950,910
104,86,82,76,723,817,910
31,29,52,53,639,743,910
56,56,56,64,715,804,910
54,26,68,34,632,732,910
98,41,123,59,742,839,910
109,99,66,40,704,798,910
50,49,27,36,612,696,910
359,170,341,99,866,994,911
76,76,38,47,606,695,911
234,142,318,239,906,1023,911
36,23,107,50,712,797,911
61,65,58,65,683,784,911
55,40,82,45,702,801,911
47,43,103,84,699,800,911
79,63,84,54,708,802,911
30,25,50,47,665,743,911
485,353,479,369,930,1023,911
83,76,78,74,679,778,911
20,22,26,37,608,693,911
36,38,24,21,573,683,911
123,73,78,43,730,821,911
60,69,74,89,664,751,911
66,66,74,74,765,852,911
29,25,51,38,661,756,911
686,268,705,317,967,1023,911
25,27,19,29,605,680,911
57,56,47,52,642,720,911
545,425,572,447,946,1023,911
47,45,63,70,704,806,911
62,47,117,70,718,823,911
85,74,72,36,677,780,911
128,110,122,109,769,877,911
26,33,42,42,566,630,911
35,41,72,84,641,713,911
29,35,38,33,585,659,911
19,26,17,30,530,621,911
181,136,224,153,814,930,911
139,79,96,57,722,825,911
31,22,64,37,637,724,911
519,336,481,284,918,1023,911
18,20,30,25,572,660,911
171,152,168,154,798,898,911
35,41,22,29,585,657,911
51,60,42,55,614,701,911
62,48,76,52,687,779,912
23,29,21,27,616,666,912
22,20,48,27,633,704,912
130,105,151,116,792,908,912
92,59,120,58,751,848,912
50,25,103,45,714,818,912
95,74,120,107,710,798,912
342,254,286,201,867,995,912
96,84,111,93,761,855,912
249,222,315,248,854,976,912
188,114,138,88,769,867,912
251,218,164,138,815,938,912
115,74,129,96,759,852,912
123,91,199,125,789,889,912
48,46,34,35,620,695,912
30,25,11,15,510,620,912
38,22,48,44,684,767,912
74,52,107,80,711,811,912
49,43,28,29,623,708,912
136,81,164,90,793,905,912
83,37,94,47,727,827,912
33,25,63,46,641,734,912
31,26,23,36,472,590,912
97,33,128,36,749,851,912
190,95,147,74,785,898,912
76,49,83,72,714,817,912
77,52,88,64,695,774,912
64,55,21,31,602,694,912
53,29,43,28,641,731,912
137,100,96,72,724,812,912
117,84,66,49,666,778,912
181,149,154,138,802,916,912
102,63,103,70,720,815,912
102,84,69,69,668,787,912
28,21,12,16,453,570,913
371,202,288,132,859,997,913
146,75,93,39,734,823,913
58,25,57,33,665,740,913
61,36,33,25,612,701,913
75,44,50,49,672,764,913
39,31,0,16,421,509,913
34,22,36,31,594,666,913
104,75,101,76,722,810,913
518,393,474,358,948,1023,913
87,53,73,53,703,804,913
100,63,64,52,705,800,913
83,58,65,50,677,770,913
49,28,61,37,634,720,913
217,156,251,211,825,947,913
292,196,322,228,847,977,913
115,76,215,154,799,901,913
240,134,263,135,822,947,913
100,75,101,96,741,832,913
822,541,822,527,994,1023,913
102,74,113,97,757,863,913
67,38,75,57,665,744,913
37,33,52,58,639,710,913
213,150,213,166,802,924,913
80,46,101,61,699,809,913
137,54,118,39,758,860,913
222,88,181,55,843,973,914
141,67,192,94,807,920,914
140,135,72,73,731,834,914
95,70,115,105,732,836,914
103,65,141,97,754,859,914
186,175,103,117,718,814,914
36,34,50,52,637,723,914
72,73,86,82,692,801,914
676,434,481,252,933,1023,914
73,49,96,54,690,785,914
24,24,43,33,635,688,914
24,30,13,28,499,588,914
53,49,29,28,634,727,914
46,33,64,39,672,758,914
33,38,66,61,679,763,914
50,51,63,53,665,780,914
25,30,19,33,481,615,914
79,79,66,74,648,744,914
16,23,10,25,502,619,914
384,262,372,245,891,1023,914
82,67,75,47,685,765,914
40,33,38,33,602,704,914
35,34,46,39,631,718,914
66,59,55,61,675,779,914
108,111,143,153,753,847,914
74,69,105,76,714,794,914
26,31,52,62,651,717,914
134,127,98,75,758,858,914
291,117,287,113,853,981,914
31,26,42,33,598,697,914
45,36,77,50,663,775,914
74,71,75,76,674,769,914
214,119,220,115,813,933,915
55,49,75,61,648,718,915
27,20,23,20,565,638,915
77,27,156,64,759,859,915
39,20,55,32,619,697,915
64,46,112,71,707,799,915
49,40,50,44,649,740,915
70,51,90,53,686,777,915
250,177,249,182,831,949,915
554,229,593,262,947,1023,915
106,88,60,69,689,761,915
324,265,169,157,813,930,915
60,40,72,64,658,742,915
39,31,23,25,498,618,915
760,361,843,462,1003,1023,915
51,32,25,29,564,643,915
59,41,34,38,610,693,915
57,22,57,33,682,749,915
34,21,47,27,597,681,915
136,62,125,65,769,877,915
343,284,203,162,837,959,915
35,26,12,26,500,593,915
81,51,90,88,717,801,915
57,42,7,24,646,722,915
148,104,160,134,798,897,915
150,99,148,110,760,862,915
469,354,352,294,905,1023,915
159,107,143,122,780,880,915
61,27,44,23,660,742,915
315,169,308,148,849,981,915
125,105,80,79,684,781,916
75,40,106,58,717,815,916
88,70,81,81,665,758,916
62,36,59,47,660,736,916
160,130,182,177,780,894,916
237,129,199,122,793,904,916
70,45,62,53,665,749,916
255,117,194,88,825,956,916
187,109,150,84,759,860,916
79,62,81,91,703,800,916
36,20,27,14,609,697,916
64,39,16,15,605,682,916
88,63,73,54,726,834,916
115,95,100,101,749,841,916
377,276,279,175,873,1003,916
201,160,122,101,783,891,916
38,31,39,24,637,714,916
51,33,31,22,688,765,916
37,40,23,40,569,627,917
212,104,363,193,892,1023,917
57,59,45,49,642,734,917
27,34,32,43,603,678,917
157,78,186,95,783,890,917
55,37,89,48,680,749,917
1023,533,1013,483,1021,1023,917
60,28,76,36,666,754,917
510,403,473,394,919,1023,917
21,28,3,27,487,592,917
235,113,192,64,815,929,917
22,20,88,76,686,759,917
158,132,131,105,803,918,917
53,35,105,77,691,777,917
27,28,46,39,591,687,917
211,176,183,114,798,906,917
48,21,94,42,698,797,917
28,28,21,13,551,641,917
55,57,75,82,683,765,917
18,20,34,35,578,640,917
503,354,372,247,901,1023,917
174,85,127,65,774,886,917
368,185,295,123,891,1023,917
19,23,19,35,511,616,917
161,159,68,67,721,810,917
39,31,43,34,673,765,917
37,33,8,15,586,658,917
121,52,160,112,794,915,917
406,332,253,231,875,1010,917
44,22,57,32,633,722,918
26,25,17,36,530,602,918
61,57,52,61,681,777,918
519,424,374,290,905,1023,918
28,21,36,32,660,758,918
51,39,76,70,670,761,918
31,34,6,29,402,534,918
46,45,28,45,523,631,918
128,109,97,95,759,879,918
138,106,154,135,778,891,918
24,27,38,47,595,666,918
93,71,149,104,754,861,918
159,98,210,138,825,944,918
135,80,177,99,791,912,918
1023,764,1023,708,1023,1023,918
47,40,0,9,485,593,918
49,38,40,47,656,737,918
184,107,152,85,769,880,918
340,151,264,101,843,972,918
217,103,177,133,821,939,918
87,79,56,62,666,746,918
106,58,100,53,710,807,918
216,118,194,102,797,918,918
76,54,64,55,675,779,918
809,419,801,320,987,1023,918
37,31,11,21,458,583,918
33,23,25,21,617,670,918
50,24,114,55,711,792,918
44,30,21,29,573,647,918
221,109,181,77,792,904,918
415,322,318,273,886,1021,918
35,20,62,36,614,689,918
87,69,70,51,676,758,918
61,36,104,78,677,766,918
168,85,199,110,802,909,918
52,34,45,34,661,757,918
60,30,51,35,613,708,918
62,36,102,77,731,825,918
198,146,126,94,786,899,918
49,22,58,34,624,714,919
115,86,105,78,736,825,919
57,33,58,38,646,733,919
205,189,154,141,775,871,919
69,58,24,34,588,670,919
50,32,18,18,632,739,919
97,55,97,89,825,959,919
392,296,437,325,910,1023,919
63,38,44,31,607,696,919
37,40,51,55,602,703,919
102,67,115,78,750,848,919
282,207,283,210,854,977,919
168,123,225,163,853,1003,919
89,57,158,115,780,887,919
30,30,33,31,601,647,919
1023,499,1023,636,1023,1023,919
54,57,37,39,637,693,919
124,121,92,97,721,806,919
16,20,4,15,568,642,919
179,156,225,208,829,942,919
196,156,233,186,828,945,919
38,34,86,67,678,764,919
242,157,258,156,862,991,919
223,127,196,128,827,949,919
24,24,45,28,589,673,919
21,24,50,49,615,676,919
60,59,68,46,691,759,919
18,23,12,17,377,531,919
133,62,168,91,772,881,919
118,114,62,60,738,837,919
64,60,40,23,667,750,919
60,45,68,50,694,780,920
56,42,68,46,649,757,920
32,24,36,17,651,726,920
258,231,195,151,789,906,920
40,45,26,32,514,621,920
49,39,92,73,734,834,920
28,37,21,30,616,665,920
50,41,66,50,676,773,920
34,23,79,51,681,750,920
638,496,497,378,952,1023,920
46,43,36,28,641,710,920
38,25,53,37,642,735,920
314,228,310,239,874,1001,920
60,58,41,37,670,758,920
82,80,110,99,704,798,920
19,24,60,72,640,729,920
33,34,24,27,566,617,920
209,197,194,188,808,914,920
31,27,56,44,635,725,920
20,23,7,17,518,611,920
220,141,185,101,827,939,920
113,70,100,49,740,831,920
29,22,43,18,653,730,920
95,66,127,87,760,854,920
57,65,69,86,658,730,920
77,54,89,55,750,846,920
48,42,96,78,703,796,920
71,66,86,69,744,838,920
69,45,96,45,712,807,920
75,67,57,37,688,769,920
126,104,185,145,762,866,920
257,191,212,149,833,968,921
480,229,514,150,914,1023,921
129,107,125,102,727,818,921
62,60,55,72,628,741,921
60,38,91,50,693,770,921
65,62,58,61,615,698,921
141,103,131,93,742,833,921
24,21,27,25,577,657,921
76,52,42,32,646,745,921
139,101,164,134,811,928,921
33,20,41,23,605,684,921
141,96,95,63,734,821,921
71,49,25,25,649,763,921
34,21,44,42,619,697,921
82,74,57,62,648,724,921
50,31,33,29,581,664,921
92,70,65,46,677,761,921
199,81,175,74,789,904,921
33,22,20,29,524,626,921
453,173,505,246,918,1023,921
55,42,41,57,627,689,921
191,155,140,107,744,847,921
140,92,157,139,764,875,921
33,20,56,29,649,733,921
213,147,186,150,804,916,921
32,21,29,29,585,672,921
63,22,61,23,637,727,921
36,30,2,25,468,573,921
54,47,45,59,601,709,921
222,205,101,110,768,868,921
34,22,10,16,482,585,921
186,164,89,101,745,859,921
52,38,44,44,596,701,921
70,42,72,43,642,732,921
31,23,16,22,554,642,921
77,62,85,70,696,782,921
55,37,55,56,691,773,921
219,110,220,95,797,930,921
47,40,57,54,701,782,921
86,69,98,87,724,810,921
58,50,67,71,715,814,921
152,81,239,140,806,929,921
175,124,98,59,756,863,922
34,31,33,52,507,659,922
48,26,86,45,681,768,922
154,124,132,108,783,877,922
154,100,147,74,761,860,922
58,35,62,44,681,770,922
238,190,237,184,839,966,922
27,20,55,32,631,735,922
42,47,50,59,651,744,922
19,28,15,33,523,619,922
69,37,101,44,728,812,922
28,27,38,31,591,666,922
82,87,36,57,644,728,922
332,213,239,119,842,958,922
32,28,65,49,661,749,922
123,92,165,122,793,905,922
286,133,197,81,811,938,922
19,25,48,45,640,718,922
135,83,143,90,781,885,922
104,90,129,111,779,883,922
23,26,54,39,620,712,922
43,37,72,53,706,793,922
101,85,118,93,756,852,922
20,21,42,32,607,648,922
147,135,169,148,763,860,922
98,39,138,55,745,835,922
317,140,258,124,852,982,922
138,113,158,123,768,867,922
86,85,106,97,703,786,922
82,84,71,80,678,777,922
71,59,145,86,728,823,922
48,41,147,112,752,853,923
190,169,265,242,854,976,923
113,88,117,83,734,847,923
435,323,331,219,881,1017,923
341,209,451,307,911,1023,923
56,55,14,25,626,723,923
102,74,210,166,800,916,923
96,86,116,98,751,858,923
118,114,96,102,755,852,923
54,51,54,60,648,737,923
288,211,311,219,854,982,923
23,26,6,18,415,533,923
46,34,76,56,682,771,923
50,49,42,52,671,759,923
892,377,744,419,988,1023,923
32,29,39,33,629,671,923
277,187,211,165,811,935,923
536,208,438,143,919,1023,923
350,230,296,205,837,968,923
159,100,150,101,780,886,923
30,25,44,46,597,680,923
185,118,166,90,782,901,923
126,105,88,80,720,827,923
39,27,43,47,599,664,923
115,97,21,28,643,730,924
114,40,106,59,742,847,924
98,59,58,39,690,766,924
118,69,103,66,727,814,924
77,51,47,61,672,735,924
128,83,212,116,795,902,924
131,57,71,40,721,821,924
128,97,122,122,751,858,924
41,21,9,14,543,600,924
88,69,70,79,709,796,924
79,31,47,19,662,738,924
30,21,0,8,451,527,924
44,24,15,20,564,646,924
56,36,28,22,661,713,924
88,68,44,51,676,779,924
50,25,62,42,661,737,924
168,61,215,116,832,956,924
86,64,28,40,684,772,924
85,63,86,82,696,786,924
186,80,152,69,799,900,924
108,59,119,85,759,877,924
180,141,82,83,736,821,924
67,38,61,50,643,735,924
297,238,239,215,863,995,924
77,62,18,29,639,707,924
33,23,7,18,308,536,924
42,30,32,38,586,660,924
66,36,126,94,756,858,924
30,21,11,20,493,579,924
88,54,79,60,698,794,924
114,64,108,54,718,811,924
201,141,148,90,790,902,924
75,42,111,64,713,801,924
32,22,16,24,516,596,924
283,203,326,264,874,1007,924
219,117,279,182,839,958,924
38,28,51,37,685,767,924
110,100,85,87,690,789,924
119,96,156,134,748,848,925
530,450,398,359,909,1023,925
139,120,113,132,772,878,925
144,134,86,90,727,824,925
28,29,25,41,588,657,925
210,101,199,74,819,933,925
44,42,64,60,692,770,925
131,118,113,109,746,864,925
88,68,65,34,716,811,925
40,20,48,26,637,693,925
136,128,116,93,761,859,925
341,235,278,177,893,1023,925
33,38,70,72,665,737,925
85,65,82,69,690,766,925
33,34,35,36,571,627,925
45,50,40,47,613,690,925
17,21,41,38,514,638,925
52,37,166,127,771,875,925
15,20,42,34,600,656,925
67,64,40,36,622,725,925
32,20,34,25,593,684,925
37,28,99,48,679,767,925
743,455,647,415,993,1023,925
57,35,122,60,716,810,925
24,28,29,34,625,693,926
36,26,22,30,645,705,926
54,41,79,40,682,760,926
40,40,95,86,692,777,926
218,214,83,96,793,888,926
36,25,84,53,709,777,926
20,25,29,29,537,632,926
36,42,24,35,595,694,926
132,113,118,86,737,833,926
35,38,38,48,621,698,926
39,43,19,23,641,735,926
54,43,67,51,699,776,926
51,46,36,29,690,772,926
469,246,412,223,915,1023,926
107,94,112,86,743,833,926
40,27,52,26,676,721,926
186,151,249,201,833,951,926
33,31,62,58,646,717,926
84,57,123,78,763,868,926
229,148,192,87,824,949,926
90,50,146,68,776,870,926
332,245,308,267,883,1022,926
52,34,33,36,637,723,926
66,60,58,48,636,727,926
69,37,136,63,726,810,926
73,36,60,38,688,795,926
147,93,167,112,796,902,926
53,33,75,54,689,768,926
67,31,86,39,720,802,926
51,32,69,56,685,754,926
86,58,87,71,702,796,926
79,61,114,117,722,826,926
160,111,171,148,790,890,927
43,32,7,23,530,642,927
86,72,34,40,651,715,927
43,25,42,39,621,685,927
173,102,145,83,764,863,927
73,57,25,43,575,654,927
224,104,172,88,825,954,927
91,58,77,35,712,807,927
85,57,52,49,674,772,927
41,29,21,34,556,615,927
25,21,5,14,493,565,927
557,422,443,311,938,1023,927
41,21,42,31,626,695,927
39,21,21,28,548,631,927
27,23,0,19,0,456,927
52,20,40,25,619,715,927
45,32,57,55,659,727,927
332,274,154,118,829,948,927
46,33,64,38,689,793,927
31,28,67,47,666,740,927
50,41,56,36,690,767,927
64,60,32,40,602,697,927
159,96,206,87,809,923,927
163,143,241,221,803,911,927
105,59,92,41,718,812,927
107,70,141,99,789,893,927
45,40,45,49,634,744,927
37,35,18,19,622,689,927
22,21,36,26,611,683,927
108,79,134,93,756,863,927
39,26,46,34,627,678,927
138,97,262,200,812,931,927
19,23,20,26,527,607,927
16,20,19,29,581,632,927
63,28,106,40,713,792,928
24,24,45,38,638,715,928
95,72,169,120,771,870,928
66,57,84,57,679,763,928
46,41,61,58,630,701,928
256,205,286,248,849,969,928
124,87,184,117,798,905,928
200,150,207,134,840,959,928
55,36,67,56,702,783,928
75,57,85,53,706,805,928
93,76,140,100,751,851,928
122,94,78,69,723,822,928
85,85,65,65,681,760,928
52,56,21,35,666,750,928
73,49,98,75,748,843,928
66,58,80,54,680,766,928
44,23,63,34,665,750,928
50,44,68,42,672,748,928
33,25,63,43,697,791,928
71,45,105,63,721,807,928
35,30,58,38,648,728,928
95,42,119,57,759,869,928
139,125,133,124,797,902,928
18,23,21,25,587,655,928
207,146,174,109,785,893,928
420,240,378,185,882,1017,928
56,58,27,38,620,710,928
51,30,34,27,639,705,928
53,33,104,65,728,824,928
148,125,160,135,766,875,928
40,29,24,29,606,691,928
18,21,55,63,628,720,928
48,49,48,45,588,660,929
31,34,31,37,585,666,929
44,34,71,55,694,784,929
97,98,63,66,692,768,929
113,94,71,58,722,806,929
591,317,662,340,962,1023,929
47,45,24,36,591,652,929
34,23,32,13,634,704,929
91,67,99,103,732,821,929
197,170,105,106,763,885,929
59,23,74,30,694,778,929
49,32,67,51,656,752,929
254,171,223,112,867,1019,929
59,50,57,40,678,764,929
119,74,120,53,766,868,929
260,173,263,192,865,992,929
213,125,269,208,848,973,929
109,87,69,60,723,811,929
80,37,103,55,727,836,929
37,34,24,39,529,635,929
27,20,26,31,582,657,929
38,29,39,49,612,686,929
38,28,25,32,555,632,929
56,32,71,47,674,757,929
294,253,196,196,812,926,930
298,190,210,108,824,943,930
217,167,189,174,837,960,930
139,117,90,89,712,805,930
37,23,52,42,575,628,930
418,199,418,187,899,1023,930
120,82,72,44,718,814,930
151,77,200,109,793,902,930
101,64,80,59,714,806,930
54,41,67,57,677,756,930
253,161,207,145,837,962,930
144,115,102,97,769,885,930
97,69,75,57,705,788,930
109,65,101,56,741,844,930
283,146,314,137,872,1000,930
81,66,78,51,705,800,930
98,85,100,101,746,854,930
62,41,74,51,668,756,930
180,83,233,105,826,945,931
31,28,2,18,517,572,931
22,22,0,17,0,439,931
176,153,144,121,751,849,931
52,49,26,47,618,686,931
40,32,60,47,629,701,931
43,35,32,22,619,693,931
55,56,67,79,711,793,931
81,49,90,56,734,830,931
94,42,121,69,754,848,931
31,36,47,58,577,680,931
24,23,26,23,612,694,931
86,68,90,57,717,800,931
68,47,80,74,712,807,931
266,242,148,165,787,883,931
208,205,45,62,730,819,931
156,124,176,136,805,920,931
42,33,77,51,697,806,931
27,21,43,21,599,680,931
80,60,78,51,704,780,931
320,260,470,364,893,1023,931
160,79,123,47,787,890,931
33,30,72,59,701,802,931
29,21,61,39,662,736,931
17,22,13,31,542,605,931
61,37,130,70,732,831,931
61,39,85,53,689,784,931
14,21,9,28,180,391,931
145,135,119,122,745,828,931
57,33,94,60,738,832,931
52,40,55,40,664,747,931
32,27,49,46,646,729,931
73,62,95,86,722,815,931
359,277,318,254,894,1023,931
83,56,56,52,696,775,932
38,30,41,39,591,694,932
142,108,118,70,734,818,932
56,41,36,32,654,745,932
100,40,97,60,731,832,932
35,23,50,37,692,771,932
117,93,134,107,766,858,932
69,54,29,35,667,756,932
75,59,63,69,649,745,932
45,28,22,23,576,656,932
131,110,98,98,740,844,932
51,36,37,32,594,640,932
36,24,11,26,0,482,932
162,121,97,62,725,825,932
35,25,11,26,605,737,932
52,25,42,37,638,745,932
202,126,214,147,821,942,932
97,79,15,40,580,694,932
388,179,337,143,871,1006,932
685,411,802,527,1007,1023,932
179,68,194,73,795,905,932
47,22,24,22,570,684,932
52,21,43,36,648,733,932
30,20,1,17,427,557,932
93,69,55,54,656,734,932
57,36,68,61,679,761,932
223,96,178,89,804,919,932
261,128,189,84,815,939,932
71,52,30,30,597,639,933
34,21,37,38,592,654,933
51,33,25,30,613,711,933
116,67,98,54,720,815,933
46,20,11,17,580,650,933
83,33,80,42,708,804,933
42,31,12,18,407,575,933
45,25,36,30,648,728,933
108,82,86,93,709,794,933
1023,960,1023,659,1023,1023,933
93,43,35,37,667,747,933
61,32,71,38,685,775,933
86,55,152,131,784,900,933
32,23,36,29,591,679,933
48,40,13,25,552,665,933
199,111,217,147,824,944,933
253,202,165,134,798,915,933
72,52,65,34,680,790,933
185,132,142,119,816,928,933
48,28,76,62,697,805,933
33,23,36,33,583,683,933
259,182,229,182,844,974,933
26,22,45,32,653,734,934
98,84,102,83,787,892,934
32,23,42,30,613,708,934
44,53,52,67,654,732,934
83,45,111,63,750,842,934
65,38,122,72,697,795,934
16,22,33,30,547,638,934
70,53,121,78,785,879,934
92,46,141,69,784,887,934
824,524,833,596,1023,1023,934
260,167,306,178,875,999,934
113,90,106,80,741,831,934
80,38,145,54,760,863,934
95,85,145,124,738,833,934
26,21,41,41,622,729,934
86,56,113,79,728,822,934
24,31,42,47,564,622,934
93,91,67,67,698,786,934
43,43,28,28,628,707,934
36,36,24,21,598,644,934
193,110,221,113,811,929,934
29,23,46,33,663,747,934
200,150,231,175,862,995,934
368,291,292,244,885,1023,934
104,72,135,86,753,856,934
21,28,26,34,547,607,934
43,38,49,34,626,687,934
20,24,53,63,660,731,934
132,85,127,66,785,886,934
260,164,253,138,858,986,934
103,91,106,110,736,839,934
279,166,281,195,873,1005,934
80,86,46,61,630,700,934
43,21,23,16,597,711,934
138,121,141,116,756,859,934
110,97,103,96,761,857,934
183,151,257,215,838,953,934
15,20,33,37,552,647,934
379,285,486,314,921,1023,934
288,206,326,243,888,1023,934
28,26,43,37,586,658,934
80,76,63,64,684,794,934
209,106,161,79,813,936,935
25,25,26,45,558,651,935
25,22,27,32,570,663,935
62,56,47,60,638,719,935
37,25,39,49,606,707,935
71,49,112,108,710,807,935
40,27,0,8,549,620,935
49,37,34,36,613,696,935
151,107,161,143,796,909,935
54,25,98,60,689,764,935
536,396,466,394,929,1023,935
245,118,228,108,821,946,935
40,34,43,43,591,677,935
58,45,99,96,745,843,935
329,236,312,192,862,992,935
39,22,15,14,535,651,935
102,90,14,33,678,771,935
42,24,59,50,644,724,935
361,293,285,247,864,1002,935
69,57,64,54,702,798,936
369,158,379,176,881,1020,936
48,23,54,25,679,758,936
78,59,84,48,681,768,936
39,27,71,35,671,763,936
38,48,21,42,561,646,936
99,81,131,110,771,875,936
43,33,65,47,675,752,936
64,38,113,61,697,786,936
29,36,41,57,626,701,936
126,83,190,98,787,897,936
89,73,50,31,645,753,936
44,25,55,28,663,736,936
76,42,118,57,742,832,936
183,129,183,132,802,916,936
301,162,363,160,892,1023,936
71,45,170,90,774,866,936
124,120,78,91,781,891,936
77,46,97,46,661,760,936
158,131,185,159,819,930,936
128,120,143,112,765,865,936
72,77,46,59,719,805,936
25,34,43,56,610,680,936
32,22,19,19,577,673,936
121,91,147,103,794,918,936
144,118,119,82,746,860,936
100,79,71,50,705,790,936
19,22,25,23,573,664,936
104,66,74,48,728,824,936
59,41,80,54,683,793,937
306,282,217,195,823,940,937
75,49,87,47,673,762,937
230,152,209,137,845,973,937
130,113,164,124,785,890,937
38,23,85,43,698,768,937
26,29,31,45,548,646,937
77,74,62,66,702,812,937
23,22,20,22,550,655,937
24,23,20,17,584,657,937
45,40,39,35,580,671,937
374,197,543,332,932,1023,937
62,56,59,60,683,773,937
152,96,186,93,793,905,937
24,27,30,34,552,611,937
145,100,98,69,737,826,937
93,64,124,50,741,836,937
19,22,20,22,527,642,937
1023,700,982,627,1023,1023,937
79,44,54,30,689,789,937
108,86,66,43,745,838,937
485,161,403,116,919,1023,937
28,21,44,28,615,706,937
52,48,70,49,674,766,937
24,31,0,12,489,600,937
182,146,106,73,768,858,937
51,35,85,62,697,779,937
322,137,261,128,854,976,937
313,281,276,233,852,972,937
55,34,89,49,719,809,937
113,107,68,57,690,786,937
84,54,100,54,729,822,937
217,98,206,75,824,943,937
46,43,117,90,716,804,937
110,82,91,55,686,789,937
51,54,30,38,602,711,937
58,61,34,38,596,664,937
84,74,92,75,705,793,937
362,193,358,175,880,1022,937
408,289,500,381,930,1023,937
123,99,129,89,746,852,937
273,134,313,188,866,1000,937
46,25,29,24,630,732,938
89,61,57,33,679,765,938
50,26,62,34,651,758,938
58,42,38,29,558,654,938
70,24,74,35,653,752,938
45,33,25,31,621,710,938
200,156,209,152,822,950,938
142,76,78,62,711,823,938
161,104,118,72,713,820,938
38,27,23,31,482,611,938
196,164,114,111,774,894,938
27,21,18,15,464,578,938
830,338,872,427,1012,1023,938
44,34,28,40,570,646,938
46,36,31,28,568,624,938
49,39,37,35,613,714,938
66,58,24,35,572,692,938
37,30,22,31,565,679,938
90,47,89,44,718,815,938
33,26,39,52,620,706,938
59,40,34,32,618,706,938
35,27,13,22,378,587,938
601,455,550,419,932,1023,938
37,28,41,46,599,687,938
248,169,187,131,794,911,938
44,27,27,23,650,747,939
82,68,39,45,680,775,939
28,27,24,32,530,616,939
37,23,37,25,622,712,939
17,23,13,28,453,539,939
130,93,108,80,766,865,939
468,266,622,391,947,1023,939
38,30,30,33,610,707,939
71,45,85,62,687,781,939
218,157,183,125,800,915,939
26,28,20,23,545,647,939
68,41,70,34,700,814,939
92,68,127,103,756,862,939
90,72,110,81,701,809,939
190,163,185,169,810,932,939
102,64,147,60,755,856,939
321,269,303,231,850,977,939
210,138,231,173,848,976,939
55,57,43,51,600,708,939
75,57,49,40,648,729,939
27,30,17,22,560,650,939
79,74,67,53,717,814,939
22,27,36,35,608,644,939
34,37,88,80,691,770,939
30,28,59,42,622,727,939
25,24,65,36,610,701,939
61,64,59,73,632,704,939
13,21,25,32,540,632,939
167,149,133,113,788,911,940
48,45,48,30,696,769,940
29,23,60,45,621,714,940
101,49,120,64,756,848,940
41,27,58,34,643,708,940
16,25,18,35,521,600,940
118,82,177,144,815,929,940
277,217,284,230,838,958,940
74,42,82,50,716,805,940
358,235,242,97,858,982,940
44,31,76,48,699,793,940
57,52,62,49,630,701,940
35,21,58,30,705,826,940
180,120,196,91,799,922,940
40,26,76,43,636,726,940
23,26,39,43,584,667,940
24,27,23,31,575,676,940
243,216,222,164,824,947,940
11,20,10,21,357,528,940
104,49,186,75,765,863,940
37,27,58,37,642,725,940
83,79,69,54,733,830,940
73,44,99,68,730,820,940
82,49,66,42,696,778,940
88,61,103,51,743,841,940
35,26,69,51,674,767,940
20,26,15,38,510,601,940
36,27,29,34,609,686,940
37,30,31,28,583,679,940
110,82,90,68,722,804,940
38,23,48,32,660,751,940
540,416,488,362,928,1023,940
54,59,2,27,568,670,940
498,398,304,168,884,1007,940
46,38,53,48,628,684,940
39,22,66,32,654,744,940
69,64,60,57,672,782,940
88,72,80,63,698,787,940
641,247,561,271,959,1023,940
524,254,542,245,931,1023,940
584,420,631,451,951,1023,940
235,164,159,128,801,914,940
172,115,148,86,764,875,940
216,92,176,110,798,916,940
44,23,16,22,575,657,940
310,138,315,172,851,982,940
331,242,251,176,852,979,940
292,169,293,175,858,990,940
34,24,8,20,239,504,940
48,22,28,16,573,690,941
60,23,60,33,611,719,941
493,336,306,198,865,992,941
100,84,24,33,614,707,941
86,34,73,41,689,774,941
61,31,26,25,586,673,941
52,30,69,52,679,770,941
311,191,373,241,867,1003,941
120,106,169,174,761,872,941
112,71,160,135,806,921,941
112,80,102,61,724,823,941
40,23,20,20,554,657,941
192,130,194,137,802,913,941
21,21,42,38,612,698,941
100,78,126,90,747,844,941
104,74,130,87,816,942,942
50,22,88,33,714,797,942
22,26,39,37,617,700,942
55,51,80,62,668,768,942
107,105,85,75,735,834,942
22,26,25,38,549,636,942
53,44,51,30,669,754,942
309,101,335,87,858,989,942
253,199,189,150,826,945,942
69,44,60,38,692,777,942
79,71,71,55,659,731,942
28,27,41,28,605,669,942
17,21,12,19,490,577,942
99,73,107,79,736,846,942
24,21,53,35,619,687,942
215,185,274,198,836,960,942
35,24,65,34,646,723,942
48,50,69,76,678,765,942
18,21,35,36,614,689,942
174,95,186,88,812,928,942
94,72,107,55,735,839,942
92,95,59,63,635,741,942
91,91,81,82,694,782,942
125,57,232,132,804,921,943
61,66,14,25,554,629,943
37,27,70,37,648,732,943
175,152,151,136,780,893,943
72,57,129,71,733,833,943
49,34,75,35,738,849,943
41,40,66,54,646,740,943
24,30,29,41,561,629,943
89,64,162,132,779,883,943
28,25,44,44,588,674,943
59,55,59,62,656,745,943
232,173,259,185,846,966,943
21,26,39,49,659,765,943
168,82,143,71,765,892,943
331,274,198,145,878,1009,943
1023,394,1023,440,1023,1023,943
79,61,102,76,715,810,943
30,29,55,55,641,738,943
171,77,166,84,800,923,943
45,44,27,29,560,682,943
33,26,38,34,607,664,943
66,71,49,60,652,766,943
31,20,35,22,601,693,943
24,24,32,26,515,634,943
54,32,77,47,663,737,943
64,61,101,93,690,787,943
40,27,40,29,604,679,943
253,140,277,158,829,966,943
100,73,119,94,738,837,943
58,29,53,27,685,767,943
78,65,73,54,711,786,943
60,28,98,65,732,830,943
126,74,115,46,776,881,943
52,45,72,68,655,726,943
226,161,302,193,871,1003,944
40,32,56,49,618,707,944
27,21,64,56,649,740,944
166,120,83,57,721,824,944
37,30,55,38,623,701,944
176,127,146,107,761,866,944
369,291,386,336,909,1023,944
282,168,292,166,854,982,944
177,111,159,71,801,919,944
51,25,61,29,618,687,944
72,36,112,74,713,820,944
552,282,666,288,946,1023,944
82,80,110,106,713,793,944
86,75,37,33,643,734,944
128,91,161,110,792,892,944
77,83,64,75,677,771,944
159,146,158,155,810,915,944
23,28,39,28,668,768,944
34,30,88,78,698,779,944
46,35,51,25,648,724,944
159,104,233,137,827,939,944
277,204,326,206,871,1003,944
92,77,139,85,770,877,944
30,20,60,40,631,708,945
20,21,12,19,441,566,945
421,369,337,297,872,1006,945
43,31,61,48,627,715,945
42,28,27,23,627,706,945
16,26,4,19,492,635,945
66,40,123,71,719,820,945
52,43,124,102,722,812,945
25,26,34,24,587,647,945
68,29,121,57,717,813,945
30,32,24,24,611,698,945
49,51,55,61,654,756,945
88,89,47,63,637,720,945
70,72,46,65,647,725,945
136,136,75,82,743,835,945
45,48,27,39,629,720,945
276,227,350,279,894,1023,945
213,185,160,158,828,940,945
71,60,88,85,721,827,945
194,123,232,136,850,972,945
578,329,409,280,908,1023,945
34,25,57,30,660,747,945
118,118,70,79,734,841,945
245,190,98,67,797,919,945
57,45,58,45,685,767,945
260,202,289,225,879,1009,946
28,20,63,42,608,709,946
148,103,189,118,778,881,946
19,24,15,27,445,613,946
104,94,118,114,723,823,946
32,36,46,57,595,688,946
32,28,32,37,626,717,946
30,33,25,36,609,655,946
259,215,267,178,845,975,946
348,235,326,165,887,1022,946
26,31,47,57,610,687,946
73,67,71,72,721,819,946
81,61,101,60,724,815,946
91,79,79,79,726,817,946
295,213,192,123,828,951,946
98,47,134,79,781,891,946
250,202,337,258,894,1023,946
26,26,46,48,616,701,946
135,119,88,72,697,800,946
45,22,95,55,749,881,946
47,40,77,71,679,772,946
1023,560,1023,591,1023,1023,946
150,78,141,95,787,904,946
36,25,28,25,463,617,946
70,41,54,56,628,725,946
390,186,378,197,888,1023,946
30,25,44,46,628,715,947
46,31,42,24,631,690,947
240,190,180,122,793,908,947
50,41,6,30,390,550,947
113,70,120,79,732,832,947
126,67,106,63,698,798,947
48,31,64,44,673,770,947
306,201,296,162,859,985,947
283,193,344,249,864,999,947
27,27,17,26,544,616,947
104,86,124,129,736,834,947
44,29,36,21,602,692,947
98,74,96,87,690,784,947
123,106,61,75,667,757,947
510,386,248,167,895,1023,947
141,83,182,127,800,907,947
43,26,36,32,591,673,947
59,48,25,43,539,644,947
688,422,678,477,971,1023,947
132,89,102,67,723,823,947
411,286,424,326,895,1023,947
265,225,200,173,832,952,947
184,132,156,104,778,892,947
94,86,95,90,684,769,947
240,221,189,180,781,893,947
82,71,95,79,680,796,947
115,89,134,106,770,880,947
54,49,50,49,628,721,947
47,50,39,55,682,779,947
41,39,56,52,678,782,947
37,45,48,48,606,707,947
29,35,12,15,570,676,947
88,65,50,39,698,803,947
52,62,47,71,589,671,947
56,53,56,57,617,708,947
70,73,98,102,714,798,947
26,20,29,26,534,653,948
14,24,14,24,460,555,948
20,25,0,10,508,603,948
74,64,122,74,736,820,948
33,38,66,62,632,707,948
226,158,222,152,824,933,948
483,383,375,293,903,1023,948
161,63,207,71,842,977,948
48,46,64,59,658,751,948
192,153,215,168,840,973,948
14,20,17,28,488,636,948
173,121,149,105,786,898,948
88,79,103,83,714,812,948
27,32,14,32,516,630,948
68,55,59,37,639,743,948
170,144,193,134,787,905,948
44,54,15,39,566,698,948
52,42,72,37,687,793,948
54,54,54,47,623,691,948
85,82,51,43,688,783,948
51,54,47,49,668,745,948
33,30,59,45,698,774,948
78,79,108,120,735,831,948
64,71,68,87,637,729,948
137,92,153,76,777,894,948
29,36,24,26,555,637,948
30,23,50,33,637,723,948
72,59,74,63,688,797,948
107,107,87,100,717,811,948
43,27,52,35,651,734,948
32,38,49,63,605,700,949
67,64,84,78,705,800,949
32,36,30,36,568,661,949
30,24,56,52,656,751,949
468,286,405,201,914,1023,949
40,32,63,42,657,742,949
209,104,221,91,820,934,949
311,251,306,261,854,989,949
38,31,51,53,605,688,949
35,26,31,23,579,657,949
43,30,44,27,587,682,949
121,78,96,60,759,861,949
155,101,148,83,806,917,949
26,31,26,31,520,607,949
161,117,212,169,798,915,949
62,38,52,42,664,768,949
36,24,25,26,555,647,949
58,36,64,37,660,749,949
115,105,113,99,693,788,949
35,22,107,88,714,806,949
94,76,99,82,727,824,949
37,22,29,23,597,711,949
120,98,69,71,721,816,949
30,20,46,50,633,726,949
173,73,124,61,751,860,949
418,346,331,286,879,1011,949
445,255,295,116,865,1010,949
178,76,134,63,757,870,950
90,50,106,53,705,803,950
102,70,83,62,728,825,950
56,41,63,57,686,778,950
44,42,50,33,621,731,950
24,25,4,25,474,586,950
79,47,91,38,686,793,950
66,46,118,96,712,790,950
88,83,40,45,609,712,950
149,107,165,142,794,925,950
46,24,75,38,667,749,950
48,27,69,31,671,765,950
109,91,122,133,751,849,950
67,51,110,99,719,815,950
24,25,27,20,574,635,950
193,139,179,117,823,944,950
20,22,46,38,583,657,950
19,23,29,42,535,607,950
56,45,29,34,619,712,950
96,85,185,165,820,943,950
138,60,195,74,815,941,950
400,241,402,258,882,1023,950
169,84,210,89,797,915,950
51,54,74,68,656,720,950
53,54,136,122,737,831,950
123,99,125,99,791,903,950
97,92,98,87,730,836,950
174,128,178,102,807,919,950
78,41,80,35,694,825,950
19,22,35,26,555,627,950
254,240,198,185,824,934,950
22,26,42,28,636,722,950
36,38,53,36,625,712,950
20,20,43,33,592,679,950
397,287,350,215,899,1023,950
78,78,82,67,699,797,950
17,27,34,38,605,679,950
46,38,71,39,673,768,950
314,182,283,121,870,1001,951
101,90,27,36,668,773,951
65,65,35,40,627,696,951
61,34,86,41,702,793,951
345,246,426,273,921,1023,951
37,34,25,29,623,727,951
71,62,35,45,650,750,951
86,71,108,75,718,814,951
40,39,75,70,638,732,951
198,169,220,178,814,938,951
90,75,80,59,685,775,951
105,104,130,131,735,837,951
28,31,32,34,525,599,951
121,70,104,64,745,839,951
19,28,11,25,382,560,951
56,24,70,25,684,771,951
47,55,36,54,582,673,951
34,20,33,20,605,699,951
30,29,50,43,627,721,951
227,157,239,117,838,973,951
257,121,245,111,870,1000,951
38,29,38,26,644,708,951
59,61,34,41,657,726,951
34,29,82,71,668,765,951
222,133,183,114,803,920,951
89,60,116,62,741,834,951
41,35,33,33,620,723,951
192,144,158,115,807,920,952
152,104,170,85,801,921,952
799,515,510,317,983,1023,952
49,47,61,47,639,727,952
69,69,86,91,706,803,952
105,81,95,68,727,822,952
69,47,80,39,722,817,952
48,51,48,53,639,719,952
426,231,666,413,992,1023,952
15,23,0,19,373,560,952
59,65,41,60,600,695,952
159,93,124,50,762,880,952
145,77,187,118,799,922,952
109,65,170,112,769,883,952
20,21,10,26,462,608,952
361,245,260,183,864,1002,952
126,72,124,65,737,847,952
21,20,28,38,547,636,952
34,36,7,29,315,577,952
58,56,60,82,664,766,952
35,32,24,46,549,631,952
161,77,191,115,800,917,952
44,32,88,69,662,759,952
34,25,52,32,606,690,952
162,127,182,156,786,898,952
40,23,18,22,500,641,953
169,138,146,143,792,912,953
75,54,77,40,683,778,953
70,49,37,22,672,763,953
28,24,8,29,494,632,953
49,30,43,28,643,718,953
71,38,134,87,745,847,953
51,43,48,46,568,690,953
117,112,112,109,717,827,953
218,141,194,104,819,938,953
212,135,283,146,842,967,953
81,50,63,30,675,771,953
121,104,145,128,769,875,953
50,41,83,76,654,767,953
25,21,49,39,620,687,953
110,88,74,57,709,814,953
21,27,15,29,497,589,953
335,284,226,190,861,987,953
42,31,71,29,729,852,953
48,35,48,41,646,744,953
120,59,126,62,757,865,953
61,61,50,44,694,796,953
39,46,49,52,590,708,953
19,23,45,42,550,638,953
26,21,48,26,609,696,953
31,24,59,26,607,688,953
89,67,99,64,736,823,953
29,37,31,36,563,638,953
85,70,103,68,704,792,953
181,143,134,93,790,904,953
44,26,108,47,699,782,953
39,30,33,27,546,669,953
18,20,36,27,633,685,953
71,76,57,69,659,741,953
30,35,65,68,646,742,953
18,22,30,31,612,687,953
77,50,104,47,707,814,953
14,22,12,35,441,562,953
59,48,98,55,705,785,953
369,243,515,265,934,1023,953
25,34,36,58,508,622,953
489,308,664,461,954,1023,953
53,56,68,74,675,796,953
42,44,10,19,521,639,954
114,59,220,83,799,906,954
229,137,324,247,850,974,954
61,35,63,32,679,770,954
35,34,30,31,558,661,954
67,73,38,57,605,689,954
212,169,210,151,831,955,954
14,21,17,32,537,636,954
30,33,36,35,608,698,954
56,54,42,44,653,748,954
16,21,46,42,573,686,954
38,37,43,37,630,705,954
48,48,73,73,676,771,954
78,72,72,70,673,748,954
165,125,102,81,752,863,954
61,42,70,64,665,767,954
31,32,23,31,83,545,954
54,30,75,32,686,764,954
124,97,115,98,726,829,954
64,54,86,76,697,808,954
66,31,53,33,628,728,955
55,39,41,40,641,736,955
195,159,152,134,759,853,955
46,35,61,46,609,717,955
119,82,103,81,763,877,955
61,42,37,34,617,706,955
48,38,15,29,272,541,955
53,40,69,69,639,737,955
201,155,209,170,818,928,955
34,20,60,33,631,718,955
145,98,122,84,767,885,955
410,145,384,136,890,1023,955
52,29,67,42,629,722,955
33,32,11,36,351,528,955
93,76,64,52,667,775,955
39,28,12,18,548,644,955
114,62,114,102,707,811,955
41,20,60,23,640,719,955
52,29,61,54,647,738,955
272,226,178,156,808,924,955
57,48,43,42,616,701,955
41,25,47,33,615,709,955
67,55,69,59,663,759,955
37,24,32,28,639,720,955
153,127,114,113,764,873,955
36,31,19,43,530,611,955
138,108,130,112,769,886,956
87,39,84,42,697,806,956
29,31,27,28,504,644,956
93,83,84,82,707,805,956
68,57,71,81,702,798,956
55,47,56,64,651,747,956
95,34,109,36,738,841,956
28,26,44,32,577,684,956
55,52,75,72,660,763,956
52,41,40,29,581,675,956
107,81,216,185,785,886,956
48,29,36,23,616,716,956
37,27,72,51,618,729,956
101,74,121,111,746,855,956
75,69,68,65,652,737,956
48,38,86,46,702,788,956
374,202,312,166,883,1017,956
165,145,120,104,750,868,956
230,167,278,198,857,979,956
40,21,39,21,649,748,956
13,20,14,27,108,501,956
47,38,64,40,620,699,956
22,26,4,20,452,579,956
23,30,30,36,300,537,956
245,202,248,214,846,970,956
798,430,713,438,997,1023,956
48,47,118,119,703,797,956
58,43,155,111,767,879,956
50,45,160,132,755,859,956
451,289,385,255,893,1023,956
32,42,26,40,483,581,956
592,444,586,398,944,1023,956
36,30,17,24,629,727,956
101,89,106,72,756,857,956
184,112,160,95,812,931,956
39,36,51,57,630,720,956
137,108,151,92,781,882,956
198,95,214,69,820,932,956
565,323,347,175,889,1023,956
24,21,42,23,622,699,956
43,43,52,38,651,747,956
77,58,62,47,695,794,956
98,80,131,86,757,852,956
50,28,74,25,685,772,956
21,28,21,33,551,664,956
88,61,106,57,739,844,956
24,20,76,59,710,821,956
196,114,161,99,789,895,956
353,270,385,297,918,1023,956
291,216,217,151,814,936,956
29,27,29,26,550,662,956
29,22,68,46,645,721,956
105,67,86,26,727,825,956
146,138,100,98,748,852,957
31,23,45,29,632,709,957
57,43,61,39,681,769,957
33,29,72,51,631,721,957
91,77,117,89,748,848,957
158,114,193,149,782,900,957
131,102,121,101,745,846,957
69,45,97,68,712,823,957
135,92,173,129,772,873,957
21,23,65,56,609,689,957
176,136,274,187,833,957,957
269,127,243,144,839,973,957
62,57,68,33,680,769,957
28,25,19,18,452,596,957
414,349,337,297,899,1023,957
90,80,85,80,715,812,957
75,61,63,61,712,799,957
65,47,121,107,731,827,957
78,41,130,76,733,843,957
15,20,37,45,571,623,957
61,37,82,35,687,775,957
50,49,63,65,687,765,957
111,97,135,142,721,825,957
41,20,42,19,592,694,957
101,84,49,51,653,741,957
242,114,270,120,841,980,958
85,74,39,39,668,766,958
52,29,60,39,656,750,958
778,483,626,371,948,1023,958
78,48,82,46,685,792,958
136,107,134,100,769,884,958
45,27,123,70,709,804,958
30,29,31,47,546,670,958
277,238,162,154,811,934,958
80,68,81,79,723,828,958
38,22,67,40,656,721,958
98,69,62,42,643,743,958
61,57,37,54,660,764,958
80,62,88,58,726,808,958
34,22,14,15,513,618,958
75,48,111,55,695,788,958
277,174,276,196,859,983,958
35,28,23,36,548,652,958
268,138,302,137,857,981,958
500,350,453,233,905,1023,958
48,22,65,25,693,756,958
502,339,584,396,941,1023,958
26,30,52,66,574,698,958
264,142,429,252,881,1011,958
188,164,162,125,805,918,958
362,251,340,255,902,1023,959
167,93,143,95,759,868,959
161,113,113,86,746,857,959
60,67,37,50,644,726,959
296,118,356,157,867,1003,959
524,397,453,336,907,1023,959
52,47,123,107,735,838,959
42,50,25,33,585,642,959
14,24,2,19,0,504,959
42,32,86,50,679,749,959
86,63,37,30,708,801,959
178,119,199,112,794,905,959
167,112,163,107,794,903,959
215,183,149,135,802,912,959
34,30,20,25,553,601,959
323,260,276,212,845,957,959
20,26,6,27,357,539,959
226,166,259,219,846,963,959
64,65,56,69,680,764,959
15,23,16,27,294,530,959
15,20,26,36,586,682,959
246,170,312,210,849,966,959
34,37,51,50,653,741,959
29,36,40,56,637,707,959
35,34,38,42,606,694,959
93,63,114,82,713,820,959
825,618,654,489,986,1023,959
126,111,117,102,786,889,960
156,59,182,72,800,901,960
32,29,4,15,556,637,960
218,124,235,136,820,939,960
33,33,33,30,595,673,960
393,219,499,298,925,1023,960
162,147,131,103,754,869,960
79,63,55,32,649,750,960
145,95,160,99,770,884,960
156,128,149,116,771,873,960
37,35,52,53,600,689,960
161,126,191,153,802,908,960
19,27,9,20,454,580,960
46,32,107,84,736,835,960
54,51,70,63,718,828,960
124,117,106,100,733,834,960
46,42,23,19,608,685,960
18,20,17,26,570,689,960
71,69,68,71,690,784,960
117,106,83,87,702,822,960
193,113,168,120,799,911,960
60,45,73,44,659,761,960
264,124,308,116,846,975,960
80,79,93,101,676,761,960
27,20,33,28,588,659,960
55,49,92,85,698,802,960
54,34,44,35,625,717,960
156,103,231,172,804,925,960
232,134,200,160,789,908,960
76,51,90,84,737,837,960
42,32,26,32,506,612,960
65,65,25,48,627,730,960
154,70,204,75,802,923,960
77,36,164,51,755,855,960
258,164,207,127,853,991,961
60,28,69,36,673,751,961
60,46,66,50,649,748,961
131,126,133,135,701,797,961
57,35,68,48,650,729,961
137,133,34,42,697,785,961
40,25,60,39,618,708,961
564,250,421,117,913,1023,961
173,165,96,86,743,841,961
317,258,305,257,856,984,961
68,40,107,60,723,819,961
213,173,158,120,777,889,961
27,24,19,25,485,609,961
35,24,38,27,525,660,961
28,33,37,41,625,704,961
1023,616,1023,437,1023,1023,961
83,73,126,87,729,834,961
47,35,76,45,658,741,961
116,109,79,63,706,806,961
61,50,95,72,709,817,961
37,35,29,30,525,650,961
78,76,56,73,640,735,961
89,88,71,78,708,814,961
122,67,105,62,695,789,961
70,74,72,74,691,789,961
317,263,237,184,829,942,961
288,248,284,245,837,968,962
48,48,43,34,628,726,962
26,24,26,27,605,686,962
29,25,40,40,580,677,962
111,38,167,54,758,853,962
580,451,573,488,960,1023,962
29,21,27,19,536,624,962
30,26,56,56,614,670,962
52,38,52,42,683,782,962
73,63,70,74,690,750,962
33,33,40,32,664,741,962
117,108,100,91,767,876,962
24,32,0,15,395,584,962
360,264,330,227,904,1023,962
302,260,262,200,847,968,962
150,127,132,99,743,844,962
36,34,48,44,603,670,962
35,37,32,31,594,676,962
23,25,36,30,551,590,962
43,39,37,52,605,686,962
44,39,59,42,653,737,962
177,165,139,146,761,862,962
848,525,452,249,941,1023,962
33,34,30,44,722,815,962
277,147,154,75,820,942,962
102,77,177,146,789,905,962
50,51,97,99,706,790,962
31,23,51,35,654,759,962
33,24,67,52,666,738,962
318,274,248,171,837,969,962
33,38,36,48,627,700,962
40,24,66,33,680,765,963
33,27,76,54,701,781,963
40,35,62,35,653,759,963
163,112,166,112,796,905,963
141,110,129,73,765,862,963
30,27,56,48,620,703,963
42,44,50,45,626,725,963
65,29,80,36,704,792,963
335,145,316,134,874,1008,963
29,20,64,30,658,731,963
31,28,41,35,622,709,963
110,95,187,144,805,918,963
74,74,97,99,722,806,963
35,27,66,60,644,729,963
165,100,227,108,799,914,963
72,48,124,89,718,817,963
1023,912,1023,645,1023,1023,963
61,64,47,56,649,723,963
386,186,303,132,882,1014,963
97,89,115,109,718,837,963
25,22,44,30,594,691,963
39,43,34,44,598,703,963
30,22,44,27,608,687,963
1023,882,815,615,1023,1023,963
372,196,287,134,873,1011,963
80,67,94,93,704,787,963
25,22,9,32,317,467,963
211,174,164,160,862,1019,963
77,75,40,58,607,719,963
107,96,72,77,690,782,963
36,20,42,24,611,681,963
33,20,13,20,515,639,963
900,568,847,504,1010,1023,963
129,100,95,92,760,879,963
22,23,0,7,0,494,963
194,154,229,182,825,950,964
139,103,167,121,779,884,964
33,22,18,20,539,629,964
70,44,64,51,646,753,964
135,81,101,70,725,824,964
163,139,101,111,730,829,964
104,68,79,45,703,802,964
31,21,17,23,582,677,964
489,346,420,317,900,1023,964
397,303,313,231,871,1005,964
192,93,373,257,860,999,964
535,169,483,126,915,1023,964
369,277,340,239,892,1023,964
46,35,39,32,578,690,964
39,38,45,66,644,726,964
243,188,243,210,843,969,964
91,47,47,32,645,759,964
68,54,46,46,621,725,964
105,72,82,39,735,836,964
155,112,291,210,861,987,964
330,227,312,204,863,997,964
23,20,18,18,459,583,964
71,60,52,56,604,693,964
33,28,32,37,573,667,964
48,38,66,47,678,775,964
42,45,20,30,589,671,964
35,34,72,72,692,787,965
161,80,193,95,805,917,965
495,238,416,217,897,1023,965
128,89,104,67,750,854,965
138,109,145,123,803,922,965
27,34,40,43,591,665,965
32,30,36,35,628,697,965
48,33,96,44,681,779,965
183,165,177,151,777,879,965
70,69,53,63,674,775,965
58,47,57,36,684,764,965
21,21,27,27,544,634,965
92,44,142,76,774,877,965
52,56,47,53,651,735,965
49,45,110,105,748,846,965
83,75,37,40,684,780,965
237,170,132,62,780,910,965
65,57,38,29,631,730,965
36,32,31,35,516,633,965
14,23,20,24,419,587,965
74,70,78,68,722,821,965
28,36,28,31,623,686,965
124,84,191,103,803,913,965
26,26,46,39,588,663,965
15,24,8,26,424,576,965
17,24,4,12,481,595,965
54,62,18,33,572,647,965
27,25,68,48,626,689,965
159,91,223,124,813,920,965
185,119,303,150,811,921,965
121,116,94,98,760,859,965
269,163,420,300,890,1023,966
118,91,182,111,775,883,966
19,22,38,47,583,678,966
27,22,51,34,590,682,966
177,127,152,130,794,908,966
68,62,105,74,701,797,966
21,20,51,55,529,648,966
61,69,3,28,525,629,966
24,29,26,38,554,653,966
361,303,337,300,865,995,966
18,23,0,13,406,518,966
100,94,44,42,662,745,966
224,177,166,122,807,924,966
104,94,129,128,748,857,966
260,176,220,150,848,977,966
56,44,51,41,641,719,966
138,100,152,99,778,896,966
34,26,33,26,585,662,966
57,55,38,57,626,694,966
36,22,31,25,492,630,966
43,33,26,46,568,700,966
155,112,239,143,805,935,966
366,186,306,169,889,1023,966
62,51,62,65,663,758,966
53,47,32,35,605,706,966
61,44,51,50,648,739,966
89,74,103,115,736,842,966
44,25,29,28,562,692,966
176,91,225,122,830,954,966
73,47,64,49,659,748,966
48,33,37,35,576,665,966
153,89,228,144,844,969,966
94,77,91,85,712,804,966
45,30,53,48,606,716,966
39,28,25,32,534,667,966
255,227,176,182,778,887,966
71,63,36,47,620,704,966
152,110,153,102,784,890,966
189,151,190,160,802,916,966
199,186,144,126,788,894,967
128,124,141,134,760,853,967
77,70,99,87,740,839,967
62,62,67,69,678,767,967
119,101,138,91,770,871,967
15,25,2,16,358,528,967
213,148,417,274,895,1023,967
25,34,7,18,519,657,967
125,101,224,154,781,894,967
24,28,64,64,634,735,967
121,109,140,96,741,837,967
143,114,119,90,729,837,967
136,119,171,136,764,877,967
11,20,12,31,294,498,967
58,52,79,54,683,777,967
165,159,118,115,754,851,967
183,90,289,183,868,994,967
15,25,1,26,0,545,967
44,41,42,32,562,693,967
157,83,174,88,785,884,967
219,121,352,224,875,1012,967
299,178,235,159,913,1023,967
60,40,64,28,681,753,967
169,120,208,85,801,914,967
123,89,137,95,756,865,968
139,100,141,68,784,898,968
59,63,75,81,688,769,968
467,293,512,341,949,1023,968
80,77,52,48,686,770,968
256,165,292,217,857,983,968
955,537,959,608,1023,1023,968
198,144,208,170,837,951,968
27,32,20,20,558,649,968
64,45,115,55,706,810,968
153,144,108,87,713,818,968
30,25,32,26,573,660,968
71,81,23,47,598,719,968
24,29,46,40,541,634,968
294,177,324,183,885,1018,968
41,36,50,38,602,653,968
134,120,156,140,784,893,968
50,34,54,32,645,727,968
80,52,104,35,728,824,968
105,97,115,96,732,834,968
89,81,96,66,718,816,968
118,103,106,73,728,839,968
149,125,118,77,771,886,968
22,23,23,21,556,652,968
54,31,84,40,668,753,968
25,31,39,46,591,687,968
84,80,149,140,766,863,968
156,67,245,123,886,1023,968
65,65,82,77,664,726,968
107,89,121,89,744,843,969
85,70,83,75,688,763,969
57,45,71,40,660,755,969
162,138,194,133,812,923,969
61,65,51,50,639,746,969
106,96,111,101,752,865,969
81,43,113,59,740,867,969
22,29,27,39,527,662,969
25,22,42,44,531,643,969
46,30,78,44,675,761,969
246,114,265,103,851,991,969
188,125,220,160,833,958,969
179,111,146,90,768,881,969
57,26,79,36,726,822,969
280,257,195,174,798,910,969
24,21,40,31,603,701,969
167,164,96,112,740,838,969
14,21,0,13,302,562,969
67,39,135,66,755,879,969
60,53,85,70,684,773,969
116,81,198,158,799,911,969
86,87,85,97,693,794,969
67,33,106,41,708,793,969
86,63,63,42,686,778,969
207,182,163,132,779,882,969
155,75,97,48,767,875,969
39,32,63,42,672,733,969
91,60,118,69,727,828,969
143,113,133,96,773,886,969
172,141,236,213,794,916,969
163,120,131,75,786,904,969
65,68,65,84,629,703,969
63,52,95,82,715,810,969
29,24,30,40,594,703,969
78,40,97,67,715,834,969
80,44,74,65,714,819,969
116,107,96,103,741,837,969
34,28,49,54,634,714,970
75,67,54,57,682,781,970
46,26,23,26,583,690,970
28,30,15,30,523,596,970
41,35,40,45,592,714,970
31,33,38,44,568,662,970
267,248,190,170,815,930,970
65,62,41,39,569,675,970
173,138,234,201,838,957,970
36,38,25,25,556,652,970
30,33,85,94,661,733,970
30,30,28,18,542,639,970
98,41,79,57,677,790,970
72,47,78,38,681,768,970
126,118,116,117,767,873,970
47,34,105,55,705,788,970
11,22,4,22,0,510,970
105,71,156,85,745,842,970
14,23,9,34,416,512,970
115,113,79,90,771,890,970
151,140,214,209,797,916,970
145,132,145,120,789,896,970
166,142,180,135,768,874,970
153,132,134,115,765,865,970
232,180,275,174,846,972,970
68,60,83,67,694,789,970
58,44,64,32,677,752,970
119,59,111,56,729,827,970
23,29,6,17,499,569,970
278,173,215,145,852,983,970
124,86,118,64,749,854,970
239,163,297,228,883,1019,970
123,107,99,101,776,886,971
30,20,55,28,601,671,971
252,115,318,186,845,978,971
254,194,279,182,833,950,971
21,20,50,43,608,683,971
112,59,114,52,737,835,971
51,49,33,38,615,709,971
45,29,69,44,611,723,971
177,150,145,102,749,836,971
535,364,477,306,914,1023,971
60,52,102,85,731,822,971
47,36,26,34,569,661,971
208,152,197,135,803,912,971
14,25,16,26,387,557,971
44,42,58,51,652,731,971
27,32,42,47,589,689,971
1023,761,881,619,1023,1023,971
242,125,175,85,809,928,971
77,70,71,67,702,801,971
358,303,229,187,873,1014,971
100,61,119,71,732,832,971
43,23,62,33,672,768,971
321,205,304,193,851,968,971
15,21,14,23,453,539,971
21,22,14,24,499,600,971
98,94,36,52,610,699,971
42,28,94,50,717,805,971
62,56,68,60,678,777,971
49,37,93,67,704,783,971
18,26,0,10,108,514,971
272,202,297,228,888,1014,972
163,128,128,88,765,864,972
47,45,78,62,676,763,972
42,40,25,19,617,706,972
167,91,214,102,824,934,972
56,30,73,35,653,761,972
50,49,11,29,633,717,972
441,194,416,246,907,1023,972
79,64,67,49,669,759,972
65,35,89,51,697,789,972
119,88,150,121,807,919,972
115,97,95,100,713,810,972
493,323,480,270,927,1023,972
115,73,167,102,788,898,972
320,257,265,189,851,983,972
894,530,816,505,1019,1023,972
111,100,84,105,740,840,972
525,381,547,367,946,1023,972
141,85,96,56,735,843,972
140,95,101,60,728,849,972
79,36,75,34,675,771,972
228,83,191,106,817,951,972
79,44,57,43,693,783,972
63,40,94,82,715,820,972
131,76,83,38,726,838,972
242,176,359,289,857,987,972
112,60,93,55,715,827,972
61,44,38,30,594,716,972
50,46,5,31,528,627,972
26,21,35,36,575,672,972
194,86,210,95,823,937,972
118,73,156,103,762,851,972
150,72,193,88,780,891,972
131,113,104,83,761,883,972
131,115,119,126,707,810,972
59,39,91,39,690,774,972
72,56,91,64,666,753,972
67,66,85,85,714,807,972
33,23,81,62,675,779,972
76,67,61,41,687,788,972
29,28,28,28,524,610,972
74,69,45,53,664,760,972
345,228,395,235,881,1017,972
22,22,35,27,579,668,972
76,53,123,87,759,872,973
87,50,160,72,748,847,973
35,36,61,43,624,719,973
137,102,155,113,774,874,973
586,285,820,351,975,1023,973
155,95,161,58,771,893,973
56,62,67,80,683,775,973
72,66,95,59,670,751,973
48,29,93,51,702,790,973
40,20,93,58,686,766,973
79,80,47,69,640,707,973
109,111,57,73,689,776,973
132,110,116,73,748,845,973
25,20,51,42,643,727,973
363,182,470,262,913,1023,973
51,40,58,38,667,754,973
55,32,68,31,673,753,973
68,50,127,83,739,839,973
112,84,137,103,762,874,973
143,142,89,100,728,832,973
47,31,41,26,628,701,973
81,29,125,37,717,815,973
40,28,69,46,689,779,973
103,87,102,74,755,849,973
202,183,106,75,764,862,973
20,31,9,30,445,566,973
93,58,124,83,741,849,973
19,28,21,28,519,611,973
55,41,122,79,745,842,974
58,48,124,93,749,841,974
69,52,72,46,692,785,974
105,101,80,83,747,850,974
79,42,122,66,742,843,974
97,76,87,73,726,816,974
169,145,134,103,777,889,974
59,58,49,42,678,774,974
24,31,24,24,512,639,974
565,280,527,265,940,1023,974
1023,505,1023,460,1023,1023,974
162,74,165,67,806,931,974
43,37,48,44,632,723,974
219,175,236,185,816,931,974
23,23,26,30,577,686,974
577,242,686,285,971,1023,974
83,70,124,104,738,841,974
768,409,587,293,953,1023,974
389,305,238,163,851,974,974
93,92,35,59,646,719,974
226,109,193,115,793,913,974
21,23,22,25,501,606,974
134,80,290,187,826,953,974
45,46,53,56,617,717,974
451,315,455,331,923,1023,974
112,89,108,109,735,842,974
285,210,169,139,814,937,975
33,26,11,21,419,564,975
64,53,86,81,738,832,975
59,59,34,31,620,723,975
230,168,281,186,869,1010,975
302,189,405,253,888,1023,975
72,57,53,49,660,791,975
45,25,45,36,658,747,975
36,40,50,57,615,729,975
68,46,74,37,720,808,975
158,97,113,77,769,872,975
65,70,23,31,585,695,975
36,36,61,58,660,752,975
95,57,83,55,726,840,975
131,119,147,150,767,873,975
330,272,312,255,878,1011,975
77,56,58,52,715,815,975
333,249,389,343,908,1023,975
383,307,326,256,894,1023,975
573,420,537,349,923,1023,975
313,241,259,223,862,994,975
183,164,206,198,821,944,975
87,72,82,73,686,779,975
49,49,61,48,649,718,975
81,74,84,69,695,799,975
33,23,35,37,603,692,975
51,38,79,37,689,759,975
51,51,84,81,705,796,975
208,199,210,184,811,918,975
121,114,70,87,692,779,975
42,35,71,73,648,761,975
49,40,68,33,700,795,975
158,141,110,102,772,861,976
24,20,32,31,552,676,976
56,46,109,93,756,862,976
21,27,39,45,619,684,976
30,22,60,38,624,690,976
81,63,98,75,693,791,976
32,24,36,21,624,723,976
36,37,11,20,561,646,976
161,105,176,92,785,886,976
62,46,85,41,686,776,976
96,94,47,64,706,795,976
61,34,93,51,720,820,976
207,189,94,88,768,875,976
32,30,36,40,575,665,976
30,28,53,30,623,717,976
132,126,91,93,740,839,976
50,38,76,52,697,790,976
16,24,26,40,408,549,976
1023,984,947,617,1023,1023,976
46,41,45,34,626,714,976
47,34,93,63,704,802,976
114,102,143,135,760,858,976
32,32,27,22,576,665,976
292,232,191,127,841,953,976
78,43,88,55,694,803,976
82,82,78,59,715,807,976
63,51,152,134,758,852,976
82,77,72,71,658,763,976
31,35,2,26,278,538,976
151,76,94,57,706,802,976
16,21,16,20,448,549,976
797,638,562,402,965,1023,976
27,25,56,36,657,752,976
35,33,39,32,599,669,976
127,126,77,76,702,789,976
36,21,48,24,649,723,976
547,396,476,303,939,1023,976
53,41,44,30,595,705,976
47,36,99,61,698,792,976
136,97,253,178,818,926,976
52,44,81,52,672,759,976
93,59,136,58,732,824,976
33,30,42,33,610,685,976
34,21,85,77,659,753,976
38,27,50,31,637,714,976
85,77,169,143,773,887,976
16,20,41,42,608,695,976
81,67,130,99,739,830,976
133,115,79,60,730,828,976
45,52,40,48,585,658,977
33,34,78,74,667,759,977
193,179,118,121,775,873,977
118,76,228,135,810,928,977
101,83,147,120,770,880,977
129,124,143,152,743,842,977
74,48,73,62,671,763,977
22,25,55,64,627,679,977
68,67,51,55,655,748,977
52,30,100,56,695,787,977
30,38,51,61,654,740,977
134,103,107,90,748,842,977
45,40,60,37,659,748,977
336,215,392,237,860,987,977
40,35,59,51,655,752,977
228,176,160,70,807,927,977
27,26,53,42,670,781,977
329,272,290,214,862,986,977
108,105,67,57,725,819,977
187,163,218,191,819,932,977
529,375,492,303,911,1023,977
46,20,60,33,661,752,977
113,88,132,98,763,861,977
162,94,186,103,779,885,977
16,21,26,36,520,631,977
79,78,66,70,726,816,977
66,31,102,43,715,806,977
309,213,464,363,915,1023,977
81,53,130,118,755,847,977
442,357,380,300,907,1023,977
81,80,73,68,717,799,977
80,52,105,54,695,783,978
251,146,307,195,848,988,978
40,28,33,35,594,669,978
105,86,52,61,687,769,978
41,34,42,43,562,646,978
189,127,184,116,789,906,978
131,103,193,140,790,901,978
103,81,118,87,743,840,978
41,22,30,26,542,647,978
336,212,607,466,946,1023,978
82,58,107,76,695,774,978
172,71,185,92,792,912,978
577,264,585,218,932,1023,978
60,39,58,50,685,780,978
145,95,145,75,788,884,978
24,27,33,35,580,668,978
160,148,104,109,775,879,978
61,44,97,67,683,763,978
292,204,318,211,867,997,978
45,30,80,61,685,764,978
248,186,208,153,834,964,978
86,64,143,82,766,874,978
222,207,235,194,815,932,978
65,57,116,83,750,864,978
490,431,455,384,910,1023,979
50,40,131,110,748,860,979
19,27,24,36,590,663,979
56,64,31,48,560,668,979
424,308,461,349,914,1023,979
20,24,57,56,617,684,979
13,21,2,25,0,383,979
54,49,68,46,686,764,979
22,31,10,29,486,559,979
52,55,75,81,689,772,979
121,66,188,119,803,917,979
307,259,226,171,828,940,979
44,39,86,54,712,795,979
25,30,24,27,548,612,979
183,166,144,145,804,904,979
73,62,98,82,722,813,979
51,47,90,63,701,799,979
49,34,58,46,655,747,979
75,55,74,51,683,793,979
31,39,6,20,520,582,979
41,41,66,61,648,733,979
264,158,249,192,857,984,979
50,37,56,32,652,727,979
340,198,300,109,851,984,979
54,50,50,45,635,718,979
16,20,33,35,527,625,979
102,94,106,61,703,799,979
46,53,20,43,563,642,979
53,30,78,59,692,780,979
26,21,78,54,673,769,979
92,68,103,73,711,798,979
105,94,90,77,715,818,979
270,251,244,212,845,969,979
23,20,67,39,656,719,979
62,67,35,43,626,709,979
105,96,113,107,733,832,979
134,118,97,89,734,843,979
240,185,216,156,835,956,979
508,214,601,246,928,1023,979
95,76,105,79,714,821,979
452,315,311,223,895,1023,980
63,35,107,68,723,824,980
189,169,172,158,802,914,980
988,558,982,500,1023,1023,980
102,95,89,87,714,798,980
33,34,26,35,536,594,980
195,173,137,124,781,888,980
117,88,112,77,739,847,980
119,117,71,85,675,778,980
44,27,58,32,666,761,980
433,355,312,243,880,1018,980
33,30,29,39,485,630,980
40,35,43,41,578,665,980
52,33,62,43,644,747,980
80,51,68,48,662,758,980
30,26,28,32,486,645,980
44,28,42,27,556,673,980
32,25,25,34,530,618,980
161,131,125,106,736,843,980
123,70,166,137,774,886,980
62,40,81,62,695,798,980
76,44,121,77,727,823,980
128,109,94,93,688,785,980
158,64,107,46,766,891,980
155,87,89,52,753,861,980
26,24,13,17,0,484,980
52,52,42,65,600,698,980
89,57,92,55,700,804,980
38,44,5,33,399,574,980
36,29,60,59,652,741,980
1023,1021,1023,654,1023,1023,980
44,44,22,31,587,667,980
27,23,34,27,467,584,981
423,329,235,211,889,1023,981
150,119,174,158,801,918,981
106,77,89,69,725,824,981
48,40,53,57,551,660,981
93,76,99,87,723,820,981
219,182,144,127,807,932,981
20,22,25,36,545,640,981
430,223,263,146,893,1023,981
14,20,12,20,504,624,981
40,28,107,82,685,779,981
297,181,237,132,833,961,981
1023,1021,1023,746,1023,1023,981
66,62,59,39,647,746,981
70,65,74,74,711,813,981
52,57,54,57,658,747,981
56,61,62,65,638,726,981
43,48,22,29,604,689,981
287,262,210,188,823,941,981
177,150,130,65,756,865,981
90,91,64,75,721,815,981
33,34,55,50,642,757,981
58,59,93,85,725,815,981
41,40,39,41,677,761,981
59,54,120,86,701,778,981
1023,722,926,424,1023,1023,981
35,40,10,31,536,619,981
42,28,60,39,649,745,981
42,29,46,22,600,665,981
53,49,49,49,609,709,981
488,390,453,357,918,1023,981
78,64,108,72,738,836,981
120,69,134,85,731,839,982
27,24,33,34,581,667,982
29,20,74,39,667,732,982
54,44,95,39,684,767,982
502,326,512,318,935,1023,982
92,60,112,53,714,807,982
36,28,37,32,624,709,982
38,23,81,41,641,727,982
156,144,103,93,770,866,982
136,124,66,64,726,813,982
66,58,56,45,717,828,982
99,98,87,79,693,788,982
48,33,88,32,688,775,982
118,98,101,88,770,886,982
43,32,51,30,641,720,982
70,49,119,88,720,814,982
140,87,160,80,746,838,982
93,76,39,29,712,802,982
100,75,84,39,707,805,982
44,32,69,35,686,771,982
22,24,38,27,553,647,982
317,159,475,196,904,1023,982
21,27,26,27,437,574,982
99,91,93,85,759,868,982
82,66,79,63,717,825,982
71,54,98,74,706,802,982
43,37,34,26,619,704,982
44,43,50,46,639,711,982
61,62,34,50,638,738,982
81,55,134,71,733,860,982
17,26,7,30,287,473,982
109,74,184,139,817,924,982
65,59,47,43,675,749,982
47,24,73,38,653,763,982
78,49,116,68,724,810,982
94,85,117,107,733,838,982
53,41,68,52,659,721,982
220,174,139,103,790,904,982
73,32,83,39,712,799,982
25,27,48,48,560,663,982
196,185,104,74,774,885,982
530,322,438,226,907,1023,982
24,30,18,36,506,607,982
19,20,9,21,304,546,982
74,78,37,55,632,706,982
577,253,661,269,962,1023,982
332,179,273,117,854,974,982
24,24,46,51,551,634,983
18,24,14,26,416,572,983
138,69,144,87,767,879,983
37,38,20,33,573,653,983
77,71,49,56,660,748,983
70,57,126,91,742,837,983
133,91,122,79,769,865,983
63,66,56,59,675,762,983
100,85,92,68,751,853,983
49,51,57,54,672,758,983
139,134,101,101,730,825,983
25,22,32,33,574,695,983
187,130,159,124,784,898,983
39,45,8,26,641,788,983
23,23,16,20,460,569,983
32,31,28,30,498,605,983
879,427,838,457,1016,1023,983
96,46,111,44,730,825,983
89,65,78,58,711,811,983
50,45,34,36,572,644,983
62,45,81,54,713,814,983
415,233,312,189,899,1023,983
15,24,18,31,486,583,983
29,30,39,33,492,630,983
68,53,70,48,688,782,983
437,280,415,246,886,1022,983
124,85,141,73,747,848,983
27,33,27,44,517,619,983
83,89,28,50,606,695,983
588,334,678,426,1004,1023,983
123,108,177,153,765,868,984
179,66,251,84,820,939,984
67,60,101,95,714,809,984
109,88,191,149,785,895,984
28,31,24,25,564,653,984
23,21,56,30,596,692,984
44,36,95,53,704,792,984
53,37,49,18,680,756,984
71,62,90,82,732,848,984
308,181,282,135,872,1005,984
80,76,71,60,674,765,984
121,115,101,103,733,828,984
170,144,168,129,784,896,984
58,54,83,93,712,798,984
45,38,68,52,726,805,984
143,128,90,76,730,838,984
208,162,156,136,781,880,984
36,37,17,18,613,686,984
53,44,41,30,636,719,984
42,34,54,43,609,692,984
148,111,236,175,812,919,984
81,69,89,63,659,755,984
95,81,160,130,781,882,984
129,114,147,97,769,869,984
22,31,11,30,469,569,984
82,65,89,67,730,834,984
93,84,65,61,724,818,984
35,38,35,38,578,649,985
109,73,78,37,721,809,985
315,224,275,203,872,993,985
102,88,140,129,763,857,985
28,23,45,38,555,626,985
35,26,42,34,623,659,985
54,42,69,58,671,771,985
211,98,234,97,847,971,985
182,128,192,143,825,938,985
52,45,77,52,694,778,985
59,32,128,70,726,826,985
193,122,199,111,810,925,985
88,79,117,105,727,817,985
659,457,600,421,963,1023,985
34,38,48,52,658,718,985
154,137,121,108,737,841,985
27,29,0,20,280,508,985
68,58,48,66,649,710,985
48,43,36,32,620,691,985
85,75,93,92,754,851,985
119,90,123,88,746,847,985
71,63,52,52,712,806,985
21,25,15,26,379,570,985
54,50,42,34,642,729,985
522,353,536,344,951,1023,985
379,169,354,183,901,1023,985
31,27,44,36,634,693,985
81,54,121,61,740,840,985
188,159,188,154,803,915,985
892,410,735,309,996,1023,985
99,90,94,75,693,795,985
31,20,49,37,635,719,985
17,23,28,38,504,554,985
418,279,370,272,905,1023,985
32,36,22,32,574,641,985
28,28,112,99,696,797,985
375,335,245,235,875,1012,985
143,133,122,96,742,854,985
438,294,603,377,964,1023,985
211,122,174,109,800,917,985
71,78,19,47,544,646,985
521,345,428,259,931,1023,985
65,57,100,59,709,791,985
58,51,78,53,675,771,985
236,135,249,153,824,945,985
67,59,124,114,726,838,985
99,83,111,101,738,835,985
119,87,111,89,773,875,985
99,62,50,26,675,775,985
29,22,17,20,558,631,985
30,22,82,68,669,759,986
145,86,83,46,684,780,986
88,50,101,63,716,808,986
90,67,75,64,744,843,986
27,28,2,22,460,588,986
39,33,38,27,606,671,986
96,67,143,103,726,831,986
113,86,73,58,682,777,986
133,86,162,99,795,906,986
58,32,45,33,635,731,986
41,36,27,37,519,664,986
226,184,164,129,803,919,986
41,43,34,43,640,740,986
123,105,90,72,755,853,986
82,85,79,91,668,776,986
82,68,61,43,664,756,986
43,39,22,25,589,714,986
26,29,41,45,526,649,986
125,85,265,197,841,960,987
65,63,36,43,634,727,987
100,55,112,50,737,838,987
134,118,82,65,726,817,987
71,54,69,71,653,745,987
43,44,54,62,626,716,987
45,36,91,68,721,820,987
28,22,43,28,603,688,987
42,50,41,53,599,681,987
78,79,75,69,682,768,987
121,79,271,212,844,965,987
185,151,238,189,807,921,987
78,51,126,88,722,818,987
184,152,101,80,791,910,987
97,90,66,63,681,779,987
43,33,23,30,628,708,987
112,98,127,110,736,846,987
265,138,225,103,845,980,987
16,23,13,24,422,560,987
120,82,106,80,749,853,987
87,74,125,98,739,845,987
36,21,44,31,609,699,987
157,146,118,106,754,851,987
25,30,33,33,510,623,987
88,50,156,81,750,851,987
151,68,160,121,806,921,987
21,25,45,40,624,723,988
62,38,136,105,764,868,988
251,148,222,130,812,928,988
24,25,65,55,629,692,988
74,80,23,41,594,685,988
26,25,38,45,617,696,988
18,20,46,35,593,684,988
99,75,118,89,748,852,988
22,23,25,20,452,594,988
45,39,36,35,546,655,988
117,116,114,126,735,835,988
47,23,70,32,674,783,988
105,76,195,146,800,908,988
365,175,324,166,911,1023,988
115,98,91,85,675,749,988
96,80,142,124,794,910,988
64,53,34,35,670,767,988
53,29,131,51,757,872,988
24,24,12,14,608,656,988
219,193,172,154,821,936,988
76,70,94,101,694,801,988
30,23,72,60,668,766,988
48,23,69,32,713,822,988
276,164,206,107,829,948,988
92,61,160,104,759,865,988
45,39,72,71,661,754,988
247,178,236,165,833,952,988
74,54,107,66,713,820,988
259,126,220,103,828,949,988
39,24,82,58,684,787,988
26,29,47,58,595,663,988
173,156,200,183,798,912,988
24,24,31,36,535,626,988
41,38,39,32,564,653,988
89,82,124,105,758,861,989
59,53,69,65,700,804,989
317,234,436,357,914,1023,989
161,115,104,72,761,871,989
53,47,61,70,676,757,989
52,30,80,44,689,784,989
26,24,32,36,584,667,989
35,24,89,36,651,754,989
37,44,31,47,594,648,989
59,55,68,69,627,738,989
438,344,463,367,927,1023,989
88,90,63,75,704,783,989
333,234,344,228,879,1012,989
330,208,338,188,873,1010,989
30,28,44,49,586,694,989
51,46,30,51,577,694,989
167,132,191,146,788,899,989
275,114,250,69,842,963,989
109,110,83,98,715,807,989
286,154,216,107,818,940,989
399,270,250,172,870,1001,989
191,154,139,113,791,904,989
92,74,99,96,704,808,989
178,136,179,141,819,931,989
66,38,88,49,675,767,989
876,418,898,462,1023,1023,989
83,72,54,45,663,783,989
124,88,116,85,740,834,989
72,65,53,62,622,707,989
105,93,101,82,741,841,989
76,71,48,42,646,731,989
320,172,281,105,869,995,989
117,73,129,87,790,894,989
169,114,210,104,781,893,989
27,26,16,27,504,625,989
191,131,188,127,816,931,989
61,47,113,84,734,836,989
38,41,10,28,577,681,989
189,128,184,116,821,936,989
32,28,43,31,653,740,989
226,144,246,181,829,951,989
20,20,15,18,406,551,989
57,49,83,78,707,803,990
53,31,99,74,730,834,990
60,55,49,57,676,760,990
27,28,32,34,584,639,990
32,21,58,41,666,742,990
39,29,104,76,695,788,990
475,292,556,323,970,1023,990
130,92,122,72,751,844,990
18,23,30,35,481,585,990
569,288,601,355,957,1023,990
75,37,56,34,678,747,990
113,74,138,77,774,886,990
47,38,20,21,571,687,990
100,75,143,93,724,825,990
48,42,58,49,661,721,990
36,28,67,58,661,731,990
116,77,137,90,720,805,990
98,91,123,120,759,859,990
233,139,209,116,828,937,990
53,22,60,25,664,722,990
82,78,90,93,702,782,990
47,34,104,62,668,741,990
117,54,113,69,738,845,990
93,82,127,111,762,869,990
446,281,261,135,873,998,990
45,38,48,37,584,655,990
262,156,140,91,772,874,990
42,47,40,54,628,698,990
768,535,581,353,951,1023,990
25,24,25,32,553,644,990
196,96,179,71,784,896,990
274,227,262,207,828,943,990
294,148,308,124,866,998,990
22,22,42,41,607,672,990
148,71,239,145,817,920,991
22,27,25,43,546,588,991
164,142,107,87,771,869,991
61,44,41,29,669,743,991
610,351,426,255,938,1023,991
25,28,13,21,507,605,991
346,206,301,190,894,1020,991
71,70,58,61,694,781,991
87,76,51,48,702,802,991
181,174,107,121,742,842,991
152,132,165,142,796,906,991
60,53,89,75,716,815,991
79,42,91,51,722,811,991
67,60,69,58,687,778,991
641,537,493,403,930,1023,991
240,159,222,117,817,938,991
25,31,0,20,0,416,991
71,56,90,51,696,786,991
33,32,27,29,633,748,991
117,111,75,80,708,808,991
166,130,244,214,831,950,991
47,51,46,52,601,696,991
86,97,62,74,662,720,991
105,83,126,75,757,854,991
58,59,87,83,681,779,991
24,26,62,57,678,771,991
498,210,571,272,930,1023,991
44,38,82,65,672,757,991
31,30,48,41,615,665,991
55,63,52,55,611,695,991
148,118,124,105,748,856,991
402,291,457,352,908,1023,991
83,73,56,56,660,758,991
39,29,46,34,638,707,991
106,90,114,101,735,841,991
23,24,38,25,571,669,992
106,90,103,78,734,834,992
136,108,169,134,785,900,992
126,78,218,124,794,919,992
46,48,28,33,568,675,992
107,111,49,65,684,755,992
45,28,85,31,678,767,992
558,352,722,441,978,1023,992
58,50,41,43,673,754,992
99,77,209,173,781,889,992
34,36,23,36,520,607,992
21,22,16,29,527,616,992
96,51,82,39,646,745,992
66,42,60,33,682,766,992
337,248,431,340,901,1023,992
279,234,145,125,812,928,992
152,124,151,121,783,898,992
42,23,79,46,642,730,992
169,148,83,70,765,875,992
28,24,49,50,687,795,992
26,28,57,65,641,720,992
92,79,128,101,738,840,992
29,20,20,19,562,639,992
93,82,67,81,726,834,992
67,41,53,32,655,738,992
41,24,60,47,619,717,992
20,20,14,34,555,655,992
341,238,362,272,887,1023,992
44,40,96,82,667,742,992
41,41,45,70,649,750,992
36,44,21,44,528,626,992
68,47,119,86,771,877,992
27,28,71,77,670,759,992
268,184,241,128,852,985,992
47,45,34,30,616,701,992
60,53,74,59,738,833,992
56,53,44,39,596,683,992
172,161,111,118,778,887,992
17,22,19,32,400,552,992
74,37,97,63,722,822,992
19,25,24,31,593,649,992
238,98,326,112,855,984,992
73,47,64,45,676,758,992
34,25,46,27,615,717,992
384,334,234,196,843,956,992
232,201,123,113,846,982,992
45,35,60,48,641,729,992
137,103,204,192,809,916,992
66,51,70,68,671,774,992
228,193,202,135,785,900,992
78,75,64,88,719,801,992
45,43,25,30,600,695,992
264,173,328,233,863,989,992
241,200,160,141,814,927,993
52,46,55,49,645,718,993
385,170,325,152,880,1008,993
25,23,60,32,626,694,993
29,23,66,49,658,734,993
41,29,67,37,638,727,993
161,84,121,75,757,858,993
247,180,287,217,858,979,993
257,202,204,177,824,936,993
54,42,101,89,674,746,993
27,24,18,25,530,598,993
36,33,25,39,470,603,993
35,25,52,35,611,697,993
73,70,34,45,605,683,993
68,49,79,62,713,786,993
43,34,77,59,662,761,993
179,97,171,114,778,887,993
28,33,26,31,611,673,993
44,48,27,49,599,675,993
23,24,36,31,569,602,993
47,38,114,109,743,837,993
42,34,26,22,590,668,993
101,78,147,124,742,833,993
70,46,52,30,661,757,993
26,25,69,60,702,807,993
199,122,243,142,810,921,993
61,60,100,102,740,843,993
37,26,50,29,616,714,994
44,21,51,26,654,719,994
13,21,2,22,0,355,994
294,182,562,385,957,1023,994
227,129,194,85,828,953,994
119,115,24,40,603,718,994
86,90,44,65,638,728,994
116,96,94,72,744,838,994
17,23,26,41,497,612,994
161,159,89,99,736,847,994
38,31,75,69,694,780,994
89,86,98,81,714,817,994
36,28,62,55,664,758,994
1023,427,927,400,1007,1023,994
15,22,9,27,408,504,994
183,85,242,136,831,950,994
1023,1021,1023,659,1023,1023,994
49,47,53,55,674,759,994
32,29,15,19,595,644,994
98,89,94,80,725,829,994
62,30,79,35,679,772,994
60,37,38,27,609,699,994
152,105,142,89,786,908,994
32,21,68,37,615,702,994
237,187,127,123,794,903,994
116,98,108,104,766,864,994
21,24,17,23,486,572,994
51,42,63,50,669,772,994
45,23,61,31,655,732,994
50,37,54,45,654,779,994
41,36,33,37,584,666,994
66,66,50,72,623,712,995
83,78,31,46,597,700,995
20,24,11,23,344,511,995
115,95,156,147,784,896,995
72,51,83,55,727,826,995
102,73,156,133,775,877,995
67,59,97,92,690,781,995
270,224,153,118,803,929,995
156,118,147,125,782,884,995
925,505,954,496,1023,1023,995
178,130,190,139,813,931,995
166,104,204,113,786,906,995
54,23,66,29,685,771,995
30,30,24,28,580,654,995
33,34,31,35,548,639,995
914,587,737,471,1005,1023,995
21,20,40,37,603,687,995
135,125,60,64,718,823,995
70,62,80,60,676,765,995
35,39,46,52,608,669,995
85,63,113,68,729,827,995
260,202,219,143,842,960,995
44,41,73,71,646,716,995
720,550,677,454,981,1023,995
83,37,111,54,746,836,995
227,132,144,71,779,890,995
29,22,32,30,568,624,995
299,242,171,117,802,908,995
200,146,131,77,768,865,995
249,212,199,169,837,949,995
36,33,53,56,634,704,995
94,79,87,92,728,830,995
234,177,231,184,852,970,996
77,71,35,35,662,768,996
68,43,60,34,658,748,996
26,33,9,28,522,614,996
173,129,236,138,799,908,996
61,63,44,46,643,714,996
562,437,364,264,899,1023,996
41,37,34,34,577,667,996
93,67,82,74,683,785,996
56,44,58,59,649,738,996
128,116,121,112,752,850,996
60,35,41,39,614,737,996
224,133,335,199,852,984,996
41,37,26,28,617,688,996
37,41,38,55,613,716,996
23,29,28,38,548,611,996
43,50,44,50,573,663,996
1023,529,1023,468,1023,1023,996
32,20,59,35,651,721,996
32,29,46,31,594,678,996
215,158,126,91,789,886,996
125,101,127,94,750,843,996
43,28,38,16,645,743,996
53,43,61,55,681,757,996
105,91,127,113,747,855,996
16,22,0,14,345,511,996
45,46,40,43,635,721,996
236,159,205,125,815,931,996
31,23,49,36,591,662,996
40,33,42,35,605,675,997
97,89,109,97,747,846,997
24,26,35,41,588,647,997
41,30,54,40,605,680,997
242,118,249,130,836,949,997
137,52,143,56,777,875,997
89,60,106,73,725,822,997
102,86,117,100,735,832,997
63,40,27,27,612,716,997
51,44,43,50,705,786,997
132,92,116,54,757,861,997
25,25,55,47,532,638,997
408,332,202,171,857,984,997
28,25,34,31,578,674,997
25,31,49,53,665,741,997
107,90,109,82,729,817,997
626,464,370,257,918,1023,997
193,108,262,146,817,936,997
40,40,46,59,521,631,997
31,28,9,22,499,598,997
43,39,22,32,641,716,997
69,59,43,50,638,715,997
26,22,7,30,478,569,997
54,43,21,23,578,677,997
27,25,20,37,425,551,997
60,39,80,54,703,800,997
68,57,48,47,676,763,997
136,121,132,138,783,893,997
84,54,80,51,673,749,998
242,160,201,97,806,922,998
122,99,85,64,684,775,998
306,233,421,363,899,1023,998
174,120,146,105,776,885,998
54,38,39,28,604,687,998
159,65,196,86,806,925,998
56,28,114,72,733,823,998
36,29,50,44,656,749,998
233,162,193,125,807,922,998
28,20,24,21,614,681,998
39,27,74,35,649,735,998
25,21,36,35,569,643,998
430,282,584,343,937,1023,998
34,40,21,28,539,642,998
277,156,348,223,888,1023,998
284,139,297,131,848,972,998
61,52,65,67,667,758,998
24,25,53,52,591,666,998
84,71,39,39,646,752,998
75,63,84,65,708,788,998
61,40,68,49,713,811,998
34,40,11,30,480,625,998
27,27,43,46,580,683,998
23,22,33,35,570,678,998
774,614,502,377,947,1023,998
52,27,85,35,685,787,998
68,53,86,46,684,782,998
73,51,83,44,706,797,998
22,20,41,32,602,684,998
183,147,167,137,802,913,998
94,67,136,106,761,876,998
38,25,62,36,685,779,998
40,23,66,34,688,759,998
224,112,314,185,845,966,998
106,47,138,56,772,871,998
239,184,231,179,823,945,998
95,63,89,41,730,803,998
131,98,146,120,776,873,998
27,26,35,34,638,732,998
450,292,271,167,889,1023,998
67,53,51,44,650,745,998
498,380,314,233,866,992,999
27,21,24,15,608,651,999
436,338,433,316,922,1023,999
34,20,32,30,562,701,999
255,119,168,69,811,920,999
263,160,230,158,845,974,999
338,283,277,239,867,988,999
89,74,45,43,657,751,999
80,52,82,48,692,773,999
181,115,227,143,800,887,999
33,25,29,22,605,682,999
155,64,191,125,796,899,999
1023,774,822,391,1015,1023,999
24,21,21,28,545,626,999
34,31,47,55,662,711,999
42,26,99,67,662,727,999
59,32,72,38,666,746,999
208,117,103,63,769,865,999
139,103,129,78,762,866,999
174,146,180,189,782,885,999
53,33,62,31,660,734,999
709,457,558,375,942,1023,999
309,131,317,171,871,989,999
41,35,65,58,702,794,999
375,244,520,362,909,1023,999
30,20,33,29,638,721,999
69,62,108,82,743,853,999
92,58,135,91,761,865,999
82,69,63,47,692,785,999
439,229,590,300,940,1023,999
312,300,126,139,805,917,999
38,31,68,50,632,716,999
86,64,91,70,736,845,999
222,82,280,96,851,975,999
91,86,131,111,735,831,1000
129,76,207,124,825,932,1000
114,88,146,126,784,883,1000
99,48,132,44,755,861,1000
139,93,135,86,758,869,1000
28,35,0,25,533,597,1000
590,377,479,285,926,1023,1000
27,21,32,20,584,672,1000
29,34,9,27,414,558,1000
361,296,373,313,905,1023,1000
16,20,18,19,530,554,1000
67,44,94,62,700,788,1000
61,58,47,50,659,757,1000
104,79,96,75,723,802,1000
53,27,76,49,685,769,1000
65,57,42,37,651,744,1000
19,20,33,34,597,697,1000
44,40,45,49,632,729,1000
66,49,170,149,776,891,1000
83,68,58,64,674,760,1000
38,35,16,28,525,625,1000
172,145,165,123,800,937,1000
15,21,22,28,502,581,1000
115,107,43,66,688,797,1000
30,26,25,33,567,641,1000
30,36,23,44,556,634,1000
50,33,49,32,656,743,1000
227,180,205,131,802,911,1000
130,97,137,120,783,886,1000
60,61,66,65,667,742,1001
21,24,31,34,549,642,1001
21,23,2,15,556,579,1001
68,65,55,60,682,764,1001
31,32,21,31,607,694,1001
52,35,67,30,699,805,1001
297,256,175,120,822,941,1001
24,24,35,38,597,707,1001
70,57,76,45,661,757,1001
500,219,580,242,936,1023,1001
142,111,134,114,794,906,1001
64,66,73,91,683,749,1001
139,107,155,134,775,880,1001
66,56,78,88,691,795,1001
95,85,75,52,700,799,1001
35,20,37,24,608,655,1001
37,36,34,45,560,650,1001
502,399,283,215,925,1023,1001
144,105,92,62,716,821,1001
466,208,419,194,902,1023,1001
107,100,57,53,686,774,1001
46,41,41,41,630,723,1001
31,33,13,22,557,626,1001
59,58,22,38,604,677,1001
548,312,433,200,902,1023,1001
24,20,15,17,491,578,1001
67,50,87,43,709,811,1001
439,336,339,220,899,1023,1001
63,40,71,22,695,780,1001
127,79,147,68,781,899,1001
51,42,72,30,678,780,1001
27,22,49,44,659,725,1001
364,142,291,121,857,977,1001
148,123,90,76,716,803,1001
61,59,30,47,499,612,1001
47,31,38,34,619,696,1001
266,209,195,144,850,967,1001
150,61,161,84,771,878,1001
42,34,80,66,702,796,1001
58,46,112,83,751,860,1001
72,55,90,53,719,790,1001
339,275,238,198,863,990,1001
110,112,28,51,624,692,1001
41,32,65,56,590,660,1001
48,37,32,22,602,690,1001
242,206,225,169,810,918,1001
170,130,155,88,787,893,1002
72,47,31,29,636,729,1002
38,33,68,56,666,753,1002
212,183,166,135,786,894,1002
31,22,9,20,0,476,1002
278,228,282,232,874,1007,1002
92,84,80,62,712,797,1002
100,60,103,53,705,796,1002
49,44,64,61,642,735,1002
56,49,31,43,681,750,1002
898,476,659,412,981,1023,1002
126,72,149,82,759,885,1002
94,46,122,88,753,847,1002
86,66,82,53,746,835,1002
159,106,194,128,817,932,1002
70,46,92,57,689,776,1002
79,56,86,53,692,782,1002
22,22,27,28,551,625,1002
38,32,42,33,539,661,1002
185,136,181,106,796,910,1002
30,35,0,17,0,484,1002
345,306,359,302,883,1011,1002
643,489,478,341,932,1023,1002
51,47,53,68,710,809,1002
26,30,46,54,552,615,1002
215,120,239,141,849,973,1002
192,135,191,127,811,924,1002
202,164,261,204,850,979,1002
102,86,130,116,760,868,1002
74,61,81,74,697,785,1003
65,57,66,57,677,750,1003
50,44,92,79,691,780,1003
128,120,97,110,691,789,1003
22,24,2,16,372,520,1003
551,414,375,259,886,1023,1003
38,37,48,40,533,659,1003
89,90,45,53,645,746,1003
129,102,168,137,783,890,1003
48,50,66,79,679,775,1003
89,89,93,90,729,832,1003
383,267,330,230,888,1023,1003
132,107,216,188,817,940,1003
37,33,43,44,631,712,1003
50,43,37,44,606,704,1003
72,45,65,32,681,785,1003
54,26,80,30,659,760,1003
216,82,156,64,821,942,1003
20,24,0,18,441,589,1003
50,30,44,37,645,716,1003
485,195,312,121,879,1019,1003
59,52,28,18,676,762,1003
20,21,26,24,542,619,1003
109,101,117,104,753,865,1003
40,44,39,50,604,718,1003
32,31,52,57,614,683,1003
38,37,46,24,630,719,1003
31,27,10,28,445,629,1003
56,44,66,52,659,759,1003
275,203,231,181,852,976,1003
194,162,282,228,859,988,1004
96,57,182,95,759,856,1004
514,351,621,448,959,1023,1004
59,45,54,34,684,788,1004
69,63,129,108,723,822,1004
27,27,57,53,637,697,1004
175,145,330,276,864,1002,1004
36,39,52,55,631,715,1004
52,25,84,51,701,779,1004
39,32,94,75,640,725,1004
116,88,165,124,776,871,1004
110,50,154,74,772,881,1004
35,20,49,24,635,714,1004
434,371,336,310,892,1021,1004
621,379,654,456,979,1023,1004
21,28,10,22,520,612,1004
94,94,38,48,659,747,1004
72,55,37,29,720,808,1004
316,220,274,172,832,953,1004
16,20,20,27,0,555,1004
31,20,61,27,626,713,1004
140,115,222,174,807,906,1004
42,23,98,39,661,750,1004
295,197,381,237,905,1023,1004
59,52,80,63,725,838,1004
20,25,11,26,453,575,1004
14,21,12,29,137,441,1004
38,34,43,37,535,647,1004
120,63,101,46,725,812,1005
49,36,68,55,675,773,1005
1023,596,1023,438,1023,1023,1005
47,27,72,35,695,779,1005
218,118,282,172,836,951,1005
427,338,324,222,891,1023,1005
35,33,47,43,642,722,1005
16,21,36,41,610,705,1005
76,39,134,44,731,823,1005
227,177,262,218,850,966,1005
53,43,45,41,640,709,1005
297,258,194,181,827,935,1005
495,347,392,280,923,1023,1005
120,119,77,78,676,759,1005
60,45,151,102,732,826,1005
962,558,901,372,1016,1023,1005
205,172,171,125,804,907,1005
45,41,23,16,568,678,1005
34,21,28,16,607,702,1005
44,28,86,42,687,780,1005
163,102,135,82,752,853,1005
112,61,133,76,727,823,1005
80,47,95,51,727,810,1005
547,244,688,199,960,1023,1005
255,214,333,255,847,968,1005
17,24,33,31,514,610,1005
38,44,38,47,526,611,1005
66,67,40,38,612,689,1005
82,57,99,56,716,814,1005
208,163,170,111,806,910,1005
24,28,30,33,475,595,1005
75,55,117,83,740,830,1005
136,92,114,57,723,818,1005
80,50,115,80,745,851,1005
41,28,56,45,587,675,1005
88,91,37,49,601,711,1005
112,85,96,66,717,801,1005
40,39,28,37,601,690,1005
92,82,102,77,720,795,1005
197,125,215,103,836,962,1005
161,140,103,84,778,875,1005
15,21,14,29,406,556,1005
28,23,77,38,670,740,1005
95,67,131,74,727,825,1005
58,65,41,61,623,714,1005
277,174,268,143,855,989,1005
39,38,38,50,656,747,1005
128,99,141,102,760,860,1005
68,57,66,37,660,752,1005
38,36,48,36,595,669,1005
103,67,139,96,746,850,1005
59,56,65,64,603,703,1006
420,201,589,334,930,1023,1006
50,49,12,30,634,753,1006
19,20,30,30,552,627,1006
619,334,504,395,940,1023,1006
42,28,51,35,639,691,1006
52,40,52,36,727,865,1006
81,85,67,78,665,765,1006
516,170,367,127,885,1023,1006
101,70,109,70,761,851,1006
24,31,46,54,625,717,1006
70,69,60,55,675,772,1006
131,89,126,95,781,892,1006
336,276,209,156,822,945,1006
286,272,213,220,794,901,1006
74,63,66,34,700,789,1006
128,86,101,52,733,829,1006
565,311,484,256,920,1023,1006
20,25,28,32,526,609,1006
50,38,100,61,718,826,1006
18,21,38,32,592,683,1006
34,26,48,34,610,691,1006
66,41,131,75,703,789,1006
128,93,192,135,779,891,1007
136,76,206,151,810,930,1007
74,71,40,43,675,743,1007
83,74,103,99,711,792,1007
22,21,23,31,601,670,1007
84,74,103,81,732,820,1007
45,26,46,26,637,709,1007
40,39,21,28,544,657,1007
103,88,91,52,741,828,1007
185,109,315,222,851,970,1007
31,29,36,29,621,690,1007
87,69,83,73,686,774,1007
36,23,29,21,599,668,1007
64,50,46,49,626,701,1007
97,69,166,134,764,855,1007
267,186,182,111,799,900,1007
91,60,80,55,693,776,1007
167,128,177,128,803,910,1007
382,313,268,218,883,1009,1007
45,27,126,80,723,800,1007
80,67,64,76,704,830,1007
28,23,22,29,614,666,1007
95,43,52,49,661,749,1007
142,110,133,141,785,892,1007
45,23,54,39,617,689,1007
50,30,51,37,667,762,1008
28,27,37,42,546,636,1008
179,98,162,65,801,920,1008
149,103,163,126,782,876,1008
52,28,80,42,673,767,1008
43,33,51,48,587,677,1008
407,266,322,193,869,998,1008
55,50,34,50,622,719,1008
123,74,99,67,718,809,1008
220,190,204,163,825,952,1008
93,64,130,102,761,877,1008
41,34,66,49,661,738,1008
31,25,83,65,703,792,1008
67,62,60,58,674,761,1008
274,187,261,139,859,989,1008
73,67,61,47,732,834,1008
214,185,199,145,786,892,1008
33,35,28,38,467,623,1008
58,44,63,57,691,793,1008
520,306,772,516,995,1023,1008
138,107,168,132,783,885,1008
25,21,39,35,594,682,1008
53,46,95,82,733,821,1008
55,46,61,33,642,727,1008
113,110,111,119,706,807,1008
16,20,28,45,359,532,1008
126,96,233,166,801,907,1008
500,341,331,166,897,1023,1008
94,77,122,110,761,870,1008
253,105,212,104,831,953,1008
53,34,51,28,635,709,1008
72,40,65,51,696,794,1008
690,455,661,416,970,1023,1008
71,71,81,88,656,743,1008
162,134,183,147,796,907,1008
39,43,26,48,587,661,1008
102,66,102,81,728,834,1008
37,35,29,38,607,674,1008
163,133,138,108,746,863,1009
20,24,2,10,315,537,1009
28,25,29,20,544,643,1009
56,35,74,40,701,783,1009
38,37,27,35,566,651,1009
229,121,342,175,869,1001,1009
326,150,342,135,894,1023,1009
45,32,56,36,629,708,1009
308,246,205,178,818,934,1009
41,33,46,25,660,756,1009
61,42,84,64,712,799,1009
336,291,290,261,860,990,1009
59,51,85,83,698,796,1009
92,45,125,60,728,837,1009
82,52,77,48,733,825,1009
65,26,82,35,644,760,1009
98,92,127,128,715,804,1009
946,358,988,360,1023,1023,1009
67,59,34,43,627,703,1009
369,317,316,285,870,1008,1009
66,58,131,115,735,833,1009
31,37,28,45,513,619,1009
68,50,65,46,710,790,1009
124,74,129,60,754,857,1010
136,129,77,84,715,806,1010
26,20,20,28,532,607,1010
173,80,200,95,830,942,1010
186,110,224,95,820,937,1010
156,141,127,117,734,830,1010
266,212,241,191,864,991,1010
45,23,62,31,686,767,1010
105,107,107,118,697,783,1010
962,564,953,565,1023,1023,1010
259,146,436,239,895,1023,1010
53,39,65,31,698,769,1010
106,72,169,109,781,894,1010
24,24,40,46,523,591,1010
40,29,18,16,522,630,1010
184,75,187,103,816,936,1010
22,20,20,23,443,612,1010
28,22,54,55,653,726,1010
148,93,176,144,784,905,1010
28,20,73,42,614,706,1010
14,22,21,29,448,610,1010
47,40,53,26,645,735,1010
20,20,8,15,361,556,1010
201,157,220,151,810,937,1010
271,182,254,183,830,954,1010
150,58,104,37,756,855,1010
28,20,27,24,487,561,1010
86,81,74,77,693,781,1010
50,32,74,44,644,734,1010
54,54,37,45,685,761,1010
473,209,452,222,910,1023,1010
48,47,31,37,665,748,1010
236,125,118,50,781,886,1010
228,172,367,259,867,1001,1010
17,21,26,39,331,543,1011
28,24,39,25,578,638,1011
416,313,385,285,901,1023,1011
1023,452,907,375,991,1023,1011
35,25,46,45,605,703,1011
217,158,303,259,876,1003,1011
414,329,357,257,875,1006,1011
39,33,73,59,646,759,1011
194,154,283,205,839,966,1011
19,27,24,37,543,623,1011
183,115,210,146,807,931,1011
33,29,30,19,644,721,1011
109,97,87,72,695,797,1011
130,92,97,77,729,833,1011
71,83,36,52,629,710,1011
51,41,113,78,739,842,1011
66,60,49,28,659,729,1011
134,112,198,167,786,887,1011
141,131,45,48,722,838,1011
468,286,438,253,948,1023,1011
194,133,224,123,824,944,1011
93,83,134,119,739,851,1011
198,176,156,148,751,840,1011
314,112,348,142,853,992,1011
42,38,37,38,532,645,1011
322,233,355,274,875,1008,1011
86,62,90,64,716,812,1011
150,141,103,103,735,833,1011
36,33,24,29,449,606,1011
255,126,276,162,821,945,1011
41,32,12,14,445,611,1011
60,42,64,44,655,737,1011
172,99,140,94,782,888,1011
20,20,17,18,0,461,1011
98,77,116,84,727,824,1011
20,23,16,22,507,620,1011
66,63,96,111,699,802,1011
50,42,97,74,690,783,1012
18,20,18,24,474,568,1012
19,22,47,46,548,670,1012
78,47,85,42,694,784,1012
261,177,243,155,845,975,1012
43,35,41,37,625,699,1012
124,110,86,65,722,802,1012
92,76,102,58,726,821,1012
225,177,269,178,834,949,1012
25,29,29,33,497,613,1012
110,74,133,61,747,849,1012
73,56,110,87,655,751,1012
136,80,155,78,767,899,1012
67,31,116,39,707,811,1012
95,89,111,105,710,810,1012
19,28,29,47,463,591,1012
45,34,69,34,649,733,1012
246,159,358,226,888,1019,1012
504,348,356,190,904,1023,1012
480,275,580,388,950,1023,1012
64,46,125,79,745,843,1012
21,22,35,24,547,608,1012
78,57,55,47,691,789,1012
187,158,203,181,800,905,1012
17,23,21,31,0,513,1012
77,74,129,119,741,848,1012
33,27,51,37,603,691,1012
583,325,700,294,964,1023,1013
507,454,287,189,881,999,1013
83,81,48,58,627,711,1013
137,127,85,77,720,817,1013
196,96,175,80,785,890,1013
120,103,126,119,789,895,1013
149,117,242,186,814,921,1013
154,117,246,199,832,952,1013
32,28,92,91,701,769,1013
38,26,63,55,600,679,1013
67,73,36,49,616,708,1013
73,70,54,56,644,723,1013
73,70,45,42,646,705,1013
249,166,326,257,881,1005,1013
158,137,176,154,779,876,1013
741,536,628,509,958,1023,1013
148,92,136,46,764,871,1013
71,43,69,38,679,773,1013
63,68,67,69,662,755,1013
91,99,42,52,661,743,1013
25,21,45,29,652,710,1013
91,66,94,57,719,832,1013
106,64,135,45,765,868,1013
32,25,73,41,628,705,1013
217,185,214,144,808,916,1013
19,21,45,31,579,660,1013
67,58,49,40,652,726,1013
50,29,60,28,678,765,1013
91,77,73,81,681,763,1013
44,47,21,32,544,655,1014
56,47,64,43,666,776,1014
95,85,47,42,664,750,1014
348,236,374,276,912,1023,1014
56,34,108,53,704,784,1014
31,31,38,35,568,654,1014
42,32,62,28,669,754,1014
59,43,63,42,636,720,1014
450,241,436,227,903,1023,1014
138,138,88,99,734,823,1014
115,104,59,50,680,781,1014
163,122,148,123,806,926,1014
30,22,65,47,627,733,1014
49,41,48,50,645,736,1014
27,23,0,6,423,553,1014
46,50,33,50,593,689,1014
17,21,25,33,422,541,1014
349,260,358,276,885,1023,1014
35,33,63,71,613,704,1014
43,26,75,38,632,726,1014
193,145,133,91,768,866,1014
697,341,688,299,971,1023,1014
144,100,266,189,835,955,1014
168,92,276,185,828,946,1014
24,20,54,36,624,687,1014
450,306,438,312,925,1023,1014
193,157,195,162,831,949,1014
43,47,29,39,601,694,1014
121,62,97,58,740,841,1014
65,63,45,44,650,757,1014
24,29,15,27,564,629,1014
25,29,16,26,559,629,1014
1023,648,1023,573,1023,1023,1014
74,71,103,91,685,773,1014
320,290,253,217,847,968,1014
40,27,82,53,663,760,1014
65,44,78,48,675,757,1014
92,74,77,48,720,815,1014
48,34,101,76,717,801,1014
182,101,190,109,820,944,1014
81,63,71,43,658,755,1014
73,75,39,60,711,800,1014
118,90,89,51,743,855,1014
1023,1013,1023,785,1023,1023,1014
45,47,24,34,495,610,1015
113,100,120,90,725,816,1015
100,80,112,75,741,858,1015
42,42,35,39,639,731,1015
56,35,56,26,625,716,1015
37,22,42,32,575,671,1015
25,22,34,26,597,688,1015
32,39,18,35,314,559,1015
28,29,52,59,621,726,1015
177,139,200,170,798,918,1015
494,319,309,188,878,1006,1015
70,67,40,33,637,715,1015
103,99,85,90,732,839,1015
35,41,52,60,606,688,1015
33,38,15,19,536,644,1015
47,48,28,42,538,599,1015
183,144,171,130,826,939,1015
62,54,107,104,747,854,1015
246,221,171,174,823,943,1015
30,30,51,37,664,776,1015
25,21,39,22,580,645,1015
58,42,104,73,700,792,1015
40,42,24,23,0,0,1015
31,30,61,42,645,711,1015
96,47,93,41,712,814,1015
92,78,133,105,726,815,1015
49,43,59,52,664,738,1015
190,153,281,231,827,938,1016
356,220,394,236,897,1023,1016
163,146,184,153,790,894,1016
238,80,200,87,815,933,1016
107,79,82,62,732,812,1016
54,26,61,31,619,682,1016
53,24,70,29,678,752,1016
326,297,318,298,862,986,1016
173,162,139,148,776,872,1016
32,26,27,25,528,637,1016
81,59,161,99,770,879,1016
44,50,45,54,705,837,1016
206,164,273,185,820,939,1016
120,89,114,68,776,876,1016
59,56,64,63,683,775,1016
77,55,78,44,713,807,1016
303,230,272,183,839,958,1016
44,33,51,45,577,679,1016
29,26,53,51,622,696,1016
82,72,128,121,724,803,1016
108,82,127,83,767,854,1016
54,55,48,57,654,748,1016
33,33,52,53,650,730,1016
59,53,71,52,684,768,1016
109,75,231,155,803,918,1016
149,99,133,100,807,908,1016
150,136,149,126,789,907,1016
297,250,359,267,861,977,1016
63,32,34,33,597,688,1016
253,136,190,95,805,910,1016
70,47,112,83,697,801,1016
55,26,73,36,683,756,1016
66,31,103,58,728,834,1016
201,134,133,80,753,862,1017
111,90,149,111,791,893,1017
77,48,99,58,727,810,1017
43,40,48,50,633,722,1017
285,131,368,163,862,985,1017
19,27,16,33,459,536,1017
34,21,62,37,641,705,1017
166,84,151,64,793,903,1017
42,52,3,28,531,666,1017
46,44,95,78,713,798,1017
106,92,46,42,692,808,1017
17,21,29,29,490,640,1017
181,173,133,122,756,845,1017
69,68,92,101,685,780,1017
114,113,74,83,700,805,1017
491,251,462,163,916,1023,1017
539,344,606,385,961,1023,1017
36,35,32,32,560,661,1017
146,142,77,83,736,830,1017
34,36,28,41,543,655,1017
36,42,56,68,680,767,1017
35,32,18,18,562,650,1017
29,22,42,21,629,704,1017
26,30,19,31,560,665,1017
59,49,104,87,741,834,1017
28,31,45,43,610,694,1017
105,90,85,58,725,819,1017
1023,698,1023,422,1023,1023,1017
886,351,887,399,1000,1023,1017
1023,626,789,475,1012,1023,1017
191,144,219,166,831,962,1017
45,24,70,30,652,741,1017
39,41,34,56,541,595,1017
208,169,106,69,751,863,1017
110,97,161,131,780,882,1018
77,56,68,45,679,767,1018
60,38,99,45,705,804,1018
335,265,382,304,879,1018,1018
57,26,86,40,662,752,1018
39,43,50,64,639,725,1018
109,85,136,107,741,846,1018
151,101,208,127,801,914,1018
33,34,28,35,537,618,1018
52,27,118,45,714,793,1018
43,33,67,47,662,754,1018
157,130,193,158,812,928,1018
329,245,328,254,874,1001,1018
193,129,229,163,822,946,1018
19,23,25,31,530,619,1018
16,23,16,31,0,489,1018
55,45,63,52,679,775,1018
39,31,26,32,625,738,1018
72,72,56,63,654,746,1018
133,125,115,107,731,827,1018
20,28,20,45,521,602,1018
61,28,91,43,689,766,1018
371,306,372,296,872,999,1018
1023,1021,1023,540,1023,1023,1018
23,26,44,46,582,638,1018
17,22,60,59,600,668,1018
1023,930,1023,574,1023,1023,1018
30,20,57,39,600,680,1018
54,56,43,48,632,719,1018
144,89,165,84,786,893,1018
126,110,102,80,748,842,1018
33,28,51,31,610,700,1018
92,79,93,74,708,785,1018
83,53,51,36,636,724,1018
126,85,188,135,809,915,1018
116,91,114,79,737,834,1018
121,100,77,70,748,832,1018
99,84,85,80,706,794,1019
142,121,157,116,762,859,1019
135,109,164,96,786,893,1019
110,99,134,106,765,872,1019
138,70,132,59,754,860,1019
32,36,37,46,586,669,1019
28,33,26,43,499,589,1019
77,56,60,46,667,767,1019
72,48,81,52,717,808,1019
79,80,52,74,664,728,1019
562,450,448,321,930,1023,1019
62,62,69,65,666,744,1019
215,202,151,143,800,906,1019
136,69,106,54,759,871,1019
64,64,75,86,704,799,1019
104,85,121,96,761,861,1019
62,52,83,72,652,764,1019
41,33,14,16,592,678,1019
25,22,49,45,610,686,1019
50,44,69,61,678,746,1019
102,65,78,47,681,779,1019
216,182,168,146,798,900,1019
236,216,139,130,779,884,1019
15,20,16,33,337,493,1019
57,26,73,34,680,764,1019
49,37,62,50,628,715,1019
191,127,116,72,769,896,1019
342,219,309,238,855,996,1019
33,34,32,35,546,645,1020
57,59,95,99,688,781,1020
118,102,171,137,784,896,1020
31,30,41,45,590,687,1020
131,103,127,106,767,878,1020
172,137,142,126,767,873,1020
166,104,147,93,779,879,1020
40,27,14,17,584,657,1020
55,42,87,54,690,786,1020
159,145,127,120,768,880,1020
186,153,149,130,753,865,1020
99,61,198,96,796,904,1020
416,361,311,299,869,1000,1020
797,496,603,365,967,1023,1020
64,52,71,60,641,746,1020
150,83,186,120,809,929,1020
144,113,137,110,780,891,1020
68,36,103,56,709,810,1020
49,28,62,41,624,721,1020
47,47,23,40,600,698,1020
25,22,24,20,577,638,1020
235,211,122,114,761,869,1020
40,44,31,37,578,653,1020
24,29,22,30,554,654,1020
211,132,187,87,793,903,1020
128,96,142,109,752,861,1020
39,27,71,59,640,739,1020
39,23,23,19,565,651,1020
18,20,21,31,532,622,1020
337,287,333,251,864,995,1020
106,93,128,107,747,851,1020
133,136,67,79,704,809,1021
76,56,129,97,740,850,1021
706,361,580,234,958,1023,1021
598,299,710,350,982,1023,1021
817,426,788,520,1000,1023,1021
34,26,44,30,573,637,1021
241,162,329,233,873,1010,1021
112,75,120,74,742,844,1021
20,21,29,35,609,699,1021
667,480,415,297,925,1023,1021
137,99,131,86,747,841,1021
25,26,15,18,498,609,1021
80,73,52,53,669,752,1021
39,28,73,49,678,744,1021
86,68,103,73,697,800,1021
294,188,301,177,842,960,1021
131,101,141,103,777,884,1021
116,94,134,92,723,820,1021
202,149,169,130,814,927,1021
29,30,52,56,621,676,1021
74,48,79,40,679,786,1021
137,100,137,103,788,898,1021
145,95,142,77,802,913,1021
40,35,44,38,620,713,1021
12,20,0,10,0,247,1021
30,25,28,25,615,701,1021
69,50,114,81,735,821,1021
46,44,50,56,634,703,1021
20,22,28,34,538,651,1021
130,107,166,147,816,936,1021
31,36,23,35,381,542,1021
217,157,333,265,881,1008,1021
149,84,131,58,763,855,1021
75,29,122,45,744,843,1021
39,38,55,48,607,706,1021
21,27,3,25,565,617,1021
296,233,322,279,867,994,1021
28,29,25,32,569,638,1021
35,31,40,33,621,696,1021
32,40,21,26,501,628,1021
43,31,45,32,618,712,1021
80,63,90,78,696,791,1021
83,75,69,80,654,740,1021
261,235,215,200,851,976,1021
58,40,74,40,638,720,1022
46,37,52,56,644,728,1022
46,34,98,76,729,826,1022
27,25,60,28,578,667,1022
175,140,257,198,818,934,1022
39,37,49,45,652,745,1022
97,75,60,48,685,770,1022
40,30,34,43,634,696,1022
30,21,47,24,616,704,1022
37,37,29,48,586,665,1022
59,50,53,54,593,690,1022
19,23,43,40,613,663,1022
66,68,28,35,608,684,1022
132,134,75,90,747,839,1022
17,20,33,32,585,647,1022
65,57,64,71,682,756,1022
190,182,100,93,761,852,1022
22,27,8,30,506,585,1022
123,115,62,61,706,781,1022
90,63,94,52,671,772,1022
106,47,131,51,755,853,1022
98,54,25,22,709,802,1022
91,66,141,113,774,873,1022
381,306,356,260,877,1006,1022
108,90,111,79,726,832,1022
74,53,127,83,733,829,1022
50,48,39,52,639,710,1022
31,25,35,27,620,686,1023
291,260,149,140,799,913,1023
51,30,100,49,700,795,1023
112,41,140,47,765,859,1023
156,74,227,72,792,914,1023
83,44,117,75,752,843,1023
111,73,108,49,720,813,1023
74,65,76,60,722,814,1023
123,75,144,92,762,882,1023
47,40,84,67,679,783,1023
168,120,231,161,842,968,1023
137,137,109,109,723,828,1023
117,114,62,80,716,806,1023
23,29,17,33,514,633,1023
44,43,29,31,631,713,1023
49,33,61,40,637,737,1023
177,145,184,141,796,910,1023
36,33,17,36,511,597,1023
31,30,32,20,624,716,1023
52,38,74,39,702,771,1023
39,46,30,51,604,682,1023
353,255,233,134,847,982,1023
33,26,71,36,633,698,1023
102,57,121,62,767,878,1023
81,61,128,89,752,856,1023
35,31,34,22,542,643,1023
35,36,32,35,551,660,1023
106,97,92,93,724,831,1023
69,52,86,52,710,798,1023
35,35,70,71,668,754,1023
84,52,94,56,724,813,1023
152,129,233,213,819,930,1023
31,31,34,39,583,667,1023
37,21,69,46,640,717,1023
151,105,186,102,773,879,1023
29,20,29,26,572,647,1023
48,38,76,66,660,753,1023
48,39,58,47,676,774,1023
