"FSC-A","FSC-H","SSC-A","SSC-H","530_30-Blue-A","582_15-Yellow-A","Time"
10,119,128,67,379,395,0
118,235,68,37,0,0,0
193,380,164,115,282,0,0
350,412,109,90,512,590,0
154,264,17,60,0,398,0
183,367,83,118,0,0,0
530,254,133,71,508,510,0
639,423,110,108,637,681,0
0,46,38,70,0,0,0
0,46,52,72,0,0,0
230,278,92,101,0,524,0
0,88,42,58,0,0,0
534,752,68,152,0,0,0
66,207,174,78,248,0,1
509,655,121,148,561,608,1
202,316,84,81,640,740,1
137,272,30,69,0,0,1
8,158,108,65,0,0,1
116,298,91,109,0,0,1
369,487,121,189,522,695,1
451,472,94,87,608,643,1
707,859,127,146,562,618,1
247,365,46,161,455,543,1
358,336,97,84,0,448,1
0,116,42,103,0,0,2
0,104,79,65,0,0,2
257,315,89,164,0,559,2
218,239,170,82,469,562,2
43,201,29,79,0,0,2
346,452,168,132,539,500,2
0,82,32,103,0,0,2
325,428,21,114,0,588,2
46,169,70,50,0,0,2
159,269,122,71,0,0,2
331,351,72,103,0,522,2
203,241,190,91,577,634,2
0,22,92,92,0,0,2
742,493,159,109,643,741,3
2,173,129,98,0,0,3
0,66,63,61,0,554,3
476,296,81,106,462,532,3
538,622,103,63,526,622,3
0,133,18,53,0,0,3
455,325,125,200,574,675,3
39,206,111,92,0,0,3
616,405,177,111,553,667,3
167,214,97,78,0,0,3
155,214,90,141,0,0,3
490,425,55,84,600,708,3
0,138,41,82,0,0,3
688,712,105,146,590,672,3
0,88,94,98,0,0,3
517,712,177,146,0,0,3
368,320,84,141,594,718,3
124,281,41,54,0,0,3
224,355,111,83,564,652,4
0,53,128,46,458,424,4
0,102,96,125,0,0,4
723,625,101,75,681,779,4
0,97,32,107,0,296,4
0,74,123,73,0,0,4
46,193,54,126,0,0,4
66,196,177,85,506,545,4
44,214,26,76,0,429,4
149,303,183,87,448,0,4
0,92,93,68,0,359,4
210,231,33,146,583,676,4
489,367,128,116,489,619,4
340,352,108,69,486,608,4
0,85,117,79,0,0,4
309,503,212,175,15,0,4
54,110,113,78,0,0,4
0,156,20,70,0,0,4
0,58,77,81,0,0,4
0,82,46,54,0,0,4
674,429,40,75,356,528,4
311,280,104,123,552,628,4
214,211,98,79,138,110,4
222,165,151,85,570,595,4
334,351,144,68,491,0,4
118,288,130,71,0,0,4
528,776,56,120,0,0,4
206,298,111,98,525,599,4
153,219,149,77,0,0,4
434,435,96,143,590,710,5
124,322,134,116,0,0,5
0,85,34,56,0,481,5
561,636,105,104,542,616,5
151,175,197,108,0,0,5
447,376,92,89,0,0,5
569,732,143,159,0,0,5
706,453,89,117,533,552,5
144,287,103,158,427,552,5
616,255,150,101,484,594,5
24,159,64,83,294,510,5
44,235,77,133,0,0,6
0,98,108,123,0,0,6
0,32,46,50,0,0,6
255,425,70,125,0,409,6
622,364,114,81,584,649,6
0,30,98,58,0,0,6
0,37,80,41,0,0,6
739,712,97,149,468,535,6
0,119,67,72,0,0,7
611,744,141,102,0,0,7
0,150,138,87,250,0,7
781,620,65,125,557,639,7
266,474,78,110,0,0,7
0,85,16,71,0,349,7
221,441,99,132,0,0,7
81,187,95,94,0,0,7
188,311,150,74,473,0,7
722,354,92,140,633,734,7
50,169,56,80,526,636,7
530,532,78,125,573,643,7
354,521,106,109,0,576,8
264,234,21,74,0,452,8
0,95,37,48,0,0,8
253,325,54,122,142,643,8
0,30,45,40,0,560,8
273,427,187,67,580,591,8
74,232,119,61,554,629,8
0,97,88,114,0,0,8
95,145,44,76,0,281,8
384,433,53,112,591,687,8
601,452,50,103,579,662,8
2,173,70,96,0,0,8
7,139,106,66,491,496,8
69,130,104,81,0,0,8
33,106,161,86,536,634,9
723,867,137,170,294,580,9
319,230,64,98,555,643,9
0,151,81,115,0,423,9
210,377,76,136,0,0,9
310,511,74,77,0,0,9
895,864,109,103,670,789,9
0,65,90,116,0,0,9
74,197,121,103,556,606,9
0,70,37,59,0,0,9
640,457,73,87,623,712,9
163,194,173,80,381,503,9
0,46,83,101,329,312,10
467,378,101,118,285,538,10
93,217,63,63,0,0,10
0,91,50,113,0,0,10
192,297,128,69,548,363,10
586,345,120,90,555,566,10
271,273,117,108,606,633,10
142,246,60,77,0,0,10
490,694,64,93,408,434,10
50,230,140,116,0,0,10
214,188,101,72,0,0,10
264,288,129,106,0,0,10
196,399,75,95,0,0,10
458,373,29,88,0,524,10
112,268,93,89,0,552,10
216,415,13,108,0,0,10
117,217,126,96,0,0,11
390,336,165,137,0,0,11
963,976,126,132,647,729,11
168,364,134,119,0,0,11
425,281,151,86,427,592,11
207,353,150,115,0,0,11
16,183,40,93,0,0,11
134,290,79,59,0,0,11
368,414,146,117,0,171,11
0,38,44,50,0,0,11
82,221,114,102,0,0,11
187,322,18,57,0,0,11
499,620,105,70,342,0,11
802,663,210,115,583,580,11
528,579,182,149,555,645,11
600,515,70,126,647,733,12
271,449,73,55,471,524,12
100,272,41,101,0,0,12
342,392,138,98,0,0,12
0,48,107,102,0,0,12
0,85,93,135,0,0,12
101,176,98,60,0,0,12
0,109,142,102,0,0,12
308,356,86,97,286,403,12
34,162,17,88,0,0,12
0,74,31,60,0,0,13
603,713,101,118,634,767,13
48,238,135,101,0,0,13
88,237,176,110,0,427,13
46,207,152,134,0,0,13
144,368,62,132,0,0,13
535,442,169,111,0,500,13
67,236,172,70,0,0,13
0,93,151,88,0,0,13
242,260,119,89,304,635,13
0,33,43,96,0,0,13
54,134,151,132,322,532,13
0,110,46,71,0,0,13
323,395,119,120,0,0,13
0,89,62,93,0,0,13
8,140,179,81,0,0,13
0,47,155,104,0,0,13
719,678,221,127,534,642,13
63,220,67,95,0,0,13
0,60,146,86,0,0,13
102,262,68,52,0,0,13
0,105,100,93,0,0,13
0,59,26,60,0,0,13
163,276,132,163,0,0,13
119,318,75,83,0,0,13
161,284,89,149,325,509,13
73,188,140,143,0,0,13
470,495,90,87,0,489,13
177,289,256,112,387,0,13
0,171,65,89,0,0,14
65,224,44,54,0,0,14
556,721,86,112,458,621,14
2,132,52,68,0,0,14
586,671,140,117,0,0,14
776,722,102,63,0,0,14
179,180,122,104,0,0,14
21,124,105,89,0,0,14
3,139,102,102,0,0,14
168,302,131,123,0,0,14
68,168,183,130,566,617,14
47,210,124,151,0,0,14
98,221,37,58,0,0,14
0,116,87,78,0,0,14
183,256,155,125,0,0,14
185,412,90,110,0,0,14
85,205,114,65,0,0,14
183,349,124,140,0,0,14
184,431,30,116,0,0,14
416,492,122,124,0,0,14
0,93,58,129,0,0,14
118,255,163,119,421,434,14
194,168,77,96,0,0,14
652,443,43,88,0,0,14
661,579,141,83,0,529,14
288,259,195,109,599,680,14
0,74,42,76,0,562,14
280,481,140,177,0,0,14
328,338,134,128,306,0,14
546,543,104,90,323,560,14
871,727,131,67,564,650,14
3,168,78,100,0,0,15
112,242,67,115,612,667,15
35,102,95,99,0,0,15
171,229,137,86,0,0,15
333,245,147,157,417,541,15
331,285,199,93,546,509,15
280,448,167,155,0,198,15
210,384,26,63,248,602,15
193,383,125,126,0,0,15
0,65,46,64,0,461,15
0,73,89,58,0,0,15
0,143,117,85,0,0,15
355,415,113,122,0,0,15
231,348,77,101,564,661,15
481,523,120,78,0,0,15
7,150,119,123,0,0,15
0,98,117,143,0,0,15
99,229,190,129,0,0,15
578,508,104,103,521,597,15
175,329,46,128,0,419,15
39,146,107,82,0,0,15
25,148,104,95,0,0,15
754,699,136,192,599,675,15
336,569,172,153,0,0,15
298,352,71,104,437,537,15
911,515,55,109,528,693,15
601,397,168,73,560,593,15
43,167,129,104,0,0,15
0,129,42,78,0,0,16
0,34,80,118,0,0,16
846,667,256,103,713,783,16
57,132,53,79,499,572,16
11,141,81,58,0,0,16
18,123,110,67,451,0,16
328,330,109,83,587,671,16
263,314,115,121,462,537,16
54,130,95,71,0,0,16
22,145,136,85,0,0,16
3,173,13,61,0,0,16
360,435,143,66,0,0,16
607,447,132,63,602,661,16
0,38,24,73,0,0,16
0,38,51,44,543,607,17
0,88,52,71,0,0,17
838,629,122,87,249,0,17
752,471,132,53,693,750,17
877,552,80,121,685,741,17
538,342,135,120,701,778,17
120,264,107,98,0,0,17
5,182,36,69,0,0,17
236,420,62,117,0,0,17
936,875,164,172,628,726,17
565,740,83,125,0,0,17
195,229,123,80,456,564,17
281,501,102,117,0,0,17
214,276,190,73,506,553,17
932,1003,101,95,565,630,17
503,463,143,128,565,694,17
748,534,32,60,604,718,17
297,465,173,131,371,0,18
0,121,87,111,0,0,18
249,217,79,68,0,0,18
0,31,70,53,0,0,18
617,869,117,194,0,0,18
0,24,164,79,0,0,18
32,123,146,109,0,0,18
392,451,168,110,590,630,18
311,228,150,137,517,479,18
89,260,126,96,0,0,18
459,340,50,111,405,646,18
368,440,159,154,571,607,18
532,275,139,114,0,377,18
0,116,37,58,0,0,18
573,548,103,93,0,0,19
0,118,73,56,0,0,19
16,158,126,79,0,0,19
0,120,47,73,0,0,19
0,100,80,72,0,0,19
0,99,171,82,523,368,19
0,46,61,58,0,0,19
0,38,63,86,0,0,19
932,753,69,71,649,754,19
36,197,117,68,0,0,19
642,552,94,71,0,515,19
0,68,29,93,0,0,19
356,522,84,103,0,0,19
0,98,28,59,0,0,19
447,421,120,137,0,0,19
357,433,80,100,434,512,19
652,641,150,89,0,0,19
91,273,97,124,0,0,19
388,460,186,151,603,627,19
19,88,106,131,0,0,19
0,60,23,58,0,0,20
0,27,157,148,501,0,20
304,355,130,83,496,0,20
812,529,31,98,713,776,20
81,229,65,111,0,0,20
0,122,118,145,563,636,20
0,72,23,59,0,0,20
60,191,80,105,0,0,20
678,634,99,108,630,683,20
757,640,107,145,622,725,20
93,188,130,63,0,0,20
686,735,108,122,602,664,20
103,220,87,125,260,580,21
884,683,194,188,636,745,21
0,103,57,59,0,0,21
0,32,22,37,0,424,21
83,216,71,114,0,0,21
0,99,67,58,429,365,21
103,290,87,78,0,0,21
94,207,16,43,0,293,21
848,482,172,127,592,617,21
607,570,48,82,650,693,21
0,39,148,118,0,0,21
0,121,42,65,0,0,22
262,263,37,46,542,642,22
134,178,132,89,0,0,22
177,354,68,123,0,0,22
209,356,102,86,0,0,22
83,221,134,122,0,0,22
0,59,144,83,508,511,22
359,506,69,124,535,602,22
123,260,67,121,56,561,22
252,391,69,105,582,677,22
343,523,89,122,0,0,22
0,39,20,72,0,0,23
300,441,175,102,0,0,23
0,118,112,127,0,0,23
731,396,81,70,0,0,23
214,386,129,78,0,0,23
214,400,113,74,0,0,23
88,245,138,91,401,0,23
141,256,56,70,407,583,23
41,165,151,131,0,0,23
0,51,150,109,0,0,23
145,220,77,44,0,0,23
603,735,179,104,461,0,23
346,433,75,56,495,359,23
737,671,130,132,658,696,23
0,49,155,91,524,534,23
196,358,97,81,0,0,23
446,529,127,153,392,0,23
375,401,60,59,0,508,24
64,195,86,168,0,0,24
666,750,134,158,585,698,24
47,198,127,153,276,380,24
0,81,130,99,403,0,24
793,592,106,132,566,692,24
0,92,68,96,0,0,24
0,62,59,72,0,0,24
0,50,143,98,0,0,24
0,25,110,61,397,0,24
94,256,147,98,490,0,24
255,468,125,108,0,0,24
56,216,119,77,0,0,24
187,277,164,103,0,0,25
0,63,78,95,502,498,25
457,617,105,157,0,0,25
48,167,82,84,405,523,25
0,52,116,78,502,125,25
724,629,51,90,587,698,25
98,255,101,68,484,520,25
0,40,70,55,0,0,25
280,397,59,70,453,571,25
306,434,136,127,492,488,25
215,360,119,141,0,0,25
164,249,129,73,0,0,25
239,458,97,118,0,0,25
278,345,136,90,472,229,25
0,55,36,64,538,652,25
88,172,103,85,551,646,25
360,388,106,118,0,550,26
301,478,138,142,0,0,26
144,234,135,123,558,676,26
0,67,35,63,0,0,26
0,85,106,110,242,535,26
288,430,118,140,0,0,27
967,778,124,135,580,667,27
94,216,122,73,359,0,27
141,271,84,109,0,0,27
0,111,19,95,0,0,27
366,429,35,78,508,658,27
0,92,77,77,0,0,27
0,163,39,82,0,0,27
422,357,83,106,542,639,27
98,280,122,115,0,0,27
134,226,121,73,0,0,27
947,764,70,130,622,714,27
0,100,164,134,0,0,27
613,556,83,99,0,0,27
302,365,126,76,294,482,28
0,117,20,54,0,0,28
142,269,120,100,328,0,28
32,125,37,85,486,620,28
226,348,61,91,0,0,28
827,523,78,98,633,710,28
0,140,113,157,0,0,28
31,198,153,165,334,0,28
259,229,99,71,506,570,28
307,257,108,125,557,640,28
60,198,25,74,0,0,28
0,84,136,88,199,0,28
47,185,108,56,535,434,28
106,190,48,79,0,0,28
189,351,92,104,116,0,28
277,413,119,120,508,620,29
0,99,135,116,291,0,29
0,142,179,72,0,0,29
118,307,104,89,0,0,29
0,154,46,85,0,0,29
676,661,145,80,665,744,29
500,437,124,132,0,315,29
114,247,83,76,443,618,29
0,109,101,71,0,0,29
236,263,66,132,0,0,29
0,80,133,95,281,0,29
883,766,85,113,554,647,29
271,406,95,83,462,444,29
656,813,116,114,625,697,30
204,350,124,125,0,0,30
855,726,134,158,635,703,30
0,82,69,105,0,0,30
0,78,51,87,0,0,30
0,140,52,89,0,0,30
775,358,120,103,659,736,30
2,141,23,86,0,0,30
339,212,110,113,194,468,30
0,97,45,59,0,0,30
834,429,33,169,660,772,30
202,316,63,95,534,683,30
123,226,47,74,0,0,31
0,96,130,99,0,256,31
57,149,53,61,0,0,31
0,119,66,84,0,0,31
0,145,17,66,0,0,31
710,509,167,100,593,661,31
292,438,73,70,0,0,31
192,312,86,143,0,0,31
20,140,147,86,0,0,31
258,298,65,83,0,0,31
496,315,141,74,0,0,31
473,368,123,88,600,645,31
0,81,17,69,0,0,31
209,229,85,71,0,0,31
683,760,135,164,627,701,31
22,109,59,63,0,0,31
0,45,56,50,0,0,32
313,522,89,117,350,0,32
0,73,120,54,0,0,32
0,86,78,73,0,0,32
189,401,178,90,334,0,32
878,520,52,125,512,624,32
281,300,133,99,0,0,32
437,308,132,57,560,619,32
77,227,100,75,0,0,32
847,486,139,94,595,676,32
182,310,73,68,552,613,32
52,198,35,107,0,0,32
128,248,42,55,0,0,32
0,113,85,74,190,298,32
0,74,97,104,190,0,32
251,471,63,103,0,0,32
204,261,121,131,559,619,33
120,197,80,92,414,0,33
89,261,28,99,0,0,33
245,326,74,140,0,0,33
267,316,80,79,403,550,33
0,125,48,102,0,0,33
344,404,70,108,184,344,33
252,234,130,105,399,610,33
269,380,75,96,526,641,33
0,37,54,117,0,0,33
226,312,149,131,0,0,33
0,25,141,90,0,318,33
846,443,46,142,691,782,34
0,36,67,85,389,223,34
24,176,197,115,562,613,34
240,353,141,116,0,0,34
286,401,109,131,0,422,34
0,69,15,48,0,0,34
0,37,37,67,0,0,34
0,64,30,37,0,0,34
861,743,171,214,657,746,34
406,449,25,116,525,677,34
226,387,15,87,0,0,34
35,103,122,81,507,557,35
900,890,186,144,619,676,35
0,110,64,105,0,0,35
0,42,75,64,0,0,35
592,550,118,136,254,284,35
741,459,151,97,190,530,35
19,169,123,115,0,0,35
568,594,144,153,626,714,35
0,71,96,73,0,0,35
170,291,152,102,481,538,35
196,314,150,118,327,597,35
121,248,67,79,0,0,35
0,51,38,32,0,0,35
828,722,147,71,656,712,35
607,490,119,87,679,759,35
0,74,81,53,496,560,35
181,333,77,101,0,0,35
607,399,126,99,0,0,35
189,409,47,115,0,0,35
199,380,47,119,0,519,35
345,529,90,128,0,0,35
0,51,76,108,0,0,35
709,474,99,104,671,751,36
91,188,135,113,0,0,36
65,134,166,93,0,0,36
203,395,68,58,0,0,36
91,247,79,127,0,0,36
663,576,169,93,295,0,36
629,583,98,76,0,618,36
269,451,127,114,0,0,36
411,414,159,66,612,693,36
150,249,77,136,511,629,36
840,496,38,110,591,684,36
0,26,82,74,0,0,36
13,151,122,95,0,0,36
261,283,112,95,0,0,36
941,423,61,71,711,780,36
0,62,85,94,288,506,36
95,197,52,62,428,626,37
287,234,34,90,627,704,37
70,214,51,112,0,0,37
128,267,75,75,0,0,37
0,58,134,102,0,0,37
213,319,112,130,519,587,37
101,284,48,103,0,0,37
363,398,86,151,0,0,37
0,62,70,77,0,0,37
633,655,140,135,413,0,37
733,331,90,104,627,708,38
276,313,17,54,606,729,38
0,25,64,72,0,0,38
445,352,160,122,612,685,38
162,280,56,118,0,0,38
27,111,118,86,657,719,38
664,538,91,111,623,707,38
939,626,133,68,495,642,38
722,366,224,131,446,548,38
231,326,211,124,425,408,38
0,28,102,103,0,0,38
422,486,74,62,479,589,38
189,298,151,93,0,0,38
404,402,82,113,586,665,38
0,24,86,76,230,0,39
14,113,180,119,665,689,39
163,295,157,118,286,0,39
0,57,49,108,0,627,39
0,43,68,96,0,441,39
16,177,96,76,521,578,39
166,246,99,89,651,717,39
727,354,112,112,604,661,39
37,212,54,103,0,0,39
48,173,38,49,0,0,39
308,469,69,110,520,579,40
348,439,125,110,578,600,40
0,40,85,80,500,573,40
422,609,96,147,0,478,40
238,352,98,98,438,569,40
597,733,129,134,312,0,40
186,279,106,60,0,0,40
231,181,106,107,445,538,40
440,211,158,109,573,619,40
202,410,24,74,0,0,40
0,106,81,56,0,0,40
266,201,146,73,525,585,40
128,212,49,120,0,0,41
139,175,96,101,0,0,41
21,179,82,85,0,0,41
590,551,40,86,0,566,41
536,471,124,132,277,468,41
67,226,59,84,0,0,41
665,425,163,144,628,685,41
292,365,78,107,547,674,41
0,24,132,92,279,315,41
289,346,65,107,491,650,41
0,105,140,93,0,0,41
485,532,115,142,599,662,41
224,348,80,87,572,677,41
267,289,98,94,459,531,41
334,484,104,135,507,613,41
410,487,143,85,458,604,41
0,108,50,71,0,0,41
44,199,159,86,504,0,42
199,342,40,116,449,563,42
329,489,74,166,496,590,42
685,425,126,98,467,632,42
57,142,72,64,0,0,42
284,247,210,112,426,489,42
0,113,22,40,0,0,42
209,229,230,105,538,618,42
22,198,73,78,0,0,42
480,346,182,105,444,443,43
0,65,75,65,0,0,43
0,74,80,54,0,0,43
43,176,140,89,442,465,43
0,56,95,102,0,0,43
280,463,103,134,0,549,43
439,393,130,83,627,701,43
5,129,90,115,512,592,43
25,176,85,105,438,0,43
252,288,117,74,428,0,43
199,185,76,75,0,243,43
328,452,119,150,651,733,43
157,268,87,81,0,0,43
203,263,54,65,469,579,44
353,252,153,74,559,632,44
97,124,146,90,546,236,44
784,666,88,109,684,756,44
720,393,99,74,655,729,44
0,159,80,81,0,0,44
0,28,53,44,0,0,44
178,287,99,106,0,0,44
244,263,76,90,423,408,44
59,222,49,93,0,0,44
445,441,58,83,543,634,44
149,166,153,124,432,0,44
0,63,101,93,0,0,44
222,294,33,83,0,607,44
919,550,125,91,465,671,44
0,52,72,118,0,0,44
851,836,119,117,508,560,45
48,160,86,83,0,0,45
213,327,243,89,500,0,45
476,630,140,160,477,612,45
619,452,53,52,543,640,45
102,283,84,148,0,0,45
38,184,110,85,555,586,45
381,337,74,110,564,659,45
948,578,169,114,707,779,45
279,313,69,81,483,518,45
21,133,177,94,544,389,45
208,194,94,77,494,449,45
805,906,168,166,597,652,45
480,316,123,125,595,682,46
94,275,109,114,0,0,46
220,246,88,66,486,590,46
0,99,87,80,0,0,46
0,76,74,57,476,594,46
352,483,115,100,0,0,46
69,152,24,62,0,0,46
551,363,143,79,540,664,46
0,61,75,93,0,0,46
0,86,53,46,0,0,46
500,609,43,78,402,502,46
686,716,83,170,655,749,46
935,851,60,144,549,658,46
774,529,104,121,651,720,46
10,114,88,68,501,595,47
275,314,102,101,0,366,47
535,482,114,108,583,614,47
115,167,88,78,0,0,47
12,129,125,80,0,0,47
37,124,17,73,621,726,47
94,249,28,76,0,0,47
291,392,167,101,641,693,47
0,137,42,86,0,0,47
51,232,43,99,0,0,47
158,283,99,129,0,0,47
0,76,139,84,461,0,48
459,332,20,46,0,0,48
164,199,76,70,585,655,48
484,687,125,113,0,0,48
338,257,50,67,643,719,48
44,174,57,92,0,0,48
84,154,130,74,0,0,48
71,224,29,70,0,0,48
881,829,143,175,637,697,48
0,41,122,81,397,180,48
694,334,81,95,671,737,48
982,667,148,108,671,731,48
85,217,14,81,0,0,48
183,354,88,89,430,0,48
0,25,27,46,0,0,48
0,24,118,53,18,0,48
0,150,67,124,0,0,48
10,110,122,87,491,487,48
143,266,117,91,540,484,48
281,385,76,108,587,657,48
0,76,34,87,0,0,48
0,86,80,96,0,0,48
147,258,93,85,486,126,49
911,596,97,74,674,761,49
0,80,79,93,0,0,49
490,474,85,92,551,632,49
0,109,54,45,0,0,49
0,99,70,65,482,0,49
321,412,86,130,361,394,49
583,633,97,89,562,608,49
233,357,163,161,640,717,49
572,665,146,131,509,520,49
0,63,58,122,0,0,50
6,152,156,105,0,0,50
707,832,109,90,361,588,50
0,57,64,74,0,0,50
405,326,146,166,522,580,50
14,145,70,53,465,270,50
413,312,85,119,624,750,50
0,72,83,41,493,567,50
65,163,45,51,212,0,50
646,382,92,96,0,482,50
726,360,160,91,611,665,50
819,557,91,97,642,706,50
127,284,126,122,0,0,50
117,268,111,145,400,0,50
256,299,99,74,178,0,50
214,255,146,113,0,0,50
443,379,132,78,640,714,51
83,223,41,65,435,541,51
222,245,171,95,447,0,51
428,442,171,104,0,0,51
594,449,21,126,620,737,51
407,454,143,95,513,294,51
820,504,142,82,421,452,51
0,107,98,84,291,0,51
365,440,124,155,658,737,51
151,320,81,124,0,0,51
594,661,52,119,339,606,51
876,664,188,126,681,735,51
168,171,128,82,382,175,51
0,96,84,69,0,0,51
418,377,110,67,642,690,51
67,210,21,37,0,0,51
373,486,127,91,405,494,52
185,281,119,103,363,271,52
91,267,38,73,0,0,52
0,26,106,117,0,0,52
653,579,59,85,475,592,52
974,436,115,97,616,710,52
607,349,184,112,541,637,52
16,177,29,52,0,0,52
101,186,95,108,0,0,52
0,62,16,77,0,0,52
362,351,158,62,412,0,52
0,34,30,48,0,0,52
26,140,104,124,517,602,52
679,450,64,52,0,527,52
700,698,117,179,573,631,52
309,478,61,108,0,0,52
199,284,147,117,0,334,53
511,510,52,117,493,602,53
0,76,153,129,466,524,53
0,83,125,132,0,0,53
25,93,123,110,0,0,53
0,52,30,96,0,0,53
297,178,110,109,673,741,53
974,466,72,110,639,728,53
140,323,41,103,0,0,53
66,210,134,156,0,350,53
0,31,96,100,0,479,53
942,598,50,115,639,718,53
337,446,127,83,0,0,53
0,56,101,91,456,511,53
52,171,75,118,0,0,53
0,59,76,87,0,0,53
743,346,183,77,632,699,53
0,50,48,85,0,0,53
56,189,106,105,202,272,53
0,90,38,76,0,411,53
2,109,131,82,0,0,53
210,397,187,108,537,609,53
395,262,100,82,490,544,53
48,168,96,80,0,550,53
87,183,47,74,0,0,54
0,94,87,76,0,0,54
564,624,119,98,0,0,54
125,200,71,90,0,574,54
566,337,254,95,568,589,54
0,87,158,103,422,382,54
22,176,18,72,0,0,54
106,219,70,121,477,599,54
267,445,107,74,474,560,54
124,276,66,86,0,0,54
869,574,53,131,587,706,54
184,318,27,62,0,0,54
299,305,124,100,679,751,54
154,281,99,115,0,0,54
126,279,99,115,140,127,54
350,474,83,110,501,594,54
485,405,107,75,549,692,54
192,374,65,103,0,0,54
0,76,125,110,0,402,54
216,287,157,144,551,616,54
0,89,98,77,0,0,54
322,332,122,65,629,707,54
959,589,51,116,665,750,54
920,708,14,80,640,729,54
102,182,86,98,0,0,54
0,113,87,57,0,0,55
553,622,194,111,625,658,55
242,277,94,104,383,449,55
16,148,161,136,340,0,55
54,192,89,105,0,0,55
968,813,60,139,713,792,55
0,25,82,112,0,0,55
0,27,75,44,0,0,55
0,62,71,56,0,0,55
0,31,92,85,0,0,55
33,192,121,111,481,0,55
1,113,94,73,443,393,55
0,126,148,104,489,0,55
888,774,56,137,628,703,55
0,113,40,33,0,0,56
0,89,52,41,0,0,56
530,527,67,97,315,412,56
0,42,59,65,0,0,56
771,650,131,111,609,682,56
730,782,113,134,626,701,56
314,262,148,93,408,486,56
101,298,99,92,0,0,56
496,491,155,127,682,753,56
155,237,211,131,0,0,56
0,46,72,62,457,458,56
547,491,133,76,0,0,56
94,262,47,83,0,0,56
89,220,30,107,0,452,56
252,318,152,101,518,499,56
146,323,61,138,0,0,56
140,307,175,85,497,586,56
0,35,33,48,0,0,56
76,242,114,110,0,0,56
0,77,75,93,0,0,56
34,146,95,69,0,0,57
0,32,18,71,0,0,57
519,451,113,167,527,642,57
778,868,137,196,516,603,57
0,106,52,71,0,0,57
963,942,91,189,617,680,57
0,69,92,81,0,519,57
0,97,163,111,491,0,57
776,305,76,126,580,699,57
336,449,81,122,631,691,57
524,465,120,109,410,512,57
885,470,99,136,692,774,57
0,46,20,91,0,0,57
0,55,135,78,512,537,58
76,232,54,62,0,0,58
0,119,13,71,0,0,58
766,557,147,90,694,774,58
87,249,67,79,0,0,58
5,120,102,108,0,0,58
242,435,92,120,0,0,58
0,43,25,47,0,0,58
0,63,129,92,0,0,58
363,474,170,122,560,612,58
889,717,118,103,713,807,58
743,680,137,124,588,677,58
426,500,117,122,585,641,58
718,435,103,78,643,724,58
504,393,115,119,539,675,58
218,301,227,113,587,604,58
351,463,159,106,607,644,58
54,198,29,67,420,641,58
0,68,82,58,488,618,58
648,377,50,102,554,663,58
14,127,134,95,547,670,59
120,270,122,70,552,577,59
81,142,52,50,441,619,59
499,704,137,150,550,575,59
186,348,77,98,0,0,59
769,652,90,184,511,672,59
82,120,93,91,341,0,59
0,104,35,78,0,0,59
0,30,28,76,0,0,59
240,427,27,87,0,0,59
0,62,67,96,392,607,59
836,524,86,65,682,775,59
230,246,83,92,621,697,59
242,289,44,78,231,600,59
210,393,25,100,0,282,59
340,410,273,91,599,593,59
141,206,114,93,0,0,59
14,151,110,114,0,0,59
132,291,84,94,0,496,59
538,295,85,106,664,750,59
341,320,127,58,277,0,60
0,109,121,87,0,0,60
385,489,48,84,0,0,60
0,122,54,60,493,610,60
594,616,78,94,615,715,60
420,529,109,111,521,517,60
0,123,74,120,0,0,60
748,480,123,74,651,717,60
381,289,158,109,240,381,60
216,344,141,124,462,560,60
122,260,29,44,0,0,60
164,311,116,127,539,548,60
375,513,120,99,605,662,60
632,661,97,147,605,665,61
405,394,74,129,535,632,61
122,277,132,80,215,0,61
286,261,95,109,0,0,61
497,272,70,78,529,662,61
188,288,113,133,562,647,61
428,440,113,101,506,563,61
492,676,68,139,0,0,61
295,451,130,136,0,0,61
147,255,133,94,0,0,61
589,642,121,97,0,0,61
0,42,104,84,529,593,61
264,310,154,104,540,633,61
0,97,78,96,409,433,61
297,345,79,153,547,674,62
941,634,79,91,622,719,62
553,711,27,83,619,687,62
0,64,74,55,487,561,62
577,421,116,90,646,705,62
300,377,79,111,0,465,62
0,29,65,69,436,569,62
0,86,25,55,0,515,62
5,146,72,34,446,544,62
520,274,176,103,0,555,62
0,68,67,61,0,0,62
0,115,83,107,0,0,62
0,87,37,95,0,0,63
0,105,43,50,0,436,63
14,156,89,108,0,0,63
204,379,44,75,411,524,63
0,72,60,38,586,677,63
124,247,117,128,0,0,63
622,534,138,107,559,660,63
0,123,102,77,474,451,63
645,228,44,101,673,763,63
68,150,95,61,0,0,63
305,305,162,108,383,0,63
27,161,99,74,296,0,63
731,528,111,107,678,735,63
0,48,86,82,0,0,63
801,669,75,128,713,793,63
0,106,74,94,0,0,63
715,473,189,180,585,684,63
464,527,85,94,660,727,63
0,97,43,49,145,508,63
96,232,109,94,0,0,64
177,188,67,60,539,653,64
645,544,135,98,646,718,64
412,407,82,121,672,760,64
0,41,24,48,0,0,64
0,36,117,71,0,0,64
0,25,81,81,617,672,64
0,25,123,104,0,0,64
668,489,51,86,630,718,64
97,154,186,114,523,522,64
827,699,37,83,691,781,64
879,708,52,139,536,701,65
13,157,59,117,0,0,65
0,50,74,63,0,0,65
184,322,139,130,0,0,65
385,417,110,129,0,355,65
0,38,42,104,0,0,65
692,665,50,133,0,605,65
145,224,160,100,620,674,65
479,524,82,84,462,572,65
422,476,74,158,277,0,65
635,484,194,105,612,690,66
765,353,200,140,579,604,66
0,82,150,81,418,0,66
579,678,106,142,0,0,66
269,430,149,97,582,636,66
0,30,32,61,0,0,66
608,401,226,117,634,724,66
0,108,20,78,415,584,66
75,166,87,85,538,593,67
0,46,22,79,0,0,67
864,886,80,149,615,684,67
22,155,69,90,0,0,67
95,197,157,67,430,0,67
259,363,159,103,438,133,67
188,173,56,137,563,670,67
0,33,87,52,0,0,67
747,865,140,166,494,458,67
584,724,73,125,381,348,67
221,328,80,111,331,587,67
0,72,34,47,0,0,67
419,418,116,88,594,686,67
972,673,122,190,757,849,67
946,650,69,71,675,771,68
729,542,166,128,657,713,68
78,159,137,78,0,0,68
201,385,79,130,180,388,68
11,142,88,45,198,0,68
374,596,87,129,534,615,68
198,218,47,105,607,703,68
20,140,101,96,0,0,68
150,333,51,102,0,0,68
170,290,213,88,351,0,68
0,112,33,61,0,552,68
69,200,124,112,572,605,68
5,132,129,67,418,185,68
521,447,73,112,533,704,68
248,381,118,57,386,0,68
264,244,94,67,0,0,68
65,196,120,129,151,491,68
300,397,90,83,528,649,68
819,481,181,88,572,602,68
121,100,75,43,0,0,68
754,625,103,102,604,703,68
0,47,99,137,0,95,69
137,292,59,98,0,0,69
441,496,69,65,547,666,69
218,222,85,69,0,0,69
64,228,44,99,0,0,69
0,33,169,64,504,298,69
0,87,77,74,0,0,69
5,144,30,47,0,0,69
0,30,37,81,0,0,69
0,74,30,89,0,0,69
50,178,188,139,0,471,69
100,239,125,78,290,417,70
16,158,63,63,0,0,70
0,124,198,134,529,567,70
52,179,113,118,465,576,70
319,494,98,113,431,502,70
393,328,160,113,261,580,70
459,386,196,135,299,0,70
583,389,177,148,610,709,70
0,113,67,69,0,0,70
173,282,82,81,420,211,70
2,137,138,83,259,10,70
263,380,116,113,420,0,70
0,54,73,96,0,0,70
727,435,122,63,642,676,70
157,332,65,93,0,0,70
0,77,180,78,498,0,71
90,239,127,116,0,0,71
583,580,203,128,404,479,71
0,108,87,86,0,475,71
261,386,147,118,0,0,71
626,469,69,70,578,680,71
199,218,144,92,344,0,71
65,229,37,110,0,0,71
52,130,109,92,503,640,71
174,265,69,58,377,515,72
95,149,135,101,546,501,72
173,285,103,107,478,0,72
717,831,98,160,593,658,72
725,618,87,68,597,692,72
656,723,77,158,509,551,72
0,134,43,96,0,0,72
0,92,112,102,407,506,72
303,358,117,127,618,678,72
205,332,110,117,0,0,72
927,1004,77,138,540,644,72
267,414,16,107,0,470,72
0,111,105,98,0,0,72
70,126,169,124,566,622,72
0,27,46,64,0,0,73
116,200,146,149,0,255,73
207,335,135,162,522,663,73
0,109,57,116,0,0,73
0,57,153,56,0,0,73
0,52,29,84,0,0,73
204,290,126,104,0,0,73
754,523,109,89,568,646,73
380,587,112,143,0,0,73
289,427,120,154,361,519,73
0,88,89,65,0,0,73
43,111,103,108,355,554,73
621,659,122,173,0,0,73
794,681,117,123,452,631,73
0,53,121,102,0,0,73
283,196,150,79,414,478,74
0,111,23,68,0,0,74
864,626,113,77,663,714,74
0,33,174,90,489,0,74
0,119,14,64,0,0,74
400,494,118,80,636,698,74
704,606,76,104,665,752,74
0,35,30,46,0,0,74
32,195,74,105,0,0,74
890,435,59,93,607,737,74
416,432,245,110,598,496,74
324,288,106,120,390,463,74
0,145,110,136,0,0,74
349,333,53,106,398,516,74
650,422,42,120,0,497,74
0,65,99,85,527,612,75
464,254,104,112,567,623,75
175,247,101,68,407,517,75
70,152,62,53,0,0,75
343,467,233,190,0,0,75
748,777,132,121,558,619,75
8,141,88,78,327,0,75
0,81,103,90,0,0,75
370,504,157,129,448,504,75
761,569,110,119,627,667,75
124,195,102,100,566,651,76
0,125,96,134,0,359,76
67,243,82,109,0,0,76
92,254,127,117,0,0,76
104,266,114,119,0,0,76
614,518,60,136,432,566,76
0,139,150,103,0,0,76
586,750,132,125,541,658,76
155,281,93,112,0,377,76
188,306,116,87,0,0,76
264,380,102,137,672,754,76
254,363,82,71,369,524,76
64,110,78,65,389,494,76
99,173,128,122,547,620,76
269,262,86,137,588,642,76
200,261,83,89,0,0,76
57,188,169,99,494,331,76
520,401,87,62,469,534,77
90,229,108,69,0,0,77
18,120,116,65,486,0,77
282,314,131,73,584,645,77
778,970,160,176,578,618,77
804,466,21,73,597,723,77
160,301,137,144,0,0,77
886,918,68,174,0,532,77
513,470,130,137,587,674,77
0,120,48,94,0,0,77
523,464,74,164,545,688,78
0,88,118,93,0,0,78
236,417,61,171,0,0,78
523,689,132,151,550,661,78
0,36,86,82,0,0,78
165,215,94,119,0,448,78
699,544,110,127,590,692,78
171,266,217,111,458,0,78
0,127,30,110,0,521,78
0,81,119,64,469,0,78
709,435,172,116,645,700,78
261,405,34,88,571,639,78
388,555,82,153,0,0,79
226,211,138,80,342,0,79
10,79,64,61,402,530,79
719,484,93,98,657,762,79
231,347,160,110,462,416,79
7,128,66,96,0,0,79
76,197,164,126,575,616,79
0,36,14,57,0,0,79
127,174,180,65,483,0,79
358,271,158,54,525,419,79
616,657,117,99,558,548,80
364,387,36,112,426,569,80
23,113,110,96,0,0,80
104,158,91,110,0,517,80
0,62,58,58,0,0,80
157,215,24,73,531,673,80
539,339,141,85,585,625,80
217,253,158,106,403,537,80
106,184,91,129,417,566,80
803,511,86,82,567,608,80
63,229,57,76,0,0,80
592,613,146,121,0,0,81
94,143,74,104,0,201,81
122,249,158,100,417,537,81
462,323,53,104,645,745,81
965,534,160,149,445,574,81
477,628,74,94,540,591,81
491,320,48,125,586,723,81
603,296,181,138,625,713,81
667,492,76,141,482,622,81
429,414,86,73,568,650,81
335,497,98,160,526,542,81
175,332,94,110,0,383,81
683,400,111,91,598,682,81
153,294,165,167,0,323,81
0,41,38,78,0,0,81
286,354,52,138,0,0,82
0,34,102,84,103,0,82
115,279,214,90,520,525,82
120,284,36,88,0,0,82
365,457,85,88,459,572,82
761,677,100,148,634,720,82
0,84,128,76,0,0,82
329,468,181,122,423,207,82
0,70,75,83,275,0,82
80,227,62,77,0,0,82
0,39,85,74,0,0,82
0,46,87,131,0,0,82
0,41,91,130,0,0,82
23,136,77,78,0,0,82
479,392,80,101,0,0,83
220,419,88,140,0,0,83
486,514,113,98,470,559,83
537,595,120,158,0,476,83
230,352,88,133,492,554,83
0,120,113,90,0,0,83
151,301,107,75,0,0,84
430,504,89,66,0,0,84
631,656,154,118,496,523,84
5,124,97,62,0,0,84
549,611,137,99,608,688,84
0,118,119,66,617,704,84
30,181,167,106,0,0,84
312,474,117,123,0,0,84
0,92,132,94,0,0,84
0,52,88,88,0,0,84
0,62,19,41,0,0,84
770,569,112,158,610,679,84
227,248,180,102,0,0,84
0,53,128,95,248,0,84
0,57,65,93,579,671,84
0,120,79,69,0,0,84
363,366,94,95,388,521,84
105,256,151,89,0,0,84
975,862,41,137,566,701,84
659,486,120,85,0,0,85
282,240,55,69,0,0,85
0,46,92,63,0,0,85
406,386,104,126,416,454,85
288,351,160,107,487,0,85
489,631,100,108,0,0,85
0,124,33,67,0,0,85
484,536,39,119,494,574,85
488,493,87,102,624,673,85
122,194,60,77,0,0,85
300,305,34,69,516,637,85
134,294,64,74,0,0,85
20,156,142,78,396,0,85
140,263,125,96,0,0,85
0,49,22,80,0,0,85
35,183,84,71,347,0,85
677,542,169,119,609,647,85
0,53,92,116,0,0,85
193,366,102,115,516,508,85
152,279,97,138,467,523,85
170,356,105,81,54,0,86
0,103,73,101,605,681,86
0,85,133,89,466,447,86
670,599,120,114,313,489,86
46,174,55,84,403,638,86
762,527,44,112,571,718,86
154,265,92,116,550,566,86
0,96,123,67,531,573,86
178,288,27,81,0,0,86
254,324,27,77,0,383,86
83,269,68,139,0,0,86
241,321,173,112,509,481,86
143,297,177,147,451,370,86
0,41,120,105,0,0,86
0,28,39,59,0,0,86
113,279,132,106,333,0,86
364,310,93,81,449,546,86
516,592,161,103,569,582,86
126,297,103,105,0,0,86
0,43,36,63,0,0,86
0,35,55,95,0,0,87
502,573,143,158,610,658,87
452,342,161,101,610,644,87
503,398,195,182,588,732,87
152,254,121,127,512,704,87
0,61,115,103,493,0,87
225,237,141,91,460,563,87
137,332,46,135,0,0,87
23,146,48,67,0,0,87
655,599,92,95,551,636,87
24,153,124,105,498,382,87
631,548,131,108,607,689,87
770,628,91,96,681,758,87
726,593,114,108,652,714,87
40,195,78,81,0,0,88
40,185,110,54,534,556,88
72,222,93,82,0,0,88
24,146,79,64,0,0,88
27,161,153,106,495,436,88
26,189,77,89,0,0,88
0,56,56,121,0,0,88
343,364,50,89,513,671,89
234,389,56,85,0,0,89
326,404,154,131,0,0,89
38,205,219,164,483,0,89
0,108,147,64,0,0,89
52,164,146,87,0,0,89
0,109,41,87,0,0,89
236,288,117,113,0,542,89
934,326,48,127,688,794,89
225,432,87,134,0,0,89
859,883,179,159,538,588,89
292,303,123,118,0,0,89
495,331,103,111,399,413,89
91,188,162,92,408,453,89
470,509,177,120,264,286,89
146,324,221,126,459,0,90
244,294,108,115,568,660,90
0,85,191,93,0,0,90
613,678,141,109,639,681,90
147,327,100,65,377,474,90
605,774,135,121,627,736,90
543,562,99,144,314,586,90
0,29,42,57,504,616,90
0,113,61,100,0,0,90
0,39,117,88,0,0,90
274,363,117,113,511,546,91
28,157,122,70,560,619,91
484,556,79,126,497,669,91
70,186,124,108,317,413,91
71,205,226,91,495,0,91
270,313,156,126,500,450,91
561,483,130,111,627,714,91
0,93,151,74,187,0,91
796,717,40,110,500,622,91
393,511,24,68,464,594,91
55,173,114,84,0,0,91
344,539,109,125,477,457,91
0,71,80,91,0,0,91
0,40,69,48,454,561,91
622,409,216,152,539,604,91
557,394,38,92,0,558,91
71,196,109,77,511,437,92
0,48,69,78,0,0,92
119,148,157,125,551,578,92
547,610,119,136,470,524,92
406,383,126,81,0,0,92
861,698,134,102,623,709,92
333,436,108,105,0,287,92
746,395,98,96,557,680,92
531,673,88,121,488,484,92
157,198,118,114,0,0,92
866,808,92,125,717,812,92
28,197,60,61,0,0,92
9,110,29,43,0,0,92
244,410,123,119,0,0,92
0,104,68,73,0,0,92
144,287,95,57,0,0,92
577,688,96,113,593,660,92
104,148,100,90,0,344,92
241,352,48,87,0,0,92
0,70,23,80,0,0,92
519,345,22,105,530,695,92
392,457,122,103,0,0,92
854,794,67,171,646,751,92
128,312,106,75,488,549,92
0,75,78,126,0,0,92
475,348,123,61,602,695,92
202,233,80,94,487,509,93
0,46,111,76,489,465,93
78,230,62,124,0,0,93
66,206,72,85,0,0,93
236,328,59,77,630,734,93
495,458,110,133,694,762,93
730,458,114,117,648,739,94
254,337,134,103,0,0,94
794,516,98,66,602,677,94
363,545,55,131,0,351,94
85,109,140,63,409,371,94
978,432,33,140,740,828,94
431,483,179,90,562,543,94
117,287,74,95,0,0,94
0,70,77,84,0,0,94
0,29,101,58,0,0,94
467,319,122,77,474,490,94
0,111,40,86,0,0,94
0,82,128,128,0,0,94
257,334,107,55,0,0,94
585,527,33,51,0,591,95
262,431,117,151,0,0,95
0,32,20,85,0,0,95
614,723,98,202,104,321,95
139,253,47,126,526,594,95
162,384,13,119,0,0,95
0,41,153,126,0,0,95
467,456,100,90,311,357,95
854,532,145,132,666,749,95
0,64,77,72,0,0,95
0,132,118,119,0,0,96
839,738,148,129,567,617,96
198,214,118,92,440,592,96
78,185,102,90,0,387,96
0,57,190,81,414,389,96
86,236,61,98,0,0,96
193,254,115,90,566,634,96
0,30,63,90,0,0,96
304,444,169,136,0,281,96
0,123,49,94,0,0,96
0,38,108,77,0,0,96
299,228,106,123,449,418,96
295,346,98,120,0,421,96
408,389,116,65,567,639,96
273,382,27,69,0,0,96
103,206,190,70,546,580,96
447,684,104,124,477,0,96
850,853,136,189,669,715,96
0,114,37,47,0,0,97
969,898,36,120,592,696,97
39,138,75,71,0,0,97
558,647,66,72,0,0,97
680,375,123,106,495,611,97
505,315,226,110,274,459,97
10,135,20,98,0,0,97
379,284,158,109,0,449,97
63,247,40,96,0,0,97
377,540,36,129,0,528,97
123,256,121,132,500,621,97
703,560,100,111,679,776,97
0,53,82,69,0,0,97
184,375,134,125,0,0,97
0,71,65,86,0,0,97
0,43,35,100,0,0,98
496,563,99,141,545,596,98
639,684,74,117,654,731,98
28,201,127,138,0,0,98
662,609,75,83,505,657,98
7,82,92,50,385,0,98
195,313,98,135,607,683,98
181,208,95,159,532,626,98
231,274,115,102,0,0,98
316,458,20,134,509,649,98
283,471,119,190,0,0,98
712,657,88,101,649,715,98
14,109,164,126,355,87,98
380,427,53,104,552,624,98
568,397,114,121,0,0,98
510,282,136,64,574,662,98
0,100,36,90,0,0,98
375,556,143,156,0,383,99
0,69,139,96,390,0,99
918,713,91,142,671,763,99
15,163,99,105,315,282,99
0,102,76,99,394,457,99
639,591,56,107,657,749,99
497,231,74,86,0,0,99
685,653,117,165,618,702,99
0,25,134,80,271,0,100
735,752,133,214,578,667,100
63,206,41,86,0,0,100
117,193,176,188,493,499,100
335,342,161,125,422,499,100
0,28,60,85,0,0,100
0,112,151,86,462,514,100
478,454,15,81,641,756,100
49,173,67,87,0,576,100
330,308,212,100,582,612,100
92,267,97,102,0,0,100
65,254,13,90,0,0,100
94,207,86,71,0,0,100
295,493,38,105,0,588,100
34,94,125,119,0,0,100
10,134,66,57,0,0,100
0,48,121,94,553,681,101
470,378,155,113,0,492,101
68,230,52,111,0,0,101
0,87,80,92,0,0,101
163,136,82,101,536,634,101
319,310,84,92,0,380,101
298,345,81,131,575,691,101
0,123,26,91,0,0,101
318,391,73,134,659,765,101
23,164,70,107,470,613,101
146,272,140,150,0,0,101
721,564,113,157,464,605,101
281,177,153,100,396,0,101
413,315,129,108,0,0,101
0,78,57,88,0,0,101
754,583,120,143,516,603,102
0,97,126,105,0,516,102
189,371,86,88,0,0,102
838,883,140,84,639,718,102
370,502,33,133,528,682,102
919,810,127,102,677,785,102
90,191,15,110,0,496,102
755,843,68,134,238,545,102
0,36,72,141,0,0,102
215,285,113,121,0,416,102
61,217,20,94,0,0,102
46,210,73,102,0,0,102
143,193,84,86,0,0,103
670,388,28,97,581,686,103
618,614,95,99,652,728,103
0,75,80,102,219,0,103
966,611,101,94,555,652,103
0,28,155,98,549,554,103
979,1004,109,111,291,526,103
341,298,141,142,511,696,103
0,95,81,64,0,0,103
41,202,143,64,0,0,103
660,675,86,75,659,745,103
4,163,80,109,0,427,104
204,170,149,72,556,631,104
554,396,108,102,619,719,104
746,530,122,109,549,626,104
83,265,126,110,0,0,104
702,682,36,128,598,722,104
302,253,35,54,564,734,104
0,75,143,85,0,0,104
18,118,127,126,0,0,104
82,197,97,108,0,0,104
425,435,137,115,0,0,104
149,185,116,136,0,0,104
142,272,101,90,0,0,104
319,356,134,58,578,612,104
308,248,119,65,634,671,105
261,396,83,95,0,0,105
254,289,133,101,594,637,105
9,133,17,54,0,0,105
909,852,128,165,539,622,105
76,201,146,107,541,620,105
0,63,188,112,0,365,105
209,180,155,76,0,516,105
74,209,64,86,0,0,105
135,205,74,88,0,0,105
32,197,25,80,0,0,105
171,346,159,108,288,0,105
740,512,101,127,657,757,105
0,89,42,105,0,0,105
159,306,33,79,0,0,105
0,46,74,85,0,0,105
0,77,146,125,619,691,105
313,350,72,84,634,720,105
539,599,177,102,509,621,105
691,587,89,155,643,736,105
0,40,140,134,0,0,105
411,568,123,173,0,510,105
283,244,166,83,565,652,105
0,49,50,96,0,0,105
0,99,28,84,0,0,106
15,145,131,91,0,0,106
888,589,118,80,618,710,106
339,479,53,110,0,0,106
132,240,104,88,417,427,106
423,470,70,91,594,685,106
724,495,156,136,681,758,106
109,273,46,80,0,0,107
0,114,76,109,0,0,107
0,116,58,98,0,0,107
0,49,95,48,0,0,107
17,183,114,110,367,549,107
269,356,63,98,0,0,107
0,135,85,75,0,0,107
0,115,87,52,0,0,107
688,625,34,72,655,764,107
605,561,73,175,581,689,107
51,148,87,84,0,0,107
95,159,96,59,0,0,107
371,465,99,113,483,633,107
471,335,103,85,559,624,107
666,495,167,112,590,675,107
206,395,176,106,0,0,107
621,515,111,109,57,649,108
370,506,114,129,544,686,108
418,542,136,116,403,311,108
262,364,66,76,0,0,108
0,87,120,101,0,0,108
13,186,63,53,0,0,108
0,41,28,74,0,0,108
852,695,81,85,700,774,108
9,84,30,61,0,0,108
263,390,72,93,0,0,108
234,310,26,74,0,0,108
658,619,102,122,585,673,108
506,406,164,71,168,454,108
388,461,105,130,348,448,108
611,495,108,85,661,743,108
260,344,114,137,589,671,108
144,338,254,192,518,0,108
888,456,37,77,523,686,109
151,332,25,100,0,0,109
338,225,87,86,664,751,109
389,424,157,162,0,415,109
0,112,59,110,0,0,109
67,224,60,81,0,0,109
310,472,142,136,424,217,109
59,165,83,66,469,507,109
628,558,104,127,529,584,109
581,509,104,167,628,692,109
0,59,71,83,575,638,109
20,125,55,65,0,0,109
488,498,192,108,522,264,109
463,277,191,66,0,0,109
318,448,194,125,521,595,109
0,113,32,62,0,0,110
0,95,123,81,549,650,110
0,89,41,104,0,0,110
272,272,117,140,681,797,110
592,732,45,116,531,666,110
124,311,77,148,102,448,110
122,239,45,108,506,655,110
653,395,42,66,632,742,110
386,350,176,103,601,680,110
396,387,107,74,467,476,110
0,94,27,41,0,0,110
941,754,19,95,708,798,110
798,567,99,93,525,681,110
486,566,99,96,506,631,110
0,78,99,90,0,0,110
38,189,173,143,527,521,110
0,59,115,80,0,0,110
0,118,120,158,0,0,110
0,75,31,42,0,0,110
207,288,82,163,0,410,110
160,289,149,167,0,211,110
442,568,96,131,374,505,110
167,277,84,120,0,0,111
528,690,150,158,0,355,111
205,354,110,160,0,0,111
440,359,124,136,543,636,111
8,98,115,151,517,600,111
462,457,149,75,604,692,111
320,465,31,87,0,392,111
26,171,35,88,0,0,111
776,543,162,162,616,695,111
547,355,162,88,572,573,111
39,168,48,70,0,0,111
0,37,105,87,539,587,111
39,201,60,94,0,0,111
654,529,79,71,497,631,111
831,678,98,102,660,747,111
951,638,140,105,638,700,111
153,350,15,78,0,0,112
74,136,161,68,0,0,112
773,700,98,153,641,734,112
137,142,81,145,490,589,112
57,205,47,72,0,0,112
0,60,112,66,0,0,112
858,513,94,130,418,657,112
488,556,146,115,450,511,112
327,415,169,92,613,664,112
69,193,136,142,0,0,112
151,279,16,92,0,0,112
73,204,101,99,475,510,112
16,144,142,92,0,0,112
283,487,66,93,272,402,112
136,264,110,109,0,0,112
63,147,85,84,464,600,112
0,82,33,112,0,0,113
268,389,59,83,0,446,113
0,57,65,82,0,0,113
542,703,109,88,393,380,113
0,39,39,63,0,0,113
0,31,65,67,0,447,113
0,85,143,118,0,0,113
0,48,80,63,0,0,113
936,544,48,68,653,717,113
224,360,190,166,452,139,113
513,706,80,139,515,484,113
0,132,15,84,0,0,113
254,284,164,104,446,542,113
355,397,182,93,582,621,113
544,647,34,108,0,0,113
0,75,83,93,0,0,113
103,176,113,115,669,745,113
608,384,109,121,634,726,113
601,532,87,79,649,721,113
0,88,127,127,0,0,113
817,713,136,115,0,0,114
257,450,66,118,395,340,114
537,422,89,102,471,534,114
51,211,170,88,524,568,114
457,593,151,106,445,385,114
0,99,77,67,0,0,114
641,529,64,86,635,728,114
144,197,90,95,315,460,114
537,327,98,108,598,672,114
894,782,195,95,549,655,114
0,111,31,57,0,0,114
87,171,59,104,443,620,114
0,88,28,72,0,0,114
178,270,130,130,0,0,114
0,69,57,68,0,0,114
104,127,71,66,541,635,114
294,301,129,133,633,673,114
353,400,83,44,597,696,114
35,121,72,83,521,650,114
0,86,141,107,574,664,114
40,195,76,100,0,0,115
812,878,65,156,569,644,115
284,473,56,110,0,555,115
0,115,61,79,0,0,115
0,102,145,123,0,0,115
928,495,91,105,690,752,115
0,33,83,121,581,613,115
363,478,130,98,460,564,115
4,162,73,77,0,0,115
382,531,166,149,534,608,115
143,271,93,69,0,0,115
473,518,123,124,646,701,115
577,360,109,137,652,727,115
356,393,121,101,612,659,115
366,267,73,47,659,775,115
414,605,66,86,566,691,115
0,70,71,72,0,0,115
275,358,78,84,0,555,115
952,1004,126,186,550,665,115
58,209,34,110,0,0,115
56,205,205,117,370,0,115
517,545,108,99,0,0,115
247,285,99,72,0,0,116
113,284,142,135,0,0,116
599,652,107,82,0,0,116
760,342,95,73,696,778,116
226,369,150,175,0,413,116
230,405,45,56,0,0,116
464,574,39,106,321,502,116
320,535,115,71,297,483,116
0,47,44,86,0,0,116
103,248,41,70,575,700,116
343,286,113,61,511,490,116
0,102,121,119,579,671,116
5,130,212,93,567,353,116
426,369,46,85,504,656,116
313,322,158,100,674,760,117
0,86,174,74,0,0,117
409,326,80,77,555,694,117
38,141,88,57,0,327,117
86,241,41,76,0,0,117
0,32,54,66,0,0,117
125,232,124,130,0,0,117
502,454,42,99,605,694,117
153,281,85,76,0,0,117
184,382,117,114,0,0,117
334,277,146,121,424,551,117
27,172,186,131,0,0,117
447,507,108,105,611,703,117
178,332,115,124,0,0,118
384,336,167,98,491,571,118
350,441,106,173,443,576,118
226,313,37,93,0,0,118
0,78,143,126,414,349,118
220,379,149,115,0,0,118
172,316,159,95,481,539,118
13,138,150,96,333,469,118
115,191,40,84,453,629,118
90,219,144,117,523,610,118
174,194,77,87,0,0,118
563,736,88,192,0,267,118
0,82,109,42,321,0,118
58,119,54,72,0,447,118
393,433,149,134,601,666,118
81,236,171,123,436,415,118
0,82,102,98,0,0,118
631,514,114,189,617,684,118
386,551,134,137,394,0,118
230,399,189,177,0,581,118
598,424,188,127,618,679,118
412,437,36,110,151,616,118
254,438,99,111,0,0,118
588,514,83,190,615,697,118
164,264,125,118,492,462,118
0,150,67,52,0,0,119
58,202,32,43,0,0,119
467,502,106,147,642,705,119
520,512,35,107,497,689,119
127,294,92,94,399,549,119
3,141,114,101,0,0,119
45,183,54,78,0,0,119
386,441,166,75,626,712,119
0,85,127,100,0,0,119
0,111,51,52,0,0,119
11,121,31,68,0,0,119
60,216,92,90,0,0,119
0,61,111,119,0,437,119
288,387,41,131,0,0,119
0,46,34,80,0,0,119
0,26,89,52,0,0,119
247,228,128,68,595,690,120
0,70,45,106,0,0,120
118,266,75,148,0,0,120
903,558,188,171,538,595,120
0,86,93,69,0,0,120
0,38,37,52,0,328,120
364,389,42,116,521,621,120
0,25,108,99,566,638,120
34,173,41,92,0,0,120
0,97,133,90,327,579,120
22,129,49,82,0,0,120
297,412,95,124,573,668,120
0,74,84,62,539,441,120
40,209,154,133,425,0,120
118,237,77,63,0,0,120
331,317,70,121,584,635,120
0,42,78,67,368,209,120
432,357,83,164,508,659,120
70,193,90,97,0,0,120
0,65,111,86,0,0,120
250,456,98,131,0,0,120
332,380,72,70,0,0,120
54,181,36,86,0,0,121
208,314,203,118,262,0,121
717,684,117,128,484,616,121
84,266,112,148,0,0,121
557,662,120,95,581,630,121
870,634,105,92,619,697,121
49,162,34,69,0,0,121
202,360,118,97,351,0,121
749,616,107,105,531,590,121
409,420,146,121,603,678,121
0,86,40,98,0,0,122
0,37,125,95,389,424,122
0,65,14,57,0,0,122
874,822,155,97,541,631,122
84,203,187,118,546,522,122
742,639,45,54,671,753,122
416,493,39,91,0,471,122
864,765,166,117,640,698,122
5,166,98,66,0,0,122
254,230,238,98,563,595,122
0,102,79,109,0,0,122
0,56,50,63,0,0,122
73,133,155,144,289,512,122
475,303,164,84,558,637,122
326,266,198,103,641,698,122
91,221,53,75,0,0,122
353,287,229,97,0,0,123
48,193,51,69,437,435,123
0,153,112,99,0,0,123
721,607,148,81,672,737,123
0,107,38,40,0,0,123
193,210,104,81,0,0,123
0,78,83,77,0,0,123
42,139,64,79,0,0,123
107,274,65,106,0,450,123
0,25,108,144,492,600,123
0,74,61,95,0,0,123
0,86,92,102,282,0,123
276,417,78,155,0,0,123
590,385,136,110,704,768,123
149,279,161,127,557,552,123
0,132,74,80,0,0,123
772,611,134,119,625,724,123
19,130,39,65,365,576,123
115,178,126,51,650,684,123
415,406,135,94,649,742,123
53,180,148,57,483,280,123
0,98,62,88,0,0,123
0,42,32,67,0,0,124
20,119,124,80,479,547,124
0,65,74,88,365,563,124
397,374,107,114,0,0,124
128,264,91,80,81,426,124
309,479,55,121,0,0,124
212,309,103,135,633,700,124
0,33,50,97,0,0,124
664,536,99,104,675,748,124
189,278,106,145,529,594,124
249,324,108,87,409,526,124
623,508,59,147,312,600,124
75,243,76,96,0,0,124
420,368,121,82,202,527,124
408,615,88,127,0,428,124
89,136,181,93,561,544,124
433,346,127,162,0,398,124
556,235,116,75,595,687,125
104,130,117,75,0,0,125
277,484,46,111,0,0,125
0,46,64,56,0,0,125
117,227,88,108,0,0,125
385,415,59,69,527,599,125
538,516,128,130,399,538,125
0,80,62,90,0,0,125
26,157,164,107,268,0,125
857,466,145,96,601,658,125
231,183,90,84,582,663,125
18,161,111,114,0,0,125
245,337,73,97,489,639,125
106,255,141,129,0,0,125
32,103,42,85,142,0,126
215,399,26,106,0,0,126
783,705,129,120,539,570,126
587,449,70,109,620,712,126
960,885,88,87,616,723,126
76,210,169,136,516,597,126
0,45,77,56,0,0,126
410,449,97,104,607,697,126
22,146,62,67,0,0,126
41,215,30,44,0,0,126
510,501,105,110,498,446,126
467,385,89,166,633,727,126
109,202,100,83,0,0,126
142,254,62,109,0,0,126
0,75,91,135,550,609,126
261,298,87,107,0,620,126
12,125,50,101,0,0,126
62,106,69,89,486,656,126
197,229,121,93,609,660,126
279,247,83,89,369,483,127
818,647,66,137,691,790,127
0,102,39,107,0,0,127
54,181,52,59,0,0,127
396,482,141,125,490,606,127
402,390,137,102,239,0,127
167,237,23,51,576,682,127
118,289,57,107,428,545,127
880,379,131,162,587,660,127
0,65,75,88,504,613,127
220,252,229,124,544,580,127
815,541,86,95,569,637,127
207,298,152,148,0,0,128
873,937,117,214,360,630,128
307,331,56,118,0,0,128
142,303,110,108,0,0,128
128,288,58,85,0,0,128
0,63,39,90,0,0,128
89,213,55,112,0,483,128
0,86,131,75,484,486,128
32,77,100,108,0,0,128
174,286,164,82,537,584,128
2,123,149,104,266,0,128
406,370,60,96,647,735,128
0,63,25,48,0,0,128
209,348,28,110,0,510,128
158,266,60,48,0,0,128
0,90,166,129,0,0,128
772,534,191,117,588,645,128
333,394,14,127,226,577,128
586,524,134,123,528,637,129
0,35,33,67,0,0,129
0,34,132,171,543,608,129
0,42,59,94,0,0,129
813,632,25,121,575,690,129
114,229,120,96,461,433,129
214,393,94,146,0,0,129
482,460,47,123,555,721,129
175,327,59,121,291,573,129
413,385,106,123,663,745,129
544,530,81,85,597,682,129
432,398,155,111,651,693,129
114,275,39,72,0,0,129
557,514,58,108,0,0,129
0,39,123,104,0,0,129
983,1005,120,191,501,645,129
565,403,141,87,548,592,129
53,196,66,68,0,0,129
968,775,70,139,621,740,129
396,409,101,80,0,387,129
444,498,59,80,546,622,129
920,411,174,89,545,645,129
477,333,84,51,656,741,130
0,25,100,53,210,447,130
801,470,136,121,648,733,130
167,235,156,79,596,655,130
0,55,54,83,0,0,130
767,611,146,114,667,761,130
0,27,114,163,0,0,130
202,288,53,64,484,601,130
742,650,136,123,589,640,130
200,185,50,95,691,767,130
80,256,137,87,0,0,130
760,555,67,71,649,724,130
0,40,54,44,0,0,131
30,164,42,91,0,0,131
215,310,89,87,398,518,131
0,53,37,57,0,430,131
99,273,64,65,0,0,131
447,290,74,105,659,754,132
0,41,143,89,446,517,132
0,73,24,87,0,568,132
897,747,191,138,606,662,132
0,71,82,77,0,0,132
0,37,65,75,0,0,132
0,135,88,88,0,0,132
182,268,174,94,598,650,132
0,23,88,60,538,525,132
0,44,101,103,174,434,132
178,337,84,131,0,398,132
674,508,76,100,593,687,132
0,150,13,68,0,0,132
322,226,103,93,0,0,132
0,55,124,94,0,0,132
56,224,31,101,0,0,132
0,70,88,95,408,412,132
970,513,172,108,0,287,132
238,372,58,99,0,0,133
285,339,113,115,535,614,133
916,562,148,89,596,670,133
44,188,91,78,527,615,133
712,770,97,157,0,0,133
189,270,163,127,522,503,133
162,289,33,72,0,531,133
0,73,108,59,0,0,133
334,463,91,166,0,475,133
221,212,112,106,515,487,133
0,60,43,99,0,0,133
21,117,98,57,0,510,133
272,297,86,116,534,628,133
158,380,128,94,0,0,133
179,256,99,85,650,732,133
937,851,26,136,538,702,133
0,88,76,79,403,573,133
20,99,165,89,133,0,133
530,541,99,98,269,512,133
0,71,58,73,299,492,133
547,365,104,81,576,682,134
179,163,114,66,577,658,134
271,268,81,73,0,0,134
246,405,103,89,441,544,134
191,211,146,61,539,600,134
210,341,136,115,0,0,134
0,50,68,96,0,0,134
10,113,43,108,0,499,134
166,303,88,116,0,0,134
683,408,162,96,595,648,134
129,210,162,154,286,471,134
962,856,153,133,598,700,134
4,130,153,83,0,0,134
67,188,144,145,0,0,134
947,677,130,149,701,776,134
92,207,130,132,0,0,134
231,405,41,87,0,0,134
168,286,76,75,563,668,134
197,311,121,93,0,0,134
58,148,22,42,0,454,135
724,720,135,90,683,758,135
0,67,89,92,0,0,135
86,218,125,87,357,457,135
498,447,67,73,0,564,135
0,76,70,57,0,0,135
67,191,125,161,0,387,135
158,302,84,84,363,536,135
44,162,147,76,607,680,135
224,326,71,123,471,599,135
0,52,51,88,0,0,135
0,69,71,67,0,0,135
0,74,34,60,0,0,135
0,96,96,61,229,0,135
234,327,118,73,520,602,136
236,324,151,94,0,0,136
120,197,33,54,511,650,136
491,507,87,139,433,555,136
0,97,57,59,0,0,136
0,107,47,68,398,524,136
0,28,59,109,0,0,136
749,679,62,120,603,658,136
305,468,121,158,0,0,136
538,357,84,115,650,744,136
982,526,112,145,663,741,136
937,874,29,74,649,760,137
285,387,64,96,548,694,137
83,203,100,83,0,0,137
489,347,152,115,686,759,137
779,805,95,117,532,538,137
323,315,91,91,407,545,137
828,797,125,130,0,0,137
154,276,114,119,206,0,137
115,255,85,93,400,0,137
703,792,73,98,535,690,137
775,752,117,146,502,554,137
0,57,56,59,0,0,137
455,275,98,115,610,688,137
590,359,81,127,604,690,137
120,241,156,120,628,693,138
544,690,91,97,0,0,138
16,118,28,66,0,328,138
0,63,123,101,0,0,138
41,189,61,71,0,0,138
175,216,76,72,621,671,138
91,234,63,112,0,0,138
0,103,112,71,0,0,138
763,537,74,139,643,723,138
612,330,112,122,565,668,138
829,600,173,131,673,751,138
199,358,104,65,423,531,138
61,216,49,58,0,136,138
247,384,81,117,0,0,138
0,90,56,95,0,0,138
40,187,44,42,0,0,138
0,55,70,85,0,0,138
118,264,164,79,568,583,138
0,65,143,67,593,355,139
368,322,92,95,0,0,139
2,150,89,89,0,0,139
223,353,34,105,454,608,139
0,98,29,93,0,0,139
105,295,77,113,0,0,139
676,680,158,131,628,685,139
393,506,74,104,0,0,139
0,109,101,144,0,0,139
209,350,54,89,253,0,139
601,628,130,93,595,712,139
457,343,139,98,280,446,139
0,34,49,58,0,490,139
48,117,119,121,430,508,139
790,684,64,110,368,489,139
0,78,139,99,448,469,139
527,528,111,138,654,743,139
818,919,64,175,606,708,139
0,82,59,86,0,0,139
559,348,90,107,678,747,139
0,109,53,67,0,0,140
319,456,135,122,0,0,140
101,222,32,83,533,682,140
146,157,151,104,0,367,140
0,31,73,84,0,0,140
168,263,51,109,0,0,140
896,714,57,123,623,724,140
69,133,91,114,0,0,140
78,218,57,104,0,0,140
457,420,24,53,638,761,140
51,208,56,77,0,0,140
948,796,110,163,669,750,140
0,87,104,83,129,0,140
0,52,118,82,541,588,140
923,482,42,120,616,729,141
263,195,228,129,565,637,141
51,154,53,63,466,569,141
614,447,160,139,588,696,141
5,128,82,63,0,0,141
17,142,47,89,0,0,141
54,157,63,99,25,352,141
192,220,91,72,495,600,141
0,95,54,82,0,428,141
0,107,30,109,0,0,141
0,69,99,90,375,424,141
16,156,55,88,0,0,141
761,621,249,105,436,470,141
82,217,57,92,0,402,141
68,234,160,127,0,0,142
650,522,131,114,605,663,142
0,28,50,88,0,0,142
128,284,149,124,0,0,142
115,260,144,148,0,0,142
0,47,129,134,434,588,142
10,89,56,110,0,0,142
942,558,136,121,518,635,142
163,254,111,185,0,508,142
0,158,28,89,0,0,142
31,186,21,64,0,0,142
341,334,243,105,647,664,142
634,370,117,109,452,540,142
135,226,21,79,140,496,142
0,90,90,71,0,0,142
516,433,150,83,633,686,143
228,259,67,135,483,509,143
0,77,19,31,0,0,143
151,236,51,129,640,742,143
0,157,27,51,0,0,143
197,297,139,114,380,426,143
815,576,77,72,592,723,143
335,295,102,98,592,647,143
462,619,104,146,605,726,144
531,462,112,145,620,725,144
0,83,105,81,602,521,144
49,92,78,79,0,0,144
78,252,57,76,0,0,144
0,38,60,45,0,0,144
0,32,99,94,0,0,144
523,481,91,126,0,0,144
29,161,67,74,416,564,144
441,555,138,181,0,441,144
46,198,94,115,0,0,144
36,210,113,96,0,0,144
68,197,110,93,0,0,144
333,399,156,131,497,554,144
576,422,42,128,612,689,144
654,740,195,188,649,713,144
585,330,79,77,0,334,144
306,321,154,92,239,313,144
850,977,86,179,322,585,145
740,798,165,121,516,576,145
267,413,142,162,532,553,145
973,887,116,182,635,721,145
931,906,144,143,709,792,145
215,257,172,73,474,570,145
319,302,175,73,370,0,145
969,669,76,174,658,774,145
19,115,76,68,0,0,145
0,30,123,54,431,0,145
20,170,41,49,0,0,145
413,323,141,79,620,671,145
171,142,99,83,0,0,145
236,341,92,97,0,0,145
852,622,244,110,708,793,146
113,217,131,97,484,0,146
147,300,56,60,493,585,146
0,70,64,83,0,0,146
159,177,105,148,0,0,146
204,367,146,101,308,392,146
96,206,92,108,444,0,146
0,22,55,49,0,0,146
287,380,147,106,497,633,146
35,175,47,64,0,0,146
246,335,139,117,0,0,146
854,531,100,84,614,700,146
408,525,156,136,432,630,146
963,846,104,112,731,821,146
933,851,105,74,602,712,146
594,505,141,92,428,558,147
64,130,87,100,572,703,147
841,848,100,115,592,664,147
41,199,115,106,0,0,147
225,425,77,89,0,0,147
680,649,45,159,602,715,147
913,717,28,83,671,749,147
784,495,129,118,568,656,147
682,623,162,191,530,624,147
306,396,80,167,504,680,147
7,125,123,131,0,170,147
0,29,39,81,0,339,147
856,488,21,96,694,812,147
372,462,120,91,566,605,147
0,35,68,69,0,0,147
29,123,48,85,0,0,147
726,596,37,82,615,703,147
338,418,98,151,483,639,148
0,85,88,49,50,508,148
0,53,91,99,0,0,148
222,209,137,94,660,716,148
418,199,133,90,579,647,148
3,105,124,62,499,466,148
313,429,85,121,533,590,148
0,87,79,84,0,0,148
0,112,32,98,0,0,148
542,570,138,97,653,727,148
802,745,124,142,651,700,148
390,390,202,138,528,614,148
533,579,130,165,629,697,148
977,645,104,103,636,730,148
98,225,164,78,0,0,148
109,241,58,76,0,0,149
40,145,106,95,275,284,149
0,88,100,89,310,0,149
889,662,101,165,651,747,149
455,305,61,104,603,678,149
442,580,36,93,0,0,149
0,81,20,66,0,0,149
496,336,47,76,635,739,149
174,369,92,97,42,501,149
0,31,33,38,0,344,149
44,172,99,85,490,647,149
185,287,33,100,0,0,150
0,71,154,76,0,0,150
0,33,24,47,0,415,150
613,438,113,106,321,479,150
397,418,81,103,374,481,150
45,183,111,113,534,571,150
0,61,108,88,378,595,150
418,563,170,90,572,673,150
258,351,109,116,0,471,150
321,396,247,97,624,597,150
315,464,78,136,326,569,150
0,45,38,105,0,0,150
77,197,103,107,486,609,150
0,26,129,107,0,0,150
242,315,211,71,511,448,150
158,208,41,85,0,0,150
0,87,41,79,0,0,150
14,130,204,108,586,581,150
112,298,127,100,0,0,150
0,102,20,52,0,0,150
0,40,80,73,0,362,150
761,777,52,163,661,763,150
700,700,70,105,615,721,151
337,405,98,83,647,715,151
646,687,159,144,675,754,151
0,84,55,85,0,0,151
486,248,174,120,588,660,151
7,143,83,78,0,0,151
0,105,141,96,0,0,151
148,260,135,103,0,0,151
399,406,93,93,644,702,151
321,378,106,181,0,0,151
0,73,51,82,438,583,151
0,77,73,105,470,544,151
314,281,64,143,593,641,151
0,39,47,77,286,589,151
301,228,51,59,525,676,151
0,53,20,50,0,0,152
0,101,39,79,0,0,152
174,275,95,98,0,0,152
347,438,141,150,197,512,152
46,129,115,53,444,0,152
356,494,103,120,516,586,152
91,242,119,75,0,0,152
0,52,132,69,505,491,152
0,29,71,61,0,0,152
277,264,119,162,545,662,152
430,474,99,86,350,351,152
201,340,70,115,480,612,152
643,464,172,141,388,597,152
103,172,137,99,0,0,152
0,56,50,40,0,0,152
68,231,141,144,0,0,153
12,158,49,125,0,0,153
9,144,82,149,0,478,153
211,308,130,136,463,482,153
223,316,62,120,602,719,153
614,479,111,77,516,597,153
712,757,125,105,215,0,153
167,246,161,112,0,0,153
65,185,18,59,444,640,153
487,599,146,88,413,0,153
575,585,35,108,599,710,153
29,170,76,62,0,0,153
784,401,118,164,690,781,153
0,51,154,81,430,0,153
0,68,127,72,0,0,153
734,690,143,197,640,739,153
107,278,90,83,0,0,153
132,255,84,57,0,0,153
511,413,116,120,637,717,153
0,102,22,113,0,0,153
124,246,104,94,114,545,154
556,335,44,94,195,511,154
0,99,67,74,0,0,154
83,212,179,161,392,380,154
264,201,41,57,376,592,154
684,743,133,211,536,674,154
64,103,134,111,0,0,154
32,149,45,90,0,0,154
0,43,126,73,0,0,154
26,179,88,74,462,604,154
6,149,66,104,0,0,154
0,101,105,70,500,522,154
14,139,141,68,383,0,154
534,426,63,151,534,725,154
0,92,136,93,582,627,154
0,72,90,80,0,0,154
523,497,185,110,676,729,154
365,545,113,130,566,644,154
928,434,79,80,619,713,154
0,55,128,95,365,409,154
549,578,28,107,614,702,154
14,86,167,165,483,575,154
391,533,91,161,0,310,154
468,519,59,154,528,685,155
31,99,128,96,399,555,155
0,31,210,93,0,0,155
396,488,23,101,505,630,155
312,362,16,78,0,0,155
736,626,122,91,0,536,155
0,121,112,85,570,643,155
15,143,24,74,0,0,155
41,187,80,83,0,0,155
0,45,52,58,0,0,155
39,181,106,109,0,0,155
606,454,65,121,0,0,155
0,40,24,75,0,0,155
43,132,67,74,599,693,155
0,50,137,145,244,0,156
256,234,96,86,0,0,156
0,38,18,42,0,0,156
213,209,13,102,376,672,156
0,148,111,54,0,0,156
0,59,107,76,370,505,156
0,94,28,71,0,0,156
61,145,101,66,0,0,156
290,349,141,116,527,634,156
79,207,102,78,0,0,156
164,239,150,111,271,440,156
0,75,83,109,511,642,156
40,124,203,88,0,0,156
0,107,43,77,0,0,156
336,500,130,84,0,0,156
83,208,175,125,423,0,156
202,327,103,79,0,0,156
142,277,152,73,0,0,156
0,93,41,80,0,0,156
298,344,99,101,0,0,156
29,158,54,122,0,0,157
208,313,53,58,425,637,157
31,178,57,76,0,0,157
555,460,102,81,0,0,157
500,328,147,71,0,0,157
0,102,79,72,355,155,157
468,478,126,130,0,513,157
26,137,101,99,472,474,157
114,224,116,125,0,372,157
444,411,143,114,0,0,157
37,125,192,136,0,252,157
707,549,157,147,495,630,157
685,607,68,134,643,734,157
0,30,56,84,0,0,157
892,875,127,148,596,702,157
0,118,134,93,0,0,157
0,77,58,93,137,463,157
0,75,61,84,0,0,157
0,78,55,75,0,0,157
147,343,21,86,0,0,158
473,359,97,94,545,607,158
0,84,115,102,0,429,158
549,590,96,104,525,685,158
0,56,56,97,0,0,158
61,219,199,87,532,465,158
220,321,42,133,545,679,158
169,289,113,124,575,627,158
127,211,45,100,0,0,158
0,104,98,85,132,0,158
581,419,97,70,550,649,158
288,523,39,82,0,414,158
918,877,164,169,638,728,158
825,362,127,77,636,719,158
684,525,114,154,663,715,158
87,233,116,107,0,0,158
123,297,149,94,0,0,158
486,576,117,186,568,632,158
112,222,79,69,0,0,158
127,261,157,116,329,0,158
111,258,62,136,0,0,158
311,383,55,78,558,702,158
138,235,31,52,52,625,159
0,56,63,107,0,0,159
777,394,225,131,718,776,159
339,422,69,98,478,522,159
56,229,128,60,0,0,159
661,381,98,176,733,813,159
8,138,61,68,0,0,159
99,176,131,87,532,620,159
350,390,59,147,524,633,159
605,401,172,145,665,738,159
0,135,94,155,0,0,159
0,35,106,106,0,0,159
499,606,67,127,613,691,159
692,557,110,99,497,571,159
4,129,42,91,0,0,159
243,415,42,110,0,510,160
0,117,37,52,319,604,160
385,417,33,105,372,584,160
172,289,56,60,0,0,160
828,840,93,181,667,756,160
69,261,70,88,0,488,160
526,553,131,115,486,623,160
339,353,83,147,612,697,160
748,457,49,87,565,699,160
150,315,74,129,313,471,160
28,144,57,66,0,0,160
53,187,27,55,0,0,160
162,228,83,71,642,706,160
0,102,46,58,0,0,160
338,366,119,68,549,573,160
413,601,168,119,0,0,160
14,103,139,65,0,0,160
808,810,84,184,653,750,160
185,347,60,113,0,0,161
44,166,83,173,573,681,161
453,567,100,148,556,630,161
38,175,37,51,0,0,161
127,160,69,84,0,0,161
626,397,23,100,0,0,161
0,125,82,96,432,598,161
882,625,86,138,626,725,161
797,543,67,151,691,768,161
0,115,142,98,516,239,161
0,54,82,78,0,0,161
195,331,48,58,0,0,161
0,30,56,68,0,0,161
17,153,28,62,0,0,161
344,395,104,99,353,581,161
6,101,67,84,0,0,161
15,134,58,71,0,0,161
795,802,182,154,628,734,161
0,25,114,73,0,0,161
504,522,119,90,352,565,162
412,436,159,202,456,672,162
306,460,147,153,472,654,162
456,381,64,71,709,796,162
140,171,75,71,383,577,162
21,118,43,79,0,0,162
2,120,95,110,0,0,162
311,402,118,110,0,391,162
749,714,160,126,475,508,162
704,427,69,103,712,798,162
176,359,81,61,0,384,162
774,517,149,146,654,721,162
652,709,47,175,668,764,162
354,487,123,117,461,521,162
377,479,87,129,0,513,163
420,477,102,110,552,620,163
844,607,128,152,595,716,163
556,403,175,104,676,768,163
668,618,58,106,469,574,163
81,254,95,137,0,0,163
278,189,81,85,456,557,163
0,69,111,101,429,173,163
0,84,126,72,0,0,164
356,350,138,79,577,627,164
253,211,141,68,660,704,164
719,533,112,112,604,682,164
274,325,100,177,551,667,164
538,535,199,114,570,540,164
544,371,152,73,621,659,164
62,186,100,62,346,0,164
211,386,115,135,205,0,164
221,374,126,76,571,637,164
612,382,138,113,638,667,164
518,465,100,130,651,725,164
556,358,59,121,624,730,164
807,732,46,61,585,706,164
876,624,33,87,710,801,164
0,53,37,55,0,0,164
200,326,64,39,0,512,164
159,263,106,119,0,0,165
412,374,129,76,516,523,165
447,567,119,92,0,345,165
177,343,126,162,0,0,165
723,629,71,106,651,739,165
414,501,68,97,0,0,165
0,88,111,77,0,0,165
0,111,45,57,0,0,165
179,377,37,83,0,0,165
894,819,122,215,668,764,165
34,155,124,107,0,0,165
724,481,149,89,629,687,165
0,83,57,42,0,0,166
552,548,129,154,687,758,166
157,165,84,68,0,0,166
405,498,113,131,610,676,166
589,611,90,178,501,622,166
88,231,61,73,0,0,166
956,816,66,111,641,741,166
0,57,96,106,0,0,166
30,197,175,98,0,0,166
757,718,194,183,477,569,166
968,654,62,89,653,751,167
172,273,110,101,0,0,167
660,407,79,104,513,664,167
0,139,57,92,0,420,167
381,492,92,126,0,0,167
609,493,95,64,546,620,167
11,99,136,82,0,0,167
465,503,138,177,644,718,167
0,78,61,92,0,0,167
502,439,117,86,649,737,167
687,779,112,195,379,586,167
0,56,68,90,0,0,167
568,495,107,85,391,546,167
245,242,84,132,0,198,167
0,118,152,102,0,0,167
349,422,21,68,0,522,167
63,129,150,85,487,67,167
0,104,114,67,0,0,167
0,27,38,70,0,0,167
6,135,74,70,0,0,167
60,212,73,64,0,0,168
153,241,144,127,506,361,168
6,137,49,61,0,0,168
66,169,93,71,566,633,168
493,316,117,119,656,738,168
17,134,83,85,0,405,168
131,258,87,79,0,0,168
169,141,98,91,0,242,168
246,310,106,98,483,390,168
0,34,48,100,0,0,169
408,481,152,72,607,643,169
290,315,108,122,600,694,169
98,260,91,85,0,0,169
119,288,47,69,283,433,169
0,101,62,61,0,0,169
480,474,112,94,658,737,169
0,41,23,70,0,0,169
350,341,79,60,620,701,169
296,396,34,67,0,529,169
313,308,113,93,292,569,169
0,85,68,57,0,0,169
0,32,39,44,0,549,169
789,644,50,100,646,737,169
136,258,47,93,397,574,169
1,132,112,114,0,0,169
152,263,156,125,0,0,169
85,241,99,126,0,0,169
20,156,64,70,0,0,169
512,472,46,116,521,654,169
683,636,159,178,537,651,170
410,443,109,149,626,738,170
321,273,100,109,350,0,170
602,646,128,154,571,652,170
379,363,123,133,0,545,170
0,43,87,42,550,575,170
150,228,89,100,466,542,170
508,595,105,141,0,357,170
0,73,37,81,0,0,170
101,246,81,116,0,0,170
667,683,57,149,521,608,170
596,787,119,135,0,363,170
625,829,59,155,0,444,170
0,28,95,124,0,0,170
274,363,15,89,15,640,170
0,31,59,99,0,0,170
577,510,73,100,0,624,170
113,209,91,111,0,0,170
274,486,43,134,0,0,170
37,206,88,125,0,0,170
800,465,176,93,587,658,170
0,75,171,75,595,653,170
208,383,31,72,448,608,171
790,615,217,137,712,778,171
144,273,100,94,473,581,171
35,170,120,104,0,0,171
270,416,75,79,0,0,171
0,89,83,75,0,0,171
345,430,50,89,0,562,171
62,180,68,73,0,0,171
102,256,140,106,499,0,171
156,268,103,119,0,0,171
50,197,94,58,386,493,171
0,35,102,78,0,0,171
0,55,37,55,0,0,171
224,317,101,63,471,582,171
12,122,122,137,414,255,171
0,48,125,85,0,0,172
26,149,14,26,0,0,172
428,494,81,121,0,578,172
464,424,130,76,609,689,172
357,484,146,95,0,0,172
86,171,77,152,514,653,172
126,239,88,82,0,0,172
86,262,94,105,0,310,172
0,99,114,65,0,0,172
161,260,62,62,553,649,172
0,112,49,117,0,0,172
9,126,72,61,0,0,172
0,133,31,53,0,0,172
532,450,96,93,0,539,172
283,427,50,140,0,205,172
0,127,154,112,0,0,172
212,275,72,97,661,742,172
20,163,69,133,0,0,172
689,388,96,91,598,695,172
0,51,32,91,0,0,173
129,307,45,99,0,0,173
57,184,90,80,0,0,173
709,786,97,110,625,699,173
0,88,53,134,536,708,173
78,267,138,107,0,0,173
0,49,47,69,0,0,173
0,88,159,113,381,332,173
0,44,89,79,268,554,173
473,635,156,170,611,653,173
0,91,106,75,425,601,173
11,87,51,107,544,663,173
88,255,61,111,0,0,173
0,118,104,75,397,0,173
0,95,41,47,0,0,173
0,36,79,79,0,0,173
220,279,59,66,535,563,173
468,475,47,75,437,600,173
92,250,86,78,351,0,173
48,150,234,88,582,592,174
377,239,140,81,522,360,174
430,345,135,87,574,633,174
503,520,47,113,0,0,174
0,77,122,67,0,0,174
593,420,91,71,657,738,174
927,1005,95,64,588,671,174
10,114,92,126,617,658,174
899,547,21,123,633,699,174
482,473,172,119,659,720,174
880,534,143,86,587,657,174
207,293,94,74,465,455,174
0,31,105,95,0,0,174
20,131,79,148,0,0,174
465,397,192,125,488,552,174
147,304,72,49,0,0,174
173,216,146,79,484,397,174
365,339,178,92,597,639,175
49,170,58,70,0,0,175
59,117,63,77,552,643,175
410,397,196,103,640,641,175
601,477,164,141,576,654,175
0,46,13,43,0,420,175
0,101,75,116,0,0,175
18,167,101,123,0,0,175
363,467,97,183,89,276,175
256,324,70,60,545,580,175
74,125,32,90,440,650,175
122,199,79,61,489,607,175
53,182,43,74,0,0,175
788,437,106,136,655,727,175
763,864,96,206,436,604,175
40,169,68,77,0,0,175
78,209,95,89,0,0,176
0,86,61,89,0,0,176
221,355,58,120,527,668,176
767,768,119,143,498,526,176
309,251,161,131,0,380,176
0,59,74,52,0,0,176
132,249,158,141,428,515,176
25,155,73,113,0,460,176
103,204,96,63,381,419,176
124,214,164,116,543,590,176
720,551,92,87,665,761,176
515,685,90,140,538,636,176
483,541,184,152,591,631,176
77,211,81,76,0,0,177
0,41,39,65,0,0,177
58,199,41,47,0,0,177
280,403,104,159,0,0,177
0,71,127,72,0,0,177
0,62,13,94,0,0,177
0,95,60,73,540,653,177
0,71,65,121,0,0,177
632,559,77,107,602,685,177
474,519,138,166,594,646,177
5,114,125,99,0,0,177
0,60,40,55,0,0,177
0,43,49,71,0,0,177
819,705,213,169,654,705,177
814,626,105,151,694,759,177
170,342,76,149,0,0,177
309,515,134,148,0,0,177
400,510,115,93,0,138,177
5,163,16,55,0,0,177
313,365,129,161,0,462,177
0,62,44,83,0,0,177
26,150,69,100,0,0,177
269,346,67,141,337,0,177
181,321,64,113,0,409,177
107,297,36,66,0,0,177
799,437,105,129,653,732,178
307,332,142,121,530,530,178
419,554,120,140,0,0,178
100,246,125,118,597,698,178
213,351,148,172,411,411,178
0,36,60,76,0,0,178
0,38,103,116,0,0,178
406,370,190,147,600,650,179
0,73,40,79,0,0,179
423,459,152,118,625,679,179
199,374,129,169,0,0,179
478,427,51,145,632,719,179
51,151,156,126,589,689,179
557,595,37,133,549,695,179
0,33,100,75,0,0,179
0,62,102,125,0,0,179
62,244,19,55,0,0,179
0,104,33,64,0,0,179
0,101,20,69,0,0,179
118,229,163,111,454,422,179
864,815,124,154,660,733,179
0,37,73,111,331,483,179
578,356,81,76,542,650,179
790,384,100,93,556,650,180
119,119,123,81,316,0,180
50,152,137,123,514,529,180
152,170,147,85,467,497,180
685,444,139,113,339,320,180
0,92,25,102,0,0,180
5,126,112,88,0,0,180
48,189,68,114,0,426,180
709,629,184,121,411,467,180
254,241,179,62,542,398,180
348,256,121,138,653,715,180
335,353,151,86,271,0,180
287,347,151,128,456,560,180
274,359,108,104,487,583,180
47,175,31,86,0,0,180
45,102,131,77,0,0,180
581,483,80,61,408,571,180
629,563,143,85,679,750,180
160,336,146,110,0,0,180
286,398,149,133,596,624,180
434,353,150,143,511,658,180
47,209,75,113,0,0,181
483,584,29,134,0,0,181
38,175,106,97,0,0,181
0,59,104,68,495,514,181
79,179,187,92,0,0,181
770,839,198,137,640,720,181
229,306,138,84,583,628,181
442,342,30,68,695,770,181
69,157,41,83,568,696,181
91,193,49,71,0,0,182
556,522,69,93,676,764,182
23,163,103,68,0,0,182
0,29,55,48,0,0,182
142,209,141,82,248,330,182
485,467,75,96,633,727,182
177,323,146,101,0,0,182
6,147,78,120,0,0,182
504,523,113,120,687,752,182
211,330,56,83,0,499,182
0,67,63,44,0,0,182
748,930,65,163,521,662,182
0,116,38,64,0,0,182
66,146,61,98,0,0,182
106,275,50,85,0,0,182
0,105,28,52,0,0,182
0,50,118,127,551,554,183
221,441,92,155,0,0,183
60,178,178,100,450,508,183
407,403,115,87,568,674,183
425,482,162,76,590,678,183
90,193,107,87,0,0,183
0,89,40,36,0,0,183
262,372,73,99,466,630,183
0,80,61,79,0,0,183
122,262,70,132,426,399,183
0,27,28,99,275,569,183
118,229,137,62,580,620,183
0,60,125,68,0,0,183
280,420,73,105,372,502,183
643,620,79,134,0,450,184
300,254,180,91,642,702,184
97,217,93,61,0,0,184
273,380,62,76,0,0,184
414,340,166,117,631,696,184
308,463,112,93,628,687,184
404,323,128,129,282,593,184
0,52,27,53,0,0,184
0,115,98,72,338,380,184
936,494,49,96,639,727,184
0,63,168,81,449,0,184
769,681,47,68,606,718,184
0,45,55,73,0,0,184
0,45,108,70,311,0,184
920,641,185,126,631,710,184
494,626,99,129,273,537,185
440,559,124,135,498,360,185
29,91,98,58,0,0,185
288,398,108,124,454,634,185
11,125,106,73,500,608,185
269,279,55,86,0,532,185
50,149,91,149,0,0,185
29,156,138,71,0,0,186
200,369,75,141,276,380,186
402,516,66,135,0,0,186
11,118,131,57,584,629,186
83,166,79,94,0,0,186
604,488,144,74,602,639,187
0,106,59,124,0,0,187
0,57,112,123,0,0,187
211,370,120,128,533,604,187
642,667,77,101,472,584,187
72,144,110,68,188,327,187
0,62,59,82,0,0,187
391,451,64,113,0,0,187
499,598,133,89,576,598,187
564,488,157,100,0,0,187
241,307,59,66,0,0,187
36,180,30,68,0,0,187
0,129,68,102,0,0,188
0,125,48,74,0,467,188
908,694,122,136,681,749,188
441,628,115,122,464,0,188
0,100,66,73,0,0,188
0,74,80,104,0,0,188
65,186,77,114,505,594,188
0,82,78,77,561,623,188
291,260,129,76,528,565,188
758,481,69,74,0,0,188
0,82,64,70,0,0,188
0,85,58,56,360,563,188
287,308,115,129,0,0,188
0,102,135,85,411,316,188
955,828,91,131,652,763,188
619,507,138,98,620,691,188
735,694,37,132,615,702,188
0,50,101,81,560,629,189
483,323,140,99,530,629,189
180,270,134,76,0,0,189
612,551,62,103,583,677,189
0,42,17,51,0,0,189
118,246,168,128,547,601,189
310,331,73,97,201,480,189
14,159,59,61,0,0,189
479,367,152,142,640,765,190
715,437,184,132,639,711,190
259,307,100,127,624,725,190
126,243,105,84,505,462,190
56,196,115,112,311,0,190
222,354,102,135,589,605,190
517,696,80,125,0,442,190
37,168,146,76,463,444,190
49,201,76,92,0,0,190
226,233,69,112,645,716,190
516,652,166,128,544,587,190
79,223,99,139,0,0,190
142,199,108,140,0,0,190
567,326,43,73,666,757,190
632,520,110,99,585,648,190
205,345,51,73,604,687,191
31,150,149,75,553,538,191
208,275,29,118,36,562,191
0,94,49,74,0,0,191
110,132,98,137,575,636,191
173,268,50,90,641,729,191
950,688,139,139,547,635,191
188,273,105,109,466,71,191
0,50,86,68,254,530,191
0,104,152,133,514,615,191
21,133,117,88,409,332,192
27,131,82,75,505,657,192
0,90,32,90,0,0,192
323,442,66,87,0,0,192
403,390,118,92,606,690,192
142,306,112,78,361,0,192
281,442,40,77,180,493,192
744,684,127,87,681,750,192
689,511,131,84,0,0,192
770,690,199,188,639,720,192
38,103,101,78,0,0,192
84,257,67,89,0,0,192
0,22,77,59,0,0,192
243,355,117,120,0,141,193
275,474,128,97,0,0,193
445,496,65,143,513,604,193
486,664,180,162,481,401,193
1,146,118,121,0,0,193
106,236,99,112,476,527,193
0,27,99,99,236,0,193
0,27,18,28,0,0,193
839,497,111,130,575,660,193
150,311,150,139,0,193,193
86,168,121,66,604,615,193
385,519,123,92,442,411,193
2,158,78,122,0,0,194
0,62,52,80,0,0,194
778,453,105,87,665,742,194
0,42,36,36,0,0,194
589,317,85,93,0,0,194
116,285,118,104,0,0,194
0,30,22,96,0,0,194
0,65,20,69,0,0,194
0,128,79,104,0,0,194
106,263,69,53,0,0,194
866,541,179,121,629,675,194
950,450,44,70,690,782,194
27,144,51,72,0,0,195
31,200,78,103,0,0,195
0,47,95,108,0,0,195
71,170,126,90,462,555,195
959,489,81,117,589,681,195
168,301,108,91,0,429,195
20,136,108,68,556,638,195
420,249,103,85,0,0,195
80,114,84,69,0,0,195
953,711,123,88,672,744,195
0,78,49,81,0,0,195
60,192,110,102,0,0,195
0,120,96,56,0,0,195
859,493,60,157,578,690,195
678,518,153,89,507,522,196
119,237,108,96,0,0,196
0,38,50,61,0,0,196
352,380,94,100,0,0,196
540,427,100,107,513,620,196
443,346,82,108,737,818,196
524,462,80,77,447,606,196
31,160,88,70,423,533,196
0,107,13,76,0,0,196
168,155,58,68,0,0,196
0,77,141,98,453,352,196
98,230,102,101,0,0,196
0,68,79,53,423,568,196
0,28,26,65,0,0,196
210,417,19,106,0,603,196
98,195,82,129,525,618,196
242,258,154,98,312,371,196
0,60,20,95,0,0,197
191,379,63,131,0,0,197
0,45,54,63,0,0,197
162,211,128,65,0,0,197
0,58,58,76,0,0,197
234,302,160,135,526,629,197
0,84,62,88,0,0,197
114,266,39,53,0,461,197
183,266,116,95,507,592,197
940,534,150,86,0,0,197
175,228,127,105,0,0,197
0,48,84,104,0,0,197
165,281,92,118,639,691,197
581,706,102,147,451,588,197
284,247,74,140,606,679,197
0,61,87,123,0,0,197
217,347,63,98,0,0,197
199,296,94,103,0,0,197
0,39,62,103,0,0,197
0,119,93,94,0,0,198
116,226,139,186,0,0,198
0,105,39,57,0,0,198
757,507,111,146,588,636,198
981,956,139,127,537,653,198
0,91,167,169,0,0,198
796,658,28,106,542,647,198
0,52,87,68,0,0,198
291,480,79,143,430,514,198
703,590,110,86,614,685,198
670,681,46,108,0,0,198
628,659,193,104,558,591,198
61,208,86,89,497,633,198
20,154,111,74,0,0,198
66,227,86,103,0,0,198
31,164,36,95,0,0,198
152,355,36,70,0,0,199
190,311,97,125,0,0,199
600,565,108,101,380,597,199
397,546,54,124,0,541,199
266,270,109,120,702,775,199
0,101,160,124,386,0,199
431,495,84,120,626,720,199
0,79,173,113,0,0,199
840,814,157,102,0,422,199
0,88,28,89,0,0,199
68,144,43,81,0,444,199
477,318,78,172,618,762,199
134,207,85,97,0,0,199
398,469,40,105,0,574,199
0,109,94,95,0,0,199
3,130,81,74,0,0,200
206,355,89,122,0,0,200
599,361,104,96,610,706,200
0,30,88,137,0,0,200
17,140,58,72,0,0,200
155,357,74,140,0,0,200
143,296,198,73,536,483,200
0,88,79,68,0,0,200
329,427,46,108,0,251,200
0,70,43,54,0,0,200
87,222,64,98,0,0,200
539,351,59,87,455,640,200
197,321,59,121,203,530,200
17,102,123,67,0,0,200
63,104,61,39,0,0,200
20,153,144,67,0,0,200
90,258,154,107,0,0,200
567,377,83,150,506,650,200
0,82,43,54,0,0,200
0,60,97,99,0,0,200
0,57,91,91,0,0,200
939,504,159,87,402,0,200
300,435,204,117,561,535,200
0,75,80,69,342,311,200
42,153,33,44,0,0,201
0,29,75,70,0,0,201
890,470,96,76,706,787,201
249,259,101,140,545,626,201
448,496,126,98,625,696,201
614,455,100,70,561,678,201
585,337,158,83,630,688,201
244,240,108,103,480,633,201
0,122,106,143,0,0,201
0,78,22,62,0,519,201
0,137,119,120,0,0,201
0,71,98,108,0,0,201
343,464,88,82,0,0,201
217,265,92,57,0,0,201
467,495,52,81,0,256,201
0,106,56,89,0,0,201
0,48,127,98,574,628,201
0,94,109,82,0,0,202
216,384,88,125,632,716,202
916,673,249,157,658,727,202
397,428,137,86,284,567,202
0,60,162,132,0,0,202
299,278,88,105,451,597,202
140,162,114,102,0,0,202
22,133,103,84,0,0,202
808,897,105,164,622,728,202
179,360,70,145,0,0,202
36,179,103,121,0,0,202
85,199,206,187,593,663,202
813,586,101,157,626,720,202
18,144,62,80,0,0,202
901,839,40,141,630,730,202
503,360,60,130,595,715,202
511,503,113,128,663,753,202
13,132,137,86,0,0,203
549,432,186,115,601,669,203
445,310,28,89,572,744,203
278,391,137,120,465,506,203
71,226,75,106,0,0,203
603,547,130,119,0,0,203
13,134,77,118,0,0,203
0,68,67,73,0,0,203
0,84,93,92,0,0,203
57,232,119,136,0,0,203
4,130,135,99,457,558,203
227,363,93,145,0,0,203
435,568,61,119,0,0,203
834,861,51,94,633,744,203
745,889,110,162,0,426,203
97,247,23,98,0,0,203
0,34,49,64,524,609,203
0,36,66,114,0,0,203
0,32,107,113,238,0,203
95,199,70,70,0,0,203
423,494,114,123,600,690,203
630,617,155,120,0,523,203
0,72,167,122,379,0,203
155,259,84,84,0,0,203
308,385,86,84,236,0,203
772,578,117,95,431,603,203
369,261,157,87,585,641,203
32,156,98,100,0,0,203
0,36,68,55,0,577,204
0,52,26,87,0,0,204
2,107,175,106,181,0,204
517,345,132,88,540,680,204
83,206,38,73,0,0,204
208,291,131,173,0,0,204
54,234,58,82,0,0,204
0,83,33,78,0,0,204
0,112,109,60,0,0,204
415,397,145,107,493,640,204
533,412,150,154,717,795,204
795,567,79,104,635,718,204
0,99,19,61,0,0,205
287,403,184,208,0,556,205
209,282,120,110,297,0,205
0,64,56,80,0,0,205
0,126,38,82,0,0,205
9,167,14,103,0,0,205
152,300,106,97,0,0,205
514,371,100,108,598,680,205
244,417,135,71,0,0,206
307,400,118,109,0,571,206
3,115,208,112,406,0,206
398,442,158,80,652,728,206
555,427,196,137,581,646,206
295,466,111,138,305,502,206
441,341,54,134,390,467,206
605,693,192,177,352,532,206
874,951,139,113,613,666,206
0,78,125,110,0,424,206
320,269,174,116,429,587,206
0,60,160,60,581,606,206
460,420,74,171,381,534,206
52,134,108,65,384,531,206
0,78,86,54,0,0,206
744,618,182,114,602,663,206
380,468,61,119,387,207,206
0,102,25,50,0,0,207
74,165,113,103,549,608,207
288,401,39,136,339,619,207
149,275,108,86,586,648,207
511,361,109,78,660,742,207
140,323,130,144,464,449,207
68,255,20,78,0,0,207
979,420,122,120,688,785,207
253,339,31,59,631,738,207
13,76,143,121,605,677,207
17,146,99,128,0,0,207
61,163,156,76,535,561,207
65,138,75,62,0,0,207
178,338,78,83,0,0,207
0,34,43,68,0,0,208
489,642,90,113,564,648,208
376,514,137,195,373,535,208
249,369,114,88,550,624,208
154,140,36,62,653,761,208
281,413,86,118,0,0,208
849,688,107,65,357,644,208
414,643,140,138,0,0,208
715,402,136,116,653,709,208
358,327,84,78,131,581,208
0,86,116,131,0,0,208
0,33,37,63,0,0,208
169,202,130,86,340,416,208
856,747,113,152,607,711,208
706,606,175,227,575,664,208
535,611,83,96,615,707,208
671,594,88,120,420,625,208
716,721,78,79,469,591,209
22,112,66,126,0,0,209
6,110,57,104,0,0,209
0,59,97,63,0,0,209
0,51,13,38,0,0,209
455,496,144,146,481,582,209
0,85,30,78,0,558,209
156,241,79,92,209,387,209
0,102,22,49,0,0,209
278,197,82,92,480,597,209
9,97,206,101,0,0,210
0,37,36,61,0,0,210
38,99,124,74,518,421,210
416,354,96,66,582,681,210
24,189,76,121,0,0,210
21,126,180,98,333,544,210
0,91,51,118,0,0,210
678,464,69,119,608,722,210
0,55,25,110,0,0,210
372,349,219,121,447,0,210
6,138,57,78,253,23,210
396,292,75,104,593,681,210
0,103,77,82,0,0,210
274,390,92,81,204,562,210
0,43,83,106,0,0,210
94,207,117,141,0,0,210
37,89,51,40,0,0,211
63,262,64,64,0,0,211
272,248,110,63,0,0,211
820,685,33,135,603,714,211
0,88,24,84,0,0,211
0,71,220,100,512,511,211
526,330,40,129,666,750,211
359,386,125,139,351,531,211
247,220,41,102,0,0,211
737,599,99,81,672,758,211
50,186,132,171,576,618,211
127,225,152,118,505,596,211
438,419,100,122,0,356,212
172,178,56,96,0,0,212
28,158,51,74,313,0,212
355,344,68,67,0,278,212
198,333,129,121,611,683,212
758,660,113,80,608,680,212
841,416,123,87,716,791,212
229,281,42,59,0,0,212
186,303,135,93,0,0,212
588,656,159,113,294,494,212
367,302,113,86,0,414,212
821,668,70,136,660,771,212
165,250,106,84,0,361,212
401,484,192,146,557,668,213
181,176,129,120,392,609,213
312,246,126,76,176,0,213
0,65,93,131,579,652,213
146,296,75,85,209,0,213
0,76,100,85,314,0,213
0,73,47,73,0,0,213
225,397,99,120,0,0,213
256,292,73,114,36,514,213
656,468,68,135,621,692,213
0,130,147,124,426,0,213
816,407,85,54,593,685,213
264,235,57,113,0,0,213
966,671,113,108,574,692,213
106,246,67,90,0,0,213
52,196,64,93,0,0,214
210,284,106,88,540,561,214
0,60,49,72,492,609,214
945,765,94,126,659,740,214
89,243,69,107,334,601,214
220,392,132,128,527,591,214
562,403,36,113,605,715,214
261,304,130,82,444,517,214
277,485,24,81,0,0,215
0,67,59,74,0,0,215
361,316,103,93,644,738,215
909,698,159,129,596,697,215
197,365,144,101,0,0,215
336,512,140,159,426,486,215
352,267,133,120,311,453,215
359,421,96,100,0,0,215
36,139,53,58,0,499,215
464,592,277,140,623,665,215
524,442,112,99,561,636,215
442,410,135,130,0,413,215
821,608,209,116,573,675,215
0,66,101,85,0,0,215
0,128,78,53,0,0,215
93,223,104,81,608,674,215
393,450,115,68,543,628,215
719,527,112,93,375,380,216
103,257,66,68,0,0,216
0,43,52,90,0,282,216
634,377,110,125,561,625,216
0,67,91,104,0,0,216
0,79,148,119,580,534,216
53,122,167,112,513,504,216
0,65,19,31,0,0,216
184,311,165,135,484,532,216
643,612,102,178,660,734,216
249,238,103,85,424,581,216
247,268,158,67,544,424,216
260,299,40,93,480,577,216
106,258,59,111,499,616,216
165,276,165,127,343,27,216
0,60,45,75,0,0,216
605,471,64,111,631,758,216
0,97,98,136,0,109,216
356,483,43,90,354,457,216
69,203,186,110,497,0,216
975,478,92,99,671,733,217
209,313,84,84,498,568,217
0,59,79,109,0,0,217
154,274,66,85,0,0,217
145,191,21,98,0,0,217
0,70,43,68,0,0,217
0,87,31,113,0,0,217
0,112,52,77,0,0,217
628,589,46,93,343,565,217
340,326,59,60,434,0,217
150,189,112,114,311,0,217
66,217,58,99,0,0,217
40,112,139,115,0,0,217
764,442,192,91,719,786,217
359,395,203,118,651,700,217
0,43,97,56,272,0,218
173,336,50,114,511,612,218
0,50,47,50,0,0,218
228,322,152,119,383,0,218
68,199,70,113,0,0,218
544,650,54,120,576,640,218
0,49,34,54,0,0,218
0,53,51,96,0,0,218
417,412,121,124,0,0,218
138,302,161,151,145,0,218
53,165,65,78,0,0,218
0,51,116,95,565,546,218
95,207,57,51,0,492,218
225,387,37,119,0,0,219
270,380,127,100,581,677,219
906,948,183,122,605,665,219
101,213,139,86,398,539,219
0,64,191,110,0,0,219
65,215,58,79,0,422,219
0,30,62,63,0,0,219
890,836,138,91,640,712,219
963,843,135,105,618,674,219
0,67,104,92,0,401,219
324,368,91,130,0,551,219
943,577,123,150,666,734,219
152,276,153,90,450,452,219
0,69,58,71,0,0,219
304,450,138,123,147,0,219
93,247,171,81,488,396,219
0,39,105,91,526,499,220
26,87,102,103,565,619,220
0,103,28,84,0,0,220
494,590,113,130,448,562,220
41,122,24,59,321,519,220
237,207,118,105,524,486,220
0,101,73,69,0,0,220
0,80,31,63,0,0,220
51,173,76,66,359,0,220
75,237,148,111,327,0,220
0,44,146,99,0,0,220
0,35,35,49,321,532,221
218,327,88,75,550,657,221
0,95,110,93,540,632,221
305,457,120,133,0,0,221
74,225,30,102,0,0,221
0,24,94,72,472,596,221
0,100,154,82,576,545,221
295,341,76,72,0,481,221
495,305,159,98,440,515,221
40,213,80,89,0,0,221
327,244,19,72,603,700,221
0,111,62,116,0,490,221
22,161,134,103,0,0,221
0,93,14,59,0,0,221
889,796,90,124,675,747,221
844,567,85,112,553,628,221
0,95,32,105,0,0,222
68,235,97,119,357,0,222
196,416,113,117,0,0,222
345,452,77,94,591,665,222
39,144,131,98,570,635,222
317,238,116,96,606,680,222
414,462,15,119,541,694,222
0,91,141,125,0,0,222
0,63,77,99,0,0,222
260,377,90,117,0,0,222
78,207,61,70,273,569,222
0,53,35,64,0,0,222
0,86,119,147,429,404,222
411,274,114,89,651,718,222
58,157,29,106,535,698,222
239,256,137,117,478,527,222
116,259,89,113,0,0,222
0,81,122,108,0,0,223
731,416,82,93,616,703,223
235,269,85,72,0,0,223
0,34,116,99,539,580,223
229,228,85,94,0,74,223
34,142,139,103,0,0,223
655,439,35,64,649,736,223
425,543,136,110,538,594,223
266,271,159,104,402,603,223
0,54,100,70,232,297,223
738,549,70,143,649,744,223
498,597,153,101,550,532,223
71,185,109,72,177,165,223
0,103,123,77,0,0,224
363,264,84,104,710,777,224
110,215,106,110,394,568,224
187,292,117,98,0,0,224
158,250,117,90,0,0,224
199,281,79,75,610,715,224
89,268,50,80,0,0,224
0,83,180,86,527,0,224
242,281,92,73,0,0,224
598,374,79,105,624,715,224
319,486,162,119,522,306,224
140,281,129,98,431,0,224
0,44,122,76,521,372,225
287,332,113,159,0,439,225
710,443,93,98,588,663,225
323,427,145,96,0,0,225
414,563,131,148,431,494,225
6,131,93,87,0,0,225
0,113,16,63,0,0,225
0,55,49,45,0,0,225
110,181,16,94,601,710,225
654,398,183,87,653,692,225
58,161,71,84,0,0,225
97,249,81,101,328,472,225
241,199,174,81,571,588,225
131,281,95,165,0,0,225
13,146,98,76,299,384,225
614,574,134,204,586,684,225
835,567,128,93,638,704,226
614,398,140,72,514,558,226
95,263,31,60,0,0,226
31,124,137,112,265,0,226
402,303,77,99,434,563,226
0,81,88,91,0,0,226
0,96,89,106,564,618,226
0,20,80,64,544,613,226
202,345,108,123,0,0,226
117,276,35,104,0,0,226
0,55,75,73,0,0,226
0,106,55,42,0,0,226
108,127,93,123,480,603,226
23,102,88,67,504,546,226
330,487,80,130,0,0,226
249,383,24,117,557,672,226
322,404,102,120,540,606,226
91,191,81,93,0,0,226
156,267,61,70,0,0,226
91,222,72,66,610,678,226
0,81,15,48,0,0,226
2,113,95,104,0,0,226
223,384,89,113,498,595,226
303,393,73,135,591,683,227
217,395,164,86,466,0,227
0,46,41,53,0,0,227
182,270,112,98,577,669,227
225,345,73,105,0,0,227
68,124,70,62,0,0,227
31,178,36,59,0,186,227
0,29,56,70,0,0,227
211,345,57,111,410,474,227
801,533,75,106,624,737,227
117,271,84,127,0,0,227
284,332,63,64,0,0,227
920,652,40,94,567,703,227
556,573,163,135,608,672,227
0,66,82,90,0,0,227
178,340,83,91,554,635,227
0,105,130,134,0,486,227
26,127,82,64,0,343,227
238,424,34,76,0,0,228
214,202,111,124,515,636,228
549,377,109,73,524,548,228
391,487,63,133,313,590,228
705,526,84,81,450,541,228
546,389,110,132,678,759,228
59,204,78,76,0,0,228
6,124,97,55,233,0,228
16,133,17,60,0,0,228
517,330,158,90,0,0,228
287,346,118,91,0,0,228
0,34,64,97,0,0,228
188,210,103,54,533,590,228
64,157,22,55,0,322,229
321,330,104,80,393,388,229
0,49,66,88,0,0,229
507,499,111,113,651,724,229
309,342,65,101,0,0,229
563,562,58,87,453,651,229
555,665,102,142,0,519,229
352,406,110,128,633,689,229
827,396,108,105,0,546,229
859,488,209,106,568,646,229
126,296,53,132,0,0,229
0,55,119,133,0,0,229
286,377,156,115,352,0,229
27,160,73,108,0,0,229
507,563,147,106,614,680,230
437,457,41,87,613,682,230
67,192,76,71,0,0,230
270,383,67,167,629,716,230
13,105,126,86,0,0,230
0,80,34,81,0,0,230
406,460,111,93,351,380,230
0,103,12,76,0,0,230
676,406,105,72,600,709,230
431,402,64,150,707,798,230
70,148,56,73,0,0,230
204,375,102,166,0,0,230
0,93,134,100,0,0,230
239,218,63,76,548,663,230
0,35,52,98,0,0,230
39,163,26,55,0,0,230
203,139,167,84,650,673,230
269,296,125,127,549,639,230
328,420,174,104,0,0,230
64,167,157,74,0,0,230
0,37,136,73,579,624,230
289,398,87,101,626,684,230
0,27,97,62,470,0,230
488,481,103,92,608,704,230
0,75,89,54,0,0,231
193,234,43,87,558,667,231
131,288,27,83,0,0,231
28,161,99,102,0,0,231
342,401,217,96,605,613,231
0,34,45,117,0,0,231
111,250,127,122,0,0,231
114,246,80,122,0,0,231
0,61,56,110,0,0,231
11,123,70,90,0,0,231
0,84,121,65,0,0,231
0,63,56,68,444,586,232
0,68,204,138,380,457,232
211,279,56,113,0,0,232
461,606,180,166,411,519,232
0,75,48,87,0,0,232
87,177,132,115,525,618,232
0,76,51,75,0,0,232
0,43,19,78,0,0,233
217,351,148,107,0,0,233
114,205,106,95,0,430,233
900,698,162,156,615,708,233
183,291,134,113,434,600,233
85,201,108,84,0,0,233
388,306,154,108,559,571,233
7,153,95,154,0,0,233
328,317,147,100,603,654,233
844,386,93,83,578,679,233
81,211,114,82,292,0,233
138,330,92,133,0,0,233
0,43,89,89,0,0,233
101,230,121,111,0,0,233
38,206,80,66,0,0,233
128,225,124,94,321,0,233
0,24,190,107,429,0,233
633,682,124,109,648,731,233
4,155,108,92,0,0,233
43,201,37,116,0,0,233
39,131,123,100,506,497,233
0,97,15,100,0,0,233
61,180,155,151,459,571,233
0,67,85,80,0,0,234
216,384,120,113,395,0,234
126,271,29,57,0,333,234
39,175,44,86,0,0,234
130,239,183,166,449,613,234
97,269,101,89,407,547,234
0,27,74,96,0,0,234
593,606,110,128,606,707,234
173,252,52,66,403,554,234
41,200,40,44,0,0,234
232,244,112,79,0,0,234
832,610,125,97,528,641,234
168,187,105,109,0,578,234
454,379,105,114,680,744,234
433,451,97,136,0,0,234
39,187,87,89,0,0,234
0,80,148,116,496,653,234
650,671,144,127,622,658,234
685,438,96,113,585,658,234
417,224,135,142,580,632,234
0,84,31,83,0,0,234
253,403,136,123,465,413,234
394,478,164,116,546,587,234
237,381,144,159,0,0,235
725,627,206,161,652,701,235
233,351,231,124,581,594,235
0,29,104,66,0,0,235
0,84,162,116,0,191,235
274,351,195,131,0,378,235
0,96,13,65,0,0,235
0,34,47,64,0,0,235
749,843,228,189,577,696,235
0,98,19,46,0,0,235
0,37,79,62,352,452,235
312,502,123,93,0,0,235
687,626,96,124,627,713,235
221,326,54,73,552,651,236
0,54,58,67,0,0,236
427,474,134,89,27,349,236
224,286,71,76,0,582,236
0,75,122,84,0,0,236
862,677,113,73,647,748,236
343,420,64,139,590,666,236
99,262,39,109,0,0,236
93,224,44,77,0,0,236
456,551,145,140,503,538,236
37,176,24,79,0,454,237
45,194,175,101,487,0,237
692,392,127,84,651,729,237
157,237,109,90,0,0,237
0,127,69,82,0,0,237
0,27,48,58,0,0,237
657,712,63,106,660,752,237
431,416,119,146,0,0,237
280,411,128,148,411,496,237
0,43,102,97,0,0,237
200,297,77,107,211,486,238
0,38,103,71,0,0,238
0,117,33,77,0,608,238
555,518,87,184,559,710,238
41,105,15,55,0,512,238
276,437,121,113,463,511,238
17,108,66,98,0,0,238
0,133,147,71,348,0,238
469,643,124,132,591,661,238
156,153,112,60,570,565,238
303,477,106,96,0,0,238
488,564,105,105,581,597,238
107,232,120,84,0,0,239
337,326,151,115,582,647,239
72,176,64,84,0,0,239
112,285,93,88,0,0,239
0,93,42,40,556,633,239
751,578,108,143,558,702,239
163,282,52,80,0,0,239
76,200,59,54,0,0,239
0,85,160,119,165,502,239
0,41,76,65,0,0,239
0,65,102,101,494,630,239
482,408,88,123,586,648,239
417,525,135,118,525,626,239
0,63,48,73,0,0,239
0,48,132,78,0,0,239
399,526,131,131,571,667,239
32,151,99,120,592,638,239
214,371,73,70,431,514,240
550,629,127,116,662,731,240
62,199,128,88,336,539,240
412,193,174,120,644,706,240
392,388,130,86,591,653,240
434,509,114,84,498,634,240
262,221,106,131,472,512,240
757,462,70,119,633,723,240
542,304,104,157,602,683,240
415,199,94,92,542,613,240
247,348,133,65,681,767,240
809,580,67,98,612,714,240
0,82,76,68,498,592,241
424,451,150,115,559,662,241
687,584,155,125,687,766,241
0,81,97,72,308,0,241
84,211,53,81,0,0,241
0,44,190,88,0,0,241
228,255,51,81,0,0,241
557,495,96,123,0,0,241
0,47,64,77,0,0,241
382,377,113,96,0,540,241
0,44,120,141,183,0,241
0,84,79,55,428,512,241
1,126,54,48,0,0,242
48,174,66,167,0,0,242
0,49,35,41,0,0,242
113,235,59,71,551,607,242
130,205,113,74,520,567,242
0,105,84,71,0,0,242
350,446,58,79,0,0,242
164,236,139,141,0,0,242
261,416,120,92,589,622,242
263,253,73,87,657,747,242
187,232,34,78,0,0,242
0,34,114,64,542,594,242
121,322,15,104,0,0,242
100,249,103,126,0,0,242
833,391,120,101,565,650,243
0,38,23,69,0,0,243
0,119,31,110,0,0,243
583,384,174,81,444,595,243
0,31,28,74,0,0,243
576,509,180,86,664,695,243
355,516,131,130,523,564,243
0,109,95,84,0,0,243
517,559,96,141,505,611,243
331,435,131,125,0,293,243
188,329,104,125,606,661,243
12,126,247,110,639,679,243
416,365,131,121,590,662,243
259,375,68,79,0,0,243
17,106,47,47,0,0,243
274,262,50,98,0,0,244
39,85,85,110,443,637,244
516,655,70,77,491,630,244
701,428,112,72,660,733,244
0,67,85,80,0,0,244
0,44,69,83,0,0,244
25,190,14,106,0,0,244
959,1006,115,138,603,672,244
548,706,148,147,465,606,244
258,354,132,119,301,232,244
84,200,59,83,0,0,244
57,210,71,94,0,0,244
0,64,72,71,353,0,244
52,162,82,66,0,0,244
416,469,46,125,504,527,244
0,31,144,120,627,670,245
855,395,102,78,708,781,245
331,492,77,91,504,635,245
52,101,129,108,0,0,245
0,81,69,70,236,409,245
142,178,109,99,308,0,245
332,460,105,120,585,670,245
0,104,70,136,0,0,245
0,81,122,120,0,0,245
286,249,126,99,394,468,246
0,42,129,99,487,311,246
133,184,55,90,0,0,246
0,98,96,65,0,0,246
357,414,119,118,575,648,246
46,161,134,111,584,640,246
154,313,21,74,510,618,246
163,353,58,93,0,0,246
708,698,114,113,278,421,246
151,325,73,106,396,554,246
778,716,88,104,496,662,246
279,424,126,67,387,0,246
219,324,57,84,489,634,246
0,118,41,59,0,0,247
313,387,98,101,628,678,247
0,124,28,74,0,0,247
144,225,110,60,599,691,247
207,280,91,87,0,0,247
324,358,95,115,0,0,247
69,167,111,112,198,447,247
586,546,139,126,486,557,247
315,392,120,112,0,0,247
267,210,78,89,549,622,247
197,253,101,66,0,0,247
278,268,121,85,0,0,247
112,154,174,133,416,518,247
0,85,35,102,0,0,247
0,88,90,60,287,0,247
34,205,43,127,0,0,247
27,150,143,97,567,631,247
0,68,40,63,0,294,247
0,92,42,81,0,0,247
489,361,105,62,646,717,247
852,719,114,126,725,803,248
0,65,39,69,0,0,248
159,282,148,127,0,385,248
55,198,55,50,485,564,248
387,432,89,111,553,679,248
0,76,37,129,0,0,248
0,73,65,93,0,0,248
198,366,124,71,353,302,248
150,324,71,119,0,220,248
254,236,59,93,594,691,248
0,57,61,61,0,0,249
40,141,59,43,435,623,249
125,267,54,95,0,0,249
282,398,22,85,370,593,249
136,262,77,124,0,0,249
841,609,68,96,674,742,249
710,849,116,143,295,399,249
108,212,28,56,0,0,249
0,54,90,138,529,637,249
7,157,30,57,0,0,249
833,757,128,148,622,694,249
308,355,94,125,310,585,249
846,737,100,133,576,672,249
878,629,65,115,522,654,249
539,579,192,153,618,739,249
0,49,121,74,580,638,250
263,252,104,109,0,0,250
673,758,194,115,602,670,250
798,443,92,92,672,768,250
0,25,40,43,0,0,250
0,70,49,53,0,0,250
544,596,170,179,368,344,250
95,218,72,139,0,0,250
71,142,109,82,0,0,250
0,96,97,122,0,0,250
30,171,155,125,0,0,251
473,543,88,128,572,654,251
0,94,75,55,469,546,251
119,278,102,96,0,0,251
678,448,39,89,604,732,251
153,229,77,91,0,0,251
170,332,85,90,0,0,251
24,155,151,91,484,0,251
0,43,94,61,423,0,251
372,348,136,98,506,479,251
608,736,84,136,577,659,251
925,816,45,100,663,756,251
194,317,142,140,435,333,251
43,182,117,78,584,649,251
260,468,33,46,0,0,251
0,111,18,57,0,0,251
0,115,110,115,0,0,251
122,246,112,75,382,0,251
0,56,60,64,329,566,251
199,179,84,94,540,666,251
0,29,188,101,622,667,251
45,164,102,71,255,576,251
0,32,19,96,0,0,251
76,221,28,67,0,0,252
77,211,45,91,551,629,252
12,145,154,91,0,0,252
520,381,97,112,564,623,252
263,292,123,96,503,611,252
0,48,33,56,0,0,252
794,573,87,93,616,700,252
0,26,25,29,0,0,252
475,542,66,116,540,640,252
0,26,31,65,0,0,252
63,202,104,63,516,565,252
76,137,89,55,185,561,252
889,534,137,89,644,712,252
36,164,65,72,520,621,252
459,347,60,77,479,612,252
80,199,84,85,180,0,252
46,155,199,67,477,412,252
651,589,139,120,147,466,252
44,159,45,87,0,0,253
27,183,105,131,0,0,253
467,544,94,113,0,453,253
737,776,100,194,371,532,253
0,100,24,68,0,0,253
495,481,149,157,624,694,253
647,541,138,150,583,665,253
242,399,89,80,0,0,253
0,81,107,114,645,708,253
623,653,144,152,597,662,253
0,27,40,73,0,0,253
197,289,149,90,154,0,253
38,156,65,69,0,0,253
540,458,136,178,654,729,253
13,139,53,120,0,0,253
0,121,139,101,162,0,253
294,467,88,82,0,0,253
0,58,111,71,392,275,253
88,229,84,129,482,580,254
8,125,48,105,0,0,254
136,187,131,157,0,0,254
667,547,107,128,553,635,254
0,32,32,66,0,0,254
8,146,14,64,0,0,254
33,189,57,65,0,0,254
0,38,47,60,0,0,254
462,465,130,131,485,597,254
350,372,113,101,587,672,254
304,433,45,122,466,646,254
625,656,122,153,615,658,254
15,172,23,40,0,0,255
70,223,46,94,0,0,255
45,179,100,95,0,480,255
30,91,55,101,0,0,255
0,53,74,71,370,0,255
213,252,89,87,233,438,255
267,309,127,94,434,453,255
0,85,20,62,0,0,255
519,494,76,85,589,694,255
33,179,13,66,0,0,255
0,79,124,123,370,0,255
738,382,95,113,0,471,255
575,665,120,184,534,639,255
84,232,31,80,0,0,255
21,157,48,114,489,543,255
200,326,135,113,0,0,255
797,495,130,81,551,652,255
19,156,72,83,0,0,255
630,483,43,82,584,713,256
62,206,94,76,0,0,256
511,514,53,141,344,621,256
0,70,133,112,0,0,256
151,255,83,139,400,561,256
143,304,94,107,0,0,256
95,222,176,109,468,317,256
0,110,28,52,351,519,256
7,154,44,84,0,0,256
187,280,141,98,0,0,256
245,362,141,115,0,428,256
0,65,88,90,452,401,257
15,144,29,77,0,468,257
139,305,43,108,0,477,257
565,377,124,87,511,658,257
298,428,50,171,281,517,257
952,580,123,97,704,776,257
53,168,114,99,0,0,257
128,260,150,125,486,266,257
0,38,108,92,0,0,257
132,298,26,105,0,0,258
273,310,129,156,491,565,258
0,72,98,100,527,580,258
419,367,114,91,603,699,258
98,227,145,126,506,569,258
0,94,86,142,0,0,258
362,273,162,99,545,636,258
47,158,71,98,599,688,258
0,81,54,72,315,528,258
317,442,68,93,566,676,258
77,242,119,61,0,0,258
0,116,50,71,0,0,258
141,298,151,128,0,0,258
80,187,39,94,0,0,258
84,167,74,61,473,511,258
0,51,74,82,409,558,258
158,164,100,62,378,0,258
342,535,104,135,0,0,258
106,258,183,130,588,638,259
565,663,73,120,492,624,259
277,397,109,135,516,563,259
345,391,99,75,0,0,259
70,224,166,106,467,495,259
297,317,112,91,0,509,259
645,479,171,113,420,591,259
227,274,101,64,0,355,259
913,1006,105,167,464,627,259
0,120,106,117,0,0,259
117,248,23,58,0,0,259
94,208,82,128,0,0,259
394,342,63,137,532,649,259
214,212,157,83,485,479,259
0,64,172,111,589,588,259
21,106,195,86,473,191,259
0,72,64,88,329,527,259
348,313,179,113,454,406,259
134,275,148,109,0,0,259
0,38,56,79,0,0,260
119,255,195,84,187,0,260
686,614,60,144,553,673,260
242,450,40,83,0,0,260
33,129,23,36,0,559,260
427,554,135,133,576,602,260
142,259,80,94,283,498,260
390,514,148,98,192,0,260
46,136,44,65,0,614,260
142,323,74,96,0,0,260
817,560,189,165,663,732,260
248,213,113,134,442,503,260
511,443,141,140,609,710,260
0,72,51,93,0,0,260
321,385,83,132,459,644,260
320,334,144,116,595,687,260
82,251,76,85,0,0,261
512,510,150,134,668,702,261
562,452,114,108,658,705,261
217,264,56,68,547,631,261
299,335,98,91,0,0,261
932,812,146,108,554,632,261
418,606,78,168,561,675,261
828,449,101,114,718,801,261
0,106,17,42,0,0,261
859,691,127,143,724,807,261
49,217,69,145,0,0,261
122,262,123,79,0,0,261
416,509,140,156,600,659,261
0,21,149,74,381,73,261
0,59,88,51,0,0,261
226,246,79,63,0,0,261
309,382,107,100,642,711,261
379,335,117,96,595,648,261
0,27,98,68,155,0,261
0,39,89,84,0,0,262
0,48,106,102,157,140,262
864,728,175,128,586,680,262
213,360,116,87,0,0,262
562,395,147,125,614,660,262
114,200,85,145,569,680,262
808,604,153,86,571,597,262
11,118,85,88,589,654,262
374,549,150,102,523,573,262
0,42,45,56,0,0,262
54,151,69,71,440,351,262
836,550,147,133,646,738,262
245,235,126,91,553,636,263
0,36,108,124,0,0,263
0,70,93,136,0,0,263
54,186,38,67,0,0,263
371,369,91,115,0,536,263
448,455,85,68,636,746,263
771,486,159,87,551,619,263
183,291,82,122,506,585,263
381,487,136,81,601,651,263
595,533,95,142,539,676,263
253,396,108,166,361,463,263
36,194,35,61,0,0,263
0,108,88,120,0,0,263
501,621,106,142,0,560,263
161,311,54,74,0,0,263
244,386,52,79,0,351,264
404,486,75,129,588,649,264
17,96,111,77,497,524,264
214,217,119,72,0,0,264
38,155,60,70,0,492,264
0,67,121,97,493,568,264
928,551,88,71,596,696,264
132,225,178,111,427,293,264
64,174,103,93,484,500,264
0,41,65,68,0,0,264
20,109,70,73,0,0,264
96,195,84,123,0,0,264
0,63,52,78,0,0,264
819,735,111,109,579,700,264
307,435,116,103,0,0,265
0,72,15,43,0,0,265
639,593,160,135,550,629,265
281,406,81,121,356,553,265
315,382,98,138,0,0,265
321,401,89,153,593,664,265
0,101,50,98,0,0,265
0,70,179,130,524,604,265
235,349,66,86,0,330,265
276,403,114,111,430,520,265
314,410,112,114,572,644,265
700,694,55,133,679,768,265
416,376,181,88,528,599,265
669,730,186,134,542,557,265
689,740,113,133,371,504,265
0,107,55,82,0,0,265
30,178,78,92,0,0,265
0,48,54,60,0,0,265
133,207,125,81,580,669,265
0,44,46,57,0,0,265
520,652,112,125,213,0,265
103,229,95,81,0,0,265
124,305,62,55,447,487,265
33,141,56,83,238,0,265
219,282,105,98,617,692,265
363,417,104,123,643,708,265
0,112,77,94,579,633,266
27,155,66,61,0,334,266
861,801,109,153,518,647,266
572,558,112,143,522,634,266
564,505,133,120,559,654,266
622,633,55,90,576,678,266
103,273,16,106,0,0,266
0,100,86,96,0,0,266
819,728,91,169,643,735,266
0,46,87,113,455,449,266
423,532,155,126,565,615,266
377,505,77,124,450,545,267
789,346,247,136,713,795,267
0,62,44,95,0,0,267
0,50,86,41,0,0,267
548,525,157,117,464,601,267
382,441,75,99,0,0,267
0,43,112,80,573,680,267
648,740,105,129,591,689,267
117,229,95,153,0,0,267
17,147,23,81,0,0,267
352,411,53,98,0,0,267
504,519,153,126,637,691,267
10,109,64,92,0,0,267
228,342,54,92,436,0,267
584,344,111,51,537,630,267
279,282,131,80,618,665,267
302,410,119,155,582,640,267
877,727,178,114,648,728,267
426,346,174,139,523,636,268
48,160,72,121,0,0,268
0,37,55,107,0,0,268
51,183,19,49,326,566,268
701,536,144,101,689,770,268
210,254,69,100,542,634,268
104,278,33,110,0,311,268
104,195,73,104,451,609,268
545,554,108,161,562,698,268
0,50,41,102,0,0,268
54,179,43,77,0,626,268
101,191,148,132,537,489,268
14,142,75,94,0,0,268
525,522,168,102,570,622,268
166,198,157,94,549,549,269
963,770,84,116,653,735,269
0,43,61,68,0,0,269
96,212,71,88,0,522,269
592,637,147,147,289,511,269
46,176,28,68,325,519,269
732,906,115,101,0,349,269
109,241,85,104,455,356,269
471,356,178,130,633,706,269
0,96,38,135,0,0,269
89,159,171,92,0,0,269
337,367,166,108,560,586,269
0,39,77,60,0,0,270
370,378,187,98,627,656,270
0,58,90,51,518,607,270
0,28,41,84,0,0,270
144,214,160,74,393,0,270
145,322,142,125,0,0,270
507,484,70,125,600,693,270
147,226,168,116,585,618,270
0,54,101,69,0,0,270
279,275,125,119,0,521,270
116,295,88,108,426,452,270
345,468,59,128,542,678,270
496,389,86,121,694,770,270
0,52,66,88,0,0,270
384,314,122,136,549,660,270
576,601,196,116,538,604,270
0,67,58,90,0,0,270
140,294,87,132,0,0,270
361,461,123,140,0,0,270
501,212,129,69,712,789,270
544,487,188,114,471,531,271
0,29,23,83,0,0,271
11,137,113,90,0,0,271
247,252,86,91,0,0,271
75,124,193,67,635,690,271
767,524,151,147,654,729,271
0,59,74,51,0,0,271
710,511,92,77,659,746,271
246,349,129,99,358,0,271
0,51,15,68,0,0,271
169,314,109,92,552,647,271
299,354,109,137,433,487,271
179,179,77,67,385,184,271
0,53,63,72,0,0,271
0,60,66,72,0,0,271
970,630,262,71,657,712,271
416,435,102,139,602,692,271
78,184,80,95,0,0,271
216,355,71,61,492,441,272
651,401,168,118,697,745,272
0,87,74,81,0,485,272
763,526,141,133,616,678,272
37,147,183,80,568,582,272
367,459,113,98,557,641,272
517,611,96,184,449,531,272
0,48,54,58,355,528,272
417,419,89,112,506,590,272
0,54,43,50,0,0,272
615,483,129,100,561,637,272
711,480,119,121,618,666,272
229,382,73,105,425,479,272
0,43,99,102,0,0,272
84,209,227,190,407,548,272
328,410,204,153,666,758,272
299,203,74,90,582,693,272
448,547,210,149,516,609,272
182,264,105,106,0,0,272
175,289,85,102,637,717,273
319,386,137,121,598,669,273
0,91,99,78,443,560,273
82,225,59,126,0,287,273
169,303,136,169,0,0,273
0,116,20,86,0,0,273
380,419,88,106,561,635,273
691,452,129,97,588,631,273
62,175,119,76,372,586,273
22,131,25,71,0,0,273
0,66,125,86,543,608,273
0,106,161,114,465,488,273
466,339,64,146,524,631,273
173,149,123,66,484,512,273
40,177,35,65,0,0,273
165,307,125,148,0,269,273
405,532,90,138,0,428,274
0,80,58,87,0,0,274
21,109,78,77,0,0,274
442,260,219,88,583,671,274
74,177,126,80,371,0,274
0,114,93,84,499,584,274
383,522,113,111,549,654,274
107,167,98,74,461,549,274
145,315,17,99,0,0,274
64,132,138,110,0,0,274
157,255,110,82,621,689,274
401,340,104,122,540,695,274
188,331,62,67,0,0,274
48,97,46,57,0,430,275
510,558,96,142,547,653,275
60,184,70,152,0,0,275
0,25,87,126,0,0,275
256,243,86,123,343,409,275
269,245,42,60,0,0,275
464,463,221,97,571,693,275
15,170,49,79,0,0,275
128,219,147,75,525,534,275
359,354,172,141,448,424,275
350,438,161,121,549,596,275
831,657,139,128,597,700,275
1,134,37,114,0,0,276
302,468,108,124,0,0,276
9,156,79,82,0,0,276
0,63,163,90,460,418,276
309,407,123,110,592,660,276
407,351,140,140,181,510,276
0,100,46,84,0,0,276
130,138,69,84,0,566,276
237,252,108,121,0,0,276
498,526,96,93,662,741,276
745,809,87,137,600,696,276
760,644,122,108,685,763,276
285,357,147,167,0,0,276
0,56,60,58,0,0,276
233,299,198,143,501,437,276
0,74,86,91,487,581,276
281,346,187,123,413,566,276
316,476,79,148,0,0,276
457,600,145,110,217,568,276
0,86,19,43,0,0,277
3,123,76,125,0,467,277
59,141,82,83,553,666,277
704,478,184,87,658,701,277
196,281,131,71,603,688,277
0,24,20,70,0,0,277
0,71,112,95,0,0,277
0,34,91,60,505,506,277
627,395,124,130,683,763,277
710,578,98,104,624,714,277
97,228,67,116,0,0,277
205,350,130,145,500,547,277
468,317,152,126,649,712,278
49,163,95,64,0,0,278
383,358,195,97,609,655,278
0,76,95,102,0,0,278
764,821,84,69,645,728,278
428,457,35,101,489,646,278
172,293,19,85,0,454,278
0,48,16,92,0,0,278
195,285,88,90,0,0,278
8,157,91,112,0,0,278
813,625,54,82,574,680,278
71,174,180,134,540,542,278
963,528,78,117,670,753,278
82,204,195,139,611,646,278
525,608,73,77,667,735,278
353,353,131,140,556,622,278
378,305,88,93,626,718,278
320,468,121,174,555,661,278
0,79,68,75,0,0,279
43,112,124,113,428,542,279
1,139,67,116,0,0,279
624,411,82,53,659,752,279
302,189,73,86,642,708,279
121,176,118,86,0,0,279
167,327,109,119,0,0,279
520,634,70,128,0,0,279
0,74,16,73,0,0,279
0,43,41,71,262,0,279
289,365,139,150,415,500,279
0,123,82,89,355,387,279
53,160,28,80,0,0,279
630,505,102,53,571,623,279
145,200,94,95,510,572,280
0,63,121,74,0,0,280
29,150,46,66,172,435,280
28,131,48,94,0,0,280
0,35,123,108,0,0,280
0,107,36,44,0,0,280
0,31,123,68,539,568,280
870,537,134,125,677,742,280
869,569,216,92,648,699,280
755,732,109,128,346,658,280
0,97,47,54,0,0,280
636,620,116,129,548,612,280
56,169,137,86,521,519,280
75,139,48,86,0,0,280
851,883,75,104,0,484,280
389,481,70,79,0,0,280
156,342,121,107,0,0,280
0,91,25,86,0,391,280
707,403,142,102,587,656,280
400,370,157,157,631,695,280
284,435,50,90,0,0,280
218,383,52,161,0,591,280
0,36,68,54,0,0,280
207,326,112,176,0,0,280
619,602,127,72,661,729,281
719,580,177,87,661,759,281
44,182,40,79,0,0,281
138,275,125,107,590,648,281
475,268,29,117,594,694,281
156,163,139,156,629,691,281
118,225,119,107,623,614,281
251,262,146,57,418,550,281
0,35,130,85,0,0,281
451,360,127,163,223,563,281
12,141,45,120,0,0,281
4,126,162,185,0,0,281
0,59,30,65,0,0,281
103,233,37,55,0,0,281
437,543,94,132,0,573,281
855,611,139,163,612,677,281
309,304,137,90,627,720,281
56,133,82,149,0,0,282
165,305,77,95,444,574,282
174,325,62,125,0,0,282
215,283,107,124,0,0,282
275,417,186,109,515,563,282
86,155,62,55,0,0,282
0,46,104,73,392,0,282
267,428,86,125,0,0,282
60,191,151,165,0,0,282
43,176,197,99,533,530,282
329,288,88,85,592,620,282
457,491,90,92,641,721,282
440,352,80,109,586,706,283
87,186,163,180,601,672,283
10,109,150,126,0,0,283
464,629,60,137,0,0,283
81,165,78,87,0,0,283
0,115,88,62,482,451,283
0,34,49,76,384,550,283
0,50,26,83,0,0,283
0,84,128,93,0,0,283
308,300,96,90,435,477,283
126,202,87,94,537,643,283
0,50,19,93,0,0,283
60,206,134,86,519,368,283
407,528,85,145,574,603,283
576,604,137,152,557,602,283
30,141,116,71,483,592,283
51,215,36,95,0,0,283
359,211,151,84,549,590,284
200,241,177,83,575,609,284
26,85,72,116,0,0,284
172,256,89,102,497,676,284
170,329,95,167,0,0,284
224,357,55,96,541,622,284
0,51,81,102,0,0,284
310,282,127,82,470,512,284
0,127,99,88,0,0,284
0,128,141,102,0,0,284
0,65,26,80,0,0,284
228,269,104,84,551,666,284
287,344,138,154,606,675,284
109,256,131,84,452,396,284
467,397,125,134,579,636,284
132,180,93,85,497,537,284
322,391,85,100,510,526,284
689,353,104,135,435,585,284
0,53,35,106,0,0,284
59,173,66,134,0,0,284
0,36,33,89,0,0,284
0,86,77,105,0,0,284
561,455,177,169,615,673,285
794,925,34,166,580,692,285
0,84,45,57,0,0,285
0,46,89,121,0,0,285
145,225,39,89,187,563,285
24,149,78,87,0,0,285
129,219,93,72,555,630,285
0,92,65,101,0,0,285
25,98,132,119,460,584,285
0,110,93,128,0,0,285
212,411,56,161,0,0,285
335,379,115,125,0,399,285
167,218,134,116,581,646,285
0,107,81,118,0,0,285
227,412,23,111,0,0,285
564,391,71,76,594,695,285
556,286,166,68,460,465,285
643,379,72,109,584,670,285
0,37,54,82,0,0,285
424,373,69,67,453,599,286
0,39,45,77,0,0,286
0,57,147,87,0,0,286
341,241,135,152,499,656,286
6,138,127,111,347,314,286
590,542,106,100,626,712,286
84,173,112,119,0,0,286
0,65,47,90,0,549,286
250,392,92,159,0,0,286
784,552,174,77,648,717,286
0,28,77,101,0,406,286
702,709,51,97,633,707,286
976,702,63,85,662,745,286
12,150,28,39,0,0,286
332,459,153,69,511,421,286
0,93,107,65,18,159,286
0,30,54,117,0,0,286
0,87,39,45,0,0,286
0,55,131,86,574,617,286
524,550,36,136,515,636,286
35,150,135,81,471,612,286
769,437,129,117,0,0,286
696,592,73,140,510,619,286
190,313,85,75,0,58,286
207,297,86,134,588,627,286
200,311,82,84,479,530,286
623,447,134,100,174,0,286
145,149,117,144,0,0,287
471,449,94,111,612,708,287
0,79,194,105,476,489,287
193,365,77,122,0,0,287
0,82,79,72,0,0,287
83,149,61,74,0,0,287
196,245,153,140,575,637,287
220,363,76,74,0,0,287
143,293,110,135,0,0,287
175,262,91,86,0,0,287
116,180,105,104,526,633,287
45,199,21,57,0,0,287
22,146,21,113,0,557,287
0,27,56,62,0,0,287
423,303,114,122,409,578,287
0,39,47,67,0,0,287
308,316,125,122,538,648,287
621,531,153,73,493,504,287
641,290,135,104,640,735,288
78,115,148,71,557,683,288
78,232,72,99,0,0,288
0,130,86,87,0,0,288
0,64,53,70,0,0,288
0,60,68,92,306,0,288
280,378,101,108,351,0,288
42,214,82,115,0,0,288
98,155,182,79,481,0,288
843,684,142,115,651,746,288
47,154,60,78,507,649,288
557,449,134,113,571,623,288
274,258,111,73,0,419,288
0,38,114,83,0,0,288
307,410,162,115,576,664,288
19,102,123,138,287,398,288
686,804,178,153,576,638,288
97,187,59,56,275,366,288
101,188,139,104,552,597,288
381,536,28,85,0,0,288
383,319,146,126,581,681,288
0,55,96,110,0,0,288
332,392,76,55,546,681,289
221,292,93,117,509,589,289
0,25,122,127,0,430,289
0,107,48,61,0,0,289
979,686,86,81,644,734,289
160,150,50,92,0,0,289
0,117,66,60,0,399,289
250,376,47,114,0,197,289
41,156,164,96,0,0,289
0,95,63,114,0,0,289
72,194,142,121,463,564,289
83,167,115,108,0,0,289
0,55,23,58,0,0,289
363,213,165,113,521,548,289
387,263,157,74,568,623,289
23,114,64,72,480,573,289
941,494,140,99,494,676,289
14,126,119,107,423,416,289
22,145,67,97,338,462,289
379,508,129,146,348,0,289
0,76,72,51,0,0,289
78,217,149,74,467,514,289
688,425,23,103,563,707,290
45,173,50,76,0,0,290
735,814,144,155,645,706,290
76,203,79,56,0,326,290
320,373,208,124,607,643,290
0,66,95,104,329,424,290
0,55,24,33,0,0,290
321,460,54,159,588,648,290
0,73,153,101,512,524,290
238,263,116,80,639,731,290
176,195,143,106,261,347,290
549,536,111,181,510,622,291
505,587,167,147,493,595,291
220,195,102,76,447,508,291
253,403,18,119,0,0,291
0,35,105,89,374,0,291
15,147,82,91,0,0,291
0,57,51,88,417,571,291
629,541,92,118,523,593,291
70,185,128,105,500,600,291
16,154,89,111,510,577,291
456,534,166,108,345,460,291
558,448,57,110,466,644,291
768,504,76,147,540,631,292
95,179,171,122,502,0,292
0,94,65,88,0,0,292
0,119,117,82,0,0,292
296,345,96,111,0,0,292
0,96,73,77,343,552,292
0,45,59,64,542,618,292
705,430,167,177,229,568,292
239,305,148,106,536,618,292
20,91,69,82,242,392,292
0,73,28,41,0,0,292
0,85,79,91,513,616,292
614,591,82,117,552,668,293
421,288,99,90,539,643,293
0,51,69,47,0,0,293
107,302,41,82,0,0,293
251,374,102,113,449,512,293
571,716,116,159,632,701,293
138,330,55,106,0,0,293
124,242,52,105,498,588,293
109,177,98,57,0,0,293
0,117,20,45,0,0,293
165,254,141,101,571,611,293
149,255,82,62,229,374,293
511,559,92,107,619,713,293
547,421,187,115,604,658,293
952,556,133,64,704,788,293
136,246,68,62,78,0,293
72,241,33,79,0,0,294
835,389,152,92,529,680,294
0,44,99,106,300,0,294
0,23,52,49,537,688,294
32,184,42,131,0,0,294
99,202,61,89,216,0,294
937,402,54,107,674,763,294
144,227,135,74,585,625,295
182,305,167,110,551,582,295
218,340,94,88,625,709,295
98,146,54,51,0,0,295
150,215,93,73,577,651,295
955,853,136,143,703,762,295
156,261,72,65,621,690,295
92,219,119,142,564,560,295
162,219,82,78,533,616,295
269,272,114,121,576,624,295
704,857,63,87,546,657,295
382,526,45,126,0,0,295
119,198,57,98,0,0,295
287,271,130,135,550,655,295
57,183,90,82,0,0,295
23,175,17,109,0,0,295
283,397,91,76,378,0,295
382,383,83,149,620,733,295
207,346,79,101,459,579,295
530,475,71,144,633,729,295
0,29,67,59,0,0,296
958,527,183,150,645,723,296
57,181,61,108,384,0,296
420,393,162,104,622,692,296
0,56,78,76,0,503,296
0,62,56,45,385,534,296
46,180,62,137,0,0,296
624,494,188,125,676,736,296
151,253,40,80,0,0,296
581,356,190,203,649,701,296
51,183,138,60,506,318,296
0,80,52,61,0,463,296
551,584,129,172,575,650,296
71,170,136,119,0,0,297
0,35,34,80,0,0,297
0,61,71,43,0,0,297
168,301,175,114,597,630,297
107,249,67,151,0,0,297
690,591,65,81,499,659,297
584,519,127,109,573,672,297
62,196,55,85,0,0,297
137,303,54,71,196,341,297
468,584,74,149,554,643,297
0,140,58,116,520,584,297
166,237,155,98,522,580,297
82,207,87,84,0,0,297
260,349,104,167,0,0,297
61,153,93,97,0,181,298
0,49,82,131,0,0,298
107,237,176,88,499,553,298
176,337,117,125,0,0,298
183,326,108,77,542,582,298
320,402,164,100,387,0,298
0,39,18,62,0,0,298
0,28,114,58,0,0,298
0,81,72,95,0,0,298
51,171,88,69,473,531,298
0,53,100,76,92,393,298
482,337,154,86,506,525,299
367,507,114,152,599,680,299
165,322,69,139,0,0,299
689,382,91,76,707,792,299
0,90,95,63,0,21,299
104,176,125,113,466,452,299
0,64,76,69,0,0,299
754,604,121,105,545,643,299
200,196,107,87,628,707,299
430,335,90,124,503,671,299
136,248,187,87,568,587,299
0,92,30,117,0,0,299
173,190,148,81,0,0,299
0,26,133,64,358,0,299
26,89,98,84,0,0,300
575,540,54,74,0,0,300
59,203,137,97,333,0,300
576,477,43,104,476,621,300
54,95,119,77,523,606,300
15,158,48,115,0,0,300
458,457,111,111,618,690,300
376,541,72,115,0,0,300
283,240,34,62,0,364,300
0,65,49,53,416,0,300
454,324,36,72,622,726,300
455,345,176,103,595,659,300
55,184,60,65,417,483,300
0,65,120,108,420,390,300
0,28,176,122,563,583,301
234,360,127,129,0,0,301
486,422,155,109,0,0,301
0,131,24,39,0,0,301
480,432,128,81,0,0,301
180,259,44,64,0,561,301
409,338,67,101,0,0,301
672,464,118,143,646,708,301
0,44,63,67,0,0,301
553,327,159,84,681,750,301
290,379,73,76,496,591,301
2,122,21,57,0,0,302
35,179,60,73,0,0,302
24,170,21,82,0,0,302
790,389,113,111,682,754,302
919,546,60,140,656,741,302
612,456,162,94,655,720,302
114,258,201,96,345,0,302
125,200,46,97,0,211,302
0,39,138,122,441,0,302
80,215,92,159,265,0,302
224,234,50,66,196,494,302
62,203,80,98,0,0,302
512,380,155,106,595,646,302
0,38,148,54,524,449,302
0,80,56,60,0,0,302
0,75,97,116,0,0,302
61,216,126,146,0,0,302
0,101,78,85,0,0,302
0,30,17,73,0,0,302
421,629,109,125,0,0,302
0,47,29,76,0,0,302
0,35,116,83,538,467,303
7,95,133,61,400,0,303
159,201,32,74,140,0,303
0,88,35,102,0,0,303
316,380,78,98,511,613,303
72,203,89,90,0,0,303
135,280,179,162,512,585,303
0,87,81,102,0,0,303
707,527,130,121,548,600,303
15,104,146,86,618,665,303
266,226,81,29,605,651,303
964,547,158,128,698,784,303
0,66,127,80,378,0,304
562,352,52,156,636,721,304
400,417,131,108,671,750,304
837,915,77,99,585,688,304
110,251,86,119,0,404,304
0,87,34,47,0,0,304
43,182,27,70,0,0,304
0,34,13,41,0,0,304
112,250,102,89,0,0,304
369,343,87,61,0,0,304
87,197,37,115,0,0,304
797,774,128,153,635,713,304
139,288,56,70,446,518,304
498,659,67,88,558,609,304
0,65,44,66,0,0,304
749,640,184,109,651,725,304
200,251,145,127,393,0,304
808,592,131,94,717,781,305
398,422,161,84,531,618,305
14,114,23,97,0,0,305
62,226,82,132,0,0,305
116,214,111,96,0,0,305
64,217,33,103,0,0,305
1,137,82,104,0,0,305
0,39,107,124,0,0,305
252,366,53,88,532,647,305
0,94,32,62,0,0,305
528,522,191,139,618,636,305
401,292,191,98,524,568,305
4,120,16,57,0,450,305
0,62,32,60,0,0,305
0,91,132,113,0,0,305
0,39,97,159,520,566,305
435,327,132,67,528,569,305
836,734,58,114,421,606,305
122,183,133,120,600,668,305
72,167,60,118,0,0,305
386,456,78,107,540,637,305
251,267,188,163,537,603,305
331,315,99,120,0,0,305
56,216,44,103,0,0,306
582,599,124,108,612,707,306
0,45,125,73,0,0,306
156,327,200,142,481,0,306
120,212,96,96,25,0,306
238,396,66,106,306,450,306
271,215,77,57,0,0,306
467,462,31,104,665,766,306
546,543,87,139,595,659,306
617,644,160,123,645,711,306
91,231,22,77,0,0,306
111,170,56,112,418,429,306
0,44,52,47,0,0,306
0,123,74,77,429,633,307
0,73,98,111,428,395,307
94,227,227,150,561,557,307
3,108,48,66,0,0,307
339,476,56,146,0,513,307
0,33,13,22,0,0,307
114,241,48,115,0,0,307
105,231,56,106,447,553,307
136,276,152,81,470,452,307
880,957,129,187,588,722,307
16,127,85,102,0,0,307
0,32,61,105,0,0,307
47,180,84,80,0,0,307
0,92,109,94,0,0,307
450,401,149,99,548,620,307
18,159,72,52,0,0,307
184,341,113,151,0,0,307
224,254,50,80,300,561,307
0,35,33,113,0,0,307
152,283,116,87,0,0,307
942,653,73,107,619,731,307
4,151,63,85,286,543,307
0,107,53,83,0,0,308
0,76,48,74,0,469,308
338,440,139,178,636,714,308
156,315,157,115,545,583,308
549,609,92,98,113,265,308
0,41,58,60,0,0,308
58,189,117,73,474,0,308
9,143,21,93,0,0,308
111,217,131,82,0,0,308
72,224,90,113,530,562,308
214,328,107,72,0,0,308
193,321,103,62,518,474,308
479,522,74,99,533,636,308
0,93,43,87,0,0,308
752,617,80,83,690,783,308
70,125,162,129,0,0,308
226,352,165,137,414,250,308
207,271,134,110,589,700,308
728,461,104,106,536,629,308
0,29,96,72,0,0,308
70,178,115,99,0,0,308
24,118,73,78,0,0,309
0,31,70,81,0,0,309
637,397,127,103,616,691,309
263,337,73,60,595,699,309
242,282,132,134,484,551,309
97,235,96,109,218,0,309
47,168,56,54,0,0,309
0,27,80,73,489,498,309
327,406,152,105,654,694,309
399,224,132,98,586,617,309
0,78,13,48,0,0,309
373,525,135,105,600,665,309
74,217,86,107,615,695,309
675,687,123,126,574,634,309
290,361,69,61,503,530,309
0,52,55,87,0,0,309
815,534,119,134,693,768,309
159,254,138,103,550,536,309
41,164,100,143,0,0,310
185,241,89,72,279,517,310
101,268,156,152,381,0,310
71,202,74,53,0,0,310
353,512,102,95,0,0,310
777,667,208,147,703,767,310
36,128,115,75,385,386,310
11,121,21,72,0,0,310
170,275,112,119,550,596,310
307,314,172,109,609,640,310
0,70,54,56,0,0,310
143,178,99,128,0,0,310
778,382,99,133,641,703,310
15,129,79,60,548,547,311
5,139,70,91,0,0,311
101,201,47,66,0,0,311
433,355,105,156,620,694,311
14,156,114,82,0,0,311
14,151,95,114,312,0,311
55,131,168,104,333,0,311
0,99,50,96,0,0,311
503,584,162,179,612,678,311
757,467,68,81,644,746,311
204,297,55,104,501,563,311
175,181,169,136,364,542,311
0,60,22,66,0,0,311
387,395,233,93,625,656,311
21,177,63,62,0,0,311
0,66,30,88,0,0,311
92,184,131,114,556,634,312
779,742,114,137,674,760,312
292,241,125,85,0,0,312
44,161,120,90,0,0,312
401,216,179,152,601,683,312
548,410,98,123,709,786,312
414,340,140,112,712,768,312
0,69,103,104,0,0,312
598,303,52,96,709,790,312
168,285,115,110,460,426,312
0,46,55,70,0,0,312
0,68,107,78,0,0,312
444,352,111,49,536,614,313
720,653,186,149,611,675,313
808,811,125,111,651,724,313
218,279,125,78,580,645,313
701,339,84,77,518,595,313
64,149,105,110,0,0,313
162,256,47,67,537,576,313
0,120,122,102,0,0,313
414,384,140,90,538,569,313
404,372,137,110,628,685,313
587,381,76,72,647,712,313
208,359,71,104,630,713,313
135,177,131,112,480,474,313
272,253,102,106,558,675,314
2,108,103,63,352,0,314
185,347,63,108,0,0,314
0,58,115,68,550,595,314
72,231,60,68,346,476,314
99,173,121,144,676,744,314
39,120,29,87,295,474,314
11,133,38,59,305,588,314
32,120,90,96,582,672,314
953,604,133,126,653,738,314
0,95,43,52,0,0,314
6,94,151,85,0,0,315
10,121,69,102,0,0,315
740,702,122,154,553,594,315
123,117,44,90,460,568,315
28,133,158,108,367,0,315
202,315,101,106,536,571,315
791,745,127,81,616,682,315
322,292,143,65,505,586,315
531,314,151,92,646,684,315
704,745,191,139,656,699,315
335,428,94,140,324,517,315
482,434,104,67,565,675,315
0,92,76,79,0,0,315
0,27,72,70,0,0,316
568,435,145,123,42,249,316
26,156,27,40,0,0,316
0,40,88,82,493,502,316
926,636,114,177,778,851,316
0,110,67,81,0,0,316
100,232,75,60,0,0,316
157,182,95,88,0,0,316
459,484,113,154,558,637,316
243,327,97,84,338,363,316
112,214,116,76,483,557,316
291,435,106,84,626,700,316
47,209,14,107,0,0,316
0,30,49,75,0,0,316
189,356,69,118,0,0,316
0,28,136,64,0,0,316
293,391,110,75,594,689,316
13,73,123,74,436,536,317
293,386,73,117,0,544,317
67,141,65,67,0,0,317
0,126,27,97,0,0,317
26,136,127,85,436,0,317
538,434,163,120,645,698,317
683,708,93,101,680,751,317
121,286,85,79,497,622,317
410,357,237,109,590,636,317
63,172,33,84,0,0,317
246,324,198,103,546,571,317
345,314,114,137,605,663,317
0,35,66,68,0,0,317
0,98,100,89,497,358,317
746,736,129,99,647,694,318
59,150,180,99,542,510,318
690,685,57,137,601,663,318
125,239,172,93,641,725,318
586,610,119,82,620,684,318
0,49,55,75,0,0,318
128,264,58,74,353,492,318
84,222,28,53,520,561,318
263,428,58,86,0,0,318
587,674,79,118,602,651,318
7,140,61,61,432,404,318
131,235,128,71,510,575,318
784,593,49,117,495,637,318
294,434,111,97,566,648,319
942,553,124,105,656,731,319
207,365,28,116,0,0,319
48,144,70,92,0,0,319
99,256,59,96,0,0,319
733,498,76,89,666,747,319
393,564,26,133,0,0,319
113,231,136,91,441,272,319
34,96,83,75,0,0,319
169,326,15,104,0,0,319
483,351,63,127,599,644,319
491,599,111,164,0,195,319
12,58,130,81,594,694,319
166,332,51,112,0,147,319
805,874,189,179,541,564,319
500,482,78,95,593,674,319
0,65,150,77,593,613,319
129,307,56,99,0,0,319
211,189,119,69,460,483,319
106,139,128,99,446,0,319
124,263,60,105,0,0,319
388,285,168,73,552,504,320
691,804,65,100,600,695,320
700,621,108,110,287,464,320
139,214,147,132,484,579,320
0,58,176,80,556,650,320
134,278,23,64,454,573,320
344,370,67,52,0,0,320
0,92,49,108,0,0,320
159,201,21,54,440,544,320
0,78,33,37,0,0,320
106,273,38,93,0,0,320
0,24,22,37,0,0,321
547,656,75,79,492,542,321
296,459,111,147,381,544,321
154,220,45,74,628,713,321
420,501,105,150,546,620,321
71,185,33,58,0,0,321
404,490,104,108,513,614,321
336,563,69,124,0,0,321
2,124,113,96,0,0,321
28,105,165,65,626,677,321
335,376,101,143,542,591,321
50,179,28,69,0,0,321
869,856,171,121,666,747,321
198,241,108,104,0,0,321
0,80,63,66,0,0,321
80,207,85,123,0,0,322
190,265,148,132,521,629,322
508,422,69,70,522,682,322
7,128,36,79,0,0,322
123,206,161,87,611,656,322
0,54,42,55,413,491,322
142,241,120,144,576,616,322
658,601,68,131,540,628,322
0,72,130,117,0,0,322
114,135,80,106,475,624,322
357,305,144,104,653,727,322
110,229,107,121,0,14,323
615,473,149,123,93,402,323
267,326,92,105,0,0,323
0,63,42,61,0,0,323
0,75,16,62,0,0,323
0,68,55,72,0,0,323
791,438,134,98,538,604,323
489,470,130,127,605,655,323
654,631,62,94,530,692,323
586,602,78,104,613,720,323
154,307,33,59,552,610,323
0,63,97,70,614,700,323
782,770,153,132,600,634,323
116,205,169,121,0,0,323
135,252,97,120,283,0,324
13,97,103,75,581,636,324
72,197,105,135,0,168,324
270,379,101,131,423,518,324
245,371,115,119,511,585,324
164,293,86,129,550,659,324
703,760,56,164,510,649,324
319,248,136,48,566,614,324
70,123,161,92,451,608,324
206,332,66,95,522,610,324
5,97,101,89,545,601,324
189,317,76,140,341,646,324
194,322,120,157,486,559,325
955,708,222,102,740,807,325
0,77,103,80,414,0,325
0,71,101,91,0,0,325
29,175,82,85,0,0,325
779,437,202,120,659,761,325
598,579,161,169,377,457,325
439,426,160,157,646,694,325
37,138,101,120,605,654,325
0,111,68,77,0,0,325
274,432,91,112,508,587,325
854,900,107,94,558,648,325
289,452,154,98,531,603,325
0,48,22,30,479,557,325
631,565,159,98,611,665,325
416,289,119,98,613,692,325
589,601,67,132,586,677,326
22,134,18,72,0,0,326
910,560,109,121,613,659,326
13,105,112,67,493,442,326
349,343,185,109,620,722,326
199,300,43,108,474,496,326
180,230,192,124,572,626,326
222,349,53,125,350,455,326
114,107,166,97,509,560,326
0,67,177,121,547,611,326
427,532,158,141,0,0,326
401,444,171,155,593,661,326
619,645,187,184,548,630,326
504,404,135,87,404,600,326
508,480,191,140,0,490,326
817,622,52,151,700,790,326
742,580,135,73,652,728,326
74,224,82,81,0,0,326
865,615,88,120,724,813,326
0,109,55,116,0,0,326
21,161,55,61,401,485,326
798,497,126,118,641,715,327
296,299,55,76,0,462,327
425,495,100,99,345,127,327
283,298,107,102,581,649,327
233,346,153,142,507,510,327
107,206,53,58,0,0,327
649,539,24,69,0,0,327
80,186,88,76,0,0,327
44,138,127,111,483,489,327
493,389,69,95,446,621,327
113,253,38,73,0,0,327
863,766,153,159,665,703,327
446,330,126,112,313,365,327
153,160,131,101,526,567,327
277,422,54,134,0,0,327
262,415,86,141,0,0,327
0,39,28,105,0,0,327
795,522,121,132,504,421,327
67,238,80,131,0,0,327
22,155,149,114,431,0,327
0,73,122,82,377,257,327
934,803,127,132,530,634,327
262,270,75,77,0,0,327
399,506,190,132,603,672,328
0,56,18,46,0,0,328
0,41,75,98,0,0,328
402,386,91,111,0,0,328
79,223,75,74,0,0,328
624,334,141,82,675,751,328
242,383,110,106,0,0,328
301,313,118,85,591,659,328
61,205,31,115,496,666,328
210,293,41,76,397,520,328
139,271,136,145,470,492,328
146,210,136,60,507,555,328
216,278,76,90,573,653,328
288,298,41,54,333,0,328
1,100,50,59,0,0,328
582,479,142,118,618,677,328
0,106,25,92,0,0,328
922,870,102,88,589,635,329
372,523,88,156,403,581,329
93,183,90,100,383,386,329
644,556,179,148,735,789,329
640,537,149,97,576,602,329
0,130,97,136,0,0,329
0,107,124,81,505,506,329
0,101,79,141,0,0,329
512,439,145,70,469,573,329
0,40,81,103,0,0,329
35,132,111,67,430,507,329
434,535,72,66,0,387,329
257,428,50,111,0,0,330
102,166,104,88,579,650,330
4,96,84,58,0,0,330
110,159,36,90,0,0,330
634,360,136,108,647,694,330
186,280,128,128,0,0,330
87,97,80,65,0,0,330
0,85,75,75,0,0,330
0,41,129,100,396,338,330
104,131,163,104,563,656,330
434,276,44,178,675,767,330
59,219,49,43,0,0,330
831,618,135,159,566,674,330
359,472,64,99,519,640,330
146,251,222,154,575,593,330
47,140,124,80,622,703,330
258,408,86,117,0,0,330
877,1007,173,163,579,585,330
0,46,41,57,0,0,331
48,209,66,136,0,370,331
619,634,84,151,612,678,331
561,544,85,128,492,607,331
103,182,157,84,665,732,331
0,32,84,46,382,565,331
415,469,186,156,494,503,331
425,572,109,162,304,499,331
0,31,52,52,0,0,331
171,236,128,103,357,571,331
1,115,121,97,0,0,331
331,288,96,119,488,625,331
800,757,162,211,587,657,331
29,137,104,78,606,711,331
88,220,119,134,427,498,331
52,187,81,100,256,461,332
7,115,101,89,0,0,332
0,75,126,100,568,583,332
817,364,101,146,695,777,332
456,393,77,79,569,630,332
5,130,110,76,589,637,332
454,487,137,123,0,0,332
0,73,94,93,0,0,332
164,309,60,90,0,0,332
0,90,139,86,385,545,332
627,773,43,92,459,612,332
0,52,102,71,0,0,332
101,182,71,86,0,0,332
840,772,84,153,591,651,332
355,260,32,76,0,0,332
0,25,69,90,0,0,333
0,104,106,82,538,559,333
0,69,46,84,0,0,333
425,454,139,147,610,666,333
4,112,84,61,92,424,333
779,338,168,112,718,807,333
408,574,41,89,0,0,333
0,34,124,96,0,0,333
106,200,106,100,0,218,333
167,225,26,115,0,0,333
142,237,170,102,546,588,333
742,641,107,164,664,745,333
497,469,17,92,516,623,333
321,312,171,131,451,629,333
84,144,191,85,313,0,333
170,321,89,92,375,609,333
114,195,79,122,522,523,333
416,350,137,136,581,661,333
65,218,65,104,0,0,333
884,760,44,92,676,772,333
0,83,69,102,0,0,333
0,94,36,91,269,587,333
48,196,77,68,0,0,334
605,394,134,122,0,403,334
0,37,79,84,0,0,334
0,43,139,101,0,0,334
311,442,63,83,0,0,334
0,111,15,71,0,0,334
0,59,159,114,494,522,334
0,71,137,97,255,0,334
177,310,72,125,435,527,334
51,189,79,108,0,0,334
607,644,162,111,592,694,334
950,712,142,131,692,770,334
61,195,104,114,384,0,334
175,267,104,85,40,0,334
101,168,47,61,0,501,334
155,206,86,61,511,609,334
17,166,26,68,0,0,334
418,503,149,156,608,656,335
0,43,127,86,325,289,335
298,396,133,117,611,682,335
659,569,107,154,649,743,335
503,272,255,140,691,752,335
940,690,75,155,505,660,335
192,204,92,115,503,563,335
0,118,47,68,0,0,335
609,307,186,116,518,565,335
234,327,88,77,512,578,335
90,134,152,99,529,642,335
786,450,64,141,654,746,335
56,145,75,69,0,0,335
0,38,27,72,0,0,335
396,485,74,121,0,535,335
394,270,111,79,0,540,335
941,654,238,141,530,588,336
296,320,281,103,0,0,336
758,775,167,180,659,731,336
715,809,155,157,686,763,336
333,419,137,139,310,526,336
707,679,132,131,516,615,336
0,95,53,72,0,0,336
41,130,97,97,580,699,336
691,503,182,79,480,512,336
693,670,26,157,561,704,336
62,209,17,107,0,0,336
301,361,172,215,545,719,336
238,183,198,148,585,677,336
873,823,152,220,653,732,336
0,71,134,100,409,0,336
0,79,51,75,0,0,336
172,289,122,114,491,594,336
154,323,75,94,0,469,337
0,128,83,93,0,0,337
50,196,89,92,493,553,337
718,602,67,145,581,706,337
30,165,196,121,0,0,337
0,108,124,101,0,0,337
531,283,140,87,612,683,337
459,494,136,114,0,0,337
153,257,88,60,610,655,337
0,41,104,81,374,0,337
0,140,16,79,0,0,337
135,277,125,124,0,0,337
122,185,149,126,634,697,337
158,171,93,85,540,555,337
339,262,119,74,627,702,337
86,239,139,88,481,501,337
143,270,19,96,0,0,337
829,392,202,146,711,782,337
240,307,148,146,608,672,338
443,345,169,145,525,621,338
223,358,131,103,575,651,338
422,568,148,161,504,635,338
382,517,124,127,0,0,338
25,158,75,133,0,0,338
936,569,27,113,671,750,338
303,505,57,86,0,0,338
365,419,130,157,580,665,338
748,927,152,165,345,306,338
423,595,95,135,646,747,338
386,391,219,103,564,646,338
0,50,67,65,0,0,338
348,399,116,96,535,650,338
847,683,133,141,648,747,338
280,360,67,97,281,0,338
96,228,89,166,356,538,338
168,267,75,90,0,0,338
38,181,66,64,0,0,338
706,347,163,123,638,720,338
313,225,137,87,507,415,338
938,791,134,184,639,696,338
786,828,124,184,529,646,338
596,630,110,98,587,680,339
0,44,60,97,0,0,339
623,659,62,105,0,540,339
160,341,130,61,0,0,339
94,141,78,68,581,684,339
89,196,67,142,460,539,339
0,99,53,71,648,718,339
546,510,61,74,638,728,339
453,498,105,151,534,610,339
39,162,92,118,177,587,339
15,142,55,90,0,0,339
46,164,158,187,509,452,339
554,574,77,76,460,637,339
171,306,124,116,566,632,339
979,1007,145,111,497,552,339
583,511,62,87,625,704,339
511,552,149,117,628,700,339
0,58,72,92,120,0,339
2,85,216,112,586,589,340
0,130,15,76,0,0,340
406,330,164,121,605,685,340
317,261,188,107,570,652,340
419,419,93,82,0,0,340
165,272,39,82,442,584,340
487,556,145,95,405,466,340
0,68,92,74,549,625,340
229,403,102,99,0,0,340
0,108,41,55,159,522,340
869,688,181,190,644,669,340
343,296,132,86,543,602,340
197,403,58,122,0,0,340
132,273,116,122,561,615,340
382,375,152,81,523,519,340
62,210,124,116,396,130,340
645,594,165,97,615,620,341
0,107,114,122,488,571,341
73,152,65,47,520,505,341
284,352,120,118,170,444,341
0,77,96,81,0,0,341
559,540,96,97,459,425,341
168,219,58,91,585,666,341
21,108,62,75,0,0,341
53,149,131,78,224,507,341
47,179,55,92,0,0,341
937,410,186,136,677,743,341
302,374,132,72,587,571,341
133,260,61,60,0,0,341
12,148,102,68,257,0,341
0,54,136,91,573,584,341
122,208,50,78,0,0,341
112,196,96,100,0,0,341
30,130,79,49,307,0,342
112,257,139,139,0,0,342
185,308,60,123,548,644,342
0,72,44,113,0,0,342
1,84,55,82,0,0,342
142,269,52,67,0,0,342
635,408,86,82,666,743,342
232,321,94,68,0,0,342
0,102,94,103,547,562,342
502,522,103,80,602,684,342
0,118,66,78,0,0,342
904,532,112,77,631,725,342
146,244,160,94,549,561,342
454,440,133,156,610,691,342
514,514,113,129,540,673,342
617,397,151,99,568,667,342
416,496,153,164,569,648,342
566,276,168,114,683,759,342
647,324,74,92,624,699,342
30,169,116,91,0,0,343
0,55,142,108,0,0,343
111,209,164,75,389,0,343
0,94,147,98,500,351,343
4,88,131,108,0,0,343
185,288,157,153,329,507,343
228,327,64,85,336,0,343
107,153,174,110,319,447,343
447,558,147,119,533,604,343
0,97,16,89,0,0,343
0,95,105,99,565,638,343
590,434,110,95,668,712,344
268,384,120,107,611,672,344
371,368,125,71,460,0,344
26,153,20,48,423,580,344
223,188,94,97,452,598,344
550,592,96,103,0,513,344
544,714,120,168,0,0,344
233,361,113,112,0,0,344
462,370,161,164,557,653,344
7,87,141,77,414,0,344
0,51,59,83,0,0,344
1,126,26,97,0,0,344
0,76,34,76,0,0,344
0,112,84,78,0,0,344
702,527,204,109,629,640,344
17,161,93,128,0,0,344
390,572,101,121,523,636,344
131,262,158,72,580,566,344
115,212,69,86,0,256,345
364,422,153,117,525,607,345
83,152,89,75,603,675,345
0,120,32,86,0,0,345
138,242,94,109,479,578,345
50,135,75,84,422,0,345
534,538,127,106,535,538,345
0,54,27,65,0,0,345
57,201,66,130,436,395,345
0,71,61,84,0,0,345
152,289,33,58,0,0,345
757,538,57,142,655,753,346
0,88,18,74,0,0,346
0,58,78,99,0,0,346
123,246,65,98,0,0,346
511,278,109,89,0,599,346
100,203,73,97,0,0,346
10,132,16,84,0,0,346
0,93,175,139,0,257,346
40,159,181,89,499,0,346
192,349,140,153,506,586,346
414,382,154,147,514,522,346
44,161,151,139,580,604,347
675,374,122,65,632,697,347
0,28,116,112,482,571,347
767,692,31,117,611,702,347
0,47,123,63,550,620,347
373,277,203,88,536,494,347
417,288,76,63,482,504,347
34,130,161,86,0,0,347
0,97,87,87,523,650,347
262,379,106,77,595,662,347
530,555,118,85,639,719,348
0,122,129,99,283,0,348
314,393,88,119,597,684,348
0,40,79,130,403,360,348
0,59,61,78,0,0,348
199,305,93,138,560,631,348
0,68,51,71,0,0,348
17,99,73,64,250,361,348
170,332,148,130,534,583,348
709,514,192,104,625,651,348
63,236,64,87,0,0,348
480,598,233,159,646,705,348
0,61,43,76,0,0,348
0,50,136,79,0,0,348
457,538,97,142,485,620,348
342,402,85,155,475,618,348
19,83,45,74,429,606,348
358,481,95,148,567,664,348
377,379,177,150,503,494,348
244,367,96,107,275,0,348
539,618,109,102,594,655,349
736,667,178,150,559,646,349
426,493,113,119,555,635,349
103,203,104,102,0,0,349
397,344,168,91,552,655,349
236,211,125,68,605,684,349
928,622,150,182,605,682,349
47,165,61,98,0,0,349
329,485,68,100,328,478,349
130,211,120,77,0,0,349
362,550,68,117,0,0,349
699,388,188,99,656,699,349
186,221,85,72,627,707,349
15,130,78,107,517,613,349
314,392,115,88,656,754,349
836,466,60,81,734,812,350
100,195,129,107,0,0,350
173,333,32,102,0,0,350
472,399,51,95,617,724,350
211,358,155,97,560,599,350
358,266,173,96,712,792,350
0,54,27,88,0,426,350
95,205,72,77,499,567,350
607,458,70,57,665,759,350
320,252,127,164,704,775,350
723,609,177,102,680,731,350
866,495,140,186,693,766,350
58,181,45,96,0,0,350
697,475,108,92,650,734,350
977,600,145,136,603,659,351
684,599,71,118,495,649,351
196,291,128,105,598,630,351
323,462,52,109,578,647,351
27,181,111,104,298,0,351
520,484,208,131,646,707,351
682,654,120,150,642,732,351
13,113,100,78,0,0,351
746,461,30,115,597,715,352
344,396,38,91,677,756,352
0,109,15,58,0,0,352
135,134,144,68,601,674,352
864,823,116,125,688,748,352
10,88,125,91,595,632,352
0,48,14,88,0,0,352
361,478,65,107,418,569,352
154,287,63,75,483,533,352
98,138,139,144,622,702,352
309,444,126,100,395,585,352
151,185,166,104,540,477,353
123,286,78,89,468,597,353
244,437,109,148,0,0,353
443,409,222,146,656,722,353
361,276,185,127,508,634,353
371,491,110,112,575,641,353
96,188,65,79,488,596,353
392,307,124,95,0,0,353
0,47,43,101,0,0,353
466,571,106,125,475,507,353
485,624,55,90,547,616,353
23,131,123,135,569,649,353
161,220,132,135,656,709,353
541,475,163,107,606,665,353
134,211,159,148,582,626,353
437,570,66,120,200,311,353
642,480,133,111,0,0,353
117,185,155,91,543,573,354
23,171,13,56,0,0,354
267,358,47,64,0,0,354
78,225,97,130,0,0,354
748,629,219,157,623,665,354
0,30,32,74,0,0,354
473,431,140,115,514,609,354
38,126,130,115,595,674,354
243,338,184,90,598,606,354
100,143,99,91,413,621,354
276,349,77,88,256,0,354
4,90,77,94,0,0,354
196,324,137,98,540,605,354
113,155,61,123,580,672,354
13,117,153,129,494,389,354
316,330,120,108,481,592,354
45,169,53,92,0,0,354
1,104,27,110,0,0,354
45,207,44,145,0,0,354
74,127,183,107,619,647,354
67,197,66,93,0,0,354
0,63,59,63,0,0,354
607,657,111,138,661,743,354
391,395,147,112,488,583,354
70,234,82,89,0,0,354
86,249,21,77,0,0,354
349,484,102,165,222,400,354
970,656,87,80,621,710,354
0,62,36,56,0,0,355
212,266,35,74,0,0,355
0,49,113,102,234,0,355
0,50,43,70,368,511,355
320,332,102,85,0,0,355
84,218,169,181,562,625,355
298,362,70,86,0,0,355
451,615,180,142,377,463,355
213,329,133,128,0,0,355
579,731,99,60,548,632,355
397,457,134,147,551,540,355
297,328,136,75,0,0,355
86,240,97,81,0,0,355
23,90,20,79,0,0,355
260,429,78,116,0,0,355
396,435,69,105,403,461,355
725,743,35,123,576,687,355
6,115,88,76,0,0,355
0,63,69,82,0,0,355
699,599,93,97,565,662,355
7,107,59,110,0,0,355
57,170,143,85,0,0,355
0,67,103,74,430,338,356
179,215,124,90,0,0,356
0,40,64,62,403,414,356
678,700,80,113,596,656,356
0,33,117,123,389,453,356
932,538,264,144,686,722,356
758,523,186,135,674,726,356
771,805,120,118,0,390,356
180,198,103,118,0,0,356
0,47,33,131,607,728,356
0,67,90,90,542,657,356
838,1007,66,159,0,0,356
313,347,57,79,0,494,356
78,202,67,74,0,0,356
186,355,100,116,0,337,356
314,268,74,47,337,0,356
104,189,169,84,519,525,356
0,71,116,81,480,543,356
856,445,67,76,625,750,356
35,172,151,124,285,0,357
0,65,37,67,0,0,357
0,69,102,113,254,0,357
642,616,100,124,446,578,357
72,209,108,95,0,0,357
133,316,139,145,464,608,357
300,456,118,162,0,459,357
590,453,222,149,604,655,357
0,35,175,220,555,666,357
227,286,173,132,441,458,357
0,55,118,77,280,0,357
808,589,115,181,669,751,357
663,531,98,123,624,680,357
715,726,183,145,590,554,357
400,421,221,166,521,600,357
25,130,100,103,375,542,357
151,187,185,97,589,632,357
367,423,105,107,549,547,357
279,349,63,79,0,0,357
0,120,140,87,0,0,357
0,51,39,70,0,0,357
623,521,133,108,574,673,357
337,436,156,136,650,718,357
15,109,78,89,87,327,358
135,269,98,65,370,346,358
0,51,78,82,0,0,358
0,41,65,55,0,0,358
264,345,209,114,541,596,358
43,92,171,80,572,617,358
314,364,131,107,427,452,358
100,240,90,89,410,518,358
132,223,127,122,559,611,358
0,50,40,60,0,0,358
58,179,58,64,0,0,358
0,52,31,72,0,0,358
236,323,73,129,240,575,358
0,49,28,49,529,507,358
0,57,163,100,0,0,358
0,38,72,37,0,0,358
470,480,189,152,532,591,358
101,229,218,144,520,527,358
457,447,108,111,0,371,358
661,502,181,98,564,605,358
394,238,120,78,583,647,358
381,544,124,106,528,617,358
0,51,56,79,0,0,358
0,90,15,77,0,0,358
113,233,95,142,295,511,358
0,53,96,79,0,0,358
58,180,53,76,0,0,358
60,200,77,60,0,0,358
1,134,41,80,289,0,358
190,214,121,87,647,734,358
86,208,68,84,0,261,359
0,39,14,68,0,0,359
955,625,224,155,697,763,359
31,140,30,70,0,0,359
791,786,151,118,589,640,359
335,446,33,61,0,0,359
597,415,96,112,448,637,359
77,181,111,79,339,0,359
190,267,78,122,174,305,359
223,366,151,136,0,352,359
7,127,81,90,0,375,359
0,26,162,109,632,662,359
631,664,97,121,485,607,359
106,186,85,86,0,482,359
0,79,173,108,0,0,359
4,128,91,120,0,0,359
64,172,181,111,84,0,359
343,338,201,99,530,486,359
359,477,172,151,612,671,359
76,201,75,56,0,0,359
0,62,104,95,533,600,359
0,128,114,70,373,0,359
0,82,92,100,0,0,359
653,324,81,79,713,799,359
39,177,114,86,417,0,359
0,106,50,96,0,0,360
4,118,59,69,0,343,360
0,74,39,95,457,542,360
0,38,109,74,497,371,360
22,94,121,68,447,0,360
590,452,123,84,0,487,360
902,588,95,161,639,728,360
331,440,104,128,604,670,360
0,27,28,51,0,0,360
0,38,50,76,0,0,360
41,172,122,139,274,214,360
354,258,106,115,489,226,361
243,271,158,109,507,430,361
712,768,128,184,0,501,361
551,450,107,70,562,660,361
149,302,246,202,576,619,361
148,213,122,100,603,671,361
11,153,77,67,0,0,361
356,414,121,106,557,548,361
738,514,153,125,576,643,361
215,159,120,85,593,652,361
60,75,138,74,0,0,361
0,53,233,112,621,620,361
193,131,103,88,484,546,361
174,292,130,77,522,520,362
21,126,115,123,0,0,362
6,142,37,116,0,0,362
59,160,21,90,592,683,362
156,325,27,76,0,0,362
282,276,141,104,0,268,362
765,603,95,215,580,677,362
310,304,104,90,610,706,362
58,176,18,67,0,301,362
109,237,32,70,0,0,362
580,377,97,78,586,647,362
884,640,185,140,607,679,362
0,84,56,84,0,0,362
95,227,166,97,620,676,362
61,210,110,126,0,0,362
231,237,123,62,493,521,363
927,910,59,169,578,647,363
407,488,87,97,249,513,363
0,65,82,88,0,0,363
106,238,92,139,498,562,363
119,177,95,68,576,627,363
0,23,65,66,386,0,363
492,293,203,98,642,690,363
0,47,35,49,0,0,363
890,840,129,168,636,735,363
445,351,95,106,477,595,363
0,92,82,107,358,414,363
448,331,86,133,0,0,364
596,599,213,107,559,579,364
176,251,132,68,588,660,364
302,255,59,80,557,680,364
0,78,16,88,0,0,364
88,228,67,91,141,498,364
0,84,52,74,0,0,364
618,565,136,137,254,519,364
225,326,52,107,422,533,365
0,68,54,124,0,453,365
812,875,103,200,522,594,365
395,542,83,123,556,629,365
121,164,171,71,467,181,365
412,392,101,124,529,586,365
696,681,209,131,514,571,365
0,72,122,125,0,0,365
25,144,105,93,38,0,365
132,255,64,103,550,651,365
753,373,70,132,581,677,365
24,123,98,88,0,0,365
970,956,135,193,677,742,365
16,130,88,114,0,0,366
3,126,34,66,0,0,366
56,194,129,126,0,0,366
279,414,147,97,572,658,366
0,82,82,74,0,0,366
697,320,172,127,627,681,366
0,29,71,49,397,0,366
167,199,75,61,0,0,366
291,278,38,64,0,543,366
191,289,86,109,516,618,366
0,82,27,104,0,0,367
0,64,86,76,427,0,367
870,813,83,127,572,646,367
347,391,77,86,0,0,367
480,451,120,113,574,685,367
152,131,100,85,0,0,367
489,474,43,69,0,0,367
916,403,78,97,674,747,367
244,233,115,96,535,610,367
88,243,99,94,0,0,367
318,348,133,139,554,652,368
530,313,90,81,666,748,368
215,384,56,102,0,0,368
0,32,91,114,0,0,368
179,254,99,89,496,606,368
0,37,27,63,0,0,368
206,220,135,78,401,558,368
630,428,108,118,605,676,368
60,107,172,100,513,538,368
43,148,107,123,433,571,368
0,34,81,53,499,477,368
89,159,65,93,474,469,368
92,218,70,104,520,625,368
427,419,134,115,600,647,368
119,168,101,73,573,592,368
61,178,176,100,589,599,369
442,488,92,90,478,609,369
884,522,112,108,639,703,369
236,284,79,53,476,491,369
964,661,55,66,548,689,369
307,456,86,153,492,642,369
911,871,76,145,636,713,369
54,169,146,98,0,0,369
431,466,64,140,573,678,369
715,383,157,165,715,798,369
983,604,162,137,657,709,369
0,113,59,80,0,400,369
185,378,52,68,0,0,369
18,132,155,119,0,0,369
0,32,16,40,281,343,369
80,221,96,152,0,0,369
88,190,83,45,554,625,369
889,582,183,85,613,641,370
781,667,143,106,646,703,370
0,56,84,78,0,0,370
105,256,137,86,0,0,370
326,412,57,81,354,588,370
13,142,31,87,0,0,370
612,301,120,80,676,736,370
0,115,16,54,315,0,370
211,282,62,59,389,559,370
503,457,145,93,676,731,370
346,279,102,87,0,0,370
0,80,88,74,491,573,370
569,420,178,140,647,742,370
385,325,146,88,528,574,370
0,76,124,82,0,0,370
0,78,14,105,0,0,370
184,250,98,101,521,642,370
142,313,31,111,0,488,370
148,288,100,115,448,534,370
179,378,129,105,0,0,370
19,147,125,140,0,0,370
486,583,79,73,617,718,370
456,487,82,77,0,0,370
190,242,122,86,0,0,371
359,431,45,91,0,427,371
567,433,109,116,670,724,371
0,92,35,39,0,0,371
0,60,86,84,0,0,371
0,44,50,95,0,516,371
167,247,78,86,308,0,371
60,147,110,68,0,0,371
0,27,73,52,0,0,371
0,65,19,59,0,0,371
78,232,58,105,0,0,371
0,114,43,67,400,579,371
45,146,48,72,0,0,371
4,96,114,99,540,549,371
129,146,128,129,0,0,371
20,128,74,109,561,686,372
365,295,115,58,605,697,372
75,215,122,83,0,0,372
235,345,45,91,0,0,372
114,273,114,91,473,542,372
113,266,73,64,250,346,372
697,577,99,136,627,686,372
858,534,123,121,656,753,372
0,67,79,75,0,0,372
49,149,105,103,532,578,372
231,314,88,77,0,507,372
0,40,86,127,0,0,372
406,401,92,151,577,645,372
357,430,59,90,528,686,372
196,293,51,68,0,0,373
0,86,34,52,0,0,373
412,376,92,65,379,408,373
22,67,122,131,529,526,373
335,411,86,126,0,0,373
1,99,41,43,0,0,373
0,87,97,89,0,0,373
81,203,125,85,0,0,373
153,339,135,172,0,0,373
362,396,189,171,660,749,373
161,245,154,105,374,0,373
836,397,254,118,631,734,373
0,39,81,59,570,614,373
128,285,62,88,397,369,373
0,87,103,147,494,643,373
10,79,103,78,499,489,374
467,398,42,98,507,656,374
0,63,83,99,0,0,374
79,163,79,59,518,638,374
89,132,65,109,0,316,374
54,189,81,55,0,0,374
328,374,148,124,521,570,374
343,442,70,99,486,572,374
207,313,94,94,0,0,374
291,249,51,73,0,586,374
637,287,152,113,503,603,374
0,51,105,90,355,543,374
14,135,69,127,332,0,374
44,108,120,81,0,0,374
623,542,151,167,642,687,374
157,283,26,71,0,0,375
0,98,115,124,456,322,375
274,300,112,120,540,632,375
261,429,38,87,0,316,375
102,217,13,83,0,0,375
120,270,106,102,0,0,375
507,383,109,120,493,582,375
8,74,150,88,195,0,375
0,36,96,71,0,52,375
0,56,173,109,641,681,375
39,108,152,94,681,748,375
284,262,136,92,563,645,375
92,211,74,103,498,560,375
0,56,107,43,527,475,375
664,492,124,149,614,677,376
366,449,131,175,581,691,376
32,141,47,73,0,0,376
0,28,114,109,397,473,376
483,482,178,117,491,585,376
206,270,83,78,326,435,376
752,521,113,102,579,689,376
0,53,67,83,0,0,376
901,902,76,167,645,716,376
735,297,151,75,669,736,376
219,316,97,100,0,0,376
71,207,60,147,0,0,376
0,91,46,70,381,438,376
150,275,111,63,513,530,376
660,620,127,136,477,608,377
627,301,132,92,633,703,377
74,174,43,73,505,614,377
175,319,66,57,437,502,377
90,245,28,79,0,0,377
60,166,159,161,578,613,377
260,295,67,80,526,660,377
764,844,99,125,432,565,377
250,424,112,85,0,0,377
0,39,72,55,0,0,377
82,192,77,105,0,0,377
169,328,106,141,0,0,377
272,273,90,144,0,23,377
476,440,116,88,490,505,377
7,128,21,68,0,0,377
0,52,24,65,0,0,377
0,108,117,121,0,0,377
0,46,101,91,0,0,377
0,103,85,88,0,0,377
633,625,202,105,662,721,378
0,52,36,107,0,0,378
620,640,93,135,496,604,378
331,307,60,69,513,657,378
476,361,91,124,609,685,378
687,766,140,161,666,741,378
424,529,102,124,567,637,378
766,493,91,102,532,594,378
487,459,143,139,0,516,378
292,337,114,129,623,667,378
291,373,98,114,557,653,378
0,113,122,79,492,0,378
0,46,50,103,0,0,378
762,754,101,131,657,720,378
876,633,91,120,552,686,378
31,163,65,81,0,0,378
0,97,94,111,0,0,378
143,262,143,164,580,645,378
0,40,51,102,0,0,379
66,156,31,76,516,596,379
97,273,17,88,0,0,379
0,73,97,89,0,0,379
160,258,55,73,426,571,379
369,555,226,118,451,384,379
939,366,164,96,713,789,379
392,568,94,88,575,673,379
444,360,199,130,621,688,379
176,337,75,114,571,666,379
219,367,151,88,530,578,379
355,348,115,91,638,728,379
31,173,21,78,0,0,379
13,129,84,84,294,561,379
0,65,161,84,484,556,379
614,544,60,133,611,687,379
252,349,72,64,0,0,379
456,368,135,94,497,588,379
183,303,88,89,421,559,379
461,528,81,109,418,570,379
415,502,125,185,445,592,379
0,36,88,135,427,551,380
54,158,85,69,468,478,380
401,356,124,85,524,549,380
5,103,124,128,454,570,380
180,239,164,76,456,542,380
159,324,134,166,300,543,380
15,143,58,83,0,0,380
139,272,57,109,0,0,380
377,396,103,134,569,664,380
98,190,60,80,0,0,380
0,31,79,75,239,0,380
140,160,144,68,491,372,380
42,162,58,101,0,0,380
311,356,99,90,617,712,380
166,257,158,74,409,47,380
97,254,116,92,0,0,380
878,587,91,100,552,667,380
202,234,135,156,401,489,380
92,173,84,101,381,528,380
137,289,22,53,0,0,380
171,214,169,111,580,607,381
87,172,113,86,0,0,381
193,205,52,75,562,696,381
202,300,146,174,412,542,381
345,357,122,111,593,696,381
183,208,112,93,0,0,381
0,84,92,70,568,633,381
26,135,88,137,0,502,381
49,196,147,94,0,0,381
73,166,112,148,299,432,381
114,243,145,124,539,593,381
366,343,206,153,583,610,381
785,549,151,114,641,688,381
0,52,83,100,545,617,381
317,368,194,95,623,663,381
54,211,37,72,216,439,381
344,371,118,106,417,572,382
99,256,81,65,435,462,382
134,152,79,76,0,474,382
0,100,27,34,0,0,382
450,581,220,145,557,561,382
40,156,108,120,0,0,382
681,771,135,163,391,346,382
0,91,175,81,580,552,382
0,80,90,140,0,0,382
242,247,126,84,529,611,382
3,101,115,133,440,498,382
126,295,69,86,0,0,382
665,448,134,141,484,633,382
359,429,124,124,494,499,382
201,308,104,91,525,626,382
0,95,33,54,0,0,382
28,69,78,87,370,284,382
24,135,67,128,0,0,382
378,486,117,158,0,0,382
0,93,144,116,526,520,382
930,580,101,145,694,786,383
205,353,85,144,0,0,383
0,51,76,77,0,0,383
19,126,82,125,550,654,383
477,401,104,149,628,704,383
131,290,133,126,0,449,383
306,416,18,121,0,426,383
720,474,131,147,487,573,383
297,367,73,127,564,681,383
169,298,114,81,442,580,383
574,500,186,146,483,522,383
425,331,116,113,0,568,383
275,276,179,79,654,713,383
163,329,46,122,0,0,383
174,331,87,121,0,0,383
225,388,92,126,0,0,383
862,608,66,178,635,727,383
702,485,145,137,593,608,384
333,342,128,113,533,637,384
203,236,93,100,0,556,384
115,225,141,124,217,0,384
68,191,140,93,439,306,384
0,68,122,82,0,0,384
50,158,105,100,484,552,384
147,185,46,80,459,543,384
590,473,116,138,636,699,384
0,24,83,84,549,629,384
237,405,139,112,514,518,385
17,134,199,84,602,607,385
377,494,129,113,0,0,385
555,609,202,123,626,699,385
113,150,112,76,0,0,385
549,630,175,150,0,575,385
121,204,116,54,199,0,385
640,607,80,92,0,540,385
142,168,82,66,234,203,385
108,214,111,92,0,0,385
0,74,15,73,0,0,385
717,723,154,180,690,757,385
0,57,142,78,495,536,385
0,76,26,59,0,392,385
322,335,151,75,532,535,385
440,463,254,198,589,622,385
9,123,85,126,344,378,385
748,623,132,128,666,761,385
0,61,56,89,453,0,385
840,553,166,151,688,759,385
0,76,52,48,491,457,385
642,745,87,161,479,641,385
861,498,214,158,662,755,385
121,200,86,77,0,0,385
0,21,115,110,255,400,386
588,441,143,127,612,709,386
0,101,59,83,0,0,386
245,346,119,113,354,353,386
269,357,96,158,537,646,386
435,278,121,122,425,568,386
32,155,132,65,556,601,386
504,363,98,74,532,630,386
0,58,13,53,0,0,386
204,261,146,76,527,678,386
0,33,63,50,0,0,386
680,526,21,118,600,725,386
412,480,91,91,323,562,386
0,120,98,108,377,0,386
446,563,204,160,403,0,386
465,549,162,167,449,583,386
156,201,110,77,417,522,386
286,350,163,102,485,562,386
0,32,18,39,0,0,387
333,434,102,122,437,593,387
0,98,58,102,0,0,387
0,56,15,86,0,0,387
467,414,143,121,677,754,387
0,107,146,106,567,628,387
0,72,128,90,54,0,387
0,65,128,73,515,491,387
2,63,96,81,0,0,387
273,426,53,113,0,0,387
314,326,96,101,411,473,387
44,154,68,101,414,518,387
305,353,143,123,548,634,387
254,322,86,113,455,583,387
251,194,98,107,583,681,387
894,749,303,187,706,763,387
580,482,140,87,654,733,387
234,362,31,52,427,582,387
0,77,78,89,0,0,387
0,62,60,64,0,0,388
801,502,174,172,662,767,388
76,227,233,158,373,0,388
570,470,61,125,610,670,388
0,59,65,54,490,548,388
437,399,107,68,613,739,388
0,69,80,65,32,0,388
444,349,156,94,618,650,388
305,469,143,79,572,532,388
164,255,66,101,525,583,388
0,41,78,64,315,0,388
317,403,123,103,413,439,388
333,512,56,83,0,0,388
738,662,75,109,669,752,388
78,202,41,102,0,0,389
84,205,93,80,496,584,389
0,35,61,45,0,0,389
47,148,71,55,497,595,389
887,481,142,73,641,713,389
741,676,136,154,625,693,389
133,145,139,106,580,663,389
8,102,31,77,349,603,389
94,135,139,72,494,525,389
0,102,171,113,0,0,390
357,377,64,122,554,634,390
186,289,127,139,562,642,390
21,140,86,85,400,371,390
0,115,97,88,274,0,390
162,179,59,71,464,557,390
480,518,122,103,579,638,390
0,118,97,98,0,0,390
243,376,121,112,304,504,390
0,32,36,83,0,398,390
100,209,125,132,397,155,390
688,386,174,69,655,741,390
364,352,48,99,0,0,390
266,386,121,125,451,410,390
81,203,35,90,0,0,390
551,559,66,90,546,666,390
344,421,98,129,573,642,390
0,65,184,134,478,602,390
338,446,45,90,541,612,390
0,54,91,94,0,0,391
122,192,79,118,0,0,391
24,165,144,79,0,0,391
347,466,145,131,0,424,391
0,72,34,83,465,621,391
357,302,114,97,521,589,391
200,287,159,159,557,632,391
393,336,81,93,544,615,391
265,366,100,83,456,603,391
664,506,68,92,634,710,391
435,363,114,108,497,615,391
160,310,102,100,610,697,391
0,59,104,66,0,0,391
155,229,156,117,491,570,391
323,427,69,131,517,640,391
662,729,78,121,526,643,392
191,292,112,166,672,764,392
260,377,76,165,0,0,392
232,333,70,110,0,0,392
741,663,160,114,331,451,392
94,163,96,92,0,0,392
386,410,151,157,609,704,392
757,578,149,104,684,755,392
297,267,80,82,621,703,392
18,159,19,71,0,0,392
87,102,73,76,261,0,392
615,295,134,96,634,696,392
0,125,57,126,0,0,392
596,317,115,100,591,706,392
0,90,54,118,0,0,392
17,140,91,77,115,0,392
222,392,71,124,0,0,393
785,827,69,120,517,620,393
101,151,121,110,0,0,393
83,195,141,81,501,537,393
34,151,188,105,417,408,393
0,99,42,84,0,0,393
63,151,103,72,366,0,393
370,426,175,98,572,608,393
0,139,163,133,0,0,393
317,350,99,117,489,594,393
149,165,64,90,0,0,393
709,585,169,113,710,784,393
203,202,133,81,668,752,393
0,41,80,121,0,520,393
769,636,101,90,0,0,393
184,304,126,123,608,673,393
0,92,118,108,0,0,394
352,410,145,141,611,662,394
18,157,128,189,0,0,394
18,164,61,61,0,0,394
153,260,50,99,473,673,394
0,79,149,114,430,0,394
286,214,138,99,666,750,394
82,207,151,76,561,465,394
611,812,73,82,474,559,394
257,362,121,99,0,0,394
948,914,54,135,0,388,395
473,607,148,102,618,679,395
570,481,222,119,506,215,395
113,239,159,167,636,681,395
548,693,113,196,644,709,395
48,123,108,54,569,642,395
0,84,137,87,0,0,395
5,130,61,79,0,0,395
963,598,25,112,699,796,395
179,199,227,80,615,678,395
0,106,55,108,0,0,395
19,110,83,114,202,0,395
0,74,108,65,513,416,395
128,247,92,86,0,0,396
181,334,60,92,482,622,396
0,24,44,53,368,465,396
348,451,155,140,361,507,396
96,207,146,126,512,559,396
82,218,13,79,0,182,396
776,660,157,120,672,735,396
66,72,106,144,551,617,396
741,607,159,181,522,612,396
236,334,105,89,0,0,396
254,294,93,84,616,720,396
0,95,69,100,454,468,396
383,319,212,169,536,668,396
409,425,85,151,600,675,396
23,149,92,72,0,467,396
0,67,54,59,454,232,396
0,64,87,80,531,585,396
627,588,150,168,577,639,396
245,346,131,80,424,414,396
10,104,46,104,0,0,397
88,218,113,82,534,584,397
6,144,81,79,0,0,397
25,126,106,98,0,0,397
0,25,38,57,0,0,397
0,60,226,172,453,0,397
0,49,52,82,0,0,397
278,345,190,117,540,590,397
919,680,123,129,714,786,397
32,122,155,108,487,454,398
205,348,86,68,454,477,398
324,425,78,89,356,610,398
881,580,130,181,680,759,398
167,272,131,100,432,552,398
523,371,139,120,629,709,398
252,426,85,165,0,0,398
0,42,117,102,0,0,398
0,25,115,65,474,530,398
628,471,177,89,584,619,399
620,370,134,70,548,570,399
605,723,118,118,422,506,399
50,195,77,76,373,0,399
752,592,165,174,632,683,399
841,788,148,130,616,690,399
557,494,151,134,587,666,399
46,165,44,76,0,0,399
248,316,120,129,376,395,399
43,173,65,112,0,0,399
0,30,94,75,224,64,400
319,373,166,92,508,498,400
0,111,90,124,118,0,400
305,271,99,142,543,601,400
60,131,72,114,553,677,400
408,518,76,161,478,609,400
0,106,141,126,480,0,400
159,193,82,107,622,715,400
0,101,125,71,554,556,400
561,349,242,95,677,751,401
863,546,123,84,690,769,401
0,59,92,62,376,0,401
0,62,59,55,0,0,401
666,589,129,96,0,0,401
0,27,39,105,0,0,401
454,361,97,101,565,670,401
105,121,89,67,202,480,401
15,138,72,117,0,0,401
336,251,154,91,593,629,401
193,317,67,136,0,0,401
165,320,126,122,0,0,401
330,418,111,91,606,695,401
780,597,71,196,637,744,401
180,270,146,105,478,453,401
588,420,114,147,649,727,402
353,293,97,84,571,626,402
127,194,36,73,0,0,402
533,395,118,70,602,685,402
85,245,88,93,0,0,402
53,133,117,71,552,576,402
795,912,57,174,577,681,402
123,245,128,92,515,534,402
243,309,153,140,628,705,402
37,133,121,113,431,533,402
250,294,117,110,492,607,402
0,73,49,120,0,0,402
34,167,82,132,250,569,402
0,49,130,140,279,0,402
193,330,145,125,504,579,402
53,169,173,140,582,621,402
328,209,75,97,0,582,403
0,50,135,87,407,411,403
0,60,74,92,471,329,403
588,300,88,57,659,737,403
85,208,93,112,0,0,403
769,505,134,152,574,682,403
0,107,119,93,443,573,403
605,525,95,105,661,750,403
637,597,120,133,311,496,403
696,479,112,104,579,650,403
32,106,80,45,524,495,403
396,368,125,108,137,463,403
0,102,131,103,458,444,403
408,403,148,117,543,526,403
258,297,146,133,568,603,404
117,147,93,69,468,346,404
348,291,112,90,677,731,404
375,467,129,141,418,535,404
159,285,167,92,286,515,404
954,621,143,120,658,722,404
920,564,132,120,723,801,404
0,89,31,76,0,0,404
95,206,153,95,583,627,404
792,856,91,107,400,387,404
133,245,118,101,0,484,404
510,354,53,135,611,716,404
890,494,122,99,615,725,404
74,199,77,134,0,402,404
141,287,31,130,0,0,404
303,374,92,103,622,728,404
157,325,38,110,0,0,404
441,520,157,177,249,0,404
327,467,128,170,0,0,404
99,235,98,83,0,0,405
756,802,129,126,501,630,405
26,134,105,115,0,0,405
173,335,56,106,0,437,405
128,240,109,89,0,0,405
163,278,107,108,568,619,405
700,615,165,199,483,635,405
30,80,177,81,541,593,405
608,546,145,175,598,665,405
0,116,86,110,0,0,405
214,166,125,97,466,625,405
248,355,132,74,0,0,405
0,50,83,75,0,0,405
74,187,79,61,0,0,405
50,191,74,74,0,0,405
304,266,230,182,645,728,405
600,683,182,180,618,676,405
0,84,86,107,345,0,405
523,628,147,183,566,598,405
298,415,144,107,493,0,405
121,245,130,96,508,583,405
189,352,124,140,0,401,405
0,39,66,63,0,0,405
142,321,118,75,493,329,405
144,209,122,145,559,630,406
298,360,36,82,0,0,406
77,214,53,84,0,0,406
763,512,190,120,671,770,406
892,382,156,72,700,777,406
0,34,123,104,494,396,406
25,127,166,90,457,427,406
0,109,39,79,0,0,406
0,42,98,93,0,0,406
0,119,63,78,0,0,406
155,294,98,127,474,585,406
192,293,124,106,540,599,406
86,218,78,83,462,407,406
0,93,25,73,558,696,406
361,276,132,109,522,614,406
43,164,43,95,426,587,406
0,60,152,162,488,633,406
397,477,96,151,0,474,406
465,520,128,180,630,696,406
746,445,151,173,547,569,406
11,156,94,116,0,0,407
492,534,188,177,542,667,407
26,169,58,156,0,0,407
0,104,99,69,378,525,407
634,575,73,105,481,565,407
412,558,142,149,593,647,407
0,35,20,86,0,0,407
42,163,93,147,0,0,407
77,217,152,194,0,0,407
6,118,57,71,0,0,407
17,146,137,115,0,0,407
0,111,26,69,0,0,407
24,153,40,91,0,0,407
0,52,100,53,0,0,407
16,101,37,78,476,526,407
191,356,73,129,0,0,407
351,352,210,130,617,726,407
0,106,129,127,0,0,407
0,50,51,86,0,0,407
342,315,119,95,389,572,407
978,600,170,130,494,552,407
41,152,132,73,0,0,407
287,299,72,78,0,0,407
459,413,111,114,0,516,407
33,139,51,91,436,527,407
498,594,80,106,0,450,407
156,244,138,120,0,0,407
187,356,99,151,0,0,407
156,261,117,115,0,0,407
787,464,179,87,559,601,407
7,143,32,64,0,0,407
309,426,98,100,0,0,407
153,347,37,149,0,0,407
0,39,157,153,546,643,407
0,81,113,73,0,0,407
192,296,82,129,0,0,408
527,526,61,118,0,0,408
2,102,135,91,416,0,408
0,29,40,98,0,0,408
29,171,29,58,0,0,408
54,191,67,143,0,0,408
30,169,198,126,433,475,408
256,347,167,137,500,523,408
0,30,102,105,0,0,408
935,379,179,123,627,697,408
15,84,48,60,0,0,408
0,106,130,79,590,673,408
189,323,81,133,0,0,408
2,99,92,77,363,545,408
316,387,156,118,565,524,408
0,58,192,107,465,574,408
231,312,208,76,649,684,408
89,183,32,51,290,544,408
0,69,34,104,0,0,408
0,89,37,46,36,0,408
0,100,67,51,0,0,408
708,655,158,150,565,655,408
1,120,50,123,0,0,408
461,585,129,122,0,0,408
360,490,99,145,0,547,408
185,235,123,117,0,0,409
142,284,102,138,0,439,409
271,315,201,195,543,697,409
267,452,122,182,496,397,409
171,296,120,116,0,0,409
58,212,40,127,0,0,409
24,138,215,96,0,0,409
690,524,65,119,551,691,409
221,222,102,122,0,0,409
573,502,156,126,555,645,409
571,521,132,161,340,0,409
245,379,137,113,0,0,409
0,71,93,97,560,654,409
42,129,123,110,0,0,409
38,177,94,147,0,0,409
0,68,64,107,0,381,409
0,68,138,123,0,0,409
549,501,105,130,496,614,409
145,297,90,131,0,450,409
0,110,31,115,0,0,409
723,756,250,158,669,734,409
111,162,39,90,0,0,409
57,193,170,142,395,354,409
936,967,202,174,634,694,409
0,33,101,124,0,0,409
0,83,43,100,0,0,409
39,145,92,83,445,479,409
332,284,141,104,314,400,409
10,105,146,84,542,496,409
0,36,63,60,0,495,409
25,183,78,102,0,0,409
122,255,123,164,0,0,409
0,68,100,61,0,0,409
251,389,117,180,0,0,409
279,458,133,136,0,0,409
523,389,167,157,558,700,409
21,149,47,72,0,0,409
0,72,64,84,0,0,409
68,180,166,98,571,617,409
242,441,51,73,0,0,409
128,318,58,94,0,0,409
686,459,223,129,512,639,409
0,67,46,80,0,0,409
0,60,138,139,0,0,409
70,170,56,85,0,0,409
366,395,146,137,562,653,409
0,85,166,122,580,576,409
108,251,69,76,0,0,409
0,71,122,96,194,0,409
14,127,56,95,156,0,409
178,293,84,87,0,0,409
0,42,164,154,518,558,410
193,190,129,170,387,585,410
764,593,160,117,617,725,410
484,525,142,113,546,629,410
289,425,60,98,0,0,410
537,494,158,263,664,747,410
377,356,133,104,483,595,410
0,49,108,134,0,442,410
669,623,120,121,574,639,410
587,722,136,204,498,592,410
18,155,137,94,0,0,410
0,82,112,87,0,0,410
358,526,28,112,0,0,410
46,172,86,93,452,478,410
32,101,128,87,466,504,410
23,160,33,117,0,0,410
0,50,49,51,0,0,410
830,702,89,151,632,696,410
0,61,42,84,0,0,410
286,249,110,141,0,0,410
155,219,85,83,0,0,410
276,421,62,121,0,0,410
90,179,78,86,0,0,410
21,163,71,137,0,0,410
831,787,155,175,596,700,410
164,222,42,81,458,549,410
191,306,151,168,491,545,410
0,51,60,44,0,0,411
22,167,35,65,0,0,411
20,160,128,167,0,0,411
116,178,91,80,242,404,411
0,43,37,107,0,0,411
213,321,163,117,495,629,411
598,496,181,150,665,755,411
196,170,118,64,448,569,411
5,103,167,99,428,398,411
0,25,23,87,0,0,411
179,221,149,140,430,542,411
932,824,70,136,616,706,411
53,194,142,91,487,0,411
290,374,131,134,533,583,411
70,185,33,87,0,63,411
48,128,140,120,628,691,411
770,629,171,115,701,766,411
859,492,139,106,617,699,411
1,118,76,77,0,0,412
102,178,67,101,481,590,412
22,143,92,92,0,0,412
734,687,61,151,641,728,412
352,261,120,116,312,356,412
162,283,123,151,567,657,412
0,34,83,107,0,0,412
82,177,73,88,0,0,412
73,206,108,119,204,0,412
0,72,78,93,0,0,412
646,486,226,156,696,767,412
194,256,52,149,619,695,412
613,264,151,75,652,736,412
0,96,88,88,0,0,412
694,832,88,142,537,606,412
523,559,102,154,541,598,412
932,817,196,135,606,684,412
193,277,149,98,640,720,412
885,651,133,109,629,717,412
63,187,98,71,538,522,412
0,78,67,73,542,622,412
73,215,107,84,529,542,413
256,339,142,72,664,733,413
551,300,128,97,749,823,413
59,138,152,127,517,638,413
68,207,36,74,390,610,413
301,277,82,65,469,637,414
0,58,47,68,0,0,414
69,85,210,97,578,565,414
3,78,83,53,506,576,414
0,82,171,81,599,625,414
737,594,98,79,678,753,414
692,596,75,136,611,716,414
489,337,130,111,497,592,414
0,65,79,95,0,0,414
0,26,64,67,320,477,414
227,389,71,96,0,0,414
136,261,66,96,524,561,414
620,487,86,141,635,702,414
100,176,26,97,0,0,414
519,515,19,99,462,628,414
311,266,97,94,564,632,414
62,172,99,65,595,688,414
82,197,136,59,340,364,414
254,199,136,130,605,685,415
112,107,35,60,0,411,415
108,151,137,94,618,668,415
493,432,181,89,521,605,415
253,368,74,135,386,427,415
0,61,96,65,348,0,415
35,155,49,78,0,0,415
121,228,151,125,549,555,415
110,259,138,146,416,0,415
124,167,123,110,335,390,415
0,39,108,85,413,518,415
478,459,86,61,480,562,415
0,42,91,96,427,467,416
133,287,58,50,603,678,416
180,287,75,103,262,0,416
186,263,137,81,624,706,416
200,272,150,102,440,0,416
753,764,93,184,542,612,416
10,128,47,57,0,0,416
11,125,59,64,621,696,416
82,248,48,90,0,0,416
0,37,49,76,0,0,416
336,268,118,130,542,679,416
0,74,54,108,358,452,416
476,543,134,92,608,688,417
315,416,141,144,578,655,417
849,542,87,157,714,809,417
147,298,118,138,0,0,417
184,320,87,119,459,0,417
521,371,111,126,585,654,417
742,546,181,136,671,719,417
683,811,149,152,540,576,417
257,356,136,121,581,667,417
0,85,121,108,345,457,417
113,220,185,106,371,0,417
42,165,66,103,292,116,417
0,94,91,77,478,542,417
295,441,110,109,581,670,417
0,49,46,50,0,0,417
103,177,75,89,492,619,417
195,247,161,115,668,745,417
373,302,110,59,0,247,418
499,337,108,91,553,636,418
0,51,80,87,0,0,418
0,62,13,55,0,0,418
302,289,44,65,0,0,418
288,235,97,116,0,0,418
449,608,127,122,560,583,418
673,317,141,98,533,650,418
0,46,139,68,502,0,418
755,631,74,117,0,0,418
16,69,114,84,508,545,418
213,353,140,109,456,0,418
0,54,68,67,0,0,418
865,821,118,142,629,723,418
722,700,124,189,594,693,418
962,663,111,80,667,736,419
413,480,127,110,314,0,419
2,105,26,65,52,0,419
450,335,84,79,605,646,419
272,273,60,164,579,663,419
240,422,154,148,470,436,419
0,30,53,77,0,140,419
0,48,90,65,344,0,420
104,205,132,105,411,0,420
0,53,64,69,0,0,420
575,341,124,139,620,685,420
0,54,65,69,0,0,420
324,307,96,142,577,649,420
726,561,129,65,606,661,420
155,203,48,95,279,289,420
610,636,108,125,434,550,420
684,631,191,146,639,677,420
51,109,103,59,581,665,421
964,823,106,155,593,710,421
338,399,97,129,629,706,421
488,423,126,106,582,640,421
18,116,19,76,0,0,421
31,146,107,80,526,509,421
170,236,65,100,0,0,421
2,112,38,63,0,0,421
93,176,92,36,483,411,421
0,30,125,87,0,0,421
57,203,17,101,0,0,422
172,283,176,63,595,650,422
95,151,91,165,0,0,422
170,323,117,70,570,579,422
215,336,69,110,582,689,422
0,24,111,65,547,514,422
336,421,47,106,0,0,422
67,207,148,80,423,0,422
0,76,141,92,511,499,422
87,145,79,48,450,397,422
44,181,18,116,0,0,422
497,457,61,77,593,690,422
85,158,29,70,0,0,422
123,307,20,109,0,0,422
903,418,92,86,632,707,422
0,29,19,83,176,206,422
26,79,134,89,0,0,423
0,96,56,63,0,0,423
0,35,97,77,426,465,423
0,89,115,102,0,0,423
655,467,150,115,536,601,423
0,44,112,144,437,520,423
29,145,31,81,0,0,423
394,446,107,122,541,628,423
0,80,86,72,510,507,423
514,582,143,105,645,707,423
739,908,71,150,0,521,423
637,819,163,115,445,417,423
284,421,158,123,454,0,423
263,457,169,157,0,0,424
430,303,92,73,0,414,424
0,25,40,76,0,0,424
0,41,36,60,362,196,424
0,32,17,53,0,0,424
0,77,94,87,501,607,424
36,86,138,90,497,441,424
0,81,51,60,513,582,424
634,379,264,119,549,610,424
0,35,72,70,401,470,424
0,126,30,67,0,0,424
0,80,86,79,0,0,424
144,276,123,107,429,370,424
0,110,28,122,0,0,424
844,524,77,136,610,713,424
193,248,73,68,0,0,425
767,565,113,139,521,632,425
0,48,68,57,493,407,425
62,155,143,65,568,629,425
628,442,77,147,618,719,425
205,355,115,113,433,456,425
18,142,20,58,0,0,425
187,173,115,68,0,0,425
75,241,27,104,0,0,425
13,63,90,60,539,597,425
501,272,68,127,620,709,425
92,178,149,118,430,262,426
101,219,148,90,437,0,426
239,309,125,149,581,629,426
331,437,91,116,535,630,426
621,396,103,109,592,672,426
468,503,95,79,529,628,426
18,127,48,104,469,579,426
170,177,50,45,419,528,426
152,243,117,52,405,455,426
237,261,87,69,619,676,426
272,435,87,105,500,577,426
531,642,54,108,0,0,426
195,316,116,144,478,517,426
0,99,108,158,483,596,426
19,141,55,69,392,479,426
66,211,66,119,0,0,426
236,321,78,79,0,0,426
124,218,99,101,481,621,426
157,272,43,85,0,0,427
0,32,79,86,386,538,427
0,26,56,57,81,0,427
539,318,217,74,652,707,427
194,347,51,120,497,507,427
966,507,94,128,634,686,427
134,202,100,57,193,0,427
7,122,103,92,0,0,427
377,518,114,192,514,596,427
0,70,57,86,0,0,427
686,521,83,108,619,719,428
117,226,113,71,452,0,428
152,227,136,124,484,433,428
204,162,98,78,612,709,428
0,55,64,87,0,0,428
0,76,61,62,392,0,428
0,47,38,62,473,584,428
346,400,120,177,629,704,428
395,419,143,137,546,593,428
779,707,98,127,675,746,428
178,307,30,72,0,0,428
0,100,74,101,0,0,428
175,241,36,70,0,0,428
666,447,98,92,647,702,428
0,89,25,104,0,0,428
620,675,72,139,623,719,428
493,621,105,135,569,601,428
2,111,20,61,0,0,428
45,143,102,111,0,0,428
82,186,43,51,555,610,428
929,767,94,146,687,766,428
543,483,104,129,578,646,428
27,162,16,43,0,0,428
504,345,165,82,592,632,429
758,740,181,192,601,673,429
182,217,111,147,512,565,429
902,780,101,93,569,667,429
111,185,89,78,0,0,429
432,287,70,110,473,588,429
38,159,30,74,451,657,429
71,202,29,100,0,0,429
40,86,67,52,217,0,429
736,372,204,106,721,786,429
730,856,119,131,620,704,429
54,211,138,127,488,433,429
196,208,62,71,247,489,429
255,303,78,56,445,464,430
161,246,35,83,0,0,430
365,429,59,125,0,535,430
138,264,64,101,0,274,430
381,537,43,139,0,0,430
0,33,57,75,0,0,430
273,245,118,62,499,596,430
807,456,154,131,540,655,430
51,93,176,64,679,706,430
0,80,51,57,0,0,430
439,365,77,141,582,669,430
352,453,72,102,415,568,430
21,139,60,128,317,442,431
711,648,93,143,701,774,431
522,491,136,136,610,647,431
775,524,131,117,630,671,431
0,88,25,78,0,0,431
0,88,51,69,0,0,431
70,210,88,72,0,0,431
0,70,73,100,220,0,431
678,480,148,96,557,648,431
187,337,71,138,480,542,431
732,849,206,168,561,634,431
78,197,71,98,291,296,431
24,142,77,101,0,0,431
197,172,136,85,650,680,431
260,302,132,166,583,664,431
0,82,24,37,0,0,431
0,29,27,67,0,0,431
169,166,43,97,0,0,431
379,298,127,90,549,450,431
0,111,51,64,0,0,431
129,258,57,113,383,507,431
633,530,60,99,548,654,432
616,746,181,188,579,625,432
231,199,190,89,672,731,432
529,618,121,97,630,658,432
877,781,76,127,559,633,432
711,554,123,176,612,677,432
65,119,39,63,0,0,432
0,91,16,77,0,0,432
70,186,75,88,0,0,432
704,383,174,76,576,615,432
0,55,24,67,0,0,432
0,94,92,122,0,0,432
186,274,99,140,0,0,432
287,321,168,107,0,474,432
280,258,148,111,599,640,432
913,559,137,113,617,693,432
163,233,158,106,562,657,432
427,392,170,97,515,531,432
0,47,98,104,308,0,432
126,192,178,68,534,552,432
340,316,118,135,526,560,432
170,277,148,107,0,0,432
338,481,111,144,517,584,432
143,174,83,111,495,468,432
0,67,31,70,0,0,432
0,37,62,77,262,0,432
0,36,45,61,0,0,432
0,70,71,78,0,0,433
663,546,54,88,686,762,433
166,222,100,106,0,426,433
482,507,169,172,646,713,433
113,165,57,85,0,0,433
0,32,87,108,349,524,433
350,421,160,158,555,605,433
130,220,182,101,595,654,433
69,207,116,104,0,0,433
112,168,17,92,0,0,433
149,264,198,171,512,514,434
690,590,165,114,635,711,434
83,213,54,68,0,0,434
0,54,25,84,0,0,434
83,189,15,74,0,0,434
99,228,73,100,0,0,434
0,35,56,62,0,49,434
0,90,73,95,296,0,434
252,422,75,99,435,569,434
219,359,46,69,0,0,434
114,185,87,119,0,0,434
181,319,75,108,438,511,434
119,259,71,110,0,0,434
0,56,37,108,0,0,434
172,264,81,119,154,0,434
825,535,141,120,678,767,434
473,344,69,78,586,682,435
756,629,159,142,606,689,435
928,688,270,181,700,758,435
327,305,85,70,533,623,435
0,56,71,86,0,0,435
297,339,79,65,533,647,435
369,256,126,62,675,764,435
149,318,74,45,0,0,435
58,130,40,95,0,0,435
102,109,57,58,463,548,435
826,729,155,208,730,807,435
100,201,33,93,0,242,435
0,63,85,84,0,0,435
165,250,99,117,0,382,435
151,308,150,154,551,614,435
540,474,118,175,641,725,435
234,365,32,97,71,0,435
944,888,230,158,582,629,435
101,257,110,111,564,660,435
57,194,59,92,0,0,435
371,484,217,127,605,671,435
84,145,70,80,0,0,436
0,30,54,67,0,0,436
759,567,99,88,655,761,436
0,75,32,51,0,0,436
930,957,109,169,571,634,436
187,246,62,105,0,0,436
937,902,167,195,576,681,436
0,53,23,42,0,0,436
151,277,158,115,533,644,436
123,239,118,117,475,557,436
245,271,126,121,617,649,436
589,624,135,95,642,713,436
33,150,148,124,588,636,436
330,299,158,119,329,0,436
0,60,68,87,0,0,436
736,635,121,154,557,676,436
0,103,29,87,0,0,436
0,81,37,57,0,0,437
147,302,189,118,469,0,437
19,125,81,111,0,0,437
281,394,90,170,0,0,437
0,83,48,108,0,0,437
228,355,114,98,369,443,437
0,38,92,63,0,551,437
23,170,36,56,0,0,437
236,385,105,100,0,266,437
125,277,103,95,0,0,437
112,239,121,142,459,552,437
453,529,159,134,262,344,437
50,147,79,65,0,0,437
383,367,181,121,477,0,437
817,631,188,153,701,765,437
418,285,257,168,611,664,437
180,328,89,111,0,0,437
926,461,160,103,602,710,437
78,140,74,77,393,462,437
732,809,102,214,507,616,437
25,168,122,142,0,0,437
635,562,139,131,656,753,437
11,120,62,76,0,0,437
536,415,205,118,532,628,437
0,43,60,64,0,0,437
0,98,72,97,0,0,437
160,268,131,107,0,0,437
0,53,96,78,0,0,437
23,124,24,65,0,0,437
642,445,79,85,619,718,437
0,90,75,77,0,0,438
47,177,62,126,0,0,438
13,136,35,94,0,0,438
9,108,109,92,0,0,438
24,139,49,80,0,0,438
311,344,240,166,579,628,438
186,199,133,100,0,0,438
0,32,118,74,549,594,438
528,468,172,217,574,626,438
662,582,182,119,641,696,438
0,120,140,117,0,0,438
0,79,97,93,0,0,438
0,64,112,48,322,0,438
331,275,123,86,0,0,438
0,48,39,64,0,0,438
162,259,66,70,0,165,438
0,67,83,119,0,0,438
165,271,94,157,0,0,438
554,541,94,104,467,490,438
512,572,159,127,566,608,438
5,125,122,61,496,479,438
411,400,249,171,582,656,438
11,152,116,83,377,172,438
712,574,214,172,615,662,438
0,22,156,71,526,528,438
143,285,98,145,0,0,438
371,466,89,157,491,594,438
118,267,21,50,0,0,438
431,595,122,149,290,0,439
0,22,70,118,0,0,439
258,418,191,133,544,554,439
113,161,207,176,593,653,439
193,295,101,93,547,653,439
982,764,193,115,624,717,439
0,48,82,130,0,0,439
935,510,139,97,615,683,439
182,312,82,130,0,0,439
410,581,112,87,503,542,439
718,571,229,113,634,703,439
237,344,149,166,658,713,439
177,325,86,66,445,576,439
336,226,168,89,446,584,439
756,661,239,137,592,626,439
247,314,122,89,553,599,439
535,550,162,137,644,713,439
0,59,81,69,488,428,439
185,389,33,114,0,0,439
185,283,78,112,0,0,439
166,288,50,50,0,0,439
0,67,15,60,0,0,439
126,262,67,93,501,644,439
328,378,76,114,0,0,439
704,477,131,84,650,712,440
113,186,170,89,613,668,440
272,250,82,149,621,715,440
71,161,134,89,439,500,440
208,203,199,131,645,729,440
0,36,259,130,625,643,440
367,491,122,133,585,689,440
650,567,89,104,505,508,440
124,177,144,53,611,673,441
194,302,24,92,351,537,441
123,215,157,85,505,557,441
51,175,81,80,0,0,441
24,136,118,141,568,600,441
76,192,121,93,414,583,441
157,180,69,77,515,479,441
3,112,14,98,0,0,441
366,372,106,111,471,619,441
0,63,16,64,0,0,441
150,304,39,135,0,361,441
34,176,32,103,0,0,442
0,79,101,79,0,0,442
16,106,111,93,190,0,442
600,349,190,115,686,743,442
0,32,66,78,509,617,442
0,74,19,92,0,0,442
0,45,25,53,496,583,442
390,207,50,71,664,755,442
182,231,141,119,415,246,442
0,91,130,142,0,0,442
34,168,77,106,0,0,443
479,390,154,82,589,639,443
629,688,136,174,597,684,443
27,158,65,103,0,0,443
473,343,242,96,608,639,443
640,572,144,163,683,748,443
404,391,143,210,683,755,443
843,556,141,108,662,729,443
180,258,66,67,497,602,443
0,47,84,66,0,0,443
680,362,112,155,626,690,443
0,52,35,74,0,0,443
56,184,55,78,0,0,444
0,84,135,122,554,584,444
150,206,65,120,148,0,444
0,73,71,90,0,0,444
285,405,153,161,651,713,444
75,223,19,78,0,0,444
368,285,42,128,598,679,444
315,414,132,135,588,635,444
307,353,101,138,327,485,444
192,286,86,85,494,552,444
220,367,62,110,0,0,444
62,165,81,99,579,626,444
349,327,63,111,0,0,444
0,49,42,74,0,0,444
437,461,102,158,409,587,444
65,159,158,118,561,573,444
42,132,77,112,0,0,444
930,943,183,156,589,600,444
268,322,86,83,0,0,444
166,300,39,112,513,608,445
837,371,166,117,627,694,445
873,612,115,97,598,653,445
335,290,114,138,578,637,445
456,456,98,77,530,553,445
185,338,86,93,0,0,445
975,547,216,92,667,713,445
17,119,159,126,408,0,445
0,90,74,100,0,0,445
23,97,104,79,557,570,445
0,100,94,88,0,0,445
191,311,57,100,0,0,445
521,482,205,112,616,675,445
0,40,93,84,247,0,446
224,384,97,165,0,0,446
519,345,145,110,698,784,446
13,132,106,93,0,0,446
106,217,164,152,451,0,446
923,360,135,141,714,790,446
399,447,144,141,569,585,446
814,480,121,106,645,727,446
266,389,130,134,564,608,446
510,593,21,96,561,708,446
161,275,98,137,0,384,446
61,145,54,103,466,591,446
328,415,175,114,552,640,446
56,153,37,47,614,706,446
42,185,96,73,0,0,446
301,459,170,189,488,471,447
0,24,122,85,296,0,447
103,232,70,108,0,0,447
465,345,122,109,618,691,447
15,130,64,94,414,0,447
301,360,181,98,579,671,447
0,41,15,41,0,0,447
119,219,23,53,0,0,447
0,73,42,71,0,0,447
65,119,214,91,638,687,447
66,159,51,80,278,0,447
737,435,107,86,672,741,447
561,532,120,120,644,727,448
146,149,150,73,601,636,448
959,822,91,145,573,640,448
117,230,72,118,0,0,448
557,495,173,74,600,672,448
733,662,193,128,678,733,448
452,447,177,112,618,681,448
139,272,127,127,356,0,448
52,180,90,98,258,415,448
119,252,87,87,377,506,448
565,646,70,69,429,448,448
105,247,113,83,526,587,448
256,383,95,134,312,0,448
223,321,90,98,358,558,448
406,524,137,98,423,0,448
559,443,90,114,434,558,448
480,375,75,107,712,811,448
595,649,122,141,619,700,448
136,208,120,121,617,690,448
30,164,148,128,421,0,448
595,372,137,145,0,454,448
496,313,163,104,441,367,448
0,126,13,109,0,0,448
769,694,151,93,619,658,448
173,144,58,68,100,0,448
0,27,53,84,0,0,449
266,255,37,62,0,589,449
226,258,228,94,644,706,449
0,88,56,43,319,0,449
293,206,144,60,576,675,449
72,233,24,81,0,0,449
329,379,133,88,551,589,449
131,248,53,135,260,304,449
785,484,138,86,647,734,449
416,495,95,128,578,676,449
0,107,82,79,0,0,449
0,87,90,94,0,0,449
63,209,116,101,484,601,449
0,67,13,46,0,0,450
294,315,108,91,534,606,450
77,164,104,45,530,515,450
485,269,95,116,701,784,450
322,284,145,161,544,618,450
97,246,31,96,0,0,451
143,296,49,82,0,0,451
0,55,228,102,531,359,451
0,33,39,74,568,694,451
683,419,152,121,615,676,451
0,54,88,115,417,467,451
887,559,70,88,691,789,451
616,598,162,128,600,658,451
146,251,65,104,525,512,451
89,260,41,59,354,463,451
277,295,118,102,615,680,451
0,48,61,58,477,590,451
0,70,188,131,548,554,451
224,332,39,100,421,603,451
945,636,49,98,607,686,451
271,369,108,112,399,495,452
378,316,74,90,453,568,452
479,269,190,129,705,770,452
181,254,83,79,0,518,452
0,100,130,97,583,639,452
162,324,12,90,0,0,452
76,186,120,103,348,0,452
0,34,54,61,0,0,452
0,75,70,91,405,188,452
0,73,51,53,418,304,452
0,28,14,87,0,0,452
603,624,151,93,695,757,452
31,114,300,88,656,698,452
124,211,40,94,0,0,452
55,190,67,77,373,458,452
0,90,69,80,0,0,452
8,117,85,107,0,545,452
21,87,40,47,0,0,452
49,154,67,122,420,571,452
464,540,130,147,608,678,452
0,75,18,66,0,0,452
0,38,157,108,537,551,452
0,26,46,75,485,611,453
533,493,115,80,552,584,453
212,198,161,112,516,585,453
0,94,82,64,435,0,453
365,339,155,116,553,650,453
5,105,110,144,575,684,453
400,500,112,95,535,596,453
592,395,155,129,536,648,453
104,215,136,157,0,398,453
635,535,101,84,659,724,453
0,70,41,53,0,0,453
518,510,86,127,577,692,453
40,160,110,93,539,524,453
206,207,156,108,0,116,453
0,72,53,101,0,0,453
258,404,200,154,604,630,453
188,325,125,128,560,567,453
16,121,44,67,0,0,454
498,399,201,162,576,663,454
82,166,48,86,0,0,454
289,287,79,184,575,640,454
4,77,158,70,532,459,454
24,126,124,96,337,483,454
96,217,174,115,563,548,454
49,195,39,65,0,0,454
104,269,52,107,0,0,455
0,52,30,86,494,560,455
0,53,94,95,512,539,455
192,243,116,105,504,543,455
0,61,112,59,533,456,455
398,501,147,105,280,267,455
0,26,74,98,61,0,455
257,352,53,84,485,652,455
764,720,109,80,646,704,455
99,190,81,114,517,589,455
567,454,147,118,549,626,455
99,123,112,94,0,0,455
421,429,151,130,488,597,455
231,342,183,141,611,669,455
0,30,115,109,0,0,455
239,405,172,144,632,682,456
307,390,54,58,644,715,456
69,147,66,104,545,564,456
14,95,43,101,0,0,456
502,359,277,91,637,656,456
244,299,180,161,626,703,456
293,277,169,147,607,674,456
41,131,137,71,534,615,456
200,241,37,87,604,732,456
0,89,24,76,428,463,456
228,257,32,64,387,600,456
49,190,30,46,0,0,456
0,64,21,48,0,0,456
270,326,174,90,505,587,456
0,53,20,57,0,0,456
94,242,27,66,0,0,456
423,530,105,93,512,397,456
242,372,61,133,609,693,457
0,49,85,48,537,470,457
86,246,72,107,0,0,457
442,586,140,165,573,637,457
523,563,108,186,698,778,457
152,264,102,104,444,0,457
143,204,58,68,489,661,457
0,90,22,41,0,0,457
0,46,64,59,0,0,457
0,53,82,89,0,503,457
49,180,77,123,379,329,457
0,32,106,107,0,0,457
46,111,14,61,515,652,457
2,83,79,98,0,0,457
94,223,59,60,0,0,457
0,38,137,69,159,0,457
499,501,133,117,551,638,457
39,151,47,84,0,551,457
284,315,81,63,404,0,457
287,317,133,112,599,708,457
209,411,104,108,0,0,457
0,35,69,86,571,674,457
0,32,78,121,477,555,458
45,159,25,61,0,0,458
540,498,94,94,554,623,458
32,102,197,131,556,585,458
530,522,189,137,576,628,459
561,574,115,138,0,0,459
0,55,71,108,0,0,459
915,722,133,103,640,716,459
67,186,73,81,466,210,459
0,68,83,88,528,624,459
32,135,98,117,464,301,459
168,317,102,140,0,0,459
257,387,84,137,520,519,459
111,266,44,77,0,0,459
241,394,46,125,0,556,459
0,60,45,79,0,0,459
32,150,126,136,0,0,459
0,74,103,71,423,446,460
489,515,168,128,638,704,460
48,143,35,54,282,0,460
0,58,141,102,555,561,460
96,207,66,103,0,0,460
395,455,40,112,0,0,460
292,368,36,98,485,629,460
0,84,30,67,109,0,460
0,40,61,56,0,491,460
0,54,26,46,193,0,460
534,557,97,140,557,654,460
134,206,144,128,591,678,460
0,84,110,96,311,321,461
338,325,105,122,0,0,461
513,382,137,133,670,745,461
634,494,123,159,544,654,461
595,516,127,101,527,612,461
551,373,133,124,659,713,461
436,315,183,93,622,637,461
26,166,22,82,0,0,461
200,355,70,98,0,0,461
70,104,141,66,518,97,461
43,193,45,98,0,0,461
110,172,31,104,341,593,461
95,255,22,60,0,0,461
723,732,136,151,590,630,461
0,60,114,109,437,0,461
63,162,62,39,466,495,462
3,117,86,108,0,0,462
764,969,192,235,582,618,462
980,434,169,86,709,766,462
0,111,25,85,0,0,462
0,67,93,117,437,520,462
911,725,157,176,672,750,462
96,114,86,69,581,579,462
0,52,30,75,0,0,462
79,192,74,105,0,0,462
0,67,65,78,0,0,462
342,362,164,159,618,644,462
247,120,147,86,678,747,462
287,365,99,109,440,538,462
145,253,59,62,462,537,462
347,331,136,105,563,628,463
387,471,141,92,391,410,463
636,495,104,160,667,775,463
160,255,143,120,507,324,463
632,458,141,102,668,732,463
0,43,50,74,0,0,463
938,646,235,132,710,765,463
1,114,20,45,0,0,463
0,48,54,62,0,0,463
707,799,126,124,556,645,463
147,188,100,110,523,574,464
171,294,56,94,0,377,464
283,364,95,149,510,595,464
82,201,147,107,402,0,464
936,482,64,123,689,780,464
430,502,172,98,677,721,464
218,302,110,149,588,664,464
148,289,75,92,264,0,464
0,73,52,78,0,0,464
85,239,112,101,388,402,464
0,26,45,52,407,506,464
36,133,49,81,0,0,464
264,282,84,94,363,517,464
751,708,137,172,615,687,465
4,54,103,120,0,449,465
205,316,79,77,107,0,465
0,80,17,61,0,0,465
0,87,44,40,440,261,465
89,225,152,150,488,497,465
0,25,18,63,0,0,465
290,230,89,114,0,0,465
0,78,105,104,572,693,465
185,271,71,103,352,553,465
18,118,28,46,286,0,465
85,225,117,149,275,311,465
884,665,216,156,724,797,465
209,213,92,81,473,285,465
309,407,79,114,0,0,465
439,326,207,96,681,738,465
151,244,109,78,309,0,466
426,356,162,100,612,657,466
66,211,83,74,0,0,466
2,105,62,73,317,460,466
178,290,224,151,606,675,466
544,369,108,96,651,734,466
631,412,82,107,585,693,466
0,66,68,71,350,0,466
584,325,171,125,654,714,466
0,30,86,80,522,565,466
0,69,94,130,519,636,466
588,554,137,176,663,738,466
665,615,144,146,611,696,467
0,124,110,91,0,0,467
321,418,101,150,383,553,467
294,451,57,107,453,542,467
147,239,18,90,15,371,467
332,469,48,98,0,0,467
105,161,143,108,0,0,467
457,396,160,79,575,634,467
745,321,158,177,780,850,467
0,30,13,37,0,0,467
116,231,118,126,429,0,467
7,105,28,83,226,0,467
710,671,357,114,644,686,467
604,512,123,127,567,688,467
0,49,93,73,538,604,467
306,415,179,156,503,442,467
235,225,130,118,604,690,467
0,90,110,94,435,389,467
264,150,113,94,586,651,467
660,577,207,185,670,747,467
519,497,165,88,644,727,467
350,388,163,139,619,684,468
0,63,152,83,438,0,468
0,54,155,130,458,497,468
412,422,177,161,555,657,468
301,270,50,70,0,523,468
0,30,97,83,259,0,468
499,588,48,83,0,133,468
348,494,87,162,555,625,468
129,255,121,127,502,567,468
0,65,52,49,0,0,468
38,163,138,107,456,0,468
296,425,104,125,0,0,468
290,280,110,127,531,639,468
850,786,82,196,628,736,468
647,313,269,112,690,745,468
818,399,131,130,662,733,468
150,307,28,73,0,0,468
240,343,116,110,431,370,469
18,156,21,124,0,0,469
699,572,172,139,560,600,469
203,279,44,61,0,0,469
210,364,73,111,0,0,469
153,317,28,66,0,0,469
800,710,136,124,562,664,469
147,199,131,112,578,625,469
618,570,107,88,624,711,469
162,304,56,87,0,0,470
256,378,96,187,464,489,470
75,163,101,109,611,684,470
750,691,145,137,614,696,470
129,159,130,102,482,456,470
152,265,88,107,0,0,470
18,97,25,71,506,601,470
0,64,138,78,613,698,470
210,316,86,95,534,399,470
801,574,100,135,665,753,470
591,622,117,111,586,669,470
158,211,74,60,429,453,470
0,56,21,83,0,0,470
8,96,129,79,619,697,470
128,255,36,77,415,597,470
0,70,103,85,386,0,471
0,98,42,111,0,373,471
382,362,94,107,358,145,471
84,240,46,130,0,0,471
190,333,77,110,0,0,471
261,331,146,117,456,539,471
28,145,78,85,460,609,471
834,744,111,158,609,710,471
913,1008,222,224,625,674,471
769,363,101,108,725,790,471
605,587,136,99,642,702,471
224,363,74,90,548,585,471
0,64,77,52,424,0,471
102,241,114,175,325,549,472
49,190,16,75,0,0,472
331,342,87,108,0,0,472
0,69,108,88,0,0,472
226,184,177,79,410,548,472
486,505,123,152,594,682,472
365,462,191,120,374,0,472
282,336,105,68,0,0,472
239,265,93,98,467,618,472
420,487,71,126,0,341,472
203,291,144,187,526,624,472
521,616,54,125,557,657,472
577,267,116,71,656,749,472
729,761,78,162,590,683,472
247,256,180,85,583,602,472
550,354,195,77,540,605,472
451,449,105,145,591,660,473
891,733,178,167,725,797,473
123,160,164,142,583,647,473
0,76,26,81,0,0,473
58,140,165,109,485,477,473
693,398,156,121,644,733,473
217,334,126,114,0,0,473
73,200,124,110,161,0,473
540,655,213,181,652,709,473
10,133,86,128,276,531,473
550,534,147,72,618,703,473
106,191,110,117,465,558,473
293,240,144,121,593,625,473
523,562,96,135,482,668,473
351,474,70,68,0,0,473
0,52,43,64,0,0,473
0,98,59,75,0,0,473
0,100,80,73,476,459,473
371,397,129,137,127,378,473
368,338,228,137,680,746,473
657,602,166,131,610,666,473
484,393,165,157,443,661,473
0,25,118,121,242,0,473
283,439,139,116,475,552,473
365,381,133,103,577,669,473
434,605,110,148,0,0,474
329,433,93,93,581,561,474
166,306,65,98,323,666,474
127,252,69,127,0,0,474
0,28,55,105,0,0,474
77,182,75,97,0,0,474
270,256,69,64,626,729,474
9,110,99,111,304,0,474
546,406,175,100,474,614,474
167,308,83,117,0,0,474
464,385,77,136,596,695,474
152,285,118,136,0,0,474
0,103,209,84,576,528,474
158,233,31,72,0,615,474
94,227,120,178,0,0,474
365,454,171,127,355,516,474
56,171,81,96,531,652,474
0,28,48,55,413,0,474
0,65,109,85,0,0,474
827,681,223,131,577,655,475
293,401,21,90,0,448,475
288,410,34,119,0,0,475
199,237,151,171,283,379,475
0,57,118,126,0,0,475
208,227,38,84,210,381,475
631,643,76,131,599,702,475
65,156,127,95,500,426,475
841,782,131,140,561,624,475
876,560,156,93,696,773,475
0,47,87,110,510,555,475
836,516,56,175,674,772,475
10,139,40,58,0,0,475
0,77,29,59,459,381,475
119,275,130,83,500,316,475
0,101,64,86,0,0,475
222,264,61,102,0,0,476
465,564,134,183,600,673,476
163,182,187,84,501,444,476
530,616,95,109,598,720,476
50,130,121,83,514,502,476
155,257,98,156,490,605,476
46,139,154,111,539,610,476
0,78,144,69,506,446,476
460,480,126,174,0,477,476
628,468,150,89,688,767,477
320,231,169,111,648,713,477
0,47,48,97,0,0,477
617,695,193,200,579,628,477
48,135,163,117,299,0,477
0,51,49,115,0,625,477
12,107,167,77,512,344,477
791,454,149,128,644,723,477
55,172,94,94,475,300,477
0,30,62,77,0,0,477
0,41,76,63,0,0,477
732,451,185,111,706,758,477
139,274,178,117,554,645,477
0,94,222,124,612,540,477
50,201,69,111,0,0,477
151,321,73,97,310,0,477
58,149,68,108,0,0,477
0,57,138,83,555,614,477
113,182,175,89,592,638,477
138,171,175,123,0,432,478
84,196,81,132,0,488,478
0,98,79,86,0,0,478
239,294,140,139,558,601,478
255,260,122,77,575,642,478
477,276,220,99,668,719,478
0,82,16,50,0,0,478
155,177,130,86,622,696,478
0,115,118,69,0,0,478
258,193,98,70,543,585,478
483,463,151,117,622,686,478
193,300,60,64,385,185,478
137,276,61,136,0,0,478
43,146,34,72,0,0,478
1,129,25,74,0,0,478
160,241,78,104,395,272,478
0,87,51,75,0,0,478
752,482,136,118,595,693,478
80,161,189,96,651,711,478
910,500,191,141,667,716,478
0,39,46,64,356,0,478
0,81,150,129,309,489,478
714,382,280,105,663,744,479
130,196,68,66,0,0,479
359,332,209,115,630,682,479
0,84,39,73,351,0,479
27,151,34,107,0,0,479
426,292,163,148,652,735,479
726,510,159,82,690,764,479
529,474,131,79,652,715,479
599,530,62,79,557,642,479
99,255,160,99,613,657,479
0,79,76,71,338,432,479
274,315,105,150,592,646,479
140,284,30,101,0,511,479
60,160,100,105,0,0,479
444,436,103,87,286,520,479
88,245,95,105,0,0,479
128,210,71,127,419,573,479
0,64,133,116,404,354,479
629,475,214,99,615,695,479
465,403,111,59,595,653,479
0,58,163,80,619,451,479
432,380,111,151,458,688,479
361,359,89,83,297,448,479
0,69,125,82,390,155,479
83,162,47,53,0,469,479
975,687,153,125,617,693,479
451,503,142,93,613,689,479
252,256,74,74,447,601,480
162,236,64,73,555,682,480
82,198,94,66,531,597,480
0,94,30,88,0,0,480
340,480,61,83,258,479,480
608,488,163,100,629,700,480
54,175,68,111,0,0,480
672,527,101,154,631,737,480
89,152,160,80,661,716,480
397,499,183,190,541,502,480
313,315,116,72,620,706,480
0,91,37,98,0,0,480
238,321,67,63,432,502,480
22,144,14,92,0,0,480
272,376,23,94,0,0,480
438,484,119,95,717,798,480
145,272,102,158,527,624,480
0,103,62,134,413,623,480
0,29,57,85,0,0,480
661,573,112,122,651,731,480
27,115,59,63,0,0,480
6,85,145,134,558,613,480
130,166,93,63,552,602,481
144,217,161,84,576,660,481
22,128,46,80,0,0,481
47,118,86,56,0,0,481
11,75,102,83,586,693,481
298,448,92,156,432,221,481
31,143,70,82,249,151,481
433,309,184,118,659,738,481
401,313,174,88,629,706,481
0,85,85,102,470,0,481
0,63,83,101,91,299,481
112,206,151,116,611,687,481
591,626,188,205,517,618,481
126,274,70,95,0,0,482
0,50,36,94,0,0,482
293,322,107,102,596,671,482
73,203,15,71,0,0,482
172,310,59,85,0,0,482
622,374,176,95,739,848,482
0,23,17,45,0,0,482
922,673,157,106,643,725,482
0,61,60,61,0,0,482
0,52,161,112,611,619,482
237,209,131,69,579,606,482
589,495,87,108,665,724,482
183,357,75,120,538,592,482
642,257,136,86,718,788,482
316,435,167,83,571,621,483
0,49,87,138,0,371,483
418,478,158,139,593,693,483
495,420,205,134,658,724,483
216,173,155,127,555,633,483
169,288,61,75,534,653,483
653,574,85,132,582,668,483
275,455,65,78,0,0,483
0,39,25,63,0,264,483
443,299,121,116,586,671,483
367,395,126,166,542,624,483
0,24,21,50,543,611,483
180,294,122,91,562,636,483
183,254,146,159,267,352,483
33,133,101,61,570,608,483
7,73,95,81,531,574,483
0,40,35,56,0,0,483
139,298,50,98,0,0,483
43,176,122,148,0,0,483
200,276,115,111,465,512,483
0,47,166,76,561,579,483
0,74,21,93,0,561,484
308,372,139,140,642,712,484
28,145,48,85,0,0,484
624,590,159,126,589,659,484
556,514,189,159,649,719,484
0,36,29,83,0,0,484
434,493,138,107,645,727,484
206,248,151,147,435,0,484
248,345,71,110,0,0,484
599,463,166,150,625,672,484
655,558,37,122,628,721,484
421,381,60,81,465,517,484
120,176,164,75,452,446,484
336,461,184,104,644,702,484
191,251,101,78,491,610,484
123,263,129,131,309,546,484
334,439,143,128,0,0,484
784,592,96,90,610,689,484
359,365,143,98,497,639,484
324,279,95,108,538,672,484
120,222,44,61,0,0,484
15,124,89,85,377,461,484
0,52,18,53,0,0,485
125,261,60,121,0,274,485
0,58,118,83,241,546,485
874,684,157,108,510,584,485
581,463,161,173,692,779,485
593,578,212,183,685,744,485
201,249,89,101,553,618,485
215,337,132,98,502,0,485
274,283,222,93,624,652,485
185,175,210,157,628,669,485
0,43,127,69,496,511,485
4,106,46,118,0,0,485
38,124,48,73,469,387,485
0,59,33,88,0,0,485
972,794,123,102,647,746,485
261,303,44,127,401,309,485
83,230,116,81,483,0,485
720,378,113,125,621,681,485
0,26,39,65,0,0,485
403,401,153,95,589,634,485
806,707,81,113,601,689,486
642,318,169,84,715,798,486
490,499,76,65,567,629,486
639,507,143,161,707,775,486
373,312,165,108,516,648,486
506,317,146,165,680,753,486
21,142,171,159,446,0,486
0,60,20,44,0,361,486
0,112,55,95,0,0,486
401,339,194,120,602,677,486
46,155,101,83,511,380,486
663,481,129,114,581,672,486
0,81,54,57,0,0,486
0,49,64,75,0,0,486
128,217,80,114,0,0,486
293,350,71,83,445,603,486
17,120,23,65,0,0,487
110,214,68,98,0,0,487
618,543,71,109,546,681,487
43,140,59,81,0,0,487
66,114,90,116,353,0,487
285,337,92,54,584,646,487
430,382,186,158,572,633,487
499,559,123,162,559,615,487
440,531,178,191,662,727,487
0,75,44,77,451,542,487
654,475,182,132,635,726,487
144,261,51,104,489,501,487
160,296,145,146,357,532,487
294,418,131,155,430,447,487
629,504,95,173,627,699,487
22,152,25,52,0,0,488
11,94,112,83,526,587,488
834,391,164,72,675,754,488
629,638,92,161,657,744,488
146,182,126,130,564,628,488
441,445,113,103,0,0,488
189,177,107,53,419,487,488
264,347,92,89,455,511,488
215,195,98,91,607,637,488
123,190,122,113,516,505,488
0,106,27,94,0,0,488
50,169,131,105,474,0,488
421,405,135,95,562,646,489
466,488,92,93,508,577,489
57,185,91,103,0,460,489
970,659,161,97,536,608,489
212,198,135,101,468,590,489
138,253,108,73,589,669,489
118,176,40,74,0,0,489
192,290,140,143,538,615,490
0,105,113,143,0,0,490
29,172,63,74,0,0,490
2,76,153,86,576,575,490
0,43,99,104,598,658,490
74,122,150,119,0,0,490
17,129,42,98,360,443,490
541,454,114,100,540,561,490
695,508,110,122,615,673,490
253,367,105,123,572,622,490
561,464,104,166,629,693,490
0,99,46,36,0,0,491
489,464,186,156,530,623,491
377,249,104,48,445,528,491
205,264,23,73,413,624,491
201,192,91,74,231,0,491
151,250,155,186,495,630,491
6,139,62,101,0,0,491
90,104,97,97,604,704,491
354,385,77,95,535,646,491
0,26,66,74,0,0,491
279,423,193,111,622,682,491
292,454,232,130,561,571,491
8,92,60,40,446,510,491
812,730,146,165,609,690,491
0,80,187,69,584,574,491
889,593,190,172,719,788,491
150,277,79,86,378,0,491
358,401,125,161,595,656,492
971,592,135,112,700,771,492
216,362,88,64,0,522,492
707,402,127,103,664,741,492
207,193,156,108,567,608,492
277,265,96,116,593,674,492
0,85,98,150,0,0,492
0,96,252,122,587,588,492
891,784,128,134,716,795,492
346,391,108,81,512,631,492
0,65,19,47,0,0,492
0,85,133,94,546,634,492
620,505,85,129,668,756,492
839,692,110,136,524,649,492
0,52,86,134,0,0,492
148,296,51,108,454,580,492
638,451,121,121,637,714,492
433,409,31,93,568,690,492
702,461,88,110,388,429,493
91,211,108,121,254,459,493
563,437,77,79,0,0,493
0,72,20,68,0,0,493
3,113,140,72,551,610,493
15,151,22,60,0,0,493
0,63,29,74,0,0,493
667,672,96,113,626,702,493
508,635,140,139,596,667,493
22,122,52,49,513,629,493
915,1008,150,180,643,678,493
59,145,105,117,0,303,493
176,192,99,59,632,708,493
4,71,123,102,556,581,493
407,421,62,100,500,626,493
70,220,22,113,0,0,493
66,207,51,114,0,0,493
243,341,142,93,528,612,493
0,57,50,94,0,0,493
0,39,80,64,333,0,493
65,113,167,128,590,645,493
52,162,47,79,495,580,494
101,270,49,63,0,0,494
74,215,84,101,535,635,494
954,624,171,97,634,701,494
95,230,24,67,296,0,494
316,348,78,88,344,602,494
246,318,131,81,0,0,494
55,197,97,96,0,0,494
474,515,63,107,505,612,494
641,494,157,108,635,685,494
434,288,172,89,486,557,494
208,333,50,90,438,533,494
0,37,35,70,0,0,494
81,189,92,85,0,0,494
400,376,143,140,573,607,494
0,26,28,32,305,253,494
676,391,139,158,692,764,494
23,117,50,77,341,414,494
35,181,34,98,0,0,494
863,768,110,121,625,705,495
37,184,135,146,0,0,495
273,276,116,127,0,403,495
0,102,56,97,0,0,495
30,132,70,65,492,479,495
540,524,111,111,459,0,496
212,246,129,88,544,594,496
0,97,76,84,593,680,496
191,303,52,111,158,511,496
0,40,52,135,0,0,496
204,288,153,128,477,0,496
200,284,57,82,597,686,496
363,473,92,151,416,588,496
57,204,140,148,504,551,496
580,483,131,109,509,589,497
10,102,17,50,0,0,497
410,402,77,93,606,674,497
3,139,14,89,0,0,497
776,606,206,144,643,713,497
193,262,56,116,584,664,497
466,494,106,131,626,737,497
350,447,194,126,564,532,497
484,355,153,155,630,704,497
490,536,167,154,534,583,497
641,413,142,146,559,587,497
342,441,147,153,0,334,497
621,625,175,104,654,725,497
263,306,84,108,452,541,497
0,43,75,62,371,0,497
0,58,72,80,0,0,497
21,155,49,124,0,0,497
9,118,122,66,574,570,498
0,55,126,79,376,0,498
122,251,88,136,191,0,498
31,146,139,113,665,714,498
738,554,175,137,503,509,498
252,343,80,111,603,716,498
0,51,19,67,0,0,498
0,67,78,108,421,0,498
0,27,49,96,0,0,498
0,31,97,75,0,0,498
313,297,94,96,556,611,498
0,35,98,137,0,0,498
257,226,132,81,460,0,498
92,201,66,62,0,0,498
522,324,77,73,487,571,498
270,157,75,97,601,671,498
76,213,38,86,0,0,498
0,62,63,57,469,488,498
492,309,54,91,507,666,498
247,327,178,129,536,328,499
216,344,56,77,0,0,499
57,159,85,73,497,457,499
33,130,27,95,0,456,499
259,402,141,83,530,460,499
0,97,25,123,0,0,499
184,363,97,101,363,0,499
700,613,228,181,630,679,499
90,151,40,65,0,493,499
437,329,135,109,634,726,499
84,205,67,131,0,0,499
401,448,168,99,593,654,500
569,743,58,92,0,0,500
0,50,47,94,0,0,500
333,474,69,90,240,307,500
4,80,103,85,507,545,500
279,305,79,91,593,684,500
684,456,93,133,633,711,500
142,246,20,80,0,0,500
0,45,40,68,0,0,500
703,488,167,119,652,720,500
0,57,48,78,0,0,500
33,122,77,102,478,545,500
39,160,55,80,425,201,500
213,237,127,106,498,523,500
540,427,133,91,578,628,501
0,41,75,76,0,0,501
41,134,113,126,544,636,501
0,71,31,54,0,0,501
897,598,179,97,655,720,501
32,105,165,101,547,602,501
348,321,159,79,600,663,501
260,256,85,71,448,523,501
389,481,97,168,552,578,501
705,699,122,71,659,731,501
0,75,94,106,573,602,501
0,46,99,47,396,0,501
208,201,239,92,620,672,501
432,327,148,153,572,647,501
0,40,36,82,0,0,501
73,185,219,118,629,649,501
98,240,76,92,0,0,501
27,144,47,97,360,597,502
51,172,68,80,0,0,502
0,32,85,98,0,0,502
341,226,98,67,518,580,502
0,62,62,80,0,0,502
219,263,81,68,708,785,502
76,173,64,73,497,574,502
0,36,20,58,0,0,502
10,109,101,85,0,0,502
313,317,154,127,503,312,502
14,114,69,53,0,0,502
70,128,78,99,577,617,502
17,147,99,116,0,0,502
729,559,95,157,677,748,502
231,320,39,78,482,606,502
65,138,106,70,534,521,502
0,94,55,66,376,268,502
508,351,118,116,514,523,502
488,466,135,107,531,602,503
0,81,125,94,359,0,503
234,299,205,125,672,735,503
25,147,19,50,0,0,503
519,517,132,91,441,578,503
962,528,99,116,582,665,503
0,123,68,66,285,529,503
403,494,94,120,0,479,503
14,115,118,97,551,609,503
0,27,38,70,0,0,503
103,222,113,143,521,639,503
46,158,157,86,585,636,503
148,135,114,91,559,608,503
0,70,84,102,410,450,503
232,260,100,79,472,602,503
601,616,168,188,643,700,503
673,531,167,144,632,699,504
230,391,49,61,0,0,504
0,46,37,65,0,0,504
465,558,91,125,565,607,504
0,58,40,80,0,292,504
216,240,37,62,467,628,504
539,607,110,89,688,768,504
708,377,183,102,592,634,504
76,226,14,68,0,0,504
3,105,91,104,372,242,504
655,466,68,70,652,763,504
132,176,130,102,501,543,505
32,152,30,62,383,380,505
0,26,46,50,0,0,505
931,674,76,83,632,718,505
39,179,60,82,0,0,505
880,341,202,139,674,760,505
405,525,109,164,466,561,505
52,193,103,120,0,0,505
129,252,63,71,0,0,505
629,425,156,174,591,709,505
582,538,118,109,624,699,505
0,48,41,70,0,0,505
215,319,178,135,476,583,505
269,341,97,140,454,573,505
41,103,165,88,522,476,505
66,171,41,54,433,87,505
0,70,82,82,522,591,505
497,447,181,109,482,501,505
289,431,94,87,367,0,506
85,117,79,129,0,0,506
462,294,127,87,555,655,506
186,187,70,70,437,309,506
492,487,174,80,605,659,506
9,131,82,108,0,0,506
87,198,160,107,542,506,506
475,579,158,166,643,694,506
83,214,52,98,0,0,506
425,395,148,110,564,606,506
734,684,177,181,633,701,506
0,104,70,104,0,0,506
426,469,44,90,544,638,506
943,850,96,125,639,725,506
218,273,80,122,516,553,506
503,432,174,111,644,704,506
260,294,109,96,528,605,507
173,321,57,116,248,312,507
55,175,78,115,0,0,507
877,677,104,70,642,725,507
0,62,61,73,580,674,507
98,200,79,109,538,597,507
13,134,19,62,0,0,507
244,233,189,156,566,616,507
82,110,88,98,489,568,507
303,247,135,87,664,729,507
203,246,101,60,0,432,507
155,165,80,125,525,628,507
133,271,101,80,442,554,507
0,34,69,118,0,0,508
37,100,46,62,96,0,508
0,29,98,117,0,277,508
0,71,28,70,0,0,508
846,357,136,111,680,755,508
84,167,198,133,595,617,508
0,25,42,59,0,0,508
729,529,233,115,641,697,508
356,255,96,121,492,580,508
228,307,176,119,583,570,508
758,845,26,136,546,631,508
78,190,89,95,481,487,508
858,891,50,168,598,746,509
17,124,106,113,338,0,509
377,278,173,94,608,659,509
466,456,50,70,515,585,509
122,287,26,64,0,0,509
0,28,74,102,0,0,509
202,213,100,101,500,476,509
100,183,81,87,0,0,509
0,52,36,91,0,0,509
274,289,95,105,379,551,509
148,287,108,111,543,647,509
190,268,156,130,545,575,509
42,173,88,136,0,0,509
83,188,35,99,0,0,509
5,90,138,145,451,480,509
664,423,56,77,701,803,509
81,211,118,121,457,0,509
61,144,105,86,488,0,509
563,414,240,152,665,742,509
111,222,98,98,440,445,509
0,44,54,90,0,0,510
0,85,114,69,544,662,510
462,477,58,95,0,0,510
256,266,79,76,553,658,510
124,231,108,106,398,434,510
8,99,139,127,542,598,510
909,447,153,74,689,767,510
254,213,19,59,0,0,510
0,50,39,60,0,0,510
75,206,80,66,585,635,510
58,187,47,57,0,0,510
681,468,190,145,624,678,510
258,386,87,80,0,0,510
0,73,108,110,0,0,510
191,298,85,120,506,557,511
204,183,170,83,657,720,511
934,818,190,239,657,715,511
251,316,132,100,661,739,511
0,98,137,103,542,599,511
197,204,73,63,441,443,511
166,201,151,91,575,679,511
376,253,155,83,485,428,511
489,422,96,113,303,491,511
321,207,154,96,378,0,511
313,285,164,108,476,0,511
207,339,93,88,573,655,511
944,862,101,87,649,718,511
48,99,35,53,537,649,511
771,456,205,107,640,708,512
439,444,69,41,430,462,512
202,138,56,83,386,518,512
26,121,97,80,515,520,512
36,96,105,136,600,667,512
549,492,170,111,642,693,512
420,384,58,54,476,544,512
264,392,79,128,394,488,512
0,114,16,112,0,0,512
119,283,14,90,0,0,512
325,337,145,126,514,586,512
284,360,122,88,611,682,513
75,171,63,112,0,0,513
648,597,87,88,565,566,513
209,300,185,108,627,667,513
39,167,46,114,0,0,513
644,445,122,104,730,788,513
12,103,48,52,338,455,513
45,162,81,99,0,0,513
321,407,136,146,659,720,513
118,183,143,103,0,0,513
631,596,145,129,0,265,513
0,38,151,97,0,0,513
244,271,110,88,530,577,513
867,666,76,109,537,648,513
234,275,88,77,621,676,513
440,488,140,127,613,638,513
158,239,89,113,559,622,514
18,124,131,136,0,0,514
78,191,70,83,486,397,514
97,199,109,73,0,0,514
0,116,16,65,0,0,514
508,401,211,101,675,735,514
133,186,65,80,0,433,514
538,530,97,126,541,529,514
206,303,131,81,599,656,514
0,34,84,72,126,0,514
43,143,64,120,0,407,514
42,175,111,93,524,586,514
445,310,141,81,549,558,514
138,237,102,133,580,643,514
234,290,128,135,583,672,514
0,107,98,90,505,437,515
14,77,36,62,0,0,515
0,52,127,117,534,626,515
649,543,216,159,649,694,515
903,777,45,79,622,725,515
295,415,78,114,383,0,515
536,481,66,165,616,723,515
183,328,60,107,427,495,515
147,141,173,84,650,730,515
620,525,91,82,570,607,515
273,370,97,108,523,586,515
0,93,107,73,564,642,515
20,92,106,46,483,0,515
632,530,46,111,636,757,515
129,226,184,98,637,683,515
66,166,53,128,0,0,515
81,193,109,106,503,657,516
30,133,197,119,561,575,516
0,54,88,100,0,0,516
264,373,66,124,0,0,516
904,806,113,163,672,737,516
160,274,34,79,0,0,516
157,252,194,145,587,665,516
620,592,199,171,561,607,516
299,323,73,98,568,663,516
128,124,105,113,548,625,516
681,525,148,105,565,611,516
143,165,193,163,619,668,517
447,288,171,173,670,742,517
0,51,149,94,551,564,517
0,45,103,74,500,0,517
377,252,199,107,584,649,517
189,297,69,91,428,578,517
109,170,87,75,254,446,517
91,132,160,64,530,545,517
172,323,71,136,0,0,517
0,87,189,86,580,587,517
660,810,166,185,576,674,517
0,73,67,84,0,0,517
244,234,81,86,605,695,517
66,193,58,77,427,542,517
407,359,89,113,452,508,518
267,390,74,97,548,640,518
0,101,172,82,466,0,518
764,831,129,164,601,658,518
140,316,109,98,327,0,518
0,99,85,79,399,309,518
0,36,15,93,398,551,518
0,31,62,81,0,0,518
71,157,104,78,485,440,518
0,31,68,124,0,0,518
82,183,63,78,433,456,518
533,521,120,140,617,676,518
574,607,127,209,693,765,518
14,139,115,55,447,405,518
0,36,43,81,0,0,518
229,206,141,86,591,640,518
80,185,83,81,542,637,518
38,137,107,86,462,0,518
0,60,139,74,554,527,518
508,183,272,77,694,751,518
493,453,168,127,606,689,518
367,523,138,154,557,603,518
772,490,231,116,627,671,519
28,100,197,117,626,684,519
95,256,73,103,0,0,519
537,494,114,189,651,715,519
350,274,209,86,660,725,519
0,107,124,127,0,0,519
0,66,96,109,459,521,519
223,392,78,70,342,301,519
667,708,137,168,653,711,519
0,60,102,91,517,522,519
592,451,90,111,617,707,519
127,241,91,113,0,583,519
298,389,175,100,629,688,519
0,37,46,69,361,0,519
0,78,16,79,0,0,519
211,217,98,104,0,0,519
3,92,84,71,533,532,520
0,77,36,75,0,0,520
0,68,72,122,0,433,520
129,167,114,92,324,511,520
419,582,65,119,534,528,520
0,41,63,62,281,514,520
48,100,57,103,0,0,520
607,451,119,119,237,579,520
0,109,154,99,554,579,520
131,228,45,99,430,537,520
776,399,91,92,696,764,520
42,186,29,128,0,0,520
626,437,123,136,638,707,520
590,398,131,76,618,672,520
408,446,107,97,477,599,520
212,232,69,67,0,0,520
0,24,77,67,0,0,521
174,152,94,92,374,457,521
342,318,151,99,514,587,521
42,138,13,58,453,630,521
398,385,126,159,611,667,521
55,153,88,103,0,0,521
16,120,125,103,0,0,521
672,566,128,139,561,669,521
0,43,16,81,437,527,521
934,1009,175,152,592,661,521
609,771,87,147,435,418,521
405,314,124,113,577,642,521
901,536,151,111,630,709,521
0,60,33,54,365,0,521
573,644,128,172,459,614,521
752,295,210,155,671,738,521
733,444,131,107,712,779,521
907,523,177,129,654,760,521
0,58,72,109,398,570,521
201,189,65,47,0,0,521
407,491,150,179,490,591,521
0,27,44,85,0,0,521
611,687,101,182,566,617,521
554,567,102,104,599,683,522
598,443,124,134,652,715,522
0,44,17,70,370,540,522
230,242,54,83,337,298,522
713,628,119,123,306,384,522
610,500,140,112,609,664,522
582,347,147,95,658,747,522
271,331,61,103,330,481,522
744,451,186,100,661,746,522
0,23,96,58,461,417,522
629,258,144,75,643,747,522
25,125,73,86,0,0,522
493,477,119,89,0,0,522
0,112,14,52,388,475,522
445,539,156,121,549,606,522
946,776,198,191,599,669,522
96,176,145,85,0,0,522
744,683,178,178,560,625,522
201,313,16,91,0,481,522
355,463,52,92,0,421,522
401,515,157,200,521,639,522
834,802,168,207,617,708,522
420,420,146,95,601,654,522
723,533,59,133,516,632,522
565,495,183,140,621,697,522
413,439,160,94,536,572,522
0,25,39,105,0,0,522
0,62,41,82,367,504,523
737,656,144,135,605,705,523
238,280,112,104,501,603,523
164,265,37,78,361,639,523
485,298,137,140,587,665,523
358,232,168,128,604,664,523
626,593,171,188,587,654,523
149,293,76,76,533,601,523
14,121,140,95,597,699,523
0,65,99,105,0,0,523
243,330,189,96,599,661,523
54,189,97,154,0,0,523
540,529,180,109,564,640,523
625,574,184,143,600,652,523
178,163,98,76,498,572,523
0,33,141,128,445,473,523
6,96,47,97,286,347,524
0,76,95,94,0,0,524
689,444,193,71,621,717,524
226,282,154,120,619,651,524
252,435,89,131,0,0,524
265,451,105,158,25,0,524
238,356,110,150,0,0,524
138,284,74,121,0,556,524
311,500,161,136,464,0,524
8,85,30,38,0,0,524
276,218,74,85,0,0,524
131,214,125,82,511,547,524
82,217,91,140,0,0,524
908,543,129,121,539,624,524
0,46,30,41,0,0,524
369,279,87,89,0,192,524
867,666,123,196,703,790,524
148,253,143,116,535,544,524
149,189,85,134,594,663,524
426,307,94,68,612,668,524
506,468,181,101,679,753,524
425,460,131,128,493,511,525
696,604,133,186,690,783,525
484,376,106,109,491,472,525
0,20,65,71,410,445,525
3,117,32,62,0,0,525
311,405,143,135,0,0,525
0,117,104,147,0,0,525
0,54,114,95,411,421,525
594,555,81,142,183,560,525
222,360,67,102,274,543,525
98,231,72,128,0,0,525
0,41,120,84,34,0,525
221,342,85,98,562,598,525
500,699,70,141,0,284,525
94,209,112,76,461,0,525
663,532,117,130,561,641,525
283,235,116,94,593,667,525
52,180,51,93,0,0,525
285,249,90,74,0,0,525
77,197,41,73,423,523,525
49,159,54,113,0,0,525
161,247,208,131,521,545,525
0,84,75,65,0,0,525
25,141,104,71,589,661,525
447,363,65,63,607,675,525
327,430,182,110,567,576,525
0,69,93,120,0,0,526
487,415,233,104,592,633,526
274,296,164,102,590,636,526
233,345,95,74,583,651,526
752,632,120,132,582,656,526
194,259,106,99,0,0,526
201,371,79,79,0,0,526
124,177,80,99,538,648,526
739,717,103,133,566,614,526
729,704,145,165,425,513,526
322,298,108,94,569,674,526
775,456,118,83,695,776,526
0,100,134,93,450,505,526
416,399,156,129,616,700,526
670,670,39,121,619,722,526
0,42,22,54,0,0,526
623,532,161,119,647,694,526
192,245,102,159,632,713,526
236,386,54,110,474,625,526
258,369,33,102,0,0,526
38,146,118,101,465,0,527
309,320,112,138,0,0,527
721,710,125,175,608,686,527
6,84,119,112,560,625,527
175,242,20,79,369,616,527
62,190,38,83,384,369,527
660,398,114,157,675,772,527
18,98,40,99,0,0,527
847,786,153,132,633,697,527
523,478,136,75,540,614,527
37,174,19,91,0,0,527
0,24,58,53,467,564,527
483,493,210,116,676,734,527
0,43,73,94,0,0,527
806,511,194,152,665,727,527
139,219,129,136,602,676,527
78,177,30,83,375,571,528
222,328,115,150,509,553,528
980,763,108,83,699,795,528
16,134,82,103,479,502,528
180,252,162,94,627,673,528
0,109,55,132,0,0,528
200,266,62,71,563,650,528
103,207,152,104,449,490,528
74,212,136,109,633,668,528
131,275,129,97,562,619,528
687,467,111,80,599,686,528
707,497,121,149,674,758,528
776,649,88,183,641,739,528
1,86,43,103,0,320,528
247,306,218,151,472,491,528
11,118,130,86,529,480,529
517,644,173,190,590,662,529
23,137,109,110,0,0,529
390,441,154,107,424,550,529
935,750,44,126,673,758,529
305,310,103,55,465,555,529
635,405,160,97,680,742,529
259,326,106,91,525,578,529
72,181,28,75,0,0,529
197,292,39,81,0,0,529
178,319,139,90,594,681,529
366,484,161,154,0,443,529
500,521,73,135,469,582,529
127,249,141,137,580,662,529
968,663,210,153,678,731,530
119,238,37,110,0,0,530
279,336,182,118,609,655,530
415,318,139,103,670,754,530
0,46,21,40,0,0,530
138,273,108,81,0,0,530
56,156,57,93,286,326,530
10,122,19,26,0,404,530
400,363,175,105,637,678,530
166,218,118,94,596,674,530
335,235,166,83,622,698,530
0,61,43,66,0,0,530
120,283,63,109,0,0,530
465,409,154,120,526,574,530
66,220,120,91,302,0,530
463,477,38,68,0,0,530
141,150,133,99,611,623,530
12,118,30,53,0,417,530
311,376,120,89,439,0,530
632,707,165,151,596,659,530
515,282,55,51,612,713,530
0,100,57,89,0,0,531
322,401,113,125,489,351,531
0,43,34,48,0,0,531
0,45,128,103,495,495,531
511,388,118,86,366,477,531
882,719,116,108,648,725,531
464,606,104,138,358,529,531
575,375,179,105,664,712,531
145,265,105,101,223,0,531
168,252,22,35,7,489,531
0,25,90,95,0,0,531
45,180,77,74,396,0,531
131,185,64,84,0,0,531
227,367,89,106,359,468,531
623,277,167,148,696,753,531
458,315,105,87,504,537,531
283,346,106,99,387,594,531
96,220,98,156,0,311,531
0,76,15,55,0,0,532
0,85,65,100,465,613,532
143,182,73,88,516,585,532
445,494,131,143,560,601,532
200,324,98,173,376,540,532
268,323,231,135,592,611,532
900,456,134,105,664,744,532
246,231,93,102,449,465,532
371,292,138,93,548,648,532
0,64,72,62,36,0,532
0,103,62,71,345,601,532
225,376,107,142,487,293,532
61,168,218,104,568,470,533
184,217,98,92,379,458,533
64,201,87,106,368,0,533
7,108,55,70,0,0,533
548,413,129,70,562,652,533
741,605,126,101,690,771,533
681,503,157,148,671,734,533
114,254,59,133,0,0,533
42,137,99,79,0,0,533
6,102,133,75,524,469,533
615,383,154,110,638,713,533
843,639,183,148,662,724,533
282,335,172,93,442,0,533
657,501,149,95,642,718,533
80,207,87,160,520,634,534
80,167,171,124,619,674,534
8,69,17,71,0,0,534
125,288,99,104,0,0,534
677,790,214,182,629,675,534
112,184,15,59,294,407,534
199,213,104,75,597,660,534
76,173,123,91,404,0,534
0,46,16,53,0,0,534
20,131,52,59,0,0,534
301,423,204,140,586,604,534
266,307,76,136,0,0,534
158,279,139,136,492,549,534
1,101,67,96,538,619,534
23,113,127,111,526,612,534
298,378,145,92,556,617,534
857,629,120,116,608,702,534
471,450,131,100,589,661,534
708,625,132,170,536,690,535
9,98,59,139,0,555,535
0,88,56,136,391,535,535
405,310,170,98,608,666,535
376,384,154,178,635,675,535
0,27,27,52,510,505,535
552,300,120,116,709,791,535
132,225,88,106,512,584,535
317,346,109,77,581,647,535
61,148,21,54,397,547,535
46,181,85,77,168,0,535
0,40,164,90,444,0,535
962,874,102,123,437,600,535
382,380,173,148,603,656,535
57,156,79,83,0,0,535
49,169,118,96,576,640,535
317,342,106,109,608,679,535
29,79,85,69,537,614,535
746,586,99,144,573,599,535
47,157,36,111,541,619,535
0,32,84,106,0,0,535
197,341,148,122,346,385,535
294,232,193,123,424,0,535
0,102,53,71,0,0,535
54,212,19,68,0,0,535
22,134,175,158,588,594,535
894,775,214,130,734,809,536
10,145,16,57,0,0,536
480,287,217,99,608,649,536
598,488,165,114,589,674,536
227,370,46,83,206,546,536
107,214,98,129,284,0,536
300,403,31,93,340,538,536
244,350,122,143,631,686,536
212,306,100,138,549,629,536
0,63,174,99,553,583,536
52,173,82,100,576,646,536
39,172,123,134,184,0,536
136,240,29,53,0,0,536
302,460,130,155,539,623,536
286,249,142,101,596,639,536
531,422,121,96,626,686,537
0,71,58,63,486,536,537
161,349,51,85,0,0,537
644,608,137,124,631,684,537
588,534,84,173,614,704,537
78,238,127,125,0,0,537
46,178,54,137,0,0,537
374,430,140,141,624,668,537
659,516,124,121,513,518,537
162,292,80,105,491,525,537
259,362,72,77,372,0,537
146,226,105,112,0,309,537
441,487,190,112,623,669,537
0,61,21,59,450,572,537
12,78,101,90,291,315,537
0,63,103,116,512,424,538
46,113,29,84,379,560,538
0,80,113,119,470,272,538
592,642,99,135,693,757,538
0,98,44,62,0,0,538
0,44,81,47,593,649,538
796,433,158,106,695,768,538
68,177,115,97,498,513,538
64,148,111,72,450,540,538
29,146,63,112,0,0,538
56,177,66,103,0,0,538
336,431,89,71,458,569,538
0,39,21,55,284,473,538
38,144,59,100,0,0,538
58,163,62,104,462,611,538
387,345,124,132,352,586,539
411,533,99,147,546,577,539
0,38,138,68,545,573,539
439,356,125,99,614,719,539
0,26,115,123,0,0,539
50,127,62,75,401,539,539
325,400,183,131,651,728,539
0,41,82,134,298,361,539
117,177,76,74,503,588,539
0,71,112,86,610,683,539
0,72,159,97,511,542,539
254,262,225,111,607,656,539
405,274,196,119,662,729,539
274,354,156,114,0,0,539
454,410,153,153,484,589,539
767,552,151,80,593,663,539
449,320,162,116,455,604,540
263,389,147,179,519,608,540
930,835,83,84,583,644,540
92,107,61,66,0,0,540
241,181,152,85,557,599,540
74,113,111,89,0,292,540
442,369,142,79,686,753,540
620,745,80,152,531,643,540
309,389,109,158,0,0,540
108,173,134,92,480,433,540
216,215,163,78,599,680,540
577,436,211,86,635,629,540
700,350,150,131,667,737,541
734,645,71,133,603,703,541
191,271,113,70,606,632,541
63,134,98,71,0,0,541
95,85,147,113,630,674,541
558,590,202,174,677,747,541
322,422,89,122,653,735,541
0,54,75,72,501,205,541
204,208,131,128,537,567,541
47,179,25,46,0,0,541
130,184,68,62,447,378,541
643,465,91,157,575,648,541
333,379,98,84,658,765,541
340,342,172,152,639,700,541
0,61,151,95,480,445,541
62,172,92,100,620,699,541
61,179,59,109,488,629,542
322,258,107,82,588,688,542
158,155,76,85,615,711,542
14,160,111,114,0,0,542
0,21,74,97,440,548,542
648,588,144,156,571,696,542
549,530,135,155,669,725,542
174,282,107,117,523,595,542
159,173,157,104,586,634,542
0,110,70,103,0,0,542
62,161,89,80,0,0,542
497,355,95,93,432,499,542
193,309,94,85,568,671,542
86,195,18,99,0,484,543
408,482,110,130,574,664,543
479,608,149,142,628,691,543
0,73,104,128,518,499,543
144,276,45,52,0,443,543
815,503,50,145,644,738,543
38,156,95,109,523,574,543
35,136,138,103,523,608,543
370,515,81,68,320,0,543
435,190,233,81,658,726,543
90,162,148,89,621,643,543
147,170,18,81,617,731,543
461,443,139,105,640,707,543
143,258,74,145,0,0,543
688,532,184,108,584,653,543
0,68,30,63,0,0,543
0,43,128,70,444,0,543
0,74,110,89,428,0,543
76,181,175,58,497,455,543
99,255,37,67,0,0,543
193,301,105,98,448,0,543
357,369,175,112,633,688,543
0,30,103,82,539,643,544
0,75,25,76,0,0,544
0,55,69,93,0,399,544
275,296,190,141,634,671,544
53,174,69,65,292,0,544
0,26,58,58,132,234,544
380,552,49,128,149,518,544
146,292,52,121,0,0,544
546,332,122,99,647,728,544
0,37,91,55,455,361,544
133,174,51,74,460,603,544
388,320,129,70,641,718,544
793,549,78,140,709,780,545
431,286,184,112,568,615,545
404,397,114,138,550,611,545
0,40,51,96,0,0,545
635,309,177,119,620,686,545
224,299,131,131,529,421,545
938,571,107,105,691,757,545
12,116,49,60,573,678,545
66,178,40,58,0,264,545
17,139,29,72,0,0,545
226,348,149,119,454,0,545
238,347,164,164,540,473,545
0,64,67,82,0,0,546
0,64,114,75,590,672,546
90,182,172,95,548,630,546
0,39,45,85,381,265,546
38,114,93,82,549,651,546
16,89,68,80,552,613,546
309,348,125,149,550,643,546
22,145,121,119,530,530,546
410,357,106,95,609,692,546
74,118,97,90,620,702,546
94,200,76,119,549,663,546
51,190,38,80,0,0,546
166,224,95,93,577,658,546
459,406,75,70,598,715,547
4,113,35,59,0,0,547
983,492,86,161,675,754,547
593,369,102,93,643,719,547
260,298,73,94,527,611,547
569,593,24,123,646,752,547
0,24,51,54,0,366,547
0,75,78,96,0,0,547
516,423,153,138,551,650,547
45,158,27,60,501,585,547
0,62,74,80,540,553,548
225,297,145,102,0,0,548
7,109,98,99,562,596,548
294,273,108,105,481,576,548
343,322,185,112,651,714,548
141,139,169,79,615,579,548
58,170,78,119,0,447,548
0,97,32,85,0,0,548
260,252,141,87,533,539,548
220,106,120,81,639,712,548
29,80,78,107,0,263,548
0,51,65,75,66,0,548
545,444,143,157,525,635,548
264,435,113,171,518,595,548
454,227,189,106,621,681,548
56,117,107,91,327,576,548
421,348,111,109,543,636,549
96,195,137,107,495,487,549
13,93,66,51,537,619,549
357,349,106,88,497,563,549
713,702,208,223,730,785,549
506,600,154,191,624,675,549
215,362,72,83,412,475,549
566,353,90,110,685,757,549
52,158,118,143,448,0,549
183,215,132,56,651,719,549
314,433,104,141,543,605,549
30,147,93,108,408,536,549
761,571,144,86,625,681,549
259,385,81,129,314,0,549
411,460,113,132,209,277,549
526,411,104,104,588,673,549
217,204,181,75,593,646,549
293,305,126,102,516,589,550
308,274,81,133,671,742,550
323,240,62,67,477,608,550
395,473,76,144,632,710,550
450,470,90,97,517,575,550
72,183,137,97,536,530,550
0,94,43,118,0,0,550
370,483,106,159,478,522,550
30,136,108,102,0,0,550
29,142,110,93,531,567,550
881,324,250,105,735,806,550
0,62,39,88,0,0,550
0,68,50,104,531,614,550
93,208,121,127,454,423,550
0,46,49,38,0,0,550
388,359,192,100,628,672,550
61,134,114,93,0,0,550
845,855,200,169,629,656,551
0,67,92,80,528,609,551
647,636,157,183,570,640,551
423,562,112,116,560,564,551
49,161,38,106,456,370,551
525,456,153,106,610,594,551
397,264,99,144,669,743,551
283,360,82,106,574,677,551
881,608,259,109,657,692,551
979,879,160,92,651,705,551
559,517,67,126,614,680,551
243,388,105,133,371,0,551
841,468,158,97,699,778,551
833,687,122,133,607,684,551
21,131,34,86,0,0,551
885,720,41,150,634,712,551
435,356,113,125,331,523,551
0,28,118,123,0,371,551
508,513,117,130,530,541,551
46,151,97,103,453,194,551
537,593,100,129,425,415,551
650,398,125,139,615,694,551
0,71,44,55,0,0,551
0,39,40,54,0,426,552
69,135,88,57,365,0,552
180,229,92,84,576,628,552
466,297,92,86,527,609,552
299,390,100,60,552,593,552
203,334,91,111,0,0,552
156,238,185,110,587,615,552
53,171,116,96,406,0,552
0,30,54,108,0,0,552
0,50,91,118,0,0,552
500,333,125,90,657,750,552
0,95,56,47,0,0,553
362,452,108,175,305,387,553
621,541,124,155,0,0,553
822,885,108,155,667,738,553
0,63,107,75,0,0,553
343,407,169,99,516,420,553
29,163,63,120,0,0,553
51,128,162,123,495,0,553
0,84,148,76,495,482,553
349,471,79,89,485,351,553
331,385,146,154,592,674,553
732,489,183,122,745,818,553
366,494,190,154,591,668,554
63,116,147,109,0,0,554
281,298,86,97,517,548,554
389,235,154,77,639,692,554
226,251,90,86,572,657,554
0,41,81,89,0,0,554
422,492,50,77,0,492,554
0,54,71,57,0,0,554
478,539,185,162,588,637,554
187,253,79,87,91,367,554
251,405,105,125,303,423,554
89,197,81,69,500,501,554
863,784,209,153,605,663,554
62,165,122,79,482,424,555
0,49,105,108,409,534,555
2,135,19,78,0,0,555
0,105,41,77,0,0,555
0,65,138,95,495,477,555
0,100,105,153,0,394,555
865,840,128,179,715,798,555
0,56,95,97,509,524,555
0,40,69,99,0,0,555
195,334,66,131,444,637,555
198,325,20,100,0,0,555
177,280,101,96,580,658,555
254,418,75,100,0,0,556
0,72,145,128,608,664,556
2,116,122,137,313,449,556
459,586,98,151,529,613,556
0,65,32,60,211,382,556
0,64,120,93,410,0,556
0,88,23,73,0,0,556
530,500,92,163,600,680,556
548,277,219,102,698,772,556
0,24,68,79,308,220,556
763,483,191,142,665,722,556
178,290,88,116,448,469,556
0,97,51,92,463,575,556
0,77,16,78,0,0,556
308,417,168,191,573,645,556
0,59,76,66,0,0,556
319,321,126,72,523,591,556
0,50,16,91,0,0,556
0,73,54,77,0,0,556
25,111,75,100,0,0,557
440,325,98,102,558,663,557
159,290,108,73,456,525,557
0,39,50,139,0,0,557
0,61,133,141,459,525,557
158,180,119,100,575,635,557
111,234,100,135,489,551,557
0,28,45,61,0,0,557
0,91,66,87,0,0,557
35,150,66,79,0,0,557
79,191,116,85,341,0,557
0,37,14,55,0,0,557
182,259,120,91,205,0,557
42,162,48,85,0,0,557
677,544,169,133,629,695,557
830,513,183,132,617,685,557
224,229,96,56,514,568,557
273,379,36,97,0,0,557
82,115,70,77,420,517,557
0,55,123,107,460,497,558
269,419,128,189,506,571,558
140,254,120,124,556,624,558
443,382,174,155,663,720,558
197,209,135,101,609,682,558
429,333,120,89,448,610,558
335,314,171,100,595,711,558
28,140,45,84,0,0,558
964,827,179,109,620,686,558
890,570,92,104,583,711,558
915,800,104,172,616,697,558
98,181,64,75,0,0,558
0,29,77,64,208,0,558
36,165,81,102,526,452,558
421,375,184,148,666,744,558
438,564,142,158,463,592,559
0,26,52,82,344,0,559
58,152,58,51,464,522,559
32,138,135,138,249,0,559
22,147,29,79,0,0,559
0,62,70,121,0,0,559
63,134,93,83,0,0,559
207,363,145,170,0,0,559
598,440,186,120,596,680,559
163,295,91,139,476,531,559
430,343,101,104,507,654,559
564,343,130,93,589,701,559
268,369,55,82,480,503,559
785,614,141,94,492,567,559
631,425,181,145,593,692,559
0,37,55,61,0,0,559
553,634,65,127,2,0,560
403,521,168,192,275,0,560
6,122,88,100,0,0,560
524,603,158,95,619,695,560
0,96,118,93,566,606,560
0,44,91,137,572,658,560
298,273,116,87,466,408,560
40,113,112,122,516,611,560
0,35,171,88,655,706,560
0,55,98,75,492,503,560
0,45,67,73,539,640,560
14,134,42,93,0,0,560
310,442,57,130,0,387,560
0,116,73,115,0,0,560
47,148,62,80,507,603,560
148,207,165,118,623,684,560
13,139,23,79,0,0,561
0,29,41,92,0,0,561
50,160,60,101,492,642,561
835,642,190,163,689,766,561
903,437,224,132,676,731,561
325,341,102,82,545,656,561
110,203,145,97,620,667,561
952,568,119,94,612,723,561
632,779,113,150,357,434,561
3,104,77,114,412,415,561
480,534,195,126,533,504,561
79,147,123,63,335,0,561
230,322,128,124,467,528,561
490,511,177,161,706,783,561
91,243,38,89,0,0,561
70,172,117,83,624,697,561
94,185,76,102,0,0,561
102,218,93,92,619,698,561
65,131,101,104,198,91,562
0,71,86,84,301,403,562
0,37,90,90,0,0,562
257,288,157,180,606,694,562
235,303,48,70,558,634,562
123,237,54,85,0,300,562
444,379,163,160,626,717,562
95,215,131,103,325,199,562
286,402,52,103,267,0,562
0,52,57,69,476,488,562
278,213,201,124,516,585,562
0,67,101,94,549,613,562
323,298,181,98,590,639,562
522,639,114,160,506,540,562
67,142,112,84,553,571,562
959,718,157,182,684,769,562
522,509,175,197,607,640,562
127,226,118,110,446,489,562
64,174,61,88,0,0,563
289,311,92,106,0,0,563
22,132,89,84,354,0,563
503,348,266,99,618,669,563
487,390,124,143,502,582,563
651,317,121,105,691,778,563
476,509,125,170,588,699,563
149,296,84,105,0,0,563
0,49,105,80,537,159,563
733,334,198,84,717,784,563
104,193,86,62,494,606,563
961,426,78,118,671,744,563
231,155,162,133,543,620,563
29,135,66,112,449,427,563
72,185,130,103,572,639,563
474,429,167,152,538,646,563
0,100,62,95,0,0,563
103,211,134,84,478,516,564
203,329,80,109,311,0,564
733,479,203,166,485,598,564
709,393,197,104,668,733,564
0,25,135,104,354,0,564
189,333,43,64,189,0,564
271,336,155,114,599,657,564
128,213,48,58,0,0,564
104,246,90,87,0,0,564
0,38,131,130,0,0,564
57,189,91,91,338,0,564
0,36,42,58,460,508,564
0,101,43,89,536,634,564
200,317,29,102,0,524,564
448,466,84,71,470,410,564
0,62,55,94,0,270,564
0,85,58,74,543,653,564
23,136,155,119,587,615,564
766,301,198,100,724,801,565
142,304,117,147,336,458,565
667,483,133,109,616,653,565
779,752,229,176,650,716,565
669,425,111,73,557,624,565
338,271,268,93,630,620,565
121,224,129,101,562,594,565
189,225,125,139,551,606,565
480,440,195,142,600,623,566
25,150,52,132,0,0,566
9,119,94,50,547,567,566
180,282,85,127,0,0,566
78,170,141,98,503,543,566
819,768,160,110,705,778,566
0,70,120,114,504,319,566
19,135,65,103,0,0,566
128,207,61,122,538,654,566
143,269,107,176,536,632,566
46,145,93,80,489,492,566
248,413,75,79,0,0,566
573,604,179,152,620,691,566
0,89,87,61,554,534,566
736,713,55,93,599,730,567
51,186,121,71,481,499,567
44,129,42,76,425,525,567
19,92,48,52,0,0,567
185,305,171,152,572,639,567
52,128,105,77,501,556,567
0,88,89,79,488,536,567
0,43,90,77,0,0,567
43,149,83,93,246,0,567
594,543,157,196,681,742,567
0,77,117,126,0,0,567
125,191,118,96,443,500,567
559,412,127,83,642,720,567
0,27,56,112,0,0,567
339,413,42,102,0,0,567
331,437,166,162,437,361,567
504,565,165,151,533,581,567
436,416,86,124,521,612,567
736,437,164,87,700,765,567
159,244,90,85,0,0,567
362,433,91,119,514,650,568
49,163,59,78,0,0,568
440,480,65,87,443,563,568
19,121,127,112,512,630,568
0,64,109,69,0,0,568
414,311,158,111,514,561,568
59,129,55,72,432,482,568
216,275,145,117,595,623,568
8,127,22,83,0,0,568
651,626,98,105,659,748,568
336,466,150,181,426,488,568
39,131,166,122,575,595,568
41,157,63,151,353,447,568
627,546,133,122,641,722,568
51,159,79,106,0,0,568
580,436,90,139,682,743,568
539,534,142,109,659,730,568
92,254,52,100,0,424,568
316,409,166,202,418,0,568
285,377,93,123,454,531,568
105,171,33,112,205,435,568
642,366,149,102,539,614,568
299,397,185,172,545,610,568
0,49,90,70,382,0,568
0,63,96,50,559,625,569
438,497,106,175,482,646,569
261,333,99,197,582,650,569
9,46,15,27,270,439,569
628,697,117,188,505,529,569
115,171,201,91,624,685,569
57,142,45,106,0,0,569
892,411,200,148,702,774,569
411,456,100,108,593,709,569
0,94,51,96,0,0,569
188,184,144,92,630,714,569
957,818,68,125,647,758,569
249,193,153,83,488,0,569
329,426,46,117,492,555,569
372,519,82,98,0,0,569
639,598,110,168,589,704,569
0,57,38,69,0,0,569
131,221,133,154,537,644,569
743,482,180,97,666,736,569
98,205,184,112,590,620,569
139,236,86,103,427,485,569
684,488,183,106,681,757,569
20,143,19,85,0,376,569
0,104,118,129,0,0,569
0,26,21,46,0,0,569
275,447,142,189,532,655,569
50,187,46,142,0,0,570
358,216,157,101,555,631,570
443,508,120,172,619,701,570
0,93,55,65,0,0,570
135,231,125,104,492,357,570
366,179,158,108,621,706,570
933,831,216,115,671,746,570
0,65,97,66,0,0,570
85,157,111,130,545,612,570
153,240,66,127,0,0,570
467,386,184,134,684,753,570
25,116,103,104,0,0,570
236,371,144,153,528,420,570
0,36,161,78,567,505,571
629,394,67,101,498,512,571
420,524,157,177,522,560,571
481,582,190,91,651,689,571
598,445,166,115,672,756,571
44,52,23,47,0,0,571
19,118,36,72,0,0,571
268,428,100,168,0,0,571
201,336,78,117,0,0,571
56,161,62,77,0,401,571
0,60,81,81,265,0,571
52,199,18,70,0,0,571
0,25,138,104,431,0,571
316,406,129,133,488,505,571
323,430,122,160,660,731,571
57,140,20,95,438,549,571
45,176,56,71,0,0,572
124,259,94,128,570,628,572
79,199,131,93,262,0,572
51,133,151,122,524,502,572
71,163,60,70,371,485,572
945,885,76,165,618,722,572
964,570,196,180,707,789,572
981,750,181,118,649,733,572
261,361,120,91,544,626,572
26,123,115,65,598,583,572
94,121,131,79,402,404,572
556,488,32,74,528,656,572
268,300,44,70,546,625,572
888,397,262,98,737,787,572
19,151,50,64,0,0,572
303,332,229,111,597,579,572
33,170,122,101,0,0,573
79,153,130,136,566,624,573
0,80,56,89,374,467,573
364,455,33,98,466,628,573
299,468,146,142,233,0,573
132,258,91,78,0,0,573
306,399,155,101,541,523,573
16,130,153,99,0,394,573
23,136,139,160,450,402,574
0,39,79,34,524,394,574
219,361,216,178,605,655,574
28,122,31,78,128,0,574
197,382,36,94,404,397,574
0,71,14,75,0,0,574
137,277,64,98,0,0,574
741,432,207,82,605,710,574
0,66,50,67,521,499,574
844,764,123,173,565,693,574
128,239,117,100,506,522,574
304,279,169,173,624,683,574
0,120,59,107,0,0,574
436,367,157,136,564,645,574
0,73,39,65,420,442,574
22,108,146,90,293,294,574
22,128,55,64,0,0,574
89,185,157,100,515,495,574
199,235,164,99,250,0,574
384,295,69,54,573,664,574
12,96,109,100,565,596,574
281,340,144,90,557,626,574
305,438,92,124,616,678,575
525,394,114,108,580,679,575
253,331,128,131,608,710,575
0,43,109,101,0,0,575
824,771,88,139,615,695,575
843,749,141,223,610,667,576
733,700,198,136,653,709,576
376,325,111,117,642,726,576
0,67,40,54,568,667,576
35,181,82,91,0,0,576
0,78,105,83,0,0,576
107,190,201,123,593,634,577
336,292,120,114,584,643,577
10,122,112,125,494,404,577
104,197,209,101,400,0,577
0,40,27,57,493,567,577
192,289,168,140,578,630,577
649,385,142,98,574,650,577
183,226,17,73,426,486,577
247,371,93,115,0,0,577
39,134,94,149,0,0,577
409,465,155,145,607,673,577
12,130,46,92,0,0,577
303,347,131,112,554,653,577
226,319,146,91,574,655,577
811,555,170,149,509,603,577
0,101,24,91,0,0,578
463,365,137,104,502,490,578
610,285,133,102,551,617,578
304,300,120,127,459,550,578
102,201,52,78,0,0,578
761,435,161,145,575,665,578
366,368,169,144,604,652,578
279,278,85,92,0,0,578
0,52,91,61,415,481,578
782,652,100,110,594,679,578
396,323,180,104,603,653,578
387,463,118,129,538,612,578
0,47,70,52,519,479,578
271,343,127,103,304,0,578
105,147,141,113,473,573,578
336,501,222,136,518,479,578
207,189,188,129,624,692,579
64,111,67,78,0,0,579
470,304,156,87,558,582,579
97,213,36,68,0,0,579
388,319,201,177,662,750,579
443,538,140,145,553,619,579
260,364,75,72,162,365,579
100,203,135,97,0,0,579
487,534,205,106,587,661,579
786,521,197,118,599,623,579
312,445,132,101,532,547,579
239,394,114,128,437,434,579
135,269,51,66,463,575,579
915,1009,77,196,606,698,579
62,164,89,56,283,0,579
878,469,187,113,671,753,580
587,566,175,128,655,716,580
8,117,56,92,407,484,580
28,127,155,106,635,708,580
29,149,70,112,580,693,580
125,184,119,100,0,0,580
211,330,138,112,493,461,580
83,149,103,105,585,676,580
132,271,93,104,365,0,580
331,442,74,71,616,730,580
16,132,54,99,390,328,580
0,57,82,94,494,532,580
28,164,62,91,0,0,580
161,281,107,115,559,608,580
142,238,104,167,0,0,580
446,357,151,100,634,693,580
876,585,182,134,633,719,580
205,228,228,97,620,635,580
179,357,79,112,446,474,580
631,521,140,87,613,708,580
239,269,127,114,468,491,581
440,408,172,128,463,459,581
397,451,29,78,0,0,581
202,304,126,114,455,385,581
0,96,24,60,0,0,581
979,483,164,120,727,804,581
25,146,96,75,0,0,581
30,106,44,93,0,0,581
686,445,108,72,648,746,581
9,121,106,124,480,519,581
435,536,224,158,606,655,581
732,601,122,111,531,613,581
129,277,25,64,386,531,581
661,614,167,134,571,659,581
0,51,18,78,0,0,581
329,205,174,133,598,667,581
23,108,38,102,0,0,581
99,211,182,148,538,602,581
315,346,65,56,201,424,581
123,236,153,137,484,507,581
130,268,87,115,0,297,581
208,145,115,119,542,582,581
167,351,28,102,0,0,581
722,614,130,175,707,776,581
719,625,70,116,589,687,582
62,166,136,79,681,750,582
0,46,84,143,0,0,582
66,195,84,108,0,0,582
290,345,120,88,283,0,582
0,27,56,78,486,484,582
22,97,154,76,577,620,582
632,440,121,91,606,664,582
282,456,76,94,0,453,582
88,192,117,107,585,661,582
268,362,87,86,298,603,582
0,61,53,94,462,485,582
26,102,136,90,575,613,582
217,355,73,136,433,589,582
426,401,168,81,602,658,582
40,126,161,177,502,610,582
605,566,135,143,685,750,582
86,195,102,109,471,437,582
86,214,103,121,464,557,582
328,285,85,56,593,679,583
558,442,168,195,618,696,583
871,684,132,130,694,769,583
233,391,100,91,490,0,583
258,207,177,87,585,658,583
0,25,98,112,0,0,583
380,328,93,142,628,692,583
631,602,67,142,650,740,583
15,108,46,68,0,0,583
0,92,99,82,0,0,583
495,532,119,82,555,645,583
179,227,123,94,494,554,583
107,207,82,92,498,533,583
581,597,151,114,610,681,583
789,808,126,137,669,734,583
68,188,50,51,522,613,583
167,283,148,130,0,0,583
538,377,144,95,503,567,583
446,363,163,132,586,641,583
0,67,16,66,0,0,583
0,36,33,47,296,0,584
650,417,195,121,590,681,584
0,110,33,75,0,0,584
172,262,123,109,589,671,584
362,443,48,90,384,485,584
0,81,22,78,0,468,584
896,462,204,154,643,721,584
20,123,135,116,0,0,584
0,36,80,77,0,0,584
529,526,91,136,488,595,584
241,273,91,96,555,647,584
339,331,113,151,0,0,584
410,462,106,100,666,740,584
853,877,98,164,688,777,584
291,342,110,166,505,501,584
244,352,94,124,525,613,584
441,502,104,104,533,510,585
21,154,48,66,400,0,585
520,461,92,110,522,556,585
26,148,106,130,458,495,585
154,250,50,79,579,684,585
287,344,121,146,398,409,585
505,602,112,127,536,606,585
271,336,54,109,0,0,585
251,348,93,109,544,573,585
890,652,184,130,627,665,585
847,487,180,131,692,767,586
653,394,111,88,535,612,586
48,134,115,104,566,621,586
0,57,161,86,573,592,586
181,301,87,110,509,576,586
459,462,154,153,615,676,586
296,226,127,100,576,631,586
372,359,138,92,567,631,586
17,125,19,79,243,0,586
148,276,163,143,543,579,586
0,127,38,54,0,0,586
877,811,152,112,621,661,586
122,262,75,86,415,0,586
252,346,91,92,189,416,586
364,419,174,83,639,694,586
0,26,42,68,525,590,586
244,327,196,122,630,664,587
247,399,107,114,353,0,587
71,226,56,92,0,0,587
0,23,47,91,0,0,587
35,133,27,43,378,361,587
0,106,62,85,0,0,587
405,397,146,106,591,680,587
392,348,144,165,659,727,587
683,708,93,66,620,715,587
711,667,173,122,689,738,587
0,42,65,65,0,0,587
625,693,151,152,536,579,587
0,46,70,87,0,0,587
0,91,154,77,472,426,587
169,306,70,99,559,624,587
48,138,88,159,668,744,587
15,140,16,71,0,0,587
314,354,145,113,676,744,587
122,241,59,68,587,654,587
842,707,85,118,670,776,587
244,393,134,156,498,375,587
546,516,85,117,639,727,587
152,119,126,110,525,565,587
230,419,19,119,0,0,588
942,765,107,130,674,768,588
638,602,175,161,549,641,588
274,374,145,111,541,595,588
437,363,154,123,406,0,588
67,122,91,75,500,566,588
32,135,147,88,237,0,588
719,858,92,112,586,647,588
0,65,31,57,0,0,588
890,618,129,115,660,749,588
189,226,162,118,567,631,588
69,201,18,51,0,0,588
323,399,80,132,501,534,588
461,361,165,129,637,691,588
579,497,150,136,604,633,588
8,101,105,58,559,575,588
9,55,82,65,532,642,588
787,492,78,103,615,705,589
541,352,213,99,687,758,589
385,422,105,119,595,641,589
56,179,69,122,0,342,589
464,572,185,168,592,622,589
878,486,179,83,671,745,589
124,219,73,102,402,0,589
0,101,35,117,0,0,589
323,488,112,109,261,0,589
717,508,96,80,531,624,589
0,39,152,144,490,498,589
0,27,113,83,551,583,589
30,158,35,62,539,621,589
112,180,157,102,468,353,589
354,411,93,160,445,618,589
0,76,34,88,0,0,589
101,189,86,135,531,527,589
32,60,130,73,514,514,589
24,140,96,81,577,543,590
54,164,36,121,0,0,590
485,381,78,72,566,673,590
724,445,144,148,597,661,590
37,145,78,134,0,0,590
59,105,30,69,0,0,590
190,289,131,126,596,665,590
88,200,30,96,351,444,590
420,267,125,83,598,683,590
395,305,120,96,666,759,590
137,126,157,110,483,333,590
558,373,147,81,560,607,590
428,369,244,83,673,726,591
843,800,99,141,677,744,591
0,117,28,83,0,0,591
212,400,63,111,0,272,591
721,333,112,103,670,728,591
199,248,173,87,500,435,591
780,716,220,112,630,660,591
5,109,92,100,538,607,591
0,43,187,107,586,526,591
338,539,27,137,0,0,591
905,921,117,127,668,748,591
0,38,39,54,97,0,591
467,391,176,120,647,707,591
178,268,110,160,379,0,591
139,207,187,125,517,600,592
620,466,123,113,515,606,592
152,185,97,102,667,745,592
0,26,51,87,0,0,592
30,125,121,104,567,617,592
966,736,177,162,450,0,592
180,247,140,88,629,681,592
0,48,42,68,498,612,592
0,77,69,112,481,525,592
105,232,105,119,0,360,592
112,196,31,93,0,0,592
307,382,242,151,532,525,593
446,349,124,61,693,768,593
0,81,42,72,459,524,593
64,113,49,75,492,590,593
2,77,87,81,540,634,593
139,280,48,77,0,0,593
147,282,38,93,0,0,593
67,155,68,67,431,511,593
0,40,40,94,0,291,593
480,459,70,112,601,683,593
695,476,154,172,688,766,593
18,66,15,63,0,0,593
56,134,119,100,356,328,593
0,66,25,58,0,0,593
201,299,45,85,0,311,594
204,237,135,122,545,631,594
51,155,77,84,72,0,594
0,45,106,129,442,0,594
830,577,166,117,674,726,594
825,595,188,118,649,722,594
118,253,126,120,451,0,594
238,211,84,109,0,0,594
71,182,103,131,0,0,594
169,213,198,111,640,700,594
0,106,118,110,414,0,594
39,168,63,109,0,0,594
344,320,203,161,615,679,594
27,107,33,56,358,467,594
128,258,134,101,518,0,594
463,597,35,129,443,610,594
0,65,122,123,330,35,594
256,197,159,128,614,663,594
243,376,47,119,0,0,594
124,130,154,109,570,621,594
153,251,83,46,625,717,594
136,274,90,55,495,294,594
111,130,157,119,549,637,594
712,573,180,201,588,658,594
864,604,133,170,673,739,594
275,258,73,81,559,624,594
318,300,81,115,620,717,594
132,267,54,72,360,0,594
582,625,194,123,651,694,594
483,380,182,144,586,665,595
816,671,131,164,676,765,595
895,540,154,136,613,701,595
129,137,93,90,505,508,595
0,53,93,98,480,508,595
47,177,147,149,449,157,595
61,121,101,116,529,591,595
73,166,32,89,0,0,595
241,320,37,103,324,457,595
440,590,101,94,457,555,595
965,695,162,89,666,745,595
78,144,106,89,522,616,595
918,570,158,119,667,743,595
0,27,20,100,0,0,595
552,536,52,108,699,775,595
96,152,109,88,501,592,595
91,146,106,119,494,482,595
448,600,138,153,0,0,595
855,603,182,152,688,749,595
525,411,97,194,614,690,595
0,42,78,64,436,566,595
331,321,70,63,594,674,596
273,286,188,96,608,656,596
0,76,49,77,0,0,596
216,395,100,103,279,0,596
0,61,103,101,0,0,596
93,210,49,88,604,704,596
203,172,171,123,652,746,596
15,134,100,96,478,588,596
8,86,85,49,534,605,596
526,560,195,101,612,691,596
876,367,186,94,682,760,596
331,489,128,112,504,537,596
245,372,94,156,0,0,596
239,263,137,152,575,607,596
32,142,67,111,0,0,596
116,226,115,72,456,301,596
723,580,158,157,672,730,596
0,78,166,127,611,664,597
75,179,96,93,530,542,597
183,276,87,84,562,615,597
614,545,94,133,680,767,597
564,326,100,96,647,718,597
344,409,150,121,636,724,597
183,237,54,114,0,0,597
454,653,92,101,491,604,597
643,575,113,150,699,783,597
336,376,39,78,0,0,597
303,398,95,139,0,0,597
183,304,149,107,608,627,597
0,63,57,90,493,650,597
503,699,60,173,0,0,597
199,212,152,90,551,579,597
895,537,243,129,695,766,597
825,709,93,97,694,770,597
691,886,92,180,489,576,597
4,113,75,77,0,0,597
35,152,14,77,0,514,597
842,558,140,82,653,766,598
0,84,39,93,0,0,598
218,350,21,74,0,258,598
64,169,48,73,0,0,598
213,239,151,122,571,674,598
215,324,56,125,508,622,598
147,184,155,152,479,539,598
129,176,142,83,488,431,598
278,274,80,81,521,573,598
0,70,76,130,0,0,598
30,134,110,125,0,0,598
102,169,49,100,443,527,598
699,573,170,78,701,760,598
677,745,136,176,704,772,598
0,51,55,78,0,0,598
110,235,61,126,0,489,598
493,226,192,84,609,671,598
195,282,93,128,0,0,598
0,33,107,112,91,0,598
157,282,68,118,0,0,598
721,426,143,177,588,696,598
42,163,89,75,550,584,598
603,634,144,128,615,681,598
511,362,151,112,489,606,598
6,118,27,111,0,0,598
721,687,149,80,657,716,598
471,411,89,121,642,706,599
443,460,123,100,527,662,599
452,478,75,72,628,718,599
0,55,39,67,0,0,599
73,154,79,124,0,0,599
0,57,66,101,0,0,599
643,712,172,191,506,657,599
26,118,70,120,112,351,599
0,75,84,66,322,370,599
132,207,64,82,250,0,599
0,45,19,88,0,0,599
94,164,66,100,433,569,599
0,61,33,76,0,463,599
112,223,141,98,624,675,599
669,419,112,97,694,783,599
67,177,23,67,496,656,599
96,230,120,73,0,0,599
518,547,142,125,642,724,600
166,299,81,89,0,0,600
718,440,175,157,709,758,600
329,493,134,91,562,641,600
231,379,130,114,607,682,600
317,355,103,126,599,682,600
208,183,113,133,636,734,600
171,229,166,108,578,671,600
0,74,13,101,0,0,600
432,388,89,66,499,604,600
432,304,130,85,382,516,600
111,237,97,140,557,594,600
229,374,90,109,474,529,601
35,139,71,88,486,640,601
0,23,99,113,74,0,601
529,371,84,95,490,485,601
214,330,54,100,416,561,601
0,47,58,64,0,0,601
302,301,164,105,651,699,601
95,229,110,107,546,625,601
41,105,131,104,559,566,601
374,474,111,139,569,628,601
0,35,30,85,0,475,601
98,200,93,66,522,419,601
0,57,88,92,529,214,601
842,454,268,134,646,695,602
615,667,100,134,387,560,602
0,59,187,89,645,684,602
4,98,69,63,539,606,602
588,536,193,173,591,643,602
248,202,205,119,679,741,602
11,86,118,70,626,716,602
409,434,134,119,620,698,602
0,95,76,92,500,334,602
0,69,49,57,464,0,602
179,222,79,93,535,661,602
181,338,103,121,506,566,602
126,236,52,77,455,619,602
105,236,127,156,273,464,602
716,371,216,101,682,737,602
0,26,19,82,0,0,602
360,311,137,117,617,680,602
702,705,107,189,676,753,602
405,583,105,148,0,0,602
51,152,94,122,442,524,602
496,450,181,129,675,711,602
28,106,87,76,500,550,602
466,573,188,211,507,548,603
134,217,37,98,0,0,603
247,300,123,97,304,0,603
787,531,206,147,728,780,603
534,609,152,149,600,671,603
0,42,33,84,0,0,603
219,241,110,107,384,172,603
29,140,19,66,0,0,603
153,307,110,127,0,0,603
26,136,26,80,383,571,603
0,26,110,92,472,321,603
57,90,77,112,0,0,603
0,34,54,68,0,0,603
946,686,127,143,704,790,603
984,650,156,114,655,744,603
186,256,89,136,560,664,603
22,52,198,73,643,679,603
264,219,85,114,462,600,603
0,30,114,110,0,0,603
0,32,21,42,341,467,603
38,137,130,87,466,0,603
216,312,97,98,404,375,603
53,140,128,111,525,589,603
31,146,108,141,512,587,604
0,55,25,71,0,274,604
640,682,85,138,474,595,604
0,94,108,47,541,579,604
888,356,132,110,703,791,604
257,234,143,77,624,688,604
168,245,221,158,636,687,604
400,325,182,103,666,711,604
88,210,23,83,0,0,604
0,75,104,86,456,497,604
36,137,93,93,0,0,604
435,353,103,89,640,720,604
627,390,133,95,415,575,604
375,479,143,82,575,610,604
303,307,181,101,569,650,604
22,122,64,78,185,408,604
100,214,28,95,407,497,605
871,656,121,106,676,754,605
501,283,108,116,664,745,605
351,414,66,95,632,740,605
423,421,102,106,312,321,605
0,55,39,75,0,0,605
421,377,164,146,620,693,605
639,443,184,113,686,766,605
0,32,69,118,0,0,605
923,579,147,100,650,742,605
44,166,78,80,445,409,606
209,236,121,107,399,474,606
134,186,94,67,467,574,606
252,313,98,138,415,200,606
14,108,219,73,597,585,606
0,100,92,123,0,0,606
26,89,76,69,326,0,606
194,315,144,130,549,568,606
843,536,122,96,480,618,606
2,87,76,85,360,0,606
122,268,152,79,482,0,606
223,266,72,47,553,632,606
81,222,26,105,374,509,606
93,141,93,82,557,607,607
0,31,39,69,0,0,607
536,630,147,129,554,639,607
0,77,21,78,0,0,607
0,34,198,98,600,609,607
276,334,141,132,582,584,607
121,201,36,62,80,0,607
839,680,76,127,624,704,607
533,611,192,203,576,629,607
682,514,142,91,640,717,607
31,105,130,91,615,647,607
456,274,172,60,587,605,607
24,131,73,82,159,0,607
0,39,30,73,0,146,607
0,58,84,51,494,492,607
574,637,145,155,579,606,607
0,51,36,57,413,351,607
0,33,92,77,0,0,607
449,369,146,100,609,724,607
106,206,69,83,348,306,607
235,377,156,135,606,681,607
0,89,69,102,0,0,607
41,184,51,90,0,0,607
525,370,108,129,679,746,608
107,202,80,68,519,606,608
691,636,188,114,589,684,608
107,257,54,67,466,544,608
754,530,173,155,576,618,608
95,243,108,124,343,490,608
747,754,146,149,640,683,608
115,131,68,96,467,0,608
855,527,150,113,587,642,608
816,430,82,139,706,780,608
0,70,53,85,0,0,608
166,274,134,148,584,661,608
6,95,35,115,0,0,608
283,378,77,111,438,418,608
722,836,170,158,626,678,608
59,195,138,92,517,542,608
358,242,143,96,0,0,608
536,339,149,137,655,734,609
633,690,124,122,644,706,609
0,79,47,118,0,0,609
497,362,80,90,528,582,609
94,193,105,81,540,665,609
321,275,113,80,525,644,609
72,175,65,80,0,0,609
0,66,83,103,0,0,609
559,577,132,149,630,706,609
157,278,160,102,587,603,609
568,657,106,127,581,632,609
443,358,60,87,487,489,609
499,592,112,109,573,623,609
240,352,178,161,597,618,610
85,210,85,71,446,466,610
0,95,61,65,372,0,610
445,244,196,117,560,620,610
28,157,65,89,0,0,610
274,298,94,98,366,558,610
113,230,159,102,580,627,610
81,196,81,124,0,0,610
979,564,171,145,658,718,610
100,220,48,55,363,243,610
14,117,114,106,375,339,610
263,280,145,103,671,743,610
0,90,54,95,0,0,610
45,174,73,81,0,0,611
238,368,145,132,527,592,611
0,97,69,81,129,0,611
0,27,74,66,567,621,611
567,418,135,119,625,691,611
276,434,95,170,449,499,611
576,464,117,87,622,714,611
117,238,62,115,0,0,611
790,723,144,146,705,788,611
940,498,194,117,684,740,611
264,301,118,141,652,727,611
10,127,47,79,0,0,612
355,231,263,176,654,708,612
87,204,60,70,0,0,612
283,416,232,179,586,578,612
437,525,165,92,578,638,612
237,297,130,67,590,634,612
0,58,52,88,0,0,612
159,272,203,107,607,634,612
329,213,184,98,618,676,612
477,429,139,89,544,617,612
791,812,125,147,526,587,612
0,84,116,116,566,700,613
526,604,184,146,584,657,613
36,142,55,79,0,0,613
174,235,82,117,441,477,613
0,56,89,124,572,521,613
332,380,89,143,602,683,613
900,663,111,134,654,718,613
43,151,132,121,460,510,613
153,304,104,136,420,0,613
0,55,62,78,0,0,613
880,732,144,149,715,787,613
2,90,128,111,534,570,613
332,491,49,134,0,0,613
114,219,113,118,227,0,613
0,67,64,98,0,0,613
938,686,40,77,715,801,613
30,141,13,56,399,447,613
160,222,50,87,352,387,613
338,396,58,105,537,631,614
153,234,99,70,536,618,614
390,409,82,134,594,729,614
119,198,82,61,0,0,614
442,480,59,97,329,502,614
251,400,37,71,0,0,614
583,429,82,117,637,742,614
273,264,134,131,484,589,614
110,216,159,108,581,650,614
307,222,97,126,0,359,614
117,200,28,55,0,0,614
357,427,54,95,493,597,614
396,328,79,78,590,673,614
536,430,115,146,693,764,614
113,277,44,93,0,0,614
194,293,122,145,368,379,615
108,212,34,72,540,653,615
479,588,135,169,520,587,615
127,220,95,64,511,547,615
145,289,127,153,0,0,615
330,434,143,97,593,654,615
0,34,15,58,0,371,615
0,88,37,118,0,0,615
81,162,108,103,504,431,616
0,54,37,79,0,0,616
99,165,133,117,0,443,616
115,187,196,89,594,647,616
278,216,166,99,622,709,616
47,133,127,71,512,506,616
611,400,155,98,576,676,616
183,282,93,95,0,0,616
353,439,112,141,580,678,616
40,125,139,105,634,719,616
0,76,18,106,0,0,616
0,64,23,54,0,0,616
441,315,149,78,617,677,616
122,193,110,145,558,612,616
0,54,14,70,0,0,616
828,397,245,161,689,769,616
0,113,38,60,489,539,617
0,122,31,76,0,0,617
58,154,122,103,574,622,617
529,366,257,152,657,706,617
38,83,114,94,405,0,617
677,737,152,148,595,641,617
714,604,148,89,608,661,617
401,346,137,118,154,0,617
0,39,30,44,0,0,617
0,46,106,63,372,0,617
944,517,115,136,534,663,617
0,80,113,75,444,0,617
0,50,41,49,0,0,617
78,167,63,103,366,446,617
588,596,108,121,560,627,617
333,478,143,138,566,608,618
553,307,200,121,644,727,618
793,770,211,143,526,607,618
808,458,201,101,625,676,618
0,86,151,109,304,0,618
185,214,106,71,584,660,618
86,214,163,161,404,0,618
705,528,103,167,700,774,618
472,340,137,151,687,742,618
500,488,73,113,549,639,618
762,575,125,122,644,709,618
449,417,143,127,658,674,618
41,169,49,125,0,0,618
374,424,201,167,632,676,618
74,168,45,72,0,0,619
370,471,193,151,601,667,619
0,32,33,91,0,0,619
138,232,65,89,390,534,619
0,108,86,92,482,0,619
656,511,99,206,610,678,619
65,202,109,92,513,489,619
0,51,103,79,0,0,619
625,583,124,126,343,508,619
6,131,31,122,0,0,619
46,194,88,88,257,0,619
238,291,145,153,607,623,619
0,54,24,46,83,392,619
17,134,91,125,0,427,619
339,407,121,101,587,677,619
411,517,140,133,512,478,619
165,340,128,147,374,384,619
89,167,117,144,619,700,619
107,260,86,98,0,0,619
161,209,69,89,0,0,619
70,126,92,125,574,668,619
165,246,71,120,545,664,619
0,96,80,145,0,0,619
173,312,85,128,257,460,619
200,338,24,107,0,0,619
73,160,103,97,490,542,620
123,177,140,107,579,663,620
890,721,115,134,716,806,620
0,76,28,90,0,0,620
649,290,224,105,703,783,620
0,67,43,106,0,0,620
674,460,187,99,635,731,620
644,434,133,123,650,730,620
360,427,135,153,575,643,620
482,464,113,103,586,618,620
723,640,115,149,628,708,620
278,285,70,83,389,547,620
8,129,28,112,0,0,620
707,396,200,96,686,760,620
411,457,106,129,498,606,620
47,147,34,115,0,0,620
74,136,98,73,486,587,620
0,61,29,79,0,0,620
13,115,94,91,396,459,620
544,262,122,71,592,715,620
280,367,125,150,530,629,621
0,68,63,61,495,516,621
120,126,58,58,533,563,621
580,497,272,87,646,712,621
167,290,123,134,427,338,621
976,605,175,145,683,751,621
249,361,106,124,581,595,621
591,384,213,110,667,730,621
194,315,74,133,0,509,621
771,686,186,156,610,697,621
0,86,48,88,0,0,621
203,380,109,115,455,0,621
754,557,170,151,648,726,621
2,65,39,106,0,0,621
178,342,72,151,0,0,621
0,35,84,124,0,0,621
481,473,130,175,382,570,621
0,83,61,111,360,0,621
102,194,115,99,386,0,621
84,160,91,87,448,602,621
381,194,221,132,662,728,621
827,582,106,122,644,726,621
326,419,119,140,523,554,621
619,589,140,179,583,653,621
220,170,63,72,0,0,621
846,606,134,106,652,722,622
271,385,205,130,506,615,622
462,524,108,167,414,405,622
73,177,61,72,556,618,622
363,498,35,99,419,522,622
206,180,122,58,527,556,622
0,64,43,63,413,518,622
256,171,94,90,657,735,622
4,123,33,84,0,0,622
597,414,189,186,725,796,622
137,173,81,119,0,0,622
170,291,74,134,0,473,622
730,661,96,150,659,736,622
43,67,155,71,547,633,622
23,78,164,95,586,657,622
6,125,79,108,0,0,622
67,193,52,108,214,0,622
54,130,78,61,520,507,622
46,111,131,51,605,611,623
313,367,111,143,530,648,623
432,493,157,220,671,760,623
33,153,24,94,0,0,623
601,449,212,128,668,734,623
503,583,101,156,623,724,623
21,91,18,31,0,0,623
116,166,67,94,0,0,623
130,230,27,73,0,356,623
0,80,44,98,0,0,623
275,454,52,104,0,0,623
637,487,169,144,596,686,623
481,714,59,162,0,0,623
244,179,134,88,584,613,623
63,186,73,76,0,0,623
559,364,195,108,461,598,623
2,98,104,88,576,712,623
432,397,47,57,0,542,623
952,717,116,185,583,645,623
318,363,86,102,461,490,623
256,379,74,106,406,501,624
0,39,75,72,536,643,624
340,331,74,70,613,698,624
273,369,119,136,532,573,624
586,366,113,118,635,687,624
121,232,130,117,391,0,624
0,48,74,64,0,0,624
0,57,102,101,440,458,624
313,450,128,126,538,542,624
0,83,100,72,599,652,624
477,598,165,172,591,656,624
415,468,159,170,466,508,624
0,32,61,56,490,485,624
340,355,131,129,646,726,624
170,266,68,104,334,507,625
63,201,29,53,476,562,625
26,114,57,60,577,703,625
107,263,53,91,0,0,625
0,42,16,36,513,575,625
185,308,163,147,588,613,625
49,193,32,87,0,0,625
487,536,121,120,584,677,625
227,222,65,142,631,699,625
47,162,120,132,0,0,625
375,422,237,126,632,670,625
382,333,87,135,622,688,625
242,380,81,143,161,0,626
61,164,93,122,305,0,626
303,410,147,120,568,610,626
52,190,75,59,461,327,626
0,37,50,64,0,0,626
116,176,152,103,442,407,626
415,472,94,97,608,653,626
51,135,159,100,597,655,626
468,430,170,92,601,631,627
16,147,29,99,0,0,627
632,290,183,114,647,688,627
362,363,71,81,0,0,627
63,160,56,69,192,402,627
240,390,97,111,571,640,627
124,224,182,109,567,601,628
150,143,42,97,255,450,628
788,635,164,134,630,640,628
709,537,134,152,668,749,628
87,210,94,179,0,0,628
31,137,166,134,439,0,628
0,53,98,135,421,0,629
242,385,125,163,469,369,629
500,505,130,131,637,724,629
196,225,70,99,416,562,629
131,228,102,66,472,549,629
0,37,92,121,0,0,629
358,436,105,112,513,585,629
983,610,234,79,698,756,629
287,334,35,116,0,0,629
218,341,97,87,577,601,630
0,90,46,78,444,470,630
162,295,33,123,0,0,630
305,380,190,115,624,680,630
0,61,115,103,0,0,630
396,474,132,131,509,452,630
221,358,34,94,421,619,630
366,288,137,81,474,547,630
415,390,235,220,592,595,630
33,136,42,71,472,573,630
856,487,186,112,653,695,630
573,372,78,144,605,697,630
0,50,35,102,0,0,630
228,293,120,113,0,0,630
36,94,61,103,0,0,630
484,433,91,82,615,665,630
414,309,169,101,587,568,630
101,195,74,111,356,495,630
480,299,83,94,456,633,630
0,26,26,58,0,0,631
9,108,111,101,78,0,631
0,32,172,89,589,613,631
399,456,171,143,580,627,631
41,154,114,95,494,241,631
561,468,162,135,551,589,631
221,368,115,76,0,0,631
0,25,177,129,622,676,631
0,41,32,54,411,186,631
0,32,31,47,470,556,631
0,36,49,93,0,0,632
402,353,166,65,641,724,632
609,330,201,148,615,703,632
894,773,99,94,635,711,632
746,422,208,91,680,758,632
274,323,105,103,597,672,632
48,191,32,85,0,0,632
293,437,116,122,454,563,632
0,96,93,70,556,592,632
0,33,24,37,0,0,632
90,188,114,64,519,544,632
113,150,114,86,526,497,632
0,66,24,47,0,0,632
691,375,175,102,709,796,632
935,411,147,162,685,767,632
340,249,209,119,683,749,633
251,358,66,85,495,525,633
278,389,122,121,481,617,633
0,43,118,77,507,486,633
706,436,150,121,601,673,633
7,71,142,107,710,784,633
802,900,145,202,549,658,633
301,427,124,104,503,538,633
734,406,199,172,635,712,633
480,459,218,136,590,613,633
139,251,76,105,0,373,633
632,574,150,126,502,604,633
182,266,122,138,529,618,633
507,298,126,70,528,513,633
607,399,119,96,608,693,633
177,322,83,108,0,0,633
0,64,65,83,0,0,633
29,142,30,94,412,0,633
606,437,127,117,568,653,633
350,336,94,154,542,640,633
56,125,188,98,631,691,633
188,270,99,76,0,0,633
238,272,137,137,485,586,633
724,609,140,160,703,786,633
238,259,154,116,546,657,634
89,107,83,96,483,552,634
114,127,174,126,340,412,634
75,100,59,72,0,0,634
79,141,97,146,0,534,634
197,238,163,161,500,561,634
980,915,137,127,756,845,634
38,121,114,150,393,650,634
10,105,60,81,428,578,634
20,148,43,103,0,0,634
518,540,160,119,583,655,634
143,218,47,90,0,479,634
707,650,127,141,677,743,634
0,47,72,61,450,322,634
330,485,108,80,0,0,634
6,103,93,81,0,0,634
198,198,141,100,549,614,634
730,560,222,171,660,729,634
0,37,70,56,0,0,634
442,449,90,144,615,725,634
391,454,129,144,444,371,634
405,416,140,122,524,598,634
222,270,216,125,585,653,634
0,83,96,100,310,536,635
0,57,46,70,0,0,635
179,300,137,133,0,0,635
667,641,163,134,558,627,635
44,126,62,70,0,0,635
284,241,168,134,596,672,635
0,52,95,95,0,0,635
0,92,24,127,0,0,635
282,361,291,142,570,632,635
722,771,119,184,433,526,635
39,155,64,67,494,605,635
0,32,68,71,0,0,635
221,171,149,95,619,690,635
67,175,119,124,514,615,635
115,211,37,62,268,281,635
16,141,44,121,0,0,635
49,156,55,131,0,0,635
565,481,205,189,592,681,635
856,706,213,159,635,702,635
276,256,250,147,650,713,635
350,281,151,148,651,739,635
525,506,152,147,547,622,635
548,529,215,153,680,744,635
0,54,27,49,0,0,635
18,127,169,168,491,620,635
55,142,99,127,548,672,635
572,662,189,116,583,522,636
9,111,51,53,407,294,636
110,174,116,126,552,652,636
35,157,71,68,0,0,636
517,484,120,124,427,599,636
24,108,124,63,465,534,636
376,328,25,64,0,0,636
159,253,57,97,350,523,636
436,297,204,128,623,685,636
423,472,172,180,530,569,636
42,155,55,114,0,0,636
9,126,71,150,0,0,636
1,118,56,124,0,0,636
836,603,201,101,577,639,636
92,202,44,51,0,0,636
169,322,18,70,0,0,636
205,306,178,151,553,630,636
12,149,23,85,0,0,636
40,141,37,69,428,478,636
146,248,129,143,587,685,636
53,178,133,104,137,0,636
118,133,98,130,0,519,636
5,83,131,87,361,441,637
0,59,43,97,0,0,637
179,251,87,98,382,527,637
101,126,186,113,334,0,637
951,603,224,121,625,711,637
388,365,138,144,394,649,637
291,429,136,177,510,637,637
520,464,154,171,563,648,637
60,101,173,125,442,553,637
842,703,127,127,647,735,637
121,193,127,72,531,503,637
489,375,170,113,545,623,637
0,38,60,80,0,275,637
60,172,111,89,0,0,637
11,123,126,87,475,544,637
328,315,118,127,652,739,637
18,136,96,99,0,0,637
294,375,129,103,542,643,637
17,118,112,75,561,597,637
253,372,134,149,449,550,638
536,411,91,74,0,445,638
894,365,202,109,705,771,638
202,270,62,91,487,611,638
28,137,38,74,0,0,638
608,381,196,99,642,713,638
0,93,85,100,0,0,638
428,569,153,186,537,619,638
477,572,209,119,667,726,638
0,76,49,130,0,0,638
0,52,100,87,543,622,638
281,302,161,141,627,693,638
269,312,200,159,606,684,638
135,271,163,129,444,453,638
141,228,184,97,608,693,638
248,287,250,98,625,654,638
383,401,150,99,584,666,638
0,54,51,93,527,584,638
425,560,125,146,367,193,638
567,789,93,142,523,574,638
401,310,114,70,474,488,638
907,719,106,108,656,735,639
77,139,72,64,0,0,639
150,179,188,139,598,710,639
71,201,47,111,0,0,639
307,342,76,90,499,651,639
171,244,100,135,420,456,639
41,112,142,84,626,705,639
14,127,95,83,438,429,639
738,363,154,113,651,739,639
427,366,125,100,591,697,639
441,451,127,91,552,636,639
211,294,136,123,526,636,639
0,77,96,176,0,0,639
5,89,82,88,312,375,639
447,607,98,123,539,609,639
457,278,114,130,595,700,639
0,42,56,42,0,0,639
187,269,152,132,592,669,639
0,55,62,95,0,0,639
705,477,226,157,632,692,640
571,307,338,103,704,718,640
553,513,126,118,526,660,640
267,260,112,104,616,685,640
21,139,51,63,510,570,640
93,184,143,124,597,687,640
57,136,54,93,0,0,640
4,90,39,127,0,532,640
333,312,166,93,600,665,640
679,617,171,104,631,713,640
0,34,114,96,0,0,640
86,207,80,59,562,663,640
129,205,88,76,475,566,640
10,114,174,83,395,0,640
0,74,20,71,0,0,640
500,310,129,119,632,727,640
22,131,90,122,485,595,640
557,678,100,137,540,619,640
71,217,93,108,0,0,640
937,640,93,134,622,728,640
513,567,164,130,577,675,640
481,559,154,159,494,631,640
88,226,60,134,295,505,641
242,311,140,177,493,593,641
24,120,47,97,0,0,641
189,295,89,105,435,436,641
461,420,71,146,528,668,641
0,67,95,80,0,0,641
815,417,176,129,559,670,641
547,343,170,88,669,724,641
91,169,34,80,473,270,641
220,325,41,62,437,645,641
810,795,97,121,623,742,641
17,90,103,73,497,495,641
234,328,163,208,429,547,641
318,228,153,126,677,731,641
757,801,143,208,670,733,641
0,36,81,67,498,552,641
685,384,235,114,683,746,641
45,144,84,105,432,593,641
237,392,112,117,457,504,641
248,213,188,138,406,580,641
16,107,159,126,569,585,642
0,56,144,97,557,573,642
890,718,134,143,700,784,642
0,87,131,86,526,604,642
797,353,186,63,617,684,642
0,33,82,89,593,670,642
262,217,129,119,607,688,642
70,139,116,95,477,0,642
86,177,90,65,506,554,642
481,429,111,92,601,652,642
0,64,53,53,513,609,642
0,73,142,166,0,0,642
242,321,124,143,473,639,642
0,64,78,111,374,257,642
1,105,18,110,0,0,642
7,114,90,159,275,0,642
105,186,86,129,0,0,642
593,336,182,148,595,694,643
0,25,52,73,0,0,643
321,153,143,93,527,632,643
97,223,180,126,471,0,643
29,161,18,94,0,0,643
0,114,79,112,0,0,643
0,76,55,88,528,647,643
0,70,26,59,0,0,643
0,31,75,103,0,0,643
0,68,131,82,577,659,643
0,89,95,75,0,0,643
12,131,137,112,578,652,643
1,123,92,74,0,0,643
527,525,119,148,588,699,643
159,312,14,109,0,341,643
90,211,31,80,0,528,643
824,720,87,192,645,726,643
247,300,119,131,600,650,643
0,85,41,100,317,518,643
535,562,168,156,618,674,643
841,923,132,219,668,751,643
69,160,91,93,0,505,644
119,253,140,180,630,685,644
265,332,177,188,529,627,644
165,288,210,129,603,611,644
0,55,17,79,0,0,644
0,76,104,52,511,503,644
0,28,74,110,0,0,644
388,357,188,217,592,671,644
354,269,134,108,502,575,644
163,190,111,105,557,650,644
411,320,141,100,635,710,644
0,37,86,132,0,0,644
90,184,77,52,0,0,644
315,421,161,119,612,678,644
28,120,83,84,506,497,644
771,585,126,107,542,591,644
66,171,98,74,0,0,644
0,83,134,147,0,0,645
60,187,97,108,388,0,645
834,441,118,133,714,797,645
0,60,29,65,0,0,645
523,476,176,129,607,662,645
80,180,36,51,310,476,645
143,282,48,92,335,402,645
250,234,177,98,623,684,645
928,714,127,137,681,748,645
38,154,22,52,0,0,645
0,42,55,54,528,511,646
918,637,72,123,575,641,646
0,77,110,120,490,472,646
259,364,54,111,0,0,646
272,353,168,97,575,583,646
17,125,64,92,0,0,646
67,182,112,81,586,644,646
98,233,146,108,564,647,646
367,418,143,142,592,665,646
121,264,133,78,641,714,646
74,178,158,60,552,554,646
222,334,74,64,0,0,646
38,182,52,97,438,570,647
397,329,189,79,706,767,647
722,346,165,120,730,820,647
299,374,180,146,473,488,647
90,222,73,61,451,0,647
154,315,79,123,514,634,647
147,320,114,128,512,553,647
0,39,81,84,569,631,647
317,222,166,87,558,607,647
976,838,152,129,683,749,647
93,225,78,88,547,591,647
0,57,97,108,495,480,647
166,184,78,90,0,0,647
0,39,35,63,0,0,647
247,365,169,125,588,675,647
418,545,109,144,637,710,647
82,130,81,74,559,648,647
6,89,116,93,525,580,647
113,255,77,85,0,0,647
0,75,103,74,344,0,648
837,637,106,103,472,587,648
790,830,99,136,616,731,648
105,201,77,93,336,0,648
619,354,152,147,698,770,648
236,239,77,69,582,637,648
100,111,114,66,522,519,648
476,272,162,90,668,732,648
848,643,228,160,715,758,649
0,36,17,52,0,0,649
12,91,39,86,0,0,649
30,153,45,81,426,0,649
97,118,92,77,349,0,649
893,595,230,151,698,758,649
983,610,131,96,669,751,649
443,490,112,130,610,659,649
137,145,187,101,641,698,649
615,489,199,169,676,751,649
695,321,199,153,748,820,650
535,361,192,88,624,703,650
174,210,47,114,0,386,650
338,252,136,95,544,660,650
204,272,172,116,661,719,650
367,439,147,143,632,676,650
488,470,110,130,521,600,650
92,166,93,86,501,498,650
91,238,111,97,0,0,650
68,132,43,44,0,0,650
72,178,144,116,0,0,650
161,265,97,98,0,0,650
0,90,65,91,0,0,650
55,190,100,113,561,625,650
471,397,174,130,624,674,651
0,114,16,106,0,0,651
739,603,152,163,581,656,651
957,639,64,115,662,752,651
134,266,82,107,471,510,651
27,140,91,77,544,628,651
242,320,30,54,483,570,651
29,135,61,90,0,0,651
628,727,128,174,604,678,651
157,138,189,133,648,699,651
0,69,49,66,0,0,652
145,140,129,118,564,637,652
23,110,58,94,461,518,652
484,305,116,67,659,755,652
345,427,184,109,629,727,652
179,273,78,67,553,654,652
9,123,45,60,394,0,653
530,342,170,93,639,696,653
20,111,109,115,502,530,653
0,32,16,53,0,0,653
712,531,169,132,699,772,653
805,584,112,105,682,757,653
257,237,30,61,0,124,653
4,112,143,68,595,554,653
246,216,123,77,522,587,653
792,628,175,118,642,735,653
48,172,69,88,0,0,653
347,395,134,115,619,673,653
539,461,62,119,663,752,653
4,83,107,128,560,608,653
0,56,47,101,0,0,654
0,91,137,62,454,0,654
667,470,184,109,701,764,654
53,117,150,62,555,597,654
0,63,39,67,350,0,654
0,34,89,78,0,0,654
17,86,78,63,480,590,654
215,291,99,106,472,524,654
271,396,87,144,589,628,654
416,563,166,123,631,686,654
95,246,100,105,513,480,654
844,565,105,114,615,671,654
171,266,58,94,531,624,654
508,479,47,105,576,656,654
143,181,111,124,377,219,655
219,341,114,155,457,506,655
0,38,17,74,0,0,655
185,127,166,79,397,0,655
89,205,132,73,547,544,655
336,342,210,149,647,690,655
1,105,42,68,0,0,655
472,519,127,111,388,491,655
733,482,139,130,671,764,655
79,101,131,96,562,616,655
27,128,94,104,547,511,655
907,448,215,88,676,741,656
0,35,32,53,0,0,656
88,157,22,83,0,0,656
632,562,142,106,576,614,656
144,257,64,73,0,0,656
115,261,85,88,397,0,656
902,509,182,105,725,787,656
44,181,19,48,0,0,656
301,412,106,109,226,0,656
4,92,33,83,434,553,656
0,34,47,71,0,0,656
882,707,162,118,657,747,656
289,222,151,113,602,674,656
346,304,162,77,628,685,656
0,57,48,100,0,423,657
91,214,58,65,0,0,657
157,242,90,103,0,0,657
481,452,166,136,550,569,657
92,184,44,104,0,0,657
91,231,93,81,450,129,657
23,118,50,67,336,0,657
168,156,106,70,287,0,657
396,387,182,146,596,645,657
229,246,151,91,486,572,657
0,33,143,90,551,576,657
0,52,90,78,291,0,657
190,283,102,132,531,550,657
105,245,40,68,420,0,657
572,568,165,125,551,665,657
510,499,151,167,612,706,657
59,144,77,57,0,0,657
364,410,126,137,510,597,657
217,274,141,85,540,633,658
252,191,98,73,489,633,658
685,479,92,106,552,596,658
168,193,74,94,586,666,658
460,471,61,109,407,595,658
45,177,13,71,0,0,658
88,199,43,71,0,0,658
162,141,123,118,470,645,658
21,150,76,92,0,0,658
229,299,118,112,499,605,659
115,203,128,81,559,597,659
34,111,104,144,494,664,659
954,555,176,202,738,803,659
157,164,193,84,615,681,659
0,50,61,91,346,425,659
191,302,141,100,626,705,659
0,89,126,85,0,0,659
0,68,28,109,0,0,659
0,66,48,37,404,405,659
128,120,172,98,602,599,659
311,413,203,184,661,720,659
387,386,53,76,500,0,659
65,114,164,98,577,573,659
31,120,41,38,495,502,659
52,174,45,86,0,0,660
0,66,78,69,0,0,660
503,554,196,157,605,622,660
389,502,106,142,524,597,660
0,60,51,97,0,0,660
16,94,40,36,467,558,660
6,86,147,119,542,592,660
137,187,142,85,497,482,660
143,265,65,94,0,0,660
143,233,75,71,0,0,660
639,466,92,177,619,684,660
249,401,117,102,464,0,660
0,57,79,81,517,435,660
0,46,86,113,384,287,660
431,384,63,66,580,658,660
586,404,198,117,656,728,660
176,241,123,75,535,594,660
519,597,150,128,607,708,660
529,519,129,172,636,728,660
150,293,72,103,398,409,661
32,147,85,70,456,327,661
281,272,175,122,449,0,661
0,31,43,55,353,0,661
910,652,219,95,721,803,661
601,552,194,113,678,726,661
76,200,132,171,0,479,661
206,338,99,103,524,526,661
0,58,52,47,403,0,661
0,39,55,71,0,312,661
41,116,46,64,0,0,661
662,385,168,122,686,759,661
577,280,219,119,539,656,661
103,230,89,88,0,236,661
19,128,94,102,476,453,661
736,511,105,92,538,642,661
644,490,160,189,733,797,662
88,204,78,138,333,0,662
233,333,82,82,291,573,662
44,65,134,89,632,714,662
160,187,135,131,453,443,662
275,333,169,141,569,650,662
128,190,92,86,516,596,662
265,286,166,181,667,732,662
81,218,89,119,0,0,662
362,469,81,132,390,521,662
0,48,30,73,0,0,662
326,277,119,98,588,684,662
314,429,149,66,557,575,662
27,132,63,71,446,484,663
335,299,177,89,673,749,663
975,549,166,117,723,783,663
102,210,70,115,178,475,663
610,373,93,175,590,671,663
288,235,155,65,607,637,663
544,423,154,89,614,639,663
218,249,155,106,634,710,663
3,99,104,62,534,599,663
209,361,12,113,0,0,663
222,378,54,125,514,625,664
588,388,162,99,585,636,664
415,465,106,94,0,0,664
903,763,153,103,672,732,664
396,382,179,193,664,742,664
272,424,59,122,526,585,664
345,463,78,117,0,0,664
0,69,54,85,0,0,664
41,106,174,111,580,630,664
924,406,253,127,619,676,664
0,24,80,89,0,0,664
300,219,152,118,508,629,664
197,259,39,87,0,0,664
173,331,51,130,379,486,664
86,184,73,84,474,574,664
229,269,173,179,569,635,665
160,315,172,146,479,488,665
361,296,97,108,620,704,665
18,133,34,71,0,0,665
0,62,44,80,0,0,665
9,138,117,104,0,0,665
83,214,13,89,0,0,665
88,209,104,93,478,543,665
66,181,73,87,388,461,665
643,535,94,116,694,792,665
32,70,47,48,543,669,665
165,175,107,78,453,509,665
155,267,78,107,473,508,665
0,43,60,90,0,0,665
323,360,81,133,456,461,665
170,280,133,95,297,326,665
21,141,112,90,373,0,665
870,691,159,110,676,772,665
0,24,60,87,444,521,665
127,253,135,90,0,0,665
0,47,32,61,0,0,665
339,391,131,166,546,609,665
816,626,195,153,660,719,665
0,94,40,118,0,0,665
763,385,208,139,668,717,666
522,316,107,73,624,747,666
232,355,64,145,0,472,666
366,478,110,119,15,0,666
398,447,186,134,633,700,666
206,342,71,131,529,628,666
0,41,79,60,184,0,666
377,448,143,125,525,560,666
0,49,136,80,575,624,666
349,263,179,146,580,674,666
163,156,209,128,605,614,666
85,120,19,46,476,545,666
3,122,32,98,0,0,666
0,75,109,140,478,551,666
840,492,146,92,571,617,666
0,53,83,101,549,567,666
22,129,27,43,0,451,666
188,261,108,118,611,657,666
35,142,63,126,424,651,666
0,56,78,75,0,0,666
126,253,65,126,0,0,667
94,154,67,98,0,0,667
0,68,26,74,0,456,667
6,120,71,80,299,473,667
24,137,46,42,363,0,667
9,115,19,27,0,0,667
190,247,225,117,582,499,667
87,212,23,40,0,256,667
356,260,200,87,649,725,667
181,207,58,71,462,568,667
15,96,93,83,553,594,667
34,128,113,98,468,513,667
758,423,116,66,583,658,667
167,321,46,116,446,573,667
129,257,63,97,366,514,668
120,187,64,46,529,584,668
0,78,171,75,571,568,668
442,420,169,136,335,0,668
0,27,104,104,340,485,668
552,604,109,204,574,734,668
285,324,176,108,594,624,668
2,100,60,58,538,658,668
0,54,198,114,549,575,668
108,156,118,129,0,0,668
0,75,93,81,232,0,668
135,216,103,138,582,696,669
0,92,16,64,0,0,669
338,329,149,101,600,690,669
563,448,123,106,536,590,669
480,408,221,186,528,635,669
218,351,65,136,429,551,669
240,257,172,92,543,620,669
353,422,118,141,528,608,669
48,159,14,101,545,625,669
125,219,126,106,412,310,669
562,513,144,144,618,660,669
472,487,103,110,639,708,669
62,169,153,90,584,586,669
282,299,132,136,643,706,669
190,300,143,102,443,449,669
439,505,132,172,481,586,669
349,333,229,137,571,564,669
93,151,92,103,513,499,669
571,287,173,126,639,704,670
634,576,159,147,587,623,670
104,169,116,94,554,603,670
65,201,124,109,460,483,670
456,538,53,82,549,632,670
156,325,68,68,0,0,670
772,527,116,129,694,780,671
493,487,90,195,634,719,671
90,126,170,144,503,555,671
145,262,62,103,0,0,671
0,84,23,76,0,0,671
0,58,84,87,0,0,671
558,449,184,143,635,708,671
355,254,33,68,515,620,671
307,459,93,95,587,616,671
79,212,29,104,0,0,671
109,191,161,107,519,592,671
584,578,71,110,632,703,671
347,228,122,91,485,552,671
100,239,171,139,567,433,671
175,184,122,102,603,716,671
210,222,60,123,0,0,671
0,26,69,60,263,0,671
0,78,130,151,537,583,671
561,502,147,119,633,693,671
470,540,169,193,666,708,671
699,491,108,96,602,658,671
0,34,37,67,0,0,672
676,471,109,114,618,718,672
669,599,193,133,692,747,672
592,704,122,160,586,645,672
0,80,78,107,405,502,672
744,682,229,144,712,775,672
134,275,93,88,0,0,673
0,104,51,90,498,598,673
146,285,71,128,157,204,673
255,354,122,113,575,482,673
151,123,208,115,619,687,673
417,459,110,142,569,611,673
477,588,168,140,612,660,674
247,377,88,130,330,561,674
74,178,27,67,507,582,674
0,79,69,103,205,0,674
119,228,70,87,480,510,674
247,244,145,156,552,653,674
32,129,33,90,0,0,674
131,237,67,111,0,0,674
0,48,41,61,0,0,674
154,259,85,160,360,628,674
99,203,103,95,0,0,674
106,221,74,82,141,0,674
50,192,129,122,403,0,674
140,202,166,96,676,754,675
150,174,23,71,514,679,675
251,361,71,137,556,653,675
584,350,176,168,603,716,675
6,95,80,133,0,0,675
610,553,142,92,586,632,675
3,97,54,78,0,0,675
271,284,120,150,467,545,675
123,234,74,77,366,0,675
164,262,133,86,457,359,675
106,132,229,95,636,700,675
426,406,76,102,647,734,675
9,121,46,109,0,0,675
135,287,43,78,0,0,675
120,259,53,117,0,0,675
215,213,121,78,440,420,675
325,156,164,79,609,684,676
0,52,216,132,516,390,676
350,458,58,99,558,684,676
0,77,64,92,0,0,676
45,144,57,65,375,0,676
296,409,86,142,568,670,676
515,465,82,107,381,432,676
53,205,39,66,20,0,676
166,255,95,178,503,620,676
140,222,63,85,0,0,676
212,248,92,56,466,590,676
350,310,191,108,582,609,676
533,449,96,74,604,667,676
0,86,38,67,0,0,676
547,647,102,119,299,538,676
684,555,160,127,682,733,676
24,132,76,89,0,0,676
480,274,119,99,578,693,676
106,139,111,139,559,658,676
0,29,126,63,450,0,676
653,450,121,76,656,751,676
51,164,108,106,395,575,676
132,257,164,85,506,529,676
48,147,74,97,345,580,676
3,87,94,112,0,456,677
0,89,104,101,0,0,677
351,300,140,105,623,671,677
83,201,14,93,427,544,677
442,477,107,111,563,571,677
614,557,244,189,659,707,677
396,568,107,146,0,0,677
354,405,114,122,505,596,677
118,187,79,108,357,443,677
10,117,131,107,349,0,677
159,194,72,112,0,497,677
179,286,129,172,444,551,677
937,661,214,114,684,766,678
620,364,113,117,634,730,678
0,47,77,72,0,0,678
217,319,107,116,604,611,678
286,356,127,146,435,528,678
322,375,222,176,632,663,678
0,41,64,57,0,0,678
77,199,144,125,472,346,678
787,644,214,138,615,658,678
450,616,94,155,541,643,678
2,102,65,71,536,656,678
102,240,69,115,550,618,678
357,463,170,157,647,706,678
21,145,172,95,508,0,678
84,101,31,54,0,0,678
446,463,65,111,0,0,678
72,168,77,95,451,0,678
896,554,110,149,703,785,678
402,499,70,113,0,0,678
0,24,56,66,0,0,678
4,117,22,69,0,0,678
26,126,96,136,494,552,678
130,185,72,79,509,541,679
0,1010,216,122,1023,1023,679
99,241,40,64,280,460,679
42,181,51,80,0,0,679
7,119,142,117,530,609,679
585,419,111,88,605,680,679
30,111,60,96,0,0,679
575,453,234,129,672,737,679
570,626,125,137,507,539,679
490,598,155,216,517,551,679
15,114,148,105,669,746,679
268,367,106,107,427,488,679
728,569,112,77,533,616,679
0,54,175,120,567,636,679
445,545,128,163,260,508,679
342,267,108,70,521,618,679
0,57,51,89,379,578,679
123,250,19,100,0,0,679
222,222,95,80,529,631,679
1,95,70,89,25,0,679
141,251,140,157,0,0,679
872,808,209,212,634,704,680
793,583,199,124,671,761,680
777,517,209,140,677,750,680
17,132,39,80,417,465,680
867,856,144,139,618,695,680
562,541,178,179,597,677,680
0,25,53,74,0,0,680
29,116,177,139,557,623,680
3,64,156,89,573,599,680
7,109,50,85,340,0,680
316,450,105,109,400,424,680
356,439,213,158,592,675,680
209,276,168,100,521,568,680
348,282,109,88,591,650,681
44,106,45,63,522,655,681
334,403,30,84,209,586,681
0,69,48,92,0,0,681
320,271,162,145,0,0,681
127,205,106,151,595,687,681
474,447,144,142,441,577,681
25,116,96,68,591,672,681
164,174,115,67,613,715,681
769,611,214,166,661,739,681
275,466,142,141,426,0,681
132,238,157,152,420,605,681
308,237,61,75,447,588,681
0,44,45,60,524,616,681
24,106,69,67,436,423,681
423,399,108,77,616,693,681
98,210,98,115,494,600,681
3,91,61,65,0,0,681
108,170,221,106,553,639,681
52,180,96,109,502,491,681
0,40,107,128,0,0,682
867,681,120,97,727,806,682
529,347,172,117,580,630,682
176,243,72,79,591,692,682
0,67,125,117,408,468,682
357,331,210,130,591,665,682
226,330,17,107,0,0,682
121,216,114,148,391,468,682
173,296,182,82,572,592,682
56,143,78,105,502,506,682
680,728,175,170,674,769,682
158,308,36,91,468,583,682
82,127,141,85,615,677,682
215,303,109,123,563,635,682
0,95,75,92,459,548,683
176,182,144,75,565,651,683
545,467,195,119,679,768,683
405,426,142,106,640,723,683
87,177,131,112,397,527,683
234,312,80,97,412,514,683
593,383,244,148,634,706,683
0,49,55,82,293,566,683
801,614,170,167,684,753,683
134,215,147,127,569,606,683
76,193,80,90,515,444,683
153,253,138,84,447,0,683
0,59,172,82,632,683,683
0,75,73,74,0,0,683
804,664,146,86,661,733,684
74,144,22,71,0,0,684
801,397,178,109,645,713,684
86,187,108,60,405,0,684
361,313,78,110,419,606,684
61,141,208,126,621,667,684
552,565,95,83,488,573,684
47,166,107,129,420,548,684
681,334,116,125,694,780,684
184,310,121,97,575,660,684
55,155,171,109,635,710,684
74,178,77,91,459,357,684
38,134,84,130,0,0,684
0,30,131,77,604,608,684
87,153,107,79,486,614,684
485,443,219,155,675,741,684
120,165,147,77,571,603,684
38,161,42,57,282,0,684
354,304,229,99,651,680,684
0,29,28,88,0,0,685
57,157,128,69,615,635,685
207,303,94,101,334,0,685
0,42,46,62,401,0,685
699,375,143,115,654,755,685
87,179,69,92,0,0,685
298,248,123,90,618,714,685
345,245,188,93,614,704,685
132,240,93,84,325,0,685
72,143,63,97,528,544,685
16,101,101,80,577,544,685
311,346,93,111,0,287,685
59,149,46,87,423,0,685
439,299,196,96,553,601,685
97,237,62,76,0,0,686
36,124,85,68,597,675,686
148,237,152,107,535,419,686
501,382,266,107,703,748,686
251,194,121,115,506,549,686
119,255,85,98,417,495,686
172,173,184,113,611,655,686
309,253,143,106,566,599,686
87,225,44,89,0,0,686
305,388,126,169,522,528,686
0,44,116,116,459,487,686
360,353,59,99,526,668,686
70,199,72,108,325,0,686
0,56,64,69,569,609,686
540,529,139,196,671,736,686
0,54,70,125,0,0,687
347,325,136,109,613,685,687
490,449,173,149,616,680,687
16,138,48,75,0,0,687
175,208,185,108,555,555,687
30,122,99,97,569,638,687
353,443,151,127,624,704,687
144,236,77,72,0,0,687
427,478,144,92,621,700,687
0,41,96,67,465,375,687
0,86,67,51,502,532,687
257,370,83,114,361,438,688
400,574,122,180,193,0,688
0,85,38,62,353,0,688
457,453,246,97,673,721,688
51,134,55,96,0,0,688
346,511,92,94,342,374,688
363,235,302,163,679,731,688
0,39,109,83,0,0,688
0,106,82,89,380,0,688
539,304,134,141,687,771,688
557,415,179,103,636,696,688
357,464,94,170,251,80,688
41,111,59,120,346,459,689
0,23,77,59,0,426,689
90,208,72,133,0,0,689
46,133,60,61,248,339,689
39,90,94,91,362,0,689
127,232,116,89,222,0,689
228,266,122,156,494,541,689
0,37,29,125,0,0,689
271,378,148,121,0,0,689
139,168,52,69,0,0,689
898,634,74,124,616,707,690
6,97,169,75,643,712,690
248,230,250,112,654,713,690
439,507,139,167,648,704,690
809,533,180,124,688,766,690
0,26,57,82,518,570,690
121,251,39,108,450,531,690
0,82,73,82,551,565,690
482,326,162,117,668,749,690
350,441,77,151,556,672,690
838,773,111,149,520,644,690
118,120,55,57,440,617,690
599,637,118,167,582,628,691
260,354,48,68,0,291,691
401,407,162,157,531,610,691
47,181,88,103,430,478,691
464,265,197,154,674,742,691
204,296,146,90,526,0,691
0,92,68,105,513,602,691
32,152,29,71,552,672,691
639,555,73,159,675,752,691
4,102,125,118,584,620,691
613,508,167,81,634,713,691
415,319,185,135,669,737,691
277,289,104,82,370,411,691
0,27,117,86,399,0,691
25,147,125,104,462,0,691
479,566,170,179,551,602,692
447,320,192,115,574,646,692
0,117,34,93,0,0,692
545,675,60,97,610,708,692
0,27,30,56,369,551,692
157,299,71,106,0,0,692
371,392,125,127,637,710,692
7,109,48,124,0,292,692
0,41,50,58,511,579,692
383,476,134,164,597,682,693
70,142,85,74,0,0,693
305,428,156,104,598,601,693
34,122,45,84,285,0,693
514,513,129,109,552,589,693
601,593,92,142,627,714,693
0,59,70,112,0,0,693
506,671,135,155,447,405,693
180,273,157,120,547,576,693
0,30,127,70,486,567,693
17,89,39,85,229,0,693
361,333,49,103,470,0,693
336,344,94,99,483,555,693
359,232,123,130,632,714,693
763,722,167,170,678,734,693
83,170,57,69,556,596,693
110,210,69,114,0,362,693
68,169,91,74,510,580,693
100,201,49,97,412,475,694
0,63,59,63,443,464,694
4,102,25,55,228,503,694
445,464,181,129,593,645,694
236,328,103,100,511,571,694
9,102,28,89,0,0,694
179,262,49,93,297,590,694
135,223,106,159,437,550,694
316,418,161,130,506,588,694
213,273,132,143,616,701,694
0,104,83,79,0,0,694
0,50,100,97,285,0,694
31,151,24,63,0,0,695
61,134,39,43,0,0,695
775,886,132,208,507,565,695
515,230,241,96,653,708,695
190,340,133,133,489,537,695
283,345,178,104,610,662,695
0,110,40,72,471,467,695
78,106,99,98,590,672,695
96,204,60,94,0,0,695
762,943,116,155,0,508,695
38,169,72,101,0,0,695
947,584,188,127,639,691,695
859,543,99,106,722,808,695
444,501,186,153,604,683,695
36,105,96,58,455,355,695
329,437,104,138,513,572,695
251,424,89,153,603,687,695
33,165,32,79,402,0,695
0,67,106,93,460,421,695
827,459,169,120,666,716,695
183,179,157,105,525,554,695
84,197,28,75,521,628,696
484,578,24,92,316,438,696
77,156,33,52,538,636,696
27,139,117,101,539,535,696
152,218,143,137,521,561,696
153,226,91,92,620,698,696
404,490,85,125,0,0,696
0,30,103,90,486,454,696
576,379,163,138,558,606,696
154,232,39,50,0,0,696
51,146,136,94,487,528,696
129,214,111,51,422,287,696
665,578,174,188,665,730,696
294,316,114,122,611,679,697
803,669,232,130,696,754,697
465,565,186,218,642,686,697
53,161,124,46,485,482,697
0,63,84,117,451,425,697
135,202,81,86,0,0,697
19,80,81,50,460,0,697
98,226,56,90,0,0,697
164,310,76,73,0,0,697
32,153,21,67,0,0,697
905,383,167,103,720,795,697
226,357,170,92,558,528,697
0,47,82,76,508,585,697
419,405,147,110,626,705,697
155,301,69,134,209,0,698
913,655,172,132,689,756,698
0,39,72,112,0,0,698
124,198,51,91,0,0,698
20,120,42,32,435,352,698
662,537,136,181,663,728,698
0,29,51,75,337,343,698
114,182,97,100,0,0,698
0,64,75,83,164,0,698
782,450,99,95,608,655,698
388,436,157,114,639,706,698
207,262,109,100,417,528,698
248,386,28,123,380,388,698
583,605,17,93,0,0,698
0,55,72,46,352,0,699
180,208,110,94,524,475,699
514,301,109,111,608,695,699
263,300,172,136,647,700,699
388,329,117,125,524,635,699
247,302,152,175,524,530,699
160,232,58,118,552,569,699
316,350,116,100,402,439,699
106,188,71,96,0,0,699
113,190,126,122,513,549,699
15,101,62,62,162,0,699
282,301,128,76,508,371,699
967,635,289,150,658,705,699
48,152,21,54,0,404,699
508,327,118,84,586,681,700
482,269,148,103,656,741,700
661,515,196,174,583,688,700
266,373,125,124,405,503,700
8,112,108,82,0,0,700
8,118,49,88,0,0,700
376,457,102,164,596,688,701
860,442,163,161,669,735,701
0,55,124,73,496,534,701
239,348,34,93,0,0,701
12,123,125,115,0,464,701
0,63,39,104,0,0,701
376,336,105,136,569,670,701
311,321,123,76,558,627,701
216,294,90,117,446,498,701
93,142,136,71,496,230,701
535,568,125,137,576,646,701
507,465,194,154,680,732,701
0,93,156,112,460,0,701
772,776,162,141,521,472,701
877,596,211,122,688,758,701
32,130,87,78,494,471,702
57,187,102,109,0,0,702
184,232,181,85,666,749,702
420,379,54,56,594,693,702
0,60,59,93,419,203,702
662,646,97,111,576,687,702
0,66,69,93,0,0,702
555,521,155,138,651,696,702
530,660,145,143,587,643,702
295,399,146,89,612,645,702
458,414,98,108,549,664,702
196,284,164,85,564,571,702
310,399,52,56,382,471,702
630,563,152,161,663,759,702
611,490,153,103,671,748,703
375,281,114,93,516,584,703
865,676,83,121,586,681,703
254,355,140,130,589,663,703
198,351,74,145,0,0,703
485,538,130,101,606,685,703
791,524,190,103,639,711,703
283,356,58,75,207,0,703
14,121,33,83,0,0,703
327,317,76,155,671,754,703
369,439,131,130,587,662,703
792,405,83,129,658,744,703
199,208,168,115,589,618,703
493,629,105,165,581,634,703
502,322,104,125,494,620,703
54,153,102,82,484,541,704
488,425,95,65,579,694,704
196,272,109,85,466,597,704
0,32,87,74,376,0,704
414,430,225,110,628,696,704
613,452,169,150,608,677,704
447,441,158,137,706,790,704
21,130,28,63,235,508,704
188,341,123,106,464,416,704
231,151,143,84,609,717,704
396,513,66,53,543,638,704
126,243,87,134,352,237,704
333,420,117,105,581,644,705
227,355,53,79,269,23,705
5,89,66,112,0,0,705
189,370,106,129,0,0,705
293,323,134,138,529,565,705
10,78,99,82,408,433,705
171,325,118,97,0,0,705
0,37,61,106,379,482,705
0,27,41,56,0,0,705
194,329,54,86,0,0,705
0,75,33,37,516,650,705
308,472,106,123,532,573,705
4,93,132,130,495,476,705
4,99,82,77,469,542,705
0,42,31,65,0,0,705
0,27,39,115,0,0,705
0,38,215,85,582,615,705
395,381,121,109,616,719,705
0,26,101,81,430,0,705
484,249,253,111,718,803,705
0,53,52,64,0,0,706
436,274,158,138,662,749,706
326,210,128,127,621,711,706
408,527,57,105,347,414,706
234,374,63,142,0,419,706
85,199,121,118,559,634,706
2,98,106,79,456,552,706
244,236,110,100,449,648,706
2,108,39,90,0,0,706
680,498,171,134,521,633,706
365,269,154,139,594,683,706
0,21,21,85,401,526,706
103,221,28,106,0,0,706
955,537,156,103,687,771,706
969,883,146,191,732,791,706
225,288,115,147,527,628,706
0,84,63,57,378,0,707
82,217,99,79,584,606,707
0,86,149,105,475,0,707
110,250,16,56,0,0,707
247,327,174,102,557,643,707
237,191,136,98,551,615,707
7,121,46,44,266,0,707
191,316,102,134,476,459,707
0,44,101,70,0,0,707
0,35,13,69,0,0,707
29,152,43,66,0,0,707
0,79,116,109,601,663,707
510,527,94,144,438,213,707
47,150,57,98,0,0,707
0,66,134,134,571,620,707
156,206,142,131,565,632,707
34,131,22,67,0,0,707
24,136,48,85,0,0,707
93,130,132,118,486,589,707
967,611,191,106,594,679,707
243,269,103,115,567,626,707
692,520,145,101,612,710,707
0,57,166,152,565,581,707
328,309,100,110,598,657,707
765,590,145,120,688,766,708
39,166,29,105,0,0,708
21,110,227,97,629,636,708
441,497,116,137,539,586,708
86,197,79,130,488,560,708
981,575,146,143,692,767,708
19,104,125,69,549,594,708
972,713,176,119,631,709,708
156,253,89,100,618,712,708
155,306,110,117,0,0,708
416,459,100,102,510,645,708
109,210,78,81,359,0,708
66,154,177,117,584,568,708
580,472,80,99,521,648,708
0,69,60,106,262,421,709
178,183,54,70,662,745,709
587,419,131,135,579,675,709
930,629,192,152,648,730,709
493,400,170,130,655,734,709
0,47,43,78,0,437,709
354,352,69,79,0,0,709
79,132,133,119,606,681,709
64,154,55,62,0,0,709
612,420,163,179,650,740,709
201,313,169,143,497,0,709
56,102,142,71,418,453,709
37,132,31,86,0,0,709
445,572,99,179,455,548,709
363,473,57,113,475,573,709
556,394,161,132,680,751,709
201,261,76,80,539,571,709
422,457,92,123,628,730,710
146,223,117,145,646,716,710
410,371,195,146,599,658,710
0,53,54,90,375,532,710
0,79,81,65,0,0,710
723,700,78,139,632,736,710
44,141,97,104,459,591,710
219,267,113,99,580,625,710
264,179,130,69,577,652,710
21,139,14,85,0,0,710
65,191,29,75,431,341,710
59,154,145,79,0,0,710
50,145,107,60,590,665,710
650,504,120,97,597,679,710
397,342,123,131,668,776,710
196,320,81,150,527,610,711
173,209,151,93,605,688,711
209,192,187,138,592,665,711
600,676,198,156,566,632,711
74,137,43,102,0,0,711
0,49,75,84,489,512,711
9,85,49,108,0,0,711
806,753,49,111,581,640,711
299,447,87,60,564,642,711
346,366,198,110,643,723,711
701,413,191,145,611,634,711
866,911,177,153,550,621,711
22,114,66,107,0,0,711
432,435,130,103,574,683,711
299,266,78,90,548,590,711
925,568,174,186,619,684,711
364,215,63,97,446,588,712
415,341,107,130,524,615,712
0,37,118,107,421,334,712
185,307,61,109,266,0,712
305,307,116,89,572,619,712
82,204,182,87,616,633,712
78,170,93,77,534,610,712
487,498,170,136,651,735,712
266,302,161,167,575,666,712
0,59,30,34,536,630,712
0,34,100,69,572,599,712
403,423,172,116,626,679,712
0,51,13,75,504,612,712
506,656,147,196,534,497,712
846,835,163,216,546,654,712
360,392,194,165,656,729,712
0,81,56,102,352,363,712
0,41,32,54,491,596,712
204,250,149,105,541,639,713
1,99,147,61,424,0,713
773,732,138,129,704,783,713
364,350,119,149,496,548,713
246,263,192,129,642,721,713
0,59,98,54,544,605,713
682,439,119,163,702,769,713
737,535,188,155,678,751,713
418,473,113,135,511,558,713
35,146,76,63,373,0,713
0,35,64,72,505,595,713
130,265,26,78,0,0,713
112,106,155,122,568,653,713
0,65,85,153,0,0,713
59,102,139,93,472,251,713
16,131,75,83,341,255,713
107,206,105,86,381,0,713
120,182,103,68,431,392,713
15,82,227,118,619,643,713
776,546,136,123,513,618,713
488,503,139,128,608,657,713
67,185,32,46,0,0,713
373,185,174,98,640,681,713
464,446,102,122,523,475,713
615,619,143,205,650,738,713
162,217,72,70,550,615,714
558,516,219,158,615,678,714
372,414,116,106,579,648,714
393,479,60,64,467,559,714
245,234,95,130,529,608,714
435,482,126,94,576,671,714
747,544,187,94,666,743,714
253,290,108,142,508,605,714
65,94,162,120,520,553,714
375,320,143,97,566,638,714
337,374,115,101,438,544,714
595,688,76,163,431,493,714
33,116,46,106,124,489,714
11,116,121,96,449,507,714
79,186,99,126,273,507,715
785,683,104,123,672,765,715
0,41,26,44,0,0,715
598,424,132,148,609,720,715
0,36,84,63,119,0,715
0,43,23,77,0,0,715
353,387,169,101,587,656,715
0,43,66,78,0,0,715
213,346,51,89,0,515,715
413,480,197,137,604,655,715
979,563,137,151,694,777,715
0,69,57,97,207,0,715
165,293,127,112,580,656,715
465,483,217,130,594,643,715
251,295,75,103,247,0,715
674,303,133,70,526,641,715
185,194,87,78,553,628,715
80,187,71,94,579,672,715
0,99,39,71,242,279,715
225,369,207,150,560,461,715
394,335,90,65,547,577,715
0,25,54,102,0,0,716
752,763,161,117,622,716,716
3,112,39,74,0,0,716
199,332,73,104,61,7,716
0,26,21,71,0,0,716
77,215,69,105,0,0,716
0,30,25,64,363,327,716
236,294,15,30,511,594,716
767,520,154,114,684,754,716
12,107,95,82,506,583,716
299,344,95,119,0,427,716
0,33,19,49,0,0,716
66,165,104,123,486,465,716
0,53,68,92,229,0,717
196,318,89,110,0,0,717
796,710,192,141,636,671,717
0,58,78,59,378,0,717
58,131,72,106,581,689,717
727,612,107,109,598,634,717
506,384,112,158,421,485,717
576,630,57,96,552,620,717
127,191,103,85,594,584,717
297,425,189,190,607,675,717
129,251,33,107,332,516,717
525,468,61,107,503,401,717
408,389,142,90,571,612,717
371,359,188,224,637,708,717
12,102,135,139,558,586,717
241,364,163,109,561,563,717
108,216,82,127,487,0,718
5,81,85,115,442,521,718
3,89,92,54,279,0,718
367,335,104,90,234,0,718
12,122,36,121,0,0,718
178,142,89,71,0,0,718
268,380,112,173,450,518,718
130,195,73,75,415,218,718
411,292,181,119,661,717,718
124,214,20,57,0,0,718
0,43,25,39,279,0,718
970,639,210,190,660,717,718
237,208,164,89,645,737,718
705,476,158,132,711,768,718
101,204,115,150,501,598,719
6,125,57,124,0,0,719
711,710,171,167,613,675,719
347,421,59,118,350,532,719
0,68,15,87,0,0,719
0,79,73,77,217,0,719
26,137,152,59,563,524,719
0,49,75,132,408,238,719
104,228,84,131,0,0,719
36,125,124,141,524,628,719
538,322,143,97,586,643,719
0,33,94,105,481,561,719
231,344,25,118,0,0,719
316,489,225,127,627,650,719
190,228,124,98,608,679,720
279,259,158,137,542,572,720
169,200,160,152,654,750,720
191,275,99,109,568,593,720
291,438,78,106,207,0,720
462,410,114,119,576,697,720
52,141,78,101,443,456,720
34,147,138,84,394,357,720
0,25,39,62,0,0,720
907,611,139,113,659,725,720
440,475,140,114,638,711,720
530,531,152,159,710,788,720
195,193,132,108,549,631,720
54,163,38,80,0,0,720
187,234,33,84,593,681,720
250,260,133,131,652,739,720
470,499,175,127,623,681,720
608,527,153,207,569,653,720
339,447,103,170,0,213,721
0,47,24,91,0,0,721
40,138,13,43,267,526,721
270,371,96,107,283,354,721
93,135,57,59,462,575,721
152,247,61,61,594,665,721
102,190,208,131,599,651,721
405,269,174,187,606,693,721
334,408,61,97,0,0,721
0,90,51,62,0,0,721
66,146,37,55,311,0,721
395,349,145,128,579,625,721
0,84,16,59,0,0,721
863,854,173,161,622,665,722
0,35,139,106,599,677,722
14,121,25,62,510,556,722
112,180,82,73,0,0,722
344,382,116,126,623,701,722
793,491,144,160,674,728,722
388,503,55,115,214,0,722
147,302,80,122,0,249,722
683,488,190,80,622,693,722
0,50,68,73,0,0,722
4,80,106,92,0,0,722
25,116,122,101,290,0,722
0,84,18,61,275,407,722
111,242,200,93,593,595,722
0,79,61,90,0,0,722
0,71,25,87,0,0,722
254,412,51,91,462,465,722
309,460,19,111,0,0,722
218,300,21,43,577,651,723
184,266,157,140,401,555,723
766,373,129,118,632,685,723
119,154,128,70,536,578,723
231,276,198,97,616,663,723
244,341,23,90,521,653,723
81,160,73,58,335,0,723
0,76,17,37,0,0,723
545,485,162,154,639,702,723
231,241,54,74,0,0,723
215,380,60,118,0,0,723
56,175,20,57,0,0,723
485,590,172,138,477,543,723
502,308,114,74,614,674,723
480,424,101,106,579,646,723
598,655,152,102,608,687,723
966,748,166,106,703,773,723
428,373,187,117,592,615,723
252,322,78,92,260,35,723
133,276,68,136,310,0,723
342,327,150,75,464,524,723
644,506,130,150,652,711,723
670,794,121,140,470,506,723
72,189,76,51,498,414,723
31,121,132,118,515,605,723
220,328,103,90,534,488,724
0,74,33,41,491,561,724
51,165,58,88,0,0,724
272,328,135,112,537,501,724
195,239,74,80,317,0,724
275,348,116,110,499,376,724
0,80,50,127,0,0,724
661,646,176,119,670,713,724
0,41,52,44,463,0,724
116,212,113,98,130,42,724
247,306,104,75,565,597,724
138,153,56,91,517,642,724
220,302,143,146,630,677,724
178,223,62,84,0,0,724
614,504,146,116,654,734,724
148,271,74,157,355,424,724
500,331,144,109,535,633,724
105,226,139,104,661,745,725
132,193,135,104,609,695,725
28,166,110,106,0,0,725
0,49,159,109,546,618,725
795,452,218,140,674,754,725
0,42,180,114,495,592,725
864,1010,55,147,497,624,725
99,132,96,118,532,606,725
86,230,61,84,0,0,725
0,31,34,74,0,0,725
47,147,108,150,591,648,725
338,398,58,113,482,552,725
435,443,233,157,636,704,725
251,389,56,135,0,0,725
0,52,55,62,445,0,725
853,807,153,129,591,641,725
932,635,197,144,673,735,725
5,112,69,111,0,456,725
273,328,30,115,0,0,725
75,179,88,81,494,562,725
0,61,29,48,416,318,726
58,117,99,86,604,703,726
556,622,157,155,682,766,726
733,409,218,117,641,716,726
116,182,102,60,513,550,726
127,241,126,82,444,503,726
0,82,145,78,586,578,726
58,153,91,59,549,635,726
549,418,92,77,536,636,726
146,264,145,188,632,724,726
683,713,166,137,540,627,726
51,164,54,83,0,0,726
235,195,125,94,514,474,726
572,429,127,146,606,673,726
0,69,90,97,0,0,726
475,380,162,115,537,310,726
186,313,107,118,425,260,727
80,123,131,86,586,637,727
377,215,106,122,553,668,727
0,71,195,149,588,624,727
312,371,49,84,524,646,727
0,31,163,141,429,599,727
0,78,57,60,327,0,727
373,384,134,115,493,364,727
778,531,170,165,560,616,727
526,587,153,145,628,692,727
732,387,200,168,666,743,727
70,196,32,69,0,0,727
963,710,160,157,538,627,727
161,194,82,80,195,558,727
695,731,181,188,560,635,727
244,368,105,159,480,571,727
346,406,87,103,610,685,727
80,220,20,111,0,0,727
0,36,83,72,491,464,727
143,172,125,76,393,0,727
115,98,125,66,567,666,728
223,359,161,147,485,588,728
0,44,75,82,213,0,728
348,333,164,112,580,658,728
313,413,122,118,468,222,728
234,208,104,107,616,752,728
123,262,21,77,0,0,728
113,170,134,133,364,333,728
17,124,88,82,236,504,728
62,120,129,96,586,553,728
66,107,104,119,546,601,728
901,766,210,231,731,804,728
232,341,103,75,0,0,728
26,133,73,104,414,0,728
9,100,146,113,587,593,728
0,46,81,97,639,737,728
20,121,107,138,564,561,728
9,120,56,69,0,0,728
0,31,97,53,326,0,729
521,698,133,149,0,0,729
0,51,14,48,0,0,729
695,452,168,174,655,736,729
835,813,135,204,646,724,729
0,56,61,78,0,152,729
461,562,200,199,626,692,729
404,469,201,132,500,632,729
14,93,122,82,543,590,729
0,29,60,62,549,678,729
519,371,209,100,664,739,729
88,206,115,110,432,477,729
0,75,35,105,212,456,729
0,37,97,148,0,0,729
0,82,147,161,522,560,729
447,491,125,132,375,558,729
448,490,194,160,618,661,729
342,424,153,126,0,0,729
0,74,24,96,0,0,730
808,705,189,127,581,674,730
195,299,14,94,0,0,730
0,59,69,83,0,0,730
0,23,47,76,485,563,730
594,602,86,93,477,486,730
0,45,15,66,0,0,730
173,219,133,112,588,698,730
51,110,170,100,587,538,730
32,164,33,119,0,0,730
704,499,153,108,626,710,730
47,132,41,44,0,0,730
152,323,81,119,378,510,730
0,48,44,65,182,0,730
9,121,52,85,0,0,730
76,214,101,86,399,0,730
432,518,162,116,0,0,730
115,181,59,97,0,339,730
113,259,82,129,0,0,730
107,280,48,93,0,0,730
0,72,102,81,563,667,730
99,231,56,62,0,0,730
0,65,45,93,0,0,730
0,65,137,124,476,333,730
66,181,13,81,0,0,731
205,323,177,133,484,567,731
175,244,166,147,0,500,731
0,79,17,61,0,0,731
435,349,128,106,638,722,731
656,552,202,87,645,727,731
133,292,47,99,0,0,731
0,30,161,127,529,619,731
5,103,84,87,458,0,731
943,801,136,215,628,714,731
0,78,29,91,0,0,731
51,175,32,73,0,380,731
88,189,125,126,586,651,731
164,315,102,164,0,0,731
207,163,148,85,552,606,731
227,192,94,83,623,704,731
130,220,150,113,578,515,731
287,302,86,131,474,577,731
0,31,113,87,465,480,732
9,106,101,121,522,567,732
51,126,87,71,343,0,732
603,419,173,121,619,713,732
42,98,104,110,0,0,732
608,670,74,111,621,714,732
0,44,32,90,195,274,732
0,42,42,42,437,377,732
91,207,102,102,0,0,732
60,180,69,97,0,0,732
354,247,226,100,604,660,732
249,289,247,91,632,688,732
112,270,50,121,0,0,733
945,545,156,97,591,661,733
0,61,56,122,0,332,733
579,393,203,112,668,758,733
0,33,25,63,0,0,733
553,655,174,115,672,767,733
82,123,72,102,520,601,733
755,471,154,107,608,689,733
0,51,86,62,432,0,733
157,285,64,81,209,529,733
268,267,139,164,208,447,733
39,137,86,65,293,485,733
259,234,134,76,454,0,733
206,198,190,125,619,681,734
142,292,74,84,549,606,734
486,472,174,115,521,606,734
58,139,36,77,325,271,734
17,108,23,56,0,0,734
911,478,186,123,705,780,734
757,805,153,139,578,643,734
128,256,103,186,0,0,735
375,496,139,121,565,633,735
0,32,44,82,0,0,735
0,45,49,54,480,505,735
0,102,15,52,0,0,735
95,112,143,113,589,657,735
500,323,155,75,640,730,735
53,158,75,100,515,615,735
0,59,67,67,347,0,735
782,665,215,124,671,727,736
0,26,84,96,464,462,736
0,24,101,85,353,0,736
192,256,33,85,476,573,736
870,793,199,155,698,776,736
19,133,128,138,462,539,736
538,297,212,112,582,623,736
777,571,71,80,503,625,736
2,91,93,80,450,0,736
22,151,55,71,0,0,736
244,285,115,71,640,723,736
218,304,105,108,573,649,736
279,283,77,93,539,572,736
287,389,148,135,646,724,736
377,417,144,84,551,530,737
61,128,103,101,468,385,737
51,102,132,52,568,588,737
233,328,216,132,611,627,737
0,104,39,54,0,0,737
892,719,89,87,539,658,737
23,143,29,59,285,0,737
274,399,46,141,247,0,737
75,208,38,53,0,0,737
0,27,72,128,0,0,737
0,47,108,110,576,628,737
81,192,47,50,457,459,737
9,117,17,41,417,427,737
344,328,118,101,590,706,738
0,80,87,104,382,440,738
247,256,123,80,652,741,738
265,341,163,84,569,558,738
695,372,149,163,635,730,738
0,50,122,104,440,427,738
41,146,90,47,529,519,738
533,407,162,118,669,749,738
0,82,33,109,299,0,738
515,441,199,206,649,725,738
798,358,183,109,688,769,738
979,834,243,106,699,739,738
117,213,65,92,517,640,738
454,431,70,98,524,623,739
0,24,128,92,503,551,739
0,40,35,98,0,0,739
38,136,98,101,480,498,739
0,70,28,76,0,0,739
0,55,100,76,469,481,739
151,231,68,89,407,547,739
88,205,90,92,518,557,739
0,24,110,72,499,504,739
145,191,104,99,572,608,739
198,299,72,129,425,527,739
55,178,90,75,548,537,739
50,134,70,94,507,624,739
0,43,95,141,0,0,739
636,332,154,120,676,722,740
573,576,86,75,616,692,740
0,86,66,36,365,0,740
808,332,198,122,644,719,740
23,112,84,109,0,0,740
583,612,109,167,383,526,740
157,252,83,107,0,0,740
0,64,14,58,0,0,740
80,144,65,54,603,702,740
139,204,17,59,488,606,741
553,515,195,136,660,710,741
0,35,76,58,487,435,741
0,46,167,111,247,308,741
447,280,158,83,614,711,741
0,81,119,104,556,590,741
71,129,103,85,510,132,741
512,490,158,140,548,653,741
0,85,64,98,171,0,741
0,60,97,69,542,633,741
83,203,128,121,474,0,741
667,751,139,122,608,698,741
68,184,89,86,335,308,741
618,397,83,98,586,695,741
641,400,211,106,664,742,741
483,463,152,171,728,799,741
503,607,157,195,625,702,741
0,57,67,83,0,0,741
106,112,105,67,577,645,741
591,574,122,144,548,618,741
66,103,77,62,0,0,742
759,526,244,141,668,728,742
980,484,181,74,646,691,742
8,105,107,77,496,526,742
81,102,56,100,450,568,742
0,46,136,114,520,610,742
129,288,77,102,327,0,742
20,143,67,100,0,0,742
0,34,127,89,470,328,742
63,140,72,104,436,0,742
0,57,70,59,500,593,742
0,94,24,49,0,0,743
0,78,29,44,425,0,743
16,110,32,60,395,420,743
488,626,146,175,550,629,743
380,420,171,214,684,769,743
0,79,96,109,0,0,743
463,520,88,139,679,773,743
718,625,170,91,629,710,743
635,520,128,131,653,724,743
0,54,47,63,335,0,743
0,49,55,57,0,0,743
96,155,135,103,588,651,743
0,40,43,101,0,0,743
91,203,34,89,0,0,743
696,509,203,126,623,682,743
100,207,66,52,0,0,744
500,452,156,81,630,693,744
267,239,255,102,589,610,744
591,589,126,126,603,672,744
188,267,156,125,578,653,744
924,889,120,153,692,777,744
0,49,97,108,367,536,744
285,394,128,165,602,697,744
409,249,112,118,621,674,744
0,38,13,53,0,0,744
198,318,184,165,544,634,744
268,284,72,74,0,0,744
837,752,245,184,673,702,744
0,31,55,61,279,0,744
497,225,191,100,659,712,744
196,251,218,130,571,654,745
161,272,116,65,475,551,745
0,64,86,70,0,0,745
60,193,131,86,297,0,745
512,360,142,107,593,654,745
732,426,185,126,600,614,745
420,352,99,123,664,723,745
10,117,98,104,425,511,745
544,398,198,154,635,699,745
950,845,214,205,701,749,745
53,131,115,93,490,486,745
683,520,148,155,686,753,745
17,138,72,114,355,0,745
67,206,38,101,0,0,745
224,299,125,74,526,553,746
66,188,100,175,548,626,746
272,215,105,82,563,665,746
172,251,129,107,514,561,746
270,278,182,133,530,528,746
253,358,62,69,0,0,746
241,329,25,118,392,299,746
541,360,226,154,604,660,746
570,406,106,87,680,761,746
135,222,125,124,605,711,746
241,256,99,112,570,692,746
0,76,18,72,280,528,746
150,235,95,102,580,651,746
82,212,45,80,452,482,747
164,246,97,124,482,554,747
41,151,128,76,450,520,747
214,384,69,105,0,0,747
924,660,223,131,619,680,747
515,617,161,224,491,548,747
150,202,196,119,595,649,748
35,128,98,80,404,0,748
0,86,77,83,589,686,748
0,87,24,51,0,0,748
96,152,125,90,412,487,748
431,333,107,71,556,597,748
76,178,108,40,501,394,748
114,204,102,67,528,664,748
172,176,100,82,544,616,748
90,188,161,93,535,579,748
709,538,118,156,680,754,748
431,533,139,120,394,178,748
1,101,49,52,356,0,748
607,419,173,87,692,763,748
0,43,24,81,0,0,748
17,120,34,84,0,0,749
260,391,48,120,0,0,749
215,375,141,135,510,564,749
224,236,171,198,677,745,749
0,99,103,95,478,0,749
251,280,62,94,453,522,749
6,97,141,106,367,0,749
252,393,72,140,532,646,749
1,114,16,65,0,0,749
41,157,15,121,0,0,749
282,439,65,131,555,665,749
0,37,59,66,424,512,749
0,41,64,43,433,422,749
887,404,209,105,613,668,749
0,26,39,46,469,357,749
20,127,69,87,553,606,749
195,268,127,102,128,419,749
221,353,36,111,230,0,750
200,248,183,95,641,721,750
523,625,117,153,644,721,750
0,28,129,50,596,662,750
598,584,103,76,479,585,750
118,213,56,60,0,0,750
81,161,18,88,0,0,750
134,210,145,122,607,705,750
582,457,149,181,565,627,750
86,164,109,77,431,0,750
0,48,63,49,513,570,750
486,425,257,158,654,729,750
289,316,190,114,673,750,750
430,354,155,112,641,695,750
456,621,32,83,296,521,750
289,395,108,89,485,564,750
917,660,162,173,618,719,750
7,105,43,86,0,0,750
0,30,29,69,0,0,750
232,259,116,159,619,688,751
496,556,121,60,613,693,751
355,466,65,109,600,667,751
0,68,140,114,544,324,751
176,288,153,111,552,616,751
0,67,52,70,292,277,751
0,71,110,85,519,505,751
23,113,92,77,365,0,751
23,118,158,129,556,587,751
975,580,127,109,627,731,751
669,613,202,125,628,711,751
332,389,143,114,576,628,751
23,142,68,158,0,0,751
752,707,125,143,569,635,751
41,163,66,64,467,475,751
0,47,83,114,191,0,751
125,218,60,77,0,0,751
68,187,47,109,398,0,752
707,392,178,101,731,791,752
196,280,149,112,488,552,752
456,445,210,187,578,651,752
107,234,138,102,605,594,752
448,452,89,125,567,695,752
159,177,126,123,599,686,752
704,292,187,127,650,721,752
238,258,75,89,494,616,752
556,615,82,145,472,529,752
416,288,154,149,573,642,752
69,110,105,82,485,451,752
475,523,55,98,582,685,752
192,244,76,105,307,373,752
64,209,59,106,0,0,752
209,195,108,76,572,587,752
709,465,228,116,690,744,752
383,522,91,120,591,605,752
107,210,36,104,0,173,753
4,87,191,153,560,576,753
314,306,209,145,587,647,753
6,116,35,92,424,450,753
317,402,102,143,600,667,753
0,31,47,72,0,0,753
277,363,120,110,523,491,753
100,176,145,148,361,398,753
0,25,61,65,425,422,753
251,335,152,134,656,710,753
191,317,81,91,469,480,753
275,222,103,89,568,658,753
215,364,36,127,0,0,753
307,339,128,90,594,658,753
958,922,111,129,701,791,753
181,197,148,140,559,634,753
429,583,150,125,602,680,754
734,428,239,131,691,762,754
154,235,100,99,549,585,754
33,139,52,61,294,0,754
795,610,141,204,629,688,754
89,175,124,132,569,614,754
50,125,90,74,582,628,754
701,572,250,128,711,765,754
130,190,147,55,615,635,754
0,39,55,57,280,0,754
128,248,48,87,443,518,754
46,136,111,90,542,563,754
588,452,114,143,651,721,754
819,391,192,126,681,735,754
120,178,39,49,0,0,754
596,491,183,114,696,780,754
365,449,126,152,525,589,754
238,213,155,164,518,598,754
69,185,96,130,0,0,755
616,596,142,153,649,731,755
559,622,136,138,596,672,755
156,216,118,109,588,687,755
621,537,124,156,595,673,755
524,466,117,111,661,739,755
0,96,156,116,575,658,755
642,505,162,177,637,726,755
92,151,112,70,566,640,755
64,211,20,119,0,0,755
6,84,34,78,0,0,755
123,239,99,96,0,0,755
201,257,146,129,483,512,755
0,59,42,107,0,0,755
171,225,87,65,503,505,755
874,591,211,138,651,730,755
212,154,84,76,0,0,756
240,283,110,86,647,740,756
342,242,141,91,603,680,756
765,874,158,151,635,698,756
32,104,48,61,480,557,756
666,545,106,163,662,748,756
308,252,139,99,513,487,756
86,215,75,149,365,494,757
136,252,134,83,511,496,757
0,61,113,110,498,411,757
0,50,26,70,0,433,757
26,100,26,54,326,545,757
32,112,112,80,384,0,757
391,545,72,124,0,0,757
115,220,113,118,550,623,757
950,572,216,140,693,758,757
545,355,103,108,380,501,757
231,223,137,71,592,683,757
178,246,37,80,0,490,757
137,223,103,107,533,494,757
89,226,51,75,473,555,757
263,302,171,98,666,722,757
11,104,75,69,585,649,757
0,86,68,71,559,618,757
0,36,34,113,0,0,757
0,39,15,62,0,0,757
258,352,120,109,401,478,758
949,790,153,152,668,746,758
0,61,65,60,514,605,758
169,273,112,118,531,628,758
98,195,118,126,599,660,758
830,346,129,156,735,817,758
436,472,90,125,482,605,758
84,166,47,68,559,660,758
937,854,195,127,691,755,758
66,153,107,71,586,629,758
831,427,177,97,716,794,758
370,407,228,134,646,706,758
61,170,46,118,0,0,758
482,520,138,130,602,701,758
872,446,125,117,681,767,758
24,145,37,57,426,471,758
161,303,84,124,487,658,758
0,79,72,94,383,0,758
77,175,119,85,426,418,759
325,286,96,142,642,712,759
181,173,60,53,385,279,759
166,210,90,65,385,183,759
0,88,125,97,528,549,759
0,106,66,123,0,0,759
171,180,144,86,552,614,759
163,282,59,147,604,695,759
531,611,181,191,582,653,759
264,415,210,134,626,666,759
964,769,186,172,641,726,759
0,75,147,118,584,632,759
71,148,29,98,0,0,760
387,400,93,108,469,520,760
683,486,186,102,638,715,760
65,173,52,71,342,471,760
151,295,56,118,0,0,760
0,99,47,69,0,0,760
364,453,106,155,614,727,760
0,80,89,84,0,0,760
254,291,52,63,580,676,760
694,594,157,186,652,723,760
272,287,160,159,455,605,760
203,346,17,56,343,452,760
3,103,118,69,491,420,760
0,33,67,63,496,546,760
302,336,105,150,0,376,761
33,140,149,78,569,575,761
14,126,51,95,425,472,761
399,433,108,100,486,0,761
188,285,142,120,498,553,761
62,128,108,125,524,559,761
714,641,196,122,582,645,761
0,54,97,107,486,499,761
643,549,221,98,616,656,761
160,223,120,97,472,572,761
25,137,26,74,457,576,762
222,317,76,140,463,566,762
856,864,96,203,649,748,762
0,60,106,73,0,0,762
80,150,41,82,0,0,762
13,122,47,75,540,632,762
447,464,23,67,387,510,762
813,529,187,138,648,725,762
0,101,74,72,0,0,762
198,313,116,69,566,622,762
153,234,117,148,0,0,762
576,555,124,112,656,733,762
143,243,149,122,551,606,762
136,207,191,142,574,561,762
162,252,63,61,407,567,762
309,369,64,124,514,652,762
127,269,71,147,0,527,762
227,309,76,128,514,611,763
404,406,127,100,550,660,763
121,195,79,122,0,172,763
246,284,131,156,579,657,763
502,556,136,121,709,783,763
117,200,48,53,554,655,763
19,113,128,75,503,521,763
64,128,109,79,571,611,764
198,243,183,178,618,666,764
552,473,162,149,586,631,764
532,578,139,121,540,506,764
0,72,25,54,445,502,764
131,256,125,73,510,516,764
263,348,223,162,578,665,764
569,657,232,212,687,759,764
205,153,176,75,618,676,764
579,680,191,160,593,681,764
603,782,160,168,534,541,764
228,331,116,158,0,371,765
300,287,61,59,533,658,765
0,49,23,83,374,0,765
455,593,124,145,504,453,765
120,245,117,93,444,288,765
631,392,153,85,623,656,765
546,383,113,126,468,486,765
0,99,158,156,395,0,765
465,449,54,85,524,667,765
77,181,93,76,432,0,765
57,182,25,87,0,0,765
307,423,108,141,404,0,765
461,549,197,196,626,673,765
459,511,140,176,612,682,765
267,370,146,116,562,653,766
509,306,117,84,670,734,766
103,219,20,97,0,0,766
466,508,80,136,413,520,766
265,337,134,107,306,0,766
7,116,114,106,0,220,766
288,434,85,148,482,599,766
0,48,47,57,312,0,766
292,351,157,154,675,728,766
609,609,123,90,598,692,766
316,313,99,110,425,565,766
96,182,76,92,512,620,766
483,559,99,127,509,602,766
298,253,156,126,682,739,766
0,106,13,44,274,0,766
156,203,81,99,0,0,766
882,486,150,113,670,754,766
0,104,32,57,492,493,766
953,627,152,101,668,737,766
91,195,28,93,318,0,767
547,566,82,146,646,737,767
816,694,212,143,658,719,767
34,137,124,89,567,625,767
12,132,87,100,468,517,767
145,255,142,133,598,608,767
63,166,162,91,489,577,767
6,78,20,64,0,0,767
0,36,23,38,298,0,767
352,363,156,110,605,644,767
0,51,73,133,418,562,767
663,504,117,131,497,591,767
669,433,195,136,687,768,767
181,269,29,101,0,0,767
100,189,88,75,567,616,767
67,166,150,103,411,0,767
769,519,166,90,616,703,768
359,231,49,58,525,595,768
527,398,175,94,638,691,768
286,381,146,178,515,582,768
301,471,82,150,416,621,768
8,90,75,120,0,0,768
154,264,105,135,0,130,768
29,104,168,109,621,670,768
262,332,99,96,585,655,768
96,209,96,135,463,451,768
841,501,205,119,649,720,768
263,255,139,137,593,663,768
159,249,187,88,631,661,768
670,473,59,74,666,740,768
4,60,58,51,499,593,768
15,58,183,103,580,620,768
393,483,165,160,547,579,768
191,291,165,104,536,486,768
48,140,24,98,0,0,768
0,78,117,156,0,0,769
117,231,77,122,459,488,769
118,187,137,119,552,581,769
313,306,15,35,489,630,769
0,30,73,51,530,525,769
850,443,119,128,659,749,769
957,858,184,179,653,714,769
2,79,124,125,0,472,769
27,153,31,132,0,0,769
811,800,260,184,645,685,769
0,33,24,53,0,0,770
0,36,71,97,474,513,770
499,377,118,82,539,602,770
61,110,166,125,599,662,770
130,215,62,55,547,612,770
185,194,102,110,621,661,770
340,374,205,118,628,679,770
541,444,236,104,635,688,770
0,48,65,51,429,424,770
60,91,65,86,426,0,771
29,110,16,57,0,445,771
419,523,190,139,605,674,771
16,125,43,70,0,0,771
447,292,137,101,589,678,771
654,549,93,156,619,720,771
176,188,48,103,306,149,771
412,285,120,78,494,543,771
466,535,81,86,216,328,771
335,388,125,192,588,653,771
0,95,29,93,0,0,771
0,54,56,102,0,0,771
662,375,197,108,678,733,771
44,144,108,119,0,0,772
326,150,109,75,537,587,772
0,80,93,48,577,674,772
390,363,127,99,630,710,772
626,473,135,115,545,642,772
0,72,56,99,0,0,772
855,624,122,131,577,675,772
196,251,122,161,0,261,772
11,76,79,84,459,632,772
42,139,132,89,536,625,772
569,564,205,181,500,613,773
0,26,82,65,0,0,773
519,602,180,141,627,680,773
709,596,204,167,658,699,773
100,170,102,100,0,0,773
4,116,65,113,226,0,773
0,58,67,113,539,567,773
200,351,119,160,558,604,773
349,285,130,130,618,685,773
582,377,127,85,612,678,773
303,325,123,107,592,636,773
159,220,174,128,631,703,773
752,407,104,108,670,751,773
769,417,168,87,644,712,773
531,218,207,113,650,703,773
258,378,99,152,624,692,774
129,274,60,76,0,0,774
0,49,48,58,224,0,774
0,43,78,71,381,0,774
384,429,118,132,582,667,774
14,105,92,102,122,0,774
70,112,85,63,362,258,774
269,331,161,113,359,0,774
0,57,76,68,102,0,774
397,468,146,68,626,695,774
165,165,55,93,0,58,774
599,333,251,116,674,721,774
24,100,135,118,487,461,774
214,342,47,113,590,686,775
450,511,126,134,492,579,775
531,587,200,128,587,609,775
46,170,115,106,473,0,775
557,512,98,138,569,631,775
319,301,71,71,435,0,775
80,171,158,148,631,670,775
257,347,108,180,571,634,775
56,173,74,115,391,0,775
0,25,91,116,0,0,775
63,171,108,157,619,692,775
903,676,143,193,693,767,775
442,506,141,124,216,531,775
58,157,94,88,448,0,775
216,367,130,99,386,0,775
802,775,193,142,647,715,775
420,575,118,160,406,536,775
408,490,178,126,620,675,776
371,319,173,109,663,722,776
795,683,172,132,535,606,776
541,589,93,142,623,696,776
542,423,175,100,610,674,776
0,69,38,46,437,478,776
234,244,119,80,368,555,776
122,259,68,98,0,0,776
927,763,126,101,679,750,776
904,731,72,125,629,733,776
634,419,122,102,641,717,776
471,328,188,123,661,740,776
356,425,191,151,652,724,776
793,535,207,109,686,730,776
15,140,85,91,101,0,776
230,311,54,118,441,527,776
270,323,156,141,648,723,776
0,56,21,96,306,0,776
903,548,202,83,586,616,776
301,276,100,119,436,440,777
138,170,76,113,139,0,777
3,105,22,66,0,0,777
0,48,174,94,612,653,777
0,52,41,64,0,0,777
947,648,146,142,592,686,777
931,557,183,89,668,728,777
468,256,145,90,667,739,777
788,686,163,161,569,645,777
309,418,33,117,491,542,777
109,206,69,118,311,539,777
161,228,54,83,396,609,777
80,193,40,89,0,0,778
63,69,121,134,476,509,778
127,253,129,115,542,591,778
112,204,108,103,0,0,778
69,161,42,51,0,0,778
221,324,140,85,608,655,778
357,460,104,88,600,665,778
342,240,141,85,496,559,778
224,324,140,187,532,648,778
303,455,87,146,447,0,778
401,485,128,154,603,703,778
1,87,18,53,320,0,779
226,346,157,125,550,586,779
0,68,24,55,0,0,779
402,432,77,88,453,588,779
218,329,118,159,0,0,779
166,216,120,112,462,578,779
227,370,52,113,450,0,779
0,56,39,49,305,388,779
613,651,157,169,507,515,779
382,329,145,112,616,677,779
196,267,123,153,476,480,779
111,191,57,79,479,512,779
0,71,34,67,0,0,779
506,396,97,109,601,660,779
86,191,73,107,513,535,780
340,232,247,106,692,754,780
162,244,147,87,564,601,780
360,409,106,106,539,582,780
178,314,96,88,375,332,780
64,106,173,83,573,635,780
0,56,54,51,495,589,780
284,258,237,104,684,741,780
771,508,100,64,595,669,780
53,102,103,102,530,604,780
354,389,141,135,581,667,780
895,627,138,89,642,716,781
21,126,112,110,319,396,781
0,47,44,87,0,0,781
877,442,203,89,634,674,781
665,251,141,90,635,684,781
474,402,169,188,582,585,781
72,175,130,148,573,618,781
0,37,48,98,0,0,781
78,165,110,111,607,684,781
50,159,65,141,312,307,781
0,53,109,117,523,501,782
124,226,82,98,558,626,782
0,82,29,85,0,0,782
397,270,109,87,385,520,782
662,494,129,94,583,620,782
0,21,89,91,524,560,782
816,777,114,176,544,618,782
0,42,35,67,0,0,782
722,749,138,154,605,639,782
637,426,137,104,664,744,783
500,608,118,173,581,646,783
386,373,104,106,528,612,783
226,280,139,97,632,700,783
22,111,128,97,410,406,783
0,86,25,50,255,417,784
212,324,57,105,491,582,784
338,453,73,148,566,701,784
200,355,41,129,0,0,784
411,571,90,146,0,495,784
129,139,137,71,620,681,784
0,55,116,76,588,652,784
64,133,41,77,0,0,785
215,345,117,90,539,591,785
495,314,118,138,577,651,785
364,525,96,149,379,532,785
456,379,189,111,463,458,785
471,465,126,77,490,531,785
132,269,109,111,488,502,785
960,555,214,146,699,776,785
204,279,89,106,0,0,785
102,209,58,63,540,557,785
736,556,153,154,331,468,785
0,56,62,76,346,358,785
643,613,111,176,636,753,785
0,48,25,54,361,508,785
58,92,157,67,501,422,785
8,103,67,94,369,408,786
176,155,20,58,396,450,786
327,373,158,115,537,511,786
621,384,258,127,656,729,786
48,182,110,81,533,0,786
259,277,153,118,513,601,786
197,353,143,97,602,670,786
0,45,49,94,0,0,786
352,362,186,125,652,717,786
0,42,37,109,0,0,786
960,281,308,104,728,785,786
50,160,77,96,0,0,786
397,376,157,97,643,704,786
197,271,57,95,435,448,787
939,723,168,102,706,775,787
546,663,212,144,623,626,787
607,397,179,111,655,719,787
69,185,68,122,0,454,787
0,30,25,118,0,0,787
4,97,50,92,421,529,787
285,407,122,180,622,686,787
0,50,117,95,400,340,787
403,430,57,85,550,575,787
301,437,207,122,564,548,787
431,454,73,126,418,426,787
61,174,90,91,522,511,787
82,138,126,82,393,433,787
738,491,197,111,609,698,787
196,291,119,81,338,309,787
70,204,32,135,0,0,787
731,618,238,207,620,674,787
0,39,78,115,0,0,788
417,528,95,110,600,651,788
793,437,213,158,692,767,788
52,189,27,84,344,490,788
494,629,132,145,568,632,788
274,366,78,93,525,609,788
0,44,16,74,444,572,788
768,707,153,175,584,654,788
800,653,143,158,730,807,788
59,163,190,139,512,501,788
45,74,68,74,534,651,788
69,151,157,72,572,635,788
213,197,221,124,541,570,789
425,362,176,80,683,750,789
193,363,27,118,0,0,789
411,417,125,177,578,651,789
239,295,150,148,527,565,789
77,219,15,91,0,0,789
127,258,99,125,0,0,789
509,628,87,155,574,664,789
0,62,16,100,0,0,789
46,99,43,56,431,654,789
0,76,41,63,436,348,789
500,351,121,124,535,645,789
92,214,70,105,0,0,789
9,100,76,79,0,0,789
30,107,95,83,0,421,789
216,328,124,93,371,493,790
631,405,161,113,703,783,790
101,217,45,54,456,572,790
2,104,42,85,342,459,790
303,444,91,136,532,550,790
361,261,143,100,517,542,790
283,321,87,78,528,645,790
0,56,130,106,538,579,790
0,77,110,136,0,0,790
523,513,140,75,614,699,790
216,355,138,76,527,542,790
544,492,100,86,554,648,790
9,84,74,45,265,0,791
397,375,102,52,525,631,791
0,40,100,88,529,573,791
34,151,38,45,0,0,791
0,95,55,86,367,459,791
506,623,158,154,577,668,791
465,409,126,111,635,729,791
0,38,154,108,547,550,791
484,591,148,163,518,614,791
0,35,130,94,502,0,791
0,35,186,73,595,569,791
82,223,122,177,419,519,791
807,439,211,105,631,721,791
722,569,134,243,657,739,791
953,419,222,149,679,752,792
0,73,69,71,411,0,792
0,82,104,68,150,0,792
961,553,269,149,693,766,792
311,400,137,155,575,634,792
388,456,130,134,607,687,792
455,582,56,131,558,639,792
1,86,65,110,506,589,792
592,585,165,149,657,723,792
847,569,148,122,669,737,792
157,243,84,126,0,0,792
0,48,92,119,0,0,792
0,77,25,75,0,0,792
15,80,15,39,371,409,793
863,895,103,147,698,786,793
316,200,151,110,650,720,793
136,264,133,127,548,592,793
118,230,119,155,0,0,793
542,468,218,149,679,741,793
0,28,112,150,485,329,793
37,118,110,77,593,693,793
771,484,126,104,599,682,793
24,112,112,130,385,333,793
387,384,143,124,437,203,793
64,100,65,78,522,593,793
0,70,103,86,383,0,793
689,602,91,76,457,433,793
0,63,51,92,432,589,793
0,45,28,61,535,623,793
140,251,27,68,0,348,793
335,385,188,158,662,729,793
97,177,118,84,563,631,793
388,399,113,111,516,628,794
147,239,156,138,568,607,794
0,37,32,84,0,0,794
157,224,79,79,598,696,794
58,159,185,110,609,664,794
180,301,160,130,602,652,794
213,278,222,89,599,604,794
118,255,84,132,0,0,794
3,104,93,153,0,0,794
146,243,155,98,543,525,794
219,317,120,157,544,577,795
450,456,138,151,560,598,795
16,74,147,95,585,654,795
395,223,117,97,614,705,795
108,215,62,107,0,0,795
526,306,159,132,678,746,795
16,124,78,108,0,0,796
32,141,60,87,435,537,796
0,37,117,93,511,517,796
303,203,108,127,562,673,796
453,479,178,133,559,668,796
270,217,183,150,548,628,796
351,309,219,86,560,483,796
233,244,178,155,632,703,796
52,163,95,125,0,0,796
29,139,77,55,443,541,796
774,379,205,139,656,729,796
447,379,119,59,601,633,796
0,76,64,86,456,459,796
47,179,45,71,466,453,796
680,478,196,87,678,761,796
18,116,215,112,483,442,796
0,77,32,77,414,422,797
0,29,100,95,537,599,797
57,133,56,53,499,563,797
721,549,245,169,661,730,797
863,463,198,131,645,731,797
209,300,120,122,546,624,797
362,292,239,102,648,679,797
54,181,84,104,512,532,797
37,150,63,115,432,503,797
71,151,148,97,611,659,797
479,305,99,76,628,711,797
124,265,107,102,504,0,797
132,271,66,100,385,414,797
148,306,27,53,335,0,797
146,243,108,92,574,634,797
946,645,210,112,710,781,797
192,290,98,118,0,0,797
512,274,179,95,708,809,797
160,174,183,119,576,606,797
457,438,28,89,0,0,797
185,302,38,73,367,573,797
656,496,126,95,619,695,797
229,194,169,131,608,664,797
648,668,78,142,548,636,798
420,414,160,98,608,665,798
114,228,21,77,0,459,798
469,420,262,123,695,760,798
966,914,231,181,671,731,798
69,213,40,99,0,0,798
335,254,153,70,535,563,798
7,107,140,111,534,378,798
208,313,93,127,562,588,798
5,103,91,117,0,0,798
191,332,94,167,440,465,798
97,192,101,89,589,670,798
425,426,138,133,548,640,798
92,185,115,148,0,484,798
964,883,190,170,705,763,799
8,86,89,79,499,484,799
442,485,145,152,672,754,799
0,77,67,55,504,396,799
13,132,63,67,467,456,799
0,88,56,63,539,639,799
26,75,30,71,392,286,800
0,104,49,104,0,0,800
83,208,80,98,444,580,800
449,438,263,146,643,690,800
199,271,180,96,588,628,800
74,172,152,91,565,649,800
0,25,83,66,449,390,800
95,252,23,99,0,0,800
0,87,13,64,0,0,800
228,350,219,140,607,605,800
0,87,34,81,302,523,800
358,371,118,101,566,625,800
791,597,137,183,737,823,800
0,64,37,61,215,403,800
43,145,28,87,511,593,800
281,260,147,87,577,615,801
124,124,125,77,584,630,801
788,791,98,190,618,705,801
609,529,196,130,661,740,801
0,71,30,100,318,591,801
849,522,217,135,588,676,801
489,540,178,177,543,605,801
34,99,84,53,519,588,801
152,264,171,157,649,685,801
57,90,140,88,240,209,801
383,352,123,183,646,723,801
427,415,176,123,616,691,801
163,171,62,66,546,589,801
74,213,68,106,0,0,801
483,304,179,96,605,664,801
2,81,74,67,482,582,802
0,29,36,101,0,0,802
50,132,149,115,519,561,802
685,499,143,94,567,628,802
0,27,90,88,591,691,802
141,314,20,110,0,0,802
0,35,30,98,359,352,802
631,586,145,158,350,432,802
662,465,189,129,665,716,802
569,297,217,139,522,145,802
37,113,42,69,156,452,802
0,52,46,56,325,0,802
141,280,61,122,97,0,802
265,246,28,59,553,679,802
843,538,227,194,691,757,802
372,237,197,112,645,700,802
51,150,121,106,501,553,802
525,428,171,122,602,634,802
427,365,78,136,658,744,803
895,526,271,117,690,759,803
136,188,103,73,559,542,803
663,780,232,181,608,640,803
156,212,111,69,584,657,803
510,352,140,97,573,583,803
0,64,72,83,512,336,803
347,356,144,115,587,689,803
281,269,129,145,615,673,803
11,79,68,85,516,549,803
70,133,143,75,582,659,803
843,552,65,129,624,711,803
0,32,90,85,536,645,803
103,213,104,107,572,634,803
533,446,162,197,666,730,803
27,144,123,93,501,573,803
500,453,138,153,595,688,803
84,152,157,107,593,656,803
0,63,102,123,0,0,803
138,248,82,131,519,609,804
261,286,157,133,586,640,804
139,183,155,119,602,689,804
40,94,99,63,439,492,804
21,137,34,92,0,0,804
798,391,156,73,651,718,804
0,36,63,82,562,668,804
62,162,110,101,578,651,804
202,243,199,145,550,522,804
238,294,80,101,538,587,805
700,482,73,164,664,750,805
945,627,136,104,670,734,805
869,845,293,228,705,775,805
0,54,48,99,405,420,805
3,98,67,74,336,516,805
58,165,46,86,522,644,805
491,367,142,183,645,733,805
373,516,141,151,582,625,805
96,184,146,139,573,655,805
684,774,194,171,631,692,805
756,571,109,129,641,727,805
568,445,227,119,710,777,805
52,116,150,100,619,684,805
141,196,113,122,0,480,805
379,423,54,97,385,457,805
0,31,77,79,0,0,805
288,336,77,79,595,691,805
226,173,142,85,604,670,805
125,220,33,102,305,409,805
0,66,93,125,269,356,805
371,301,164,121,572,568,805
957,718,177,228,698,767,805
692,347,105,158,684,782,805
334,425,107,164,566,635,805
134,213,109,84,533,582,806
837,725,181,175,576,679,806
0,44,82,74,0,320,806
0,37,53,61,265,0,806
155,244,195,133,463,0,806
553,414,238,165,662,723,806
435,401,108,82,596,666,806
493,540,110,92,538,662,806
178,258,185,136,616,685,806
0,48,115,122,506,584,806
337,322,148,70,587,656,806
158,265,159,131,589,660,806
108,185,57,113,422,342,806
686,733,211,162,644,711,806
141,211,148,98,528,558,806
137,230,93,96,0,0,806
60,116,176,134,630,695,806
19,113,95,73,538,558,807
450,399,117,112,592,639,807
255,391,168,121,614,660,807
129,200,127,102,564,583,807
27,126,136,138,499,528,807
0,43,33,77,0,0,807
0,29,94,95,0,0,807
135,262,45,131,0,0,807
10,109,185,89,519,366,807
103,171,30,88,20,536,807
134,132,113,80,345,0,808
50,158,148,136,554,582,808
763,831,101,148,659,727,808
46,166,20,104,0,0,808
40,187,47,71,0,0,808
414,434,188,132,669,720,808
0,108,72,77,0,0,808
26,95,81,87,334,341,808
28,108,55,50,205,450,808
67,129,50,100,413,0,808
48,163,116,108,524,512,808
401,419,168,193,661,748,808
167,260,104,129,580,647,808
113,193,101,122,564,658,808
254,424,106,83,564,557,808
118,244,75,109,360,0,808
106,185,182,96,595,589,808
503,570,183,220,642,705,809
87,191,27,76,0,0,809
0,81,21,83,0,0,809
550,456,177,196,624,697,809
0,39,109,142,494,510,809
76,168,189,168,595,650,809
3,72,13,39,418,489,809
74,115,108,111,477,565,809
925,477,176,118,649,719,809
936,565,109,117,662,737,809
0,112,77,97,0,0,809
0,29,54,97,478,512,809
0,54,24,86,0,0,809
0,49,106,101,387,371,809
0,44,46,127,0,0,809
8,101,22,67,0,0,809
552,414,138,112,695,762,809
0,33,79,55,403,148,809
243,378,75,78,532,496,809
567,443,170,185,629,713,810
0,86,117,112,295,0,810
0,32,47,69,0,241,810
521,438,110,132,534,663,810
0,25,40,63,564,669,810
247,206,102,134,646,745,810
844,673,176,134,617,705,810
428,529,135,79,614,698,810
171,201,64,56,499,491,810
295,294,101,120,573,681,810
0,60,94,80,0,0,810
820,700,162,170,625,685,810
61,87,122,52,603,637,810
0,55,68,107,0,0,810
263,327,80,119,493,594,810
14,115,116,65,574,643,810
0,46,88,75,371,488,810
31,156,81,71,492,500,811
66,141,111,73,0,0,811
411,279,156,113,366,498,811
793,619,96,139,669,766,811
97,204,123,148,327,262,811
122,252,86,155,235,373,811
0,72,162,98,574,599,811
583,725,128,198,547,593,811
160,285,93,131,413,427,811
0,28,32,62,0,0,811
136,191,101,137,487,594,812
68,173,100,107,470,382,812
93,193,30,86,208,544,812
3,90,65,91,505,573,812
188,326,144,166,618,675,812
179,281,95,113,472,551,812
0,50,16,105,0,0,812
0,63,93,55,469,517,812
427,427,91,109,564,638,812
921,584,148,153,687,768,812
237,339,133,162,383,0,812
56,148,130,103,567,621,812
150,186,34,66,322,0,812
870,608,119,122,642,716,812
269,227,158,69,646,712,813
68,168,83,71,511,558,813
0,49,45,48,584,650,813
939,1006,140,153,581,707,813
17,115,113,80,598,674,813
112,254,58,112,491,399,813
50,133,121,129,569,670,813
133,261,39,101,0,503,813
47,116,89,67,569,658,813
411,429,126,152,544,568,813
325,377,120,113,0,0,813
81,141,81,64,520,573,813
43,128,35,71,0,0,813
0,39,97,77,395,0,813
38,154,69,95,403,447,814
0,24,82,64,540,630,814
4,96,35,102,0,0,814
66,159,116,136,484,340,814
526,488,214,146,688,752,814
39,145,74,121,0,334,814
117,174,94,67,560,648,814
0,80,85,69,501,553,814
5,114,58,90,0,0,814
603,599,146,85,618,671,814
221,351,87,96,529,644,814
0,42,75,74,497,570,814
47,162,68,139,0,137,814
0,55,82,86,609,725,815
370,280,123,135,518,524,815
0,44,57,59,0,0,815
99,185,29,80,422,561,815
0,32,43,72,405,381,815
874,543,120,102,681,750,815
187,247,144,82,579,598,815
0,66,50,70,355,135,815
298,354,97,106,443,0,815
0,62,76,72,408,0,815
3,104,36,73,0,0,815
99,218,114,120,446,406,815
20,79,84,94,517,500,815
340,329,110,79,566,595,815
397,505,59,102,0,154,815
838,613,161,126,628,697,815
102,221,96,88,590,636,815
194,179,108,128,661,754,815
57,169,78,107,405,0,815
504,330,131,146,675,754,815
239,157,140,102,679,757,815
415,397,119,87,551,608,815
75,139,184,159,565,608,815
913,550,164,154,641,721,815
135,282,33,94,0,0,816
284,366,55,78,559,637,816
365,513,226,187,607,661,816
471,473,99,107,507,522,816
0,56,97,90,498,551,816
71,179,23,93,232,0,816
19,119,118,131,445,468,816
91,209,60,85,355,0,816
355,298,170,97,539,608,816
191,267,58,59,585,680,816
24,127,36,76,0,0,816
827,563,173,104,627,707,816
108,253,37,104,346,410,816
18,105,107,82,486,277,816
211,236,86,118,510,543,816
67,142,136,126,468,501,816
911,830,143,127,540,662,816
537,259,274,119,615,656,816
299,422,167,171,562,608,817
43,152,68,88,541,603,817
710,546,138,132,600,688,817
487,592,111,172,399,461,817
21,111,23,55,0,0,817
389,332,95,99,545,606,817
0,41,86,81,422,0,817
234,294,108,75,537,653,817
204,216,143,102,470,573,817
421,523,148,131,621,703,817
595,694,87,172,626,707,817
0,34,65,53,0,0,817
0,36,107,62,502,145,817
0,78,35,88,464,580,817
294,319,98,93,0,0,818
13,93,28,85,500,610,818
92,176,89,99,289,468,818
730,608,183,143,516,570,818
15,91,95,92,343,0,818
0,32,19,100,0,0,818
0,32,65,111,0,0,818
181,231,178,129,651,717,818
856,461,114,111,686,775,818
190,268,131,119,666,741,818
113,262,55,87,0,0,818
447,500,154,136,520,511,818
742,433,189,159,631,696,818
186,198,49,65,0,0,818
0,48,100,93,151,394,818
73,207,47,105,0,0,818
189,280,146,133,533,623,818
0,70,49,94,388,577,818
220,205,186,122,585,617,818
168,147,96,108,649,732,818
239,314,106,105,561,642,818
659,679,186,196,573,610,818
713,458,176,116,704,778,818
626,441,191,91,660,736,818
544,387,186,108,601,685,819
563,360,142,92,631,718,819
240,208,137,116,478,0,819
0,59,24,56,0,0,819
303,255,198,97,608,623,819
130,241,24,54,0,0,819
281,401,91,94,548,582,819
251,303,103,80,551,667,819
214,162,62,65,479,575,819
707,641,186,162,696,762,819
0,50,29,68,364,0,819
0,103,94,78,0,0,819
355,430,129,151,691,752,819
527,518,86,173,614,724,819
0,75,93,89,449,516,819
0,76,19,40,434,478,819
980,376,164,105,700,776,819
0,66,26,80,0,0,820
112,213,100,87,551,630,820
715,505,155,149,657,729,820
87,190,60,91,0,0,820
0,89,43,48,235,214,820
56,171,73,98,425,0,820
0,58,83,51,0,0,820
619,390,124,123,417,438,820
588,416,217,141,666,727,820
179,235,35,63,451,623,820
0,37,26,77,0,0,820
0,39,36,93,339,543,820
547,516,116,108,604,727,820
0,55,123,108,587,651,820
254,357,70,76,280,0,820
0,53,93,84,544,638,820
361,470,178,142,581,632,820
239,287,153,112,649,699,820
237,324,67,156,315,0,821
635,349,179,105,594,645,821
158,142,139,91,622,703,821
0,66,83,106,518,611,821
870,357,136,101,695,789,821
247,248,68,115,0,0,821
179,313,25,97,0,0,821
171,206,238,93,670,715,821
40,118,62,46,459,0,821
0,36,49,80,479,568,821
362,270,189,100,673,735,821
207,247,71,128,524,646,821
461,421,189,118,613,680,821
689,458,126,147,632,707,821
0,47,45,64,0,0,821
0,76,27,78,0,0,821
394,426,114,145,612,684,821
53,146,167,92,649,714,822
28,90,79,134,526,617,822
914,653,169,129,579,620,822
25,90,89,61,492,554,822
864,931,156,191,633,724,822
0,85,66,109,0,0,822
242,257,166,136,520,562,822
29,114,61,76,476,502,822
868,527,147,96,639,702,822
81,175,40,79,0,523,822
368,331,137,133,565,696,822
172,249,79,133,562,686,822
937,667,195,220,701,767,822
192,270,165,111,444,419,822
0,80,70,103,0,0,822
26,141,89,82,347,0,822
136,211,95,85,468,480,823
0,73,129,107,289,0,823
26,126,34,103,0,0,823
748,392,225,112,687,757,823
148,297,18,87,0,312,823
740,449,172,102,629,679,823
364,375,110,100,426,0,823
43,147,105,92,529,575,823
0,82,41,84,532,650,823
787,724,161,139,633,688,823
312,220,218,110,604,670,823
276,257,197,143,596,629,823
59,150,44,81,451,522,823
0,39,161,77,597,655,823
67,161,43,75,445,541,823
415,461,142,154,614,701,823
258,367,123,145,0,298,823
589,292,183,111,661,728,823
0,24,30,71,0,0,824
363,277,190,161,672,734,824
599,625,117,90,524,616,824
44,144,143,104,453,196,824
34,105,72,104,381,540,824
161,296,188,99,603,649,824
63,174,117,118,429,0,824
553,316,200,108,665,728,824
86,194,184,86,593,591,824
666,597,135,158,630,693,824
787,532,130,149,702,781,824
545,453,248,144,660,733,824
51,155,54,129,358,377,824
0,43,33,78,355,320,824
49,158,92,77,0,0,824
45,132,91,97,549,604,824
0,67,117,101,497,547,824
168,283,49,143,404,541,824
21,104,177,81,591,660,825
0,37,96,71,517,570,825
368,448,57,120,431,469,825
453,653,52,118,120,0,825
39,141,107,143,479,409,825
306,292,109,155,0,0,825
78,180,144,111,538,591,825
345,313,27,102,414,168,825
130,164,134,113,464,496,825
307,249,154,86,551,640,825
963,1009,74,163,630,730,825
96,126,83,115,0,0,825
0,106,30,115,0,0,825
0,78,76,116,326,0,825
41,161,58,90,0,0,826
728,428,211,107,661,712,826
270,312,141,138,597,686,826
233,262,121,130,362,505,826
728,342,152,127,610,703,826
290,463,155,127,542,527,826
378,501,131,174,558,612,826
553,391,205,86,631,668,826
0,44,169,96,583,617,826
47,153,57,60,454,0,826
969,687,179,161,673,743,826
430,492,195,158,562,671,827
440,441,190,170,662,751,827
780,640,193,104,609,692,827
656,440,80,73,491,440,827
839,903,96,170,624,707,827
75,153,55,102,0,0,827
0,45,66,75,423,95,827
616,439,221,151,623,699,827
40,142,109,159,355,426,827
0,57,22,46,0,0,827
128,139,70,64,522,559,827
0,44,37,113,0,0,827
802,341,235,117,623,687,827
39,101,117,75,577,686,827
210,208,114,83,521,608,827
629,494,157,104,0,531,827
278,336,202,151,618,685,828
226,351,89,136,475,415,828
414,442,60,101,421,535,828
0,68,47,69,411,575,828
577,474,244,157,581,631,828
495,312,162,133,677,752,828
711,331,176,85,631,703,828
268,274,143,144,619,705,828
556,481,100,121,511,587,828
0,32,114,100,522,525,828
22,132,90,75,338,0,828
651,755,161,123,617,673,828
8,126,154,117,266,0,828
378,556,144,135,557,567,828
166,191,134,98,618,680,828
291,269,153,93,308,233,828
86,146,93,78,0,0,829
52,152,85,130,452,541,829
45,151,27,94,556,657,829
334,240,193,135,628,679,829
13,119,83,108,483,572,829
0,76,41,56,551,636,829
268,193,180,103,553,638,829
0,77,72,76,88,0,829
0,34,123,138,521,613,829
314,276,172,89,616,682,829
82,185,83,59,534,530,829
175,286,114,121,501,545,829
46,126,111,53,500,311,829
0,46,42,103,0,0,829
96,194,103,109,224,458,830
629,499,143,109,618,717,830
76,148,44,73,512,609,830
10,75,50,58,416,0,830
72,181,31,92,0,0,830
255,387,101,86,545,610,830
98,220,43,90,466,557,830
0,35,68,63,585,688,830
82,178,111,100,0,0,830
329,310,238,127,652,683,830
126,237,106,81,588,659,830
42,82,170,138,600,675,831
0,74,92,102,489,519,831
0,84,110,92,425,445,831
348,439,196,129,612,629,831
575,529,171,167,675,746,831
18,94,77,84,0,0,831
10,133,54,55,0,0,831
23,126,107,104,0,0,831
596,664,211,187,633,704,831
579,505,190,107,659,723,831
171,224,15,67,467,566,831
146,259,53,58,519,566,831
0,58,43,66,435,307,831
477,385,162,119,583,671,831
0,91,20,87,0,0,831
278,369,82,83,595,711,831
809,628,161,110,603,651,831
307,388,175,144,343,0,831
772,536,163,111,695,778,831
13,118,40,73,354,171,832
453,518,205,116,593,598,832
264,324,231,103,601,631,832
204,209,47,72,523,568,832
571,566,187,158,587,629,832
539,234,222,114,619,679,832
0,35,77,68,498,538,832
506,310,168,113,641,723,832
717,510,176,105,635,708,832
269,401,178,163,602,648,832
37,170,84,67,423,481,832
192,299,156,111,567,597,832
209,243,121,88,580,624,832
334,295,196,113,639,692,832
758,468,190,126,665,697,833
0,58,80,92,497,560,833
0,106,72,115,436,0,833
225,316,58,85,614,691,833
107,223,76,128,221,0,833
82,167,146,89,569,659,833
225,283,118,134,609,670,833
0,33,114,108,440,486,833
31,98,111,116,366,0,833
556,285,194,124,711,776,833
199,346,104,127,195,0,833
266,334,96,122,542,633,833
0,25,18,62,0,0,833
841,917,108,142,419,573,834
54,170,128,78,530,483,834
52,152,84,101,324,468,834
187,254,37,72,0,0,834
301,331,134,114,440,213,834
0,26,163,140,525,499,834
90,182,102,107,518,523,834
232,379,51,123,454,461,834
0,79,106,97,542,577,834
83,158,51,58,0,0,834
81,177,65,108,545,688,834
0,52,13,66,0,0,834
859,462,140,137,645,721,834
190,215,64,67,571,626,835
980,918,167,181,690,760,835
635,698,147,134,539,592,835
151,217,104,156,427,539,835
0,68,132,79,405,0,835
46,123,29,85,469,571,835
263,391,140,133,487,417,835
55,155,108,130,149,331,835
0,37,28,61,0,0,835
572,620,161,120,610,682,835
0,38,71,82,442,466,835
443,309,183,110,664,728,835
364,471,155,150,583,628,835
78,208,102,89,0,0,835
250,392,131,69,462,304,835
52,169,15,57,0,0,835
172,159,71,132,547,651,835
48,123,35,73,0,0,835
320,441,56,107,0,0,836
9,75,49,58,409,372,836
580,295,147,158,740,818,836
414,354,69,84,582,674,836
105,135,63,95,353,0,836
0,69,130,102,483,574,836
171,270,193,135,552,606,836
321,364,128,164,464,597,836
66,157,81,66,473,559,836
227,349,53,99,599,671,836
482,485,153,123,694,762,836
19,113,59,98,517,581,836
568,567,134,160,696,754,836
512,476,218,127,629,701,836
81,189,35,99,0,0,836
467,509,204,159,639,690,836
404,563,65,127,535,593,836
684,561,142,119,517,583,836
0,93,42,107,316,67,837
226,331,167,90,623,682,837
67,197,25,50,0,0,837
281,253,134,89,599,699,837
15,119,66,133,0,0,837
504,478,135,105,701,783,837
0,69,109,97,404,349,837
679,629,134,112,635,722,837
437,464,136,140,573,672,837
169,222,134,152,0,547,837
31,109,145,94,402,0,837
498,413,177,133,655,706,837
4,109,54,82,0,0,837
8,78,15,57,540,577,837
510,362,102,91,549,569,837
0,30,179,113,527,606,837
364,491,125,174,555,581,837
73,158,100,97,477,447,837
143,237,79,156,529,658,838
172,270,35,62,423,528,838
658,632,125,143,584,676,838
119,241,163,94,593,629,838
197,236,31,92,0,0,838
0,31,98,74,538,605,838
714,546,200,141,658,728,838
56,100,109,93,0,0,838
558,410,121,82,668,750,838
362,257,162,87,585,642,838
423,420,172,105,638,722,839
78,144,48,55,508,374,839
92,191,115,61,346,0,839
141,237,193,127,617,570,839
46,126,52,74,0,0,839
0,65,90,93,501,528,839
0,70,84,116,0,0,839
166,255,106,132,475,542,839
17,99,37,77,0,0,839
35,131,87,101,0,0,839
309,468,124,147,520,531,839
63,162,47,83,466,563,839
591,471,194,116,659,732,839
162,289,18,87,0,0,839
404,241,149,127,660,743,839
150,271,124,90,616,682,839
65,169,60,59,554,555,839
717,323,264,175,687,751,839
36,147,43,45,0,0,840
459,349,119,102,607,662,840
7,102,68,77,0,0,840
381,391,50,79,559,652,840
381,269,156,114,594,566,840
405,512,66,118,454,532,840
402,506,44,140,0,0,840
201,290,93,135,570,608,840
167,281,56,113,0,0,840
0,37,75,102,0,0,840
361,251,77,79,474,518,840
150,259,24,72,0,0,840
23,86,122,72,568,617,840
107,168,23,71,0,0,840
949,735,137,156,704,792,840
407,397,197,148,630,682,840
15,76,75,68,340,443,840
120,222,164,145,581,639,840
0,50,44,68,0,0,841
9,103,129,92,561,618,841
512,477,145,119,700,768,841
0,81,58,110,0,0,841
620,548,212,180,586,637,841
10,110,38,101,0,0,841
0,80,34,70,500,580,841
551,691,117,154,384,547,841
25,124,39,54,504,555,841
497,247,100,103,465,560,841
806,482,152,116,641,716,841
158,300,39,64,505,585,841
22,112,30,66,374,390,841
523,429,162,87,298,290,841
322,257,94,113,622,675,841
0,38,67,57,165,443,841
85,183,120,78,513,565,841
24,117,76,90,500,597,841
0,28,32,82,544,661,841
407,274,157,86,682,769,841
0,24,32,89,294,557,842
95,207,71,88,500,422,842
147,259,133,93,421,369,842
365,292,130,83,706,786,842
181,341,42,102,0,0,842
18,112,129,114,515,586,842
448,517,148,153,550,573,842
209,280,36,59,0,0,842
0,53,36,52,487,561,842
0,113,29,97,0,0,842
19,117,49,92,0,0,842
109,181,159,110,553,627,842
66,198,43,84,0,0,843
57,174,37,68,0,0,843
922,978,109,196,584,655,843
0,65,28,75,0,585,843
752,472,132,111,650,734,843
675,556,176,117,738,812,843
354,394,109,155,0,474,843
0,70,121,110,288,0,843
0,75,129,136,235,0,843
94,117,96,91,482,315,843
281,218,63,90,505,592,843
0,57,78,132,0,0,843
31,110,20,51,0,0,843
351,330,58,76,0,0,843
417,541,156,80,563,519,843
164,211,160,84,534,557,843
86,171,52,82,582,699,843
371,291,154,131,631,711,843
650,313,192,120,687,768,844
553,319,112,165,669,742,844
143,183,131,115,505,550,844
225,320,33,56,455,554,844
153,235,125,106,468,518,844
553,461,57,75,605,683,844
71,169,117,128,611,707,844
102,239,119,149,547,604,844
637,283,139,115,611,648,844
105,203,40,102,0,0,844
15,62,37,91,284,462,844
0,92,22,96,0,0,844
430,545,115,142,536,573,844
587,609,157,171,693,801,844
230,198,194,108,619,726,844
166,298,116,165,409,330,844
78,212,81,143,0,0,844
0,77,43,65,0,0,845
55,168,74,90,375,520,845
321,362,173,158,631,664,845
255,363,75,72,542,624,845
40,138,25,52,0,0,845
945,535,204,161,711,787,845
218,214,77,85,510,633,845
451,339,157,145,543,635,845
118,203,116,125,656,733,845
249,209,145,125,554,517,845
490,561,101,96,523,624,845
402,353,149,157,456,489,845
35,127,111,114,446,236,845
145,283,52,148,0,0,845
747,385,108,76,591,674,846
229,289,83,85,0,0,846
0,109,92,138,0,0,846
104,172,76,83,0,0,846
112,211,103,110,0,0,846
0,58,57,84,500,566,846
343,294,161,89,525,628,846
147,226,21,60,0,0,846
557,458,199,110,617,694,846
0,75,62,79,0,0,846
12,134,22,72,0,0,846
13,102,115,111,470,534,846
0,71,70,94,0,0,846
631,368,204,132,675,749,846
0,59,136,109,585,652,846
361,378,216,125,695,774,846
132,262,28,91,0,0,846
112,206,102,76,0,0,846
844,551,233,223,670,750,846
664,338,214,118,547,643,846
12,107,20,51,0,0,846
772,701,174,137,625,699,846
339,262,261,116,589,678,846
527,603,214,110,608,604,846
0,25,145,86,482,487,847
301,386,79,122,404,548,847
949,843,246,190,710,783,847
596,311,322,127,677,747,847
736,626,155,147,697,798,847
755,710,132,165,483,552,847
380,518,182,108,601,655,847
273,406,129,157,376,379,847
0,30,77,85,478,561,847
2,102,136,98,482,485,847
445,326,65,95,0,0,847
227,320,190,177,566,625,847
97,245,98,99,0,0,847
29,134,100,112,0,0,847
58,121,106,101,0,0,847
235,252,155,149,569,649,847
31,152,97,166,0,0,847
179,257,202,133,561,655,847
153,239,43,81,0,370,847
170,296,53,74,313,439,847
564,668,187,171,631,683,847
335,504,239,215,597,645,847
196,325,64,105,0,0,847
680,452,211,129,653,727,847
336,481,164,215,482,576,847
51,165,55,147,0,0,847
500,393,214,125,623,653,847
131,193,56,78,562,676,847
718,515,162,116,646,721,847
99,219,58,117,0,0,847
5,107,49,76,0,394,847
17,94,203,91,377,0,847
0,74,123,85,180,306,847
151,273,113,101,0,0,847
181,241,172,102,558,615,847
65,139,23,60,409,447,847
9,70,85,54,537,586,848
570,500,159,228,664,739,848
300,364,231,199,545,634,848
662,357,188,118,613,665,848
537,525,143,187,527,618,848
379,451,160,192,585,675,848
1,106,43,119,0,0,848
0,36,199,137,551,606,848
89,188,88,103,473,600,848
79,163,25,71,0,0,848
10,78,184,114,568,624,848
632,422,195,105,649,702,848
0,76,77,100,436,584,848
688,539,137,160,684,776,848
0,32,14,90,0,0,848
138,254,116,97,501,569,848
329,324,94,115,520,628,848
224,367,77,145,50,0,848
0,21,84,55,0,0,848
0,74,62,55,347,508,848
0,39,29,56,496,603,848
126,244,100,105,480,593,848
118,230,134,94,647,737,848
0,93,67,110,0,0,848
20,85,140,152,515,623,848
0,40,33,52,404,416,848
795,901,166,197,646,744,848
582,353,160,112,617,699,848
612,546,97,159,469,621,849
441,266,197,147,622,684,849
61,156,194,143,523,470,849
123,119,159,72,654,745,849
37,156,30,77,0,0,849
0,61,38,111,0,525,849
46,168,42,116,0,0,849
308,458,106,175,151,594,849
43,89,90,73,524,636,849
41,104,129,110,397,0,849
43,164,29,88,0,285,849
863,520,188,141,645,728,849
441,379,100,108,457,580,849
180,220,137,162,501,636,849
0,81,26,65,0,0,849
445,418,127,76,611,692,849
256,444,25,111,0,0,850
226,226,109,97,576,669,850
800,906,223,149,646,718,850
291,290,200,140,608,677,850
4,102,66,100,306,0,850
166,203,145,82,568,647,850
183,276,115,111,565,587,850
329,222,153,89,613,723,850
0,31,114,100,251,0,850
0,66,41,90,0,450,850
181,259,110,137,255,521,850
656,567,159,162,692,786,850
640,491,231,117,669,732,850
326,454,136,89,478,531,850
509,475,243,141,650,696,850
50,143,44,77,465,593,850
504,504,243,143,680,740,850
418,314,128,144,495,572,850
0,58,48,87,402,492,850
283,404,134,136,546,608,850
0,28,29,51,0,0,850
64,199,66,147,0,0,851
249,305,156,147,566,625,851
294,384,30,108,0,334,851
264,201,228,89,616,662,851
101,210,122,154,502,503,851
743,604,171,197,653,732,851
643,720,92,160,472,587,851
726,613,234,148,623,687,851
156,232,122,93,523,566,851
505,478,244,95,667,705,851
216,332,135,93,563,599,851
918,557,206,207,715,776,851
18,125,38,99,0,523,851
384,494,24,60,457,591,851
98,236,44,92,0,0,851
294,362,122,110,586,681,851
0,100,67,78,0,0,851
93,187,54,71,0,0,851
912,721,189,123,739,830,852
76,140,17,66,0,587,852
102,136,69,47,530,600,852
424,447,175,183,509,603,852
116,192,101,63,583,625,852
56,159,181,80,635,694,852
409,402,125,148,645,711,852
240,299,183,118,586,619,852
0,68,57,71,0,450,852
20,122,54,73,0,0,853
132,200,54,75,0,524,853
626,561,197,152,578,636,853
301,361,249,187,578,632,853
194,346,31,119,0,0,853
24,117,104,148,464,465,853
0,22,78,54,393,316,853
16,135,57,69,0,89,853
48,147,99,123,426,459,853
0,98,45,73,0,0,853
11,122,68,65,515,543,853
429,386,99,100,590,679,853
334,462,23,89,0,0,853
591,482,122,133,379,546,853
16,97,134,70,546,594,853
742,758,138,175,590,658,853
0,39,41,59,491,588,853
156,188,110,105,595,676,853
1,57,58,51,539,638,853
42,148,99,101,493,577,854
673,415,175,110,665,726,854
10,116,142,121,381,0,854
4,66,61,65,100,0,854
0,29,64,53,0,0,854
0,95,31,53,0,0,854
390,455,171,133,629,709,854
141,231,148,165,569,676,854
810,577,143,193,680,752,854
587,429,160,121,662,748,854
507,598,122,124,505,594,854
131,204,84,87,530,630,854
0,80,194,104,557,591,854
625,621,142,198,589,650,854
138,213,136,105,626,679,854
271,274,69,125,328,467,854
93,200,147,111,583,591,854
50,155,104,99,406,397,854
241,373,53,131,0,0,854
407,481,144,128,511,573,854
795,775,115,179,659,746,854
0,50,96,81,497,555,855
237,323,174,169,595,661,855
48,93,127,114,461,579,855
0,102,110,84,472,332,855
610,346,259,105,634,680,855
60,141,139,125,550,523,855
70,77,156,75,584,618,855
366,427,95,135,611,700,855
692,480,280,102,688,743,855
127,241,140,156,551,610,855
120,142,102,145,350,407,855
0,63,109,115,519,529,855
0,75,97,90,364,329,855
718,465,179,81,640,661,855
125,184,77,68,401,341,855
864,615,239,151,706,771,855
68,166,18,85,455,528,855
138,210,36,48,361,484,855
0,41,111,95,551,608,855
25,75,61,74,535,535,855
71,140,98,72,487,625,856
0,78,63,68,0,0,856
544,588,143,120,621,681,856
589,705,109,115,528,619,856
31,140,102,58,604,641,856
317,441,34,80,449,381,856
508,486,167,119,631,709,856
0,37,65,88,352,110,856
136,206,39,107,510,572,856
0,55,30,58,0,0,856
410,252,192,144,669,740,856
670,736,134,188,624,701,856
299,379,188,128,625,657,856
463,415,169,79,627,683,856
483,312,105,124,669,753,856
283,308,62,70,325,538,856
184,242,194,81,593,597,856
252,384,133,106,524,545,857
95,183,74,100,553,627,857
406,306,181,109,521,616,857
113,160,110,87,515,498,857
150,271,70,95,0,0,857
452,384,173,139,660,731,857
14,100,23,100,0,480,857
62,99,165,142,461,500,857
720,664,134,117,651,695,857
208,229,156,98,597,675,857
882,300,154,88,751,839,857
0,87,73,116,0,0,857
0,39,82,69,443,528,857
3,70,36,92,289,0,857
162,246,86,95,414,619,857
118,273,77,90,575,634,857
772,715,163,110,677,762,857
201,237,131,146,627,688,857
64,197,68,149,0,0,858
909,750,140,178,702,768,858
983,619,103,136,706,793,858
13,92,46,77,459,484,858
20,87,29,64,340,400,858
602,324,273,116,694,758,858
506,531,123,74,597,661,858
39,149,40,65,0,0,858
497,439,113,132,535,590,858
5,105,65,73,322,0,858
389,296,102,141,580,655,858
248,336,173,160,569,577,859
223,171,110,107,232,451,859
160,298,26,112,0,0,859
106,146,214,103,644,714,859
151,110,138,78,632,706,859
308,357,114,132,498,584,859
6,100,49,88,0,0,859
562,447,170,120,619,656,859
7,83,91,77,455,496,860
226,225,122,95,591,645,860
0,70,18,59,233,354,860
842,517,189,131,618,691,860
174,204,102,99,508,542,860
779,500,95,97,628,698,860
0,33,40,78,0,0,860
0,61,76,114,463,558,860
80,182,18,118,0,0,860
0,54,51,91,0,399,860
0,45,99,121,289,0,860
316,364,64,86,486,583,860
296,364,80,101,441,524,860
0,27,133,55,465,449,860
295,339,62,80,478,630,861
92,190,144,135,566,671,861
292,455,104,118,435,421,861
0,87,49,75,0,0,861
522,538,124,112,595,660,861
37,110,86,120,0,0,861
283,384,118,123,633,699,861
396,388,182,129,636,743,861
836,398,161,117,676,752,861
0,54,129,76,459,469,861
709,368,271,96,634,676,861
377,472,62,124,561,646,861
65,163,209,139,575,564,861
0,84,79,82,287,0,861
902,545,236,84,652,691,861
677,438,167,137,594,672,861
218,289,84,106,508,577,861
29,149,88,121,0,0,862
0,38,32,63,0,0,862
93,169,155,61,601,598,862
52,152,142,96,621,672,862
234,356,160,116,520,591,862
626,363,135,84,598,674,862
0,41,72,89,0,0,862
111,242,72,119,399,418,862
47,167,103,88,280,0,862
450,388,194,137,630,687,862
152,237,85,73,614,704,862
149,177,34,74,0,467,862
365,414,60,103,471,601,862
80,137,140,78,591,603,862
10,77,186,83,590,607,862
183,226,145,80,642,694,862
253,263,52,78,306,351,863
85,235,13,87,0,0,863
260,398,198,162,555,571,863
4,84,43,55,584,700,863
854,545,149,163,667,738,863
400,289,235,120,663,708,863
24,76,67,87,520,538,863
223,360,83,129,483,527,863
531,268,266,95,698,766,863
1,87,69,92,0,0,863
511,250,155,76,629,722,863
0,90,82,149,0,0,863
244,365,102,136,476,551,863
40,140,38,94,269,532,863
223,295,122,125,498,574,863
0,51,31,42,0,0,863
74,195,37,75,0,0,863
139,281,49,120,430,574,863
570,392,110,141,670,735,864
54,140,107,118,556,636,864
699,812,141,141,596,637,864
146,237,134,126,586,646,864
120,236,83,106,0,0,864
751,402,176,175,746,821,864
0,101,102,126,0,0,864
147,196,194,121,665,705,864
132,146,69,92,421,380,864
174,314,126,103,567,616,864
0,53,60,82,559,634,865
307,450,184,154,656,668,865
638,561,190,100,626,701,865
528,583,19,107,513,681,865
16,112,30,83,526,626,865
626,303,112,90,584,682,865
38,130,111,112,569,682,865
99,209,159,102,538,591,865
162,350,13,115,0,0,865
286,197,171,89,660,726,865
86,149,62,78,411,343,865
826,764,138,112,648,712,865
342,334,116,67,528,453,866
663,463,150,137,590,639,866
945,355,174,74,690,757,866
335,327,214,161,590,661,866
0,37,54,75,337,0,866
375,409,212,126,586,668,866
0,56,130,63,514,413,867
209,266,138,191,577,711,867
140,171,135,75,480,297,867
782,616,166,147,654,733,867
0,76,125,104,461,399,867
112,231,67,84,406,567,867
79,201,135,151,361,225,867
37,138,91,116,331,362,867
0,59,105,88,505,574,867
211,266,149,135,518,409,867
329,441,107,140,614,691,868
739,417,183,161,726,797,868
492,568,143,201,561,642,868
233,286,76,89,435,399,868
41,113,68,139,299,0,868
83,200,151,135,553,623,868
298,402,118,120,538,613,868
48,159,94,86,484,512,868
331,308,134,126,646,717,868
0,92,126,84,377,267,868
901,454,107,124,571,667,868
19,97,49,81,446,580,868
65,205,18,80,0,0,868
339,350,112,92,598,645,868
62,183,98,85,401,485,868
587,569,181,149,601,682,868
8,112,19,89,0,0,868
115,220,44,80,184,0,868
95,179,136,77,537,562,868
150,229,82,61,516,571,868
0,45,90,101,419,0,869
266,362,96,119,632,711,869
266,307,144,157,678,754,869
386,316,133,112,636,710,869
431,447,163,111,610,694,869
80,205,84,82,255,0,869
0,40,95,77,551,594,869
166,202,23,84,607,668,869
426,521,185,126,566,632,869
317,457,94,169,0,0,870
902,615,255,125,715,764,870
257,266,166,111,582,648,870
860,579,170,127,719,783,870
656,308,179,99,642,717,870
446,274,156,132,626,663,870
64,194,45,115,0,0,870
61,171,47,96,533,634,870
14,117,79,99,313,166,870
119,215,74,108,551,614,870
58,146,17,75,0,155,870
193,254,179,128,587,640,871
638,364,185,141,598,636,871
782,584,175,92,640,708,871
0,83,105,58,359,0,871
692,469,63,84,561,646,871
315,396,105,118,558,615,871
171,313,92,138,157,0,871
761,730,109,127,594,701,871
689,708,122,99,654,714,871
343,287,136,123,502,547,871
340,421,100,118,536,590,872
325,420,193,128,625,683,872
50,124,105,100,0,0,872
182,299,111,126,443,580,872
258,235,141,131,612,711,872
0,24,41,60,558,650,872
22,63,229,138,663,721,872
255,200,28,77,0,0,873
414,241,117,126,630,708,873
659,411,199,142,630,705,873
446,518,41,124,377,555,873
0,22,95,62,487,533,873
105,223,52,113,0,0,873
615,697,55,120,392,518,873
287,343,134,112,606,679,873
603,302,171,152,572,617,873
0,76,61,66,258,0,873
208,207,147,119,580,649,873
31,143,88,81,511,532,873
177,281,103,86,599,689,873
426,425,161,126,625,689,873
473,363,195,159,620,712,873
99,235,129,80,517,431,873
3,111,104,75,625,707,873
475,376,91,119,604,674,873
768,288,70,108,639,714,873
201,299,183,91,601,631,873
0,52,42,106,0,0,873
161,145,183,113,607,667,873
261,261,108,82,629,715,874
0,60,82,69,151,0,874
68,197,36,75,0,0,874
0,33,62,82,454,640,874
490,316,126,116,528,447,874
260,319,128,130,475,0,874
76,212,42,89,0,0,874
244,181,222,87,620,656,874
47,80,193,82,567,580,874
616,606,157,149,658,730,874
388,482,177,178,563,560,874
0,40,131,70,595,602,874
409,367,125,143,641,714,874
427,496,51,87,467,370,874
150,99,106,86,646,729,874
173,171,147,96,561,642,874
73,160,51,83,0,0,874
142,289,104,163,0,389,874
265,354,31,64,0,529,875
376,294,152,156,640,721,875
446,606,74,114,570,633,875
11,126,31,128,0,0,875
657,562,295,135,679,726,875
117,230,117,67,556,625,875
669,704,148,106,660,737,875
157,264,56,127,500,566,875
0,42,157,113,536,614,875
90,178,146,168,551,570,875
180,242,212,131,619,660,875
0,74,88,120,0,0,875
165,212,127,83,533,602,875
352,315,110,94,574,652,875
92,187,32,95,0,0,876
502,403,250,108,619,663,876
204,241,42,53,321,334,876
245,384,124,103,637,698,876
773,636,139,114,634,710,876
0,66,59,62,388,0,876
31,140,20,50,0,0,876
796,730,132,127,608,664,876
141,111,73,73,0,0,876
0,55,38,54,0,0,876
437,565,141,122,524,608,876
64,163,155,121,564,523,876
77,150,155,137,620,646,876
805,755,169,163,694,762,876
49,169,65,57,574,607,876
60,162,54,59,399,452,876
916,408,188,102,694,772,876
598,696,163,130,639,720,877
664,576,139,92,629,701,877
780,826,120,146,511,552,877
219,205,156,89,645,702,877
404,336,166,109,492,547,877
136,289,92,119,137,0,877
312,427,95,156,497,579,877
99,182,99,93,588,687,877
890,441,224,123,665,726,877
255,266,100,76,616,677,877
204,214,204,87,613,662,877
206,315,95,117,554,570,877
392,415,113,135,542,468,877
245,360,52,97,474,597,877
0,52,69,107,0,0,877
0,79,33,54,316,0,877
121,248,77,99,0,0,877
33,81,88,79,453,488,877
134,254,109,95,558,580,877
69,125,139,92,566,648,877
288,208,160,84,591,631,877
543,320,99,105,617,676,877
0,65,90,98,564,648,878
20,114,78,89,481,0,878
779,804,118,115,610,680,878
9,83,106,97,429,499,878
0,23,46,97,0,0,878
546,356,70,100,478,554,878
242,315,148,162,615,672,878
116,263,22,101,336,401,878
138,292,50,93,10,415,878
97,139,100,75,468,561,878
0,43,23,97,455,488,879
0,41,142,111,598,625,879
220,370,132,133,533,581,879
0,86,24,77,0,0,879
0,52,50,82,0,0,879
779,801,134,219,610,672,879
539,529,176,89,630,709,879
180,307,73,118,401,0,879
51,187,36,145,0,0,879
241,196,109,96,654,737,879
0,38,218,130,669,719,879
0,31,107,93,425,487,879
112,242,22,108,0,0,879
0,32,128,96,322,0,879
0,66,19,65,0,0,879
83,216,111,94,506,487,879
229,328,125,121,565,617,879
295,330,93,159,0,0,879
0,57,42,44,520,516,879
27,138,23,87,0,0,880
385,370,60,74,366,435,880
0,79,169,149,528,555,880
77,164,83,103,550,651,880
549,422,176,174,690,758,880
0,26,153,86,517,318,880
9,111,101,83,0,0,880
37,110,137,86,479,362,880
80,137,72,61,555,619,880
650,549,134,142,650,738,880
0,72,112,129,539,643,880
544,457,102,59,528,663,880
167,261,150,111,546,638,881
0,78,113,112,441,407,881
355,335,99,101,613,717,881
7,93,90,80,444,447,881
297,378,194,182,606,668,881
953,788,168,129,648,717,881
437,342,93,134,500,637,881
109,213,61,65,569,660,881
579,582,177,164,597,622,881
722,778,194,136,674,750,881
22,112,112,110,524,576,881
0,41,67,57,0,0,881
745,506,153,66,624,695,881
173,246,133,93,635,712,881
126,184,153,88,514,526,881
264,372,121,135,573,598,881
61,84,139,88,589,665,881
479,424,121,108,541,600,882
542,471,112,149,609,706,882
412,461,15,66,469,616,882
283,266,67,102,464,555,882
298,206,170,126,556,615,882
369,302,114,102,577,666,882
912,854,194,159,627,681,882
27,132,129,161,548,598,882
0,50,51,84,0,0,882
291,238,184,136,585,636,882
470,488,94,98,542,614,882
362,304,59,92,508,602,882
310,184,108,160,611,663,882
120,262,43,120,0,394,882
413,494,90,116,554,622,882
0,52,39,71,0,0,882
0,89,57,101,0,0,882
168,268,184,113,444,437,882
0,37,88,101,166,0,882
65,141,96,94,0,0,883
0,34,15,77,349,488,883
104,220,65,90,0,0,883
593,449,118,129,572,618,883
517,564,122,166,498,549,883
62,173,55,106,0,0,883
230,349,24,103,0,561,883
415,409,221,133,630,694,883
0,80,32,102,0,0,883
158,258,132,128,537,490,883
689,684,146,104,686,759,883
710,415,259,96,691,745,883
286,376,66,86,451,462,883
159,165,162,82,583,645,883
805,584,195,171,644,707,883
35,96,97,84,284,0,883
0,66,137,122,508,548,883
0,30,49,102,0,187,883
286,355,198,127,628,660,883
0,50,69,71,255,525,883
124,238,103,132,164,0,883
25,122,97,77,542,536,884
45,147,116,110,566,601,884
190,244,99,107,521,568,884
39,145,62,73,529,575,884
523,461,75,104,472,597,884
503,350,179,141,643,716,884
319,355,118,123,579,675,884
846,471,119,121,702,768,884
461,534,127,149,485,561,884
236,338,86,97,0,0,884
426,275,163,69,650,705,884
676,675,159,110,661,739,884
134,256,60,78,362,302,884
0,39,19,73,0,460,885
817,534,221,189,705,776,885
60,167,114,134,595,667,885
295,297,79,61,0,0,885
3,91,33,41,533,595,885
693,360,134,83,602,670,885
97,191,72,80,533,620,885
375,350,172,173,607,661,885
0,85,174,95,318,0,885
0,22,24,101,317,0,885
931,513,205,189,662,709,885
243,310,98,126,523,607,885
375,518,162,143,555,582,885
244,374,103,139,549,634,885
438,336,162,164,568,581,885
228,288,95,116,146,406,885
111,213,180,186,541,566,885
179,194,124,123,650,721,885
0,51,31,91,0,0,886
56,150,101,88,463,607,886
549,515,166,151,638,719,886
261,291,89,106,498,579,886
225,295,135,82,487,499,886
529,536,174,153,558,584,886
481,317,144,91,617,695,886
99,213,74,51,257,0,886
126,233,67,149,0,434,886
179,231,161,135,566,654,886
440,397,189,230,706,771,886
475,432,108,115,418,531,886
177,200,181,116,643,705,886
293,410,117,185,0,0,886
202,231,187,104,584,550,886
512,327,140,70,622,685,887
396,301,127,117,523,630,887
238,201,121,121,559,605,887
0,79,54,118,0,0,887
20,146,15,54,0,0,887
0,41,89,103,0,0,887
278,299,123,101,540,604,887
84,151,23,88,0,0,887
362,457,141,120,611,697,887
0,43,116,89,565,623,887
0,43,80,93,242,0,887
0,40,39,59,0,0,887
208,184,66,121,423,548,887
38,140,128,80,534,517,887
214,357,135,128,497,578,887
242,207,77,62,522,552,887
24,145,114,108,447,191,887
786,729,149,163,617,715,888
90,176,191,110,638,686,888
85,188,61,77,474,583,888
579,385,131,128,718,801,888
363,236,174,146,581,643,888
123,186,122,91,489,514,888
280,360,156,160,568,603,888
74,180,130,92,566,673,888
0,27,19,32,530,613,888
0,30,71,79,609,689,888
212,211,86,86,473,535,888
51,149,85,141,0,0,888
206,296,187,176,616,695,888
288,221,132,86,603,650,888
133,157,191,97,584,591,888
126,113,51,89,0,535,888
143,286,59,80,0,0,888
41,93,38,43,488,603,889
357,237,217,120,669,751,889
146,284,176,157,524,498,889
335,315,179,97,633,712,889
311,314,193,165,582,655,889
107,121,71,74,609,683,889
415,491,193,124,553,549,889
18,122,86,68,555,637,889
743,535,118,103,612,721,889
242,216,114,61,604,683,889
350,426,103,153,628,701,889
422,435,128,125,642,723,889
29,117,60,116,494,425,889
166,261,107,114,492,602,889
143,233,243,105,624,657,889
135,290,59,136,0,0,889
0,83,43,113,0,0,889
579,440,95,91,531,617,889
0,85,138,95,471,0,889
39,120,84,102,0,0,889
50,130,58,67,0,435,889
49,83,116,125,0,0,889
790,794,115,168,563,661,889
615,512,177,140,645,704,890
264,385,110,156,436,549,890
0,39,29,75,0,0,890
355,514,34,63,451,515,890
299,278,210,132,626,646,890
191,312,127,190,250,487,890
136,262,82,125,201,0,890
220,355,41,78,0,0,890
109,230,119,118,562,671,890
805,788,183,205,630,718,890
0,57,24,57,0,0,890
17,108,50,47,479,592,890
8,96,78,71,453,0,890
0,38,31,59,0,0,890
518,351,208,142,701,775,890
360,489,141,140,534,620,890
198,310,125,130,504,549,890
431,290,263,170,667,732,890
89,226,75,98,0,0,890
1,86,40,126,0,0,890
30,127,86,149,0,0,890
89,113,40,127,271,550,890
528,355,181,104,627,670,891
0,37,53,52,416,528,891
0,80,35,87,0,461,891
102,230,80,143,0,0,891
255,249,191,115,557,589,891
138,273,138,187,533,544,891
655,616,258,100,663,695,891
427,340,125,114,600,662,891
202,306,186,91,557,530,892
52,170,78,102,415,464,892
42,132,94,136,545,638,892
437,358,115,143,534,528,892
57,178,85,112,355,277,892
131,259,60,124,131,0,892
136,192,104,123,134,558,892
27,114,177,117,608,655,892
0,66,124,86,462,0,892
0,30,47,81,0,0,892
15,125,164,179,493,605,892
0,61,85,96,0,0,892
254,299,86,149,207,305,892
0,34,133,117,479,534,892
120,187,83,67,490,540,892
130,185,155,111,0,0,892
87,162,110,77,588,696,892
137,129,102,119,305,468,892
29,154,26,140,0,0,892
0,58,130,126,0,431,892
0,53,38,62,0,0,893
89,140,27,63,0,0,893
464,384,175,133,588,665,893
424,232,155,101,665,753,893
126,256,88,119,572,657,893
141,191,253,163,624,693,893
427,378,203,197,689,747,893
523,365,166,135,436,553,893
402,327,104,131,629,709,893
935,483,174,91,610,664,893
0,82,82,82,482,475,893
0,95,131,138,423,250,893
335,455,173,170,603,692,893
738,481,188,170,673,730,893
279,344,76,61,239,0,893
289,410,26,120,411,560,894
0,59,63,68,0,0,894
246,386,180,153,529,254,894
0,41,108,105,137,0,894
181,243,109,141,518,611,894
0,59,85,92,0,0,894
0,78,103,100,48,0,894
22,150,145,138,366,0,894
182,281,54,95,281,395,894
342,345,140,113,647,722,894
297,437,101,159,0,392,894
0,53,125,77,460,323,894
397,175,153,101,591,691,894
474,542,137,167,613,687,894
112,230,66,78,435,544,894
0,77,29,91,0,0,894
762,413,173,123,650,697,894
116,144,129,60,577,604,894
63,163,170,154,516,564,894
0,27,56,59,468,392,894
0,63,56,76,113,0,894
150,245,50,46,427,556,895
845,877,248,188,648,691,895
0,24,62,60,397,531,895
343,334,155,117,579,687,895
52,178,128,76,614,662,895
0,41,157,154,500,607,895
399,388,174,98,624,698,895
959,844,149,128,723,789,895
42,121,75,124,561,596,895
243,299,114,136,436,553,895
811,817,223,153,688,748,895
0,94,68,73,0,0,895
113,208,96,149,497,500,895
206,249,259,155,634,684,895
0,41,83,107,139,0,895
827,477,214,189,718,800,895
638,599,106,86,504,549,895
426,373,137,85,653,724,895
583,370,140,107,533,612,895
838,697,213,133,590,670,896
0,42,76,112,515,592,896
387,336,149,117,597,674,896
98,167,149,111,508,85,896
433,237,182,84,647,720,896
562,310,147,85,656,748,896
371,485,184,171,625,678,896
731,504,101,114,558,593,896
105,175,68,77,421,557,896
58,181,139,120,425,146,896
99,247,45,106,423,480,896
926,708,197,155,690,766,896
321,377,70,93,0,89,896
106,139,136,121,616,665,897
860,764,178,172,639,706,897
393,452,195,137,592,644,897
486,392,155,125,534,521,897
853,660,185,146,608,701,897
774,540,177,129,614,704,897
42,127,68,87,310,0,897
111,227,117,124,481,296,897
214,335,99,127,489,520,897
213,167,141,158,233,0,897
347,329,133,148,632,715,897
470,396,152,71,544,523,897
289,432,80,162,0,0,897
0,53,63,73,0,349,897
0,68,85,112,362,0,897
269,342,121,134,382,434,897
954,379,205,80,688,740,898
153,252,32,53,323,399,898
61,182,110,157,474,445,898
26,84,88,73,561,650,898
119,163,127,145,625,697,898
433,543,122,124,606,713,898
608,521,172,123,648,723,898
738,388,251,163,643,712,898
387,404,122,166,633,729,898
724,559,227,115,683,731,898
224,249,136,123,552,515,898
184,213,141,72,628,685,898
24,132,35,75,0,0,898
0,94,83,102,528,573,899
343,336,180,132,613,659,899
455,433,139,126,592,666,899
0,47,19,54,0,0,899
876,788,186,130,680,743,899
177,235,58,75,502,622,899
134,203,66,71,524,610,899
600,277,163,119,702,771,899
0,56,33,99,349,559,899
182,275,80,98,522,632,899
22,126,63,63,0,0,899
180,246,230,128,610,664,899
0,44,90,65,389,330,899
526,603,202,181,594,653,899
0,51,28,78,400,551,899
65,114,90,59,464,0,899
846,751,190,147,686,745,899
454,532,97,144,567,625,899
0,43,25,80,421,620,899
0,24,135,91,546,581,899
132,258,81,99,115,0,900
925,674,237,113,691,773,900
525,595,127,155,612,683,900
49,128,108,56,459,449,900
967,783,136,172,683,765,900
49,158,101,125,0,330,900
593,338,134,116,707,799,900
442,420,160,134,575,675,900
532,297,133,114,643,745,900
40,130,120,92,568,602,900
871,405,121,96,694,762,900
240,344,40,130,499,613,900
849,651,153,120,624,703,900
697,481,187,118,640,699,900
0,34,66,63,460,470,900
535,473,250,97,642,674,900
36,139,144,96,522,527,901
608,543,157,116,577,603,901
0,29,87,106,455,620,901
9,110,47,122,0,0,901
0,90,43,106,0,0,901
79,139,48,92,0,0,901
0,26,118,74,560,498,901
311,403,133,99,579,692,901
82,157,126,121,564,571,901
0,54,63,67,344,0,901
270,206,166,132,593,668,901
900,804,167,154,680,742,901
606,623,118,145,568,667,901
37,143,76,102,0,0,901
241,289,82,91,381,472,901
131,208,69,58,458,438,901
508,281,171,110,647,735,901
142,201,157,111,632,704,901
172,307,34,87,448,545,902
625,625,187,145,692,751,902
163,293,116,144,522,586,902
142,225,96,113,386,0,902
477,377,165,119,547,546,902
159,230,44,62,275,0,902
266,333,109,151,459,291,902
464,331,63,112,668,766,902
118,139,46,145,0,577,902
157,255,125,141,266,537,902
77,131,74,94,0,0,902
444,336,74,95,632,714,902
255,394,88,136,0,162,903
181,153,197,95,688,755,903
110,189,193,129,568,567,903
268,313,71,88,0,0,903
191,283,102,124,422,0,903
276,296,85,112,589,666,903
210,337,203,112,640,688,903
532,509,132,108,628,724,903
295,254,76,111,615,732,903
63,138,106,72,406,0,903
0,48,63,85,288,0,903
0,41,65,59,533,632,903
0,53,64,49,207,0,903
927,569,135,135,660,747,904
173,302,50,79,0,0,904
0,36,70,94,490,614,904
393,519,145,128,584,596,904
15,72,25,63,0,0,904
410,419,137,177,620,696,904
115,170,111,88,428,0,904
27,120,95,141,0,0,904
496,356,89,96,560,662,904
461,528,96,137,363,465,904
461,292,173,89,612,685,904
111,231,65,91,431,535,905
0,66,14,65,0,0,905
479,415,189,178,631,704,905
960,534,273,100,678,745,905
40,141,113,99,547,619,905
52,161,148,110,514,565,905
459,470,140,130,657,738,905
23,138,56,123,0,0,905
478,354,150,108,652,698,905
444,263,67,132,620,709,905
141,152,115,77,504,554,905
61,144,125,135,542,580,905
919,776,121,126,694,770,905
533,368,177,143,711,791,905
391,434,199,117,574,626,905
598,680,77,121,547,546,906
164,190,79,65,0,0,906
44,84,168,119,386,469,906
394,484,34,110,541,566,906
0,37,48,112,0,0,906
103,232,154,103,511,513,906
0,56,39,88,470,553,906
0,23,75,80,417,0,906
0,34,145,84,547,588,906
263,313,95,67,592,696,907
130,249,150,94,535,563,907
235,191,182,88,426,0,907
118,213,162,118,593,661,907
51,138,90,79,571,595,907
734,431,161,178,531,607,907
119,201,126,98,518,635,907
126,139,126,71,590,653,907
0,84,137,88,553,528,907
181,209,159,122,399,486,907
396,212,217,160,627,695,907
300,431,98,139,620,693,907
79,182,48,96,291,422,907
135,219,115,107,481,433,907
251,284,171,72,648,714,907
623,498,36,99,564,666,907
735,645,120,148,613,673,907
965,573,164,148,597,646,908
0,35,24,79,0,0,908
355,283,149,113,603,625,908
189,290,156,129,547,518,908
413,498,102,134,527,610,908
244,392,85,143,258,494,908
0,45,170,123,545,557,908
20,108,59,87,109,0,908
35,93,89,77,560,638,908
9,94,118,67,553,607,908
122,259,86,155,286,360,908
222,339,99,124,550,659,908
105,225,155,103,0,0,908
9,109,55,80,465,556,908
364,290,212,148,554,635,908
491,499,136,163,561,616,908
101,182,47,68,374,0,908
208,240,107,60,556,647,909
62,167,45,96,438,201,909
0,48,66,80,386,0,909
50,128,100,133,581,706,909
45,109,175,130,611,646,909
725,568,234,142,649,706,909
370,513,62,82,524,620,909
663,557,210,158,609,676,909
0,68,85,76,279,0,909
488,468,65,102,0,0,909
0,36,59,127,0,0,909
0,73,30,87,0,0,909
581,609,207,134,644,719,910
320,390,144,153,587,695,910
176,301,52,90,514,580,910
37,96,94,81,549,620,910
0,36,55,53,453,472,910
46,137,89,91,557,515,910
123,172,113,111,532,592,910
467,395,159,91,557,598,910
475,449,115,171,603,683,910
0,49,72,58,0,0,910
57,152,172,112,653,718,910
46,124,98,77,487,409,910
154,237,162,131,638,704,910
583,484,201,114,599,588,911
0,51,73,79,538,611,911
92,215,137,105,511,401,911
564,648,91,154,523,630,911
26,147,110,104,393,0,911
0,79,102,109,491,477,911
190,273,165,117,576,649,911
380,328,164,168,589,661,911
120,179,60,67,0,0,911
375,305,99,86,543,611,911
909,870,164,206,608,692,911
28,123,130,72,613,680,911
231,277,193,133,538,555,911
96,203,70,75,412,0,912
107,211,142,84,481,290,912
0,33,157,130,527,460,912
632,677,138,161,624,681,912
394,290,82,87,546,571,912
34,113,104,131,588,686,912
5,103,25,53,0,0,912
0,62,73,97,450,0,912
0,64,78,72,317,0,912
166,157,81,71,451,452,912
640,630,205,219,634,688,912
81,193,161,80,603,628,912
95,209,139,83,482,563,912
129,174,73,111,0,0,912
810,748,202,123,596,635,912
321,405,91,124,580,651,912
526,350,126,99,495,569,912
14,121,59,115,0,0,912
323,404,100,76,555,603,912
9,89,122,112,430,447,912
0,56,83,62,506,461,913
438,413,107,76,572,675,913
761,785,135,139,633,711,913
46,136,154,90,544,0,913
477,516,171,190,583,659,913
203,254,171,120,534,567,913
630,380,148,124,657,743,913
183,298,29,70,439,519,913
140,243,82,116,0,201,913
285,345,94,157,611,699,913
0,55,118,143,559,599,914
174,296,85,76,376,454,914
39,115,137,113,527,554,914
364,270,19,118,0,0,914
0,61,108,130,401,406,914
193,230,134,146,540,618,914
40,124,163,118,572,606,914
529,446,168,123,595,634,914
470,409,128,97,554,558,914
128,226,55,148,0,468,914
146,259,127,89,389,0,914
234,318,129,69,564,585,914
20,114,39,120,34,0,915
165,187,54,100,0,0,915
0,34,26,119,0,0,915
66,192,31,116,175,563,915
293,285,79,52,555,607,915
245,403,87,116,458,498,915
133,235,100,106,457,530,915
101,241,15,111,0,0,915
243,299,112,99,509,419,915
315,200,153,83,665,739,915
21,104,85,106,406,477,915
627,558,136,126,645,693,915
480,352,215,109,570,659,915
0,66,94,113,351,0,915
132,233,135,93,495,537,916
53,140,119,125,452,498,916
340,436,59,95,506,488,916
362,357,103,131,615,720,916
5,103,98,101,520,488,916
128,183,135,98,255,483,916
59,175,115,87,523,577,916
249,232,222,97,609,680,916
43,154,127,113,451,483,916
704,757,165,198,692,763,916
18,97,55,56,508,544,916
0,62,55,99,0,0,916
60,130,107,102,315,394,916
921,471,166,150,732,821,916
0,68,24,103,0,0,916
291,384,70,109,438,547,916
0,53,23,40,285,0,917
235,347,200,205,631,703,917
361,325,186,91,620,676,917
593,638,184,127,607,666,917
121,256,36,118,0,0,917
280,234,187,143,699,769,917
346,296,171,147,605,629,917
28,92,43,73,353,0,917
38,125,109,130,485,461,917
180,184,122,171,565,646,917
0,74,97,110,340,0,917
40,102,74,58,0,0,917
241,380,102,92,572,654,917
675,402,79,67,527,592,917
378,465,112,131,573,617,917
457,390,187,163,663,720,917
0,35,64,66,501,597,917
119,242,109,130,404,0,917
262,236,136,75,560,629,917
586,423,162,131,638,735,918
0,30,110,79,567,642,918
100,178,33,100,445,551,918
12,102,97,103,645,742,918
295,250,27,40,356,567,918
69,170,37,48,0,0,918
13,106,107,126,560,670,918
156,244,135,133,547,538,918
3,68,99,116,506,558,918
263,257,39,91,249,462,918
22,150,36,84,0,0,918
119,221,105,94,409,391,918
622,669,94,152,683,772,919
735,622,186,131,600,674,919
149,217,171,86,567,624,919
156,211,130,88,554,565,919
767,580,163,109,613,706,919
167,291,86,111,0,0,919
211,349,113,68,518,499,919
502,478,99,161,729,812,919
254,384,47,76,302,546,919
202,247,89,89,573,620,919
0,66,46,121,0,0,919
256,280,102,94,579,640,919
426,409,121,154,603,678,919
190,279,114,127,554,587,919
175,267,143,68,603,649,920
0,74,56,76,0,0,920
24,111,69,79,304,0,920
702,402,175,81,674,748,920
50,118,151,143,632,702,920
0,45,21,67,484,577,920
854,672,121,143,627,732,920
21,120,140,79,541,607,920
0,56,130,70,524,597,920
325,251,46,75,570,660,920
309,437,170,145,559,659,920
228,328,51,89,492,600,920
663,498,224,122,676,742,920
0,75,82,65,501,593,920
676,344,242,153,689,770,920
0,33,130,131,529,537,920
0,38,195,119,590,497,920
94,220,74,60,524,468,921
922,828,152,143,642,693,921
76,191,60,84,0,179,921
0,31,58,89,0,0,921
0,30,100,143,572,669,921
264,181,173,116,630,727,921
954,771,125,125,567,691,921
143,264,29,99,415,545,921
105,204,116,128,473,391,922
177,243,79,84,621,700,922
34,110,65,87,507,622,922
186,200,114,101,627,696,922
181,217,130,106,553,580,922
72,212,192,124,566,341,922
41,149,51,100,457,599,922
3,70,58,105,0,0,922
0,32,71,124,0,0,922
135,222,103,79,595,708,922
256,230,122,93,618,721,922
59,156,84,65,208,0,922
0,55,20,88,0,0,922
0,58,54,53,515,553,922
43,97,196,86,640,659,922
735,530,156,128,669,753,922
27,105,87,89,0,251,922
238,217,226,106,644,686,922
325,469,176,88,589,581,923
124,227,33,84,0,0,923
616,359,235,131,708,777,923
58,102,92,124,319,0,923
193,269,135,118,457,523,923
0,35,112,110,549,576,923
7,102,110,100,589,677,923
208,261,153,112,534,564,923
66,163,133,111,618,636,923
14,97,27,84,331,571,923
0,61,40,49,0,0,923
577,525,148,97,646,739,923
476,307,143,109,619,687,923
0,42,61,124,0,0,924
174,166,101,85,574,661,924
257,421,22,122,0,0,924
0,61,68,76,451,494,924
0,82,112,127,498,523,924
429,230,217,103,689,750,924
289,433,62,117,554,673,924
623,465,188,122,547,595,924
37,144,46,80,451,447,924
795,466,146,97,629,711,924
912,385,122,65,677,762,924
536,499,165,210,617,661,924
160,297,102,153,451,510,924
164,266,89,113,505,573,924
333,243,119,131,387,443,925
347,321,81,119,532,603,925
164,284,104,115,588,636,925
125,227,79,89,549,635,925
141,212,143,164,613,646,925
687,735,186,168,596,646,925
731,529,154,106,571,627,925
0,34,174,98,486,404,925
158,181,141,149,599,662,925
28,126,52,128,0,0,925
0,43,160,113,535,580,925
783,475,122,104,687,756,925
784,736,89,114,677,750,925
364,389,116,116,596,632,925
32,118,99,114,0,351,925
68,182,54,133,458,509,926
212,373,61,122,0,0,926
443,413,154,164,502,603,926
381,330,192,124,604,604,926
0,42,32,65,480,544,926
0,39,36,80,262,0,926
65,153,189,138,583,586,926
380,358,149,88,678,748,926
501,251,127,116,565,691,927
577,477,164,153,602,632,927
259,332,63,82,521,610,927
438,466,69,147,547,664,927
497,632,129,153,511,518,927
364,500,82,119,542,568,927
160,294,168,126,596,615,927
143,219,90,94,602,643,927
266,392,128,191,0,0,927
210,146,279,111,658,683,927
864,574,170,115,612,689,927
294,384,189,115,573,582,927
821,533,195,116,669,738,928
594,576,153,137,582,654,928
290,345,189,167,587,665,928
956,818,181,117,621,688,928
0,59,16,106,0,0,928
162,262,30,91,344,0,928
121,201,103,80,570,591,928
358,327,151,179,643,701,928
0,42,27,44,0,0,928
401,475,138,196,606,696,928
24,68,56,68,468,587,928
228,194,126,106,473,512,928
8,75,128,129,570,630,928
455,363,165,138,557,550,928
548,671,155,137,568,616,928
57,144,54,82,449,591,928
164,132,206,135,625,698,928
40,119,79,86,479,509,928
690,488,121,94,619,700,928
113,221,105,101,496,491,928
269,186,44,79,384,542,928
910,810,157,123,628,712,928
0,32,38,66,497,599,928
227,346,37,99,0,0,928
122,243,41,115,363,563,929
250,329,151,104,537,541,929
0,65,64,93,0,0,929
354,388,120,97,316,578,929
161,285,149,109,483,387,929
340,366,103,167,677,754,929
319,378,146,133,555,599,929
18,120,109,123,344,0,929
51,103,104,68,547,581,929
541,456,231,89,658,724,929
158,220,204,111,570,611,929
699,461,170,134,654,702,929
81,173,137,140,635,696,929
71,153,23,68,392,0,929
67,145,91,72,559,665,929
153,261,111,134,489,496,930
359,302,117,119,493,546,930
293,343,75,114,455,508,930
423,362,127,108,626,711,930
421,444,93,116,0,0,930
308,305,59,70,461,585,930
59,82,190,117,526,380,930
59,181,22,105,0,457,930
111,174,49,94,487,623,930
263,192,78,112,588,687,930
360,420,115,75,565,596,930
92,210,110,116,296,410,931
74,140,48,63,333,483,931
226,328,90,120,556,641,931
181,255,167,137,591,647,931
126,212,47,112,0,0,931
150,248,132,108,574,681,931
96,187,89,111,0,0,931
646,662,174,169,548,654,931
313,283,290,150,646,661,931
0,27,79,152,0,0,931
636,418,190,120,639,744,931
252,290,68,83,415,629,931
0,61,33,82,0,0,931
554,557,110,159,607,709,931
47,123,212,158,608,671,931
530,381,215,137,698,775,931
424,446,114,133,524,664,931
153,214,99,75,196,496,931
424,339,126,105,612,690,931
137,210,68,99,546,647,931
348,430,82,61,598,649,932
243,329,158,172,533,606,932
402,225,146,123,584,640,932
385,482,184,216,559,644,932
115,120,153,100,619,694,932
462,399,131,151,678,771,932
317,443,63,127,0,475,932
625,481,178,110,618,707,932
734,512,117,76,578,669,932
235,331,117,154,459,472,932
0,31,50,110,80,0,932
586,451,149,117,573,651,932
407,274,114,82,551,656,932
33,90,130,85,571,624,932
148,214,211,133,621,678,933
84,196,36,120,0,0,933
360,386,185,83,608,664,933
183,282,207,164,622,682,933
0,50,32,76,461,594,933
90,209,130,102,550,507,933
44,178,96,102,493,586,933
329,308,109,102,472,576,933
535,368,127,103,594,689,933
0,46,86,122,0,0,933
0,45,67,93,0,0,933
449,588,117,178,0,0,933
6,83,78,111,179,0,933
116,147,147,96,540,577,933
0,62,23,86,0,0,933
0,50,64,90,264,0,933
315,414,211,103,650,712,934
72,177,59,91,0,452,934
502,381,192,133,619,700,934
97,216,91,125,421,437,934
391,224,155,109,599,706,934
233,300,82,76,562,677,934
396,504,39,37,504,577,934
474,494,131,123,591,656,934
592,667,150,112,629,706,934
0,48,72,95,0,0,934
25,143,63,113,309,472,934
0,46,19,86,0,0,934
86,201,42,99,330,255,934
107,178,136,80,513,534,934
0,59,39,74,0,311,934
664,559,110,188,698,791,935
70,153,88,121,610,724,935
298,347,124,90,557,657,935
524,339,213,142,654,733,935
185,282,130,104,588,662,935
354,438,131,193,609,671,935
75,223,52,129,0,0,935
109,180,117,76,304,0,935
744,600,201,142,567,625,935
0,23,18,32,0,0,935
941,500,214,161,678,763,935
676,541,153,165,639,713,935
348,289,75,115,636,739,935
857,878,209,207,590,639,935
32,112,80,92,0,0,935
4,81,71,104,559,664,935
123,221,88,103,422,538,936
428,368,168,152,597,705,936
229,190,88,107,435,503,936
0,70,22,81,0,0,936
26,128,95,131,0,0,936
0,63,57,54,0,454,936
299,387,90,111,189,391,936
274,459,60,132,0,0,936
465,303,141,149,577,702,936
227,358,100,127,406,529,936
100,228,39,79,359,0,936
16,96,48,47,401,385,936
93,177,113,135,569,645,936
57,157,25,63,0,0,936
227,406,12,72,0,0,936
228,292,102,84,490,550,936
153,239,184,152,558,561,936
414,554,118,138,0,0,936
97,231,19,105,0,576,936
80,215,19,100,0,0,936
421,505,58,71,526,611,937
0,73,67,105,367,436,937
556,488,118,88,608,680,937
807,567,137,96,418,553,937
143,254,111,90,504,566,937
94,199,52,49,363,0,937
580,672,174,124,667,738,937
0,55,45,126,0,419,937
918,542,232,136,696,763,937
0,104,70,135,0,0,937
216,309,117,138,447,586,937
770,586,158,114,681,751,938
177,151,174,115,657,713,938
1,95,47,74,465,582,938
218,344,71,75,0,0,938
16,117,113,99,336,0,938
816,505,186,129,650,749,938
0,31,74,117,478,535,938
318,384,159,132,640,735,938
104,204,120,80,517,546,938
330,396,147,195,431,520,938
0,50,42,62,0,0,938
160,302,66,100,453,570,938
188,335,99,106,333,0,938
434,433,213,106,612,660,938
0,30,53,57,0,0,938
149,298,96,151,497,605,938
99,240,85,144,0,0,938
0,46,47,65,472,523,939
579,460,212,153,463,574,939
23,107,96,82,377,0,939
0,49,22,98,298,445,939
11,72,134,110,542,602,939
67,174,73,135,414,536,939
0,74,94,75,490,582,939
944,811,142,168,497,631,939
582,543,239,166,696,786,939
441,515,227,76,652,715,939
373,469,38,125,0,0,939
849,841,145,202,582,673,939
472,551,140,137,561,678,939
157,296,121,116,531,668,939
121,168,65,71,516,625,939
603,433,198,100,621,657,939
230,314,160,169,546,616,939
598,669,172,91,399,0,939
539,499,147,130,553,641,939
477,553,255,154,651,673,939
142,308,128,129,278,0,939
44,148,100,52,422,0,939
966,612,197,115,712,791,940
171,301,41,120,430,575,940
346,498,46,107,0,502,940
513,286,171,66,645,720,940
571,385,205,159,650,728,940
230,305,143,118,668,738,940
0,55,43,59,428,371,940
253,249,95,68,0,0,940
4,110,60,48,371,0,940
272,272,46,64,546,627,940
367,438,98,152,448,391,940
226,281,97,170,551,622,940
458,445,155,106,692,775,940
217,153,114,80,465,583,940
92,199,90,94,497,576,940
0,56,115,90,598,683,940
101,146,118,79,409,0,940
32,156,59,79,0,0,940
185,197,146,130,642,707,941
414,593,131,147,613,706,941
216,375,156,111,336,0,941
249,273,119,119,418,545,941
377,445,128,182,524,539,941
132,173,139,117,462,270,941
60,189,23,110,0,0,941
0,88,30,90,0,375,941
487,476,144,141,513,529,941
475,395,182,117,657,705,941
252,197,127,151,645,727,941
89,168,34,85,61,469,941
112,210,78,74,541,678,941
23,128,54,50,560,632,941
153,245,112,149,515,627,941
232,278,95,128,570,649,941
253,325,219,135,576,609,942
113,111,64,60,489,550,942
19,107,100,87,511,596,942
197,273,148,166,507,551,942
82,125,119,131,504,534,942
23,111,205,149,556,601,942
52,188,50,107,0,0,942
575,569,212,126,656,721,942
227,385,127,163,464,564,942
682,573,207,204,649,726,942
278,355,39,95,0,452,942
352,371,118,82,617,690,942
291,376,67,95,435,583,942
0,85,99,78,488,404,942
772,438,138,171,693,776,942
490,602,92,133,599,696,942
0,27,57,64,504,304,942
269,215,134,90,640,725,942
175,242,117,76,429,577,942
0,32,72,88,0,0,943
0,59,62,110,0,0,943
511,498,192,126,611,654,943
0,69,129,79,379,0,943
412,583,95,137,504,447,943
841,489,175,219,704,786,943
74,207,89,108,466,0,943
539,544,194,204,631,675,943
329,236,151,90,624,692,943
0,47,46,50,0,0,943
0,36,37,58,302,270,943
60,178,114,104,205,0,943
510,336,149,128,676,745,944
207,127,155,156,581,646,944
71,112,143,79,501,626,944
495,588,172,152,634,716,944
686,736,147,161,666,738,944
149,257,73,95,423,593,944
593,627,65,84,529,627,944
107,100,39,55,0,0,944
127,254,79,67,77,408,944
200,168,190,70,569,589,944
27,92,130,63,479,478,944
964,655,168,108,669,757,944
939,740,170,112,747,823,944
0,69,82,104,0,0,944
477,543,119,122,597,678,944
0,23,121,102,493,516,944
104,189,30,41,612,687,944
152,303,61,124,0,0,944
4,84,31,98,0,0,944
70,160,76,75,552,585,944
0,30,115,74,420,387,945
149,226,195,104,662,731,945
85,144,213,131,651,719,945
482,607,62,106,511,566,945
639,642,234,181,692,749,945
0,52,33,54,391,216,945
183,190,53,71,581,627,945
393,375,153,107,706,770,945
3,86,15,70,0,0,945
484,320,149,85,490,591,945
106,217,81,91,0,0,945
0,36,47,74,0,0,945
835,665,180,199,664,744,945
0,53,103,80,562,623,945
168,190,90,90,485,596,945
199,251,125,95,593,627,945
120,256,134,128,0,0,945
57,95,125,71,642,731,945
229,306,138,103,367,456,946
279,359,186,143,605,684,946
34,96,176,88,572,639,946
140,291,74,93,141,581,946
115,254,53,97,489,510,946
638,639,135,116,629,706,946
104,195,73,75,0,0,946
289,440,99,163,420,0,946
197,285,51,68,481,616,946
0,25,61,92,506,455,946
89,141,105,102,464,442,946
3,77,89,120,0,0,946
520,428,100,106,577,702,946
92,213,49,77,423,556,946
146,175,80,73,535,613,947
336,414,102,147,584,697,947
0,30,44,55,0,0,947
423,236,242,105,651,732,947
427,330,94,70,572,674,947
428,526,158,142,590,597,947
109,242,52,101,343,211,947
364,464,84,89,0,0,947
59,192,57,99,0,0,947
24,125,63,113,380,417,947
0,71,98,74,486,398,947
72,203,42,138,0,0,947
842,635,74,111,578,685,947
820,517,228,115,685,731,947
163,233,187,159,623,694,947
0,79,47,90,0,0,947
441,442,229,158,618,655,948
978,955,145,145,611,691,948
10,91,76,132,0,0,948
38,144,82,108,492,584,948
0,34,58,80,0,0,948
0,48,53,85,0,0,948
0,23,27,97,363,401,948
0,73,126,103,516,509,948
917,578,121,125,658,744,948
195,288,96,150,552,630,948
416,469,83,96,525,655,948
721,604,156,168,633,669,948
226,249,111,104,0,275,948
66,101,51,104,320,544,948
890,506,182,164,618,710,948
413,397,190,90,620,668,948
203,315,115,113,0,0,949
0,63,76,124,525,618,949
84,172,113,110,196,426,949
69,173,35,93,0,0,949
650,657,144,148,610,686,949
0,56,130,157,407,530,949
0,45,66,105,0,0,949
316,392,57,120,0,0,949
0,25,99,108,575,684,949
98,230,38,67,491,617,949
141,264,45,128,0,0,950
762,808,149,142,460,529,950
86,130,188,84,624,662,950
147,281,62,86,351,480,950
571,525,153,116,642,679,950
4,108,20,65,0,0,950
670,623,141,139,570,696,950
41,141,84,74,345,289,950
206,155,114,81,562,605,950
56,157,93,63,357,380,950
142,231,130,123,596,594,950
184,200,121,131,581,634,950
0,49,82,62,518,0,950
20,64,109,96,519,569,950
125,189,158,143,552,581,950
154,259,32,69,0,444,950
71,140,147,143,598,660,951
16,117,83,94,0,0,951
186,279,60,96,0,0,951
591,400,157,131,564,624,951
559,456,168,114,611,653,951
0,53,80,94,0,0,951
300,428,43,74,480,428,951
132,150,34,77,399,544,951
84,159,114,81,530,578,951
145,296,126,174,181,550,951
399,213,155,132,551,582,951
3,94,30,80,0,0,951
0,31,113,75,461,575,951
647,557,159,119,648,742,951
5,116,143,172,437,577,951
43,139,69,93,425,450,952
331,208,141,125,606,719,952
143,271,155,150,506,0,952
380,305,165,143,631,705,952
153,183,85,83,525,574,952
0,70,91,125,478,499,952
0,26,133,94,552,581,952
383,442,141,171,630,688,952
308,322,86,103,449,525,952
520,489,173,111,639,714,952
622,383,218,94,608,675,952
0,61,221,127,486,0,952
450,506,241,148,644,720,953
20,103,60,69,465,531,953
19,90,58,63,0,0,953
245,201,152,85,508,551,953
111,187,94,73,576,652,953
124,191,168,158,618,675,953
44,145,27,65,358,512,953
628,467,151,152,651,719,953
0,30,108,82,475,368,953
90,189,104,76,520,525,953
867,668,116,180,669,727,953
517,529,33,108,554,654,953
584,748,124,139,567,614,953
0,39,43,67,476,611,953
76,176,205,153,574,626,953
0,38,31,69,0,0,953
2,108,65,49,426,477,953
70,155,167,112,532,551,953
161,267,44,95,323,238,954
0,35,60,61,496,548,954
14,113,69,77,0,0,954
943,772,238,156,699,751,954
276,203,136,115,591,680,954
516,372,163,104,666,740,954
199,347,68,147,0,0,954
213,349,93,97,468,421,954
362,243,235,121,568,600,954
138,265,57,74,0,0,954
129,191,137,97,577,607,954
225,364,74,81,480,540,954
147,244,86,121,480,511,954
975,591,177,170,681,733,954
246,282,149,122,538,625,954
551,668,132,168,603,684,954
38,130,115,79,457,492,954
85,125,106,106,537,624,954
452,293,152,110,589,648,954
608,686,201,168,596,643,955
528,345,199,141,635,705,955
0,90,41,81,0,0,955
13,110,78,114,0,0,955
280,251,133,91,634,694,955
381,363,152,93,499,558,955
46,123,59,93,0,471,955
751,245,250,95,707,785,955
0,81,150,83,577,624,955
190,240,61,65,350,323,955
116,219,137,160,388,500,955
0,70,68,106,0,225,955
32,136,57,87,336,0,955
569,361,83,101,547,661,955
306,263,185,94,668,733,955
66,154,89,53,581,635,955
80,172,82,96,217,0,956
189,273,88,110,407,573,956
16,79,113,98,502,616,956
187,249,72,92,537,589,956
357,496,102,132,534,588,956
483,473,152,115,622,667,956
0,28,118,79,574,597,956
0,22,88,70,622,681,956
165,114,233,130,647,700,956
313,348,110,81,627,698,956
44,99,145,145,534,521,956
675,698,215,128,656,719,956
529,322,110,74,621,704,956
20,62,60,85,358,329,956
908,448,207,126,647,683,956
323,245,182,119,601,627,956
0,54,13,63,361,466,956
125,250,161,128,578,471,956
491,388,150,136,599,670,956
97,141,70,78,448,486,956
510,419,141,95,615,729,956
396,411,15,60,443,609,956
567,708,173,122,565,565,957
85,151,127,102,593,675,957
0,81,46,51,274,0,957
249,207,135,170,544,660,957
158,250,52,97,482,542,957
166,278,66,113,0,0,957
14,98,94,74,368,313,957
0,24,29,83,470,493,957
481,473,147,103,629,703,957
15,106,39,93,0,420,957
8,109,136,155,298,0,957
347,441,73,92,545,587,957
267,260,86,85,549,612,957
47,93,83,120,390,554,957
0,38,20,57,348,350,957
0,102,131,152,442,335,957
49,146,83,82,0,0,957
446,528,64,146,482,464,957
782,392,159,150,699,762,957
120,270,55,102,0,0,958
888,508,190,128,702,770,958
77,146,70,50,560,609,958
459,528,181,189,635,674,958
250,293,142,115,588,589,958
6,63,75,72,332,0,958
190,215,206,152,664,738,958
94,196,120,161,614,680,958
49,125,102,76,478,558,958
622,610,184,153,595,669,958
0,38,133,97,533,413,958
688,539,177,150,691,773,958
291,310,111,113,625,717,959
525,576,54,67,582,686,959
260,386,48,111,0,0,959
8,94,174,92,483,0,959
0,46,101,108,534,639,959
384,428,76,101,463,614,959
452,465,54,92,434,548,959
0,88,41,122,317,594,959
446,469,165,117,641,700,959
142,222,68,124,194,0,959
37,156,61,93,0,0,959
297,453,41,112,457,388,959
0,39,59,110,0,0,959
66,151,225,92,656,725,959
637,643,185,114,593,620,959
368,485,129,128,540,612,959
415,386,181,114,610,684,959
181,213,185,166,575,628,959
766,695,227,184,641,685,960
0,66,46,88,0,0,960
14,110,54,82,547,672,960
342,302,128,123,521,595,960
91,148,82,87,505,599,960
0,36,107,66,635,715,960
47,125,71,70,438,460,960
0,70,170,76,516,476,960
974,1012,142,159,626,708,960
0,41,47,104,0,546,960
175,268,55,95,419,521,961
50,180,53,138,0,0,961
188,279,100,106,405,0,961
0,25,59,110,331,496,961
539,504,179,186,636,691,961
494,247,138,108,573,678,961
279,393,47,84,0,0,961
832,399,221,167,623,684,961
708,522,160,119,633,691,961
429,332,173,131,622,690,961
284,361,65,70,530,614,961
87,211,57,66,362,0,962
13,102,93,121,491,495,962
168,256,37,115,0,334,962
334,426,123,125,510,563,962
29,64,20,72,495,593,962
715,580,135,119,685,762,962
296,347,128,125,568,597,962
703,431,207,140,619,677,962
118,122,111,110,588,636,962
504,461,226,74,670,720,962
293,249,63,156,0,529,962
0,38,102,84,580,644,962
23,83,64,103,566,679,962
0,50,42,79,384,0,962
467,416,201,113,646,734,962
83,165,63,66,0,0,962
440,435,136,74,640,700,962
553,384,157,136,524,553,962
481,347,131,85,606,708,963
413,297,162,160,688,752,963
0,21,85,73,332,0,963
209,323,107,141,405,125,963
0,49,22,76,0,0,963
167,149,121,86,510,439,963
140,176,93,73,501,511,963
930,624,136,141,661,750,963
73,213,55,117,0,0,963
24,116,145,144,494,366,963
170,183,40,46,387,460,963
50,120,139,111,613,681,963
733,652,198,189,628,688,963
167,221,85,89,515,621,963
6,92,115,136,562,645,963
343,289,114,105,546,514,964
0,91,28,61,0,385,964
112,234,37,118,0,0,964
256,211,173,92,592,629,964
335,290,48,100,398,0,964
438,378,176,124,512,576,964
294,368,89,143,595,680,964
157,266,38,100,589,691,964
505,577,140,173,547,638,964
388,455,126,125,597,656,964
82,213,59,99,0,0,964
397,203,199,108,578,650,964
110,186,73,70,458,546,964
836,686,222,171,653,722,965
156,227,78,101,587,684,965
323,488,36,124,0,0,965
530,539,114,84,624,712,965
118,172,180,77,615,672,965
62,161,116,86,559,637,965
25,156,115,93,0,0,965
427,318,222,159,634,720,965
870,673,150,143,627,719,966
28,100,95,114,410,554,966
104,240,26,86,236,0,966
853,425,265,94,668,738,966
101,199,42,72,480,521,966
0,74,88,96,304,0,966
0,28,105,88,578,641,966
429,404,147,107,583,673,966
887,413,255,138,725,805,966
301,338,112,114,486,523,966
839,683,186,118,641,728,966
0,43,95,110,397,0,966
48,119,47,64,538,589,967
359,240,117,107,601,679,967
91,187,152,117,590,657,967
134,199,89,87,0,0,967
405,385,90,73,501,591,967
271,357,135,141,495,601,967
19,51,150,74,592,632,967
241,206,94,114,529,610,967
104,210,177,132,598,678,967
164,192,38,102,382,530,967
13,106,64,49,516,595,967
228,395,25,94,122,510,967
616,569,179,135,555,602,967
82,169,22,100,417,545,967
0,66,52,67,360,554,967
778,376,202,98,677,732,967
133,146,187,87,540,501,967
270,254,107,167,502,534,967
227,219,54,103,0,0,967
709,734,136,136,498,567,967
426,435,179,154,614,693,968
72,184,92,119,429,0,968
692,515,134,109,572,639,968
0,52,135,82,523,510,968
21,80,148,92,519,301,968
387,275,157,83,671,702,968
385,292,224,128,674,729,968
59,104,148,149,536,575,968
0,54,83,75,512,545,968
0,59,119,92,0,0,968
227,261,260,90,675,734,968
252,238,83,69,539,602,968
173,257,76,94,447,517,968
525,433,213,112,626,666,968
488,538,103,112,584,670,968
0,35,111,122,504,549,968
144,201,124,103,508,512,968
259,346,100,79,525,570,969
203,360,48,119,0,140,969
418,476,243,147,683,735,969
209,302,88,117,553,615,969
684,621,218,126,608,659,969
303,453,108,146,558,649,969
153,240,119,100,434,432,969
895,858,203,166,628,675,969
159,211,104,80,431,474,969
506,381,180,86,580,619,969
286,343,109,97,0,292,969
62,149,128,99,108,0,969
141,234,105,138,584,683,969
625,634,166,207,663,726,969
953,862,142,152,681,748,970
445,524,106,153,431,536,970
57,145,62,60,496,606,970
389,314,226,119,670,732,970
260,352,168,139,598,650,970
116,157,122,120,576,691,970
434,438,195,141,650,720,970
299,191,131,87,547,595,970
251,339,195,176,596,674,970
39,136,79,107,398,0,970
205,266,181,87,505,517,970
642,413,198,124,530,634,970
334,398,250,121,618,668,970
663,509,132,92,676,761,970
9,89,39,85,0,0,970
698,503,199,111,587,701,970
126,163,149,91,500,525,970
978,430,178,132,693,779,970
0,43,24,76,0,0,970
311,311,110,85,385,0,970
45,155,31,93,473,578,970
0,31,17,58,0,0,970
184,202,215,130,627,677,970
77,154,216,104,566,606,970
917,472,175,92,681,756,970
119,126,58,48,351,448,970
275,354,248,97,623,647,970
119,159,112,115,0,0,971
331,281,164,110,637,724,971
487,330,243,151,652,677,971
0,59,60,94,0,0,971
36,91,168,126,576,661,971
158,207,94,87,508,558,971
308,333,102,91,0,0,971
15,127,70,90,0,0,971
0,50,35,80,0,0,971
533,409,140,130,561,631,971
0,49,183,91,525,0,971
808,455,226,120,652,699,971
722,652,142,189,612,670,971
0,34,14,88,0,0,971
192,190,160,105,595,657,971
41,137,96,130,406,512,971
673,676,179,158,591,659,971
906,749,179,166,666,730,971
641,556,131,126,571,655,971
4,96,80,100,351,0,972
81,194,34,105,281,341,972
318,301,186,117,443,552,972
211,263,180,103,543,589,972
203,185,219,192,575,630,972
90,189,197,135,563,631,972
76,156,37,89,0,0,972
773,381,262,166,707,783,972
204,312,105,81,0,0,972
295,370,24,129,0,0,972
523,396,196,167,605,663,972
184,254,83,102,521,588,972
214,346,196,184,536,517,972
109,182,217,134,619,697,972
858,561,243,127,656,725,972
646,385,166,132,622,705,972
0,80,100,116,372,552,972
270,381,215,196,546,492,972
102,196,87,120,525,652,972
133,210,217,175,637,671,972
208,138,103,64,316,403,972
648,516,211,223,667,729,973
491,304,109,118,617,705,973
0,60,72,63,0,0,973
160,310,82,158,339,525,973
0,30,24,58,0,0,973
126,246,127,127,450,573,973
228,220,140,114,587,630,973
609,394,172,107,639,726,973
61,111,46,74,0,0,973
0,65,111,89,397,0,973
0,1012,753,147,1023,1023,973
807,398,183,156,600,700,974
280,254,137,108,394,509,974
851,296,290,116,710,788,974
199,324,177,128,473,316,974
91,207,81,91,0,0,974
0,65,51,67,0,0,974
0,31,15,49,0,0,974
0,26,24,65,0,0,974
667,392,200,117,690,769,974
0,35,47,80,0,0,974
95,223,59,110,0,0,974
641,360,243,99,647,743,974
0,58,82,139,0,532,974
338,379,170,139,345,533,974
293,452,122,170,0,0,974
0,30,104,151,0,0,974
512,619,74,166,381,623,974
916,307,334,147,719,797,974
632,538,180,117,594,693,974
330,346,135,83,598,673,974
12,113,146,94,231,0,974
0,60,81,111,0,0,974
328,333,169,174,512,615,974
221,321,85,126,0,0,974
47,134,107,94,0,0,974
47,175,132,130,0,0,974
0,40,63,110,0,0,974
622,529,219,178,498,582,974
113,213,176,186,526,624,974
0,75,126,158,0,0,974
0,28,76,160,0,0,974
810,480,272,134,664,745,974
0,89,85,99,0,0,974
6,111,30,118,0,0,974
0,65,31,114,0,0,974
0,34,93,98,0,0,974
141,162,191,156,475,578,975
100,202,151,145,0,0,975
814,606,243,230,611,708,975
34,132,118,117,0,480,975
119,173,84,121,0,0,975
9,106,56,78,0,0,975
41,164,59,113,0,0,975
0,66,121,127,0,0,975
181,144,308,191,631,719,975
173,264,150,184,498,588,975
37,150,27,117,0,0,975
79,176,166,126,501,627,975
74,165,83,98,478,565,975
0,63,109,110,0,0,975
262,321,213,189,480,602,975
0,86,54,100,0,0,975
1,88,43,63,0,0,975
629,446,225,161,523,586,975
0,68,156,142,265,0,975
2,108,105,110,0,0,975
0,79,32,106,0,0,975
727,619,230,159,576,663,975
15,127,126,83,301,0,975
215,260,121,153,0,281,975
249,330,107,161,0,0,975
393,269,246,203,666,737,975
298,399,198,218,511,619,975
0,73,22,58,0,0,975
295,316,132,117,0,520,975
921,576,237,200,727,803,975
58,156,230,117,471,597,975
406,453,150,162,312,576,975
132,280,193,134,506,554,975
0,84,149,118,415,0,975
0,71,91,59,0,0,975
59,102,83,65,0,0,975
40,135,101,127,0,0,975
0,79,42,121,0,0,975
914,595,185,206,687,778,975
0,41,28,97,0,0,975
693,754,156,206,573,710,976
3,102,47,67,0,0,976
538,601,234,194,593,657,976
0,69,114,186,0,0,976
95,200,36,106,0,0,976
229,357,134,204,0,375,976
56,168,260,136,587,601,976
674,730,193,136,550,607,976
335,418,201,210,0,0,976
66,149,62,135,0,0,976
32,144,48,107,0,0,976
76,207,63,147,0,0,976
706,711,228,224,574,659,976
0,53,47,101,0,0,976
295,406,127,158,0,0,976
0,33,120,72,457,506,976
130,286,167,119,0,0,976
226,391,36,111,0,0,976
97,216,215,175,565,588,976
51,184,78,112,0,0,976
21,136,61,118,0,0,976
11,64,51,97,358,516,976
0,52,132,85,388,551,976
341,244,96,74,0,0,976
94,179,211,120,562,651,976
0,67,116,113,0,0,976
74,195,79,168,0,0,976
0,69,78,150,0,0,976
38,82,261,178,564,633,976
81,156,144,92,0,390,976
277,236,280,116,628,688,976
324,351,247,105,603,665,976
48,153,74,110,0,0,976
548,567,163,147,470,551,976
0,28,180,98,503,546,976
0,35,113,118,302,0,976
261,221,194,138,0,0,976
26,126,99,85,0,0,976
40,143,80,62,7,0,976
525,334,252,153,686,753,976
21,114,99,152,0,0,976
282,356,102,171,0,386,976
46,140,244,131,560,649,976
0,50,185,117,453,572,976
59,152,127,63,269,0,976
49,118,103,102,0,477,976
0,101,113,110,0,0,977
0,63,202,118,544,540,977
109,249,131,135,0,0,977
32,161,64,153,0,0,977
0,41,137,85,271,0,977
459,497,223,160,572,667,977
156,277,70,88,0,0,977
161,260,154,170,374,0,977
485,418,113,143,617,742,977
444,380,316,217,678,730,977
0,30,93,122,0,0,977
307,346,123,117,289,0,977
59,130,96,122,509,687,977
130,267,29,90,0,140,977
336,286,90,114,0,477,977
89,205,162,116,478,0,977
842,881,209,198,572,698,977
442,245,265,102,602,680,977
849,602,351,156,703,768,977
2,95,142,64,445,0,977
11,78,163,127,630,708,977
96,206,77,107,0,0,977
193,175,199,102,532,615,977
0,58,108,130,498,638,977
2,94,113,99,0,0,978
776,385,236,117,580,666,978
189,248,132,183,360,536,978
418,315,212,135,605,685,978
7,56,167,114,494,562,978
73,178,199,76,618,665,978
0,53,111,93,0,0,978
33,100,112,76,482,613,978
786,636,234,122,600,693,978
419,419,230,153,589,661,978
142,160,188,92,590,653,978
99,252,34,68,0,0,978
115,208,144,111,421,527,978
423,289,220,159,584,666,978
14,121,83,104,0,0,978
15,109,91,108,422,543,978
129,237,114,54,611,674,978
0,56,118,105,481,571,978
0,63,120,111,550,573,978
920,530,283,196,728,800,978
292,257,150,105,552,607,978
856,512,329,117,707,758,978
5,76,81,94,367,412,978
199,191,220,114,568,620,978
254,322,120,173,326,553,978
842,736,202,195,676,751,978
744,528,210,96,671,739,978
201,157,195,107,674,763,979
45,119,159,79,551,524,979
55,131,55,93,517,627,979
316,366,172,123,521,593,979
157,238,146,86,547,588,979
29,116,82,119,368,414,979
0,85,81,95,0,420,979
193,260,150,99,568,645,979
0,31,65,118,517,646,979
185,290,197,125,637,676,979
131,134,181,85,614,699,979
2,78,40,60,370,461,979
0,48,116,104,141,0,979
291,277,233,133,621,676,979
531,219,210,132,678,750,979
71,150,189,137,573,675,979
635,371,260,151,685,756,979
0,46,163,96,367,461,979
59,185,163,194,483,402,980
53,113,168,90,520,492,980
763,627,189,192,650,729,980
21,111,95,141,528,609,980
80,208,14,98,0,536,980
689,549,144,165,589,666,980
795,513,270,94,683,753,980
0,48,28,71,477,605,980
149,211,131,77,0,0,980
318,347,153,193,561,625,980
121,241,130,81,574,650,980
35,104,155,95,622,723,980
509,617,110,181,507,569,980
27,103,85,108,460,563,980
0,43,88,104,0,0,980
90,201,92,151,390,536,980
74,146,175,93,577,636,980
279,362,253,123,599,624,981
52,83,109,71,612,681,981
76,168,130,119,566,664,981
615,373,233,101,625,674,981
233,339,64,117,432,0,981
6,94,70,67,0,0,981
628,774,133,177,0,352,981
0,29,115,82,469,564,981
0,92,20,101,0,0,981
611,315,195,152,658,736,981
210,197,54,86,440,543,981
9,104,195,127,570,590,981
110,117,121,64,555,587,981
332,367,123,120,551,645,981
0,48,119,55,433,500,981
174,276,62,99,0,0,981
165,263,124,102,463,573,981
0,41,51,55,552,655,982
405,307,166,91,627,707,982
67,143,47,79,0,0,982
0,54,123,106,569,615,982
68,174,171,95,398,276,982
365,454,144,93,584,638,982
544,574,169,119,608,681,982
53,140,103,55,0,0,982
163,208,177,108,587,655,982
103,232,35,66,455,600,982
38,156,22,66,154,516,982
62,159,127,138,559,647,982
664,605,132,143,594,659,982
736,650,248,138,687,758,982
434,343,199,130,682,757,982
418,365,87,113,419,572,982
427,279,48,97,566,655,982
786,525,330,217,722,808,983
175,257,184,138,602,663,983
0,30,171,164,503,560,983
186,152,236,137,582,653,983
19,73,154,102,565,559,983
169,250,136,101,412,366,983
0,57,195,87,564,484,983
3,67,96,92,362,406,983
23,104,117,108,634,726,983
216,235,65,94,0,0,983
407,198,249,141,688,757,983
976,466,173,151,738,834,984
134,282,78,94,0,0,984
77,218,32,96,0,0,984
459,531,190,149,473,542,984
97,190,76,91,490,619,984
491,378,136,113,661,744,984
805,507,176,166,687,762,984
564,308,199,120,636,709,984
522,293,170,65,611,647,984
144,280,99,116,0,0,984
12,115,151,137,0,0,984
109,243,68,112,0,0,984
352,346,152,206,545,664,984
0,48,124,123,478,492,984
178,265,112,107,245,0,984
0,63,94,76,0,0,985
0,80,48,79,0,0,985
170,258,79,100,498,613,985
372,466,214,151,579,622,985
793,270,248,144,670,735,985
270,184,189,105,654,744,985
429,406,106,115,496,605,985
724,513,227,152,641,712,985
14,88,55,81,552,618,985
140,264,152,98,468,0,985
78,198,71,77,504,611,985
816,640,201,153,559,637,985
869,633,187,117,615,677,985
77,152,99,68,587,669,986
333,269,108,104,495,476,986
0,51,21,39,0,0,986
316,380,160,202,505,620,986
0,66,68,91,351,546,986
0,80,54,82,0,0,986
327,329,223,176,632,700,986
0,95,46,95,424,523,986
0,35,28,99,0,0,986
0,56,110,68,456,446,986
620,598,169,167,585,650,986
72,143,58,40,498,566,986
185,237,85,72,497,619,986
289,436,129,124,516,531,987
527,407,109,88,518,603,987
387,517,59,148,510,671,987
646,638,200,186,655,732,987
275,343,129,121,532,644,987
49,147,126,62,544,565,987
0,63,33,62,490,594,987
514,387,206,147,579,626,987
766,471,182,126,664,742,987
791,697,201,153,502,586,987
90,199,152,107,579,545,987
670,639,228,163,671,744,987
0,56,102,111,321,0,987
0,32,119,94,0,0,987
39,122,150,147,373,442,987
322,451,113,183,572,650,988
232,235,232,108,593,638,988
264,341,191,144,603,711,988
138,231,63,112,0,0,988
0,31,49,136,0,0,988
966,588,169,167,720,796,988
44,144,90,101,496,592,988
154,237,116,90,539,592,988
330,423,127,166,506,585,988
25,98,58,114,543,660,988
17,112,35,59,389,464,988
354,343,85,81,343,554,988
261,186,128,127,606,678,988
287,341,79,72,604,717,988
571,603,161,220,572,670,988
447,513,193,176,603,704,988
0,27,60,88,0,557,988
640,512,172,100,574,623,989
365,425,132,135,654,761,989
285,325,29,99,0,0,989
168,293,111,133,492,481,989
114,191,204,130,517,514,989
0,41,82,45,511,511,989
138,262,126,152,438,0,989
534,410,182,123,633,688,989
333,290,212,150,659,738,989
91,205,34,78,0,0,990
104,234,37,98,0,0,990
269,249,96,79,558,645,990
0,28,62,127,435,617,990
132,186,163,102,567,543,990
846,571,137,126,577,659,990
0,71,69,65,391,577,990
290,411,100,79,495,495,990
75,164,157,99,501,572,990
142,251,47,62,0,0,990
562,480,127,113,505,588,990
0,49,32,79,495,547,990
0,59,31,55,0,0,991
112,220,28,86,255,568,991
645,521,172,123,598,677,991
224,351,115,97,563,632,991
33,128,97,75,383,346,991
2,97,93,109,0,0,991
594,703,115,178,474,501,991
261,410,79,170,506,608,991
640,384,167,77,651,729,991
529,340,199,114,666,765,991
19,134,64,91,0,0,991
31,87,156,128,578,618,991
42,161,40,102,0,125,991
180,335,103,143,506,557,991
19,121,22,50,0,0,991
223,367,91,136,537,579,991
210,218,139,141,396,468,991
275,217,80,112,171,0,991
0,82,67,85,444,0,991
285,283,153,86,645,726,991
945,575,171,179,739,809,992
413,301,83,81,0,0,992
383,307,116,81,561,676,992
670,342,193,153,700,780,992
71,128,165,85,601,663,992
41,136,87,79,491,579,992
0,76,30,54,0,0,992
280,408,114,147,537,564,992
24,98,86,106,480,585,992
856,644,101,132,574,666,992
66,138,114,95,420,431,992
0,72,79,127,363,0,992
132,177,87,66,235,0,993
208,258,118,95,631,720,993
26,74,143,75,631,684,993
976,589,136,132,648,732,993
385,465,125,148,436,528,993
105,229,158,120,553,562,993
32,148,35,53,0,0,993
3,87,166,70,509,394,993
150,145,141,83,580,670,993
0,28,21,65,0,0,993
82,125,94,56,382,402,993
357,292,137,151,625,685,993
164,266,114,88,590,648,994
328,352,108,112,578,671,994
969,495,193,118,591,714,994
420,328,152,125,565,614,994
555,382,161,114,709,773,994
535,377,66,70,544,632,994
647,417,200,112,597,671,994
252,194,172,85,659,757,994
720,335,171,135,667,738,994
0,25,64,75,276,0,995
508,415,132,74,598,692,995
552,505,208,155,627,709,995
695,515,129,145,603,680,995
289,315,150,140,584,678,995
29,132,177,124,583,648,995
5,79,92,62,509,559,995
740,736,149,167,641,695,995
704,629,130,97,674,755,995
326,383,61,94,572,656,995
0,51,72,117,447,481,996
227,301,109,75,586,689,996
744,494,165,205,685,758,996
572,547,173,148,627,731,996
510,322,195,127,624,674,996
818,640,102,132,630,696,996
685,444,237,116,673,744,996
625,251,158,102,575,650,996
702,424,176,127,666,729,996
725,599,168,196,644,716,996
0,31,45,96,0,358,996
241,387,129,134,352,0,997
309,421,169,112,635,700,997
397,289,202,121,614,673,997
0,34,87,57,503,510,997
661,323,120,86,678,765,997
2,110,86,121,0,0,997
60,148,25,109,0,360,997
109,136,114,99,422,389,997
522,431,141,150,611,642,997
88,188,144,100,495,509,997
273,395,197,96,580,621,997
367,470,177,165,508,536,997
52,104,100,96,571,648,998
0,81,69,115,433,465,998
502,537,191,141,602,718,998
145,277,156,133,566,584,998
352,283,196,121,661,733,998
462,494,110,121,659,733,998
214,275,118,172,448,520,998
180,208,151,110,613,658,998
528,480,115,137,580,696,998
401,365,96,92,508,594,999
0,42,67,70,0,0,999
0,61,215,127,613,645,999
5,111,116,167,535,590,999
350,331,237,142,655,730,999
231,337,137,177,483,566,999
0,88,128,124,573,600,999
10,103,147,139,0,0,999
47,94,22,34,526,611,999
975,381,162,87,679,754,999
165,273,75,127,529,607,999
290,328,147,147,567,625,999
295,344,134,122,0,188,999
0,42,26,51,452,502,999
463,464,211,155,645,715,1000
87,176,86,62,231,328,1000
0,54,68,88,0,0,1000
256,302,97,131,0,566,1000
132,115,129,144,339,339,1000
346,459,150,131,628,667,1000
108,150,80,100,365,0,1000
750,459,168,143,605,699,1000
156,239,145,89,591,660,1000
878,758,159,147,728,816,1000
20,89,180,105,624,707,1000
0,75,39,72,0,0,1000
449,587,109,131,0,0,1001
479,466,150,130,571,584,1001
70,136,128,105,631,743,1001
479,415,137,108,593,672,1001
164,269,173,112,550,485,1001
252,341,149,117,557,617,1001
367,404,107,117,485,590,1001
86,181,109,99,341,418,1001
151,252,66,81,345,248,1001
635,413,117,91,579,665,1001
24,61,155,103,458,373,1001
68,176,92,110,457,477,1001
683,676,221,196,672,731,1001
564,653,166,174,631,709,1001
284,292,151,74,606,676,1001
470,406,156,156,548,605,1001
0,70,55,55,225,0,1001
451,383,168,100,562,614,1002
219,367,120,127,419,186,1002
0,44,123,91,615,690,1002
145,268,82,114,460,488,1002
72,100,120,83,447,584,1002
727,502,258,116,686,746,1002
244,301,72,91,500,573,1002
137,185,49,62,0,0,1002
256,399,135,132,572,624,1002
478,448,190,132,604,675,1002
44,141,136,113,0,0,1002
50,155,151,114,207,0,1002
867,768,151,87,609,659,1002
475,530,114,121,379,467,1002
34,114,178,150,575,632,1002
31,123,51,79,417,575,1003
71,141,155,117,658,728,1003
51,151,86,133,0,423,1003
0,42,84,76,444,540,1004
809,823,96,129,351,532,1004
564,671,165,226,645,738,1004
253,217,188,93,474,0,1004
660,387,137,116,700,777,1004
664,398,174,127,623,729,1004
423,531,86,136,542,630,1004
414,246,215,150,550,659,1004
12,112,50,89,234,433,1004
34,98,120,125,454,530,1004
446,392,299,121,707,768,1004
725,470,217,156,670,753,1004
309,355,174,191,616,696,1004
274,395,154,175,504,575,1004
238,207,152,106,555,590,1004
293,423,163,108,46,424,1004
932,487,224,152,646,718,1004
334,442,96,142,357,501,1004
18,105,57,111,0,0,1004
0,92,19,87,0,0,1004
76,198,79,93,526,621,1004
157,265,43,101,0,0,1004
0,49,89,127,447,540,1004
307,284,213,99,604,637,1005
0,70,72,51,187,407,1005
317,273,166,101,601,679,1005
692,687,98,115,554,628,1005
342,479,74,162,478,573,1005
166,206,92,93,535,620,1005
190,273,175,109,545,614,1005
186,293,77,96,315,460,1005
400,455,45,85,474,600,1005
125,168,93,63,374,0,1005
329,388,183,151,525,593,1005
306,235,198,158,599,642,1005
0,90,111,138,0,0,1005
18,106,88,87,447,437,1005
0,82,45,60,0,0,1005
3,105,143,111,323,0,1005
217,231,75,101,318,615,1005
48,176,107,70,0,0,1005
349,280,180,162,647,709,1005
666,744,138,171,582,639,1005
39,157,103,107,0,0,1005
193,281,39,83,334,512,1005
0,47,37,96,390,628,1005
0,97,23,102,304,0,1005
259,331,72,105,180,459,1005
200,225,65,129,0,0,1005
0,97,13,122,0,0,1006
16,90,16,69,0,484,1006
553,351,190,132,669,747,1006
517,313,131,130,547,597,1006
231,278,142,110,459,513,1006
72,167,147,151,556,612,1006
48,142,84,109,566,656,1006
394,397,40,146,583,726,1006
107,152,171,81,642,685,1006
274,365,199,122,603,649,1006
0,61,117,103,421,494,1006
569,398,162,171,599,704,1006
211,357,138,176,319,367,1006
0,62,30,83,0,309,1006
288,347,195,147,577,603,1006
42,133,83,113,0,521,1006
0,37,88,113,0,0,1006
313,203,105,95,640,721,1006
194,334,53,138,435,525,1007
114,220,130,130,630,740,1007
136,224,130,89,0,0,1007
24,129,65,115,0,0,1007
56,157,86,68,418,0,1007
266,358,57,111,501,606,1007
558,363,233,117,704,777,1007
0,37,79,137,0,0,1007
0,58,114,76,410,375,1007
300,354,128,121,495,564,1007
517,572,179,151,513,596,1007
229,248,186,107,467,0,1007
122,215,61,91,426,589,1007
15,42,127,57,465,517,1007
429,514,136,110,577,625,1007
0,66,47,108,347,491,1007
105,119,89,82,576,694,1007
868,567,111,84,717,813,1007
246,245,29,89,0,576,1008
29,80,109,92,562,620,1008
0,66,49,69,0,0,1008
165,247,121,139,548,636,1008
0,79,114,73,572,628,1008
960,470,205,158,720,788,1008
117,265,39,121,0,0,1008
56,136,48,48,162,0,1008
419,385,123,88,626,713,1008
425,459,119,168,628,714,1008
7,103,39,124,0,0,1008
0,33,104,63,443,464,1008
75,149,124,80,403,479,1008
0,90,79,112,471,476,1008
69,196,13,84,0,0,1008
721,499,131,111,646,723,1009
245,196,118,132,328,0,1009
0,28,109,146,451,582,1009
177,211,155,134,570,641,1009
782,644,197,125,626,707,1009
0,62,67,74,0,0,1009
31,111,144,95,537,523,1009
409,362,200,95,693,762,1009
437,416,138,91,440,549,1009
82,191,63,85,469,579,1009
469,272,205,77,641,719,1009
650,407,139,140,686,764,1009
0,70,66,62,0,0,1010
204,302,141,201,314,587,1010
171,256,94,60,306,321,1010
332,289,131,96,516,588,1010
765,593,253,217,672,718,1010
282,226,75,126,568,645,1010
6,63,75,48,499,558,1010
84,176,28,76,0,0,1010
218,355,57,119,467,557,1010
13,94,106,102,541,632,1010
22,150,62,128,0,0,1011
81,187,72,95,564,610,1011
61,163,183,88,498,484,1011
119,205,118,67,435,199,1011
300,310,196,137,617,674,1011
15,102,112,94,543,646,1011
0,46,119,80,401,0,1011
109,177,79,75,579,671,1011
934,492,282,109,697,760,1011
0,85,37,42,0,0,1011
101,145,172,116,494,440,1011
275,310,46,65,620,733,1011
137,210,175,74,547,483,1011
424,387,66,81,443,619,1011
0,63,103,96,0,0,1011
35,160,21,61,0,485,1011
42,143,57,122,0,0,1011
175,190,30,78,0,0,1011
312,337,124,98,558,633,1011
4,94,58,135,528,642,1012
866,657,142,107,634,722,1012
118,240,53,89,415,452,1012
18,130,31,79,256,0,1012
627,416,210,116,645,726,1012
122,217,137,110,562,635,1012
81,213,68,94,234,440,1012
138,254,29,97,0,343,1012
60,176,82,121,382,466,1012
262,300,205,131,651,714,1012
54,146,150,125,547,526,1012
0,85,40,97,574,654,1013
99,206,138,127,505,528,1013
0,67,158,125,543,350,1013
618,591,159,187,633,710,1013
588,478,145,136,591,677,1013
236,325,291,174,635,691,1013
0,52,106,84,408,435,1013
463,508,123,150,568,662,1013
27,112,144,149,426,0,1013
0,46,44,96,0,464,1013
491,513,129,225,724,800,1013
162,311,35,122,0,0,1013
167,244,162,164,613,665,1013
829,413,254,149,679,732,1013
0,88,72,81,0,0,1013
0,63,106,84,529,548,1013
112,225,162,172,632,721,1014
0,70,87,82,403,0,1014
241,367,120,108,506,610,1014
94,169,161,136,538,594,1014
10,92,134,104,603,676,1014
0,46,86,51,500,525,1015
246,347,35,122,536,654,1015
323,374,105,138,468,553,1015
641,428,181,126,665,739,1015
620,477,160,152,573,609,1015
0,95,19,99,0,0,1015
678,591,134,162,638,742,1015
22,103,119,135,431,0,1015
2,107,117,74,362,0,1015
56,142,31,57,444,0,1015
207,192,71,82,398,536,1015
112,184,81,73,588,639,1015
52,165,16,54,449,583,1015
346,356,70,89,0,0,1015
0,41,22,46,0,0,1015
0,53,69,78,447,318,1015
229,238,158,90,607,682,1015
0,35,139,110,461,0,1016
148,213,133,140,566,642,1016
0,95,54,107,504,598,1016
869,650,126,130,660,750,1016
315,409,163,100,445,418,1016
191,238,69,93,250,581,1016
0,35,78,65,269,0,1016
679,589,220,224,678,744,1016
620,375,149,121,642,707,1016
44,136,96,64,0,0,1016
417,557,154,132,551,572,1016
239,263,146,119,612,669,1016
195,264,98,143,580,633,1016
113,201,103,89,450,512,1016
64,138,88,106,350,443,1016
280,151,109,105,435,471,1016
148,150,122,93,576,659,1016
0,91,42,52,0,0,1016
105,202,157,97,488,580,1016
17,109,144,125,491,520,1016
9,104,22,71,0,371,1016
40,163,24,67,395,528,1016
10,85,39,57,421,429,1016
42,157,21,74,0,0,1017
137,226,92,72,0,0,1017
0,69,110,59,354,0,1017
213,254,161,89,653,718,1017
762,627,222,136,687,742,1017
165,305,70,104,455,533,1017
46,99,109,65,498,560,1017
0,32,31,57,133,574,1017
0,64,17,91,0,0,1017
327,281,67,74,540,643,1017
68,198,41,57,0,0,1017
721,474,158,123,622,711,1017
96,141,61,60,489,631,1018
129,236,149,150,438,494,1018
192,283,230,177,670,710,1018
166,269,82,127,457,313,1018
76,208,47,99,0,0,1018
0,89,62,72,0,0,1018
307,434,98,135,526,606,1018
123,214,74,92,482,496,1018
86,217,39,84,128,429,1018
175,253,95,101,546,543,1018
0,53,84,90,480,547,1018
0,89,162,150,415,0,1018
338,434,187,206,520,487,1019
0,35,86,63,548,629,1019
672,580,127,118,623,688,1019
101,255,18,105,0,0,1019
0,82,89,84,439,454,1019
212,329,115,137,391,505,1019
0,28,61,84,0,0,1019
237,328,164,130,516,610,1019
0,40,66,89,317,0,1019
200,286,144,132,598,643,1019
906,340,161,115,687,773,1019
211,252,48,62,181,0,1019
509,449,210,87,590,607,1019
414,417,138,129,640,701,1019
0,34,33,70,0,0,1019
372,231,149,90,602,667,1019
379,375,103,104,602,692,1019
38,121,78,72,534,615,1020
8,104,148,142,528,563,1020
492,401,143,118,593,695,1020
152,263,119,110,401,469,1020
35,132,51,74,0,0,1020
42,130,20,58,0,547,1020
0,50,119,117,474,303,1020
833,458,224,139,726,789,1020
102,161,34,71,441,598,1020
456,421,139,88,609,641,1020
200,349,92,153,0,0,1021
16,109,56,82,0,0,1021
93,173,49,105,489,567,1021
0,37,18,34,103,0,1021
0,46,45,77,0,0,1021
57,113,105,92,548,628,1021
33,122,178,120,542,625,1021
699,520,204,95,697,757,1021
154,210,52,85,0,0,1021
55,158,94,88,581,695,1021
0,41,44,79,387,268,1021
22,114,88,91,463,362,1021
20,138,80,49,187,0,1021
125,212,109,89,528,686,1021
564,654,122,203,561,663,1022
589,490,102,152,622,697,1022
553,361,135,145,422,234,1022
76,117,61,44,508,514,1022
276,367,126,101,463,544,1022
211,353,46,126,0,0,1022
302,393,122,78,606,689,1022
568,373,143,165,658,726,1022
89,196,114,90,592,621,1022
646,648,87,108,387,0,1022
388,271,116,62,559,638,1022
402,485,129,113,451,461,1022
539,414,108,99,581,614,1022
129,173,106,95,183,0,1022
961,602,167,136,681,746,1022
505,602,148,125,550,642,1022
504,331,256,96,656,714,1022
309,371,88,115,398,0,1022
0,43,97,77,0,0,1022
534,509,178,90,686,777,1023
145,260,55,93,452,533,1023
0,23,64,76,265,228,1023
227,263,183,84,601,669,1023
0,80,56,133,482,455,1023
0,61,53,113,0,0,1023
0,66,42,83,0,0,1023
93,208,25,44,0,0,1023
503,430,182,189,585,627,1023
349,299,50,74,77,414,1023
128,143,162,124,502,577,1023
230,305,142,145,603,692,1023
46,97,135,109,513,523,1023
968,333,253,141,677,757,1023
20,123,105,97,0,0,1023
748,484,157,138,514,425,1023
0,74,82,75,522,556,1023
874,794,229,173,712,787,1023
0,62,86,62,443,0,1023
20,91,151,75,566,608,1023
253,275,49,70,177,0,1023
172,227,111,80,390,443,1023
825,683,146,198,634,711,1023
41,142,126,76,526,445,1023
26,129,130,86,547,608,1023
340,229,154,100,570,649,1023
792,720,76,103,584,707,1023
524,398,187,118,609,689,1023
